timestamp,load_kwh
2024/1/1 00:00,20508
2024/1/1 01:00,20513
2024/1/1 02:00,20518
2024/1/1 03:00,20523
2024/1/1 04:00,20528
2024/1/1 05:00,20533
2024/1/1 06:00,20538
2024/1/1 07:00,20543
2024/1/1 08:00,20549
2024/1/1 09:00,20554
2024/1/1 10:00,20561
2024/1/1 11:00,20569
2024/1/1 12:00,20576
2024/1/1 13:00,20586
2024/1/1 14:00,20599
2024/1/1 15:00,20613
2024/1/1 16:00,20629
2024/1/1 17:00,20645
2024/1/1 18:00,20661
2024/1/1 19:00,20677
2024/1/1 20:00,20693
2024/1/1 21:00,20708
2024/1/1 22:00,20721
2024/1/1 23:00,20729
2024/1/2 00:00,20734
2024/1/2 01:00,20739
2024/1/2 02:00,20744
2024/1/2 03:00,20749
2024/1/2 04:00,20754
2024/1/2 05:00,20758
2024/1/2 06:00,20763
2024/1/2 07:00,20770
2024/1/2 08:00,20781
2024/1/2 09:00,20795
2024/1/2 10:00,20814
2024/1/2 11:00,20833
2024/1/2 12:00,20853
2024/1/2 13:00,20873
2024/1/2 14:00,20893
2024/1/2 15:00,20914
2024/1/2 16:00,20936
2024/1/2 17:00,20958
2024/1/2 18:00,20979
2024/1/2 19:00,20999
2024/1/2 20:00,21022
2024/1/2 21:00,21044
2024/1/2 22:00,21063
2024/1/2 23:00,21071
2024/1/3 00:00,21076
2024/1/3 01:00,21081
2024/1/3 02:00,21086
2024/1/3 03:00,21091
2024/1/3 04:00,21096
2024/1/3 05:00,21101
2024/1/3 06:00,21106
2024/1/3 07:00,21112
2024/1/3 08:00,21123
2024/1/3 09:00,21138
2024/1/3 10:00,21156
2024/1/3 11:00,21173
2024/1/3 12:00,21190
2024/1/3 13:00,21208
2024/1/3 14:00,21225
2024/1/3 15:00,21245
2024/1/3 16:00,21264
2024/1/3 17:00,21286
2024/1/3 18:00,21308
2024/1/3 19:00,21329
2024/1/3 20:00,21350
2024/1/3 21:00,21370
2024/1/3 22:00,21390
2024/1/3 23:00,21399
2024/1/4 00:00,21404
2024/1/4 01:00,21409
2024/1/4 02:00,21414
2024/1/4 03:00,21419
2024/1/4 04:00,21424
2024/1/4 05:00,21429
2024/1/4 06:00,21434
2024/1/4 07:00,21441
2024/1/4 08:00,21450
2024/1/4 09:00,21463
2024/1/4 10:00,21481
2024/1/4 11:00,21499
2024/1/4 12:00,21518
2024/1/4 13:00,21535
2024/1/4 14:00,21552
2024/1/4 15:00,21570
2024/1/4 16:00,21589
2024/1/4 17:00,21610
2024/1/4 18:00,21630
2024/1/4 19:00,21651
2024/1/4 20:00,21672
2024/1/4 21:00,21692
2024/1/4 22:00,21709
2024/1/4 23:00,21717
2024/1/5 00:00,21723
2024/1/5 01:00,21728
2024/1/5 02:00,21733
2024/1/5 03:00,21739
2024/1/5 04:00,21744
2024/1/5 05:00,21749
2024/1/5 06:00,21755
2024/1/5 07:00,21761
2024/1/5 08:00,21769
2024/1/5 09:00,21781
2024/1/5 10:00,21793
2024/1/5 11:00,21807
2024/1/5 12:00,21822
2024/1/5 13:00,21835
2024/1/5 14:00,21850
2024/1/5 15:00,21866
2024/1/5 16:00,21884
2024/1/5 17:00,21903
2024/1/5 18:00,21922
2024/1/5 19:00,21940
2024/1/5 20:00,21959
2024/1/5 21:00,21978
2024/1/5 22:00,21994
2024/1/5 23:00,22003
2024/1/6 00:00,22008
2024/1/6 01:00,22014
2024/1/6 02:00,22019
2024/1/6 03:00,22024
2024/1/6 04:00,22029
2024/1/6 05:00,22034
2024/1/6 06:00,22039
2024/1/6 07:00,22044
2024/1/6 08:00,22050
2024/1/6 09:00,22056
2024/1/6 10:00,22065
2024/1/6 11:00,22075
2024/1/6 12:00,22085
2024/1/6 13:00,22095
2024/1/6 14:00,22107
2024/1/6 15:00,22120
2024/1/6 16:00,22136
2024/1/6 17:00,22152
2024/1/6 18:00,22169
2024/1/6 19:00,22187
2024/1/6 20:00,22205
2024/1/6 21:00,22224
2024/1/6 22:00,22241
2024/1/6 23:00,22251
2024/1/7 00:00,22257
2024/1/7 01:00,22262
2024/1/7 02:00,22268
2024/1/7 03:00,22273
2024/1/7 04:00,22279
2024/1/7 05:00,22284
2024/1/7 06:00,22289
2024/1/7 07:00,22295
2024/1/7 08:00,22301
2024/1/7 09:00,22307
2024/1/7 10:00,22314
2024/1/7 11:00,22324
2024/1/7 12:00,22333
2024/1/7 13:00,22343
2024/1/7 14:00,22353
2024/1/7 15:00,22366
2024/1/7 16:00,22382
2024/1/7 17:00,22399
2024/1/7 18:00,22416
2024/1/7 19:00,22433
2024/1/7 20:00,22450
2024/1/7 21:00,22467
2024/1/7 22:00,22482
2024/1/7 23:00,22490
2024/1/8 00:00,22496
2024/1/8 01:00,22502
2024/1/8 02:00,22507
2024/1/8 03:00,22513
2024/1/8 04:00,22519
2024/1/8 05:00,22525
2024/1/8 06:00,22530
2024/1/8 07:00,22538
2024/1/8 08:00,22546
2024/1/8 09:00,22559
2024/1/8 10:00,22578
2024/1/8 11:00,22596
2024/1/8 12:00,22614
2024/1/8 13:00,22630
2024/1/8 14:00,22650
2024/1/8 15:00,22673
2024/1/8 16:00,22696
2024/1/8 17:00,22719
2024/1/8 18:00,22739
2024/1/8 19:00,22755
2024/1/8 20:00,22770
2024/1/8 21:00,22785
2024/1/8 22:00,22800
2024/1/8 23:00,22807
2024/1/9 00:00,22812
2024/1/9 01:00,22818
2024/1/9 02:00,22823
2024/1/9 03:00,22828
2024/1/9 04:00,22833
2024/1/9 05:00,22839
2024/1/9 06:00,22844
2024/1/9 07:00,22849
2024/1/9 08:00,22856
2024/1/9 09:00,22869
2024/1/9 10:00,22885
2024/1/9 11:00,22902
2024/1/9 12:00,22917
2024/1/9 13:00,22930
2024/1/9 14:00,22946
2024/1/9 15:00,22961
2024/1/9 16:00,22976
2024/1/9 17:00,22993
2024/1/9 18:00,23011
2024/1/9 19:00,23025
2024/1/9 20:00,23040
2024/1/9 21:00,23054
2024/1/9 22:00,23068
2024/1/9 23:00,23075
2024/1/10 00:00,23080
2024/1/10 01:00,23085
2024/1/10 02:00,23090
2024/1/10 03:00,23096
2024/1/10 04:00,23101
2024/1/10 05:00,23106
2024/1/10 06:00,23111
2024/1/10 07:00,23117
2024/1/10 08:00,23126
2024/1/10 09:00,23139
2024/1/10 10:00,23151
2024/1/10 11:00,23166
2024/1/10 12:00,23183
2024/1/10 13:00,23197
2024/1/10 14:00,23211
2024/1/10 15:00,23229
2024/1/10 16:00,23250
2024/1/10 17:00,23269
2024/1/10 18:00,23287
2024/1/10 19:00,23303
2024/1/10 20:00,23321
2024/1/10 21:00,23339
2024/1/10 22:00,23354
2024/1/10 23:00,23362
2024/1/11 00:00,23367
2024/1/11 01:00,23372
2024/1/11 02:00,23377
2024/1/11 03:00,23382
2024/1/11 04:00,23387
2024/1/11 05:00,23392
2024/1/11 06:00,23397
2024/1/11 07:00,23403
2024/1/11 08:00,23411
2024/1/11 09:00,23424
2024/1/11 10:00,23441
2024/1/11 11:00,23457
2024/1/11 12:00,23472
2024/1/11 13:00,23485
2024/1/11 14:00,23500
2024/1/11 15:00,23517
2024/1/11 16:00,23535
2024/1/11 17:00,23552
2024/1/11 18:00,23569
2024/1/11 19:00,23584
2024/1/11 20:00,23600
2024/1/11 21:00,23613
2024/1/11 22:00,23626
2024/1/11 23:00,23635
2024/1/12 00:00,23640
2024/1/12 01:00,23645
2024/1/12 02:00,23650
2024/1/12 03:00,23655
2024/1/12 04:00,23660
2024/1/12 05:00,23665
2024/1/12 06:00,23671
2024/1/12 07:00,23676
2024/1/12 08:00,23683
2024/1/12 09:00,23693
2024/1/12 10:00,23705
2024/1/12 11:00,23718
2024/1/12 12:00,23731
2024/1/12 13:00,23743
2024/1/12 14:00,23756
2024/1/12 15:00,23771
2024/1/12 16:00,23787
2024/1/12 17:00,23804
2024/1/12 18:00,23821
2024/1/12 19:00,23834
2024/1/12 20:00,23848
2024/1/12 21:00,23859
2024/1/12 22:00,23869
2024/1/12 23:00,23875
2024/1/13 00:00,23880
2024/1/13 01:00,23885
2024/1/13 02:00,23890
2024/1/13 03:00,23895
2024/1/13 04:00,23900
2024/1/13 05:00,23905
2024/1/13 06:00,23910
2024/1/13 07:00,23916
2024/1/13 08:00,23923
2024/1/13 09:00,23931
2024/1/13 10:00,23939
2024/1/13 11:00,23947
2024/1/13 12:00,23956
2024/1/13 13:00,23965
2024/1/13 14:00,23974
2024/1/13 15:00,23984
2024/1/13 16:00,23995
2024/1/13 17:00,24008
2024/1/13 18:00,24020
2024/1/13 19:00,24033
2024/1/13 20:00,24047
2024/1/13 21:00,24061
2024/1/13 22:00,24072
2024/1/13 23:00,24077
2024/1/14 00:00,24082
2024/1/14 01:00,24087
2024/1/14 02:00,24092
2024/1/14 03:00,24097
2024/1/14 04:00,24102
2024/1/14 05:00,24107
2024/1/14 06:00,24112
2024/1/14 07:00,24117
2024/1/14 08:00,24123
2024/1/14 09:00,24128
2024/1/14 10:00,24134
2024/1/14 11:00,24140
2024/1/14 12:00,24148
2024/1/14 13:00,24155
2024/1/14 14:00,24164
2024/1/14 15:00,24175
2024/1/14 16:00,24186
2024/1/14 17:00,24198
2024/1/14 18:00,24212
2024/1/14 19:00,24226
2024/1/14 20:00,24242
2024/1/14 21:00,24257
2024/1/14 22:00,24271
2024/1/14 23:00,24277
2024/1/15 00:00,24283
2024/1/15 01:00,24288
2024/1/15 02:00,24293
2024/1/15 03:00,24298
2024/1/15 04:00,24303
2024/1/15 05:00,24308
2024/1/15 06:00,24313
2024/1/15 07:00,24319
2024/1/15 08:00,24327
2024/1/15 09:00,24339
2024/1/15 10:00,24354
2024/1/15 11:00,24373
2024/1/15 12:00,24392
2024/1/15 13:00,24410
2024/1/15 14:00,24429
2024/1/15 15:00,24451
2024/1/15 16:00,24474
2024/1/15 17:00,24494
2024/1/15 18:00,24514
2024/1/15 19:00,24530
2024/1/15 20:00,24546
2024/1/15 21:00,24561
2024/1/15 22:00,24574
2024/1/15 23:00,24581
2024/1/16 00:00,24586
2024/1/16 01:00,24591
2024/1/16 02:00,24597
2024/1/16 03:00,24602
2024/1/16 04:00,24607
2024/1/16 05:00,24612
2024/1/16 06:00,24617
2024/1/16 07:00,24622
2024/1/16 08:00,24629
2024/1/16 09:00,24640
2024/1/16 10:00,24656
2024/1/16 11:00,24673
2024/1/16 12:00,24691
2024/1/16 13:00,24709
2024/1/16 14:00,24728
2024/1/16 15:00,24751
2024/1/16 16:00,24774
2024/1/16 17:00,24796
2024/1/16 18:00,24818
2024/1/16 19:00,24837
2024/1/16 20:00,24855
2024/1/16 21:00,24872
2024/1/16 22:00,24886
2024/1/16 23:00,24893
2024/1/17 00:00,24898
2024/1/17 01:00,24903
2024/1/17 02:00,24909
2024/1/17 03:00,24914
2024/1/17 04:00,24919
2024/1/17 05:00,24924
2024/1/17 06:00,24929
2024/1/17 07:00,24935
2024/1/17 08:00,24941
2024/1/17 09:00,24950
2024/1/17 10:00,24961
2024/1/17 11:00,24976
2024/1/17 12:00,24993
2024/1/17 13:00,25010
2024/1/17 14:00,25027
2024/1/17 15:00,25044
2024/1/17 16:00,25062
2024/1/17 17:00,25079
2024/1/17 18:00,25094
2024/1/17 19:00,25106
2024/1/17 20:00,25120
2024/1/17 21:00,25133
2024/1/17 22:00,25144
2024/1/17 23:00,25151
2024/1/18 00:00,25156
2024/1/18 01:00,25162
2024/1/18 02:00,25167
2024/1/18 03:00,25172
2024/1/18 04:00,25177
2024/1/18 05:00,25182
2024/1/18 06:00,25187
2024/1/18 07:00,25193
2024/1/18 08:00,25199
2024/1/18 09:00,25208
2024/1/18 10:00,25217
2024/1/18 11:00,25226
2024/1/18 12:00,25236
2024/1/18 13:00,25247
2024/1/18 14:00,25257
2024/1/18 15:00,25269
2024/1/18 16:00,25282
2024/1/18 17:00,25297
2024/1/18 18:00,25310
2024/1/18 19:00,25321
2024/1/18 20:00,25332
2024/1/18 21:00,25343
2024/1/18 22:00,25353
2024/1/18 23:00,25360
2024/1/19 00:00,25365
2024/1/19 01:00,25370
2024/1/19 02:00,25375
2024/1/19 03:00,25381
2024/1/19 04:00,25386
2024/1/19 05:00,25391
2024/1/19 06:00,25397
2024/1/19 07:00,25402
2024/1/19 08:00,25409
2024/1/19 09:00,25421
2024/1/19 10:00,25434
2024/1/19 11:00,25449
2024/1/19 12:00,25461
2024/1/19 13:00,25472
2024/1/19 14:00,25484
2024/1/19 15:00,25498
2024/1/19 16:00,25511
2024/1/19 17:00,25522
2024/1/19 18:00,25533
2024/1/19 19:00,25543
2024/1/19 20:00,25552
2024/1/19 21:00,25562
2024/1/19 22:00,25571
2024/1/19 23:00,25576
2024/1/20 00:00,25582
2024/1/20 01:00,25587
2024/1/20 02:00,25592
2024/1/20 03:00,25597
2024/1/20 04:00,25602
2024/1/20 05:00,25607
2024/1/20 06:00,25612
2024/1/20 07:00,25617
2024/1/20 08:00,25622
2024/1/20 09:00,25630
2024/1/20 10:00,25638
2024/1/20 11:00,25643
2024/1/20 12:00,25648
2024/1/20 13:00,25653
2024/1/20 14:00,25660
2024/1/20 15:00,25669
2024/1/20 16:00,25678
2024/1/20 17:00,25686
2024/1/20 18:00,25692
2024/1/20 19:00,25697
2024/1/20 20:00,25703
2024/1/20 21:00,25709
2024/1/20 22:00,25714
2024/1/20 23:00,25719
2024/1/21 00:00,25724
2024/1/21 01:00,25729
2024/1/21 02:00,25734
2024/1/21 03:00,25739
2024/1/21 04:00,25744
2024/1/21 05:00,25749
2024/1/21 06:00,25754
2024/1/21 07:00,25760
2024/1/21 08:00,25765
2024/1/21 09:00,25773
2024/1/21 10:00,25780
2024/1/21 11:00,25787
2024/1/21 12:00,25792
2024/1/21 13:00,25797
2024/1/21 14:00,25803
2024/1/21 15:00,25811
2024/1/21 16:00,25819
2024/1/21 17:00,25826
2024/1/21 18:00,25832
2024/1/21 19:00,25838
2024/1/21 20:00,25843
2024/1/21 21:00,25848
2024/1/21 22:00,25853
2024/1/21 23:00,25859
2024/1/22 00:00,25864
2024/1/22 01:00,25869
2024/1/22 02:00,25875
2024/1/22 03:00,25880
2024/1/22 04:00,25886
2024/1/22 05:00,25891
2024/1/22 06:00,25896
2024/1/22 07:00,25901
2024/1/22 08:00,25907
2024/1/22 09:00,25912
2024/1/22 10:00,25917
2024/1/22 11:00,25922
2024/1/22 12:00,25927
2024/1/22 13:00,25931
2024/1/22 14:00,25936
2024/1/22 15:00,25941
2024/1/22 16:00,25947
2024/1/22 17:00,25952
2024/1/22 18:00,25957
2024/1/22 19:00,25963
2024/1/22 20:00,25973
2024/1/22 21:00,25978
2024/1/22 22:00,25983
2024/1/22 23:00,25988
2024/1/23 00:00,25993
2024/1/23 01:00,25999
2024/1/23 02:00,26004
2024/1/23 03:00,26009
2024/1/23 04:00,26014
2024/1/23 05:00,26019
2024/1/23 06:00,26024
2024/1/23 07:00,26029
2024/1/23 08:00,26035
2024/1/23 09:00,26040
2024/1/23 10:00,26045
2024/1/23 11:00,26050
2024/1/23 12:00,26055
2024/1/23 13:00,26060
2024/1/23 14:00,26066
2024/1/23 15:00,26071
2024/1/23 16:00,26077
2024/1/23 17:00,26082
2024/1/23 18:00,26087
2024/1/23 19:00,26092
2024/1/23 20:00,26097
2024/1/23 21:00,26103
2024/1/23 22:00,26108
2024/1/23 23:00,26113
2024/1/24 00:00,26119
2024/1/24 01:00,26124
2024/1/24 02:00,26129
2024/1/24 03:00,26134
2024/1/24 04:00,26140
2024/1/24 05:00,26145
2024/1/24 06:00,26150
2024/1/24 07:00,26156
2024/1/24 08:00,26161
2024/1/24 09:00,26166
2024/1/24 10:00,26172
2024/1/24 11:00,26178
2024/1/24 12:00,26184
2024/1/24 13:00,26190
2024/1/24 14:00,26195
2024/1/24 15:00,26201
2024/1/24 16:00,26207
2024/1/24 17:00,26214
2024/1/24 18:00,26219
2024/1/24 19:00,26224
2024/1/24 20:00,26229
2024/1/24 21:00,26234
2024/1/24 22:00,26239
2024/1/24 23:00,26244
2024/1/25 00:00,26250
2024/1/25 01:00,26255
2024/1/25 02:00,26260
2024/1/25 03:00,26265
2024/1/25 04:00,26270
2024/1/25 05:00,26275
2024/1/25 06:00,26280
2024/1/25 07:00,26285
2024/1/25 08:00,26290
2024/1/25 09:00,26296
2024/1/25 10:00,26302
2024/1/25 11:00,26306
2024/1/25 12:00,26309
2024/1/25 13:00,26313
2024/1/25 14:00,26316
2024/1/25 15:00,26320
2024/1/25 16:00,26323
2024/1/25 17:00,26327
2024/1/25 18:00,26330
2024/1/25 19:00,26333
2024/1/25 20:00,26336
2024/1/25 21:00,26339
2024/1/25 22:00,26342
2024/1/25 23:00,26345
2024/1/26 00:00,26347
2024/1/26 01:00,26350
2024/1/26 02:00,26353
2024/1/26 03:00,26356
2024/1/26 04:00,26359
2024/1/26 05:00,26361
2024/1/26 06:00,26364
2024/1/26 07:00,26367
2024/1/26 08:00,26370
2024/1/26 09:00,26373
2024/1/26 10:00,26376
2024/1/26 11:00,26380
2024/1/26 12:00,26383
2024/1/26 13:00,26386
2024/1/26 14:00,26390
2024/1/26 15:00,26394
2024/1/26 16:00,26397
2024/1/26 17:00,26401
2024/1/26 18:00,26404
2024/1/26 19:00,26407
2024/1/26 20:00,26410
2024/1/26 21:00,26413
2024/1/26 22:00,26416
2024/1/26 23:00,26418
2024/1/27 00:00,26421
2024/1/27 01:00,26424
2024/1/27 02:00,26427
2024/1/27 03:00,26429
2024/1/27 04:00,26432
2024/1/27 05:00,26435
2024/1/27 06:00,26438
2024/1/27 07:00,26440
2024/1/27 08:00,26443
2024/1/27 09:00,26446
2024/1/27 10:00,26450
2024/1/27 11:00,26453
2024/1/27 12:00,26456
2024/1/27 13:00,26459
2024/1/27 14:00,26462
2024/1/27 15:00,26465
2024/1/27 16:00,26468
2024/1/27 17:00,26471
2024/1/27 18:00,26474
2024/1/27 19:00,26477
2024/1/27 20:00,26480
2024/1/27 21:00,26483
2024/1/27 22:00,26485
2024/1/27 23:00,26488
2024/1/28 00:00,26491
2024/1/28 01:00,26494
2024/1/28 02:00,26497
2024/1/28 03:00,26500
2024/1/28 04:00,26502
2024/1/28 05:00,26505
2024/1/28 06:00,26508
2024/1/28 07:00,26511
2024/1/28 08:00,26513
2024/1/28 09:00,26517
2024/1/28 10:00,26520
2024/1/28 11:00,26524
2024/1/28 12:00,26528
2024/1/28 13:00,26531
2024/1/28 14:00,26535
2024/1/28 15:00,26538
2024/1/28 16:00,26542
2024/1/28 17:00,26546
2024/1/28 18:00,26549
2024/1/28 19:00,26553
2024/1/28 20:00,26556
2024/1/28 21:00,26559
2024/1/28 22:00,26563
2024/1/28 23:00,26566
2024/1/29 00:00,26569
2024/1/29 01:00,26573
2024/1/29 02:00,26576
2024/1/29 03:00,26579
2024/1/29 04:00,26583
2024/1/29 05:00,26586
2024/1/29 06:00,26589
2024/1/29 07:00,26592
2024/1/29 08:00,26596
2024/1/29 09:00,26600
2024/1/29 10:00,26605
2024/1/29 11:00,26608
2024/1/29 12:00,26611
2024/1/29 13:00,26614
2024/1/29 14:00,26617
2024/1/29 15:00,26619
2024/1/29 16:00,26622
2024/1/29 17:00,26625
2024/1/29 18:00,26627
2024/1/29 19:00,26630
2024/1/29 20:00,26633
2024/1/29 21:00,26636
2024/1/29 22:00,26639
2024/1/29 23:00,26642
2024/1/30 00:00,26645
2024/1/30 01:00,26648
2024/1/30 02:00,26651
2024/1/30 03:00,26654
2024/1/30 04:00,26657
2024/1/30 05:00,26659
2024/1/30 06:00,26662
2024/1/30 07:00,26665
2024/1/30 08:00,26668
2024/1/30 09:00,26671
2024/1/30 10:00,26674
2024/1/30 11:00,26676
2024/1/30 12:00,26679
2024/1/30 13:00,26682
2024/1/30 14:00,26684
2024/1/30 15:00,26687
2024/1/30 16:00,26690
2024/1/30 17:00,26692
2024/1/30 18:00,26695
2024/1/30 19:00,26698
2024/1/30 20:00,26701
2024/1/30 21:00,26704
2024/1/30 22:00,26707
2024/1/30 23:00,26710
2024/1/31 00:00,26713
2024/1/31 01:00,26716
2024/1/31 02:00,26719
2024/1/31 03:00,26721
2024/1/31 04:00,26724
2024/1/31 05:00,26727
2024/1/31 06:00,26730
2024/1/31 07:00,26733
2024/1/31 08:00,26736
2024/1/31 09:00,26740
2024/1/31 10:00,26744
2024/1/31 11:00,26749
2024/1/31 12:00,26753
2024/1/31 13:00,26757
2024/1/31 14:00,26761
2024/1/31 15:00,26768
2024/1/31 16:00,26772
2024/1/31 17:00,26775
2024/1/31 18:00,26779
2024/1/31 19:00,26782
2024/1/31 20:00,26785
2024/1/31 21:00,26788
2024/1/31 22:00,26791
2024/1/31 23:00,26794
2024/2/1 00:00,26797
2024/2/1 01:00,26800
2024/2/1 02:00,26803
2024/2/1 03:00,26806
2024/2/1 04:00,26809
2024/2/1 05:00,26811
2024/2/1 06:00,26814
2024/2/1 07:00,26817
2024/2/1 08:00,26820
2024/2/1 09:00,26824
2024/2/1 10:00,26827
2024/2/1 11:00,26831
2024/2/1 12:00,26835
2024/2/1 13:00,26838
2024/2/1 14:00,26842
2024/2/1 15:00,26846
2024/2/1 16:00,26849
2024/2/1 17:00,26852
2024/2/1 18:00,26855
2024/2/1 19:00,26858
2024/2/1 20:00,26860
2024/2/1 21:00,26863
2024/2/1 22:00,26866
2024/2/1 23:00,26869
2024/2/2 00:00,26872
2024/2/2 01:00,26875
2024/2/2 02:00,26878
2024/2/2 03:00,26881
2024/2/2 04:00,26884
2024/2/2 05:00,26886
2024/2/2 06:00,26889
2024/2/2 07:00,26892
2024/2/2 08:00,26895
2024/2/2 09:00,26898
2024/2/2 10:00,26901
2024/2/2 11:00,26904
2024/2/2 12:00,26906
2024/2/2 13:00,26909
2024/2/2 14:00,26912
2024/2/2 15:00,26915
2024/2/2 16:00,26918
2024/2/2 17:00,26920
2024/2/2 18:00,26923
2024/2/2 19:00,26926
2024/2/2 20:00,26929
2024/2/2 21:00,26932
2024/2/2 22:00,26935
2024/2/2 23:00,26938
2024/2/3 00:00,26941
2024/2/3 01:00,26944
2024/2/3 02:00,26947
2024/2/3 03:00,26949
2024/2/3 04:00,26952
2024/2/3 05:00,26955
2024/2/3 06:00,26958
2024/2/3 07:00,26961
2024/2/3 08:00,26964
2024/2/3 09:00,26966
2024/2/3 10:00,26969
2024/2/3 11:00,26972
2024/2/3 12:00,26975
2024/2/3 13:00,26977
2024/2/3 14:00,26980
2024/2/3 15:00,26983
2024/2/3 16:00,26986
2024/2/3 17:00,26989
2024/2/3 18:00,26992
2024/2/3 19:00,26995
2024/2/3 20:00,26998
2024/2/3 21:00,27001
2024/2/3 22:00,27003
2024/2/3 23:00,27006
2024/2/4 00:00,27009
2024/2/4 01:00,27012
2024/2/4 02:00,27015
2024/2/4 03:00,27018
2024/2/4 04:00,27021
2024/2/4 05:00,27024
2024/2/4 06:00,27027
2024/2/4 07:00,27029
2024/2/4 08:00,27032
2024/2/4 09:00,27035
2024/2/4 10:00,27038
2024/2/4 11:00,27041
2024/2/4 12:00,27044
2024/2/4 13:00,27046
2024/2/4 14:00,27049
2024/2/4 15:00,27052
2024/2/4 16:00,27055
2024/2/4 17:00,27057
2024/2/4 18:00,27060
2024/2/4 19:00,27063
2024/2/4 20:00,27066
2024/2/4 21:00,27069
2024/2/4 22:00,27072
2024/2/4 23:00,27075
2024/2/5 00:00,27078
2024/2/5 01:00,27081
2024/2/5 02:00,27084
2024/2/5 03:00,27087
2024/2/5 04:00,27089
2024/2/5 05:00,27092
2024/2/5 06:00,27095
2024/2/5 07:00,27098
2024/2/5 08:00,27101
2024/2/5 09:00,27104
2024/2/5 10:00,27106
2024/2/5 11:00,27109
2024/2/5 12:00,27112
2024/2/5 13:00,27115
2024/2/5 14:00,27117
2024/2/5 15:00,27120
2024/2/5 16:00,27123
2024/2/5 17:00,27126
2024/2/5 18:00,27128
2024/2/5 19:00,27131
2024/2/5 20:00,27134
2024/2/5 21:00,27137
2024/2/5 22:00,27140
2024/2/5 23:00,27143
2024/2/6 00:00,27146
2024/2/6 01:00,27148
2024/2/6 02:00,27151
2024/2/6 03:00,27154
2024/2/6 04:00,27157
2024/2/6 05:00,27160
2024/2/6 06:00,27162
2024/2/6 07:00,27165
2024/2/6 08:00,27168
2024/2/6 09:00,27171
2024/2/6 10:00,27173
2024/2/6 11:00,27176
2024/2/6 12:00,27179
2024/2/6 13:00,27181
2024/2/6 14:00,27184
2024/2/6 15:00,27186
2024/2/6 16:00,27189
2024/2/6 17:00,27192
2024/2/6 18:00,27195
2024/2/6 19:00,27197
2024/2/6 20:00,27200
2024/2/6 21:00,27203
2024/2/6 22:00,27206
2024/2/6 23:00,27209
2024/2/7 00:00,27212
2024/2/7 01:00,27215
2024/2/7 02:00,27218
2024/2/7 03:00,27221
2024/2/7 04:00,27224
2024/2/7 05:00,27226
2024/2/7 06:00,27229
2024/2/7 07:00,27232
2024/2/7 08:00,27235
2024/2/7 09:00,27237
2024/2/7 10:00,27240
2024/2/7 11:00,27243
2024/2/7 12:00,27245
2024/2/7 13:00,27248
2024/2/7 14:00,27250
2024/2/7 15:00,27253
2024/2/7 16:00,27256
2024/2/7 17:00,27258
2024/2/7 18:00,27261
2024/2/7 19:00,27264
2024/2/7 20:00,27267
2024/2/7 21:00,27270
2024/2/7 22:00,27273
2024/2/7 23:00,27276
2024/2/8 00:00,27278
2024/2/8 01:00,27281
2024/2/8 02:00,27284
2024/2/8 03:00,27287
2024/2/8 04:00,27289
2024/2/8 05:00,27292
2024/2/8 06:00,27295
2024/2/8 07:00,27298
2024/2/8 08:00,27300
2024/2/8 09:00,27303
2024/2/8 10:00,27306
2024/2/8 11:00,27309
2024/2/8 12:00,27311
2024/2/8 13:00,27314
2024/2/8 14:00,27316
2024/2/8 15:00,27319
2024/2/8 16:00,27322
2024/2/8 17:00,27324
2024/2/8 18:00,27327
2024/2/8 19:00,27330
2024/2/8 20:00,27333
2024/2/8 21:00,27336
2024/2/8 22:00,27339
2024/2/8 23:00,27342
2024/2/9 00:00,27345
2024/2/9 01:00,27347
2024/2/9 02:00,27350
2024/2/9 03:00,27353
2024/2/9 04:00,27356
2024/2/9 05:00,27358
2024/2/9 06:00,27361
2024/2/9 07:00,27364
2024/2/9 08:00,27367
2024/2/9 09:00,27369
2024/2/9 10:00,27372
2024/2/9 11:00,27375
2024/2/9 12:00,27377
2024/2/9 13:00,27380
2024/2/9 14:00,27382
2024/2/9 15:00,27385
2024/2/9 16:00,27388
2024/2/9 17:00,27391
2024/2/9 18:00,27393
2024/2/9 19:00,27396
2024/2/9 20:00,27400
2024/2/9 21:00,27403
2024/2/9 22:00,27407
2024/2/9 23:00,27412
2024/2/10 00:00,27416
2024/2/10 01:00,27421
2024/2/10 02:00,27424
2024/2/10 03:00,27426
2024/2/10 04:00,27429
2024/2/10 05:00,27432
2024/2/10 06:00,27435
2024/2/10 07:00,27438
2024/2/10 08:00,27440
2024/2/10 09:00,27443
2024/2/10 10:00,27446
2024/2/10 11:00,27449
2024/2/10 12:00,27452
2024/2/10 13:00,27454
2024/2/10 14:00,27457
2024/2/10 15:00,27459
2024/2/10 16:00,27462
2024/2/10 17:00,27465
2024/2/10 18:00,27468
2024/2/10 19:00,27470
2024/2/10 20:00,27473
2024/2/10 21:00,27477
2024/2/10 22:00,27480
2024/2/10 23:00,27483
2024/2/11 00:00,27486
2024/2/11 01:00,27489
2024/2/11 02:00,27492
2024/2/11 03:00,27495
2024/2/11 04:00,27498
2024/2/11 05:00,27500
2024/2/11 06:00,27503
2024/2/11 07:00,27506
2024/2/11 08:00,27509
2024/2/11 09:00,27512
2024/2/11 10:00,27514
2024/2/11 11:00,27517
2024/2/11 12:00,27520
2024/2/11 13:00,27522
2024/2/11 14:00,27525
2024/2/11 15:00,27528
2024/2/11 16:00,27530
2024/2/11 17:00,27533
2024/2/11 18:00,27536
2024/2/11 19:00,27539
2024/2/11 20:00,27542
2024/2/11 21:00,27545
2024/2/11 22:00,27548
2024/2/11 23:00,27551
2024/2/12 00:00,27554
2024/2/12 01:00,27557
2024/2/12 02:00,27559
2024/2/12 03:00,27562
2024/2/12 04:00,27565
2024/2/12 05:00,27568
2024/2/12 06:00,27571
2024/2/12 07:00,27573
2024/2/12 08:00,27576
2024/2/12 09:00,27579
2024/2/12 10:00,27581
2024/2/12 11:00,27584
2024/2/12 12:00,27587
2024/2/12 13:00,27589
2024/2/12 14:00,27592
2024/2/12 15:00,27594
2024/2/12 16:00,27597
2024/2/12 17:00,27600
2024/2/12 18:00,27603
2024/2/12 19:00,27605
2024/2/12 20:00,27609
2024/2/12 21:00,27612
2024/2/12 22:00,27615
2024/2/12 23:00,27618
2024/2/13 00:00,27621
2024/2/13 01:00,27624
2024/2/13 02:00,27627
2024/2/13 03:00,27629
2024/2/13 04:00,27632
2024/2/13 05:00,27635
2024/2/13 06:00,27638
2024/2/13 07:00,27641
2024/2/13 08:00,27643
2024/2/13 09:00,27646
2024/2/13 10:00,27649
2024/2/13 11:00,27651
2024/2/13 12:00,27654
2024/2/13 13:00,27657
2024/2/13 14:00,27660
2024/2/13 15:00,27662
2024/2/13 16:00,27665
2024/2/13 17:00,27668
2024/2/13 18:00,27671
2024/2/13 19:00,27674
2024/2/13 20:00,27677
2024/2/13 21:00,27680
2024/2/13 22:00,27683
2024/2/13 23:00,27686
2024/2/14 00:00,27688
2024/2/14 01:00,27691
2024/2/14 02:00,27693
2024/2/14 03:00,27696
2024/2/14 04:00,27698
2024/2/14 05:00,27700
2024/2/14 06:00,27703
2024/2/14 07:00,27705
2024/2/14 08:00,27708
2024/2/14 09:00,27710
2024/2/14 10:00,27712
2024/2/14 11:00,27715
2024/2/14 12:00,27717
2024/2/14 13:00,27719
2024/2/14 14:00,27721
2024/2/14 15:00,27724
2024/2/14 16:00,27726
2024/2/14 17:00,27729
2024/2/14 18:00,27731
2024/2/14 19:00,27734
2024/2/14 20:00,27737
2024/2/14 21:00,27740
2024/2/14 22:00,27742
2024/2/14 23:00,27745
2024/2/15 00:00,27747
2024/2/15 01:00,27750
2024/2/15 02:00,27752
2024/2/15 03:00,27754
2024/2/15 04:00,27756
2024/2/15 05:00,27759
2024/2/15 06:00,27761
2024/2/15 07:00,27763
2024/2/15 08:00,27766
2024/2/15 09:00,27768
2024/2/15 10:00,27770
2024/2/15 11:00,27772
2024/2/15 12:00,27774
2024/2/15 13:00,27777
2024/2/15 14:00,27779
2024/2/15 15:00,27781
2024/2/15 16:00,27783
2024/2/15 17:00,27785
2024/2/15 18:00,27788
2024/2/15 19:00,27790
2024/2/15 20:00,27793
2024/2/15 21:00,27796
2024/2/15 22:00,27798
2024/2/15 23:00,27801
2024/2/16 00:00,27803
2024/2/16 01:00,27805
2024/2/16 02:00,27808
2024/2/16 03:00,27810
2024/2/16 04:00,27812
2024/2/16 05:00,27815
2024/2/16 06:00,27817
2024/2/16 07:00,27820
2024/2/16 08:00,27822
2024/2/16 09:00,27824
2024/2/16 10:00,27826
2024/2/16 11:00,27828
2024/2/16 12:00,27830
2024/2/16 13:00,27833
2024/2/16 14:00,27835
2024/2/16 15:00,27837
2024/2/16 16:00,27839
2024/2/16 17:00,27842
2024/2/16 18:00,27844
2024/2/16 19:00,27846
2024/2/16 20:00,27849
2024/2/16 21:00,27852
2024/2/16 22:00,27855
2024/2/16 23:00,27857
2024/2/17 00:00,27859
2024/2/17 01:00,27862
2024/2/17 02:00,27864
2024/2/17 03:00,27866
2024/2/17 04:00,27869
2024/2/17 05:00,27871
2024/2/17 06:00,27873
2024/2/17 07:00,27875
2024/2/17 08:00,27878
2024/2/17 09:00,27880
2024/2/17 10:00,27883
2024/2/17 11:00,27885
2024/2/17 12:00,27887
2024/2/17 13:00,27889
2024/2/17 14:00,27891
2024/2/17 15:00,27893
2024/2/17 16:00,27895
2024/2/17 17:00,27898
2024/2/17 18:00,27901
2024/2/17 19:00,27903
2024/2/17 20:00,27906
2024/2/17 21:00,27908
2024/2/17 22:00,27911
2024/2/17 23:00,27913
2024/2/18 00:00,27916
2024/2/18 01:00,27918
2024/2/18 02:00,27921
2024/2/18 03:00,27923
2024/2/18 04:00,27925
2024/2/18 05:00,27928
2024/2/18 06:00,27930
2024/2/18 07:00,27932
2024/2/18 08:00,27935
2024/2/18 09:00,27936
2024/2/18 10:00,27938
2024/2/18 11:00,27941
2024/2/18 12:00,27945
2024/2/18 13:00,27949
2024/2/18 14:00,27954
2024/2/18 15:00,27958
2024/2/18 16:00,27963
2024/2/18 17:00,27967
2024/2/18 18:00,27971
2024/2/18 19:00,27974
2024/2/18 20:00,27977
2024/2/18 21:00,27980
2024/2/18 22:00,27983
2024/2/18 23:00,27986
2024/2/19 00:00,27988
2024/2/19 01:00,27991
2024/2/19 02:00,27994
2024/2/19 03:00,27997
2024/2/19 04:00,28000
2024/2/19 05:00,28002
2024/2/19 06:00,28005
2024/2/19 07:00,28008
2024/2/19 08:00,28010
2024/2/19 09:00,28013
2024/2/19 10:00,28017
2024/2/19 11:00,28022
2024/2/19 12:00,28027
2024/2/19 13:00,28032
2024/2/19 14:00,28037
2024/2/19 15:00,28042
2024/2/19 16:00,28048
2024/2/19 17:00,28054
2024/2/19 18:00,28058
2024/2/19 19:00,28063
2024/2/19 20:00,28066
2024/2/19 21:00,28070
2024/2/19 22:00,28073
2024/2/19 23:00,28077
2024/2/20 00:00,28080
2024/2/20 01:00,28083
2024/2/20 02:00,28086
2024/2/20 03:00,28089
2024/2/20 04:00,28092
2024/2/20 05:00,28095
2024/2/20 06:00,28098
2024/2/20 07:00,28101
2024/2/20 08:00,28105
2024/2/20 09:00,28108
2024/2/20 10:00,28113
2024/2/20 11:00,28118
2024/2/20 12:00,28124
2024/2/20 13:00,28129
2024/2/20 14:00,28135
2024/2/20 15:00,28142
2024/2/20 16:00,28152
2024/2/20 17:00,28161
2024/2/20 18:00,28169
2024/2/20 19:00,28175
2024/2/20 20:00,28180
2024/2/20 21:00,28184
2024/2/20 22:00,28188
2024/2/20 23:00,28191
2024/2/21 00:00,28194
2024/2/21 01:00,28197
2024/2/21 02:00,28200
2024/2/21 03:00,28203
2024/2/21 04:00,28206
2024/2/21 05:00,28209
2024/2/21 06:00,28211
2024/2/21 07:00,28214
2024/2/21 08:00,28217
2024/2/21 09:00,28220
2024/2/21 10:00,28226
2024/2/21 11:00,28237
2024/2/21 12:00,28247
2024/2/21 13:00,28253
2024/2/21 14:00,28258
2024/2/21 15:00,28267
2024/2/21 16:00,28277
2024/2/21 17:00,28287
2024/2/21 18:00,28297
2024/2/21 19:00,28303
2024/2/21 20:00,28308
2024/2/21 21:00,28315
2024/2/21 22:00,28321
2024/2/21 23:00,28326
2024/2/22 00:00,28332
2024/2/22 01:00,28337
2024/2/22 02:00,28343
2024/2/22 03:00,28348
2024/2/22 04:00,28353
2024/2/22 05:00,28359
2024/2/22 06:00,28364
2024/2/22 07:00,28370
2024/2/22 08:00,28375
2024/2/22 09:00,28383
2024/2/22 10:00,28393
2024/2/22 11:00,28404
2024/2/22 12:00,28412
2024/2/22 13:00,28418
2024/2/22 14:00,28423
2024/2/22 15:00,28433
2024/2/22 16:00,28445
2024/2/22 17:00,28456
2024/2/22 18:00,28466
2024/2/22 19:00,28472
2024/2/22 20:00,28478
2024/2/22 21:00,28483
2024/2/22 22:00,28489
2024/2/22 23:00,28495
2024/2/23 00:00,28501
2024/2/23 01:00,28507
2024/2/23 02:00,28513
2024/2/23 03:00,28518
2024/2/23 04:00,28524
2024/2/23 05:00,28530
2024/2/23 06:00,28536
2024/2/23 07:00,28541
2024/2/23 08:00,28547
2024/2/23 09:00,28556
2024/2/23 10:00,28566
2024/2/23 11:00,28578
2024/2/23 12:00,28589
2024/2/23 13:00,28596
2024/2/23 14:00,28605
2024/2/23 15:00,28616
2024/2/23 16:00,28627
2024/2/23 17:00,28636
2024/2/23 18:00,28642
2024/2/23 19:00,28648
2024/2/23 20:00,28654
2024/2/23 21:00,28660
2024/2/23 22:00,28666
2024/2/23 23:00,28672
2024/2/24 00:00,28678
2024/2/24 01:00,28684
2024/2/24 02:00,28690
2024/2/24 03:00,28695
2024/2/24 04:00,28701
2024/2/24 05:00,28707
2024/2/24 06:00,28713
2024/2/24 07:00,28718
2024/2/24 08:00,28724
2024/2/24 09:00,28730
2024/2/24 10:00,28736
2024/2/24 11:00,28741
2024/2/24 12:00,28747
2024/2/24 13:00,28753
2024/2/24 14:00,28759
2024/2/24 15:00,28765
2024/2/24 16:00,28770
2024/2/24 17:00,28775
2024/2/24 18:00,28781
2024/2/24 19:00,28787
2024/2/24 20:00,28793
2024/2/24 21:00,28800
2024/2/24 22:00,28807
2024/2/24 23:00,28814
2024/2/25 00:00,28821
2024/2/25 01:00,28826
2024/2/25 02:00,28832
2024/2/25 03:00,28838
2024/2/25 04:00,28843
2024/2/25 05:00,28849
2024/2/25 06:00,28855
2024/2/25 07:00,28860
2024/2/25 08:00,28866
2024/2/25 09:00,28871
2024/2/25 10:00,28877
2024/2/25 11:00,28882
2024/2/25 12:00,28887
2024/2/25 13:00,28892
2024/2/25 14:00,28898
2024/2/25 15:00,28906
2024/2/25 16:00,28912
2024/2/25 17:00,28917
2024/2/25 18:00,28923
2024/2/25 19:00,28929
2024/2/25 20:00,28934
2024/2/25 21:00,28940
2024/2/25 22:00,28946
2024/2/25 23:00,28952
2024/2/26 00:00,28958
2024/2/26 01:00,28964
2024/2/26 02:00,28969
2024/2/26 03:00,28975
2024/2/26 04:00,28980
2024/2/26 05:00,28986
2024/2/26 06:00,28992
2024/2/26 07:00,28999
2024/2/26 08:00,29012
2024/2/26 09:00,29030
2024/2/26 10:00,29049
2024/2/26 11:00,29073
2024/2/26 12:00,29095
2024/2/26 13:00,29109
2024/2/26 14:00,29122
2024/2/26 15:00,29138
2024/2/26 16:00,29155
2024/2/26 17:00,29172
2024/2/26 18:00,29187
2024/2/26 19:00,29198
2024/2/26 20:00,29210
2024/2/26 21:00,29221
2024/2/26 22:00,29232
2024/2/26 23:00,29239
2024/2/27 00:00,29244
2024/2/27 01:00,29250
2024/2/27 02:00,29255
2024/2/27 03:00,29261
2024/2/27 04:00,29266
2024/2/27 05:00,29272
2024/2/27 06:00,29278
2024/2/27 07:00,29286
2024/2/27 08:00,29298
2024/2/27 09:00,29317
2024/2/27 10:00,29338
2024/2/27 11:00,29357
2024/2/27 12:00,29371
2024/2/27 13:00,29381
2024/2/27 14:00,29393
2024/2/27 15:00,29413
2024/2/27 16:00,29434
2024/2/27 17:00,29455
2024/2/27 18:00,29475
2024/2/27 19:00,29490
2024/2/27 20:00,
2024/2/27 21:00,
2024/2/27 22:00,
2024/2/27 23:00,
2024/2/28 00:00,
2024/2/28 01:00,
2024/2/28 02:00,
2024/2/28 03:00,
2024/2/28 04:00,
2024/2/28 05:00,
2024/2/28 06:00,
2024/2/28 07:00,
2024/2/28 08:00,
2024/2/28 09:00,
2024/2/28 10:00,
2024/2/28 11:00,
2024/2/28 12:00,29679
2024/2/28 13:00,29691
2024/2/28 14:00,29703
2024/2/28 15:00,29720
2024/2/28 16:00,29737
2024/2/28 17:00,29755
2024/2/28 18:00,29773
2024/2/28 19:00,29789
2024/2/28 20:00,29806
2024/2/28 21:00,29823
2024/2/28 22:00,29837
2024/2/28 23:00,29845
2024/2/29 00:00,29851
2024/2/29 01:00,29857
2024/2/29 02:00,29862
2024/2/29 03:00,29868
2024/2/29 04:00,29874
2024/2/29 05:00,29880
2024/2/29 06:00,29885
2024/2/29 07:00,29892
2024/2/29 08:00,29904
2024/2/29 09:00,29920
2024/2/29 10:00,29940
2024/2/29 11:00,29962
2024/2/29 12:00,29984
2024/2/29 13:00,29997
2024/2/29 14:00,30010
2024/2/29 15:00,30032
2024/2/29 16:00,30052
2024/2/29 17:00,30074
2024/2/29 18:00,30095
2024/2/29 19:00,30112
2024/2/29 20:00,30131
2024/2/29 21:00,30150
2024/2/29 22:00,30165
2024/2/29 23:00,30172
2024/3/1 00:00,30178
2024/3/1 01:00,30183
2024/3/1 02:00,30189
2024/3/1 03:00,30194
2024/3/1 04:00,30200
2024/3/1 05:00,30205
2024/3/1 06:00,30211
2024/3/1 07:00,30217
2024/3/1 08:00,30231
2024/3/1 09:00,30247
2024/3/1 10:00,30264
2024/3/1 11:00,30282
2024/3/1 12:00,30304
2024/3/1 13:00,30317
2024/3/1 14:00,30332
2024/3/1 15:00,30350
2024/3/1 16:00,30368
2024/3/1 17:00,30386
2024/3/1 18:00,30404
2024/3/1 19:00,30421
2024/3/1 20:00,30439
2024/3/1 21:00,30454
2024/3/1 22:00,30467
2024/3/1 23:00,30474
2024/3/2 00:00,30479
2024/3/2 01:00,30485
2024/3/2 02:00,30490
2024/3/2 03:00,30496
2024/3/2 04:00,30501
2024/3/2 05:00,30507
2024/3/2 06:00,30513
2024/3/2 07:00,30519
2024/3/2 08:00,30526
2024/3/2 09:00,30535
2024/3/2 10:00,30544
2024/3/2 11:00,30555
2024/3/2 12:00,30564
2024/3/2 13:00,30573
2024/3/2 14:00,30583
2024/3/2 15:00,30596
2024/3/2 16:00,30610
2024/3/2 17:00,30626
2024/3/2 18:00,30640
2024/3/2 19:00,30654
2024/3/2 20:00,30668
2024/3/2 21:00,30682
2024/3/2 22:00,30692
2024/3/2 23:00,30699
2024/3/3 00:00,30704
2024/3/3 01:00,30710
2024/3/3 02:00,30715
2024/3/3 03:00,30721
2024/3/3 04:00,30727
2024/3/3 05:00,30732
2024/3/3 06:00,30738
2024/3/3 07:00,30744
2024/3/3 08:00,30751
2024/3/3 09:00,30759
2024/3/3 10:00,30768
2024/3/3 11:00,30777
2024/3/3 12:00,30786
2024/3/3 13:00,30795
2024/3/3 14:00,30805
2024/3/3 15:00,30818
2024/3/3 16:00,30834
2024/3/3 17:00,30849
2024/3/3 18:00,30863
2024/3/3 19:00,30876
2024/3/3 20:00,30891
2024/3/3 21:00,30906
2024/3/3 22:00,30919
2024/3/3 23:00,30926
2024/3/4 00:00,30932
2024/3/4 01:00,30937
2024/3/4 02:00,30943
2024/3/4 03:00,30948
2024/3/4 04:00,30954
2024/3/4 05:00,30959
2024/3/4 06:00,30965
2024/3/4 07:00,30973
2024/3/4 08:00,30987
2024/3/4 09:00,31003
2024/3/4 10:00,31022
2024/3/4 11:00,31047
2024/3/4 12:00,31071
2024/3/4 13:00,31085
2024/3/4 14:00,31100
2024/3/4 15:00,31124
2024/3/4 16:00,31147
2024/3/4 17:00,31169
2024/3/4 18:00,31190
2024/3/4 19:00,31209
2024/3/4 20:00,31229
2024/3/4 21:00,31249
2024/3/4 22:00,31268
2024/3/4 23:00,31276
2024/3/5 00:00,31281
2024/3/5 01:00,31287
2024/3/5 02:00,31292
2024/3/5 03:00,31298
2024/3/5 04:00,31303
2024/3/5 05:00,31309
2024/3/5 06:00,31314
2024/3/5 07:00,31322
2024/3/5 08:00,31336
2024/3/5 09:00,31355
2024/3/5 10:00,31377
2024/3/5 11:00,31397
2024/3/5 12:00,31417
2024/3/5 13:00,31431
2024/3/5 14:00,31451
2024/3/5 15:00,
2024/3/5 16:00,31503
2024/3/5 17:00,31528
2024/3/5 18:00,31555
2024/3/5 19:00,31575
2024/3/5 20:00,31597
2024/3/5 21:00,31618
2024/3/5 22:00,31636
2024/3/5 23:00,31644
2024/3/6 00:00,31650
2024/3/6 01:00,31655
2024/3/6 02:00,31661
2024/3/6 03:00,31667
2024/3/6 04:00,31672
2024/3/6 05:00,31678
2024/3/6 06:00,31684
2024/3/6 07:00,31690
2024/3/6 08:00,31704
2024/3/6 09:00,31722
2024/3/6 10:00,31743
2024/3/6 11:00,31768
2024/3/6 12:00,31792
2024/3/6 13:00,31808
2024/3/6 14:00,31827
2024/3/6 15:00,31848
2024/3/6 16:00,31870
2024/3/6 17:00,31892
2024/3/6 18:00,31914
2024/3/6 19:00,31932
2024/3/6 20:00,31953
2024/3/6 21:00,31975
2024/3/6 22:00,31995
2024/3/6 23:00,32004
2024/3/7 00:00,32010
2024/3/7 01:00,32016
2024/3/7 02:00,32022
2024/3/7 03:00,32027
2024/3/7 04:00,32033
2024/3/7 05:00,32038
2024/3/7 06:00,32044
2024/3/7 07:00,32050
2024/3/7 08:00,32061
2024/3/7 09:00,32076
2024/3/7 10:00,32094
2024/3/7 11:00,32116
2024/3/7 12:00,32138
2024/3/7 13:00,32156
2024/3/7 14:00,32175
2024/3/7 15:00,32201
2024/3/7 16:00,32226
2024/3/7 17:00,32251
2024/3/7 18:00,32276
2024/3/7 19:00,32296
2024/3/7 20:00,32318
2024/3/7 21:00,32342
2024/3/7 22:00,32363
2024/3/7 23:00,32373
2024/3/8 00:00,32379
2024/3/8 01:00,32385
2024/3/8 02:00,32390
2024/3/8 03:00,32396
2024/3/8 04:00,32401
2024/3/8 05:00,32407
2024/3/8 06:00,32412
2024/3/8 07:00,32419
2024/3/8 08:00,32431
2024/3/8 09:00,32446
2024/3/8 10:00,32463
2024/3/8 11:00,32485
2024/3/8 12:00,32504
2024/3/8 13:00,32521
2024/3/8 14:00,32541
2024/3/8 15:00,32563
2024/3/8 16:00,32584
2024/3/8 17:00,32607
2024/3/8 18:00,32628
2024/3/8 19:00,32647
2024/3/8 20:00,32669
2024/3/8 21:00,32689
2024/3/8 22:00,32705
2024/3/8 23:00,32714
2024/3/9 00:00,32720
2024/3/9 01:00,32726
2024/3/9 02:00,32732
2024/3/9 03:00,32738
2024/3/9 04:00,32745
2024/3/9 05:00,32751
2024/3/9 06:00,32757
2024/3/9 07:00,32763
2024/3/9 08:00,32769
2024/3/9 09:00,32777
2024/3/9 10:00,32788
2024/3/9 11:00,32800
2024/3/9 12:00,32813
2024/3/9 13:00,32827
2024/3/9 14:00,32841
2024/3/9 15:00,32857
2024/3/9 16:00,32872
2024/3/9 17:00,32888
2024/3/9 18:00,32905
2024/3/9 19:00,32922
2024/3/9 20:00,32940
2024/3/9 21:00,32958
2024/3/9 22:00,32973
2024/3/9 23:00,32982
2024/3/10 00:00,32987
2024/3/10 01:00,32993
2024/3/10 02:00,32999
2024/3/10 03:00,33004
2024/3/10 04:00,33010
2024/3/10 05:00,33015
2024/3/10 06:00,33021
2024/3/10 07:00,33027
2024/3/10 08:00,33033
2024/3/10 09:00,33040
2024/3/10 10:00,33049
2024/3/10 11:00,33062
2024/3/10 12:00,33075
2024/3/10 13:00,33088
2024/3/10 14:00,33105
2024/3/10 15:00,33125
2024/3/10 16:00,33145
2024/3/10 17:00,33163
2024/3/10 18:00,33181
2024/3/10 19:00,33199
2024/3/10 20:00,33217
2024/3/10 21:00,33234
2024/3/10 22:00,33248
2024/3/10 23:00,33255
2024/3/11 00:00,33261
2024/3/11 01:00,33266
2024/3/11 02:00,33272
2024/3/11 03:00,33277
2024/3/11 04:00,33283
2024/3/11 05:00,33288
2024/3/11 06:00,33294
2024/3/11 07:00,33301
2024/3/11 08:00,33313
2024/3/11 09:00,33327
2024/3/11 10:00,33343
2024/3/11 11:00,33366
2024/3/11 12:00,33389
2024/3/11 13:00,33405
2024/3/11 14:00,33419
2024/3/11 15:00,33443
2024/3/11 16:00,33466
2024/3/11 17:00,33489
2024/3/11 18:00,33511
2024/3/11 19:00,33530
2024/3/11 20:00,33551
2024/3/11 21:00,33573
2024/3/11 22:00,33592
2024/3/11 23:00,33601
2024/3/12 00:00,33606
2024/3/12 01:00,33612
2024/3/12 02:00,33618
2024/3/12 03:00,33623
2024/3/12 04:00,33629
2024/3/12 05:00,33634
2024/3/12 06:00,33640
2024/3/12 07:00,33646
2024/3/12 08:00,33658
2024/3/12 09:00,33677
2024/3/12 10:00,33696
2024/3/12 11:00,33718
2024/3/12 12:00,33740
2024/3/12 13:00,33758
2024/3/12 14:00,33778
2024/3/12 15:00,33805
2024/3/12 16:00,33831
2024/3/12 17:00,33856
2024/3/12 18:00,33880
2024/3/12 19:00,33901
2024/3/12 20:00,33923
2024/3/12 21:00,33947
2024/3/12 22:00,33967
2024/3/12 23:00,33975
2024/3/13 00:00,33982
2024/3/13 01:00,33988
2024/3/13 02:00,33995
2024/3/13 03:00,34001
2024/3/13 04:00,34007
2024/3/13 05:00,34013
2024/3/13 06:00,34019
2024/3/13 07:00,34025
2024/3/13 08:00,34037
2024/3/13 09:00,34055
2024/3/13 10:00,34076
2024/3/13 11:00,34101
2024/3/13 12:00,34126
2024/3/13 13:00,34143
2024/3/13 14:00,34162
2024/3/13 15:00,34183
2024/3/13 16:00,34206
2024/3/13 17:00,34229
2024/3/13 18:00,34252
2024/3/13 19:00,34272
2024/3/13 20:00,34295
2024/3/13 21:00,34317
2024/3/13 22:00,34337
2024/3/13 23:00,34347
2024/3/14 00:00,34353
2024/3/14 01:00,34359
2024/3/14 02:00,34365
2024/3/14 03:00,34371
2024/3/14 04:00,34377
2024/3/14 05:00,34383
2024/3/14 06:00,34389
2024/3/14 07:00,34396
2024/3/14 08:00,34407
2024/3/14 09:00,34421
2024/3/14 10:00,34438
2024/3/14 11:00,34458
2024/3/14 12:00,34477
2024/3/14 13:00,34491
2024/3/14 14:00,34510
2024/3/14 15:00,34535
2024/3/14 16:00,34559
2024/3/14 17:00,34583
2024/3/14 18:00,34606
2024/3/14 19:00,34625
2024/3/14 20:00,34648
2024/3/14 21:00,34670
2024/3/14 22:00,34688
2024/3/14 23:00,34696
2024/3/15 00:00,34702
2024/3/15 01:00,34708
2024/3/15 02:00,34714
2024/3/15 03:00,34720
2024/3/15 04:00,34725
2024/3/15 05:00,34731
2024/3/15 06:00,34737
2024/3/15 07:00,34743
2024/3/15 08:00,34755
2024/3/15 09:00,34771
2024/3/15 10:00,34789
2024/3/15 11:00,34809
2024/3/15 12:00,34827
2024/3/15 13:00,34842
2024/3/15 14:00,34858
2024/3/15 15:00,34878
2024/3/15 16:00,34899
2024/3/15 17:00,34921
2024/3/15 18:00,34941
2024/3/15 19:00,34958
2024/3/15 20:00,34977
2024/3/15 21:00,34994
2024/3/15 22:00,35009
2024/3/15 23:00,35017
2024/3/16 00:00,35023
2024/3/16 01:00,35029
2024/3/16 02:00,35035
2024/3/16 03:00,35040
2024/3/16 04:00,35046
2024/3/16 05:00,35052
2024/3/16 06:00,35057
2024/3/16 07:00,35063
2024/3/16 08:00,35069
2024/3/16 09:00,35077
2024/3/16 10:00,35086
2024/3/16 11:00,35097
2024/3/16 12:00,35109
2024/3/16 13:00,35121
2024/3/16 14:00,35136
2024/3/16 15:00,35152
2024/3/16 16:00,35169
2024/3/16 17:00,35185
2024/3/16 18:00,35201
2024/3/16 19:00,35217
2024/3/16 20:00,35233
2024/3/16 21:00,35250
2024/3/16 22:00,35264
2024/3/16 23:00,35272
2024/3/17 00:00,35278
2024/3/17 01:00,35283
2024/3/17 02:00,35289
2024/3/17 03:00,35295
2024/3/17 04:00,35301
2024/3/17 05:00,35306
2024/3/17 06:00,35312
2024/3/17 07:00,35318
2024/3/17 08:00,35324
2024/3/17 09:00,35331
2024/3/17 10:00,35340
2024/3/17 11:00,35350
2024/3/17 12:00,35360
2024/3/17 13:00,35371
2024/3/17 14:00,35386
2024/3/17 15:00,35404
2024/3/17 16:00,35424
2024/3/17 17:00,35442
2024/3/17 18:00,35459
2024/3/17 19:00,35476
2024/3/17 20:00,35494
2024/3/17 21:00,35510
2024/3/17 22:00,35525
2024/3/17 23:00,35533
2024/3/18 00:00,35540
2024/3/18 01:00,35546
2024/3/18 02:00,35551
2024/3/18 03:00,35558
2024/3/18 04:00,35564
2024/3/18 05:00,35569
2024/3/18 06:00,35575
2024/3/18 07:00,35584
2024/3/18 08:00,35596
2024/3/18 09:00,35614
2024/3/18 10:00,35634
2024/3/18 11:00,35658
2024/3/18 12:00,35683
2024/3/18 13:00,35701
2024/3/18 14:00,35719
2024/3/18 15:00,35745
2024/3/18 16:00,35770
2024/3/18 17:00,35792
2024/3/18 18:00,35814
2024/3/18 19:00,35833
2024/3/18 20:00,35856
2024/3/18 21:00,35879
2024/3/18 22:00,35899
2024/3/18 23:00,35912
2024/3/19 00:00,35918
2024/3/19 01:00,35923
2024/3/19 02:00,35929
2024/3/19 03:00,35935
2024/3/19 04:00,35940
2024/3/19 05:00,35946
2024/3/19 06:00,35951
2024/3/19 07:00,35959
2024/3/19 08:00,35972
2024/3/19 09:00,35996
2024/3/19 10:00,36020
2024/3/19 11:00,36047
2024/3/19 12:00,36071
2024/3/19 13:00,36088
2024/3/19 14:00,36106
2024/3/19 15:00,36133
2024/3/19 16:00,36159
2024/3/19 17:00,36184
2024/3/19 18:00,36208
2024/3/19 19:00,36226
2024/3/19 20:00,36247
2024/3/19 21:00,36267
2024/3/19 22:00,36285
2024/3/19 23:00,36294
2024/3/20 00:00,36300
2024/3/20 01:00,36306
2024/3/20 02:00,36311
2024/3/20 03:00,36317
2024/3/20 04:00,36322
2024/3/20 05:00,36328
2024/3/20 06:00,36334
2024/3/20 07:00,36340
2024/3/20 08:00,36354
2024/3/20 09:00,36376
2024/3/20 10:00,36400
2024/3/20 11:00,36427
2024/3/20 12:00,36451
2024/3/20 13:00,36469
2024/3/20 14:00,36487
2024/3/20 15:00,36509
2024/3/20 16:00,36532
2024/3/20 17:00,36555
2024/3/20 18:00,36577
2024/3/20 19:00,36596
2024/3/20 20:00,36619
2024/3/20 21:00,36643
2024/3/20 22:00,36664
2024/3/20 23:00,36673
2024/3/21 00:00,36680
2024/3/21 01:00,36686
2024/3/21 02:00,36692
2024/3/21 03:00,36698
2024/3/21 04:00,36703
2024/3/21 05:00,36709
2024/3/21 06:00,36714
2024/3/21 07:00,36721
2024/3/21 08:00,36734
2024/3/21 09:00,36750
2024/3/21 10:00,36768
2024/3/21 11:00,36792
2024/3/21 12:00,36816
2024/3/21 13:00,36834
2024/3/21 14:00,36854
2024/3/21 15:00,36879
2024/3/21 16:00,36903
2024/3/21 17:00,36927
2024/3/21 18:00,36949
2024/3/21 19:00,36968
2024/3/21 20:00,36990
2024/3/21 21:00,37013
2024/3/21 22:00,37032
2024/3/21 23:00,37040
2024/3/22 00:00,37046
2024/3/22 01:00,37052
2024/3/22 02:00,37057
2024/3/22 03:00,37063
2024/3/22 04:00,37069
2024/3/22 05:00,37074
2024/3/22 06:00,37080
2024/3/22 07:00,37087
2024/3/22 08:00,37099
2024/3/22 09:00,37117
2024/3/22 10:00,37137
2024/3/22 11:00,37159
2024/3/22 12:00,37179
2024/3/22 13:00,37195
2024/3/22 14:00,37210
2024/3/22 15:00,37229
2024/3/22 16:00,37249
2024/3/22 17:00,37270
2024/3/22 18:00,37291
2024/3/22 19:00,37309
2024/3/22 20:00,37329
2024/3/22 21:00,37349
2024/3/22 22:00,37366
2024/3/22 23:00,37374
2024/3/23 00:00,37379
2024/3/23 01:00,37384
2024/3/23 02:00,37390
2024/3/23 03:00,37395
2024/3/23 04:00,37401
2024/3/23 05:00,37406
2024/3/23 06:00,37412
2024/3/23 07:00,37417
2024/3/23 08:00,37425
2024/3/23 09:00,37435
2024/3/23 10:00,37448
2024/3/23 11:00,37462
2024/3/23 12:00,37475
2024/3/23 13:00,37487
2024/3/23 14:00,37501
2024/3/23 15:00,37516
2024/3/23 16:00,37532
2024/3/23 17:00,37549
2024/3/23 18:00,37567
2024/3/23 19:00,37583
2024/3/23 20:00,37601
2024/3/23 21:00,37617
2024/3/23 22:00,37631
2024/3/23 23:00,37638
2024/3/24 00:00,37643
2024/3/24 01:00,37649
2024/3/24 02:00,37654
2024/3/24 03:00,37660
2024/3/24 04:00,37665
2024/3/24 05:00,37671
2024/3/24 06:00,37676
2024/3/24 07:00,37682
2024/3/24 08:00,37688
2024/3/24 09:00,37697
2024/3/24 10:00,37708
2024/3/24 11:00,37722
2024/3/24 12:00,37733
2024/3/24 13:00,37745
2024/3/24 14:00,37759
2024/3/24 15:00,37773
2024/3/24 16:00,37789
2024/3/24 17:00,37804
2024/3/24 18:00,37820
2024/3/24 19:00,37836
2024/3/24 20:00,37853
2024/3/24 21:00,37869
2024/3/24 22:00,37883
2024/3/24 23:00,37891
2024/3/25 00:00,37896
2024/3/25 01:00,37902
2024/3/25 02:00,37908
2024/3/25 03:00,37913
2024/3/25 04:00,37919
2024/3/25 05:00,37924
2024/3/25 06:00,37930
2024/3/25 07:00,37936
2024/3/25 08:00,37950
2024/3/25 09:00,37970
2024/3/25 10:00,37991
2024/3/25 11:00,38015
2024/3/25 12:00,38038
2024/3/25 13:00,38055
2024/3/25 14:00,38073
2024/3/25 15:00,38098
2024/3/25 16:00,38123
2024/3/25 17:00,38146
2024/3/25 18:00,38168
2024/3/25 19:00,38187
2024/3/25 20:00,38208
2024/3/25 21:00,38230
2024/3/25 22:00,38249
2024/3/25 23:00,38257
2024/3/26 00:00,38263
2024/3/26 01:00,38268
2024/3/26 02:00,38274
2024/3/26 03:00,38279
2024/3/26 04:00,38285
2024/3/26 05:00,38290
2024/3/26 06:00,38295
2024/3/26 07:00,38302
2024/3/26 08:00,38317
2024/3/26 09:00,38338
2024/3/26 10:00,38363
2024/3/26 11:00,38390
2024/3/26 12:00,38416
2024/3/26 13:00,38434
2024/3/26 14:00,38454
2024/3/26 15:00,38481
2024/3/26 16:00,38508
2024/3/26 17:00,38535
2024/3/26 18:00,38561
2024/3/26 19:00,38582
2024/3/26 20:00,38606
2024/3/26 21:00,38630
2024/3/26 22:00,38649
2024/3/26 23:00,38659
2024/3/27 00:00,38666
2024/3/27 01:00,38673
2024/3/27 02:00,38679
2024/3/27 03:00,38685
2024/3/27 04:00,38691
2024/3/27 05:00,38696
2024/3/27 06:00,38701
2024/3/27 07:00,38709
2024/3/27 08:00,38723
2024/3/27 09:00,38748
2024/3/27 10:00,38774
2024/3/27 11:00,38801
2024/3/27 12:00,38827
2024/3/27 13:00,38845
2024/3/27 14:00,38862
2024/3/27 15:00,38885
2024/3/27 16:00,38909
2024/3/27 17:00,38933
2024/3/27 18:00,38956
2024/3/27 19:00,38975
2024/3/27 20:00,38996
2024/3/27 21:00,39018
2024/3/27 22:00,39037
2024/3/27 23:00,39046
2024/3/28 00:00,39052
2024/3/28 01:00,39057
2024/3/28 02:00,39063
2024/3/28 03:00,39068
2024/3/28 04:00,39074
2024/3/28 05:00,39079
2024/3/28 06:00,39085
2024/3/28 07:00,39094
2024/3/28 08:00,39105
2024/3/28 09:00,39122
2024/3/28 10:00,39142
2024/3/28 11:00,39165
2024/3/28 12:00,39188
2024/3/28 13:00,39203
2024/3/28 14:00,39218
2024/3/28 15:00,39241
2024/3/28 16:00,39263
2024/3/28 17:00,39286
2024/3/28 18:00,39308
2024/3/28 19:00,39326
2024/3/28 20:00,39348
2024/3/28 21:00,39371
2024/3/28 22:00,39390
2024/3/28 23:00,39401
2024/3/29 00:00,39407
2024/3/29 01:00,39413
2024/3/29 02:00,39418
2024/3/29 03:00,39424
2024/3/29 04:00,39430
2024/3/29 05:00,39435
2024/3/29 06:00,39441
2024/3/29 07:00,39449
2024/3/29 08:00,39461
2024/3/29 09:00,39482
2024/3/29 10:00,39508
2024/3/29 11:00,39532
2024/3/29 12:00,39556
2024/3/29 13:00,39575
2024/3/29 14:00,39593
2024/3/29 15:00,39616
2024/3/29 16:00,39637
2024/3/29 17:00,39658
2024/3/29 18:00,39679
2024/3/29 19:00,39698
2024/3/29 20:00,39717
2024/3/29 21:00,39734
2024/3/29 22:00,39750
2024/3/29 23:00,39757
2024/3/30 00:00,39763
2024/3/30 01:00,39769
2024/3/30 02:00,39774
2024/3/30 03:00,39780
2024/3/30 04:00,39785
2024/3/30 05:00,39791
2024/3/30 06:00,39796
2024/3/30 07:00,39802
2024/3/30 08:00,39810
2024/3/30 09:00,39825
2024/3/30 10:00,39842
2024/3/30 11:00,39860
2024/3/30 12:00,39878
2024/3/30 13:00,39896
2024/3/30 14:00,39914
2024/3/30 15:00,39932
2024/3/30 16:00,39951
2024/3/30 17:00,39969
2024/3/30 18:00,39986
2024/3/30 19:00,40002
2024/3/30 20:00,40018
2024/3/30 21:00,40033
2024/3/30 22:00,40048
2024/3/30 23:00,40058
2024/3/31 00:00,40064
2024/3/31 01:00,40069
2024/3/31 02:00,40075
2024/3/31 03:00,40080
2024/3/31 04:00,40086
2024/3/31 05:00,40091
2024/3/31 06:00,40097
2024/3/31 07:00,40102
2024/3/31 08:00,40109
2024/3/31 09:00,40118
2024/3/31 10:00,40130
2024/3/31 11:00,40143
2024/3/31 12:00,40156
2024/3/31 13:00,40169
2024/3/31 14:00,40184
2024/3/31 15:00,40202
2024/3/31 16:00,40220
2024/3/31 17:00,40237
2024/3/31 18:00,40256
2024/3/31 19:00,40275
2024/3/31 20:00,40294
2024/3/31 21:00,40314
2024/3/31 22:00,40332
2024/3/31 23:00,40344
2024/4/1 00:00,40351
2024/4/1 01:00,40357
2024/4/1 02:00,40362
2024/4/1 03:00,40368
2024/4/1 04:00,40373
2024/4/1 05:00,40379
2024/4/1 06:00,40385
2024/4/1 07:00,40394
2024/4/1 08:00,40404
2024/4/1 09:00,40422
2024/4/1 10:00,40441
2024/4/1 11:00,40463
2024/4/1 12:00,40485
2024/4/1 13:00,40501
2024/4/1 14:00,40517
2024/4/1 15:00,40541
2024/4/1 16:00,40566
2024/4/1 17:00,40590
2024/4/1 18:00,40612
2024/4/1 19:00,40632
2024/4/1 20:00,40653
2024/4/1 21:00,40674
2024/4/1 22:00,40691
2024/4/1 23:00,40702
2024/4/2 00:00,40708
2024/4/2 01:00,40714
2024/4/2 02:00,40720
2024/4/2 03:00,40725
2024/4/2 04:00,40731
2024/4/2 05:00,40737
2024/4/2 06:00,40743
2024/4/2 07:00,40751
2024/4/2 08:00,40765
2024/4/2 09:00,40789
2024/4/2 10:00,40814
2024/4/2 11:00,40840
2024/4/2 12:00,40865
2024/4/2 13:00,40884
2024/4/2 14:00,40904
2024/4/2 15:00,40931
2024/4/2 16:00,40956
2024/4/2 17:00,40980
2024/4/2 18:00,41004
2024/4/2 19:00,41023
2024/4/2 20:00,41044
2024/4/2 21:00,41065
2024/4/2 22:00,41081
2024/4/2 23:00,41089
2024/4/3 00:00,41095
2024/4/3 01:00,41101
2024/4/3 02:00,41107
2024/4/3 03:00,41113
2024/4/3 04:00,41119
2024/4/3 05:00,41125
2024/4/3 06:00,41131
2024/4/3 07:00,41139
2024/4/3 08:00,41153
2024/4/3 09:00,41175
2024/4/3 10:00,41199
2024/4/3 11:00,41223
2024/4/3 12:00,41247
2024/4/3 13:00,41262
2024/4/3 14:00,41278
2024/4/3 15:00,41296
2024/4/3 16:00,41317
2024/4/3 17:00,41335
2024/4/3 18:00,41352
2024/4/3 19:00,41366
2024/4/3 20:00,41383
2024/4/3 21:00,41401
2024/4/3 22:00,41415
2024/4/3 23:00,41423
2024/4/4 00:00,41429
2024/4/4 01:00,41435
2024/4/4 02:00,41440
2024/4/4 03:00,41446
2024/4/4 04:00,41452
2024/4/4 05:00,41457
2024/4/4 06:00,41463
2024/4/4 07:00,41469
2024/4/4 08:00,41474
2024/4/4 09:00,41480
2024/4/4 10:00,41486
2024/4/4 11:00,41493
2024/4/4 12:00,41500
2024/4/4 13:00,41507
2024/4/4 14:00,41515
2024/4/4 15:00,41524
2024/4/4 16:00,41535
2024/4/4 17:00,41546
2024/4/4 18:00,41557
2024/4/4 19:00,41568
2024/4/4 20:00,41578
2024/4/4 21:00,41589
2024/4/4 22:00,41598
2024/4/4 23:00,41604
2024/4/5 00:00,41610
2024/4/5 01:00,41616
2024/4/5 02:00,41621
2024/4/5 03:00,41627
2024/4/5 04:00,41633
2024/4/5 05:00,41638
2024/4/5 06:00,41644
2024/4/5 07:00,41650
2024/4/5 08:00,41655
2024/4/5 09:00,41661
2024/4/5 10:00,41668
2024/4/5 11:00,41675
2024/4/5 12:00,41682
2024/4/5 13:00,41688
2024/4/5 14:00,41694
2024/4/5 15:00,41703
2024/4/5 16:00,41712
2024/4/5 17:00,41722
2024/4/5 18:00,41732
2024/4/5 19:00,41741
2024/4/5 20:00,41751
2024/4/5 21:00,41761
2024/4/5 22:00,41770
2024/4/5 23:00,41777
2024/4/6 00:00,41782
2024/4/6 01:00,41788
2024/4/6 02:00,41794
2024/4/6 03:00,41799
2024/4/6 04:00,41805
2024/4/6 05:00,41811
2024/4/6 06:00,41816
2024/4/6 07:00,41822
2024/4/6 08:00,41827
2024/4/6 09:00,41833
2024/4/6 10:00,41840
2024/4/6 11:00,41846
2024/4/6 12:00,41853
2024/4/6 13:00,41859
2024/4/6 14:00,41866
2024/4/6 15:00,41875
2024/4/6 16:00,41885
2024/4/6 17:00,41896
2024/4/6 18:00,41908
2024/4/6 19:00,41921
2024/4/6 20:00,41934
2024/4/6 21:00,41946
2024/4/6 22:00,41957
2024/4/6 23:00,41965
2024/4/7 00:00,41970
2024/4/7 01:00,41976
2024/4/7 02:00,41982
2024/4/7 03:00,41987
2024/4/7 04:00,41993
2024/4/7 05:00,41999
2024/4/7 06:00,42005
2024/4/7 07:00,42013
2024/4/7 08:00,42023
2024/4/7 09:00,42033
2024/4/7 10:00,42045
2024/4/7 11:00,42060
2024/4/7 12:00,42074
2024/4/7 13:00,42087
2024/4/7 14:00,42102
2024/4/7 15:00,42120
2024/4/7 16:00,42138
2024/4/7 17:00,42158
2024/4/7 18:00,42176
2024/4/7 19:00,42193
2024/4/7 20:00,42210
2024/4/7 21:00,42228
2024/4/7 22:00,42244
2024/4/7 23:00,42252
2024/4/8 00:00,42258
2024/4/8 01:00,42263
2024/4/8 02:00,42269
2024/4/8 03:00,42274
2024/4/8 04:00,42280
2024/4/8 05:00,42286
2024/4/8 06:00,42291
2024/4/8 07:00,42298
2024/4/8 08:00,42311
2024/4/8 09:00,42329
2024/4/8 10:00,42349
2024/4/8 11:00,42373
2024/4/8 12:00,42396
2024/4/8 13:00,42413
2024/4/8 14:00,42431
2024/4/8 15:00,42453
2024/4/8 16:00,42475
2024/4/8 17:00,42497
2024/4/8 18:00,42519
2024/4/8 19:00,42536
2024/4/8 20:00,42558
2024/4/8 21:00,42580
2024/4/8 22:00,42599
2024/4/8 23:00,42608
2024/4/9 00:00,42614
2024/4/9 01:00,42620
2024/4/9 02:00,42625
2024/4/9 03:00,42631
2024/4/9 04:00,42637
2024/4/9 05:00,42642
2024/4/9 06:00,42648
2024/4/9 07:00,42654
2024/4/9 08:00,42666
2024/4/9 09:00,42689
2024/4/9 10:00,42714
2024/4/9 11:00,42739
2024/4/9 12:00,42761
2024/4/9 13:00,42779
2024/4/9 14:00,42796
2024/4/9 15:00,42823
2024/4/9 16:00,42850
2024/4/9 17:00,42876
2024/4/9 18:00,42900
2024/4/9 19:00,42919
2024/4/9 20:00,42940
2024/4/9 21:00,42961
2024/4/9 22:00,42977
2024/4/9 23:00,42985
2024/4/10 00:00,42991
2024/4/10 01:00,42997
2024/4/10 02:00,43002
2024/4/10 03:00,43008
2024/4/10 04:00,43014
2024/4/10 05:00,43019
2024/4/10 06:00,43025
2024/4/10 07:00,43033
2024/4/10 08:00,43044
2024/4/10 09:00,43065
2024/4/10 10:00,43087
2024/4/10 11:00,43111
2024/4/10 12:00,43136
2024/4/10 13:00,43152
2024/4/10 14:00,43169
2024/4/10 15:00,43192
2024/4/10 16:00,43215
2024/4/10 17:00,43236
2024/4/10 18:00,43257
2024/4/10 19:00,43275
2024/4/10 20:00,43296
2024/4/10 21:00,43320
2024/4/10 22:00,43340
2024/4/10 23:00,43348
2024/4/11 00:00,43353
2024/4/11 01:00,43359
2024/4/11 02:00,43364
2024/4/11 03:00,43370
2024/4/11 04:00,43376
2024/4/11 05:00,43381
2024/4/11 06:00,43387
2024/4/11 07:00,43392
2024/4/11 08:00,43406
2024/4/11 09:00,43423
2024/4/11 10:00,43442
2024/4/11 11:00,43464
2024/4/11 12:00,43485
2024/4/11 13:00,43501
2024/4/11 14:00,43518
2024/4/11 15:00,43541
2024/4/11 16:00,43565
2024/4/11 17:00,43588
2024/4/11 18:00,43610
2024/4/11 19:00,43629
2024/4/11 20:00,43651
2024/4/11 21:00,43674
2024/4/11 22:00,43693
2024/4/11 23:00,43702
2024/4/12 00:00,43708
2024/4/12 01:00,43713
2024/4/12 02:00,43719
2024/4/12 03:00,43725
2024/4/12 04:00,43730
2024/4/12 05:00,43736
2024/4/12 06:00,43742
2024/4/12 07:00,43750
2024/4/12 08:00,43761
2024/4/12 09:00,43783
2024/4/12 10:00,43807
2024/4/12 11:00,43833
2024/4/12 12:00,43857
2024/4/12 13:00,43877
2024/4/12 14:00,43898
2024/4/12 15:00,43919
2024/4/12 16:00,43942
2024/4/12 17:00,43963
2024/4/12 18:00,43983
2024/4/12 19:00,43999
2024/4/12 20:00,44017
2024/4/12 21:00,44036
2024/4/12 22:00,44051
2024/4/12 23:00,44059
2024/4/13 00:00,44065
2024/4/13 01:00,44070
2024/4/13 02:00,44076
2024/4/13 03:00,44082
2024/4/13 04:00,44088
2024/4/13 05:00,44094
2024/4/13 06:00,44099
2024/4/13 07:00,44105
2024/4/13 08:00,44111
2024/4/13 09:00,44117
2024/4/13 10:00,44124
2024/4/13 11:00,44133
2024/4/13 12:00,44143
2024/4/13 13:00,44154
2024/4/13 14:00,44166
2024/4/13 15:00,44181
2024/4/13 16:00,44197
2024/4/13 17:00,44213
2024/4/13 18:00,44231
2024/4/13 19:00,44248
2024/4/13 20:00,44265
2024/4/13 21:00,44285
2024/4/13 22:00,44299
2024/4/13 23:00,44307
2024/4/14 00:00,44313
2024/4/14 01:00,44319
2024/4/14 02:00,44324
2024/4/14 03:00,44330
2024/4/14 04:00,44336
2024/4/14 05:00,44341
2024/4/14 06:00,44347
2024/4/14 07:00,44353
2024/4/14 08:00,44359
2024/4/14 09:00,44365
2024/4/14 10:00,44373
2024/4/14 11:00,44384
2024/4/14 12:00,44426
2024/4/14 13:00,44492
2024/4/14 14:00,44559
2024/4/14 15:00,44615
2024/4/14 16:00,44629
2024/4/14 17:00,44644
2024/4/14 18:00,44660
2024/4/14 19:00,44675
2024/4/14 20:00,44692
2024/4/14 21:00,44709
2024/4/14 22:00,44723
2024/4/14 23:00,44730
2024/4/15 00:00,44736
2024/4/15 01:00,44742
2024/4/15 02:00,44747
2024/4/15 03:00,44753
2024/4/15 04:00,44759
2024/4/15 05:00,44765
2024/4/15 06:00,44770
2024/4/15 07:00,44778
2024/4/15 08:00,44790
2024/4/15 09:00,44810
2024/4/15 10:00,44831
2024/4/15 11:00,44857
2024/4/15 12:00,44882
2024/4/15 13:00,44899
2024/4/15 14:00,44917
2024/4/15 15:00,44941
2024/4/15 16:00,44966
2024/4/15 17:00,44991
2024/4/15 18:00,45014
2024/4/15 19:00,45034
2024/4/15 20:00,45055
2024/4/15 21:00,45078
2024/4/15 22:00,45097
2024/4/15 23:00,45106
2024/4/16 00:00,45112
2024/4/16 01:00,45118
2024/4/16 02:00,45123
2024/4/16 03:00,45129
2024/4/16 04:00,45135
2024/4/16 05:00,45141
2024/4/16 06:00,45147
2024/4/16 07:00,45154
2024/4/16 08:00,45168
2024/4/16 09:00,45189
2024/4/16 10:00,45213
2024/4/16 11:00,45237
2024/4/16 12:00,45260
2024/4/16 13:00,45278
2024/4/16 14:00,45297
2024/4/16 15:00,45321
2024/4/16 16:00,45348
2024/4/16 17:00,45375
2024/4/16 18:00,45400
2024/4/16 19:00,45422
2024/4/16 20:00,45444
2024/4/16 21:00,45466
2024/4/16 22:00,45484
2024/4/16 23:00,45495
2024/4/17 00:00,45500
2024/4/17 01:00,45506
2024/4/17 02:00,45512
2024/4/17 03:00,45518
2024/4/17 04:00,45524
2024/4/17 05:00,45530
2024/4/17 06:00,45536
2024/4/17 07:00,45544
2024/4/17 08:00,45555
2024/4/17 09:00,45577
2024/4/17 10:00,45600
2024/4/17 11:00,45625
2024/4/17 12:00,45649
2024/4/17 13:00,45668
2024/4/17 14:00,45685
2024/4/17 15:00,45708
2024/4/17 16:00,45731
2024/4/17 17:00,45753
2024/4/17 18:00,45775
2024/4/17 19:00,45795
2024/4/17 20:00,45818
2024/4/17 21:00,45842
2024/4/17 22:00,45863
2024/4/17 23:00,45874
2024/4/18 00:00,45881
2024/4/18 01:00,45887
2024/4/18 02:00,45893
2024/4/18 03:00,45899
2024/4/18 04:00,45905
2024/4/18 05:00,45911
2024/4/18 06:00,45917
2024/4/18 07:00,45925
2024/4/18 08:00,45936
2024/4/18 09:00,45955
2024/4/18 10:00,45975
2024/4/18 11:00,45998
2024/4/18 12:00,46021
2024/4/18 13:00,46036
2024/4/18 14:00,46051
2024/4/18 15:00,46073
2024/4/18 16:00,46094
2024/4/18 17:00,46117
2024/4/18 18:00,46139
2024/4/18 19:00,46159
2024/4/18 20:00,46181
2024/4/18 21:00,46203
2024/4/18 22:00,46223
2024/4/18 23:00,46232
2024/4/19 00:00,46238
2024/4/19 01:00,46244
2024/4/19 02:00,46250
2024/4/19 03:00,46256
2024/4/19 04:00,46262
2024/4/19 05:00,46268
2024/4/19 06:00,46274
2024/4/19 07:00,46283
2024/4/19 08:00,46294
2024/4/19 09:00,46311
2024/4/19 10:00,46329
2024/4/19 11:00,46349
2024/4/19 12:00,46369
2024/4/19 13:00,46384
2024/4/19 14:00,46400
2024/4/19 15:00,46417
2024/4/19 16:00,46436
2024/4/19 17:00,46456
2024/4/19 18:00,46477
2024/4/19 19:00,46495
2024/4/19 20:00,46514
2024/4/19 21:00,46535
2024/4/19 22:00,46551
2024/4/19 23:00,46559
2024/4/20 00:00,46565
2024/4/20 01:00,46570
2024/4/20 02:00,46576
2024/4/20 03:00,46582
2024/4/20 04:00,46588
2024/4/20 05:00,46593
2024/4/20 06:00,46599
2024/4/20 07:00,46605
2024/4/20 08:00,46610
2024/4/20 09:00,46618
2024/4/20 10:00,46627
2024/4/20 11:00,46637
2024/4/20 12:00,46648
2024/4/20 13:00,46661
2024/4/20 14:00,46675
2024/4/20 15:00,46690
2024/4/20 16:00,46708
2024/4/20 17:00,46726
2024/4/20 18:00,46744
2024/4/20 19:00,46761
2024/4/20 20:00,46780
2024/4/20 21:00,46799
2024/4/20 22:00,46816
2024/4/20 23:00,46825
2024/4/21 00:00,46831
2024/4/21 01:00,46836
2024/4/21 02:00,46842
2024/4/21 03:00,46848
2024/4/21 04:00,46854
2024/4/21 05:00,46860
2024/4/21 06:00,46865
2024/4/21 07:00,46871
2024/4/21 08:00,46877
2024/4/21 09:00,46890
2024/4/21 10:00,46909
2024/4/21 11:00,46927
2024/4/21 12:00,46941
2024/4/21 13:00,46952
2024/4/21 14:00,46965
2024/4/21 15:00,46981
2024/4/21 16:00,46997
2024/4/21 17:00,47014
2024/4/21 18:00,47031
2024/4/21 19:00,47049
2024/4/21 20:00,47068
2024/4/21 21:00,47085
2024/4/21 22:00,47102
2024/4/21 23:00,47110
2024/4/22 00:00,47116
2024/4/22 01:00,47122
2024/4/22 02:00,47128
2024/4/22 03:00,47134
2024/4/22 04:00,47139
2024/4/22 05:00,47145
2024/4/22 06:00,47151
2024/4/22 07:00,47160
2024/4/22 08:00,47171
2024/4/22 09:00,47190
2024/4/22 10:00,47209
2024/4/22 11:00,47231
2024/4/22 12:00,47253
2024/4/22 13:00,47269
2024/4/22 14:00,47287
2024/4/22 15:00,47311
2024/4/22 16:00,47334
2024/4/22 17:00,47357
2024/4/22 18:00,47381
2024/4/22 19:00,47401
2024/4/22 20:00,47424
2024/4/22 21:00,47448
2024/4/22 22:00,47471
2024/4/22 23:00,47482
2024/4/23 00:00,47488
2024/4/23 01:00,47493
2024/4/23 02:00,47499
2024/4/23 03:00,47505
2024/4/23 04:00,47510
2024/4/23 05:00,47516
2024/4/23 06:00,47522
2024/4/23 07:00,47530
2024/4/23 08:00,47542
2024/4/23 09:00,47563
2024/4/23 10:00,47584
2024/4/23 11:00,47607
2024/4/23 12:00,47629
2024/4/23 13:00,47647
2024/4/23 14:00,47668
2024/4/23 15:00,47694
2024/4/23 16:00,47720
2024/4/23 17:00,47745
2024/4/23 18:00,47769
2024/4/23 19:00,47790
2024/4/23 20:00,47812
2024/4/23 21:00,47834
2024/4/23 22:00,47852
2024/4/23 23:00,47860
2024/4/24 00:00,47866
2024/4/24 01:00,47872
2024/4/24 02:00,47878
2024/4/24 03:00,47884
2024/4/24 04:00,47889
2024/4/24 05:00,47895
2024/4/24 06:00,47901
2024/4/24 07:00,47909
2024/4/24 08:00,47921
2024/4/24 09:00,47941
2024/4/24 10:00,47962
2024/4/24 11:00,47986
2024/4/24 12:00,48010
2024/4/24 13:00,48027
2024/4/24 14:00,48046
2024/4/24 15:00,48070
2024/4/24 16:00,48095
2024/4/24 17:00,48119
2024/4/24 18:00,48142
2024/4/24 19:00,48163
2024/4/24 20:00,48185
2024/4/24 21:00,48208
2024/4/24 22:00,48230
2024/4/24 23:00,48240
2024/4/25 00:00,48246
2024/4/25 01:00,48252
2024/4/25 02:00,48258
2024/4/25 03:00,48263
2024/4/25 04:00,48269
2024/4/25 05:00,48275
2024/4/25 06:00,48281
2024/4/25 07:00,48289
2024/4/25 08:00,48299
2024/4/25 09:00,48315
2024/4/25 10:00,48332
2024/4/25 11:00,48354
2024/4/25 12:00,48375
2024/4/25 13:00,48391
2024/4/25 14:00,48407
2024/4/25 15:00,48427
2024/4/25 16:00,48449
2024/4/25 17:00,48473
2024/4/25 18:00,48496
2024/4/25 19:00,48517
2024/4/25 20:00,48539
2024/4/25 21:00,48563
2024/4/25 22:00,48583
2024/4/25 23:00,48592
2024/4/26 00:00,48598
2024/4/26 01:00,48604
2024/4/26 02:00,48610
2024/4/26 03:00,48615
2024/4/26 04:00,48621
2024/4/26 05:00,48627
2024/4/26 06:00,48633
2024/4/26 07:00,48640
2024/4/26 08:00,48651
2024/4/26 09:00,48668
2024/4/26 10:00,48686
2024/4/26 11:00,48707
2024/4/26 12:00,48727
2024/4/26 13:00,48742
2024/4/26 14:00,48757
2024/4/26 15:00,48775
2024/4/26 16:00,48793
2024/4/26 17:00,48813
2024/4/26 18:00,48831
2024/4/26 19:00,48848
2024/4/26 20:00,48865
2024/4/26 21:00,48882
2024/4/26 22:00,48899
2024/4/26 23:00,48908
2024/4/27 00:00,48913
2024/4/27 01:00,48919
2024/4/27 02:00,48925
2024/4/27 03:00,48931
2024/4/27 04:00,48936
2024/4/27 05:00,48942
2024/4/27 06:00,48948
2024/4/27 07:00,48954
2024/4/27 08:00,48960
2024/4/27 09:00,48967
2024/4/27 10:00,48976
2024/4/27 11:00,48988
2024/4/27 12:00,48999
2024/4/27 13:00,49011
2024/4/27 14:00,49023
2024/4/27 15:00,49038
2024/4/27 16:00,49055
2024/4/27 17:00,49073
2024/4/27 18:00,49091
2024/4/27 19:00,49108
2024/4/27 20:00,49125
2024/4/27 21:00,49143
2024/4/27 22:00,49160
2024/4/27 23:00,49168
2024/4/28 00:00,49175
2024/4/28 01:00,49181
2024/4/28 02:00,49187
2024/4/28 03:00,49192
2024/4/28 04:00,49198
2024/4/28 05:00,49204
2024/4/28 06:00,49210
2024/4/28 07:00,49218
2024/4/28 08:00,49229
2024/4/28 09:00,49247
2024/4/28 10:00,49268
2024/4/28 11:00,49289
2024/4/28 12:00,49308
2024/4/28 13:00,49326
2024/4/28 14:00,49344
2024/4/28 15:00,49367
2024/4/28 16:00,49391
2024/4/28 17:00,49414
2024/4/28 18:00,49438
2024/4/28 19:00,49459
2024/4/28 20:00,49480
2024/4/28 21:00,49502
2024/4/28 22:00,49521
2024/4/28 23:00,49531
2024/4/29 00:00,49537
2024/4/29 01:00,49543
2024/4/29 02:00,49548
2024/4/29 03:00,49554
2024/4/29 04:00,49560
2024/4/29 05:00,49565
2024/4/29 06:00,49571
2024/4/29 07:00,49580
2024/4/29 08:00,49590
2024/4/29 09:00,49607
2024/4/29 10:00,49625
2024/4/29 11:00,49647
2024/4/29 12:00,49666
2024/4/29 13:00,49683
2024/4/29 14:00,49700
2024/4/29 15:00,49722
2024/4/29 16:00,49744
2024/4/29 17:00,49768
2024/4/29 18:00,49791
2024/4/29 19:00,49809
2024/4/29 20:00,49829
2024/4/29 21:00,49850
2024/4/29 22:00,49869
2024/4/29 23:00,49878
2024/4/30 00:00,49884
2024/4/30 01:00,49890
2024/4/30 02:00,49896
2024/4/30 03:00,49902
2024/4/30 04:00,49907
2024/4/30 05:00,49913
2024/4/30 06:00,49919
2024/4/30 07:00,49926
2024/4/30 08:00,49937
2024/4/30 09:00,49956
2024/4/30 10:00,49976
2024/4/30 11:00,49996
2024/4/30 12:00,50016
2024/4/30 13:00,
2024/4/30 14:00,50044
2024/4/30 15:00,50062
2024/4/30 16:00,50080
2024/4/30 17:00,50100
2024/4/30 18:00,50116
2024/4/30 19:00,50129
2024/4/30 20:00,50141
2024/4/30 21:00,50152
2024/4/30 22:00,50161
2024/4/30 23:00,50165
2024/5/1 00:00,50168
2024/5/1 01:00,50171
2024/5/1 02:00,50174
2024/5/1 03:00,50177
2024/5/1 04:00,50180
2024/5/1 05:00,50183
2024/5/1 06:00,50185
2024/5/1 07:00,50189
2024/5/1 08:00,50193
2024/5/1 09:00,50196
2024/5/1 10:00,50201
2024/5/1 11:00,50206
2024/5/1 12:00,50211
2024/5/1 13:00,50215
2024/5/1 14:00,50220
2024/5/1 15:00,50225
2024/5/1 16:00,50231
2024/5/1 17:00,50237
2024/5/1 18:00,50244
2024/5/1 19:00,50251
2024/5/1 20:00,50258
2024/5/1 21:00,50265
2024/5/1 22:00,50270
2024/5/1 23:00,50275
2024/5/2 00:00,50278
2024/5/2 01:00,50281
2024/5/2 02:00,50284
2024/5/2 03:00,50287
2024/5/2 04:00,50290
2024/5/2 05:00,50293
2024/5/2 06:00,50296
2024/5/2 07:00,50298
2024/5/2 08:00,50301
2024/5/2 09:00,50304
2024/5/2 10:00,50307
2024/5/2 11:00,50310
2024/5/2 12:00,50313
2024/5/2 13:00,50316
2024/5/2 14:00,50319
2024/5/2 15:00,50324
2024/5/2 16:00,50329
2024/5/2 17:00,50334
2024/5/2 18:00,50340
2024/5/2 19:00,50346
2024/5/2 20:00,50352
2024/5/2 21:00,50358
2024/5/2 22:00,50365
2024/5/2 23:00,50369
2024/5/3 00:00,50372
2024/5/3 01:00,50375
2024/5/3 02:00,50378
2024/5/3 03:00,50381
2024/5/3 04:00,50384
2024/5/3 05:00,50387
2024/5/3 06:00,50389
2024/5/3 07:00,50392
2024/5/3 08:00,50396
2024/5/3 09:00,50399
2024/5/3 10:00,50403
2024/5/3 11:00,50407
2024/5/3 12:00,50412
2024/5/3 13:00,50417
2024/5/3 14:00,50424
2024/5/3 15:00,50429
2024/5/3 16:00,50434
2024/5/3 17:00,50439
2024/5/3 18:00,50444
2024/5/3 19:00,50449
2024/5/3 20:00,50454
2024/5/3 21:00,50459
2024/5/3 22:00,50463
2024/5/3 23:00,50467
2024/5/4 00:00,50470
2024/5/4 01:00,50473
2024/5/4 02:00,50476
2024/5/4 03:00,50479
2024/5/4 04:00,50482
2024/5/4 05:00,50485
2024/5/4 06:00,50488
2024/5/4 07:00,50491
2024/5/4 08:00,50494
2024/5/4 09:00,50497
2024/5/4 10:00,50500
2024/5/4 11:00,50503
2024/5/4 12:00,50507
2024/5/4 13:00,50511
2024/5/4 14:00,50515
2024/5/4 15:00,50520
2024/5/4 16:00,50526
2024/5/4 17:00,50532
2024/5/4 18:00,50539
2024/5/4 19:00,50544
2024/5/4 20:00,50551
2024/5/4 21:00,50558
2024/5/4 22:00,50563
2024/5/4 23:00,50567
2024/5/5 00:00,50570
2024/5/5 01:00,50573
2024/5/5 02:00,50576
2024/5/5 03:00,50579
2024/5/5 04:00,50582
2024/5/5 05:00,50585
2024/5/5 06:00,50588
2024/5/5 07:00,50591
2024/5/5 08:00,50594
2024/5/5 09:00,50597
2024/5/5 10:00,50601
2024/5/5 11:00,50605
2024/5/5 12:00,50610
2024/5/5 13:00,50616
2024/5/5 14:00,50621
2024/5/5 15:00,50629
2024/5/5 16:00,50638
2024/5/5 17:00,50648
2024/5/5 18:00,50659
2024/5/5 19:00,50669
2024/5/5 20:00,50680
2024/5/5 21:00,50691
2024/5/5 22:00,50702
2024/5/5 23:00,50709
2024/5/6 00:00,50714
2024/5/6 01:00,50719
2024/5/6 02:00,50725
2024/5/6 03:00,50730
2024/5/6 04:00,50736
2024/5/6 05:00,50741
2024/5/6 06:00,50747
2024/5/6 07:00,50755
2024/5/6 08:00,50766
2024/5/6 09:00,50782
2024/5/6 10:00,50799
2024/5/6 11:00,50816
2024/5/6 12:00,50832
2024/5/6 13:00,50846
2024/5/6 14:00,50860
2024/5/6 15:00,50883
2024/5/6 16:00,50907
2024/5/6 17:00,50931
2024/5/6 18:00,50955
2024/5/6 19:00,50975
2024/5/6 20:00,50997
2024/5/6 21:00,51019
2024/5/6 22:00,51040
2024/5/6 23:00,51050
2024/5/7 00:00,51056
2024/5/7 01:00,51061
2024/5/7 02:00,51067
2024/5/7 03:00,51073
2024/5/7 04:00,51078
2024/5/7 05:00,51084
2024/5/7 06:00,51090
2024/5/7 07:00,51098
2024/5/7 08:00,51109
2024/5/7 09:00,51129
2024/5/7 10:00,51149
2024/5/7 11:00,51172
2024/5/7 12:00,51193
2024/5/7 13:00,51210
2024/5/7 14:00,51227
2024/5/7 15:00,51251
2024/5/7 16:00,51277
2024/5/7 17:00,51304
2024/5/7 18:00,51329
2024/5/7 19:00,51351
2024/5/7 20:00,51371
2024/5/7 21:00,51393
2024/5/7 22:00,51413
2024/5/7 23:00,51422
2024/5/8 00:00,51427
2024/5/8 01:00,51433
2024/5/8 02:00,51438
2024/5/8 03:00,51444
2024/5/8 04:00,51450
2024/5/8 05:00,51455
2024/5/8 06:00,51461
2024/5/8 07:00,51468
2024/5/8 08:00,51480
2024/5/8 09:00,51502
2024/5/8 10:00,51523
2024/5/8 11:00,51549
2024/5/8 12:00,51573
2024/5/8 13:00,51591
2024/5/8 14:00,51609
2024/5/8 15:00,51630
2024/5/8 16:00,51653
2024/5/8 17:00,51680
2024/5/8 18:00,51705
2024/5/8 19:00,51728
2024/5/8 20:00,51749
2024/5/8 21:00,51772
2024/5/8 22:00,51793
2024/5/8 23:00,51805
2024/5/9 00:00,51811
2024/5/9 01:00,51816
2024/5/9 02:00,51822
2024/5/9 03:00,51828
2024/5/9 04:00,51833
2024/5/9 05:00,51839
2024/5/9 06:00,51845
2024/5/9 07:00,51852
2024/5/9 08:00,51862
2024/5/9 09:00,51878
2024/5/9 10:00,51896
2024/5/9 11:00,51917
2024/5/9 12:00,51937
2024/5/9 13:00,51954
2024/5/9 14:00,51970
2024/5/9 15:00,51991
2024/5/9 16:00,52015
2024/5/9 17:00,52041
2024/5/9 18:00,52065
2024/5/9 19:00,52087
2024/5/9 20:00,52108
2024/5/9 21:00,52131
2024/5/9 22:00,52153
2024/5/9 23:00,52162
2024/5/10 00:00,52168
2024/5/10 01:00,52174
2024/5/10 02:00,52180
2024/5/10 03:00,52186
2024/5/10 04:00,52192
2024/5/10 05:00,52197
2024/5/10 06:00,52203
2024/5/10 07:00,52212
2024/5/10 08:00,52225
2024/5/10 09:00,52244
2024/5/10 10:00,52267
2024/5/10 11:00,52294
2024/5/10 12:00,52320
2024/5/10 13:00,52338
2024/5/10 14:00,52355
2024/5/10 15:00,52376
2024/5/10 16:00,52399
2024/5/10 17:00,52423
2024/5/10 18:00,52445
2024/5/10 19:00,52467
2024/5/10 20:00,52490
2024/5/10 21:00,52511
2024/5/10 22:00,52530
2024/5/10 23:00,52540
2024/5/11 00:00,52546
2024/5/11 01:00,52552
2024/5/11 02:00,52558
2024/5/11 03:00,52564
2024/5/11 04:00,52569
2024/5/11 05:00,52575
2024/5/11 06:00,52581
2024/5/11 07:00,52589
2024/5/11 08:00,52598
2024/5/11 09:00,52617
2024/5/11 10:00,52639
2024/5/11 11:00,52663
2024/5/11 12:00,52688
2024/5/11 13:00,52709
2024/5/11 14:00,52730
2024/5/11 15:00,52753
2024/5/11 16:00,52778
2024/5/11 17:00,52802
2024/5/11 18:00,52826
2024/5/11 19:00,52847
2024/5/11 20:00,52869
2024/5/11 21:00,52890
2024/5/11 22:00,52909
2024/5/11 23:00,52918
2024/5/12 00:00,52924
2024/5/12 01:00,52930
2024/5/12 02:00,52936
2024/5/12 03:00,52942
2024/5/12 04:00,52947
2024/5/12 05:00,52953
2024/5/12 06:00,52959
2024/5/12 07:00,52965
2024/5/12 08:00,52971
2024/5/12 09:00,52978
2024/5/12 10:00,52987
2024/5/12 11:00,52997
2024/5/12 12:00,53007
2024/5/12 13:00,53019
2024/5/12 14:00,53034
2024/5/12 15:00,53051
2024/5/12 16:00,53068
2024/5/12 17:00,53086
2024/5/12 18:00,53104
2024/5/12 19:00,53123
2024/5/12 20:00,53143
2024/5/12 21:00,53163
2024/5/12 22:00,53179
2024/5/12 23:00,53187
2024/5/13 00:00,53193
2024/5/13 01:00,53199
2024/5/13 02:00,53205
2024/5/13 03:00,53211
2024/5/13 04:00,53217
2024/5/13 05:00,53223
2024/5/13 06:00,53229
2024/5/13 07:00,53237
2024/5/13 08:00,53247
2024/5/13 09:00,53263
2024/5/13 10:00,53281
2024/5/13 11:00,53299
2024/5/13 12:00,53317
2024/5/13 13:00,53333
2024/5/13 14:00,53349
2024/5/13 15:00,53370
2024/5/13 16:00,53392
2024/5/13 17:00,53417
2024/5/13 18:00,53441
2024/5/13 19:00,53464
2024/5/13 20:00,53485
2024/5/13 21:00,53510
2024/5/13 22:00,53535
2024/5/13 23:00,53546
2024/5/14 00:00,53552
2024/5/14 01:00,53558
2024/5/14 02:00,53564
2024/5/14 03:00,53570
2024/5/14 04:00,53576
2024/5/14 05:00,53582
2024/5/14 06:00,53588
2024/5/14 07:00,53596
2024/5/14 08:00,53607
2024/5/14 09:00,53625
2024/5/14 10:00,53646
2024/5/14 11:00,53670
2024/5/14 12:00,53693
2024/5/14 13:00,53713
2024/5/14 14:00,53730
2024/5/14 15:00,53753
2024/5/14 16:00,53781
2024/5/14 17:00,53811
2024/5/14 18:00,53840
2024/5/14 19:00,53866
2024/5/14 20:00,53890
2024/5/14 21:00,53917
2024/5/14 22:00,53942
2024/5/14 23:00,53952
2024/5/15 00:00,53958
2024/5/15 01:00,53964
2024/5/15 02:00,53970
2024/5/15 03:00,53976
2024/5/15 04:00,53983
2024/5/15 05:00,53989
2024/5/15 06:00,53994
2024/5/15 07:00,54002
2024/5/15 08:00,54013
2024/5/15 09:00,54029
2024/5/15 10:00,54048
2024/5/15 11:00,54072
2024/5/15 12:00,54099
2024/5/15 13:00,54118
2024/5/15 14:00,54138
2024/5/15 15:00,54164
2024/5/15 16:00,54193
2024/5/15 17:00,54225
2024/5/15 18:00,54257
2024/5/15 19:00,54285
2024/5/15 20:00,54311
2024/5/15 21:00,54338
2024/5/15 22:00,54362
2024/5/15 23:00,54373
2024/5/16 00:00,54379
2024/5/16 01:00,54386
2024/5/16 02:00,54392
2024/5/16 03:00,54399
2024/5/16 04:00,54405
2024/5/16 05:00,54411
2024/5/16 06:00,54418
2024/5/16 07:00,54426
2024/5/16 08:00,54436
2024/5/16 09:00,54453
2024/5/16 10:00,54471
2024/5/16 11:00,54494
2024/5/16 12:00,54517
2024/5/16 13:00,54534
2024/5/16 14:00,54551
2024/5/16 15:00,54571
2024/5/16 16:00,54601
2024/5/16 17:00,54638
2024/5/16 18:00,54676
2024/5/16 19:00,54710
2024/5/16 20:00,54735
2024/5/16 21:00,54762
2024/5/16 22:00,54788
2024/5/16 23:00,54799
2024/5/17 00:00,54805
2024/5/17 01:00,54811
2024/5/17 02:00,54818
2024/5/17 03:00,54824
2024/5/17 04:00,54830
2024/5/17 05:00,54836
2024/5/17 06:00,54842
2024/5/17 07:00,54850
2024/5/17 08:00,54860
2024/5/17 09:00,54877
2024/5/17 10:00,54901
2024/5/17 11:00,54934
2024/5/17 12:00,54976
2024/5/17 13:00,54998
2024/5/17 14:00,55019
2024/5/17 15:00,55069
2024/5/17 16:00,55141
2024/5/17 17:00,55224
2024/5/17 18:00,55303
2024/5/17 19:00,55357
2024/5/17 20:00,55379
2024/5/17 21:00,55402
2024/5/17 22:00,55422
2024/5/17 23:00,55432
2024/5/18 00:00,55438
2024/5/18 01:00,55445
2024/5/18 02:00,55451
2024/5/18 03:00,55458
2024/5/18 04:00,55464
2024/5/18 05:00,55470
2024/5/18 06:00,55476
2024/5/18 07:00,55484
2024/5/18 08:00,55500
2024/5/18 09:00,55561
2024/5/18 10:00,55623
2024/5/18 11:00,55685
2024/5/18 12:00,55748
2024/5/18 13:00,55775
2024/5/18 14:00,55804
2024/5/18 15:00,55892
2024/5/18 16:00,55967
2024/5/18 17:00,56042
2024/5/18 18:00,56116
2024/5/18 19:00,56160
2024/5/18 20:00,56179
2024/5/18 21:00,56199
2024/5/18 22:00,56216
2024/5/18 23:00,56225
2024/5/19 00:00,56232
2024/5/19 01:00,56239
2024/5/19 02:00,56246
2024/5/19 03:00,56252
2024/5/19 04:00,56259
2024/5/19 05:00,56266
2024/5/19 06:00,56272
2024/5/19 07:00,56280
2024/5/19 08:00,56296
2024/5/19 09:00,56341
2024/5/19 10:00,56393
2024/5/19 11:00,56448
2024/5/19 12:00,56501
2024/5/19 13:00,56523
2024/5/19 14:00,56547
2024/5/19 15:00,56613
2024/5/19 16:00,56689
2024/5/19 17:00,56760
2024/5/19 18:00,56825
2024/5/19 19:00,56863
2024/5/19 20:00,56883
2024/5/19 21:00,56903
2024/5/19 22:00,56922
2024/5/19 23:00,56934
2024/5/20 00:00,56941
2024/5/20 01:00,56948
2024/5/20 02:00,56954
2024/5/20 03:00,56960
2024/5/20 04:00,56966
2024/5/20 05:00,56973
2024/5/20 06:00,56979
2024/5/20 07:00,56988
2024/5/20 08:00,56998
2024/5/20 09:00,57017
2024/5/20 10:00,57043
2024/5/20 11:00,57080
2024/5/20 12:00,57120
2024/5/20 13:00,57140
2024/5/20 14:00,57159
2024/5/20 15:00,57222
2024/5/20 16:00,57338
2024/5/20 17:00,57447
2024/5/20 18:00,57544
2024/5/20 19:00,57601
2024/5/20 20:00,57625
2024/5/20 21:00,57652
2024/5/20 22:00,57676
2024/5/20 23:00,57687
2024/5/21 00:00,57694
2024/5/21 01:00,57701
2024/5/21 02:00,57707
2024/5/21 03:00,57713
2024/5/21 04:00,57719
2024/5/21 05:00,57725
2024/5/21 06:00,57731
2024/5/21 07:00,57740
2024/5/21 08:00,57753
2024/5/21 09:00,57780
2024/5/21 10:00,57810
2024/5/21 11:00,57839
2024/5/21 12:00,57868
2024/5/21 13:00,57888
2024/5/21 14:00,57909
2024/5/21 15:00,57949
2024/5/21 16:00,58009
2024/5/21 17:00,58077
2024/5/21 18:00,58144
2024/5/21 19:00,58198
2024/5/21 20:00,58238
2024/5/21 21:00,58284
2024/5/21 22:00,58315
2024/5/21 23:00,58329
2024/5/22 00:00,58335
2024/5/22 01:00,58341
2024/5/22 02:00,58347
2024/5/22 03:00,58353
2024/5/22 04:00,58359
2024/5/22 05:00,58365
2024/5/22 06:00,58371
2024/5/22 07:00,58379
2024/5/22 08:00,58390
2024/5/22 09:00,58432
2024/5/22 10:00,58478
2024/5/22 11:00,58530
2024/5/22 12:00,58572
2024/5/22 13:00,58595
2024/5/22 14:00,58619
2024/5/22 15:00,58652
2024/5/22 16:00,58690
2024/5/22 17:00,58732
2024/5/22 18:00,58780
2024/5/22 19:00,58815
2024/5/22 20:00,58844
2024/5/22 21:00,58873
2024/5/22 22:00,58902
2024/5/22 23:00,58915
2024/5/23 00:00,58921
2024/5/23 01:00,58928
2024/5/23 02:00,58934
2024/5/23 03:00,58940
2024/5/23 04:00,58946
2024/5/23 05:00,58951
2024/5/23 06:00,58957
2024/5/23 07:00,58965
2024/5/23 08:00,58974
2024/5/23 09:00,58994
2024/5/23 10:00,59021
2024/5/23 11:00,59058
2024/5/23 12:00,59095
2024/5/23 13:00,59119
2024/5/23 14:00,59139
2024/5/23 15:00,59172
2024/5/23 16:00,59213
2024/5/23 17:00,59255
2024/5/23 18:00,59296
2024/5/23 19:00,59328
2024/5/23 20:00,59354
2024/5/23 21:00,59383
2024/5/23 22:00,59409
2024/5/23 23:00,59420
2024/5/24 00:00,59426
2024/5/24 01:00,59433
2024/5/24 02:00,59438
2024/5/24 03:00,59444
2024/5/24 04:00,59450
2024/5/24 05:00,59456
2024/5/24 06:00,59462
2024/5/24 07:00,59470
2024/5/24 08:00,59482
2024/5/24 09:00,59507
2024/5/24 10:00,59540
2024/5/24 11:00,59590
2024/5/24 12:00,59643
2024/5/24 13:00,59666
2024/5/24 14:00,59688
2024/5/24 15:00,59721
2024/5/24 16:00,59772
2024/5/24 17:00,59830
2024/5/24 18:00,59887
2024/5/24 19:00,59928
2024/5/24 20:00,59954
2024/5/24 21:00,59977
2024/5/24 22:00,59996
2024/5/24 23:00,60006
2024/5/25 00:00,60012
2024/5/25 01:00,60019
2024/5/25 02:00,60025
2024/5/25 03:00,60031
2024/5/25 04:00,60037
2024/5/25 05:00,60043
2024/5/25 06:00,60049
2024/5/25 07:00,60055
2024/5/25 08:00,60062
2024/5/25 09:00,60071
2024/5/25 10:00,60084
2024/5/25 11:00,60099
2024/5/25 12:00,60117
2024/5/25 13:00,60134
2024/5/25 14:00,60153
2024/5/25 15:00,60177
2024/5/25 16:00,60200
2024/5/25 17:00,60224
2024/5/25 18:00,60247
2024/5/25 19:00,60268
2024/5/25 20:00,60291
2024/5/25 21:00,60313
2024/5/25 22:00,60333
2024/5/25 23:00,60343
2024/5/26 00:00,60349
2024/5/26 01:00,60355
2024/5/26 02:00,60361
2024/5/26 03:00,60367
2024/5/26 04:00,60373
2024/5/26 05:00,60379
2024/5/26 06:00,60385
2024/5/26 07:00,60391
2024/5/26 08:00,60398
2024/5/26 09:00,60408
2024/5/26 10:00,60423
2024/5/26 11:00,60441
2024/5/26 12:00,60459
2024/5/26 13:00,60476
2024/5/26 14:00,60494
2024/5/26 15:00,60516
2024/5/26 16:00,60540
2024/5/26 17:00,60565
2024/5/26 18:00,60590
2024/5/26 19:00,60614
2024/5/26 20:00,60638
2024/5/26 21:00,60662
2024/5/26 22:00,60682
2024/5/26 23:00,60693
2024/5/27 00:00,60699
2024/5/27 01:00,60705
2024/5/27 02:00,60711
2024/5/27 03:00,60717
2024/5/27 04:00,60722
2024/5/27 05:00,60728
2024/5/27 06:00,60734
2024/5/27 07:00,60742
2024/5/27 08:00,60752
2024/5/27 09:00,60770
2024/5/27 10:00,60792
2024/5/27 11:00,60818
2024/5/27 12:00,
2024/5/27 13:00,60868
2024/5/27 14:00,60890
2024/5/27 15:00,60920
2024/5/27 16:00,60953
2024/5/27 17:00,60990
2024/5/27 18:00,61031
2024/5/27 19:00,61065
2024/5/27 20:00,61096
2024/5/27 21:00,
2024/5/27 22:00,
2024/5/27 23:00,
2024/5/28 00:00,
2024/5/28 01:00,
2024/5/28 02:00,
2024/5/28 03:00,
2024/5/28 04:00,
2024/5/28 05:00,
2024/5/28 06:00,
2024/5/28 07:00,
2024/5/28 08:00,
2024/5/28 09:00,
2024/5/28 10:00,
2024/5/28 11:00,
2024/5/28 12:00,
2024/5/28 13:00,
2024/5/28 14:00,
2024/5/28 15:00,
2024/5/28 16:00,
2024/5/28 17:00,
2024/5/28 18:00,
2024/5/28 19:00,
2024/5/28 20:00,
2024/5/28 21:00,
2024/5/28 22:00,61660
2024/5/28 23:00,61674
2024/5/29 00:00,61680
2024/5/29 01:00,61686
2024/5/29 02:00,61692
2024/5/29 03:00,61698
2024/5/29 04:00,61704
2024/5/29 05:00,61710
2024/5/29 06:00,61716
2024/5/29 07:00,61724
2024/5/29 08:00,61733
2024/5/29 09:00,61756
2024/5/29 10:00,61783
2024/5/29 11:00,61813
2024/5/29 12:00,61845
2024/5/29 13:00,61870
2024/5/29 14:00,61894
2024/5/29 15:00,61922
2024/5/29 16:00,61950
2024/5/29 17:00,61979
2024/5/29 18:00,62006
2024/5/29 19:00,62030
2024/5/29 20:00,62054
2024/5/29 21:00,62078
2024/5/29 22:00,62101
2024/5/29 23:00,62113
2024/5/30 00:00,62119
2024/5/30 01:00,62125
2024/5/30 02:00,62131
2024/5/30 03:00,62137
2024/5/30 04:00,62142
2024/5/30 05:00,62148
2024/5/30 06:00,62154
2024/5/30 07:00,62162
2024/5/30 08:00,62171
2024/5/30 09:00,62185
2024/5/30 10:00,62202
2024/5/30 11:00,
2024/5/30 12:00,62244
2024/5/30 13:00,62263
2024/5/30 14:00,62282
2024/5/30 15:00,62304
2024/5/30 16:00,
2024/5/30 17:00,62358
2024/5/30 18:00,62387
2024/5/30 19:00,62415
2024/5/30 20:00,62442
2024/5/30 21:00,62473
2024/5/30 22:00,62502
2024/5/30 23:00,62516
2024/5/31 00:00,62522
2024/5/31 01:00,62528
2024/5/31 02:00,62534
2024/5/31 03:00,62540
2024/5/31 04:00,62546
2024/5/31 05:00,62552
2024/5/31 06:00,62558
2024/5/31 07:00,62566
2024/5/31 08:00,62576
2024/5/31 09:00,62592
2024/5/31 10:00,62612
2024/5/31 11:00,62639
2024/5/31 12:00,62666
2024/5/31 13:00,62688
2024/5/31 14:00,
2024/5/31 15:00,62744
2024/5/31 16:00,
2024/5/31 17:00,
2024/5/31 18:00,62867
2024/5/31 19:00,62897
2024/5/31 20:00,62919
2024/5/31 21:00,62942
2024/5/31 22:00,62962
2024/5/31 23:00,62972
2024/6/1 00:00,62977
2024/6/1 01:00,62983
2024/6/1 02:00,62989
2024/6/1 03:00,62995
2024/6/1 04:00,63001
2024/6/1 05:00,63007
2024/6/1 06:00,63012
2024/6/1 07:00,63018
2024/6/1 08:00,63024
2024/6/1 09:00,63032
2024/6/1 10:00,63045
2024/6/1 11:00,63061
2024/6/1 12:00,63077
2024/6/1 13:00,63091
2024/6/1 14:00,63104
2024/6/1 15:00,63121
2024/6/1 16:00,63140
2024/6/1 17:00,63160
2024/6/1 18:00,63181
2024/6/1 19:00,63202
2024/6/1 20:00,63226
2024/6/1 21:00,63248
2024/6/1 22:00,63266
2024/6/1 23:00,63276
2024/6/2 00:00,63282
2024/6/2 01:00,63288
2024/6/2 02:00,
2024/6/2 03:00,63300
2024/6/2 04:00,63306
2024/6/2 05:00,63312
2024/6/2 06:00,63318
2024/6/2 07:00,
2024/6/2 08:00,63330
2024/6/2 09:00,63338
2024/6/2 10:00,63348
2024/6/2 11:00,63362
2024/6/2 12:00,63377
2024/6/2 13:00,63390
2024/6/2 14:00,63406
2024/6/2 15:00,63423
2024/6/2 16:00,63442
2024/6/2 17:00,63461
2024/6/2 18:00,63479
2024/6/2 19:00,63498
2024/6/2 20:00,63516
2024/6/2 21:00,63535
2024/6/2 22:00,63551
2024/6/2 23:00,63560
2024/6/3 00:00,63566
2024/6/3 01:00,63572
2024/6/3 02:00,63578
2024/6/3 03:00,63584
2024/6/3 04:00,63590
2024/6/3 05:00,63596
2024/6/3 06:00,63602
2024/6/3 07:00,63610
2024/6/3 08:00,
2024/6/3 09:00,63636
2024/6/3 10:00,
2024/6/3 11:00,
2024/6/3 12:00,
2024/6/3 13:00,63714
2024/6/3 14:00,63733
2024/6/3 15:00,63755
2024/6/3 16:00,63779
2024/6/3 17:00,63802
2024/6/3 18:00,
2024/6/3 19:00,63846
2024/6/3 20:00,63868
2024/6/3 21:00,63891
2024/6/3 22:00,63915
2024/6/3 23:00,63929
2024/6/4 00:00,63935
2024/6/4 01:00,63941
2024/6/4 02:00,63947
2024/6/4 03:00,63952
2024/6/4 04:00,63958
2024/6/4 05:00,63964
2024/6/4 06:00,63970
2024/6/4 07:00,63978
2024/6/4 08:00,63987
2024/6/4 09:00,64002
2024/6/4 10:00,64020
2024/6/4 11:00,64040
2024/6/4 12:00,64060
2024/6/4 13:00,64079
2024/6/4 14:00,64099
2024/6/4 15:00,64124
2024/6/4 16:00,64150
2024/6/4 17:00,64177
2024/6/4 18:00,64203
2024/6/4 19:00,
2024/6/4 20:00,
2024/6/4 21:00,
2024/6/4 22:00,
2024/6/4 23:00,
2024/6/5 00:00,
2024/6/5 01:00,
2024/6/5 02:00,
2024/6/5 03:00,
2024/6/5 04:00,
2024/6/5 05:00,
2024/6/5 06:00,
2024/6/5 07:00,
2024/6/5 08:00,
2024/6/5 09:00,
2024/6/5 10:00,
2024/6/5 11:00,
2024/6/5 12:00,
2024/6/5 13:00,
2024/6/5 14:00,
2024/6/5 15:00,
2024/6/5 16:00,
2024/6/5 17:00,
2024/6/5 18:00,
2024/6/5 19:00,
2024/6/5 20:00,64681
2024/6/5 21:00,64710
2024/6/5 22:00,64734
2024/6/5 23:00,64745
2024/6/6 00:00,64751
2024/6/6 01:00,64757
2024/6/6 02:00,64763
2024/6/6 03:00,64769
2024/6/6 04:00,64775
2024/6/6 05:00,64781
2024/6/6 06:00,64787
2024/6/6 07:00,64795
2024/6/6 08:00,64805
2024/6/6 09:00,64819
2024/6/6 10:00,64838
2024/6/6 11:00,64861
2024/6/6 12:00,64887
2024/6/6 13:00,64909
2024/6/6 14:00,64933
2024/6/6 15:00,64958
2024/6/6 16:00,64986
2024/6/6 17:00,65011
2024/6/6 18:00,65037
2024/6/6 19:00,65061
2024/6/6 20:00,65085
2024/6/6 21:00,65110
2024/6/6 22:00,65134
2024/6/6 23:00,65145
2024/6/7 00:00,65151
2024/6/7 01:00,65157
2024/6/7 02:00,65163
2024/6/7 03:00,65170
2024/6/7 04:00,65176
2024/6/7 05:00,65182
2024/6/7 06:00,65188
2024/6/7 07:00,65196
2024/6/7 08:00,65208
2024/6/7 09:00,65232
2024/6/7 10:00,65258
2024/6/7 11:00,65288
2024/6/7 12:00,65318
2024/6/7 13:00,65340
2024/6/7 14:00,65361
2024/6/7 15:00,65383
2024/6/7 16:00,65406
2024/6/7 17:00,65429
2024/6/7 18:00,65448
2024/6/7 19:00,65467
2024/6/7 20:00,65483
2024/6/7 21:00,65498
2024/6/7 22:00,65512
2024/6/7 23:00,65522
2024/6/8 00:00,65528
2024/6/8 01:00,65534
2024/6/8 02:00,65540
2024/6/8 03:00,65546
2024/6/8 04:00,65552
2024/6/8 05:00,65558
2024/6/8 06:00,65564
2024/6/8 07:00,65570
2024/6/8 08:00,65576
2024/6/8 09:00,65582
2024/6/8 10:00,65589
2024/6/8 11:00,65598
2024/6/8 12:00,65607
2024/6/8 13:00,65617
2024/6/8 14:00,65628
2024/6/8 15:00,65641
2024/6/8 16:00,65656
2024/6/8 17:00,65673
2024/6/8 18:00,65689
2024/6/8 19:00,65704
2024/6/8 20:00,65718
2024/6/8 21:00,65734
2024/6/8 22:00,65749
2024/6/8 23:00,65758
2024/6/9 00:00,65764
2024/6/9 01:00,65770
2024/6/9 02:00,65777
2024/6/9 03:00,65783
2024/6/9 04:00,65789
2024/6/9 05:00,65795
2024/6/9 06:00,65800
2024/6/9 07:00,65806
2024/6/9 08:00,65812
2024/6/9 09:00,65818
2024/6/9 10:00,65825
2024/6/9 11:00,65835
2024/6/9 12:00,65846
2024/6/9 13:00,65858
2024/6/9 14:00,65871
2024/6/9 15:00,65886
2024/6/9 16:00,65902
2024/6/9 17:00,65919
2024/6/9 18:00,65936
2024/6/9 19:00,65953
2024/6/9 20:00,65970
2024/6/9 21:00,65988
2024/6/9 22:00,66005
2024/6/9 23:00,66014
2024/6/10 00:00,66020
2024/6/10 01:00,66026
2024/6/10 02:00,66031
2024/6/10 03:00,66037
2024/6/10 04:00,66043
2024/6/10 05:00,66049
2024/6/10 06:00,66054
2024/6/10 07:00,66060
2024/6/10 08:00,66066
2024/6/10 09:00,66071
2024/6/10 10:00,66080
2024/6/10 11:00,66089
2024/6/10 12:00,66099
2024/6/10 13:00,66109
2024/6/10 14:00,66123
2024/6/10 15:00,66137
2024/6/10 16:00,66152
2024/6/10 17:00,66167
2024/6/10 18:00,66183
2024/6/10 19:00,66199
2024/6/10 20:00,66216
2024/6/10 21:00,66234
2024/6/10 22:00,66251
2024/6/10 23:00,66262
2024/6/11 00:00,66268
2024/6/11 01:00,66274
2024/6/11 02:00,66279
2024/6/11 03:00,66285
2024/6/11 04:00,66291
2024/6/11 05:00,66296
2024/6/11 06:00,66302
2024/6/11 07:00,66310
2024/6/11 08:00,66318
2024/6/11 09:00,66330
2024/6/11 10:00,66345
2024/6/11 11:00,66366
2024/6/11 12:00,66386
2024/6/11 13:00,66404
2024/6/11 14:00,66422
2024/6/11 15:00,66450
2024/6/11 16:00,66481
2024/6/11 17:00,
2024/6/11 18:00,
2024/6/11 19:00,
2024/6/11 20:00,
2024/6/11 21:00,66616
2024/6/11 22:00,66640
2024/6/11 23:00,66657
2024/6/12 00:00,66665
2024/6/12 01:00,66672
2024/6/12 02:00,66678
2024/6/12 03:00,66684
2024/6/12 04:00,66690
2024/6/12 05:00,66696
2024/6/12 06:00,66702
2024/6/12 07:00,66710
2024/6/12 08:00,66728
2024/6/12 09:00,66778
2024/6/12 10:00,66830
2024/6/12 11:00,
2024/6/12 12:00,66939
2024/6/12 13:00,66966
2024/6/12 14:00,66992
2024/6/12 15:00,67059
2024/6/12 16:00,67131
2024/6/12 17:00,67201
2024/6/12 18:00,67251
2024/6/12 19:00,67282
2024/6/12 20:00,67309
2024/6/12 21:00,67339
2024/6/12 22:00,67367
2024/6/12 23:00,67379
2024/6/13 00:00,67385
2024/6/13 01:00,67391
2024/6/13 02:00,67397
2024/6/13 03:00,67403
2024/6/13 04:00,67409
2024/6/13 05:00,67415
2024/6/13 06:00,67421
2024/6/13 07:00,67429
2024/6/13 08:00,67439
2024/6/13 09:00,67469
2024/6/13 10:00,67504
2024/6/13 11:00,67551
2024/6/13 12:00,67608
2024/6/13 13:00,67635
2024/6/13 14:00,
2024/6/13 15:00,
2024/6/13 16:00,
2024/6/13 17:00,67870
2024/6/13 18:00,67940
2024/6/13 19:00,67984
2024/6/13 20:00,68014
2024/6/13 21:00,68050
2024/6/13 22:00,68083
2024/6/13 23:00,68096
2024/6/14 00:00,68102
2024/6/14 01:00,68108
2024/6/14 02:00,68114
2024/6/14 03:00,68120
2024/6/14 04:00,68126
2024/6/14 05:00,68132
2024/6/14 06:00,68137
2024/6/14 07:00,68145
2024/6/14 08:00,68153
2024/6/14 09:00,68173
2024/6/14 10:00,68197
2024/6/14 11:00,68233
2024/6/14 12:00,68272
2024/6/14 13:00,68296
2024/6/14 14:00,68318
2024/6/14 15:00,68349
2024/6/14 16:00,68389
2024/6/14 17:00,68437
2024/6/14 18:00,68481
2024/6/14 19:00,68501
2024/6/14 20:00,68510
2024/6/14 21:00,68517
2024/6/14 22:00,68524
2024/6/14 23:00,68532
2024/6/15 00:00,68539
2024/6/15 01:00,68547
2024/6/15 02:00,68554
2024/6/15 03:00,68561
2024/6/15 04:00,68568
2024/6/15 05:00,68575
2024/6/15 06:00,68581
2024/6/15 07:00,68587
2024/6/15 08:00,68604
2024/6/15 09:00,68689
2024/6/15 10:00,68807
2024/6/15 11:00,68930
2024/6/15 12:00,69043
2024/6/15 13:00,69101
2024/6/15 14:00,69160
2024/6/15 15:00,69302
2024/6/15 16:00,69470
2024/6/15 17:00,69632
2024/6/15 18:00,69760
2024/6/15 19:00,69782
2024/6/15 20:00,69798
2024/6/15 21:00,69815
2024/6/15 22:00,69829
2024/6/15 23:00,69840
2024/6/16 00:00,69846
2024/6/16 01:00,69853
2024/6/16 02:00,69860
2024/6/16 03:00,69866
2024/6/16 04:00,69873
2024/6/16 05:00,69880
2024/6/16 06:00,69886
2024/6/16 07:00,69892
2024/6/16 08:00,69898
2024/6/16 09:00,69907
2024/6/16 10:00,69922
2024/6/16 11:00,69937
2024/6/16 12:00,69957
2024/6/16 13:00,69975
2024/6/16 14:00,69994
2024/6/16 15:00,70017
2024/6/16 16:00,70043
2024/6/16 17:00,70069
2024/6/16 18:00,70096
2024/6/16 19:00,70124
2024/6/16 20:00,70150
2024/6/16 21:00,70176
2024/6/16 22:00,70199
2024/6/16 23:00,70210
2024/6/17 00:00,70218
2024/6/17 01:00,70224
2024/6/17 02:00,70231
2024/6/17 03:00,70237
2024/6/17 04:00,70243
2024/6/17 05:00,70249
2024/6/17 06:00,70255
2024/6/17 07:00,70263
2024/6/17 08:00,70276
2024/6/17 09:00,70311
2024/6/17 10:00,70350
2024/6/17 11:00,70398
2024/6/17 12:00,70441
2024/6/17 13:00,70463
2024/6/17 14:00,70484
2024/6/17 15:00,70524
2024/6/17 16:00,70578
2024/6/17 17:00,70630
2024/6/17 18:00,70674
2024/6/17 19:00,70704
2024/6/17 20:00,70726
2024/6/17 21:00,70748
2024/6/17 22:00,70767
2024/6/17 23:00,70777
2024/6/18 00:00,70783
2024/6/18 01:00,70789
2024/6/18 02:00,70795
2024/6/18 03:00,70800
2024/6/18 04:00,70806
2024/6/18 05:00,70812
2024/6/18 06:00,70818
2024/6/18 07:00,70825
2024/6/18 08:00,70834
2024/6/18 09:00,70844
2024/6/18 10:00,70860
2024/6/18 11:00,70884
2024/6/18 12:00,70909
2024/6/18 13:00,70924
2024/6/18 14:00,70940
2024/6/18 15:00,70962
2024/6/18 16:00,70990
2024/6/18 17:00,71015
2024/6/18 18:00,71043
2024/6/18 19:00,71065
2024/6/18 20:00,71083
2024/6/18 21:00,71103
2024/6/18 22:00,71121
2024/6/18 23:00,71131
2024/6/19 00:00,71138
2024/6/19 01:00,71145
2024/6/19 02:00,71152
2024/6/19 03:00,71159
2024/6/19 04:00,71165
2024/6/19 05:00,71172
2024/6/19 06:00,71178
2024/6/19 07:00,71187
2024/6/19 08:00,71196
2024/6/19 09:00,71220
2024/6/19 10:00,71251
2024/6/19 11:00,71291
2024/6/19 12:00,71333
2024/6/19 13:00,71353
2024/6/19 14:00,71372
2024/6/19 15:00,71398
2024/6/19 16:00,71434
2024/6/19 17:00,71476
2024/6/19 18:00,71518
2024/6/19 19:00,71549
2024/6/19 20:00,71575
2024/6/19 21:00,71601
2024/6/19 22:00,71622
2024/6/19 23:00,71633
2024/6/20 00:00,71639
2024/6/20 01:00,71644
2024/6/20 02:00,71650
2024/6/20 03:00,71656
2024/6/20 04:00,71661
2024/6/20 05:00,71667
2024/6/20 06:00,71673
2024/6/20 07:00,71680
2024/6/20 08:00,71689
2024/6/20 09:00,71708
2024/6/20 10:00,71729
2024/6/20 11:00,71766
2024/6/20 12:00,71806
2024/6/20 13:00,71827
2024/6/20 14:00,71847
2024/6/20 15:00,71878
2024/6/20 16:00,71922
2024/6/20 17:00,71969
2024/6/20 18:00,72010
2024/6/20 19:00,72039
2024/6/20 20:00,72063
2024/6/20 21:00,72087
2024/6/20 22:00,72108
2024/6/20 23:00,72121
2024/6/21 00:00,72126
2024/6/21 01:00,72133
2024/6/21 02:00,72139
2024/6/21 03:00,72145
2024/6/21 04:00,72151
2024/6/21 05:00,72156
2024/6/21 06:00,72162
2024/6/21 07:00,72170
2024/6/21 08:00,72179
2024/6/21 09:00,72190
2024/6/21 10:00,72205
2024/6/21 11:00,72225
2024/6/21 12:00,72250
2024/6/21 13:00,72266
2024/6/21 14:00,72282
2024/6/21 15:00,72307
2024/6/21 16:00,72340
2024/6/21 17:00,72366
2024/6/21 18:00,72394
2024/6/21 19:00,72415
2024/6/21 20:00,72432
2024/6/21 21:00,72450
2024/6/21 22:00,72466
2024/6/21 23:00,72476
2024/6/22 00:00,72481
2024/6/22 01:00,72487
2024/6/22 02:00,72493
2024/6/22 03:00,72499
2024/6/22 04:00,72504
2024/6/22 05:00,72510
2024/6/22 06:00,72516
2024/6/22 07:00,72521
2024/6/22 08:00,72527
2024/6/22 09:00,72534
2024/6/22 10:00,72544
2024/6/22 11:00,72555
2024/6/22 12:00,72566
2024/6/22 13:00,72577
2024/6/22 14:00,72586
2024/6/22 15:00,72598
2024/6/22 16:00,72611
2024/6/22 17:00,72626
2024/6/22 18:00,72640
2024/6/22 19:00,72653
2024/6/22 20:00,72668
2024/6/22 21:00,72684
2024/6/22 22:00,72697
2024/6/22 23:00,72706
2024/6/23 00:00,72711
2024/6/23 01:00,72717
2024/6/23 02:00,72723
2024/6/23 03:00,72728
2024/6/23 04:00,72734
2024/6/23 05:00,72740
2024/6/23 06:00,72745
2024/6/23 07:00,72751
2024/6/23 08:00,72756
2024/6/23 09:00,72763
2024/6/23 10:00,72771
2024/6/23 11:00,72780
2024/6/23 12:00,72791
2024/6/23 13:00,72801
2024/6/23 14:00,72812
2024/6/23 15:00,72824
2024/6/23 16:00,72838
2024/6/23 17:00,72853
2024/6/23 18:00,72867
2024/6/23 19:00,72882
2024/6/23 20:00,72897
2024/6/23 21:00,72910
2024/6/23 22:00,72922
2024/6/23 23:00,72930
2024/6/24 00:00,72935
2024/6/24 01:00,72941
2024/6/24 02:00,72947
2024/6/24 03:00,72953
2024/6/24 04:00,72959
2024/6/24 05:00,72965
2024/6/24 06:00,72971
2024/6/24 07:00,72977
2024/6/24 08:00,72987
2024/6/24 09:00,73001
2024/6/24 10:00,73018
2024/6/24 11:00,73049
2024/6/24 12:00,73077
2024/6/24 13:00,73090
2024/6/24 14:00,73102
2024/6/24 15:00,73124
2024/6/24 16:00,73149
2024/6/24 17:00,73178
2024/6/24 18:00,73206
2024/6/24 19:00,73229
2024/6/24 20:00,73251
2024/6/24 21:00,73282
2024/6/24 22:00,73301
2024/6/24 23:00,73310
2024/6/25 00:00,73317
2024/6/25 01:00,73323
2024/6/25 02:00,73330
2024/6/25 03:00,73336
2024/6/25 04:00,73343
2024/6/25 05:00,73349
2024/6/25 06:00,73354
2024/6/25 07:00,73362
2024/6/25 08:00,73375
2024/6/25 09:00,73397
2024/6/25 10:00,73422
2024/6/25 11:00,73451
2024/6/25 12:00,73476
2024/6/25 13:00,73490
2024/6/25 14:00,73505
2024/6/25 15:00,73526
2024/6/25 16:00,73551
2024/6/25 17:00,73580
2024/6/25 18:00,73611
2024/6/25 19:00,73647
2024/6/25 20:00,73802
2024/6/25 21:00,73888
2024/6/25 22:00,73910
2024/6/25 23:00,73924
2024/6/26 00:00,73930
2024/6/26 01:00,73935
2024/6/26 02:00,73941
2024/6/26 03:00,73947
2024/6/26 04:00,73953
2024/6/26 05:00,73958
2024/6/26 06:00,73964
2024/6/26 07:00,73970
2024/6/26 08:00,73979
2024/6/26 09:00,73999
2024/6/26 10:00,74019
2024/6/26 11:00,74047
2024/6/26 12:00,74075
2024/6/26 13:00,74090
2024/6/26 14:00,74105
2024/6/26 15:00,74126
2024/6/26 16:00,74157
2024/6/26 17:00,74195
2024/6/26 18:00,74231
2024/6/26 19:00,74257
2024/6/26 20:00,74279
2024/6/26 21:00,74298
2024/6/26 22:00,74314
2024/6/26 23:00,74323
2024/6/27 00:00,74329
2024/6/27 01:00,74335
2024/6/27 02:00,74341
2024/6/27 03:00,74346
2024/6/27 04:00,74352
2024/6/27 05:00,74357
2024/6/27 06:00,74363
2024/6/27 07:00,74370
2024/6/27 08:00,74378
2024/6/27 09:00,74392
2024/6/27 10:00,74409
2024/6/27 11:00,74443
2024/6/27 12:00,74476
2024/6/27 13:00,74493
2024/6/27 14:00,74511
2024/6/27 15:00,74549
2024/6/27 16:00,74598
2024/6/27 17:00,74650
2024/6/27 18:00,74696
2024/6/27 19:00,74725
2024/6/27 20:00,74748
2024/6/27 21:00,74770
2024/6/27 22:00,74791
2024/6/27 23:00,74801
2024/6/28 00:00,74806
2024/6/28 01:00,74812
2024/6/28 02:00,74818
2024/6/28 03:00,74824
2024/6/28 04:00,74829
2024/6/28 05:00,74835
2024/6/28 06:00,74841
2024/6/28 07:00,74847
2024/6/28 08:00,74856
2024/6/28 09:00,74874
2024/6/28 10:00,74895
2024/6/28 11:00,74924
2024/6/28 12:00,74950
2024/6/28 13:00,74964
2024/6/28 14:00,74978
2024/6/28 15:00,75006
2024/6/28 16:00,75037
2024/6/28 17:00,75072
2024/6/28 18:00,75105
2024/6/28 19:00,75127
2024/6/28 20:00,75145
2024/6/28 21:00,75162
2024/6/28 22:00,75174
2024/6/28 23:00,75183
2024/6/29 00:00,75189
2024/6/29 01:00,75194
2024/6/29 02:00,75200
2024/6/29 03:00,75206
2024/6/29 04:00,75211
2024/6/29 05:00,75217
2024/6/29 06:00,75222
2024/6/29 07:00,75228
2024/6/29 08:00,75234
2024/6/29 09:00,75240
2024/6/29 10:00,75251
2024/6/29 11:00,75267
2024/6/29 12:00,75283
2024/6/29 13:00,75293
2024/6/29 14:00,75305
2024/6/29 15:00,75320
2024/6/29 16:00,75336
2024/6/29 17:00,75352
2024/6/29 18:00,75367
2024/6/29 19:00,75383
2024/6/29 20:00,75398
2024/6/29 21:00,75412
2024/6/29 22:00,75427
2024/6/29 23:00,75435
2024/6/30 00:00,75442
2024/6/30 01:00,75449
2024/6/30 02:00,75456
2024/6/30 03:00,75462
2024/6/30 04:00,75469
2024/6/30 05:00,75475
2024/6/30 06:00,75482
2024/6/30 07:00,75487
2024/6/30 08:00,75494
2024/6/30 09:00,75502
2024/6/30 10:00,75516
2024/6/30 11:00,75528
2024/6/30 12:00,75540
2024/6/30 13:00,75550
2024/6/30 14:00,75562
2024/6/30 15:00,75576
2024/6/30 16:00,75592
2024/6/30 17:00,75609
2024/6/30 18:00,75625
2024/6/30 19:00,75640
2024/6/30 20:00,75656
2024/6/30 21:00,75673
2024/6/30 22:00,75688
2024/6/30 23:00,75696
2024/7/1 00:00,75702
2024/7/1 01:00,75708
2024/7/1 02:00,75715
2024/7/1 03:00,75721
2024/7/1 04:00,75728
2024/7/1 05:00,75734
2024/7/1 06:00,75741
2024/7/1 07:00,75751
2024/7/1 08:00,75762
2024/7/1 09:00,75782
2024/7/1 10:00,75813
2024/7/1 11:00,75840
2024/7/1 12:00,75866
2024/7/1 13:00,75882
2024/7/1 14:00,75901
2024/7/1 15:00,75924
2024/7/1 16:00,75951
2024/7/1 17:00,75979
2024/7/1 18:00,76006
2024/7/1 19:00,76027
2024/7/1 20:00,76048
2024/7/1 21:00,76068
2024/7/1 22:00,76087
2024/7/1 23:00,76099
2024/7/2 00:00,76104
2024/7/2 01:00,76110
2024/7/2 02:00,76115
2024/7/2 03:00,76121
2024/7/2 04:00,76126
2024/7/2 05:00,76132
2024/7/2 06:00,76137
2024/7/2 07:00,76144
2024/7/2 08:00,76154
2024/7/2 09:00,76172
2024/7/2 10:00,76197
2024/7/2 11:00,76229
2024/7/2 12:00,76258
2024/7/2 13:00,76278
2024/7/2 14:00,76300
2024/7/2 15:00,76336
2024/7/2 16:00,76376
2024/7/2 17:00,76408
2024/7/2 18:00,76434
2024/7/2 19:00,76456
2024/7/2 20:00,76478
2024/7/2 21:00,76500
2024/7/2 22:00,76518
2024/7/2 23:00,76529
2024/7/3 00:00,76536
2024/7/3 01:00,76542
2024/7/3 02:00,76548
2024/7/3 03:00,76554
2024/7/3 04:00,76560
2024/7/3 05:00,76566
2024/7/3 06:00,76572
2024/7/3 07:00,76579
2024/7/3 08:00,76589
2024/7/3 09:00,76605
2024/7/3 10:00,76623
2024/7/3 11:00,76641
2024/7/3 12:00,76659
2024/7/3 13:00,76676
2024/7/3 14:00,76695
2024/7/3 15:00,76717
2024/7/3 16:00,76743
2024/7/3 17:00,76770
2024/7/3 18:00,76797
2024/7/3 19:00,76881
2024/7/3 20:00,76972
2024/7/3 21:00,77051
2024/7/3 22:00,77079
2024/7/3 23:00,77096
2024/7/4 00:00,77102
2024/7/4 01:00,77108
2024/7/4 02:00,77113
2024/7/4 03:00,77119
2024/7/4 04:00,77125
2024/7/4 05:00,77130
2024/7/4 06:00,77136
2024/7/4 07:00,77143
2024/7/4 08:00,77150
2024/7/4 09:00,77165
2024/7/4 10:00,77189
2024/7/4 11:00,77216
2024/7/4 12:00,77239
2024/7/4 13:00,77255
2024/7/4 14:00,77271
2024/7/4 15:00,77299
2024/7/4 16:00,77332
2024/7/4 17:00,77364
2024/7/4 18:00,77387
2024/7/4 19:00,77407
2024/7/4 20:00,77426
2024/7/4 21:00,77444
2024/7/4 22:00,77460
2024/7/4 23:00,77469
2024/7/5 00:00,77474
2024/7/5 01:00,77480
2024/7/5 02:00,77486
2024/7/5 03:00,77492
2024/7/5 04:00,77498
2024/7/5 05:00,77505
2024/7/5 06:00,77512
2024/7/5 07:00,77520
2024/7/5 08:00,77532
2024/7/5 09:00,77552
2024/7/5 10:00,77574
2024/7/5 11:00,77597
2024/7/5 12:00,77618
2024/7/5 13:00,77636
2024/7/5 14:00,77655
2024/7/5 15:00,77677
2024/7/5 16:00,77702
2024/7/5 17:00,77728
2024/7/5 18:00,77752
2024/7/5 19:00,77773
2024/7/5 20:00,77793
2024/7/5 21:00,77815
2024/7/5 22:00,77830
2024/7/5 23:00,77839
2024/7/6 00:00,77844
2024/7/6 01:00,77850
2024/7/6 02:00,77856
2024/7/6 03:00,77862
2024/7/6 04:00,77868
2024/7/6 05:00,77873
2024/7/6 06:00,77879
2024/7/6 07:00,77884
2024/7/6 08:00,77890
2024/7/6 09:00,77896
2024/7/6 10:00,77903
2024/7/6 11:00,77912
2024/7/6 12:00,77922
2024/7/6 13:00,77931
2024/7/6 14:00,77942
2024/7/6 15:00,77954
2024/7/6 16:00,77968
2024/7/6 17:00,77981
2024/7/6 18:00,77995
2024/7/6 19:00,78008
2024/7/6 20:00,78022
2024/7/6 21:00,78034
2024/7/6 22:00,78045
2024/7/6 23:00,78054
2024/7/7 00:00,78060
2024/7/7 01:00,78066
2024/7/7 02:00,
2024/7/7 03:00,78079
2024/7/7 04:00,78086
2024/7/7 05:00,78092
2024/7/7 06:00,78099
2024/7/7 07:00,78104
2024/7/7 08:00,78111
2024/7/7 09:00,78118
2024/7/7 10:00,78130
2024/7/7 11:00,78142
2024/7/7 12:00,78155
2024/7/7 13:00,78167
2024/7/7 14:00,78179
2024/7/7 15:00,78193
2024/7/7 16:00,78205
2024/7/7 17:00,78219
2024/7/7 18:00,78235
2024/7/7 19:00,78252
2024/7/7 20:00,78268
2024/7/7 21:00,78283
2024/7/7 22:00,78297
2024/7/7 23:00,78306
2024/7/8 00:00,78313
2024/7/8 01:00,78322
2024/7/8 02:00,78331
2024/7/8 03:00,78341
2024/7/8 04:00,78351
2024/7/8 05:00,78360
2024/7/8 06:00,78370
2024/7/8 07:00,78379
2024/7/8 08:00,78391
2024/7/8 09:00,78409
2024/7/8 10:00,78431
2024/7/8 11:00,78455
2024/7/8 12:00,78478
2024/7/8 13:00,78495
2024/7/8 14:00,78514
2024/7/8 15:00,78540
2024/7/8 16:00,78573
2024/7/8 17:00,78606
2024/7/8 18:00,78629
2024/7/8 19:00,78648
2024/7/8 20:00,78666
2024/7/8 21:00,78683
2024/7/8 22:00,78698
2024/7/8 23:00,78707
2024/7/9 00:00,78713
2024/7/9 01:00,78719
2024/7/9 02:00,78724
2024/7/9 03:00,78730
2024/7/9 04:00,78735
2024/7/9 05:00,78741
2024/7/9 06:00,78746
2024/7/9 07:00,78753
2024/7/9 08:00,78760
2024/7/9 09:00,78775
2024/7/9 10:00,78806
2024/7/9 11:00,78837
2024/7/9 12:00,78867
2024/7/9 13:00,78891
2024/7/9 14:00,78919
2024/7/9 15:00,78962
2024/7/9 16:00,79008
2024/7/9 17:00,79048
2024/7/9 18:00,79082
2024/7/9 19:00,79108
2024/7/9 20:00,79133
2024/7/9 21:00,79157
2024/7/9 22:00,79180
2024/7/9 23:00,79190
2024/7/10 00:00,79196
2024/7/10 01:00,79201
2024/7/10 02:00,79207
2024/7/10 03:00,79212
2024/7/10 04:00,79218
2024/7/10 05:00,79223
2024/7/10 06:00,79229
2024/7/10 07:00,79236
2024/7/10 08:00,79244
2024/7/10 09:00,79260
2024/7/10 10:00,79275
2024/7/10 11:00,79294
2024/7/10 12:00,79313
2024/7/10 13:00,79333
2024/7/10 14:00,79352
2024/7/10 15:00,79372
2024/7/10 16:00,79394
2024/7/10 17:00,79414
2024/7/10 18:00,79437
2024/7/10 19:00,79457
2024/7/10 20:00,79476
2024/7/10 21:00,79496
2024/7/10 22:00,79514
2024/7/10 23:00,79523
2024/7/11 00:00,79527
2024/7/11 01:00,79532
2024/7/11 02:00,79536
2024/7/11 03:00,79540
2024/7/11 04:00,79545
2024/7/11 05:00,79549
2024/7/11 06:00,79553
2024/7/11 07:00,79559
2024/7/11 08:00,79565
2024/7/11 09:00,79581
2024/7/11 10:00,79604
2024/7/11 11:00,79633
2024/7/11 12:00,79660
2024/7/11 13:00,79684
2024/7/11 14:00,79708
2024/7/11 15:00,79734
2024/7/11 16:00,79761
2024/7/11 17:00,79791
2024/7/11 18:00,79817
2024/7/11 19:00,79842
2024/7/11 20:00,79866
2024/7/11 21:00,79891
2024/7/11 22:00,79912
2024/7/11 23:00,79921
2024/7/12 00:00,79926
2024/7/12 01:00,79931
2024/7/12 02:00,79936
2024/7/12 03:00,79942
2024/7/12 04:00,79947
2024/7/12 05:00,79952
2024/7/12 06:00,79957
2024/7/12 07:00,79962
2024/7/12 08:00,79967
2024/7/12 09:00,79992
2024/7/12 10:00,80017
2024/7/12 11:00,80044
2024/7/12 12:00,80072
2024/7/12 13:00,80095
2024/7/12 14:00,80118
2024/7/12 15:00,80146
2024/7/12 16:00,80175
2024/7/12 17:00,80203
2024/7/12 18:00,80227
2024/7/12 19:00,80248
2024/7/12 20:00,80267
2024/7/12 21:00,80287
2024/7/12 22:00,80308
2024/7/12 23:00,80314
2024/7/13 00:00,80318
2024/7/13 01:00,80322
2024/7/13 02:00,80326
2024/7/13 03:00,80330
2024/7/13 04:00,80334
2024/7/13 05:00,80338
2024/7/13 06:00,80341
2024/7/13 07:00,80345
2024/7/13 08:00,80348
2024/7/13 09:00,80354
2024/7/13 10:00,80361
2024/7/13 11:00,80379
2024/7/13 12:00,80396
2024/7/13 13:00,80412
2024/7/13 14:00,80429
2024/7/13 15:00,80447
2024/7/13 16:00,80457
2024/7/13 17:00,80467
2024/7/13 18:00,80478
2024/7/13 19:00,80484
2024/7/13 20:00,80490
2024/7/13 21:00,80498
2024/7/13 22:00,80506
2024/7/13 23:00,80510
2024/7/14 00:00,80513
2024/7/14 01:00,80516
2024/7/14 02:00,80519
2024/7/14 03:00,80522
2024/7/14 04:00,80525
2024/7/14 05:00,80528
2024/7/14 06:00,80531
2024/7/14 07:00,80534
2024/7/14 08:00,80537
2024/7/14 09:00,80542
2024/7/14 10:00,80550
2024/7/14 11:00,80559
2024/7/14 12:00,80567
2024/7/14 13:00,80574
2024/7/14 14:00,80580
2024/7/14 15:00,80587
2024/7/14 16:00,80594
2024/7/14 17:00,80602
2024/7/14 18:00,80607
2024/7/14 19:00,80613
2024/7/14 20:00,80617
2024/7/14 21:00,80621
2024/7/14 22:00,80624
2024/7/14 23:00,80628
2024/7/15 00:00,80632
2024/7/15 01:00,80636
2024/7/15 02:00,80640
2024/7/15 03:00,80644
2024/7/15 04:00,80648
2024/7/15 05:00,80652
2024/7/15 06:00,80655
2024/7/15 07:00,80659
2024/7/15 08:00,80663
2024/7/15 09:00,80669
2024/7/15 10:00,80677
2024/7/15 11:00,80685
2024/7/15 12:00,80694
2024/7/15 13:00,80701
2024/7/15 14:00,80710
2024/7/15 15:00,80720
2024/7/15 16:00,80729
2024/7/15 17:00,80737
2024/7/15 18:00,80745
2024/7/15 19:00,80751
2024/7/15 20:00,80755
2024/7/15 21:00,80759
2024/7/15 22:00,80764
2024/7/15 23:00,80768
2024/7/16 00:00,80772
2024/7/16 01:00,80775
2024/7/16 02:00,80778
2024/7/16 03:00,80781
2024/7/16 04:00,80784
2024/7/16 05:00,80787
2024/7/16 06:00,80790
2024/7/16 07:00,80793
2024/7/16 08:00,80796
2024/7/16 09:00,80801
2024/7/16 10:00,80805
2024/7/16 11:00,80809
2024/7/16 12:00,80813
2024/7/16 13:00,80817
2024/7/16 14:00,80820
2024/7/16 15:00,80825
2024/7/16 16:00,80829
2024/7/16 17:00,80834
2024/7/16 18:00,80838
2024/7/16 19:00,80841
2024/7/16 20:00,80843
2024/7/16 21:00,80847
2024/7/16 22:00,80854
2024/7/16 23:00,80858
2024/7/17 00:00,80861
2024/7/17 01:00,80865
2024/7/17 02:00,80869
2024/7/17 03:00,80873
2024/7/17 04:00,80876
2024/7/17 05:00,80879
2024/7/17 06:00,80882
2024/7/17 07:00,80885
2024/7/17 08:00,80888
2024/7/17 09:00,80891
2024/7/17 10:00,80895
2024/7/17 11:00,80899
2024/7/17 12:00,80905
2024/7/17 13:00,80911
2024/7/17 14:00,80916
2024/7/17 15:00,80920
2024/7/17 16:00,80924
2024/7/17 17:00,80927
2024/7/17 18:00,80931
2024/7/17 19:00,80935
2024/7/17 20:00,80939
2024/7/17 21:00,80943
2024/7/17 22:00,80946
2024/7/17 23:00,80949
2024/7/18 00:00,80952
2024/7/18 01:00,80955
2024/7/18 02:00,80957
2024/7/18 03:00,80960
2024/7/18 04:00,80963
2024/7/18 05:00,80966
2024/7/18 06:00,80969
2024/7/18 07:00,80972
2024/7/18 08:00,80975
2024/7/18 09:00,80977
2024/7/18 10:00,80981
2024/7/18 11:00,80985
2024/7/18 12:00,80989
2024/7/18 13:00,80993
2024/7/18 14:00,80997
2024/7/18 15:00,81002
2024/7/18 16:00,81006
2024/7/18 17:00,81010
2024/7/18 18:00,81014
2024/7/18 19:00,81018
2024/7/18 20:00,81021
2024/7/18 21:00,81024
2024/7/18 22:00,81027
2024/7/18 23:00,81030
2024/7/19 00:00,81033
2024/7/19 01:00,81036
2024/7/19 02:00,81039
2024/7/19 03:00,81042
2024/7/19 04:00,81045
2024/7/19 05:00,81048
2024/7/19 06:00,81051
2024/7/19 07:00,81054
2024/7/19 08:00,81057
2024/7/19 09:00,81060
2024/7/19 10:00,81065
2024/7/19 11:00,81072
2024/7/19 12:00,81076
2024/7/19 13:00,81081
2024/7/19 14:00,81086
2024/7/19 15:00,81091
2024/7/19 16:00,81097
2024/7/19 17:00,81102
2024/7/19 18:00,81107
2024/7/19 19:00,81113
2024/7/19 20:00,81117
2024/7/19 21:00,81120
2024/7/19 22:00,81123
2024/7/19 23:00,81126
2024/7/20 00:00,81130
2024/7/20 01:00,81133
2024/7/20 02:00,81136
2024/7/20 03:00,81138
2024/7/20 04:00,81141
2024/7/20 05:00,81144
2024/7/20 06:00,81147
2024/7/20 07:00,81150
2024/7/20 08:00,81153
2024/7/20 09:00,81156
2024/7/20 10:00,81160
2024/7/20 11:00,81163
2024/7/20 12:00,81167
2024/7/20 13:00,81171
2024/7/20 14:00,81174
2024/7/20 15:00,81177
2024/7/20 16:00,81180
2024/7/20 17:00,81183
2024/7/20 18:00,81186
2024/7/20 19:00,81189
2024/7/20 20:00,81193
2024/7/20 21:00,81197
2024/7/20 22:00,81200
2024/7/20 23:00,81203
2024/7/21 00:00,81206
2024/7/21 01:00,81209
2024/7/21 02:00,81212
2024/7/21 03:00,81215
2024/7/21 04:00,81218
2024/7/21 05:00,81221
2024/7/21 06:00,81224
2024/7/21 07:00,81227
2024/7/21 08:00,81230
2024/7/21 09:00,81233
2024/7/21 10:00,81235
2024/7/21 11:00,81239
2024/7/21 12:00,81244
2024/7/21 13:00,81250
2024/7/21 14:00,81254
2024/7/21 15:00,81258
2024/7/21 16:00,81262
2024/7/21 17:00,81266
2024/7/21 18:00,81270
2024/7/21 19:00,81275
2024/7/21 20:00,81279
2024/7/21 21:00,81279
2024/7/21 22:00,81279
2024/7/21 23:00,81279
2024/7/22 00:00,81279
2024/7/22 01:00,81279
2024/7/22 02:00,81279
2024/7/22 03:00,81279
2024/7/22 04:00,81279
2024/7/22 05:00,81279
2024/7/22 06:00,81279
2024/7/22 07:00,81281
2024/7/22 08:00,81285
2024/7/22 09:00,81289
2024/7/22 10:00,81292
2024/7/22 11:00,81295
2024/7/22 12:00,81299
2024/7/22 13:00,81302
2024/7/22 14:00,81305
2024/7/22 15:00,81308
2024/7/22 16:00,81312
2024/7/22 17:00,81315
2024/7/22 18:00,81317
2024/7/22 19:00,81320
2024/7/22 20:00,81324
2024/7/22 21:00,81327
2024/7/22 22:00,81330
2024/7/22 23:00,81333
2024/7/23 00:00,81336
2024/7/23 01:00,81339
2024/7/23 02:00,81342
2024/7/23 03:00,81345
2024/7/23 04:00,81348
2024/7/23 05:00,81351
2024/7/23 06:00,81354
2024/7/23 07:00,81356
2024/7/23 08:00,81359
2024/7/23 09:00,81362
2024/7/23 10:00,81376
2024/7/23 11:00,81413
2024/7/23 12:00,81421
2024/7/23 13:00,81424
2024/7/23 14:00,81426
2024/7/23 15:00,81435
2024/7/23 16:00,81458
2024/7/23 17:00,81467
2024/7/23 18:00,81470
2024/7/23 19:00,81474
2024/7/23 20:00,81477
2024/7/23 21:00,81480
2024/7/23 22:00,81483
2024/7/23 23:00,81486
2024/7/24 00:00,81488
2024/7/24 01:00,81491
2024/7/24 02:00,81493
2024/7/24 03:00,81496
2024/7/24 04:00,81499
2024/7/24 05:00,81501
2024/7/24 06:00,81504
2024/7/24 07:00,81506
2024/7/24 08:00,81509
2024/7/24 09:00,81532
2024/7/24 10:00,81559
2024/7/24 11:00,81575
2024/7/24 12:00,81584
2024/7/24 13:00,81587
2024/7/24 14:00,81590
2024/7/24 15:00,81595
2024/7/24 16:00,81605
2024/7/24 17:00,81615
2024/7/24 18:00,81622
2024/7/24 19:00,81627
2024/7/24 20:00,81630
2024/7/24 21:00,81633
2024/7/24 22:00,81637
2024/7/24 23:00,81640
2024/7/25 00:00,81643
2024/7/25 01:00,81646
2024/7/25 02:00,81649
2024/7/25 03:00,81652
2024/7/25 04:00,81655
2024/7/25 05:00,81658
2024/7/25 06:00,81661
2024/7/25 07:00,81664
2024/7/25 08:00,81667
2024/7/25 09:00,81670
2024/7/25 10:00,81684
2024/7/25 11:00,81688
2024/7/25 12:00,81692
2024/7/25 13:00,81694
2024/7/25 14:00,81697
2024/7/25 15:00,81700
2024/7/25 16:00,81703
2024/7/25 17:00,81706
2024/7/25 18:00,81709
2024/7/25 19:00,81712
2024/7/25 20:00,81715
2024/7/25 21:00,81718
2024/7/25 22:00,81721
2024/7/25 23:00,81724
2024/7/26 00:00,81727
2024/7/26 01:00,81730
2024/7/26 02:00,81733
2024/7/26 03:00,81737
2024/7/26 04:00,81740
2024/7/26 05:00,81742
2024/7/26 06:00,81745
2024/7/26 07:00,81748
2024/7/26 08:00,81751
2024/7/26 09:00,81754
2024/7/26 10:00,81757
2024/7/26 11:00,81759
2024/7/26 12:00,81762
2024/7/26 13:00,81765
2024/7/26 14:00,81768
2024/7/26 15:00,81771
2024/7/26 16:00,81774
2024/7/26 17:00,81777
2024/7/26 18:00,81779
2024/7/26 19:00,81782
2024/7/26 20:00,81786
2024/7/26 21:00,81789
2024/7/26 22:00,81792
2024/7/26 23:00,81795
2024/7/27 00:00,81798
2024/7/27 01:00,81801
2024/7/27 02:00,81804
2024/7/27 03:00,81806
2024/7/27 04:00,81809
2024/7/27 05:00,81812
2024/7/27 06:00,81814
2024/7/27 07:00,81816
2024/7/27 08:00,81819
2024/7/27 09:00,81821
2024/7/27 10:00,81823
2024/7/27 11:00,81826
2024/7/27 12:00,81828
2024/7/27 13:00,81830
2024/7/27 14:00,81833
2024/7/27 15:00,81835
2024/7/27 16:00,81837
2024/7/27 17:00,81839
2024/7/27 18:00,81842
2024/7/27 19:00,81844
2024/7/27 20:00,81846
2024/7/27 21:00,81849
2024/7/27 22:00,81851
2024/7/27 23:00,81854
2024/7/28 00:00,81857
2024/7/28 01:00,81859
2024/7/28 02:00,81862
2024/7/28 03:00,81864
2024/7/28 04:00,81867
2024/7/28 05:00,81869
2024/7/28 06:00,81872
2024/7/28 07:00,81874
2024/7/28 08:00,81876
2024/7/28 09:00,81879
2024/7/28 10:00,81881
2024/7/28 11:00,81883
2024/7/28 12:00,81885
2024/7/28 13:00,81887
2024/7/28 14:00,81889
2024/7/28 15:00,81892
2024/7/28 16:00,81894
2024/7/28 17:00,81896
2024/7/28 18:00,81898
2024/7/28 19:00,81900
2024/7/28 20:00,81903
2024/7/28 21:00,81905
2024/7/28 22:00,81908
2024/7/28 23:00,81910
2024/7/29 00:00,81913
2024/7/29 01:00,81915
2024/7/29 02:00,81918
2024/7/29 03:00,81920
2024/7/29 04:00,81923
2024/7/29 05:00,81925
2024/7/29 06:00,81927
2024/7/29 07:00,81930
2024/7/29 08:00,81932
2024/7/29 09:00,81934
2024/7/29 10:00,81937
2024/7/29 11:00,81940
2024/7/29 12:00,81946
2024/7/29 13:00,81952
2024/7/29 14:00,81957
2024/7/29 15:00,81961
2024/7/29 16:00,81963
2024/7/29 17:00,81966
2024/7/29 18:00,81969
2024/7/29 19:00,81972
2024/7/29 20:00,81974
2024/7/29 21:00,81977
2024/7/29 22:00,81979
2024/7/29 23:00,81982
2024/7/30 00:00,81984
2024/7/30 01:00,81987
2024/7/30 02:00,81990
2024/7/30 03:00,81992
2024/7/30 04:00,81995
2024/7/30 05:00,81997
2024/7/30 06:00,81999
2024/7/30 07:00,82002
2024/7/30 08:00,82004
2024/7/30 09:00,82006
2024/7/30 10:00,82008
2024/7/30 11:00,82011
2024/7/30 12:00,82013
2024/7/30 13:00,82015
2024/7/30 14:00,82017
2024/7/30 15:00,82019
2024/7/30 16:00,82021
2024/7/30 17:00,82023
2024/7/30 18:00,82025
2024/7/30 19:00,82028
2024/7/30 20:00,82030
2024/7/30 21:00,82033
2024/7/30 22:00,82035
2024/7/30 23:00,82038
2024/7/31 00:00,82040
2024/7/31 01:00,82043
2024/7/31 02:00,82045
2024/7/31 03:00,82047
2024/7/31 04:00,82050
2024/7/31 05:00,82052
2024/7/31 06:00,82054
2024/7/31 07:00,82057
2024/7/31 08:00,82059
2024/7/31 09:00,82061
2024/7/31 10:00,82063
2024/7/31 11:00,82065
2024/7/31 12:00,82067
2024/7/31 13:00,82069
2024/7/31 14:00,82072
2024/7/31 15:00,82074
2024/7/31 16:00,82076
2024/7/31 17:00,82078
2024/7/31 18:00,82080
2024/7/31 19:00,82082
2024/7/31 20:00,82085
2024/7/31 21:00,82087
2024/7/31 22:00,82090
2024/7/31 23:00,82093
2024/8/1 00:00,82095
2024/8/1 01:00,82097
2024/8/1 02:00,82100
2024/8/1 03:00,82102
2024/8/1 04:00,82105
2024/8/1 05:00,82107
2024/8/1 06:00,82110
2024/8/1 07:00,82112
2024/8/1 08:00,82114
2024/8/1 09:00,82116
2024/8/1 10:00,82119
2024/8/1 11:00,82121
2024/8/1 12:00,82123
2024/8/1 13:00,82125
2024/8/1 14:00,82127
2024/8/1 15:00,82129
2024/8/1 16:00,82131
2024/8/1 17:00,82134
2024/8/1 18:00,82136
2024/8/1 19:00,82137
2024/8/1 20:00,82140
2024/8/1 21:00,82142
2024/8/1 22:00,82145
2024/8/1 23:00,82147
2024/8/2 00:00,82150
2024/8/2 01:00,82152
2024/8/2 02:00,82155
2024/8/2 03:00,82157
2024/8/2 04:00,82160
2024/8/2 05:00,82162
2024/8/2 06:00,82165
2024/8/2 07:00,82167
2024/8/2 08:00,82169
2024/8/2 09:00,82172
2024/8/2 10:00,82174
2024/8/2 11:00,82176
2024/8/2 12:00,82178
2024/8/2 13:00,82180
2024/8/2 14:00,82182
2024/8/2 15:00,82185
2024/8/2 16:00,82187
2024/8/2 17:00,82189
2024/8/2 18:00,82191
2024/8/2 19:00,82194
2024/8/2 20:00,82196
2024/8/2 21:00,82199
2024/8/2 22:00,82201
2024/8/2 23:00,82204
2024/8/3 00:00,82206
2024/8/3 01:00,82209
2024/8/3 02:00,82211
2024/8/3 03:00,82214
2024/8/3 04:00,82216
2024/8/3 05:00,82218
2024/8/3 06:00,82221
2024/8/3 07:00,82223
2024/8/3 08:00,82225
2024/8/3 09:00,82228
2024/8/3 10:00,82230
2024/8/3 11:00,82232
2024/8/3 12:00,82234
2024/8/3 13:00,82236
2024/8/3 14:00,82238
2024/8/3 15:00,82240
2024/8/3 16:00,82243
2024/8/3 17:00,82245
2024/8/3 18:00,82247
2024/8/3 19:00,82249
2024/8/3 20:00,82251
2024/8/3 21:00,82254
2024/8/3 22:00,82256
2024/8/3 23:00,82259
2024/8/4 00:00,82261
2024/8/4 01:00,82263
2024/8/4 02:00,82266
2024/8/4 03:00,82268
2024/8/4 04:00,82270
2024/8/4 05:00,82273
2024/8/4 06:00,82275
2024/8/4 07:00,82277
2024/8/4 08:00,82280
2024/8/4 09:00,82282
2024/8/4 10:00,82284
2024/8/4 11:00,82286
2024/8/4 12:00,82288
2024/8/4 13:00,82290
2024/8/4 14:00,82292
2024/8/4 15:00,82294
2024/8/4 16:00,82296
2024/8/4 17:00,82298
2024/8/4 18:00,82301
2024/8/4 19:00,82303
2024/8/4 20:00,82305
2024/8/4 21:00,82307
2024/8/4 22:00,82310
2024/8/4 23:00,82312
2024/8/5 00:00,82315
2024/8/5 01:00,82317
2024/8/5 02:00,82320
2024/8/5 03:00,82322
2024/8/5 04:00,82324
2024/8/5 05:00,82327
2024/8/5 06:00,82329
2024/8/5 07:00,82331
2024/8/5 08:00,82333
2024/8/5 09:00,82335
2024/8/5 10:00,82337
2024/8/5 11:00,82339
2024/8/5 12:00,82341
2024/8/5 13:00,82343
2024/8/5 14:00,82345
2024/8/5 15:00,82347
2024/8/5 16:00,82349
2024/8/5 17:00,82351
2024/8/5 18:00,82353
2024/8/5 19:00,82355
2024/8/5 20:00,82358
2024/8/5 21:00,82360
2024/8/5 22:00,82363
2024/8/5 23:00,82365
2024/8/6 00:00,82370
2024/8/6 01:00,82376
2024/8/6 02:00,82378
2024/8/6 03:00,82381
2024/8/6 04:00,82383
2024/8/6 05:00,82385
2024/8/6 06:00,82388
2024/8/6 07:00,82390
2024/8/6 08:00,82392
2024/8/6 09:00,82394
2024/8/6 10:00,82396
2024/8/6 11:00,82398
2024/8/6 12:00,82400
2024/8/6 13:00,82402
2024/8/6 14:00,82404
2024/8/6 15:00,82406
2024/8/6 16:00,82408
2024/8/6 17:00,82410
2024/8/6 18:00,82412
2024/8/6 19:00,82414
2024/8/6 20:00,82417
2024/8/6 21:00,82419
2024/8/6 22:00,82422
2024/8/6 23:00,82424
2024/8/7 00:00,82426
2024/8/7 01:00,82429
2024/8/7 02:00,82431
2024/8/7 03:00,82433
2024/8/7 04:00,82436
2024/8/7 05:00,82438
2024/8/7 06:00,82440
2024/8/7 07:00,82442
2024/8/7 08:00,82445
2024/8/7 09:00,82447
2024/8/7 10:00,82449
2024/8/7 11:00,82451
2024/8/7 12:00,82453
2024/8/7 13:00,82455
2024/8/7 14:00,82457
2024/8/7 15:00,82459
2024/8/7 16:00,82461
2024/8/7 17:00,82463
2024/8/7 18:00,82465
2024/8/7 19:00,82467
2024/8/7 20:00,82471
2024/8/7 21:00,82473
2024/8/7 22:00,82476
2024/8/7 23:00,82478
2024/8/8 00:00,82480
2024/8/8 01:00,82483
2024/8/8 02:00,82485
2024/8/8 03:00,82488
2024/8/8 04:00,82490
2024/8/8 05:00,82492
2024/8/8 06:00,82495
2024/8/8 07:00,82497
2024/8/8 08:00,82499
2024/8/8 09:00,82502
2024/8/8 10:00,82504
2024/8/8 11:00,82506
2024/8/8 12:00,82508
2024/8/8 13:00,82510
2024/8/8 14:00,82512
2024/8/8 15:00,82514
2024/8/8 16:00,82516
2024/8/8 17:00,82518
2024/8/8 18:00,82520
2024/8/8 19:00,82523
2024/8/8 20:00,82525
2024/8/8 21:00,82527
2024/8/8 22:00,82530
2024/8/8 23:00,82533
2024/8/9 00:00,82535
2024/8/9 01:00,82538
2024/8/9 02:00,82540
2024/8/9 03:00,82542
2024/8/9 04:00,82545
2024/8/9 05:00,82547
2024/8/9 06:00,82549
2024/8/9 07:00,82552
2024/8/9 08:00,82555
2024/8/9 09:00,82557
2024/8/9 10:00,82559
2024/8/9 11:00,82562
2024/8/9 12:00,82564
2024/8/9 13:00,82566
2024/8/9 14:00,82568
2024/8/9 15:00,82570
2024/8/9 16:00,82572
2024/8/9 17:00,82574
2024/8/9 18:00,82576
2024/8/9 19:00,82578
2024/8/9 20:00,82581
2024/8/9 21:00,82583
2024/8/9 22:00,82586
2024/8/9 23:00,82588
2024/8/10 00:00,82591
2024/8/10 01:00,82593
2024/8/10 02:00,82595
2024/8/10 03:00,82598
2024/8/10 04:00,82600
2024/8/10 05:00,82602
2024/8/10 06:00,82605
2024/8/10 07:00,82607
2024/8/10 08:00,82609
2024/8/10 09:00,82611
2024/8/10 10:00,82614
2024/8/10 11:00,82616
2024/8/10 12:00,82618
2024/8/10 13:00,82620
2024/8/10 14:00,82622
2024/8/10 15:00,82624
2024/8/10 16:00,82626
2024/8/10 17:00,82628
2024/8/10 18:00,82630
2024/8/10 19:00,82632
2024/8/10 20:00,82634
2024/8/10 21:00,82638
2024/8/10 22:00,82640
2024/8/10 23:00,82643
2024/8/11 00:00,82645
2024/8/11 01:00,82648
2024/8/11 02:00,82650
2024/8/11 03:00,82652
2024/8/11 04:00,82655
2024/8/11 05:00,82657
2024/8/11 06:00,82660
2024/8/11 07:00,82662
2024/8/11 08:00,82664
2024/8/11 09:00,82666
2024/8/11 10:00,82668
2024/8/11 11:00,82670
2024/8/11 12:00,82672
2024/8/11 13:00,82675
2024/8/11 14:00,82677
2024/8/11 15:00,82679
2024/8/11 16:00,82681
2024/8/11 17:00,82683
2024/8/11 18:00,82685
2024/8/11 19:00,82687
2024/8/11 20:00,82690
2024/8/11 21:00,82692
2024/8/11 22:00,82694
2024/8/11 23:00,82697
2024/8/12 00:00,82699
2024/8/12 01:00,82702
2024/8/12 02:00,82704
2024/8/12 03:00,82707
2024/8/12 04:00,82709
2024/8/12 05:00,82711
2024/8/12 06:00,82714
2024/8/12 07:00,82716
2024/8/12 08:00,82718
2024/8/12 09:00,82720
2024/8/12 10:00,82722
2024/8/12 11:00,82724
2024/8/12 12:00,82726
2024/8/12 13:00,82728
2024/8/12 14:00,82730
2024/8/12 15:00,82732
2024/8/12 16:00,82735
2024/8/12 17:00,82738
2024/8/12 18:00,82742
2024/8/12 19:00,82745
2024/8/12 20:00,82748
2024/8/12 21:00,82752
2024/8/12 22:00,82756
2024/8/12 23:00,82759
2024/8/13 00:00,82763
2024/8/13 01:00,82766
2024/8/13 02:00,82770
2024/8/13 03:00,82773
2024/8/13 04:00,82777
2024/8/13 05:00,82780
2024/8/13 06:00,82784
2024/8/13 07:00,82787
2024/8/13 08:00,82790
2024/8/13 09:00,82793
2024/8/13 10:00,82796
2024/8/13 11:00,82800
2024/8/13 12:00,82803
2024/8/13 13:00,82806
2024/8/13 14:00,82809
2024/8/13 15:00,82812
2024/8/13 16:00,82816
2024/8/13 17:00,82819
2024/8/13 18:00,82822
2024/8/13 19:00,82826
2024/8/13 20:00,82829
2024/8/13 21:00,82833
2024/8/13 22:00,82837
2024/8/13 23:00,82840
2024/8/14 00:00,82844
2024/8/14 01:00,82847
2024/8/14 02:00,82851
2024/8/14 03:00,82854
2024/8/14 04:00,82858
2024/8/14 05:00,82861
2024/8/14 06:00,82865
2024/8/14 07:00,82868
2024/8/14 08:00,82871
2024/8/14 09:00,82874
2024/8/14 10:00,82877
2024/8/14 11:00,82881
2024/8/14 12:00,82884
2024/8/14 13:00,82887
2024/8/14 14:00,82890
2024/8/14 15:00,82894
2024/8/14 16:00,82897
2024/8/14 17:00,82900
2024/8/14 18:00,82904
2024/8/14 19:00,82907
2024/8/14 20:00,82911
2024/8/14 21:00,82914
2024/8/14 22:00,82918
2024/8/14 23:00,82922
2024/8/15 00:00,82925
2024/8/15 01:00,82929
2024/8/15 02:00,82932
2024/8/15 03:00,82936
2024/8/15 04:00,82939
2024/8/15 05:00,82943
2024/8/15 06:00,82946
2024/8/15 07:00,82950
2024/8/15 08:00,82953
2024/8/15 09:00,82956
2024/8/15 10:00,82960
2024/8/15 11:00,82963
2024/8/15 12:00,82966
2024/8/15 13:00,82969
2024/8/15 14:00,82972
2024/8/15 15:00,82977
2024/8/15 16:00,82980
2024/8/15 17:00,82983
2024/8/15 18:00,82986
2024/8/15 19:00,82990
2024/8/15 20:00,82993
2024/8/15 21:00,82996
2024/8/15 22:00,83000
2024/8/15 23:00,83003
2024/8/16 00:00,83006
2024/8/16 01:00,83009
2024/8/16 02:00,83013
2024/8/16 03:00,83016
2024/8/16 04:00,83019
2024/8/16 05:00,83022
2024/8/16 06:00,83025
2024/8/16 07:00,83028
2024/8/16 08:00,83031
2024/8/16 09:00,83034
2024/8/16 10:00,83037
2024/8/16 11:00,83040
2024/8/16 12:00,83043
2024/8/16 13:00,83046
2024/8/16 14:00,83049
2024/8/16 15:00,83052
2024/8/16 16:00,83056
2024/8/16 17:00,83059
2024/8/16 18:00,83062
2024/8/16 19:00,83066
2024/8/16 20:00,83069
2024/8/16 21:00,83073
2024/8/16 22:00,83076
2024/8/16 23:00,83080
2024/8/17 00:00,83083
2024/8/17 01:00,83087
2024/8/17 02:00,83090
2024/8/17 03:00,83094
2024/8/17 04:00,83100
2024/8/17 05:00,83105
2024/8/17 06:00,83108
2024/8/17 07:00,83111
2024/8/17 08:00,83114
2024/8/17 09:00,83117
2024/8/17 10:00,83120
2024/8/17 11:00,83123
2024/8/17 12:00,83126
2024/8/17 13:00,83129
2024/8/17 14:00,83132
2024/8/17 15:00,83135
2024/8/17 16:00,83138
2024/8/17 17:00,83141
2024/8/17 18:00,83145
2024/8/17 19:00,83148
2024/8/17 20:00,83151
2024/8/17 21:00,83155
2024/8/17 22:00,83158
2024/8/17 23:00,83162
2024/8/18 00:00,83165
2024/8/18 01:00,83169
2024/8/18 02:00,83172
2024/8/18 03:00,83175
2024/8/18 04:00,83178
2024/8/18 05:00,83181
2024/8/18 06:00,83184
2024/8/18 07:00,83187
2024/8/18 08:00,83190
2024/8/18 09:00,83193
2024/8/18 10:00,83195
2024/8/18 11:00,83198
2024/8/18 12:00,83201
2024/8/18 13:00,83205
2024/8/18 14:00,83208
2024/8/18 15:00,83211
2024/8/18 16:00,83214
2024/8/18 17:00,83217
2024/8/18 18:00,83221
2024/8/18 19:00,83224
2024/8/18 20:00,83227
2024/8/18 21:00,83231
2024/8/18 22:00,83234
2024/8/18 23:00,83238
2024/8/19 00:00,83241
2024/8/19 01:00,83245
2024/8/19 02:00,83248
2024/8/19 03:00,83251
2024/8/19 04:00,83254
2024/8/19 05:00,83257
2024/8/19 06:00,83260
2024/8/19 07:00,83263
2024/8/19 08:00,83266
2024/8/19 09:00,83269
2024/8/19 10:00,83272
2024/8/19 11:00,83275
2024/8/19 12:00,83278
2024/8/19 13:00,83281
2024/8/19 14:00,83284
2024/8/19 15:00,83287
2024/8/19 16:00,83290
2024/8/19 17:00,83293
2024/8/19 18:00,83297
2024/8/19 19:00,83300
2024/8/19 20:00,83304
2024/8/19 21:00,83307
2024/8/19 22:00,83311
2024/8/19 23:00,83315
2024/8/20 00:00,83318
2024/8/20 01:00,83322
2024/8/20 02:00,83325
2024/8/20 03:00,83329
2024/8/20 04:00,83332
2024/8/20 05:00,83335
2024/8/20 06:00,83339
2024/8/20 07:00,83342
2024/8/20 08:00,83345
2024/8/20 09:00,83346
2024/8/20 10:00,83346
2024/8/20 11:00,83346
2024/8/20 12:00,83346
2024/8/20 13:00,83346
2024/8/20 14:00,83346
2024/8/20 15:00,83346
2024/8/20 16:00,83346
2024/8/20 17:00,83346
2024/8/20 18:00,83346
2024/8/20 19:00,83346
2024/8/20 20:00,83346
2024/8/20 21:00,83346
2024/8/20 22:00,83349
2024/8/20 23:00,83352
2024/8/21 00:00,83354
2024/8/21 01:00,83357
2024/8/21 02:00,83359
2024/8/21 03:00,83361
2024/8/21 04:00,83364
2024/8/21 05:00,83366
2024/8/21 06:00,83369
2024/8/21 07:00,83371
2024/8/21 08:00,83373
2024/8/21 09:00,83375
2024/8/21 10:00,83377
2024/8/21 11:00,83382
2024/8/21 12:00,83391
2024/8/21 13:00,83394
2024/8/21 14:00,83396
2024/8/21 15:00,83397
2024/8/21 16:00,83400
2024/8/21 17:00,83402
2024/8/21 18:00,83404
2024/8/21 19:00,83406
2024/8/21 20:00,83408
2024/8/21 21:00,83411
2024/8/21 22:00,83413
2024/8/21 23:00,83415
2024/8/22 00:00,83418
2024/8/22 01:00,83420
2024/8/22 02:00,83423
2024/8/22 03:00,83425
2024/8/22 04:00,83427
2024/8/22 05:00,83430
2024/8/22 06:00,83432
2024/8/22 07:00,83434
2024/8/22 08:00,83436
2024/8/22 09:00,83439
2024/8/22 10:00,83441
2024/8/22 11:00,83443
2024/8/22 12:00,83445
2024/8/22 13:00,83447
2024/8/22 14:00,83450
2024/8/22 15:00,83452
2024/8/22 16:00,83455
2024/8/22 17:00,83458
2024/8/22 18:00,83460
2024/8/22 19:00,83463
2024/8/22 20:00,83465
2024/8/22 21:00,83468
2024/8/22 22:00,83471
2024/8/22 23:00,83473
2024/8/23 00:00,83475
2024/8/23 01:00,83478
2024/8/23 02:00,83480
2024/8/23 03:00,83483
2024/8/23 04:00,83485
2024/8/23 05:00,83488
2024/8/23 06:00,83490
2024/8/23 07:00,83492
2024/8/23 08:00,83495
2024/8/23 09:00,83497
2024/8/23 10:00,83501
2024/8/23 11:00,83504
2024/8/23 12:00,83508
2024/8/23 13:00,83511
2024/8/23 14:00,83515
2024/8/23 15:00,83518
2024/8/23 16:00,83522
2024/8/23 17:00,83525
2024/8/23 18:00,83529
2024/8/23 19:00,83532
2024/8/23 20:00,83535
2024/8/23 21:00,83538
2024/8/23 22:00,83541
2024/8/23 23:00,83544
2024/8/24 00:00,83546
2024/8/24 01:00,83548
2024/8/24 02:00,83551
2024/8/24 03:00,83553
2024/8/24 04:00,83556
2024/8/24 05:00,83558
2024/8/24 06:00,83561
2024/8/24 07:00,83563
2024/8/24 08:00,83565
2024/8/24 09:00,83567
2024/8/24 10:00,83570
2024/8/24 11:00,83572
2024/8/24 12:00,83576
2024/8/24 13:00,83580
2024/8/24 14:00,83583
2024/8/24 15:00,83587
2024/8/24 16:00,83591
2024/8/24 17:00,83595
2024/8/24 18:00,83599
2024/8/24 19:00,83603
2024/8/24 20:00,83606
2024/8/24 21:00,83608
2024/8/24 22:00,83611
2024/8/24 23:00,83614
2024/8/25 00:00,83617
2024/8/25 01:00,83619
2024/8/25 02:00,83622
2024/8/25 03:00,83625
2024/8/25 04:00,83627
2024/8/25 05:00,83630
2024/8/25 06:00,83632
2024/8/25 07:00,83635
2024/8/25 08:00,83637
2024/8/25 09:00,83639
2024/8/25 10:00,83648
2024/8/25 11:00,83656
2024/8/25 12:00,83664
2024/8/25 13:00,83670
2024/8/25 14:00,83677
2024/8/25 15:00,83684
2024/8/25 16:00,83692
2024/8/25 17:00,83701
2024/8/25 18:00,83709
2024/8/25 19:00,83714
2024/8/25 20:00,83719
2024/8/25 21:00,83723
2024/8/25 22:00,83725
2024/8/25 23:00,83728
2024/8/26 00:00,83731
2024/8/26 01:00,83733
2024/8/26 02:00,83736
2024/8/26 03:00,83739
2024/8/26 04:00,83741
2024/8/26 05:00,83744
2024/8/26 06:00,83747
2024/8/26 07:00,83749
2024/8/26 08:00,83753
2024/8/26 09:00,83763
2024/8/26 10:00,83892
2024/8/26 11:00,83999
2024/8/26 12:00,84094
2024/8/26 13:00,84127
2024/8/26 14:00,84152
2024/8/26 15:00,84200
2024/8/26 16:00,84278
2024/8/26 17:00,84350
2024/8/26 18:00,84410
2024/8/26 19:00,84442
2024/8/26 20:00,84458
2024/8/26 21:00,84473
2024/8/26 22:00,84487
2024/8/26 23:00,84500
2024/8/27 00:00,84512
2024/8/27 01:00,84525
2024/8/27 02:00,84537
2024/8/27 03:00,84549
2024/8/27 04:00,84561
2024/8/27 05:00,84573
2024/8/27 06:00,84585
2024/8/27 07:00,84597
2024/8/27 08:00,84608
2024/8/27 09:00,84678
2024/8/27 10:00,84741
2024/8/27 11:00,84801
2024/8/27 12:00,84860
2024/8/27 13:00,84878
2024/8/27 14:00,84893
2024/8/27 15:00,84909
2024/8/27 16:00,84968
2024/8/27 17:00,85019
2024/8/27 18:00,85064
2024/8/27 19:00,85070
2024/8/27 20:00,85077
2024/8/27 21:00,85084
2024/8/27 22:00,85090
2024/8/27 23:00,85097
2024/8/28 00:00,85103
2024/8/28 01:00,85109
2024/8/28 02:00,85115
2024/8/28 03:00,85122
2024/8/28 04:00,85128
2024/8/28 05:00,85134
2024/8/28 06:00,85140
2024/8/28 07:00,85146
2024/8/28 08:00,85153
2024/8/28 09:00,85160
2024/8/28 10:00,85171
2024/8/28 11:00,85184
2024/8/28 12:00,85195
2024/8/28 13:00,85203
2024/8/28 14:00,85211
2024/8/28 15:00,85218
2024/8/28 16:00,85224
2024/8/28 17:00,85231
2024/8/28 18:00,85238
2024/8/28 19:00,85246
2024/8/28 20:00,85255
2024/8/28 21:00,85263
2024/8/28 22:00,85270
2024/8/28 23:00,85277
2024/8/29 00:00,85283
2024/8/29 01:00,85289
2024/8/29 02:00,85295
2024/8/29 03:00,85301
2024/8/29 04:00,85307
2024/8/29 05:00,85313
2024/8/29 06:00,85318
2024/8/29 07:00,85324
2024/8/29 08:00,85330
2024/8/29 09:00,85344
2024/8/29 10:00,85378
2024/8/29 11:00,85406
2024/8/29 12:00,85433
2024/8/29 13:00,85441
2024/8/29 14:00,85450
2024/8/29 15:00,85460
2024/8/29 16:00,85472
2024/8/29 17:00,85485
2024/8/29 18:00,85497
2024/8/29 19:00,85506
2024/8/29 20:00,85516
2024/8/29 21:00,85525
2024/8/29 22:00,85532
2024/8/29 23:00,85539
2024/8/30 00:00,85544
2024/8/30 01:00,85550
2024/8/30 02:00,85556
2024/8/30 03:00,85562
2024/8/30 04:00,85567
2024/8/30 05:00,85573
2024/8/30 06:00,85579
2024/8/30 07:00,85584
2024/8/30 08:00,85590
2024/8/30 09:00,85599
2024/8/30 10:00,85609
2024/8/30 11:00,85620
2024/8/30 12:00,85632
2024/8/30 13:00,85641
2024/8/30 14:00,85650
2024/8/30 15:00,85662
2024/8/30 16:00,85675
2024/8/30 17:00,85687
2024/8/30 18:00,85695
2024/8/30 19:00,85703
2024/8/30 20:00,85711
2024/8/30 21:00,85718
2024/8/30 22:00,85725
2024/8/30 23:00,85731
2024/8/31 00:00,85737
2024/8/31 01:00,85742
2024/8/31 02:00,85747
2024/8/31 03:00,85753
2024/8/31 04:00,85758
2024/8/31 05:00,85763
2024/8/31 06:00,85768
2024/8/31 07:00,85774
2024/8/31 08:00,85780
2024/8/31 09:00,85789
2024/8/31 10:00,85800
2024/8/31 11:00,85810
2024/8/31 12:00,85816
2024/8/31 13:00,85823
2024/8/31 14:00,85831
2024/8/31 15:00,85838
2024/8/31 16:00,85847
2024/8/31 17:00,85855
2024/8/31 18:00,85862
2024/8/31 19:00,85868
2024/8/31 20:00,85875
2024/8/31 21:00,85883
2024/8/31 22:00,85891
2024/8/31 23:00,85898
2024/9/1 00:00,85904
2024/9/1 01:00,85910
2024/9/1 02:00,85916
2024/9/1 03:00,85923
2024/9/1 04:00,85929
2024/9/1 05:00,85935
2024/9/1 06:00,85941
2024/9/1 07:00,85947
2024/9/1 08:00,85953
2024/9/1 09:00,85962
2024/9/1 10:00,85971
2024/9/1 11:00,85979
2024/9/1 12:00,85986
2024/9/1 13:00,85991
2024/9/1 14:00,85997
2024/9/1 15:00,86004
2024/9/1 16:00,86011
2024/9/1 17:00,86022
2024/9/1 18:00,86028
2024/9/1 19:00,86034
2024/9/1 20:00,86040
2024/9/1 21:00,86045
2024/9/1 22:00,86051
2024/9/1 23:00,86056
2024/9/2 00:00,86061
2024/9/2 01:00,86066
2024/9/2 02:00,86071
2024/9/2 03:00,86076
2024/9/2 04:00,86081
2024/9/2 05:00,86086
2024/9/2 06:00,86091
2024/9/2 07:00,86097
2024/9/2 08:00,86151
2024/9/2 09:00,86275
2024/9/2 10:00,86395
2024/9/2 11:00,86540
2024/9/2 12:00,86672
2024/9/2 13:00,86718
2024/9/2 14:00,86761
2024/9/2 15:00,86887
2024/9/2 16:00,86999
2024/9/2 17:00,87140
2024/9/2 18:00,87264
2024/9/2 19:00,87316
2024/9/2 20:00,87337
2024/9/2 21:00,87357
2024/9/2 22:00,87377
2024/9/2 23:00,87387
2024/9/3 00:00,87392
2024/9/3 01:00,87397
2024/9/3 02:00,87402
2024/9/3 03:00,87407
2024/9/3 04:00,87412
2024/9/3 05:00,87417
2024/9/3 06:00,87422
2024/9/3 07:00,87428
2024/9/3 08:00,87473
2024/9/3 09:00,87524
2024/9/3 10:00,87576
2024/9/3 11:00,87653
2024/9/3 12:00,87710
2024/9/3 13:00,87732
2024/9/3 14:00,87750
2024/9/3 15:00,87878
2024/9/3 16:00,87989
2024/9/3 17:00,88135
2024/9/3 18:00,88238
2024/9/3 19:00,88275
2024/9/3 20:00,88296
2024/9/3 21:00,88324
2024/9/3 22:00,88349
2024/9/3 23:00,88359
2024/9/4 00:00,88364
2024/9/4 01:00,88370
2024/9/4 02:00,88375
2024/9/4 03:00,88380
2024/9/4 04:00,88386
2024/9/4 05:00,88391
2024/9/4 06:00,88396
2024/9/4 07:00,88402
2024/9/4 08:00,88452
2024/9/4 09:00,88516
2024/9/4 10:00,88576
2024/9/4 11:00,88664
2024/9/4 12:00,88730
2024/9/4 13:00,
2024/9/4 14:00,
2024/9/4 15:00,88914
2024/9/4 16:00,89022
2024/9/4 17:00,89148
2024/9/4 18:00,89220
2024/9/4 19:00,89260
2024/9/4 20:00,89283
2024/9/4 21:00,89310
2024/9/4 22:00,89335
2024/9/4 23:00,89345
2024/9/5 00:00,89351
2024/9/5 01:00,89356
2024/9/5 02:00,89361
2024/9/5 03:00,89366
2024/9/5 04:00,89371
2024/9/5 05:00,89376
2024/9/5 06:00,89382
2024/9/5 07:00,89390
2024/9/5 08:00,89425
2024/9/5 09:00,89467
2024/9/5 10:00,89508
2024/9/5 11:00,89567
2024/9/5 12:00,89623
2024/9/5 13:00,89649
2024/9/5 14:00,89674
2024/9/5 15:00,89757
2024/9/5 16:00,89815
2024/9/5 17:00,
2024/9/5 18:00,89931
2024/9/5 19:00,89957
2024/9/5 20:00,89982
2024/9/5 21:00,90010
2024/9/5 22:00,90036
2024/9/5 23:00,90048
2024/9/6 00:00,90054
2024/9/6 01:00,90059
2024/9/6 02:00,90065
2024/9/6 03:00,90070
2024/9/6 04:00,90075
2024/9/6 05:00,90080
2024/9/6 06:00,90086
2024/9/6 07:00,90094
2024/9/6 08:00,90131
2024/9/6 09:00,90169
2024/9/6 10:00,90206
2024/9/6 11:00,90261
2024/9/6 12:00,90313
2024/9/6 13:00,90331
2024/9/6 14:00,90349
2024/9/6 15:00,90451
2024/9/6 16:00,90508
2024/9/6 17:00,90608
2024/9/6 18:00,90653
2024/9/6 19:00,90681
2024/9/6 20:00,90698
2024/9/6 21:00,90716
2024/9/6 22:00,90731
2024/9/6 23:00,90742
2024/9/7 00:00,90749
2024/9/7 01:00,90755
2024/9/7 02:00,90761
2024/9/7 03:00,90768
2024/9/7 04:00,90774
2024/9/7 05:00,90780
2024/9/7 06:00,90786
2024/9/7 07:00,90792
2024/9/7 08:00,90798
2024/9/7 09:00,90808
2024/9/7 10:00,90821
2024/9/7 11:00,90835
2024/9/7 12:00,90851
2024/9/7 13:00,90865
2024/9/7 14:00,90878
2024/9/7 15:00,90894
2024/9/7 16:00,90914
2024/9/7 17:00,90932
2024/9/7 18:00,90948
2024/9/7 19:00,90962
2024/9/7 20:00,90977
2024/9/7 21:00,90992
2024/9/7 22:00,91006
2024/9/7 23:00,91015
2024/9/8 00:00,91021
2024/9/8 01:00,91027
2024/9/8 02:00,91032
2024/9/8 03:00,91037
2024/9/8 04:00,91043
2024/9/8 05:00,91048
2024/9/8 06:00,91053
2024/9/8 07:00,91059
2024/9/8 08:00,91065
2024/9/8 09:00,91074
2024/9/8 10:00,91088
2024/9/8 11:00,91105
2024/9/8 12:00,91120
2024/9/8 13:00,91132
2024/9/8 14:00,91145
2024/9/8 15:00,91163
2024/9/8 16:00,91184
2024/9/8 17:00,91212
2024/9/8 18:00,91237
2024/9/8 19:00,91257
2024/9/8 20:00,91278
2024/9/8 21:00,91299
2024/9/8 22:00,91318
2024/9/8 23:00,91328
2024/9/9 00:00,91334
2024/9/9 01:00,91340
2024/9/9 02:00,91345
2024/9/9 03:00,91351
2024/9/9 04:00,91356
2024/9/9 05:00,91362
2024/9/9 06:00,91367
2024/9/9 07:00,91376
2024/9/9 08:00,91459
2024/9/9 09:00,91571
2024/9/9 10:00,91687
2024/9/9 11:00,91835
2024/9/9 12:00,91960
2024/9/9 13:00,
2024/9/9 14:00,92030
2024/9/9 15:00,92212
2024/9/9 16:00,92316
2024/9/9 17:00,92416
2024/9/9 18:00,92487
2024/9/9 19:00,92529
2024/9/9 20:00,92556
2024/9/9 21:00,92582
2024/9/9 22:00,92603
2024/9/9 23:00,92614
2024/9/10 00:00,92621
2024/9/10 01:00,92628
2024/9/10 02:00,92634
2024/9/10 03:00,92641
2024/9/10 04:00,92647
2024/9/10 05:00,92654
2024/9/10 06:00,92660
2024/9/10 07:00,92668
2024/9/10 08:00,92709
2024/9/10 09:00,92773
2024/9/10 10:00,92829
2024/9/10 11:00,92909
2024/9/10 12:00,92985
2024/9/10 13:00,93012
2024/9/10 14:00,93034
2024/9/10 15:00,93125
2024/9/10 16:00,93213
2024/9/10 17:00,93308
2024/9/10 18:00,93364
2024/9/10 19:00,93392
2024/9/10 20:00,93415
2024/9/10 21:00,93439
2024/9/10 22:00,93461
2024/9/10 23:00,93472
2024/9/11 00:00,93477
2024/9/11 01:00,93483
2024/9/11 02:00,93488
2024/9/11 03:00,93494
2024/9/11 04:00,93499
2024/9/11 05:00,93505
2024/9/11 06:00,93510
2024/9/11 07:00,93517
2024/9/11 08:00,93555
2024/9/11 09:00,93613
2024/9/11 10:00,93664
2024/9/11 11:00,
2024/9/11 12:00,
2024/9/11 13:00,93865
2024/9/11 14:00,93889
2024/9/11 15:00,94000
2024/9/11 16:00,
2024/9/11 17:00,94249
2024/9/11 18:00,94348
2024/9/11 19:00,94402
2024/9/11 20:00,94431
2024/9/11 21:00,94463
2024/9/11 22:00,94492
2024/9/11 23:00,94503
2024/9/12 00:00,94509
2024/9/12 01:00,94515
2024/9/12 02:00,
2024/9/12 03:00,94526
2024/9/12 04:00,94531
2024/9/12 05:00,94537
2024/9/12 06:00,94542
2024/9/12 07:00,94550
2024/9/12 08:00,94587
2024/9/12 09:00,94639
2024/9/12 10:00,94683
2024/9/12 11:00,94740
2024/9/12 12:00,94792
2024/9/12 13:00,94815
2024/9/12 14:00,94839
2024/9/12 15:00,94937
2024/9/12 16:00,94997
2024/9/12 17:00,95087
2024/9/12 18:00,95144
2024/9/12 19:00,95174
2024/9/12 20:00,95200
2024/9/12 21:00,95233
2024/9/12 22:00,95259
2024/9/12 23:00,95270
2024/9/13 00:00,95277
2024/9/13 01:00,95282
2024/9/13 02:00,95288
2024/9/13 03:00,95293
2024/9/13 04:00,95299
2024/9/13 05:00,95304
2024/9/13 06:00,95310
2024/9/13 07:00,95317
2024/9/13 08:00,95352
2024/9/13 09:00,95400
2024/9/13 10:00,95449
2024/9/13 11:00,95528
2024/9/13 12:00,95601
2024/9/13 13:00,95626
2024/9/13 14:00,95646
2024/9/13 15:00,95746
2024/9/13 16:00,95836
2024/9/13 17:00,95931
2024/9/13 18:00,95992
2024/9/13 19:00,96028
2024/9/13 20:00,96053
2024/9/13 21:00,96081
2024/9/13 22:00,96104
2024/9/13 23:00,96115
2024/9/14 00:00,96121
2024/9/14 01:00,96127
2024/9/14 02:00,96133
2024/9/14 03:00,96138
2024/9/14 04:00,96144
2024/9/14 05:00,96149
2024/9/14 06:00,96155
2024/9/14 07:00,96162
2024/9/14 08:00,96172
2024/9/14 09:00,96189
2024/9/14 10:00,96208
2024/9/14 11:00,96234
2024/9/14 12:00,96261
2024/9/14 13:00,96280
2024/9/14 14:00,96297
2024/9/14 15:00,96321
2024/9/14 16:00,96348
2024/9/14 17:00,96376
2024/9/14 18:00,96401
2024/9/14 19:00,96422
2024/9/14 20:00,96442
2024/9/14 21:00,96462
2024/9/14 22:00,96479
2024/9/14 23:00,96488
2024/9/15 00:00,96494
2024/9/15 01:00,96499
2024/9/15 02:00,96505
2024/9/15 03:00,96510
2024/9/15 04:00,96516
2024/9/15 05:00,96521
2024/9/15 06:00,96527
2024/9/15 07:00,96532
2024/9/15 08:00,96538
2024/9/15 09:00,96546
2024/9/15 10:00,96557
2024/9/15 11:00,96569
2024/9/15 12:00,96583
2024/9/15 13:00,96594
2024/9/15 14:00,96608
2024/9/15 15:00,96625
2024/9/15 16:00,96647
2024/9/15 17:00,96665
2024/9/15 18:00,96681
2024/9/15 19:00,96696
2024/9/15 20:00,96712
2024/9/15 21:00,96729
2024/9/15 22:00,96745
2024/9/15 23:00,96753
2024/9/16 00:00,96758
2024/9/16 01:00,96764
2024/9/16 02:00,96769
2024/9/16 03:00,96775
2024/9/16 04:00,96780
2024/9/16 05:00,96786
2024/9/16 06:00,96791
2024/9/16 07:00,96797
2024/9/16 08:00,96826
2024/9/16 09:00,96865
2024/9/16 10:00,96905
2024/9/16 11:00,96948
2024/9/16 12:00,96991
2024/9/16 13:00,97007
2024/9/16 14:00,97025
2024/9/16 15:00,97084
2024/9/16 16:00,97140
2024/9/16 17:00,97196
2024/9/16 18:00,97250
2024/9/16 19:00,97280
2024/9/16 20:00,97298
2024/9/16 21:00,97318
2024/9/16 22:00,97334
2024/9/16 23:00,97344
2024/9/17 00:00,97351
2024/9/17 01:00,97357
2024/9/17 02:00,97362
2024/9/17 03:00,97368
2024/9/17 04:00,97374
2024/9/17 05:00,97380
2024/9/17 06:00,97386
2024/9/17 07:00,97392
2024/9/17 08:00,97425
2024/9/17 09:00,97472
2024/9/17 10:00,97521
2024/9/17 11:00,97574
2024/9/17 12:00,97628
2024/9/17 13:00,97646
2024/9/17 14:00,97661
2024/9/17 15:00,97721
2024/9/17 16:00,97777
2024/9/17 17:00,97831
2024/9/17 18:00,97884
2024/9/17 19:00,97916
2024/9/17 20:00,97934
2024/9/17 21:00,97951
2024/9/17 22:00,97968
2024/9/17 23:00,97977
2024/9/18 00:00,97983
2024/9/18 01:00,97988
2024/9/18 02:00,97994
2024/9/18 03:00,98000
2024/9/18 04:00,98005
2024/9/18 05:00,98011
2024/9/18 06:00,98016
2024/9/18 07:00,98025
2024/9/18 08:00,98064
2024/9/18 09:00,98120
2024/9/18 10:00,98189
2024/9/18 11:00,98294
2024/9/18 12:00,98388
2024/9/18 13:00,98418
2024/9/18 14:00,98444
2024/9/18 15:00,98569
2024/9/18 16:00,98691
2024/9/18 17:00,98828
2024/9/18 18:00,98936
2024/9/18 19:00,
2024/9/18 20:00,99023
2024/9/18 21:00,99051
2024/9/18 22:00,99077
2024/9/18 23:00,99088
2024/9/19 00:00,99094
2024/9/19 01:00,99099
2024/9/19 02:00,99105
2024/9/19 03:00,99110
2024/9/19 04:00,99116
2024/9/19 05:00,99121
2024/9/19 06:00,99127
2024/9/19 07:00,99135
2024/9/19 08:00,99176
2024/9/19 09:00,99238
2024/9/19 10:00,99292
2024/9/19 11:00,99377
2024/9/19 12:00,99470
2024/9/19 13:00,99497
2024/9/19 14:00,99522
2024/9/19 15:00,99650
2024/9/19 16:00,99736
2024/9/19 17:00,99852
2024/9/19 18:00,99925
2024/9/19 19:00,99965
2024/9/19 20:00,99996
2024/9/19 21:00,100032
2024/9/19 22:00,100065
2024/9/19 23:00,100076
2024/9/20 00:00,100082
2024/9/20 01:00,100087
2024/9/20 02:00,100093
2024/9/20 03:00,100099
2024/9/20 04:00,100104
2024/9/20 05:00,100110
2024/9/20 06:00,100116
2024/9/20 07:00,100123
2024/9/20 08:00,100167
2024/9/20 09:00,100231
2024/9/20 10:00,100291
2024/9/20 11:00,100341
2024/9/20 12:00,100378
2024/9/20 13:00,100402
2024/9/20 14:00,100425
2024/9/20 15:00,100481
2024/9/20 16:00,100522
2024/9/20 17:00,100571
2024/9/20 18:00,100610
2024/9/20 19:00,100639
2024/9/20 20:00,100663
2024/9/20 21:00,100688
2024/9/20 22:00,100708
2024/9/20 23:00,100719
2024/9/21 00:00,100725
2024/9/21 01:00,100731
2024/9/21 02:00,100737
2024/9/21 03:00,100743
2024/9/21 04:00,100748
2024/9/21 05:00,100754
2024/9/21 06:00,100760
2024/9/21 07:00,100766
2024/9/21 08:00,100773
2024/9/21 09:00,100782
2024/9/21 10:00,100796
2024/9/21 11:00,100814
2024/9/21 12:00,100833
2024/9/21 13:00,100849
2024/9/21 14:00,100867
2024/9/21 15:00,100887
2024/9/21 16:00,100909
2024/9/21 17:00,100931
2024/9/21 18:00,100952
2024/9/21 19:00,100971
2024/9/21 20:00,100991
2024/9/21 21:00,101012
2024/9/21 22:00,101032
2024/9/21 23:00,101043
2024/9/22 00:00,101049
2024/9/22 01:00,101054
2024/9/22 02:00,101060
2024/9/22 03:00,101065
2024/9/22 04:00,101071
2024/9/22 05:00,101076
2024/9/22 06:00,101082
2024/9/22 07:00,101087
2024/9/22 08:00,101094
2024/9/22 09:00,101103
2024/9/22 10:00,101118
2024/9/22 11:00,101135
2024/9/22 12:00,101152
2024/9/22 13:00,101170
2024/9/22 14:00,101189
2024/9/22 15:00,101210
2024/9/22 16:00,101232
2024/9/22 17:00,101252
2024/9/22 18:00,101273
2024/9/22 19:00,101295
2024/9/22 20:00,101315
2024/9/22 21:00,101336
2024/9/22 22:00,101355
2024/9/22 23:00,101365
2024/9/23 00:00,101370
2024/9/23 01:00,101376
2024/9/23 02:00,101381
2024/9/23 03:00,101387
2024/9/23 04:00,101392
2024/9/23 05:00,101398
2024/9/23 06:00,101404
2024/9/23 07:00,101412
2024/9/23 08:00,101434
2024/9/23 09:00,101472
2024/9/23 10:00,101515
2024/9/23 11:00,101571
2024/9/23 12:00,101628
2024/9/23 13:00,101656
2024/9/23 14:00,101684
2024/9/23 15:00,101740
2024/9/23 16:00,101792
2024/9/23 17:00,101856
2024/9/23 18:00,101919
2024/9/23 19:00,101957
2024/9/23 20:00,101982
2024/9/23 21:00,102006
2024/9/23 22:00,102029
2024/9/23 23:00,102041
2024/9/24 00:00,102047
2024/9/24 01:00,102052
2024/9/24 02:00,102058
2024/9/24 03:00,102063
2024/9/24 04:00,102069
2024/9/24 05:00,102075
2024/9/24 06:00,102080
2024/9/24 07:00,102088
2024/9/24 08:00,102109
2024/9/24 09:00,102146
2024/9/24 10:00,102191
2024/9/24 11:00,102246
2024/9/24 12:00,102301
2024/9/24 13:00,102327
2024/9/24 14:00,102354
2024/9/24 15:00,102413
2024/9/24 16:00,102469
2024/9/24 17:00,102526
2024/9/24 18:00,102569
2024/9/24 19:00,102599
2024/9/24 20:00,102625
2024/9/24 21:00,102654
2024/9/24 22:00,102676
2024/9/24 23:00,102690
2024/9/25 00:00,102696
2024/9/25 01:00,102701
2024/9/25 02:00,102707
2024/9/25 03:00,102712
2024/9/25 04:00,102718
2024/9/25 05:00,102723
2024/9/25 06:00,102729
2024/9/25 07:00,102735
2024/9/25 08:00,102759
2024/9/25 09:00,102803
2024/9/25 10:00,102856
2024/9/25 11:00,102921
2024/9/25 12:00,102986
2024/9/25 13:00,103013
2024/9/25 14:00,103038
2024/9/25 15:00,103124
2024/9/25 16:00,
2024/9/25 17:00,103328
2024/9/25 18:00,103420
2024/9/25 19:00,103468
2024/9/25 20:00,103497
2024/9/25 21:00,103526
2024/9/25 22:00,103551
2024/9/25 23:00,103562
2024/9/26 00:00,103568
2024/9/26 01:00,103574
2024/9/26 02:00,103579
2024/9/26 03:00,103585
2024/9/26 04:00,103591
2024/9/26 05:00,103597
2024/9/26 06:00,103602
2024/9/26 07:00,103610
2024/9/26 08:00,103640
2024/9/26 09:00,103692
2024/9/26 10:00,103746
2024/9/26 11:00,103809
2024/9/26 12:00,103871
2024/9/26 13:00,103899
2024/9/26 14:00,103924
2024/9/26 15:00,104004
2024/9/26 16:00,104081
2024/9/26 17:00,104157
2024/9/26 18:00,104215
2024/9/26 19:00,104249
2024/9/26 20:00,104272
2024/9/26 21:00,104298
2024/9/26 22:00,104321
2024/9/26 23:00,104332
2024/9/27 00:00,104338
2024/9/27 01:00,104344
2024/9/27 02:00,104350
2024/9/27 03:00,104355
2024/9/27 04:00,104361
2024/9/27 05:00,104367
2024/9/27 06:00,104372
2024/9/27 07:00,104380
2024/9/27 08:00,104405
2024/9/27 09:00,104447
2024/9/27 10:00,104493
2024/9/27 11:00,104544
2024/9/27 12:00,104595
2024/9/27 13:00,104621
2024/9/27 14:00,104647
2024/9/27 15:00,104716
2024/9/27 16:00,104787
2024/9/27 17:00,104853
2024/9/27 18:00,104891
2024/9/27 19:00,104919
2024/9/27 20:00,104943
2024/9/27 21:00,104965
2024/9/27 22:00,104984
2024/9/27 23:00,104995
2024/9/28 00:00,105001
2024/9/28 01:00,105007
2024/9/28 02:00,105013
2024/9/28 03:00,105019
2024/9/28 04:00,105025
2024/9/28 05:00,105030
2024/9/28 06:00,105036
2024/9/28 07:00,105042
2024/9/28 08:00,105048
2024/9/28 09:00,105059
2024/9/28 10:00,105074
2024/9/28 11:00,105092
2024/9/28 12:00,105109
2024/9/28 13:00,105123
2024/9/28 14:00,105144
2024/9/28 15:00,105168
2024/9/28 16:00,105197
2024/9/28 17:00,105223
2024/9/28 18:00,105244
2024/9/28 19:00,105261
2024/9/28 20:00,105279
2024/9/28 21:00,105298
2024/9/28 22:00,105315
2024/9/28 23:00,105325
2024/9/29 00:00,105331
2024/9/29 01:00,105337
2024/9/29 02:00,105343
2024/9/29 03:00,105349
2024/9/29 04:00,105355
2024/9/29 05:00,105361
2024/9/29 06:00,105367
2024/9/29 07:00,105374
2024/9/29 08:00,105385
2024/9/29 09:00,105399
2024/9/29 10:00,105418
2024/9/29 11:00,105437
2024/9/29 12:00,105458
2024/9/29 13:00,105477
2024/9/29 14:00,105497
2024/9/29 15:00,105520
2024/9/29 16:00,105544
2024/9/29 17:00,105567
2024/9/29 18:00,
2024/9/29 19:00,105614
2024/9/29 20:00,105633
2024/9/29 21:00,105648
2024/9/29 22:00,105661
2024/9/29 23:00,105671
2024/9/30 00:00,105679
2024/9/30 01:00,105687
2024/9/30 02:00,105694
2024/9/30 03:00,105701
2024/9/30 04:00,105707
2024/9/30 05:00,105714
2024/9/30 06:00,105721
2024/9/30 07:00,105729
2024/9/30 08:00,105746
2024/9/30 09:00,105772
2024/9/30 10:00,105800
2024/9/30 11:00,
2024/9/30 12:00,105880
2024/9/30 13:00,105903
2024/9/30 14:00,105924
2024/9/30 15:00,105961
2024/9/30 16:00,106002
2024/9/30 17:00,106044
2024/9/30 18:00,106078
2024/9/30 19:00,106100
2024/9/30 20:00,106118
2024/9/30 21:00,106134
2024/9/30 22:00,106146
2024/9/30 23:00,106154
2024/10/1 00:00,106160
2024/10/1 01:00,106165
2024/10/1 02:00,106171
2024/10/1 03:00,106176
2024/10/1 04:00,106182
2024/10/1 05:00,106188
2024/10/1 06:00,106193
2024/10/1 07:00,106199
2024/10/1 08:00,106204
2024/10/1 09:00,106211
2024/10/1 10:00,106218
2024/10/1 11:00,106227
2024/10/1 12:00,106236
2024/10/1 13:00,106243
2024/10/1 14:00,106251
2024/10/1 15:00,106260
2024/10/1 16:00,106269
2024/10/1 17:00,106280
2024/10/1 18:00,106291
2024/10/1 19:00,106303
2024/10/1 20:00,106313
2024/10/1 21:00,106324
2024/10/1 22:00,106334
2024/10/1 23:00,106341
2024/10/2 00:00,106347
2024/10/2 01:00,106352
2024/10/2 02:00,106358
2024/10/2 03:00,106363
2024/10/2 04:00,106369
2024/10/2 05:00,106375
2024/10/2 06:00,106380
2024/10/2 07:00,106386
2024/10/2 08:00,106391
2024/10/2 09:00,106398
2024/10/2 10:00,106405
2024/10/2 11:00,106414
2024/10/2 12:00,106422
2024/10/2 13:00,106430
2024/10/2 14:00,106438
2024/10/2 15:00,106447
2024/10/2 16:00,106457
2024/10/2 17:00,106467
2024/10/2 18:00,106477
2024/10/2 19:00,106487
2024/10/2 20:00,106498
2024/10/2 21:00,106507
2024/10/2 22:00,106515
2024/10/2 23:00,106523
2024/10/3 00:00,106528
2024/10/3 01:00,106534
2024/10/3 02:00,106539
2024/10/3 03:00,106545
2024/10/3 04:00,106550
2024/10/3 05:00,106556
2024/10/3 06:00,106561
2024/10/3 07:00,106567
2024/10/3 08:00,106572
2024/10/3 09:00,106578
2024/10/3 10:00,106585
2024/10/3 11:00,106591
2024/10/3 12:00,106598
2024/10/3 13:00,106605
2024/10/3 14:00,106613
2024/10/3 15:00,106621
2024/10/3 16:00,106630
2024/10/3 17:00,106639
2024/10/3 18:00,106648
2024/10/3 19:00,106658
2024/10/3 20:00,106668
2024/10/3 21:00,106678
2024/10/3 22:00,106687
2024/10/3 23:00,106694
2024/10/4 00:00,106700
2024/10/4 01:00,106705
2024/10/4 02:00,106711
2024/10/4 03:00,106716
2024/10/4 04:00,106721
2024/10/4 05:00,106727
2024/10/4 06:00,106732
2024/10/4 07:00,106738
2024/10/4 08:00,106743
2024/10/4 09:00,106748
2024/10/4 10:00,106755
2024/10/4 11:00,106761
2024/10/4 12:00,106768
2024/10/4 13:00,106776
2024/10/4 14:00,106784
2024/10/4 15:00,106791
2024/10/4 16:00,106800
2024/10/4 17:00,106810
2024/10/4 18:00,106820
2024/10/4 19:00,106831
2024/10/4 20:00,106842
2024/10/4 21:00,106852
2024/10/4 22:00,106861
2024/10/4 23:00,106869
2024/10/5 00:00,106874
2024/10/5 01:00,106880
2024/10/5 02:00,106885
2024/10/5 03:00,106891
2024/10/5 04:00,106896
2024/10/5 05:00,106902
2024/10/5 06:00,106907
2024/10/5 07:00,106912
2024/10/5 08:00,106918
2024/10/5 09:00,106925
2024/10/5 10:00,106933
2024/10/5 11:00,106942
2024/10/5 12:00,106951
2024/10/5 13:00,106960
2024/10/5 14:00,106970
2024/10/5 15:00,106982
2024/10/5 16:00,106993
2024/10/5 17:00,107005
2024/10/5 18:00,107018
2024/10/5 19:00,107032
2024/10/5 20:00,107045
2024/10/5 21:00,107058
2024/10/5 22:00,107069
2024/10/5 23:00,107076
2024/10/6 00:00,107082
2024/10/6 01:00,107088
2024/10/6 02:00,107094
2024/10/6 03:00,107099
2024/10/6 04:00,107105
2024/10/6 05:00,107110
2024/10/6 06:00,107116
2024/10/6 07:00,107121
2024/10/6 08:00,107128
2024/10/6 09:00,107134
2024/10/6 10:00,107142
2024/10/6 11:00,107151
2024/10/6 12:00,107162
2024/10/6 13:00,107172
2024/10/6 14:00,107182
2024/10/6 15:00,107194
2024/10/6 16:00,107206
2024/10/6 17:00,107219
2024/10/6 18:00,107231
2024/10/6 19:00,107243
2024/10/6 20:00,107256
2024/10/6 21:00,107269
2024/10/6 22:00,107280
2024/10/6 23:00,107288
2024/10/7 00:00,107293
2024/10/7 01:00,107299
2024/10/7 02:00,107304
2024/10/7 03:00,107310
2024/10/7 04:00,107315
2024/10/7 05:00,107321
2024/10/7 06:00,107327
2024/10/7 07:00,107333
2024/10/7 08:00,107339
2024/10/7 09:00,107346
2024/10/7 10:00,107353
2024/10/7 11:00,107363
2024/10/7 12:00,107374
2024/10/7 13:00,107384
2024/10/7 14:00,107397
2024/10/7 15:00,107412
2024/10/7 16:00,107425
2024/10/7 17:00,107438
2024/10/7 18:00,107451
2024/10/7 19:00,107464
2024/10/7 20:00,107477
2024/10/7 21:00,107492
2024/10/7 22:00,107505
2024/10/7 23:00,107513
2024/10/8 00:00,107518
2024/10/8 01:00,107524
2024/10/8 02:00,107529
2024/10/8 03:00,107535
2024/10/8 04:00,107540
2024/10/8 05:00,107546
2024/10/8 06:00,107551
2024/10/8 07:00,107557
2024/10/8 08:00,107573
2024/10/8 09:00,107600
2024/10/8 10:00,107628
2024/10/8 11:00,107658
2024/10/8 12:00,107688
2024/10/8 13:00,
2024/10/8 14:00,107727
2024/10/8 15:00,107754
2024/10/8 16:00,107780
2024/10/8 17:00,107804
2024/10/8 18:00,107826
2024/10/8 19:00,107847
2024/10/8 20:00,107869
2024/10/8 21:00,107891
2024/10/8 22:00,107910
2024/10/8 23:00,107919
2024/10/9 00:00,107924
2024/10/9 01:00,107930
2024/10/9 02:00,107936
2024/10/9 03:00,107941
2024/10/9 04:00,107947
2024/10/9 05:00,107952
2024/10/9 06:00,107958
2024/10/9 07:00,107965
2024/10/9 08:00,107977
2024/10/9 09:00,108002
2024/10/9 10:00,108028
2024/10/9 11:00,108056
2024/10/9 12:00,108083
2024/10/9 13:00,108104
2024/10/9 14:00,108124
2024/10/9 15:00,108156
2024/10/9 16:00,108186
2024/10/9 17:00,108217
2024/10/9 18:00,108246
2024/10/9 19:00,108267
2024/10/9 20:00,108288
2024/10/9 21:00,108310
2024/10/9 22:00,108327
2024/10/9 23:00,108338
2024/10/10 00:00,108343
2024/10/10 01:00,108349
2024/10/10 02:00,108354
2024/10/10 03:00,
2024/10/10 04:00,108366
2024/10/10 05:00,108371
2024/10/10 06:00,108377
2024/10/10 07:00,108383
2024/10/10 08:00,108396
2024/10/10 09:00,108416
2024/10/10 10:00,108438
2024/10/10 11:00,108468
2024/10/10 12:00,108498
2024/10/10 13:00,108521
2024/10/10 14:00,108543
2024/10/10 15:00,108570
2024/10/10 16:00,
2024/10/10 17:00,108624
2024/10/10 18:00,108648
2024/10/10 19:00,108668
2024/10/10 20:00,108691
2024/10/10 21:00,108715
2024/10/10 22:00,108737
2024/10/10 23:00,108748
2024/10/11 00:00,108753
2024/10/11 01:00,108759
2024/10/11 02:00,108764
2024/10/11 03:00,108770
2024/10/11 04:00,108776
2024/10/11 05:00,108781
2024/10/11 06:00,108787
2024/10/11 07:00,108795
2024/10/11 08:00,108808
2024/10/11 09:00,108828
2024/10/11 10:00,108850
2024/10/11 11:00,108877
2024/10/11 12:00,108903
2024/10/11 13:00,108922
2024/10/11 14:00,108941
2024/10/11 15:00,108963
2024/10/11 16:00,108987
2024/10/11 17:00,109009
2024/10/11 18:00,109031
2024/10/11 19:00,109051
2024/10/11 20:00,109072
2024/10/11 21:00,109092
2024/10/11 22:00,109111
2024/10/11 23:00,109121
2024/10/12 00:00,109126
2024/10/12 01:00,109132
2024/10/12 02:00,109137
2024/10/12 03:00,109143
2024/10/12 04:00,109148
2024/10/12 05:00,109154
2024/10/12 06:00,109159
2024/10/12 07:00,109166
2024/10/12 08:00,109177
2024/10/12 09:00,109189
2024/10/12 10:00,109203
2024/10/12 11:00,109220
2024/10/12 12:00,109238
2024/10/12 13:00,109251
2024/10/12 14:00,109265
2024/10/12 15:00,109285
2024/10/12 16:00,109306
2024/10/12 17:00,109327
2024/10/12 18:00,109347
2024/10/12 19:00,109366
2024/10/12 20:00,109387
2024/10/12 21:00,109407
2024/10/12 22:00,109427
2024/10/12 23:00,109439
2024/10/13 00:00,109444
2024/10/13 01:00,109450
2024/10/13 02:00,109455
2024/10/13 03:00,109461
2024/10/13 04:00,109466
2024/10/13 05:00,109472
2024/10/13 06:00,109477
2024/10/13 07:00,109483
2024/10/13 08:00,109490
2024/10/13 09:00,109497
2024/10/13 10:00,109506
2024/10/13 11:00,109519
2024/10/13 12:00,109532
2024/10/13 13:00,109545
2024/10/13 14:00,109558
2024/10/13 15:00,109573
2024/10/13 16:00,109590
2024/10/13 17:00,109606
2024/10/13 18:00,109623
2024/10/13 19:00,109640
2024/10/13 20:00,109658
2024/10/13 21:00,109676
2024/10/13 22:00,109692
2024/10/13 23:00,109702
2024/10/14 00:00,109708
2024/10/14 01:00,109713
2024/10/14 02:00,109719
2024/10/14 03:00,109725
2024/10/14 04:00,109730
2024/10/14 05:00,109736
2024/10/14 06:00,109741
2024/10/14 07:00,109749
2024/10/14 08:00,109761
2024/10/14 09:00,109786
2024/10/14 10:00,109811
2024/10/14 11:00,109840
2024/10/14 12:00,109869
2024/10/14 13:00,109889
2024/10/14 14:00,109909
2024/10/14 15:00,109938
2024/10/14 16:00,109969
2024/10/14 17:00,109999
2024/10/14 18:00,110026
2024/10/14 19:00,110047
2024/10/14 20:00,110071
2024/10/14 21:00,110095
2024/10/14 22:00,110116
2024/10/14 23:00,110129
2024/10/15 00:00,110134
2024/10/15 01:00,110140
2024/10/15 02:00,110146
2024/10/15 03:00,110151
2024/10/15 04:00,110157
2024/10/15 05:00,110163
2024/10/15 06:00,110168
2024/10/15 07:00,110175
2024/10/15 08:00,110189
2024/10/15 09:00,110217
2024/10/15 10:00,110245
2024/10/15 11:00,110276
2024/10/15 12:00,110306
2024/10/15 13:00,110327
2024/10/15 14:00,110348
2024/10/15 15:00,110376
2024/10/15 16:00,110403
2024/10/15 17:00,110428
2024/10/15 18:00,110452
2024/10/15 19:00,110473
2024/10/15 20:00,110499
2024/10/15 21:00,110525
2024/10/15 22:00,110548
2024/10/15 23:00,110560
2024/10/16 00:00,110567
2024/10/16 01:00,110573
2024/10/16 02:00,110579
2024/10/16 03:00,110585
2024/10/16 04:00,110591
2024/10/16 05:00,110597
2024/10/16 06:00,110603
2024/10/16 07:00,110611
2024/10/16 08:00,110626
2024/10/16 09:00,110654
2024/10/16 10:00,110683
2024/10/16 11:00,110713
2024/10/16 12:00,110742
2024/10/16 13:00,110763
2024/10/16 14:00,110785
2024/10/16 15:00,110816
2024/10/16 16:00,110848
2024/10/16 17:00,110879
2024/10/16 18:00,110909
2024/10/16 19:00,110932
2024/10/16 20:00,110956
2024/10/16 21:00,110981
2024/10/16 22:00,111004
2024/10/16 23:00,111013
2024/10/17 00:00,111019
2024/10/17 01:00,111024
2024/10/17 02:00,111030
2024/10/17 03:00,111036
2024/10/17 04:00,111041
2024/10/17 05:00,111047
2024/10/17 06:00,111053
2024/10/17 07:00,111060
2024/10/17 08:00,111071
2024/10/17 09:00,111096
2024/10/17 10:00,111123
2024/10/17 11:00,111153
2024/10/17 12:00,111184
2024/10/17 13:00,111207
2024/10/17 14:00,111229
2024/10/17 15:00,111256
2024/10/17 16:00,111284
2024/10/17 17:00,111312
2024/10/17 18:00,111338
2024/10/17 19:00,111362
2024/10/17 20:00,111387
2024/10/17 21:00,111414
2024/10/17 22:00,111437
2024/10/17 23:00,111448
2024/10/18 00:00,111453
2024/10/18 01:00,111459
2024/10/18 02:00,111464
2024/10/18 03:00,111470
2024/10/18 04:00,111475
2024/10/18 05:00,111481
2024/10/18 06:00,111486
2024/10/18 07:00,111494
2024/10/18 08:00,111503
2024/10/18 09:00,111521
2024/10/18 10:00,111541
2024/10/18 11:00,111567
2024/10/18 12:00,111592
2024/10/18 13:00,111612
2024/10/18 14:00,111630
2024/10/18 15:00,111658
2024/10/18 16:00,111685
2024/10/18 17:00,111710
2024/10/18 18:00,111733
2024/10/18 19:00,111755
2024/10/18 20:00,111777
2024/10/18 21:00,111800
2024/10/18 22:00,111820
2024/10/18 23:00,111832
2024/10/19 00:00,111837
2024/10/19 01:00,111843
2024/10/19 02:00,111848
2024/10/19 03:00,111854
2024/10/19 04:00,111859
2024/10/19 05:00,111865
2024/10/19 06:00,111870
2024/10/19 07:00,111876
2024/10/19 08:00,111885
2024/10/19 09:00,111901
2024/10/19 10:00,111917
2024/10/19 11:00,111935
2024/10/19 12:00,111952
2024/10/19 13:00,111967
2024/10/19 14:00,111984
2024/10/19 15:00,112006
2024/10/19 16:00,112029
2024/10/19 17:00,112054
2024/10/19 18:00,112077
2024/10/19 19:00,112094
2024/10/19 20:00,112111
2024/10/19 21:00,112128
2024/10/19 22:00,112144
2024/10/19 23:00,112154
2024/10/20 00:00,112159
2024/10/20 01:00,112165
2024/10/20 02:00,112170
2024/10/20 03:00,112176
2024/10/20 04:00,112181
2024/10/20 05:00,112187
2024/10/20 06:00,112192
2024/10/20 07:00,112198
2024/10/20 08:00,112204
2024/10/20 09:00,112215
2024/10/20 10:00,112228
2024/10/20 11:00,112244
2024/10/20 12:00,112259
2024/10/20 13:00,112274
2024/10/20 14:00,112290
2024/10/20 15:00,112310
2024/10/20 16:00,112331
2024/10/20 17:00,112352
2024/10/20 18:00,112372
2024/10/20 19:00,112392
2024/10/20 20:00,112412
2024/10/20 21:00,112431
2024/10/20 22:00,112451
2024/10/20 23:00,112462
2024/10/21 00:00,112467
2024/10/21 01:00,112473
2024/10/21 02:00,112478
2024/10/21 03:00,112484
2024/10/21 04:00,112489
2024/10/21 05:00,112495
2024/10/21 06:00,112500
2024/10/21 07:00,112509
2024/10/21 08:00,112524
2024/10/21 09:00,112549
2024/10/21 10:00,112576
2024/10/21 11:00,112608
2024/10/21 12:00,112640
2024/10/21 13:00,112663
2024/10/21 14:00,112688
2024/10/21 15:00,112724
2024/10/21 16:00,112759
2024/10/21 17:00,112790
2024/10/21 18:00,112819
2024/10/21 19:00,112841
2024/10/21 20:00,112866
2024/10/21 21:00,112891
2024/10/21 22:00,112911
2024/10/21 23:00,112921
2024/10/22 00:00,112927
2024/10/22 01:00,112932
2024/10/22 02:00,112938
2024/10/22 03:00,112943
2024/10/22 04:00,112948
2024/10/22 05:00,112954
2024/10/22 06:00,112959
2024/10/22 07:00,112966
2024/10/22 08:00,112978
2024/10/22 09:00,113006
2024/10/22 10:00,113035
2024/10/22 11:00,113067
2024/10/22 12:00,113097
2024/10/22 13:00,113119
2024/10/22 14:00,113141
2024/10/22 15:00,113168
2024/10/22 16:00,113194
2024/10/22 17:00,113218
2024/10/22 18:00,113242
2024/10/22 19:00,113264
2024/10/22 20:00,113290
2024/10/22 21:00,113318
2024/10/22 22:00,113343
2024/10/22 23:00,113355
2024/10/23 00:00,113360
2024/10/23 01:00,113366
2024/10/23 02:00,113371
2024/10/23 03:00,113377
2024/10/23 04:00,113382
2024/10/23 05:00,113388
2024/10/23 06:00,113393
2024/10/23 07:00,113401
2024/10/23 08:00,113418
2024/10/23 09:00,113449
2024/10/23 10:00,113481
2024/10/23 11:00,113514
2024/10/23 12:00,113543
2024/10/23 13:00,113564
2024/10/23 14:00,113587
2024/10/23 15:00,113617
2024/10/23 16:00,113646
2024/10/23 17:00,113674
2024/10/23 18:00,113700
2024/10/23 19:00,113721
2024/10/23 20:00,113743
2024/10/23 21:00,113767
2024/10/23 22:00,113790
2024/10/23 23:00,113801
2024/10/24 00:00,113806
2024/10/24 01:00,113811
2024/10/24 02:00,113817
2024/10/24 03:00,113822
2024/10/24 04:00,113827
2024/10/24 05:00,113832
2024/10/24 06:00,113838
2024/10/24 07:00,113844
2024/10/24 08:00,113856
2024/10/24 09:00,113880
2024/10/24 10:00,113906
2024/10/24 11:00,113937
2024/10/24 12:00,113966
2024/10/24 13:00,113986
2024/10/24 14:00,114006
2024/10/24 15:00,114029
2024/10/24 16:00,114052
2024/10/24 17:00,114080
2024/10/24 18:00,114106
2024/10/24 19:00,114129
2024/10/24 20:00,114153
2024/10/24 21:00,114178
2024/10/24 22:00,114200
2024/10/24 23:00,114212
2024/10/25 00:00,114218
2024/10/25 01:00,114223
2024/10/25 02:00,114228
2024/10/25 03:00,114233
2024/10/25 04:00,114238
2024/10/25 05:00,114244
2024/10/25 06:00,114249
2024/10/25 07:00,114256
2024/10/25 08:00,114268
2024/10/25 09:00,114290
2024/10/25 10:00,114316
2024/10/25 11:00,114346
2024/10/25 12:00,114377
2024/10/25 13:00,114399
2024/10/25 14:00,114422
2024/10/25 15:00,114451
2024/10/25 16:00,114479
2024/10/25 17:00,114503
2024/10/25 18:00,114525
2024/10/25 19:00,114545
2024/10/25 20:00,114566
2024/10/25 21:00,114585
2024/10/25 22:00,114602
2024/10/25 23:00,114612
2024/10/26 00:00,114617
2024/10/26 01:00,114622
2024/10/26 02:00,114628
2024/10/26 03:00,114633
2024/10/26 04:00,114639
2024/10/26 05:00,114644
2024/10/26 06:00,114649
2024/10/26 07:00,114656
2024/10/26 08:00,114662
2024/10/26 09:00,114672
2024/10/26 10:00,114686
2024/10/26 11:00,114700
2024/10/26 12:00,114714
2024/10/26 13:00,114727
2024/10/26 14:00,114741
2024/10/26 15:00,114759
2024/10/26 16:00,114778
2024/10/26 17:00,114799
2024/10/26 18:00,114816
2024/10/26 19:00,114835
2024/10/26 20:00,114853
2024/10/26 21:00,114868
2024/10/26 22:00,114883
2024/10/26 23:00,114891
2024/10/27 00:00,114897
2024/10/27 01:00,114902
2024/10/27 02:00,114907
2024/10/27 03:00,114913
2024/10/27 04:00,114918
2024/10/27 05:00,114923
2024/10/27 06:00,114929
2024/10/27 07:00,114935
2024/10/27 08:00,114941
2024/10/27 09:00,114949
2024/10/27 10:00,114966
2024/10/27 11:00,114984
2024/10/27 12:00,114998
2024/10/27 13:00,115013
2024/10/27 14:00,115027
2024/10/27 15:00,115043
2024/10/27 16:00,115062
2024/10/27 17:00,115078
2024/10/27 18:00,115095
2024/10/27 19:00,115113
2024/10/27 20:00,115133
2024/10/27 21:00,115153
2024/10/27 22:00,115171
2024/10/27 23:00,115180
2024/10/28 00:00,115185
2024/10/28 01:00,115190
2024/10/28 02:00,115196
2024/10/28 03:00,115201
2024/10/28 04:00,115206
2024/10/28 05:00,115211
2024/10/28 06:00,115217
2024/10/28 07:00,115224
2024/10/28 08:00,115238
2024/10/28 09:00,115263
2024/10/28 10:00,115287
2024/10/28 11:00,115317
2024/10/28 12:00,115346
2024/10/28 13:00,115365
2024/10/28 14:00,115386
2024/10/28 15:00,115417
2024/10/28 16:00,115448
2024/10/28 17:00,115476
2024/10/28 18:00,115503
2024/10/28 19:00,115524
2024/10/28 20:00,115548
2024/10/28 21:00,115572
2024/10/28 22:00,115593
2024/10/28 23:00,115606
2024/10/29 00:00,115611
2024/10/29 01:00,115616
2024/10/29 02:00,115622
2024/10/29 03:00,115627
2024/10/29 04:00,115632
2024/10/29 05:00,115638
2024/10/29 06:00,115643
2024/10/29 07:00,115650
2024/10/29 08:00,115665
2024/10/29 09:00,115691
2024/10/29 10:00,115717
2024/10/29 11:00,115747
2024/10/29 12:00,115776
2024/10/29 13:00,115797
2024/10/29 14:00,115818
2024/10/29 15:00,115844
2024/10/29 16:00,115869
2024/10/29 17:00,115894
2024/10/29 18:00,115918
2024/10/29 19:00,
2024/10/29 20:00,115964
2024/10/29 21:00,115988
2024/10/29 22:00,116011
2024/10/29 23:00,116022
2024/10/30 00:00,116028
2024/10/30 01:00,116033
2024/10/30 02:00,116038
2024/10/30 03:00,116044
2024/10/30 04:00,116049
2024/10/30 05:00,116055
2024/10/30 06:00,116060
2024/10/30 07:00,116068
2024/10/30 08:00,116083
2024/10/30 09:00,116115
2024/10/30 10:00,116147
2024/10/30 11:00,116182
2024/10/30 12:00,116215
2024/10/30 13:00,116237
2024/10/30 14:00,116260
2024/10/30 15:00,116290
2024/10/30 16:00,116320
2024/10/30 17:00,116349
2024/10/30 18:00,116376
2024/10/30 19:00,116397
2024/10/30 20:00,116420
2024/10/30 21:00,116444
2024/10/30 22:00,116466
2024/10/30 23:00,116476
2024/10/31 00:00,116482
2024/10/31 01:00,116487
2024/10/31 02:00,116493
2024/10/31 03:00,116498
2024/10/31 04:00,116504
2024/10/31 05:00,116509
2024/10/31 06:00,116515
2024/10/31 07:00,116523
2024/10/31 08:00,116541
2024/10/31 09:00,116566
2024/10/31 10:00,116594
2024/10/31 11:00,116625
2024/10/31 12:00,116657
2024/10/31 13:00,116680
2024/10/31 14:00,116703
2024/10/31 15:00,116729
2024/10/31 16:00,116756
2024/10/31 17:00,116783
2024/10/31 18:00,116807
2024/10/31 19:00,116829
2024/10/31 20:00,116852
2024/10/31 21:00,116876
2024/10/31 22:00,116897
2024/10/31 23:00,116908
2024/11/1 00:00,116914
2024/11/1 01:00,116919
2024/11/1 02:00,116924
2024/11/1 03:00,116930
2024/11/1 04:00,116935
2024/11/1 05:00,116940
2024/11/1 06:00,116946
2024/11/1 07:00,116952
2024/11/1 08:00,116964
2024/11/1 09:00,116983
2024/11/1 10:00,117005
2024/11/1 11:00,117031
2024/11/1 12:00,
2024/11/1 13:00,117074
2024/11/1 14:00,
2024/11/1 15:00,
2024/11/1 16:00,
2024/11/1 17:00,
2024/11/1 18:00,
2024/11/1 19:00,117216
2024/11/1 20:00,117236
2024/11/1 21:00,
2024/11/1 22:00,
2024/11/1 23:00,
2024/11/2 00:00,
2024/11/2 01:00,117297
2024/11/2 02:00,
2024/11/2 03:00,
2024/11/2 04:00,
2024/11/2 05:00,
2024/11/2 06:00,
2024/11/2 07:00,
2024/11/2 08:00,
2024/11/2 09:00,117343
2024/11/2 10:00,
2024/11/2 11:00,
2024/11/2 12:00,117374
2024/11/2 13:00,117385
2024/11/2 14:00,117398
2024/11/2 15:00,117412
2024/11/2 16:00,
2024/11/2 17:00,117444
2024/11/2 18:00,117460
2024/11/2 19:00,117475
2024/11/2 20:00,117492
2024/11/2 21:00,117512
2024/11/2 22:00,117530
2024/11/2 23:00,117540
2024/11/3 00:00,117545
2024/11/3 01:00,117550
2024/11/3 02:00,117555
2024/11/3 03:00,117561
2024/11/3 04:00,117566
2024/11/3 05:00,117571
2024/11/3 06:00,117576
2024/11/3 07:00,117582
2024/11/3 08:00,117588
2024/11/3 09:00,117595
2024/11/3 10:00,117603
2024/11/3 11:00,117613
2024/11/3 12:00,117622
2024/11/3 13:00,117633
2024/11/3 14:00,117647
2024/11/3 15:00,117662
2024/11/3 16:00,117679
2024/11/3 17:00,117695
2024/11/3 18:00,117712
2024/11/3 19:00,117729
2024/11/3 20:00,117746
2024/11/3 21:00,117763
2024/11/3 22:00,117779
2024/11/3 23:00,117789
2024/11/4 00:00,117794
2024/11/4 01:00,117800
2024/11/4 02:00,117806
2024/11/4 03:00,117811
2024/11/4 04:00,117817
2024/11/4 05:00,117822
2024/11/4 06:00,117827
2024/11/4 07:00,117834
2024/11/4 08:00,117849
2024/11/4 09:00,117875
2024/11/4 10:00,117902
2024/11/4 11:00,117933
2024/11/4 12:00,117963
2024/11/4 13:00,117985
2024/11/4 14:00,
2024/11/4 15:00,118039
2024/11/4 16:00,
2024/11/4 17:00,118100
2024/11/4 18:00,118128
2024/11/4 19:00,
2024/11/4 20:00,118173
2024/11/4 21:00,118197
2024/11/4 22:00,118219
2024/11/4 23:00,118231
2024/11/5 00:00,118236
2024/11/5 01:00,118242
2024/11/5 02:00,118247
2024/11/5 03:00,
2024/11/5 04:00,118257
2024/11/5 05:00,118263
2024/11/5 06:00,118268
2024/11/5 07:00,118275
2024/11/5 08:00,118286
2024/11/5 09:00,118308
2024/11/5 10:00,118332
2024/11/5 11:00,118360
2024/11/5 12:00,118388
2024/11/5 13:00,118409
2024/11/5 14:00,118430
2024/11/5 15:00,118455
2024/11/5 16:00,118480
2024/11/5 17:00,118504
2024/11/5 18:00,118527
2024/11/5 19:00,118547
2024/11/5 20:00,118571
2024/11/5 21:00,118595
2024/11/5 22:00,118617
2024/11/5 23:00,118631
2024/11/6 00:00,118636
2024/11/6 01:00,118642
2024/11/6 02:00,
2024/11/6 03:00,
2024/11/6 04:00,118658
2024/11/6 05:00,118663
2024/11/6 06:00,118669
2024/11/6 07:00,118676
2024/11/6 08:00,118689
2024/11/6 09:00,118720
2024/11/6 10:00,118748
2024/11/6 11:00,118778
2024/11/6 12:00,118807
2024/11/6 13:00,118828
2024/11/6 14:00,118850
2024/11/6 15:00,118875
2024/11/6 16:00,
2024/11/6 17:00,118930
2024/11/6 18:00,118956
2024/11/6 19:00,118977
2024/11/6 20:00,119001
2024/11/6 21:00,119024
2024/11/6 22:00,119046
2024/11/6 23:00,119059
2024/11/7 00:00,119065
2024/11/7 01:00,119070
2024/11/7 02:00,119076
2024/11/7 03:00,119081
2024/11/7 04:00,119086
2024/11/7 05:00,119092
2024/11/7 06:00,119097
2024/11/7 07:00,119106
2024/11/7 08:00,119117
2024/11/7 09:00,119139
2024/11/7 10:00,119162
2024/11/7 11:00,119193
2024/11/7 12:00,119223
2024/11/7 13:00,119243
2024/11/7 14:00,119265
2024/11/7 15:00,119291
2024/11/7 16:00,119316
2024/11/7 17:00,119342
2024/11/7 18:00,119368
2024/11/7 19:00,119389
2024/11/7 20:00,119412
2024/11/7 21:00,119435
2024/11/7 22:00,119456
2024/11/7 23:00,119467
2024/11/8 00:00,119473
2024/11/8 01:00,119478
2024/11/8 02:00,119484
2024/11/8 03:00,119489
2024/11/8 04:00,119494
2024/11/8 05:00,119500
2024/11/8 06:00,119505
2024/11/8 07:00,119512
2024/11/8 08:00,119525
2024/11/8 09:00,119547
2024/11/8 10:00,119570
2024/11/8 11:00,119596
2024/11/8 12:00,119621
2024/11/8 13:00,119639
2024/11/8 14:00,119661
2024/11/8 15:00,119689
2024/11/8 16:00,119717
2024/11/8 17:00,119740
2024/11/8 18:00,119761
2024/11/8 19:00,119780
2024/11/8 20:00,119801
2024/11/8 21:00,119822
2024/11/8 22:00,119841
2024/11/8 23:00,119852
2024/11/9 00:00,119858
2024/11/9 01:00,119864
2024/11/9 02:00,119869
2024/11/9 03:00,119875
2024/11/9 04:00,119880
2024/11/9 05:00,119886
2024/11/9 06:00,119891
2024/11/9 07:00,119896
2024/11/9 08:00,119903
2024/11/9 09:00,119912
2024/11/9 10:00,119922
2024/11/9 11:00,119933
2024/11/9 12:00,119944
2024/11/9 13:00,119955
2024/11/9 14:00,119969
2024/11/9 15:00,119985
2024/11/9 16:00,120002
2024/11/9 17:00,120020
2024/11/9 18:00,120039
2024/11/9 19:00,120058
2024/11/9 20:00,120078
2024/11/9 21:00,120098
2024/11/9 22:00,120116
2024/11/9 23:00,120128
2024/11/10 00:00,120134
2024/11/10 01:00,120139
2024/11/10 02:00,120145
2024/11/10 03:00,120150
2024/11/10 04:00,120156
2024/11/10 05:00,120161
2024/11/10 06:00,120167
2024/11/10 07:00,120173
2024/11/10 08:00,120179
2024/11/10 09:00,120190
2024/11/10 10:00,120204
2024/11/10 11:00,120219
2024/11/10 12:00,120235
2024/11/10 13:00,120251
2024/11/10 14:00,120269
2024/11/10 15:00,120288
2024/11/10 16:00,120308
2024/11/10 17:00,120327
2024/11/10 18:00,120347
2024/11/10 19:00,120367
2024/11/10 20:00,120387
2024/11/10 21:00,120408
2024/11/10 22:00,120427
2024/11/10 23:00,120440
2024/11/11 00:00,120446
2024/11/11 01:00,120452
2024/11/11 02:00,120457
2024/11/11 03:00,120463
2024/11/11 04:00,120468
2024/11/11 05:00,120473
2024/11/11 06:00,120479
2024/11/11 07:00,120487
2024/11/11 08:00,120500
2024/11/11 09:00,120524
2024/11/11 10:00,120549
2024/11/11 11:00,120578
2024/11/11 12:00,120608
2024/11/11 13:00,120629
2024/11/11 14:00,120652
2024/11/11 15:00,120685
2024/11/11 16:00,120717
2024/11/11 17:00,120746
2024/11/11 18:00,120772
2024/11/11 19:00,120794
2024/11/11 20:00,120818
2024/11/11 21:00,120842
2024/11/11 22:00,120863
2024/11/11 23:00,120874
2024/11/12 00:00,120879
2024/11/12 01:00,120884
2024/11/12 02:00,120890
2024/11/12 03:00,120895
2024/11/12 04:00,120900
2024/11/12 05:00,120906
2024/11/12 06:00,120911
2024/11/12 07:00,120919
2024/11/12 08:00,120929
2024/11/12 09:00,120952
2024/11/12 10:00,120978
2024/11/12 11:00,121008
2024/11/12 12:00,121036
2024/11/12 13:00,121058
2024/11/12 14:00,121079
2024/11/12 15:00,121105
2024/11/12 16:00,121132
2024/11/12 17:00,121158
2024/11/12 18:00,121184
2024/11/12 19:00,121205
2024/11/12 20:00,121228
2024/11/12 21:00,121251
2024/11/12 22:00,121273
2024/11/12 23:00,121286
2024/11/13 00:00,121291
2024/11/13 01:00,121297
2024/11/13 02:00,121302
2024/11/13 03:00,121307
2024/11/13 04:00,121312
2024/11/13 05:00,121318
2024/11/13 06:00,121323
2024/11/13 07:00,121330
2024/11/13 08:00,121344
2024/11/13 09:00,121373
2024/11/13 10:00,121402
2024/11/13 11:00,121432
2024/11/13 12:00,121461
2024/11/13 13:00,121482
2024/11/13 14:00,121504
2024/11/13 15:00,121530
2024/11/13 16:00,121558
2024/11/13 17:00,121587
2024/11/13 18:00,121615
2024/11/13 19:00,121637
2024/11/13 20:00,121661
2024/11/13 21:00,121686
2024/11/13 22:00,121708
2024/11/13 23:00,121722
2024/11/14 00:00,121727
2024/11/14 01:00,121732
2024/11/14 02:00,121738
2024/11/14 03:00,121743
2024/11/14 04:00,121748
2024/11/14 05:00,121754
2024/11/14 06:00,121759
2024/11/14 07:00,121766
2024/11/14 08:00,121778
2024/11/14 09:00,121801
2024/11/14 10:00,121826
2024/11/14 11:00,121857
2024/11/14 12:00,121887
2024/11/14 13:00,121910
2024/11/14 14:00,121933
2024/11/14 15:00,121960
2024/11/14 16:00,121987
2024/11/14 17:00,122012
2024/11/14 18:00,122037
2024/11/14 19:00,122060
2024/11/14 20:00,122085
2024/11/14 21:00,122110
2024/11/14 22:00,122134
2024/11/14 23:00,122148
2024/11/15 00:00,122153
2024/11/15 01:00,122159
2024/11/15 02:00,122164
2024/11/15 03:00,122170
2024/11/15 04:00,122175
2024/11/15 05:00,122181
2024/11/15 06:00,122186
2024/11/15 07:00,122195
2024/11/15 08:00,122206
2024/11/15 09:00,122224
2024/11/15 10:00,122246
2024/11/15 11:00,122270
2024/11/15 12:00,122299
2024/11/15 13:00,122317
2024/11/15 14:00,122339
2024/11/15 15:00,122367
2024/11/15 16:00,122394
2024/11/15 17:00,122419
2024/11/15 18:00,122443
2024/11/15 19:00,122465
2024/11/15 20:00,122488
2024/11/15 21:00,122510
2024/11/15 22:00,122530
2024/11/15 23:00,122540
2024/11/16 00:00,122546
2024/11/16 01:00,122552
2024/11/16 02:00,122558
2024/11/16 03:00,122563
2024/11/16 04:00,122568
2024/11/16 05:00,122574
2024/11/16 06:00,122579
2024/11/16 07:00,122585
2024/11/16 08:00,122591
2024/11/16 09:00,122600
2024/11/16 10:00,122608
2024/11/16 11:00,122622
2024/11/16 12:00,122636
2024/11/16 13:00,122650
2024/11/16 14:00,122665
2024/11/16 15:00,122680
2024/11/16 16:00,122698
2024/11/16 17:00,122715
2024/11/16 18:00,122733
2024/11/16 19:00,122751
2024/11/16 20:00,122770
2024/11/16 21:00,122788
2024/11/16 22:00,122806
2024/11/16 23:00,122817
2024/11/17 00:00,122823
2024/11/17 01:00,122828
2024/11/17 02:00,122833
2024/11/17 03:00,122838
2024/11/17 04:00,122844
2024/11/17 05:00,122849
2024/11/17 06:00,122854
2024/11/17 07:00,122860
2024/11/17 08:00,122867
2024/11/17 09:00,122875
2024/11/17 10:00,122884
2024/11/17 11:00,122895
2024/11/17 12:00,122908
2024/11/17 13:00,122921
2024/11/17 14:00,122936
2024/11/17 15:00,122955
2024/11/17 16:00,122975
2024/11/17 17:00,122995
2024/11/17 18:00,123014
2024/11/17 19:00,123034
2024/11/17 20:00,123055
2024/11/17 21:00,123074
2024/11/17 22:00,123093
2024/11/17 23:00,123104
2024/11/18 00:00,123109
2024/11/18 01:00,123115
2024/11/18 02:00,123120
2024/11/18 03:00,123125
2024/11/18 04:00,123131
2024/11/18 05:00,123136
2024/11/18 06:00,123141
2024/11/18 07:00,123150
2024/11/18 08:00,123164
2024/11/18 09:00,123191
2024/11/18 10:00,123218
2024/11/18 11:00,123249
2024/11/18 12:00,123280
2024/11/18 13:00,123303
2024/11/18 14:00,123327
2024/11/18 15:00,123359
2024/11/18 16:00,123393
2024/11/18 17:00,123423
2024/11/18 18:00,123451
2024/11/18 19:00,123473
2024/11/18 20:00,123497
2024/11/18 21:00,123521
2024/11/18 22:00,123542
2024/11/18 23:00,123553
2024/11/19 00:00,123558
2024/11/19 01:00,123564
2024/11/19 02:00,123569
2024/11/19 03:00,123574
2024/11/19 04:00,123580
2024/11/19 05:00,123585
2024/11/19 06:00,123590
2024/11/19 07:00,123598
2024/11/19 08:00,123612
2024/11/19 09:00,123637
2024/11/19 10:00,123664
2024/11/19 11:00,123694
2024/11/19 12:00,123723
2024/11/19 13:00,123745
2024/11/19 14:00,123770
2024/11/19 15:00,123805
2024/11/19 16:00,123838
2024/11/19 17:00,123870
2024/11/19 18:00,123899
2024/11/19 19:00,123921
2024/11/19 20:00,123945
2024/11/19 21:00,123970
2024/11/19 22:00,123994
2024/11/19 23:00,124005
2024/11/20 00:00,124011
2024/11/20 01:00,124016
2024/11/20 02:00,124022
2024/11/20 03:00,124027
2024/11/20 04:00,124032
2024/11/20 05:00,124037
2024/11/20 06:00,124043
2024/11/20 07:00,124050
2024/11/20 08:00,124063
2024/11/20 09:00,124093
2024/11/20 10:00,124123
2024/11/20 11:00,124153
2024/11/20 12:00,124181
2024/11/20 13:00,124202
2024/11/20 14:00,124224
2024/11/20 15:00,124249
2024/11/20 16:00,124274
2024/11/20 17:00,124302
2024/11/20 18:00,124328
2024/11/20 19:00,124351
2024/11/20 20:00,124376
2024/11/20 21:00,124401
2024/11/20 22:00,124423
2024/11/20 23:00,124434
2024/11/21 00:00,124439
2024/11/21 01:00,124445
2024/11/21 02:00,124450
2024/11/21 03:00,124455
2024/11/21 04:00,124460
2024/11/21 05:00,124466
2024/11/21 06:00,124471
2024/11/21 07:00,124477
2024/11/21 08:00,124490
2024/11/21 09:00,124514
2024/11/21 10:00,124539
2024/11/21 11:00,124570
2024/11/21 12:00,124601
2024/11/21 13:00,124625
2024/11/21 14:00,124649
2024/11/21 15:00,124678
2024/11/21 16:00,124706
2024/11/21 17:00,124732
2024/11/21 18:00,124758
2024/11/21 19:00,124779
2024/11/21 20:00,124802
2024/11/21 21:00,124824
2024/11/21 22:00,124845
2024/11/21 23:00,124855
2024/11/22 00:00,124861
2024/11/22 01:00,124867
2024/11/22 02:00,124872
2024/11/22 03:00,124878
2024/11/22 04:00,124883
2024/11/22 05:00,124889
2024/11/22 06:00,124894
2024/11/22 07:00,124902
2024/11/22 08:00,124914
2024/11/22 09:00,124937
2024/11/22 10:00,124964
2024/11/22 11:00,124994
2024/11/22 12:00,125023
2024/11/22 13:00,125046
2024/11/22 14:00,125068
2024/11/22 15:00,125098
2024/11/22 16:00,125127
2024/11/22 17:00,125153
2024/11/22 18:00,125179
2024/11/22 19:00,125201
2024/11/22 20:00,125224
2024/11/22 21:00,125246
2024/11/22 22:00,125267
2024/11/22 23:00,125279
2024/11/23 00:00,125286
2024/11/23 01:00,125292
2024/11/23 02:00,125299
2024/11/23 03:00,125306
2024/11/23 04:00,125312
2024/11/23 05:00,125319
2024/11/23 06:00,125325
2024/11/23 07:00,125332
2024/11/23 08:00,125341
2024/11/23 09:00,125352
2024/11/23 10:00,125364
2024/11/23 11:00,125377
2024/11/23 12:00,125392
2024/11/23 13:00,125407
2024/11/23 14:00,125424
2024/11/23 15:00,125444
2024/11/23 16:00,125465
2024/11/23 17:00,125487
2024/11/23 18:00,125509
2024/11/23 19:00,125531
2024/11/23 20:00,125552
2024/11/23 21:00,125574
2024/11/23 22:00,125595
2024/11/23 23:00,125608
2024/11/24 00:00,125615
2024/11/24 01:00,125621
2024/11/24 02:00,125628
2024/11/24 03:00,125634
2024/11/24 04:00,125641
2024/11/24 05:00,125647
2024/11/24 06:00,125654
2024/11/24 07:00,125661
2024/11/24 08:00,125677
2024/11/24 09:00,125696
2024/11/24 10:00,125717
2024/11/24 11:00,125743
2024/11/24 12:00,125774
2024/11/24 13:00,125801
2024/11/24 14:00,125828
2024/11/24 15:00,125856
2024/11/24 16:00,125884
2024/11/24 17:00,125910
2024/11/24 18:00,125933
2024/11/24 19:00,125957
2024/11/24 20:00,125981
2024/11/24 21:00,126003
2024/11/24 22:00,126024
2024/11/24 23:00,126036
2024/11/25 00:00,126043
2024/11/25 01:00,126050
2024/11/25 02:00,126056
2024/11/25 03:00,126062
2024/11/25 04:00,126068
2024/11/25 05:00,126074
2024/11/25 06:00,126080
2024/11/25 07:00,126088
2024/11/25 08:00,126102
2024/11/25 09:00,126125
2024/11/25 10:00,126149
2024/11/25 11:00,126178
2024/11/25 12:00,126208
2024/11/25 13:00,126230
2024/11/25 14:00,126252
2024/11/25 15:00,126282
2024/11/25 16:00,126313
2024/11/25 17:00,126342
2024/11/25 18:00,126370
2024/11/25 19:00,126392
2024/11/25 20:00,126418
2024/11/25 21:00,126445
2024/11/25 22:00,126468
2024/11/25 23:00,126482
2024/11/26 00:00,126488
2024/11/26 01:00,126494
2024/11/26 02:00,126500
2024/11/26 03:00,126506
2024/11/26 04:00,126512
2024/11/26 05:00,126517
2024/11/26 06:00,126523
2024/11/26 07:00,126532
2024/11/26 08:00,126544
2024/11/26 09:00,126570
2024/11/26 10:00,126600
2024/11/26 11:00,126634
2024/11/26 12:00,126667
2024/11/26 13:00,126694
2024/11/26 14:00,126724
2024/11/26 15:00,126760
2024/11/26 16:00,126796
2024/11/26 17:00,126827
2024/11/26 18:00,126855
2024/11/26 19:00,126878
2024/11/26 20:00,126902
2024/11/26 21:00,126926
2024/11/26 22:00,126949
2024/11/26 23:00,126960
2024/11/27 00:00,126966
2024/11/27 01:00,126972
2024/11/27 02:00,126978
2024/11/27 03:00,126983
2024/11/27 04:00,126989
2024/11/27 05:00,126995
2024/11/27 06:00,127001
2024/11/27 07:00,127008
2024/11/27 08:00,127024
2024/11/27 09:00,127051
2024/11/27 10:00,127079
2024/11/27 11:00,127109
2024/11/27 12:00,127138
2024/11/27 13:00,127159
2024/11/27 14:00,127183
2024/11/27 15:00,127211
2024/11/27 16:00,127239
2024/11/27 17:00,127268
2024/11/27 18:00,127295
2024/11/27 19:00,127319
2024/11/27 20:00,127344
2024/11/27 21:00,127370
2024/11/27 22:00,127392
2024/11/27 23:00,127403
2024/11/28 00:00,127409
2024/11/28 01:00,127414
2024/11/28 02:00,127420
2024/11/28 03:00,127425
2024/11/28 04:00,127430
2024/11/28 05:00,127435
2024/11/28 06:00,127441
2024/11/28 07:00,127448
2024/11/28 08:00,127461
2024/11/28 09:00,127484
2024/11/28 10:00,127510
2024/11/28 11:00,127543
2024/11/28 12:00,127575
2024/11/28 13:00,127599
2024/11/28 14:00,127623
2024/11/28 15:00,127651
2024/11/28 16:00,127678
2024/11/28 17:00,127705
2024/11/28 18:00,127731
2024/11/28 19:00,127754
2024/11/28 20:00,127779
2024/11/28 21:00,127804
2024/11/28 22:00,127827
2024/11/28 23:00,127838
2024/11/29 00:00,127844
2024/11/29 01:00,127849
2024/11/29 02:00,127854
2024/11/29 03:00,127860
2024/11/29 04:00,127865
2024/11/29 05:00,127870
2024/11/29 06:00,127876
2024/11/29 07:00,127883
2024/11/29 08:00,127894
2024/11/29 09:00,127914
2024/11/29 10:00,127936
2024/11/29 11:00,127963
2024/11/29 12:00,127989
2024/11/29 13:00,128009
2024/11/29 14:00,128030
2024/11/29 15:00,128057
2024/11/29 16:00,128083
2024/11/29 17:00,128105
2024/11/29 18:00,128126
2024/11/29 19:00,128147
2024/11/29 20:00,128169
2024/11/29 21:00,128191
2024/11/29 22:00,128210
2024/11/29 23:00,128221
2024/11/30 00:00,128227
2024/11/30 01:00,128232
2024/11/30 02:00,128237
2024/11/30 03:00,128242
2024/11/30 04:00,128247
2024/11/30 05:00,128252
2024/11/30 06:00,128257
2024/11/30 07:00,128263
2024/11/30 08:00,128269
2024/11/30 09:00,128277
2024/11/30 10:00,128287
2024/11/30 11:00,128299
2024/11/30 12:00,128313
2024/11/30 13:00,128326
2024/11/30 14:00,128341
2024/11/30 15:00,128357
2024/11/30 16:00,128374
2024/11/30 17:00,128392
2024/11/30 18:00,128411
2024/11/30 19:00,128430
2024/11/30 20:00,128449
2024/11/30 21:00,128468
2024/11/30 22:00,128485
2024/11/30 23:00,128494
2024/12/1 00:00,128499
2024/12/1 01:00,128504
2024/12/1 02:00,128510
2024/12/1 03:00,128515
2024/12/1 04:00,128520
2024/12/1 05:00,128525
2024/12/1 06:00,128530
2024/12/1 07:00,128537
2024/12/1 08:00,128543
2024/12/1 09:00,128551
2024/12/1 10:00,128560
2024/12/1 11:00,128571
2024/12/1 12:00,128583
2024/12/1 13:00,128594
2024/12/1 14:00,128607
2024/12/1 15:00,128622
2024/12/1 16:00,128639
2024/12/1 17:00,128657
2024/12/1 18:00,128675
2024/12/1 19:00,128694
2024/12/1 20:00,128714
2024/12/1 21:00,128735
2024/12/1 22:00,128754
2024/12/1 23:00,128764
2024/12/2 00:00,128769
2024/12/2 01:00,128775
2024/12/2 02:00,128780
2024/12/2 03:00,128785
2024/12/2 04:00,128790
2024/12/2 05:00,128795
2024/12/2 06:00,128800
2024/12/2 07:00,128808
2024/12/2 08:00,128822
2024/12/2 09:00,128843
2024/12/2 10:00,128865
2024/12/2 11:00,128894
2024/12/2 12:00,128922
2024/12/2 13:00,128944
2024/12/2 14:00,128966
2024/12/2 15:00,128998
2024/12/2 16:00,129029
2024/12/2 17:00,129059
2024/12/2 18:00,129087
2024/12/2 19:00,129112
2024/12/2 20:00,129143
2024/12/2 21:00,129173
2024/12/2 22:00,129194
2024/12/2 23:00,129205
2024/12/3 00:00,129211
2024/12/3 01:00,129216
2024/12/3 02:00,129221
2024/12/3 03:00,129227
2024/12/3 04:00,129232
2024/12/3 05:00,129237
2024/12/3 06:00,129243
2024/12/3 07:00,129251
2024/12/3 08:00,129263
2024/12/3 09:00,129283
2024/12/3 10:00,129307
2024/12/3 11:00,129335
2024/12/3 12:00,129363
2024/12/3 13:00,129385
2024/12/3 14:00,129409
2024/12/3 15:00,129439
2024/12/3 16:00,129469
2024/12/3 17:00,129498
2024/12/3 18:00,129525
2024/12/3 19:00,129548
2024/12/3 20:00,129572
2024/12/3 21:00,129595
2024/12/3 22:00,129618
2024/12/3 23:00,129631
2024/12/4 00:00,129637
2024/12/4 01:00,129642
2024/12/4 02:00,129647
2024/12/4 03:00,129653
2024/12/4 04:00,129658
2024/12/4 05:00,129663
2024/12/4 06:00,129669
2024/12/4 07:00,129676
2024/12/4 08:00,129688
2024/12/4 09:00,129712
2024/12/4 10:00,129737
2024/12/4 11:00,129766
2024/12/4 12:00,129795
2024/12/4 13:00,129818
2024/12/4 14:00,129841
2024/12/4 15:00,129869
2024/12/4 16:00,129896
2024/12/4 17:00,129923
2024/12/4 18:00,129949
2024/12/4 19:00,129972
2024/12/4 20:00,129996
2024/12/4 21:00,130020
2024/12/4 22:00,130044
2024/12/4 23:00,130055
2024/12/5 00:00,130060
2024/12/5 01:00,130065
2024/12/5 02:00,130070
2024/12/5 03:00,130076
2024/12/5 04:00,130081
2024/12/5 05:00,130086
2024/12/5 06:00,130091
2024/12/5 07:00,130098
2024/12/5 08:00,130111
2024/12/5 09:00,130135
2024/12/5 10:00,130161
2024/12/5 11:00,130191
2024/12/5 12:00,130220
2024/12/5 13:00,130243
2024/12/5 14:00,130266
2024/12/5 15:00,130292
2024/12/5 16:00,130319
2024/12/5 17:00,130346
2024/12/5 18:00,130372
2024/12/5 19:00,130395
2024/12/5 20:00,130419
2024/12/5 21:00,130442
2024/12/5 22:00,130465
2024/12/5 23:00,130475
2024/12/6 00:00,130480
2024/12/6 01:00,130485
2024/12/6 02:00,130491
2024/12/6 03:00,130497
2024/12/6 04:00,130502
2024/12/6 05:00,130508
2024/12/6 06:00,130513
2024/12/6 07:00,130520
2024/12/6 08:00,130533
2024/12/6 09:00,130553
2024/12/6 10:00,130575
2024/12/6 11:00,130599
2024/12/6 12:00,130624
2024/12/6 13:00,130645
2024/12/6 14:00,130668
2024/12/6 15:00,130694
2024/12/6 16:00,130720
2024/12/6 17:00,130743
2024/12/6 18:00,130763
2024/12/6 19:00,130776
2024/12/6 20:00,130790
2024/12/6 21:00,130803
2024/12/6 22:00,130816
2024/12/6 23:00,130826
2024/12/7 00:00,130831
2024/12/7 01:00,130837
2024/12/7 02:00,130842
2024/12/7 03:00,130848
2024/12/7 04:00,130853
2024/12/7 05:00,130859
2024/12/7 06:00,130864
2024/12/7 07:00,130872
2024/12/7 08:00,130890
2024/12/7 09:00,130909
2024/12/7 10:00,130927
2024/12/7 11:00,130946
2024/12/7 12:00,130964
2024/12/7 13:00,130983
2024/12/7 14:00,131003
2024/12/7 15:00,131024
2024/12/7 16:00,131046
2024/12/7 17:00,131068
2024/12/7 18:00,131090
2024/12/7 19:00,131112
2024/12/7 20:00,131134
2024/12/7 21:00,131155
2024/12/7 22:00,131175
2024/12/7 23:00,131186
2024/12/8 00:00,131192
2024/12/8 01:00,131198
2024/12/8 02:00,131203
2024/12/8 03:00,131209
2024/12/8 04:00,131215
2024/12/8 05:00,131220
2024/12/8 06:00,131226
2024/12/8 07:00,131232
2024/12/8 08:00,131239
2024/12/8 09:00,131248
2024/12/8 10:00,131261
2024/12/8 11:00,131275
2024/12/8 12:00,131289
2024/12/8 13:00,131302
2024/12/8 14:00,131317
2024/12/8 15:00,131335
2024/12/8 16:00,131353
2024/12/8 17:00,131372
2024/12/8 18:00,131391
2024/12/8 19:00,131411
2024/12/8 20:00,131432
2024/12/8 21:00,131450
2024/12/8 22:00,131467
2024/12/8 23:00,131478
2024/12/9 00:00,131483
2024/12/9 01:00,131488
2024/12/9 02:00,131494
2024/12/9 03:00,131499
2024/12/9 04:00,131505
2024/12/9 05:00,131510
2024/12/9 06:00,131516
2024/12/9 07:00,131526
2024/12/9 08:00,131540
2024/12/9 09:00,131561
2024/12/9 10:00,131588
2024/12/9 11:00,131624
2024/12/9 12:00,131657
2024/12/9 13:00,131681
2024/12/9 14:00,131704
2024/12/9 15:00,131733
2024/12/9 16:00,131761
2024/12/9 17:00,131790
2024/12/9 18:00,131817
2024/12/9 19:00,131839
2024/12/9 20:00,131862
2024/12/9 21:00,131885
2024/12/9 22:00,131907
2024/12/9 23:00,131918
2024/12/10 00:00,131924
2024/12/10 01:00,131929
2024/12/10 02:00,131935
2024/12/10 03:00,131940
2024/12/10 04:00,131946
2024/12/10 05:00,131952
2024/12/10 06:00,131957
2024/12/10 07:00,131965
2024/12/10 08:00,131979
2024/12/10 09:00,132002
2024/12/10 10:00,132027
2024/12/10 11:00,132057
2024/12/10 12:00,132089
2024/12/10 13:00,132114
2024/12/10 14:00,132142
2024/12/10 15:00,132173
2024/12/10 16:00,132204
2024/12/10 17:00,132235
2024/12/10 18:00,132263
2024/12/10 19:00,132285
2024/12/10 20:00,132308
2024/12/10 21:00,132331
2024/12/10 22:00,132353
2024/12/10 23:00,132366
2024/12/11 00:00,132371
2024/12/11 01:00,132377
2024/12/11 02:00,132382
2024/12/11 03:00,132388
2024/12/11 04:00,132393
2024/12/11 05:00,132399
2024/12/11 06:00,132405
2024/12/11 07:00,132413
2024/12/11 08:00,132426
2024/12/11 09:00,132445
2024/12/11 10:00,132467
2024/12/11 11:00,132494
2024/12/11 12:00,132522
2024/12/11 13:00,132545
2024/12/11 14:00,132569
2024/12/11 15:00,132596
2024/12/11 16:00,132624
2024/12/11 17:00,132651
2024/12/11 18:00,132677
2024/12/11 19:00,132699
2024/12/11 20:00,132723
2024/12/11 21:00,132746
2024/12/11 22:00,132768
2024/12/11 23:00,132780
2024/12/12 00:00,132786
2024/12/12 01:00,132791
2024/12/12 02:00,132797
2024/12/12 03:00,132803
2024/12/12 04:00,132808
2024/12/12 05:00,132814
2024/12/12 06:00,132820
2024/12/12 07:00,132830
2024/12/12 08:00,132842
2024/12/12 09:00,132863
2024/12/12 10:00,132886
2024/12/12 11:00,132916
2024/12/12 12:00,132946
2024/12/12 13:00,132969
2024/12/12 14:00,132994
2024/12/12 15:00,133019
2024/12/12 16:00,133044
2024/12/12 17:00,133071
2024/12/12 18:00,133097
2024/12/12 19:00,133119
2024/12/12 20:00,133142
2024/12/12 21:00,133165
2024/12/12 22:00,133187
2024/12/12 23:00,133198
2024/12/13 00:00,133204
2024/12/13 01:00,133209
2024/12/13 02:00,133215
2024/12/13 03:00,133220
2024/12/13 04:00,133226
2024/12/13 05:00,133232
2024/12/13 06:00,133237
2024/12/13 07:00,133245
2024/12/13 08:00,133260
2024/12/13 09:00,133279
2024/12/13 10:00,133302
2024/12/13 11:00,133328
2024/12/13 12:00,133352
2024/12/13 13:00,133373
2024/12/13 14:00,133396
2024/12/13 15:00,133421
2024/12/13 16:00,133445
2024/12/13 17:00,133467
2024/12/13 18:00,133489
2024/12/13 19:00,133497
2024/12/13 20:00,133502
2024/12/13 21:00,133506
2024/12/13 22:00,133511
2024/12/13 23:00,133516
2024/12/14 00:00,133522
2024/12/14 01:00,133529
2024/12/14 02:00,133534
2024/12/14 03:00,133538
2024/12/14 04:00,133543
2024/12/14 05:00,133548
2024/12/14 06:00,133552
2024/12/14 07:00,133560
2024/12/14 08:00,133571
2024/12/14 09:00,133601
2024/12/14 10:00,133635
2024/12/14 11:00,133669
2024/12/14 12:00,133697
2024/12/14 13:00,133719
2024/12/14 14:00,133740
2024/12/14 15:00,133775
2024/12/14 16:00,133807
2024/12/14 17:00,133841
2024/12/14 18:00,133874
2024/12/14 19:00,133901
2024/12/14 20:00,133923
2024/12/14 21:00,133945
2024/12/14 22:00,133966
2024/12/14 23:00,133977
2024/12/15 00:00,133983
2024/12/15 01:00,133988
2024/12/15 02:00,133993
2024/12/15 03:00,133999
2024/12/15 04:00,134004
2024/12/15 05:00,134010
2024/12/15 06:00,134015
2024/12/15 07:00,134021
2024/12/15 08:00,134027
2024/12/15 09:00,134039
2024/12/15 10:00,134056
2024/12/15 11:00,134075
2024/12/15 12:00,134092
2024/12/15 13:00,134109
2024/12/15 14:00,134125
2024/12/15 15:00,134143
2024/12/15 16:00,134162
2024/12/15 17:00,134182
2024/12/15 18:00,134203
2024/12/15 19:00,134224
2024/12/15 20:00,134246
2024/12/15 21:00,134266
2024/12/15 22:00,134284
2024/12/15 23:00,134293
2024/12/16 00:00,134299
2024/12/16 01:00,134304
2024/12/16 02:00,134309
2024/12/16 03:00,134315
2024/12/16 04:00,134320
2024/12/16 05:00,134326
2024/12/16 06:00,134331
2024/12/16 07:00,134339
2024/12/16 08:00,134351
2024/12/16 09:00,134368
2024/12/16 10:00,134389
2024/12/16 11:00,134417
2024/12/16 12:00,134446
2024/12/16 13:00,134470
2024/12/16 14:00,134495
2024/12/16 15:00,134524
2024/12/16 16:00,134553
2024/12/16 17:00,134582
2024/12/16 18:00,134610
2024/12/16 19:00,134635
2024/12/16 20:00,134661
2024/12/16 21:00,134684
2024/12/16 22:00,134707
2024/12/16 23:00,134719
2024/12/17 00:00,134726
2024/12/17 01:00,134734
2024/12/17 02:00,134740
2024/12/17 03:00,134746
2024/12/17 04:00,134751
2024/12/17 05:00,134757
2024/12/17 06:00,134763
2024/12/17 07:00,134769
2024/12/17 08:00,134782
2024/12/17 09:00,134801
2024/12/17 10:00,134822
2024/12/17 11:00,134851
2024/12/17 12:00,134881
2024/12/17 13:00,134904
2024/12/17 14:00,134928
2024/12/17 15:00,134954
2024/12/17 16:00,134979
2024/12/17 17:00,135003
2024/12/17 18:00,135027
2024/12/17 19:00,135049
2024/12/17 20:00,135072
2024/12/17 21:00,135098
2024/12/17 22:00,135121
2024/12/17 23:00,135133
2024/12/18 00:00,135140
2024/12/18 01:00,135146
2024/12/18 02:00,135152
2024/12/18 03:00,135158
2024/12/18 04:00,135164
2024/12/18 05:00,135170
2024/12/18 06:00,135176
2024/12/18 07:00,135183
2024/12/18 08:00,135198
2024/12/18 09:00,135213
2024/12/18 10:00,135231
2024/12/18 11:00,135255
2024/12/18 12:00,135280
2024/12/18 13:00,135303
2024/12/18 14:00,135326
2024/12/18 15:00,135350
2024/12/18 16:00,135377
2024/12/18 17:00,135403
2024/12/18 18:00,135428
2024/12/18 19:00,135450
2024/12/18 20:00,135473
2024/12/18 21:00,135497
2024/12/18 22:00,135520
2024/12/18 23:00,135530
2024/12/19 00:00,135536
2024/12/19 01:00,135544
2024/12/19 02:00,135551
2024/12/19 03:00,135556
2024/12/19 04:00,135562
2024/12/19 05:00,135567
2024/12/19 06:00,135573
2024/12/19 07:00,135580
2024/12/19 08:00,135594
2024/12/19 09:00,135613
2024/12/19 10:00,135635
2024/12/19 11:00,135663
2024/12/19 12:00,135689
2024/12/19 13:00,135712
2024/12/19 14:00,135735
2024/12/19 15:00,135760
2024/12/19 16:00,135785
2024/12/19 17:00,135809
2024/12/19 18:00,135832
2024/12/19 19:00,135857
2024/12/19 20:00,135884
2024/12/19 21:00,135907
2024/12/19 22:00,135928
2024/12/19 23:00,135939
2024/12/20 00:00,135945
2024/12/20 01:00,135950
2024/12/20 02:00,135957
2024/12/20 03:00,135962
2024/12/20 04:00,135968
2024/12/20 05:00,135974
2024/12/20 06:00,135979
2024/12/20 07:00,135985
2024/12/20 08:00,135997
2024/12/20 09:00,136017
2024/12/20 10:00,136038
2024/12/20 11:00,136062
2024/12/20 12:00,136085
2024/12/20 13:00,136104
2024/12/20 14:00,136122
2024/12/20 15:00,136144
2024/12/20 16:00,136166
2024/12/20 17:00,136192
2024/12/20 18:00,136209
2024/12/20 19:00,136225
2024/12/20 20:00,136236
2024/12/20 21:00,136245
2024/12/20 22:00,136254
2024/12/20 23:00,136262
2024/12/21 00:00,136271
2024/12/21 01:00,136280
2024/12/21 02:00,136289
2024/12/21 03:00,136298
2024/12/21 04:00,136307
2024/12/21 05:00,136316
2024/12/21 06:00,136324
2024/12/21 07:00,136338
2024/12/21 08:00,136380
2024/12/21 09:00,136429
2024/12/21 10:00,136472
2024/12/21 11:00,136515
2024/12/21 12:00,136556
2024/12/21 13:00,136597
2024/12/21 14:00,136646
2024/12/21 15:00,136688
2024/12/21 16:00,136729
2024/12/21 17:00,136766
2024/12/21 18:00,136799
2024/12/21 19:00,136814
2024/12/21 20:00,136822
2024/12/21 21:00,136829
2024/12/21 22:00,136836
2024/12/21 23:00,136843
2024/12/22 00:00,136850
2024/12/22 01:00,136857
2024/12/22 02:00,136864
2024/12/22 03:00,136871
2024/12/22 04:00,136878
2024/12/22 05:00,136885
2024/12/22 06:00,136892
2024/12/22 07:00,136905
2024/12/22 08:00,136950
2024/12/22 09:00,137013
2024/12/22 10:00,137067
2024/12/22 11:00,137119
2024/12/22 12:00,137169
2024/12/22 13:00,137219
2024/12/22 14:00,137278
2024/12/22 15:00,137333
2024/12/22 16:00,137384
2024/12/22 17:00,137433
2024/12/22 18:00,137481
2024/12/22 19:00,137507
2024/12/22 20:00,137531
2024/12/22 21:00,137554
2024/12/22 22:00,137574
2024/12/22 23:00,137586
2024/12/23 00:00,137591
2024/12/23 01:00,137596
2024/12/23 02:00,137601
2024/12/23 03:00,137607
2024/12/23 04:00,137612
2024/12/23 05:00,137617
2024/12/23 06:00,137622
2024/12/23 07:00,137629
2024/12/23 08:00,137645
2024/12/23 09:00,137664
2024/12/23 10:00,137686
2024/12/23 11:00,137712
2024/12/23 12:00,137737
2024/12/23 13:00,137760
2024/12/23 14:00,137782
2024/12/23 15:00,137806
2024/12/23 16:00,137829
2024/12/23 17:00,137853
2024/12/23 18:00,137877
2024/12/23 19:00,137898
2024/12/23 20:00,137921
2024/12/23 21:00,137944
2024/12/23 22:00,137963
2024/12/23 23:00,137975
2024/12/24 00:00,137981
2024/12/24 01:00,137987
2024/12/24 02:00,137993
2024/12/24 03:00,137999
2024/12/24 04:00,138005
2024/12/24 05:00,138010
2024/12/24 06:00,138017
2024/12/24 07:00,138024
2024/12/24 08:00,138035
2024/12/24 09:00,138052
2024/12/24 10:00,138071
2024/12/24 11:00,138098
2024/12/24 12:00,138124
2024/12/24 13:00,138144
2024/12/24 14:00,138167
2024/12/24 15:00,138192
2024/12/24 16:00,138218
2024/12/24 17:00,138244
2024/12/24 18:00,138268
2024/12/24 19:00,138291
2024/12/24 20:00,138315
2024/12/24 21:00,138338
2024/12/24 22:00,138358
2024/12/24 23:00,138370
2024/12/25 00:00,138378
2024/12/25 01:00,138384
2024/12/25 02:00,138391
2024/12/25 03:00,138399
2024/12/25 04:00,138406
2024/12/25 05:00,138413
2024/12/25 06:00,138420
2024/12/25 07:00,138427
2024/12/25 08:00,138440
2024/12/25 09:00,138461
2024/12/25 10:00,138483
2024/12/25 11:00,138506
2024/12/25 12:00,138527
2024/12/25 13:00,138546
2024/12/25 14:00,138569
2024/12/25 15:00,138595
2024/12/25 16:00,138623
2024/12/25 17:00,138649
2024/12/25 18:00,138675
2024/12/25 19:00,138698
2024/12/25 20:00,138721
2024/12/25 21:00,138743
2024/12/25 22:00,138764
2024/12/25 23:00,138776
2024/12/26 00:00,138781
2024/12/26 01:00,138787
2024/12/26 02:00,138793
2024/12/26 03:00,138798
2024/12/26 04:00,138804
2024/12/26 05:00,138809
2024/12/26 06:00,138815
2024/12/26 07:00,138822
2024/12/26 08:00,138834
2024/12/26 09:00,138849
2024/12/26 10:00,138868
2024/12/26 11:00,138895
2024/12/26 12:00,138921
2024/12/26 13:00,138940
2024/12/26 14:00,138959
2024/12/26 15:00,138982
2024/12/26 16:00,139004
2024/12/26 17:00,139026
2024/12/26 18:00,139049
2024/12/26 19:00,139074
2024/12/26 20:00,139100
2024/12/26 21:00,139124
2024/12/26 22:00,139147
2024/12/26 23:00,139161
2024/12/27 00:00,139166
2024/12/27 01:00,139172
2024/12/27 02:00,139178
2024/12/27 03:00,139185
2024/12/27 04:00,139191
2024/12/27 05:00,139196
2024/12/27 06:00,139202
2024/12/27 07:00,139208
2024/12/27 08:00,139223
2024/12/27 09:00,139240
2024/12/27 10:00,139261
2024/12/27 11:00,139283
2024/12/27 12:00,139307
2024/12/27 13:00,139328
2024/12/27 14:00,139351
2024/12/27 15:00,139375
2024/12/27 16:00,139398
2024/12/27 17:00,139420
2024/12/27 18:00,139441
2024/12/27 19:00,139462
2024/12/27 20:00,139484
2024/12/27 21:00,139506
2024/12/27 22:00,139525
2024/12/27 23:00,139535
2024/12/28 00:00,139541
2024/12/28 01:00,139547
2024/12/28 02:00,139553
2024/12/28 03:00,139558
2024/12/28 04:00,139564
2024/12/28 05:00,139570
2024/12/28 06:00,139576
2024/12/28 07:00,139582
2024/12/28 08:00,139590
2024/12/28 09:00,139598
2024/12/28 10:00,139607
2024/12/28 11:00,139617
2024/12/28 12:00,139628
2024/12/28 13:00,139640
2024/12/28 14:00,139654
2024/12/28 15:00,139671
2024/12/28 16:00,139689
2024/12/28 17:00,139707
2024/12/28 18:00,139726
2024/12/28 19:00,139745
2024/12/28 20:00,139763
2024/12/28 21:00,139781
2024/12/28 22:00,139799
2024/12/28 23:00,139809
2024/12/29 00:00,139815
2024/12/29 01:00,139821
2024/12/29 02:00,139826
2024/12/29 03:00,139832
2024/12/29 04:00,139837
2024/12/29 05:00,139843
2024/12/29 06:00,139848
2024/12/29 07:00,139854
2024/12/29 08:00,139861
2024/12/29 09:00,139870
2024/12/29 10:00,139881
2024/12/29 11:00,139895
2024/12/29 12:00,139910
2024/12/29 13:00,139926
2024/12/29 14:00,139944
2024/12/29 15:00,139965
2024/12/29 16:00,139985
2024/12/29 17:00,140005
2024/12/29 18:00,140025
2024/12/29 19:00,140044
2024/12/29 20:00,140064
2024/12/29 21:00,140084
2024/12/29 22:00,140102
2024/12/29 23:00,140112
2024/12/30 00:00,140117
2024/12/30 01:00,140123
2024/12/30 02:00,140129
2024/12/30 03:00,140136
2024/12/30 04:00,140142
2024/12/30 05:00,140148
2024/12/30 06:00,140153
2024/12/30 07:00,140162
2024/12/30 08:00,140173
2024/12/30 09:00,140190
2024/12/30 10:00,140214
2024/12/30 11:00,140241
2024/12/30 12:00,140266
2024/12/30 13:00,140287
2024/12/30 14:00,140309
2024/12/30 15:00,140333
2024/12/30 16:00,140358
2024/12/30 17:00,140385
2024/12/30 18:00,140411
2024/12/30 19:00,140434
2024/12/30 20:00,140457
2024/12/30 21:00,140479
2024/12/30 22:00,140499
2024/12/30 23:00,140509
2024/12/31 00:00,140515
2024/12/31 01:00,140522
2024/12/31 02:00,140529
2024/12/31 03:00,140535
2024/12/31 04:00,140541
2024/12/31 05:00,140547
2024/12/31 06:00,140552
2024/12/31 07:00,140560
2024/12/31 08:00,140573
2024/12/31 09:00,140590
2024/12/31 10:00,140610
2024/12/31 11:00,140634
2024/12/31 12:00,140659
2024/12/31 13:00,140681
2024/12/31 14:00,140704
2024/12/31 15:00,140728
2024/12/31 16:00,140752
2024/12/31 17:00,140776
2024/12/31 18:00,140799
2024/12/31 19:00,140818
2024/12/31 20:00,140838
2024/12/31 21:00,140856
2024/12/31 22:00,140873
2024/12/31 23:00,140882
