timestamp,load_kwh,hourly_kwh,is_outlier_mad,hourly_kwh_clean
2024-01-01 00:00:00,20508.0,,False,
2024-01-01 01:00:00,20513.0,5.0,False,5.0
2024-01-01 02:00:00,20518.0,5.0,False,5.0
2024-01-01 03:00:00,20523.0,5.0,False,5.0
2024-01-01 04:00:00,20528.0,5.0,False,5.0
2024-01-01 05:00:00,20533.0,5.0,False,5.0
2024-01-01 06:00:00,20538.0,5.0,False,5.0
2024-01-01 07:00:00,20543.0,5.0,False,5.0
2024-01-01 08:00:00,20549.0,6.0,False,6.0
2024-01-01 09:00:00,20554.0,5.0,False,5.0
2024-01-01 10:00:00,20561.0,7.0,False,7.0
2024-01-01 11:00:00,20569.0,8.0,False,8.0
2024-01-01 12:00:00,20576.0,7.0,False,7.0
2024-01-01 13:00:00,20586.0,10.0,False,10.0
2024-01-01 14:00:00,20599.0,13.0,False,13.0
2024-01-01 15:00:00,20613.0,14.0,False,14.0
2024-01-01 16:00:00,20629.0,16.0,False,16.0
2024-01-01 17:00:00,20645.0,16.0,False,16.0
2024-01-01 18:00:00,20661.0,16.0,False,16.0
2024-01-01 19:00:00,20677.0,16.0,False,16.0
2024-01-01 20:00:00,20693.0,16.0,False,16.0
2024-01-01 21:00:00,20708.0,15.0,False,15.0
2024-01-01 22:00:00,20721.0,13.0,False,13.0
2024-01-01 23:00:00,20729.0,8.0,False,8.0
2024-01-02 00:00:00,20734.0,5.0,False,5.0
2024-01-02 01:00:00,20739.0,5.0,False,5.0
2024-01-02 02:00:00,20744.0,5.0,False,5.0
2024-01-02 03:00:00,20749.0,5.0,False,5.0
2024-01-02 04:00:00,20754.0,5.0,False,5.0
2024-01-02 05:00:00,20758.0,4.0,False,4.0
2024-01-02 06:00:00,20763.0,5.0,False,5.0
2024-01-02 07:00:00,20770.0,7.0,False,7.0
2024-01-02 08:00:00,20781.0,11.0,False,11.0
2024-01-02 09:00:00,20795.0,14.0,False,14.0
2024-01-02 10:00:00,20814.0,19.0,False,19.0
2024-01-02 11:00:00,20833.0,19.0,False,19.0
2024-01-02 12:00:00,20853.0,20.0,False,20.0
2024-01-02 13:00:00,20873.0,20.0,False,20.0
2024-01-02 14:00:00,20893.0,20.0,False,20.0
2024-01-02 15:00:00,20914.0,21.0,False,21.0
2024-01-02 16:00:00,20936.0,22.0,False,22.0
2024-01-02 17:00:00,20958.0,22.0,False,22.0
2024-01-02 18:00:00,20979.0,21.0,False,21.0
2024-01-02 19:00:00,20999.0,20.0,False,20.0
2024-01-02 20:00:00,21022.0,23.0,False,23.0
2024-01-02 21:00:00,21044.0,22.0,False,22.0
2024-01-02 22:00:00,21063.0,19.0,False,19.0
2024-01-02 23:00:00,21071.0,8.0,False,8.0
2024-01-03 00:00:00,21076.0,5.0,False,5.0
2024-01-03 01:00:00,21081.0,5.0,False,5.0
2024-01-03 02:00:00,21086.0,5.0,False,5.0
2024-01-03 03:00:00,21091.0,5.0,False,5.0
2024-01-03 04:00:00,21096.0,5.0,False,5.0
2024-01-03 05:00:00,21101.0,5.0,False,5.0
2024-01-03 06:00:00,21106.0,5.0,False,5.0
2024-01-03 07:00:00,21112.0,6.0,False,6.0
2024-01-03 08:00:00,21123.0,11.0,False,11.0
2024-01-03 09:00:00,21138.0,15.0,False,15.0
2024-01-03 10:00:00,21156.0,18.0,False,18.0
2024-01-03 11:00:00,21173.0,17.0,False,17.0
2024-01-03 12:00:00,21190.0,17.0,False,17.0
2024-01-03 13:00:00,21208.0,18.0,False,18.0
2024-01-03 14:00:00,21225.0,17.0,False,17.0
2024-01-03 15:00:00,21245.0,20.0,False,20.0
2024-01-03 16:00:00,21264.0,19.0,False,19.0
2024-01-03 17:00:00,21286.0,22.0,False,22.0
2024-01-03 18:00:00,21308.0,22.0,False,22.0
2024-01-03 19:00:00,21329.0,21.0,False,21.0
2024-01-03 20:00:00,21350.0,21.0,False,21.0
2024-01-03 21:00:00,21370.0,20.0,False,20.0
2024-01-03 22:00:00,21390.0,20.0,False,20.0
2024-01-03 23:00:00,21399.0,9.0,False,9.0
2024-01-04 00:00:00,21404.0,5.0,False,5.0
2024-01-04 01:00:00,21409.0,5.0,False,5.0
2024-01-04 02:00:00,21414.0,5.0,False,5.0
2024-01-04 03:00:00,21419.0,5.0,False,5.0
2024-01-04 04:00:00,21424.0,5.0,False,5.0
2024-01-04 05:00:00,21429.0,5.0,False,5.0
2024-01-04 06:00:00,21434.0,5.0,False,5.0
2024-01-04 07:00:00,21441.0,7.0,False,7.0
2024-01-04 08:00:00,21450.0,9.0,False,9.0
2024-01-04 09:00:00,21463.0,13.0,False,13.0
2024-01-04 10:00:00,21481.0,18.0,False,18.0
2024-01-04 11:00:00,21499.0,18.0,False,18.0
2024-01-04 12:00:00,21518.0,19.0,False,19.0
2024-01-04 13:00:00,21535.0,17.0,False,17.0
2024-01-04 14:00:00,21552.0,17.0,False,17.0
2024-01-04 15:00:00,21570.0,18.0,False,18.0
2024-01-04 16:00:00,21589.0,19.0,False,19.0
2024-01-04 17:00:00,21610.0,21.0,False,21.0
2024-01-04 18:00:00,21630.0,20.0,False,20.0
2024-01-04 19:00:00,21651.0,21.0,False,21.0
2024-01-04 20:00:00,21672.0,21.0,False,21.0
2024-01-04 21:00:00,21692.0,20.0,False,20.0
2024-01-04 22:00:00,21709.0,17.0,False,17.0
2024-01-04 23:00:00,21717.0,8.0,False,8.0
2024-01-05 00:00:00,21723.0,6.0,False,6.0
2024-01-05 01:00:00,21728.0,5.0,False,5.0
2024-01-05 02:00:00,21733.0,5.0,False,5.0
2024-01-05 03:00:00,21739.0,6.0,False,6.0
2024-01-05 04:00:00,21744.0,5.0,False,5.0
2024-01-05 05:00:00,21749.0,5.0,False,5.0
2024-01-05 06:00:00,21755.0,6.0,False,6.0
2024-01-05 07:00:00,21761.0,6.0,False,6.0
2024-01-05 08:00:00,21769.0,8.0,False,8.0
2024-01-05 09:00:00,21781.0,12.0,False,12.0
2024-01-05 10:00:00,21793.0,12.0,False,12.0
2024-01-05 11:00:00,21807.0,14.0,False,14.0
2024-01-05 12:00:00,21822.0,15.0,False,15.0
2024-01-05 13:00:00,21835.0,13.0,False,13.0
2024-01-05 14:00:00,21850.0,15.0,False,15.0
2024-01-05 15:00:00,21866.0,16.0,False,16.0
2024-01-05 16:00:00,21884.0,18.0,False,18.0
2024-01-05 17:00:00,21903.0,19.0,False,19.0
2024-01-05 18:00:00,21922.0,19.0,False,19.0
2024-01-05 19:00:00,21940.0,18.0,False,18.0
2024-01-05 20:00:00,21959.0,19.0,False,19.0
2024-01-05 21:00:00,21978.0,19.0,False,19.0
2024-01-05 22:00:00,21994.0,16.0,False,16.0
2024-01-05 23:00:00,22003.0,9.0,False,9.0
2024-01-06 00:00:00,22008.0,5.0,False,5.0
2024-01-06 01:00:00,22014.0,6.0,False,6.0
2024-01-06 02:00:00,22019.0,5.0,False,5.0
2024-01-06 03:00:00,22024.0,5.0,False,5.0
2024-01-06 04:00:00,22029.0,5.0,False,5.0
2024-01-06 05:00:00,22034.0,5.0,False,5.0
2024-01-06 06:00:00,22039.0,5.0,False,5.0
2024-01-06 07:00:00,22044.0,5.0,False,5.0
2024-01-06 08:00:00,22050.0,6.0,False,6.0
2024-01-06 09:00:00,22056.0,6.0,False,6.0
2024-01-06 10:00:00,22065.0,9.0,False,9.0
2024-01-06 11:00:00,22075.0,10.0,False,10.0
2024-01-06 12:00:00,22085.0,10.0,False,10.0
2024-01-06 13:00:00,22095.0,10.0,False,10.0
2024-01-06 14:00:00,22107.0,12.0,False,12.0
2024-01-06 15:00:00,22120.0,13.0,False,13.0
2024-01-06 16:00:00,22136.0,16.0,False,16.0
2024-01-06 17:00:00,22152.0,16.0,False,16.0
2024-01-06 18:00:00,22169.0,17.0,False,17.0
2024-01-06 19:00:00,22187.0,18.0,False,18.0
2024-01-06 20:00:00,22205.0,18.0,False,18.0
2024-01-06 21:00:00,22224.0,19.0,False,19.0
2024-01-06 22:00:00,22241.0,17.0,False,17.0
2024-01-06 23:00:00,22251.0,10.0,False,10.0
2024-01-07 00:00:00,22257.0,6.0,False,6.0
2024-01-07 01:00:00,22262.0,5.0,False,5.0
2024-01-07 02:00:00,22268.0,6.0,False,6.0
2024-01-07 03:00:00,22273.0,5.0,False,5.0
2024-01-07 04:00:00,22279.0,6.0,False,6.0
2024-01-07 05:00:00,22284.0,5.0,False,5.0
2024-01-07 06:00:00,22289.0,5.0,False,5.0
2024-01-07 07:00:00,22295.0,6.0,False,6.0
2024-01-07 08:00:00,22301.0,6.0,False,6.0
2024-01-07 09:00:00,22307.0,6.0,False,6.0
2024-01-07 10:00:00,22314.0,7.0,False,7.0
2024-01-07 11:00:00,22324.0,10.0,False,10.0
2024-01-07 12:00:00,22333.0,9.0,False,9.0
2024-01-07 13:00:00,22343.0,10.0,False,10.0
2024-01-07 14:00:00,22353.0,10.0,False,10.0
2024-01-07 15:00:00,22366.0,13.0,False,13.0
2024-01-07 16:00:00,22382.0,16.0,False,16.0
2024-01-07 17:00:00,22399.0,17.0,False,17.0
2024-01-07 18:00:00,22416.0,17.0,False,17.0
2024-01-07 19:00:00,22433.0,17.0,False,17.0
2024-01-07 20:00:00,22450.0,17.0,False,17.0
2024-01-07 21:00:00,22467.0,17.0,False,17.0
2024-01-07 22:00:00,22482.0,15.0,False,15.0
2024-01-07 23:00:00,22490.0,8.0,False,8.0
2024-01-08 00:00:00,22496.0,6.0,False,6.0
2024-01-08 01:00:00,22502.0,6.0,False,6.0
2024-01-08 02:00:00,22507.0,5.0,False,5.0
2024-01-08 03:00:00,22513.0,6.0,False,6.0
2024-01-08 04:00:00,22519.0,6.0,False,6.0
2024-01-08 05:00:00,22525.0,6.0,False,6.0
2024-01-08 06:00:00,22530.0,5.0,False,5.0
2024-01-08 07:00:00,22538.0,8.0,False,8.0
2024-01-08 08:00:00,22546.0,8.0,False,8.0
2024-01-08 09:00:00,22559.0,13.0,False,13.0
2024-01-08 10:00:00,22578.0,19.0,False,19.0
2024-01-08 11:00:00,22596.0,18.0,False,18.0
2024-01-08 12:00:00,22614.0,18.0,False,18.0
2024-01-08 13:00:00,22630.0,16.0,False,16.0
2024-01-08 14:00:00,22650.0,20.0,False,20.0
2024-01-08 15:00:00,22673.0,23.0,False,23.0
2024-01-08 16:00:00,22696.0,23.0,False,23.0
2024-01-08 17:00:00,22719.0,23.0,False,23.0
2024-01-08 18:00:00,22739.0,20.0,False,20.0
2024-01-08 19:00:00,22755.0,16.0,False,16.0
2024-01-08 20:00:00,22770.0,15.0,False,15.0
2024-01-08 21:00:00,22785.0,15.0,False,15.0
2024-01-08 22:00:00,22800.0,15.0,False,15.0
2024-01-08 23:00:00,22807.0,7.0,False,7.0
2024-01-09 00:00:00,22812.0,5.0,False,5.0
2024-01-09 01:00:00,22818.0,6.0,False,6.0
2024-01-09 02:00:00,22823.0,5.0,False,5.0
2024-01-09 03:00:00,22828.0,5.0,False,5.0
2024-01-09 04:00:00,22833.0,5.0,False,5.0
2024-01-09 05:00:00,22839.0,6.0,False,6.0
2024-01-09 06:00:00,22844.0,5.0,False,5.0
2024-01-09 07:00:00,22849.0,5.0,False,5.0
2024-01-09 08:00:00,22856.0,7.0,False,7.0
2024-01-09 09:00:00,22869.0,13.0,False,13.0
2024-01-09 10:00:00,22885.0,16.0,False,16.0
2024-01-09 11:00:00,22902.0,17.0,False,17.0
2024-01-09 12:00:00,22917.0,15.0,False,15.0
2024-01-09 13:00:00,22930.0,13.0,False,13.0
2024-01-09 14:00:00,22946.0,16.0,False,16.0
2024-01-09 15:00:00,22961.0,15.0,False,15.0
2024-01-09 16:00:00,22976.0,15.0,False,15.0
2024-01-09 17:00:00,22993.0,17.0,False,17.0
2024-01-09 18:00:00,23011.0,18.0,False,18.0
2024-01-09 19:00:00,23025.0,14.0,False,14.0
2024-01-09 20:00:00,23040.0,15.0,False,15.0
2024-01-09 21:00:00,23054.0,14.0,False,14.0
2024-01-09 22:00:00,23068.0,14.0,False,14.0
2024-01-09 23:00:00,23075.0,7.0,False,7.0
2024-01-10 00:00:00,23080.0,5.0,False,5.0
2024-01-10 01:00:00,23085.0,5.0,False,5.0
2024-01-10 02:00:00,23090.0,5.0,False,5.0
2024-01-10 03:00:00,23096.0,6.0,False,6.0
2024-01-10 04:00:00,23101.0,5.0,False,5.0
2024-01-10 05:00:00,23106.0,5.0,False,5.0
2024-01-10 06:00:00,23111.0,5.0,False,5.0
2024-01-10 07:00:00,23117.0,6.0,False,6.0
2024-01-10 08:00:00,23126.0,9.0,False,9.0
2024-01-10 09:00:00,23139.0,13.0,False,13.0
2024-01-10 10:00:00,23151.0,12.0,False,12.0
2024-01-10 11:00:00,23166.0,15.0,False,15.0
2024-01-10 12:00:00,23183.0,17.0,False,17.0
2024-01-10 13:00:00,23197.0,14.0,False,14.0
2024-01-10 14:00:00,23211.0,14.0,False,14.0
2024-01-10 15:00:00,23229.0,18.0,False,18.0
2024-01-10 16:00:00,23250.0,21.0,False,21.0
2024-01-10 17:00:00,23269.0,19.0,False,19.0
2024-01-10 18:00:00,23287.0,18.0,False,18.0
2024-01-10 19:00:00,23303.0,16.0,False,16.0
2024-01-10 20:00:00,23321.0,18.0,False,18.0
2024-01-10 21:00:00,23339.0,18.0,False,18.0
2024-01-10 22:00:00,23354.0,15.0,False,15.0
2024-01-10 23:00:00,23362.0,8.0,False,8.0
2024-01-11 00:00:00,23367.0,5.0,False,5.0
2024-01-11 01:00:00,23372.0,5.0,False,5.0
2024-01-11 02:00:00,23377.0,5.0,False,5.0
2024-01-11 03:00:00,23382.0,5.0,False,5.0
2024-01-11 04:00:00,23387.0,5.0,False,5.0
2024-01-11 05:00:00,23392.0,5.0,False,5.0
2024-01-11 06:00:00,23397.0,5.0,False,5.0
2024-01-11 07:00:00,23403.0,6.0,False,6.0
2024-01-11 08:00:00,23411.0,8.0,False,8.0
2024-01-11 09:00:00,23424.0,13.0,False,13.0
2024-01-11 10:00:00,23441.0,17.0,False,17.0
2024-01-11 11:00:00,23457.0,16.0,False,16.0
2024-01-11 12:00:00,23472.0,15.0,False,15.0
2024-01-11 13:00:00,23485.0,13.0,False,13.0
2024-01-11 14:00:00,23500.0,15.0,False,15.0
2024-01-11 15:00:00,23517.0,17.0,False,17.0
2024-01-11 16:00:00,23535.0,18.0,False,18.0
2024-01-11 17:00:00,23552.0,17.0,False,17.0
2024-01-11 18:00:00,23569.0,17.0,False,17.0
2024-01-11 19:00:00,23584.0,15.0,False,15.0
2024-01-11 20:00:00,23600.0,16.0,False,16.0
2024-01-11 21:00:00,23613.0,13.0,False,13.0
2024-01-11 22:00:00,23626.0,13.0,False,13.0
2024-01-11 23:00:00,23635.0,9.0,False,9.0
2024-01-12 00:00:00,23640.0,5.0,False,5.0
2024-01-12 01:00:00,23645.0,5.0,False,5.0
2024-01-12 02:00:00,23650.0,5.0,False,5.0
2024-01-12 03:00:00,23655.0,5.0,False,5.0
2024-01-12 04:00:00,23660.0,5.0,False,5.0
2024-01-12 05:00:00,23665.0,5.0,False,5.0
2024-01-12 06:00:00,23671.0,6.0,False,6.0
2024-01-12 07:00:00,23676.0,5.0,False,5.0
2024-01-12 08:00:00,23683.0,7.0,False,7.0
2024-01-12 09:00:00,23693.0,10.0,False,10.0
2024-01-12 10:00:00,23705.0,12.0,False,12.0
2024-01-12 11:00:00,23718.0,13.0,False,13.0
2024-01-12 12:00:00,23731.0,13.0,False,13.0
2024-01-12 13:00:00,23743.0,12.0,False,12.0
2024-01-12 14:00:00,23756.0,13.0,False,13.0
2024-01-12 15:00:00,23771.0,15.0,False,15.0
2024-01-12 16:00:00,23787.0,16.0,False,16.0
2024-01-12 17:00:00,23804.0,17.0,False,17.0
2024-01-12 18:00:00,23821.0,17.0,False,17.0
2024-01-12 19:00:00,23834.0,13.0,False,13.0
2024-01-12 20:00:00,23848.0,14.0,False,14.0
2024-01-12 21:00:00,23859.0,11.0,False,11.0
2024-01-12 22:00:00,23869.0,10.0,False,10.0
2024-01-12 23:00:00,23875.0,6.0,False,6.0
2024-01-13 00:00:00,23880.0,5.0,False,5.0
2024-01-13 01:00:00,23885.0,5.0,False,5.0
2024-01-13 02:00:00,23890.0,5.0,False,5.0
2024-01-13 03:00:00,23895.0,5.0,False,5.0
2024-01-13 04:00:00,23900.0,5.0,False,5.0
2024-01-13 05:00:00,23905.0,5.0,False,5.0
2024-01-13 06:00:00,23910.0,5.0,False,5.0
2024-01-13 07:00:00,23916.0,6.0,False,6.0
2024-01-13 08:00:00,23923.0,7.0,False,7.0
2024-01-13 09:00:00,23931.0,8.0,False,8.0
2024-01-13 10:00:00,23939.0,8.0,False,8.0
2024-01-13 11:00:00,23947.0,8.0,False,8.0
2024-01-13 12:00:00,23956.0,9.0,False,9.0
2024-01-13 13:00:00,23965.0,9.0,False,9.0
2024-01-13 14:00:00,23974.0,9.0,False,9.0
2024-01-13 15:00:00,23984.0,10.0,False,10.0
2024-01-13 16:00:00,23995.0,11.0,False,11.0
2024-01-13 17:00:00,24008.0,13.0,False,13.0
2024-01-13 18:00:00,24020.0,12.0,False,12.0
2024-01-13 19:00:00,24033.0,13.0,False,13.0
2024-01-13 20:00:00,24047.0,14.0,False,14.0
2024-01-13 21:00:00,24061.0,14.0,False,14.0
2024-01-13 22:00:00,24072.0,11.0,False,11.0
2024-01-13 23:00:00,24077.0,5.0,False,5.0
2024-01-14 00:00:00,24082.0,5.0,False,5.0
2024-01-14 01:00:00,24087.0,5.0,False,5.0
2024-01-14 02:00:00,24092.0,5.0,False,5.0
2024-01-14 03:00:00,24097.0,5.0,False,5.0
2024-01-14 04:00:00,24102.0,5.0,False,5.0
2024-01-14 05:00:00,24107.0,5.0,False,5.0
2024-01-14 06:00:00,24112.0,5.0,False,5.0
2024-01-14 07:00:00,24117.0,5.0,False,5.0
2024-01-14 08:00:00,24123.0,6.0,False,6.0
2024-01-14 09:00:00,24128.0,5.0,False,5.0
2024-01-14 10:00:00,24134.0,6.0,False,6.0
2024-01-14 11:00:00,24140.0,6.0,False,6.0
2024-01-14 12:00:00,24148.0,8.0,False,8.0
2024-01-14 13:00:00,24155.0,7.0,False,7.0
2024-01-14 14:00:00,24164.0,9.0,False,9.0
2024-01-14 15:00:00,24175.0,11.0,False,11.0
2024-01-14 16:00:00,24186.0,11.0,False,11.0
2024-01-14 17:00:00,24198.0,12.0,False,12.0
2024-01-14 18:00:00,24212.0,14.0,False,14.0
2024-01-14 19:00:00,24226.0,14.0,False,14.0
2024-01-14 20:00:00,24242.0,16.0,False,16.0
2024-01-14 21:00:00,24257.0,15.0,False,15.0
2024-01-14 22:00:00,24271.0,14.0,False,14.0
2024-01-14 23:00:00,24277.0,6.0,False,6.0
2024-01-15 00:00:00,24283.0,6.0,False,6.0
2024-01-15 01:00:00,24288.0,5.0,False,5.0
2024-01-15 02:00:00,24293.0,5.0,False,5.0
2024-01-15 03:00:00,24298.0,5.0,False,5.0
2024-01-15 04:00:00,24303.0,5.0,False,5.0
2024-01-15 05:00:00,24308.0,5.0,False,5.0
2024-01-15 06:00:00,24313.0,5.0,False,5.0
2024-01-15 07:00:00,24319.0,6.0,False,6.0
2024-01-15 08:00:00,24327.0,8.0,False,8.0
2024-01-15 09:00:00,24339.0,12.0,False,12.0
2024-01-15 10:00:00,24354.0,15.0,False,15.0
2024-01-15 11:00:00,24373.0,19.0,False,19.0
2024-01-15 12:00:00,24392.0,19.0,False,19.0
2024-01-15 13:00:00,24410.0,18.0,False,18.0
2024-01-15 14:00:00,24429.0,19.0,False,19.0
2024-01-15 15:00:00,24451.0,22.0,True,15.57
2024-01-15 16:00:00,24474.0,23.0,True,16.43
2024-01-15 17:00:00,24494.0,20.0,False,20.0
2024-01-15 18:00:00,24514.0,20.0,False,20.0
2024-01-15 19:00:00,24530.0,16.0,False,16.0
2024-01-15 20:00:00,24546.0,16.0,False,16.0
2024-01-15 21:00:00,24561.0,15.0,False,15.0
2024-01-15 22:00:00,24574.0,13.0,False,13.0
2024-01-15 23:00:00,24581.0,7.0,False,7.0
2024-01-16 00:00:00,24586.0,5.0,False,5.0
2024-01-16 01:00:00,24591.0,5.0,False,5.0
2024-01-16 02:00:00,24597.0,6.0,False,6.0
2024-01-16 03:00:00,24602.0,5.0,False,5.0
2024-01-16 04:00:00,24607.0,5.0,False,5.0
2024-01-16 05:00:00,24612.0,5.0,False,5.0
2024-01-16 06:00:00,24617.0,5.0,False,5.0
2024-01-16 07:00:00,24622.0,5.0,False,5.0
2024-01-16 08:00:00,24629.0,7.0,False,7.0
2024-01-16 09:00:00,24640.0,11.0,False,11.0
2024-01-16 10:00:00,24656.0,16.0,False,16.0
2024-01-16 11:00:00,24673.0,17.0,False,17.0
2024-01-16 12:00:00,24691.0,18.0,False,18.0
2024-01-16 13:00:00,24709.0,18.0,False,18.0
2024-01-16 14:00:00,24728.0,19.0,False,19.0
2024-01-16 15:00:00,24751.0,23.0,True,14.33
2024-01-16 16:00:00,24774.0,23.0,True,15.33
2024-01-16 17:00:00,24796.0,22.0,True,16.43
2024-01-16 18:00:00,24818.0,22.0,True,16.57
2024-01-16 19:00:00,24837.0,19.0,False,19.0
2024-01-16 20:00:00,24855.0,18.0,False,18.0
2024-01-16 21:00:00,24872.0,17.0,False,17.0
2024-01-16 22:00:00,24886.0,14.0,False,14.0
2024-01-16 23:00:00,24893.0,7.0,False,7.0
2024-01-17 00:00:00,24898.0,5.0,False,5.0
2024-01-17 01:00:00,24903.0,5.0,False,5.0
2024-01-17 02:00:00,24909.0,6.0,False,6.0
2024-01-17 03:00:00,24914.0,5.0,False,5.0
2024-01-17 04:00:00,24919.0,5.0,False,5.0
2024-01-17 05:00:00,24924.0,5.0,False,5.0
2024-01-17 06:00:00,24929.0,5.0,False,5.0
2024-01-17 07:00:00,24935.0,6.0,False,6.0
2024-01-17 08:00:00,24941.0,6.0,False,6.0
2024-01-17 09:00:00,24950.0,9.0,False,9.0
2024-01-17 10:00:00,24961.0,11.0,False,11.0
2024-01-17 11:00:00,24976.0,15.0,False,15.0
2024-01-17 12:00:00,24993.0,17.0,False,17.0
2024-01-17 13:00:00,25010.0,17.0,False,17.0
2024-01-17 14:00:00,25027.0,17.0,False,17.0
2024-01-17 15:00:00,25044.0,17.0,False,17.0
2024-01-17 16:00:00,25062.0,18.0,True,15.4
2024-01-17 17:00:00,25079.0,17.0,False,17.0
2024-01-17 18:00:00,25094.0,15.0,False,15.0
2024-01-17 19:00:00,25106.0,12.0,False,12.0
2024-01-17 20:00:00,25120.0,14.0,False,14.0
2024-01-17 21:00:00,25133.0,13.0,False,13.0
2024-01-17 22:00:00,25144.0,11.0,False,11.0
2024-01-17 23:00:00,25151.0,7.0,False,7.0
2024-01-18 00:00:00,25156.0,5.0,False,5.0
2024-01-18 01:00:00,25162.0,6.0,False,6.0
2024-01-18 02:00:00,25167.0,5.0,False,5.0
2024-01-18 03:00:00,25172.0,5.0,False,5.0
2024-01-18 04:00:00,25177.0,5.0,False,5.0
2024-01-18 05:00:00,25182.0,5.0,False,5.0
2024-01-18 06:00:00,25187.0,5.0,False,5.0
2024-01-18 07:00:00,25193.0,6.0,False,6.0
2024-01-18 08:00:00,25199.0,6.0,False,6.0
2024-01-18 09:00:00,25208.0,9.0,False,9.0
2024-01-18 10:00:00,25217.0,9.0,False,9.0
2024-01-18 11:00:00,25226.0,9.0,False,9.0
2024-01-18 12:00:00,25236.0,10.0,False,10.0
2024-01-18 13:00:00,25247.0,11.0,False,11.0
2024-01-18 14:00:00,25257.0,10.0,False,10.0
2024-01-18 15:00:00,25269.0,12.0,False,12.0
2024-01-18 16:00:00,25282.0,13.0,False,13.0
2024-01-18 17:00:00,25297.0,15.0,True,16.0
2024-01-18 18:00:00,25310.0,13.0,False,13.0
2024-01-18 19:00:00,25321.0,11.0,False,11.0
2024-01-18 20:00:00,25332.0,11.0,False,11.0
2024-01-18 21:00:00,25343.0,11.0,False,11.0
2024-01-18 22:00:00,25353.0,10.0,False,10.0
2024-01-18 23:00:00,25360.0,7.0,False,7.0
2024-01-19 00:00:00,25365.0,5.0,False,5.0
2024-01-19 01:00:00,25370.0,5.0,False,5.0
2024-01-19 02:00:00,25375.0,5.0,False,5.0
2024-01-19 03:00:00,25381.0,6.0,False,6.0
2024-01-19 04:00:00,25386.0,5.0,False,5.0
2024-01-19 05:00:00,25391.0,5.0,False,5.0
2024-01-19 06:00:00,25397.0,6.0,False,6.0
2024-01-19 07:00:00,25402.0,5.0,False,5.0
2024-01-19 08:00:00,25409.0,7.0,False,7.0
2024-01-19 09:00:00,25421.0,12.0,True,9.14
2024-01-19 10:00:00,25434.0,13.0,True,11.0
2024-01-19 11:00:00,25449.0,15.0,True,12.43
2024-01-19 12:00:00,25461.0,12.0,True,13.43
2024-01-19 13:00:00,25472.0,11.0,True,13.14
2024-01-19 14:00:00,25484.0,12.0,True,13.71
2024-01-19 15:00:00,25498.0,14.0,True,13.0
2024-01-19 16:00:00,25511.0,13.0,True,12.75
2024-01-19 17:00:00,25522.0,11.0,True,15.8
2024-01-19 18:00:00,25533.0,11.0,True,15.17
2024-01-19 19:00:00,25543.0,10.0,True,14.0
2024-01-19 20:00:00,25552.0,9.0,False,9.0
2024-01-19 21:00:00,25562.0,10.0,True,13.71
2024-01-19 22:00:00,25571.0,9.0,False,9.0
2024-01-19 23:00:00,25576.0,5.0,False,5.0
2024-01-20 00:00:00,25582.0,6.0,False,6.0
2024-01-20 01:00:00,25587.0,5.0,False,5.0
2024-01-20 02:00:00,25592.0,5.0,False,5.0
2024-01-20 03:00:00,25597.0,5.0,False,5.0
2024-01-20 04:00:00,25602.0,5.0,False,5.0
2024-01-20 05:00:00,25607.0,5.0,False,5.0
2024-01-20 06:00:00,25612.0,5.0,False,5.0
2024-01-20 07:00:00,25617.0,5.0,False,5.0
2024-01-20 08:00:00,25622.0,5.0,False,5.0
2024-01-20 09:00:00,25630.0,8.0,False,8.0
2024-01-20 10:00:00,25638.0,8.0,False,8.0
2024-01-20 11:00:00,25643.0,5.0,False,5.0
2024-01-20 12:00:00,25648.0,5.0,False,5.0
2024-01-20 13:00:00,25653.0,5.0,False,5.0
2024-01-20 14:00:00,25660.0,7.0,False,7.0
2024-01-20 15:00:00,25669.0,9.0,False,9.0
2024-01-20 16:00:00,25678.0,9.0,False,9.0
2024-01-20 17:00:00,25686.0,8.0,False,8.0
2024-01-20 18:00:00,25692.0,6.0,False,6.0
2024-01-20 19:00:00,25697.0,5.0,False,5.0
2024-01-20 20:00:00,25703.0,6.0,False,6.0
2024-01-20 21:00:00,25709.0,6.0,False,6.0
2024-01-20 22:00:00,25714.0,5.0,False,5.0
2024-01-20 23:00:00,25719.0,5.0,False,5.0
2024-01-21 00:00:00,25724.0,5.0,False,5.0
2024-01-21 01:00:00,25729.0,5.0,False,5.0
2024-01-21 02:00:00,25734.0,5.0,False,5.0
2024-01-21 03:00:00,25739.0,5.0,False,5.0
2024-01-21 04:00:00,25744.0,5.0,False,5.0
2024-01-21 05:00:00,25749.0,5.0,False,5.0
2024-01-21 06:00:00,25754.0,5.0,False,5.0
2024-01-21 07:00:00,25760.0,6.0,True,5.43
2024-01-21 08:00:00,25765.0,5.0,False,5.0
2024-01-21 09:00:00,25773.0,8.0,True,9.0
2024-01-21 10:00:00,25780.0,7.0,True,10.83
2024-01-21 11:00:00,25787.0,7.0,True,11.83
2024-01-21 12:00:00,25792.0,5.0,False,5.0
2024-01-21 13:00:00,25797.0,5.0,False,5.0
2024-01-21 14:00:00,25803.0,6.0,True,13.5
2024-01-21 15:00:00,25811.0,8.0,True,12.25
2024-01-21 16:00:00,25819.0,8.0,True,11.0
2024-01-21 17:00:00,25826.0,7.0,True,14.25
2024-01-21 18:00:00,25832.0,6.0,True,13.6
2024-01-21 19:00:00,25838.0,6.0,True,12.83
2024-01-21 20:00:00,25843.0,5.0,False,5.0
2024-01-21 21:00:00,25848.0,5.0,False,5.0
2024-01-21 22:00:00,25853.0,5.0,False,5.0
2024-01-21 23:00:00,25859.0,6.0,True,6.29
2024-01-22 00:00:00,25864.0,5.0,False,5.0
2024-01-22 01:00:00,25869.0,5.0,False,5.0
2024-01-22 02:00:00,25875.0,6.0,True,5.29
2024-01-22 03:00:00,25880.0,5.0,False,5.0
2024-01-22 04:00:00,25886.0,6.0,True,5.0
2024-01-22 05:00:00,25891.0,5.0,False,5.0
2024-01-22 06:00:00,25896.0,5.0,False,5.0
2024-01-22 07:00:00,25901.0,5.0,False,5.0
2024-01-22 08:00:00,25907.0,6.0,True,6.29
2024-01-22 09:00:00,25912.0,5.0,False,5.0
2024-01-22 10:00:00,25917.0,5.0,False,5.0
2024-01-22 11:00:00,25922.0,5.0,False,5.0
2024-01-22 12:00:00,25927.0,5.0,False,5.0
2024-01-22 13:00:00,25931.0,4.0,True,12.33
2024-01-22 14:00:00,25936.0,5.0,False,5.0
2024-01-22 15:00:00,25941.0,5.0,False,5.0
2024-01-22 16:00:00,25947.0,6.0,True,11.0
2024-01-22 17:00:00,25952.0,5.0,False,5.0
2024-01-22 18:00:00,25957.0,5.0,False,5.0
2024-01-22 19:00:00,25963.0,6.0,True,12.6
2024-01-22 20:00:00,25973.0,10.0,True,11.29
2024-01-22 21:00:00,25978.0,5.0,False,5.0
2024-01-22 22:00:00,25983.0,5.0,False,5.0
2024-01-22 23:00:00,25988.0,5.0,False,5.0
2024-01-23 00:00:00,25993.0,5.0,False,5.0
2024-01-23 01:00:00,25999.0,6.0,True,5.14
2024-01-23 02:00:00,26004.0,5.0,False,5.0
2024-01-23 03:00:00,26009.0,5.0,False,5.0
2024-01-23 04:00:00,26014.0,5.0,False,5.0
2024-01-23 05:00:00,26019.0,5.0,False,5.0
2024-01-23 06:00:00,26024.0,5.0,False,5.0
2024-01-23 07:00:00,26029.0,5.0,False,5.0
2024-01-23 08:00:00,26035.0,6.0,True,6.0
2024-01-23 09:00:00,26040.0,5.0,False,5.0
2024-01-23 10:00:00,26045.0,5.0,False,5.0
2024-01-23 11:00:00,26050.0,5.0,False,5.0
2024-01-23 12:00:00,26055.0,5.0,False,5.0
2024-01-23 13:00:00,26060.0,5.0,False,5.0
2024-01-23 14:00:00,26066.0,6.0,False,6.0
2024-01-23 15:00:00,26071.0,5.0,False,5.0
2024-01-23 16:00:00,26077.0,6.0,False,6.0
2024-01-23 17:00:00,26082.0,5.0,False,5.0
2024-01-23 18:00:00,26087.0,5.0,False,5.0
2024-01-23 19:00:00,26092.0,5.0,False,5.0
2024-01-23 20:00:00,26097.0,5.0,False,5.0
2024-01-23 21:00:00,26103.0,6.0,False,6.0
2024-01-23 22:00:00,26108.0,5.0,False,5.0
2024-01-23 23:00:00,26113.0,5.0,False,5.0
2024-01-24 00:00:00,26119.0,6.0,False,6.0
2024-01-24 01:00:00,26124.0,5.0,False,5.0
2024-01-24 02:00:00,26129.0,5.0,False,5.0
2024-01-24 03:00:00,26134.0,5.0,False,5.0
2024-01-24 04:00:00,26140.0,6.0,False,6.0
2024-01-24 05:00:00,26145.0,5.0,False,5.0
2024-01-24 06:00:00,26150.0,5.0,False,5.0
2024-01-24 07:00:00,26156.0,6.0,False,6.0
2024-01-24 08:00:00,26161.0,5.0,False,5.0
2024-01-24 09:00:00,26166.0,5.0,False,5.0
2024-01-24 10:00:00,26172.0,6.0,False,6.0
2024-01-24 11:00:00,26178.0,6.0,False,6.0
2024-01-24 12:00:00,26184.0,6.0,False,6.0
2024-01-24 13:00:00,26190.0,6.0,False,6.0
2024-01-24 14:00:00,26195.0,5.0,False,5.0
2024-01-24 15:00:00,26201.0,6.0,False,6.0
2024-01-24 16:00:00,26207.0,6.0,False,6.0
2024-01-24 17:00:00,26214.0,7.0,False,7.0
2024-01-24 18:00:00,26219.0,5.0,False,5.0
2024-01-24 19:00:00,26224.0,5.0,False,5.0
2024-01-24 20:00:00,26229.0,5.0,False,5.0
2024-01-24 21:00:00,26234.0,5.0,False,5.0
2024-01-24 22:00:00,26239.0,5.0,False,5.0
2024-01-24 23:00:00,26244.0,5.0,False,5.0
2024-01-25 00:00:00,26250.0,6.0,False,6.0
2024-01-25 01:00:00,26255.0,5.0,False,5.0
2024-01-25 02:00:00,26260.0,5.0,False,5.0
2024-01-25 03:00:00,26265.0,5.0,False,5.0
2024-01-25 04:00:00,26270.0,5.0,False,5.0
2024-01-25 05:00:00,26275.0,5.0,False,5.0
2024-01-25 06:00:00,26280.0,5.0,False,5.0
2024-01-25 07:00:00,26285.0,5.0,False,5.0
2024-01-25 08:00:00,26290.0,5.0,False,5.0
2024-01-25 09:00:00,26296.0,6.0,False,6.0
2024-01-25 10:00:00,26302.0,6.0,False,6.0
2024-01-25 11:00:00,26306.0,4.0,False,4.0
2024-01-25 12:00:00,26309.0,3.0,False,3.0
2024-01-25 13:00:00,26313.0,4.0,False,4.0
2024-01-25 14:00:00,26316.0,3.0,False,3.0
2024-01-25 15:00:00,26320.0,4.0,False,4.0
2024-01-25 16:00:00,26323.0,3.0,False,3.0
2024-01-25 17:00:00,26327.0,4.0,False,4.0
2024-01-25 18:00:00,26330.0,3.0,False,3.0
2024-01-25 19:00:00,26333.0,3.0,False,3.0
2024-01-25 20:00:00,26336.0,3.0,False,3.0
2024-01-25 21:00:00,26339.0,3.0,False,3.0
2024-01-25 22:00:00,26342.0,3.0,False,3.0
2024-01-25 23:00:00,26345.0,3.0,False,3.0
2024-01-26 00:00:00,26347.0,2.0,False,2.0
2024-01-26 01:00:00,26350.0,3.0,False,3.0
2024-01-26 02:00:00,26353.0,3.0,False,3.0
2024-01-26 03:00:00,26356.0,3.0,False,3.0
2024-01-26 04:00:00,26359.0,3.0,False,3.0
2024-01-26 05:00:00,26361.0,2.0,False,2.0
2024-01-26 06:00:00,26364.0,3.0,False,3.0
2024-01-26 07:00:00,26367.0,3.0,False,3.0
2024-01-26 08:00:00,26370.0,3.0,False,3.0
2024-01-26 09:00:00,26373.0,3.0,False,3.0
2024-01-26 10:00:00,26376.0,3.0,False,3.0
2024-01-26 11:00:00,26380.0,4.0,False,4.0
2024-01-26 12:00:00,26383.0,3.0,False,3.0
2024-01-26 13:00:00,26386.0,3.0,False,3.0
2024-01-26 14:00:00,26390.0,4.0,False,4.0
2024-01-26 15:00:00,26394.0,4.0,False,4.0
2024-01-26 16:00:00,26397.0,3.0,False,3.0
2024-01-26 17:00:00,26401.0,4.0,False,4.0
2024-01-26 18:00:00,26404.0,3.0,False,3.0
2024-01-26 19:00:00,26407.0,3.0,False,3.0
2024-01-26 20:00:00,26410.0,3.0,False,3.0
2024-01-26 21:00:00,26413.0,3.0,False,3.0
2024-01-26 22:00:00,26416.0,3.0,False,3.0
2024-01-26 23:00:00,26418.0,2.0,True,4.67
2024-01-27 00:00:00,26421.0,3.0,False,3.0
2024-01-27 01:00:00,26424.0,3.0,False,3.0
2024-01-27 02:00:00,26427.0,3.0,False,3.0
2024-01-27 03:00:00,26429.0,2.0,True,4.71
2024-01-27 04:00:00,26432.0,3.0,False,3.0
2024-01-27 05:00:00,26435.0,3.0,False,3.0
2024-01-27 06:00:00,26438.0,3.0,False,3.0
2024-01-27 07:00:00,26440.0,2.0,True,4.83
2024-01-27 08:00:00,26443.0,3.0,False,3.0
2024-01-27 09:00:00,26446.0,3.0,False,3.0
2024-01-27 10:00:00,26450.0,4.0,True,5.5
2024-01-27 11:00:00,26453.0,3.0,False,3.0
2024-01-27 12:00:00,26456.0,3.0,False,3.0
2024-01-27 13:00:00,26459.0,3.0,False,3.0
2024-01-27 14:00:00,26462.0,3.0,False,3.0
2024-01-27 15:00:00,26465.0,3.0,False,3.0
2024-01-27 16:00:00,26468.0,3.0,False,3.0
2024-01-27 17:00:00,26471.0,3.0,False,3.0
2024-01-27 18:00:00,26474.0,3.0,False,3.0
2024-01-27 19:00:00,26477.0,3.0,False,3.0
2024-01-27 20:00:00,26480.0,3.0,False,3.0
2024-01-27 21:00:00,26483.0,3.0,False,3.0
2024-01-27 22:00:00,26485.0,2.0,True,4.43
2024-01-27 23:00:00,26488.0,3.0,False,3.0
2024-01-28 00:00:00,26491.0,3.0,False,3.0
2024-01-28 01:00:00,26494.0,3.0,False,3.0
2024-01-28 02:00:00,26497.0,3.0,False,3.0
2024-01-28 03:00:00,26500.0,3.0,False,3.0
2024-01-28 04:00:00,26502.0,2.0,True,4.5
2024-01-28 05:00:00,26505.0,3.0,False,3.0
2024-01-28 06:00:00,26508.0,3.0,False,3.0
2024-01-28 07:00:00,26511.0,3.0,False,3.0
2024-01-28 08:00:00,26513.0,2.0,True,4.2
2024-01-28 09:00:00,26517.0,4.0,True,4.5
2024-01-28 10:00:00,26520.0,3.0,False,3.0
2024-01-28 11:00:00,26524.0,4.0,True,4.5
2024-01-28 12:00:00,26528.0,4.0,True,4.29
2024-01-28 13:00:00,26531.0,3.0,False,3.0
2024-01-28 14:00:00,26535.0,4.0,True,4.33
2024-01-28 15:00:00,26538.0,3.0,False,3.0
2024-01-28 16:00:00,26542.0,4.0,True,4.2
2024-01-28 17:00:00,26546.0,4.0,True,4.67
2024-01-28 18:00:00,26549.0,3.0,False,3.0
2024-01-28 19:00:00,26553.0,4.0,True,3.8
2024-01-28 20:00:00,26556.0,3.0,False,3.0
2024-01-28 21:00:00,26559.0,3.0,False,3.0
2024-01-28 22:00:00,26563.0,4.0,True,4.33
2024-01-28 23:00:00,26566.0,3.0,False,3.0
2024-01-29 00:00:00,26569.0,3.0,False,3.0
2024-01-29 01:00:00,26573.0,4.0,True,4.0
2024-01-29 02:00:00,26576.0,3.0,False,3.0
2024-01-29 03:00:00,26579.0,3.0,False,3.0
2024-01-29 04:00:00,26583.0,4.0,True,4.4
2024-01-29 05:00:00,26586.0,3.0,False,3.0
2024-01-29 06:00:00,26589.0,3.0,False,3.0
2024-01-29 07:00:00,26592.0,3.0,False,3.0
2024-01-29 08:00:00,26596.0,4.0,True,4.0
2024-01-29 09:00:00,26600.0,4.0,True,4.5
2024-01-29 10:00:00,26605.0,5.0,True,4.67
2024-01-29 11:00:00,26608.0,3.0,False,3.0
2024-01-29 12:00:00,26611.0,3.0,False,3.0
2024-01-29 13:00:00,26614.0,3.0,False,3.0
2024-01-29 14:00:00,26617.0,3.0,False,3.0
2024-01-29 15:00:00,26619.0,2.0,True,4.29
2024-01-29 16:00:00,26622.0,3.0,False,3.0
2024-01-29 17:00:00,26625.0,3.0,False,3.0
2024-01-29 18:00:00,26627.0,2.0,True,3.86
2024-01-29 19:00:00,26630.0,3.0,False,3.0
2024-01-29 20:00:00,26633.0,3.0,False,3.0
2024-01-29 21:00:00,26636.0,3.0,False,3.0
2024-01-29 22:00:00,26639.0,3.0,False,3.0
2024-01-29 23:00:00,26642.0,3.0,False,3.0
2024-01-30 00:00:00,26645.0,3.0,False,3.0
2024-01-30 01:00:00,26648.0,3.0,False,3.0
2024-01-30 02:00:00,26651.0,3.0,False,3.0
2024-01-30 03:00:00,26654.0,3.0,False,3.0
2024-01-30 04:00:00,26657.0,3.0,False,3.0
2024-01-30 05:00:00,26659.0,2.0,True,3.71
2024-01-30 06:00:00,26662.0,3.0,False,3.0
2024-01-30 07:00:00,26665.0,3.0,False,3.0
2024-01-30 08:00:00,26668.0,3.0,False,3.0
2024-01-30 09:00:00,26671.0,3.0,False,3.0
2024-01-30 10:00:00,26674.0,3.0,False,3.0
2024-01-30 11:00:00,26676.0,2.0,True,4.17
2024-01-30 12:00:00,26679.0,3.0,False,3.0
2024-01-30 13:00:00,26682.0,3.0,False,3.0
2024-01-30 14:00:00,26684.0,2.0,True,4.0
2024-01-30 15:00:00,26687.0,3.0,False,3.0
2024-01-30 16:00:00,26690.0,3.0,False,3.0
2024-01-30 17:00:00,26692.0,2.0,True,4.33
2024-01-30 18:00:00,26695.0,3.0,False,3.0
2024-01-30 19:00:00,26698.0,3.0,False,3.0
2024-01-30 20:00:00,26701.0,3.0,False,3.0
2024-01-30 21:00:00,26704.0,3.0,False,3.0
2024-01-30 22:00:00,26707.0,3.0,False,3.0
2024-01-30 23:00:00,26710.0,3.0,False,3.0
2024-01-31 00:00:00,26713.0,3.0,False,3.0
2024-01-31 01:00:00,26716.0,3.0,False,3.0
2024-01-31 02:00:00,26719.0,3.0,False,3.0
2024-01-31 03:00:00,26721.0,2.0,True,3.67
2024-01-31 04:00:00,26724.0,3.0,False,3.0
2024-01-31 05:00:00,26727.0,3.0,False,3.0
2024-01-31 06:00:00,26730.0,3.0,False,3.0
2024-01-31 07:00:00,26733.0,3.0,False,3.0
2024-01-31 08:00:00,26736.0,3.0,False,3.0
2024-01-31 09:00:00,26740.0,4.0,True,4.0
2024-01-31 10:00:00,26744.0,4.0,True,4.2
2024-01-31 11:00:00,26749.0,5.0,True,4.0
2024-01-31 12:00:00,26753.0,4.0,True,3.5
2024-01-31 13:00:00,26757.0,4.0,True,3.57
2024-01-31 14:00:00,26761.0,4.0,True,3.6
2024-01-31 15:00:00,26768.0,7.0,True,3.83
2024-01-31 16:00:00,26772.0,4.0,True,3.5
2024-01-31 17:00:00,26775.0,3.0,False,3.0
2024-01-31 18:00:00,26779.0,4.0,True,3.33
2024-01-31 19:00:00,26782.0,3.0,False,3.0
2024-01-31 20:00:00,26785.0,3.0,False,3.0
2024-01-31 21:00:00,26788.0,3.0,False,3.0
2024-01-31 22:00:00,26791.0,3.0,False,3.0
2024-01-31 23:00:00,26794.0,3.0,False,3.0
2024-02-01 00:00:00,26797.0,3.0,False,3.0
2024-02-01 01:00:00,26800.0,3.0,False,3.0
2024-02-01 02:00:00,26803.0,3.0,False,3.0
2024-02-01 03:00:00,26806.0,3.0,False,3.0
2024-02-01 04:00:00,26809.0,3.0,False,3.0
2024-02-01 05:00:00,26811.0,2.0,True,3.17
2024-02-01 06:00:00,26814.0,3.0,False,3.0
2024-02-01 07:00:00,26817.0,3.0,False,3.0
2024-02-01 08:00:00,26820.0,3.0,False,3.0
2024-02-01 09:00:00,26824.0,4.0,True,3.75
2024-02-01 10:00:00,26827.0,3.0,False,3.0
2024-02-01 11:00:00,26831.0,4.0,True,3.5
2024-02-01 12:00:00,26835.0,4.0,True,3.0
2024-02-01 13:00:00,26838.0,3.0,False,3.0
2024-02-01 14:00:00,26842.0,4.0,True,3.25
2024-02-01 15:00:00,26846.0,4.0,True,3.4
2024-02-01 16:00:00,26849.0,3.0,False,3.0
2024-02-01 17:00:00,26852.0,3.0,False,3.0
2024-02-01 18:00:00,26855.0,3.0,False,3.0
2024-02-01 19:00:00,26858.0,3.0,False,3.0
2024-02-01 20:00:00,26860.0,2.0,True,3.0
2024-02-01 21:00:00,26863.0,3.0,False,3.0
2024-02-01 22:00:00,26866.0,3.0,False,3.0
2024-02-01 23:00:00,26869.0,3.0,False,3.0
2024-02-02 00:00:00,26872.0,3.0,False,3.0
2024-02-02 01:00:00,26875.0,3.0,False,3.0
2024-02-02 02:00:00,26878.0,3.0,False,3.0
2024-02-02 03:00:00,26881.0,3.0,False,3.0
2024-02-02 04:00:00,26884.0,3.0,False,3.0
2024-02-02 05:00:00,26886.0,2.0,True,2.8
2024-02-02 06:00:00,26889.0,3.0,False,3.0
2024-02-02 07:00:00,26892.0,3.0,False,3.0
2024-02-02 08:00:00,26895.0,3.0,False,3.0
2024-02-02 09:00:00,26898.0,3.0,False,3.0
2024-02-02 10:00:00,26901.0,3.0,False,3.0
2024-02-02 11:00:00,26904.0,3.0,False,3.0
2024-02-02 12:00:00,26906.0,2.0,True,3.0
2024-02-02 13:00:00,26909.0,3.0,False,3.0
2024-02-02 14:00:00,26912.0,3.0,False,3.0
2024-02-02 15:00:00,26915.0,3.0,False,3.0
2024-02-02 16:00:00,26918.0,3.0,False,3.0
2024-02-02 17:00:00,26920.0,2.0,True,3.2
2024-02-02 18:00:00,26923.0,3.0,False,3.0
2024-02-02 19:00:00,26926.0,3.0,False,3.0
2024-02-02 20:00:00,26929.0,3.0,False,3.0
2024-02-02 21:00:00,26932.0,3.0,False,3.0
2024-02-02 22:00:00,26935.0,3.0,False,3.0
2024-02-02 23:00:00,26938.0,3.0,False,3.0
2024-02-03 00:00:00,26941.0,3.0,False,3.0
2024-02-03 01:00:00,26944.0,3.0,False,3.0
2024-02-03 02:00:00,26947.0,3.0,False,3.0
2024-02-03 03:00:00,26949.0,2.0,True,3.0
2024-02-03 04:00:00,26952.0,3.0,False,3.0
2024-02-03 05:00:00,26955.0,3.0,False,3.0
2024-02-03 06:00:00,26958.0,3.0,False,3.0
2024-02-03 07:00:00,26961.0,3.0,False,3.0
2024-02-03 08:00:00,26964.0,3.0,False,3.0
2024-02-03 09:00:00,26966.0,2.0,True,3.0
2024-02-03 10:00:00,26969.0,3.0,False,3.0
2024-02-03 11:00:00,26972.0,3.0,False,3.0
2024-02-03 12:00:00,26975.0,3.0,False,3.0
2024-02-03 13:00:00,26977.0,2.0,True,3.0
2024-02-03 14:00:00,26980.0,3.0,False,3.0
2024-02-03 15:00:00,26983.0,3.0,False,3.0
2024-02-03 16:00:00,26986.0,3.0,False,3.0
2024-02-03 17:00:00,26989.0,3.0,False,3.0
2024-02-03 18:00:00,26992.0,3.0,False,3.0
2024-02-03 19:00:00,26995.0,3.0,False,3.0
2024-02-03 20:00:00,26998.0,3.0,False,3.0
2024-02-03 21:00:00,27001.0,3.0,False,3.0
2024-02-03 22:00:00,27003.0,2.0,True,3.0
2024-02-03 23:00:00,27006.0,3.0,False,3.0
2024-02-04 00:00:00,27009.0,3.0,False,3.0
2024-02-04 01:00:00,27012.0,3.0,False,3.0
2024-02-04 02:00:00,27015.0,3.0,False,3.0
2024-02-04 03:00:00,27018.0,3.0,False,3.0
2024-02-04 04:00:00,27021.0,3.0,False,3.0
2024-02-04 05:00:00,27024.0,3.0,False,3.0
2024-02-04 06:00:00,27027.0,3.0,False,3.0
2024-02-04 07:00:00,27029.0,2.0,True,3.0
2024-02-04 08:00:00,27032.0,3.0,False,3.0
2024-02-04 09:00:00,27035.0,3.0,False,3.0
2024-02-04 10:00:00,27038.0,3.0,False,3.0
2024-02-04 11:00:00,27041.0,3.0,False,3.0
2024-02-04 12:00:00,27044.0,3.0,False,3.0
2024-02-04 13:00:00,27046.0,2.0,True,3.0
2024-02-04 14:00:00,27049.0,3.0,False,3.0
2024-02-04 15:00:00,27052.0,3.0,False,3.0
2024-02-04 16:00:00,27055.0,3.0,False,3.0
2024-02-04 17:00:00,27057.0,2.0,True,3.0
2024-02-04 18:00:00,27060.0,3.0,False,3.0
2024-02-04 19:00:00,27063.0,3.0,False,3.0
2024-02-04 20:00:00,27066.0,3.0,False,3.0
2024-02-04 21:00:00,27069.0,3.0,False,3.0
2024-02-04 22:00:00,27072.0,3.0,False,3.0
2024-02-04 23:00:00,27075.0,3.0,False,3.0
2024-02-05 00:00:00,27078.0,3.0,False,3.0
2024-02-05 01:00:00,27081.0,3.0,False,3.0
2024-02-05 02:00:00,27084.0,3.0,False,3.0
2024-02-05 03:00:00,27087.0,3.0,False,3.0
2024-02-05 04:00:00,27089.0,2.0,True,3.0
2024-02-05 05:00:00,27092.0,3.0,False,3.0
2024-02-05 06:00:00,27095.0,3.0,False,3.0
2024-02-05 07:00:00,27098.0,3.0,False,3.0
2024-02-05 08:00:00,27101.0,3.0,False,3.0
2024-02-05 09:00:00,27104.0,3.0,False,3.0
2024-02-05 10:00:00,27106.0,2.0,True,3.0
2024-02-05 11:00:00,27109.0,3.0,False,3.0
2024-02-05 12:00:00,27112.0,3.0,False,3.0
2024-02-05 13:00:00,27115.0,3.0,False,3.0
2024-02-05 14:00:00,27117.0,2.0,True,3.0
2024-02-05 15:00:00,27120.0,3.0,False,3.0
2024-02-05 16:00:00,27123.0,3.0,False,3.0
2024-02-05 17:00:00,27126.0,3.0,False,3.0
2024-02-05 18:00:00,27128.0,2.0,True,3.0
2024-02-05 19:00:00,27131.0,3.0,False,3.0
2024-02-05 20:00:00,27134.0,3.0,False,3.0
2024-02-05 21:00:00,27137.0,3.0,False,3.0
2024-02-05 22:00:00,27140.0,3.0,False,3.0
2024-02-05 23:00:00,27143.0,3.0,False,3.0
2024-02-06 00:00:00,27146.0,3.0,False,3.0
2024-02-06 01:00:00,27148.0,2.0,True,3.0
2024-02-06 02:00:00,27151.0,3.0,False,3.0
2024-02-06 03:00:00,27154.0,3.0,False,3.0
2024-02-06 04:00:00,27157.0,3.0,False,3.0
2024-02-06 05:00:00,27160.0,3.0,False,3.0
2024-02-06 06:00:00,27162.0,2.0,True,3.0
2024-02-06 07:00:00,27165.0,3.0,False,3.0
2024-02-06 08:00:00,27168.0,3.0,False,3.0
2024-02-06 09:00:00,27171.0,3.0,False,3.0
2024-02-06 10:00:00,27173.0,2.0,True,3.0
2024-02-06 11:00:00,27176.0,3.0,False,3.0
2024-02-06 12:00:00,27179.0,3.0,False,3.0
2024-02-06 13:00:00,27181.0,2.0,True,3.0
2024-02-06 14:00:00,27184.0,3.0,False,3.0
2024-02-06 15:00:00,27186.0,2.0,True,3.0
2024-02-06 16:00:00,27189.0,3.0,False,3.0
2024-02-06 17:00:00,27192.0,3.0,False,3.0
2024-02-06 18:00:00,27195.0,3.0,False,3.0
2024-02-06 19:00:00,27197.0,2.0,True,3.0
2024-02-06 20:00:00,27200.0,3.0,False,3.0
2024-02-06 21:00:00,27203.0,3.0,False,3.0
2024-02-06 22:00:00,27206.0,3.0,False,3.0
2024-02-06 23:00:00,27209.0,3.0,False,3.0
2024-02-07 00:00:00,27212.0,3.0,False,3.0
2024-02-07 01:00:00,27215.0,3.0,False,3.0
2024-02-07 02:00:00,27218.0,3.0,False,3.0
2024-02-07 03:00:00,27221.0,3.0,False,3.0
2024-02-07 04:00:00,27224.0,3.0,False,3.0
2024-02-07 05:00:00,27226.0,2.0,True,3.0
2024-02-07 06:00:00,27229.0,3.0,False,3.0
2024-02-07 07:00:00,27232.0,3.0,False,3.0
2024-02-07 08:00:00,27235.0,3.0,False,3.0
2024-02-07 09:00:00,27237.0,2.0,True,3.0
2024-02-07 10:00:00,27240.0,3.0,False,3.0
2024-02-07 11:00:00,27243.0,3.0,False,3.0
2024-02-07 12:00:00,27245.0,2.0,True,3.0
2024-02-07 13:00:00,27248.0,3.0,False,3.0
2024-02-07 14:00:00,27250.0,2.0,True,3.0
2024-02-07 15:00:00,27253.0,3.0,False,3.0
2024-02-07 16:00:00,27256.0,3.0,False,3.0
2024-02-07 17:00:00,27258.0,2.0,True,3.0
2024-02-07 18:00:00,27261.0,3.0,False,3.0
2024-02-07 19:00:00,27264.0,3.0,False,3.0
2024-02-07 20:00:00,27267.0,3.0,False,3.0
2024-02-07 21:00:00,27270.0,3.0,False,3.0
2024-02-07 22:00:00,27273.0,3.0,False,3.0
2024-02-07 23:00:00,27276.0,3.0,False,3.0
2024-02-08 00:00:00,27278.0,2.0,True,3.0
2024-02-08 01:00:00,27281.0,3.0,False,3.0
2024-02-08 02:00:00,27284.0,3.0,False,3.0
2024-02-08 03:00:00,27287.0,3.0,False,3.0
2024-02-08 04:00:00,27289.0,2.0,True,3.0
2024-02-08 05:00:00,27292.0,3.0,False,3.0
2024-02-08 06:00:00,27295.0,3.0,False,3.0
2024-02-08 07:00:00,27298.0,3.0,False,3.0
2024-02-08 08:00:00,27300.0,2.0,True,3.0
2024-02-08 09:00:00,27303.0,3.0,False,3.0
2024-02-08 10:00:00,27306.0,3.0,False,3.0
2024-02-08 11:00:00,27309.0,3.0,False,3.0
2024-02-08 12:00:00,27311.0,2.0,True,3.0
2024-02-08 13:00:00,27314.0,3.0,False,3.0
2024-02-08 14:00:00,27316.0,2.0,True,3.0
2024-02-08 15:00:00,27319.0,3.0,False,3.0
2024-02-08 16:00:00,27322.0,3.0,False,3.0
2024-02-08 17:00:00,27324.0,2.0,True,3.0
2024-02-08 18:00:00,27327.0,3.0,False,3.0
2024-02-08 19:00:00,27330.0,3.0,False,3.0
2024-02-08 20:00:00,27333.0,3.0,False,3.0
2024-02-08 21:00:00,27336.0,3.0,False,3.0
2024-02-08 22:00:00,27339.0,3.0,False,3.0
2024-02-08 23:00:00,27342.0,3.0,False,3.0
2024-02-09 00:00:00,27345.0,3.0,False,3.0
2024-02-09 01:00:00,27347.0,2.0,True,3.0
2024-02-09 02:00:00,27350.0,3.0,False,3.0
2024-02-09 03:00:00,27353.0,3.0,False,3.0
2024-02-09 04:00:00,27356.0,3.0,False,3.0
2024-02-09 05:00:00,27358.0,2.0,True,3.0
2024-02-09 06:00:00,27361.0,3.0,False,3.0
2024-02-09 07:00:00,27364.0,3.0,False,3.0
2024-02-09 08:00:00,27367.0,3.0,False,3.0
2024-02-09 09:00:00,27369.0,2.0,True,3.0
2024-02-09 10:00:00,27372.0,3.0,False,3.0
2024-02-09 11:00:00,27375.0,3.0,False,3.0
2024-02-09 12:00:00,27377.0,2.0,True,3.0
2024-02-09 13:00:00,27380.0,3.0,False,3.0
2024-02-09 14:00:00,27382.0,2.0,True,3.0
2024-02-09 15:00:00,27385.0,3.0,False,3.0
2024-02-09 16:00:00,27388.0,3.0,False,3.0
2024-02-09 17:00:00,27391.0,3.0,False,3.0
2024-02-09 18:00:00,27393.0,2.0,True,3.0
2024-02-09 19:00:00,27396.0,3.0,False,3.0
2024-02-09 20:00:00,27400.0,4.0,True,3.0
2024-02-09 21:00:00,27403.0,3.0,False,3.0
2024-02-09 22:00:00,27407.0,4.0,True,3.0
2024-02-09 23:00:00,27412.0,5.0,True,3.0
2024-02-10 00:00:00,27416.0,4.0,True,3.0
2024-02-10 01:00:00,27421.0,5.0,True,3.0
2024-02-10 02:00:00,27424.0,3.0,False,3.0
2024-02-10 03:00:00,27426.0,2.0,True,3.0
2024-02-10 04:00:00,27429.0,3.0,False,3.0
2024-02-10 05:00:00,27432.0,3.0,False,3.0
2024-02-10 06:00:00,27435.0,3.0,False,3.0
2024-02-10 07:00:00,27438.0,3.0,False,3.0
2024-02-10 08:00:00,27440.0,2.0,True,3.0
2024-02-10 09:00:00,27443.0,3.0,False,3.0
2024-02-10 10:00:00,27446.0,3.0,False,3.0
2024-02-10 11:00:00,27449.0,3.0,False,3.0
2024-02-10 12:00:00,27452.0,3.0,False,3.0
2024-02-10 13:00:00,27454.0,2.0,True,3.0
2024-02-10 14:00:00,27457.0,3.0,False,3.0
2024-02-10 15:00:00,27459.0,2.0,True,3.0
2024-02-10 16:00:00,27462.0,3.0,False,3.0
2024-02-10 17:00:00,27465.0,3.0,False,3.0
2024-02-10 18:00:00,27468.0,3.0,False,3.0
2024-02-10 19:00:00,27470.0,2.0,True,3.0
2024-02-10 20:00:00,27473.0,3.0,False,3.0
2024-02-10 21:00:00,27477.0,4.0,True,3.0
2024-02-10 22:00:00,27480.0,3.0,False,3.0
2024-02-10 23:00:00,27483.0,3.0,False,3.0
2024-02-11 00:00:00,27486.0,3.0,False,3.0
2024-02-11 01:00:00,27489.0,3.0,False,3.0
2024-02-11 02:00:00,27492.0,3.0,False,3.0
2024-02-11 03:00:00,27495.0,3.0,False,3.0
2024-02-11 04:00:00,27498.0,3.0,False,3.0
2024-02-11 05:00:00,27500.0,2.0,True,3.0
2024-02-11 06:00:00,27503.0,3.0,False,3.0
2024-02-11 07:00:00,27506.0,3.0,False,3.0
2024-02-11 08:00:00,27509.0,3.0,False,3.0
2024-02-11 09:00:00,27512.0,3.0,False,3.0
2024-02-11 10:00:00,27514.0,2.0,True,3.0
2024-02-11 11:00:00,27517.0,3.0,False,3.0
2024-02-11 12:00:00,27520.0,3.0,False,3.0
2024-02-11 13:00:00,27522.0,2.0,True,3.0
2024-02-11 14:00:00,27525.0,3.0,False,3.0
2024-02-11 15:00:00,27528.0,3.0,False,3.0
2024-02-11 16:00:00,27530.0,2.0,True,3.0
2024-02-11 17:00:00,27533.0,3.0,False,3.0
2024-02-11 18:00:00,27536.0,3.0,False,3.0
2024-02-11 19:00:00,27539.0,3.0,False,3.0
2024-02-11 20:00:00,27542.0,3.0,False,3.0
2024-02-11 21:00:00,27545.0,3.0,False,3.0
2024-02-11 22:00:00,27548.0,3.0,False,3.0
2024-02-11 23:00:00,27551.0,3.0,False,3.0
2024-02-12 00:00:00,27554.0,3.0,False,3.0
2024-02-12 01:00:00,27557.0,3.0,False,3.0
2024-02-12 02:00:00,27559.0,2.0,True,3.0
2024-02-12 03:00:00,27562.0,3.0,False,3.0
2024-02-12 04:00:00,27565.0,3.0,False,3.0
2024-02-12 05:00:00,27568.0,3.0,False,3.0
2024-02-12 06:00:00,27571.0,3.0,False,3.0
2024-02-12 07:00:00,27573.0,2.0,True,3.0
2024-02-12 08:00:00,27576.0,3.0,False,3.0
2024-02-12 09:00:00,27579.0,3.0,False,3.0
2024-02-12 10:00:00,27581.0,2.0,True,3.0
2024-02-12 11:00:00,27584.0,3.0,False,3.0
2024-02-12 12:00:00,27587.0,3.0,False,3.0
2024-02-12 13:00:00,27589.0,2.0,True,3.0
2024-02-12 14:00:00,27592.0,3.0,False,3.0
2024-02-12 15:00:00,27594.0,2.0,True,3.0
2024-02-12 16:00:00,27597.0,3.0,False,3.0
2024-02-12 17:00:00,27600.0,3.0,False,3.0
2024-02-12 18:00:00,27603.0,3.0,False,3.0
2024-02-12 19:00:00,27605.0,2.0,True,3.0
2024-02-12 20:00:00,27609.0,4.0,True,3.0
2024-02-12 21:00:00,27612.0,3.0,False,3.0
2024-02-12 22:00:00,27615.0,3.0,False,3.0
2024-02-12 23:00:00,27618.0,3.0,False,3.0
2024-02-13 00:00:00,27621.0,3.0,False,3.0
2024-02-13 01:00:00,27624.0,3.0,False,3.0
2024-02-13 02:00:00,27627.0,3.0,False,3.0
2024-02-13 03:00:00,27629.0,2.0,True,3.0
2024-02-13 04:00:00,27632.0,3.0,False,3.0
2024-02-13 05:00:00,27635.0,3.0,False,3.0
2024-02-13 06:00:00,27638.0,3.0,False,3.0
2024-02-13 07:00:00,27641.0,3.0,False,3.0
2024-02-13 08:00:00,27643.0,2.0,True,3.0
2024-02-13 09:00:00,27646.0,3.0,False,3.0
2024-02-13 10:00:00,27649.0,3.0,False,3.0
2024-02-13 11:00:00,27651.0,2.0,True,3.0
2024-02-13 12:00:00,27654.0,3.0,False,3.0
2024-02-13 13:00:00,27657.0,3.0,False,3.0
2024-02-13 14:00:00,27660.0,3.0,False,3.0
2024-02-13 15:00:00,27662.0,2.0,True,3.0
2024-02-13 16:00:00,27665.0,3.0,False,3.0
2024-02-13 17:00:00,27668.0,3.0,False,3.0
2024-02-13 18:00:00,27671.0,3.0,False,3.0
2024-02-13 19:00:00,27674.0,3.0,False,3.0
2024-02-13 20:00:00,27677.0,3.0,False,3.0
2024-02-13 21:00:00,27680.0,3.0,False,3.0
2024-02-13 22:00:00,27683.0,3.0,False,3.0
2024-02-13 23:00:00,27686.0,3.0,False,3.0
2024-02-14 00:00:00,27688.0,2.0,True,3.0
2024-02-14 01:00:00,27691.0,3.0,False,3.0
2024-02-14 02:00:00,27693.0,2.0,True,3.0
2024-02-14 03:00:00,27696.0,3.0,False,3.0
2024-02-14 04:00:00,27698.0,2.0,True,3.0
2024-02-14 05:00:00,27700.0,2.0,True,3.0
2024-02-14 06:00:00,27703.0,3.0,False,3.0
2024-02-14 07:00:00,27705.0,2.0,True,3.0
2024-02-14 08:00:00,27708.0,3.0,False,3.0
2024-02-14 09:00:00,27710.0,2.0,True,3.0
2024-02-14 10:00:00,27712.0,2.0,True,3.0
2024-02-14 11:00:00,27715.0,3.0,False,3.0
2024-02-14 12:00:00,27717.0,2.0,True,3.0
2024-02-14 13:00:00,27719.0,2.0,True,3.0
2024-02-14 14:00:00,27721.0,2.0,True,3.0
2024-02-14 15:00:00,27724.0,3.0,False,3.0
2024-02-14 16:00:00,27726.0,2.0,True,3.0
2024-02-14 17:00:00,27729.0,3.0,False,3.0
2024-02-14 18:00:00,27731.0,2.0,True,3.0
2024-02-14 19:00:00,27734.0,3.0,False,3.0
2024-02-14 20:00:00,27737.0,3.0,False,3.0
2024-02-14 21:00:00,27740.0,3.0,False,3.0
2024-02-14 22:00:00,27742.0,2.0,True,3.0
2024-02-14 23:00:00,27745.0,3.0,False,3.0
2024-02-15 00:00:00,27747.0,2.0,True,3.0
2024-02-15 01:00:00,27750.0,3.0,False,3.0
2024-02-15 02:00:00,27752.0,2.0,True,3.0
2024-02-15 03:00:00,27754.0,2.0,True,3.0
2024-02-15 04:00:00,27756.0,2.0,False,2.0
2024-02-15 05:00:00,27759.0,3.0,False,3.0
2024-02-15 06:00:00,27761.0,2.0,False,2.0
2024-02-15 07:00:00,27763.0,2.0,False,2.0
2024-02-15 08:00:00,27766.0,3.0,False,3.0
2024-02-15 09:00:00,27768.0,2.0,False,2.0
2024-02-15 10:00:00,27770.0,2.0,False,2.0
2024-02-15 11:00:00,27772.0,2.0,False,2.0
2024-02-15 12:00:00,27774.0,2.0,False,2.0
2024-02-15 13:00:00,27777.0,3.0,False,3.0
2024-02-15 14:00:00,27779.0,2.0,False,2.0
2024-02-15 15:00:00,27781.0,2.0,False,2.0
2024-02-15 16:00:00,27783.0,2.0,False,2.0
2024-02-15 17:00:00,27785.0,2.0,False,2.0
2024-02-15 18:00:00,27788.0,3.0,False,3.0
2024-02-15 19:00:00,27790.0,2.0,False,2.0
2024-02-15 20:00:00,27793.0,3.0,False,3.0
2024-02-15 21:00:00,27796.0,3.0,False,3.0
2024-02-15 22:00:00,27798.0,2.0,False,2.0
2024-02-15 23:00:00,27801.0,3.0,False,3.0
2024-02-16 00:00:00,27803.0,2.0,False,2.0
2024-02-16 01:00:00,27805.0,2.0,False,2.0
2024-02-16 02:00:00,27808.0,3.0,False,3.0
2024-02-16 03:00:00,27810.0,2.0,False,2.0
2024-02-16 04:00:00,27812.0,2.0,False,2.0
2024-02-16 05:00:00,27815.0,3.0,False,3.0
2024-02-16 06:00:00,27817.0,2.0,False,2.0
2024-02-16 07:00:00,27820.0,3.0,False,3.0
2024-02-16 08:00:00,27822.0,2.0,False,2.0
2024-02-16 09:00:00,27824.0,2.0,False,2.0
2024-02-16 10:00:00,27826.0,2.0,False,2.0
2024-02-16 11:00:00,27828.0,2.0,False,2.0
2024-02-16 12:00:00,27830.0,2.0,False,2.0
2024-02-16 13:00:00,27833.0,3.0,False,3.0
2024-02-16 14:00:00,27835.0,2.0,False,2.0
2024-02-16 15:00:00,27837.0,2.0,False,2.0
2024-02-16 16:00:00,27839.0,2.0,False,2.0
2024-02-16 17:00:00,27842.0,3.0,False,3.0
2024-02-16 18:00:00,27844.0,2.0,False,2.0
2024-02-16 19:00:00,27846.0,2.0,False,2.0
2024-02-16 20:00:00,27849.0,3.0,False,3.0
2024-02-16 21:00:00,27852.0,3.0,False,3.0
2024-02-16 22:00:00,27855.0,3.0,False,3.0
2024-02-16 23:00:00,27857.0,2.0,False,2.0
2024-02-17 00:00:00,27859.0,2.0,False,2.0
2024-02-17 01:00:00,27862.0,3.0,False,3.0
2024-02-17 02:00:00,27864.0,2.0,False,2.0
2024-02-17 03:00:00,27866.0,2.0,False,2.0
2024-02-17 04:00:00,27869.0,3.0,False,3.0
2024-02-17 05:00:00,27871.0,2.0,False,2.0
2024-02-17 06:00:00,27873.0,2.0,False,2.0
2024-02-17 07:00:00,27875.0,2.0,False,2.0
2024-02-17 08:00:00,27878.0,3.0,False,3.0
2024-02-17 09:00:00,27880.0,2.0,False,2.0
2024-02-17 10:00:00,27883.0,3.0,False,3.0
2024-02-17 11:00:00,27885.0,2.0,False,2.0
2024-02-17 12:00:00,27887.0,2.0,False,2.0
2024-02-17 13:00:00,27889.0,2.0,False,2.0
2024-02-17 14:00:00,27891.0,2.0,False,2.0
2024-02-17 15:00:00,27893.0,2.0,False,2.0
2024-02-17 16:00:00,27895.0,2.0,False,2.0
2024-02-17 17:00:00,27898.0,3.0,False,3.0
2024-02-17 18:00:00,27901.0,3.0,False,3.0
2024-02-17 19:00:00,27903.0,2.0,False,2.0
2024-02-17 20:00:00,27906.0,3.0,False,3.0
2024-02-17 21:00:00,27908.0,2.0,False,2.0
2024-02-17 22:00:00,27911.0,3.0,False,3.0
2024-02-17 23:00:00,27913.0,2.0,False,2.0
2024-02-18 00:00:00,27916.0,3.0,False,3.0
2024-02-18 01:00:00,27918.0,2.0,False,2.0
2024-02-18 02:00:00,27921.0,3.0,False,3.0
2024-02-18 03:00:00,27923.0,2.0,False,2.0
2024-02-18 04:00:00,27925.0,2.0,False,2.0
2024-02-18 05:00:00,27928.0,3.0,False,3.0
2024-02-18 06:00:00,27930.0,2.0,False,2.0
2024-02-18 07:00:00,27932.0,2.0,False,2.0
2024-02-18 08:00:00,27935.0,3.0,False,3.0
2024-02-18 09:00:00,27936.0,1.0,False,1.0
2024-02-18 10:00:00,27938.0,2.0,False,2.0
2024-02-18 11:00:00,27941.0,3.0,False,3.0
2024-02-18 12:00:00,27945.0,4.0,False,4.0
2024-02-18 13:00:00,27949.0,4.0,False,4.0
2024-02-18 14:00:00,27954.0,5.0,False,5.0
2024-02-18 15:00:00,27958.0,4.0,False,4.0
2024-02-18 16:00:00,27963.0,5.0,False,5.0
2024-02-18 17:00:00,27967.0,4.0,False,4.0
2024-02-18 18:00:00,27971.0,4.0,False,4.0
2024-02-18 19:00:00,27974.0,3.0,False,3.0
2024-02-18 20:00:00,27977.0,3.0,False,3.0
2024-02-18 21:00:00,27980.0,3.0,False,3.0
2024-02-18 22:00:00,27983.0,3.0,False,3.0
2024-02-18 23:00:00,27986.0,3.0,False,3.0
2024-02-19 00:00:00,27988.0,2.0,False,2.0
2024-02-19 01:00:00,27991.0,3.0,False,3.0
2024-02-19 02:00:00,27994.0,3.0,False,3.0
2024-02-19 03:00:00,27997.0,3.0,False,3.0
2024-02-19 04:00:00,28000.0,3.0,False,3.0
2024-02-19 05:00:00,28002.0,2.0,False,2.0
2024-02-19 06:00:00,28005.0,3.0,False,3.0
2024-02-19 07:00:00,28008.0,3.0,False,3.0
2024-02-19 08:00:00,28010.0,2.0,False,2.0
2024-02-19 09:00:00,28013.0,3.0,False,3.0
2024-02-19 10:00:00,28017.0,4.0,False,4.0
2024-02-19 11:00:00,28022.0,5.0,False,5.0
2024-02-19 12:00:00,28027.0,5.0,False,5.0
2024-02-19 13:00:00,28032.0,5.0,False,5.0
2024-02-19 14:00:00,28037.0,5.0,False,5.0
2024-02-19 15:00:00,28042.0,5.0,False,5.0
2024-02-19 16:00:00,28048.0,6.0,False,6.0
2024-02-19 17:00:00,28054.0,6.0,False,6.0
2024-02-19 18:00:00,28058.0,4.0,False,4.0
2024-02-19 19:00:00,28063.0,5.0,False,5.0
2024-02-19 20:00:00,28066.0,3.0,False,3.0
2024-02-19 21:00:00,28070.0,4.0,False,4.0
2024-02-19 22:00:00,28073.0,3.0,False,3.0
2024-02-19 23:00:00,28077.0,4.0,False,4.0
2024-02-20 00:00:00,28080.0,3.0,False,3.0
2024-02-20 01:00:00,28083.0,3.0,False,3.0
2024-02-20 02:00:00,28086.0,3.0,False,3.0
2024-02-20 03:00:00,28089.0,3.0,False,3.0
2024-02-20 04:00:00,28092.0,3.0,False,3.0
2024-02-20 05:00:00,28095.0,3.0,False,3.0
2024-02-20 06:00:00,28098.0,3.0,False,3.0
2024-02-20 07:00:00,28101.0,3.0,False,3.0
2024-02-20 08:00:00,28105.0,4.0,False,4.0
2024-02-20 09:00:00,28108.0,3.0,False,3.0
2024-02-20 10:00:00,28113.0,5.0,False,5.0
2024-02-20 11:00:00,28118.0,5.0,False,5.0
2024-02-20 12:00:00,28124.0,6.0,False,6.0
2024-02-20 13:00:00,28129.0,5.0,False,5.0
2024-02-20 14:00:00,28135.0,6.0,False,6.0
2024-02-20 15:00:00,28142.0,7.0,False,7.0
2024-02-20 16:00:00,28152.0,10.0,False,10.0
2024-02-20 17:00:00,28161.0,9.0,False,9.0
2024-02-20 18:00:00,28169.0,8.0,False,8.0
2024-02-20 19:00:00,28175.0,6.0,False,6.0
2024-02-20 20:00:00,28180.0,5.0,False,5.0
2024-02-20 21:00:00,28184.0,4.0,False,4.0
2024-02-20 22:00:00,28188.0,4.0,False,4.0
2024-02-20 23:00:00,28191.0,3.0,False,3.0
2024-02-21 00:00:00,28194.0,3.0,False,3.0
2024-02-21 01:00:00,28197.0,3.0,False,3.0
2024-02-21 02:00:00,28200.0,3.0,False,3.0
2024-02-21 03:00:00,28203.0,3.0,False,3.0
2024-02-21 04:00:00,28206.0,3.0,False,3.0
2024-02-21 05:00:00,28209.0,3.0,False,3.0
2024-02-21 06:00:00,28211.0,2.0,False,2.0
2024-02-21 07:00:00,28214.0,3.0,False,3.0
2024-02-21 08:00:00,28217.0,3.0,False,3.0
2024-02-21 09:00:00,28220.0,3.0,False,3.0
2024-02-21 10:00:00,28226.0,6.0,False,6.0
2024-02-21 11:00:00,28237.0,11.0,True,3.14
2024-02-21 12:00:00,28247.0,10.0,True,3.5
2024-02-21 13:00:00,28253.0,6.0,False,6.0
2024-02-21 14:00:00,28258.0,5.0,False,5.0
2024-02-21 15:00:00,28267.0,9.0,True,3.57
2024-02-21 16:00:00,28277.0,10.0,True,4.5
2024-02-21 17:00:00,28287.0,10.0,True,4.29
2024-02-21 18:00:00,28297.0,10.0,True,4.0
2024-02-21 19:00:00,28303.0,6.0,False,6.0
2024-02-21 20:00:00,28308.0,5.0,False,5.0
2024-02-21 21:00:00,28315.0,7.0,False,7.0
2024-02-21 22:00:00,28321.0,6.0,False,6.0
2024-02-21 23:00:00,28326.0,5.0,False,5.0
2024-02-22 00:00:00,28332.0,6.0,False,6.0
2024-02-22 01:00:00,28337.0,5.0,False,5.0
2024-02-22 02:00:00,28343.0,6.0,False,6.0
2024-02-22 03:00:00,28348.0,5.0,False,5.0
2024-02-22 04:00:00,28353.0,5.0,False,5.0
2024-02-22 05:00:00,28359.0,6.0,False,6.0
2024-02-22 06:00:00,28364.0,5.0,False,5.0
2024-02-22 07:00:00,28370.0,6.0,False,6.0
2024-02-22 08:00:00,28375.0,5.0,False,5.0
2024-02-22 09:00:00,28383.0,8.0,False,8.0
2024-02-22 10:00:00,28393.0,10.0,True,3.43
2024-02-22 11:00:00,28404.0,11.0,True,3.17
2024-02-22 12:00:00,28412.0,8.0,False,8.0
2024-02-22 13:00:00,28418.0,6.0,False,6.0
2024-02-22 14:00:00,28423.0,5.0,False,5.0
2024-02-22 15:00:00,28433.0,10.0,True,3.67
2024-02-22 16:00:00,28445.0,12.0,True,4.5
2024-02-22 17:00:00,28456.0,11.0,True,4.5
2024-02-22 18:00:00,28466.0,10.0,True,4.0
2024-02-22 19:00:00,28472.0,6.0,False,6.0
2024-02-22 20:00:00,28478.0,6.0,False,6.0
2024-02-22 21:00:00,28483.0,5.0,False,5.0
2024-02-22 22:00:00,28489.0,6.0,False,6.0
2024-02-22 23:00:00,28495.0,6.0,False,6.0
2024-02-23 00:00:00,28501.0,6.0,False,6.0
2024-02-23 01:00:00,28507.0,6.0,False,6.0
2024-02-23 02:00:00,28513.0,6.0,False,6.0
2024-02-23 03:00:00,28518.0,5.0,False,5.0
2024-02-23 04:00:00,28524.0,6.0,False,6.0
2024-02-23 05:00:00,28530.0,6.0,False,6.0
2024-02-23 06:00:00,28536.0,6.0,False,6.0
2024-02-23 07:00:00,28541.0,5.0,False,5.0
2024-02-23 08:00:00,28547.0,6.0,False,6.0
2024-02-23 09:00:00,28556.0,9.0,False,9.0
2024-02-23 10:00:00,28566.0,10.0,True,3.67
2024-02-23 11:00:00,28578.0,12.0,True,3.4
2024-02-23 12:00:00,28589.0,11.0,True,4.5
2024-02-23 13:00:00,28596.0,7.0,False,7.0
2024-02-23 14:00:00,28605.0,9.0,False,9.0
2024-02-23 15:00:00,28616.0,11.0,True,4.0
2024-02-23 16:00:00,28627.0,11.0,True,5.0
2024-02-23 17:00:00,28636.0,9.0,False,9.0
2024-02-23 18:00:00,28642.0,6.0,False,6.0
2024-02-23 19:00:00,28648.0,6.0,False,6.0
2024-02-23 20:00:00,28654.0,6.0,False,6.0
2024-02-23 21:00:00,28660.0,6.0,False,6.0
2024-02-23 22:00:00,28666.0,6.0,False,6.0
2024-02-23 23:00:00,28672.0,6.0,False,6.0
2024-02-24 00:00:00,28678.0,6.0,False,6.0
2024-02-24 01:00:00,28684.0,6.0,False,6.0
2024-02-24 02:00:00,28690.0,6.0,False,6.0
2024-02-24 03:00:00,28695.0,5.0,False,5.0
2024-02-24 04:00:00,28701.0,6.0,False,6.0
2024-02-24 05:00:00,28707.0,6.0,False,6.0
2024-02-24 06:00:00,28713.0,6.0,False,6.0
2024-02-24 07:00:00,28718.0,5.0,False,5.0
2024-02-24 08:00:00,28724.0,6.0,False,6.0
2024-02-24 09:00:00,28730.0,6.0,False,6.0
2024-02-24 10:00:00,28736.0,6.0,False,6.0
2024-02-24 11:00:00,28741.0,5.0,False,5.0
2024-02-24 12:00:00,28747.0,6.0,False,6.0
2024-02-24 13:00:00,28753.0,6.0,False,6.0
2024-02-24 14:00:00,28759.0,6.0,False,6.0
2024-02-24 15:00:00,28765.0,6.0,False,6.0
2024-02-24 16:00:00,28770.0,5.0,False,5.0
2024-02-24 17:00:00,28775.0,5.0,False,5.0
2024-02-24 18:00:00,28781.0,6.0,False,6.0
2024-02-24 19:00:00,28787.0,6.0,False,6.0
2024-02-24 20:00:00,28793.0,6.0,False,6.0
2024-02-24 21:00:00,28800.0,7.0,False,7.0
2024-02-24 22:00:00,28807.0,7.0,False,7.0
2024-02-24 23:00:00,28814.0,7.0,False,7.0
2024-02-25 00:00:00,28821.0,7.0,False,7.0
2024-02-25 01:00:00,28826.0,5.0,False,5.0
2024-02-25 02:00:00,28832.0,6.0,False,6.0
2024-02-25 03:00:00,28838.0,6.0,False,6.0
2024-02-25 04:00:00,28843.0,5.0,False,5.0
2024-02-25 05:00:00,28849.0,6.0,False,6.0
2024-02-25 06:00:00,28855.0,6.0,False,6.0
2024-02-25 07:00:00,28860.0,5.0,False,5.0
2024-02-25 08:00:00,28866.0,6.0,False,6.0
2024-02-25 09:00:00,28871.0,5.0,False,5.0
2024-02-25 10:00:00,28877.0,6.0,False,6.0
2024-02-25 11:00:00,28882.0,5.0,False,5.0
2024-02-25 12:00:00,28887.0,5.0,False,5.0
2024-02-25 13:00:00,28892.0,5.0,False,5.0
2024-02-25 14:00:00,28898.0,6.0,False,6.0
2024-02-25 15:00:00,28906.0,8.0,False,8.0
2024-02-25 16:00:00,28912.0,6.0,False,6.0
2024-02-25 17:00:00,28917.0,5.0,False,5.0
2024-02-25 18:00:00,28923.0,6.0,False,6.0
2024-02-25 19:00:00,28929.0,6.0,False,6.0
2024-02-25 20:00:00,28934.0,5.0,False,5.0
2024-02-25 21:00:00,28940.0,6.0,False,6.0
2024-02-25 22:00:00,28946.0,6.0,False,6.0
2024-02-25 23:00:00,28952.0,6.0,False,6.0
2024-02-26 00:00:00,28958.0,6.0,False,6.0
2024-02-26 01:00:00,28964.0,6.0,False,6.0
2024-02-26 02:00:00,28969.0,5.0,False,5.0
2024-02-26 03:00:00,28975.0,6.0,False,6.0
2024-02-26 04:00:00,28980.0,5.0,False,5.0
2024-02-26 05:00:00,28986.0,6.0,False,6.0
2024-02-26 06:00:00,28992.0,6.0,False,6.0
2024-02-26 07:00:00,28999.0,7.0,False,7.0
2024-02-26 08:00:00,29012.0,13.0,False,13.0
2024-02-26 09:00:00,29030.0,18.0,False,18.0
2024-02-26 10:00:00,29049.0,19.0,False,19.0
2024-02-26 11:00:00,29073.0,24.0,False,24.0
2024-02-26 12:00:00,29095.0,22.0,False,22.0
2024-02-26 13:00:00,29109.0,14.0,False,14.0
2024-02-26 14:00:00,29122.0,13.0,False,13.0
2024-02-26 15:00:00,29138.0,16.0,False,16.0
2024-02-26 16:00:00,29155.0,17.0,False,17.0
2024-02-26 17:00:00,29172.0,17.0,False,17.0
2024-02-26 18:00:00,29187.0,15.0,False,15.0
2024-02-26 19:00:00,29198.0,11.0,False,11.0
2024-02-26 20:00:00,29210.0,12.0,False,12.0
2024-02-26 21:00:00,29221.0,11.0,False,11.0
2024-02-26 22:00:00,29232.0,11.0,False,11.0
2024-02-26 23:00:00,29239.0,7.0,False,7.0
2024-02-27 00:00:00,29244.0,5.0,False,5.0
2024-02-27 01:00:00,29250.0,6.0,False,6.0
2024-02-27 02:00:00,29255.0,5.0,False,5.0
2024-02-27 03:00:00,29261.0,6.0,False,6.0
2024-02-27 04:00:00,29266.0,5.0,False,5.0
2024-02-27 05:00:00,29272.0,6.0,False,6.0
2024-02-27 06:00:00,29278.0,6.0,False,6.0
2024-02-27 07:00:00,29286.0,8.0,False,8.0
2024-02-27 08:00:00,29298.0,12.0,False,12.0
2024-02-27 09:00:00,29317.0,19.0,False,19.0
2024-02-27 10:00:00,29338.0,21.0,False,21.0
2024-02-27 11:00:00,29357.0,19.0,False,19.0
2024-02-27 12:00:00,29371.0,14.0,False,14.0
2024-02-27 13:00:00,29381.0,10.0,False,10.0
2024-02-27 14:00:00,29393.0,12.0,False,12.0
2024-02-27 15:00:00,29413.0,20.0,False,20.0
2024-02-27 16:00:00,29434.0,21.0,False,21.0
2024-02-27 17:00:00,29455.0,21.0,False,21.0
2024-02-27 18:00:00,29475.0,20.0,False,20.0
2024-02-27 19:00:00,29490.0,15.0,False,15.0
2024-02-27 20:00:00,,,False,6.43
2024-02-27 21:00:00,,,False,6.57
2024-02-27 22:00:00,,,False,6.57
2024-02-27 23:00:00,,,False,5.71
2024-02-28 00:00:00,,,False,5.57
2024-02-28 01:00:00,,,False,5.29
2024-02-28 02:00:00,,,False,5.29
2024-02-28 03:00:00,,,False,5.14
2024-02-28 04:00:00,,,False,5.0
2024-02-28 05:00:00,,,False,5.57
2024-02-28 06:00:00,,,False,5.29
2024-02-28 07:00:00,,,False,5.57
2024-02-28 08:00:00,,,False,7.29
2024-02-28 09:00:00,,,False,9.71
2024-02-28 10:00:00,,,False,11.6
2024-02-28 11:00:00,,,False,13.25
2024-02-28 12:00:00,29679.0,,False,11.0
2024-02-28 13:00:00,29691.0,12.0,False,12.0
2024-02-28 14:00:00,29703.0,12.0,False,12.0
2024-02-28 15:00:00,29720.0,17.0,False,17.0
2024-02-28 16:00:00,29737.0,17.0,False,17.0
2024-02-28 17:00:00,29755.0,18.0,False,18.0
2024-02-28 18:00:00,29773.0,18.0,False,18.0
2024-02-28 19:00:00,29789.0,16.0,False,16.0
2024-02-28 20:00:00,29806.0,17.0,False,17.0
2024-02-28 21:00:00,29823.0,17.0,False,17.0
2024-02-28 22:00:00,29837.0,14.0,False,14.0
2024-02-28 23:00:00,29845.0,8.0,False,8.0
2024-02-29 00:00:00,29851.0,6.0,False,6.0
2024-02-29 01:00:00,29857.0,6.0,False,6.0
2024-02-29 02:00:00,29862.0,5.0,False,5.0
2024-02-29 03:00:00,29868.0,6.0,False,6.0
2024-02-29 04:00:00,29874.0,6.0,False,6.0
2024-02-29 05:00:00,29880.0,6.0,False,6.0
2024-02-29 06:00:00,29885.0,5.0,False,5.0
2024-02-29 07:00:00,29892.0,7.0,False,7.0
2024-02-29 08:00:00,29904.0,12.0,False,12.0
2024-02-29 09:00:00,29920.0,16.0,False,16.0
2024-02-29 10:00:00,29940.0,20.0,False,20.0
2024-02-29 11:00:00,29962.0,22.0,False,22.0
2024-02-29 12:00:00,29984.0,22.0,False,22.0
2024-02-29 13:00:00,29997.0,13.0,False,13.0
2024-02-29 14:00:00,30010.0,13.0,False,13.0
2024-02-29 15:00:00,30032.0,22.0,False,22.0
2024-02-29 16:00:00,30052.0,20.0,False,20.0
2024-02-29 17:00:00,30074.0,22.0,False,22.0
2024-02-29 18:00:00,30095.0,21.0,False,21.0
2024-02-29 19:00:00,30112.0,17.0,False,17.0
2024-02-29 20:00:00,30131.0,19.0,False,19.0
2024-02-29 21:00:00,30150.0,19.0,False,19.0
2024-02-29 22:00:00,30165.0,15.0,False,15.0
2024-02-29 23:00:00,30172.0,7.0,False,7.0
2024-03-01 00:00:00,30178.0,6.0,False,6.0
2024-03-01 01:00:00,30183.0,5.0,False,5.0
2024-03-01 02:00:00,30189.0,6.0,False,6.0
2024-03-01 03:00:00,30194.0,5.0,False,5.0
2024-03-01 04:00:00,30200.0,6.0,False,6.0
2024-03-01 05:00:00,30205.0,5.0,False,5.0
2024-03-01 06:00:00,30211.0,6.0,False,6.0
2024-03-01 07:00:00,30217.0,6.0,False,6.0
2024-03-01 08:00:00,30231.0,14.0,False,14.0
2024-03-01 09:00:00,30247.0,16.0,False,16.0
2024-03-01 10:00:00,30264.0,17.0,False,17.0
2024-03-01 11:00:00,30282.0,18.0,False,18.0
2024-03-01 12:00:00,30304.0,22.0,False,22.0
2024-03-01 13:00:00,30317.0,13.0,False,13.0
2024-03-01 14:00:00,30332.0,15.0,False,15.0
2024-03-01 15:00:00,30350.0,18.0,False,18.0
2024-03-01 16:00:00,30368.0,18.0,False,18.0
2024-03-01 17:00:00,30386.0,18.0,False,18.0
2024-03-01 18:00:00,30404.0,18.0,False,18.0
2024-03-01 19:00:00,30421.0,17.0,False,17.0
2024-03-01 20:00:00,30439.0,18.0,False,18.0
2024-03-01 21:00:00,30454.0,15.0,False,15.0
2024-03-01 22:00:00,30467.0,13.0,False,13.0
2024-03-01 23:00:00,30474.0,7.0,False,7.0
2024-03-02 00:00:00,30479.0,5.0,False,5.0
2024-03-02 01:00:00,30485.0,6.0,False,6.0
2024-03-02 02:00:00,30490.0,5.0,False,5.0
2024-03-02 03:00:00,30496.0,6.0,False,6.0
2024-03-02 04:00:00,30501.0,5.0,False,5.0
2024-03-02 05:00:00,30507.0,6.0,False,6.0
2024-03-02 06:00:00,30513.0,6.0,False,6.0
2024-03-02 07:00:00,30519.0,6.0,False,6.0
2024-03-02 08:00:00,30526.0,7.0,False,7.0
2024-03-02 09:00:00,30535.0,9.0,False,9.0
2024-03-02 10:00:00,30544.0,9.0,False,9.0
2024-03-02 11:00:00,30555.0,11.0,False,11.0
2024-03-02 12:00:00,30564.0,9.0,False,9.0
2024-03-02 13:00:00,30573.0,9.0,False,9.0
2024-03-02 14:00:00,30583.0,10.0,False,10.0
2024-03-02 15:00:00,30596.0,13.0,False,13.0
2024-03-02 16:00:00,30610.0,14.0,False,14.0
2024-03-02 17:00:00,30626.0,16.0,False,16.0
2024-03-02 18:00:00,30640.0,14.0,False,14.0
2024-03-02 19:00:00,30654.0,14.0,False,14.0
2024-03-02 20:00:00,30668.0,14.0,False,14.0
2024-03-02 21:00:00,30682.0,14.0,False,14.0
2024-03-02 22:00:00,30692.0,10.0,False,10.0
2024-03-02 23:00:00,30699.0,7.0,False,7.0
2024-03-03 00:00:00,30704.0,5.0,False,5.0
2024-03-03 01:00:00,30710.0,6.0,False,6.0
2024-03-03 02:00:00,30715.0,5.0,False,5.0
2024-03-03 03:00:00,30721.0,6.0,False,6.0
2024-03-03 04:00:00,30727.0,6.0,False,6.0
2024-03-03 05:00:00,30732.0,5.0,False,5.0
2024-03-03 06:00:00,30738.0,6.0,False,6.0
2024-03-03 07:00:00,30744.0,6.0,False,6.0
2024-03-03 08:00:00,30751.0,7.0,False,7.0
2024-03-03 09:00:00,30759.0,8.0,False,8.0
2024-03-03 10:00:00,30768.0,9.0,False,9.0
2024-03-03 11:00:00,30777.0,9.0,False,9.0
2024-03-03 12:00:00,30786.0,9.0,False,9.0
2024-03-03 13:00:00,30795.0,9.0,False,9.0
2024-03-03 14:00:00,30805.0,10.0,False,10.0
2024-03-03 15:00:00,30818.0,13.0,False,13.0
2024-03-03 16:00:00,30834.0,16.0,False,16.0
2024-03-03 17:00:00,30849.0,15.0,False,15.0
2024-03-03 18:00:00,30863.0,14.0,False,14.0
2024-03-03 19:00:00,30876.0,13.0,False,13.0
2024-03-03 20:00:00,30891.0,15.0,False,15.0
2024-03-03 21:00:00,30906.0,15.0,False,15.0
2024-03-03 22:00:00,30919.0,13.0,False,13.0
2024-03-03 23:00:00,30926.0,7.0,False,7.0
2024-03-04 00:00:00,30932.0,6.0,False,6.0
2024-03-04 01:00:00,30937.0,5.0,False,5.0
2024-03-04 02:00:00,30943.0,6.0,False,6.0
2024-03-04 03:00:00,30948.0,5.0,False,5.0
2024-03-04 04:00:00,30954.0,6.0,False,6.0
2024-03-04 05:00:00,30959.0,5.0,False,5.0
2024-03-04 06:00:00,30965.0,6.0,False,6.0
2024-03-04 07:00:00,30973.0,8.0,False,8.0
2024-03-04 08:00:00,30987.0,14.0,False,14.0
2024-03-04 09:00:00,31003.0,16.0,False,16.0
2024-03-04 10:00:00,31022.0,19.0,False,19.0
2024-03-04 11:00:00,31047.0,25.0,False,25.0
2024-03-04 12:00:00,31071.0,24.0,False,24.0
2024-03-04 13:00:00,31085.0,14.0,False,14.0
2024-03-04 14:00:00,31100.0,15.0,False,15.0
2024-03-04 15:00:00,31124.0,24.0,False,24.0
2024-03-04 16:00:00,31147.0,23.0,False,23.0
2024-03-04 17:00:00,31169.0,22.0,False,22.0
2024-03-04 18:00:00,31190.0,21.0,False,21.0
2024-03-04 19:00:00,31209.0,19.0,False,19.0
2024-03-04 20:00:00,31229.0,20.0,False,20.0
2024-03-04 21:00:00,31249.0,20.0,False,20.0
2024-03-04 22:00:00,31268.0,19.0,False,19.0
2024-03-04 23:00:00,31276.0,8.0,False,8.0
2024-03-05 00:00:00,31281.0,5.0,False,5.0
2024-03-05 01:00:00,31287.0,6.0,False,6.0
2024-03-05 02:00:00,31292.0,5.0,False,5.0
2024-03-05 03:00:00,31298.0,6.0,False,6.0
2024-03-05 04:00:00,31303.0,5.0,False,5.0
2024-03-05 05:00:00,31309.0,6.0,False,6.0
2024-03-05 06:00:00,31314.0,5.0,False,5.0
2024-03-05 07:00:00,31322.0,8.0,False,8.0
2024-03-05 08:00:00,31336.0,14.0,False,14.0
2024-03-05 09:00:00,31355.0,19.0,False,19.0
2024-03-05 10:00:00,31377.0,22.0,False,22.0
2024-03-05 11:00:00,31397.0,20.0,False,20.0
2024-03-05 12:00:00,31417.0,20.0,False,20.0
2024-03-05 13:00:00,31431.0,14.0,False,14.0
2024-03-05 14:00:00,31451.0,20.0,False,20.0
2024-03-05 15:00:00,,,False,18.14
2024-03-05 16:00:00,31503.0,,False,18.43
2024-03-05 17:00:00,31528.0,25.0,False,25.0
2024-03-05 18:00:00,31555.0,27.0,False,27.0
2024-03-05 19:00:00,31575.0,20.0,False,20.0
2024-03-05 20:00:00,31597.0,22.0,False,22.0
2024-03-05 21:00:00,31618.0,21.0,False,21.0
2024-03-05 22:00:00,31636.0,18.0,False,18.0
2024-03-05 23:00:00,31644.0,8.0,False,8.0
2024-03-06 00:00:00,31650.0,6.0,False,6.0
2024-03-06 01:00:00,31655.0,5.0,False,5.0
2024-03-06 02:00:00,31661.0,6.0,False,6.0
2024-03-06 03:00:00,31667.0,6.0,False,6.0
2024-03-06 04:00:00,31672.0,5.0,False,5.0
2024-03-06 05:00:00,31678.0,6.0,False,6.0
2024-03-06 06:00:00,31684.0,6.0,False,6.0
2024-03-06 07:00:00,31690.0,6.0,False,6.0
2024-03-06 08:00:00,31704.0,14.0,False,14.0
2024-03-06 09:00:00,31722.0,18.0,False,18.0
2024-03-06 10:00:00,31743.0,21.0,False,21.0
2024-03-06 11:00:00,31768.0,25.0,False,25.0
2024-03-06 12:00:00,31792.0,24.0,False,24.0
2024-03-06 13:00:00,31808.0,16.0,False,16.0
2024-03-06 14:00:00,31827.0,19.0,False,19.0
2024-03-06 15:00:00,31848.0,21.0,False,21.0
2024-03-06 16:00:00,31870.0,22.0,False,22.0
2024-03-06 17:00:00,31892.0,22.0,False,22.0
2024-03-06 18:00:00,31914.0,22.0,False,22.0
2024-03-06 19:00:00,31932.0,18.0,False,18.0
2024-03-06 20:00:00,31953.0,21.0,False,21.0
2024-03-06 21:00:00,31975.0,22.0,False,22.0
2024-03-06 22:00:00,31995.0,20.0,False,20.0
2024-03-06 23:00:00,32004.0,9.0,False,9.0
2024-03-07 00:00:00,32010.0,6.0,False,6.0
2024-03-07 01:00:00,32016.0,6.0,False,6.0
2024-03-07 02:00:00,32022.0,6.0,False,6.0
2024-03-07 03:00:00,32027.0,5.0,False,5.0
2024-03-07 04:00:00,32033.0,6.0,False,6.0
2024-03-07 05:00:00,32038.0,5.0,False,5.0
2024-03-07 06:00:00,32044.0,6.0,False,6.0
2024-03-07 07:00:00,32050.0,6.0,False,6.0
2024-03-07 08:00:00,32061.0,11.0,False,11.0
2024-03-07 09:00:00,32076.0,15.0,False,15.0
2024-03-07 10:00:00,32094.0,18.0,False,18.0
2024-03-07 11:00:00,32116.0,22.0,False,22.0
2024-03-07 12:00:00,32138.0,22.0,False,22.0
2024-03-07 13:00:00,32156.0,18.0,False,18.0
2024-03-07 14:00:00,32175.0,19.0,False,19.0
2024-03-07 15:00:00,32201.0,26.0,False,26.0
2024-03-07 16:00:00,32226.0,25.0,False,25.0
2024-03-07 17:00:00,32251.0,25.0,False,25.0
2024-03-07 18:00:00,32276.0,25.0,False,25.0
2024-03-07 19:00:00,32296.0,20.0,False,20.0
2024-03-07 20:00:00,32318.0,22.0,False,22.0
2024-03-07 21:00:00,32342.0,24.0,False,24.0
2024-03-07 22:00:00,32363.0,21.0,False,21.0
2024-03-07 23:00:00,32373.0,10.0,False,10.0
2024-03-08 00:00:00,32379.0,6.0,False,6.0
2024-03-08 01:00:00,32385.0,6.0,False,6.0
2024-03-08 02:00:00,32390.0,5.0,False,5.0
2024-03-08 03:00:00,32396.0,6.0,False,6.0
2024-03-08 04:00:00,32401.0,5.0,False,5.0
2024-03-08 05:00:00,32407.0,6.0,False,6.0
2024-03-08 06:00:00,32412.0,5.0,False,5.0
2024-03-08 07:00:00,32419.0,7.0,False,7.0
2024-03-08 08:00:00,32431.0,12.0,False,12.0
2024-03-08 09:00:00,32446.0,15.0,False,15.0
2024-03-08 10:00:00,32463.0,17.0,False,17.0
2024-03-08 11:00:00,32485.0,22.0,False,22.0
2024-03-08 12:00:00,32504.0,19.0,False,19.0
2024-03-08 13:00:00,32521.0,17.0,False,17.0
2024-03-08 14:00:00,32541.0,20.0,False,20.0
2024-03-08 15:00:00,32563.0,22.0,False,22.0
2024-03-08 16:00:00,32584.0,21.0,False,21.0
2024-03-08 17:00:00,32607.0,23.0,False,23.0
2024-03-08 18:00:00,32628.0,21.0,False,21.0
2024-03-08 19:00:00,32647.0,19.0,False,19.0
2024-03-08 20:00:00,32669.0,22.0,False,22.0
2024-03-08 21:00:00,32689.0,20.0,False,20.0
2024-03-08 22:00:00,32705.0,16.0,False,16.0
2024-03-08 23:00:00,32714.0,9.0,False,9.0
2024-03-09 00:00:00,32720.0,6.0,False,6.0
2024-03-09 01:00:00,32726.0,6.0,False,6.0
2024-03-09 02:00:00,32732.0,6.0,False,6.0
2024-03-09 03:00:00,32738.0,6.0,False,6.0
2024-03-09 04:00:00,32745.0,7.0,False,7.0
2024-03-09 05:00:00,32751.0,6.0,False,6.0
2024-03-09 06:00:00,32757.0,6.0,False,6.0
2024-03-09 07:00:00,32763.0,6.0,False,6.0
2024-03-09 08:00:00,32769.0,6.0,False,6.0
2024-03-09 09:00:00,32777.0,8.0,False,8.0
2024-03-09 10:00:00,32788.0,11.0,False,11.0
2024-03-09 11:00:00,32800.0,12.0,False,12.0
2024-03-09 12:00:00,32813.0,13.0,False,13.0
2024-03-09 13:00:00,32827.0,14.0,False,14.0
2024-03-09 14:00:00,32841.0,14.0,False,14.0
2024-03-09 15:00:00,32857.0,16.0,False,16.0
2024-03-09 16:00:00,32872.0,15.0,False,15.0
2024-03-09 17:00:00,32888.0,16.0,False,16.0
2024-03-09 18:00:00,32905.0,17.0,False,17.0
2024-03-09 19:00:00,32922.0,17.0,False,17.0
2024-03-09 20:00:00,32940.0,18.0,False,18.0
2024-03-09 21:00:00,32958.0,18.0,False,18.0
2024-03-09 22:00:00,32973.0,15.0,False,15.0
2024-03-09 23:00:00,32982.0,9.0,False,9.0
2024-03-10 00:00:00,32987.0,5.0,False,5.0
2024-03-10 01:00:00,32993.0,6.0,False,6.0
2024-03-10 02:00:00,32999.0,6.0,False,6.0
2024-03-10 03:00:00,33004.0,5.0,False,5.0
2024-03-10 04:00:00,33010.0,6.0,False,6.0
2024-03-10 05:00:00,33015.0,5.0,False,5.0
2024-03-10 06:00:00,33021.0,6.0,False,6.0
2024-03-10 07:00:00,33027.0,6.0,False,6.0
2024-03-10 08:00:00,33033.0,6.0,False,6.0
2024-03-10 09:00:00,33040.0,7.0,False,7.0
2024-03-10 10:00:00,33049.0,9.0,False,9.0
2024-03-10 11:00:00,33062.0,13.0,False,13.0
2024-03-10 12:00:00,33075.0,13.0,False,13.0
2024-03-10 13:00:00,33088.0,13.0,False,13.0
2024-03-10 14:00:00,33105.0,17.0,False,17.0
2024-03-10 15:00:00,33125.0,20.0,False,20.0
2024-03-10 16:00:00,33145.0,20.0,False,20.0
2024-03-10 17:00:00,33163.0,18.0,False,18.0
2024-03-10 18:00:00,33181.0,18.0,False,18.0
2024-03-10 19:00:00,33199.0,18.0,False,18.0
2024-03-10 20:00:00,33217.0,18.0,False,18.0
2024-03-10 21:00:00,33234.0,17.0,False,17.0
2024-03-10 22:00:00,33248.0,14.0,False,14.0
2024-03-10 23:00:00,33255.0,7.0,False,7.0
2024-03-11 00:00:00,33261.0,6.0,False,6.0
2024-03-11 01:00:00,33266.0,5.0,False,5.0
2024-03-11 02:00:00,33272.0,6.0,False,6.0
2024-03-11 03:00:00,33277.0,5.0,False,5.0
2024-03-11 04:00:00,33283.0,6.0,False,6.0
2024-03-11 05:00:00,33288.0,5.0,False,5.0
2024-03-11 06:00:00,33294.0,6.0,False,6.0
2024-03-11 07:00:00,33301.0,7.0,False,7.0
2024-03-11 08:00:00,33313.0,12.0,False,12.0
2024-03-11 09:00:00,33327.0,14.0,False,14.0
2024-03-11 10:00:00,33343.0,16.0,False,16.0
2024-03-11 11:00:00,33366.0,23.0,False,23.0
2024-03-11 12:00:00,33389.0,23.0,False,23.0
2024-03-11 13:00:00,33405.0,16.0,False,16.0
2024-03-11 14:00:00,33419.0,14.0,False,14.0
2024-03-11 15:00:00,33443.0,24.0,False,24.0
2024-03-11 16:00:00,33466.0,23.0,False,23.0
2024-03-11 17:00:00,33489.0,23.0,False,23.0
2024-03-11 18:00:00,33511.0,22.0,False,22.0
2024-03-11 19:00:00,33530.0,19.0,False,19.0
2024-03-11 20:00:00,33551.0,21.0,False,21.0
2024-03-11 21:00:00,33573.0,22.0,False,22.0
2024-03-11 22:00:00,33592.0,19.0,False,19.0
2024-03-11 23:00:00,33601.0,9.0,False,9.0
2024-03-12 00:00:00,33606.0,5.0,False,5.0
2024-03-12 01:00:00,33612.0,6.0,False,6.0
2024-03-12 02:00:00,33618.0,6.0,False,6.0
2024-03-12 03:00:00,33623.0,5.0,False,5.0
2024-03-12 04:00:00,33629.0,6.0,False,6.0
2024-03-12 05:00:00,33634.0,5.0,False,5.0
2024-03-12 06:00:00,33640.0,6.0,False,6.0
2024-03-12 07:00:00,33646.0,6.0,False,6.0
2024-03-12 08:00:00,33658.0,12.0,False,12.0
2024-03-12 09:00:00,33677.0,19.0,False,19.0
2024-03-12 10:00:00,33696.0,19.0,False,19.0
2024-03-12 11:00:00,33718.0,22.0,False,22.0
2024-03-12 12:00:00,33740.0,22.0,False,22.0
2024-03-12 13:00:00,33758.0,18.0,False,18.0
2024-03-12 14:00:00,33778.0,20.0,False,20.0
2024-03-12 15:00:00,33805.0,27.0,False,27.0
2024-03-12 16:00:00,33831.0,26.0,False,26.0
2024-03-12 17:00:00,33856.0,25.0,False,25.0
2024-03-12 18:00:00,33880.0,24.0,False,24.0
2024-03-12 19:00:00,33901.0,21.0,False,21.0
2024-03-12 20:00:00,33923.0,22.0,False,22.0
2024-03-12 21:00:00,33947.0,24.0,False,24.0
2024-03-12 22:00:00,33967.0,20.0,False,20.0
2024-03-12 23:00:00,33975.0,8.0,False,8.0
2024-03-13 00:00:00,33982.0,7.0,False,7.0
2024-03-13 01:00:00,33988.0,6.0,False,6.0
2024-03-13 02:00:00,33995.0,7.0,False,7.0
2024-03-13 03:00:00,34001.0,6.0,False,6.0
2024-03-13 04:00:00,34007.0,6.0,False,6.0
2024-03-13 05:00:00,34013.0,6.0,False,6.0
2024-03-13 06:00:00,34019.0,6.0,False,6.0
2024-03-13 07:00:00,34025.0,6.0,False,6.0
2024-03-13 08:00:00,34037.0,12.0,False,12.0
2024-03-13 09:00:00,34055.0,18.0,False,18.0
2024-03-13 10:00:00,34076.0,21.0,False,21.0
2024-03-13 11:00:00,34101.0,25.0,False,25.0
2024-03-13 12:00:00,34126.0,25.0,False,25.0
2024-03-13 13:00:00,34143.0,17.0,False,17.0
2024-03-13 14:00:00,34162.0,19.0,False,19.0
2024-03-13 15:00:00,34183.0,21.0,False,21.0
2024-03-13 16:00:00,34206.0,23.0,False,23.0
2024-03-13 17:00:00,34229.0,23.0,False,23.0
2024-03-13 18:00:00,34252.0,23.0,False,23.0
2024-03-13 19:00:00,34272.0,20.0,False,20.0
2024-03-13 20:00:00,34295.0,23.0,False,23.0
2024-03-13 21:00:00,34317.0,22.0,False,22.0
2024-03-13 22:00:00,34337.0,20.0,False,20.0
2024-03-13 23:00:00,34347.0,10.0,False,10.0
2024-03-14 00:00:00,34353.0,6.0,False,6.0
2024-03-14 01:00:00,34359.0,6.0,False,6.0
2024-03-14 02:00:00,34365.0,6.0,False,6.0
2024-03-14 03:00:00,34371.0,6.0,False,6.0
2024-03-14 04:00:00,34377.0,6.0,False,6.0
2024-03-14 05:00:00,34383.0,6.0,False,6.0
2024-03-14 06:00:00,34389.0,6.0,False,6.0
2024-03-14 07:00:00,34396.0,7.0,False,7.0
2024-03-14 08:00:00,34407.0,11.0,False,11.0
2024-03-14 09:00:00,34421.0,14.0,False,14.0
2024-03-14 10:00:00,34438.0,17.0,False,17.0
2024-03-14 11:00:00,34458.0,20.0,False,20.0
2024-03-14 12:00:00,34477.0,19.0,False,19.0
2024-03-14 13:00:00,34491.0,14.0,False,14.0
2024-03-14 14:00:00,34510.0,19.0,False,19.0
2024-03-14 15:00:00,34535.0,25.0,False,25.0
2024-03-14 16:00:00,34559.0,24.0,False,24.0
2024-03-14 17:00:00,34583.0,24.0,False,24.0
2024-03-14 18:00:00,34606.0,23.0,False,23.0
2024-03-14 19:00:00,34625.0,19.0,False,19.0
2024-03-14 20:00:00,34648.0,23.0,False,23.0
2024-03-14 21:00:00,34670.0,22.0,False,22.0
2024-03-14 22:00:00,34688.0,18.0,False,18.0
2024-03-14 23:00:00,34696.0,8.0,False,8.0
2024-03-15 00:00:00,34702.0,6.0,False,6.0
2024-03-15 01:00:00,34708.0,6.0,False,6.0
2024-03-15 02:00:00,34714.0,6.0,False,6.0
2024-03-15 03:00:00,34720.0,6.0,False,6.0
2024-03-15 04:00:00,34725.0,5.0,False,5.0
2024-03-15 05:00:00,34731.0,6.0,False,6.0
2024-03-15 06:00:00,34737.0,6.0,False,6.0
2024-03-15 07:00:00,34743.0,6.0,False,6.0
2024-03-15 08:00:00,34755.0,12.0,False,12.0
2024-03-15 09:00:00,34771.0,16.0,False,16.0
2024-03-15 10:00:00,34789.0,18.0,False,18.0
2024-03-15 11:00:00,34809.0,20.0,False,20.0
2024-03-15 12:00:00,34827.0,18.0,False,18.0
2024-03-15 13:00:00,34842.0,15.0,False,15.0
2024-03-15 14:00:00,34858.0,16.0,False,16.0
2024-03-15 15:00:00,34878.0,20.0,False,20.0
2024-03-15 16:00:00,34899.0,21.0,False,21.0
2024-03-15 17:00:00,34921.0,22.0,False,22.0
2024-03-15 18:00:00,34941.0,20.0,False,20.0
2024-03-15 19:00:00,34958.0,17.0,False,17.0
2024-03-15 20:00:00,34977.0,19.0,False,19.0
2024-03-15 21:00:00,34994.0,17.0,False,17.0
2024-03-15 22:00:00,35009.0,15.0,False,15.0
2024-03-15 23:00:00,35017.0,8.0,False,8.0
2024-03-16 00:00:00,35023.0,6.0,False,6.0
2024-03-16 01:00:00,35029.0,6.0,False,6.0
2024-03-16 02:00:00,35035.0,6.0,False,6.0
2024-03-16 03:00:00,35040.0,5.0,False,5.0
2024-03-16 04:00:00,35046.0,6.0,False,6.0
2024-03-16 05:00:00,35052.0,6.0,False,6.0
2024-03-16 06:00:00,35057.0,5.0,False,5.0
2024-03-16 07:00:00,35063.0,6.0,False,6.0
2024-03-16 08:00:00,35069.0,6.0,False,6.0
2024-03-16 09:00:00,35077.0,8.0,False,8.0
2024-03-16 10:00:00,35086.0,9.0,False,9.0
2024-03-16 11:00:00,35097.0,11.0,False,11.0
2024-03-16 12:00:00,35109.0,12.0,False,12.0
2024-03-16 13:00:00,35121.0,12.0,False,12.0
2024-03-16 14:00:00,35136.0,15.0,False,15.0
2024-03-16 15:00:00,35152.0,16.0,False,16.0
2024-03-16 16:00:00,35169.0,17.0,False,17.0
2024-03-16 17:00:00,35185.0,16.0,False,16.0
2024-03-16 18:00:00,35201.0,16.0,False,16.0
2024-03-16 19:00:00,35217.0,16.0,False,16.0
2024-03-16 20:00:00,35233.0,16.0,False,16.0
2024-03-16 21:00:00,35250.0,17.0,False,17.0
2024-03-16 22:00:00,35264.0,14.0,False,14.0
2024-03-16 23:00:00,35272.0,8.0,False,8.0
2024-03-17 00:00:00,35278.0,6.0,False,6.0
2024-03-17 01:00:00,35283.0,5.0,False,5.0
2024-03-17 02:00:00,35289.0,6.0,False,6.0
2024-03-17 03:00:00,35295.0,6.0,False,6.0
2024-03-17 04:00:00,35301.0,6.0,False,6.0
2024-03-17 05:00:00,35306.0,5.0,False,5.0
2024-03-17 06:00:00,35312.0,6.0,False,6.0
2024-03-17 07:00:00,35318.0,6.0,False,6.0
2024-03-17 08:00:00,35324.0,6.0,False,6.0
2024-03-17 09:00:00,35331.0,7.0,False,7.0
2024-03-17 10:00:00,35340.0,9.0,False,9.0
2024-03-17 11:00:00,35350.0,10.0,False,10.0
2024-03-17 12:00:00,35360.0,10.0,False,10.0
2024-03-17 13:00:00,35371.0,11.0,False,11.0
2024-03-17 14:00:00,35386.0,15.0,False,15.0
2024-03-17 15:00:00,35404.0,18.0,False,18.0
2024-03-17 16:00:00,35424.0,20.0,False,20.0
2024-03-17 17:00:00,35442.0,18.0,False,18.0
2024-03-17 18:00:00,35459.0,17.0,False,17.0
2024-03-17 19:00:00,35476.0,17.0,False,17.0
2024-03-17 20:00:00,35494.0,18.0,False,18.0
2024-03-17 21:00:00,35510.0,16.0,False,16.0
2024-03-17 22:00:00,35525.0,15.0,False,15.0
2024-03-17 23:00:00,35533.0,8.0,False,8.0
2024-03-18 00:00:00,35540.0,7.0,False,7.0
2024-03-18 01:00:00,35546.0,6.0,False,6.0
2024-03-18 02:00:00,35551.0,5.0,False,5.0
2024-03-18 03:00:00,35558.0,7.0,False,7.0
2024-03-18 04:00:00,35564.0,6.0,False,6.0
2024-03-18 05:00:00,35569.0,5.0,False,5.0
2024-03-18 06:00:00,35575.0,6.0,False,6.0
2024-03-18 07:00:00,35584.0,9.0,False,9.0
2024-03-18 08:00:00,35596.0,12.0,False,12.0
2024-03-18 09:00:00,35614.0,18.0,False,18.0
2024-03-18 10:00:00,35634.0,20.0,False,20.0
2024-03-18 11:00:00,35658.0,24.0,False,24.0
2024-03-18 12:00:00,35683.0,25.0,False,25.0
2024-03-18 13:00:00,35701.0,18.0,False,18.0
2024-03-18 14:00:00,35719.0,18.0,False,18.0
2024-03-18 15:00:00,35745.0,26.0,False,26.0
2024-03-18 16:00:00,35770.0,25.0,False,25.0
2024-03-18 17:00:00,35792.0,22.0,False,22.0
2024-03-18 18:00:00,35814.0,22.0,False,22.0
2024-03-18 19:00:00,35833.0,19.0,False,19.0
2024-03-18 20:00:00,35856.0,23.0,False,23.0
2024-03-18 21:00:00,35879.0,23.0,False,23.0
2024-03-18 22:00:00,35899.0,20.0,False,20.0
2024-03-18 23:00:00,35912.0,13.0,False,13.0
2024-03-19 00:00:00,35918.0,6.0,False,6.0
2024-03-19 01:00:00,35923.0,5.0,False,5.0
2024-03-19 02:00:00,35929.0,6.0,False,6.0
2024-03-19 03:00:00,35935.0,6.0,False,6.0
2024-03-19 04:00:00,35940.0,5.0,False,5.0
2024-03-19 05:00:00,35946.0,6.0,False,6.0
2024-03-19 06:00:00,35951.0,5.0,False,5.0
2024-03-19 07:00:00,35959.0,8.0,False,8.0
2024-03-19 08:00:00,35972.0,13.0,False,13.0
2024-03-19 09:00:00,35996.0,24.0,False,24.0
2024-03-19 10:00:00,36020.0,24.0,False,24.0
2024-03-19 11:00:00,36047.0,27.0,False,27.0
2024-03-19 12:00:00,36071.0,24.0,False,24.0
2024-03-19 13:00:00,36088.0,17.0,False,17.0
2024-03-19 14:00:00,36106.0,18.0,False,18.0
2024-03-19 15:00:00,36133.0,27.0,False,27.0
2024-03-19 16:00:00,36159.0,26.0,False,26.0
2024-03-19 17:00:00,36184.0,25.0,False,25.0
2024-03-19 18:00:00,36208.0,24.0,False,24.0
2024-03-19 19:00:00,36226.0,18.0,False,18.0
2024-03-19 20:00:00,36247.0,21.0,False,21.0
2024-03-19 21:00:00,36267.0,20.0,False,20.0
2024-03-19 22:00:00,36285.0,18.0,False,18.0
2024-03-19 23:00:00,36294.0,9.0,False,9.0
2024-03-20 00:00:00,36300.0,6.0,False,6.0
2024-03-20 01:00:00,36306.0,6.0,False,6.0
2024-03-20 02:00:00,36311.0,5.0,False,5.0
2024-03-20 03:00:00,36317.0,6.0,False,6.0
2024-03-20 04:00:00,36322.0,5.0,False,5.0
2024-03-20 05:00:00,36328.0,6.0,False,6.0
2024-03-20 06:00:00,36334.0,6.0,False,6.0
2024-03-20 07:00:00,36340.0,6.0,False,6.0
2024-03-20 08:00:00,36354.0,14.0,False,14.0
2024-03-20 09:00:00,36376.0,22.0,False,22.0
2024-03-20 10:00:00,36400.0,24.0,False,24.0
2024-03-20 11:00:00,36427.0,27.0,False,27.0
2024-03-20 12:00:00,36451.0,24.0,False,24.0
2024-03-20 13:00:00,36469.0,18.0,False,18.0
2024-03-20 14:00:00,36487.0,18.0,False,18.0
2024-03-20 15:00:00,36509.0,22.0,False,22.0
2024-03-20 16:00:00,36532.0,23.0,False,23.0
2024-03-20 17:00:00,36555.0,23.0,False,23.0
2024-03-20 18:00:00,36577.0,22.0,False,22.0
2024-03-20 19:00:00,36596.0,19.0,False,19.0
2024-03-20 20:00:00,36619.0,23.0,False,23.0
2024-03-20 21:00:00,36643.0,24.0,False,24.0
2024-03-20 22:00:00,36664.0,21.0,False,21.0
2024-03-20 23:00:00,36673.0,9.0,False,9.0
2024-03-21 00:00:00,36680.0,7.0,False,7.0
2024-03-21 01:00:00,36686.0,6.0,False,6.0
2024-03-21 02:00:00,36692.0,6.0,False,6.0
2024-03-21 03:00:00,36698.0,6.0,False,6.0
2024-03-21 04:00:00,36703.0,5.0,False,5.0
2024-03-21 05:00:00,36709.0,6.0,False,6.0
2024-03-21 06:00:00,36714.0,5.0,False,5.0
2024-03-21 07:00:00,36721.0,7.0,False,7.0
2024-03-21 08:00:00,36734.0,13.0,False,13.0
2024-03-21 09:00:00,36750.0,16.0,False,16.0
2024-03-21 10:00:00,36768.0,18.0,False,18.0
2024-03-21 11:00:00,36792.0,24.0,False,24.0
2024-03-21 12:00:00,36816.0,24.0,False,24.0
2024-03-21 13:00:00,36834.0,18.0,False,18.0
2024-03-21 14:00:00,36854.0,20.0,False,20.0
2024-03-21 15:00:00,36879.0,25.0,False,25.0
2024-03-21 16:00:00,36903.0,24.0,False,24.0
2024-03-21 17:00:00,36927.0,24.0,False,24.0
2024-03-21 18:00:00,36949.0,22.0,False,22.0
2024-03-21 19:00:00,36968.0,19.0,False,19.0
2024-03-21 20:00:00,36990.0,22.0,False,22.0
2024-03-21 21:00:00,37013.0,23.0,False,23.0
2024-03-21 22:00:00,37032.0,19.0,False,19.0
2024-03-21 23:00:00,37040.0,8.0,False,8.0
2024-03-22 00:00:00,37046.0,6.0,False,6.0
2024-03-22 01:00:00,37052.0,6.0,False,6.0
2024-03-22 02:00:00,37057.0,5.0,False,5.0
2024-03-22 03:00:00,37063.0,6.0,False,6.0
2024-03-22 04:00:00,37069.0,6.0,False,6.0
2024-03-22 05:00:00,37074.0,5.0,False,5.0
2024-03-22 06:00:00,37080.0,6.0,False,6.0
2024-03-22 07:00:00,37087.0,7.0,False,7.0
2024-03-22 08:00:00,37099.0,12.0,False,12.0
2024-03-22 09:00:00,37117.0,18.0,False,18.0
2024-03-22 10:00:00,37137.0,20.0,False,20.0
2024-03-22 11:00:00,37159.0,22.0,False,22.0
2024-03-22 12:00:00,37179.0,20.0,False,20.0
2024-03-22 13:00:00,37195.0,16.0,False,16.0
2024-03-22 14:00:00,37210.0,15.0,False,15.0
2024-03-22 15:00:00,37229.0,19.0,False,19.0
2024-03-22 16:00:00,37249.0,20.0,False,20.0
2024-03-22 17:00:00,37270.0,21.0,False,21.0
2024-03-22 18:00:00,37291.0,21.0,False,21.0
2024-03-22 19:00:00,37309.0,18.0,False,18.0
2024-03-22 20:00:00,37329.0,20.0,False,20.0
2024-03-22 21:00:00,37349.0,20.0,False,20.0
2024-03-22 22:00:00,37366.0,17.0,False,17.0
2024-03-22 23:00:00,37374.0,8.0,False,8.0
2024-03-23 00:00:00,37379.0,5.0,False,5.0
2024-03-23 01:00:00,37384.0,5.0,False,5.0
2024-03-23 02:00:00,37390.0,6.0,False,6.0
2024-03-23 03:00:00,37395.0,5.0,False,5.0
2024-03-23 04:00:00,37401.0,6.0,False,6.0
2024-03-23 05:00:00,37406.0,5.0,False,5.0
2024-03-23 06:00:00,37412.0,6.0,False,6.0
2024-03-23 07:00:00,37417.0,5.0,False,5.0
2024-03-23 08:00:00,37425.0,8.0,False,8.0
2024-03-23 09:00:00,37435.0,10.0,False,10.0
2024-03-23 10:00:00,37448.0,13.0,False,13.0
2024-03-23 11:00:00,37462.0,14.0,False,14.0
2024-03-23 12:00:00,37475.0,13.0,False,13.0
2024-03-23 13:00:00,37487.0,12.0,False,12.0
2024-03-23 14:00:00,37501.0,14.0,False,14.0
2024-03-23 15:00:00,37516.0,15.0,False,15.0
2024-03-23 16:00:00,37532.0,16.0,False,16.0
2024-03-23 17:00:00,37549.0,17.0,False,17.0
2024-03-23 18:00:00,37567.0,18.0,False,18.0
2024-03-23 19:00:00,37583.0,16.0,False,16.0
2024-03-23 20:00:00,37601.0,18.0,False,18.0
2024-03-23 21:00:00,37617.0,16.0,False,16.0
2024-03-23 22:00:00,37631.0,14.0,False,14.0
2024-03-23 23:00:00,37638.0,7.0,False,7.0
2024-03-24 00:00:00,37643.0,5.0,False,5.0
2024-03-24 01:00:00,37649.0,6.0,False,6.0
2024-03-24 02:00:00,37654.0,5.0,False,5.0
2024-03-24 03:00:00,37660.0,6.0,False,6.0
2024-03-24 04:00:00,37665.0,5.0,False,5.0
2024-03-24 05:00:00,37671.0,6.0,False,6.0
2024-03-24 06:00:00,37676.0,5.0,False,5.0
2024-03-24 07:00:00,37682.0,6.0,False,6.0
2024-03-24 08:00:00,37688.0,6.0,False,6.0
2024-03-24 09:00:00,37697.0,9.0,False,9.0
2024-03-24 10:00:00,37708.0,11.0,False,11.0
2024-03-24 11:00:00,37722.0,14.0,False,14.0
2024-03-24 12:00:00,37733.0,11.0,False,11.0
2024-03-24 13:00:00,37745.0,12.0,False,12.0
2024-03-24 14:00:00,37759.0,14.0,False,14.0
2024-03-24 15:00:00,37773.0,14.0,False,14.0
2024-03-24 16:00:00,37789.0,16.0,False,16.0
2024-03-24 17:00:00,37804.0,15.0,False,15.0
2024-03-24 18:00:00,37820.0,16.0,False,16.0
2024-03-24 19:00:00,37836.0,16.0,False,16.0
2024-03-24 20:00:00,37853.0,17.0,False,17.0
2024-03-24 21:00:00,37869.0,16.0,False,16.0
2024-03-24 22:00:00,37883.0,14.0,False,14.0
2024-03-24 23:00:00,37891.0,8.0,False,8.0
2024-03-25 00:00:00,37896.0,5.0,False,5.0
2024-03-25 01:00:00,37902.0,6.0,False,6.0
2024-03-25 02:00:00,37908.0,6.0,False,6.0
2024-03-25 03:00:00,37913.0,5.0,False,5.0
2024-03-25 04:00:00,37919.0,6.0,False,6.0
2024-03-25 05:00:00,37924.0,5.0,False,5.0
2024-03-25 06:00:00,37930.0,6.0,False,6.0
2024-03-25 07:00:00,37936.0,6.0,False,6.0
2024-03-25 08:00:00,37950.0,14.0,False,14.0
2024-03-25 09:00:00,37970.0,20.0,False,20.0
2024-03-25 10:00:00,37991.0,21.0,False,21.0
2024-03-25 11:00:00,38015.0,24.0,False,24.0
2024-03-25 12:00:00,38038.0,23.0,False,23.0
2024-03-25 13:00:00,38055.0,17.0,False,17.0
2024-03-25 14:00:00,38073.0,18.0,False,18.0
2024-03-25 15:00:00,38098.0,25.0,False,25.0
2024-03-25 16:00:00,38123.0,25.0,False,25.0
2024-03-25 17:00:00,38146.0,23.0,False,23.0
2024-03-25 18:00:00,38168.0,22.0,False,22.0
2024-03-25 19:00:00,38187.0,19.0,False,19.0
2024-03-25 20:00:00,38208.0,21.0,False,21.0
2024-03-25 21:00:00,38230.0,22.0,False,22.0
2024-03-25 22:00:00,38249.0,19.0,False,19.0
2024-03-25 23:00:00,38257.0,8.0,False,8.0
2024-03-26 00:00:00,38263.0,6.0,False,6.0
2024-03-26 01:00:00,38268.0,5.0,False,5.0
2024-03-26 02:00:00,38274.0,6.0,False,6.0
2024-03-26 03:00:00,38279.0,5.0,False,5.0
2024-03-26 04:00:00,38285.0,6.0,False,6.0
2024-03-26 05:00:00,38290.0,5.0,False,5.0
2024-03-26 06:00:00,38295.0,5.0,False,5.0
2024-03-26 07:00:00,38302.0,7.0,False,7.0
2024-03-26 08:00:00,38317.0,15.0,False,15.0
2024-03-26 09:00:00,38338.0,21.0,False,21.0
2024-03-26 10:00:00,38363.0,25.0,False,25.0
2024-03-26 11:00:00,38390.0,27.0,False,27.0
2024-03-26 12:00:00,38416.0,26.0,False,26.0
2024-03-26 13:00:00,38434.0,18.0,False,18.0
2024-03-26 14:00:00,38454.0,20.0,False,20.0
2024-03-26 15:00:00,38481.0,27.0,False,27.0
2024-03-26 16:00:00,38508.0,27.0,False,27.0
2024-03-26 17:00:00,38535.0,27.0,False,27.0
2024-03-26 18:00:00,38561.0,26.0,False,26.0
2024-03-26 19:00:00,38582.0,21.0,False,21.0
2024-03-26 20:00:00,38606.0,24.0,False,24.0
2024-03-26 21:00:00,38630.0,24.0,False,24.0
2024-03-26 22:00:00,38649.0,19.0,False,19.0
2024-03-26 23:00:00,38659.0,10.0,False,10.0
2024-03-27 00:00:00,38666.0,7.0,False,7.0
2024-03-27 01:00:00,38673.0,7.0,False,7.0
2024-03-27 02:00:00,38679.0,6.0,False,6.0
2024-03-27 03:00:00,38685.0,6.0,False,6.0
2024-03-27 04:00:00,38691.0,6.0,False,6.0
2024-03-27 05:00:00,38696.0,5.0,False,5.0
2024-03-27 06:00:00,38701.0,5.0,False,5.0
2024-03-27 07:00:00,38709.0,8.0,False,8.0
2024-03-27 08:00:00,38723.0,14.0,False,14.0
2024-03-27 09:00:00,38748.0,25.0,False,25.0
2024-03-27 10:00:00,38774.0,26.0,False,26.0
2024-03-27 11:00:00,38801.0,27.0,False,27.0
2024-03-27 12:00:00,38827.0,26.0,False,26.0
2024-03-27 13:00:00,38845.0,18.0,False,18.0
2024-03-27 14:00:00,38862.0,17.0,False,17.0
2024-03-27 15:00:00,38885.0,23.0,False,23.0
2024-03-27 16:00:00,38909.0,24.0,False,24.0
2024-03-27 17:00:00,38933.0,24.0,False,24.0
2024-03-27 18:00:00,38956.0,23.0,False,23.0
2024-03-27 19:00:00,38975.0,19.0,False,19.0
2024-03-27 20:00:00,38996.0,21.0,False,21.0
2024-03-27 21:00:00,39018.0,22.0,False,22.0
2024-03-27 22:00:00,39037.0,19.0,False,19.0
2024-03-27 23:00:00,39046.0,9.0,False,9.0
2024-03-28 00:00:00,39052.0,6.0,False,6.0
2024-03-28 01:00:00,39057.0,5.0,False,5.0
2024-03-28 02:00:00,39063.0,6.0,False,6.0
2024-03-28 03:00:00,39068.0,5.0,False,5.0
2024-03-28 04:00:00,39074.0,6.0,False,6.0
2024-03-28 05:00:00,39079.0,5.0,False,5.0
2024-03-28 06:00:00,39085.0,6.0,False,6.0
2024-03-28 07:00:00,39094.0,9.0,False,9.0
2024-03-28 08:00:00,39105.0,11.0,False,11.0
2024-03-28 09:00:00,39122.0,17.0,False,17.0
2024-03-28 10:00:00,39142.0,20.0,False,20.0
2024-03-28 11:00:00,39165.0,23.0,False,23.0
2024-03-28 12:00:00,39188.0,23.0,False,23.0
2024-03-28 13:00:00,39203.0,15.0,False,15.0
2024-03-28 14:00:00,39218.0,15.0,False,15.0
2024-03-28 15:00:00,39241.0,23.0,False,23.0
2024-03-28 16:00:00,39263.0,22.0,False,22.0
2024-03-28 17:00:00,39286.0,23.0,False,23.0
2024-03-28 18:00:00,39308.0,22.0,False,22.0
2024-03-28 19:00:00,39326.0,18.0,False,18.0
2024-03-28 20:00:00,39348.0,22.0,False,22.0
2024-03-28 21:00:00,39371.0,23.0,False,23.0
2024-03-28 22:00:00,39390.0,19.0,False,19.0
2024-03-28 23:00:00,39401.0,11.0,False,11.0
2024-03-29 00:00:00,39407.0,6.0,False,6.0
2024-03-29 01:00:00,39413.0,6.0,False,6.0
2024-03-29 02:00:00,39418.0,5.0,False,5.0
2024-03-29 03:00:00,39424.0,6.0,False,6.0
2024-03-29 04:00:00,39430.0,6.0,False,6.0
2024-03-29 05:00:00,39435.0,5.0,False,5.0
2024-03-29 06:00:00,39441.0,6.0,False,6.0
2024-03-29 07:00:00,39449.0,8.0,False,8.0
2024-03-29 08:00:00,39461.0,12.0,False,12.0
2024-03-29 09:00:00,39482.0,21.0,False,21.0
2024-03-29 10:00:00,39508.0,26.0,False,26.0
2024-03-29 11:00:00,39532.0,24.0,False,24.0
2024-03-29 12:00:00,39556.0,24.0,False,24.0
2024-03-29 13:00:00,39575.0,19.0,False,19.0
2024-03-29 14:00:00,39593.0,18.0,False,18.0
2024-03-29 15:00:00,39616.0,23.0,False,23.0
2024-03-29 16:00:00,39637.0,21.0,False,21.0
2024-03-29 17:00:00,39658.0,21.0,False,21.0
2024-03-29 18:00:00,39679.0,21.0,False,21.0
2024-03-29 19:00:00,39698.0,19.0,False,19.0
2024-03-29 20:00:00,39717.0,19.0,False,19.0
2024-03-29 21:00:00,39734.0,17.0,False,17.0
2024-03-29 22:00:00,39750.0,16.0,False,16.0
2024-03-29 23:00:00,39757.0,7.0,False,7.0
2024-03-30 00:00:00,39763.0,6.0,False,6.0
2024-03-30 01:00:00,39769.0,6.0,False,6.0
2024-03-30 02:00:00,39774.0,5.0,False,5.0
2024-03-30 03:00:00,39780.0,6.0,False,6.0
2024-03-30 04:00:00,39785.0,5.0,False,5.0
2024-03-30 05:00:00,39791.0,6.0,False,6.0
2024-03-30 06:00:00,39796.0,5.0,False,5.0
2024-03-30 07:00:00,39802.0,6.0,False,6.0
2024-03-30 08:00:00,39810.0,8.0,False,8.0
2024-03-30 09:00:00,39825.0,15.0,False,15.0
2024-03-30 10:00:00,39842.0,17.0,False,17.0
2024-03-30 11:00:00,39860.0,18.0,False,18.0
2024-03-30 12:00:00,39878.0,18.0,False,18.0
2024-03-30 13:00:00,39896.0,18.0,False,18.0
2024-03-30 14:00:00,39914.0,18.0,False,18.0
2024-03-30 15:00:00,39932.0,18.0,False,18.0
2024-03-30 16:00:00,39951.0,19.0,False,19.0
2024-03-30 17:00:00,39969.0,18.0,False,18.0
2024-03-30 18:00:00,39986.0,17.0,False,17.0
2024-03-30 19:00:00,40002.0,16.0,False,16.0
2024-03-30 20:00:00,40018.0,16.0,False,16.0
2024-03-30 21:00:00,40033.0,15.0,False,15.0
2024-03-30 22:00:00,40048.0,15.0,False,15.0
2024-03-30 23:00:00,40058.0,10.0,False,10.0
2024-03-31 00:00:00,40064.0,6.0,False,6.0
2024-03-31 01:00:00,40069.0,5.0,False,5.0
2024-03-31 02:00:00,40075.0,6.0,False,6.0
2024-03-31 03:00:00,40080.0,5.0,False,5.0
2024-03-31 04:00:00,40086.0,6.0,False,6.0
2024-03-31 05:00:00,40091.0,5.0,False,5.0
2024-03-31 06:00:00,40097.0,6.0,False,6.0
2024-03-31 07:00:00,40102.0,5.0,False,5.0
2024-03-31 08:00:00,40109.0,7.0,False,7.0
2024-03-31 09:00:00,40118.0,9.0,False,9.0
2024-03-31 10:00:00,40130.0,12.0,False,12.0
2024-03-31 11:00:00,40143.0,13.0,False,13.0
2024-03-31 12:00:00,40156.0,13.0,False,13.0
2024-03-31 13:00:00,40169.0,13.0,False,13.0
2024-03-31 14:00:00,40184.0,15.0,False,15.0
2024-03-31 15:00:00,40202.0,18.0,False,18.0
2024-03-31 16:00:00,40220.0,18.0,False,18.0
2024-03-31 17:00:00,40237.0,17.0,False,17.0
2024-03-31 18:00:00,40256.0,19.0,False,19.0
2024-03-31 19:00:00,40275.0,19.0,False,19.0
2024-03-31 20:00:00,40294.0,19.0,False,19.0
2024-03-31 21:00:00,40314.0,20.0,False,20.0
2024-03-31 22:00:00,40332.0,18.0,False,18.0
2024-03-31 23:00:00,40344.0,12.0,False,12.0
2024-04-01 00:00:00,40351.0,7.0,False,7.0
2024-04-01 01:00:00,40357.0,6.0,False,6.0
2024-04-01 02:00:00,40362.0,5.0,False,5.0
2024-04-01 03:00:00,40368.0,6.0,False,6.0
2024-04-01 04:00:00,40373.0,5.0,False,5.0
2024-04-01 05:00:00,40379.0,6.0,False,6.0
2024-04-01 06:00:00,40385.0,6.0,False,6.0
2024-04-01 07:00:00,40394.0,9.0,False,9.0
2024-04-01 08:00:00,40404.0,10.0,False,10.0
2024-04-01 09:00:00,40422.0,18.0,False,18.0
2024-04-01 10:00:00,40441.0,19.0,False,19.0
2024-04-01 11:00:00,40463.0,22.0,False,22.0
2024-04-01 12:00:00,40485.0,22.0,False,22.0
2024-04-01 13:00:00,40501.0,16.0,False,16.0
2024-04-01 14:00:00,40517.0,16.0,False,16.0
2024-04-01 15:00:00,40541.0,24.0,False,24.0
2024-04-01 16:00:00,40566.0,25.0,False,25.0
2024-04-01 17:00:00,40590.0,24.0,False,24.0
2024-04-01 18:00:00,40612.0,22.0,False,22.0
2024-04-01 19:00:00,40632.0,20.0,False,20.0
2024-04-01 20:00:00,40653.0,21.0,False,21.0
2024-04-01 21:00:00,40674.0,21.0,False,21.0
2024-04-01 22:00:00,40691.0,17.0,False,17.0
2024-04-01 23:00:00,40702.0,11.0,False,11.0
2024-04-02 00:00:00,40708.0,6.0,False,6.0
2024-04-02 01:00:00,40714.0,6.0,False,6.0
2024-04-02 02:00:00,40720.0,6.0,False,6.0
2024-04-02 03:00:00,40725.0,5.0,False,5.0
2024-04-02 04:00:00,40731.0,6.0,False,6.0
2024-04-02 05:00:00,40737.0,6.0,False,6.0
2024-04-02 06:00:00,40743.0,6.0,False,6.0
2024-04-02 07:00:00,40751.0,8.0,False,8.0
2024-04-02 08:00:00,40765.0,14.0,False,14.0
2024-04-02 09:00:00,40789.0,24.0,True,18.0
2024-04-02 10:00:00,40814.0,25.0,True,20.71
2024-04-02 11:00:00,40840.0,26.0,True,22.0
2024-04-02 12:00:00,40865.0,25.0,True,21.71
2024-04-02 13:00:00,40884.0,19.0,False,19.0
2024-04-02 14:00:00,40904.0,20.0,False,20.0
2024-04-02 15:00:00,40931.0,27.0,True,22.29
2024-04-02 16:00:00,40956.0,25.0,True,22.29
2024-04-02 17:00:00,40980.0,24.0,True,22.0
2024-04-02 18:00:00,41004.0,24.0,True,21.43
2024-04-02 19:00:00,41023.0,19.0,False,19.0
2024-04-02 20:00:00,41044.0,21.0,False,21.0
2024-04-02 21:00:00,41065.0,21.0,False,21.0
2024-04-02 22:00:00,41081.0,16.0,False,16.0
2024-04-02 23:00:00,41089.0,8.0,False,8.0
2024-04-03 00:00:00,41095.0,6.0,False,6.0
2024-04-03 01:00:00,41101.0,6.0,False,6.0
2024-04-03 02:00:00,41107.0,6.0,False,6.0
2024-04-03 03:00:00,41113.0,6.0,False,6.0
2024-04-03 04:00:00,41119.0,6.0,False,6.0
2024-04-03 05:00:00,41125.0,6.0,False,6.0
2024-04-03 06:00:00,41131.0,6.0,False,6.0
2024-04-03 07:00:00,41139.0,8.0,False,8.0
2024-04-03 08:00:00,41153.0,14.0,False,14.0
2024-04-03 09:00:00,41175.0,22.0,True,17.5
2024-04-03 10:00:00,41199.0,24.0,True,20.0
2024-04-03 11:00:00,41223.0,24.0,True,21.17
2024-04-03 12:00:00,41247.0,24.0,True,21.0
2024-04-03 13:00:00,41262.0,15.0,False,15.0
2024-04-03 14:00:00,41278.0,16.0,False,16.0
2024-04-03 15:00:00,41296.0,18.0,False,18.0
2024-04-03 16:00:00,41317.0,21.0,True,21.5
2024-04-03 17:00:00,41335.0,18.0,False,18.0
2024-04-03 18:00:00,41352.0,17.0,False,17.0
2024-04-03 19:00:00,41366.0,14.0,False,14.0
2024-04-03 20:00:00,41383.0,17.0,False,17.0
2024-04-03 21:00:00,41401.0,18.0,False,18.0
2024-04-03 22:00:00,41415.0,14.0,False,14.0
2024-04-03 23:00:00,41423.0,8.0,False,8.0
2024-04-04 00:00:00,41429.0,6.0,False,6.0
2024-04-04 01:00:00,41435.0,6.0,False,6.0
2024-04-04 02:00:00,41440.0,5.0,False,5.0
2024-04-04 03:00:00,41446.0,6.0,False,6.0
2024-04-04 04:00:00,41452.0,6.0,False,6.0
2024-04-04 05:00:00,41457.0,5.0,False,5.0
2024-04-04 06:00:00,41463.0,6.0,False,6.0
2024-04-04 07:00:00,41469.0,6.0,False,6.0
2024-04-04 08:00:00,41474.0,5.0,False,5.0
2024-04-04 09:00:00,41480.0,6.0,False,6.0
2024-04-04 10:00:00,41486.0,6.0,False,6.0
2024-04-04 11:00:00,41493.0,7.0,False,7.0
2024-04-04 12:00:00,41500.0,7.0,False,7.0
2024-04-04 13:00:00,41507.0,7.0,False,7.0
2024-04-04 14:00:00,41515.0,8.0,False,8.0
2024-04-04 15:00:00,41524.0,9.0,False,9.0
2024-04-04 16:00:00,41535.0,11.0,False,11.0
2024-04-04 17:00:00,41546.0,11.0,False,11.0
2024-04-04 18:00:00,41557.0,11.0,False,11.0
2024-04-04 19:00:00,41568.0,11.0,False,11.0
2024-04-04 20:00:00,41578.0,10.0,False,10.0
2024-04-04 21:00:00,41589.0,11.0,False,11.0
2024-04-04 22:00:00,41598.0,9.0,False,9.0
2024-04-04 23:00:00,41604.0,6.0,False,6.0
2024-04-05 00:00:00,41610.0,6.0,False,6.0
2024-04-05 01:00:00,41616.0,6.0,False,6.0
2024-04-05 02:00:00,41621.0,5.0,False,5.0
2024-04-05 03:00:00,41627.0,6.0,False,6.0
2024-04-05 04:00:00,41633.0,6.0,False,6.0
2024-04-05 05:00:00,41638.0,5.0,False,5.0
2024-04-05 06:00:00,41644.0,6.0,False,6.0
2024-04-05 07:00:00,41650.0,6.0,False,6.0
2024-04-05 08:00:00,41655.0,5.0,False,5.0
2024-04-05 09:00:00,41661.0,6.0,False,6.0
2024-04-05 10:00:00,41668.0,7.0,False,7.0
2024-04-05 11:00:00,41675.0,7.0,False,7.0
2024-04-05 12:00:00,41682.0,7.0,False,7.0
2024-04-05 13:00:00,41688.0,6.0,False,6.0
2024-04-05 14:00:00,41694.0,6.0,False,6.0
2024-04-05 15:00:00,41703.0,9.0,False,9.0
2024-04-05 16:00:00,41712.0,9.0,False,9.0
2024-04-05 17:00:00,41722.0,10.0,False,10.0
2024-04-05 18:00:00,41732.0,10.0,False,10.0
2024-04-05 19:00:00,41741.0,9.0,False,9.0
2024-04-05 20:00:00,41751.0,10.0,False,10.0
2024-04-05 21:00:00,41761.0,10.0,False,10.0
2024-04-05 22:00:00,41770.0,9.0,False,9.0
2024-04-05 23:00:00,41777.0,7.0,False,7.0
2024-04-06 00:00:00,41782.0,5.0,False,5.0
2024-04-06 01:00:00,41788.0,6.0,False,6.0
2024-04-06 02:00:00,41794.0,6.0,False,6.0
2024-04-06 03:00:00,41799.0,5.0,False,5.0
2024-04-06 04:00:00,41805.0,6.0,False,6.0
2024-04-06 05:00:00,41811.0,6.0,False,6.0
2024-04-06 06:00:00,41816.0,5.0,False,5.0
2024-04-06 07:00:00,41822.0,6.0,False,6.0
2024-04-06 08:00:00,41827.0,5.0,False,5.0
2024-04-06 09:00:00,41833.0,6.0,False,6.0
2024-04-06 10:00:00,41840.0,7.0,False,7.0
2024-04-06 11:00:00,41846.0,6.0,False,6.0
2024-04-06 12:00:00,41853.0,7.0,False,7.0
2024-04-06 13:00:00,41859.0,6.0,False,6.0
2024-04-06 14:00:00,41866.0,7.0,False,7.0
2024-04-06 15:00:00,41875.0,9.0,False,9.0
2024-04-06 16:00:00,41885.0,10.0,False,10.0
2024-04-06 17:00:00,41896.0,11.0,False,11.0
2024-04-06 18:00:00,41908.0,12.0,False,12.0
2024-04-06 19:00:00,41921.0,13.0,False,13.0
2024-04-06 20:00:00,41934.0,13.0,False,13.0
2024-04-06 21:00:00,41946.0,12.0,False,12.0
2024-04-06 22:00:00,41957.0,11.0,False,11.0
2024-04-06 23:00:00,41965.0,8.0,False,8.0
2024-04-07 00:00:00,41970.0,5.0,False,5.0
2024-04-07 01:00:00,41976.0,6.0,False,6.0
2024-04-07 02:00:00,41982.0,6.0,False,6.0
2024-04-07 03:00:00,41987.0,5.0,False,5.0
2024-04-07 04:00:00,41993.0,6.0,False,6.0
2024-04-07 05:00:00,41999.0,6.0,False,6.0
2024-04-07 06:00:00,42005.0,6.0,False,6.0
2024-04-07 07:00:00,42013.0,8.0,False,8.0
2024-04-07 08:00:00,42023.0,10.0,False,10.0
2024-04-07 09:00:00,42033.0,10.0,False,10.0
2024-04-07 10:00:00,42045.0,12.0,False,12.0
2024-04-07 11:00:00,42060.0,15.0,False,15.0
2024-04-07 12:00:00,42074.0,14.0,False,14.0
2024-04-07 13:00:00,42087.0,13.0,False,13.0
2024-04-07 14:00:00,42102.0,15.0,False,15.0
2024-04-07 15:00:00,42120.0,18.0,False,18.0
2024-04-07 16:00:00,42138.0,18.0,False,18.0
2024-04-07 17:00:00,42158.0,20.0,True,15.17
2024-04-07 18:00:00,42176.0,18.0,False,18.0
2024-04-07 19:00:00,42193.0,17.0,False,17.0
2024-04-07 20:00:00,42210.0,17.0,False,17.0
2024-04-07 21:00:00,42228.0,18.0,False,18.0
2024-04-07 22:00:00,42244.0,16.0,False,16.0
2024-04-07 23:00:00,42252.0,8.0,False,8.0
2024-04-08 00:00:00,42258.0,6.0,False,6.0
2024-04-08 01:00:00,42263.0,5.0,False,5.0
2024-04-08 02:00:00,42269.0,6.0,False,6.0
2024-04-08 03:00:00,42274.0,5.0,False,5.0
2024-04-08 04:00:00,42280.0,6.0,False,6.0
2024-04-08 05:00:00,42286.0,6.0,False,6.0
2024-04-08 06:00:00,42291.0,5.0,False,5.0
2024-04-08 07:00:00,42298.0,7.0,False,7.0
2024-04-08 08:00:00,42311.0,13.0,False,13.0
2024-04-08 09:00:00,42329.0,18.0,False,18.0
2024-04-08 10:00:00,42349.0,20.0,False,20.0
2024-04-08 11:00:00,42373.0,24.0,False,24.0
2024-04-08 12:00:00,42396.0,23.0,False,23.0
2024-04-08 13:00:00,42413.0,17.0,False,17.0
2024-04-08 14:00:00,42431.0,18.0,False,18.0
2024-04-08 15:00:00,42453.0,22.0,False,22.0
2024-04-08 16:00:00,42475.0,22.0,False,22.0
2024-04-08 17:00:00,42497.0,22.0,False,22.0
2024-04-08 18:00:00,42519.0,22.0,False,22.0
2024-04-08 19:00:00,42536.0,17.0,False,17.0
2024-04-08 20:00:00,42558.0,22.0,False,22.0
2024-04-08 21:00:00,42580.0,22.0,False,22.0
2024-04-08 22:00:00,42599.0,19.0,False,19.0
2024-04-08 23:00:00,42608.0,9.0,False,9.0
2024-04-09 00:00:00,42614.0,6.0,False,6.0
2024-04-09 01:00:00,42620.0,6.0,False,6.0
2024-04-09 02:00:00,42625.0,5.0,False,5.0
2024-04-09 03:00:00,42631.0,6.0,False,6.0
2024-04-09 04:00:00,42637.0,6.0,False,6.0
2024-04-09 05:00:00,42642.0,5.0,False,5.0
2024-04-09 06:00:00,42648.0,6.0,False,6.0
2024-04-09 07:00:00,42654.0,6.0,False,6.0
2024-04-09 08:00:00,42666.0,12.0,False,12.0
2024-04-09 09:00:00,42689.0,23.0,False,23.0
2024-04-09 10:00:00,42714.0,25.0,False,25.0
2024-04-09 11:00:00,42739.0,25.0,False,25.0
2024-04-09 12:00:00,42761.0,22.0,False,22.0
2024-04-09 13:00:00,42779.0,18.0,False,18.0
2024-04-09 14:00:00,42796.0,17.0,False,17.0
2024-04-09 15:00:00,42823.0,27.0,False,27.0
2024-04-09 16:00:00,42850.0,27.0,False,27.0
2024-04-09 17:00:00,42876.0,26.0,False,26.0
2024-04-09 18:00:00,42900.0,24.0,False,24.0
2024-04-09 19:00:00,42919.0,19.0,False,19.0
2024-04-09 20:00:00,42940.0,21.0,False,21.0
2024-04-09 21:00:00,42961.0,21.0,False,21.0
2024-04-09 22:00:00,42977.0,16.0,False,16.0
2024-04-09 23:00:00,42985.0,8.0,False,8.0
2024-04-10 00:00:00,42991.0,6.0,False,6.0
2024-04-10 01:00:00,42997.0,6.0,False,6.0
2024-04-10 02:00:00,43002.0,5.0,False,5.0
2024-04-10 03:00:00,43008.0,6.0,False,6.0
2024-04-10 04:00:00,43014.0,6.0,False,6.0
2024-04-10 05:00:00,43019.0,5.0,False,5.0
2024-04-10 06:00:00,43025.0,6.0,False,6.0
2024-04-10 07:00:00,43033.0,8.0,False,8.0
2024-04-10 08:00:00,43044.0,11.0,False,11.0
2024-04-10 09:00:00,43065.0,21.0,False,21.0
2024-04-10 10:00:00,43087.0,22.0,False,22.0
2024-04-10 11:00:00,43111.0,24.0,False,24.0
2024-04-10 12:00:00,43136.0,25.0,False,25.0
2024-04-10 13:00:00,43152.0,16.0,False,16.0
2024-04-10 14:00:00,43169.0,17.0,False,17.0
2024-04-10 15:00:00,43192.0,23.0,False,23.0
2024-04-10 16:00:00,43215.0,23.0,False,23.0
2024-04-10 17:00:00,43236.0,21.0,False,21.0
2024-04-10 18:00:00,43257.0,21.0,False,21.0
2024-04-10 19:00:00,43275.0,18.0,False,18.0
2024-04-10 20:00:00,43296.0,21.0,False,21.0
2024-04-10 21:00:00,43320.0,24.0,False,24.0
2024-04-10 22:00:00,43340.0,20.0,False,20.0
2024-04-10 23:00:00,43348.0,8.0,False,8.0
2024-04-11 00:00:00,43353.0,5.0,False,5.0
2024-04-11 01:00:00,43359.0,6.0,False,6.0
2024-04-11 02:00:00,43364.0,5.0,False,5.0
2024-04-11 03:00:00,43370.0,6.0,False,6.0
2024-04-11 04:00:00,43376.0,6.0,False,6.0
2024-04-11 05:00:00,43381.0,5.0,False,5.0
2024-04-11 06:00:00,43387.0,6.0,False,6.0
2024-04-11 07:00:00,43392.0,5.0,False,5.0
2024-04-11 08:00:00,43406.0,14.0,False,14.0
2024-04-11 09:00:00,43423.0,17.0,False,17.0
2024-04-11 10:00:00,43442.0,19.0,False,19.0
2024-04-11 11:00:00,43464.0,22.0,False,22.0
2024-04-11 12:00:00,43485.0,21.0,False,21.0
2024-04-11 13:00:00,43501.0,16.0,False,16.0
2024-04-11 14:00:00,43518.0,17.0,False,17.0
2024-04-11 15:00:00,43541.0,23.0,False,23.0
2024-04-11 16:00:00,43565.0,24.0,False,24.0
2024-04-11 17:00:00,43588.0,23.0,False,23.0
2024-04-11 18:00:00,43610.0,22.0,False,22.0
2024-04-11 19:00:00,43629.0,19.0,False,19.0
2024-04-11 20:00:00,43651.0,22.0,False,22.0
2024-04-11 21:00:00,43674.0,23.0,False,23.0
2024-04-11 22:00:00,43693.0,19.0,False,19.0
2024-04-11 23:00:00,43702.0,9.0,False,9.0
2024-04-12 00:00:00,43708.0,6.0,False,6.0
2024-04-12 01:00:00,43713.0,5.0,False,5.0
2024-04-12 02:00:00,43719.0,6.0,False,6.0
2024-04-12 03:00:00,43725.0,6.0,False,6.0
2024-04-12 04:00:00,43730.0,5.0,False,5.0
2024-04-12 05:00:00,43736.0,6.0,False,6.0
2024-04-12 06:00:00,43742.0,6.0,False,6.0
2024-04-12 07:00:00,43750.0,8.0,False,8.0
2024-04-12 08:00:00,43761.0,11.0,False,11.0
2024-04-12 09:00:00,43783.0,22.0,False,22.0
2024-04-12 10:00:00,43807.0,24.0,False,24.0
2024-04-12 11:00:00,43833.0,26.0,False,26.0
2024-04-12 12:00:00,43857.0,24.0,False,24.0
2024-04-12 13:00:00,43877.0,20.0,False,20.0
2024-04-12 14:00:00,43898.0,21.0,False,21.0
2024-04-12 15:00:00,43919.0,21.0,False,21.0
2024-04-12 16:00:00,43942.0,23.0,False,23.0
2024-04-12 17:00:00,43963.0,21.0,False,21.0
2024-04-12 18:00:00,43983.0,20.0,False,20.0
2024-04-12 19:00:00,43999.0,16.0,False,16.0
2024-04-12 20:00:00,44017.0,18.0,False,18.0
2024-04-12 21:00:00,44036.0,19.0,False,19.0
2024-04-12 22:00:00,44051.0,15.0,False,15.0
2024-04-12 23:00:00,44059.0,8.0,False,8.0
2024-04-13 00:00:00,44065.0,6.0,False,6.0
2024-04-13 01:00:00,44070.0,5.0,False,5.0
2024-04-13 02:00:00,44076.0,6.0,False,6.0
2024-04-13 03:00:00,44082.0,6.0,False,6.0
2024-04-13 04:00:00,44088.0,6.0,False,6.0
2024-04-13 05:00:00,44094.0,6.0,False,6.0
2024-04-13 06:00:00,44099.0,5.0,False,5.0
2024-04-13 07:00:00,44105.0,6.0,False,6.0
2024-04-13 08:00:00,44111.0,6.0,False,6.0
2024-04-13 09:00:00,44117.0,6.0,False,6.0
2024-04-13 10:00:00,44124.0,7.0,False,7.0
2024-04-13 11:00:00,44133.0,9.0,False,9.0
2024-04-13 12:00:00,44143.0,10.0,False,10.0
2024-04-13 13:00:00,44154.0,11.0,False,11.0
2024-04-13 14:00:00,44166.0,12.0,False,12.0
2024-04-13 15:00:00,44181.0,15.0,False,15.0
2024-04-13 16:00:00,44197.0,16.0,False,16.0
2024-04-13 17:00:00,44213.0,16.0,False,16.0
2024-04-13 18:00:00,44231.0,18.0,False,18.0
2024-04-13 19:00:00,44248.0,17.0,False,17.0
2024-04-13 20:00:00,44265.0,17.0,False,17.0
2024-04-13 21:00:00,44285.0,20.0,False,20.0
2024-04-13 22:00:00,44299.0,14.0,False,14.0
2024-04-13 23:00:00,44307.0,8.0,False,8.0
2024-04-14 00:00:00,44313.0,6.0,False,6.0
2024-04-14 01:00:00,44319.0,6.0,False,6.0
2024-04-14 02:00:00,44324.0,5.0,False,5.0
2024-04-14 03:00:00,44330.0,6.0,False,6.0
2024-04-14 04:00:00,44336.0,6.0,False,6.0
2024-04-14 05:00:00,44341.0,5.0,False,5.0
2024-04-14 06:00:00,44347.0,6.0,False,6.0
2024-04-14 07:00:00,44353.0,6.0,False,6.0
2024-04-14 08:00:00,44359.0,6.0,False,6.0
2024-04-14 09:00:00,44365.0,6.0,False,6.0
2024-04-14 10:00:00,44373.0,8.0,False,8.0
2024-04-14 11:00:00,44384.0,11.0,False,11.0
2024-04-14 12:00:00,44426.0,42.0,True,19.86
2024-04-14 13:00:00,44492.0,66.0,True,15.86
2024-04-14 14:00:00,44559.0,67.0,True,16.71
2024-04-14 15:00:00,44615.0,56.0,True,21.29
2024-04-14 16:00:00,44629.0,14.0,False,14.0
2024-04-14 17:00:00,44644.0,15.0,False,15.0
2024-04-14 18:00:00,44660.0,16.0,False,16.0
2024-04-14 19:00:00,44675.0,15.0,False,15.0
2024-04-14 20:00:00,44692.0,17.0,False,17.0
2024-04-14 21:00:00,44709.0,17.0,False,17.0
2024-04-14 22:00:00,44723.0,14.0,False,14.0
2024-04-14 23:00:00,44730.0,7.0,False,7.0
2024-04-15 00:00:00,44736.0,6.0,False,6.0
2024-04-15 01:00:00,44742.0,6.0,False,6.0
2024-04-15 02:00:00,44747.0,5.0,False,5.0
2024-04-15 03:00:00,44753.0,6.0,False,6.0
2024-04-15 04:00:00,44759.0,6.0,False,6.0
2024-04-15 05:00:00,44765.0,6.0,False,6.0
2024-04-15 06:00:00,44770.0,5.0,False,5.0
2024-04-15 07:00:00,44778.0,8.0,False,8.0
2024-04-15 08:00:00,44790.0,12.0,False,12.0
2024-04-15 09:00:00,44810.0,20.0,False,20.0
2024-04-15 10:00:00,44831.0,21.0,False,21.0
2024-04-15 11:00:00,44857.0,26.0,False,26.0
2024-04-15 12:00:00,44882.0,25.0,False,25.0
2024-04-15 13:00:00,44899.0,17.0,False,17.0
2024-04-15 14:00:00,44917.0,18.0,False,18.0
2024-04-15 15:00:00,44941.0,24.0,False,24.0
2024-04-15 16:00:00,44966.0,25.0,False,25.0
2024-04-15 17:00:00,44991.0,25.0,False,25.0
2024-04-15 18:00:00,45014.0,23.0,False,23.0
2024-04-15 19:00:00,45034.0,20.0,False,20.0
2024-04-15 20:00:00,45055.0,21.0,False,21.0
2024-04-15 21:00:00,45078.0,23.0,False,23.0
2024-04-15 22:00:00,45097.0,19.0,False,19.0
2024-04-15 23:00:00,45106.0,9.0,False,9.0
2024-04-16 00:00:00,45112.0,6.0,False,6.0
2024-04-16 01:00:00,45118.0,6.0,False,6.0
2024-04-16 02:00:00,45123.0,5.0,False,5.0
2024-04-16 03:00:00,45129.0,6.0,False,6.0
2024-04-16 04:00:00,45135.0,6.0,False,6.0
2024-04-16 05:00:00,45141.0,6.0,False,6.0
2024-04-16 06:00:00,45147.0,6.0,False,6.0
2024-04-16 07:00:00,45154.0,7.0,False,7.0
2024-04-16 08:00:00,45168.0,14.0,False,14.0
2024-04-16 09:00:00,45189.0,21.0,False,21.0
2024-04-16 10:00:00,45213.0,24.0,False,24.0
2024-04-16 11:00:00,45237.0,24.0,False,24.0
2024-04-16 12:00:00,45260.0,23.0,False,23.0
2024-04-16 13:00:00,45278.0,18.0,False,18.0
2024-04-16 14:00:00,45297.0,19.0,False,19.0
2024-04-16 15:00:00,45321.0,24.0,False,24.0
2024-04-16 16:00:00,45348.0,27.0,False,27.0
2024-04-16 17:00:00,45375.0,27.0,False,27.0
2024-04-16 18:00:00,45400.0,25.0,False,25.0
2024-04-16 19:00:00,45422.0,22.0,False,22.0
2024-04-16 20:00:00,45444.0,22.0,False,22.0
2024-04-16 21:00:00,45466.0,22.0,False,22.0
2024-04-16 22:00:00,45484.0,18.0,False,18.0
2024-04-16 23:00:00,45495.0,11.0,False,11.0
2024-04-17 00:00:00,45500.0,5.0,False,5.0
2024-04-17 01:00:00,45506.0,6.0,False,6.0
2024-04-17 02:00:00,45512.0,6.0,False,6.0
2024-04-17 03:00:00,45518.0,6.0,False,6.0
2024-04-17 04:00:00,45524.0,6.0,False,6.0
2024-04-17 05:00:00,45530.0,6.0,False,6.0
2024-04-17 06:00:00,45536.0,6.0,False,6.0
2024-04-17 07:00:00,45544.0,8.0,False,8.0
2024-04-17 08:00:00,45555.0,11.0,False,11.0
2024-04-17 09:00:00,45577.0,22.0,False,22.0
2024-04-17 10:00:00,45600.0,23.0,False,23.0
2024-04-17 11:00:00,45625.0,25.0,False,25.0
2024-04-17 12:00:00,45649.0,24.0,False,24.0
2024-04-17 13:00:00,45668.0,19.0,False,19.0
2024-04-17 14:00:00,45685.0,17.0,False,17.0
2024-04-17 15:00:00,45708.0,23.0,False,23.0
2024-04-17 16:00:00,45731.0,23.0,False,23.0
2024-04-17 17:00:00,45753.0,22.0,False,22.0
2024-04-17 18:00:00,45775.0,22.0,False,22.0
2024-04-17 19:00:00,45795.0,20.0,False,20.0
2024-04-17 20:00:00,45818.0,23.0,False,23.0
2024-04-17 21:00:00,45842.0,24.0,False,24.0
2024-04-17 22:00:00,45863.0,21.0,False,21.0
2024-04-17 23:00:00,45874.0,11.0,False,11.0
2024-04-18 00:00:00,45881.0,7.0,False,7.0
2024-04-18 01:00:00,45887.0,6.0,False,6.0
2024-04-18 02:00:00,45893.0,6.0,False,6.0
2024-04-18 03:00:00,45899.0,6.0,False,6.0
2024-04-18 04:00:00,45905.0,6.0,False,6.0
2024-04-18 05:00:00,45911.0,6.0,False,6.0
2024-04-18 06:00:00,45917.0,6.0,False,6.0
2024-04-18 07:00:00,45925.0,8.0,False,8.0
2024-04-18 08:00:00,45936.0,11.0,False,11.0
2024-04-18 09:00:00,45955.0,19.0,False,19.0
2024-04-18 10:00:00,45975.0,20.0,False,20.0
2024-04-18 11:00:00,45998.0,23.0,False,23.0
2024-04-18 12:00:00,46021.0,23.0,False,23.0
2024-04-18 13:00:00,46036.0,15.0,False,15.0
2024-04-18 14:00:00,46051.0,15.0,False,15.0
2024-04-18 15:00:00,46073.0,22.0,False,22.0
2024-04-18 16:00:00,46094.0,21.0,False,21.0
2024-04-18 17:00:00,46117.0,23.0,False,23.0
2024-04-18 18:00:00,46139.0,22.0,False,22.0
2024-04-18 19:00:00,46159.0,20.0,False,20.0
2024-04-18 20:00:00,46181.0,22.0,False,22.0
2024-04-18 21:00:00,46203.0,22.0,False,22.0
2024-04-18 22:00:00,46223.0,20.0,False,20.0
2024-04-18 23:00:00,46232.0,9.0,False,9.0
2024-04-19 00:00:00,46238.0,6.0,False,6.0
2024-04-19 01:00:00,46244.0,6.0,False,6.0
2024-04-19 02:00:00,46250.0,6.0,False,6.0
2024-04-19 03:00:00,46256.0,6.0,False,6.0
2024-04-19 04:00:00,46262.0,6.0,False,6.0
2024-04-19 05:00:00,46268.0,6.0,False,6.0
2024-04-19 06:00:00,46274.0,6.0,False,6.0
2024-04-19 07:00:00,46283.0,9.0,False,9.0
2024-04-19 08:00:00,46294.0,11.0,False,11.0
2024-04-19 09:00:00,46311.0,17.0,False,17.0
2024-04-19 10:00:00,46329.0,18.0,False,18.0
2024-04-19 11:00:00,46349.0,20.0,False,20.0
2024-04-19 12:00:00,46369.0,20.0,False,20.0
2024-04-19 13:00:00,46384.0,15.0,False,15.0
2024-04-19 14:00:00,46400.0,16.0,False,16.0
2024-04-19 15:00:00,46417.0,17.0,False,17.0
2024-04-19 16:00:00,46436.0,19.0,False,19.0
2024-04-19 17:00:00,46456.0,20.0,False,20.0
2024-04-19 18:00:00,46477.0,21.0,False,21.0
2024-04-19 19:00:00,46495.0,18.0,False,18.0
2024-04-19 20:00:00,46514.0,19.0,False,19.0
2024-04-19 21:00:00,46535.0,21.0,False,21.0
2024-04-19 22:00:00,46551.0,16.0,False,16.0
2024-04-19 23:00:00,46559.0,8.0,False,8.0
2024-04-20 00:00:00,46565.0,6.0,False,6.0
2024-04-20 01:00:00,46570.0,5.0,False,5.0
2024-04-20 02:00:00,46576.0,6.0,False,6.0
2024-04-20 03:00:00,46582.0,6.0,False,6.0
2024-04-20 04:00:00,46588.0,6.0,False,6.0
2024-04-20 05:00:00,46593.0,5.0,False,5.0
2024-04-20 06:00:00,46599.0,6.0,False,6.0
2024-04-20 07:00:00,46605.0,6.0,False,6.0
2024-04-20 08:00:00,46610.0,5.0,False,5.0
2024-04-20 09:00:00,46618.0,8.0,False,8.0
2024-04-20 10:00:00,46627.0,9.0,False,9.0
2024-04-20 11:00:00,46637.0,10.0,False,10.0
2024-04-20 12:00:00,46648.0,11.0,False,11.0
2024-04-20 13:00:00,46661.0,13.0,False,13.0
2024-04-20 14:00:00,46675.0,14.0,False,14.0
2024-04-20 15:00:00,46690.0,15.0,False,15.0
2024-04-20 16:00:00,46708.0,18.0,False,18.0
2024-04-20 17:00:00,46726.0,18.0,False,18.0
2024-04-20 18:00:00,46744.0,18.0,False,18.0
2024-04-20 19:00:00,46761.0,17.0,False,17.0
2024-04-20 20:00:00,46780.0,19.0,False,19.0
2024-04-20 21:00:00,46799.0,19.0,False,19.0
2024-04-20 22:00:00,46816.0,17.0,False,17.0
2024-04-20 23:00:00,46825.0,9.0,False,9.0
2024-04-21 00:00:00,46831.0,6.0,False,6.0
2024-04-21 01:00:00,46836.0,5.0,False,5.0
2024-04-21 02:00:00,46842.0,6.0,False,6.0
2024-04-21 03:00:00,46848.0,6.0,False,6.0
2024-04-21 04:00:00,46854.0,6.0,False,6.0
2024-04-21 05:00:00,46860.0,6.0,False,6.0
2024-04-21 06:00:00,46865.0,5.0,False,5.0
2024-04-21 07:00:00,46871.0,6.0,False,6.0
2024-04-21 08:00:00,46877.0,6.0,False,6.0
2024-04-21 09:00:00,46890.0,13.0,False,13.0
2024-04-21 10:00:00,46909.0,19.0,False,19.0
2024-04-21 11:00:00,46927.0,18.0,False,18.0
2024-04-21 12:00:00,46941.0,14.0,False,14.0
2024-04-21 13:00:00,46952.0,11.0,False,11.0
2024-04-21 14:00:00,46965.0,13.0,False,13.0
2024-04-21 15:00:00,46981.0,16.0,False,16.0
2024-04-21 16:00:00,46997.0,16.0,False,16.0
2024-04-21 17:00:00,47014.0,17.0,False,17.0
2024-04-21 18:00:00,47031.0,17.0,False,17.0
2024-04-21 19:00:00,47049.0,18.0,False,18.0
2024-04-21 20:00:00,47068.0,19.0,False,19.0
2024-04-21 21:00:00,47085.0,17.0,False,17.0
2024-04-21 22:00:00,47102.0,17.0,False,17.0
2024-04-21 23:00:00,47110.0,8.0,False,8.0
2024-04-22 00:00:00,47116.0,6.0,False,6.0
2024-04-22 01:00:00,47122.0,6.0,False,6.0
2024-04-22 02:00:00,47128.0,6.0,False,6.0
2024-04-22 03:00:00,47134.0,6.0,False,6.0
2024-04-22 04:00:00,47139.0,5.0,False,5.0
2024-04-22 05:00:00,47145.0,6.0,False,6.0
2024-04-22 06:00:00,47151.0,6.0,False,6.0
2024-04-22 07:00:00,47160.0,9.0,False,9.0
2024-04-22 08:00:00,47171.0,11.0,False,11.0
2024-04-22 09:00:00,47190.0,19.0,False,19.0
2024-04-22 10:00:00,47209.0,19.0,False,19.0
2024-04-22 11:00:00,47231.0,22.0,False,22.0
2024-04-22 12:00:00,47253.0,22.0,False,22.0
2024-04-22 13:00:00,47269.0,16.0,False,16.0
2024-04-22 14:00:00,47287.0,18.0,False,18.0
2024-04-22 15:00:00,47311.0,24.0,False,24.0
2024-04-22 16:00:00,47334.0,23.0,False,23.0
2024-04-22 17:00:00,47357.0,23.0,False,23.0
2024-04-22 18:00:00,47381.0,24.0,False,24.0
2024-04-22 19:00:00,47401.0,20.0,False,20.0
2024-04-22 20:00:00,47424.0,23.0,False,23.0
2024-04-22 21:00:00,47448.0,24.0,False,24.0
2024-04-22 22:00:00,47471.0,23.0,False,23.0
2024-04-22 23:00:00,47482.0,11.0,False,11.0
2024-04-23 00:00:00,47488.0,6.0,False,6.0
2024-04-23 01:00:00,47493.0,5.0,False,5.0
2024-04-23 02:00:00,47499.0,6.0,False,6.0
2024-04-23 03:00:00,47505.0,6.0,False,6.0
2024-04-23 04:00:00,47510.0,5.0,False,5.0
2024-04-23 05:00:00,47516.0,6.0,False,6.0
2024-04-23 06:00:00,47522.0,6.0,False,6.0
2024-04-23 07:00:00,47530.0,8.0,False,8.0
2024-04-23 08:00:00,47542.0,12.0,False,12.0
2024-04-23 09:00:00,47563.0,21.0,False,21.0
2024-04-23 10:00:00,47584.0,21.0,False,21.0
2024-04-23 11:00:00,47607.0,23.0,False,23.0
2024-04-23 12:00:00,47629.0,22.0,False,22.0
2024-04-23 13:00:00,47647.0,18.0,False,18.0
2024-04-23 14:00:00,47668.0,21.0,False,21.0
2024-04-23 15:00:00,47694.0,26.0,False,26.0
2024-04-23 16:00:00,47720.0,26.0,False,26.0
2024-04-23 17:00:00,47745.0,25.0,False,25.0
2024-04-23 18:00:00,47769.0,24.0,False,24.0
2024-04-23 19:00:00,47790.0,21.0,False,21.0
2024-04-23 20:00:00,47812.0,22.0,False,22.0
2024-04-23 21:00:00,47834.0,22.0,False,22.0
2024-04-23 22:00:00,47852.0,18.0,False,18.0
2024-04-23 23:00:00,47860.0,8.0,False,8.0
2024-04-24 00:00:00,47866.0,6.0,False,6.0
2024-04-24 01:00:00,47872.0,6.0,False,6.0
2024-04-24 02:00:00,47878.0,6.0,False,6.0
2024-04-24 03:00:00,47884.0,6.0,False,6.0
2024-04-24 04:00:00,47889.0,5.0,False,5.0
2024-04-24 05:00:00,47895.0,6.0,False,6.0
2024-04-24 06:00:00,47901.0,6.0,False,6.0
2024-04-24 07:00:00,47909.0,8.0,False,8.0
2024-04-24 08:00:00,47921.0,12.0,False,12.0
2024-04-24 09:00:00,47941.0,20.0,False,20.0
2024-04-24 10:00:00,47962.0,21.0,False,21.0
2024-04-24 11:00:00,47986.0,24.0,False,24.0
2024-04-24 12:00:00,48010.0,24.0,False,24.0
2024-04-24 13:00:00,48027.0,17.0,False,17.0
2024-04-24 14:00:00,48046.0,19.0,False,19.0
2024-04-24 15:00:00,48070.0,24.0,False,24.0
2024-04-24 16:00:00,48095.0,25.0,False,25.0
2024-04-24 17:00:00,48119.0,24.0,False,24.0
2024-04-24 18:00:00,48142.0,23.0,False,23.0
2024-04-24 19:00:00,48163.0,21.0,False,21.0
2024-04-24 20:00:00,48185.0,22.0,False,22.0
2024-04-24 21:00:00,48208.0,23.0,False,23.0
2024-04-24 22:00:00,48230.0,22.0,False,22.0
2024-04-24 23:00:00,48240.0,10.0,False,10.0
2024-04-25 00:00:00,48246.0,6.0,False,6.0
2024-04-25 01:00:00,48252.0,6.0,False,6.0
2024-04-25 02:00:00,48258.0,6.0,False,6.0
2024-04-25 03:00:00,48263.0,5.0,False,5.0
2024-04-25 04:00:00,48269.0,6.0,False,6.0
2024-04-25 05:00:00,48275.0,6.0,False,6.0
2024-04-25 06:00:00,48281.0,6.0,False,6.0
2024-04-25 07:00:00,48289.0,8.0,False,8.0
2024-04-25 08:00:00,48299.0,10.0,False,10.0
2024-04-25 09:00:00,48315.0,16.0,False,16.0
2024-04-25 10:00:00,48332.0,17.0,False,17.0
2024-04-25 11:00:00,48354.0,22.0,False,22.0
2024-04-25 12:00:00,48375.0,21.0,False,21.0
2024-04-25 13:00:00,48391.0,16.0,False,16.0
2024-04-25 14:00:00,48407.0,16.0,False,16.0
2024-04-25 15:00:00,48427.0,20.0,False,20.0
2024-04-25 16:00:00,48449.0,22.0,False,22.0
2024-04-25 17:00:00,48473.0,24.0,False,24.0
2024-04-25 18:00:00,48496.0,23.0,False,23.0
2024-04-25 19:00:00,48517.0,21.0,False,21.0
2024-04-25 20:00:00,48539.0,22.0,False,22.0
2024-04-25 21:00:00,48563.0,24.0,False,24.0
2024-04-25 22:00:00,48583.0,20.0,False,20.0
2024-04-25 23:00:00,48592.0,9.0,False,9.0
2024-04-26 00:00:00,48598.0,6.0,False,6.0
2024-04-26 01:00:00,48604.0,6.0,False,6.0
2024-04-26 02:00:00,48610.0,6.0,False,6.0
2024-04-26 03:00:00,48615.0,5.0,False,5.0
2024-04-26 04:00:00,48621.0,6.0,False,6.0
2024-04-26 05:00:00,48627.0,6.0,False,6.0
2024-04-26 06:00:00,48633.0,6.0,False,6.0
2024-04-26 07:00:00,48640.0,7.0,False,7.0
2024-04-26 08:00:00,48651.0,11.0,False,11.0
2024-04-26 09:00:00,48668.0,17.0,False,17.0
2024-04-26 10:00:00,48686.0,18.0,False,18.0
2024-04-26 11:00:00,48707.0,21.0,False,21.0
2024-04-26 12:00:00,48727.0,20.0,False,20.0
2024-04-26 13:00:00,48742.0,15.0,False,15.0
2024-04-26 14:00:00,48757.0,15.0,False,15.0
2024-04-26 15:00:00,48775.0,18.0,False,18.0
2024-04-26 16:00:00,48793.0,18.0,False,18.0
2024-04-26 17:00:00,48813.0,20.0,False,20.0
2024-04-26 18:00:00,48831.0,18.0,False,18.0
2024-04-26 19:00:00,48848.0,17.0,False,17.0
2024-04-26 20:00:00,48865.0,17.0,False,17.0
2024-04-26 21:00:00,48882.0,17.0,False,17.0
2024-04-26 22:00:00,48899.0,17.0,False,17.0
2024-04-26 23:00:00,48908.0,9.0,False,9.0
2024-04-27 00:00:00,48913.0,5.0,False,5.0
2024-04-27 01:00:00,48919.0,6.0,False,6.0
2024-04-27 02:00:00,48925.0,6.0,False,6.0
2024-04-27 03:00:00,48931.0,6.0,False,6.0
2024-04-27 04:00:00,48936.0,5.0,False,5.0
2024-04-27 05:00:00,48942.0,6.0,False,6.0
2024-04-27 06:00:00,48948.0,6.0,False,6.0
2024-04-27 07:00:00,48954.0,6.0,False,6.0
2024-04-27 08:00:00,48960.0,6.0,False,6.0
2024-04-27 09:00:00,48967.0,7.0,False,7.0
2024-04-27 10:00:00,48976.0,9.0,False,9.0
2024-04-27 11:00:00,48988.0,12.0,False,12.0
2024-04-27 12:00:00,48999.0,11.0,False,11.0
2024-04-27 13:00:00,49011.0,12.0,False,12.0
2024-04-27 14:00:00,49023.0,12.0,False,12.0
2024-04-27 15:00:00,49038.0,15.0,False,15.0
2024-04-27 16:00:00,49055.0,17.0,False,17.0
2024-04-27 17:00:00,49073.0,18.0,False,18.0
2024-04-27 18:00:00,49091.0,18.0,False,18.0
2024-04-27 19:00:00,49108.0,17.0,False,17.0
2024-04-27 20:00:00,49125.0,17.0,False,17.0
2024-04-27 21:00:00,49143.0,18.0,False,18.0
2024-04-27 22:00:00,49160.0,17.0,False,17.0
2024-04-27 23:00:00,49168.0,8.0,False,8.0
2024-04-28 00:00:00,49175.0,7.0,False,7.0
2024-04-28 01:00:00,49181.0,6.0,False,6.0
2024-04-28 02:00:00,49187.0,6.0,False,6.0
2024-04-28 03:00:00,49192.0,5.0,False,5.0
2024-04-28 04:00:00,49198.0,6.0,False,6.0
2024-04-28 05:00:00,49204.0,6.0,False,6.0
2024-04-28 06:00:00,49210.0,6.0,False,6.0
2024-04-28 07:00:00,49218.0,8.0,False,8.0
2024-04-28 08:00:00,49229.0,11.0,False,11.0
2024-04-28 09:00:00,49247.0,18.0,False,18.0
2024-04-28 10:00:00,49268.0,21.0,False,21.0
2024-04-28 11:00:00,49289.0,21.0,False,21.0
2024-04-28 12:00:00,49308.0,19.0,False,19.0
2024-04-28 13:00:00,49326.0,18.0,False,18.0
2024-04-28 14:00:00,49344.0,18.0,False,18.0
2024-04-28 15:00:00,49367.0,23.0,False,23.0
2024-04-28 16:00:00,49391.0,24.0,False,24.0
2024-04-28 17:00:00,49414.0,23.0,False,23.0
2024-04-28 18:00:00,49438.0,24.0,False,24.0
2024-04-28 19:00:00,49459.0,21.0,False,21.0
2024-04-28 20:00:00,49480.0,21.0,False,21.0
2024-04-28 21:00:00,49502.0,22.0,False,22.0
2024-04-28 22:00:00,49521.0,19.0,False,19.0
2024-04-28 23:00:00,49531.0,10.0,False,10.0
2024-04-29 00:00:00,49537.0,6.0,False,6.0
2024-04-29 01:00:00,49543.0,6.0,False,6.0
2024-04-29 02:00:00,49548.0,5.0,False,5.0
2024-04-29 03:00:00,49554.0,6.0,False,6.0
2024-04-29 04:00:00,49560.0,6.0,False,6.0
2024-04-29 05:00:00,49565.0,5.0,False,5.0
2024-04-29 06:00:00,49571.0,6.0,False,6.0
2024-04-29 07:00:00,49580.0,9.0,False,9.0
2024-04-29 08:00:00,49590.0,10.0,False,10.0
2024-04-29 09:00:00,49607.0,17.0,False,17.0
2024-04-29 10:00:00,49625.0,18.0,False,18.0
2024-04-29 11:00:00,49647.0,22.0,False,22.0
2024-04-29 12:00:00,49666.0,19.0,False,19.0
2024-04-29 13:00:00,49683.0,17.0,False,17.0
2024-04-29 14:00:00,49700.0,17.0,False,17.0
2024-04-29 15:00:00,49722.0,22.0,False,22.0
2024-04-29 16:00:00,49744.0,22.0,False,22.0
2024-04-29 17:00:00,49768.0,24.0,False,24.0
2024-04-29 18:00:00,49791.0,23.0,False,23.0
2024-04-29 19:00:00,49809.0,18.0,False,18.0
2024-04-29 20:00:00,49829.0,20.0,False,20.0
2024-04-29 21:00:00,49850.0,21.0,False,21.0
2024-04-29 22:00:00,49869.0,19.0,False,19.0
2024-04-29 23:00:00,49878.0,9.0,False,9.0
2024-04-30 00:00:00,49884.0,6.0,False,6.0
2024-04-30 01:00:00,49890.0,6.0,False,6.0
2024-04-30 02:00:00,49896.0,6.0,False,6.0
2024-04-30 03:00:00,49902.0,6.0,False,6.0
2024-04-30 04:00:00,49907.0,5.0,False,5.0
2024-04-30 05:00:00,49913.0,6.0,False,6.0
2024-04-30 06:00:00,49919.0,6.0,False,6.0
2024-04-30 07:00:00,49926.0,7.0,False,7.0
2024-04-30 08:00:00,49937.0,11.0,False,11.0
2024-04-30 09:00:00,49956.0,19.0,False,19.0
2024-04-30 10:00:00,49976.0,20.0,False,20.0
2024-04-30 11:00:00,49996.0,20.0,False,20.0
2024-04-30 12:00:00,50016.0,20.0,False,20.0
2024-04-30 13:00:00,,,False,16.14
2024-04-30 14:00:00,50044.0,,False,16.86
2024-04-30 15:00:00,50062.0,18.0,False,18.0
2024-04-30 16:00:00,50080.0,18.0,False,18.0
2024-04-30 17:00:00,50100.0,20.0,False,20.0
2024-04-30 18:00:00,50116.0,16.0,False,16.0
2024-04-30 19:00:00,50129.0,13.0,False,13.0
2024-04-30 20:00:00,50141.0,12.0,False,12.0
2024-04-30 21:00:00,50152.0,11.0,False,11.0
2024-04-30 22:00:00,50161.0,9.0,False,9.0
2024-04-30 23:00:00,50165.0,4.0,False,4.0
2024-05-01 00:00:00,50168.0,3.0,False,3.0
2024-05-01 01:00:00,50171.0,3.0,False,3.0
2024-05-01 02:00:00,50174.0,3.0,False,3.0
2024-05-01 03:00:00,50177.0,3.0,False,3.0
2024-05-01 04:00:00,50180.0,3.0,False,3.0
2024-05-01 05:00:00,50183.0,3.0,False,3.0
2024-05-01 06:00:00,50185.0,2.0,False,2.0
2024-05-01 07:00:00,50189.0,4.0,False,4.0
2024-05-01 08:00:00,50193.0,4.0,False,4.0
2024-05-01 09:00:00,50196.0,3.0,False,3.0
2024-05-01 10:00:00,50201.0,5.0,False,5.0
2024-05-01 11:00:00,50206.0,5.0,False,5.0
2024-05-01 12:00:00,50211.0,5.0,False,5.0
2024-05-01 13:00:00,50215.0,4.0,False,4.0
2024-05-01 14:00:00,50220.0,5.0,False,5.0
2024-05-01 15:00:00,50225.0,5.0,False,5.0
2024-05-01 16:00:00,50231.0,6.0,False,6.0
2024-05-01 17:00:00,50237.0,6.0,False,6.0
2024-05-01 18:00:00,50244.0,7.0,False,7.0
2024-05-01 19:00:00,50251.0,7.0,False,7.0
2024-05-01 20:00:00,50258.0,7.0,False,7.0
2024-05-01 21:00:00,50265.0,7.0,False,7.0
2024-05-01 22:00:00,50270.0,5.0,False,5.0
2024-05-01 23:00:00,50275.0,5.0,False,5.0
2024-05-02 00:00:00,50278.0,3.0,False,3.0
2024-05-02 01:00:00,50281.0,3.0,False,3.0
2024-05-02 02:00:00,50284.0,3.0,False,3.0
2024-05-02 03:00:00,50287.0,3.0,False,3.0
2024-05-02 04:00:00,50290.0,3.0,False,3.0
2024-05-02 05:00:00,50293.0,3.0,False,3.0
2024-05-02 06:00:00,50296.0,3.0,False,3.0
2024-05-02 07:00:00,50298.0,2.0,False,2.0
2024-05-02 08:00:00,50301.0,3.0,False,3.0
2024-05-02 09:00:00,50304.0,3.0,False,3.0
2024-05-02 10:00:00,50307.0,3.0,False,3.0
2024-05-02 11:00:00,50310.0,3.0,False,3.0
2024-05-02 12:00:00,50313.0,3.0,False,3.0
2024-05-02 13:00:00,50316.0,3.0,False,3.0
2024-05-02 14:00:00,50319.0,3.0,False,3.0
2024-05-02 15:00:00,50324.0,5.0,False,5.0
2024-05-02 16:00:00,50329.0,5.0,False,5.0
2024-05-02 17:00:00,50334.0,5.0,False,5.0
2024-05-02 18:00:00,50340.0,6.0,False,6.0
2024-05-02 19:00:00,50346.0,6.0,False,6.0
2024-05-02 20:00:00,50352.0,6.0,False,6.0
2024-05-02 21:00:00,50358.0,6.0,False,6.0
2024-05-02 22:00:00,50365.0,7.0,False,7.0
2024-05-02 23:00:00,50369.0,4.0,False,4.0
2024-05-03 00:00:00,50372.0,3.0,False,3.0
2024-05-03 01:00:00,50375.0,3.0,False,3.0
2024-05-03 02:00:00,50378.0,3.0,False,3.0
2024-05-03 03:00:00,50381.0,3.0,False,3.0
2024-05-03 04:00:00,50384.0,3.0,False,3.0
2024-05-03 05:00:00,50387.0,3.0,False,3.0
2024-05-03 06:00:00,50389.0,2.0,False,2.0
2024-05-03 07:00:00,50392.0,3.0,False,3.0
2024-05-03 08:00:00,50396.0,4.0,False,4.0
2024-05-03 09:00:00,50399.0,3.0,False,3.0
2024-05-03 10:00:00,50403.0,4.0,False,4.0
2024-05-03 11:00:00,50407.0,4.0,False,4.0
2024-05-03 12:00:00,50412.0,5.0,False,5.0
2024-05-03 13:00:00,50417.0,5.0,False,5.0
2024-05-03 14:00:00,50424.0,7.0,False,7.0
2024-05-03 15:00:00,50429.0,5.0,False,5.0
2024-05-03 16:00:00,50434.0,5.0,False,5.0
2024-05-03 17:00:00,50439.0,5.0,False,5.0
2024-05-03 18:00:00,50444.0,5.0,False,5.0
2024-05-03 19:00:00,50449.0,5.0,False,5.0
2024-05-03 20:00:00,50454.0,5.0,False,5.0
2024-05-03 21:00:00,50459.0,5.0,False,5.0
2024-05-03 22:00:00,50463.0,4.0,False,4.0
2024-05-03 23:00:00,50467.0,4.0,False,4.0
2024-05-04 00:00:00,50470.0,3.0,False,3.0
2024-05-04 01:00:00,50473.0,3.0,False,3.0
2024-05-04 02:00:00,50476.0,3.0,False,3.0
2024-05-04 03:00:00,50479.0,3.0,False,3.0
2024-05-04 04:00:00,50482.0,3.0,False,3.0
2024-05-04 05:00:00,50485.0,3.0,False,3.0
2024-05-04 06:00:00,50488.0,3.0,False,3.0
2024-05-04 07:00:00,50491.0,3.0,False,3.0
2024-05-04 08:00:00,50494.0,3.0,False,3.0
2024-05-04 09:00:00,50497.0,3.0,False,3.0
2024-05-04 10:00:00,50500.0,3.0,False,3.0
2024-05-04 11:00:00,50503.0,3.0,False,3.0
2024-05-04 12:00:00,50507.0,4.0,False,4.0
2024-05-04 13:00:00,50511.0,4.0,False,4.0
2024-05-04 14:00:00,50515.0,4.0,False,4.0
2024-05-04 15:00:00,50520.0,5.0,False,5.0
2024-05-04 16:00:00,50526.0,6.0,False,6.0
2024-05-04 17:00:00,50532.0,6.0,False,6.0
2024-05-04 18:00:00,50539.0,7.0,False,7.0
2024-05-04 19:00:00,50544.0,5.0,False,5.0
2024-05-04 20:00:00,50551.0,7.0,False,7.0
2024-05-04 21:00:00,50558.0,7.0,False,7.0
2024-05-04 22:00:00,50563.0,5.0,False,5.0
2024-05-04 23:00:00,50567.0,4.0,False,4.0
2024-05-05 00:00:00,50570.0,3.0,False,3.0
2024-05-05 01:00:00,50573.0,3.0,False,3.0
2024-05-05 02:00:00,50576.0,3.0,False,3.0
2024-05-05 03:00:00,50579.0,3.0,False,3.0
2024-05-05 04:00:00,50582.0,3.0,False,3.0
2024-05-05 05:00:00,50585.0,3.0,False,3.0
2024-05-05 06:00:00,50588.0,3.0,False,3.0
2024-05-05 07:00:00,50591.0,3.0,False,3.0
2024-05-05 08:00:00,50594.0,3.0,False,3.0
2024-05-05 09:00:00,50597.0,3.0,False,3.0
2024-05-05 10:00:00,50601.0,4.0,False,4.0
2024-05-05 11:00:00,50605.0,4.0,False,4.0
2024-05-05 12:00:00,50610.0,5.0,False,5.0
2024-05-05 13:00:00,50616.0,6.0,False,6.0
2024-05-05 14:00:00,50621.0,5.0,False,5.0
2024-05-05 15:00:00,50629.0,8.0,False,8.0
2024-05-05 16:00:00,50638.0,9.0,False,9.0
2024-05-05 17:00:00,50648.0,10.0,False,10.0
2024-05-05 18:00:00,50659.0,11.0,False,11.0
2024-05-05 19:00:00,50669.0,10.0,False,10.0
2024-05-05 20:00:00,50680.0,11.0,False,11.0
2024-05-05 21:00:00,50691.0,11.0,False,11.0
2024-05-05 22:00:00,50702.0,11.0,False,11.0
2024-05-05 23:00:00,50709.0,7.0,False,7.0
2024-05-06 00:00:00,50714.0,5.0,False,5.0
2024-05-06 01:00:00,50719.0,5.0,False,5.0
2024-05-06 02:00:00,50725.0,6.0,False,6.0
2024-05-06 03:00:00,50730.0,5.0,False,5.0
2024-05-06 04:00:00,50736.0,6.0,False,6.0
2024-05-06 05:00:00,50741.0,5.0,False,5.0
2024-05-06 06:00:00,50747.0,6.0,False,6.0
2024-05-06 07:00:00,50755.0,8.0,False,8.0
2024-05-06 08:00:00,50766.0,11.0,False,11.0
2024-05-06 09:00:00,50782.0,16.0,True,7.29
2024-05-06 10:00:00,50799.0,17.0,True,8.14
2024-05-06 11:00:00,50816.0,17.0,True,8.71
2024-05-06 12:00:00,50832.0,16.0,True,8.71
2024-05-06 13:00:00,50846.0,14.0,False,14.0
2024-05-06 14:00:00,50860.0,14.0,False,14.0
2024-05-06 15:00:00,50883.0,23.0,True,9.71
2024-05-06 16:00:00,50907.0,24.0,True,10.14
2024-05-06 17:00:00,50931.0,24.0,True,10.86
2024-05-06 18:00:00,50955.0,24.0,True,10.71
2024-05-06 19:00:00,50975.0,20.0,True,9.14
2024-05-06 20:00:00,50997.0,22.0,True,9.71
2024-05-06 21:00:00,51019.0,22.0,True,9.71
2024-05-06 22:00:00,51040.0,21.0,True,8.57
2024-05-06 23:00:00,51050.0,10.0,False,10.0
2024-05-07 00:00:00,51056.0,6.0,False,6.0
2024-05-07 01:00:00,51061.0,5.0,False,5.0
2024-05-07 02:00:00,51067.0,6.0,False,6.0
2024-05-07 03:00:00,51073.0,6.0,False,6.0
2024-05-07 04:00:00,51078.0,5.0,False,5.0
2024-05-07 05:00:00,51084.0,6.0,False,6.0
2024-05-07 06:00:00,51090.0,6.0,False,6.0
2024-05-07 07:00:00,51098.0,8.0,False,8.0
2024-05-07 08:00:00,51109.0,11.0,False,11.0
2024-05-07 09:00:00,51129.0,20.0,False,20.0
2024-05-07 10:00:00,51149.0,20.0,False,20.0
2024-05-07 11:00:00,51172.0,23.0,False,23.0
2024-05-07 12:00:00,51193.0,21.0,False,21.0
2024-05-07 13:00:00,51210.0,17.0,False,17.0
2024-05-07 14:00:00,51227.0,17.0,False,17.0
2024-05-07 15:00:00,51251.0,24.0,False,24.0
2024-05-07 16:00:00,51277.0,26.0,False,26.0
2024-05-07 17:00:00,51304.0,27.0,False,27.0
2024-05-07 18:00:00,51329.0,25.0,False,25.0
2024-05-07 19:00:00,51351.0,22.0,False,22.0
2024-05-07 20:00:00,51371.0,20.0,False,20.0
2024-05-07 21:00:00,51393.0,22.0,False,22.0
2024-05-07 22:00:00,51413.0,20.0,False,20.0
2024-05-07 23:00:00,51422.0,9.0,False,9.0
2024-05-08 00:00:00,51427.0,5.0,False,5.0
2024-05-08 01:00:00,51433.0,6.0,False,6.0
2024-05-08 02:00:00,51438.0,5.0,False,5.0
2024-05-08 03:00:00,51444.0,6.0,False,6.0
2024-05-08 04:00:00,51450.0,6.0,False,6.0
2024-05-08 05:00:00,51455.0,5.0,False,5.0
2024-05-08 06:00:00,51461.0,6.0,False,6.0
2024-05-08 07:00:00,51468.0,7.0,False,7.0
2024-05-08 08:00:00,51480.0,12.0,False,12.0
2024-05-08 09:00:00,51502.0,22.0,False,22.0
2024-05-08 10:00:00,51523.0,21.0,False,21.0
2024-05-08 11:00:00,51549.0,26.0,False,26.0
2024-05-08 12:00:00,51573.0,24.0,False,24.0
2024-05-08 13:00:00,51591.0,18.0,False,18.0
2024-05-08 14:00:00,51609.0,18.0,False,18.0
2024-05-08 15:00:00,51630.0,21.0,False,21.0
2024-05-08 16:00:00,51653.0,23.0,False,23.0
2024-05-08 17:00:00,51680.0,27.0,False,27.0
2024-05-08 18:00:00,51705.0,25.0,False,25.0
2024-05-08 19:00:00,51728.0,23.0,False,23.0
2024-05-08 20:00:00,51749.0,21.0,False,21.0
2024-05-08 21:00:00,51772.0,23.0,False,23.0
2024-05-08 22:00:00,51793.0,21.0,False,21.0
2024-05-08 23:00:00,51805.0,12.0,False,12.0
2024-05-09 00:00:00,51811.0,6.0,False,6.0
2024-05-09 01:00:00,51816.0,5.0,False,5.0
2024-05-09 02:00:00,51822.0,6.0,False,6.0
2024-05-09 03:00:00,51828.0,6.0,False,6.0
2024-05-09 04:00:00,51833.0,5.0,False,5.0
2024-05-09 05:00:00,51839.0,6.0,False,6.0
2024-05-09 06:00:00,51845.0,6.0,False,6.0
2024-05-09 07:00:00,51852.0,7.0,False,7.0
2024-05-09 08:00:00,51862.0,10.0,False,10.0
2024-05-09 09:00:00,51878.0,16.0,False,16.0
2024-05-09 10:00:00,51896.0,18.0,False,18.0
2024-05-09 11:00:00,51917.0,21.0,False,21.0
2024-05-09 12:00:00,51937.0,20.0,False,20.0
2024-05-09 13:00:00,51954.0,17.0,False,17.0
2024-05-09 14:00:00,51970.0,16.0,False,16.0
2024-05-09 15:00:00,51991.0,21.0,False,21.0
2024-05-09 16:00:00,52015.0,24.0,False,24.0
2024-05-09 17:00:00,52041.0,26.0,False,26.0
2024-05-09 18:00:00,52065.0,24.0,False,24.0
2024-05-09 19:00:00,52087.0,22.0,False,22.0
2024-05-09 20:00:00,52108.0,21.0,False,21.0
2024-05-09 21:00:00,52131.0,23.0,False,23.0
2024-05-09 22:00:00,52153.0,22.0,False,22.0
2024-05-09 23:00:00,52162.0,9.0,False,9.0
2024-05-10 00:00:00,52168.0,6.0,False,6.0
2024-05-10 01:00:00,52174.0,6.0,False,6.0
2024-05-10 02:00:00,52180.0,6.0,False,6.0
2024-05-10 03:00:00,52186.0,6.0,False,6.0
2024-05-10 04:00:00,52192.0,6.0,False,6.0
2024-05-10 05:00:00,52197.0,5.0,False,5.0
2024-05-10 06:00:00,52203.0,6.0,False,6.0
2024-05-10 07:00:00,52212.0,9.0,False,9.0
2024-05-10 08:00:00,52225.0,13.0,False,13.0
2024-05-10 09:00:00,52244.0,19.0,False,19.0
2024-05-10 10:00:00,52267.0,23.0,False,23.0
2024-05-10 11:00:00,52294.0,27.0,False,27.0
2024-05-10 12:00:00,52320.0,26.0,False,26.0
2024-05-10 13:00:00,52338.0,18.0,False,18.0
2024-05-10 14:00:00,52355.0,17.0,False,17.0
2024-05-10 15:00:00,52376.0,21.0,False,21.0
2024-05-10 16:00:00,52399.0,23.0,False,23.0
2024-05-10 17:00:00,52423.0,24.0,False,24.0
2024-05-10 18:00:00,52445.0,22.0,False,22.0
2024-05-10 19:00:00,52467.0,22.0,False,22.0
2024-05-10 20:00:00,52490.0,23.0,False,23.0
2024-05-10 21:00:00,52511.0,21.0,False,21.0
2024-05-10 22:00:00,52530.0,19.0,False,19.0
2024-05-10 23:00:00,52540.0,10.0,False,10.0
2024-05-11 00:00:00,52546.0,6.0,False,6.0
2024-05-11 01:00:00,52552.0,6.0,False,6.0
2024-05-11 02:00:00,52558.0,6.0,False,6.0
2024-05-11 03:00:00,52564.0,6.0,False,6.0
2024-05-11 04:00:00,52569.0,5.0,False,5.0
2024-05-11 05:00:00,52575.0,6.0,False,6.0
2024-05-11 06:00:00,52581.0,6.0,False,6.0
2024-05-11 07:00:00,52589.0,8.0,False,8.0
2024-05-11 08:00:00,52598.0,9.0,False,9.0
2024-05-11 09:00:00,52617.0,19.0,False,19.0
2024-05-11 10:00:00,52639.0,22.0,False,22.0
2024-05-11 11:00:00,52663.0,24.0,False,24.0
2024-05-11 12:00:00,52688.0,25.0,False,25.0
2024-05-11 13:00:00,52709.0,21.0,False,21.0
2024-05-11 14:00:00,52730.0,21.0,False,21.0
2024-05-11 15:00:00,52753.0,23.0,False,23.0
2024-05-11 16:00:00,52778.0,25.0,False,25.0
2024-05-11 17:00:00,52802.0,24.0,False,24.0
2024-05-11 18:00:00,52826.0,24.0,False,24.0
2024-05-11 19:00:00,52847.0,21.0,False,21.0
2024-05-11 20:00:00,52869.0,22.0,False,22.0
2024-05-11 21:00:00,52890.0,21.0,False,21.0
2024-05-11 22:00:00,52909.0,19.0,False,19.0
2024-05-11 23:00:00,52918.0,9.0,False,9.0
2024-05-12 00:00:00,52924.0,6.0,False,6.0
2024-05-12 01:00:00,52930.0,6.0,False,6.0
2024-05-12 02:00:00,52936.0,6.0,False,6.0
2024-05-12 03:00:00,52942.0,6.0,False,6.0
2024-05-12 04:00:00,52947.0,5.0,False,5.0
2024-05-12 05:00:00,52953.0,6.0,False,6.0
2024-05-12 06:00:00,52959.0,6.0,False,6.0
2024-05-12 07:00:00,52965.0,6.0,False,6.0
2024-05-12 08:00:00,52971.0,6.0,False,6.0
2024-05-12 09:00:00,52978.0,7.0,False,7.0
2024-05-12 10:00:00,52987.0,9.0,False,9.0
2024-05-12 11:00:00,52997.0,10.0,False,10.0
2024-05-12 12:00:00,53007.0,10.0,False,10.0
2024-05-12 13:00:00,53019.0,12.0,False,12.0
2024-05-12 14:00:00,53034.0,15.0,False,15.0
2024-05-12 15:00:00,53051.0,17.0,False,17.0
2024-05-12 16:00:00,53068.0,17.0,False,17.0
2024-05-12 17:00:00,53086.0,18.0,False,18.0
2024-05-12 18:00:00,53104.0,18.0,False,18.0
2024-05-12 19:00:00,53123.0,19.0,False,19.0
2024-05-12 20:00:00,53143.0,20.0,False,20.0
2024-05-12 21:00:00,53163.0,20.0,False,20.0
2024-05-12 22:00:00,53179.0,16.0,False,16.0
2024-05-12 23:00:00,53187.0,8.0,False,8.0
2024-05-13 00:00:00,53193.0,6.0,False,6.0
2024-05-13 01:00:00,53199.0,6.0,False,6.0
2024-05-13 02:00:00,53205.0,6.0,False,6.0
2024-05-13 03:00:00,53211.0,6.0,False,6.0
2024-05-13 04:00:00,53217.0,6.0,False,6.0
2024-05-13 05:00:00,53223.0,6.0,False,6.0
2024-05-13 06:00:00,53229.0,6.0,False,6.0
2024-05-13 07:00:00,53237.0,8.0,False,8.0
2024-05-13 08:00:00,53247.0,10.0,False,10.0
2024-05-13 09:00:00,53263.0,16.0,False,16.0
2024-05-13 10:00:00,53281.0,18.0,False,18.0
2024-05-13 11:00:00,53299.0,18.0,False,18.0
2024-05-13 12:00:00,53317.0,18.0,False,18.0
2024-05-13 13:00:00,53333.0,16.0,False,16.0
2024-05-13 14:00:00,53349.0,16.0,False,16.0
2024-05-13 15:00:00,53370.0,21.0,False,21.0
2024-05-13 16:00:00,53392.0,22.0,False,22.0
2024-05-13 17:00:00,53417.0,25.0,False,25.0
2024-05-13 18:00:00,53441.0,24.0,False,24.0
2024-05-13 19:00:00,53464.0,23.0,False,23.0
2024-05-13 20:00:00,53485.0,21.0,False,21.0
2024-05-13 21:00:00,53510.0,25.0,False,25.0
2024-05-13 22:00:00,53535.0,25.0,False,25.0
2024-05-13 23:00:00,53546.0,11.0,False,11.0
2024-05-14 00:00:00,53552.0,6.0,False,6.0
2024-05-14 01:00:00,53558.0,6.0,False,6.0
2024-05-14 02:00:00,53564.0,6.0,False,6.0
2024-05-14 03:00:00,53570.0,6.0,False,6.0
2024-05-14 04:00:00,53576.0,6.0,False,6.0
2024-05-14 05:00:00,53582.0,6.0,False,6.0
2024-05-14 06:00:00,53588.0,6.0,False,6.0
2024-05-14 07:00:00,53596.0,8.0,False,8.0
2024-05-14 08:00:00,53607.0,11.0,False,11.0
2024-05-14 09:00:00,53625.0,18.0,False,18.0
2024-05-14 10:00:00,53646.0,21.0,False,21.0
2024-05-14 11:00:00,53670.0,24.0,False,24.0
2024-05-14 12:00:00,53693.0,23.0,False,23.0
2024-05-14 13:00:00,53713.0,20.0,False,20.0
2024-05-14 14:00:00,53730.0,17.0,False,17.0
2024-05-14 15:00:00,53753.0,23.0,False,23.0
2024-05-14 16:00:00,53781.0,28.0,False,28.0
2024-05-14 17:00:00,53811.0,30.0,False,30.0
2024-05-14 18:00:00,53840.0,29.0,False,29.0
2024-05-14 19:00:00,53866.0,26.0,False,26.0
2024-05-14 20:00:00,53890.0,24.0,False,24.0
2024-05-14 21:00:00,53917.0,27.0,False,27.0
2024-05-14 22:00:00,53942.0,25.0,False,25.0
2024-05-14 23:00:00,53952.0,10.0,False,10.0
2024-05-15 00:00:00,53958.0,6.0,False,6.0
2024-05-15 01:00:00,53964.0,6.0,False,6.0
2024-05-15 02:00:00,53970.0,6.0,False,6.0
2024-05-15 03:00:00,53976.0,6.0,False,6.0
2024-05-15 04:00:00,53983.0,7.0,False,7.0
2024-05-15 05:00:00,53989.0,6.0,False,6.0
2024-05-15 06:00:00,53994.0,5.0,False,5.0
2024-05-15 07:00:00,54002.0,8.0,False,8.0
2024-05-15 08:00:00,54013.0,11.0,False,11.0
2024-05-15 09:00:00,54029.0,16.0,False,16.0
2024-05-15 10:00:00,54048.0,19.0,False,19.0
2024-05-15 11:00:00,54072.0,24.0,False,24.0
2024-05-15 12:00:00,54099.0,27.0,False,27.0
2024-05-15 13:00:00,54118.0,19.0,False,19.0
2024-05-15 14:00:00,54138.0,20.0,False,20.0
2024-05-15 15:00:00,54164.0,26.0,False,26.0
2024-05-15 16:00:00,54193.0,29.0,False,29.0
2024-05-15 17:00:00,54225.0,32.0,False,32.0
2024-05-15 18:00:00,54257.0,32.0,False,32.0
2024-05-15 19:00:00,54285.0,28.0,False,28.0
2024-05-15 20:00:00,54311.0,26.0,False,26.0
2024-05-15 21:00:00,54338.0,27.0,False,27.0
2024-05-15 22:00:00,54362.0,24.0,False,24.0
2024-05-15 23:00:00,54373.0,11.0,False,11.0
2024-05-16 00:00:00,54379.0,6.0,False,6.0
2024-05-16 01:00:00,54386.0,7.0,False,7.0
2024-05-16 02:00:00,54392.0,6.0,False,6.0
2024-05-16 03:00:00,54399.0,7.0,False,7.0
2024-05-16 04:00:00,54405.0,6.0,False,6.0
2024-05-16 05:00:00,54411.0,6.0,False,6.0
2024-05-16 06:00:00,54418.0,7.0,False,7.0
2024-05-16 07:00:00,54426.0,8.0,False,8.0
2024-05-16 08:00:00,54436.0,10.0,False,10.0
2024-05-16 09:00:00,54453.0,17.0,False,17.0
2024-05-16 10:00:00,54471.0,18.0,False,18.0
2024-05-16 11:00:00,54494.0,23.0,False,23.0
2024-05-16 12:00:00,54517.0,23.0,False,23.0
2024-05-16 13:00:00,54534.0,17.0,False,17.0
2024-05-16 14:00:00,54551.0,17.0,False,17.0
2024-05-16 15:00:00,54571.0,20.0,False,20.0
2024-05-16 16:00:00,54601.0,30.0,False,30.0
2024-05-16 17:00:00,54638.0,37.0,False,37.0
2024-05-16 18:00:00,54676.0,38.0,False,38.0
2024-05-16 19:00:00,54710.0,34.0,False,34.0
2024-05-16 20:00:00,54735.0,25.0,False,25.0
2024-05-16 21:00:00,54762.0,27.0,False,27.0
2024-05-16 22:00:00,54788.0,26.0,False,26.0
2024-05-16 23:00:00,54799.0,11.0,False,11.0
2024-05-17 00:00:00,54805.0,6.0,False,6.0
2024-05-17 01:00:00,54811.0,6.0,False,6.0
2024-05-17 02:00:00,54818.0,7.0,False,7.0
2024-05-17 03:00:00,54824.0,6.0,False,6.0
2024-05-17 04:00:00,54830.0,6.0,False,6.0
2024-05-17 05:00:00,54836.0,6.0,False,6.0
2024-05-17 06:00:00,54842.0,6.0,False,6.0
2024-05-17 07:00:00,54850.0,8.0,False,8.0
2024-05-17 08:00:00,54860.0,10.0,False,10.0
2024-05-17 09:00:00,54877.0,17.0,False,17.0
2024-05-17 10:00:00,54901.0,24.0,False,24.0
2024-05-17 11:00:00,54934.0,33.0,False,33.0
2024-05-17 12:00:00,54976.0,42.0,False,42.0
2024-05-17 13:00:00,54998.0,22.0,False,22.0
2024-05-17 14:00:00,55019.0,21.0,False,21.0
2024-05-17 15:00:00,55069.0,50.0,False,50.0
2024-05-17 16:00:00,55141.0,72.0,True,24.86
2024-05-17 17:00:00,55224.0,83.0,True,27.14
2024-05-17 18:00:00,55303.0,79.0,True,26.71
2024-05-17 19:00:00,55357.0,54.0,False,54.0
2024-05-17 20:00:00,55379.0,22.0,False,22.0
2024-05-17 21:00:00,55402.0,23.0,False,23.0
2024-05-17 22:00:00,55422.0,20.0,False,20.0
2024-05-17 23:00:00,55432.0,10.0,False,10.0
2024-05-18 00:00:00,55438.0,6.0,False,6.0
2024-05-18 01:00:00,55445.0,7.0,False,7.0
2024-05-18 02:00:00,55451.0,6.0,False,6.0
2024-05-18 03:00:00,55458.0,7.0,False,7.0
2024-05-18 04:00:00,55464.0,6.0,False,6.0
2024-05-18 05:00:00,55470.0,6.0,False,6.0
2024-05-18 06:00:00,55476.0,6.0,False,6.0
2024-05-18 07:00:00,55484.0,8.0,False,8.0
2024-05-18 08:00:00,55500.0,16.0,False,16.0
2024-05-18 09:00:00,55561.0,61.0,True,15.71
2024-05-18 10:00:00,55623.0,62.0,True,18.71
2024-05-18 11:00:00,55685.0,62.0,True,22.29
2024-05-18 12:00:00,55748.0,63.0,True,24.0
2024-05-18 13:00:00,55775.0,27.0,False,27.0
2024-05-18 14:00:00,55804.0,29.0,False,29.0
2024-05-18 15:00:00,55892.0,88.0,True,25.71
2024-05-18 16:00:00,55967.0,75.0,True,25.17
2024-05-18 17:00:00,56042.0,75.0,True,27.67
2024-05-18 18:00:00,56116.0,74.0,True,27.5
2024-05-18 19:00:00,56160.0,44.0,False,44.0
2024-05-18 20:00:00,56179.0,19.0,False,19.0
2024-05-18 21:00:00,56199.0,20.0,False,20.0
2024-05-18 22:00:00,56216.0,17.0,False,17.0
2024-05-18 23:00:00,56225.0,9.0,False,9.0
2024-05-19 00:00:00,56232.0,7.0,False,7.0
2024-05-19 01:00:00,56239.0,7.0,False,7.0
2024-05-19 02:00:00,56246.0,7.0,False,7.0
2024-05-19 03:00:00,56252.0,6.0,False,6.0
2024-05-19 04:00:00,56259.0,7.0,False,7.0
2024-05-19 05:00:00,56266.0,7.0,False,7.0
2024-05-19 06:00:00,56272.0,6.0,False,6.0
2024-05-19 07:00:00,56280.0,8.0,False,8.0
2024-05-19 08:00:00,56296.0,16.0,False,16.0
2024-05-19 09:00:00,56341.0,45.0,False,45.0
2024-05-19 10:00:00,56393.0,52.0,False,52.0
2024-05-19 11:00:00,56448.0,55.0,False,55.0
2024-05-19 12:00:00,56501.0,53.0,False,53.0
2024-05-19 13:00:00,56523.0,22.0,False,22.0
2024-05-19 14:00:00,56547.0,24.0,False,24.0
2024-05-19 15:00:00,56613.0,66.0,True,26.17
2024-05-19 16:00:00,56689.0,76.0,True,25.2
2024-05-19 17:00:00,56760.0,71.0,True,28.4
2024-05-19 18:00:00,56825.0,65.0,True,28.2
2024-05-19 19:00:00,56863.0,38.0,False,38.0
2024-05-19 20:00:00,56883.0,20.0,False,20.0
2024-05-19 21:00:00,56903.0,20.0,False,20.0
2024-05-19 22:00:00,56922.0,19.0,False,19.0
2024-05-19 23:00:00,56934.0,12.0,False,12.0
2024-05-20 00:00:00,56941.0,7.0,False,7.0
2024-05-20 01:00:00,56948.0,7.0,False,7.0
2024-05-20 02:00:00,56954.0,6.0,False,6.0
2024-05-20 03:00:00,56960.0,6.0,False,6.0
2024-05-20 04:00:00,56966.0,6.0,False,6.0
2024-05-20 05:00:00,56973.0,7.0,False,7.0
2024-05-20 06:00:00,56979.0,6.0,False,6.0
2024-05-20 07:00:00,56988.0,9.0,False,9.0
2024-05-20 08:00:00,56998.0,10.0,False,10.0
2024-05-20 09:00:00,57017.0,19.0,False,19.0
2024-05-20 10:00:00,57043.0,26.0,False,26.0
2024-05-20 11:00:00,57080.0,37.0,False,37.0
2024-05-20 12:00:00,57120.0,40.0,False,40.0
2024-05-20 13:00:00,57140.0,20.0,False,20.0
2024-05-20 14:00:00,57159.0,19.0,False,19.0
2024-05-20 15:00:00,57222.0,63.0,False,63.0
2024-05-20 16:00:00,57338.0,116.0,True,27.25
2024-05-20 17:00:00,57447.0,109.0,True,31.0
2024-05-20 18:00:00,57544.0,97.0,True,30.75
2024-05-20 19:00:00,57601.0,57.0,False,57.0
2024-05-20 20:00:00,57625.0,24.0,False,24.0
2024-05-20 21:00:00,57652.0,27.0,False,27.0
2024-05-20 22:00:00,57676.0,24.0,False,24.0
2024-05-20 23:00:00,57687.0,11.0,False,11.0
2024-05-21 00:00:00,57694.0,7.0,False,7.0
2024-05-21 01:00:00,57701.0,7.0,False,7.0
2024-05-21 02:00:00,57707.0,6.0,False,6.0
2024-05-21 03:00:00,57713.0,6.0,False,6.0
2024-05-21 04:00:00,57719.0,6.0,False,6.0
2024-05-21 05:00:00,57725.0,6.0,False,6.0
2024-05-21 06:00:00,57731.0,6.0,False,6.0
2024-05-21 07:00:00,57740.0,9.0,False,9.0
2024-05-21 08:00:00,57753.0,13.0,False,13.0
2024-05-21 09:00:00,57780.0,27.0,False,27.0
2024-05-21 10:00:00,57810.0,30.0,False,30.0
2024-05-21 11:00:00,57839.0,29.0,False,29.0
2024-05-21 12:00:00,57868.0,29.0,False,29.0
2024-05-21 13:00:00,57888.0,20.0,False,20.0
2024-05-21 14:00:00,57909.0,21.0,False,21.0
2024-05-21 15:00:00,57949.0,40.0,False,40.0
2024-05-21 16:00:00,58009.0,60.0,False,60.0
2024-05-21 17:00:00,58077.0,68.0,False,68.0
2024-05-21 18:00:00,58144.0,67.0,False,67.0
2024-05-21 19:00:00,58198.0,54.0,False,54.0
2024-05-21 20:00:00,58238.0,40.0,False,40.0
2024-05-21 21:00:00,58284.0,46.0,False,46.0
2024-05-21 22:00:00,58315.0,31.0,False,31.0
2024-05-21 23:00:00,58329.0,14.0,False,14.0
2024-05-22 00:00:00,58335.0,6.0,False,6.0
2024-05-22 01:00:00,58341.0,6.0,False,6.0
2024-05-22 02:00:00,58347.0,6.0,False,6.0
2024-05-22 03:00:00,58353.0,6.0,False,6.0
2024-05-22 04:00:00,58359.0,6.0,False,6.0
2024-05-22 05:00:00,58365.0,6.0,False,6.0
2024-05-22 06:00:00,58371.0,6.0,False,6.0
2024-05-22 07:00:00,58379.0,8.0,False,8.0
2024-05-22 08:00:00,58390.0,11.0,False,11.0
2024-05-22 09:00:00,58432.0,42.0,False,42.0
2024-05-22 10:00:00,58478.0,46.0,False,46.0
2024-05-22 11:00:00,58530.0,52.0,False,52.0
2024-05-22 12:00:00,58572.0,42.0,False,42.0
2024-05-22 13:00:00,58595.0,23.0,False,23.0
2024-05-22 14:00:00,58619.0,24.0,False,24.0
2024-05-22 15:00:00,58652.0,33.0,False,33.0
2024-05-22 16:00:00,58690.0,38.0,False,38.0
2024-05-22 17:00:00,58732.0,42.0,False,42.0
2024-05-22 18:00:00,58780.0,48.0,False,48.0
2024-05-22 19:00:00,58815.0,35.0,False,35.0
2024-05-22 20:00:00,58844.0,29.0,False,29.0
2024-05-22 21:00:00,58873.0,29.0,False,29.0
2024-05-22 22:00:00,58902.0,29.0,False,29.0
2024-05-22 23:00:00,58915.0,13.0,False,13.0
2024-05-23 00:00:00,58921.0,6.0,False,6.0
2024-05-23 01:00:00,58928.0,7.0,False,7.0
2024-05-23 02:00:00,58934.0,6.0,False,6.0
2024-05-23 03:00:00,58940.0,6.0,False,6.0
2024-05-23 04:00:00,58946.0,6.0,False,6.0
2024-05-23 05:00:00,58951.0,5.0,False,5.0
2024-05-23 06:00:00,58957.0,6.0,False,6.0
2024-05-23 07:00:00,58965.0,8.0,False,8.0
2024-05-23 08:00:00,58974.0,9.0,False,9.0
2024-05-23 09:00:00,58994.0,20.0,False,20.0
2024-05-23 10:00:00,59021.0,27.0,False,27.0
2024-05-23 11:00:00,59058.0,37.0,False,37.0
2024-05-23 12:00:00,59095.0,37.0,False,37.0
2024-05-23 13:00:00,59119.0,24.0,False,24.0
2024-05-23 14:00:00,59139.0,20.0,False,20.0
2024-05-23 15:00:00,59172.0,33.0,False,33.0
2024-05-23 16:00:00,59213.0,41.0,False,41.0
2024-05-23 17:00:00,59255.0,42.0,False,42.0
2024-05-23 18:00:00,59296.0,41.0,False,41.0
2024-05-23 19:00:00,59328.0,32.0,False,32.0
2024-05-23 20:00:00,59354.0,26.0,False,26.0
2024-05-23 21:00:00,59383.0,29.0,False,29.0
2024-05-23 22:00:00,59409.0,26.0,False,26.0
2024-05-23 23:00:00,59420.0,11.0,False,11.0
2024-05-24 00:00:00,59426.0,6.0,False,6.0
2024-05-24 01:00:00,59433.0,7.0,False,7.0
2024-05-24 02:00:00,59438.0,5.0,False,5.0
2024-05-24 03:00:00,59444.0,6.0,False,6.0
2024-05-24 04:00:00,59450.0,6.0,False,6.0
2024-05-24 05:00:00,59456.0,6.0,False,6.0
2024-05-24 06:00:00,59462.0,6.0,False,6.0
2024-05-24 07:00:00,59470.0,8.0,False,8.0
2024-05-24 08:00:00,59482.0,12.0,False,12.0
2024-05-24 09:00:00,59507.0,25.0,False,25.0
2024-05-24 10:00:00,59540.0,33.0,False,33.0
2024-05-24 11:00:00,59590.0,50.0,False,50.0
2024-05-24 12:00:00,59643.0,53.0,False,53.0
2024-05-24 13:00:00,59666.0,23.0,False,23.0
2024-05-24 14:00:00,59688.0,22.0,False,22.0
2024-05-24 15:00:00,59721.0,33.0,False,33.0
2024-05-24 16:00:00,59772.0,51.0,False,51.0
2024-05-24 17:00:00,59830.0,58.0,False,58.0
2024-05-24 18:00:00,59887.0,57.0,False,57.0
2024-05-24 19:00:00,59928.0,41.0,False,41.0
2024-05-24 20:00:00,59954.0,26.0,False,26.0
2024-05-24 21:00:00,59977.0,23.0,False,23.0
2024-05-24 22:00:00,59996.0,19.0,False,19.0
2024-05-24 23:00:00,60006.0,10.0,False,10.0
2024-05-25 00:00:00,60012.0,6.0,False,6.0
2024-05-25 01:00:00,60019.0,7.0,False,7.0
2024-05-25 02:00:00,60025.0,6.0,False,6.0
2024-05-25 03:00:00,60031.0,6.0,False,6.0
2024-05-25 04:00:00,60037.0,6.0,False,6.0
2024-05-25 05:00:00,60043.0,6.0,False,6.0
2024-05-25 06:00:00,60049.0,6.0,False,6.0
2024-05-25 07:00:00,60055.0,6.0,False,6.0
2024-05-25 08:00:00,60062.0,7.0,False,7.0
2024-05-25 09:00:00,60071.0,9.0,False,9.0
2024-05-25 10:00:00,60084.0,13.0,False,13.0
2024-05-25 11:00:00,60099.0,15.0,False,15.0
2024-05-25 12:00:00,60117.0,18.0,False,18.0
2024-05-25 13:00:00,60134.0,17.0,False,17.0
2024-05-25 14:00:00,60153.0,19.0,False,19.0
2024-05-25 15:00:00,60177.0,24.0,False,24.0
2024-05-25 16:00:00,60200.0,23.0,False,23.0
2024-05-25 17:00:00,60224.0,24.0,False,24.0
2024-05-25 18:00:00,60247.0,23.0,False,23.0
2024-05-25 19:00:00,60268.0,21.0,False,21.0
2024-05-25 20:00:00,60291.0,23.0,False,23.0
2024-05-25 21:00:00,60313.0,22.0,False,22.0
2024-05-25 22:00:00,60333.0,20.0,False,20.0
2024-05-25 23:00:00,60343.0,10.0,False,10.0
2024-05-26 00:00:00,60349.0,6.0,False,6.0
2024-05-26 01:00:00,60355.0,6.0,False,6.0
2024-05-26 02:00:00,60361.0,6.0,False,6.0
2024-05-26 03:00:00,60367.0,6.0,False,6.0
2024-05-26 04:00:00,60373.0,6.0,False,6.0
2024-05-26 05:00:00,60379.0,6.0,False,6.0
2024-05-26 06:00:00,60385.0,6.0,False,6.0
2024-05-26 07:00:00,60391.0,6.0,False,6.0
2024-05-26 08:00:00,60398.0,7.0,False,7.0
2024-05-26 09:00:00,60408.0,10.0,False,10.0
2024-05-26 10:00:00,60423.0,15.0,False,15.0
2024-05-26 11:00:00,60441.0,18.0,False,18.0
2024-05-26 12:00:00,60459.0,18.0,False,18.0
2024-05-26 13:00:00,60476.0,17.0,False,17.0
2024-05-26 14:00:00,60494.0,18.0,False,18.0
2024-05-26 15:00:00,60516.0,22.0,False,22.0
2024-05-26 16:00:00,60540.0,24.0,False,24.0
2024-05-26 17:00:00,60565.0,25.0,False,25.0
2024-05-26 18:00:00,60590.0,25.0,False,25.0
2024-05-26 19:00:00,60614.0,24.0,False,24.0
2024-05-26 20:00:00,60638.0,24.0,False,24.0
2024-05-26 21:00:00,60662.0,24.0,False,24.0
2024-05-26 22:00:00,60682.0,20.0,False,20.0
2024-05-26 23:00:00,60693.0,11.0,False,11.0
2024-05-27 00:00:00,60699.0,6.0,False,6.0
2024-05-27 01:00:00,60705.0,6.0,False,6.0
2024-05-27 02:00:00,60711.0,6.0,False,6.0
2024-05-27 03:00:00,60717.0,6.0,False,6.0
2024-05-27 04:00:00,60722.0,5.0,False,5.0
2024-05-27 05:00:00,60728.0,6.0,False,6.0
2024-05-27 06:00:00,60734.0,6.0,False,6.0
2024-05-27 07:00:00,60742.0,8.0,False,8.0
2024-05-27 08:00:00,60752.0,10.0,False,10.0
2024-05-27 09:00:00,60770.0,18.0,False,18.0
2024-05-27 10:00:00,60792.0,22.0,False,22.0
2024-05-27 11:00:00,60818.0,26.0,False,26.0
2024-05-27 12:00:00,,,False,33.86
2024-05-27 13:00:00,60868.0,,False,20.57
2024-05-27 14:00:00,60890.0,22.0,False,22.0
2024-05-27 15:00:00,60920.0,30.0,False,30.0
2024-05-27 16:00:00,60953.0,33.0,False,33.0
2024-05-27 17:00:00,60990.0,37.0,False,37.0
2024-05-27 18:00:00,61031.0,41.0,False,41.0
2024-05-27 19:00:00,61065.0,34.0,False,34.0
2024-05-27 20:00:00,61096.0,31.0,False,31.0
2024-05-27 21:00:00,,,False,28.57
2024-05-27 22:00:00,,,False,24.14
2024-05-27 23:00:00,,,False,11.43
2024-05-28 00:00:00,,,False,6.14
2024-05-28 01:00:00,,,False,6.57
2024-05-28 02:00:00,,,False,5.86
2024-05-28 03:00:00,,,False,6.0
2024-05-28 04:00:00,,,False,5.86
2024-05-28 05:00:00,,,False,5.86
2024-05-28 06:00:00,,,False,6.0
2024-05-28 07:00:00,,,False,7.57
2024-05-28 08:00:00,,,False,9.86
2024-05-28 09:00:00,,,False,21.57
2024-05-28 10:00:00,,,False,26.57
2024-05-28 11:00:00,,,False,32.43
2024-05-28 12:00:00,,,False,32.83
2024-05-28 13:00:00,,,False,20.67
2024-05-28 14:00:00,,,False,20.86
2024-05-28 15:00:00,,,False,30.71
2024-05-28 16:00:00,,,False,38.57
2024-05-28 17:00:00,,,False,42.29
2024-05-28 18:00:00,,,False,43.14
2024-05-28 19:00:00,,,False,34.43
2024-05-28 20:00:00,,,False,28.43
2024-05-28 21:00:00,,,False,28.83
2024-05-28 22:00:00,61660.0,,False,24.17
2024-05-28 23:00:00,61674.0,14.0,False,14.0
2024-05-29 00:00:00,61680.0,6.0,False,6.0
2024-05-29 01:00:00,61686.0,6.0,False,6.0
2024-05-29 02:00:00,61692.0,6.0,False,6.0
2024-05-29 03:00:00,61698.0,6.0,False,6.0
2024-05-29 04:00:00,61704.0,6.0,False,6.0
2024-05-29 05:00:00,61710.0,6.0,False,6.0
2024-05-29 06:00:00,61716.0,6.0,False,6.0
2024-05-29 07:00:00,61724.0,8.0,False,8.0
2024-05-29 08:00:00,61733.0,9.0,False,9.0
2024-05-29 09:00:00,61756.0,23.0,False,23.0
2024-05-29 10:00:00,61783.0,27.0,False,27.0
2024-05-29 11:00:00,61813.0,30.0,False,30.0
2024-05-29 12:00:00,61845.0,32.0,False,32.0
2024-05-29 13:00:00,61870.0,25.0,False,25.0
2024-05-29 14:00:00,61894.0,24.0,False,24.0
2024-05-29 15:00:00,61922.0,28.0,False,28.0
2024-05-29 16:00:00,61950.0,28.0,False,28.0
2024-05-29 17:00:00,61979.0,29.0,False,29.0
2024-05-29 18:00:00,62006.0,27.0,False,27.0
2024-05-29 19:00:00,62030.0,24.0,False,24.0
2024-05-29 20:00:00,62054.0,24.0,False,24.0
2024-05-29 21:00:00,62078.0,24.0,False,24.0
2024-05-29 22:00:00,62101.0,23.0,False,23.0
2024-05-29 23:00:00,62113.0,12.0,False,12.0
2024-05-30 00:00:00,62119.0,6.0,False,6.0
2024-05-30 01:00:00,62125.0,6.0,False,6.0
2024-05-30 02:00:00,62131.0,6.0,False,6.0
2024-05-30 03:00:00,62137.0,6.0,False,6.0
2024-05-30 04:00:00,62142.0,5.0,False,5.0
2024-05-30 05:00:00,62148.0,6.0,False,6.0
2024-05-30 06:00:00,62154.0,6.0,False,6.0
2024-05-30 07:00:00,62162.0,8.0,False,8.0
2024-05-30 08:00:00,62171.0,9.0,False,9.0
2024-05-30 09:00:00,62185.0,14.0,False,14.0
2024-05-30 10:00:00,62202.0,17.0,False,17.0
2024-05-30 11:00:00,,,False,29.33
2024-05-30 12:00:00,62244.0,,False,31.6
2024-05-30 13:00:00,62263.0,19.0,False,19.0
2024-05-30 14:00:00,62282.0,19.0,False,19.0
2024-05-30 15:00:00,62304.0,22.0,False,22.0
2024-05-30 16:00:00,,,False,33.33
2024-05-30 17:00:00,62358.0,,False,35.83
2024-05-30 18:00:00,62387.0,29.0,False,29.0
2024-05-30 19:00:00,62415.0,28.0,False,28.0
2024-05-30 20:00:00,62442.0,27.0,False,27.0
2024-05-30 21:00:00,62473.0,31.0,False,31.0
2024-05-30 22:00:00,62502.0,29.0,False,29.0
2024-05-30 23:00:00,62516.0,14.0,False,14.0
2024-05-31 00:00:00,62522.0,6.0,False,6.0
2024-05-31 01:00:00,62528.0,6.0,False,6.0
2024-05-31 02:00:00,62534.0,6.0,False,6.0
2024-05-31 03:00:00,62540.0,6.0,False,6.0
2024-05-31 04:00:00,62546.0,6.0,False,6.0
2024-05-31 05:00:00,62552.0,6.0,False,6.0
2024-05-31 06:00:00,62558.0,6.0,False,6.0
2024-05-31 07:00:00,62566.0,8.0,False,8.0
2024-05-31 08:00:00,62576.0,10.0,False,10.0
2024-05-31 09:00:00,62592.0,16.0,False,16.0
2024-05-31 10:00:00,62612.0,20.0,False,20.0
2024-05-31 11:00:00,62639.0,27.0,False,27.0
2024-05-31 12:00:00,62666.0,27.0,False,27.0
2024-05-31 13:00:00,62688.0,22.0,False,22.0
2024-05-31 14:00:00,,,False,20.67
2024-05-31 15:00:00,62744.0,,False,26.5
2024-05-31 16:00:00,,,False,31.8
2024-05-31 17:00:00,,,False,34.6
2024-05-31 18:00:00,62867.0,,False,33.67
2024-05-31 19:00:00,62897.0,30.0,False,30.0
2024-05-31 20:00:00,62919.0,22.0,False,22.0
2024-05-31 21:00:00,62942.0,23.0,False,23.0
2024-05-31 22:00:00,62962.0,20.0,False,20.0
2024-05-31 23:00:00,62972.0,10.0,False,10.0
2024-06-01 00:00:00,62977.0,5.0,False,5.0
2024-06-01 01:00:00,62983.0,6.0,False,6.0
2024-06-01 02:00:00,62989.0,6.0,False,6.0
2024-06-01 03:00:00,62995.0,6.0,False,6.0
2024-06-01 04:00:00,63001.0,6.0,False,6.0
2024-06-01 05:00:00,63007.0,6.0,False,6.0
2024-06-01 06:00:00,63012.0,5.0,False,5.0
2024-06-01 07:00:00,63018.0,6.0,False,6.0
2024-06-01 08:00:00,63024.0,6.0,False,6.0
2024-06-01 09:00:00,63032.0,8.0,False,8.0
2024-06-01 10:00:00,63045.0,13.0,False,13.0
2024-06-01 11:00:00,63061.0,16.0,False,16.0
2024-06-01 12:00:00,63077.0,16.0,False,16.0
2024-06-01 13:00:00,63091.0,14.0,False,14.0
2024-06-01 14:00:00,63104.0,13.0,False,13.0
2024-06-01 15:00:00,63121.0,17.0,False,17.0
2024-06-01 16:00:00,63140.0,19.0,False,19.0
2024-06-01 17:00:00,63160.0,20.0,False,20.0
2024-06-01 18:00:00,63181.0,21.0,False,21.0
2024-06-01 19:00:00,63202.0,21.0,False,21.0
2024-06-01 20:00:00,63226.0,24.0,False,24.0
2024-06-01 21:00:00,63248.0,22.0,False,22.0
2024-06-01 22:00:00,63266.0,18.0,False,18.0
2024-06-01 23:00:00,63276.0,10.0,False,10.0
2024-06-02 00:00:00,63282.0,6.0,False,6.0
2024-06-02 01:00:00,63288.0,6.0,False,6.0
2024-06-02 02:00:00,,,False,6.0
2024-06-02 03:00:00,63300.0,,False,6.0
2024-06-02 04:00:00,63306.0,6.0,False,6.0
2024-06-02 05:00:00,63312.0,6.0,False,6.0
2024-06-02 06:00:00,63318.0,6.0,False,6.0
2024-06-02 07:00:00,,,False,7.33
2024-06-02 08:00:00,63330.0,,False,8.5
2024-06-02 09:00:00,63338.0,8.0,False,8.0
2024-06-02 10:00:00,63348.0,10.0,False,10.0
2024-06-02 11:00:00,63362.0,14.0,False,14.0
2024-06-02 12:00:00,63377.0,15.0,False,15.0
2024-06-02 13:00:00,63390.0,13.0,False,13.0
2024-06-02 14:00:00,63406.0,16.0,False,16.0
2024-06-02 15:00:00,63423.0,17.0,False,17.0
2024-06-02 16:00:00,63442.0,19.0,False,19.0
2024-06-02 17:00:00,63461.0,19.0,False,19.0
2024-06-02 18:00:00,63479.0,18.0,False,18.0
2024-06-02 19:00:00,63498.0,19.0,False,19.0
2024-06-02 20:00:00,63516.0,18.0,False,18.0
2024-06-02 21:00:00,63535.0,19.0,False,19.0
2024-06-02 22:00:00,63551.0,16.0,False,16.0
2024-06-02 23:00:00,63560.0,9.0,False,9.0
2024-06-03 00:00:00,63566.0,6.0,False,6.0
2024-06-03 01:00:00,63572.0,6.0,False,6.0
2024-06-03 02:00:00,63578.0,6.0,False,6.0
2024-06-03 03:00:00,63584.0,6.0,False,6.0
2024-06-03 04:00:00,63590.0,6.0,False,6.0
2024-06-03 05:00:00,63596.0,6.0,False,6.0
2024-06-03 06:00:00,63602.0,6.0,False,6.0
2024-06-03 07:00:00,63610.0,8.0,False,8.0
2024-06-03 08:00:00,,,False,8.8
2024-06-03 09:00:00,63636.0,,False,14.5
2024-06-03 10:00:00,,,False,18.17
2024-06-03 11:00:00,,,False,22.6
2024-06-03 12:00:00,,,False,22.5
2024-06-03 13:00:00,63714.0,,False,18.6
2024-06-03 14:00:00,63733.0,19.0,False,19.0
2024-06-03 15:00:00,63755.0,22.0,False,22.0
2024-06-03 16:00:00,63779.0,24.0,False,24.0
2024-06-03 17:00:00,63802.0,23.0,False,23.0
2024-06-03 18:00:00,,,False,27.2
2024-06-03 19:00:00,63846.0,,False,26.0
2024-06-03 20:00:00,63868.0,22.0,False,22.0
2024-06-03 21:00:00,63891.0,23.0,False,23.0
2024-06-03 22:00:00,63915.0,24.0,False,24.0
2024-06-03 23:00:00,63929.0,14.0,False,14.0
2024-06-04 00:00:00,63935.0,6.0,False,6.0
2024-06-04 01:00:00,63941.0,6.0,False,6.0
2024-06-04 02:00:00,63947.0,6.0,False,6.0
2024-06-04 03:00:00,63952.0,5.0,False,5.0
2024-06-04 04:00:00,63958.0,6.0,False,6.0
2024-06-04 05:00:00,63964.0,6.0,False,6.0
2024-06-04 06:00:00,63970.0,6.0,False,6.0
2024-06-04 07:00:00,63978.0,8.0,False,8.0
2024-06-04 08:00:00,63987.0,9.0,False,9.0
2024-06-04 09:00:00,64002.0,15.0,False,15.0
2024-06-04 10:00:00,64020.0,18.0,False,18.0
2024-06-04 11:00:00,64040.0,20.0,False,20.0
2024-06-04 12:00:00,64060.0,20.0,False,20.0
2024-06-04 13:00:00,64079.0,19.0,False,19.0
2024-06-04 14:00:00,64099.0,20.0,False,20.0
2024-06-04 15:00:00,64124.0,25.0,False,25.0
2024-06-04 16:00:00,64150.0,26.0,False,26.0
2024-06-04 17:00:00,64177.0,27.0,False,27.0
2024-06-04 18:00:00,64203.0,26.0,False,26.0
2024-06-04 19:00:00,,,False,24.4
2024-06-04 20:00:00,,,False,22.83
2024-06-04 21:00:00,,,False,23.67
2024-06-04 22:00:00,,,False,21.67
2024-06-04 23:00:00,,,False,11.86
2024-06-05 00:00:00,,,False,5.86
2024-06-05 01:00:00,,,False,6.0
2024-06-05 02:00:00,,,False,6.0
2024-06-05 03:00:00,,,False,5.83
2024-06-05 04:00:00,,,False,5.86
2024-06-05 05:00:00,,,False,6.0
2024-06-05 06:00:00,,,False,5.86
2024-06-05 07:00:00,,,False,7.67
2024-06-05 08:00:00,,,False,8.6
2024-06-05 09:00:00,,,False,14.0
2024-06-05 10:00:00,,,False,17.5
2024-06-05 11:00:00,,,False,21.4
2024-06-05 12:00:00,,,False,22.0
2024-06-05 13:00:00,,,False,18.67
2024-06-05 14:00:00,,,False,18.5
2024-06-05 15:00:00,,,False,21.83
2024-06-05 16:00:00,,,False,23.2
2024-06-05 17:00:00,,,False,23.6
2024-06-05 18:00:00,,,False,24.2
2024-06-05 19:00:00,,,False,24.4
2024-06-05 20:00:00,64681.0,,False,22.83
2024-06-05 21:00:00,64710.0,29.0,False,29.0
2024-06-05 22:00:00,64734.0,24.0,False,24.0
2024-06-05 23:00:00,64745.0,11.0,False,11.0
2024-06-06 00:00:00,64751.0,6.0,False,6.0
2024-06-06 01:00:00,64757.0,6.0,False,6.0
2024-06-06 02:00:00,64763.0,6.0,False,6.0
2024-06-06 03:00:00,64769.0,6.0,False,6.0
2024-06-06 04:00:00,64775.0,6.0,False,6.0
2024-06-06 05:00:00,64781.0,6.0,False,6.0
2024-06-06 06:00:00,64787.0,6.0,False,6.0
2024-06-06 07:00:00,64795.0,8.0,False,8.0
2024-06-06 08:00:00,64805.0,10.0,False,10.0
2024-06-06 09:00:00,64819.0,14.0,False,14.0
2024-06-06 10:00:00,64838.0,19.0,False,19.0
2024-06-06 11:00:00,64861.0,23.0,False,23.0
2024-06-06 12:00:00,64887.0,26.0,False,26.0
2024-06-06 13:00:00,64909.0,22.0,False,22.0
2024-06-06 14:00:00,64933.0,24.0,False,24.0
2024-06-06 15:00:00,64958.0,25.0,False,25.0
2024-06-06 16:00:00,64986.0,28.0,False,28.0
2024-06-06 17:00:00,65011.0,25.0,False,25.0
2024-06-06 18:00:00,65037.0,26.0,False,26.0
2024-06-06 19:00:00,65061.0,24.0,False,24.0
2024-06-06 20:00:00,65085.0,24.0,False,24.0
2024-06-06 21:00:00,65110.0,25.0,False,25.0
2024-06-06 22:00:00,65134.0,24.0,False,24.0
2024-06-06 23:00:00,65145.0,11.0,False,11.0
2024-06-07 00:00:00,65151.0,6.0,False,6.0
2024-06-07 01:00:00,65157.0,6.0,False,6.0
2024-06-07 02:00:00,65163.0,6.0,False,6.0
2024-06-07 03:00:00,65170.0,7.0,False,7.0
2024-06-07 04:00:00,65176.0,6.0,False,6.0
2024-06-07 05:00:00,65182.0,6.0,False,6.0
2024-06-07 06:00:00,65188.0,6.0,False,6.0
2024-06-07 07:00:00,65196.0,8.0,False,8.0
2024-06-07 08:00:00,65208.0,12.0,False,12.0
2024-06-07 09:00:00,65232.0,24.0,False,24.0
2024-06-07 10:00:00,65258.0,26.0,False,26.0
2024-06-07 11:00:00,65288.0,30.0,False,30.0
2024-06-07 12:00:00,65318.0,30.0,False,30.0
2024-06-07 13:00:00,65340.0,22.0,False,22.0
2024-06-07 14:00:00,65361.0,21.0,False,21.0
2024-06-07 15:00:00,65383.0,22.0,False,22.0
2024-06-07 16:00:00,65406.0,23.0,False,23.0
2024-06-07 17:00:00,65429.0,23.0,False,23.0
2024-06-07 18:00:00,65448.0,19.0,False,19.0
2024-06-07 19:00:00,65467.0,19.0,False,19.0
2024-06-07 20:00:00,65483.0,16.0,False,16.0
2024-06-07 21:00:00,65498.0,15.0,False,15.0
2024-06-07 22:00:00,65512.0,14.0,False,14.0
2024-06-07 23:00:00,65522.0,10.0,False,10.0
2024-06-08 00:00:00,65528.0,6.0,False,6.0
2024-06-08 01:00:00,65534.0,6.0,False,6.0
2024-06-08 02:00:00,65540.0,6.0,False,6.0
2024-06-08 03:00:00,65546.0,6.0,False,6.0
2024-06-08 04:00:00,65552.0,6.0,False,6.0
2024-06-08 05:00:00,65558.0,6.0,False,6.0
2024-06-08 06:00:00,65564.0,6.0,False,6.0
2024-06-08 07:00:00,65570.0,6.0,False,6.0
2024-06-08 08:00:00,65576.0,6.0,False,6.0
2024-06-08 09:00:00,65582.0,6.0,False,6.0
2024-06-08 10:00:00,65589.0,7.0,False,7.0
2024-06-08 11:00:00,65598.0,9.0,False,9.0
2024-06-08 12:00:00,65607.0,9.0,False,9.0
2024-06-08 13:00:00,65617.0,10.0,False,10.0
2024-06-08 14:00:00,65628.0,11.0,False,11.0
2024-06-08 15:00:00,65641.0,13.0,False,13.0
2024-06-08 16:00:00,65656.0,15.0,False,15.0
2024-06-08 17:00:00,65673.0,17.0,False,17.0
2024-06-08 18:00:00,65689.0,16.0,False,16.0
2024-06-08 19:00:00,65704.0,15.0,False,15.0
2024-06-08 20:00:00,65718.0,14.0,False,14.0
2024-06-08 21:00:00,65734.0,16.0,False,16.0
2024-06-08 22:00:00,65749.0,15.0,False,15.0
2024-06-08 23:00:00,65758.0,9.0,False,9.0
2024-06-09 00:00:00,65764.0,6.0,False,6.0
2024-06-09 01:00:00,65770.0,6.0,False,6.0
2024-06-09 02:00:00,65777.0,7.0,False,7.0
2024-06-09 03:00:00,65783.0,6.0,False,6.0
2024-06-09 04:00:00,65789.0,6.0,False,6.0
2024-06-09 05:00:00,65795.0,6.0,False,6.0
2024-06-09 06:00:00,65800.0,5.0,False,5.0
2024-06-09 07:00:00,65806.0,6.0,False,6.0
2024-06-09 08:00:00,65812.0,6.0,False,6.0
2024-06-09 09:00:00,65818.0,6.0,False,6.0
2024-06-09 10:00:00,65825.0,7.0,False,7.0
2024-06-09 11:00:00,65835.0,10.0,False,10.0
2024-06-09 12:00:00,65846.0,11.0,False,11.0
2024-06-09 13:00:00,65858.0,12.0,False,12.0
2024-06-09 14:00:00,65871.0,13.0,False,13.0
2024-06-09 15:00:00,65886.0,15.0,False,15.0
2024-06-09 16:00:00,65902.0,16.0,False,16.0
2024-06-09 17:00:00,65919.0,17.0,False,17.0
2024-06-09 18:00:00,65936.0,17.0,False,17.0
2024-06-09 19:00:00,65953.0,17.0,False,17.0
2024-06-09 20:00:00,65970.0,17.0,False,17.0
2024-06-09 21:00:00,65988.0,18.0,False,18.0
2024-06-09 22:00:00,66005.0,17.0,False,17.0
2024-06-09 23:00:00,66014.0,9.0,False,9.0
2024-06-10 00:00:00,66020.0,6.0,False,6.0
2024-06-10 01:00:00,66026.0,6.0,False,6.0
2024-06-10 02:00:00,66031.0,5.0,False,5.0
2024-06-10 03:00:00,66037.0,6.0,False,6.0
2024-06-10 04:00:00,66043.0,6.0,False,6.0
2024-06-10 05:00:00,66049.0,6.0,False,6.0
2024-06-10 06:00:00,66054.0,5.0,False,5.0
2024-06-10 07:00:00,66060.0,6.0,False,6.0
2024-06-10 08:00:00,66066.0,6.0,False,6.0
2024-06-10 09:00:00,66071.0,5.0,False,5.0
2024-06-10 10:00:00,66080.0,9.0,False,9.0
2024-06-10 11:00:00,66089.0,9.0,False,9.0
2024-06-10 12:00:00,66099.0,10.0,False,10.0
2024-06-10 13:00:00,66109.0,10.0,False,10.0
2024-06-10 14:00:00,66123.0,14.0,False,14.0
2024-06-10 15:00:00,66137.0,14.0,False,14.0
2024-06-10 16:00:00,66152.0,15.0,False,15.0
2024-06-10 17:00:00,66167.0,15.0,False,15.0
2024-06-10 18:00:00,66183.0,16.0,False,16.0
2024-06-10 19:00:00,66199.0,16.0,False,16.0
2024-06-10 20:00:00,66216.0,17.0,False,17.0
2024-06-10 21:00:00,66234.0,18.0,False,18.0
2024-06-10 22:00:00,66251.0,17.0,False,17.0
2024-06-10 23:00:00,66262.0,11.0,False,11.0
2024-06-11 00:00:00,66268.0,6.0,False,6.0
2024-06-11 01:00:00,66274.0,6.0,False,6.0
2024-06-11 02:00:00,66279.0,5.0,False,5.0
2024-06-11 03:00:00,66285.0,6.0,False,6.0
2024-06-11 04:00:00,66291.0,6.0,False,6.0
2024-06-11 05:00:00,66296.0,5.0,False,5.0
2024-06-11 06:00:00,66302.0,6.0,False,6.0
2024-06-11 07:00:00,66310.0,8.0,False,8.0
2024-06-11 08:00:00,66318.0,8.0,False,8.0
2024-06-11 09:00:00,66330.0,12.0,False,12.0
2024-06-11 10:00:00,66345.0,15.0,False,15.0
2024-06-11 11:00:00,66366.0,21.0,False,21.0
2024-06-11 12:00:00,66386.0,20.0,False,20.0
2024-06-11 13:00:00,66404.0,18.0,False,18.0
2024-06-11 14:00:00,66422.0,18.0,False,18.0
2024-06-11 15:00:00,66450.0,28.0,False,28.0
2024-06-11 16:00:00,66481.0,31.0,False,31.0
2024-06-11 17:00:00,,,False,20.67
2024-06-11 18:00:00,,,False,20.0
2024-06-11 19:00:00,,,False,18.2
2024-06-11 20:00:00,,,False,17.6
2024-06-11 21:00:00,66616.0,,False,20.17
2024-06-11 22:00:00,66640.0,24.0,False,24.0
2024-06-11 23:00:00,66657.0,17.0,False,17.0
2024-06-12 00:00:00,66665.0,8.0,False,8.0
2024-06-12 01:00:00,66672.0,7.0,False,7.0
2024-06-12 02:00:00,66678.0,6.0,False,6.0
2024-06-12 03:00:00,66684.0,6.0,False,6.0
2024-06-12 04:00:00,66690.0,6.0,False,6.0
2024-06-12 05:00:00,66696.0,6.0,False,6.0
2024-06-12 06:00:00,66702.0,6.0,False,6.0
2024-06-12 07:00:00,66710.0,8.0,False,8.0
2024-06-12 08:00:00,66728.0,18.0,False,18.0
2024-06-12 09:00:00,66778.0,50.0,False,50.0
2024-06-12 10:00:00,66830.0,52.0,False,52.0
2024-06-12 11:00:00,,,False,17.0
2024-06-12 12:00:00,66939.0,,False,17.67
2024-06-12 13:00:00,66966.0,27.0,False,27.0
2024-06-12 14:00:00,66992.0,26.0,False,26.0
2024-06-12 15:00:00,67059.0,67.0,False,67.0
2024-06-12 16:00:00,67131.0,72.0,False,72.0
2024-06-12 17:00:00,67201.0,70.0,False,70.0
2024-06-12 18:00:00,67251.0,50.0,False,50.0
2024-06-12 19:00:00,67282.0,31.0,False,31.0
2024-06-12 20:00:00,67309.0,27.0,False,27.0
2024-06-12 21:00:00,67339.0,30.0,False,30.0
2024-06-12 22:00:00,67367.0,28.0,False,28.0
2024-06-12 23:00:00,67379.0,12.0,False,12.0
2024-06-13 00:00:00,67385.0,6.0,False,6.0
2024-06-13 01:00:00,67391.0,6.0,False,6.0
2024-06-13 02:00:00,67397.0,6.0,False,6.0
2024-06-13 03:00:00,67403.0,6.0,False,6.0
2024-06-13 04:00:00,67409.0,6.0,False,6.0
2024-06-13 05:00:00,67415.0,6.0,False,6.0
2024-06-13 06:00:00,67421.0,6.0,False,6.0
2024-06-13 07:00:00,67429.0,8.0,False,8.0
2024-06-13 08:00:00,67439.0,10.0,False,10.0
2024-06-13 09:00:00,67469.0,30.0,False,30.0
2024-06-13 10:00:00,67504.0,35.0,False,35.0
2024-06-13 11:00:00,67551.0,47.0,False,47.0
2024-06-13 12:00:00,67608.0,57.0,False,57.0
2024-06-13 13:00:00,67635.0,27.0,False,27.0
2024-06-13 14:00:00,,,False,18.14
2024-06-13 15:00:00,,,False,26.29
2024-06-13 16:00:00,,,False,28.57
2024-06-13 17:00:00,67870.0,,False,27.83
2024-06-13 18:00:00,67940.0,70.0,False,70.0
2024-06-13 19:00:00,67984.0,44.0,False,44.0
2024-06-13 20:00:00,68014.0,30.0,False,30.0
2024-06-13 21:00:00,68050.0,36.0,False,36.0
2024-06-13 22:00:00,68083.0,33.0,False,33.0
2024-06-13 23:00:00,68096.0,13.0,False,13.0
2024-06-14 00:00:00,68102.0,6.0,False,6.0
2024-06-14 01:00:00,68108.0,6.0,False,6.0
2024-06-14 02:00:00,68114.0,6.0,False,6.0
2024-06-14 03:00:00,68120.0,6.0,False,6.0
2024-06-14 04:00:00,68126.0,6.0,False,6.0
2024-06-14 05:00:00,68132.0,6.0,False,6.0
2024-06-14 06:00:00,68137.0,5.0,False,5.0
2024-06-14 07:00:00,68145.0,8.0,False,8.0
2024-06-14 08:00:00,68153.0,8.0,False,8.0
2024-06-14 09:00:00,68173.0,20.0,False,20.0
2024-06-14 10:00:00,68197.0,24.0,False,24.0
2024-06-14 11:00:00,68233.0,36.0,False,36.0
2024-06-14 12:00:00,68272.0,39.0,False,39.0
2024-06-14 13:00:00,68296.0,24.0,False,24.0
2024-06-14 14:00:00,68318.0,22.0,False,22.0
2024-06-14 15:00:00,68349.0,31.0,False,31.0
2024-06-14 16:00:00,68389.0,40.0,False,40.0
2024-06-14 17:00:00,68437.0,48.0,False,48.0
2024-06-14 18:00:00,68481.0,44.0,False,44.0
2024-06-14 19:00:00,68501.0,20.0,False,20.0
2024-06-14 20:00:00,68510.0,9.0,False,9.0
2024-06-14 21:00:00,68517.0,7.0,False,7.0
2024-06-14 22:00:00,68524.0,7.0,False,7.0
2024-06-14 23:00:00,68532.0,8.0,False,8.0
2024-06-15 00:00:00,68539.0,7.0,False,7.0
2024-06-15 01:00:00,68547.0,8.0,False,8.0
2024-06-15 02:00:00,68554.0,7.0,False,7.0
2024-06-15 03:00:00,68561.0,7.0,False,7.0
2024-06-15 04:00:00,68568.0,7.0,False,7.0
2024-06-15 05:00:00,68575.0,7.0,False,7.0
2024-06-15 06:00:00,68581.0,6.0,False,6.0
2024-06-15 07:00:00,68587.0,6.0,False,6.0
2024-06-15 08:00:00,68604.0,17.0,False,17.0
2024-06-15 09:00:00,68689.0,85.0,False,85.0
2024-06-15 10:00:00,68807.0,118.0,False,118.0
2024-06-15 11:00:00,68930.0,123.0,False,123.0
2024-06-15 12:00:00,69043.0,113.0,False,113.0
2024-06-15 13:00:00,69101.0,58.0,False,58.0
2024-06-15 14:00:00,69160.0,59.0,False,59.0
2024-06-15 15:00:00,69302.0,142.0,False,142.0
2024-06-15 16:00:00,69470.0,168.0,False,168.0
2024-06-15 17:00:00,69632.0,162.0,False,162.0
2024-06-15 18:00:00,69760.0,128.0,False,128.0
2024-06-15 19:00:00,69782.0,22.0,False,22.0
2024-06-15 20:00:00,69798.0,16.0,False,16.0
2024-06-15 21:00:00,69815.0,17.0,False,17.0
2024-06-15 22:00:00,69829.0,14.0,False,14.0
2024-06-15 23:00:00,69840.0,11.0,False,11.0
2024-06-16 00:00:00,69846.0,6.0,False,6.0
2024-06-16 01:00:00,69853.0,7.0,False,7.0
2024-06-16 02:00:00,69860.0,7.0,False,7.0
2024-06-16 03:00:00,69866.0,6.0,False,6.0
2024-06-16 04:00:00,69873.0,7.0,False,7.0
2024-06-16 05:00:00,69880.0,7.0,False,7.0
2024-06-16 06:00:00,69886.0,6.0,False,6.0
2024-06-16 07:00:00,69892.0,6.0,False,6.0
2024-06-16 08:00:00,69898.0,6.0,False,6.0
2024-06-16 09:00:00,69907.0,9.0,False,9.0
2024-06-16 10:00:00,69922.0,15.0,False,15.0
2024-06-16 11:00:00,69937.0,15.0,False,15.0
2024-06-16 12:00:00,69957.0,20.0,False,20.0
2024-06-16 13:00:00,69975.0,18.0,False,18.0
2024-06-16 14:00:00,69994.0,19.0,False,19.0
2024-06-16 15:00:00,70017.0,23.0,False,23.0
2024-06-16 16:00:00,70043.0,26.0,False,26.0
2024-06-16 17:00:00,70069.0,26.0,False,26.0
2024-06-16 18:00:00,70096.0,27.0,False,27.0
2024-06-16 19:00:00,70124.0,28.0,False,28.0
2024-06-16 20:00:00,70150.0,26.0,False,26.0
2024-06-16 21:00:00,70176.0,26.0,False,26.0
2024-06-16 22:00:00,70199.0,23.0,False,23.0
2024-06-16 23:00:00,70210.0,11.0,False,11.0
2024-06-17 00:00:00,70218.0,8.0,False,8.0
2024-06-17 01:00:00,70224.0,6.0,False,6.0
2024-06-17 02:00:00,70231.0,7.0,False,7.0
2024-06-17 03:00:00,70237.0,6.0,False,6.0
2024-06-17 04:00:00,70243.0,6.0,False,6.0
2024-06-17 05:00:00,70249.0,6.0,False,6.0
2024-06-17 06:00:00,70255.0,6.0,False,6.0
2024-06-17 07:00:00,70263.0,8.0,False,8.0
2024-06-17 08:00:00,70276.0,13.0,False,13.0
2024-06-17 09:00:00,70311.0,35.0,False,35.0
2024-06-17 10:00:00,70350.0,39.0,False,39.0
2024-06-17 11:00:00,70398.0,48.0,False,48.0
2024-06-17 12:00:00,70441.0,43.0,False,43.0
2024-06-17 13:00:00,70463.0,22.0,False,22.0
2024-06-17 14:00:00,70484.0,21.0,False,21.0
2024-06-17 15:00:00,70524.0,40.0,False,40.0
2024-06-17 16:00:00,70578.0,54.0,True,58.67
2024-06-17 17:00:00,70630.0,52.0,True,64.2
2024-06-17 18:00:00,70674.0,44.0,False,44.0
2024-06-17 19:00:00,70704.0,30.0,False,30.0
2024-06-17 20:00:00,70726.0,22.0,False,22.0
2024-06-17 21:00:00,70748.0,22.0,False,22.0
2024-06-17 22:00:00,70767.0,19.0,False,19.0
2024-06-17 23:00:00,70777.0,10.0,False,10.0
2024-06-18 00:00:00,70783.0,6.0,False,6.0
2024-06-18 01:00:00,70789.0,6.0,False,6.0
2024-06-18 02:00:00,70795.0,6.0,False,6.0
2024-06-18 03:00:00,70800.0,5.0,False,5.0
2024-06-18 04:00:00,70806.0,6.0,False,6.0
2024-06-18 05:00:00,70812.0,6.0,False,6.0
2024-06-18 06:00:00,70818.0,6.0,False,6.0
2024-06-18 07:00:00,70825.0,7.0,False,7.0
2024-06-18 08:00:00,70834.0,9.0,False,9.0
2024-06-18 09:00:00,70844.0,10.0,False,10.0
2024-06-18 10:00:00,70860.0,16.0,False,16.0
2024-06-18 11:00:00,70884.0,24.0,False,24.0
2024-06-18 12:00:00,70909.0,25.0,False,25.0
2024-06-18 13:00:00,70924.0,15.0,False,15.0
2024-06-18 14:00:00,70940.0,16.0,False,16.0
2024-06-18 15:00:00,70962.0,22.0,False,22.0
2024-06-18 16:00:00,70990.0,28.0,False,28.0
2024-06-18 17:00:00,71015.0,25.0,False,25.0
2024-06-18 18:00:00,71043.0,28.0,False,28.0
2024-06-18 19:00:00,71065.0,22.0,False,22.0
2024-06-18 20:00:00,71083.0,18.0,False,18.0
2024-06-18 21:00:00,71103.0,20.0,False,20.0
2024-06-18 22:00:00,71121.0,18.0,False,18.0
2024-06-18 23:00:00,71131.0,10.0,False,10.0
2024-06-19 00:00:00,71138.0,7.0,False,7.0
2024-06-19 01:00:00,71145.0,7.0,False,7.0
2024-06-19 02:00:00,71152.0,7.0,False,7.0
2024-06-19 03:00:00,71159.0,7.0,False,7.0
2024-06-19 04:00:00,71165.0,6.0,False,6.0
2024-06-19 05:00:00,71172.0,7.0,False,7.0
2024-06-19 06:00:00,71178.0,6.0,False,6.0
2024-06-19 07:00:00,71187.0,9.0,False,9.0
2024-06-19 08:00:00,71196.0,9.0,False,9.0
2024-06-19 09:00:00,71220.0,24.0,False,24.0
2024-06-19 10:00:00,71251.0,31.0,False,31.0
2024-06-19 11:00:00,71291.0,40.0,False,40.0
2024-06-19 12:00:00,71333.0,42.0,True,49.5
2024-06-19 13:00:00,71353.0,20.0,False,20.0
2024-06-19 14:00:00,71372.0,19.0,False,19.0
2024-06-19 15:00:00,71398.0,26.0,False,26.0
2024-06-19 16:00:00,71434.0,36.0,False,36.0
2024-06-19 17:00:00,71476.0,42.0,True,66.2
2024-06-19 18:00:00,71518.0,42.0,True,55.86
2024-06-19 19:00:00,71549.0,31.0,False,31.0
2024-06-19 20:00:00,71575.0,26.0,False,26.0
2024-06-19 21:00:00,71601.0,26.0,False,26.0
2024-06-19 22:00:00,71622.0,21.0,False,21.0
2024-06-19 23:00:00,71633.0,11.0,False,11.0
2024-06-20 00:00:00,71639.0,6.0,False,6.0
2024-06-20 01:00:00,71644.0,5.0,False,5.0
2024-06-20 02:00:00,71650.0,6.0,False,6.0
2024-06-20 03:00:00,71656.0,6.0,False,6.0
2024-06-20 04:00:00,71661.0,5.0,False,5.0
2024-06-20 05:00:00,71667.0,6.0,False,6.0
2024-06-20 06:00:00,71673.0,6.0,False,6.0
2024-06-20 07:00:00,71680.0,7.0,False,7.0
2024-06-20 08:00:00,71689.0,9.0,False,9.0
2024-06-20 09:00:00,71708.0,19.0,False,19.0
2024-06-20 10:00:00,71729.0,21.0,False,21.0
2024-06-20 11:00:00,71766.0,37.0,True,47.57
2024-06-20 12:00:00,71806.0,40.0,True,49.5
2024-06-20 13:00:00,71827.0,21.0,False,21.0
2024-06-20 14:00:00,71847.0,20.0,False,20.0
2024-06-20 15:00:00,71878.0,31.0,True,47.33
2024-06-20 16:00:00,71922.0,44.0,True,59.6
2024-06-20 17:00:00,71969.0,47.0,True,65.25
2024-06-20 18:00:00,72010.0,41.0,True,56.83
2024-06-20 19:00:00,72039.0,29.0,False,29.0
2024-06-20 20:00:00,72063.0,24.0,False,24.0
2024-06-20 21:00:00,72087.0,24.0,False,24.0
2024-06-20 22:00:00,72108.0,21.0,False,21.0
2024-06-20 23:00:00,72121.0,13.0,False,13.0
2024-06-21 00:00:00,72126.0,5.0,False,5.0
2024-06-21 01:00:00,72133.0,7.0,False,7.0
2024-06-21 02:00:00,72139.0,6.0,False,6.0
2024-06-21 03:00:00,72145.0,6.0,False,6.0
2024-06-21 04:00:00,72151.0,6.0,False,6.0
2024-06-21 05:00:00,72156.0,5.0,False,5.0
2024-06-21 06:00:00,72162.0,6.0,False,6.0
2024-06-21 07:00:00,72170.0,8.0,False,8.0
2024-06-21 08:00:00,72179.0,9.0,False,9.0
2024-06-21 09:00:00,72190.0,11.0,False,11.0
2024-06-21 10:00:00,72205.0,15.0,False,15.0
2024-06-21 11:00:00,72225.0,20.0,False,20.0
2024-06-21 12:00:00,72250.0,25.0,False,25.0
2024-06-21 13:00:00,72266.0,16.0,False,16.0
2024-06-21 14:00:00,72282.0,16.0,False,16.0
2024-06-21 15:00:00,72307.0,25.0,False,25.0
2024-06-21 16:00:00,72340.0,33.0,True,59.6
2024-06-21 17:00:00,72366.0,26.0,False,26.0
2024-06-21 18:00:00,72394.0,28.0,False,28.0
2024-06-21 19:00:00,72415.0,21.0,False,21.0
2024-06-21 20:00:00,72432.0,17.0,False,17.0
2024-06-21 21:00:00,72450.0,18.0,False,18.0
2024-06-21 22:00:00,72466.0,16.0,False,16.0
2024-06-21 23:00:00,72476.0,10.0,False,10.0
2024-06-22 00:00:00,72481.0,5.0,False,5.0
2024-06-22 01:00:00,72487.0,6.0,False,6.0
2024-06-22 02:00:00,72493.0,6.0,False,6.0
2024-06-22 03:00:00,72499.0,6.0,False,6.0
2024-06-22 04:00:00,72504.0,5.0,False,5.0
2024-06-22 05:00:00,72510.0,6.0,False,6.0
2024-06-22 06:00:00,72516.0,6.0,False,6.0
2024-06-22 07:00:00,72521.0,5.0,False,5.0
2024-06-22 08:00:00,72527.0,6.0,False,6.0
2024-06-22 09:00:00,72534.0,7.0,False,7.0
2024-06-22 10:00:00,72544.0,10.0,False,10.0
2024-06-22 11:00:00,72555.0,11.0,False,11.0
2024-06-22 12:00:00,72566.0,11.0,False,11.0
2024-06-22 13:00:00,72577.0,11.0,False,11.0
2024-06-22 14:00:00,72586.0,9.0,False,9.0
2024-06-22 15:00:00,72598.0,12.0,False,12.0
2024-06-22 16:00:00,72611.0,13.0,False,13.0
2024-06-22 17:00:00,72626.0,15.0,False,15.0
2024-06-22 18:00:00,72640.0,14.0,False,14.0
2024-06-22 19:00:00,72653.0,13.0,False,13.0
2024-06-22 20:00:00,72668.0,15.0,False,15.0
2024-06-22 21:00:00,72684.0,16.0,False,16.0
2024-06-22 22:00:00,72697.0,13.0,False,13.0
2024-06-22 23:00:00,72706.0,9.0,False,9.0
2024-06-23 00:00:00,72711.0,5.0,False,5.0
2024-06-23 01:00:00,72717.0,6.0,False,6.0
2024-06-23 02:00:00,72723.0,6.0,False,6.0
2024-06-23 03:00:00,72728.0,5.0,False,5.0
2024-06-23 04:00:00,72734.0,6.0,False,6.0
2024-06-23 05:00:00,72740.0,6.0,False,6.0
2024-06-23 06:00:00,72745.0,5.0,False,5.0
2024-06-23 07:00:00,72751.0,6.0,False,6.0
2024-06-23 08:00:00,72756.0,5.0,False,5.0
2024-06-23 09:00:00,72763.0,7.0,False,7.0
2024-06-23 10:00:00,72771.0,8.0,False,8.0
2024-06-23 11:00:00,72780.0,9.0,False,9.0
2024-06-23 12:00:00,72791.0,11.0,False,11.0
2024-06-23 13:00:00,72801.0,10.0,False,10.0
2024-06-23 14:00:00,72812.0,11.0,False,11.0
2024-06-23 15:00:00,72824.0,12.0,False,12.0
2024-06-23 16:00:00,72838.0,14.0,False,14.0
2024-06-23 17:00:00,72853.0,15.0,False,15.0
2024-06-23 18:00:00,72867.0,14.0,False,14.0
2024-06-23 19:00:00,72882.0,15.0,False,15.0
2024-06-23 20:00:00,72897.0,15.0,False,15.0
2024-06-23 21:00:00,72910.0,13.0,False,13.0
2024-06-23 22:00:00,72922.0,12.0,False,12.0
2024-06-23 23:00:00,72930.0,8.0,False,8.0
2024-06-24 00:00:00,72935.0,5.0,False,5.0
2024-06-24 01:00:00,72941.0,6.0,False,6.0
2024-06-24 02:00:00,72947.0,6.0,False,6.0
2024-06-24 03:00:00,72953.0,6.0,False,6.0
2024-06-24 04:00:00,72959.0,6.0,False,6.0
2024-06-24 05:00:00,72965.0,6.0,False,6.0
2024-06-24 06:00:00,72971.0,6.0,False,6.0
2024-06-24 07:00:00,72977.0,6.0,False,6.0
2024-06-24 08:00:00,72987.0,10.0,False,10.0
2024-06-24 09:00:00,73001.0,14.0,False,14.0
2024-06-24 10:00:00,73018.0,17.0,False,17.0
2024-06-24 11:00:00,73049.0,31.0,False,31.0
2024-06-24 12:00:00,73077.0,28.0,False,28.0
2024-06-24 13:00:00,73090.0,13.0,False,13.0
2024-06-24 14:00:00,73102.0,12.0,False,12.0
2024-06-24 15:00:00,73124.0,22.0,False,22.0
2024-06-24 16:00:00,73149.0,25.0,False,25.0
2024-06-24 17:00:00,73178.0,29.0,False,29.0
2024-06-24 18:00:00,73206.0,28.0,False,28.0
2024-06-24 19:00:00,73229.0,23.0,False,23.0
2024-06-24 20:00:00,73251.0,22.0,False,22.0
2024-06-24 21:00:00,73282.0,31.0,True,19.86
2024-06-24 22:00:00,73301.0,19.0,False,19.0
2024-06-24 23:00:00,73310.0,9.0,False,9.0
2024-06-25 00:00:00,73317.0,7.0,False,7.0
2024-06-25 01:00:00,73323.0,6.0,False,6.0
2024-06-25 02:00:00,73330.0,7.0,False,7.0
2024-06-25 03:00:00,73336.0,6.0,False,6.0
2024-06-25 04:00:00,73343.0,7.0,False,7.0
2024-06-25 05:00:00,73349.0,6.0,False,6.0
2024-06-25 06:00:00,73354.0,5.0,False,5.0
2024-06-25 07:00:00,73362.0,8.0,False,8.0
2024-06-25 08:00:00,73375.0,13.0,False,13.0
2024-06-25 09:00:00,73397.0,22.0,False,22.0
2024-06-25 10:00:00,73422.0,25.0,False,25.0
2024-06-25 11:00:00,73451.0,29.0,False,29.0
2024-06-25 12:00:00,73476.0,25.0,False,25.0
2024-06-25 13:00:00,73490.0,14.0,False,14.0
2024-06-25 14:00:00,73505.0,15.0,False,15.0
2024-06-25 15:00:00,73526.0,21.0,False,21.0
2024-06-25 16:00:00,73551.0,25.0,False,25.0
2024-06-25 17:00:00,73580.0,29.0,False,29.0
2024-06-25 18:00:00,73611.0,31.0,True,22.4
2024-06-25 19:00:00,73647.0,36.0,True,22.0
2024-06-25 20:00:00,73802.0,155.0,True,19.57
2024-06-25 21:00:00,73888.0,86.0,True,19.5
2024-06-25 22:00:00,73910.0,22.0,False,22.0
2024-06-25 23:00:00,73924.0,14.0,False,14.0
2024-06-26 00:00:00,73930.0,6.0,False,6.0
2024-06-26 01:00:00,73935.0,5.0,False,5.0
2024-06-26 02:00:00,73941.0,6.0,False,6.0
2024-06-26 03:00:00,73947.0,6.0,False,6.0
2024-06-26 04:00:00,73953.0,6.0,False,6.0
2024-06-26 05:00:00,73958.0,5.0,False,5.0
2024-06-26 06:00:00,73964.0,6.0,False,6.0
2024-06-26 07:00:00,73970.0,6.0,False,6.0
2024-06-26 08:00:00,73979.0,9.0,False,9.0
2024-06-26 09:00:00,73999.0,20.0,False,20.0
2024-06-26 10:00:00,74019.0,20.0,False,20.0
2024-06-26 11:00:00,74047.0,28.0,False,28.0
2024-06-26 12:00:00,74075.0,28.0,False,28.0
2024-06-26 13:00:00,74090.0,15.0,False,15.0
2024-06-26 14:00:00,74105.0,15.0,False,15.0
2024-06-26 15:00:00,74126.0,21.0,False,21.0
2024-06-26 16:00:00,74157.0,31.0,False,31.0
2024-06-26 17:00:00,74195.0,38.0,True,22.8
2024-06-26 18:00:00,74231.0,36.0,True,21.0
2024-06-26 19:00:00,74257.0,26.0,False,26.0
2024-06-26 20:00:00,74279.0,22.0,False,22.0
2024-06-26 21:00:00,74298.0,19.0,False,19.0
2024-06-26 22:00:00,74314.0,16.0,False,16.0
2024-06-26 23:00:00,74323.0,9.0,False,9.0
2024-06-27 00:00:00,74329.0,6.0,False,6.0
2024-06-27 01:00:00,74335.0,6.0,False,6.0
2024-06-27 02:00:00,74341.0,6.0,False,6.0
2024-06-27 03:00:00,74346.0,5.0,False,5.0
2024-06-27 04:00:00,74352.0,6.0,False,6.0
2024-06-27 05:00:00,74357.0,5.0,False,5.0
2024-06-27 06:00:00,74363.0,6.0,False,6.0
2024-06-27 07:00:00,74370.0,7.0,False,7.0
2024-06-27 08:00:00,74378.0,8.0,False,8.0
2024-06-27 09:00:00,74392.0,14.0,False,14.0
2024-06-27 10:00:00,74409.0,17.0,False,17.0
2024-06-27 11:00:00,74443.0,34.0,False,34.0
2024-06-27 12:00:00,74476.0,33.0,False,33.0
2024-06-27 13:00:00,74493.0,17.0,False,17.0
2024-06-27 14:00:00,74511.0,18.0,False,18.0
2024-06-27 15:00:00,74549.0,38.0,False,38.0
2024-06-27 16:00:00,74598.0,49.0,True,21.6
2024-06-27 17:00:00,74650.0,52.0,True,22.8
2024-06-27 18:00:00,74696.0,46.0,True,21.0
2024-06-27 19:00:00,74725.0,29.0,False,29.0
2024-06-27 20:00:00,74748.0,23.0,False,23.0
2024-06-27 21:00:00,74770.0,22.0,False,22.0
2024-06-27 22:00:00,74791.0,21.0,False,21.0
2024-06-27 23:00:00,74801.0,10.0,False,10.0
2024-06-28 00:00:00,74806.0,5.0,False,5.0
2024-06-28 01:00:00,74812.0,6.0,False,6.0
2024-06-28 02:00:00,74818.0,6.0,False,6.0
2024-06-28 03:00:00,74824.0,6.0,False,6.0
2024-06-28 04:00:00,74829.0,5.0,False,5.0
2024-06-28 05:00:00,74835.0,6.0,False,6.0
2024-06-28 06:00:00,74841.0,6.0,False,6.0
2024-06-28 07:00:00,74847.0,6.0,False,6.0
2024-06-28 08:00:00,74856.0,9.0,False,9.0
2024-06-28 09:00:00,74874.0,18.0,False,18.0
2024-06-28 10:00:00,74895.0,21.0,False,21.0
2024-06-28 11:00:00,74924.0,29.0,False,29.0
2024-06-28 12:00:00,74950.0,26.0,False,26.0
2024-06-28 13:00:00,74964.0,14.0,False,14.0
2024-06-28 14:00:00,74978.0,14.0,False,14.0
2024-06-28 15:00:00,75006.0,28.0,False,28.0
2024-06-28 16:00:00,75037.0,31.0,False,31.0
2024-06-28 17:00:00,75072.0,35.0,False,35.0
2024-06-28 18:00:00,75105.0,33.0,False,33.0
2024-06-28 19:00:00,75127.0,22.0,False,22.0
2024-06-28 20:00:00,75145.0,18.0,False,18.0
2024-06-28 21:00:00,75162.0,17.0,False,17.0
2024-06-28 22:00:00,75174.0,12.0,False,12.0
2024-06-28 23:00:00,75183.0,9.0,False,9.0
2024-06-29 00:00:00,75189.0,6.0,False,6.0
2024-06-29 01:00:00,75194.0,5.0,False,5.0
2024-06-29 02:00:00,75200.0,6.0,False,6.0
2024-06-29 03:00:00,75206.0,6.0,False,6.0
2024-06-29 04:00:00,75211.0,5.0,False,5.0
2024-06-29 05:00:00,75217.0,6.0,False,6.0
2024-06-29 06:00:00,75222.0,5.0,False,5.0
2024-06-29 07:00:00,75228.0,6.0,False,6.0
2024-06-29 08:00:00,75234.0,6.0,False,6.0
2024-06-29 09:00:00,75240.0,6.0,False,6.0
2024-06-29 10:00:00,75251.0,11.0,False,11.0
2024-06-29 11:00:00,75267.0,16.0,False,16.0
2024-06-29 12:00:00,75283.0,16.0,False,16.0
2024-06-29 13:00:00,75293.0,10.0,False,10.0
2024-06-29 14:00:00,75305.0,12.0,False,12.0
2024-06-29 15:00:00,75320.0,15.0,False,15.0
2024-06-29 16:00:00,75336.0,16.0,False,16.0
2024-06-29 17:00:00,75352.0,16.0,False,16.0
2024-06-29 18:00:00,75367.0,15.0,False,15.0
2024-06-29 19:00:00,75383.0,16.0,False,16.0
2024-06-29 20:00:00,75398.0,15.0,False,15.0
2024-06-29 21:00:00,75412.0,14.0,False,14.0
2024-06-29 22:00:00,75427.0,15.0,False,15.0
2024-06-29 23:00:00,75435.0,8.0,False,8.0
2024-06-30 00:00:00,75442.0,7.0,False,7.0
2024-06-30 01:00:00,75449.0,7.0,False,7.0
2024-06-30 02:00:00,75456.0,7.0,False,7.0
2024-06-30 03:00:00,75462.0,6.0,False,6.0
2024-06-30 04:00:00,75469.0,7.0,False,7.0
2024-06-30 05:00:00,75475.0,6.0,False,6.0
2024-06-30 06:00:00,75482.0,7.0,False,7.0
2024-06-30 07:00:00,75487.0,5.0,False,5.0
2024-06-30 08:00:00,75494.0,7.0,False,7.0
2024-06-30 09:00:00,75502.0,8.0,False,8.0
2024-06-30 10:00:00,75516.0,14.0,False,14.0
2024-06-30 11:00:00,75528.0,12.0,False,12.0
2024-06-30 12:00:00,75540.0,12.0,False,12.0
2024-06-30 13:00:00,75550.0,10.0,False,10.0
2024-06-30 14:00:00,75562.0,12.0,False,12.0
2024-06-30 15:00:00,75576.0,14.0,False,14.0
2024-06-30 16:00:00,75592.0,16.0,False,16.0
2024-06-30 17:00:00,75609.0,17.0,False,17.0
2024-06-30 18:00:00,75625.0,16.0,False,16.0
2024-06-30 19:00:00,75640.0,15.0,False,15.0
2024-06-30 20:00:00,75656.0,16.0,False,16.0
2024-06-30 21:00:00,75673.0,17.0,False,17.0
2024-06-30 22:00:00,75688.0,15.0,False,15.0
2024-06-30 23:00:00,75696.0,8.0,False,8.0
2024-07-01 00:00:00,75702.0,6.0,False,6.0
2024-07-01 01:00:00,75708.0,6.0,False,6.0
2024-07-01 02:00:00,75715.0,7.0,False,7.0
2024-07-01 03:00:00,75721.0,6.0,False,6.0
2024-07-01 04:00:00,75728.0,7.0,False,7.0
2024-07-01 05:00:00,75734.0,6.0,False,6.0
2024-07-01 06:00:00,75741.0,7.0,False,7.0
2024-07-01 07:00:00,75751.0,10.0,False,10.0
2024-07-01 08:00:00,75762.0,11.0,False,11.0
2024-07-01 09:00:00,75782.0,20.0,False,20.0
2024-07-01 10:00:00,75813.0,31.0,False,31.0
2024-07-01 11:00:00,75840.0,27.0,False,27.0
2024-07-01 12:00:00,75866.0,26.0,False,26.0
2024-07-01 13:00:00,75882.0,16.0,False,16.0
2024-07-01 14:00:00,75901.0,19.0,False,19.0
2024-07-01 15:00:00,75924.0,23.0,False,23.0
2024-07-01 16:00:00,75951.0,27.0,False,27.0
2024-07-01 17:00:00,75979.0,28.0,False,28.0
2024-07-01 18:00:00,76006.0,27.0,False,27.0
2024-07-01 19:00:00,76027.0,21.0,False,21.0
2024-07-01 20:00:00,76048.0,21.0,False,21.0
2024-07-01 21:00:00,76068.0,20.0,False,20.0
2024-07-01 22:00:00,76087.0,19.0,False,19.0
2024-07-01 23:00:00,76099.0,12.0,False,12.0
2024-07-02 00:00:00,76104.0,5.0,False,5.0
2024-07-02 01:00:00,76110.0,6.0,False,6.0
2024-07-02 02:00:00,76115.0,5.0,False,5.0
2024-07-02 03:00:00,76121.0,6.0,False,6.0
2024-07-02 04:00:00,76126.0,5.0,False,5.0
2024-07-02 05:00:00,76132.0,6.0,False,6.0
2024-07-02 06:00:00,76137.0,5.0,False,5.0
2024-07-02 07:00:00,76144.0,7.0,False,7.0
2024-07-02 08:00:00,76154.0,10.0,False,10.0
2024-07-02 09:00:00,76172.0,18.0,False,18.0
2024-07-02 10:00:00,76197.0,25.0,False,25.0
2024-07-02 11:00:00,76229.0,32.0,False,32.0
2024-07-02 12:00:00,76258.0,29.0,False,29.0
2024-07-02 13:00:00,76278.0,20.0,False,20.0
2024-07-02 14:00:00,76300.0,22.0,False,22.0
2024-07-02 15:00:00,76336.0,36.0,False,36.0
2024-07-02 16:00:00,76376.0,40.0,True,24.33
2024-07-02 17:00:00,76408.0,32.0,False,32.0
2024-07-02 18:00:00,76434.0,26.0,False,26.0
2024-07-02 19:00:00,76456.0,22.0,False,22.0
2024-07-02 20:00:00,76478.0,22.0,False,22.0
2024-07-02 21:00:00,76500.0,22.0,False,22.0
2024-07-02 22:00:00,76518.0,18.0,False,18.0
2024-07-02 23:00:00,76529.0,11.0,False,11.0
2024-07-03 00:00:00,76536.0,7.0,False,7.0
2024-07-03 01:00:00,76542.0,6.0,False,6.0
2024-07-03 02:00:00,76548.0,6.0,False,6.0
2024-07-03 03:00:00,76554.0,6.0,False,6.0
2024-07-03 04:00:00,76560.0,6.0,False,6.0
2024-07-03 05:00:00,76566.0,6.0,False,6.0
2024-07-03 06:00:00,76572.0,6.0,False,6.0
2024-07-03 07:00:00,76579.0,7.0,False,7.0
2024-07-03 08:00:00,76589.0,10.0,False,10.0
2024-07-03 09:00:00,76605.0,16.0,False,16.0
2024-07-03 10:00:00,76623.0,18.0,False,18.0
2024-07-03 11:00:00,76641.0,18.0,False,18.0
2024-07-03 12:00:00,76659.0,18.0,False,18.0
2024-07-03 13:00:00,76676.0,17.0,False,17.0
2024-07-03 14:00:00,76695.0,19.0,False,19.0
2024-07-03 15:00:00,76717.0,22.0,False,22.0
2024-07-03 16:00:00,76743.0,26.0,False,26.0
2024-07-03 17:00:00,76770.0,27.0,False,27.0
2024-07-03 18:00:00,76797.0,27.0,False,27.0
2024-07-03 19:00:00,76881.0,84.0,False,84.0
2024-07-03 20:00:00,76972.0,91.0,False,91.0
2024-07-03 21:00:00,77051.0,79.0,False,79.0
2024-07-03 22:00:00,77079.0,28.0,False,28.0
2024-07-03 23:00:00,77096.0,17.0,False,17.0
2024-07-04 00:00:00,77102.0,6.0,False,6.0
2024-07-04 01:00:00,77108.0,6.0,False,6.0
2024-07-04 02:00:00,77113.0,5.0,False,5.0
2024-07-04 03:00:00,77119.0,6.0,False,6.0
2024-07-04 04:00:00,77125.0,6.0,False,6.0
2024-07-04 05:00:00,77130.0,5.0,False,5.0
2024-07-04 06:00:00,77136.0,6.0,False,6.0
2024-07-04 07:00:00,77143.0,7.0,False,7.0
2024-07-04 08:00:00,77150.0,7.0,False,7.0
2024-07-04 09:00:00,77165.0,15.0,False,15.0
2024-07-04 10:00:00,77189.0,24.0,False,24.0
2024-07-04 11:00:00,77216.0,27.0,False,27.0
2024-07-04 12:00:00,77239.0,23.0,False,23.0
2024-07-04 13:00:00,77255.0,16.0,False,16.0
2024-07-04 14:00:00,77271.0,16.0,False,16.0
2024-07-04 15:00:00,77299.0,28.0,False,28.0
2024-07-04 16:00:00,77332.0,33.0,False,33.0
2024-07-04 17:00:00,77364.0,32.0,False,32.0
2024-07-04 18:00:00,77387.0,23.0,False,23.0
2024-07-04 19:00:00,77407.0,20.0,False,20.0
2024-07-04 20:00:00,77426.0,19.0,False,19.0
2024-07-04 21:00:00,77444.0,18.0,False,18.0
2024-07-04 22:00:00,77460.0,16.0,False,16.0
2024-07-04 23:00:00,77469.0,9.0,False,9.0
2024-07-05 00:00:00,77474.0,5.0,False,5.0
2024-07-05 01:00:00,77480.0,6.0,False,6.0
2024-07-05 02:00:00,77486.0,6.0,False,6.0
2024-07-05 03:00:00,77492.0,6.0,False,6.0
2024-07-05 04:00:00,77498.0,6.0,False,6.0
2024-07-05 05:00:00,77505.0,7.0,False,7.0
2024-07-05 06:00:00,77512.0,7.0,False,7.0
2024-07-05 07:00:00,77520.0,8.0,False,8.0
2024-07-05 08:00:00,77532.0,12.0,False,12.0
2024-07-05 09:00:00,77552.0,20.0,False,20.0
2024-07-05 10:00:00,77574.0,22.0,False,22.0
2024-07-05 11:00:00,77597.0,23.0,False,23.0
2024-07-05 12:00:00,77618.0,21.0,False,21.0
2024-07-05 13:00:00,77636.0,18.0,False,18.0
2024-07-05 14:00:00,77655.0,19.0,False,19.0
2024-07-05 15:00:00,77677.0,22.0,False,22.0
2024-07-05 16:00:00,77702.0,25.0,False,25.0
2024-07-05 17:00:00,77728.0,26.0,False,26.0
2024-07-05 18:00:00,77752.0,24.0,False,24.0
2024-07-05 19:00:00,77773.0,21.0,False,21.0
2024-07-05 20:00:00,77793.0,20.0,False,20.0
2024-07-05 21:00:00,77815.0,22.0,False,22.0
2024-07-05 22:00:00,77830.0,15.0,False,15.0
2024-07-05 23:00:00,77839.0,9.0,False,9.0
2024-07-06 00:00:00,77844.0,5.0,False,5.0
2024-07-06 01:00:00,77850.0,6.0,False,6.0
2024-07-06 02:00:00,77856.0,6.0,False,6.0
2024-07-06 03:00:00,77862.0,6.0,False,6.0
2024-07-06 04:00:00,77868.0,6.0,False,6.0
2024-07-06 05:00:00,77873.0,5.0,False,5.0
2024-07-06 06:00:00,77879.0,6.0,False,6.0
2024-07-06 07:00:00,77884.0,5.0,False,5.0
2024-07-06 08:00:00,77890.0,6.0,False,6.0
2024-07-06 09:00:00,77896.0,6.0,False,6.0
2024-07-06 10:00:00,77903.0,7.0,False,7.0
2024-07-06 11:00:00,77912.0,9.0,False,9.0
2024-07-06 12:00:00,77922.0,10.0,False,10.0
2024-07-06 13:00:00,77931.0,9.0,False,9.0
2024-07-06 14:00:00,77942.0,11.0,False,11.0
2024-07-06 15:00:00,77954.0,12.0,False,12.0
2024-07-06 16:00:00,77968.0,14.0,False,14.0
2024-07-06 17:00:00,77981.0,13.0,False,13.0
2024-07-06 18:00:00,77995.0,14.0,False,14.0
2024-07-06 19:00:00,78008.0,13.0,False,13.0
2024-07-06 20:00:00,78022.0,14.0,False,14.0
2024-07-06 21:00:00,78034.0,12.0,False,12.0
2024-07-06 22:00:00,78045.0,11.0,False,11.0
2024-07-06 23:00:00,78054.0,9.0,False,9.0
2024-07-07 00:00:00,78060.0,6.0,False,6.0
2024-07-07 01:00:00,78066.0,6.0,False,6.0
2024-07-07 02:00:00,,,False,6.0
2024-07-07 03:00:00,78079.0,,False,6.0
2024-07-07 04:00:00,78086.0,7.0,False,7.0
2024-07-07 05:00:00,78092.0,6.0,False,6.0
2024-07-07 06:00:00,78099.0,7.0,False,7.0
2024-07-07 07:00:00,78104.0,5.0,False,5.0
2024-07-07 08:00:00,78111.0,7.0,False,7.0
2024-07-07 09:00:00,78118.0,7.0,False,7.0
2024-07-07 10:00:00,78130.0,12.0,False,12.0
2024-07-07 11:00:00,78142.0,12.0,False,12.0
2024-07-07 12:00:00,78155.0,13.0,False,13.0
2024-07-07 13:00:00,78167.0,12.0,False,12.0
2024-07-07 14:00:00,78179.0,12.0,False,12.0
2024-07-07 15:00:00,78193.0,14.0,False,14.0
2024-07-07 16:00:00,78205.0,12.0,False,12.0
2024-07-07 17:00:00,78219.0,14.0,False,14.0
2024-07-07 18:00:00,78235.0,16.0,False,16.0
2024-07-07 19:00:00,78252.0,17.0,False,17.0
2024-07-07 20:00:00,78268.0,16.0,False,16.0
2024-07-07 21:00:00,78283.0,15.0,False,15.0
2024-07-07 22:00:00,78297.0,14.0,False,14.0
2024-07-07 23:00:00,78306.0,9.0,False,9.0
2024-07-08 00:00:00,78313.0,7.0,False,7.0
2024-07-08 01:00:00,78322.0,9.0,False,9.0
2024-07-08 02:00:00,78331.0,9.0,False,9.0
2024-07-08 03:00:00,78341.0,10.0,False,10.0
2024-07-08 04:00:00,78351.0,10.0,False,10.0
2024-07-08 05:00:00,78360.0,9.0,False,9.0
2024-07-08 06:00:00,78370.0,10.0,False,10.0
2024-07-08 07:00:00,78379.0,9.0,False,9.0
2024-07-08 08:00:00,78391.0,12.0,False,12.0
2024-07-08 09:00:00,78409.0,18.0,False,18.0
2024-07-08 10:00:00,78431.0,22.0,False,22.0
2024-07-08 11:00:00,78455.0,24.0,False,24.0
2024-07-08 12:00:00,78478.0,23.0,False,23.0
2024-07-08 13:00:00,78495.0,17.0,False,17.0
2024-07-08 14:00:00,78514.0,19.0,False,19.0
2024-07-08 15:00:00,78540.0,26.0,False,26.0
2024-07-08 16:00:00,78573.0,33.0,False,33.0
2024-07-08 17:00:00,78606.0,33.0,False,33.0
2024-07-08 18:00:00,78629.0,23.0,False,23.0
2024-07-08 19:00:00,78648.0,19.0,False,19.0
2024-07-08 20:00:00,78666.0,18.0,False,18.0
2024-07-08 21:00:00,78683.0,17.0,False,17.0
2024-07-08 22:00:00,78698.0,15.0,False,15.0
2024-07-08 23:00:00,78707.0,9.0,False,9.0
2024-07-09 00:00:00,78713.0,6.0,False,6.0
2024-07-09 01:00:00,78719.0,6.0,False,6.0
2024-07-09 02:00:00,78724.0,5.0,False,5.0
2024-07-09 03:00:00,78730.0,6.0,False,6.0
2024-07-09 04:00:00,78735.0,5.0,False,5.0
2024-07-09 05:00:00,78741.0,6.0,False,6.0
2024-07-09 06:00:00,78746.0,5.0,False,5.0
2024-07-09 07:00:00,78753.0,7.0,False,7.0
2024-07-09 08:00:00,78760.0,7.0,False,7.0
2024-07-09 09:00:00,78775.0,15.0,False,15.0
2024-07-09 10:00:00,78806.0,31.0,False,31.0
2024-07-09 11:00:00,78837.0,31.0,False,31.0
2024-07-09 12:00:00,78867.0,30.0,False,30.0
2024-07-09 13:00:00,78891.0,24.0,False,24.0
2024-07-09 14:00:00,78919.0,28.0,False,28.0
2024-07-09 15:00:00,78962.0,43.0,False,43.0
2024-07-09 16:00:00,79008.0,46.0,False,46.0
2024-07-09 17:00:00,79048.0,40.0,False,40.0
2024-07-09 18:00:00,79082.0,34.0,False,34.0
2024-07-09 19:00:00,79108.0,26.0,False,26.0
2024-07-09 20:00:00,79133.0,25.0,False,25.0
2024-07-09 21:00:00,79157.0,24.0,False,24.0
2024-07-09 22:00:00,79180.0,23.0,False,23.0
2024-07-09 23:00:00,79190.0,10.0,False,10.0
2024-07-10 00:00:00,79196.0,6.0,False,6.0
2024-07-10 01:00:00,79201.0,5.0,False,5.0
2024-07-10 02:00:00,79207.0,6.0,False,6.0
2024-07-10 03:00:00,79212.0,5.0,False,5.0
2024-07-10 04:00:00,79218.0,6.0,False,6.0
2024-07-10 05:00:00,79223.0,5.0,False,5.0
2024-07-10 06:00:00,79229.0,6.0,False,6.0
2024-07-10 07:00:00,79236.0,7.0,False,7.0
2024-07-10 08:00:00,79244.0,8.0,False,8.0
2024-07-10 09:00:00,79260.0,16.0,False,16.0
2024-07-10 10:00:00,79275.0,15.0,False,15.0
2024-07-10 11:00:00,79294.0,19.0,False,19.0
2024-07-10 12:00:00,79313.0,19.0,False,19.0
2024-07-10 13:00:00,79333.0,20.0,False,20.0
2024-07-10 14:00:00,79352.0,19.0,False,19.0
2024-07-10 15:00:00,79372.0,20.0,False,20.0
2024-07-10 16:00:00,79394.0,22.0,False,22.0
2024-07-10 17:00:00,79414.0,20.0,False,20.0
2024-07-10 18:00:00,79437.0,23.0,False,23.0
2024-07-10 19:00:00,79457.0,20.0,False,20.0
2024-07-10 20:00:00,79476.0,19.0,False,19.0
2024-07-10 21:00:00,79496.0,20.0,False,20.0
2024-07-10 22:00:00,79514.0,18.0,False,18.0
2024-07-10 23:00:00,79523.0,9.0,False,9.0
2024-07-11 00:00:00,79527.0,4.0,False,4.0
2024-07-11 01:00:00,79532.0,5.0,False,5.0
2024-07-11 02:00:00,79536.0,4.0,False,4.0
2024-07-11 03:00:00,79540.0,4.0,False,4.0
2024-07-11 04:00:00,79545.0,5.0,False,5.0
2024-07-11 05:00:00,79549.0,4.0,False,4.0
2024-07-11 06:00:00,79553.0,4.0,False,4.0
2024-07-11 07:00:00,79559.0,6.0,False,6.0
2024-07-11 08:00:00,79565.0,6.0,False,6.0
2024-07-11 09:00:00,79581.0,16.0,False,16.0
2024-07-11 10:00:00,79604.0,23.0,False,23.0
2024-07-11 11:00:00,79633.0,29.0,True,20.71
2024-07-11 12:00:00,79660.0,27.0,False,27.0
2024-07-11 13:00:00,79684.0,24.0,False,24.0
2024-07-11 14:00:00,79708.0,24.0,False,24.0
2024-07-11 15:00:00,79734.0,26.0,False,26.0
2024-07-11 16:00:00,79761.0,27.0,False,27.0
2024-07-11 17:00:00,79791.0,30.0,True,25.43
2024-07-11 18:00:00,79817.0,26.0,False,26.0
2024-07-11 19:00:00,79842.0,25.0,False,25.0
2024-07-11 20:00:00,79866.0,24.0,False,24.0
2024-07-11 21:00:00,79891.0,25.0,True,18.29
2024-07-11 22:00:00,79912.0,21.0,False,21.0
2024-07-11 23:00:00,79921.0,9.0,False,9.0
2024-07-12 00:00:00,79926.0,5.0,False,5.0
2024-07-12 01:00:00,79931.0,5.0,False,5.0
2024-07-12 02:00:00,79936.0,5.0,False,5.0
2024-07-12 03:00:00,79942.0,6.0,False,6.0
2024-07-12 04:00:00,79947.0,5.0,False,5.0
2024-07-12 05:00:00,79952.0,5.0,False,5.0
2024-07-12 06:00:00,79957.0,5.0,False,5.0
2024-07-12 07:00:00,79962.0,5.0,False,5.0
2024-07-12 08:00:00,79967.0,5.0,False,5.0
2024-07-12 09:00:00,79992.0,25.0,True,14.0
2024-07-12 10:00:00,80017.0,25.0,True,18.86
2024-07-12 11:00:00,80044.0,27.0,True,19.67
2024-07-12 12:00:00,80072.0,28.0,True,20.43
2024-07-12 13:00:00,80095.0,23.0,True,17.71
2024-07-12 14:00:00,80118.0,23.0,True,18.86
2024-07-12 15:00:00,80146.0,28.0,True,23.29
2024-07-12 16:00:00,80175.0,29.0,True,25.57
2024-07-12 17:00:00,80203.0,28.0,True,24.33
2024-07-12 18:00:00,80227.0,24.0,True,22.86
2024-07-12 19:00:00,80248.0,21.0,True,20.14
2024-07-12 20:00:00,80267.0,19.0,True,19.43
2024-07-12 21:00:00,80287.0,20.0,True,18.33
2024-07-12 22:00:00,80308.0,21.0,True,16.71
2024-07-12 23:00:00,80314.0,6.0,False,6.0
2024-07-13 00:00:00,80318.0,4.0,False,4.0
2024-07-13 01:00:00,80322.0,4.0,False,4.0
2024-07-13 02:00:00,80326.0,4.0,False,4.0
2024-07-13 03:00:00,80330.0,4.0,False,4.0
2024-07-13 04:00:00,80334.0,4.0,False,4.0
2024-07-13 05:00:00,80338.0,4.0,False,4.0
2024-07-13 06:00:00,80341.0,3.0,False,3.0
2024-07-13 07:00:00,80345.0,4.0,False,4.0
2024-07-13 08:00:00,80348.0,3.0,False,3.0
2024-07-13 09:00:00,80354.0,6.0,False,6.0
2024-07-13 10:00:00,80361.0,7.0,False,7.0
2024-07-13 11:00:00,80379.0,18.0,True,19.0
2024-07-13 12:00:00,80396.0,17.0,True,20.33
2024-07-13 13:00:00,80412.0,16.0,True,17.67
2024-07-13 14:00:00,80429.0,17.0,True,18.83
2024-07-13 15:00:00,80447.0,18.0,True,23.5
2024-07-13 16:00:00,80457.0,10.0,False,10.0
2024-07-13 17:00:00,80467.0,10.0,False,10.0
2024-07-13 18:00:00,80478.0,11.0,False,11.0
2024-07-13 19:00:00,80484.0,6.0,False,6.0
2024-07-13 20:00:00,80490.0,6.0,False,6.0
2024-07-13 21:00:00,80498.0,8.0,False,8.0
2024-07-13 22:00:00,80506.0,8.0,False,8.0
2024-07-13 23:00:00,80510.0,4.0,False,4.0
2024-07-14 00:00:00,80513.0,3.0,False,3.0
2024-07-14 01:00:00,80516.0,3.0,False,3.0
2024-07-14 02:00:00,80519.0,3.0,False,3.0
2024-07-14 03:00:00,80522.0,3.0,False,3.0
2024-07-14 04:00:00,80525.0,3.0,False,3.0
2024-07-14 05:00:00,80528.0,3.0,False,3.0
2024-07-14 06:00:00,80531.0,3.0,False,3.0
2024-07-14 07:00:00,80534.0,3.0,False,3.0
2024-07-14 08:00:00,80537.0,3.0,False,3.0
2024-07-14 09:00:00,80542.0,5.0,False,5.0
2024-07-14 10:00:00,80550.0,8.0,False,8.0
2024-07-14 11:00:00,80559.0,9.0,False,9.0
2024-07-14 12:00:00,80567.0,8.0,False,8.0
2024-07-14 13:00:00,80574.0,7.0,False,7.0
2024-07-14 14:00:00,80580.0,6.0,False,6.0
2024-07-14 15:00:00,80587.0,7.0,False,7.0
2024-07-14 16:00:00,80594.0,7.0,False,7.0
2024-07-14 17:00:00,80602.0,8.0,False,8.0
2024-07-14 18:00:00,80607.0,5.0,False,5.0
2024-07-14 19:00:00,80613.0,6.0,False,6.0
2024-07-14 20:00:00,80617.0,4.0,False,4.0
2024-07-14 21:00:00,80621.0,4.0,False,4.0
2024-07-14 22:00:00,80624.0,3.0,False,3.0
2024-07-14 23:00:00,80628.0,4.0,False,4.0
2024-07-15 00:00:00,80632.0,4.0,False,4.0
2024-07-15 01:00:00,80636.0,4.0,False,4.0
2024-07-15 02:00:00,80640.0,4.0,False,4.0
2024-07-15 03:00:00,80644.0,4.0,False,4.0
2024-07-15 04:00:00,80648.0,4.0,False,4.0
2024-07-15 05:00:00,80652.0,4.0,False,4.0
2024-07-15 06:00:00,80655.0,3.0,False,3.0
2024-07-15 07:00:00,80659.0,4.0,False,4.0
2024-07-15 08:00:00,80663.0,4.0,False,4.0
2024-07-15 09:00:00,80669.0,6.0,False,6.0
2024-07-15 10:00:00,80677.0,8.0,True,17.67
2024-07-15 11:00:00,80685.0,8.0,True,20.75
2024-07-15 12:00:00,80694.0,9.0,True,21.4
2024-07-15 13:00:00,80701.0,7.0,False,7.0
2024-07-15 14:00:00,80710.0,9.0,True,19.2
2024-07-15 15:00:00,80720.0,10.0,True,24.4
2024-07-15 16:00:00,80729.0,9.0,True,24.17
2024-07-15 17:00:00,80737.0,8.0,True,22.2
2024-07-15 18:00:00,80745.0,8.0,True,20.33
2024-07-15 19:00:00,80751.0,6.0,False,6.0
2024-07-15 20:00:00,80755.0,4.0,False,4.0
2024-07-15 21:00:00,80759.0,4.0,False,4.0
2024-07-15 22:00:00,80764.0,5.0,False,5.0
2024-07-15 23:00:00,80768.0,4.0,False,4.0
2024-07-16 00:00:00,80772.0,4.0,False,4.0
2024-07-16 01:00:00,80775.0,3.0,False,3.0
2024-07-16 02:00:00,80778.0,3.0,False,3.0
2024-07-16 03:00:00,80781.0,3.0,False,3.0
2024-07-16 04:00:00,80784.0,3.0,False,3.0
2024-07-16 05:00:00,80787.0,3.0,False,3.0
2024-07-16 06:00:00,80790.0,3.0,False,3.0
2024-07-16 07:00:00,80793.0,3.0,False,3.0
2024-07-16 08:00:00,80796.0,3.0,False,3.0
2024-07-16 09:00:00,80801.0,5.0,False,5.0
2024-07-16 10:00:00,80805.0,4.0,False,4.0
2024-07-16 11:00:00,80809.0,4.0,False,4.0
2024-07-16 12:00:00,80813.0,4.0,False,4.0
2024-07-16 13:00:00,80817.0,4.0,False,4.0
2024-07-16 14:00:00,80820.0,3.0,False,3.0
2024-07-16 15:00:00,80825.0,5.0,False,5.0
2024-07-16 16:00:00,80829.0,4.0,False,4.0
2024-07-16 17:00:00,80834.0,5.0,False,5.0
2024-07-16 18:00:00,80838.0,4.0,False,4.0
2024-07-16 19:00:00,80841.0,3.0,False,3.0
2024-07-16 20:00:00,80843.0,2.0,False,2.0
2024-07-16 21:00:00,80847.0,4.0,False,4.0
2024-07-16 22:00:00,80854.0,7.0,False,7.0
2024-07-16 23:00:00,80858.0,4.0,False,4.0
2024-07-17 00:00:00,80861.0,3.0,False,3.0
2024-07-17 01:00:00,80865.0,4.0,False,4.0
2024-07-17 02:00:00,80869.0,4.0,False,4.0
2024-07-17 03:00:00,80873.0,4.0,False,4.0
2024-07-17 04:00:00,80876.0,3.0,False,3.0
2024-07-17 05:00:00,80879.0,3.0,False,3.0
2024-07-17 06:00:00,80882.0,3.0,False,3.0
2024-07-17 07:00:00,80885.0,3.0,False,3.0
2024-07-17 08:00:00,80888.0,3.0,False,3.0
2024-07-17 09:00:00,80891.0,3.0,False,3.0
2024-07-17 10:00:00,80895.0,4.0,False,4.0
2024-07-17 11:00:00,80899.0,4.0,False,4.0
2024-07-17 12:00:00,80905.0,6.0,False,6.0
2024-07-17 13:00:00,80911.0,6.0,False,6.0
2024-07-17 14:00:00,80916.0,5.0,False,5.0
2024-07-17 15:00:00,80920.0,4.0,False,4.0
2024-07-17 16:00:00,80924.0,4.0,False,4.0
2024-07-17 17:00:00,80927.0,3.0,False,3.0
2024-07-17 18:00:00,80931.0,4.0,False,4.0
2024-07-17 19:00:00,80935.0,4.0,False,4.0
2024-07-17 20:00:00,80939.0,4.0,False,4.0
2024-07-17 21:00:00,80943.0,4.0,False,4.0
2024-07-17 22:00:00,80946.0,3.0,False,3.0
2024-07-17 23:00:00,80949.0,3.0,False,3.0
2024-07-18 00:00:00,80952.0,3.0,False,3.0
2024-07-18 01:00:00,80955.0,3.0,False,3.0
2024-07-18 02:00:00,80957.0,2.0,False,2.0
2024-07-18 03:00:00,80960.0,3.0,False,3.0
2024-07-18 04:00:00,80963.0,3.0,False,3.0
2024-07-18 05:00:00,80966.0,3.0,False,3.0
2024-07-18 06:00:00,80969.0,3.0,False,3.0
2024-07-18 07:00:00,80972.0,3.0,False,3.0
2024-07-18 08:00:00,80975.0,3.0,False,3.0
2024-07-18 09:00:00,80977.0,2.0,False,2.0
2024-07-18 10:00:00,80981.0,4.0,False,4.0
2024-07-18 11:00:00,80985.0,4.0,False,4.0
2024-07-18 12:00:00,80989.0,4.0,False,4.0
2024-07-18 13:00:00,80993.0,4.0,False,4.0
2024-07-18 14:00:00,80997.0,4.0,False,4.0
2024-07-18 15:00:00,81002.0,5.0,False,5.0
2024-07-18 16:00:00,81006.0,4.0,False,4.0
2024-07-18 17:00:00,81010.0,4.0,False,4.0
2024-07-18 18:00:00,81014.0,4.0,False,4.0
2024-07-18 19:00:00,81018.0,4.0,False,4.0
2024-07-18 20:00:00,81021.0,3.0,False,3.0
2024-07-18 21:00:00,81024.0,3.0,False,3.0
2024-07-18 22:00:00,81027.0,3.0,False,3.0
2024-07-18 23:00:00,81030.0,3.0,False,3.0
2024-07-19 00:00:00,81033.0,3.0,False,3.0
2024-07-19 01:00:00,81036.0,3.0,False,3.0
2024-07-19 02:00:00,81039.0,3.0,False,3.0
2024-07-19 03:00:00,81042.0,3.0,False,3.0
2024-07-19 04:00:00,81045.0,3.0,False,3.0
2024-07-19 05:00:00,81048.0,3.0,False,3.0
2024-07-19 06:00:00,81051.0,3.0,False,3.0
2024-07-19 07:00:00,81054.0,3.0,False,3.0
2024-07-19 08:00:00,81057.0,3.0,False,3.0
2024-07-19 09:00:00,81060.0,3.0,False,3.0
2024-07-19 10:00:00,81065.0,5.0,False,5.0
2024-07-19 11:00:00,81072.0,7.0,False,7.0
2024-07-19 12:00:00,81076.0,4.0,False,4.0
2024-07-19 13:00:00,81081.0,5.0,False,5.0
2024-07-19 14:00:00,81086.0,5.0,False,5.0
2024-07-19 15:00:00,81091.0,5.0,False,5.0
2024-07-19 16:00:00,81097.0,6.0,False,6.0
2024-07-19 17:00:00,81102.0,5.0,False,5.0
2024-07-19 18:00:00,81107.0,5.0,False,5.0
2024-07-19 19:00:00,81113.0,6.0,False,6.0
2024-07-19 20:00:00,81117.0,4.0,False,4.0
2024-07-19 21:00:00,81120.0,3.0,False,3.0
2024-07-19 22:00:00,81123.0,3.0,False,3.0
2024-07-19 23:00:00,81126.0,3.0,False,3.0
2024-07-20 00:00:00,81130.0,4.0,False,4.0
2024-07-20 01:00:00,81133.0,3.0,False,3.0
2024-07-20 02:00:00,81136.0,3.0,False,3.0
2024-07-20 03:00:00,81138.0,2.0,False,2.0
2024-07-20 04:00:00,81141.0,3.0,False,3.0
2024-07-20 05:00:00,81144.0,3.0,False,3.0
2024-07-20 06:00:00,81147.0,3.0,False,3.0
2024-07-20 07:00:00,81150.0,3.0,False,3.0
2024-07-20 08:00:00,81153.0,3.0,False,3.0
2024-07-20 09:00:00,81156.0,3.0,False,3.0
2024-07-20 10:00:00,81160.0,4.0,False,4.0
2024-07-20 11:00:00,81163.0,3.0,False,3.0
2024-07-20 12:00:00,81167.0,4.0,False,4.0
2024-07-20 13:00:00,81171.0,4.0,False,4.0
2024-07-20 14:00:00,81174.0,3.0,False,3.0
2024-07-20 15:00:00,81177.0,3.0,False,3.0
2024-07-20 16:00:00,81180.0,3.0,False,3.0
2024-07-20 17:00:00,81183.0,3.0,False,3.0
2024-07-20 18:00:00,81186.0,3.0,False,3.0
2024-07-20 19:00:00,81189.0,3.0,False,3.0
2024-07-20 20:00:00,81193.0,4.0,False,4.0
2024-07-20 21:00:00,81197.0,4.0,False,4.0
2024-07-20 22:00:00,81200.0,3.0,False,3.0
2024-07-20 23:00:00,81203.0,3.0,False,3.0
2024-07-21 00:00:00,81206.0,3.0,False,3.0
2024-07-21 01:00:00,81209.0,3.0,False,3.0
2024-07-21 02:00:00,81212.0,3.0,False,3.0
2024-07-21 03:00:00,81215.0,3.0,False,3.0
2024-07-21 04:00:00,81218.0,3.0,False,3.0
2024-07-21 05:00:00,81221.0,3.0,False,3.0
2024-07-21 06:00:00,81224.0,3.0,False,3.0
2024-07-21 07:00:00,81227.0,3.0,False,3.0
2024-07-21 08:00:00,81230.0,3.0,False,3.0
2024-07-21 09:00:00,81233.0,3.0,False,3.0
2024-07-21 10:00:00,81235.0,2.0,False,2.0
2024-07-21 11:00:00,81239.0,4.0,False,4.0
2024-07-21 12:00:00,81244.0,5.0,False,5.0
2024-07-21 13:00:00,81250.0,6.0,False,6.0
2024-07-21 14:00:00,81254.0,4.0,False,4.0
2024-07-21 15:00:00,81258.0,4.0,False,4.0
2024-07-21 16:00:00,81262.0,4.0,False,4.0
2024-07-21 17:00:00,81266.0,4.0,False,4.0
2024-07-21 18:00:00,81270.0,4.0,False,4.0
2024-07-21 19:00:00,81275.0,5.0,False,5.0
2024-07-21 20:00:00,81279.0,4.0,False,4.0
2024-07-21 21:00:00,81279.0,,False,3.71
2024-07-21 22:00:00,81279.0,,False,3.86
2024-07-21 23:00:00,81279.0,,False,3.43
2024-07-22 00:00:00,81279.0,,False,3.43
2024-07-22 01:00:00,81279.0,,False,3.29
2024-07-22 02:00:00,81279.0,,False,3.14
2024-07-22 03:00:00,81279.0,,False,3.14
2024-07-22 04:00:00,81279.0,,False,3.14
2024-07-22 05:00:00,81279.0,,False,3.14
2024-07-22 06:00:00,81279.0,,False,3.0
2024-07-22 07:00:00,81281.0,2.0,False,2.0
2024-07-22 08:00:00,81285.0,4.0,False,4.0
2024-07-22 09:00:00,81289.0,4.0,False,4.0
2024-07-22 10:00:00,81292.0,3.0,False,3.0
2024-07-22 11:00:00,81295.0,3.0,False,3.0
2024-07-22 12:00:00,81299.0,4.0,False,4.0
2024-07-22 13:00:00,81302.0,3.0,False,3.0
2024-07-22 14:00:00,81305.0,3.0,False,3.0
2024-07-22 15:00:00,81308.0,3.0,False,3.0
2024-07-22 16:00:00,81312.0,4.0,False,4.0
2024-07-22 17:00:00,81315.0,3.0,False,3.0
2024-07-22 18:00:00,81317.0,2.0,False,2.0
2024-07-22 19:00:00,81320.0,3.0,False,3.0
2024-07-22 20:00:00,81324.0,4.0,False,4.0
2024-07-22 21:00:00,81327.0,3.0,False,3.0
2024-07-22 22:00:00,81330.0,3.0,False,3.0
2024-07-22 23:00:00,81333.0,3.0,False,3.0
2024-07-23 00:00:00,81336.0,3.0,False,3.0
2024-07-23 01:00:00,81339.0,3.0,False,3.0
2024-07-23 02:00:00,81342.0,3.0,False,3.0
2024-07-23 03:00:00,81345.0,3.0,False,3.0
2024-07-23 04:00:00,81348.0,3.0,False,3.0
2024-07-23 05:00:00,81351.0,3.0,False,3.0
2024-07-23 06:00:00,81354.0,3.0,False,3.0
2024-07-23 07:00:00,81356.0,2.0,False,2.0
2024-07-23 08:00:00,81359.0,3.0,False,3.0
2024-07-23 09:00:00,81362.0,3.0,False,3.0
2024-07-23 10:00:00,81376.0,14.0,False,14.0
2024-07-23 11:00:00,81413.0,37.0,False,37.0
2024-07-23 12:00:00,81421.0,8.0,False,8.0
2024-07-23 13:00:00,81424.0,3.0,False,3.0
2024-07-23 14:00:00,81426.0,2.0,False,2.0
2024-07-23 15:00:00,81435.0,9.0,False,9.0
2024-07-23 16:00:00,81458.0,23.0,False,23.0
2024-07-23 17:00:00,81467.0,9.0,False,9.0
2024-07-23 18:00:00,81470.0,3.0,False,3.0
2024-07-23 19:00:00,81474.0,4.0,False,4.0
2024-07-23 20:00:00,81477.0,3.0,False,3.0
2024-07-23 21:00:00,81480.0,3.0,False,3.0
2024-07-23 22:00:00,81483.0,3.0,False,3.0
2024-07-23 23:00:00,81486.0,3.0,False,3.0
2024-07-24 00:00:00,81488.0,2.0,False,2.0
2024-07-24 01:00:00,81491.0,3.0,False,3.0
2024-07-24 02:00:00,81493.0,2.0,False,2.0
2024-07-24 03:00:00,81496.0,3.0,False,3.0
2024-07-24 04:00:00,81499.0,3.0,False,3.0
2024-07-24 05:00:00,81501.0,2.0,False,2.0
2024-07-24 06:00:00,81504.0,3.0,False,3.0
2024-07-24 07:00:00,81506.0,2.0,False,2.0
2024-07-24 08:00:00,81509.0,3.0,False,3.0
2024-07-24 09:00:00,81532.0,23.0,False,23.0
2024-07-24 10:00:00,81559.0,27.0,False,27.0
2024-07-24 11:00:00,81575.0,16.0,False,16.0
2024-07-24 12:00:00,81584.0,9.0,False,9.0
2024-07-24 13:00:00,81587.0,3.0,False,3.0
2024-07-24 14:00:00,81590.0,3.0,False,3.0
2024-07-24 15:00:00,81595.0,5.0,False,5.0
2024-07-24 16:00:00,81605.0,10.0,False,10.0
2024-07-24 17:00:00,81615.0,10.0,False,10.0
2024-07-24 18:00:00,81622.0,7.0,False,7.0
2024-07-24 19:00:00,81627.0,5.0,False,5.0
2024-07-24 20:00:00,81630.0,3.0,False,3.0
2024-07-24 21:00:00,81633.0,3.0,False,3.0
2024-07-24 22:00:00,81637.0,4.0,False,4.0
2024-07-24 23:00:00,81640.0,3.0,False,3.0
2024-07-25 00:00:00,81643.0,3.0,False,3.0
2024-07-25 01:00:00,81646.0,3.0,False,3.0
2024-07-25 02:00:00,81649.0,3.0,False,3.0
2024-07-25 03:00:00,81652.0,3.0,False,3.0
2024-07-25 04:00:00,81655.0,3.0,False,3.0
2024-07-25 05:00:00,81658.0,3.0,False,3.0
2024-07-25 06:00:00,81661.0,3.0,False,3.0
2024-07-25 07:00:00,81664.0,3.0,False,3.0
2024-07-25 08:00:00,81667.0,3.0,False,3.0
2024-07-25 09:00:00,81670.0,3.0,False,3.0
2024-07-25 10:00:00,81684.0,14.0,False,14.0
2024-07-25 11:00:00,81688.0,4.0,False,4.0
2024-07-25 12:00:00,81692.0,4.0,False,4.0
2024-07-25 13:00:00,81694.0,2.0,False,2.0
2024-07-25 14:00:00,81697.0,3.0,False,3.0
2024-07-25 15:00:00,81700.0,3.0,False,3.0
2024-07-25 16:00:00,81703.0,3.0,False,3.0
2024-07-25 17:00:00,81706.0,3.0,False,3.0
2024-07-25 18:00:00,81709.0,3.0,False,3.0
2024-07-25 19:00:00,81712.0,3.0,False,3.0
2024-07-25 20:00:00,81715.0,3.0,False,3.0
2024-07-25 21:00:00,81718.0,3.0,False,3.0
2024-07-25 22:00:00,81721.0,3.0,False,3.0
2024-07-25 23:00:00,81724.0,3.0,False,3.0
2024-07-26 00:00:00,81727.0,3.0,False,3.0
2024-07-26 01:00:00,81730.0,3.0,False,3.0
2024-07-26 02:00:00,81733.0,3.0,False,3.0
2024-07-26 03:00:00,81737.0,4.0,True,2.83
2024-07-26 04:00:00,81740.0,3.0,False,3.0
2024-07-26 05:00:00,81742.0,2.0,True,2.83
2024-07-26 06:00:00,81745.0,3.0,False,3.0
2024-07-26 07:00:00,81748.0,3.0,False,3.0
2024-07-26 08:00:00,81751.0,3.0,False,3.0
2024-07-26 09:00:00,81754.0,3.0,False,3.0
2024-07-26 10:00:00,81757.0,3.0,False,3.0
2024-07-26 11:00:00,81759.0,2.0,True,10.57
2024-07-26 12:00:00,81762.0,3.0,False,3.0
2024-07-26 13:00:00,81765.0,3.0,False,3.0
2024-07-26 14:00:00,81768.0,3.0,False,3.0
2024-07-26 15:00:00,81771.0,3.0,False,3.0
2024-07-26 16:00:00,81774.0,3.0,False,3.0
2024-07-26 17:00:00,81777.0,3.0,False,3.0
2024-07-26 18:00:00,81779.0,2.0,True,3.86
2024-07-26 19:00:00,81782.0,3.0,False,3.0
2024-07-26 20:00:00,81786.0,4.0,True,3.57
2024-07-26 21:00:00,81789.0,3.0,False,3.0
2024-07-26 22:00:00,81792.0,3.0,False,3.0
2024-07-26 23:00:00,81795.0,3.0,False,3.0
2024-07-27 00:00:00,81798.0,3.0,False,3.0
2024-07-27 01:00:00,81801.0,3.0,False,3.0
2024-07-27 02:00:00,81804.0,3.0,False,3.0
2024-07-27 03:00:00,81806.0,2.0,True,2.8
2024-07-27 04:00:00,81809.0,3.0,False,3.0
2024-07-27 05:00:00,81812.0,3.0,False,3.0
2024-07-27 06:00:00,81814.0,2.0,True,3.0
2024-07-27 07:00:00,81816.0,2.0,True,2.57
2024-07-27 08:00:00,81819.0,3.0,False,3.0
2024-07-27 09:00:00,81821.0,2.0,True,6.0
2024-07-27 10:00:00,81823.0,2.0,True,9.57
2024-07-27 11:00:00,81826.0,3.0,False,3.0
2024-07-27 12:00:00,81828.0,2.0,True,5.29
2024-07-27 13:00:00,81830.0,2.0,True,3.43
2024-07-27 14:00:00,81833.0,3.0,False,3.0
2024-07-27 15:00:00,81835.0,2.0,True,4.29
2024-07-27 16:00:00,81837.0,2.0,True,7.14
2024-07-27 17:00:00,81839.0,2.0,True,5.0
2024-07-27 18:00:00,81842.0,3.0,False,3.0
2024-07-27 19:00:00,81844.0,2.0,True,3.71
2024-07-27 20:00:00,81846.0,2.0,True,3.5
2024-07-27 21:00:00,81849.0,3.0,False,3.0
2024-07-27 22:00:00,81851.0,2.0,True,3.17
2024-07-27 23:00:00,81854.0,3.0,False,3.0
2024-07-28 00:00:00,81857.0,3.0,False,3.0
2024-07-28 01:00:00,81859.0,2.0,True,3.0
2024-07-28 02:00:00,81862.0,3.0,False,3.0
2024-07-28 03:00:00,81864.0,2.0,False,2.0
2024-07-28 04:00:00,81867.0,3.0,False,3.0
2024-07-28 05:00:00,81869.0,2.0,False,2.0
2024-07-28 06:00:00,81872.0,3.0,False,3.0
2024-07-28 07:00:00,81874.0,2.0,False,2.0
2024-07-28 08:00:00,81876.0,2.0,False,2.0
2024-07-28 09:00:00,81879.0,3.0,False,3.0
2024-07-28 10:00:00,81881.0,2.0,False,2.0
2024-07-28 11:00:00,81883.0,2.0,False,2.0
2024-07-28 12:00:00,81885.0,2.0,False,2.0
2024-07-28 13:00:00,81887.0,2.0,False,2.0
2024-07-28 14:00:00,81889.0,2.0,False,2.0
2024-07-28 15:00:00,81892.0,3.0,False,3.0
2024-07-28 16:00:00,81894.0,2.0,False,2.0
2024-07-28 17:00:00,81896.0,2.0,False,2.0
2024-07-28 18:00:00,81898.0,2.0,False,2.0
2024-07-28 19:00:00,81900.0,2.0,False,2.0
2024-07-28 20:00:00,81903.0,3.0,False,3.0
2024-07-28 21:00:00,81905.0,2.0,False,2.0
2024-07-28 22:00:00,81908.0,3.0,False,3.0
2024-07-28 23:00:00,81910.0,2.0,False,2.0
2024-07-29 00:00:00,81913.0,3.0,False,3.0
2024-07-29 01:00:00,81915.0,2.0,False,2.0
2024-07-29 02:00:00,81918.0,3.0,False,3.0
2024-07-29 03:00:00,81920.0,2.0,False,2.0
2024-07-29 04:00:00,81923.0,3.0,True,3.0
2024-07-29 05:00:00,81925.0,2.0,False,2.0
2024-07-29 06:00:00,81927.0,2.0,False,2.0
2024-07-29 07:00:00,81930.0,3.0,True,2.33
2024-07-29 08:00:00,81932.0,2.0,False,2.0
2024-07-29 09:00:00,81934.0,2.0,False,2.0
2024-07-29 10:00:00,81937.0,3.0,True,10.5
2024-07-29 11:00:00,81940.0,3.0,True,10.83
2024-07-29 12:00:00,81946.0,6.0,True,5.0
2024-07-29 13:00:00,81952.0,6.0,True,2.67
2024-07-29 14:00:00,81957.0,5.0,True,2.71
2024-07-29 15:00:00,81961.0,4.0,True,4.33
2024-07-29 16:00:00,81963.0,2.0,False,2.0
2024-07-29 17:00:00,81966.0,3.0,True,5.0
2024-07-29 18:00:00,81969.0,3.0,True,3.33
2024-07-29 19:00:00,81972.0,3.0,True,3.33
2024-07-29 20:00:00,81974.0,2.0,False,2.0
2024-07-29 21:00:00,81977.0,3.0,True,2.86
2024-07-29 22:00:00,81979.0,2.0,False,2.0
2024-07-29 23:00:00,81982.0,3.0,True,2.86
2024-07-30 00:00:00,81984.0,2.0,False,2.0
2024-07-30 01:00:00,81987.0,3.0,True,2.83
2024-07-30 02:00:00,81990.0,3.0,True,2.86
2024-07-30 03:00:00,81992.0,2.0,False,2.0
2024-07-30 04:00:00,81995.0,3.0,True,3.0
2024-07-30 05:00:00,81997.0,2.0,False,2.0
2024-07-30 06:00:00,81999.0,2.0,False,2.0
2024-07-30 07:00:00,82002.0,3.0,True,2.4
2024-07-30 08:00:00,82004.0,2.0,False,2.0
2024-07-30 09:00:00,82006.0,2.0,False,2.0
2024-07-30 10:00:00,82008.0,2.0,False,2.0
2024-07-30 11:00:00,82011.0,3.0,True,12.4
2024-07-30 12:00:00,82013.0,2.0,False,2.0
2024-07-30 13:00:00,82015.0,2.0,False,2.0
2024-07-30 14:00:00,82017.0,2.0,False,2.0
2024-07-30 15:00:00,82019.0,2.0,False,2.0
2024-07-30 16:00:00,82021.0,2.0,False,2.0
2024-07-30 17:00:00,82023.0,2.0,False,2.0
2024-07-30 18:00:00,82025.0,2.0,False,2.0
2024-07-30 19:00:00,82028.0,3.0,True,3.4
2024-07-30 20:00:00,82030.0,2.0,False,2.0
2024-07-30 21:00:00,82033.0,3.0,True,2.83
2024-07-30 22:00:00,82035.0,2.0,False,2.0
2024-07-30 23:00:00,82038.0,3.0,True,2.83
2024-07-31 00:00:00,82040.0,2.0,False,2.0
2024-07-31 01:00:00,82043.0,3.0,True,2.8
2024-07-31 02:00:00,82045.0,2.0,False,2.0
2024-07-31 03:00:00,82047.0,2.0,False,2.0
2024-07-31 04:00:00,82050.0,3.0,True,3.0
2024-07-31 05:00:00,82052.0,2.0,False,2.0
2024-07-31 06:00:00,82054.0,2.0,False,2.0
2024-07-31 07:00:00,82057.0,3.0,True,2.5
2024-07-31 08:00:00,82059.0,2.0,False,2.0
2024-07-31 09:00:00,82061.0,2.0,False,2.0
2024-07-31 10:00:00,82063.0,2.0,False,2.0
2024-07-31 11:00:00,82065.0,2.0,False,2.0
2024-07-31 12:00:00,82067.0,2.0,False,2.0
2024-07-31 13:00:00,82069.0,2.0,False,2.0
2024-07-31 14:00:00,82072.0,3.0,True,2.67
2024-07-31 15:00:00,82074.0,2.0,False,2.0
2024-07-31 16:00:00,82076.0,2.0,False,2.0
2024-07-31 17:00:00,82078.0,2.0,False,2.0
2024-07-31 18:00:00,82080.0,2.0,False,2.0
2024-07-31 19:00:00,82082.0,2.0,False,2.0
2024-07-31 20:00:00,82085.0,3.0,True,2.6
2024-07-31 21:00:00,82087.0,2.0,False,2.0
2024-07-31 22:00:00,82090.0,3.0,True,2.83
2024-07-31 23:00:00,82093.0,3.0,True,2.8
2024-08-01 00:00:00,82095.0,2.0,False,2.0
2024-08-01 01:00:00,82097.0,2.0,False,2.0
2024-08-01 02:00:00,82100.0,3.0,True,2.83
2024-08-01 03:00:00,82102.0,2.0,False,2.0
2024-08-01 04:00:00,82105.0,3.0,True,3.0
2024-08-01 05:00:00,82107.0,2.0,False,2.0
2024-08-01 06:00:00,82110.0,3.0,True,2.5
2024-08-01 07:00:00,82112.0,2.0,False,2.0
2024-08-01 08:00:00,82114.0,2.0,False,2.0
2024-08-01 09:00:00,82116.0,2.0,False,2.0
2024-08-01 10:00:00,82119.0,3.0,True,4.6
2024-08-01 11:00:00,82121.0,2.0,False,2.0
2024-08-01 12:00:00,82123.0,2.0,False,2.0
2024-08-01 13:00:00,82125.0,2.0,False,2.0
2024-08-01 14:00:00,82127.0,2.0,False,2.0
2024-08-01 15:00:00,82129.0,2.0,False,2.0
2024-08-01 16:00:00,82131.0,2.0,False,2.0
2024-08-01 17:00:00,82134.0,3.0,True,2.4
2024-08-01 18:00:00,82136.0,2.0,False,2.0
2024-08-01 19:00:00,82137.0,1.0,True,2.5
2024-08-01 20:00:00,82140.0,3.0,True,2.5
2024-08-01 21:00:00,82142.0,2.0,False,2.0
2024-08-01 22:00:00,82145.0,3.0,True,2.6
2024-08-01 23:00:00,82147.0,2.0,False,2.0
2024-08-02 00:00:00,82150.0,3.0,True,2.57
2024-08-02 01:00:00,82152.0,2.0,False,2.0
2024-08-02 02:00:00,82155.0,3.0,True,2.8
2024-08-02 03:00:00,82157.0,2.0,False,2.0
2024-08-02 04:00:00,82160.0,3.0,True,3.0
2024-08-02 05:00:00,82162.0,2.0,False,2.0
2024-08-02 06:00:00,82165.0,3.0,True,2.4
2024-08-02 07:00:00,82167.0,2.0,False,2.0
2024-08-02 08:00:00,82169.0,2.0,False,2.0
2024-08-02 09:00:00,82172.0,3.0,True,2.33
2024-08-02 10:00:00,82174.0,2.0,False,2.0
2024-08-02 11:00:00,82176.0,2.0,False,2.0
2024-08-02 12:00:00,82178.0,2.0,False,2.0
2024-08-02 13:00:00,82180.0,2.0,False,2.0
2024-08-02 14:00:00,82182.0,2.0,False,2.0
2024-08-02 15:00:00,82185.0,3.0,True,2.4
2024-08-02 16:00:00,82187.0,2.0,False,2.0
2024-08-02 17:00:00,82189.0,2.0,False,2.0
2024-08-02 18:00:00,82191.0,2.0,False,2.0
2024-08-02 19:00:00,82194.0,3.0,True,2.33
2024-08-02 20:00:00,82196.0,2.0,False,2.0
2024-08-02 21:00:00,82199.0,3.0,True,2.4
2024-08-02 22:00:00,82201.0,2.0,False,2.0
2024-08-02 23:00:00,82204.0,3.0,True,2.5
2024-08-03 00:00:00,82206.0,2.0,False,2.0
2024-08-03 01:00:00,82209.0,3.0,True,2.25
2024-08-03 02:00:00,82211.0,2.0,False,2.0
2024-08-03 03:00:00,82214.0,3.0,True,2.0
2024-08-03 04:00:00,82216.0,2.0,False,2.0
2024-08-03 05:00:00,82218.0,2.0,False,2.0
2024-08-03 06:00:00,82221.0,3.0,True,2.25
2024-08-03 07:00:00,82223.0,2.0,False,2.0
2024-08-03 08:00:00,82225.0,2.0,False,2.0
2024-08-03 09:00:00,82228.0,3.0,True,2.2
2024-08-03 10:00:00,82230.0,2.0,False,2.0
2024-08-03 11:00:00,82232.0,2.0,False,2.0
2024-08-03 12:00:00,82234.0,2.0,False,2.0
2024-08-03 13:00:00,82236.0,2.0,False,2.0
2024-08-03 14:00:00,82238.0,2.0,False,2.0
2024-08-03 15:00:00,82240.0,2.0,False,2.0
2024-08-03 16:00:00,82243.0,3.0,True,2.0
2024-08-03 17:00:00,82245.0,2.0,False,2.0
2024-08-03 18:00:00,82247.0,2.0,False,2.0
2024-08-03 19:00:00,82249.0,2.0,False,2.0
2024-08-03 20:00:00,82251.0,2.0,False,2.0
2024-08-03 21:00:00,82254.0,3.0,True,2.25
2024-08-03 22:00:00,82256.0,2.0,False,2.0
2024-08-03 23:00:00,82259.0,3.0,True,2.33
2024-08-04 00:00:00,82261.0,2.0,False,2.0
2024-08-04 01:00:00,82263.0,2.0,False,2.0
2024-08-04 02:00:00,82266.0,3.0,True,2.5
2024-08-04 03:00:00,82268.0,2.0,False,2.0
2024-08-04 04:00:00,82270.0,2.0,False,2.0
2024-08-04 05:00:00,82273.0,3.0,True,2.0
2024-08-04 06:00:00,82275.0,2.0,False,2.0
2024-08-04 07:00:00,82277.0,2.0,False,2.0
2024-08-04 08:00:00,82280.0,3.0,True,2.0
2024-08-04 09:00:00,82282.0,2.0,False,2.0
2024-08-04 10:00:00,82284.0,2.0,False,2.0
2024-08-04 11:00:00,82286.0,2.0,False,2.0
2024-08-04 12:00:00,82288.0,2.0,False,2.0
2024-08-04 13:00:00,82290.0,2.0,False,2.0
2024-08-04 14:00:00,82292.0,2.0,False,2.0
2024-08-04 15:00:00,82294.0,2.0,False,2.0
2024-08-04 16:00:00,82296.0,2.0,False,2.0
2024-08-04 17:00:00,82298.0,2.0,False,2.0
2024-08-04 18:00:00,82301.0,3.0,True,2.0
2024-08-04 19:00:00,82303.0,2.0,False,2.0
2024-08-04 20:00:00,82305.0,2.0,False,2.0
2024-08-04 21:00:00,82307.0,2.0,False,2.0
2024-08-04 22:00:00,82310.0,3.0,True,2.2
2024-08-04 23:00:00,82312.0,2.0,False,2.0
2024-08-05 00:00:00,82315.0,3.0,True,2.17
2024-08-05 01:00:00,82317.0,2.0,False,2.0
2024-08-05 02:00:00,82320.0,3.0,True,2.33
2024-08-05 03:00:00,82322.0,2.0,False,2.0
2024-08-05 04:00:00,82324.0,2.0,False,2.0
2024-08-05 05:00:00,82327.0,3.0,True,2.0
2024-08-05 06:00:00,82329.0,2.0,False,2.0
2024-08-05 07:00:00,82331.0,2.0,False,2.0
2024-08-05 08:00:00,82333.0,2.0,False,2.0
2024-08-05 09:00:00,82335.0,2.0,False,2.0
2024-08-05 10:00:00,82337.0,2.0,False,2.0
2024-08-05 11:00:00,82339.0,2.0,False,2.0
2024-08-05 12:00:00,82341.0,2.0,False,2.0
2024-08-05 13:00:00,82343.0,2.0,False,2.0
2024-08-05 14:00:00,82345.0,2.0,False,2.0
2024-08-05 15:00:00,82347.0,2.0,False,2.0
2024-08-05 16:00:00,82349.0,2.0,False,2.0
2024-08-05 17:00:00,82351.0,2.0,False,2.0
2024-08-05 18:00:00,82353.0,2.0,False,2.0
2024-08-05 19:00:00,82355.0,2.0,False,2.0
2024-08-05 20:00:00,82358.0,3.0,True,2.0
2024-08-05 21:00:00,82360.0,2.0,False,2.0
2024-08-05 22:00:00,82363.0,3.0,True,2.0
2024-08-05 23:00:00,82365.0,2.0,False,2.0
2024-08-06 00:00:00,82370.0,5.0,True,2.0
2024-08-06 01:00:00,82376.0,6.0,True,2.0
2024-08-06 02:00:00,82378.0,2.0,False,2.0
2024-08-06 03:00:00,82381.0,3.0,True,2.0
2024-08-06 04:00:00,82383.0,2.0,False,2.0
2024-08-06 05:00:00,82385.0,2.0,False,2.0
2024-08-06 06:00:00,82388.0,3.0,True,2.0
2024-08-06 07:00:00,82390.0,2.0,False,2.0
2024-08-06 08:00:00,82392.0,2.0,False,2.0
2024-08-06 09:00:00,82394.0,2.0,False,2.0
2024-08-06 10:00:00,82396.0,2.0,False,2.0
2024-08-06 11:00:00,82398.0,2.0,False,2.0
2024-08-06 12:00:00,82400.0,2.0,False,2.0
2024-08-06 13:00:00,82402.0,2.0,False,2.0
2024-08-06 14:00:00,82404.0,2.0,False,2.0
2024-08-06 15:00:00,82406.0,2.0,False,2.0
2024-08-06 16:00:00,82408.0,2.0,False,2.0
2024-08-06 17:00:00,82410.0,2.0,False,2.0
2024-08-06 18:00:00,82412.0,2.0,False,2.0
2024-08-06 19:00:00,82414.0,2.0,False,2.0
2024-08-06 20:00:00,82417.0,3.0,True,2.0
2024-08-06 21:00:00,82419.0,2.0,False,2.0
2024-08-06 22:00:00,82422.0,3.0,True,2.0
2024-08-06 23:00:00,82424.0,2.0,False,2.0
2024-08-07 00:00:00,82426.0,2.0,False,2.0
2024-08-07 01:00:00,82429.0,3.0,True,2.0
2024-08-07 02:00:00,82431.0,2.0,False,2.0
2024-08-07 03:00:00,82433.0,2.0,False,2.0
2024-08-07 04:00:00,82436.0,3.0,True,2.0
2024-08-07 05:00:00,82438.0,2.0,False,2.0
2024-08-07 06:00:00,82440.0,2.0,False,2.0
2024-08-07 07:00:00,82442.0,2.0,False,2.0
2024-08-07 08:00:00,82445.0,3.0,True,2.0
2024-08-07 09:00:00,82447.0,2.0,False,2.0
2024-08-07 10:00:00,82449.0,2.0,False,2.0
2024-08-07 11:00:00,82451.0,2.0,False,2.0
2024-08-07 12:00:00,82453.0,2.0,False,2.0
2024-08-07 13:00:00,82455.0,2.0,False,2.0
2024-08-07 14:00:00,82457.0,2.0,False,2.0
2024-08-07 15:00:00,82459.0,2.0,False,2.0
2024-08-07 16:00:00,82461.0,2.0,False,2.0
2024-08-07 17:00:00,82463.0,2.0,False,2.0
2024-08-07 18:00:00,82465.0,2.0,False,2.0
2024-08-07 19:00:00,82467.0,2.0,False,2.0
2024-08-07 20:00:00,82471.0,4.0,True,2.0
2024-08-07 21:00:00,82473.0,2.0,False,2.0
2024-08-07 22:00:00,82476.0,3.0,True,2.0
2024-08-07 23:00:00,82478.0,2.0,False,2.0
2024-08-08 00:00:00,82480.0,2.0,False,2.0
2024-08-08 01:00:00,82483.0,3.0,True,2.0
2024-08-08 02:00:00,82485.0,2.0,False,2.0
2024-08-08 03:00:00,82488.0,3.0,True,2.0
2024-08-08 04:00:00,82490.0,2.0,False,2.0
2024-08-08 05:00:00,82492.0,2.0,False,2.0
2024-08-08 06:00:00,82495.0,3.0,True,2.0
2024-08-08 07:00:00,82497.0,2.0,False,2.0
2024-08-08 08:00:00,82499.0,2.0,False,2.0
2024-08-08 09:00:00,82502.0,3.0,True,2.0
2024-08-08 10:00:00,82504.0,2.0,False,2.0
2024-08-08 11:00:00,82506.0,2.0,False,2.0
2024-08-08 12:00:00,82508.0,2.0,False,2.0
2024-08-08 13:00:00,82510.0,2.0,False,2.0
2024-08-08 14:00:00,82512.0,2.0,False,2.0
2024-08-08 15:00:00,82514.0,2.0,False,2.0
2024-08-08 16:00:00,82516.0,2.0,False,2.0
2024-08-08 17:00:00,82518.0,2.0,False,2.0
2024-08-08 18:00:00,82520.0,2.0,False,2.0
2024-08-08 19:00:00,82523.0,3.0,True,2.0
2024-08-08 20:00:00,82525.0,2.0,False,2.0
2024-08-08 21:00:00,82527.0,2.0,False,2.0
2024-08-08 22:00:00,82530.0,3.0,True,2.0
2024-08-08 23:00:00,82533.0,3.0,True,2.0
2024-08-09 00:00:00,82535.0,2.0,False,2.0
2024-08-09 01:00:00,82538.0,3.0,True,2.0
2024-08-09 02:00:00,82540.0,2.0,False,2.0
2024-08-09 03:00:00,82542.0,2.0,False,2.0
2024-08-09 04:00:00,82545.0,3.0,True,2.0
2024-08-09 05:00:00,82547.0,2.0,False,2.0
2024-08-09 06:00:00,82549.0,2.0,False,2.0
2024-08-09 07:00:00,82552.0,3.0,True,2.0
2024-08-09 08:00:00,82555.0,3.0,True,2.0
2024-08-09 09:00:00,82557.0,2.0,False,2.0
2024-08-09 10:00:00,82559.0,2.0,False,2.0
2024-08-09 11:00:00,82562.0,3.0,True,2.0
2024-08-09 12:00:00,82564.0,2.0,False,2.0
2024-08-09 13:00:00,82566.0,2.0,False,2.0
2024-08-09 14:00:00,82568.0,2.0,False,2.0
2024-08-09 15:00:00,82570.0,2.0,False,2.0
2024-08-09 16:00:00,82572.0,2.0,False,2.0
2024-08-09 17:00:00,82574.0,2.0,False,2.0
2024-08-09 18:00:00,82576.0,2.0,False,2.0
2024-08-09 19:00:00,82578.0,2.0,False,2.0
2024-08-09 20:00:00,82581.0,3.0,True,2.0
2024-08-09 21:00:00,82583.0,2.0,False,2.0
2024-08-09 22:00:00,82586.0,3.0,True,2.0
2024-08-09 23:00:00,82588.0,2.0,False,2.0
2024-08-10 00:00:00,82591.0,3.0,True,2.0
2024-08-10 01:00:00,82593.0,2.0,False,2.0
2024-08-10 02:00:00,82595.0,2.0,False,2.0
2024-08-10 03:00:00,82598.0,3.0,True,2.0
2024-08-10 04:00:00,82600.0,2.0,False,2.0
2024-08-10 05:00:00,82602.0,2.0,False,2.0
2024-08-10 06:00:00,82605.0,3.0,True,2.0
2024-08-10 07:00:00,82607.0,2.0,False,2.0
2024-08-10 08:00:00,82609.0,2.0,False,2.0
2024-08-10 09:00:00,82611.0,2.0,False,2.0
2024-08-10 10:00:00,82614.0,3.0,True,2.0
2024-08-10 11:00:00,82616.0,2.0,False,2.0
2024-08-10 12:00:00,82618.0,2.0,False,2.0
2024-08-10 13:00:00,82620.0,2.0,False,2.0
2024-08-10 14:00:00,82622.0,2.0,False,2.0
2024-08-10 15:00:00,82624.0,2.0,False,2.0
2024-08-10 16:00:00,82626.0,2.0,False,2.0
2024-08-10 17:00:00,82628.0,2.0,False,2.0
2024-08-10 18:00:00,82630.0,2.0,False,2.0
2024-08-10 19:00:00,82632.0,2.0,False,2.0
2024-08-10 20:00:00,82634.0,2.0,False,2.0
2024-08-10 21:00:00,82638.0,4.0,True,2.0
2024-08-10 22:00:00,82640.0,2.0,False,2.0
2024-08-10 23:00:00,82643.0,3.0,True,2.0
2024-08-11 00:00:00,82645.0,2.0,False,2.0
2024-08-11 01:00:00,82648.0,3.0,True,2.0
2024-08-11 02:00:00,82650.0,2.0,False,2.0
2024-08-11 03:00:00,82652.0,2.0,False,2.0
2024-08-11 04:00:00,82655.0,3.0,True,2.0
2024-08-11 05:00:00,82657.0,2.0,False,2.0
2024-08-11 06:00:00,82660.0,3.0,True,2.0
2024-08-11 07:00:00,82662.0,2.0,False,2.0
2024-08-11 08:00:00,82664.0,2.0,False,2.0
2024-08-11 09:00:00,82666.0,2.0,False,2.0
2024-08-11 10:00:00,82668.0,2.0,False,2.0
2024-08-11 11:00:00,82670.0,2.0,False,2.0
2024-08-11 12:00:00,82672.0,2.0,False,2.0
2024-08-11 13:00:00,82675.0,3.0,False,3.0
2024-08-11 14:00:00,82677.0,2.0,False,2.0
2024-08-11 15:00:00,82679.0,2.0,False,2.0
2024-08-11 16:00:00,82681.0,2.0,False,2.0
2024-08-11 17:00:00,82683.0,2.0,False,2.0
2024-08-11 18:00:00,82685.0,2.0,False,2.0
2024-08-11 19:00:00,82687.0,2.0,False,2.0
2024-08-11 20:00:00,82690.0,3.0,False,3.0
2024-08-11 21:00:00,82692.0,2.0,False,2.0
2024-08-11 22:00:00,82694.0,2.0,False,2.0
2024-08-11 23:00:00,82697.0,3.0,False,3.0
2024-08-12 00:00:00,82699.0,2.0,False,2.0
2024-08-12 01:00:00,82702.0,3.0,False,3.0
2024-08-12 02:00:00,82704.0,2.0,False,2.0
2024-08-12 03:00:00,82707.0,3.0,False,3.0
2024-08-12 04:00:00,82709.0,2.0,False,2.0
2024-08-12 05:00:00,82711.0,2.0,False,2.0
2024-08-12 06:00:00,82714.0,3.0,False,3.0
2024-08-12 07:00:00,82716.0,2.0,False,2.0
2024-08-12 08:00:00,82718.0,2.0,False,2.0
2024-08-12 09:00:00,82720.0,2.0,False,2.0
2024-08-12 10:00:00,82722.0,2.0,False,2.0
2024-08-12 11:00:00,82724.0,2.0,False,2.0
2024-08-12 12:00:00,82726.0,2.0,False,2.0
2024-08-12 13:00:00,82728.0,2.0,False,2.0
2024-08-12 14:00:00,82730.0,2.0,False,2.0
2024-08-12 15:00:00,82732.0,2.0,False,2.0
2024-08-12 16:00:00,82735.0,3.0,False,3.0
2024-08-12 17:00:00,82738.0,3.0,False,3.0
2024-08-12 18:00:00,82742.0,4.0,False,4.0
2024-08-12 19:00:00,82745.0,3.0,False,3.0
2024-08-12 20:00:00,82748.0,3.0,False,3.0
2024-08-12 21:00:00,82752.0,4.0,False,4.0
2024-08-12 22:00:00,82756.0,4.0,False,4.0
2024-08-12 23:00:00,82759.0,3.0,False,3.0
2024-08-13 00:00:00,82763.0,4.0,False,4.0
2024-08-13 01:00:00,82766.0,3.0,False,3.0
2024-08-13 02:00:00,82770.0,4.0,False,4.0
2024-08-13 03:00:00,82773.0,3.0,False,3.0
2024-08-13 04:00:00,82777.0,4.0,False,4.0
2024-08-13 05:00:00,82780.0,3.0,False,3.0
2024-08-13 06:00:00,82784.0,4.0,False,4.0
2024-08-13 07:00:00,82787.0,3.0,False,3.0
2024-08-13 08:00:00,82790.0,3.0,False,3.0
2024-08-13 09:00:00,82793.0,3.0,False,3.0
2024-08-13 10:00:00,82796.0,3.0,False,3.0
2024-08-13 11:00:00,82800.0,4.0,False,4.0
2024-08-13 12:00:00,82803.0,3.0,False,3.0
2024-08-13 13:00:00,82806.0,3.0,False,3.0
2024-08-13 14:00:00,82809.0,3.0,False,3.0
2024-08-13 15:00:00,82812.0,3.0,False,3.0
2024-08-13 16:00:00,82816.0,4.0,False,4.0
2024-08-13 17:00:00,82819.0,3.0,False,3.0
2024-08-13 18:00:00,82822.0,3.0,False,3.0
2024-08-13 19:00:00,82826.0,4.0,False,4.0
2024-08-13 20:00:00,82829.0,3.0,False,3.0
2024-08-13 21:00:00,82833.0,4.0,True,2.33
2024-08-13 22:00:00,82837.0,4.0,True,2.67
2024-08-13 23:00:00,82840.0,3.0,False,3.0
2024-08-14 00:00:00,82844.0,4.0,True,2.33
2024-08-14 01:00:00,82847.0,3.0,False,3.0
2024-08-14 02:00:00,82851.0,4.0,True,2.29
2024-08-14 03:00:00,82854.0,3.0,False,3.0
2024-08-14 04:00:00,82858.0,4.0,True,2.5
2024-08-14 05:00:00,82861.0,3.0,False,3.0
2024-08-14 06:00:00,82865.0,4.0,True,2.75
2024-08-14 07:00:00,82868.0,3.0,False,3.0
2024-08-14 08:00:00,82871.0,3.0,False,3.0
2024-08-14 09:00:00,82874.0,3.0,False,3.0
2024-08-14 10:00:00,82877.0,3.0,False,3.0
2024-08-14 11:00:00,82881.0,4.0,True,2.33
2024-08-14 12:00:00,82884.0,3.0,False,3.0
2024-08-14 13:00:00,82887.0,3.0,False,3.0
2024-08-14 14:00:00,82890.0,3.0,False,3.0
2024-08-14 15:00:00,82894.0,4.0,True,2.14
2024-08-14 16:00:00,82897.0,3.0,False,3.0
2024-08-14 17:00:00,82900.0,3.0,False,3.0
2024-08-14 18:00:00,82904.0,4.0,True,2.43
2024-08-14 19:00:00,82907.0,3.0,False,3.0
2024-08-14 20:00:00,82911.0,4.0,True,2.6
2024-08-14 21:00:00,82914.0,3.0,False,3.0
2024-08-14 22:00:00,82918.0,4.0,True,2.67
2024-08-14 23:00:00,82922.0,4.0,True,2.6
2024-08-15 00:00:00,82925.0,3.0,False,3.0
2024-08-15 01:00:00,82929.0,4.0,True,2.75
2024-08-15 02:00:00,82932.0,3.0,False,3.0
2024-08-15 03:00:00,82936.0,4.0,True,2.6
2024-08-15 04:00:00,82939.0,3.0,False,3.0
2024-08-15 05:00:00,82943.0,4.0,True,2.29
2024-08-15 06:00:00,82946.0,3.0,False,3.0
2024-08-15 07:00:00,82950.0,4.0,True,2.33
2024-08-15 08:00:00,82953.0,3.0,False,3.0
2024-08-15 09:00:00,82956.0,3.0,False,3.0
2024-08-15 10:00:00,82960.0,4.0,True,2.33
2024-08-15 11:00:00,82963.0,3.0,False,3.0
2024-08-15 12:00:00,82966.0,3.0,False,3.0
2024-08-15 13:00:00,82969.0,3.0,False,3.0
2024-08-15 14:00:00,82972.0,3.0,False,3.0
2024-08-15 15:00:00,82977.0,5.0,True,2.17
2024-08-15 16:00:00,82980.0,3.0,False,3.0
2024-08-15 17:00:00,82983.0,3.0,False,3.0
2024-08-15 18:00:00,82986.0,3.0,False,3.0
2024-08-15 19:00:00,82990.0,4.0,True,2.67
2024-08-15 20:00:00,82993.0,3.0,False,3.0
2024-08-15 21:00:00,82996.0,3.0,False,3.0
2024-08-15 22:00:00,83000.0,4.0,True,2.67
2024-08-15 23:00:00,83003.0,3.0,False,3.0
2024-08-16 00:00:00,83006.0,3.0,False,3.0
2024-08-16 01:00:00,83009.0,3.0,False,3.0
2024-08-16 02:00:00,83013.0,4.0,True,2.5
2024-08-16 03:00:00,83016.0,3.0,False,3.0
2024-08-16 04:00:00,83019.0,3.0,False,3.0
2024-08-16 05:00:00,83022.0,3.0,False,3.0
2024-08-16 06:00:00,83025.0,3.0,False,3.0
2024-08-16 07:00:00,83028.0,3.0,False,3.0
2024-08-16 08:00:00,83031.0,3.0,False,3.0
2024-08-16 09:00:00,83034.0,3.0,False,3.0
2024-08-16 10:00:00,83037.0,3.0,False,3.0
2024-08-16 11:00:00,83040.0,3.0,False,3.0
2024-08-16 12:00:00,83043.0,3.0,False,3.0
2024-08-16 13:00:00,83046.0,3.0,False,3.0
2024-08-16 14:00:00,83049.0,3.0,False,3.0
2024-08-16 15:00:00,83052.0,3.0,False,3.0
2024-08-16 16:00:00,83056.0,4.0,True,2.71
2024-08-16 17:00:00,83059.0,3.0,False,3.0
2024-08-16 18:00:00,83062.0,3.0,False,3.0
2024-08-16 19:00:00,83066.0,4.0,True,2.67
2024-08-16 20:00:00,83069.0,3.0,False,3.0
2024-08-16 21:00:00,83073.0,4.0,True,2.8
2024-08-16 22:00:00,83076.0,3.0,False,3.0
2024-08-16 23:00:00,83080.0,4.0,False,4.0
2024-08-17 00:00:00,83083.0,3.0,False,3.0
2024-08-17 01:00:00,83087.0,4.0,False,4.0
2024-08-17 02:00:00,83090.0,3.0,False,3.0
2024-08-17 03:00:00,83094.0,4.0,False,4.0
2024-08-17 04:00:00,83100.0,6.0,False,6.0
2024-08-17 05:00:00,83105.0,5.0,False,5.0
2024-08-17 06:00:00,83108.0,3.0,False,3.0
2024-08-17 07:00:00,83111.0,3.0,False,3.0
2024-08-17 08:00:00,83114.0,3.0,False,3.0
2024-08-17 09:00:00,83117.0,3.0,False,3.0
2024-08-17 10:00:00,83120.0,3.0,False,3.0
2024-08-17 11:00:00,83123.0,3.0,False,3.0
2024-08-17 12:00:00,83126.0,3.0,False,3.0
2024-08-17 13:00:00,83129.0,3.0,False,3.0
2024-08-17 14:00:00,83132.0,3.0,False,3.0
2024-08-17 15:00:00,83135.0,3.0,False,3.0
2024-08-17 16:00:00,83138.0,3.0,False,3.0
2024-08-17 17:00:00,83141.0,3.0,False,3.0
2024-08-17 18:00:00,83145.0,4.0,False,4.0
2024-08-17 19:00:00,83148.0,3.0,False,3.0
2024-08-17 20:00:00,83151.0,3.0,False,3.0
2024-08-17 21:00:00,83155.0,4.0,False,4.0
2024-08-17 22:00:00,83158.0,3.0,False,3.0
2024-08-17 23:00:00,83162.0,4.0,False,4.0
2024-08-18 00:00:00,83165.0,3.0,False,3.0
2024-08-18 01:00:00,83169.0,4.0,False,4.0
2024-08-18 02:00:00,83172.0,3.0,False,3.0
2024-08-18 03:00:00,83175.0,3.0,False,3.0
2024-08-18 04:00:00,83178.0,3.0,False,3.0
2024-08-18 05:00:00,83181.0,3.0,False,3.0
2024-08-18 06:00:00,83184.0,3.0,False,3.0
2024-08-18 07:00:00,83187.0,3.0,False,3.0
2024-08-18 08:00:00,83190.0,3.0,False,3.0
2024-08-18 09:00:00,83193.0,3.0,False,3.0
2024-08-18 10:00:00,83195.0,2.0,False,2.0
2024-08-18 11:00:00,83198.0,3.0,False,3.0
2024-08-18 12:00:00,83201.0,3.0,False,3.0
2024-08-18 13:00:00,83205.0,4.0,False,4.0
2024-08-18 14:00:00,83208.0,3.0,False,3.0
2024-08-18 15:00:00,83211.0,3.0,False,3.0
2024-08-18 16:00:00,83214.0,3.0,False,3.0
2024-08-18 17:00:00,83217.0,3.0,False,3.0
2024-08-18 18:00:00,83221.0,4.0,False,4.0
2024-08-18 19:00:00,83224.0,3.0,False,3.0
2024-08-18 20:00:00,83227.0,3.0,False,3.0
2024-08-18 21:00:00,83231.0,4.0,False,4.0
2024-08-18 22:00:00,83234.0,3.0,False,3.0
2024-08-18 23:00:00,83238.0,4.0,False,4.0
2024-08-19 00:00:00,83241.0,3.0,False,3.0
2024-08-19 01:00:00,83245.0,4.0,False,4.0
2024-08-19 02:00:00,83248.0,3.0,False,3.0
2024-08-19 03:00:00,83251.0,3.0,False,3.0
2024-08-19 04:00:00,83254.0,3.0,False,3.0
2024-08-19 05:00:00,83257.0,3.0,False,3.0
2024-08-19 06:00:00,83260.0,3.0,False,3.0
2024-08-19 07:00:00,83263.0,3.0,False,3.0
2024-08-19 08:00:00,83266.0,3.0,False,3.0
2024-08-19 09:00:00,83269.0,3.0,False,3.0
2024-08-19 10:00:00,83272.0,3.0,False,3.0
2024-08-19 11:00:00,83275.0,3.0,False,3.0
2024-08-19 12:00:00,83278.0,3.0,False,3.0
2024-08-19 13:00:00,83281.0,3.0,False,3.0
2024-08-19 14:00:00,83284.0,3.0,False,3.0
2024-08-19 15:00:00,83287.0,3.0,False,3.0
2024-08-19 16:00:00,83290.0,3.0,False,3.0
2024-08-19 17:00:00,83293.0,3.0,False,3.0
2024-08-19 18:00:00,83297.0,4.0,False,4.0
2024-08-19 19:00:00,83300.0,3.0,False,3.0
2024-08-19 20:00:00,83304.0,4.0,False,4.0
2024-08-19 21:00:00,83307.0,3.0,False,3.0
2024-08-19 22:00:00,83311.0,4.0,False,4.0
2024-08-19 23:00:00,83315.0,4.0,False,4.0
2024-08-20 00:00:00,83318.0,3.0,False,3.0
2024-08-20 01:00:00,83322.0,4.0,False,4.0
2024-08-20 02:00:00,83325.0,3.0,False,3.0
2024-08-20 03:00:00,83329.0,4.0,False,4.0
2024-08-20 04:00:00,83332.0,3.0,False,3.0
2024-08-20 05:00:00,83335.0,3.0,False,3.0
2024-08-20 06:00:00,83339.0,4.0,False,4.0
2024-08-20 07:00:00,83342.0,3.0,False,3.0
2024-08-20 08:00:00,83345.0,3.0,False,3.0
2024-08-20 09:00:00,83346.0,1.0,False,1.0
2024-08-20 10:00:00,83346.0,,False,2.83
2024-08-20 11:00:00,83346.0,,False,3.17
2024-08-20 12:00:00,83346.0,,False,3.0
2024-08-20 13:00:00,83346.0,,False,3.14
2024-08-20 14:00:00,83346.0,,False,3.0
2024-08-20 15:00:00,83346.0,,False,3.0
2024-08-20 16:00:00,83346.0,,False,3.17
2024-08-20 17:00:00,83346.0,,False,3.0
2024-08-20 18:00:00,83346.0,,False,3.5
2024-08-20 19:00:00,83346.0,,False,3.2
2024-08-20 20:00:00,83346.0,,False,3.17
2024-08-20 21:00:00,83346.0,,False,3.4
2024-08-20 22:00:00,83349.0,3.0,False,3.0
2024-08-20 23:00:00,83352.0,3.0,False,3.0
2024-08-21 00:00:00,83354.0,2.0,False,2.0
2024-08-21 01:00:00,83357.0,3.0,False,3.0
2024-08-21 02:00:00,83359.0,2.0,False,2.0
2024-08-21 03:00:00,83361.0,2.0,False,2.0
2024-08-21 04:00:00,83364.0,3.0,False,3.0
2024-08-21 05:00:00,83366.0,2.0,False,2.0
2024-08-21 06:00:00,83369.0,3.0,False,3.0
2024-08-21 07:00:00,83371.0,2.0,False,2.0
2024-08-21 08:00:00,83373.0,2.0,False,2.0
2024-08-21 09:00:00,83375.0,2.0,False,2.0
2024-08-21 10:00:00,83377.0,2.0,False,2.0
2024-08-21 11:00:00,83382.0,5.0,False,5.0
2024-08-21 12:00:00,83391.0,9.0,False,9.0
2024-08-21 13:00:00,83394.0,3.0,False,3.0
2024-08-21 14:00:00,83396.0,2.0,False,2.0
2024-08-21 15:00:00,83397.0,1.0,False,1.0
2024-08-21 16:00:00,83400.0,3.0,False,3.0
2024-08-21 17:00:00,83402.0,2.0,False,2.0
2024-08-21 18:00:00,83404.0,2.0,False,2.0
2024-08-21 19:00:00,83406.0,2.0,False,2.0
2024-08-21 20:00:00,83408.0,2.0,False,2.0
2024-08-21 21:00:00,83411.0,3.0,False,3.0
2024-08-21 22:00:00,83413.0,2.0,False,2.0
2024-08-21 23:00:00,83415.0,2.0,False,2.0
2024-08-22 00:00:00,83418.0,3.0,False,3.0
2024-08-22 01:00:00,83420.0,2.0,False,2.0
2024-08-22 02:00:00,83423.0,3.0,False,3.0
2024-08-22 03:00:00,83425.0,2.0,False,2.0
2024-08-22 04:00:00,83427.0,2.0,False,2.0
2024-08-22 05:00:00,83430.0,3.0,False,3.0
2024-08-22 06:00:00,83432.0,2.0,False,2.0
2024-08-22 07:00:00,83434.0,2.0,False,2.0
2024-08-22 08:00:00,83436.0,2.0,False,2.0
2024-08-22 09:00:00,83439.0,3.0,False,3.0
2024-08-22 10:00:00,83441.0,2.0,False,2.0
2024-08-22 11:00:00,83443.0,2.0,False,2.0
2024-08-22 12:00:00,83445.0,2.0,False,2.0
2024-08-22 13:00:00,83447.0,2.0,False,2.0
2024-08-22 14:00:00,83450.0,3.0,False,3.0
2024-08-22 15:00:00,83452.0,2.0,False,2.0
2024-08-22 16:00:00,83455.0,3.0,False,3.0
2024-08-22 17:00:00,83458.0,3.0,False,3.0
2024-08-22 18:00:00,83460.0,2.0,False,2.0
2024-08-22 19:00:00,83463.0,3.0,False,3.0
2024-08-22 20:00:00,83465.0,2.0,False,2.0
2024-08-22 21:00:00,83468.0,3.0,False,3.0
2024-08-22 22:00:00,83471.0,3.0,False,3.0
2024-08-22 23:00:00,83473.0,2.0,False,2.0
2024-08-23 00:00:00,83475.0,2.0,False,2.0
2024-08-23 01:00:00,83478.0,3.0,False,3.0
2024-08-23 02:00:00,83480.0,2.0,False,2.0
2024-08-23 03:00:00,83483.0,3.0,False,3.0
2024-08-23 04:00:00,83485.0,2.0,False,2.0
2024-08-23 05:00:00,83488.0,3.0,False,3.0
2024-08-23 06:00:00,83490.0,2.0,False,2.0
2024-08-23 07:00:00,83492.0,2.0,False,2.0
2024-08-23 08:00:00,83495.0,3.0,False,3.0
2024-08-23 09:00:00,83497.0,2.0,False,2.0
2024-08-23 10:00:00,83501.0,4.0,False,4.0
2024-08-23 11:00:00,83504.0,3.0,False,3.0
2024-08-23 12:00:00,83508.0,4.0,False,4.0
2024-08-23 13:00:00,83511.0,3.0,False,3.0
2024-08-23 14:00:00,83515.0,4.0,False,4.0
2024-08-23 15:00:00,83518.0,3.0,False,3.0
2024-08-23 16:00:00,83522.0,4.0,False,4.0
2024-08-23 17:00:00,83525.0,3.0,False,3.0
2024-08-23 18:00:00,83529.0,4.0,False,4.0
2024-08-23 19:00:00,83532.0,3.0,False,3.0
2024-08-23 20:00:00,83535.0,3.0,False,3.0
2024-08-23 21:00:00,83538.0,3.0,False,3.0
2024-08-23 22:00:00,83541.0,3.0,False,3.0
2024-08-23 23:00:00,83544.0,3.0,False,3.0
2024-08-24 00:00:00,83546.0,2.0,False,2.0
2024-08-24 01:00:00,83548.0,2.0,False,2.0
2024-08-24 02:00:00,83551.0,3.0,False,3.0
2024-08-24 03:00:00,83553.0,2.0,False,2.0
2024-08-24 04:00:00,83556.0,3.0,False,3.0
2024-08-24 05:00:00,83558.0,2.0,False,2.0
2024-08-24 06:00:00,83561.0,3.0,False,3.0
2024-08-24 07:00:00,83563.0,2.0,False,2.0
2024-08-24 08:00:00,83565.0,2.0,False,2.0
2024-08-24 09:00:00,83567.0,2.0,False,2.0
2024-08-24 10:00:00,83570.0,3.0,False,3.0
2024-08-24 11:00:00,83572.0,2.0,False,2.0
2024-08-24 12:00:00,83576.0,4.0,False,4.0
2024-08-24 13:00:00,83580.0,4.0,False,4.0
2024-08-24 14:00:00,83583.0,3.0,False,3.0
2024-08-24 15:00:00,83587.0,4.0,False,4.0
2024-08-24 16:00:00,83591.0,4.0,False,4.0
2024-08-24 17:00:00,83595.0,4.0,False,4.0
2024-08-24 18:00:00,83599.0,4.0,False,4.0
2024-08-24 19:00:00,83603.0,4.0,False,4.0
2024-08-24 20:00:00,83606.0,3.0,False,3.0
2024-08-24 21:00:00,83608.0,2.0,False,2.0
2024-08-24 22:00:00,83611.0,3.0,False,3.0
2024-08-24 23:00:00,83614.0,3.0,False,3.0
2024-08-25 00:00:00,83617.0,3.0,False,3.0
2024-08-25 01:00:00,83619.0,2.0,False,2.0
2024-08-25 02:00:00,83622.0,3.0,False,3.0
2024-08-25 03:00:00,83625.0,3.0,False,3.0
2024-08-25 04:00:00,83627.0,2.0,False,2.0
2024-08-25 05:00:00,83630.0,3.0,False,3.0
2024-08-25 06:00:00,83632.0,2.0,False,2.0
2024-08-25 07:00:00,83635.0,3.0,False,3.0
2024-08-25 08:00:00,83637.0,2.0,False,2.0
2024-08-25 09:00:00,83639.0,2.0,False,2.0
2024-08-25 10:00:00,83648.0,9.0,False,9.0
2024-08-25 11:00:00,83656.0,8.0,False,8.0
2024-08-25 12:00:00,83664.0,8.0,False,8.0
2024-08-25 13:00:00,83670.0,6.0,False,6.0
2024-08-25 14:00:00,83677.0,7.0,False,7.0
2024-08-25 15:00:00,83684.0,7.0,False,7.0
2024-08-25 16:00:00,83692.0,8.0,False,8.0
2024-08-25 17:00:00,83701.0,9.0,False,9.0
2024-08-25 18:00:00,83709.0,8.0,False,8.0
2024-08-25 19:00:00,83714.0,5.0,False,5.0
2024-08-25 20:00:00,83719.0,5.0,False,5.0
2024-08-25 21:00:00,83723.0,4.0,False,4.0
2024-08-25 22:00:00,83725.0,2.0,False,2.0
2024-08-25 23:00:00,83728.0,3.0,False,3.0
2024-08-26 00:00:00,83731.0,3.0,False,3.0
2024-08-26 01:00:00,83733.0,2.0,False,2.0
2024-08-26 02:00:00,83736.0,3.0,False,3.0
2024-08-26 03:00:00,83739.0,3.0,False,3.0
2024-08-26 04:00:00,83741.0,2.0,False,2.0
2024-08-26 05:00:00,83744.0,3.0,False,3.0
2024-08-26 06:00:00,83747.0,3.0,False,3.0
2024-08-26 07:00:00,83749.0,2.0,False,2.0
2024-08-26 08:00:00,83753.0,4.0,False,4.0
2024-08-26 09:00:00,83763.0,10.0,False,10.0
2024-08-26 10:00:00,83892.0,129.0,True,3.83
2024-08-26 11:00:00,83999.0,107.0,True,3.83
2024-08-26 12:00:00,84094.0,95.0,True,5.0
2024-08-26 13:00:00,84127.0,33.0,True,3.5
2024-08-26 14:00:00,84152.0,25.0,True,3.67
2024-08-26 15:00:00,84200.0,48.0,True,3.33
2024-08-26 16:00:00,84278.0,78.0,True,4.17
2024-08-26 17:00:00,84350.0,72.0,True,4.0
2024-08-26 18:00:00,84410.0,60.0,True,4.0
2024-08-26 19:00:00,84442.0,32.0,True,3.33
2024-08-26 20:00:00,84458.0,16.0,True,3.17
2024-08-26 21:00:00,84473.0,15.0,False,15.0
2024-08-26 22:00:00,84487.0,14.0,False,14.0
2024-08-26 23:00:00,84500.0,13.0,False,13.0
2024-08-27 00:00:00,84512.0,12.0,False,12.0
2024-08-27 01:00:00,84525.0,13.0,False,13.0
2024-08-27 02:00:00,84537.0,12.0,False,12.0
2024-08-27 03:00:00,84549.0,12.0,False,12.0
2024-08-27 04:00:00,84561.0,12.0,False,12.0
2024-08-27 05:00:00,84573.0,12.0,False,12.0
2024-08-27 06:00:00,84585.0,12.0,False,12.0
2024-08-27 07:00:00,84597.0,12.0,False,12.0
2024-08-27 08:00:00,84608.0,11.0,False,11.0
2024-08-27 09:00:00,84678.0,70.0,True,3.14
2024-08-27 10:00:00,84741.0,63.0,True,4.0
2024-08-27 11:00:00,84801.0,60.0,True,4.0
2024-08-27 12:00:00,84860.0,59.0,True,5.4
2024-08-27 13:00:00,84878.0,18.0,True,3.6
2024-08-27 14:00:00,84893.0,15.0,False,15.0
2024-08-27 15:00:00,84909.0,16.0,False,16.0
2024-08-27 16:00:00,84968.0,59.0,True,4.4
2024-08-27 17:00:00,85019.0,51.0,True,4.2
2024-08-27 18:00:00,85064.0,45.0,True,4.0
2024-08-27 19:00:00,85070.0,6.0,False,6.0
2024-08-27 20:00:00,85077.0,7.0,False,7.0
2024-08-27 21:00:00,85084.0,7.0,False,7.0
2024-08-27 22:00:00,85090.0,6.0,False,6.0
2024-08-27 23:00:00,85097.0,7.0,False,7.0
2024-08-28 00:00:00,85103.0,6.0,False,6.0
2024-08-28 01:00:00,85109.0,6.0,False,6.0
2024-08-28 02:00:00,85115.0,6.0,False,6.0
2024-08-28 03:00:00,85122.0,7.0,False,7.0
2024-08-28 04:00:00,85128.0,6.0,False,6.0
2024-08-28 05:00:00,85134.0,6.0,False,6.0
2024-08-28 06:00:00,85140.0,6.0,False,6.0
2024-08-28 07:00:00,85146.0,6.0,False,6.0
2024-08-28 08:00:00,85153.0,7.0,False,7.0
2024-08-28 09:00:00,85160.0,7.0,False,7.0
2024-08-28 10:00:00,85171.0,11.0,False,11.0
2024-08-28 11:00:00,85184.0,13.0,False,13.0
2024-08-28 12:00:00,85195.0,11.0,False,11.0
2024-08-28 13:00:00,85203.0,8.0,False,8.0
2024-08-28 14:00:00,85211.0,8.0,False,8.0
2024-08-28 15:00:00,85218.0,7.0,False,7.0
2024-08-28 16:00:00,85224.0,6.0,False,6.0
2024-08-28 17:00:00,85231.0,7.0,False,7.0
2024-08-28 18:00:00,85238.0,7.0,False,7.0
2024-08-28 19:00:00,85246.0,8.0,False,8.0
2024-08-28 20:00:00,85255.0,9.0,False,9.0
2024-08-28 21:00:00,85263.0,8.0,False,8.0
2024-08-28 22:00:00,85270.0,7.0,False,7.0
2024-08-28 23:00:00,85277.0,7.0,False,7.0
2024-08-29 00:00:00,85283.0,6.0,False,6.0
2024-08-29 01:00:00,85289.0,6.0,False,6.0
2024-08-29 02:00:00,85295.0,6.0,False,6.0
2024-08-29 03:00:00,85301.0,6.0,False,6.0
2024-08-29 04:00:00,85307.0,6.0,False,6.0
2024-08-29 05:00:00,85313.0,6.0,False,6.0
2024-08-29 06:00:00,85318.0,5.0,False,5.0
2024-08-29 07:00:00,85324.0,6.0,False,6.0
2024-08-29 08:00:00,85330.0,6.0,False,6.0
2024-08-29 09:00:00,85344.0,14.0,True,4.33
2024-08-29 10:00:00,85378.0,34.0,True,5.8
2024-08-29 11:00:00,85406.0,28.0,True,5.6
2024-08-29 12:00:00,85433.0,27.0,True,5.8
2024-08-29 13:00:00,85441.0,8.0,False,8.0
2024-08-29 14:00:00,85450.0,9.0,False,9.0
2024-08-29 15:00:00,85460.0,10.0,False,10.0
2024-08-29 16:00:00,85472.0,12.0,False,12.0
2024-08-29 17:00:00,85485.0,13.0,False,13.0
2024-08-29 18:00:00,85497.0,12.0,False,12.0
2024-08-29 19:00:00,85506.0,9.0,False,9.0
2024-08-29 20:00:00,85516.0,10.0,False,10.0
2024-08-29 21:00:00,85525.0,9.0,False,9.0
2024-08-29 22:00:00,85532.0,7.0,False,7.0
2024-08-29 23:00:00,85539.0,7.0,False,7.0
2024-08-30 00:00:00,85544.0,5.0,False,5.0
2024-08-30 01:00:00,85550.0,6.0,False,6.0
2024-08-30 02:00:00,85556.0,6.0,False,6.0
2024-08-30 03:00:00,85562.0,6.0,False,6.0
2024-08-30 04:00:00,85567.0,5.0,False,5.0
2024-08-30 05:00:00,85573.0,6.0,False,6.0
2024-08-30 06:00:00,85579.0,6.0,False,6.0
2024-08-30 07:00:00,85584.0,5.0,False,5.0
2024-08-30 08:00:00,85590.0,6.0,False,6.0
2024-08-30 09:00:00,85599.0,9.0,False,9.0
2024-08-30 10:00:00,85609.0,10.0,False,10.0
2024-08-30 11:00:00,85620.0,11.0,False,11.0
2024-08-30 12:00:00,85632.0,12.0,False,12.0
2024-08-30 13:00:00,85641.0,9.0,False,9.0
2024-08-30 14:00:00,85650.0,9.0,False,9.0
2024-08-30 15:00:00,85662.0,12.0,False,12.0
2024-08-30 16:00:00,85675.0,13.0,False,13.0
2024-08-30 17:00:00,85687.0,12.0,False,12.0
2024-08-30 18:00:00,85695.0,8.0,False,8.0
2024-08-30 19:00:00,85703.0,8.0,False,8.0
2024-08-30 20:00:00,85711.0,8.0,False,8.0
2024-08-30 21:00:00,85718.0,7.0,False,7.0
2024-08-30 22:00:00,85725.0,7.0,False,7.0
2024-08-30 23:00:00,85731.0,6.0,False,6.0
2024-08-31 00:00:00,85737.0,6.0,False,6.0
2024-08-31 01:00:00,85742.0,5.0,False,5.0
2024-08-31 02:00:00,85747.0,5.0,False,5.0
2024-08-31 03:00:00,85753.0,6.0,False,6.0
2024-08-31 04:00:00,85758.0,5.0,False,5.0
2024-08-31 05:00:00,85763.0,5.0,False,5.0
2024-08-31 06:00:00,85768.0,5.0,False,5.0
2024-08-31 07:00:00,85774.0,6.0,False,6.0
2024-08-31 08:00:00,85780.0,6.0,False,6.0
2024-08-31 09:00:00,85789.0,9.0,False,9.0
2024-08-31 10:00:00,85800.0,11.0,False,11.0
2024-08-31 11:00:00,85810.0,10.0,False,10.0
2024-08-31 12:00:00,85816.0,6.0,False,6.0
2024-08-31 13:00:00,85823.0,7.0,False,7.0
2024-08-31 14:00:00,85831.0,8.0,False,8.0
2024-08-31 15:00:00,85838.0,7.0,False,7.0
2024-08-31 16:00:00,85847.0,9.0,False,9.0
2024-08-31 17:00:00,85855.0,8.0,False,8.0
2024-08-31 18:00:00,85862.0,7.0,False,7.0
2024-08-31 19:00:00,85868.0,6.0,False,6.0
2024-08-31 20:00:00,85875.0,7.0,False,7.0
2024-08-31 21:00:00,85883.0,8.0,False,8.0
2024-08-31 22:00:00,85891.0,8.0,False,8.0
2024-08-31 23:00:00,85898.0,7.0,False,7.0
2024-09-01 00:00:00,85904.0,6.0,False,6.0
2024-09-01 01:00:00,85910.0,6.0,False,6.0
2024-09-01 02:00:00,85916.0,6.0,False,6.0
2024-09-01 03:00:00,85923.0,7.0,False,7.0
2024-09-01 04:00:00,85929.0,6.0,False,6.0
2024-09-01 05:00:00,85935.0,6.0,False,6.0
2024-09-01 06:00:00,85941.0,6.0,False,6.0
2024-09-01 07:00:00,85947.0,6.0,False,6.0
2024-09-01 08:00:00,85953.0,6.0,False,6.0
2024-09-01 09:00:00,85962.0,9.0,False,9.0
2024-09-01 10:00:00,85971.0,9.0,False,9.0
2024-09-01 11:00:00,85979.0,8.0,False,8.0
2024-09-01 12:00:00,85986.0,7.0,False,7.0
2024-09-01 13:00:00,85991.0,5.0,False,5.0
2024-09-01 14:00:00,85997.0,6.0,False,6.0
2024-09-01 15:00:00,86004.0,7.0,False,7.0
2024-09-01 16:00:00,86011.0,7.0,False,7.0
2024-09-01 17:00:00,86022.0,11.0,False,11.0
2024-09-01 18:00:00,86028.0,6.0,False,6.0
2024-09-01 19:00:00,86034.0,6.0,False,6.0
2024-09-01 20:00:00,86040.0,6.0,False,6.0
2024-09-01 21:00:00,86045.0,5.0,False,5.0
2024-09-01 22:00:00,86051.0,6.0,False,6.0
2024-09-01 23:00:00,86056.0,5.0,False,5.0
2024-09-02 00:00:00,86061.0,5.0,False,5.0
2024-09-02 01:00:00,86066.0,5.0,False,5.0
2024-09-02 02:00:00,86071.0,5.0,False,5.0
2024-09-02 03:00:00,86076.0,5.0,False,5.0
2024-09-02 04:00:00,86081.0,5.0,False,5.0
2024-09-02 05:00:00,86086.0,5.0,False,5.0
2024-09-02 06:00:00,86091.0,5.0,False,5.0
2024-09-02 07:00:00,86097.0,6.0,False,6.0
2024-09-02 08:00:00,86151.0,54.0,False,54.0
2024-09-02 09:00:00,86275.0,124.0,False,124.0
2024-09-02 10:00:00,86395.0,120.0,False,120.0
2024-09-02 11:00:00,86540.0,145.0,False,145.0
2024-09-02 12:00:00,86672.0,132.0,False,132.0
2024-09-02 13:00:00,86718.0,46.0,False,46.0
2024-09-02 14:00:00,86761.0,43.0,False,43.0
2024-09-02 15:00:00,86887.0,126.0,False,126.0
2024-09-02 16:00:00,86999.0,112.0,False,112.0
2024-09-02 17:00:00,87140.0,141.0,False,141.0
2024-09-02 18:00:00,87264.0,124.0,False,124.0
2024-09-02 19:00:00,87316.0,52.0,False,52.0
2024-09-02 20:00:00,87337.0,21.0,False,21.0
2024-09-02 21:00:00,87357.0,20.0,False,20.0
2024-09-02 22:00:00,87377.0,20.0,False,20.0
2024-09-02 23:00:00,87387.0,10.0,False,10.0
2024-09-03 00:00:00,87392.0,5.0,False,5.0
2024-09-03 01:00:00,87397.0,5.0,False,5.0
2024-09-03 02:00:00,87402.0,5.0,False,5.0
2024-09-03 03:00:00,87407.0,5.0,False,5.0
2024-09-03 04:00:00,87412.0,5.0,False,5.0
2024-09-03 05:00:00,87417.0,5.0,False,5.0
2024-09-03 06:00:00,87422.0,5.0,False,5.0
2024-09-03 07:00:00,87428.0,6.0,False,6.0
2024-09-03 08:00:00,87473.0,45.0,False,45.0
2024-09-03 09:00:00,87524.0,51.0,False,51.0
2024-09-03 10:00:00,87576.0,52.0,False,52.0
2024-09-03 11:00:00,87653.0,77.0,False,77.0
2024-09-03 12:00:00,87710.0,57.0,False,57.0
2024-09-03 13:00:00,87732.0,22.0,False,22.0
2024-09-03 14:00:00,87750.0,18.0,False,18.0
2024-09-03 15:00:00,87878.0,128.0,False,128.0
2024-09-03 16:00:00,87989.0,111.0,False,111.0
2024-09-03 17:00:00,88135.0,146.0,False,146.0
2024-09-03 18:00:00,88238.0,103.0,False,103.0
2024-09-03 19:00:00,88275.0,37.0,False,37.0
2024-09-03 20:00:00,88296.0,21.0,False,21.0
2024-09-03 21:00:00,88324.0,28.0,False,28.0
2024-09-03 22:00:00,88349.0,25.0,False,25.0
2024-09-03 23:00:00,88359.0,10.0,False,10.0
2024-09-04 00:00:00,88364.0,5.0,False,5.0
2024-09-04 01:00:00,88370.0,6.0,False,6.0
2024-09-04 02:00:00,88375.0,5.0,False,5.0
2024-09-04 03:00:00,88380.0,5.0,False,5.0
2024-09-04 04:00:00,88386.0,6.0,False,6.0
2024-09-04 05:00:00,88391.0,5.0,False,5.0
2024-09-04 06:00:00,88396.0,5.0,False,5.0
2024-09-04 07:00:00,88402.0,6.0,False,6.0
2024-09-04 08:00:00,88452.0,50.0,False,50.0
2024-09-04 09:00:00,88516.0,64.0,False,64.0
2024-09-04 10:00:00,88576.0,60.0,False,60.0
2024-09-04 11:00:00,88664.0,88.0,False,88.0
2024-09-04 12:00:00,88730.0,66.0,False,66.0
2024-09-04 13:00:00,,,False,15.0
2024-09-04 14:00:00,,,False,14.43
2024-09-04 15:00:00,88914.0,,False,42.43
2024-09-04 16:00:00,89022.0,108.0,False,108.0
2024-09-04 17:00:00,89148.0,126.0,False,126.0
2024-09-04 18:00:00,89220.0,72.0,False,72.0
2024-09-04 19:00:00,89260.0,40.0,False,40.0
2024-09-04 20:00:00,89283.0,23.0,False,23.0
2024-09-04 21:00:00,89310.0,27.0,False,27.0
2024-09-04 22:00:00,89335.0,25.0,False,25.0
2024-09-04 23:00:00,89345.0,10.0,False,10.0
2024-09-05 00:00:00,89351.0,6.0,False,6.0
2024-09-05 01:00:00,89356.0,5.0,False,5.0
2024-09-05 02:00:00,89361.0,5.0,False,5.0
2024-09-05 03:00:00,89366.0,5.0,False,5.0
2024-09-05 04:00:00,89371.0,5.0,False,5.0
2024-09-05 05:00:00,89376.0,5.0,False,5.0
2024-09-05 06:00:00,89382.0,6.0,False,6.0
2024-09-05 07:00:00,89390.0,8.0,False,8.0
2024-09-05 08:00:00,89425.0,35.0,False,35.0
2024-09-05 09:00:00,89467.0,42.0,False,42.0
2024-09-05 10:00:00,89508.0,41.0,False,41.0
2024-09-05 11:00:00,89567.0,59.0,False,59.0
2024-09-05 12:00:00,89623.0,56.0,False,56.0
2024-09-05 13:00:00,89649.0,26.0,False,26.0
2024-09-05 14:00:00,89674.0,25.0,False,25.0
2024-09-05 15:00:00,89757.0,83.0,False,83.0
2024-09-05 16:00:00,89815.0,58.0,False,58.0
2024-09-05 17:00:00,,,False,65.29
2024-09-05 18:00:00,89931.0,,False,47.43
2024-09-05 19:00:00,89957.0,26.0,False,26.0
2024-09-05 20:00:00,89982.0,25.0,False,25.0
2024-09-05 21:00:00,90010.0,28.0,False,28.0
2024-09-05 22:00:00,90036.0,26.0,False,26.0
2024-09-05 23:00:00,90048.0,12.0,False,12.0
2024-09-06 00:00:00,90054.0,6.0,False,6.0
2024-09-06 01:00:00,90059.0,5.0,False,5.0
2024-09-06 02:00:00,90065.0,6.0,False,6.0
2024-09-06 03:00:00,90070.0,5.0,False,5.0
2024-09-06 04:00:00,90075.0,5.0,False,5.0
2024-09-06 05:00:00,90080.0,5.0,False,5.0
2024-09-06 06:00:00,90086.0,6.0,False,6.0
2024-09-06 07:00:00,90094.0,8.0,False,8.0
2024-09-06 08:00:00,90131.0,37.0,False,37.0
2024-09-06 09:00:00,90169.0,38.0,False,38.0
2024-09-06 10:00:00,90206.0,37.0,False,37.0
2024-09-06 11:00:00,90261.0,55.0,False,55.0
2024-09-06 12:00:00,90313.0,52.0,False,52.0
2024-09-06 13:00:00,90331.0,18.0,False,18.0
2024-09-06 14:00:00,90349.0,18.0,False,18.0
2024-09-06 15:00:00,90451.0,102.0,False,102.0
2024-09-06 16:00:00,90508.0,57.0,False,57.0
2024-09-06 17:00:00,90608.0,100.0,False,100.0
2024-09-06 18:00:00,90653.0,45.0,False,45.0
2024-09-06 19:00:00,90681.0,28.0,False,28.0
2024-09-06 20:00:00,90698.0,17.0,False,17.0
2024-09-06 21:00:00,90716.0,18.0,False,18.0
2024-09-06 22:00:00,90731.0,15.0,False,15.0
2024-09-06 23:00:00,90742.0,11.0,False,11.0
2024-09-07 00:00:00,90749.0,7.0,False,7.0
2024-09-07 01:00:00,90755.0,6.0,False,6.0
2024-09-07 02:00:00,90761.0,6.0,False,6.0
2024-09-07 03:00:00,90768.0,7.0,False,7.0
2024-09-07 04:00:00,90774.0,6.0,False,6.0
2024-09-07 05:00:00,90780.0,6.0,False,6.0
2024-09-07 06:00:00,90786.0,6.0,False,6.0
2024-09-07 07:00:00,90792.0,6.0,False,6.0
2024-09-07 08:00:00,90798.0,6.0,False,6.0
2024-09-07 09:00:00,90808.0,10.0,False,10.0
2024-09-07 10:00:00,90821.0,13.0,False,13.0
2024-09-07 11:00:00,90835.0,14.0,False,14.0
2024-09-07 12:00:00,90851.0,16.0,False,16.0
2024-09-07 13:00:00,90865.0,14.0,False,14.0
2024-09-07 14:00:00,90878.0,13.0,False,13.0
2024-09-07 15:00:00,90894.0,16.0,False,16.0
2024-09-07 16:00:00,90914.0,20.0,False,20.0
2024-09-07 17:00:00,90932.0,18.0,False,18.0
2024-09-07 18:00:00,90948.0,16.0,False,16.0
2024-09-07 19:00:00,90962.0,14.0,False,14.0
2024-09-07 20:00:00,90977.0,15.0,False,15.0
2024-09-07 21:00:00,90992.0,15.0,False,15.0
2024-09-07 22:00:00,91006.0,14.0,False,14.0
2024-09-07 23:00:00,91015.0,9.0,False,9.0
2024-09-08 00:00:00,91021.0,6.0,False,6.0
2024-09-08 01:00:00,91027.0,6.0,False,6.0
2024-09-08 02:00:00,91032.0,5.0,False,5.0
2024-09-08 03:00:00,91037.0,5.0,False,5.0
2024-09-08 04:00:00,91043.0,6.0,False,6.0
2024-09-08 05:00:00,91048.0,5.0,False,5.0
2024-09-08 06:00:00,91053.0,5.0,False,5.0
2024-09-08 07:00:00,91059.0,6.0,False,6.0
2024-09-08 08:00:00,91065.0,6.0,False,6.0
2024-09-08 09:00:00,91074.0,9.0,False,9.0
2024-09-08 10:00:00,91088.0,14.0,False,14.0
2024-09-08 11:00:00,91105.0,17.0,False,17.0
2024-09-08 12:00:00,91120.0,15.0,False,15.0
2024-09-08 13:00:00,91132.0,12.0,False,12.0
2024-09-08 14:00:00,91145.0,13.0,False,13.0
2024-09-08 15:00:00,91163.0,18.0,False,18.0
2024-09-08 16:00:00,91184.0,21.0,False,21.0
2024-09-08 17:00:00,91212.0,28.0,False,28.0
2024-09-08 18:00:00,91237.0,25.0,False,25.0
2024-09-08 19:00:00,91257.0,20.0,False,20.0
2024-09-08 20:00:00,91278.0,21.0,False,21.0
2024-09-08 21:00:00,91299.0,21.0,False,21.0
2024-09-08 22:00:00,91318.0,19.0,False,19.0
2024-09-08 23:00:00,91328.0,10.0,False,10.0
2024-09-09 00:00:00,91334.0,6.0,False,6.0
2024-09-09 01:00:00,91340.0,6.0,False,6.0
2024-09-09 02:00:00,91345.0,5.0,False,5.0
2024-09-09 03:00:00,91351.0,6.0,False,6.0
2024-09-09 04:00:00,91356.0,5.0,False,5.0
2024-09-09 05:00:00,91362.0,6.0,False,6.0
2024-09-09 06:00:00,91367.0,5.0,False,5.0
2024-09-09 07:00:00,91376.0,9.0,False,9.0
2024-09-09 08:00:00,91459.0,83.0,False,83.0
2024-09-09 09:00:00,91571.0,112.0,False,112.0
2024-09-09 10:00:00,91687.0,116.0,False,116.0
2024-09-09 11:00:00,91835.0,148.0,False,148.0
2024-09-09 12:00:00,91960.0,125.0,False,125.0
2024-09-09 13:00:00,,,False,23.0
2024-09-09 14:00:00,92030.0,,False,21.67
2024-09-09 15:00:00,92212.0,182.0,False,182.0
2024-09-09 16:00:00,92316.0,104.0,False,104.0
2024-09-09 17:00:00,92416.0,100.0,False,100.0
2024-09-09 18:00:00,92487.0,71.0,False,71.0
2024-09-09 19:00:00,92529.0,42.0,False,42.0
2024-09-09 20:00:00,92556.0,27.0,False,27.0
2024-09-09 21:00:00,92582.0,26.0,False,26.0
2024-09-09 22:00:00,92603.0,21.0,False,21.0
2024-09-09 23:00:00,92614.0,11.0,False,11.0
2024-09-10 00:00:00,92621.0,7.0,False,7.0
2024-09-10 01:00:00,92628.0,7.0,False,7.0
2024-09-10 02:00:00,92634.0,6.0,False,6.0
2024-09-10 03:00:00,92641.0,7.0,False,7.0
2024-09-10 04:00:00,92647.0,6.0,False,6.0
2024-09-10 05:00:00,92654.0,7.0,False,7.0
2024-09-10 06:00:00,92660.0,6.0,False,6.0
2024-09-10 07:00:00,92668.0,8.0,False,8.0
2024-09-10 08:00:00,92709.0,41.0,False,41.0
2024-09-10 09:00:00,92773.0,64.0,False,64.0
2024-09-10 10:00:00,92829.0,56.0,False,56.0
2024-09-10 11:00:00,92909.0,80.0,False,80.0
2024-09-10 12:00:00,92985.0,76.0,False,76.0
2024-09-10 13:00:00,93012.0,27.0,False,27.0
2024-09-10 14:00:00,93034.0,22.0,False,22.0
2024-09-10 15:00:00,93125.0,91.0,False,91.0
2024-09-10 16:00:00,93213.0,88.0,False,88.0
2024-09-10 17:00:00,93308.0,95.0,False,95.0
2024-09-10 18:00:00,93364.0,56.0,False,56.0
2024-09-10 19:00:00,93392.0,28.0,False,28.0
2024-09-10 20:00:00,93415.0,23.0,False,23.0
2024-09-10 21:00:00,93439.0,24.0,False,24.0
2024-09-10 22:00:00,93461.0,22.0,False,22.0
2024-09-10 23:00:00,93472.0,11.0,False,11.0
2024-09-11 00:00:00,93477.0,5.0,False,5.0
2024-09-11 01:00:00,93483.0,6.0,False,6.0
2024-09-11 02:00:00,93488.0,5.0,False,5.0
2024-09-11 03:00:00,93494.0,6.0,False,6.0
2024-09-11 04:00:00,93499.0,5.0,False,5.0
2024-09-11 05:00:00,93505.0,6.0,False,6.0
2024-09-11 06:00:00,93510.0,5.0,False,5.0
2024-09-11 07:00:00,93517.0,7.0,False,7.0
2024-09-11 08:00:00,93555.0,38.0,False,38.0
2024-09-11 09:00:00,93613.0,58.0,False,58.0
2024-09-11 10:00:00,93664.0,51.0,False,51.0
2024-09-11 11:00:00,,,False,65.86
2024-09-11 12:00:00,,,False,58.0
2024-09-11 13:00:00,93865.0,,False,19.4
2024-09-11 14:00:00,93889.0,24.0,False,24.0
2024-09-11 15:00:00,94000.0,111.0,False,111.0
2024-09-11 16:00:00,,,False,65.14
2024-09-11 17:00:00,94249.0,,False,77.83
2024-09-11 18:00:00,94348.0,99.0,False,99.0
2024-09-11 19:00:00,94402.0,54.0,False,54.0
2024-09-11 20:00:00,94431.0,29.0,False,29.0
2024-09-11 21:00:00,94463.0,32.0,False,32.0
2024-09-11 22:00:00,94492.0,29.0,False,29.0
2024-09-11 23:00:00,94503.0,11.0,False,11.0
2024-09-12 00:00:00,94509.0,6.0,False,6.0
2024-09-12 01:00:00,94515.0,6.0,False,6.0
2024-09-12 02:00:00,,,False,5.43
2024-09-12 03:00:00,94526.0,,False,5.86
2024-09-12 04:00:00,94531.0,5.0,False,5.0
2024-09-12 05:00:00,94537.0,6.0,False,6.0
2024-09-12 06:00:00,94542.0,5.0,False,5.0
2024-09-12 07:00:00,94550.0,8.0,False,8.0
2024-09-12 08:00:00,94587.0,37.0,False,37.0
2024-09-12 09:00:00,94639.0,52.0,False,52.0
2024-09-12 10:00:00,94683.0,44.0,False,44.0
2024-09-12 11:00:00,94740.0,57.0,False,57.0
2024-09-12 12:00:00,94792.0,52.0,False,52.0
2024-09-12 13:00:00,94815.0,23.0,False,23.0
2024-09-12 14:00:00,94839.0,24.0,False,24.0
2024-09-12 15:00:00,94937.0,98.0,False,98.0
2024-09-12 16:00:00,94997.0,60.0,False,60.0
2024-09-12 17:00:00,95087.0,90.0,False,90.0
2024-09-12 18:00:00,95144.0,57.0,False,57.0
2024-09-12 19:00:00,95174.0,30.0,False,30.0
2024-09-12 20:00:00,95200.0,26.0,False,26.0
2024-09-12 21:00:00,95233.0,33.0,False,33.0
2024-09-12 22:00:00,95259.0,26.0,False,26.0
2024-09-12 23:00:00,95270.0,11.0,False,11.0
2024-09-13 00:00:00,95277.0,7.0,False,7.0
2024-09-13 01:00:00,95282.0,5.0,False,5.0
2024-09-13 02:00:00,95288.0,6.0,False,6.0
2024-09-13 03:00:00,95293.0,5.0,False,5.0
2024-09-13 04:00:00,95299.0,6.0,False,6.0
2024-09-13 05:00:00,95304.0,5.0,False,5.0
2024-09-13 06:00:00,95310.0,6.0,False,6.0
2024-09-13 07:00:00,95317.0,7.0,False,7.0
2024-09-13 08:00:00,95352.0,35.0,False,35.0
2024-09-13 09:00:00,95400.0,48.0,False,48.0
2024-09-13 10:00:00,95449.0,49.0,False,49.0
2024-09-13 11:00:00,95528.0,79.0,False,79.0
2024-09-13 12:00:00,95601.0,73.0,False,73.0
2024-09-13 13:00:00,95626.0,25.0,False,25.0
2024-09-13 14:00:00,95646.0,20.0,False,20.0
2024-09-13 15:00:00,95746.0,100.0,False,100.0
2024-09-13 16:00:00,95836.0,90.0,False,90.0
2024-09-13 17:00:00,95931.0,95.0,False,95.0
2024-09-13 18:00:00,95992.0,61.0,False,61.0
2024-09-13 19:00:00,96028.0,36.0,False,36.0
2024-09-13 20:00:00,96053.0,25.0,False,25.0
2024-09-13 21:00:00,96081.0,28.0,False,28.0
2024-09-13 22:00:00,96104.0,23.0,False,23.0
2024-09-13 23:00:00,96115.0,11.0,False,11.0
2024-09-14 00:00:00,96121.0,6.0,False,6.0
2024-09-14 01:00:00,96127.0,6.0,False,6.0
2024-09-14 02:00:00,96133.0,6.0,False,6.0
2024-09-14 03:00:00,96138.0,5.0,False,5.0
2024-09-14 04:00:00,96144.0,6.0,False,6.0
2024-09-14 05:00:00,96149.0,5.0,False,5.0
2024-09-14 06:00:00,96155.0,6.0,False,6.0
2024-09-14 07:00:00,96162.0,7.0,False,7.0
2024-09-14 08:00:00,96172.0,10.0,False,10.0
2024-09-14 09:00:00,96189.0,17.0,False,17.0
2024-09-14 10:00:00,96208.0,19.0,False,19.0
2024-09-14 11:00:00,96234.0,26.0,False,26.0
2024-09-14 12:00:00,96261.0,27.0,False,27.0
2024-09-14 13:00:00,96280.0,19.0,False,19.0
2024-09-14 14:00:00,96297.0,17.0,False,17.0
2024-09-14 15:00:00,96321.0,24.0,False,24.0
2024-09-14 16:00:00,96348.0,27.0,False,27.0
2024-09-14 17:00:00,96376.0,28.0,False,28.0
2024-09-14 18:00:00,96401.0,25.0,False,25.0
2024-09-14 19:00:00,96422.0,21.0,False,21.0
2024-09-14 20:00:00,96442.0,20.0,False,20.0
2024-09-14 21:00:00,96462.0,20.0,False,20.0
2024-09-14 22:00:00,96479.0,17.0,False,17.0
2024-09-14 23:00:00,96488.0,9.0,False,9.0
2024-09-15 00:00:00,96494.0,6.0,False,6.0
2024-09-15 01:00:00,96499.0,5.0,False,5.0
2024-09-15 02:00:00,96505.0,6.0,False,6.0
2024-09-15 03:00:00,96510.0,5.0,False,5.0
2024-09-15 04:00:00,96516.0,6.0,False,6.0
2024-09-15 05:00:00,96521.0,5.0,False,5.0
2024-09-15 06:00:00,96527.0,6.0,False,6.0
2024-09-15 07:00:00,96532.0,5.0,False,5.0
2024-09-15 08:00:00,96538.0,6.0,False,6.0
2024-09-15 09:00:00,96546.0,8.0,False,8.0
2024-09-15 10:00:00,96557.0,11.0,False,11.0
2024-09-15 11:00:00,96569.0,12.0,False,12.0
2024-09-15 12:00:00,96583.0,14.0,False,14.0
2024-09-15 13:00:00,96594.0,11.0,False,11.0
2024-09-15 14:00:00,96608.0,14.0,False,14.0
2024-09-15 15:00:00,96625.0,17.0,False,17.0
2024-09-15 16:00:00,96647.0,22.0,False,22.0
2024-09-15 17:00:00,96665.0,18.0,False,18.0
2024-09-15 18:00:00,96681.0,16.0,False,16.0
2024-09-15 19:00:00,96696.0,15.0,False,15.0
2024-09-15 20:00:00,96712.0,16.0,False,16.0
2024-09-15 21:00:00,96729.0,17.0,False,17.0
2024-09-15 22:00:00,96745.0,16.0,False,16.0
2024-09-15 23:00:00,96753.0,8.0,False,8.0
2024-09-16 00:00:00,96758.0,5.0,False,5.0
2024-09-16 01:00:00,96764.0,6.0,False,6.0
2024-09-16 02:00:00,96769.0,5.0,False,5.0
2024-09-16 03:00:00,96775.0,6.0,False,6.0
2024-09-16 04:00:00,96780.0,5.0,False,5.0
2024-09-16 05:00:00,96786.0,6.0,False,6.0
2024-09-16 06:00:00,96791.0,5.0,False,5.0
2024-09-16 07:00:00,96797.0,6.0,False,6.0
2024-09-16 08:00:00,96826.0,29.0,False,29.0
2024-09-16 09:00:00,96865.0,39.0,False,39.0
2024-09-16 10:00:00,96905.0,40.0,False,40.0
2024-09-16 11:00:00,96948.0,43.0,False,43.0
2024-09-16 12:00:00,96991.0,43.0,False,43.0
2024-09-16 13:00:00,97007.0,16.0,False,16.0
2024-09-16 14:00:00,97025.0,18.0,False,18.0
2024-09-16 15:00:00,97084.0,59.0,False,59.0
2024-09-16 16:00:00,97140.0,56.0,False,56.0
2024-09-16 17:00:00,97196.0,56.0,False,56.0
2024-09-16 18:00:00,97250.0,54.0,False,54.0
2024-09-16 19:00:00,97280.0,30.0,False,30.0
2024-09-16 20:00:00,97298.0,18.0,False,18.0
2024-09-16 21:00:00,97318.0,20.0,False,20.0
2024-09-16 22:00:00,97334.0,16.0,False,16.0
2024-09-16 23:00:00,97344.0,10.0,False,10.0
2024-09-17 00:00:00,97351.0,7.0,False,7.0
2024-09-17 01:00:00,97357.0,6.0,False,6.0
2024-09-17 02:00:00,97362.0,5.0,False,5.0
2024-09-17 03:00:00,97368.0,6.0,False,6.0
2024-09-17 04:00:00,97374.0,6.0,False,6.0
2024-09-17 05:00:00,97380.0,6.0,False,6.0
2024-09-17 06:00:00,97386.0,6.0,False,6.0
2024-09-17 07:00:00,97392.0,6.0,False,6.0
2024-09-17 08:00:00,97425.0,33.0,False,33.0
2024-09-17 09:00:00,97472.0,47.0,False,47.0
2024-09-17 10:00:00,97521.0,49.0,False,49.0
2024-09-17 11:00:00,97574.0,53.0,False,53.0
2024-09-17 12:00:00,97628.0,54.0,False,54.0
2024-09-17 13:00:00,97646.0,18.0,False,18.0
2024-09-17 14:00:00,97661.0,15.0,False,15.0
2024-09-17 15:00:00,97721.0,60.0,False,60.0
2024-09-17 16:00:00,97777.0,56.0,False,56.0
2024-09-17 17:00:00,97831.0,54.0,False,54.0
2024-09-17 18:00:00,97884.0,53.0,False,53.0
2024-09-17 19:00:00,97916.0,32.0,False,32.0
2024-09-17 20:00:00,97934.0,18.0,False,18.0
2024-09-17 21:00:00,97951.0,17.0,False,17.0
2024-09-17 22:00:00,97968.0,17.0,False,17.0
2024-09-17 23:00:00,97977.0,9.0,False,9.0
2024-09-18 00:00:00,97983.0,6.0,False,6.0
2024-09-18 01:00:00,97988.0,5.0,False,5.0
2024-09-18 02:00:00,97994.0,6.0,False,6.0
2024-09-18 03:00:00,98000.0,6.0,False,6.0
2024-09-18 04:00:00,98005.0,5.0,False,5.0
2024-09-18 05:00:00,98011.0,6.0,False,6.0
2024-09-18 06:00:00,98016.0,5.0,False,5.0
2024-09-18 07:00:00,98025.0,9.0,False,9.0
2024-09-18 08:00:00,98064.0,39.0,False,39.0
2024-09-18 09:00:00,98120.0,56.0,False,56.0
2024-09-18 10:00:00,98189.0,69.0,False,69.0
2024-09-18 11:00:00,98294.0,105.0,False,105.0
2024-09-18 12:00:00,98388.0,94.0,False,94.0
2024-09-18 13:00:00,98418.0,30.0,False,30.0
2024-09-18 14:00:00,98444.0,26.0,False,26.0
2024-09-18 15:00:00,98569.0,125.0,False,125.0
2024-09-18 16:00:00,98691.0,122.0,False,122.0
2024-09-18 17:00:00,98828.0,137.0,False,137.0
2024-09-18 18:00:00,98936.0,108.0,False,108.0
2024-09-18 19:00:00,,,False,31.14
2024-09-18 20:00:00,99023.0,,False,21.71
2024-09-18 21:00:00,99051.0,28.0,False,28.0
2024-09-18 22:00:00,99077.0,26.0,False,26.0
2024-09-18 23:00:00,99088.0,11.0,False,11.0
2024-09-19 00:00:00,99094.0,6.0,False,6.0
2024-09-19 01:00:00,99099.0,5.0,False,5.0
2024-09-19 02:00:00,99105.0,6.0,False,6.0
2024-09-19 03:00:00,99110.0,5.0,False,5.0
2024-09-19 04:00:00,99116.0,6.0,False,6.0
2024-09-19 05:00:00,99121.0,5.0,False,5.0
2024-09-19 06:00:00,99127.0,6.0,False,6.0
2024-09-19 07:00:00,99135.0,8.0,False,8.0
2024-09-19 08:00:00,99176.0,41.0,False,41.0
2024-09-19 09:00:00,99238.0,62.0,False,62.0
2024-09-19 10:00:00,99292.0,54.0,False,54.0
2024-09-19 11:00:00,99377.0,85.0,False,85.0
2024-09-19 12:00:00,99470.0,93.0,False,93.0
2024-09-19 13:00:00,99497.0,27.0,False,27.0
2024-09-19 14:00:00,99522.0,25.0,False,25.0
2024-09-19 15:00:00,99650.0,128.0,False,128.0
2024-09-19 16:00:00,99736.0,86.0,False,86.0
2024-09-19 17:00:00,99852.0,116.0,False,116.0
2024-09-19 18:00:00,99925.0,73.0,False,73.0
2024-09-19 19:00:00,99965.0,40.0,False,40.0
2024-09-19 20:00:00,99996.0,31.0,False,31.0
2024-09-19 21:00:00,100032.0,36.0,False,36.0
2024-09-19 22:00:00,100065.0,33.0,False,33.0
2024-09-19 23:00:00,100076.0,11.0,False,11.0
2024-09-20 00:00:00,100082.0,6.0,False,6.0
2024-09-20 01:00:00,100087.0,5.0,False,5.0
2024-09-20 02:00:00,100093.0,6.0,False,6.0
2024-09-20 03:00:00,100099.0,6.0,False,6.0
2024-09-20 04:00:00,100104.0,5.0,False,5.0
2024-09-20 05:00:00,100110.0,6.0,False,6.0
2024-09-20 06:00:00,100116.0,6.0,False,6.0
2024-09-20 07:00:00,100123.0,7.0,False,7.0
2024-09-20 08:00:00,100167.0,44.0,False,44.0
2024-09-20 09:00:00,100231.0,64.0,False,64.0
2024-09-20 10:00:00,100291.0,60.0,False,60.0
2024-09-20 11:00:00,100341.0,50.0,False,50.0
2024-09-20 12:00:00,100378.0,37.0,False,37.0
2024-09-20 13:00:00,100402.0,24.0,False,24.0
2024-09-20 14:00:00,100425.0,23.0,False,23.0
2024-09-20 15:00:00,100481.0,56.0,False,56.0
2024-09-20 16:00:00,100522.0,41.0,False,41.0
2024-09-20 17:00:00,100571.0,49.0,False,49.0
2024-09-20 18:00:00,100610.0,39.0,False,39.0
2024-09-20 19:00:00,100639.0,29.0,False,29.0
2024-09-20 20:00:00,100663.0,24.0,False,24.0
2024-09-20 21:00:00,100688.0,25.0,False,25.0
2024-09-20 22:00:00,100708.0,20.0,False,20.0
2024-09-20 23:00:00,100719.0,11.0,False,11.0
2024-09-21 00:00:00,100725.0,6.0,False,6.0
2024-09-21 01:00:00,100731.0,6.0,False,6.0
2024-09-21 02:00:00,100737.0,6.0,False,6.0
2024-09-21 03:00:00,100743.0,6.0,False,6.0
2024-09-21 04:00:00,100748.0,5.0,False,5.0
2024-09-21 05:00:00,100754.0,6.0,False,6.0
2024-09-21 06:00:00,100760.0,6.0,False,6.0
2024-09-21 07:00:00,100766.0,6.0,False,6.0
2024-09-21 08:00:00,100773.0,7.0,False,7.0
2024-09-21 09:00:00,100782.0,9.0,False,9.0
2024-09-21 10:00:00,100796.0,14.0,False,14.0
2024-09-21 11:00:00,100814.0,18.0,False,18.0
2024-09-21 12:00:00,100833.0,19.0,False,19.0
2024-09-21 13:00:00,100849.0,16.0,False,16.0
2024-09-21 14:00:00,100867.0,18.0,False,18.0
2024-09-21 15:00:00,100887.0,20.0,False,20.0
2024-09-21 16:00:00,100909.0,22.0,False,22.0
2024-09-21 17:00:00,100931.0,22.0,False,22.0
2024-09-21 18:00:00,100952.0,21.0,False,21.0
2024-09-21 19:00:00,100971.0,19.0,False,19.0
2024-09-21 20:00:00,100991.0,20.0,False,20.0
2024-09-21 21:00:00,101012.0,21.0,False,21.0
2024-09-21 22:00:00,101032.0,20.0,False,20.0
2024-09-21 23:00:00,101043.0,11.0,False,11.0
2024-09-22 00:00:00,101049.0,6.0,False,6.0
2024-09-22 01:00:00,101054.0,5.0,False,5.0
2024-09-22 02:00:00,101060.0,6.0,False,6.0
2024-09-22 03:00:00,101065.0,5.0,False,5.0
2024-09-22 04:00:00,101071.0,6.0,False,6.0
2024-09-22 05:00:00,101076.0,5.0,False,5.0
2024-09-22 06:00:00,101082.0,6.0,False,6.0
2024-09-22 07:00:00,101087.0,5.0,False,5.0
2024-09-22 08:00:00,101094.0,7.0,False,7.0
2024-09-22 09:00:00,101103.0,9.0,False,9.0
2024-09-22 10:00:00,101118.0,15.0,False,15.0
2024-09-22 11:00:00,101135.0,17.0,False,17.0
2024-09-22 12:00:00,101152.0,17.0,False,17.0
2024-09-22 13:00:00,101170.0,18.0,False,18.0
2024-09-22 14:00:00,101189.0,19.0,False,19.0
2024-09-22 15:00:00,101210.0,21.0,False,21.0
2024-09-22 16:00:00,101232.0,22.0,False,22.0
2024-09-22 17:00:00,101252.0,20.0,False,20.0
2024-09-22 18:00:00,101273.0,21.0,False,21.0
2024-09-22 19:00:00,101295.0,22.0,False,22.0
2024-09-22 20:00:00,101315.0,20.0,False,20.0
2024-09-22 21:00:00,101336.0,21.0,False,21.0
2024-09-22 22:00:00,101355.0,19.0,False,19.0
2024-09-22 23:00:00,101365.0,10.0,False,10.0
2024-09-23 00:00:00,101370.0,5.0,False,5.0
2024-09-23 01:00:00,101376.0,6.0,False,6.0
2024-09-23 02:00:00,101381.0,5.0,False,5.0
2024-09-23 03:00:00,101387.0,6.0,False,6.0
2024-09-23 04:00:00,101392.0,5.0,False,5.0
2024-09-23 05:00:00,101398.0,6.0,False,6.0
2024-09-23 06:00:00,101404.0,6.0,False,6.0
2024-09-23 07:00:00,101412.0,8.0,False,8.0
2024-09-23 08:00:00,101434.0,22.0,False,22.0
2024-09-23 09:00:00,101472.0,38.0,False,38.0
2024-09-23 10:00:00,101515.0,43.0,False,43.0
2024-09-23 11:00:00,101571.0,56.0,False,56.0
2024-09-23 12:00:00,101628.0,57.0,False,57.0
2024-09-23 13:00:00,101656.0,28.0,False,28.0
2024-09-23 14:00:00,101684.0,28.0,False,28.0
2024-09-23 15:00:00,101740.0,56.0,False,56.0
2024-09-23 16:00:00,101792.0,52.0,False,52.0
2024-09-23 17:00:00,101856.0,64.0,False,64.0
2024-09-23 18:00:00,101919.0,63.0,False,63.0
2024-09-23 19:00:00,101957.0,38.0,False,38.0
2024-09-23 20:00:00,101982.0,25.0,False,25.0
2024-09-23 21:00:00,102006.0,24.0,False,24.0
2024-09-23 22:00:00,102029.0,23.0,False,23.0
2024-09-23 23:00:00,102041.0,12.0,False,12.0
2024-09-24 00:00:00,102047.0,6.0,False,6.0
2024-09-24 01:00:00,102052.0,5.0,False,5.0
2024-09-24 02:00:00,102058.0,6.0,False,6.0
2024-09-24 03:00:00,102063.0,5.0,False,5.0
2024-09-24 04:00:00,102069.0,6.0,False,6.0
2024-09-24 05:00:00,102075.0,6.0,False,6.0
2024-09-24 06:00:00,102080.0,5.0,False,5.0
2024-09-24 07:00:00,102088.0,8.0,False,8.0
2024-09-24 08:00:00,102109.0,21.0,False,21.0
2024-09-24 09:00:00,102146.0,37.0,False,37.0
2024-09-24 10:00:00,102191.0,45.0,False,45.0
2024-09-24 11:00:00,102246.0,55.0,False,55.0
2024-09-24 12:00:00,102301.0,55.0,False,55.0
2024-09-24 13:00:00,102327.0,26.0,False,26.0
2024-09-24 14:00:00,102354.0,27.0,False,27.0
2024-09-24 15:00:00,102413.0,59.0,False,59.0
2024-09-24 16:00:00,102469.0,56.0,False,56.0
2024-09-24 17:00:00,102526.0,57.0,False,57.0
2024-09-24 18:00:00,102569.0,43.0,False,43.0
2024-09-24 19:00:00,102599.0,30.0,False,30.0
2024-09-24 20:00:00,102625.0,26.0,False,26.0
2024-09-24 21:00:00,102654.0,29.0,False,29.0
2024-09-24 22:00:00,102676.0,22.0,False,22.0
2024-09-24 23:00:00,102690.0,14.0,False,14.0
2024-09-25 00:00:00,102696.0,6.0,False,6.0
2024-09-25 01:00:00,102701.0,5.0,False,5.0
2024-09-25 02:00:00,102707.0,6.0,False,6.0
2024-09-25 03:00:00,102712.0,5.0,False,5.0
2024-09-25 04:00:00,102718.0,6.0,False,6.0
2024-09-25 05:00:00,102723.0,5.0,False,5.0
2024-09-25 06:00:00,102729.0,6.0,False,6.0
2024-09-25 07:00:00,102735.0,6.0,False,6.0
2024-09-25 08:00:00,102759.0,24.0,False,24.0
2024-09-25 09:00:00,102803.0,44.0,False,44.0
2024-09-25 10:00:00,102856.0,53.0,False,53.0
2024-09-25 11:00:00,102921.0,65.0,False,65.0
2024-09-25 12:00:00,102986.0,65.0,False,65.0
2024-09-25 13:00:00,103013.0,27.0,False,27.0
2024-09-25 14:00:00,103038.0,25.0,False,25.0
2024-09-25 15:00:00,103124.0,86.0,False,86.0
2024-09-25 16:00:00,,,False,57.29
2024-09-25 17:00:00,103328.0,,False,66.43
2024-09-25 18:00:00,103420.0,92.0,False,92.0
2024-09-25 19:00:00,103468.0,48.0,False,48.0
2024-09-25 20:00:00,103497.0,29.0,False,29.0
2024-09-25 21:00:00,103526.0,29.0,False,29.0
2024-09-25 22:00:00,103551.0,25.0,False,25.0
2024-09-25 23:00:00,103562.0,11.0,False,11.0
2024-09-26 00:00:00,103568.0,6.0,False,6.0
2024-09-26 01:00:00,103574.0,6.0,False,6.0
2024-09-26 02:00:00,103579.0,5.0,False,5.0
2024-09-26 03:00:00,103585.0,6.0,False,6.0
2024-09-26 04:00:00,103591.0,6.0,False,6.0
2024-09-26 05:00:00,103597.0,6.0,False,6.0
2024-09-26 06:00:00,103602.0,5.0,False,5.0
2024-09-26 07:00:00,103610.0,8.0,False,8.0
2024-09-26 08:00:00,103640.0,30.0,False,30.0
2024-09-26 09:00:00,103692.0,52.0,False,52.0
2024-09-26 10:00:00,103746.0,54.0,False,54.0
2024-09-26 11:00:00,103809.0,63.0,False,63.0
2024-09-26 12:00:00,103871.0,62.0,False,62.0
2024-09-26 13:00:00,103899.0,28.0,False,28.0
2024-09-26 14:00:00,103924.0,25.0,False,25.0
2024-09-26 15:00:00,104004.0,80.0,False,80.0
2024-09-26 16:00:00,104081.0,77.0,False,77.0
2024-09-26 17:00:00,104157.0,76.0,False,76.0
2024-09-26 18:00:00,104215.0,58.0,False,58.0
2024-09-26 19:00:00,104249.0,34.0,False,34.0
2024-09-26 20:00:00,104272.0,23.0,False,23.0
2024-09-26 21:00:00,104298.0,26.0,False,26.0
2024-09-26 22:00:00,104321.0,23.0,False,23.0
2024-09-26 23:00:00,104332.0,11.0,False,11.0
2024-09-27 00:00:00,104338.0,6.0,False,6.0
2024-09-27 01:00:00,104344.0,6.0,False,6.0
2024-09-27 02:00:00,104350.0,6.0,False,6.0
2024-09-27 03:00:00,104355.0,5.0,False,5.0
2024-09-27 04:00:00,104361.0,6.0,False,6.0
2024-09-27 05:00:00,104367.0,6.0,False,6.0
2024-09-27 06:00:00,104372.0,5.0,False,5.0
2024-09-27 07:00:00,104380.0,8.0,False,8.0
2024-09-27 08:00:00,104405.0,25.0,False,25.0
2024-09-27 09:00:00,104447.0,42.0,False,42.0
2024-09-27 10:00:00,104493.0,46.0,False,46.0
2024-09-27 11:00:00,104544.0,51.0,False,51.0
2024-09-27 12:00:00,104595.0,51.0,False,51.0
2024-09-27 13:00:00,104621.0,26.0,False,26.0
2024-09-27 14:00:00,104647.0,26.0,False,26.0
2024-09-27 15:00:00,104716.0,69.0,False,69.0
2024-09-27 16:00:00,104787.0,71.0,False,71.0
2024-09-27 17:00:00,104853.0,66.0,False,66.0
2024-09-27 18:00:00,104891.0,38.0,False,38.0
2024-09-27 19:00:00,104919.0,28.0,False,28.0
2024-09-27 20:00:00,104943.0,24.0,False,24.0
2024-09-27 21:00:00,104965.0,22.0,False,22.0
2024-09-27 22:00:00,104984.0,19.0,False,19.0
2024-09-27 23:00:00,104995.0,11.0,False,11.0
2024-09-28 00:00:00,105001.0,6.0,False,6.0
2024-09-28 01:00:00,105007.0,6.0,False,6.0
2024-09-28 02:00:00,105013.0,6.0,False,6.0
2024-09-28 03:00:00,105019.0,6.0,False,6.0
2024-09-28 04:00:00,105025.0,6.0,False,6.0
2024-09-28 05:00:00,105030.0,5.0,False,5.0
2024-09-28 06:00:00,105036.0,6.0,False,6.0
2024-09-28 07:00:00,105042.0,6.0,False,6.0
2024-09-28 08:00:00,105048.0,6.0,False,6.0
2024-09-28 09:00:00,105059.0,11.0,False,11.0
2024-09-28 10:00:00,105074.0,15.0,False,15.0
2024-09-28 11:00:00,105092.0,18.0,False,18.0
2024-09-28 12:00:00,105109.0,17.0,False,17.0
2024-09-28 13:00:00,105123.0,14.0,False,14.0
2024-09-28 14:00:00,105144.0,21.0,False,21.0
2024-09-28 15:00:00,105168.0,24.0,False,24.0
2024-09-28 16:00:00,105197.0,29.0,False,29.0
2024-09-28 17:00:00,105223.0,26.0,False,26.0
2024-09-28 18:00:00,105244.0,21.0,False,21.0
2024-09-28 19:00:00,105261.0,17.0,False,17.0
2024-09-28 20:00:00,105279.0,18.0,False,18.0
2024-09-28 21:00:00,105298.0,19.0,False,19.0
2024-09-28 22:00:00,105315.0,17.0,False,17.0
2024-09-28 23:00:00,105325.0,10.0,False,10.0
2024-09-29 00:00:00,105331.0,6.0,False,6.0
2024-09-29 01:00:00,105337.0,6.0,False,6.0
2024-09-29 02:00:00,105343.0,6.0,False,6.0
2024-09-29 03:00:00,105349.0,6.0,False,6.0
2024-09-29 04:00:00,105355.0,6.0,False,6.0
2024-09-29 05:00:00,105361.0,6.0,False,6.0
2024-09-29 06:00:00,105367.0,6.0,False,6.0
2024-09-29 07:00:00,105374.0,7.0,False,7.0
2024-09-29 08:00:00,105385.0,11.0,False,11.0
2024-09-29 09:00:00,105399.0,14.0,False,14.0
2024-09-29 10:00:00,105418.0,19.0,False,19.0
2024-09-29 11:00:00,105437.0,19.0,False,19.0
2024-09-29 12:00:00,105458.0,21.0,False,21.0
2024-09-29 13:00:00,105477.0,19.0,False,19.0
2024-09-29 14:00:00,105497.0,20.0,False,20.0
2024-09-29 15:00:00,105520.0,23.0,False,23.0
2024-09-29 16:00:00,105544.0,24.0,False,24.0
2024-09-29 17:00:00,105567.0,23.0,False,23.0
2024-09-29 18:00:00,,,False,48.0
2024-09-29 19:00:00,105614.0,,False,31.0
2024-09-29 20:00:00,105633.0,19.0,False,19.0
2024-09-29 21:00:00,105648.0,15.0,False,15.0
2024-09-29 22:00:00,105661.0,13.0,False,13.0
2024-09-29 23:00:00,105671.0,10.0,False,10.0
2024-09-30 00:00:00,105679.0,8.0,False,8.0
2024-09-30 01:00:00,105687.0,8.0,False,8.0
2024-09-30 02:00:00,105694.0,7.0,False,7.0
2024-09-30 03:00:00,105701.0,7.0,False,7.0
2024-09-30 04:00:00,105707.0,6.0,False,6.0
2024-09-30 05:00:00,105714.0,7.0,False,7.0
2024-09-30 06:00:00,105721.0,7.0,False,7.0
2024-09-30 07:00:00,105729.0,8.0,False,8.0
2024-09-30 08:00:00,105746.0,17.0,False,17.0
2024-09-30 09:00:00,105772.0,26.0,False,26.0
2024-09-30 10:00:00,105800.0,28.0,False,28.0
2024-09-30 11:00:00,,,False,46.71
2024-09-30 12:00:00,105880.0,,False,46.86
2024-09-30 13:00:00,105903.0,23.0,False,23.0
2024-09-30 14:00:00,105924.0,21.0,False,21.0
2024-09-30 15:00:00,105961.0,37.0,False,37.0
2024-09-30 16:00:00,106002.0,41.0,False,41.0
2024-09-30 17:00:00,106044.0,42.0,False,42.0
2024-09-30 18:00:00,106078.0,34.0,False,34.0
2024-09-30 19:00:00,106100.0,22.0,False,22.0
2024-09-30 20:00:00,106118.0,18.0,False,18.0
2024-09-30 21:00:00,106134.0,16.0,False,16.0
2024-09-30 22:00:00,106146.0,12.0,False,12.0
2024-09-30 23:00:00,106154.0,8.0,False,8.0
2024-10-01 00:00:00,106160.0,6.0,False,6.0
2024-10-01 01:00:00,106165.0,5.0,False,5.0
2024-10-01 02:00:00,106171.0,6.0,False,6.0
2024-10-01 03:00:00,106176.0,5.0,False,5.0
2024-10-01 04:00:00,106182.0,6.0,False,6.0
2024-10-01 05:00:00,106188.0,6.0,False,6.0
2024-10-01 06:00:00,106193.0,5.0,False,5.0
2024-10-01 07:00:00,106199.0,6.0,False,6.0
2024-10-01 08:00:00,106204.0,5.0,False,5.0
2024-10-01 09:00:00,106211.0,7.0,False,7.0
2024-10-01 10:00:00,106218.0,7.0,False,7.0
2024-10-01 11:00:00,106227.0,9.0,False,9.0
2024-10-01 12:00:00,106236.0,9.0,False,9.0
2024-10-01 13:00:00,106243.0,7.0,False,7.0
2024-10-01 14:00:00,106251.0,8.0,False,8.0
2024-10-01 15:00:00,106260.0,9.0,False,9.0
2024-10-01 16:00:00,106269.0,9.0,False,9.0
2024-10-01 17:00:00,106280.0,11.0,False,11.0
2024-10-01 18:00:00,106291.0,11.0,False,11.0
2024-10-01 19:00:00,106303.0,12.0,False,12.0
2024-10-01 20:00:00,106313.0,10.0,False,10.0
2024-10-01 21:00:00,106324.0,11.0,False,11.0
2024-10-01 22:00:00,106334.0,10.0,False,10.0
2024-10-01 23:00:00,106341.0,7.0,False,7.0
2024-10-02 00:00:00,106347.0,6.0,False,6.0
2024-10-02 01:00:00,106352.0,5.0,False,5.0
2024-10-02 02:00:00,106358.0,6.0,False,6.0
2024-10-02 03:00:00,106363.0,5.0,False,5.0
2024-10-02 04:00:00,106369.0,6.0,False,6.0
2024-10-02 05:00:00,106375.0,6.0,False,6.0
2024-10-02 06:00:00,106380.0,5.0,False,5.0
2024-10-02 07:00:00,106386.0,6.0,False,6.0
2024-10-02 08:00:00,106391.0,5.0,False,5.0
2024-10-02 09:00:00,106398.0,7.0,False,7.0
2024-10-02 10:00:00,106405.0,7.0,False,7.0
2024-10-02 11:00:00,106414.0,9.0,False,9.0
2024-10-02 12:00:00,106422.0,8.0,False,8.0
2024-10-02 13:00:00,106430.0,8.0,False,8.0
2024-10-02 14:00:00,106438.0,8.0,False,8.0
2024-10-02 15:00:00,106447.0,9.0,False,9.0
2024-10-02 16:00:00,106457.0,10.0,False,10.0
2024-10-02 17:00:00,106467.0,10.0,False,10.0
2024-10-02 18:00:00,106477.0,10.0,False,10.0
2024-10-02 19:00:00,106487.0,10.0,False,10.0
2024-10-02 20:00:00,106498.0,11.0,False,11.0
2024-10-02 21:00:00,106507.0,9.0,False,9.0
2024-10-02 22:00:00,106515.0,8.0,False,8.0
2024-10-02 23:00:00,106523.0,8.0,False,8.0
2024-10-03 00:00:00,106528.0,5.0,False,5.0
2024-10-03 01:00:00,106534.0,6.0,False,6.0
2024-10-03 02:00:00,106539.0,5.0,False,5.0
2024-10-03 03:00:00,106545.0,6.0,False,6.0
2024-10-03 04:00:00,106550.0,5.0,False,5.0
2024-10-03 05:00:00,106556.0,6.0,False,6.0
2024-10-03 06:00:00,106561.0,5.0,False,5.0
2024-10-03 07:00:00,106567.0,6.0,False,6.0
2024-10-03 08:00:00,106572.0,5.0,False,5.0
2024-10-03 09:00:00,106578.0,6.0,False,6.0
2024-10-03 10:00:00,106585.0,7.0,False,7.0
2024-10-03 11:00:00,106591.0,6.0,False,6.0
2024-10-03 12:00:00,106598.0,7.0,False,7.0
2024-10-03 13:00:00,106605.0,7.0,False,7.0
2024-10-03 14:00:00,106613.0,8.0,False,8.0
2024-10-03 15:00:00,106621.0,8.0,False,8.0
2024-10-03 16:00:00,106630.0,9.0,False,9.0
2024-10-03 17:00:00,106639.0,9.0,False,9.0
2024-10-03 18:00:00,106648.0,9.0,False,9.0
2024-10-03 19:00:00,106658.0,10.0,False,10.0
2024-10-03 20:00:00,106668.0,10.0,False,10.0
2024-10-03 21:00:00,106678.0,10.0,False,10.0
2024-10-03 22:00:00,106687.0,9.0,False,9.0
2024-10-03 23:00:00,106694.0,7.0,False,7.0
2024-10-04 00:00:00,106700.0,6.0,False,6.0
2024-10-04 01:00:00,106705.0,5.0,False,5.0
2024-10-04 02:00:00,106711.0,6.0,False,6.0
2024-10-04 03:00:00,106716.0,5.0,False,5.0
2024-10-04 04:00:00,106721.0,5.0,False,5.0
2024-10-04 05:00:00,106727.0,6.0,False,6.0
2024-10-04 06:00:00,106732.0,5.0,False,5.0
2024-10-04 07:00:00,106738.0,6.0,False,6.0
2024-10-04 08:00:00,106743.0,5.0,False,5.0
2024-10-04 09:00:00,106748.0,5.0,False,5.0
2024-10-04 10:00:00,106755.0,7.0,False,7.0
2024-10-04 11:00:00,106761.0,6.0,False,6.0
2024-10-04 12:00:00,106768.0,7.0,False,7.0
2024-10-04 13:00:00,106776.0,8.0,False,8.0
2024-10-04 14:00:00,106784.0,8.0,False,8.0
2024-10-04 15:00:00,106791.0,7.0,False,7.0
2024-10-04 16:00:00,106800.0,9.0,False,9.0
2024-10-04 17:00:00,106810.0,10.0,False,10.0
2024-10-04 18:00:00,106820.0,10.0,False,10.0
2024-10-04 19:00:00,106831.0,11.0,False,11.0
2024-10-04 20:00:00,106842.0,11.0,False,11.0
2024-10-04 21:00:00,106852.0,10.0,False,10.0
2024-10-04 22:00:00,106861.0,9.0,False,9.0
2024-10-04 23:00:00,106869.0,8.0,False,8.0
2024-10-05 00:00:00,106874.0,5.0,False,5.0
2024-10-05 01:00:00,106880.0,6.0,False,6.0
2024-10-05 02:00:00,106885.0,5.0,False,5.0
2024-10-05 03:00:00,106891.0,6.0,False,6.0
2024-10-05 04:00:00,106896.0,5.0,False,5.0
2024-10-05 05:00:00,106902.0,6.0,False,6.0
2024-10-05 06:00:00,106907.0,5.0,False,5.0
2024-10-05 07:00:00,106912.0,5.0,False,5.0
2024-10-05 08:00:00,106918.0,6.0,False,6.0
2024-10-05 09:00:00,106925.0,7.0,False,7.0
2024-10-05 10:00:00,106933.0,8.0,False,8.0
2024-10-05 11:00:00,106942.0,9.0,False,9.0
2024-10-05 12:00:00,106951.0,9.0,False,9.0
2024-10-05 13:00:00,106960.0,9.0,False,9.0
2024-10-05 14:00:00,106970.0,10.0,False,10.0
2024-10-05 15:00:00,106982.0,12.0,False,12.0
2024-10-05 16:00:00,106993.0,11.0,False,11.0
2024-10-05 17:00:00,107005.0,12.0,False,12.0
2024-10-05 18:00:00,107018.0,13.0,False,13.0
2024-10-05 19:00:00,107032.0,14.0,False,14.0
2024-10-05 20:00:00,107045.0,13.0,False,13.0
2024-10-05 21:00:00,107058.0,13.0,False,13.0
2024-10-05 22:00:00,107069.0,11.0,False,11.0
2024-10-05 23:00:00,107076.0,7.0,False,7.0
2024-10-06 00:00:00,107082.0,6.0,False,6.0
2024-10-06 01:00:00,107088.0,6.0,False,6.0
2024-10-06 02:00:00,107094.0,6.0,False,6.0
2024-10-06 03:00:00,107099.0,5.0,False,5.0
2024-10-06 04:00:00,107105.0,6.0,False,6.0
2024-10-06 05:00:00,107110.0,5.0,False,5.0
2024-10-06 06:00:00,107116.0,6.0,False,6.0
2024-10-06 07:00:00,107121.0,5.0,False,5.0
2024-10-06 08:00:00,107128.0,7.0,False,7.0
2024-10-06 09:00:00,107134.0,6.0,False,6.0
2024-10-06 10:00:00,107142.0,8.0,False,8.0
2024-10-06 11:00:00,107151.0,9.0,False,9.0
2024-10-06 12:00:00,107162.0,11.0,False,11.0
2024-10-06 13:00:00,107172.0,10.0,False,10.0
2024-10-06 14:00:00,107182.0,10.0,False,10.0
2024-10-06 15:00:00,107194.0,12.0,False,12.0
2024-10-06 16:00:00,107206.0,12.0,False,12.0
2024-10-06 17:00:00,107219.0,13.0,False,13.0
2024-10-06 18:00:00,107231.0,12.0,False,12.0
2024-10-06 19:00:00,107243.0,12.0,False,12.0
2024-10-06 20:00:00,107256.0,13.0,False,13.0
2024-10-06 21:00:00,107269.0,13.0,False,13.0
2024-10-06 22:00:00,107280.0,11.0,False,11.0
2024-10-06 23:00:00,107288.0,8.0,False,8.0
2024-10-07 00:00:00,107293.0,5.0,False,5.0
2024-10-07 01:00:00,107299.0,6.0,False,6.0
2024-10-07 02:00:00,107304.0,5.0,False,5.0
2024-10-07 03:00:00,107310.0,6.0,False,6.0
2024-10-07 04:00:00,107315.0,5.0,False,5.0
2024-10-07 05:00:00,107321.0,6.0,False,6.0
2024-10-07 06:00:00,107327.0,6.0,False,6.0
2024-10-07 07:00:00,107333.0,6.0,False,6.0
2024-10-07 08:00:00,107339.0,6.0,False,6.0
2024-10-07 09:00:00,107346.0,7.0,False,7.0
2024-10-07 10:00:00,107353.0,7.0,False,7.0
2024-10-07 11:00:00,107363.0,10.0,False,10.0
2024-10-07 12:00:00,107374.0,11.0,False,11.0
2024-10-07 13:00:00,107384.0,10.0,False,10.0
2024-10-07 14:00:00,107397.0,13.0,False,13.0
2024-10-07 15:00:00,107412.0,15.0,False,15.0
2024-10-07 16:00:00,107425.0,13.0,False,13.0
2024-10-07 17:00:00,107438.0,13.0,False,13.0
2024-10-07 18:00:00,107451.0,13.0,False,13.0
2024-10-07 19:00:00,107464.0,13.0,False,13.0
2024-10-07 20:00:00,107477.0,13.0,False,13.0
2024-10-07 21:00:00,107492.0,15.0,False,15.0
2024-10-07 22:00:00,107505.0,13.0,False,13.0
2024-10-07 23:00:00,107513.0,8.0,False,8.0
2024-10-08 00:00:00,107518.0,5.0,False,5.0
2024-10-08 01:00:00,107524.0,6.0,False,6.0
2024-10-08 02:00:00,107529.0,5.0,False,5.0
2024-10-08 03:00:00,107535.0,6.0,False,6.0
2024-10-08 04:00:00,107540.0,5.0,False,5.0
2024-10-08 05:00:00,107546.0,6.0,False,6.0
2024-10-08 06:00:00,107551.0,5.0,False,5.0
2024-10-08 07:00:00,107557.0,6.0,False,6.0
2024-10-08 08:00:00,107573.0,16.0,False,16.0
2024-10-08 09:00:00,107600.0,27.0,False,27.0
2024-10-08 10:00:00,107628.0,28.0,False,28.0
2024-10-08 11:00:00,107658.0,30.0,False,30.0
2024-10-08 12:00:00,107688.0,30.0,False,30.0
2024-10-08 13:00:00,,,False,8.43
2024-10-08 14:00:00,107727.0,,False,9.29
2024-10-08 15:00:00,107754.0,27.0,False,27.0
2024-10-08 16:00:00,107780.0,26.0,False,26.0
2024-10-08 17:00:00,107804.0,24.0,False,24.0
2024-10-08 18:00:00,107826.0,22.0,False,22.0
2024-10-08 19:00:00,107847.0,21.0,False,21.0
2024-10-08 20:00:00,107869.0,22.0,False,22.0
2024-10-08 21:00:00,107891.0,22.0,False,22.0
2024-10-08 22:00:00,107910.0,19.0,False,19.0
2024-10-08 23:00:00,107919.0,9.0,False,9.0
2024-10-09 00:00:00,107924.0,5.0,False,5.0
2024-10-09 01:00:00,107930.0,6.0,False,6.0
2024-10-09 02:00:00,107936.0,6.0,False,6.0
2024-10-09 03:00:00,107941.0,5.0,False,5.0
2024-10-09 04:00:00,107947.0,6.0,False,6.0
2024-10-09 05:00:00,107952.0,5.0,False,5.0
2024-10-09 06:00:00,107958.0,6.0,False,6.0
2024-10-09 07:00:00,107965.0,7.0,False,7.0
2024-10-09 08:00:00,107977.0,12.0,False,12.0
2024-10-09 09:00:00,108002.0,25.0,False,25.0
2024-10-09 10:00:00,108028.0,26.0,False,26.0
2024-10-09 11:00:00,108056.0,28.0,False,28.0
2024-10-09 12:00:00,108083.0,27.0,False,27.0
2024-10-09 13:00:00,108104.0,21.0,False,21.0
2024-10-09 14:00:00,108124.0,20.0,False,20.0
2024-10-09 15:00:00,108156.0,32.0,False,32.0
2024-10-09 16:00:00,108186.0,30.0,False,30.0
2024-10-09 17:00:00,108217.0,31.0,False,31.0
2024-10-09 18:00:00,108246.0,29.0,False,29.0
2024-10-09 19:00:00,108267.0,21.0,False,21.0
2024-10-09 20:00:00,108288.0,21.0,False,21.0
2024-10-09 21:00:00,108310.0,22.0,False,22.0
2024-10-09 22:00:00,108327.0,17.0,False,17.0
2024-10-09 23:00:00,108338.0,11.0,False,11.0
2024-10-10 00:00:00,108343.0,5.0,False,5.0
2024-10-10 01:00:00,108349.0,6.0,False,6.0
2024-10-10 02:00:00,108354.0,5.0,False,5.0
2024-10-10 03:00:00,,,False,5.57
2024-10-10 04:00:00,108366.0,,False,5.29
2024-10-10 05:00:00,108371.0,5.0,False,5.0
2024-10-10 06:00:00,108377.0,6.0,False,6.0
2024-10-10 07:00:00,108383.0,6.0,False,6.0
2024-10-10 08:00:00,108396.0,13.0,False,13.0
2024-10-10 09:00:00,108416.0,20.0,False,20.0
2024-10-10 10:00:00,108438.0,22.0,False,22.0
2024-10-10 11:00:00,108468.0,30.0,False,30.0
2024-10-10 12:00:00,108498.0,30.0,False,30.0
2024-10-10 13:00:00,108521.0,23.0,False,23.0
2024-10-10 14:00:00,108543.0,22.0,False,22.0
2024-10-10 15:00:00,108570.0,27.0,False,27.0
2024-10-10 16:00:00,,,False,15.71
2024-10-10 17:00:00,108624.0,,False,16.0
2024-10-10 18:00:00,108648.0,24.0,False,24.0
2024-10-10 19:00:00,108668.0,20.0,False,20.0
2024-10-10 20:00:00,108691.0,23.0,False,23.0
2024-10-10 21:00:00,108715.0,24.0,False,24.0
2024-10-10 22:00:00,108737.0,22.0,False,22.0
2024-10-10 23:00:00,108748.0,11.0,False,11.0
2024-10-11 00:00:00,108753.0,5.0,False,5.0
2024-10-11 01:00:00,108759.0,6.0,False,6.0
2024-10-11 02:00:00,108764.0,5.0,False,5.0
2024-10-11 03:00:00,108770.0,6.0,False,6.0
2024-10-11 04:00:00,108776.0,6.0,False,6.0
2024-10-11 05:00:00,108781.0,5.0,False,5.0
2024-10-11 06:00:00,108787.0,6.0,False,6.0
2024-10-11 07:00:00,108795.0,8.0,False,8.0
2024-10-11 08:00:00,108808.0,13.0,False,13.0
2024-10-11 09:00:00,108828.0,20.0,False,20.0
2024-10-11 10:00:00,108850.0,22.0,False,22.0
2024-10-11 11:00:00,108877.0,27.0,False,27.0
2024-10-11 12:00:00,108903.0,26.0,False,26.0
2024-10-11 13:00:00,108922.0,19.0,False,19.0
2024-10-11 14:00:00,108941.0,19.0,False,19.0
2024-10-11 15:00:00,108963.0,22.0,False,22.0
2024-10-11 16:00:00,108987.0,24.0,False,24.0
2024-10-11 17:00:00,109009.0,22.0,False,22.0
2024-10-11 18:00:00,109031.0,22.0,False,22.0
2024-10-11 19:00:00,109051.0,20.0,False,20.0
2024-10-11 20:00:00,109072.0,21.0,False,21.0
2024-10-11 21:00:00,109092.0,20.0,False,20.0
2024-10-11 22:00:00,109111.0,19.0,False,19.0
2024-10-11 23:00:00,109121.0,10.0,False,10.0
2024-10-12 00:00:00,109126.0,5.0,False,5.0
2024-10-12 01:00:00,109132.0,6.0,False,6.0
2024-10-12 02:00:00,109137.0,5.0,False,5.0
2024-10-12 03:00:00,109143.0,6.0,False,6.0
2024-10-12 04:00:00,109148.0,5.0,False,5.0
2024-10-12 05:00:00,109154.0,6.0,False,6.0
2024-10-12 06:00:00,109159.0,5.0,False,5.0
2024-10-12 07:00:00,109166.0,7.0,False,7.0
2024-10-12 08:00:00,109177.0,11.0,False,11.0
2024-10-12 09:00:00,109189.0,12.0,False,12.0
2024-10-12 10:00:00,109203.0,14.0,False,14.0
2024-10-12 11:00:00,109220.0,17.0,False,17.0
2024-10-12 12:00:00,109238.0,18.0,False,18.0
2024-10-12 13:00:00,109251.0,13.0,False,13.0
2024-10-12 14:00:00,109265.0,14.0,False,14.0
2024-10-12 15:00:00,109285.0,20.0,False,20.0
2024-10-12 16:00:00,109306.0,21.0,False,21.0
2024-10-12 17:00:00,109327.0,21.0,False,21.0
2024-10-12 18:00:00,109347.0,20.0,False,20.0
2024-10-12 19:00:00,109366.0,19.0,False,19.0
2024-10-12 20:00:00,109387.0,21.0,False,21.0
2024-10-12 21:00:00,109407.0,20.0,False,20.0
2024-10-12 22:00:00,109427.0,20.0,False,20.0
2024-10-12 23:00:00,109439.0,12.0,False,12.0
2024-10-13 00:00:00,109444.0,5.0,False,5.0
2024-10-13 01:00:00,109450.0,6.0,False,6.0
2024-10-13 02:00:00,109455.0,5.0,False,5.0
2024-10-13 03:00:00,109461.0,6.0,False,6.0
2024-10-13 04:00:00,109466.0,5.0,False,5.0
2024-10-13 05:00:00,109472.0,6.0,False,6.0
2024-10-13 06:00:00,109477.0,5.0,False,5.0
2024-10-13 07:00:00,109483.0,6.0,False,6.0
2024-10-13 08:00:00,109490.0,7.0,False,7.0
2024-10-13 09:00:00,109497.0,7.0,False,7.0
2024-10-13 10:00:00,109506.0,9.0,False,9.0
2024-10-13 11:00:00,109519.0,13.0,False,13.0
2024-10-13 12:00:00,109532.0,13.0,False,13.0
2024-10-13 13:00:00,109545.0,13.0,False,13.0
2024-10-13 14:00:00,109558.0,13.0,False,13.0
2024-10-13 15:00:00,109573.0,15.0,False,15.0
2024-10-13 16:00:00,109590.0,17.0,False,17.0
2024-10-13 17:00:00,109606.0,16.0,False,16.0
2024-10-13 18:00:00,109623.0,17.0,False,17.0
2024-10-13 19:00:00,109640.0,17.0,False,17.0
2024-10-13 20:00:00,109658.0,18.0,False,18.0
2024-10-13 21:00:00,109676.0,18.0,False,18.0
2024-10-13 22:00:00,109692.0,16.0,False,16.0
2024-10-13 23:00:00,109702.0,10.0,False,10.0
2024-10-14 00:00:00,109708.0,6.0,False,6.0
2024-10-14 01:00:00,109713.0,5.0,False,5.0
2024-10-14 02:00:00,109719.0,6.0,False,6.0
2024-10-14 03:00:00,109725.0,6.0,False,6.0
2024-10-14 04:00:00,109730.0,5.0,False,5.0
2024-10-14 05:00:00,109736.0,6.0,False,6.0
2024-10-14 06:00:00,109741.0,5.0,False,5.0
2024-10-14 07:00:00,109749.0,8.0,False,8.0
2024-10-14 08:00:00,109761.0,12.0,False,12.0
2024-10-14 09:00:00,109786.0,25.0,False,25.0
2024-10-14 10:00:00,109811.0,25.0,False,25.0
2024-10-14 11:00:00,109840.0,29.0,False,29.0
2024-10-14 12:00:00,109869.0,29.0,False,29.0
2024-10-14 13:00:00,109889.0,20.0,False,20.0
2024-10-14 14:00:00,109909.0,20.0,False,20.0
2024-10-14 15:00:00,109938.0,29.0,False,29.0
2024-10-14 16:00:00,109969.0,31.0,False,31.0
2024-10-14 17:00:00,109999.0,30.0,False,30.0
2024-10-14 18:00:00,110026.0,27.0,False,27.0
2024-10-14 19:00:00,110047.0,21.0,False,21.0
2024-10-14 20:00:00,110071.0,24.0,False,24.0
2024-10-14 21:00:00,110095.0,24.0,False,24.0
2024-10-14 22:00:00,110116.0,21.0,False,21.0
2024-10-14 23:00:00,110129.0,13.0,False,13.0
2024-10-15 00:00:00,110134.0,5.0,False,5.0
2024-10-15 01:00:00,110140.0,6.0,False,6.0
2024-10-15 02:00:00,110146.0,6.0,False,6.0
2024-10-15 03:00:00,110151.0,5.0,False,5.0
2024-10-15 04:00:00,110157.0,6.0,False,6.0
2024-10-15 05:00:00,110163.0,6.0,False,6.0
2024-10-15 06:00:00,110168.0,5.0,False,5.0
2024-10-15 07:00:00,110175.0,7.0,False,7.0
2024-10-15 08:00:00,110189.0,14.0,False,14.0
2024-10-15 09:00:00,110217.0,28.0,False,28.0
2024-10-15 10:00:00,110245.0,28.0,False,28.0
2024-10-15 11:00:00,110276.0,31.0,False,31.0
2024-10-15 12:00:00,110306.0,30.0,False,30.0
2024-10-15 13:00:00,110327.0,21.0,False,21.0
2024-10-15 14:00:00,110348.0,21.0,False,21.0
2024-10-15 15:00:00,110376.0,28.0,False,28.0
2024-10-15 16:00:00,110403.0,27.0,False,27.0
2024-10-15 17:00:00,110428.0,25.0,False,25.0
2024-10-15 18:00:00,110452.0,24.0,False,24.0
2024-10-15 19:00:00,110473.0,21.0,False,21.0
2024-10-15 20:00:00,110499.0,26.0,False,26.0
2024-10-15 21:00:00,110525.0,26.0,False,26.0
2024-10-15 22:00:00,110548.0,23.0,False,23.0
2024-10-15 23:00:00,110560.0,12.0,False,12.0
2024-10-16 00:00:00,110567.0,7.0,False,7.0
2024-10-16 01:00:00,110573.0,6.0,False,6.0
2024-10-16 02:00:00,110579.0,6.0,False,6.0
2024-10-16 03:00:00,110585.0,6.0,False,6.0
2024-10-16 04:00:00,110591.0,6.0,False,6.0
2024-10-16 05:00:00,110597.0,6.0,False,6.0
2024-10-16 06:00:00,110603.0,6.0,False,6.0
2024-10-16 07:00:00,110611.0,8.0,False,8.0
2024-10-16 08:00:00,110626.0,15.0,False,15.0
2024-10-16 09:00:00,110654.0,28.0,False,28.0
2024-10-16 10:00:00,110683.0,29.0,False,29.0
2024-10-16 11:00:00,110713.0,30.0,False,30.0
2024-10-16 12:00:00,110742.0,29.0,False,29.0
2024-10-16 13:00:00,110763.0,21.0,False,21.0
2024-10-16 14:00:00,110785.0,22.0,False,22.0
2024-10-16 15:00:00,110816.0,31.0,False,31.0
2024-10-16 16:00:00,110848.0,32.0,False,32.0
2024-10-16 17:00:00,110879.0,31.0,False,31.0
2024-10-16 18:00:00,110909.0,30.0,False,30.0
2024-10-16 19:00:00,110932.0,23.0,False,23.0
2024-10-16 20:00:00,110956.0,24.0,False,24.0
2024-10-16 21:00:00,110981.0,25.0,False,25.0
2024-10-16 22:00:00,111004.0,23.0,False,23.0
2024-10-16 23:00:00,111013.0,9.0,False,9.0
2024-10-17 00:00:00,111019.0,6.0,False,6.0
2024-10-17 01:00:00,111024.0,5.0,False,5.0
2024-10-17 02:00:00,111030.0,6.0,False,6.0
2024-10-17 03:00:00,111036.0,6.0,False,6.0
2024-10-17 04:00:00,111041.0,5.0,False,5.0
2024-10-17 05:00:00,111047.0,6.0,False,6.0
2024-10-17 06:00:00,111053.0,6.0,False,6.0
2024-10-17 07:00:00,111060.0,7.0,False,7.0
2024-10-17 08:00:00,111071.0,11.0,False,11.0
2024-10-17 09:00:00,111096.0,25.0,False,25.0
2024-10-17 10:00:00,111123.0,27.0,False,27.0
2024-10-17 11:00:00,111153.0,30.0,False,30.0
2024-10-17 12:00:00,111184.0,31.0,False,31.0
2024-10-17 13:00:00,111207.0,23.0,False,23.0
2024-10-17 14:00:00,111229.0,22.0,False,22.0
2024-10-17 15:00:00,111256.0,27.0,False,27.0
2024-10-17 16:00:00,111284.0,28.0,False,28.0
2024-10-17 17:00:00,111312.0,28.0,False,28.0
2024-10-17 18:00:00,111338.0,26.0,False,26.0
2024-10-17 19:00:00,111362.0,24.0,False,24.0
2024-10-17 20:00:00,111387.0,25.0,False,25.0
2024-10-17 21:00:00,111414.0,27.0,False,27.0
2024-10-17 22:00:00,111437.0,23.0,False,23.0
2024-10-17 23:00:00,111448.0,11.0,False,11.0
2024-10-18 00:00:00,111453.0,5.0,False,5.0
2024-10-18 01:00:00,111459.0,6.0,False,6.0
2024-10-18 02:00:00,111464.0,5.0,False,5.0
2024-10-18 03:00:00,111470.0,6.0,False,6.0
2024-10-18 04:00:00,111475.0,5.0,False,5.0
2024-10-18 05:00:00,111481.0,6.0,False,6.0
2024-10-18 06:00:00,111486.0,5.0,False,5.0
2024-10-18 07:00:00,111494.0,8.0,False,8.0
2024-10-18 08:00:00,111503.0,9.0,False,9.0
2024-10-18 09:00:00,111521.0,18.0,False,18.0
2024-10-18 10:00:00,111541.0,20.0,False,20.0
2024-10-18 11:00:00,111567.0,26.0,False,26.0
2024-10-18 12:00:00,111592.0,25.0,False,25.0
2024-10-18 13:00:00,111612.0,20.0,False,20.0
2024-10-18 14:00:00,111630.0,18.0,False,18.0
2024-10-18 15:00:00,111658.0,28.0,False,28.0
2024-10-18 16:00:00,111685.0,27.0,False,27.0
2024-10-18 17:00:00,111710.0,25.0,False,25.0
2024-10-18 18:00:00,111733.0,23.0,False,23.0
2024-10-18 19:00:00,111755.0,22.0,False,22.0
2024-10-18 20:00:00,111777.0,22.0,False,22.0
2024-10-18 21:00:00,111800.0,23.0,False,23.0
2024-10-18 22:00:00,111820.0,20.0,False,20.0
2024-10-18 23:00:00,111832.0,12.0,False,12.0
2024-10-19 00:00:00,111837.0,5.0,False,5.0
2024-10-19 01:00:00,111843.0,6.0,False,6.0
2024-10-19 02:00:00,111848.0,5.0,False,5.0
2024-10-19 03:00:00,111854.0,6.0,False,6.0
2024-10-19 04:00:00,111859.0,5.0,False,5.0
2024-10-19 05:00:00,111865.0,6.0,False,6.0
2024-10-19 06:00:00,111870.0,5.0,False,5.0
2024-10-19 07:00:00,111876.0,6.0,False,6.0
2024-10-19 08:00:00,111885.0,9.0,False,9.0
2024-10-19 09:00:00,111901.0,16.0,False,16.0
2024-10-19 10:00:00,111917.0,16.0,False,16.0
2024-10-19 11:00:00,111935.0,18.0,False,18.0
2024-10-19 12:00:00,111952.0,17.0,False,17.0
2024-10-19 13:00:00,111967.0,15.0,False,15.0
2024-10-19 14:00:00,111984.0,17.0,False,17.0
2024-10-19 15:00:00,112006.0,22.0,False,22.0
2024-10-19 16:00:00,112029.0,23.0,False,23.0
2024-10-19 17:00:00,112054.0,25.0,False,25.0
2024-10-19 18:00:00,112077.0,23.0,False,23.0
2024-10-19 19:00:00,112094.0,17.0,False,17.0
2024-10-19 20:00:00,112111.0,17.0,False,17.0
2024-10-19 21:00:00,112128.0,17.0,False,17.0
2024-10-19 22:00:00,112144.0,16.0,False,16.0
2024-10-19 23:00:00,112154.0,10.0,False,10.0
2024-10-20 00:00:00,112159.0,5.0,False,5.0
2024-10-20 01:00:00,112165.0,6.0,False,6.0
2024-10-20 02:00:00,112170.0,5.0,False,5.0
2024-10-20 03:00:00,112176.0,6.0,False,6.0
2024-10-20 04:00:00,112181.0,5.0,False,5.0
2024-10-20 05:00:00,112187.0,6.0,False,6.0
2024-10-20 06:00:00,112192.0,5.0,False,5.0
2024-10-20 07:00:00,112198.0,6.0,False,6.0
2024-10-20 08:00:00,112204.0,6.0,False,6.0
2024-10-20 09:00:00,112215.0,11.0,False,11.0
2024-10-20 10:00:00,112228.0,13.0,False,13.0
2024-10-20 11:00:00,112244.0,16.0,False,16.0
2024-10-20 12:00:00,112259.0,15.0,False,15.0
2024-10-20 13:00:00,112274.0,15.0,False,15.0
2024-10-20 14:00:00,112290.0,16.0,False,16.0
2024-10-20 15:00:00,112310.0,20.0,False,20.0
2024-10-20 16:00:00,112331.0,21.0,False,21.0
2024-10-20 17:00:00,112352.0,21.0,False,21.0
2024-10-20 18:00:00,112372.0,20.0,False,20.0
2024-10-20 19:00:00,112392.0,20.0,False,20.0
2024-10-20 20:00:00,112412.0,20.0,False,20.0
2024-10-20 21:00:00,112431.0,19.0,False,19.0
2024-10-20 22:00:00,112451.0,20.0,False,20.0
2024-10-20 23:00:00,112462.0,11.0,False,11.0
2024-10-21 00:00:00,112467.0,5.0,False,5.0
2024-10-21 01:00:00,112473.0,6.0,False,6.0
2024-10-21 02:00:00,112478.0,5.0,False,5.0
2024-10-21 03:00:00,112484.0,6.0,False,6.0
2024-10-21 04:00:00,112489.0,5.0,False,5.0
2024-10-21 05:00:00,112495.0,6.0,False,6.0
2024-10-21 06:00:00,112500.0,5.0,False,5.0
2024-10-21 07:00:00,112509.0,9.0,False,9.0
2024-10-21 08:00:00,112524.0,15.0,False,15.0
2024-10-21 09:00:00,112549.0,25.0,False,25.0
2024-10-21 10:00:00,112576.0,27.0,False,27.0
2024-10-21 11:00:00,112608.0,32.0,False,32.0
2024-10-21 12:00:00,112640.0,32.0,False,32.0
2024-10-21 13:00:00,112663.0,23.0,False,23.0
2024-10-21 14:00:00,112688.0,25.0,False,25.0
2024-10-21 15:00:00,112724.0,36.0,False,36.0
2024-10-21 16:00:00,112759.0,35.0,False,35.0
2024-10-21 17:00:00,112790.0,31.0,False,31.0
2024-10-21 18:00:00,112819.0,29.0,False,29.0
2024-10-21 19:00:00,112841.0,22.0,False,22.0
2024-10-21 20:00:00,112866.0,25.0,False,25.0
2024-10-21 21:00:00,112891.0,25.0,False,25.0
2024-10-21 22:00:00,112911.0,20.0,False,20.0
2024-10-21 23:00:00,112921.0,10.0,False,10.0
2024-10-22 00:00:00,112927.0,6.0,False,6.0
2024-10-22 01:00:00,112932.0,5.0,False,5.0
2024-10-22 02:00:00,112938.0,6.0,False,6.0
2024-10-22 03:00:00,112943.0,5.0,False,5.0
2024-10-22 04:00:00,112948.0,5.0,False,5.0
2024-10-22 05:00:00,112954.0,6.0,False,6.0
2024-10-22 06:00:00,112959.0,5.0,False,5.0
2024-10-22 07:00:00,112966.0,7.0,False,7.0
2024-10-22 08:00:00,112978.0,12.0,False,12.0
2024-10-22 09:00:00,113006.0,28.0,False,28.0
2024-10-22 10:00:00,113035.0,29.0,False,29.0
2024-10-22 11:00:00,113067.0,32.0,False,32.0
2024-10-22 12:00:00,113097.0,30.0,False,30.0
2024-10-22 13:00:00,113119.0,22.0,False,22.0
2024-10-22 14:00:00,113141.0,22.0,False,22.0
2024-10-22 15:00:00,113168.0,27.0,False,27.0
2024-10-22 16:00:00,113194.0,26.0,False,26.0
2024-10-22 17:00:00,113218.0,24.0,False,24.0
2024-10-22 18:00:00,113242.0,24.0,False,24.0
2024-10-22 19:00:00,113264.0,22.0,False,22.0
2024-10-22 20:00:00,113290.0,26.0,False,26.0
2024-10-22 21:00:00,113318.0,28.0,False,28.0
2024-10-22 22:00:00,113343.0,25.0,False,25.0
2024-10-22 23:00:00,113355.0,12.0,False,12.0
2024-10-23 00:00:00,113360.0,5.0,False,5.0
2024-10-23 01:00:00,113366.0,6.0,False,6.0
2024-10-23 02:00:00,113371.0,5.0,False,5.0
2024-10-23 03:00:00,113377.0,6.0,False,6.0
2024-10-23 04:00:00,113382.0,5.0,False,5.0
2024-10-23 05:00:00,113388.0,6.0,False,6.0
2024-10-23 06:00:00,113393.0,5.0,False,5.0
2024-10-23 07:00:00,113401.0,8.0,False,8.0
2024-10-23 08:00:00,113418.0,17.0,False,17.0
2024-10-23 09:00:00,113449.0,31.0,False,31.0
2024-10-23 10:00:00,113481.0,32.0,False,32.0
2024-10-23 11:00:00,113514.0,33.0,False,33.0
2024-10-23 12:00:00,113543.0,29.0,False,29.0
2024-10-23 13:00:00,113564.0,21.0,False,21.0
2024-10-23 14:00:00,113587.0,23.0,False,23.0
2024-10-23 15:00:00,113617.0,30.0,False,30.0
2024-10-23 16:00:00,113646.0,29.0,False,29.0
2024-10-23 17:00:00,113674.0,28.0,False,28.0
2024-10-23 18:00:00,113700.0,26.0,False,26.0
2024-10-23 19:00:00,113721.0,21.0,False,21.0
2024-10-23 20:00:00,113743.0,22.0,False,22.0
2024-10-23 21:00:00,113767.0,24.0,False,24.0
2024-10-23 22:00:00,113790.0,23.0,False,23.0
2024-10-23 23:00:00,113801.0,11.0,False,11.0
2024-10-24 00:00:00,113806.0,5.0,False,5.0
2024-10-24 01:00:00,113811.0,5.0,False,5.0
2024-10-24 02:00:00,113817.0,6.0,False,6.0
2024-10-24 03:00:00,113822.0,5.0,False,5.0
2024-10-24 04:00:00,113827.0,5.0,False,5.0
2024-10-24 05:00:00,113832.0,5.0,False,5.0
2024-10-24 06:00:00,113838.0,6.0,False,6.0
2024-10-24 07:00:00,113844.0,6.0,False,6.0
2024-10-24 08:00:00,113856.0,12.0,False,12.0
2024-10-24 09:00:00,113880.0,24.0,False,24.0
2024-10-24 10:00:00,113906.0,26.0,False,26.0
2024-10-24 11:00:00,113937.0,31.0,False,31.0
2024-10-24 12:00:00,113966.0,29.0,False,29.0
2024-10-24 13:00:00,113986.0,20.0,False,20.0
2024-10-24 14:00:00,114006.0,20.0,False,20.0
2024-10-24 15:00:00,114029.0,23.0,False,23.0
2024-10-24 16:00:00,114052.0,23.0,False,23.0
2024-10-24 17:00:00,114080.0,28.0,False,28.0
2024-10-24 18:00:00,114106.0,26.0,False,26.0
2024-10-24 19:00:00,114129.0,23.0,False,23.0
2024-10-24 20:00:00,114153.0,24.0,False,24.0
2024-10-24 21:00:00,114178.0,25.0,False,25.0
2024-10-24 22:00:00,114200.0,22.0,False,22.0
2024-10-24 23:00:00,114212.0,12.0,False,12.0
2024-10-25 00:00:00,114218.0,6.0,False,6.0
2024-10-25 01:00:00,114223.0,5.0,False,5.0
2024-10-25 02:00:00,114228.0,5.0,False,5.0
2024-10-25 03:00:00,114233.0,5.0,False,5.0
2024-10-25 04:00:00,114238.0,5.0,False,5.0
2024-10-25 05:00:00,114244.0,6.0,False,6.0
2024-10-25 06:00:00,114249.0,5.0,False,5.0
2024-10-25 07:00:00,114256.0,7.0,False,7.0
2024-10-25 08:00:00,114268.0,12.0,False,12.0
2024-10-25 09:00:00,114290.0,22.0,False,22.0
2024-10-25 10:00:00,114316.0,26.0,False,26.0
2024-10-25 11:00:00,114346.0,30.0,False,30.0
2024-10-25 12:00:00,114377.0,31.0,False,31.0
2024-10-25 13:00:00,114399.0,22.0,False,22.0
2024-10-25 14:00:00,114422.0,23.0,False,23.0
2024-10-25 15:00:00,114451.0,29.0,False,29.0
2024-10-25 16:00:00,114479.0,28.0,False,28.0
2024-10-25 17:00:00,114503.0,24.0,False,24.0
2024-10-25 18:00:00,114525.0,22.0,False,22.0
2024-10-25 19:00:00,114545.0,20.0,False,20.0
2024-10-25 20:00:00,114566.0,21.0,False,21.0
2024-10-25 21:00:00,114585.0,19.0,False,19.0
2024-10-25 22:00:00,114602.0,17.0,False,17.0
2024-10-25 23:00:00,114612.0,10.0,False,10.0
2024-10-26 00:00:00,114617.0,5.0,False,5.0
2024-10-26 01:00:00,114622.0,5.0,False,5.0
2024-10-26 02:00:00,114628.0,6.0,False,6.0
2024-10-26 03:00:00,114633.0,5.0,False,5.0
2024-10-26 04:00:00,114639.0,6.0,False,6.0
2024-10-26 05:00:00,114644.0,5.0,False,5.0
2024-10-26 06:00:00,114649.0,5.0,False,5.0
2024-10-26 07:00:00,114656.0,7.0,False,7.0
2024-10-26 08:00:00,114662.0,6.0,False,6.0
2024-10-26 09:00:00,114672.0,10.0,False,10.0
2024-10-26 10:00:00,114686.0,14.0,False,14.0
2024-10-26 11:00:00,114700.0,14.0,False,14.0
2024-10-26 12:00:00,114714.0,14.0,False,14.0
2024-10-26 13:00:00,114727.0,13.0,False,13.0
2024-10-26 14:00:00,114741.0,14.0,False,14.0
2024-10-26 15:00:00,114759.0,18.0,False,18.0
2024-10-26 16:00:00,114778.0,19.0,False,19.0
2024-10-26 17:00:00,114799.0,21.0,False,21.0
2024-10-26 18:00:00,114816.0,17.0,False,17.0
2024-10-26 19:00:00,114835.0,19.0,False,19.0
2024-10-26 20:00:00,114853.0,18.0,False,18.0
2024-10-26 21:00:00,114868.0,15.0,False,15.0
2024-10-26 22:00:00,114883.0,15.0,False,15.0
2024-10-26 23:00:00,114891.0,8.0,False,8.0
2024-10-27 00:00:00,114897.0,6.0,False,6.0
2024-10-27 01:00:00,114902.0,5.0,False,5.0
2024-10-27 02:00:00,114907.0,5.0,False,5.0
2024-10-27 03:00:00,114913.0,6.0,False,6.0
2024-10-27 04:00:00,114918.0,5.0,False,5.0
2024-10-27 05:00:00,114923.0,5.0,False,5.0
2024-10-27 06:00:00,114929.0,6.0,False,6.0
2024-10-27 07:00:00,114935.0,6.0,False,6.0
2024-10-27 08:00:00,114941.0,6.0,False,6.0
2024-10-27 09:00:00,114949.0,8.0,False,8.0
2024-10-27 10:00:00,114966.0,17.0,False,17.0
2024-10-27 11:00:00,114984.0,18.0,False,18.0
2024-10-27 12:00:00,114998.0,14.0,False,14.0
2024-10-27 13:00:00,115013.0,15.0,False,15.0
2024-10-27 14:00:00,115027.0,14.0,False,14.0
2024-10-27 15:00:00,115043.0,16.0,False,16.0
2024-10-27 16:00:00,115062.0,19.0,False,19.0
2024-10-27 17:00:00,115078.0,16.0,False,16.0
2024-10-27 18:00:00,115095.0,17.0,False,17.0
2024-10-27 19:00:00,115113.0,18.0,False,18.0
2024-10-27 20:00:00,115133.0,20.0,False,20.0
2024-10-27 21:00:00,115153.0,20.0,False,20.0
2024-10-27 22:00:00,115171.0,18.0,False,18.0
2024-10-27 23:00:00,115180.0,9.0,False,9.0
2024-10-28 00:00:00,115185.0,5.0,False,5.0
2024-10-28 01:00:00,115190.0,5.0,False,5.0
2024-10-28 02:00:00,115196.0,6.0,False,6.0
2024-10-28 03:00:00,115201.0,5.0,False,5.0
2024-10-28 04:00:00,115206.0,5.0,False,5.0
2024-10-28 05:00:00,115211.0,5.0,False,5.0
2024-10-28 06:00:00,115217.0,6.0,False,6.0
2024-10-28 07:00:00,115224.0,7.0,False,7.0
2024-10-28 08:00:00,115238.0,14.0,False,14.0
2024-10-28 09:00:00,115263.0,25.0,False,25.0
2024-10-28 10:00:00,115287.0,24.0,False,24.0
2024-10-28 11:00:00,115317.0,30.0,False,30.0
2024-10-28 12:00:00,115346.0,29.0,False,29.0
2024-10-28 13:00:00,115365.0,19.0,False,19.0
2024-10-28 14:00:00,115386.0,21.0,False,21.0
2024-10-28 15:00:00,115417.0,31.0,False,31.0
2024-10-28 16:00:00,115448.0,31.0,False,31.0
2024-10-28 17:00:00,115476.0,28.0,False,28.0
2024-10-28 18:00:00,115503.0,27.0,False,27.0
2024-10-28 19:00:00,115524.0,21.0,False,21.0
2024-10-28 20:00:00,115548.0,24.0,False,24.0
2024-10-28 21:00:00,115572.0,24.0,False,24.0
2024-10-28 22:00:00,115593.0,21.0,False,21.0
2024-10-28 23:00:00,115606.0,13.0,False,13.0
2024-10-29 00:00:00,115611.0,5.0,False,5.0
2024-10-29 01:00:00,115616.0,5.0,False,5.0
2024-10-29 02:00:00,115622.0,6.0,False,6.0
2024-10-29 03:00:00,115627.0,5.0,False,5.0
2024-10-29 04:00:00,115632.0,5.0,False,5.0
2024-10-29 05:00:00,115638.0,6.0,False,6.0
2024-10-29 06:00:00,115643.0,5.0,False,5.0
2024-10-29 07:00:00,115650.0,7.0,False,7.0
2024-10-29 08:00:00,115665.0,15.0,False,15.0
2024-10-29 09:00:00,115691.0,26.0,False,26.0
2024-10-29 10:00:00,115717.0,26.0,False,26.0
2024-10-29 11:00:00,115747.0,30.0,False,30.0
2024-10-29 12:00:00,115776.0,29.0,False,29.0
2024-10-29 13:00:00,115797.0,21.0,False,21.0
2024-10-29 14:00:00,115818.0,21.0,False,21.0
2024-10-29 15:00:00,115844.0,26.0,False,26.0
2024-10-29 16:00:00,115869.0,25.0,False,25.0
2024-10-29 17:00:00,115894.0,25.0,False,25.0
2024-10-29 18:00:00,115918.0,24.0,False,24.0
2024-10-29 19:00:00,,,False,20.57
2024-10-29 20:00:00,115964.0,,False,22.14
2024-10-29 21:00:00,115988.0,24.0,False,24.0
2024-10-29 22:00:00,116011.0,23.0,False,23.0
2024-10-29 23:00:00,116022.0,11.0,False,11.0
2024-10-30 00:00:00,116028.0,6.0,False,6.0
2024-10-30 01:00:00,116033.0,5.0,False,5.0
2024-10-30 02:00:00,116038.0,5.0,False,5.0
2024-10-30 03:00:00,116044.0,6.0,False,6.0
2024-10-30 04:00:00,116049.0,5.0,False,5.0
2024-10-30 05:00:00,116055.0,6.0,False,6.0
2024-10-30 06:00:00,116060.0,5.0,False,5.0
2024-10-30 07:00:00,116068.0,8.0,False,8.0
2024-10-30 08:00:00,116083.0,15.0,False,15.0
2024-10-30 09:00:00,116115.0,32.0,False,32.0
2024-10-30 10:00:00,116147.0,32.0,False,32.0
2024-10-30 11:00:00,116182.0,35.0,False,35.0
2024-10-30 12:00:00,116215.0,33.0,False,33.0
2024-10-30 13:00:00,116237.0,22.0,False,22.0
2024-10-30 14:00:00,116260.0,23.0,False,23.0
2024-10-30 15:00:00,116290.0,30.0,False,30.0
2024-10-30 16:00:00,116320.0,30.0,False,30.0
2024-10-30 17:00:00,116349.0,29.0,False,29.0
2024-10-30 18:00:00,116376.0,27.0,False,27.0
2024-10-30 19:00:00,116397.0,21.0,False,21.0
2024-10-30 20:00:00,116420.0,23.0,False,23.0
2024-10-30 21:00:00,116444.0,24.0,False,24.0
2024-10-30 22:00:00,116466.0,22.0,False,22.0
2024-10-30 23:00:00,116476.0,10.0,False,10.0
2024-10-31 00:00:00,116482.0,6.0,False,6.0
2024-10-31 01:00:00,116487.0,5.0,False,5.0
2024-10-31 02:00:00,116493.0,6.0,False,6.0
2024-10-31 03:00:00,116498.0,5.0,False,5.0
2024-10-31 04:00:00,116504.0,6.0,False,6.0
2024-10-31 05:00:00,116509.0,5.0,False,5.0
2024-10-31 06:00:00,116515.0,6.0,False,6.0
2024-10-31 07:00:00,116523.0,8.0,False,8.0
2024-10-31 08:00:00,116541.0,18.0,False,18.0
2024-10-31 09:00:00,116566.0,25.0,False,25.0
2024-10-31 10:00:00,116594.0,28.0,False,28.0
2024-10-31 11:00:00,116625.0,31.0,False,31.0
2024-10-31 12:00:00,116657.0,32.0,False,32.0
2024-10-31 13:00:00,116680.0,23.0,False,23.0
2024-10-31 14:00:00,116703.0,23.0,False,23.0
2024-10-31 15:00:00,116729.0,26.0,False,26.0
2024-10-31 16:00:00,116756.0,27.0,False,27.0
2024-10-31 17:00:00,116783.0,27.0,False,27.0
2024-10-31 18:00:00,116807.0,24.0,False,24.0
2024-10-31 19:00:00,116829.0,22.0,False,22.0
2024-10-31 20:00:00,116852.0,23.0,False,23.0
2024-10-31 21:00:00,116876.0,24.0,False,24.0
2024-10-31 22:00:00,116897.0,21.0,False,21.0
2024-10-31 23:00:00,116908.0,11.0,False,11.0
2024-11-01 00:00:00,116914.0,6.0,False,6.0
2024-11-01 01:00:00,116919.0,5.0,False,5.0
2024-11-01 02:00:00,116924.0,5.0,False,5.0
2024-11-01 03:00:00,116930.0,6.0,False,6.0
2024-11-01 04:00:00,116935.0,5.0,False,5.0
2024-11-01 05:00:00,116940.0,5.0,False,5.0
2024-11-01 06:00:00,116946.0,6.0,False,6.0
2024-11-01 07:00:00,116952.0,6.0,False,6.0
2024-11-01 08:00:00,116964.0,12.0,False,12.0
2024-11-01 09:00:00,116983.0,19.0,False,19.0
2024-11-01 10:00:00,117005.0,22.0,False,22.0
2024-11-01 11:00:00,117031.0,26.0,False,26.0
2024-11-01 12:00:00,,,False,26.0
2024-11-01 13:00:00,117074.0,,False,19.29
2024-11-01 14:00:00,,,False,19.86
2024-11-01 15:00:00,,,False,25.14
2024-11-01 16:00:00,,,False,25.57
2024-11-01 17:00:00,,,False,24.29
2024-11-01 18:00:00,,,False,22.57
2024-11-01 19:00:00,117216.0,,False,20.17
2024-11-01 20:00:00,117236.0,20.0,False,20.0
2024-11-01 21:00:00,,,False,21.43
2024-11-01 22:00:00,,,False,19.57
2024-11-01 23:00:00,,,False,10.29
2024-11-02 00:00:00,,,False,5.57
2024-11-02 01:00:00,117297.0,,False,5.0
2024-11-02 02:00:00,,,False,5.57
2024-11-02 03:00:00,,,False,5.43
2024-11-02 04:00:00,,,False,5.29
2024-11-02 05:00:00,,,False,5.29
2024-11-02 06:00:00,,,False,5.57
2024-11-02 07:00:00,,,False,7.0
2024-11-02 08:00:00,,,False,12.29
2024-11-02 09:00:00,117343.0,,False,20.71
2024-11-02 10:00:00,,,False,23.29
2024-11-02 11:00:00,,,False,26.29
2024-11-02 12:00:00,117374.0,,False,25.17
2024-11-02 13:00:00,117385.0,11.0,False,11.0
2024-11-02 14:00:00,117398.0,13.0,False,13.0
2024-11-02 15:00:00,117412.0,14.0,False,14.0
2024-11-02 16:00:00,,,False,25.17
2024-11-02 17:00:00,117444.0,,False,24.33
2024-11-02 18:00:00,117460.0,16.0,False,16.0
2024-11-02 19:00:00,117475.0,15.0,False,15.0
2024-11-02 20:00:00,117492.0,17.0,False,17.0
2024-11-02 21:00:00,117512.0,20.0,False,20.0
2024-11-02 22:00:00,117530.0,18.0,False,18.0
2024-11-02 23:00:00,117540.0,10.0,False,10.0
2024-11-03 00:00:00,117545.0,5.0,False,5.0
2024-11-03 01:00:00,117550.0,5.0,False,5.0
2024-11-03 02:00:00,117555.0,5.0,False,5.0
2024-11-03 03:00:00,117561.0,6.0,False,6.0
2024-11-03 04:00:00,117566.0,5.0,False,5.0
2024-11-03 05:00:00,117571.0,5.0,False,5.0
2024-11-03 06:00:00,117576.0,5.0,False,5.0
2024-11-03 07:00:00,117582.0,6.0,False,6.0
2024-11-03 08:00:00,117588.0,6.0,False,6.0
2024-11-03 09:00:00,117595.0,7.0,False,7.0
2024-11-03 10:00:00,117603.0,8.0,False,8.0
2024-11-03 11:00:00,117613.0,10.0,False,10.0
2024-11-03 12:00:00,117622.0,9.0,False,9.0
2024-11-03 13:00:00,117633.0,11.0,False,11.0
2024-11-03 14:00:00,117647.0,14.0,False,14.0
2024-11-03 15:00:00,117662.0,15.0,False,15.0
2024-11-03 16:00:00,117679.0,17.0,False,17.0
2024-11-03 17:00:00,117695.0,16.0,False,16.0
2024-11-03 18:00:00,117712.0,17.0,False,17.0
2024-11-03 19:00:00,117729.0,17.0,False,17.0
2024-11-03 20:00:00,117746.0,17.0,False,17.0
2024-11-03 21:00:00,117763.0,17.0,False,17.0
2024-11-03 22:00:00,117779.0,16.0,False,16.0
2024-11-03 23:00:00,117789.0,10.0,False,10.0
2024-11-04 00:00:00,117794.0,5.0,False,5.0
2024-11-04 01:00:00,117800.0,6.0,False,6.0
2024-11-04 02:00:00,117806.0,6.0,False,6.0
2024-11-04 03:00:00,117811.0,5.0,False,5.0
2024-11-04 04:00:00,117817.0,6.0,False,6.0
2024-11-04 05:00:00,117822.0,5.0,False,5.0
2024-11-04 06:00:00,117827.0,5.0,False,5.0
2024-11-04 07:00:00,117834.0,7.0,False,7.0
2024-11-04 08:00:00,117849.0,15.0,False,15.0
2024-11-04 09:00:00,117875.0,26.0,False,26.0
2024-11-04 10:00:00,117902.0,27.0,False,27.0
2024-11-04 11:00:00,117933.0,31.0,False,31.0
2024-11-04 12:00:00,117963.0,30.0,False,30.0
2024-11-04 13:00:00,117985.0,22.0,False,22.0
2024-11-04 14:00:00,,,False,19.17
2024-11-04 15:00:00,118039.0,,False,23.67
2024-11-04 16:00:00,,,False,26.0
2024-11-04 17:00:00,118100.0,,False,25.0
2024-11-04 18:00:00,118128.0,28.0,False,28.0
2024-11-04 19:00:00,,,False,19.2
2024-11-04 20:00:00,118173.0,,False,20.67
2024-11-04 21:00:00,118197.0,24.0,False,24.0
2024-11-04 22:00:00,118219.0,22.0,False,22.0
2024-11-04 23:00:00,118231.0,12.0,False,12.0
2024-11-05 00:00:00,118236.0,5.0,False,5.0
2024-11-05 01:00:00,118242.0,6.0,False,6.0
2024-11-05 02:00:00,118247.0,5.0,False,5.0
2024-11-05 03:00:00,,,False,5.5
2024-11-05 04:00:00,118257.0,,False,5.33
2024-11-05 05:00:00,118263.0,6.0,False,6.0
2024-11-05 06:00:00,118268.0,5.0,False,5.0
2024-11-05 07:00:00,118275.0,7.0,False,7.0
2024-11-05 08:00:00,118286.0,11.0,False,11.0
2024-11-05 09:00:00,118308.0,22.0,False,22.0
2024-11-05 10:00:00,118332.0,24.0,False,24.0
2024-11-05 11:00:00,118360.0,28.0,False,28.0
2024-11-05 12:00:00,118388.0,28.0,False,28.0
2024-11-05 13:00:00,118409.0,21.0,False,21.0
2024-11-05 14:00:00,118430.0,21.0,False,21.0
2024-11-05 15:00:00,118455.0,25.0,False,25.0
2024-11-05 16:00:00,118480.0,25.0,False,25.0
2024-11-05 17:00:00,118504.0,24.0,False,24.0
2024-11-05 18:00:00,118527.0,23.0,False,23.0
2024-11-05 19:00:00,118547.0,20.0,False,20.0
2024-11-05 20:00:00,118571.0,24.0,False,24.0
2024-11-05 21:00:00,118595.0,24.0,False,24.0
2024-11-05 22:00:00,118617.0,22.0,False,22.0
2024-11-05 23:00:00,118631.0,14.0,False,14.0
2024-11-06 00:00:00,118636.0,5.0,False,5.0
2024-11-06 01:00:00,118642.0,6.0,False,6.0
2024-11-06 02:00:00,,,False,5.33
2024-11-06 03:00:00,,,False,5.6
2024-11-06 04:00:00,118658.0,,False,5.4
2024-11-06 05:00:00,118663.0,5.0,False,5.0
2024-11-06 06:00:00,118669.0,6.0,False,6.0
2024-11-06 07:00:00,118676.0,7.0,False,7.0
2024-11-06 08:00:00,118689.0,13.0,False,13.0
2024-11-06 09:00:00,118720.0,31.0,False,31.0
2024-11-06 10:00:00,118748.0,28.0,False,28.0
2024-11-06 11:00:00,118778.0,30.0,False,30.0
2024-11-06 12:00:00,118807.0,29.0,False,29.0
2024-11-06 13:00:00,118828.0,21.0,False,21.0
2024-11-06 14:00:00,118850.0,22.0,False,22.0
2024-11-06 15:00:00,118875.0,25.0,False,25.0
2024-11-06 16:00:00,,,False,24.75
2024-11-06 17:00:00,118930.0,,False,24.0
2024-11-06 18:00:00,118956.0,26.0,False,26.0
2024-11-06 19:00:00,118977.0,21.0,False,21.0
2024-11-06 20:00:00,119001.0,24.0,False,24.0
2024-11-06 21:00:00,119024.0,23.0,False,23.0
2024-11-06 22:00:00,119046.0,22.0,False,22.0
2024-11-06 23:00:00,119059.0,13.0,False,13.0
2024-11-07 00:00:00,119065.0,6.0,False,6.0
2024-11-07 01:00:00,119070.0,5.0,False,5.0
2024-11-07 02:00:00,119076.0,6.0,False,6.0
2024-11-07 03:00:00,119081.0,5.0,False,5.0
2024-11-07 04:00:00,119086.0,5.0,False,5.0
2024-11-07 05:00:00,119092.0,6.0,False,6.0
2024-11-07 06:00:00,119097.0,5.0,False,5.0
2024-11-07 07:00:00,119106.0,9.0,False,9.0
2024-11-07 08:00:00,119117.0,11.0,False,11.0
2024-11-07 09:00:00,119139.0,22.0,False,22.0
2024-11-07 10:00:00,119162.0,23.0,False,23.0
2024-11-07 11:00:00,119193.0,31.0,False,31.0
2024-11-07 12:00:00,119223.0,30.0,False,30.0
2024-11-07 13:00:00,119243.0,20.0,False,20.0
2024-11-07 14:00:00,119265.0,22.0,False,22.0
2024-11-07 15:00:00,119291.0,26.0,False,26.0
2024-11-07 16:00:00,119316.0,25.0,False,25.0
2024-11-07 17:00:00,119342.0,26.0,False,26.0
2024-11-07 18:00:00,119368.0,26.0,False,26.0
2024-11-07 19:00:00,119389.0,21.0,False,21.0
2024-11-07 20:00:00,119412.0,23.0,False,23.0
2024-11-07 21:00:00,119435.0,23.0,False,23.0
2024-11-07 22:00:00,119456.0,21.0,False,21.0
2024-11-07 23:00:00,119467.0,11.0,False,11.0
2024-11-08 00:00:00,119473.0,6.0,False,6.0
2024-11-08 01:00:00,119478.0,5.0,False,5.0
2024-11-08 02:00:00,119484.0,6.0,False,6.0
2024-11-08 03:00:00,119489.0,5.0,False,5.0
2024-11-08 04:00:00,119494.0,5.0,False,5.0
2024-11-08 05:00:00,119500.0,6.0,False,6.0
2024-11-08 06:00:00,119505.0,5.0,False,5.0
2024-11-08 07:00:00,119512.0,7.0,False,7.0
2024-11-08 08:00:00,119525.0,13.0,False,13.0
2024-11-08 09:00:00,119547.0,22.0,False,22.0
2024-11-08 10:00:00,119570.0,23.0,False,23.0
2024-11-08 11:00:00,119596.0,26.0,False,26.0
2024-11-08 12:00:00,119621.0,25.0,False,25.0
2024-11-08 13:00:00,119639.0,18.0,False,18.0
2024-11-08 14:00:00,119661.0,22.0,False,22.0
2024-11-08 15:00:00,119689.0,28.0,False,28.0
2024-11-08 16:00:00,119717.0,28.0,False,28.0
2024-11-08 17:00:00,119740.0,23.0,False,23.0
2024-11-08 18:00:00,119761.0,21.0,False,21.0
2024-11-08 19:00:00,119780.0,19.0,False,19.0
2024-11-08 20:00:00,119801.0,21.0,False,21.0
2024-11-08 21:00:00,119822.0,21.0,False,21.0
2024-11-08 22:00:00,119841.0,19.0,False,19.0
2024-11-08 23:00:00,119852.0,11.0,False,11.0
2024-11-09 00:00:00,119858.0,6.0,False,6.0
2024-11-09 01:00:00,119864.0,6.0,False,6.0
2024-11-09 02:00:00,119869.0,5.0,False,5.0
2024-11-09 03:00:00,119875.0,6.0,False,6.0
2024-11-09 04:00:00,119880.0,5.0,False,5.0
2024-11-09 05:00:00,119886.0,6.0,False,6.0
2024-11-09 06:00:00,119891.0,5.0,False,5.0
2024-11-09 07:00:00,119896.0,5.0,False,5.0
2024-11-09 08:00:00,119903.0,7.0,False,7.0
2024-11-09 09:00:00,119912.0,9.0,False,9.0
2024-11-09 10:00:00,119922.0,10.0,False,10.0
2024-11-09 11:00:00,119933.0,11.0,False,11.0
2024-11-09 12:00:00,119944.0,11.0,False,11.0
2024-11-09 13:00:00,119955.0,11.0,False,11.0
2024-11-09 14:00:00,119969.0,14.0,False,14.0
2024-11-09 15:00:00,119985.0,16.0,False,16.0
2024-11-09 16:00:00,120002.0,17.0,False,17.0
2024-11-09 17:00:00,120020.0,18.0,False,18.0
2024-11-09 18:00:00,120039.0,19.0,False,19.0
2024-11-09 19:00:00,120058.0,19.0,False,19.0
2024-11-09 20:00:00,120078.0,20.0,False,20.0
2024-11-09 21:00:00,120098.0,20.0,False,20.0
2024-11-09 22:00:00,120116.0,18.0,False,18.0
2024-11-09 23:00:00,120128.0,12.0,False,12.0
2024-11-10 00:00:00,120134.0,6.0,False,6.0
2024-11-10 01:00:00,120139.0,5.0,False,5.0
2024-11-10 02:00:00,120145.0,6.0,False,6.0
2024-11-10 03:00:00,120150.0,5.0,False,5.0
2024-11-10 04:00:00,120156.0,6.0,False,6.0
2024-11-10 05:00:00,120161.0,5.0,False,5.0
2024-11-10 06:00:00,120167.0,6.0,False,6.0
2024-11-10 07:00:00,120173.0,6.0,False,6.0
2024-11-10 08:00:00,120179.0,6.0,False,6.0
2024-11-10 09:00:00,120190.0,11.0,False,11.0
2024-11-10 10:00:00,120204.0,14.0,False,14.0
2024-11-10 11:00:00,120219.0,15.0,False,15.0
2024-11-10 12:00:00,120235.0,16.0,False,16.0
2024-11-10 13:00:00,120251.0,16.0,False,16.0
2024-11-10 14:00:00,120269.0,18.0,False,18.0
2024-11-10 15:00:00,120288.0,19.0,False,19.0
2024-11-10 16:00:00,120308.0,20.0,False,20.0
2024-11-10 17:00:00,120327.0,19.0,False,19.0
2024-11-10 18:00:00,120347.0,20.0,False,20.0
2024-11-10 19:00:00,120367.0,20.0,False,20.0
2024-11-10 20:00:00,120387.0,20.0,False,20.0
2024-11-10 21:00:00,120408.0,21.0,False,21.0
2024-11-10 22:00:00,120427.0,19.0,False,19.0
2024-11-10 23:00:00,120440.0,13.0,False,13.0
2024-11-11 00:00:00,120446.0,6.0,False,6.0
2024-11-11 01:00:00,120452.0,6.0,False,6.0
2024-11-11 02:00:00,120457.0,5.0,False,5.0
2024-11-11 03:00:00,120463.0,6.0,False,6.0
2024-11-11 04:00:00,120468.0,5.0,False,5.0
2024-11-11 05:00:00,120473.0,5.0,False,5.0
2024-11-11 06:00:00,120479.0,6.0,False,6.0
2024-11-11 07:00:00,120487.0,8.0,False,8.0
2024-11-11 08:00:00,120500.0,13.0,False,13.0
2024-11-11 09:00:00,120524.0,24.0,False,24.0
2024-11-11 10:00:00,120549.0,25.0,False,25.0
2024-11-11 11:00:00,120578.0,29.0,False,29.0
2024-11-11 12:00:00,120608.0,30.0,False,30.0
2024-11-11 13:00:00,120629.0,21.0,False,21.0
2024-11-11 14:00:00,120652.0,23.0,False,23.0
2024-11-11 15:00:00,120685.0,33.0,False,33.0
2024-11-11 16:00:00,120717.0,32.0,False,32.0
2024-11-11 17:00:00,120746.0,29.0,False,29.0
2024-11-11 18:00:00,120772.0,26.0,False,26.0
2024-11-11 19:00:00,120794.0,22.0,False,22.0
2024-11-11 20:00:00,120818.0,24.0,False,24.0
2024-11-11 21:00:00,120842.0,24.0,False,24.0
2024-11-11 22:00:00,120863.0,21.0,False,21.0
2024-11-11 23:00:00,120874.0,11.0,False,11.0
2024-11-12 00:00:00,120879.0,5.0,False,5.0
2024-11-12 01:00:00,120884.0,5.0,False,5.0
2024-11-12 02:00:00,120890.0,6.0,False,6.0
2024-11-12 03:00:00,120895.0,5.0,False,5.0
2024-11-12 04:00:00,120900.0,5.0,False,5.0
2024-11-12 05:00:00,120906.0,6.0,False,6.0
2024-11-12 06:00:00,120911.0,5.0,False,5.0
2024-11-12 07:00:00,120919.0,8.0,False,8.0
2024-11-12 08:00:00,120929.0,10.0,False,10.0
2024-11-12 09:00:00,120952.0,23.0,False,23.0
2024-11-12 10:00:00,120978.0,26.0,False,26.0
2024-11-12 11:00:00,121008.0,30.0,False,30.0
2024-11-12 12:00:00,121036.0,28.0,False,28.0
2024-11-12 13:00:00,121058.0,22.0,False,22.0
2024-11-12 14:00:00,121079.0,21.0,False,21.0
2024-11-12 15:00:00,121105.0,26.0,False,26.0
2024-11-12 16:00:00,121132.0,27.0,False,27.0
2024-11-12 17:00:00,121158.0,26.0,False,26.0
2024-11-12 18:00:00,121184.0,26.0,False,26.0
2024-11-12 19:00:00,121205.0,21.0,False,21.0
2024-11-12 20:00:00,121228.0,23.0,False,23.0
2024-11-12 21:00:00,121251.0,23.0,False,23.0
2024-11-12 22:00:00,121273.0,22.0,False,22.0
2024-11-12 23:00:00,121286.0,13.0,False,13.0
2024-11-13 00:00:00,121291.0,5.0,False,5.0
2024-11-13 01:00:00,121297.0,6.0,False,6.0
2024-11-13 02:00:00,121302.0,5.0,False,5.0
2024-11-13 03:00:00,121307.0,5.0,False,5.0
2024-11-13 04:00:00,121312.0,5.0,False,5.0
2024-11-13 05:00:00,121318.0,6.0,False,6.0
2024-11-13 06:00:00,121323.0,5.0,False,5.0
2024-11-13 07:00:00,121330.0,7.0,False,7.0
2024-11-13 08:00:00,121344.0,14.0,False,14.0
2024-11-13 09:00:00,121373.0,29.0,False,29.0
2024-11-13 10:00:00,121402.0,29.0,False,29.0
2024-11-13 11:00:00,121432.0,30.0,False,30.0
2024-11-13 12:00:00,121461.0,29.0,False,29.0
2024-11-13 13:00:00,121482.0,21.0,False,21.0
2024-11-13 14:00:00,121504.0,22.0,False,22.0
2024-11-13 15:00:00,121530.0,26.0,False,26.0
2024-11-13 16:00:00,121558.0,28.0,False,28.0
2024-11-13 17:00:00,121587.0,29.0,False,29.0
2024-11-13 18:00:00,121615.0,28.0,False,28.0
2024-11-13 19:00:00,121637.0,22.0,False,22.0
2024-11-13 20:00:00,121661.0,24.0,False,24.0
2024-11-13 21:00:00,121686.0,25.0,False,25.0
2024-11-13 22:00:00,121708.0,22.0,False,22.0
2024-11-13 23:00:00,121722.0,14.0,False,14.0
2024-11-14 00:00:00,121727.0,5.0,False,5.0
2024-11-14 01:00:00,121732.0,5.0,False,5.0
2024-11-14 02:00:00,121738.0,6.0,False,6.0
2024-11-14 03:00:00,121743.0,5.0,False,5.0
2024-11-14 04:00:00,121748.0,5.0,False,5.0
2024-11-14 05:00:00,121754.0,6.0,False,6.0
2024-11-14 06:00:00,121759.0,5.0,False,5.0
2024-11-14 07:00:00,121766.0,7.0,False,7.0
2024-11-14 08:00:00,121778.0,12.0,False,12.0
2024-11-14 09:00:00,121801.0,23.0,False,23.0
2024-11-14 10:00:00,121826.0,25.0,False,25.0
2024-11-14 11:00:00,121857.0,31.0,False,31.0
2024-11-14 12:00:00,121887.0,30.0,False,30.0
2024-11-14 13:00:00,121910.0,23.0,False,23.0
2024-11-14 14:00:00,121933.0,23.0,False,23.0
2024-11-14 15:00:00,121960.0,27.0,False,27.0
2024-11-14 16:00:00,121987.0,27.0,False,27.0
2024-11-14 17:00:00,122012.0,25.0,False,25.0
2024-11-14 18:00:00,122037.0,25.0,False,25.0
2024-11-14 19:00:00,122060.0,23.0,False,23.0
2024-11-14 20:00:00,122085.0,25.0,False,25.0
2024-11-14 21:00:00,122110.0,25.0,False,25.0
2024-11-14 22:00:00,122134.0,24.0,False,24.0
2024-11-14 23:00:00,122148.0,14.0,False,14.0
2024-11-15 00:00:00,122153.0,5.0,False,5.0
2024-11-15 01:00:00,122159.0,6.0,False,6.0
2024-11-15 02:00:00,122164.0,5.0,False,5.0
2024-11-15 03:00:00,122170.0,6.0,False,6.0
2024-11-15 04:00:00,122175.0,5.0,False,5.0
2024-11-15 05:00:00,122181.0,6.0,False,6.0
2024-11-15 06:00:00,122186.0,5.0,False,5.0
2024-11-15 07:00:00,122195.0,9.0,False,9.0
2024-11-15 08:00:00,122206.0,11.0,False,11.0
2024-11-15 09:00:00,122224.0,18.0,False,18.0
2024-11-15 10:00:00,122246.0,22.0,False,22.0
2024-11-15 11:00:00,122270.0,24.0,False,24.0
2024-11-15 12:00:00,122299.0,29.0,False,29.0
2024-11-15 13:00:00,122317.0,18.0,False,18.0
2024-11-15 14:00:00,122339.0,22.0,False,22.0
2024-11-15 15:00:00,122367.0,28.0,False,28.0
2024-11-15 16:00:00,122394.0,27.0,False,27.0
2024-11-15 17:00:00,122419.0,25.0,False,25.0
2024-11-15 18:00:00,122443.0,24.0,False,24.0
2024-11-15 19:00:00,122465.0,22.0,False,22.0
2024-11-15 20:00:00,122488.0,23.0,False,23.0
2024-11-15 21:00:00,122510.0,22.0,False,22.0
2024-11-15 22:00:00,122530.0,20.0,False,20.0
2024-11-15 23:00:00,122540.0,10.0,False,10.0
2024-11-16 00:00:00,122546.0,6.0,False,6.0
2024-11-16 01:00:00,122552.0,6.0,False,6.0
2024-11-16 02:00:00,122558.0,6.0,False,6.0
2024-11-16 03:00:00,122563.0,5.0,False,5.0
2024-11-16 04:00:00,122568.0,5.0,False,5.0
2024-11-16 05:00:00,122574.0,6.0,False,6.0
2024-11-16 06:00:00,122579.0,5.0,False,5.0
2024-11-16 07:00:00,122585.0,6.0,False,6.0
2024-11-16 08:00:00,122591.0,6.0,False,6.0
2024-11-16 09:00:00,122600.0,9.0,False,9.0
2024-11-16 10:00:00,122608.0,8.0,False,8.0
2024-11-16 11:00:00,122622.0,14.0,False,14.0
2024-11-16 12:00:00,122636.0,14.0,False,14.0
2024-11-16 13:00:00,122650.0,14.0,False,14.0
2024-11-16 14:00:00,122665.0,15.0,False,15.0
2024-11-16 15:00:00,122680.0,15.0,False,15.0
2024-11-16 16:00:00,122698.0,18.0,False,18.0
2024-11-16 17:00:00,122715.0,17.0,False,17.0
2024-11-16 18:00:00,122733.0,18.0,False,18.0
2024-11-16 19:00:00,122751.0,18.0,False,18.0
2024-11-16 20:00:00,122770.0,19.0,False,19.0
2024-11-16 21:00:00,122788.0,18.0,False,18.0
2024-11-16 22:00:00,122806.0,18.0,False,18.0
2024-11-16 23:00:00,122817.0,11.0,False,11.0
2024-11-17 00:00:00,122823.0,6.0,False,6.0
2024-11-17 01:00:00,122828.0,5.0,False,5.0
2024-11-17 02:00:00,122833.0,5.0,False,5.0
2024-11-17 03:00:00,122838.0,5.0,False,5.0
2024-11-17 04:00:00,122844.0,6.0,False,6.0
2024-11-17 05:00:00,122849.0,5.0,False,5.0
2024-11-17 06:00:00,122854.0,5.0,False,5.0
2024-11-17 07:00:00,122860.0,6.0,False,6.0
2024-11-17 08:00:00,122867.0,7.0,False,7.0
2024-11-17 09:00:00,122875.0,8.0,False,8.0
2024-11-17 10:00:00,122884.0,9.0,False,9.0
2024-11-17 11:00:00,122895.0,11.0,False,11.0
2024-11-17 12:00:00,122908.0,13.0,False,13.0
2024-11-17 13:00:00,122921.0,13.0,False,13.0
2024-11-17 14:00:00,122936.0,15.0,False,15.0
2024-11-17 15:00:00,122955.0,19.0,False,19.0
2024-11-17 16:00:00,122975.0,20.0,False,20.0
2024-11-17 17:00:00,122995.0,20.0,False,20.0
2024-11-17 18:00:00,123014.0,19.0,False,19.0
2024-11-17 19:00:00,123034.0,20.0,False,20.0
2024-11-17 20:00:00,123055.0,21.0,False,21.0
2024-11-17 21:00:00,123074.0,19.0,False,19.0
2024-11-17 22:00:00,123093.0,19.0,False,19.0
2024-11-17 23:00:00,123104.0,11.0,False,11.0
2024-11-18 00:00:00,123109.0,5.0,False,5.0
2024-11-18 01:00:00,123115.0,6.0,False,6.0
2024-11-18 02:00:00,123120.0,5.0,False,5.0
2024-11-18 03:00:00,123125.0,5.0,False,5.0
2024-11-18 04:00:00,123131.0,6.0,False,6.0
2024-11-18 05:00:00,123136.0,5.0,False,5.0
2024-11-18 06:00:00,123141.0,5.0,False,5.0
2024-11-18 07:00:00,123150.0,9.0,False,9.0
2024-11-18 08:00:00,123164.0,14.0,False,14.0
2024-11-18 09:00:00,123191.0,27.0,False,27.0
2024-11-18 10:00:00,123218.0,27.0,False,27.0
2024-11-18 11:00:00,123249.0,31.0,False,31.0
2024-11-18 12:00:00,123280.0,31.0,False,31.0
2024-11-18 13:00:00,123303.0,23.0,False,23.0
2024-11-18 14:00:00,123327.0,24.0,False,24.0
2024-11-18 15:00:00,123359.0,32.0,False,32.0
2024-11-18 16:00:00,123393.0,34.0,False,34.0
2024-11-18 17:00:00,123423.0,30.0,False,30.0
2024-11-18 18:00:00,123451.0,28.0,False,28.0
2024-11-18 19:00:00,123473.0,22.0,False,22.0
2024-11-18 20:00:00,123497.0,24.0,False,24.0
2024-11-18 21:00:00,123521.0,24.0,False,24.0
2024-11-18 22:00:00,123542.0,21.0,False,21.0
2024-11-18 23:00:00,123553.0,11.0,False,11.0
2024-11-19 00:00:00,123558.0,5.0,False,5.0
2024-11-19 01:00:00,123564.0,6.0,False,6.0
2024-11-19 02:00:00,123569.0,5.0,False,5.0
2024-11-19 03:00:00,123574.0,5.0,False,5.0
2024-11-19 04:00:00,123580.0,6.0,False,6.0
2024-11-19 05:00:00,123585.0,5.0,False,5.0
2024-11-19 06:00:00,123590.0,5.0,False,5.0
2024-11-19 07:00:00,123598.0,8.0,False,8.0
2024-11-19 08:00:00,123612.0,14.0,False,14.0
2024-11-19 09:00:00,123637.0,25.0,False,25.0
2024-11-19 10:00:00,123664.0,27.0,False,27.0
2024-11-19 11:00:00,123694.0,30.0,False,30.0
2024-11-19 12:00:00,123723.0,29.0,False,29.0
2024-11-19 13:00:00,123745.0,22.0,False,22.0
2024-11-19 14:00:00,123770.0,25.0,False,25.0
2024-11-19 15:00:00,123805.0,35.0,False,35.0
2024-11-19 16:00:00,123838.0,33.0,False,33.0
2024-11-19 17:00:00,123870.0,32.0,False,32.0
2024-11-19 18:00:00,123899.0,29.0,False,29.0
2024-11-19 19:00:00,123921.0,22.0,False,22.0
2024-11-19 20:00:00,123945.0,24.0,False,24.0
2024-11-19 21:00:00,123970.0,25.0,False,25.0
2024-11-19 22:00:00,123994.0,24.0,False,24.0
2024-11-19 23:00:00,124005.0,11.0,False,11.0
2024-11-20 00:00:00,124011.0,6.0,False,6.0
2024-11-20 01:00:00,124016.0,5.0,False,5.0
2024-11-20 02:00:00,124022.0,6.0,False,6.0
2024-11-20 03:00:00,124027.0,5.0,False,5.0
2024-11-20 04:00:00,124032.0,5.0,False,5.0
2024-11-20 05:00:00,124037.0,5.0,False,5.0
2024-11-20 06:00:00,124043.0,6.0,False,6.0
2024-11-20 07:00:00,124050.0,7.0,False,7.0
2024-11-20 08:00:00,124063.0,13.0,False,13.0
2024-11-20 09:00:00,124093.0,30.0,False,30.0
2024-11-20 10:00:00,124123.0,30.0,False,30.0
2024-11-20 11:00:00,124153.0,30.0,False,30.0
2024-11-20 12:00:00,124181.0,28.0,False,28.0
2024-11-20 13:00:00,124202.0,21.0,False,21.0
2024-11-20 14:00:00,124224.0,22.0,False,22.0
2024-11-20 15:00:00,124249.0,25.0,False,25.0
2024-11-20 16:00:00,124274.0,25.0,False,25.0
2024-11-20 17:00:00,124302.0,28.0,False,28.0
2024-11-20 18:00:00,124328.0,26.0,False,26.0
2024-11-20 19:00:00,124351.0,23.0,False,23.0
2024-11-20 20:00:00,124376.0,25.0,False,25.0
2024-11-20 21:00:00,124401.0,25.0,False,25.0
2024-11-20 22:00:00,124423.0,22.0,False,22.0
2024-11-20 23:00:00,124434.0,11.0,False,11.0
2024-11-21 00:00:00,124439.0,5.0,False,5.0
2024-11-21 01:00:00,124445.0,6.0,False,6.0
2024-11-21 02:00:00,124450.0,5.0,False,5.0
2024-11-21 03:00:00,124455.0,5.0,False,5.0
2024-11-21 04:00:00,124460.0,5.0,False,5.0
2024-11-21 05:00:00,124466.0,6.0,False,6.0
2024-11-21 06:00:00,124471.0,5.0,False,5.0
2024-11-21 07:00:00,124477.0,6.0,False,6.0
2024-11-21 08:00:00,124490.0,13.0,False,13.0
2024-11-21 09:00:00,124514.0,24.0,False,24.0
2024-11-21 10:00:00,124539.0,25.0,False,25.0
2024-11-21 11:00:00,124570.0,31.0,False,31.0
2024-11-21 12:00:00,124601.0,31.0,False,31.0
2024-11-21 13:00:00,124625.0,24.0,False,24.0
2024-11-21 14:00:00,124649.0,24.0,False,24.0
2024-11-21 15:00:00,124678.0,29.0,False,29.0
2024-11-21 16:00:00,124706.0,28.0,False,28.0
2024-11-21 17:00:00,124732.0,26.0,False,26.0
2024-11-21 18:00:00,124758.0,26.0,False,26.0
2024-11-21 19:00:00,124779.0,21.0,False,21.0
2024-11-21 20:00:00,124802.0,23.0,False,23.0
2024-11-21 21:00:00,124824.0,22.0,False,22.0
2024-11-21 22:00:00,124845.0,21.0,False,21.0
2024-11-21 23:00:00,124855.0,10.0,False,10.0
2024-11-22 00:00:00,124861.0,6.0,False,6.0
2024-11-22 01:00:00,124867.0,6.0,False,6.0
2024-11-22 02:00:00,124872.0,5.0,False,5.0
2024-11-22 03:00:00,124878.0,6.0,False,6.0
2024-11-22 04:00:00,124883.0,5.0,False,5.0
2024-11-22 05:00:00,124889.0,6.0,False,6.0
2024-11-22 06:00:00,124894.0,5.0,False,5.0
2024-11-22 07:00:00,124902.0,8.0,False,8.0
2024-11-22 08:00:00,124914.0,12.0,False,12.0
2024-11-22 09:00:00,124937.0,23.0,False,23.0
2024-11-22 10:00:00,124964.0,27.0,False,27.0
2024-11-22 11:00:00,124994.0,30.0,False,30.0
2024-11-22 12:00:00,125023.0,29.0,False,29.0
2024-11-22 13:00:00,125046.0,23.0,False,23.0
2024-11-22 14:00:00,125068.0,22.0,False,22.0
2024-11-22 15:00:00,125098.0,30.0,False,30.0
2024-11-22 16:00:00,125127.0,29.0,False,29.0
2024-11-22 17:00:00,125153.0,26.0,False,26.0
2024-11-22 18:00:00,125179.0,26.0,False,26.0
2024-11-22 19:00:00,125201.0,22.0,False,22.0
2024-11-22 20:00:00,125224.0,23.0,False,23.0
2024-11-22 21:00:00,125246.0,22.0,False,22.0
2024-11-22 22:00:00,125267.0,21.0,False,21.0
2024-11-22 23:00:00,125279.0,12.0,False,12.0
2024-11-23 00:00:00,125286.0,7.0,False,7.0
2024-11-23 01:00:00,125292.0,6.0,False,6.0
2024-11-23 02:00:00,125299.0,7.0,False,7.0
2024-11-23 03:00:00,125306.0,7.0,False,7.0
2024-11-23 04:00:00,125312.0,6.0,False,6.0
2024-11-23 05:00:00,125319.0,7.0,False,7.0
2024-11-23 06:00:00,125325.0,6.0,False,6.0
2024-11-23 07:00:00,125332.0,7.0,False,7.0
2024-11-23 08:00:00,125341.0,9.0,False,9.0
2024-11-23 09:00:00,125352.0,11.0,False,11.0
2024-11-23 10:00:00,125364.0,12.0,False,12.0
2024-11-23 11:00:00,125377.0,13.0,False,13.0
2024-11-23 12:00:00,125392.0,15.0,False,15.0
2024-11-23 13:00:00,125407.0,15.0,False,15.0
2024-11-23 14:00:00,125424.0,17.0,False,17.0
2024-11-23 15:00:00,125444.0,20.0,False,20.0
2024-11-23 16:00:00,125465.0,21.0,False,21.0
2024-11-23 17:00:00,125487.0,22.0,False,22.0
2024-11-23 18:00:00,125509.0,22.0,False,22.0
2024-11-23 19:00:00,125531.0,22.0,False,22.0
2024-11-23 20:00:00,125552.0,21.0,False,21.0
2024-11-23 21:00:00,125574.0,22.0,False,22.0
2024-11-23 22:00:00,125595.0,21.0,False,21.0
2024-11-23 23:00:00,125608.0,13.0,False,13.0
2024-11-24 00:00:00,125615.0,7.0,False,7.0
2024-11-24 01:00:00,125621.0,6.0,False,6.0
2024-11-24 02:00:00,125628.0,7.0,False,7.0
2024-11-24 03:00:00,125634.0,6.0,False,6.0
2024-11-24 04:00:00,125641.0,7.0,False,7.0
2024-11-24 05:00:00,125647.0,6.0,False,6.0
2024-11-24 06:00:00,125654.0,7.0,False,7.0
2024-11-24 07:00:00,125661.0,7.0,False,7.0
2024-11-24 08:00:00,125677.0,16.0,False,16.0
2024-11-24 09:00:00,125696.0,19.0,False,19.0
2024-11-24 10:00:00,125717.0,21.0,False,21.0
2024-11-24 11:00:00,125743.0,26.0,False,26.0
2024-11-24 12:00:00,125774.0,31.0,False,31.0
2024-11-24 13:00:00,125801.0,27.0,False,27.0
2024-11-24 14:00:00,125828.0,27.0,False,27.0
2024-11-24 15:00:00,125856.0,28.0,False,28.0
2024-11-24 16:00:00,125884.0,28.0,False,28.0
2024-11-24 17:00:00,125910.0,26.0,False,26.0
2024-11-24 18:00:00,125933.0,23.0,False,23.0
2024-11-24 19:00:00,125957.0,24.0,False,24.0
2024-11-24 20:00:00,125981.0,24.0,False,24.0
2024-11-24 21:00:00,126003.0,22.0,False,22.0
2024-11-24 22:00:00,126024.0,21.0,False,21.0
2024-11-24 23:00:00,126036.0,12.0,False,12.0
2024-11-25 00:00:00,126043.0,7.0,False,7.0
2024-11-25 01:00:00,126050.0,7.0,False,7.0
2024-11-25 02:00:00,126056.0,6.0,False,6.0
2024-11-25 03:00:00,126062.0,6.0,False,6.0
2024-11-25 04:00:00,126068.0,6.0,False,6.0
2024-11-25 05:00:00,126074.0,6.0,False,6.0
2024-11-25 06:00:00,126080.0,6.0,False,6.0
2024-11-25 07:00:00,126088.0,8.0,False,8.0
2024-11-25 08:00:00,126102.0,14.0,False,14.0
2024-11-25 09:00:00,126125.0,23.0,False,23.0
2024-11-25 10:00:00,126149.0,24.0,False,24.0
2024-11-25 11:00:00,126178.0,29.0,False,29.0
2024-11-25 12:00:00,126208.0,30.0,False,30.0
2024-11-25 13:00:00,126230.0,22.0,False,22.0
2024-11-25 14:00:00,126252.0,22.0,False,22.0
2024-11-25 15:00:00,126282.0,30.0,False,30.0
2024-11-25 16:00:00,126313.0,31.0,False,31.0
2024-11-25 17:00:00,126342.0,29.0,False,29.0
2024-11-25 18:00:00,126370.0,28.0,False,28.0
2024-11-25 19:00:00,126392.0,22.0,False,22.0
2024-11-25 20:00:00,126418.0,26.0,False,26.0
2024-11-25 21:00:00,126445.0,27.0,False,27.0
2024-11-25 22:00:00,126468.0,23.0,False,23.0
2024-11-25 23:00:00,126482.0,14.0,False,14.0
2024-11-26 00:00:00,126488.0,6.0,False,6.0
2024-11-26 01:00:00,126494.0,6.0,False,6.0
2024-11-26 02:00:00,126500.0,6.0,False,6.0
2024-11-26 03:00:00,126506.0,6.0,False,6.0
2024-11-26 04:00:00,126512.0,6.0,False,6.0
2024-11-26 05:00:00,126517.0,5.0,False,5.0
2024-11-26 06:00:00,126523.0,6.0,False,6.0
2024-11-26 07:00:00,126532.0,9.0,False,9.0
2024-11-26 08:00:00,126544.0,12.0,False,12.0
2024-11-26 09:00:00,126570.0,26.0,False,26.0
2024-11-26 10:00:00,126600.0,30.0,False,30.0
2024-11-26 11:00:00,126634.0,34.0,False,34.0
2024-11-26 12:00:00,126667.0,33.0,False,33.0
2024-11-26 13:00:00,126694.0,27.0,False,27.0
2024-11-26 14:00:00,126724.0,30.0,False,30.0
2024-11-26 15:00:00,126760.0,36.0,False,36.0
2024-11-26 16:00:00,126796.0,36.0,False,36.0
2024-11-26 17:00:00,126827.0,31.0,False,31.0
2024-11-26 18:00:00,126855.0,28.0,False,28.0
2024-11-26 19:00:00,126878.0,23.0,False,23.0
2024-11-26 20:00:00,126902.0,24.0,False,24.0
2024-11-26 21:00:00,126926.0,24.0,False,24.0
2024-11-26 22:00:00,126949.0,23.0,False,23.0
2024-11-26 23:00:00,126960.0,11.0,False,11.0
2024-11-27 00:00:00,126966.0,6.0,False,6.0
2024-11-27 01:00:00,126972.0,6.0,False,6.0
2024-11-27 02:00:00,126978.0,6.0,False,6.0
2024-11-27 03:00:00,126983.0,5.0,False,5.0
2024-11-27 04:00:00,126989.0,6.0,False,6.0
2024-11-27 05:00:00,126995.0,6.0,False,6.0
2024-11-27 06:00:00,127001.0,6.0,False,6.0
2024-11-27 07:00:00,127008.0,7.0,False,7.0
2024-11-27 08:00:00,127024.0,16.0,False,16.0
2024-11-27 09:00:00,127051.0,27.0,False,27.0
2024-11-27 10:00:00,127079.0,28.0,False,28.0
2024-11-27 11:00:00,127109.0,30.0,False,30.0
2024-11-27 12:00:00,127138.0,29.0,False,29.0
2024-11-27 13:00:00,127159.0,21.0,False,21.0
2024-11-27 14:00:00,127183.0,24.0,False,24.0
2024-11-27 15:00:00,127211.0,28.0,False,28.0
2024-11-27 16:00:00,127239.0,28.0,False,28.0
2024-11-27 17:00:00,127268.0,29.0,False,29.0
2024-11-27 18:00:00,127295.0,27.0,False,27.0
2024-11-27 19:00:00,127319.0,24.0,False,24.0
2024-11-27 20:00:00,127344.0,25.0,False,25.0
2024-11-27 21:00:00,127370.0,26.0,False,26.0
2024-11-27 22:00:00,127392.0,22.0,False,22.0
2024-11-27 23:00:00,127403.0,11.0,False,11.0
2024-11-28 00:00:00,127409.0,6.0,False,6.0
2024-11-28 01:00:00,127414.0,5.0,False,5.0
2024-11-28 02:00:00,127420.0,6.0,False,6.0
2024-11-28 03:00:00,127425.0,5.0,False,5.0
2024-11-28 04:00:00,127430.0,5.0,False,5.0
2024-11-28 05:00:00,127435.0,5.0,False,5.0
2024-11-28 06:00:00,127441.0,6.0,False,6.0
2024-11-28 07:00:00,127448.0,7.0,False,7.0
2024-11-28 08:00:00,127461.0,13.0,False,13.0
2024-11-28 09:00:00,127484.0,23.0,False,23.0
2024-11-28 10:00:00,127510.0,26.0,False,26.0
2024-11-28 11:00:00,127543.0,33.0,False,33.0
2024-11-28 12:00:00,127575.0,32.0,False,32.0
2024-11-28 13:00:00,127599.0,24.0,False,24.0
2024-11-28 14:00:00,127623.0,24.0,False,24.0
2024-11-28 15:00:00,127651.0,28.0,False,28.0
2024-11-28 16:00:00,127678.0,27.0,False,27.0
2024-11-28 17:00:00,127705.0,27.0,False,27.0
2024-11-28 18:00:00,127731.0,26.0,False,26.0
2024-11-28 19:00:00,127754.0,23.0,False,23.0
2024-11-28 20:00:00,127779.0,25.0,False,25.0
2024-11-28 21:00:00,127804.0,25.0,False,25.0
2024-11-28 22:00:00,127827.0,23.0,False,23.0
2024-11-28 23:00:00,127838.0,11.0,False,11.0
2024-11-29 00:00:00,127844.0,6.0,False,6.0
2024-11-29 01:00:00,127849.0,5.0,False,5.0
2024-11-29 02:00:00,127854.0,5.0,False,5.0
2024-11-29 03:00:00,127860.0,6.0,False,6.0
2024-11-29 04:00:00,127865.0,5.0,False,5.0
2024-11-29 05:00:00,127870.0,5.0,False,5.0
2024-11-29 06:00:00,127876.0,6.0,False,6.0
2024-11-29 07:00:00,127883.0,7.0,False,7.0
2024-11-29 08:00:00,127894.0,11.0,False,11.0
2024-11-29 09:00:00,127914.0,20.0,False,20.0
2024-11-29 10:00:00,127936.0,22.0,False,22.0
2024-11-29 11:00:00,127963.0,27.0,False,27.0
2024-11-29 12:00:00,127989.0,26.0,False,26.0
2024-11-29 13:00:00,128009.0,20.0,False,20.0
2024-11-29 14:00:00,128030.0,21.0,False,21.0
2024-11-29 15:00:00,128057.0,27.0,False,27.0
2024-11-29 16:00:00,128083.0,26.0,False,26.0
2024-11-29 17:00:00,128105.0,22.0,False,22.0
2024-11-29 18:00:00,128126.0,21.0,False,21.0
2024-11-29 19:00:00,128147.0,21.0,False,21.0
2024-11-29 20:00:00,128169.0,22.0,False,22.0
2024-11-29 21:00:00,128191.0,22.0,False,22.0
2024-11-29 22:00:00,128210.0,19.0,False,19.0
2024-11-29 23:00:00,128221.0,11.0,False,11.0
2024-11-30 00:00:00,128227.0,6.0,False,6.0
2024-11-30 01:00:00,128232.0,5.0,False,5.0
2024-11-30 02:00:00,128237.0,5.0,False,5.0
2024-11-30 03:00:00,128242.0,5.0,False,5.0
2024-11-30 04:00:00,128247.0,5.0,False,5.0
2024-11-30 05:00:00,128252.0,5.0,False,5.0
2024-11-30 06:00:00,128257.0,5.0,False,5.0
2024-11-30 07:00:00,128263.0,6.0,False,6.0
2024-11-30 08:00:00,128269.0,6.0,False,6.0
2024-11-30 09:00:00,128277.0,8.0,False,8.0
2024-11-30 10:00:00,128287.0,10.0,False,10.0
2024-11-30 11:00:00,128299.0,12.0,False,12.0
2024-11-30 12:00:00,128313.0,14.0,False,14.0
2024-11-30 13:00:00,128326.0,13.0,False,13.0
2024-11-30 14:00:00,128341.0,15.0,False,15.0
2024-11-30 15:00:00,128357.0,16.0,False,16.0
2024-11-30 16:00:00,128374.0,17.0,False,17.0
2024-11-30 17:00:00,128392.0,18.0,False,18.0
2024-11-30 18:00:00,128411.0,19.0,False,19.0
2024-11-30 19:00:00,128430.0,19.0,False,19.0
2024-11-30 20:00:00,128449.0,19.0,False,19.0
2024-11-30 21:00:00,128468.0,19.0,False,19.0
2024-11-30 22:00:00,128485.0,17.0,False,17.0
2024-11-30 23:00:00,128494.0,9.0,False,9.0
2024-12-01 00:00:00,128499.0,5.0,False,5.0
2024-12-01 01:00:00,128504.0,5.0,False,5.0
2024-12-01 02:00:00,128510.0,6.0,False,6.0
2024-12-01 03:00:00,128515.0,5.0,False,5.0
2024-12-01 04:00:00,128520.0,5.0,False,5.0
2024-12-01 05:00:00,128525.0,5.0,False,5.0
2024-12-01 06:00:00,128530.0,5.0,False,5.0
2024-12-01 07:00:00,128537.0,7.0,False,7.0
2024-12-01 08:00:00,128543.0,6.0,False,6.0
2024-12-01 09:00:00,128551.0,8.0,False,8.0
2024-12-01 10:00:00,128560.0,9.0,False,9.0
2024-12-01 11:00:00,128571.0,11.0,False,11.0
2024-12-01 12:00:00,128583.0,12.0,False,12.0
2024-12-01 13:00:00,128594.0,11.0,False,11.0
2024-12-01 14:00:00,128607.0,13.0,False,13.0
2024-12-01 15:00:00,128622.0,15.0,False,15.0
2024-12-01 16:00:00,128639.0,17.0,False,17.0
2024-12-01 17:00:00,128657.0,18.0,False,18.0
2024-12-01 18:00:00,128675.0,18.0,False,18.0
2024-12-01 19:00:00,128694.0,19.0,False,19.0
2024-12-01 20:00:00,128714.0,20.0,False,20.0
2024-12-01 21:00:00,128735.0,21.0,False,21.0
2024-12-01 22:00:00,128754.0,19.0,False,19.0
2024-12-01 23:00:00,128764.0,10.0,False,10.0
2024-12-02 00:00:00,128769.0,5.0,False,5.0
2024-12-02 01:00:00,128775.0,6.0,False,6.0
2024-12-02 02:00:00,128780.0,5.0,False,5.0
2024-12-02 03:00:00,128785.0,5.0,False,5.0
2024-12-02 04:00:00,128790.0,5.0,False,5.0
2024-12-02 05:00:00,128795.0,5.0,False,5.0
2024-12-02 06:00:00,128800.0,5.0,False,5.0
2024-12-02 07:00:00,128808.0,8.0,False,8.0
2024-12-02 08:00:00,128822.0,14.0,False,14.0
2024-12-02 09:00:00,128843.0,21.0,False,21.0
2024-12-02 10:00:00,128865.0,22.0,False,22.0
2024-12-02 11:00:00,128894.0,29.0,False,29.0
2024-12-02 12:00:00,128922.0,28.0,False,28.0
2024-12-02 13:00:00,128944.0,22.0,False,22.0
2024-12-02 14:00:00,128966.0,22.0,False,22.0
2024-12-02 15:00:00,128998.0,32.0,False,32.0
2024-12-02 16:00:00,129029.0,31.0,False,31.0
2024-12-02 17:00:00,129059.0,30.0,False,30.0
2024-12-02 18:00:00,129087.0,28.0,False,28.0
2024-12-02 19:00:00,129112.0,25.0,False,25.0
2024-12-02 20:00:00,129143.0,31.0,False,31.0
2024-12-02 21:00:00,129173.0,30.0,False,30.0
2024-12-02 22:00:00,129194.0,21.0,False,21.0
2024-12-02 23:00:00,129205.0,11.0,False,11.0
2024-12-03 00:00:00,129211.0,6.0,False,6.0
2024-12-03 01:00:00,129216.0,5.0,False,5.0
2024-12-03 02:00:00,129221.0,5.0,False,5.0
2024-12-03 03:00:00,129227.0,6.0,False,6.0
2024-12-03 04:00:00,129232.0,5.0,False,5.0
2024-12-03 05:00:00,129237.0,5.0,False,5.0
2024-12-03 06:00:00,129243.0,6.0,False,6.0
2024-12-03 07:00:00,129251.0,8.0,False,8.0
2024-12-03 08:00:00,129263.0,12.0,False,12.0
2024-12-03 09:00:00,129283.0,20.0,False,20.0
2024-12-03 10:00:00,129307.0,24.0,False,24.0
2024-12-03 11:00:00,129335.0,28.0,False,28.0
2024-12-03 12:00:00,129363.0,28.0,False,28.0
2024-12-03 13:00:00,129385.0,22.0,False,22.0
2024-12-03 14:00:00,129409.0,24.0,False,24.0
2024-12-03 15:00:00,129439.0,30.0,False,30.0
2024-12-03 16:00:00,129469.0,30.0,False,30.0
2024-12-03 17:00:00,129498.0,29.0,False,29.0
2024-12-03 18:00:00,129525.0,27.0,False,27.0
2024-12-03 19:00:00,129548.0,23.0,False,23.0
2024-12-03 20:00:00,129572.0,24.0,False,24.0
2024-12-03 21:00:00,129595.0,23.0,False,23.0
2024-12-03 22:00:00,129618.0,23.0,False,23.0
2024-12-03 23:00:00,129631.0,13.0,False,13.0
2024-12-04 00:00:00,129637.0,6.0,False,6.0
2024-12-04 01:00:00,129642.0,5.0,False,5.0
2024-12-04 02:00:00,129647.0,5.0,False,5.0
2024-12-04 03:00:00,129653.0,6.0,False,6.0
2024-12-04 04:00:00,129658.0,5.0,False,5.0
2024-12-04 05:00:00,129663.0,5.0,False,5.0
2024-12-04 06:00:00,129669.0,6.0,False,6.0
2024-12-04 07:00:00,129676.0,7.0,False,7.0
2024-12-04 08:00:00,129688.0,12.0,False,12.0
2024-12-04 09:00:00,129712.0,24.0,False,24.0
2024-12-04 10:00:00,129737.0,25.0,False,25.0
2024-12-04 11:00:00,129766.0,29.0,False,29.0
2024-12-04 12:00:00,129795.0,29.0,False,29.0
2024-12-04 13:00:00,129818.0,23.0,False,23.0
2024-12-04 14:00:00,129841.0,23.0,False,23.0
2024-12-04 15:00:00,129869.0,28.0,False,28.0
2024-12-04 16:00:00,129896.0,27.0,False,27.0
2024-12-04 17:00:00,129923.0,27.0,False,27.0
2024-12-04 18:00:00,129949.0,26.0,False,26.0
2024-12-04 19:00:00,129972.0,23.0,False,23.0
2024-12-04 20:00:00,129996.0,24.0,False,24.0
2024-12-04 21:00:00,130020.0,24.0,False,24.0
2024-12-04 22:00:00,130044.0,24.0,False,24.0
2024-12-04 23:00:00,130055.0,11.0,False,11.0
2024-12-05 00:00:00,130060.0,5.0,False,5.0
2024-12-05 01:00:00,130065.0,5.0,False,5.0
2024-12-05 02:00:00,130070.0,5.0,False,5.0
2024-12-05 03:00:00,130076.0,6.0,False,6.0
2024-12-05 04:00:00,130081.0,5.0,False,5.0
2024-12-05 05:00:00,130086.0,5.0,False,5.0
2024-12-05 06:00:00,130091.0,5.0,False,5.0
2024-12-05 07:00:00,130098.0,7.0,False,7.0
2024-12-05 08:00:00,130111.0,13.0,False,13.0
2024-12-05 09:00:00,130135.0,24.0,False,24.0
2024-12-05 10:00:00,130161.0,26.0,False,26.0
2024-12-05 11:00:00,130191.0,30.0,False,30.0
2024-12-05 12:00:00,130220.0,29.0,False,29.0
2024-12-05 13:00:00,130243.0,23.0,False,23.0
2024-12-05 14:00:00,130266.0,23.0,False,23.0
2024-12-05 15:00:00,130292.0,26.0,False,26.0
2024-12-05 16:00:00,130319.0,27.0,False,27.0
2024-12-05 17:00:00,130346.0,27.0,False,27.0
2024-12-05 18:00:00,130372.0,26.0,False,26.0
2024-12-05 19:00:00,130395.0,23.0,False,23.0
2024-12-05 20:00:00,130419.0,24.0,False,24.0
2024-12-05 21:00:00,130442.0,23.0,False,23.0
2024-12-05 22:00:00,130465.0,23.0,False,23.0
2024-12-05 23:00:00,130475.0,10.0,False,10.0
2024-12-06 00:00:00,130480.0,5.0,False,5.0
2024-12-06 01:00:00,130485.0,5.0,False,5.0
2024-12-06 02:00:00,130491.0,6.0,False,6.0
2024-12-06 03:00:00,130497.0,6.0,False,6.0
2024-12-06 04:00:00,130502.0,5.0,False,5.0
2024-12-06 05:00:00,130508.0,6.0,False,6.0
2024-12-06 06:00:00,130513.0,5.0,False,5.0
2024-12-06 07:00:00,130520.0,7.0,False,7.0
2024-12-06 08:00:00,130533.0,13.0,False,13.0
2024-12-06 09:00:00,130553.0,20.0,False,20.0
2024-12-06 10:00:00,130575.0,22.0,False,22.0
2024-12-06 11:00:00,130599.0,24.0,False,24.0
2024-12-06 12:00:00,130624.0,25.0,False,25.0
2024-12-06 13:00:00,130645.0,21.0,False,21.0
2024-12-06 14:00:00,130668.0,23.0,False,23.0
2024-12-06 15:00:00,130694.0,26.0,False,26.0
2024-12-06 16:00:00,130720.0,26.0,False,26.0
2024-12-06 17:00:00,130743.0,23.0,False,23.0
2024-12-06 18:00:00,130763.0,20.0,False,20.0
2024-12-06 19:00:00,130776.0,13.0,False,13.0
2024-12-06 20:00:00,130790.0,14.0,False,14.0
2024-12-06 21:00:00,130803.0,13.0,False,13.0
2024-12-06 22:00:00,130816.0,13.0,False,13.0
2024-12-06 23:00:00,130826.0,10.0,False,10.0
2024-12-07 00:00:00,130831.0,5.0,False,5.0
2024-12-07 01:00:00,130837.0,6.0,False,6.0
2024-12-07 02:00:00,130842.0,5.0,False,5.0
2024-12-07 03:00:00,130848.0,6.0,False,6.0
2024-12-07 04:00:00,130853.0,5.0,False,5.0
2024-12-07 05:00:00,130859.0,6.0,False,6.0
2024-12-07 06:00:00,130864.0,5.0,False,5.0
2024-12-07 07:00:00,130872.0,8.0,False,8.0
2024-12-07 08:00:00,130890.0,18.0,False,18.0
2024-12-07 09:00:00,130909.0,19.0,False,19.0
2024-12-07 10:00:00,130927.0,18.0,False,18.0
2024-12-07 11:00:00,130946.0,19.0,False,19.0
2024-12-07 12:00:00,130964.0,18.0,False,18.0
2024-12-07 13:00:00,130983.0,19.0,False,19.0
2024-12-07 14:00:00,131003.0,20.0,False,20.0
2024-12-07 15:00:00,131024.0,21.0,False,21.0
2024-12-07 16:00:00,131046.0,22.0,False,22.0
2024-12-07 17:00:00,131068.0,22.0,False,22.0
2024-12-07 18:00:00,131090.0,22.0,False,22.0
2024-12-07 19:00:00,131112.0,22.0,False,22.0
2024-12-07 20:00:00,131134.0,22.0,False,22.0
2024-12-07 21:00:00,131155.0,21.0,False,21.0
2024-12-07 22:00:00,131175.0,20.0,False,20.0
2024-12-07 23:00:00,131186.0,11.0,False,11.0
2024-12-08 00:00:00,131192.0,6.0,False,6.0
2024-12-08 01:00:00,131198.0,6.0,False,6.0
2024-12-08 02:00:00,131203.0,5.0,False,5.0
2024-12-08 03:00:00,131209.0,6.0,False,6.0
2024-12-08 04:00:00,131215.0,6.0,False,6.0
2024-12-08 05:00:00,131220.0,5.0,False,5.0
2024-12-08 06:00:00,131226.0,6.0,False,6.0
2024-12-08 07:00:00,131232.0,6.0,False,6.0
2024-12-08 08:00:00,131239.0,7.0,False,7.0
2024-12-08 09:00:00,131248.0,9.0,False,9.0
2024-12-08 10:00:00,131261.0,13.0,False,13.0
2024-12-08 11:00:00,131275.0,14.0,False,14.0
2024-12-08 12:00:00,131289.0,14.0,False,14.0
2024-12-08 13:00:00,131302.0,13.0,False,13.0
2024-12-08 14:00:00,131317.0,15.0,False,15.0
2024-12-08 15:00:00,131335.0,18.0,False,18.0
2024-12-08 16:00:00,131353.0,18.0,False,18.0
2024-12-08 17:00:00,131372.0,19.0,False,19.0
2024-12-08 18:00:00,131391.0,19.0,False,19.0
2024-12-08 19:00:00,131411.0,20.0,False,20.0
2024-12-08 20:00:00,131432.0,21.0,False,21.0
2024-12-08 21:00:00,131450.0,18.0,False,18.0
2024-12-08 22:00:00,131467.0,17.0,False,17.0
2024-12-08 23:00:00,131478.0,11.0,False,11.0
2024-12-09 00:00:00,131483.0,5.0,False,5.0
2024-12-09 01:00:00,131488.0,5.0,False,5.0
2024-12-09 02:00:00,131494.0,6.0,False,6.0
2024-12-09 03:00:00,131499.0,5.0,False,5.0
2024-12-09 04:00:00,131505.0,6.0,False,6.0
2024-12-09 05:00:00,131510.0,5.0,False,5.0
2024-12-09 06:00:00,131516.0,6.0,False,6.0
2024-12-09 07:00:00,131526.0,10.0,False,10.0
2024-12-09 08:00:00,131540.0,14.0,False,14.0
2024-12-09 09:00:00,131561.0,21.0,False,21.0
2024-12-09 10:00:00,131588.0,27.0,False,27.0
2024-12-09 11:00:00,131624.0,36.0,False,36.0
2024-12-09 12:00:00,131657.0,33.0,False,33.0
2024-12-09 13:00:00,131681.0,24.0,False,24.0
2024-12-09 14:00:00,131704.0,23.0,False,23.0
2024-12-09 15:00:00,131733.0,29.0,False,29.0
2024-12-09 16:00:00,131761.0,28.0,False,28.0
2024-12-09 17:00:00,131790.0,29.0,False,29.0
2024-12-09 18:00:00,131817.0,27.0,False,27.0
2024-12-09 19:00:00,131839.0,22.0,False,22.0
2024-12-09 20:00:00,131862.0,23.0,False,23.0
2024-12-09 21:00:00,131885.0,23.0,False,23.0
2024-12-09 22:00:00,131907.0,22.0,False,22.0
2024-12-09 23:00:00,131918.0,11.0,False,11.0
2024-12-10 00:00:00,131924.0,6.0,False,6.0
2024-12-10 01:00:00,131929.0,5.0,False,5.0
2024-12-10 02:00:00,131935.0,6.0,False,6.0
2024-12-10 03:00:00,131940.0,5.0,False,5.0
2024-12-10 04:00:00,131946.0,6.0,False,6.0
2024-12-10 05:00:00,131952.0,6.0,False,6.0
2024-12-10 06:00:00,131957.0,5.0,False,5.0
2024-12-10 07:00:00,131965.0,8.0,False,8.0
2024-12-10 08:00:00,131979.0,14.0,False,14.0
2024-12-10 09:00:00,132002.0,23.0,False,23.0
2024-12-10 10:00:00,132027.0,25.0,False,25.0
2024-12-10 11:00:00,132057.0,30.0,False,30.0
2024-12-10 12:00:00,132089.0,32.0,False,32.0
2024-12-10 13:00:00,132114.0,25.0,False,25.0
2024-12-10 14:00:00,132142.0,28.0,False,28.0
2024-12-10 15:00:00,132173.0,31.0,False,31.0
2024-12-10 16:00:00,132204.0,31.0,False,31.0
2024-12-10 17:00:00,132235.0,31.0,False,31.0
2024-12-10 18:00:00,132263.0,28.0,False,28.0
2024-12-10 19:00:00,132285.0,22.0,False,22.0
2024-12-10 20:00:00,132308.0,23.0,False,23.0
2024-12-10 21:00:00,132331.0,23.0,False,23.0
2024-12-10 22:00:00,132353.0,22.0,False,22.0
2024-12-10 23:00:00,132366.0,13.0,False,13.0
2024-12-11 00:00:00,132371.0,5.0,False,5.0
2024-12-11 01:00:00,132377.0,6.0,False,6.0
2024-12-11 02:00:00,132382.0,5.0,False,5.0
2024-12-11 03:00:00,132388.0,6.0,False,6.0
2024-12-11 04:00:00,132393.0,5.0,False,5.0
2024-12-11 05:00:00,132399.0,6.0,False,6.0
2024-12-11 06:00:00,132405.0,6.0,False,6.0
2024-12-11 07:00:00,132413.0,8.0,False,8.0
2024-12-11 08:00:00,132426.0,13.0,False,13.0
2024-12-11 09:00:00,132445.0,19.0,False,19.0
2024-12-11 10:00:00,132467.0,22.0,False,22.0
2024-12-11 11:00:00,132494.0,27.0,False,27.0
2024-12-11 12:00:00,132522.0,28.0,False,28.0
2024-12-11 13:00:00,132545.0,23.0,False,23.0
2024-12-11 14:00:00,132569.0,24.0,False,24.0
2024-12-11 15:00:00,132596.0,27.0,False,27.0
2024-12-11 16:00:00,132624.0,28.0,False,28.0
2024-12-11 17:00:00,132651.0,27.0,False,27.0
2024-12-11 18:00:00,132677.0,26.0,False,26.0
2024-12-11 19:00:00,132699.0,22.0,False,22.0
2024-12-11 20:00:00,132723.0,24.0,False,24.0
2024-12-11 21:00:00,132746.0,23.0,False,23.0
2024-12-11 22:00:00,132768.0,22.0,False,22.0
2024-12-11 23:00:00,132780.0,12.0,False,12.0
2024-12-12 00:00:00,132786.0,6.0,False,6.0
2024-12-12 01:00:00,132791.0,5.0,False,5.0
2024-12-12 02:00:00,132797.0,6.0,False,6.0
2024-12-12 03:00:00,132803.0,6.0,False,6.0
2024-12-12 04:00:00,132808.0,5.0,False,5.0
2024-12-12 05:00:00,132814.0,6.0,False,6.0
2024-12-12 06:00:00,132820.0,6.0,False,6.0
2024-12-12 07:00:00,132830.0,10.0,False,10.0
2024-12-12 08:00:00,132842.0,12.0,False,12.0
2024-12-12 09:00:00,132863.0,21.0,False,21.0
2024-12-12 10:00:00,132886.0,23.0,False,23.0
2024-12-12 11:00:00,132916.0,30.0,False,30.0
2024-12-12 12:00:00,132946.0,30.0,False,30.0
2024-12-12 13:00:00,132969.0,23.0,False,23.0
2024-12-12 14:00:00,132994.0,25.0,False,25.0
2024-12-12 15:00:00,133019.0,25.0,False,25.0
2024-12-12 16:00:00,133044.0,25.0,False,25.0
2024-12-12 17:00:00,133071.0,27.0,False,27.0
2024-12-12 18:00:00,133097.0,26.0,False,26.0
2024-12-12 19:00:00,133119.0,22.0,False,22.0
2024-12-12 20:00:00,133142.0,23.0,False,23.0
2024-12-12 21:00:00,133165.0,23.0,False,23.0
2024-12-12 22:00:00,133187.0,22.0,False,22.0
2024-12-12 23:00:00,133198.0,11.0,False,11.0
2024-12-13 00:00:00,133204.0,6.0,False,6.0
2024-12-13 01:00:00,133209.0,5.0,False,5.0
2024-12-13 02:00:00,133215.0,6.0,False,6.0
2024-12-13 03:00:00,133220.0,5.0,False,5.0
2024-12-13 04:00:00,133226.0,6.0,False,6.0
2024-12-13 05:00:00,133232.0,6.0,False,6.0
2024-12-13 06:00:00,133237.0,5.0,False,5.0
2024-12-13 07:00:00,133245.0,8.0,False,8.0
2024-12-13 08:00:00,133260.0,15.0,False,15.0
2024-12-13 09:00:00,133279.0,19.0,False,19.0
2024-12-13 10:00:00,133302.0,23.0,False,23.0
2024-12-13 11:00:00,133328.0,26.0,False,26.0
2024-12-13 12:00:00,133352.0,24.0,False,24.0
2024-12-13 13:00:00,133373.0,21.0,False,21.0
2024-12-13 14:00:00,133396.0,23.0,False,23.0
2024-12-13 15:00:00,133421.0,25.0,False,25.0
2024-12-13 16:00:00,133445.0,24.0,False,24.0
2024-12-13 17:00:00,133467.0,22.0,False,22.0
2024-12-13 18:00:00,133489.0,22.0,False,22.0
2024-12-13 19:00:00,133497.0,8.0,False,8.0
2024-12-13 20:00:00,133502.0,5.0,False,5.0
2024-12-13 21:00:00,133506.0,4.0,False,4.0
2024-12-13 22:00:00,133511.0,5.0,False,5.0
2024-12-13 23:00:00,133516.0,5.0,False,5.0
2024-12-14 00:00:00,133522.0,6.0,False,6.0
2024-12-14 01:00:00,133529.0,7.0,False,7.0
2024-12-14 02:00:00,133534.0,5.0,False,5.0
2024-12-14 03:00:00,133538.0,4.0,False,4.0
2024-12-14 04:00:00,133543.0,5.0,False,5.0
2024-12-14 05:00:00,133548.0,5.0,False,5.0
2024-12-14 06:00:00,133552.0,4.0,False,4.0
2024-12-14 07:00:00,133560.0,8.0,False,8.0
2024-12-14 08:00:00,133571.0,11.0,False,11.0
2024-12-14 09:00:00,133601.0,30.0,False,30.0
2024-12-14 10:00:00,133635.0,34.0,False,34.0
2024-12-14 11:00:00,133669.0,34.0,False,34.0
2024-12-14 12:00:00,133697.0,28.0,False,28.0
2024-12-14 13:00:00,133719.0,22.0,False,22.0
2024-12-14 14:00:00,133740.0,21.0,False,21.0
2024-12-14 15:00:00,133775.0,35.0,False,35.0
2024-12-14 16:00:00,133807.0,32.0,False,32.0
2024-12-14 17:00:00,133841.0,34.0,False,34.0
2024-12-14 18:00:00,133874.0,33.0,False,33.0
2024-12-14 19:00:00,133901.0,27.0,False,27.0
2024-12-14 20:00:00,133923.0,22.0,False,22.0
2024-12-14 21:00:00,133945.0,22.0,False,22.0
2024-12-14 22:00:00,133966.0,21.0,False,21.0
2024-12-14 23:00:00,133977.0,11.0,False,11.0
2024-12-15 00:00:00,133983.0,6.0,False,6.0
2024-12-15 01:00:00,133988.0,5.0,False,5.0
2024-12-15 02:00:00,133993.0,5.0,False,5.0
2024-12-15 03:00:00,133999.0,6.0,False,6.0
2024-12-15 04:00:00,134004.0,5.0,False,5.0
2024-12-15 05:00:00,134010.0,6.0,False,6.0
2024-12-15 06:00:00,134015.0,5.0,False,5.0
2024-12-15 07:00:00,134021.0,6.0,False,6.0
2024-12-15 08:00:00,134027.0,6.0,False,6.0
2024-12-15 09:00:00,134039.0,12.0,False,12.0
2024-12-15 10:00:00,134056.0,17.0,False,17.0
2024-12-15 11:00:00,134075.0,19.0,False,19.0
2024-12-15 12:00:00,134092.0,17.0,False,17.0
2024-12-15 13:00:00,134109.0,17.0,False,17.0
2024-12-15 14:00:00,134125.0,16.0,False,16.0
2024-12-15 15:00:00,134143.0,18.0,False,18.0
2024-12-15 16:00:00,134162.0,19.0,False,19.0
2024-12-15 17:00:00,134182.0,20.0,False,20.0
2024-12-15 18:00:00,134203.0,21.0,False,21.0
2024-12-15 19:00:00,134224.0,21.0,False,21.0
2024-12-15 20:00:00,134246.0,22.0,False,22.0
2024-12-15 21:00:00,134266.0,20.0,False,20.0
2024-12-15 22:00:00,134284.0,18.0,False,18.0
2024-12-15 23:00:00,134293.0,9.0,False,9.0
2024-12-16 00:00:00,134299.0,6.0,False,6.0
2024-12-16 01:00:00,134304.0,5.0,False,5.0
2024-12-16 02:00:00,134309.0,5.0,False,5.0
2024-12-16 03:00:00,134315.0,6.0,False,6.0
2024-12-16 04:00:00,134320.0,5.0,False,5.0
2024-12-16 05:00:00,134326.0,6.0,False,6.0
2024-12-16 06:00:00,134331.0,5.0,False,5.0
2024-12-16 07:00:00,134339.0,8.0,False,8.0
2024-12-16 08:00:00,134351.0,12.0,False,12.0
2024-12-16 09:00:00,134368.0,17.0,False,17.0
2024-12-16 10:00:00,134389.0,21.0,False,21.0
2024-12-16 11:00:00,134417.0,28.0,False,28.0
2024-12-16 12:00:00,134446.0,29.0,False,29.0
2024-12-16 13:00:00,134470.0,24.0,False,24.0
2024-12-16 14:00:00,134495.0,25.0,False,25.0
2024-12-16 15:00:00,134524.0,29.0,False,29.0
2024-12-16 16:00:00,134553.0,29.0,False,29.0
2024-12-16 17:00:00,134582.0,29.0,False,29.0
2024-12-16 18:00:00,134610.0,28.0,False,28.0
2024-12-16 19:00:00,134635.0,25.0,False,25.0
2024-12-16 20:00:00,134661.0,26.0,False,26.0
2024-12-16 21:00:00,134684.0,23.0,False,23.0
2024-12-16 22:00:00,134707.0,23.0,False,23.0
2024-12-16 23:00:00,134719.0,12.0,False,12.0
2024-12-17 00:00:00,134726.0,7.0,False,7.0
2024-12-17 01:00:00,134734.0,8.0,False,8.0
2024-12-17 02:00:00,134740.0,6.0,False,6.0
2024-12-17 03:00:00,134746.0,6.0,False,6.0
2024-12-17 04:00:00,134751.0,5.0,False,5.0
2024-12-17 05:00:00,134757.0,6.0,False,6.0
2024-12-17 06:00:00,134763.0,6.0,False,6.0
2024-12-17 07:00:00,134769.0,6.0,False,6.0
2024-12-17 08:00:00,134782.0,13.0,False,13.0
2024-12-17 09:00:00,134801.0,19.0,False,19.0
2024-12-17 10:00:00,134822.0,21.0,False,21.0
2024-12-17 11:00:00,134851.0,29.0,False,29.0
2024-12-17 12:00:00,134881.0,30.0,False,30.0
2024-12-17 13:00:00,134904.0,23.0,False,23.0
2024-12-17 14:00:00,134928.0,24.0,False,24.0
2024-12-17 15:00:00,134954.0,26.0,False,26.0
2024-12-17 16:00:00,134979.0,25.0,False,25.0
2024-12-17 17:00:00,135003.0,24.0,False,24.0
2024-12-17 18:00:00,135027.0,24.0,False,24.0
2024-12-17 19:00:00,135049.0,22.0,False,22.0
2024-12-17 20:00:00,135072.0,23.0,False,23.0
2024-12-17 21:00:00,135098.0,26.0,False,26.0
2024-12-17 22:00:00,135121.0,23.0,False,23.0
2024-12-17 23:00:00,135133.0,12.0,False,12.0
2024-12-18 00:00:00,135140.0,7.0,False,7.0
2024-12-18 01:00:00,135146.0,6.0,False,6.0
2024-12-18 02:00:00,135152.0,6.0,False,6.0
2024-12-18 03:00:00,135158.0,6.0,False,6.0
2024-12-18 04:00:00,135164.0,6.0,False,6.0
2024-12-18 05:00:00,135170.0,6.0,False,6.0
2024-12-18 06:00:00,135176.0,6.0,False,6.0
2024-12-18 07:00:00,135183.0,7.0,False,7.0
2024-12-18 08:00:00,135198.0,15.0,False,15.0
2024-12-18 09:00:00,135213.0,15.0,False,15.0
2024-12-18 10:00:00,135231.0,18.0,False,18.0
2024-12-18 11:00:00,135255.0,24.0,False,24.0
2024-12-18 12:00:00,135280.0,25.0,False,25.0
2024-12-18 13:00:00,135303.0,23.0,False,23.0
2024-12-18 14:00:00,135326.0,23.0,False,23.0
2024-12-18 15:00:00,135350.0,24.0,False,24.0
2024-12-18 16:00:00,135377.0,27.0,False,27.0
2024-12-18 17:00:00,135403.0,26.0,False,26.0
2024-12-18 18:00:00,135428.0,25.0,False,25.0
2024-12-18 19:00:00,135450.0,22.0,False,22.0
2024-12-18 20:00:00,135473.0,23.0,False,23.0
2024-12-18 21:00:00,135497.0,24.0,False,24.0
2024-12-18 22:00:00,135520.0,23.0,False,23.0
2024-12-18 23:00:00,135530.0,10.0,False,10.0
2024-12-19 00:00:00,135536.0,6.0,False,6.0
2024-12-19 01:00:00,135544.0,8.0,False,8.0
2024-12-19 02:00:00,135551.0,7.0,False,7.0
2024-12-19 03:00:00,135556.0,5.0,False,5.0
2024-12-19 04:00:00,135562.0,6.0,False,6.0
2024-12-19 05:00:00,135567.0,5.0,False,5.0
2024-12-19 06:00:00,135573.0,6.0,False,6.0
2024-12-19 07:00:00,135580.0,7.0,False,7.0
2024-12-19 08:00:00,135594.0,14.0,False,14.0
2024-12-19 09:00:00,135613.0,19.0,False,19.0
2024-12-19 10:00:00,135635.0,22.0,False,22.0
2024-12-19 11:00:00,135663.0,28.0,False,28.0
2024-12-19 12:00:00,135689.0,26.0,False,26.0
2024-12-19 13:00:00,135712.0,23.0,False,23.0
2024-12-19 14:00:00,135735.0,23.0,False,23.0
2024-12-19 15:00:00,135760.0,25.0,False,25.0
2024-12-19 16:00:00,135785.0,25.0,False,25.0
2024-12-19 17:00:00,135809.0,24.0,False,24.0
2024-12-19 18:00:00,135832.0,23.0,False,23.0
2024-12-19 19:00:00,135857.0,25.0,False,25.0
2024-12-19 20:00:00,135884.0,27.0,False,27.0
2024-12-19 21:00:00,135907.0,23.0,False,23.0
2024-12-19 22:00:00,135928.0,21.0,False,21.0
2024-12-19 23:00:00,135939.0,11.0,False,11.0
2024-12-20 00:00:00,135945.0,6.0,False,6.0
2024-12-20 01:00:00,135950.0,5.0,False,5.0
2024-12-20 02:00:00,135957.0,7.0,False,7.0
2024-12-20 03:00:00,135962.0,5.0,False,5.0
2024-12-20 04:00:00,135968.0,6.0,False,6.0
2024-12-20 05:00:00,135974.0,6.0,False,6.0
2024-12-20 06:00:00,135979.0,5.0,False,5.0
2024-12-20 07:00:00,135985.0,6.0,False,6.0
2024-12-20 08:00:00,135997.0,12.0,False,12.0
2024-12-20 09:00:00,136017.0,20.0,False,20.0
2024-12-20 10:00:00,136038.0,21.0,False,21.0
2024-12-20 11:00:00,136062.0,24.0,False,24.0
2024-12-20 12:00:00,136085.0,23.0,False,23.0
2024-12-20 13:00:00,136104.0,19.0,False,19.0
2024-12-20 14:00:00,136122.0,18.0,False,18.0
2024-12-20 15:00:00,136144.0,22.0,False,22.0
2024-12-20 16:00:00,136166.0,22.0,False,22.0
2024-12-20 17:00:00,136192.0,26.0,False,26.0
2024-12-20 18:00:00,136209.0,17.0,False,17.0
2024-12-20 19:00:00,136225.0,16.0,False,16.0
2024-12-20 20:00:00,136236.0,11.0,False,11.0
2024-12-20 21:00:00,136245.0,9.0,False,9.0
2024-12-20 22:00:00,136254.0,9.0,False,9.0
2024-12-20 23:00:00,136262.0,8.0,False,8.0
2024-12-21 00:00:00,136271.0,9.0,False,9.0
2024-12-21 01:00:00,136280.0,9.0,False,9.0
2024-12-21 02:00:00,136289.0,9.0,False,9.0
2024-12-21 03:00:00,136298.0,9.0,False,9.0
2024-12-21 04:00:00,136307.0,9.0,False,9.0
2024-12-21 05:00:00,136316.0,9.0,False,9.0
2024-12-21 06:00:00,136324.0,8.0,False,8.0
2024-12-21 07:00:00,136338.0,14.0,False,14.0
2024-12-21 08:00:00,136380.0,42.0,False,42.0
2024-12-21 09:00:00,136429.0,49.0,True,18.86
2024-12-21 10:00:00,136472.0,43.0,False,43.0
2024-12-21 11:00:00,136515.0,43.0,False,43.0
2024-12-21 12:00:00,136556.0,41.0,False,41.0
2024-12-21 13:00:00,136597.0,41.0,False,41.0
2024-12-21 14:00:00,136646.0,49.0,True,21.43
2024-12-21 15:00:00,136688.0,42.0,False,42.0
2024-12-21 16:00:00,136729.0,41.0,False,41.0
2024-12-21 17:00:00,136766.0,37.0,False,37.0
2024-12-21 18:00:00,136799.0,33.0,False,33.0
2024-12-21 19:00:00,136814.0,15.0,False,15.0
2024-12-21 20:00:00,136822.0,8.0,False,8.0
2024-12-21 21:00:00,136829.0,7.0,False,7.0
2024-12-21 22:00:00,136836.0,7.0,False,7.0
2024-12-21 23:00:00,136843.0,7.0,False,7.0
2024-12-22 00:00:00,136850.0,7.0,False,7.0
2024-12-22 01:00:00,136857.0,7.0,False,7.0
2024-12-22 02:00:00,136864.0,7.0,False,7.0
2024-12-22 03:00:00,136871.0,7.0,False,7.0
2024-12-22 04:00:00,136878.0,7.0,False,7.0
2024-12-22 05:00:00,136885.0,7.0,False,7.0
2024-12-22 06:00:00,136892.0,7.0,False,7.0
2024-12-22 07:00:00,136905.0,13.0,False,13.0
2024-12-22 08:00:00,136950.0,45.0,False,45.0
2024-12-22 09:00:00,137013.0,63.0,True,17.0
2024-12-22 10:00:00,137067.0,54.0,True,23.29
2024-12-22 11:00:00,137119.0,52.0,True,27.86
2024-12-22 12:00:00,137169.0,50.0,True,27.29
2024-12-22 13:00:00,137219.0,50.0,True,24.29
2024-12-22 14:00:00,137278.0,59.0,True,21.5
2024-12-22 15:00:00,137333.0,55.0,True,26.57
2024-12-22 16:00:00,137384.0,51.0,True,26.86
2024-12-22 17:00:00,137433.0,49.0,True,26.57
2024-12-22 18:00:00,137481.0,48.0,True,24.43
2024-12-22 19:00:00,137507.0,26.0,False,26.0
2024-12-22 20:00:00,137531.0,24.0,False,24.0
2024-12-22 21:00:00,137554.0,23.0,False,23.0
2024-12-22 22:00:00,137574.0,20.0,False,20.0
2024-12-22 23:00:00,137586.0,12.0,False,12.0
2024-12-23 00:00:00,137591.0,5.0,False,5.0
2024-12-23 01:00:00,137596.0,5.0,False,5.0
2024-12-23 02:00:00,137601.0,5.0,False,5.0
2024-12-23 03:00:00,137607.0,6.0,False,6.0
2024-12-23 04:00:00,137612.0,5.0,False,5.0
2024-12-23 05:00:00,137617.0,5.0,False,5.0
2024-12-23 06:00:00,137622.0,5.0,False,5.0
2024-12-23 07:00:00,137629.0,7.0,False,7.0
2024-12-23 08:00:00,137645.0,16.0,False,16.0
2024-12-23 09:00:00,137664.0,19.0,False,19.0
2024-12-23 10:00:00,137686.0,22.0,False,22.0
2024-12-23 11:00:00,137712.0,26.0,False,26.0
2024-12-23 12:00:00,137737.0,25.0,False,25.0
2024-12-23 13:00:00,137760.0,23.0,False,23.0
2024-12-23 14:00:00,137782.0,22.0,False,22.0
2024-12-23 15:00:00,137806.0,24.0,False,24.0
2024-12-23 16:00:00,137829.0,23.0,False,23.0
2024-12-23 17:00:00,137853.0,24.0,False,24.0
2024-12-23 18:00:00,137877.0,24.0,False,24.0
2024-12-23 19:00:00,137898.0,21.0,False,21.0
2024-12-23 20:00:00,137921.0,23.0,False,23.0
2024-12-23 21:00:00,137944.0,23.0,False,23.0
2024-12-23 22:00:00,137963.0,19.0,False,19.0
2024-12-23 23:00:00,137975.0,12.0,False,12.0
2024-12-24 00:00:00,137981.0,6.0,False,6.0
2024-12-24 01:00:00,137987.0,6.0,False,6.0
2024-12-24 02:00:00,137993.0,6.0,False,6.0
2024-12-24 03:00:00,137999.0,6.0,False,6.0
2024-12-24 04:00:00,138005.0,6.0,False,6.0
2024-12-24 05:00:00,138010.0,5.0,False,5.0
2024-12-24 06:00:00,138017.0,7.0,False,7.0
2024-12-24 07:00:00,138024.0,7.0,False,7.0
2024-12-24 08:00:00,138035.0,11.0,False,11.0
2024-12-24 09:00:00,138052.0,17.0,False,17.0
2024-12-24 10:00:00,138071.0,19.0,False,19.0
2024-12-24 11:00:00,138098.0,27.0,False,27.0
2024-12-24 12:00:00,138124.0,26.0,False,26.0
2024-12-24 13:00:00,138144.0,20.0,False,20.0
2024-12-24 14:00:00,138167.0,23.0,False,23.0
2024-12-24 15:00:00,138192.0,25.0,False,25.0
2024-12-24 16:00:00,138218.0,26.0,False,26.0
2024-12-24 17:00:00,138244.0,26.0,False,26.0
2024-12-24 18:00:00,138268.0,24.0,False,24.0
2024-12-24 19:00:00,138291.0,23.0,False,23.0
2024-12-24 20:00:00,138315.0,24.0,False,24.0
2024-12-24 21:00:00,138338.0,23.0,False,23.0
2024-12-24 22:00:00,138358.0,20.0,False,20.0
2024-12-24 23:00:00,138370.0,12.0,False,12.0
2024-12-25 00:00:00,138378.0,8.0,False,8.0
2024-12-25 01:00:00,138384.0,6.0,False,6.0
2024-12-25 02:00:00,138391.0,7.0,False,7.0
2024-12-25 03:00:00,138399.0,8.0,False,8.0
2024-12-25 04:00:00,138406.0,7.0,False,7.0
2024-12-25 05:00:00,138413.0,7.0,False,7.0
2024-12-25 06:00:00,138420.0,7.0,False,7.0
2024-12-25 07:00:00,138427.0,7.0,False,7.0
2024-12-25 08:00:00,138440.0,13.0,False,13.0
2024-12-25 09:00:00,138461.0,21.0,False,21.0
2024-12-25 10:00:00,138483.0,22.0,False,22.0
2024-12-25 11:00:00,138506.0,23.0,False,23.0
2024-12-25 12:00:00,138527.0,21.0,False,21.0
2024-12-25 13:00:00,138546.0,19.0,False,19.0
2024-12-25 14:00:00,138569.0,23.0,False,23.0
2024-12-25 15:00:00,138595.0,26.0,False,26.0
2024-12-25 16:00:00,138623.0,28.0,False,28.0
2024-12-25 17:00:00,138649.0,26.0,False,26.0
2024-12-25 18:00:00,138675.0,26.0,False,26.0
2024-12-25 19:00:00,138698.0,23.0,False,23.0
2024-12-25 20:00:00,138721.0,23.0,False,23.0
2024-12-25 21:00:00,138743.0,22.0,False,22.0
2024-12-25 22:00:00,138764.0,21.0,False,21.0
2024-12-25 23:00:00,138776.0,12.0,False,12.0
2024-12-26 00:00:00,138781.0,5.0,False,5.0
2024-12-26 01:00:00,138787.0,6.0,False,6.0
2024-12-26 02:00:00,138793.0,6.0,False,6.0
2024-12-26 03:00:00,138798.0,5.0,False,5.0
2024-12-26 04:00:00,138804.0,6.0,False,6.0
2024-12-26 05:00:00,138809.0,5.0,False,5.0
2024-12-26 06:00:00,138815.0,6.0,False,6.0
2024-12-26 07:00:00,138822.0,7.0,False,7.0
2024-12-26 08:00:00,138834.0,12.0,False,12.0
2024-12-26 09:00:00,138849.0,15.0,False,15.0
2024-12-26 10:00:00,138868.0,19.0,False,19.0
2024-12-26 11:00:00,138895.0,27.0,False,27.0
2024-12-26 12:00:00,138921.0,26.0,False,26.0
2024-12-26 13:00:00,138940.0,19.0,False,19.0
2024-12-26 14:00:00,138959.0,19.0,False,19.0
2024-12-26 15:00:00,138982.0,23.0,False,23.0
2024-12-26 16:00:00,139004.0,22.0,False,22.0
2024-12-26 17:00:00,139026.0,22.0,False,22.0
2024-12-26 18:00:00,139049.0,23.0,False,23.0
2024-12-26 19:00:00,139074.0,25.0,False,25.0
2024-12-26 20:00:00,139100.0,26.0,False,26.0
2024-12-26 21:00:00,139124.0,24.0,False,24.0
2024-12-26 22:00:00,139147.0,23.0,False,23.0
2024-12-26 23:00:00,139161.0,14.0,False,14.0
2024-12-27 00:00:00,139166.0,5.0,False,5.0
2024-12-27 01:00:00,139172.0,6.0,False,6.0
2024-12-27 02:00:00,139178.0,6.0,False,6.0
2024-12-27 03:00:00,139185.0,7.0,False,7.0
2024-12-27 04:00:00,139191.0,6.0,False,6.0
2024-12-27 05:00:00,139196.0,5.0,False,5.0
2024-12-27 06:00:00,139202.0,6.0,False,6.0
2024-12-27 07:00:00,139208.0,6.0,False,6.0
2024-12-27 08:00:00,139223.0,15.0,False,15.0
2024-12-27 09:00:00,139240.0,17.0,False,17.0
2024-12-27 10:00:00,139261.0,21.0,False,21.0
2024-12-27 11:00:00,139283.0,22.0,False,22.0
2024-12-27 12:00:00,139307.0,24.0,False,24.0
2024-12-27 13:00:00,139328.0,21.0,False,21.0
2024-12-27 14:00:00,139351.0,23.0,False,23.0
2024-12-27 15:00:00,139375.0,24.0,False,24.0
2024-12-27 16:00:00,139398.0,23.0,False,23.0
2024-12-27 17:00:00,139420.0,22.0,False,22.0
2024-12-27 18:00:00,139441.0,21.0,False,21.0
2024-12-27 19:00:00,139462.0,21.0,False,21.0
2024-12-27 20:00:00,139484.0,22.0,False,22.0
2024-12-27 21:00:00,139506.0,22.0,False,22.0
2024-12-27 22:00:00,139525.0,19.0,False,19.0
2024-12-27 23:00:00,139535.0,10.0,False,10.0
2024-12-28 00:00:00,139541.0,6.0,False,6.0
2024-12-28 01:00:00,139547.0,6.0,False,6.0
2024-12-28 02:00:00,139553.0,6.0,False,6.0
2024-12-28 03:00:00,139558.0,5.0,False,5.0
2024-12-28 04:00:00,139564.0,6.0,False,6.0
2024-12-28 05:00:00,139570.0,6.0,False,6.0
2024-12-28 06:00:00,139576.0,6.0,False,6.0
2024-12-28 07:00:00,139582.0,6.0,False,6.0
2024-12-28 08:00:00,139590.0,8.0,False,8.0
2024-12-28 09:00:00,139598.0,8.0,False,8.0
2024-12-28 10:00:00,139607.0,9.0,False,9.0
2024-12-28 11:00:00,139617.0,10.0,False,10.0
2024-12-28 12:00:00,139628.0,11.0,False,11.0
2024-12-28 13:00:00,139640.0,12.0,False,12.0
2024-12-28 14:00:00,139654.0,14.0,False,14.0
2024-12-28 15:00:00,139671.0,17.0,False,17.0
2024-12-28 16:00:00,139689.0,18.0,False,18.0
2024-12-28 17:00:00,139707.0,18.0,False,18.0
2024-12-28 18:00:00,139726.0,19.0,False,19.0
2024-12-28 19:00:00,139745.0,19.0,False,19.0
2024-12-28 20:00:00,139763.0,18.0,False,18.0
2024-12-28 21:00:00,139781.0,18.0,False,18.0
2024-12-28 22:00:00,139799.0,18.0,False,18.0
2024-12-28 23:00:00,139809.0,10.0,False,10.0
2024-12-29 00:00:00,139815.0,6.0,False,6.0
2024-12-29 01:00:00,139821.0,6.0,False,6.0
2024-12-29 02:00:00,139826.0,5.0,False,5.0
2024-12-29 03:00:00,139832.0,6.0,False,6.0
2024-12-29 04:00:00,139837.0,5.0,False,5.0
2024-12-29 05:00:00,139843.0,6.0,False,6.0
2024-12-29 06:00:00,139848.0,5.0,False,5.0
2024-12-29 07:00:00,139854.0,6.0,False,6.0
2024-12-29 08:00:00,139861.0,7.0,False,7.0
2024-12-29 09:00:00,139870.0,9.0,False,9.0
2024-12-29 10:00:00,139881.0,11.0,False,11.0
2024-12-29 11:00:00,139895.0,14.0,False,14.0
2024-12-29 12:00:00,139910.0,15.0,False,15.0
2024-12-29 13:00:00,139926.0,16.0,False,16.0
2024-12-29 14:00:00,139944.0,18.0,False,18.0
2024-12-29 15:00:00,139965.0,21.0,False,21.0
2024-12-29 16:00:00,139985.0,20.0,False,20.0
2024-12-29 17:00:00,140005.0,20.0,False,20.0
2024-12-29 18:00:00,140025.0,20.0,False,20.0
2024-12-29 19:00:00,140044.0,19.0,False,19.0
2024-12-29 20:00:00,140064.0,20.0,False,20.0
2024-12-29 21:00:00,140084.0,20.0,False,20.0
2024-12-29 22:00:00,140102.0,18.0,False,18.0
2024-12-29 23:00:00,140112.0,10.0,False,10.0
2024-12-30 00:00:00,140117.0,5.0,False,5.0
2024-12-30 01:00:00,140123.0,6.0,False,6.0
2024-12-30 02:00:00,140129.0,6.0,False,6.0
2024-12-30 03:00:00,140136.0,7.0,False,7.0
2024-12-30 04:00:00,140142.0,6.0,False,6.0
2024-12-30 05:00:00,140148.0,6.0,False,6.0
2024-12-30 06:00:00,140153.0,5.0,False,5.0
2024-12-30 07:00:00,140162.0,9.0,False,9.0
2024-12-30 08:00:00,140173.0,11.0,False,11.0
2024-12-30 09:00:00,140190.0,17.0,False,17.0
2024-12-30 10:00:00,140214.0,24.0,False,24.0
2024-12-30 11:00:00,140241.0,27.0,False,27.0
2024-12-30 12:00:00,140266.0,25.0,False,25.0
2024-12-30 13:00:00,140287.0,21.0,False,21.0
2024-12-30 14:00:00,140309.0,22.0,False,22.0
2024-12-30 15:00:00,140333.0,24.0,False,24.0
2024-12-30 16:00:00,140358.0,25.0,False,25.0
2024-12-30 17:00:00,140385.0,27.0,False,27.0
2024-12-30 18:00:00,140411.0,26.0,False,26.0
2024-12-30 19:00:00,140434.0,23.0,False,23.0
2024-12-30 20:00:00,140457.0,23.0,False,23.0
2024-12-30 21:00:00,140479.0,22.0,False,22.0
2024-12-30 22:00:00,140499.0,20.0,False,20.0
2024-12-30 23:00:00,140509.0,10.0,False,10.0
2024-12-31 00:00:00,140515.0,6.0,False,6.0
2024-12-31 01:00:00,140522.0,7.0,False,7.0
2024-12-31 02:00:00,140529.0,7.0,False,7.0
2024-12-31 03:00:00,140535.0,6.0,False,6.0
2024-12-31 04:00:00,140541.0,6.0,False,6.0
2024-12-31 05:00:00,140547.0,6.0,False,6.0
2024-12-31 06:00:00,140552.0,5.0,False,5.0
2024-12-31 07:00:00,140560.0,8.0,False,8.0
2024-12-31 08:00:00,140573.0,13.0,False,13.0
2024-12-31 09:00:00,140590.0,17.0,False,17.0
2024-12-31 10:00:00,140610.0,20.0,False,20.0
2024-12-31 11:00:00,140634.0,24.0,False,24.0
2024-12-31 12:00:00,140659.0,25.0,False,25.0
2024-12-31 13:00:00,140681.0,22.0,False,22.0
2024-12-31 14:00:00,140704.0,23.0,False,23.0
2024-12-31 15:00:00,140728.0,24.0,False,24.0
2024-12-31 16:00:00,140752.0,24.0,False,24.0
2024-12-31 17:00:00,140776.0,24.0,False,24.0
2024-12-31 18:00:00,140799.0,23.0,False,23.0
2024-12-31 19:00:00,140818.0,19.0,False,19.0
2024-12-31 20:00:00,140838.0,20.0,False,20.0
2024-12-31 21:00:00,140856.0,18.0,False,18.0
2024-12-31 22:00:00,140873.0,17.0,False,17.0
2024-12-31 23:00:00,140882.0,9.0,False,9.0
