timestamp,load_kwh
2024/1/1 00:00,35887
2024/1/1 01:00,35918
2024/1/1 02:00,35942
2024/1/1 03:00,35967
2024/1/1 04:00,35990
2024/1/1 05:00,36010
2024/1/1 06:00,36037
2024/1/1 07:00,36064
2024/1/1 08:00,36092
2024/1/1 09:00,36117
2024/1/1 10:00,36142
2024/1/1 11:00,36172
2024/1/1 12:00,36204
2024/1/1 13:00,36236
2024/1/1 14:00,36275
2024/1/1 15:00,36313
2024/1/1 16:00,36350
2024/1/1 17:00,36391
2024/1/1 18:00,36436
2024/1/1 19:00,36483
2024/1/1 20:00,36532
2024/1/1 21:00,36580
2024/1/1 22:00,36631
2024/1/1 23:00,36684
2024/1/2 00:00,36725
2024/1/2 01:00,36753
2024/1/2 02:00,36783
2024/1/2 03:00,36809
2024/1/2 04:00,36834
2024/1/2 05:00,36858
2024/1/2 06:00,36882
2024/1/2 07:00,36908
2024/1/2 08:00,36942
2024/1/2 09:00,36995
2024/1/2 10:00,37077
2024/1/2 11:00,37175
2024/1/2 12:00,37271
2024/1/2 13:00,37348
2024/1/2 14:00,37432
2024/1/2 15:00,37510
2024/1/2 16:00,37587
2024/1/2 17:00,37675
2024/1/2 18:00,37751
2024/1/2 19:00,37819
2024/1/2 20:00,37889
2024/1/2 21:00,37952
2024/1/2 22:00,38008
2024/1/2 23:00,38046
2024/1/3 00:00,38080
2024/1/3 01:00,38106
2024/1/3 02:00,38139
2024/1/3 03:00,38169
2024/1/3 04:00,38194
2024/1/3 05:00,38221
2024/1/3 06:00,38246
2024/1/3 07:00,38271
2024/1/3 08:00,38301
2024/1/3 09:00,38357
2024/1/3 10:00,38438
2024/1/3 11:00,38521
2024/1/3 12:00,38606
2024/1/3 13:00,38675
2024/1/3 14:00,38755
2024/1/3 15:00,38839
2024/1/3 16:00,38931
2024/1/3 17:00,39021
2024/1/3 18:00,39101
2024/1/3 19:00,39167
2024/1/3 20:00,39234
2024/1/3 21:00,39305
2024/1/3 22:00,39370
2024/1/3 23:00,39419
2024/1/4 00:00,39453
2024/1/4 01:00,39485
2024/1/4 02:00,39516
2024/1/4 03:00,39548
2024/1/4 04:00,39575
2024/1/4 05:00,39599
2024/1/4 06:00,39624
2024/1/4 07:00,39648
2024/1/4 08:00,39677
2024/1/4 09:00,39728
2024/1/4 10:00,39796
2024/1/4 11:00,39867
2024/1/4 12:00,39946
2024/1/4 13:00,40009
2024/1/4 14:00,40067
2024/1/4 15:00,40142
2024/1/4 16:00,40215
2024/1/4 17:00,40287
2024/1/4 18:00,40358
2024/1/4 19:00,40414
2024/1/4 20:00,40461
2024/1/4 21:00,40521
2024/1/4 22:00,40573
2024/1/4 23:00,40619
2024/1/5 00:00,40656
2024/1/5 01:00,40690
2024/1/5 02:00,40720
2024/1/5 03:00,40752
2024/1/5 04:00,40786
2024/1/5 05:00,40814
2024/1/5 06:00,40843
2024/1/5 07:00,40872
2024/1/5 08:00,40904
2024/1/5 09:00,40963
2024/1/5 10:00,41037
2024/1/5 11:00,41107
2024/1/5 12:00,41187
2024/1/5 13:00,41260
2024/1/5 14:00,41322
2024/1/5 15:00,41391
2024/1/5 16:00,41469
2024/1/5 17:00,41553
2024/1/5 18:00,41625
2024/1/5 19:00,41686
2024/1/5 20:00,41750
2024/1/5 21:00,41811
2024/1/5 22:00,41872
2024/1/5 23:00,41926
2024/1/6 00:00,41974
2024/1/6 01:00,42006
2024/1/6 02:00,42037
2024/1/6 03:00,42067
2024/1/6 04:00,42102
2024/1/6 05:00,42135
2024/1/6 06:00,42165
2024/1/6 07:00,42195
2024/1/6 08:00,42231
2024/1/6 09:00,42286
2024/1/6 10:00,42352
2024/1/6 11:00,42425
2024/1/6 12:00,42493
2024/1/6 13:00,42549
2024/1/6 14:00,42593
2024/1/6 15:00,42640
2024/1/6 16:00,42689
2024/1/6 17:00,42739
2024/1/6 18:00,42790
2024/1/6 19:00,42835
2024/1/6 20:00,42881
2024/1/6 21:00,42923
2024/1/6 22:00,42971
2024/1/6 23:00,43028
2024/1/7 00:00,43079
2024/1/7 01:00,43122
2024/1/7 02:00,43155
2024/1/7 03:00,43189
2024/1/7 04:00,43220
2024/1/7 05:00,43258
2024/1/7 06:00,43290
2024/1/7 07:00,43319
2024/1/7 08:00,43346
2024/1/7 09:00,43379
2024/1/7 10:00,43415
2024/1/7 11:00,43468
2024/1/7 12:00,43523
2024/1/7 13:00,43577
2024/1/7 14:00,43626
2024/1/7 15:00,43677
2024/1/7 16:00,43727
2024/1/7 17:00,43777
2024/1/7 18:00,43830
2024/1/7 19:00,43876
2024/1/7 20:00,43929
2024/1/7 21:00,43981
2024/1/7 22:00,44031
2024/1/7 23:00,44076
2024/1/8 00:00,44120
2024/1/8 01:00,44154
2024/1/8 02:00,44185
2024/1/8 03:00,44216
2024/1/8 04:00,44246
2024/1/8 05:00,44275
2024/1/8 06:00,44308
2024/1/8 07:00,44340
2024/1/8 08:00,44367
2024/1/8 09:00,44427
2024/1/8 10:00,44503
2024/1/8 11:00,44592
2024/1/8 12:00,44684
2024/1/8 13:00,44761
2024/1/8 14:00,44838
2024/1/8 15:00,44924
2024/1/8 16:00,45016
2024/1/8 17:00,45103
2024/1/8 18:00,45190
2024/1/8 19:00,45254
2024/1/8 20:00,45316
2024/1/8 21:00,45379
2024/1/8 22:00,45441
2024/1/8 23:00,45495
2024/1/9 00:00,45541
2024/1/9 01:00,45574
2024/1/9 02:00,45602
2024/1/9 03:00,45632
2024/1/9 04:00,45657
2024/1/9 05:00,45682
2024/1/9 06:00,45714
2024/1/9 07:00,45743
2024/1/9 08:00,45770
2024/1/9 09:00,45822
2024/1/9 10:00,45886
2024/1/9 11:00,45957
2024/1/9 12:00,46030
2024/1/9 13:00,46084
2024/1/9 14:00,46136
2024/1/9 15:00,46195
2024/1/9 16:00,46254
2024/1/9 17:00,46320
2024/1/9 18:00,46392
2024/1/9 19:00,46449
2024/1/9 20:00,46500
2024/1/9 21:00,46549
2024/1/9 22:00,46601
2024/1/9 23:00,46647
2024/1/10 00:00,46691
2024/1/10 01:00,46729
2024/1/10 02:00,46765
2024/1/10 03:00,46797
2024/1/10 04:00,46827
2024/1/10 05:00,46858
2024/1/10 06:00,46891
2024/1/10 07:00,46926
2024/1/10 08:00,46959
2024/1/10 09:00,47008
2024/1/10 10:00,47088
2024/1/10 11:00,47169
2024/1/10 12:00,47259
2024/1/10 13:00,47331
2024/1/10 14:00,47397
2024/1/10 15:00,47477
2024/1/10 16:00,47567
2024/1/10 17:00,47654
2024/1/10 18:00,47735
2024/1/10 19:00,47808
2024/1/10 20:00,47878
2024/1/10 21:00,47941
2024/1/10 22:00,48006
2024/1/10 23:00,48066
2024/1/11 00:00,48109
2024/1/11 01:00,48145
2024/1/11 02:00,48180
2024/1/11 03:00,48210
2024/1/11 04:00,48237
2024/1/11 05:00,48266
2024/1/11 06:00,48293
2024/1/11 07:00,48325
2024/1/11 08:00,48357
2024/1/11 09:00,48411
2024/1/11 10:00,48475
2024/1/11 11:00,48551
2024/1/11 12:00,48628
2024/1/11 13:00,48694
2024/1/11 14:00,48755
2024/1/11 15:00,48823
2024/1/11 16:00,48895
2024/1/11 17:00,48970
2024/1/11 18:00,49039
2024/1/11 19:00,49097
2024/1/11 20:00,49151
2024/1/11 21:00,49209
2024/1/11 22:00,49265
2024/1/11 23:00,49307
2024/1/12 00:00,49343
2024/1/12 01:00,49378
2024/1/12 02:00,49408
2024/1/12 03:00,49437
2024/1/12 04:00,49464
2024/1/12 05:00,49490
2024/1/12 06:00,49519
2024/1/12 07:00,49551
2024/1/12 08:00,49584
2024/1/12 09:00,49634
2024/1/12 10:00,49709
2024/1/12 11:00,49786
2024/1/12 12:00,49864
2024/1/12 13:00,49937
2024/1/12 14:00,50003
2024/1/12 15:00,50074
2024/1/12 16:00,50156
2024/1/12 17:00,50239
2024/1/12 18:00,50309
2024/1/12 19:00,50368
2024/1/12 20:00,50430
2024/1/12 21:00,50484
2024/1/12 22:00,50533
2024/1/12 23:00,50575
2024/1/13 00:00,50613
2024/1/13 01:00,50646
2024/1/13 02:00,50678
2024/1/13 03:00,50709
2024/1/13 04:00,50737
2024/1/13 05:00,50763
2024/1/13 06:00,50792
2024/1/13 07:00,50820
2024/1/13 08:00,50851
2024/1/13 09:00,50894
2024/1/13 10:00,50939
2024/1/13 11:00,50989
2024/1/13 12:00,51030
2024/1/13 13:00,51079
2024/1/13 14:00,51121
2024/1/13 15:00,51162
2024/1/13 16:00,51205
2024/1/13 17:00,51242
2024/1/13 18:00,51284
2024/1/13 19:00,51327
2024/1/13 20:00,51376
2024/1/13 21:00,51428
2024/1/13 22:00,51471
2024/1/13 23:00,51515
2024/1/14 00:00,51556
2024/1/14 01:00,51593
2024/1/14 02:00,51629
2024/1/14 03:00,51657
2024/1/14 04:00,51683
2024/1/14 05:00,51708
2024/1/14 06:00,51731
2024/1/14 07:00,51755
2024/1/14 08:00,51782
2024/1/14 09:00,51813
2024/1/14 10:00,51849
2024/1/14 11:00,51891
2024/1/14 12:00,51934
2024/1/14 13:00,51974
2024/1/14 14:00,52016
2024/1/14 15:00,52064
2024/1/14 16:00,52108
2024/1/14 17:00,52158
2024/1/14 18:00,52204
2024/1/14 19:00,52248
2024/1/14 20:00,52293
2024/1/14 21:00,52342
2024/1/14 22:00,52388
2024/1/14 23:00,52425
2024/1/15 00:00,52460
2024/1/15 01:00,52495
2024/1/15 02:00,52525
2024/1/15 03:00,52562
2024/1/15 04:00,52595
2024/1/15 05:00,52622
2024/1/15 06:00,52650
2024/1/15 07:00,52679
2024/1/15 08:00,52711
2024/1/15 09:00,52765
2024/1/15 10:00,52834
2024/1/15 11:00,52913
2024/1/15 12:00,52999
2024/1/15 13:00,53088
2024/1/15 14:00,53179
2024/1/15 15:00,53291
2024/1/15 16:00,53403
2024/1/15 17:00,53514
2024/1/15 18:00,53611
2024/1/15 19:00,53688
2024/1/15 20:00,53752
2024/1/15 21:00,53820
2024/1/15 22:00,53883
2024/1/15 23:00,53942
2024/1/16 00:00,53978
2024/1/16 01:00,54007
2024/1/16 02:00,54035
2024/1/16 03:00,54067
2024/1/16 04:00,54097
2024/1/16 05:00,54128
2024/1/16 06:00,54156
2024/1/16 07:00,54187
2024/1/16 08:00,54214
2024/1/16 09:00,54267
2024/1/16 10:00,54339
2024/1/16 11:00,54421
2024/1/16 12:00,54511
2024/1/16 13:00,54596
2024/1/16 14:00,54688
2024/1/16 15:00,54778
2024/1/16 16:00,54869
2024/1/16 17:00,54962
2024/1/16 18:00,55049
2024/1/16 19:00,55132
2024/1/16 20:00,55200
2024/1/16 21:00,55275
2024/1/16 22:00,55346
2024/1/16 23:00,55405
2024/1/17 00:00,55440
2024/1/17 01:00,55471
2024/1/17 02:00,55498
2024/1/17 03:00,55527
2024/1/17 04:00,55556
2024/1/17 05:00,55585
2024/1/17 06:00,55608
2024/1/17 07:00,55636
2024/1/17 08:00,55662
2024/1/17 09:00,55715
2024/1/17 10:00,55789
2024/1/17 11:00,55872
2024/1/17 12:00,55967
2024/1/17 13:00,56042
2024/1/17 14:00,56117
2024/1/17 15:00,56203
2024/1/17 16:00,56302
2024/1/17 17:00,56404
2024/1/17 18:00,56490
2024/1/17 19:00,56565
2024/1/17 20:00,56632
2024/1/17 21:00,56691
2024/1/17 22:00,56757
2024/1/17 23:00,56820
2024/1/18 00:00,56864
2024/1/18 01:00,56895
2024/1/18 02:00,56923
2024/1/18 03:00,56954
2024/1/18 04:00,56983
2024/1/18 05:00,57016
2024/1/18 06:00,57046
2024/1/18 07:00,57074
2024/1/18 08:00,57104
2024/1/18 09:00,57158
2024/1/18 10:00,57244
2024/1/18 11:00,57338
2024/1/18 12:00,57429
2024/1/18 13:00,57516
2024/1/18 14:00,57605
2024/1/18 15:00,57699
2024/1/18 16:00,57805
2024/1/18 17:00,57908
2024/1/18 18:00,58012
2024/1/18 19:00,58097
2024/1/18 20:00,58172
2024/1/18 21:00,58241
2024/1/18 22:00,58301
2024/1/18 23:00,58352
2024/1/19 00:00,58401
2024/1/19 01:00,58440
2024/1/19 02:00,58474
2024/1/19 03:00,58503
2024/1/19 04:00,58534
2024/1/19 05:00,58563
2024/1/19 06:00,58594
2024/1/19 07:00,58628
2024/1/19 08:00,58662
2024/1/19 09:00,58719
2024/1/19 10:00,58800
2024/1/19 11:00,58893
2024/1/19 12:00,58979
2024/1/19 13:00,59066
2024/1/19 14:00,59156
2024/1/19 15:00,59242
2024/1/19 16:00,59340
2024/1/19 17:00,59437
2024/1/19 18:00,59527
2024/1/19 19:00,59617
2024/1/19 20:00,59684
2024/1/19 21:00,59751
2024/1/19 22:00,59804
2024/1/19 23:00,59855
2024/1/20 00:00,59897
2024/1/20 01:00,59939
2024/1/20 02:00,59986
2024/1/20 03:00,60028
2024/1/20 04:00,60071
2024/1/20 05:00,60109
2024/1/20 06:00,60151
2024/1/20 07:00,60191
2024/1/20 08:00,60233
2024/1/20 09:00,60256
2024/1/20 10:00,60256
2024/1/20 11:00,60256
2024/1/20 12:00,60256
2024/1/20 13:00,60256
2024/1/20 14:00,60256
2024/1/20 15:00,60256
2024/1/20 16:00,60256
2024/1/20 17:00,60256
2024/1/20 18:00,60256
2024/1/20 19:00,60256
2024/1/20 20:00,60256
2024/1/20 21:00,60256
2024/1/20 22:00,60256
2024/1/20 23:00,60256
2024/1/21 00:00,60256
2024/1/21 01:00,60256
2024/1/21 02:00,60256
2024/1/21 03:00,60256
2024/1/21 04:00,60256
2024/1/21 05:00,60256
2024/1/21 06:00,60256
2024/1/21 07:00,60256
2024/1/21 08:00,60256
2024/1/21 09:00,60256
2024/1/21 10:00,60256
2024/1/21 11:00,60256
2024/1/21 12:00,60256
2024/1/21 13:00,60256
2024/1/21 14:00,60256
2024/1/21 15:00,60256
2024/1/21 16:00,60256
2024/1/21 17:00,60256
2024/1/21 18:00,60256
2024/1/21 19:00,60256
2024/1/21 20:00,60256
2024/1/21 21:00,60256
2024/1/21 22:00,60256
2024/1/21 23:00,60256
2024/1/22 00:00,60256
2024/1/22 01:00,60256
2024/1/22 02:00,60256
2024/1/22 03:00,60256
2024/1/22 04:00,60256
2024/1/22 05:00,60256
2024/1/22 06:00,60256
2024/1/22 07:00,60256
2024/1/22 08:00,60256
2024/1/22 09:00,60256
2024/1/22 10:00,60256
2024/1/22 11:00,60256
2024/1/22 12:00,60256
2024/1/22 13:00,60256
2024/1/22 14:00,60256
2024/1/22 15:00,60256
2024/1/22 16:00,60256
2024/1/22 17:00,60256
2024/1/22 18:00,
2024/1/22 19:00,63565
2024/1/22 20:00,63641
2024/1/22 21:00,63718
2024/1/22 22:00,63790
2024/1/22 23:00,63860
2024/1/23 00:00,63925
2024/1/23 01:00,63963
2024/1/23 02:00,63992
2024/1/23 03:00,64018
2024/1/23 04:00,64040
2024/1/23 05:00,64065
2024/1/23 06:00,64093
2024/1/23 07:00,64118
2024/1/23 08:00,64142
2024/1/23 09:00,64194
2024/1/23 10:00,64271
2024/1/23 11:00,64368
2024/1/23 12:00,64467
2024/1/23 13:00,64550
2024/1/23 14:00,64622
2024/1/23 15:00,64703
2024/1/23 16:00,64791
2024/1/23 17:00,64885
2024/1/23 18:00,64989
2024/1/23 19:00,65079
2024/1/23 20:00,65156
2024/1/23 21:00,65232
2024/1/23 22:00,65300
2024/1/23 23:00,65357
2024/1/24 00:00,65406
2024/1/24 01:00,65450
2024/1/24 02:00,65487
2024/1/24 03:00,65517
2024/1/24 04:00,65549
2024/1/24 05:00,65580
2024/1/24 06:00,65612
2024/1/24 07:00,65652
2024/1/24 08:00,65683
2024/1/24 09:00,65739
2024/1/24 10:00,65820
2024/1/24 11:00,65899
2024/1/24 12:00,65983
2024/1/24 13:00,66062
2024/1/24 14:00,66137
2024/1/24 15:00,66217
2024/1/24 16:00,66311
2024/1/24 17:00,66401
2024/1/24 18:00,66495
2024/1/24 19:00,66578
2024/1/24 20:00,66654
2024/1/24 21:00,66728
2024/1/24 22:00,66795
2024/1/24 23:00,66854
2024/1/25 00:00,66909
2024/1/25 01:00,66958
2024/1/25 02:00,67003
2024/1/25 03:00,67047
2024/1/25 04:00,67092
2024/1/25 05:00,67133
2024/1/25 06:00,67174
2024/1/25 07:00,67215
2024/1/25 08:00,67258
2024/1/25 09:00,67334
2024/1/25 10:00,67438
2024/1/25 11:00,67549
2024/1/25 12:00,67656
2024/1/25 13:00,67749
2024/1/25 14:00,67839
2024/1/25 15:00,67932
2024/1/25 16:00,68030
2024/1/25 17:00,68127
2024/1/25 18:00,68229
2024/1/25 19:00,68320
2024/1/25 20:00,68389
2024/1/25 21:00,68458
2024/1/25 22:00,68512
2024/1/25 23:00,68560
2024/1/26 00:00,68597
2024/1/26 01:00,68630
2024/1/26 02:00,68663
2024/1/26 03:00,68701
2024/1/26 04:00,68733
2024/1/26 05:00,68763
2024/1/26 06:00,68790
2024/1/26 07:00,68819
2024/1/26 08:00,68851
2024/1/26 09:00,68908
2024/1/26 10:00,68984
2024/1/26 11:00,69065
2024/1/26 12:00,69131
2024/1/26 13:00,69183
2024/1/26 14:00,69241
2024/1/26 15:00,69306
2024/1/26 16:00,69389
2024/1/26 17:00,69466
2024/1/26 18:00,69534
2024/1/26 19:00,69601
2024/1/26 20:00,69654
2024/1/26 21:00,69712
2024/1/26 22:00,69767
2024/1/26 23:00,69813
2024/1/27 00:00,69850
2024/1/27 01:00,69882
2024/1/27 02:00,69915
2024/1/27 03:00,69950
2024/1/27 04:00,69986
2024/1/27 05:00,70018
2024/1/27 06:00,70052
2024/1/27 07:00,70085
2024/1/27 08:00,70116
2024/1/27 09:00,70164
2024/1/27 10:00,70225
2024/1/27 11:00,70304
2024/1/27 12:00,70373
2024/1/27 13:00,70425
2024/1/27 14:00,70484
2024/1/27 15:00,70543
2024/1/27 16:00,70607
2024/1/27 17:00,70675
2024/1/27 18:00,70741
2024/1/27 19:00,70808
2024/1/27 20:00,70859
2024/1/27 21:00,70909
2024/1/27 22:00,70962
2024/1/27 23:00,71018
2024/1/28 00:00,71068
2024/1/28 01:00,71117
2024/1/28 02:00,71152
2024/1/28 03:00,71186
2024/1/28 04:00,71222
2024/1/28 05:00,71255
2024/1/28 06:00,71285
2024/1/28 07:00,71313
2024/1/28 08:00,71343
2024/1/28 09:00,71380
2024/1/28 10:00,71431
2024/1/28 11:00,71483
2024/1/28 12:00,71531
2024/1/28 13:00,71573
2024/1/28 14:00,71617
2024/1/28 15:00,71665
2024/1/28 16:00,71723
2024/1/28 17:00,71783
2024/1/28 18:00,71839
2024/1/28 19:00,71894
2024/1/28 20:00,71950
2024/1/28 21:00,72007
2024/1/28 22:00,72055
2024/1/28 23:00,72100
2024/1/29 00:00,72138
2024/1/29 01:00,72178
2024/1/29 02:00,72211
2024/1/29 03:00,72239
2024/1/29 04:00,72270
2024/1/29 05:00,72302
2024/1/29 06:00,72333
2024/1/29 07:00,72362
2024/1/29 08:00,72394
2024/1/29 09:00,72443
2024/1/29 10:00,72512
2024/1/29 11:00,72598
2024/1/29 12:00,72691
2024/1/29 13:00,72760
2024/1/29 14:00,72825
2024/1/29 15:00,72896
2024/1/29 16:00,72976
2024/1/29 17:00,73060
2024/1/29 18:00,73140
2024/1/29 19:00,73200
2024/1/29 20:00,73259
2024/1/29 21:00,73309
2024/1/29 22:00,73366
2024/1/29 23:00,73423
2024/1/30 00:00,73472
2024/1/30 01:00,73506
2024/1/30 02:00,73539
2024/1/30 03:00,73570
2024/1/30 04:00,73601
2024/1/30 05:00,73638
2024/1/30 06:00,73675
2024/1/30 07:00,73710
2024/1/30 08:00,73739
2024/1/30 09:00,73788
2024/1/30 10:00,73864
2024/1/30 11:00,73940
2024/1/30 12:00,74008
2024/1/30 13:00,74061
2024/1/30 14:00,74113
2024/1/30 15:00,74180
2024/1/30 16:00,74258
2024/1/30 17:00,74338
2024/1/30 18:00,74412
2024/1/30 19:00,74464
2024/1/30 20:00,74513
2024/1/30 21:00,74563
2024/1/30 22:00,74608
2024/1/30 23:00,74651
2024/1/31 00:00,74698
2024/1/31 01:00,74727
2024/1/31 02:00,74756
2024/1/31 03:00,74783
2024/1/31 04:00,74811
2024/1/31 05:00,74837
2024/1/31 06:00,74867
2024/1/31 07:00,74897
2024/1/31 08:00,74924
2024/1/31 09:00,74967
2024/1/31 10:00,75041
2024/1/31 11:00,75124
2024/1/31 12:00,75200
2024/1/31 13:00,75263
2024/1/31 14:00,75320
2024/1/31 15:00,75399
2024/1/31 16:00,75483
2024/1/31 17:00,75567
2024/1/31 18:00,75650
2024/1/31 19:00,75728
2024/1/31 20:00,75787
2024/1/31 21:00,75834
2024/1/31 22:00,75880
2024/1/31 23:00,75920
2024/2/1 00:00,75962
2024/2/1 01:00,76001
2024/2/1 02:00,76031
2024/2/1 03:00,76059
2024/2/1 04:00,76083
2024/2/1 05:00,76109
2024/2/1 06:00,76136
2024/2/1 07:00,76170
2024/2/1 08:00,76201
2024/2/1 09:00,76250
2024/2/1 10:00,76306
2024/2/1 11:00,76376
2024/2/1 12:00,76452
2024/2/1 13:00,76539
2024/2/1 14:00,76623
2024/2/1 15:00,76708
2024/2/1 16:00,76795
2024/2/1 17:00,76886
2024/2/1 18:00,76961
2024/2/1 19:00,77029
2024/2/1 20:00,77095
2024/2/1 21:00,77150
2024/2/1 22:00,77192
2024/2/1 23:00,77233
2024/2/2 00:00,77268
2024/2/2 01:00,77300
2024/2/2 02:00,77329
2024/2/2 03:00,77354
2024/2/2 04:00,77381
2024/2/2 05:00,77408
2024/2/2 06:00,77435
2024/2/2 07:00,77467
2024/2/2 08:00,77497
2024/2/2 09:00,77530
2024/2/2 10:00,77582
2024/2/2 11:00,77647
2024/2/2 12:00,77725
2024/2/2 13:00,77793
2024/2/2 14:00,77865
2024/2/2 15:00,77931
2024/2/2 16:00,77997
2024/2/2 17:00,78069
2024/2/2 18:00,78137
2024/2/2 19:00,78200
2024/2/2 20:00,78257
2024/2/2 21:00,78305
2024/2/2 22:00,78354
2024/2/2 23:00,78401
2024/2/3 00:00,78440
2024/2/3 01:00,78463
2024/2/3 02:00,78493
2024/2/3 03:00,78522
2024/2/3 04:00,78544
2024/2/3 05:00,78568
2024/2/3 06:00,78591
2024/2/3 07:00,78614
2024/2/3 08:00,78640
2024/2/3 09:00,78682
2024/2/3 10:00,78738
2024/2/3 11:00,78794
2024/2/3 12:00,78856
2024/2/3 13:00,78917
2024/2/3 14:00,78983
2024/2/3 15:00,79058
2024/2/3 16:00,79136
2024/2/3 17:00,79218
2024/2/3 18:00,79291
2024/2/3 19:00,79357
2024/2/3 20:00,79406
2024/2/3 21:00,79458
2024/2/3 22:00,79505
2024/2/3 23:00,79550
2024/2/4 00:00,79592
2024/2/4 01:00,79627
2024/2/4 02:00,79664
2024/2/4 03:00,79707
2024/2/4 04:00,79734
2024/2/4 05:00,79758
2024/2/4 06:00,79782
2024/2/4 07:00,79805
2024/2/4 08:00,79831
2024/2/4 09:00,79876
2024/2/4 10:00,79932
2024/2/4 11:00,79980
2024/2/4 12:00,80028
2024/2/4 13:00,80071
2024/2/4 14:00,80121
2024/2/4 15:00,80171
2024/2/4 16:00,80221
2024/2/4 17:00,80273
2024/2/4 18:00,80321
2024/2/4 19:00,80362
2024/2/4 20:00,80396
2024/2/4 21:00,80432
2024/2/4 22:00,80467
2024/2/4 23:00,80504
2024/2/5 00:00,80536
2024/2/5 01:00,80564
2024/2/5 02:00,80589
2024/2/5 03:00,80610
2024/2/5 04:00,80631
2024/2/5 05:00,80652
2024/2/5 06:00,80671
2024/2/5 07:00,80692
2024/2/5 08:00,80714
2024/2/5 09:00,80751
2024/2/5 10:00,80795
2024/2/5 11:00,80846
2024/2/5 12:00,80898
2024/2/5 13:00,80944
2024/2/5 14:00,80986
2024/2/5 15:00,81033
2024/2/5 16:00,81087
2024/2/5 17:00,81140
2024/2/5 18:00,81173
2024/2/5 19:00,81204
2024/2/5 20:00,81248
2024/2/5 21:00,81290
2024/2/5 22:00,81336
2024/2/5 23:00,81371
2024/2/6 00:00,81396
2024/2/6 01:00,81420
2024/2/6 02:00,81442
2024/2/6 03:00,81463
2024/2/6 04:00,81487
2024/2/6 05:00,81509
2024/2/6 06:00,81532
2024/2/6 07:00,81549
2024/2/6 08:00,81569
2024/2/6 09:00,81591
2024/2/6 10:00,81625
2024/2/6 11:00,81660
2024/2/6 12:00,81690
2024/2/6 13:00,81711
2024/2/6 14:00,81733
2024/2/6 15:00,81760
2024/2/6 16:00,81796
2024/2/6 17:00,81832
2024/2/6 18:00,81863
2024/2/6 19:00,81892
2024/2/6 20:00,81913
2024/2/6 21:00,81937
2024/2/6 22:00,81956
2024/2/6 23:00,81972
2024/2/7 00:00,81986
2024/2/7 01:00,81999
2024/2/7 02:00,82014
2024/2/7 03:00,82027
2024/2/7 04:00,82041
2024/2/7 05:00,82052
2024/2/7 06:00,82067
2024/2/7 07:00,82080
2024/2/7 08:00,82095
2024/2/7 09:00,82111
2024/2/7 10:00,82140
2024/2/7 11:00,82176
2024/2/7 12:00,82210
2024/2/7 13:00,82239
2024/2/7 14:00,82260
2024/2/7 15:00,82280
2024/2/7 16:00,82298
2024/2/7 17:00,82318
2024/2/7 18:00,82346
2024/2/7 19:00,82372
2024/2/7 20:00,82400
2024/2/7 21:00,82420
2024/2/7 22:00,82434
2024/2/7 23:00,82448
2024/2/8 00:00,82458
2024/2/8 01:00,82471
2024/2/8 02:00,82481
2024/2/8 03:00,82494
2024/2/8 04:00,82504
2024/2/8 05:00,82514
2024/2/8 06:00,82527
2024/2/8 07:00,82537
2024/2/8 08:00,82551
2024/2/8 09:00,82564
2024/2/8 10:00,82581
2024/2/8 11:00,82600
2024/2/8 12:00,82619
2024/2/8 13:00,82634
2024/2/8 14:00,82651
2024/2/8 15:00,82666
2024/2/8 16:00,82682
2024/2/8 17:00,82699
2024/2/8 18:00,82714
2024/2/8 19:00,82732
2024/2/8 20:00,82743
2024/2/8 21:00,82758
2024/2/8 22:00,82773
2024/2/8 23:00,82789
2024/2/9 00:00,82801
2024/2/9 01:00,82815
2024/2/9 02:00,82827
2024/2/9 03:00,82840
2024/2/9 04:00,82854
2024/2/9 05:00,82865
2024/2/9 06:00,82878
2024/2/9 07:00,82889
2024/2/9 08:00,82903
2024/2/9 09:00,82920
2024/2/9 10:00,82934
2024/2/9 11:00,82948
2024/2/9 12:00,82962
2024/2/9 13:00,82974
2024/2/9 14:00,82988
2024/2/9 15:00,82998
2024/2/9 16:00,83009
2024/2/9 17:00,83021
2024/2/9 18:00,83031
2024/2/9 19:00,83040
2024/2/9 20:00,83048
2024/2/9 21:00,83060
2024/2/9 22:00,83071
2024/2/9 23:00,83080
2024/2/10 00:00,83089
2024/2/10 01:00,83101
2024/2/10 02:00,83111
2024/2/10 03:00,83123
2024/2/10 04:00,83133
2024/2/10 05:00,83144
2024/2/10 06:00,83154
2024/2/10 07:00,83166
2024/2/10 08:00,83179
2024/2/10 09:00,83190
2024/2/10 10:00,83203
2024/2/10 11:00,83212
2024/2/10 12:00,83223
2024/2/10 13:00,83231
2024/2/10 14:00,83243
2024/2/10 15:00,83252
2024/2/10 16:00,83261
2024/2/10 17:00,83270
2024/2/10 18:00,83279
2024/2/10 19:00,83289
2024/2/10 20:00,83298
2024/2/10 21:00,83308
2024/2/10 22:00,83317
2024/2/10 23:00,83327
2024/2/11 00:00,83339
2024/2/11 01:00,83350
2024/2/11 02:00,83362
2024/2/11 03:00,83374
2024/2/11 04:00,83387
2024/2/11 05:00,83398
2024/2/11 06:00,83410
2024/2/11 07:00,83420
2024/2/11 08:00,83434
2024/2/11 09:00,83445
2024/2/11 10:00,83457
2024/2/11 11:00,83470
2024/2/11 12:00,83483
2024/2/11 13:00,83494
2024/2/11 14:00,83505
2024/2/11 15:00,83520
2024/2/11 16:00,83531
2024/2/11 17:00,83545
2024/2/11 18:00,83555
2024/2/11 19:00,83567
2024/2/11 20:00,83579
2024/2/11 21:00,83591
2024/2/11 22:00,83601
2024/2/11 23:00,83614
2024/2/12 00:00,83625
2024/2/12 01:00,83637
2024/2/12 02:00,83653
2024/2/12 03:00,83667
2024/2/12 04:00,83680
2024/2/12 05:00,83693
2024/2/12 06:00,83709
2024/2/12 07:00,83722
2024/2/12 08:00,83737
2024/2/12 09:00,83751
2024/2/12 10:00,83764
2024/2/12 11:00,83778
2024/2/12 12:00,83792
2024/2/12 13:00,83806
2024/2/12 14:00,83819
2024/2/12 15:00,83835
2024/2/12 16:00,83851
2024/2/12 17:00,83866
2024/2/12 18:00,83880
2024/2/12 19:00,83893
2024/2/12 20:00,83905
2024/2/12 21:00,83917
2024/2/12 22:00,83931
2024/2/12 23:00,83943
2024/2/13 00:00,83957
2024/2/13 01:00,83969
2024/2/13 02:00,83981
2024/2/13 03:00,83993
2024/2/13 04:00,84005
2024/2/13 05:00,84017
2024/2/13 06:00,84030
2024/2/13 07:00,84039
2024/2/13 08:00,84051
2024/2/13 09:00,84062
2024/2/13 10:00,84075
2024/2/13 11:00,84085
2024/2/13 12:00,84096
2024/2/13 13:00,84112
2024/2/13 14:00,84125
2024/2/13 15:00,84138
2024/2/13 16:00,84148
2024/2/13 17:00,84160
2024/2/13 18:00,84173
2024/2/13 19:00,84182
2024/2/13 20:00,84194
2024/2/13 21:00,84203
2024/2/13 22:00,84216
2024/2/13 23:00,84226
2024/2/14 00:00,84236
2024/2/14 01:00,84248
2024/2/14 02:00,84259
2024/2/14 03:00,84271
2024/2/14 04:00,84281
2024/2/14 05:00,84293
2024/2/14 06:00,84304
2024/2/14 07:00,84315
2024/2/14 08:00,84327
2024/2/14 09:00,84338
2024/2/14 10:00,84350
2024/2/14 11:00,84363
2024/2/14 12:00,84377
2024/2/14 13:00,84389
2024/2/14 14:00,84403
2024/2/14 15:00,84416
2024/2/14 16:00,84432
2024/2/14 17:00,84446
2024/2/14 18:00,84462
2024/2/14 19:00,84474
2024/2/14 20:00,84487
2024/2/14 21:00,84499
2024/2/14 22:00,84510
2024/2/14 23:00,84521
2024/2/15 00:00,84535
2024/2/15 01:00,84547
2024/2/15 02:00,84560
2024/2/15 03:00,84570
2024/2/15 04:00,84582
2024/2/15 05:00,84594
2024/2/15 06:00,84605
2024/2/15 07:00,84616
2024/2/15 08:00,84628
2024/2/15 09:00,84640
2024/2/15 10:00,84651
2024/2/15 11:00,84663
2024/2/15 12:00,84675
2024/2/15 13:00,84685
2024/2/15 14:00,84700
2024/2/15 15:00,84714
2024/2/15 16:00,84728
2024/2/15 17:00,84744
2024/2/15 18:00,84762
2024/2/15 19:00,84774
2024/2/15 20:00,84787
2024/2/15 21:00,84802
2024/2/15 22:00,84812
2024/2/15 23:00,84826
2024/2/16 00:00,84839
2024/2/16 01:00,84849
2024/2/16 02:00,84862
2024/2/16 03:00,84873
2024/2/16 04:00,84885
2024/2/16 05:00,84896
2024/2/16 06:00,84907
2024/2/16 07:00,84921
2024/2/16 08:00,84932
2024/2/16 09:00,84944
2024/2/16 10:00,84955
2024/2/16 11:00,84967
2024/2/16 12:00,84981
2024/2/16 13:00,84993
2024/2/16 14:00,85008
2024/2/16 15:00,85021
2024/2/16 16:00,85034
2024/2/16 17:00,85047
2024/2/16 18:00,85058
2024/2/16 19:00,85071
2024/2/16 20:00,85085
2024/2/16 21:00,85100
2024/2/16 22:00,85112
2024/2/16 23:00,85124
2024/2/17 00:00,85135
2024/2/17 01:00,85151
2024/2/17 02:00,85164
2024/2/17 03:00,85178
2024/2/17 04:00,85191
2024/2/17 05:00,85204
2024/2/17 06:00,85219
2024/2/17 07:00,85232
2024/2/17 08:00,85247
2024/2/17 09:00,85260
2024/2/17 10:00,85279
2024/2/17 11:00,85297
2024/2/17 12:00,85322
2024/2/17 13:00,85344
2024/2/17 14:00,85367
2024/2/17 15:00,85392
2024/2/17 16:00,85424
2024/2/17 17:00,85454
2024/2/17 18:00,85483
2024/2/17 19:00,85506
2024/2/17 20:00,85531
2024/2/17 21:00,85557
2024/2/17 22:00,85586
2024/2/17 23:00,85615
2024/2/18 00:00,85636
2024/2/18 01:00,85657
2024/2/18 02:00,85676
2024/2/18 03:00,85699
2024/2/18 04:00,85723
2024/2/18 05:00,85744
2024/2/18 06:00,85770
2024/2/18 07:00,85792
2024/2/18 08:00,85819
2024/2/18 09:00,85837
2024/2/18 10:00,85866
2024/2/18 11:00,85896
2024/2/18 12:00,85921
2024/2/18 13:00,85950
2024/2/18 14:00,85978
2024/2/18 15:00,86011
2024/2/18 16:00,86052
2024/2/18 17:00,86097
2024/2/18 18:00,86143
2024/2/18 19:00,86183
2024/2/18 20:00,86220
2024/2/18 21:00,86258
2024/2/18 22:00,86295
2024/2/18 23:00,86327
2024/2/19 00:00,86353
2024/2/19 01:00,86373
2024/2/19 02:00,86393
2024/2/19 03:00,86411
2024/2/19 04:00,86431
2024/2/19 05:00,86450
2024/2/19 06:00,86472
2024/2/19 07:00,86493
2024/2/19 08:00,86513
2024/2/19 09:00,86545
2024/2/19 10:00,86583
2024/2/19 11:00,86630
2024/2/19 12:00,86681
2024/2/19 13:00,86724
2024/2/19 14:00,86759
2024/2/19 15:00,86794
2024/2/19 16:00,86833
2024/2/19 17:00,86876
2024/2/19 18:00,86922
2024/2/19 19:00,86956
2024/2/19 20:00,86987
2024/2/19 21:00,87024
2024/2/19 22:00,87057
2024/2/19 23:00,87086
2024/2/20 00:00,87116
2024/2/20 01:00,87148
2024/2/20 02:00,87178
2024/2/20 03:00,87206
2024/2/20 04:00,87230
2024/2/20 05:00,87255
2024/2/20 06:00,87283
2024/2/20 07:00,87312
2024/2/20 08:00,87340
2024/2/20 09:00,87382
2024/2/20 10:00,87440
2024/2/20 11:00,87494
2024/2/20 12:00,87545
2024/2/20 13:00,87587
2024/2/20 14:00,87636
2024/2/20 15:00,87693
2024/2/20 16:00,87752
2024/2/20 17:00,87808
2024/2/20 18:00,87862
2024/2/20 19:00,87904
2024/2/20 20:00,87944
2024/2/20 21:00,87990
2024/2/20 22:00,88032
2024/2/20 23:00,88061
2024/2/21 00:00,88088
2024/2/21 01:00,88121
2024/2/21 02:00,88153
2024/2/21 03:00,88178
2024/2/21 04:00,88206
2024/2/21 05:00,88235
2024/2/21 06:00,88264
2024/2/21 07:00,88298
2024/2/21 08:00,88327
2024/2/21 09:00,88364
2024/2/21 10:00,88415
2024/2/21 11:00,88473
2024/2/21 12:00,88532
2024/2/21 13:00,88589
2024/2/21 14:00,88645
2024/2/21 15:00,88707
2024/2/21 16:00,88780
2024/2/21 17:00,88852
2024/2/21 18:00,88929
2024/2/21 19:00,88990
2024/2/21 20:00,89040
2024/2/21 21:00,89088
2024/2/21 22:00,89142
2024/2/21 23:00,89185
2024/2/22 00:00,89216
2024/2/22 01:00,89243
2024/2/22 02:00,89273
2024/2/22 03:00,89300
2024/2/22 04:00,89325
2024/2/22 05:00,89349
2024/2/22 06:00,89375
2024/2/22 07:00,89404
2024/2/22 08:00,89432
2024/2/22 09:00,89476
2024/2/22 10:00,89549
2024/2/22 11:00,89621
2024/2/22 12:00,89690
2024/2/22 13:00,89756
2024/2/22 14:00,89828
2024/2/22 15:00,89900
2024/2/22 16:00,89978
2024/2/22 17:00,90060
2024/2/22 18:00,90135
2024/2/22 19:00,90192
2024/2/22 20:00,90252
2024/2/22 21:00,90314
2024/2/22 22:00,90362
2024/2/22 23:00,90398
2024/2/23 00:00,90432
2024/2/23 01:00,90460
2024/2/23 02:00,90494
2024/2/23 03:00,90522
2024/2/23 04:00,90546
2024/2/23 05:00,90570
2024/2/23 06:00,90594
2024/2/23 07:00,90622
2024/2/23 08:00,90653
2024/2/23 09:00,90708
2024/2/23 10:00,90776
2024/2/23 11:00,90854
2024/2/23 12:00,90934
2024/2/23 13:00,91003
2024/2/23 14:00,91083
2024/2/23 15:00,91169
2024/2/23 16:00,91246
2024/2/23 17:00,91325
2024/2/23 18:00,91398
2024/2/23 19:00,91459
2024/2/23 20:00,91509
2024/2/23 21:00,91569
2024/2/23 22:00,91628
2024/2/23 23:00,91670
2024/2/24 00:00,91700
2024/2/24 01:00,91729
2024/2/24 02:00,91756
2024/2/24 03:00,91786
2024/2/24 04:00,91814
2024/2/24 05:00,91845
2024/2/24 06:00,91875
2024/2/24 07:00,91903
2024/2/24 08:00,91931
2024/2/24 09:00,91973
2024/2/24 10:00,92032
2024/2/24 11:00,92092
2024/2/24 12:00,92148
2024/2/24 13:00,92195
2024/2/24 14:00,92242
2024/2/24 15:00,92299
2024/2/24 16:00,92353
2024/2/24 17:00,92402
2024/2/24 18:00,92456
2024/2/24 19:00,92512
2024/2/24 20:00,92560
2024/2/24 21:00,92607
2024/2/24 22:00,92649
2024/2/24 23:00,92685
2024/2/25 00:00,92717
2024/2/25 01:00,92751
2024/2/25 02:00,92786
2024/2/25 03:00,92822
2024/2/25 04:00,92858
2024/2/25 05:00,92890
2024/2/25 06:00,92919
2024/2/25 07:00,92949
2024/2/25 08:00,92980
2024/2/25 09:00,93021
2024/2/25 10:00,93074
2024/2/25 11:00,93124
2024/2/25 12:00,93167
2024/2/25 13:00,93205
2024/2/25 14:00,93243
2024/2/25 15:00,93293
2024/2/25 16:00,93348
2024/2/25 17:00,93402
2024/2/25 18:00,93448
2024/2/25 19:00,93492
2024/2/25 20:00,93543
2024/2/25 21:00,93593
2024/2/25 22:00,93647
2024/2/25 23:00,93690
2024/2/26 00:00,93728
2024/2/26 01:00,93759
2024/2/26 02:00,93790
2024/2/26 03:00,93823
2024/2/26 04:00,93855
2024/2/26 05:00,93886
2024/2/26 06:00,93914
2024/2/26 07:00,93944
2024/2/26 08:00,93974
2024/2/26 09:00,94033
2024/2/26 10:00,94109
2024/2/26 11:00,94191
2024/2/26 12:00,94266
2024/2/26 13:00,94325
2024/2/26 14:00,94388
2024/2/26 15:00,94477
2024/2/26 16:00,94582
2024/2/26 17:00,94684
2024/2/26 18:00,94776
2024/2/26 19:00,94859
2024/2/26 20:00,94924
2024/2/26 21:00,94990
2024/2/26 22:00,95054
2024/2/26 23:00,95109
2024/2/27 00:00,95153
2024/2/27 01:00,95186
2024/2/27 02:00,95215
2024/2/27 03:00,95243
2024/2/27 04:00,95279
2024/2/27 05:00,95313
2024/2/27 06:00,95343
2024/2/27 07:00,95369
2024/2/27 08:00,95397
2024/2/27 09:00,95460
2024/2/27 10:00,95551
2024/2/27 11:00,95642
2024/2/27 12:00,95721
2024/2/27 13:00,95776
2024/2/27 14:00,95832
2024/2/27 15:00,95904
2024/2/27 16:00,95989
2024/2/27 17:00,96077
2024/2/27 18:00,96168
2024/2/27 19:00,96247
2024/2/27 20:00,
2024/2/27 21:00,
2024/2/27 22:00,
2024/2/27 23:00,
2024/2/28 00:00,
2024/2/28 01:00,
2024/2/28 02:00,
2024/2/28 03:00,
2024/2/28 04:00,
2024/2/28 05:00,
2024/2/28 06:00,
2024/2/28 07:00,
2024/2/28 08:00,
2024/2/28 09:00,
2024/2/28 10:00,
2024/2/28 11:00,
2024/2/28 12:00,97030
2024/2/28 13:00,97087
2024/2/28 14:00,97148
2024/2/28 15:00,97226
2024/2/28 16:00,97309
2024/2/28 17:00,97391
2024/2/28 18:00,97465
2024/2/28 19:00,97521
2024/2/28 20:00,97584
2024/2/28 21:00,97643
2024/2/28 22:00,97696
2024/2/28 23:00,97752
2024/2/29 00:00,97799
2024/2/29 01:00,97835
2024/2/29 02:00,97867
2024/2/29 03:00,97897
2024/2/29 04:00,97928
2024/2/29 05:00,97961
2024/2/29 06:00,97996
2024/2/29 07:00,98024
2024/2/29 08:00,98054
2024/2/29 09:00,98119
2024/2/29 10:00,98190
2024/2/29 11:00,98277
2024/2/29 12:00,98359
2024/2/29 13:00,98423
2024/2/29 14:00,98492
2024/2/29 15:00,98573
2024/2/29 16:00,98665
2024/2/29 17:00,98760
2024/2/29 18:00,98848
2024/2/29 19:00,98922
2024/2/29 20:00,98983
2024/2/29 21:00,99040
2024/2/29 22:00,99092
2024/2/29 23:00,99142
2024/3/1 00:00,99180
2024/3/1 01:00,99210
2024/3/1 02:00,99238
2024/3/1 03:00,99269
2024/3/1 04:00,99297
2024/3/1 05:00,99328
2024/3/1 06:00,99361
2024/3/1 07:00,99391
2024/3/1 08:00,99414
2024/3/1 09:00,99460
2024/3/1 10:00,99531
2024/3/1 11:00,99626
2024/3/1 12:00,99720
2024/3/1 13:00,99797
2024/3/1 14:00,99873
2024/3/1 15:00,99966
2024/3/1 16:00,100060
2024/3/1 17:00,100145
2024/3/1 18:00,100225
2024/3/1 19:00,100283
2024/3/1 20:00,100339
2024/3/1 21:00,100396
2024/3/1 22:00,100442
2024/3/1 23:00,100485
2024/3/2 00:00,100530
2024/3/2 01:00,100567
2024/3/2 02:00,100600
2024/3/2 03:00,100629
2024/3/2 04:00,100661
2024/3/2 05:00,100692
2024/3/2 06:00,100725
2024/3/2 07:00,100756
2024/3/2 08:00,100790
2024/3/2 09:00,100830
2024/3/2 10:00,100878
2024/3/2 11:00,100926
2024/3/2 12:00,100982
2024/3/2 13:00,101030
2024/3/2 14:00,101078
2024/3/2 15:00,101125
2024/3/2 16:00,101179
2024/3/2 17:00,101241
2024/3/2 18:00,101300
2024/3/2 19:00,101350
2024/3/2 20:00,101397
2024/3/2 21:00,101451
2024/3/2 22:00,101499
2024/3/2 23:00,101540
2024/3/3 00:00,101582
2024/3/3 01:00,101619
2024/3/3 02:00,101653
2024/3/3 03:00,101677
2024/3/3 04:00,101704
2024/3/3 05:00,101730
2024/3/3 06:00,101760
2024/3/3 07:00,101788
2024/3/3 08:00,101816
2024/3/3 09:00,101845
2024/3/3 10:00,101888
2024/3/3 11:00,101935
2024/3/3 12:00,101988
2024/3/3 13:00,102035
2024/3/3 14:00,102078
2024/3/3 15:00,102124
2024/3/3 16:00,102173
2024/3/3 17:00,102219
2024/3/3 18:00,102266
2024/3/3 19:00,102316
2024/3/3 20:00,102369
2024/3/3 21:00,102424
2024/3/3 22:00,102473
2024/3/3 23:00,102518
2024/3/4 00:00,102557
2024/3/4 01:00,102595
2024/3/4 02:00,102626
2024/3/4 03:00,102657
2024/3/4 04:00,102688
2024/3/4 05:00,102720
2024/3/4 06:00,102753
2024/3/4 07:00,102789
2024/3/4 08:00,102822
2024/3/4 09:00,102867
2024/3/4 10:00,102923
2024/3/4 11:00,102988
2024/3/4 12:00,103052
2024/3/4 13:00,103107
2024/3/4 14:00,103167
2024/3/4 15:00,103228
2024/3/4 16:00,103293
2024/3/4 17:00,103359
2024/3/4 18:00,103423
2024/3/4 19:00,103490
2024/3/4 20:00,103557
2024/3/4 21:00,103621
2024/3/4 22:00,103668
2024/3/4 23:00,103711
2024/3/5 00:00,103748
2024/3/5 01:00,103785
2024/3/5 02:00,103820
2024/3/5 03:00,103849
2024/3/5 04:00,103877
2024/3/5 05:00,103904
2024/3/5 06:00,103930
2024/3/5 07:00,103963
2024/3/5 08:00,103997
2024/3/5 09:00,104047
2024/3/5 10:00,104108
2024/3/5 11:00,104189
2024/3/5 12:00,104264
2024/3/5 13:00,104330
2024/3/5 14:00,104399
2024/3/5 15:00,
2024/3/5 16:00,104552
2024/3/5 17:00,104628
2024/3/5 18:00,104690
2024/3/5 19:00,104738
2024/3/5 20:00,104785
2024/3/5 21:00,104834
2024/3/5 22:00,104886
2024/3/5 23:00,104924
2024/3/6 00:00,104959
2024/3/6 01:00,104990
2024/3/6 02:00,105016
2024/3/6 03:00,105039
2024/3/6 04:00,105060
2024/3/6 05:00,105084
2024/3/6 06:00,105107
2024/3/6 07:00,105129
2024/3/6 08:00,105156
2024/3/6 09:00,105201
2024/3/6 10:00,105259
2024/3/6 11:00,105321
2024/3/6 12:00,105383
2024/3/6 13:00,105429
2024/3/6 14:00,105483
2024/3/6 15:00,105538
2024/3/6 16:00,105597
2024/3/6 17:00,105652
2024/3/6 18:00,105705
2024/3/6 19:00,105760
2024/3/6 20:00,105812
2024/3/6 21:00,105865
2024/3/6 22:00,105910
2024/3/6 23:00,105941
2024/3/7 00:00,105974
2024/3/7 01:00,106001
2024/3/7 02:00,106028
2024/3/7 03:00,106053
2024/3/7 04:00,106083
2024/3/7 05:00,106110
2024/3/7 06:00,106138
2024/3/7 07:00,106164
2024/3/7 08:00,106192
2024/3/7 09:00,106230
2024/3/7 10:00,106275
2024/3/7 11:00,106334
2024/3/7 12:00,106397
2024/3/7 13:00,106455
2024/3/7 14:00,106514
2024/3/7 15:00,106583
2024/3/7 16:00,106644
2024/3/7 17:00,106701
2024/3/7 18:00,106757
2024/3/7 19:00,106801
2024/3/7 20:00,106854
2024/3/7 21:00,106898
2024/3/7 22:00,106936
2024/3/7 23:00,106973
2024/3/8 00:00,107004
2024/3/8 01:00,107036
2024/3/8 02:00,107064
2024/3/8 03:00,107088
2024/3/8 04:00,107111
2024/3/8 05:00,107133
2024/3/8 06:00,107157
2024/3/8 07:00,107183
2024/3/8 08:00,107210
2024/3/8 09:00,107253
2024/3/8 10:00,107313
2024/3/8 11:00,107380
2024/3/8 12:00,107445
2024/3/8 13:00,107496
2024/3/8 14:00,107549
2024/3/8 15:00,107600
2024/3/8 16:00,107651
2024/3/8 17:00,107698
2024/3/8 18:00,107745
2024/3/8 19:00,107789
2024/3/8 20:00,107834
2024/3/8 21:00,107885
2024/3/8 22:00,107932
2024/3/8 23:00,107974
2024/3/9 00:00,108007
2024/3/9 01:00,108050
2024/3/9 02:00,108083
2024/3/9 03:00,108118
2024/3/9 04:00,108148
2024/3/9 05:00,108178
2024/3/9 06:00,108211
2024/3/9 07:00,108238
2024/3/9 08:00,108272
2024/3/9 09:00,108310
2024/3/9 10:00,108353
2024/3/9 11:00,108397
2024/3/9 12:00,108437
2024/3/9 13:00,108474
2024/3/9 14:00,108517
2024/3/9 15:00,108564
2024/3/9 16:00,108604
2024/3/9 17:00,108641
2024/3/9 18:00,108679
2024/3/9 19:00,108714
2024/3/9 20:00,108748
2024/3/9 21:00,108784
2024/3/9 22:00,108820
2024/3/9 23:00,108852
2024/3/10 00:00,108883
2024/3/10 01:00,108911
2024/3/10 02:00,108940
2024/3/10 03:00,108974
2024/3/10 04:00,109013
2024/3/10 05:00,109049
2024/3/10 06:00,109077
2024/3/10 07:00,109104
2024/3/10 08:00,109132
2024/3/10 09:00,109168
2024/3/10 10:00,109211
2024/3/10 11:00,109252
2024/3/10 12:00,109293
2024/3/10 13:00,109327
2024/3/10 14:00,109365
2024/3/10 15:00,109405
2024/3/10 16:00,109453
2024/3/10 17:00,109501
2024/3/10 18:00,109545
2024/3/10 19:00,109596
2024/3/10 20:00,109646
2024/3/10 21:00,109695
2024/3/10 22:00,109740
2024/3/10 23:00,109777
2024/3/11 00:00,109807
2024/3/11 01:00,109836
2024/3/11 02:00,109861
2024/3/11 03:00,109885
2024/3/11 04:00,109908
2024/3/11 05:00,109929
2024/3/11 06:00,109950
2024/3/11 07:00,109971
2024/3/11 08:00,110002
2024/3/11 09:00,110043
2024/3/11 10:00,110100
2024/3/11 11:00,110156
2024/3/11 12:00,110217
2024/3/11 13:00,110285
2024/3/11 14:00,110345
2024/3/11 15:00,110410
2024/3/11 16:00,110476
2024/3/11 17:00,110530
2024/3/11 18:00,110581
2024/3/11 19:00,110626
2024/3/11 20:00,110666
2024/3/11 21:00,110706
2024/3/11 22:00,110746
2024/3/11 23:00,110786
2024/3/12 00:00,110817
2024/3/12 01:00,110844
2024/3/12 02:00,110868
2024/3/12 03:00,110890
2024/3/12 04:00,110912
2024/3/12 05:00,110935
2024/3/12 06:00,110956
2024/3/12 07:00,110978
2024/3/12 08:00,110999
2024/3/12 09:00,111033
2024/3/12 10:00,111074
2024/3/12 11:00,111117
2024/3/12 12:00,111161
2024/3/12 13:00,111206
2024/3/12 14:00,111250
2024/3/12 15:00,111293
2024/3/12 16:00,111341
2024/3/12 17:00,
2024/3/12 18:00,111453
2024/3/12 19:00,111498
2024/3/12 20:00,111540
2024/3/12 21:00,111580
2024/3/12 22:00,111617
2024/3/12 23:00,111657
2024/3/13 00:00,111688
2024/3/13 01:00,111716
2024/3/13 02:00,111742
2024/3/13 03:00,111769
2024/3/13 04:00,111795
2024/3/13 05:00,111820
2024/3/13 06:00,111844
2024/3/13 07:00,111867
2024/3/13 08:00,111891
2024/3/13 09:00,111926
2024/3/13 10:00,111976
2024/3/13 11:00,112029
2024/3/13 12:00,112081
2024/3/13 13:00,112131
2024/3/13 14:00,112176
2024/3/13 15:00,112229
2024/3/13 16:00,112283
2024/3/13 17:00,112339
2024/3/13 18:00,112391
2024/3/13 19:00,112435
2024/3/13 20:00,112478
2024/3/13 21:00,112524
2024/3/13 22:00,112560
2024/3/13 23:00,112596
2024/3/14 00:00,112628
2024/3/14 01:00,112657
2024/3/14 02:00,112684
2024/3/14 03:00,112711
2024/3/14 04:00,112738
2024/3/14 05:00,112764
2024/3/14 06:00,112790
2024/3/14 07:00,112820
2024/3/14 08:00,112849
2024/3/14 09:00,112889
2024/3/14 10:00,112939
2024/3/14 11:00,113008
2024/3/14 12:00,113078
2024/3/14 13:00,113153
2024/3/14 14:00,113225
2024/3/14 15:00,113289
2024/3/14 16:00,113354
2024/3/14 17:00,113407
2024/3/14 18:00,113455
2024/3/14 19:00,113495
2024/3/14 20:00,113538
2024/3/14 21:00,113578
2024/3/14 22:00,113622
2024/3/14 23:00,113661
2024/3/15 00:00,113691
2024/3/15 01:00,113716
2024/3/15 02:00,113742
2024/3/15 03:00,113763
2024/3/15 04:00,113788
2024/3/15 05:00,113811
2024/3/15 06:00,113833
2024/3/15 07:00,113857
2024/3/15 08:00,113880
2024/3/15 09:00,113920
2024/3/15 10:00,113982
2024/3/15 11:00,114049
2024/3/15 12:00,114125
2024/3/15 13:00,114190
2024/3/15 14:00,114256
2024/3/15 15:00,114318
2024/3/15 16:00,114383
2024/3/15 17:00,114447
2024/3/15 18:00,114499
2024/3/15 19:00,114545
2024/3/15 20:00,114584
2024/3/15 21:00,114620
2024/3/15 22:00,114655
2024/3/15 23:00,114693
2024/3/16 00:00,114723
2024/3/16 01:00,114750
2024/3/16 02:00,114779
2024/3/16 03:00,114806
2024/3/16 04:00,114834
2024/3/16 05:00,114859
2024/3/16 06:00,114880
2024/3/16 07:00,114904
2024/3/16 08:00,114927
2024/3/16 09:00,114955
2024/3/16 10:00,114985
2024/3/16 11:00,115017
2024/3/16 12:00,115052
2024/3/16 13:00,115083
2024/3/16 14:00,115117
2024/3/16 15:00,115150
2024/3/16 16:00,115186
2024/3/16 17:00,115223
2024/3/16 18:00,115259
2024/3/16 19:00,115294
2024/3/16 20:00,115326
2024/3/16 21:00,115358
2024/3/16 22:00,115393
2024/3/16 23:00,115424
2024/3/17 00:00,115450
2024/3/17 01:00,115472
2024/3/17 02:00,115495
2024/3/17 03:00,115515
2024/3/17 04:00,115537
2024/3/17 05:00,115557
2024/3/17 06:00,115577
2024/3/17 07:00,115602
2024/3/17 08:00,115629
2024/3/17 09:00,115659
2024/3/17 10:00,115690
2024/3/17 11:00,115725
2024/3/17 12:00,115760
2024/3/17 13:00,115792
2024/3/17 14:00,115828
2024/3/17 15:00,115863
2024/3/17 16:00,115897
2024/3/17 17:00,115936
2024/3/17 18:00,115971
2024/3/17 19:00,116007
2024/3/17 20:00,116044
2024/3/17 21:00,116084
2024/3/17 22:00,116119
2024/3/17 23:00,116151
2024/3/18 00:00,116179
2024/3/18 01:00,116205
2024/3/18 02:00,116231
2024/3/18 03:00,116256
2024/3/18 04:00,116282
2024/3/18 05:00,116305
2024/3/18 06:00,116327
2024/3/18 07:00,116350
2024/3/18 08:00,116373
2024/3/18 09:00,116410
2024/3/18 10:00,116452
2024/3/18 11:00,116502
2024/3/18 12:00,116551
2024/3/18 13:00,116594
2024/3/18 14:00,116635
2024/3/18 15:00,116684
2024/3/18 16:00,116736
2024/3/18 17:00,116788
2024/3/18 18:00,116837
2024/3/18 19:00,116878
2024/3/18 20:00,116919
2024/3/18 21:00,116960
2024/3/18 22:00,117000
2024/3/18 23:00,117033
2024/3/19 00:00,117062
2024/3/19 01:00,117091
2024/3/19 02:00,117119
2024/3/19 03:00,117147
2024/3/19 04:00,117174
2024/3/19 05:00,117198
2024/3/19 06:00,117224
2024/3/19 07:00,117248
2024/3/19 08:00,117275
2024/3/19 09:00,117314
2024/3/19 10:00,117371
2024/3/19 11:00,117434
2024/3/19 12:00,117496
2024/3/19 13:00,117555
2024/3/19 14:00,117612
2024/3/19 15:00,117677
2024/3/19 16:00,117748
2024/3/19 17:00,117818
2024/3/19 18:00,117884
2024/3/19 19:00,117931
2024/3/19 20:00,117975
2024/3/19 21:00,118019
2024/3/19 22:00,118066
2024/3/19 23:00,118109
2024/3/20 00:00,118149
2024/3/20 01:00,118182
2024/3/20 02:00,118217
2024/3/20 03:00,118251
2024/3/20 04:00,118285
2024/3/20 05:00,118314
2024/3/20 06:00,118343
2024/3/20 07:00,118376
2024/3/20 08:00,118409
2024/3/20 09:00,118448
2024/3/20 10:00,118494
2024/3/20 11:00,118555
2024/3/20 12:00,118618
2024/3/20 13:00,118680
2024/3/20 14:00,118736
2024/3/20 15:00,118803
2024/3/20 16:00,118876
2024/3/20 17:00,118948
2024/3/20 18:00,119020
2024/3/20 19:00,119062
2024/3/20 20:00,119107
2024/3/20 21:00,119148
2024/3/20 22:00,119191
2024/3/20 23:00,119226
2024/3/21 00:00,119259
2024/3/21 01:00,119289
2024/3/21 02:00,119314
2024/3/21 03:00,119343
2024/3/21 04:00,119369
2024/3/21 05:00,119396
2024/3/21 06:00,119421
2024/3/21 07:00,119448
2024/3/21 08:00,119477
2024/3/21 09:00,119512
2024/3/21 10:00,119555
2024/3/21 11:00,119609
2024/3/21 12:00,119673
2024/3/21 13:00,119731
2024/3/21 14:00,119786
2024/3/21 15:00,119852
2024/3/21 16:00,119917
2024/3/21 17:00,119982
2024/3/21 18:00,120040
2024/3/21 19:00,120083
2024/3/21 20:00,120120
2024/3/21 21:00,120158
2024/3/21 22:00,120195
2024/3/21 23:00,120228
2024/3/22 00:00,120258
2024/3/22 01:00,120289
2024/3/22 02:00,120321
2024/3/22 03:00,120349
2024/3/22 04:00,120376
2024/3/22 05:00,120402
2024/3/22 06:00,120430
2024/3/22 07:00,120457
2024/3/22 08:00,120484
2024/3/22 09:00,120517
2024/3/22 10:00,120574
2024/3/22 11:00,120635
2024/3/22 12:00,120697
2024/3/22 13:00,120751
2024/3/22 14:00,120807
2024/3/22 15:00,120870
2024/3/22 16:00,120939
2024/3/22 17:00,121007
2024/3/22 18:00,121057
2024/3/22 19:00,121102
2024/3/22 20:00,121144
2024/3/22 21:00,121185
2024/3/22 22:00,121220
2024/3/22 23:00,121253
2024/3/23 00:00,121281
2024/3/23 01:00,121303
2024/3/23 02:00,121327
2024/3/23 03:00,121348
2024/3/23 04:00,121369
2024/3/23 05:00,121388
2024/3/23 06:00,121410
2024/3/23 07:00,121432
2024/3/23 08:00,121454
2024/3/23 09:00,121484
2024/3/23 10:00,121516
2024/3/23 11:00,121549
2024/3/23 12:00,121582
2024/3/23 13:00,121610
2024/3/23 14:00,121636
2024/3/23 15:00,121663
2024/3/23 16:00,121694
2024/3/23 17:00,121721
2024/3/23 18:00,121752
2024/3/23 19:00,121781
2024/3/23 20:00,121810
2024/3/23 21:00,121846
2024/3/23 22:00,121878
2024/3/23 23:00,121911
2024/3/24 00:00,121939
2024/3/24 01:00,121966
2024/3/24 02:00,121992
2024/3/24 03:00,122017
2024/3/24 04:00,122040
2024/3/24 05:00,122066
2024/3/24 06:00,122088
2024/3/24 07:00,122112
2024/3/24 08:00,122137
2024/3/24 09:00,122164
2024/3/24 10:00,122206
2024/3/24 11:00,122242
2024/3/24 12:00,122278
2024/3/24 13:00,122314
2024/3/24 14:00,122353
2024/3/24 15:00,122392
2024/3/24 16:00,122432
2024/3/24 17:00,122478
2024/3/24 18:00,122520
2024/3/24 19:00,122564
2024/3/24 20:00,122604
2024/3/24 21:00,122642
2024/3/24 22:00,122682
2024/3/24 23:00,122716
2024/3/25 00:00,122751
2024/3/25 01:00,122777
2024/3/25 02:00,122801
2024/3/25 03:00,122825
2024/3/25 04:00,122848
2024/3/25 05:00,122872
2024/3/25 06:00,122894
2024/3/25 07:00,122920
2024/3/25 08:00,122943
2024/3/25 09:00,122974
2024/3/25 10:00,123013
2024/3/25 11:00,123060
2024/3/25 12:00,123117
2024/3/25 13:00,123167
2024/3/25 14:00,123217
2024/3/25 15:00,123275
2024/3/25 16:00,123332
2024/3/25 17:00,123394
2024/3/25 18:00,123449
2024/3/25 19:00,123487
2024/3/25 20:00,123520
2024/3/25 21:00,123553
2024/3/25 22:00,123585
2024/3/25 23:00,123613
2024/3/26 00:00,123638
2024/3/26 01:00,123662
2024/3/26 02:00,123683
2024/3/26 03:00,123703
2024/3/26 04:00,123724
2024/3/26 05:00,123744
2024/3/26 06:00,123763
2024/3/26 07:00,123786
2024/3/26 08:00,123809
2024/3/26 09:00,123838
2024/3/26 10:00,123876
2024/3/26 11:00,123914
2024/3/26 12:00,123953
2024/3/26 13:00,123989
2024/3/26 14:00,124022
2024/3/26 15:00,124065
2024/3/26 16:00,124115
2024/3/26 17:00,124163
2024/3/26 18:00,124204
2024/3/26 19:00,124243
2024/3/26 20:00,124290
2024/3/26 21:00,124332
2024/3/26 22:00,124372
2024/3/26 23:00,124405
2024/3/27 00:00,124434
2024/3/27 01:00,124461
2024/3/27 02:00,124484
2024/3/27 03:00,124508
2024/3/27 04:00,124531
2024/3/27 05:00,124552
2024/3/27 06:00,124572
2024/3/27 07:00,124598
2024/3/27 08:00,124624
2024/3/27 09:00,124654
2024/3/27 10:00,124697
2024/3/27 11:00,124750
2024/3/27 12:00,124805
2024/3/27 13:00,124846
2024/3/27 14:00,124887
2024/3/27 15:00,124933
2024/3/27 16:00,124986
2024/3/27 17:00,125041
2024/3/27 18:00,125086
2024/3/27 19:00,125123
2024/3/27 20:00,125159
2024/3/27 21:00,125195
2024/3/27 22:00,125230
2024/3/27 23:00,125263
2024/3/28 00:00,125290
2024/3/28 01:00,125315
2024/3/28 02:00,125342
2024/3/28 03:00,125368
2024/3/28 04:00,125389
2024/3/28 05:00,125411
2024/3/28 06:00,125433
2024/3/28 07:00,125454
2024/3/28 08:00,125480
2024/3/28 09:00,125514
2024/3/28 10:00,125568
2024/3/28 11:00,125629
2024/3/28 12:00,125683
2024/3/28 13:00,125735
2024/3/28 14:00,125787
2024/3/28 15:00,125846
2024/3/28 16:00,125906
2024/3/28 17:00,125955
2024/3/28 18:00,125999
2024/3/28 19:00,126038
2024/3/28 20:00,126079
2024/3/28 21:00,126119
2024/3/28 22:00,126157
2024/3/28 23:00,126189
2024/3/29 00:00,126216
2024/3/29 01:00,126239
2024/3/29 02:00,126263
2024/3/29 03:00,126284
2024/3/29 04:00,126308
2024/3/29 05:00,126331
2024/3/29 06:00,126358
2024/3/29 07:00,126386
2024/3/29 08:00,126413
2024/3/29 09:00,126445
2024/3/29 10:00,126483
2024/3/29 11:00,126517
2024/3/29 12:00,126563
2024/3/29 13:00,126601
2024/3/29 14:00,126639
2024/3/29 15:00,126679
2024/3/29 16:00,126723
2024/3/29 17:00,126767
2024/3/29 18:00,126808
2024/3/29 19:00,126843
2024/3/29 20:00,126876
2024/3/29 21:00,126907
2024/3/29 22:00,126936
2024/3/29 23:00,126963
2024/3/30 00:00,126987
2024/3/30 01:00,127009
2024/3/30 02:00,127029
2024/3/30 03:00,127046
2024/3/30 04:00,127068
2024/3/30 05:00,127087
2024/3/30 06:00,127107
2024/3/30 07:00,127128
2024/3/30 08:00,127149
2024/3/30 09:00,127173
2024/3/30 10:00,127202
2024/3/30 11:00,127232
2024/3/30 12:00,127263
2024/3/30 13:00,127292
2024/3/30 14:00,127319
2024/3/30 15:00,127348
2024/3/30 16:00,127378
2024/3/30 17:00,127412
2024/3/30 18:00,127444
2024/3/30 19:00,127474
2024/3/30 20:00,127510
2024/3/30 21:00,127543
2024/3/30 22:00,127575
2024/3/30 23:00,127603
2024/3/31 00:00,127631
2024/3/31 01:00,127653
2024/3/31 02:00,127676
2024/3/31 03:00,127697
2024/3/31 04:00,127719
2024/3/31 05:00,127739
2024/3/31 06:00,127758
2024/3/31 07:00,127781
2024/3/31 08:00,127802
2024/3/31 09:00,127825
2024/3/31 10:00,127852
2024/3/31 11:00,127883
2024/3/31 12:00,127914
2024/3/31 13:00,127940
2024/3/31 14:00,127969
2024/3/31 15:00,127998
2024/3/31 16:00,128032
2024/3/31 17:00,128067
2024/3/31 18:00,128100
2024/3/31 19:00,128135
2024/3/31 20:00,128171
2024/3/31 21:00,128206
2024/3/31 22:00,128237
2024/3/31 23:00,128267
2024/4/1 00:00,128290
2024/4/1 01:00,128309
2024/4/1 02:00,128329
2024/4/1 03:00,128348
2024/4/1 04:00,128369
2024/4/1 05:00,128387
2024/4/1 06:00,128406
2024/4/1 07:00,128427
2024/4/1 08:00,128447
2024/4/1 09:00,128481
2024/4/1 10:00,128520
2024/4/1 11:00,128571
2024/4/1 12:00,128624
2024/4/1 13:00,128674
2024/4/1 14:00,128720
2024/4/1 15:00,128773
2024/4/1 16:00,128831
2024/4/1 17:00,128891
2024/4/1 18:00,128939
2024/4/1 19:00,128978
2024/4/1 20:00,129017
2024/4/1 21:00,129053
2024/4/1 22:00,129089
2024/4/1 23:00,129123
2024/4/2 00:00,129149
2024/4/2 01:00,129174
2024/4/2 02:00,129196
2024/4/2 03:00,129220
2024/4/2 04:00,129241
2024/4/2 05:00,129263
2024/4/2 06:00,129284
2024/4/2 07:00,129308
2024/4/2 08:00,129331
2024/4/2 09:00,129364
2024/4/2 10:00,129406
2024/4/2 11:00,129451
2024/4/2 12:00,129495
2024/4/2 13:00,129532
2024/4/2 14:00,129570
2024/4/2 15:00,129610
2024/4/2 16:00,129655
2024/4/2 17:00,129703
2024/4/2 18:00,129745
2024/4/2 19:00,129786
2024/4/2 20:00,129827
2024/4/2 21:00,129869
2024/4/2 22:00,129905
2024/4/2 23:00,129941
2024/4/3 00:00,129970
2024/4/3 01:00,129994
2024/4/3 02:00,130018
2024/4/3 03:00,130042
2024/4/3 04:00,130063
2024/4/3 05:00,130086
2024/4/3 06:00,130107
2024/4/3 07:00,130132
2024/4/3 08:00,130155
2024/4/3 09:00,130187
2024/4/3 10:00,130239
2024/4/3 11:00,130283
2024/4/3 12:00,130331
2024/4/3 13:00,130377
2024/4/3 14:00,130422
2024/4/3 15:00,130475
2024/4/3 16:00,130529
2024/4/3 17:00,130567
2024/4/3 18:00,130604
2024/4/3 19:00,130639
2024/4/3 20:00,130672
2024/4/3 21:00,130703
2024/4/3 22:00,130730
2024/4/3 23:00,130754
2024/4/4 00:00,130774
2024/4/4 01:00,130793
2024/4/4 02:00,130810
2024/4/4 03:00,130828
2024/4/4 04:00,130845
2024/4/4 05:00,130861
2024/4/4 06:00,130876
2024/4/4 07:00,130892
2024/4/4 08:00,130909
2024/4/4 09:00,130928
2024/4/4 10:00,130952
2024/4/4 11:00,130974
2024/4/4 12:00,130999
2024/4/4 13:00,131023
2024/4/4 14:00,131047
2024/4/4 15:00,131071
2024/4/4 16:00,131098
2024/4/4 17:00,131130
2024/4/4 18:00,131160
2024/4/4 19:00,131191
2024/4/4 20:00,131222
2024/4/4 21:00,131253
2024/4/4 22:00,131279
2024/4/4 23:00,131302
2024/4/5 00:00,131322
2024/4/5 01:00,131341
2024/4/5 02:00,131361
2024/4/5 03:00,131376
2024/4/5 04:00,131392
2024/4/5 05:00,131409
2024/4/5 06:00,131424
2024/4/5 07:00,131440
2024/4/5 08:00,131458
2024/4/5 09:00,131476
2024/4/5 10:00,131495
2024/4/5 11:00,131523
2024/4/5 12:00,131550
2024/4/5 13:00,131575
2024/4/5 14:00,131597
2024/4/5 15:00,131621
2024/4/5 16:00,131649
2024/4/5 17:00,131676
2024/4/5 18:00,131701
2024/4/5 19:00,131727
2024/4/5 20:00,131751
2024/4/5 21:00,131776
2024/4/5 22:00,131800
2024/4/5 23:00,131823
2024/4/6 00:00,131842
2024/4/6 01:00,131861
2024/4/6 02:00,131877
2024/4/6 03:00,131895
2024/4/6 04:00,131911
2024/4/6 05:00,131930
2024/4/6 06:00,131945
2024/4/6 07:00,131960
2024/4/6 08:00,131979
2024/4/6 09:00,131998
2024/4/6 10:00,132022
2024/4/6 11:00,132045
2024/4/6 12:00,132068
2024/4/6 13:00,132090
2024/4/6 14:00,132113
2024/4/6 15:00,132137
2024/4/6 16:00,132160
2024/4/6 17:00,132185
2024/4/6 18:00,132211
2024/4/6 19:00,132237
2024/4/6 20:00,132264
2024/4/6 21:00,132289
2024/4/6 22:00,132314
2024/4/6 23:00,132338
2024/4/7 00:00,132358
2024/4/7 01:00,132377
2024/4/7 02:00,132394
2024/4/7 03:00,132412
2024/4/7 04:00,132429
2024/4/7 05:00,132444
2024/4/7 06:00,132460
2024/4/7 07:00,132478
2024/4/7 08:00,132496
2024/4/7 09:00,132522
2024/4/7 10:00,132553
2024/4/7 11:00,132590
2024/4/7 12:00,132628
2024/4/7 13:00,132659
2024/4/7 14:00,132690
2024/4/7 15:00,132725
2024/4/7 16:00,132763
2024/4/7 17:00,132799
2024/4/7 18:00,132834
2024/4/7 19:00,132868
2024/4/7 20:00,132905
2024/4/7 21:00,132942
2024/4/7 22:00,132976
2024/4/7 23:00,133008
2024/4/8 00:00,133033
2024/4/8 01:00,133059
2024/4/8 02:00,133079
2024/4/8 03:00,133098
2024/4/8 04:00,133117
2024/4/8 05:00,133137
2024/4/8 06:00,133155
2024/4/8 07:00,133175
2024/4/8 08:00,133195
2024/4/8 09:00,133223
2024/4/8 10:00,133259
2024/4/8 11:00,133307
2024/4/8 12:00,133363
2024/4/8 13:00,133411
2024/4/8 14:00,133462
2024/4/8 15:00,133519
2024/4/8 16:00,133573
2024/4/8 17:00,133627
2024/4/8 18:00,133665
2024/4/8 19:00,133701
2024/4/8 20:00,133739
2024/4/8 21:00,133773
2024/4/8 22:00,133808
2024/4/8 23:00,133839
2024/4/9 00:00,133865
2024/4/9 01:00,133890
2024/4/9 02:00,133908
2024/4/9 03:00,133929
2024/4/9 04:00,133948
2024/4/9 05:00,133966
2024/4/9 06:00,133984
2024/4/9 07:00,134005
2024/4/9 08:00,134024
2024/4/9 09:00,134055
2024/4/9 10:00,134090
2024/4/9 11:00,134130
2024/4/9 12:00,134168
2024/4/9 13:00,134200
2024/4/9 14:00,134236
2024/4/9 15:00,134278
2024/4/9 16:00,134328
2024/4/9 17:00,134375
2024/4/9 18:00,134416
2024/4/9 19:00,134456
2024/4/9 20:00,134498
2024/4/9 21:00,134541
2024/4/9 22:00,134580
2024/4/9 23:00,134609
2024/4/10 00:00,134636
2024/4/10 01:00,134656
2024/4/10 02:00,134679
2024/4/10 03:00,134696
2024/4/10 04:00,134714
2024/4/10 05:00,134734
2024/4/10 06:00,134752
2024/4/10 07:00,134773
2024/4/10 08:00,134792
2024/4/10 09:00,134820
2024/4/10 10:00,134857
2024/4/10 11:00,134900
2024/4/10 12:00,134939
2024/4/10 13:00,134978
2024/4/10 14:00,135017
2024/4/10 15:00,135062
2024/4/10 16:00,135111
2024/4/10 17:00,135157
2024/4/10 18:00,135204
2024/4/10 19:00,135247
2024/4/10 20:00,135288
2024/4/10 21:00,135326
2024/4/10 22:00,135360
2024/4/10 23:00,135392
2024/4/11 00:00,135420
2024/4/11 01:00,135445
2024/4/11 02:00,135468
2024/4/11 03:00,135487
2024/4/11 04:00,135508
2024/4/11 05:00,135527
2024/4/11 06:00,135548
2024/4/11 07:00,135561
2024/4/11 08:00,135589
2024/4/11 09:00,135620
2024/4/11 10:00,135660
2024/4/11 11:00,135704
2024/4/11 12:00,135748
2024/4/11 13:00,135787
2024/4/11 14:00,135827
2024/4/11 15:00,135873
2024/4/11 16:00,135919
2024/4/11 17:00,135966
2024/4/11 18:00,136012
2024/4/11 19:00,136055
2024/4/11 20:00,136097
2024/4/11 21:00,136139
2024/4/11 22:00,136175
2024/4/11 23:00,136210
2024/4/12 00:00,136240
2024/4/12 01:00,136266
2024/4/12 02:00,136290
2024/4/12 03:00,136312
2024/4/12 04:00,136333
2024/4/12 05:00,136353
2024/4/12 06:00,136372
2024/4/12 07:00,136392
2024/4/12 08:00,136414
2024/4/12 09:00,136444
2024/4/12 10:00,136487
2024/4/12 11:00,136528
2024/4/12 12:00,136570
2024/4/12 13:00,136611
2024/4/12 14:00,136651
2024/4/12 15:00,136698
2024/4/12 16:00,136752
2024/4/12 17:00,136803
2024/4/12 18:00,136853
2024/4/12 19:00,136895
2024/4/12 20:00,136933
2024/4/12 21:00,136973
2024/4/12 22:00,137013
2024/4/12 23:00,137047
2024/4/13 00:00,137077
2024/4/13 01:00,137103
2024/4/13 02:00,137128
2024/4/13 03:00,137151
2024/4/13 04:00,137173
2024/4/13 05:00,137196
2024/4/13 06:00,137216
2024/4/13 07:00,137236
2024/4/13 08:00,137260
2024/4/13 09:00,137285
2024/4/13 10:00,137316
2024/4/13 11:00,137353
2024/4/13 12:00,137388
2024/4/13 13:00,137421
2024/4/13 14:00,137453
2024/4/13 15:00,137484
2024/4/13 16:00,137517
2024/4/13 17:00,137552
2024/4/13 18:00,137584
2024/4/13 19:00,137614
2024/4/13 20:00,137646
2024/4/13 21:00,137678
2024/4/13 22:00,137709
2024/4/13 23:00,137740
2024/4/14 00:00,137766
2024/4/14 01:00,137788
2024/4/14 02:00,137810
2024/4/14 03:00,137829
2024/4/14 04:00,137850
2024/4/14 05:00,137869
2024/4/14 06:00,137889
2024/4/14 07:00,137910
2024/4/14 08:00,137931
2024/4/14 09:00,137952
2024/4/14 10:00,137981
2024/4/14 11:00,138014
2024/4/14 12:00,138052
2024/4/14 13:00,138084
2024/4/14 14:00,138118
2024/4/14 15:00,138159
2024/4/14 16:00,138199
2024/4/14 17:00,138239
2024/4/14 18:00,138279
2024/4/14 19:00,138314
2024/4/14 20:00,138348
2024/4/14 21:00,138383
2024/4/14 22:00,138418
2024/4/14 23:00,138452
2024/4/15 00:00,138482
2024/4/15 01:00,138507
2024/4/15 02:00,138530
2024/4/15 03:00,138552
2024/4/15 04:00,138574
2024/4/15 05:00,138596
2024/4/15 06:00,138615
2024/4/15 07:00,138638
2024/4/15 08:00,138660
2024/4/15 09:00,138694
2024/4/15 10:00,138733
2024/4/15 11:00,138777
2024/4/15 12:00,138823
2024/4/15 13:00,138861
2024/4/15 14:00,138903
2024/4/15 15:00,138947
2024/4/15 16:00,138999
2024/4/15 17:00,139049
2024/4/15 18:00,139096
2024/4/15 19:00,139143
2024/4/15 20:00,139186
2024/4/15 21:00,139228
2024/4/15 22:00,139268
2024/4/15 23:00,139304
2024/4/16 00:00,139336
2024/4/16 01:00,139362
2024/4/16 02:00,139387
2024/4/16 03:00,139410
2024/4/16 04:00,139435
2024/4/16 05:00,139457
2024/4/16 06:00,139479
2024/4/16 07:00,139501
2024/4/16 08:00,139527
2024/4/16 09:00,139560
2024/4/16 10:00,139607
2024/4/16 11:00,139650
2024/4/16 12:00,139690
2024/4/16 13:00,139732
2024/4/16 14:00,139774
2024/4/16 15:00,139817
2024/4/16 16:00,139864
2024/4/16 17:00,139912
2024/4/16 18:00,139957
2024/4/16 19:00,140002
2024/4/16 20:00,140046
2024/4/16 21:00,140091
2024/4/16 22:00,140134
2024/4/16 23:00,140170
2024/4/17 00:00,140200
2024/4/17 01:00,140225
2024/4/17 02:00,140249
2024/4/17 03:00,140273
2024/4/17 04:00,140298
2024/4/17 05:00,140321
2024/4/17 06:00,140343
2024/4/17 07:00,140369
2024/4/17 08:00,140393
2024/4/17 09:00,140426
2024/4/17 10:00,140471
2024/4/17 11:00,140516
2024/4/17 12:00,140563
2024/4/17 13:00,140604
2024/4/17 14:00,140644
2024/4/17 15:00,140692
2024/4/17 16:00,140743
2024/4/17 17:00,140798
2024/4/17 18:00,140851
2024/4/17 19:00,140895
2024/4/17 20:00,140941
2024/4/17 21:00,140985
2024/4/17 22:00,141025
2024/4/17 23:00,141061
2024/4/18 00:00,141090
2024/4/18 01:00,141115
2024/4/18 02:00,141136
2024/4/18 03:00,141159
2024/4/18 04:00,141179
2024/4/18 05:00,141201
2024/4/18 06:00,141220
2024/4/18 07:00,141243
2024/4/18 08:00,141267
2024/4/18 09:00,141302
2024/4/18 10:00,141348
2024/4/18 11:00,141404
2024/4/18 12:00,141449
2024/4/18 13:00,141491
2024/4/18 14:00,141532
2024/4/18 15:00,141583
2024/4/18 16:00,141634
2024/4/18 17:00,141686
2024/4/18 18:00,141735
2024/4/18 19:00,141780
2024/4/18 20:00,141823
2024/4/18 21:00,141865
2024/4/18 22:00,141906
2024/4/18 23:00,141940
2024/4/19 00:00,141966
2024/4/19 01:00,141991
2024/4/19 02:00,142010
2024/4/19 03:00,142030
2024/4/19 04:00,142050
2024/4/19 05:00,142069
2024/4/19 06:00,142087
2024/4/19 07:00,142108
2024/4/19 08:00,142129
2024/4/19 09:00,142155
2024/4/19 10:00,142196
2024/4/19 11:00,142235
2024/4/19 12:00,142278
2024/4/19 13:00,142314
2024/4/19 14:00,142347
2024/4/19 15:00,142387
2024/4/19 16:00,142432
2024/4/19 17:00,142478
2024/4/19 18:00,142530
2024/4/19 19:00,142570
2024/4/19 20:00,142609
2024/4/19 21:00,142644
2024/4/19 22:00,142678
2024/4/19 23:00,142713
2024/4/20 00:00,142740
2024/4/20 01:00,142762
2024/4/20 02:00,142781
2024/4/20 03:00,142801
2024/4/20 04:00,142818
2024/4/20 05:00,142837
2024/4/20 06:00,142855
2024/4/20 07:00,142877
2024/4/20 08:00,142894
2024/4/20 09:00,142915
2024/4/20 10:00,142941
2024/4/20 11:00,142973
2024/4/20 12:00,143004
2024/4/20 13:00,143035
2024/4/20 14:00,143065
2024/4/20 15:00,143096
2024/4/20 16:00,143131
2024/4/20 17:00,143161
2024/4/20 18:00,143196
2024/4/20 19:00,143225
2024/4/20 20:00,143261
2024/4/20 21:00,143296
2024/4/20 22:00,143329
2024/4/20 23:00,143361
2024/4/21 00:00,143388
2024/4/21 01:00,143410
2024/4/21 02:00,143429
2024/4/21 03:00,143447
2024/4/21 04:00,143466
2024/4/21 05:00,143485
2024/4/21 06:00,143504
2024/4/21 07:00,143522
2024/4/21 08:00,143540
2024/4/21 09:00,143563
2024/4/21 10:00,143593
2024/4/21 11:00,143626
2024/4/21 12:00,143660
2024/4/21 13:00,143693
2024/4/21 14:00,143728
2024/4/21 15:00,143770
2024/4/21 16:00,143816
2024/4/21 17:00,143861
2024/4/21 18:00,143902
2024/4/21 19:00,143939
2024/4/21 20:00,143976
2024/4/21 21:00,144010
2024/4/21 22:00,144043
2024/4/21 23:00,144073
2024/4/22 00:00,144099
2024/4/22 01:00,144121
2024/4/22 02:00,144140
2024/4/22 03:00,144161
2024/4/22 04:00,144179
2024/4/22 05:00,144198
2024/4/22 06:00,144215
2024/4/22 07:00,144236
2024/4/22 08:00,144255
2024/4/22 09:00,144287
2024/4/22 10:00,144329
2024/4/22 11:00,144372
2024/4/22 12:00,144414
2024/4/22 13:00,144451
2024/4/22 14:00,144488
2024/4/22 15:00,144532
2024/4/22 16:00,144585
2024/4/22 17:00,144640
2024/4/22 18:00,144693
2024/4/22 19:00,144735
2024/4/22 20:00,144776
2024/4/22 21:00,144815
2024/4/22 22:00,144858
2024/4/22 23:00,144893
2024/4/23 00:00,144923
2024/4/23 01:00,144948
2024/4/23 02:00,144972
2024/4/23 03:00,144994
2024/4/23 04:00,145016
2024/4/23 05:00,145038
2024/4/23 06:00,145057
2024/4/23 07:00,145080
2024/4/23 08:00,145101
2024/4/23 09:00,145132
2024/4/23 10:00,145169
2024/4/23 11:00,145208
2024/4/23 12:00,145249
2024/4/23 13:00,145290
2024/4/23 14:00,145330
2024/4/23 15:00,145379
2024/4/23 16:00,145438
2024/4/23 17:00,145499
2024/4/23 18:00,145554
2024/4/23 19:00,145603
2024/4/23 20:00,145651
2024/4/23 21:00,145701
2024/4/23 22:00,145745
2024/4/23 23:00,145783
2024/4/24 00:00,145814
2024/4/24 01:00,145839
2024/4/24 02:00,145863
2024/4/24 03:00,145885
2024/4/24 04:00,145907
2024/4/24 05:00,145929
2024/4/24 06:00,145950
2024/4/24 07:00,145972
2024/4/24 08:00,145995
2024/4/24 09:00,146027
2024/4/24 10:00,146068
2024/4/24 11:00,146111
2024/4/24 12:00,146158
2024/4/24 13:00,146201
2024/4/24 14:00,146242
2024/4/24 15:00,146305
2024/4/24 16:00,146378
2024/4/24 17:00,146449
2024/4/24 18:00,146521
2024/4/24 19:00,146570
2024/4/24 20:00,146611
2024/4/24 21:00,146656
2024/4/24 22:00,146701
2024/4/24 23:00,146740
2024/4/25 00:00,146770
2024/4/25 01:00,146796
2024/4/25 02:00,146819
2024/4/25 03:00,146840
2024/4/25 04:00,146860
2024/4/25 05:00,146879
2024/4/25 06:00,146900
2024/4/25 07:00,146923
2024/4/25 08:00,146944
2024/4/25 09:00,146974
2024/4/25 10:00,147013
2024/4/25 11:00,147058
2024/4/25 12:00,147104
2024/4/25 13:00,147143
2024/4/25 14:00,147187
2024/4/25 15:00,147245
2024/4/25 16:00,147310
2024/4/25 17:00,147377
2024/4/25 18:00,147443
2024/4/25 19:00,147496
2024/4/25 20:00,147549
2024/4/25 21:00,147594
2024/4/25 22:00,147638
2024/4/25 23:00,147680
2024/4/26 00:00,147717
2024/4/26 01:00,147742
2024/4/26 02:00,147768
2024/4/26 03:00,147792
2024/4/26 04:00,147815
2024/4/26 05:00,147836
2024/4/26 06:00,147858
2024/4/26 07:00,147882
2024/4/26 08:00,147905
2024/4/26 09:00,147938
2024/4/26 10:00,147985
2024/4/26 11:00,148032
2024/4/26 12:00,148083
2024/4/26 13:00,148131
2024/4/26 14:00,148182
2024/4/26 15:00,148236
2024/4/26 16:00,148295
2024/4/26 17:00,148355
2024/4/26 18:00,148415
2024/4/26 19:00,148466
2024/4/26 20:00,148510
2024/4/26 21:00,148552
2024/4/26 22:00,148591
2024/4/26 23:00,148631
2024/4/27 00:00,148665
2024/4/27 01:00,148688
2024/4/27 02:00,148707
2024/4/27 03:00,148727
2024/4/27 04:00,148745
2024/4/27 05:00,148763
2024/4/27 06:00,148781
2024/4/27 07:00,148801
2024/4/27 08:00,148820
2024/4/27 09:00,148841
2024/4/27 10:00,148872
2024/4/27 11:00,148908
2024/4/27 12:00,148944
2024/4/27 13:00,148976
2024/4/27 14:00,149009
2024/4/27 15:00,149047
2024/4/27 16:00,149086
2024/4/27 17:00,149128
2024/4/27 18:00,149165
2024/4/27 19:00,149203
2024/4/27 20:00,149238
2024/4/27 21:00,149272
2024/4/27 22:00,149310
2024/4/27 23:00,149347
2024/4/28 00:00,149380
2024/4/28 01:00,149407
2024/4/28 02:00,149429
2024/4/28 03:00,149452
2024/4/28 04:00,149472
2024/4/28 05:00,149492
2024/4/28 06:00,149510
2024/4/28 07:00,149529
2024/4/28 08:00,149552
2024/4/28 09:00,149582
2024/4/28 10:00,149622
2024/4/28 11:00,149669
2024/4/28 12:00,149719
2024/4/28 13:00,149768
2024/4/28 14:00,149816
2024/4/28 15:00,149878
2024/4/28 16:00,149947
2024/4/28 17:00,150017
2024/4/28 18:00,150083
2024/4/28 19:00,150133
2024/4/28 20:00,150180
2024/4/28 21:00,150229
2024/4/28 22:00,150276
2024/4/28 23:00,150315
2024/4/29 00:00,150346
2024/4/29 01:00,150372
2024/4/29 02:00,150392
2024/4/29 03:00,150412
2024/4/29 04:00,150431
2024/4/29 05:00,150450
2024/4/29 06:00,150470
2024/4/29 07:00,150491
2024/4/29 08:00,150513
2024/4/29 09:00,150543
2024/4/29 10:00,150579
2024/4/29 11:00,150617
2024/4/29 12:00,150655
2024/4/29 13:00,150690
2024/4/29 14:00,150723
2024/4/29 15:00,150760
2024/4/29 16:00,150804
2024/4/29 17:00,150850
2024/4/29 18:00,150891
2024/4/29 19:00,150929
2024/4/29 20:00,150964
2024/4/29 21:00,151001
2024/4/29 22:00,151032
2024/4/29 23:00,151060
2024/4/30 00:00,151084
2024/4/30 01:00,151103
2024/4/30 02:00,151121
2024/4/30 03:00,151140
2024/4/30 04:00,151158
2024/4/30 05:00,151176
2024/4/30 06:00,151192
2024/4/30 07:00,151209
2024/4/30 08:00,151228
2024/4/30 09:00,151252
2024/4/30 10:00,151281
2024/4/30 11:00,151315
2024/4/30 12:00,151351
2024/4/30 13:00,
2024/4/30 14:00,151406
2024/4/30 15:00,151439
2024/4/30 16:00,151477
2024/4/30 17:00,151517
2024/4/30 18:00,151551
2024/4/30 19:00,151579
2024/4/30 20:00,151609
2024/4/30 21:00,151635
2024/4/30 22:00,151661
2024/4/30 23:00,151688
2024/5/1 00:00,151709
2024/5/1 01:00,151728
2024/5/1 02:00,151747
2024/5/1 03:00,151764
2024/5/1 04:00,151784
2024/5/1 05:00,151801
2024/5/1 06:00,151818
2024/5/1 07:00,151837
2024/5/1 08:00,151857
2024/5/1 09:00,151877
2024/5/1 10:00,151898
2024/5/1 11:00,151922
2024/5/1 12:00,151942
2024/5/1 13:00,151967
2024/5/1 14:00,151990
2024/5/1 15:00,152013
2024/5/1 16:00,152039
2024/5/1 17:00,152063
2024/5/1 18:00,152088
2024/5/1 19:00,152111
2024/5/1 20:00,152132
2024/5/1 21:00,152153
2024/5/1 22:00,152176
2024/5/1 23:00,152200
2024/5/2 00:00,152221
2024/5/2 01:00,152240
2024/5/2 02:00,152258
2024/5/2 03:00,152277
2024/5/2 04:00,152294
2024/5/2 05:00,152311
2024/5/2 06:00,152328
2024/5/2 07:00,152347
2024/5/2 08:00,152365
2024/5/2 09:00,152382
2024/5/2 10:00,152401
2024/5/2 11:00,152422
2024/5/2 12:00,152444
2024/5/2 13:00,152465
2024/5/2 14:00,152486
2024/5/2 15:00,152510
2024/5/2 16:00,152531
2024/5/2 17:00,152555
2024/5/2 18:00,152580
2024/5/2 19:00,152602
2024/5/2 20:00,152624
2024/5/2 21:00,152647
2024/5/2 22:00,152670
2024/5/2 23:00,152691
2024/5/3 00:00,152712
2024/5/3 01:00,152729
2024/5/3 02:00,152746
2024/5/3 03:00,152764
2024/5/3 04:00,152780
2024/5/3 05:00,152797
2024/5/3 06:00,152811
2024/5/3 07:00,152828
2024/5/3 08:00,152846
2024/5/3 09:00,152865
2024/5/3 10:00,152883
2024/5/3 11:00,152904
2024/5/3 12:00,152924
2024/5/3 13:00,152944
2024/5/3 14:00,152969
2024/5/3 15:00,152992
2024/5/3 16:00,153015
2024/5/3 17:00,153041
2024/5/3 18:00,153065
2024/5/3 19:00,153089
2024/5/3 20:00,153114
2024/5/3 21:00,153137
2024/5/3 22:00,153159
2024/5/3 23:00,153182
2024/5/4 00:00,153204
2024/5/4 01:00,153222
2024/5/4 02:00,153241
2024/5/4 03:00,153258
2024/5/4 04:00,153275
2024/5/4 05:00,153289
2024/5/4 06:00,153305
2024/5/4 07:00,153321
2024/5/4 08:00,153336
2024/5/4 09:00,153353
2024/5/4 10:00,153373
2024/5/4 11:00,153394
2024/5/4 12:00,153416
2024/5/4 13:00,153440
2024/5/4 14:00,153467
2024/5/4 15:00,153489
2024/5/4 16:00,153513
2024/5/4 17:00,153537
2024/5/4 18:00,153563
2024/5/4 19:00,153586
2024/5/4 20:00,153609
2024/5/4 21:00,153636
2024/5/4 22:00,153660
2024/5/4 23:00,153684
2024/5/5 00:00,153706
2024/5/5 01:00,153725
2024/5/5 02:00,153743
2024/5/5 03:00,153759
2024/5/5 04:00,153777
2024/5/5 05:00,153793
2024/5/5 06:00,153810
2024/5/5 07:00,153830
2024/5/5 08:00,153848
2024/5/5 09:00,153866
2024/5/5 10:00,153887
2024/5/5 11:00,153910
2024/5/5 12:00,153935
2024/5/5 13:00,153957
2024/5/5 14:00,153982
2024/5/5 15:00,154010
2024/5/5 16:00,154038
2024/5/5 17:00,154066
2024/5/5 18:00,154092
2024/5/5 19:00,154118
2024/5/5 20:00,154142
2024/5/5 21:00,154171
2024/5/5 22:00,154196
2024/5/5 23:00,154221
2024/5/6 00:00,154241
2024/5/6 01:00,154261
2024/5/6 02:00,154277
2024/5/6 03:00,154293
2024/5/6 04:00,154310
2024/5/6 05:00,154327
2024/5/6 06:00,154341
2024/5/6 07:00,154358
2024/5/6 08:00,154376
2024/5/6 09:00,154402
2024/5/6 10:00,154435
2024/5/6 11:00,154471
2024/5/6 12:00,154508
2024/5/6 13:00,154540
2024/5/6 14:00,154570
2024/5/6 15:00,154611
2024/5/6 16:00,154656
2024/5/6 17:00,154701
2024/5/6 18:00,154744
2024/5/6 19:00,154783
2024/5/6 20:00,154822
2024/5/6 21:00,154862
2024/5/6 22:00,154899
2024/5/6 23:00,154933
2024/5/7 00:00,154962
2024/5/7 01:00,154986
2024/5/7 02:00,155010
2024/5/7 03:00,155032
2024/5/7 04:00,155052
2024/5/7 05:00,155073
2024/5/7 06:00,155094
2024/5/7 07:00,155115
2024/5/7 08:00,155138
2024/5/7 09:00,155167
2024/5/7 10:00,155208
2024/5/7 11:00,155249
2024/5/7 12:00,155288
2024/5/7 13:00,155328
2024/5/7 14:00,155371
2024/5/7 15:00,155416
2024/5/7 16:00,155470
2024/5/7 17:00,155525
2024/5/7 18:00,155592
2024/5/7 19:00,155652
2024/5/7 20:00,155705
2024/5/7 21:00,155754
2024/5/7 22:00,155797
2024/5/7 23:00,155834
2024/5/8 00:00,155865
2024/5/8 01:00,155890
2024/5/8 02:00,155913
2024/5/8 03:00,155937
2024/5/8 04:00,155957
2024/5/8 05:00,155978
2024/5/8 06:00,155999
2024/5/8 07:00,156022
2024/5/8 08:00,156044
2024/5/8 09:00,156077
2024/5/8 10:00,156120
2024/5/8 11:00,156163
2024/5/8 12:00,156209
2024/5/8 13:00,156251
2024/5/8 14:00,156291
2024/5/8 15:00,156336
2024/5/8 16:00,156391
2024/5/8 17:00,156448
2024/5/8 18:00,156498
2024/5/8 19:00,156539
2024/5/8 20:00,156579
2024/5/8 21:00,156621
2024/5/8 22:00,156664
2024/5/8 23:00,156709
2024/5/9 00:00,156746
2024/5/9 01:00,156774
2024/5/9 02:00,156799
2024/5/9 03:00,156822
2024/5/9 04:00,156846
2024/5/9 05:00,156869
2024/5/9 06:00,156891
2024/5/9 07:00,156914
2024/5/9 08:00,156939
2024/5/9 09:00,156970
2024/5/9 10:00,157011
2024/5/9 11:00,157058
2024/5/9 12:00,157105
2024/5/9 13:00,157152
2024/5/9 14:00,157198
2024/5/9 15:00,157247
2024/5/9 16:00,157305
2024/5/9 17:00,157370
2024/5/9 18:00,157427
2024/5/9 19:00,157474
2024/5/9 20:00,157521
2024/5/9 21:00,157565
2024/5/9 22:00,157608
2024/5/9 23:00,157644
2024/5/10 00:00,157676
2024/5/10 01:00,157699
2024/5/10 02:00,157719
2024/5/10 03:00,157740
2024/5/10 04:00,157760
2024/5/10 05:00,157781
2024/5/10 06:00,157801
2024/5/10 07:00,157822
2024/5/10 08:00,157844
2024/5/10 09:00,157875
2024/5/10 10:00,157918
2024/5/10 11:00,157965
2024/5/10 12:00,158014
2024/5/10 13:00,158059
2024/5/10 14:00,158105
2024/5/10 15:00,158156
2024/5/10 16:00,158217
2024/5/10 17:00,158276
2024/5/10 18:00,158334
2024/5/10 19:00,158387
2024/5/10 20:00,158427
2024/5/10 21:00,158463
2024/5/10 22:00,158497
2024/5/10 23:00,158528
2024/5/11 00:00,158554
2024/5/11 01:00,158575
2024/5/11 02:00,158594
2024/5/11 03:00,158613
2024/5/11 04:00,158631
2024/5/11 05:00,158651
2024/5/11 06:00,158668
2024/5/11 07:00,158688
2024/5/11 08:00,158707
2024/5/11 09:00,158734
2024/5/11 10:00,158763
2024/5/11 11:00,158800
2024/5/11 12:00,158835
2024/5/11 13:00,158869
2024/5/11 14:00,158907
2024/5/11 15:00,158943
2024/5/11 16:00,158986
2024/5/11 17:00,159029
2024/5/11 18:00,159073
2024/5/11 19:00,159116
2024/5/11 20:00,159151
2024/5/11 21:00,159185
2024/5/11 22:00,159217
2024/5/11 23:00,159248
2024/5/12 00:00,159269
2024/5/12 01:00,159292
2024/5/12 02:00,159311
2024/5/12 03:00,159329
2024/5/12 04:00,159346
2024/5/12 05:00,159363
2024/5/12 06:00,159379
2024/5/12 07:00,159398
2024/5/12 08:00,159417
2024/5/12 09:00,159439
2024/5/12 10:00,159465
2024/5/12 11:00,159494
2024/5/12 12:00,159526
2024/5/12 13:00,159556
2024/5/12 14:00,159584
2024/5/12 15:00,159618
2024/5/12 16:00,159658
2024/5/12 17:00,159698
2024/5/12 18:00,159739
2024/5/12 19:00,159781
2024/5/12 20:00,159819
2024/5/12 21:00,159856
2024/5/12 22:00,159894
2024/5/12 23:00,159926
2024/5/13 00:00,159952
2024/5/13 01:00,159971
2024/5/13 02:00,159986
2024/5/13 03:00,160000
2024/5/13 04:00,160016
2024/5/13 05:00,160030
2024/5/13 06:00,160046
2024/5/13 07:00,160062
2024/5/13 08:00,160077
2024/5/13 09:00,160107
2024/5/13 10:00,160150
2024/5/13 11:00,160196
2024/5/13 12:00,160245
2024/5/13 13:00,160289
2024/5/13 14:00,160335
2024/5/13 15:00,160395
2024/5/13 16:00,160458
2024/5/13 17:00,160524
2024/5/13 18:00,160584
2024/5/13 19:00,160644
2024/5/13 20:00,160697
2024/5/13 21:00,160764
2024/5/13 22:00,160806
2024/5/13 23:00,160838
2024/5/14 00:00,160868
2024/5/14 01:00,160887
2024/5/14 02:00,160908
2024/5/14 03:00,160926
2024/5/14 04:00,160942
2024/5/14 05:00,160957
2024/5/14 06:00,160973
2024/5/14 07:00,160993
2024/5/14 08:00,161011
2024/5/14 09:00,161046
2024/5/14 10:00,161105
2024/5/14 11:00,161165
2024/5/14 12:00,161233
2024/5/14 13:00,161291
2024/5/14 14:00,161346
2024/5/14 15:00,161410
2024/5/14 16:00,161480
2024/5/14 17:00,161555
2024/5/14 18:00,161630
2024/5/14 19:00,161704
2024/5/14 20:00,161765
2024/5/14 21:00,161819
2024/5/14 22:00,161866
2024/5/14 23:00,161913
2024/5/15 00:00,161950
2024/5/15 01:00,161977
2024/5/15 02:00,162001
2024/5/15 03:00,162023
2024/5/15 04:00,162042
2024/5/15 05:00,162060
2024/5/15 06:00,162080
2024/5/15 07:00,162101
2024/5/15 08:00,162122
2024/5/15 09:00,162156
2024/5/15 10:00,162207
2024/5/15 11:00,162262
2024/5/15 12:00,162321
2024/5/15 13:00,162372
2024/5/15 14:00,162421
2024/5/15 15:00,162481
2024/5/15 16:00,162555
2024/5/15 17:00,162623
2024/5/15 18:00,162686
2024/5/15 19:00,162742
2024/5/15 20:00,162792
2024/5/15 21:00,162840
2024/5/15 22:00,162883
2024/5/15 23:00,162925
2024/5/16 00:00,162959
2024/5/16 01:00,162983
2024/5/16 02:00,163001
2024/5/16 03:00,163021
2024/5/16 04:00,163040
2024/5/16 05:00,163057
2024/5/16 06:00,163074
2024/5/16 07:00,163094
2024/5/16 08:00,163114
2024/5/16 09:00,163147
2024/5/16 10:00,163194
2024/5/16 11:00,163252
2024/5/16 12:00,163311
2024/5/16 13:00,163366
2024/5/16 14:00,163421
2024/5/16 15:00,163485
2024/5/16 16:00,163558
2024/5/16 17:00,163633
2024/5/16 18:00,163703
2024/5/16 19:00,163767
2024/5/16 20:00,163825
2024/5/16 21:00,163877
2024/5/16 22:00,163933
2024/5/16 23:00,163978
2024/5/17 00:00,164012
2024/5/17 01:00,164041
2024/5/17 02:00,164061
2024/5/17 03:00,164079
2024/5/17 04:00,164096
2024/5/17 05:00,164112
2024/5/17 06:00,164128
2024/5/17 07:00,164149
2024/5/17 08:00,164168
2024/5/17 09:00,164206
2024/5/17 10:00,164257
2024/5/17 11:00,164319
2024/5/17 12:00,164386
2024/5/17 13:00,164451
2024/5/17 14:00,164513
2024/5/17 15:00,164584
2024/5/17 16:00,164662
2024/5/17 17:00,164740
2024/5/17 18:00,164816
2024/5/17 19:00,164879
2024/5/17 20:00,164936
2024/5/17 21:00,164995
2024/5/17 22:00,165050
2024/5/17 23:00,165097
2024/5/18 00:00,165136
2024/5/18 01:00,165164
2024/5/18 02:00,165187
2024/5/18 03:00,165207
2024/5/18 04:00,165228
2024/5/18 05:00,165248
2024/5/18 06:00,165265
2024/5/18 07:00,165284
2024/5/18 08:00,165306
2024/5/18 09:00,165338
2024/5/18 10:00,165395
2024/5/18 11:00,165455
2024/5/18 12:00,165515
2024/5/18 13:00,165567
2024/5/18 14:00,165622
2024/5/18 15:00,165678
2024/5/18 16:00,165746
2024/5/18 17:00,165814
2024/5/18 18:00,165880
2024/5/18 19:00,165939
2024/5/18 20:00,165995
2024/5/18 21:00,166050
2024/5/18 22:00,166107
2024/5/18 23:00,166159
2024/5/19 00:00,166196
2024/5/19 01:00,166223
2024/5/19 02:00,166246
2024/5/19 03:00,166265
2024/5/19 04:00,166288
2024/5/19 05:00,166306
2024/5/19 06:00,166325
2024/5/19 07:00,166343
2024/5/19 08:00,166362
2024/5/19 09:00,166386
2024/5/19 10:00,166432
2024/5/19 11:00,166492
2024/5/19 12:00,166546
2024/5/19 13:00,166593
2024/5/19 14:00,166641
2024/5/19 15:00,166693
2024/5/19 16:00,166748
2024/5/19 17:00,166802
2024/5/19 18:00,166854
2024/5/19 19:00,166906
2024/5/19 20:00,166966
2024/5/19 21:00,167020
2024/5/19 22:00,167071
2024/5/19 23:00,167121
2024/5/20 00:00,167158
2024/5/20 01:00,167184
2024/5/20 02:00,167206
2024/5/20 03:00,167228
2024/5/20 04:00,167248
2024/5/20 05:00,167267
2024/5/20 06:00,167286
2024/5/20 07:00,167305
2024/5/20 08:00,167328
2024/5/20 09:00,167369
2024/5/20 10:00,167439
2024/5/20 11:00,167514
2024/5/20 12:00,167590
2024/5/20 13:00,167655
2024/5/20 14:00,167722
2024/5/20 15:00,167802
2024/5/20 16:00,167900
2024/5/20 17:00,168000
2024/5/20 18:00,168093
2024/5/20 19:00,168170
2024/5/20 20:00,168243
2024/5/20 21:00,168313
2024/5/20 22:00,168373
2024/5/20 23:00,168429
2024/5/21 00:00,168471
2024/5/21 01:00,168502
2024/5/21 02:00,168523
2024/5/21 03:00,168545
2024/5/21 04:00,168565
2024/5/21 05:00,168583
2024/5/21 06:00,168602
2024/5/21 07:00,168621
2024/5/21 08:00,168646
2024/5/21 09:00,168687
2024/5/21 10:00,168753
2024/5/21 11:00,168828
2024/5/21 12:00,168902
2024/5/21 13:00,168974
2024/5/21 14:00,169041
2024/5/21 15:00,169117
2024/5/21 16:00,169201
2024/5/21 17:00,169285
2024/5/21 18:00,169368
2024/5/21 19:00,169440
2024/5/21 20:00,169508
2024/5/21 21:00,169571
2024/5/21 22:00,169633
2024/5/21 23:00,169692
2024/5/22 00:00,169737
2024/5/22 01:00,169768
2024/5/22 02:00,169795
2024/5/22 03:00,169817
2024/5/22 04:00,169840
2024/5/22 05:00,169862
2024/5/22 06:00,169886
2024/5/22 07:00,169909
2024/5/22 08:00,169933
2024/5/22 09:00,169972
2024/5/22 10:00,170037
2024/5/22 11:00,170120
2024/5/22 12:00,170203
2024/5/22 13:00,170283
2024/5/22 14:00,170351
2024/5/22 15:00,170424
2024/5/22 16:00,170520
2024/5/22 17:00,170604
2024/5/22 18:00,170687
2024/5/22 19:00,170760
2024/5/22 20:00,170830
2024/5/22 21:00,170894
2024/5/22 22:00,170958
2024/5/22 23:00,171011
2024/5/23 00:00,171055
2024/5/23 01:00,171092
2024/5/23 02:00,171118
2024/5/23 03:00,171144
2024/5/23 04:00,171167
2024/5/23 05:00,171191
2024/5/23 06:00,171213
2024/5/23 07:00,171238
2024/5/23 08:00,171264
2024/5/23 09:00,171312
2024/5/23 10:00,171386
2024/5/23 11:00,171466
2024/5/23 12:00,171546
2024/5/23 13:00,171620
2024/5/23 14:00,171689
2024/5/23 15:00,171768
2024/5/23 16:00,171857
2024/5/23 17:00,171939
2024/5/23 18:00,172020
2024/5/23 19:00,172099
2024/5/23 20:00,172169
2024/5/23 21:00,172239
2024/5/23 22:00,172304
2024/5/23 23:00,172361
2024/5/24 00:00,172412
2024/5/24 01:00,172457
2024/5/24 02:00,172499
2024/5/24 03:00,172533
2024/5/24 04:00,172562
2024/5/24 05:00,172591
2024/5/24 06:00,172617
2024/5/24 07:00,172649
2024/5/24 08:00,172679
2024/5/24 09:00,172731
2024/5/24 10:00,172810
2024/5/24 11:00,172899
2024/5/24 12:00,172984
2024/5/24 13:00,173063
2024/5/24 14:00,173144
2024/5/24 15:00,173245
2024/5/24 16:00,173356
2024/5/24 17:00,173456
2024/5/24 18:00,173556
2024/5/24 19:00,173624
2024/5/24 20:00,173689
2024/5/24 21:00,173755
2024/5/24 22:00,173817
2024/5/24 23:00,173868
2024/5/25 00:00,173913
2024/5/25 01:00,173948
2024/5/25 02:00,173975
2024/5/25 03:00,173999
2024/5/25 04:00,174022
2024/5/25 05:00,174044
2024/5/25 06:00,174066
2024/5/25 07:00,174087
2024/5/25 08:00,174111
2024/5/25 09:00,174142
2024/5/25 10:00,174191
2024/5/25 11:00,174253
2024/5/25 12:00,174310
2024/5/25 13:00,174359
2024/5/25 14:00,174402
2024/5/25 15:00,174442
2024/5/25 16:00,174485
2024/5/25 17:00,174532
2024/5/25 18:00,174580
2024/5/25 19:00,174628
2024/5/25 20:00,174673
2024/5/25 21:00,174713
2024/5/25 22:00,174759
2024/5/25 23:00,174801
2024/5/26 00:00,174837
2024/5/26 01:00,174866
2024/5/26 02:00,174891
2024/5/26 03:00,174915
2024/5/26 04:00,174937
2024/5/26 05:00,174958
2024/5/26 06:00,174977
2024/5/26 07:00,174997
2024/5/26 08:00,175017
2024/5/26 09:00,175042
2024/5/26 10:00,175078
2024/5/26 11:00,175126
2024/5/26 12:00,175174
2024/5/26 13:00,175221
2024/5/26 14:00,175274
2024/5/26 15:00,175323
2024/5/26 16:00,175380
2024/5/26 17:00,175436
2024/5/26 18:00,175492
2024/5/26 19:00,175549
2024/5/26 20:00,175601
2024/5/26 21:00,175654
2024/5/26 22:00,175708
2024/5/26 23:00,175755
2024/5/27 00:00,175794
2024/5/27 01:00,175825
2024/5/27 02:00,175850
2024/5/27 03:00,175871
2024/5/27 04:00,175893
2024/5/27 05:00,175915
2024/5/27 06:00,175938
2024/5/27 07:00,175959
2024/5/27 08:00,175983
2024/5/27 09:00,176033
2024/5/27 10:00,176100
2024/5/27 11:00,176176
2024/5/27 12:00,
2024/5/27 13:00,176317
2024/5/27 14:00,176380
2024/5/27 15:00,176447
2024/5/27 16:00,176524
2024/5/27 17:00,176605
2024/5/27 18:00,176683
2024/5/27 19:00,176748
2024/5/27 20:00,176807
2024/5/27 21:00,
2024/5/27 22:00,
2024/5/27 23:00,
2024/5/28 00:00,
2024/5/28 01:00,
2024/5/28 02:00,
2024/5/28 03:00,
2024/5/28 04:00,
2024/5/28 05:00,
2024/5/28 06:00,
2024/5/28 07:00,
2024/5/28 08:00,
2024/5/28 09:00,
2024/5/28 10:00,
2024/5/28 11:00,
2024/5/28 12:00,
2024/5/28 13:00,
2024/5/28 14:00,
2024/5/28 15:00,
2024/5/28 16:00,
2024/5/28 17:00,
2024/5/28 18:00,
2024/5/28 19:00,
2024/5/28 20:00,
2024/5/28 21:00,
2024/5/28 22:00,178166
2024/5/28 23:00,178208
2024/5/29 00:00,178245
2024/5/29 01:00,178276
2024/5/29 02:00,178301
2024/5/29 03:00,178325
2024/5/29 04:00,178347
2024/5/29 05:00,178370
2024/5/29 06:00,178391
2024/5/29 07:00,178415
2024/5/29 08:00,178439
2024/5/29 09:00,178474
2024/5/29 10:00,178530
2024/5/29 11:00,178595
2024/5/29 12:00,178648
2024/5/29 13:00,178692
2024/5/29 14:00,178736
2024/5/29 15:00,178787
2024/5/29 16:00,178853
2024/5/29 17:00,178906
2024/5/29 18:00,178958
2024/5/29 19:00,179005
2024/5/29 20:00,179044
2024/5/29 21:00,179083
2024/5/29 22:00,179122
2024/5/29 23:00,179159
2024/5/30 00:00,179191
2024/5/30 01:00,179215
2024/5/30 02:00,179240
2024/5/30 03:00,179261
2024/5/30 04:00,179279
2024/5/30 05:00,179300
2024/5/30 06:00,179319
2024/5/30 07:00,179340
2024/5/30 08:00,179359
2024/5/30 09:00,179396
2024/5/30 10:00,179451
2024/5/30 11:00,
2024/5/30 12:00,179572
2024/5/30 13:00,179620
2024/5/30 14:00,179671
2024/5/30 15:00,179737
2024/5/30 16:00,
2024/5/30 17:00,179898
2024/5/30 18:00,179971
2024/5/30 19:00,180035
2024/5/30 20:00,180095
2024/5/30 21:00,180152
2024/5/30 22:00,180210
2024/5/30 23:00,180264
2024/5/31 00:00,180307
2024/5/31 01:00,180336
2024/5/31 02:00,180363
2024/5/31 03:00,180388
2024/5/31 04:00,180411
2024/5/31 05:00,180433
2024/5/31 06:00,180456
2024/5/31 07:00,180479
2024/5/31 08:00,180506
2024/5/31 09:00,180553
2024/5/31 10:00,180627
2024/5/31 11:00,180713
2024/5/31 12:00,180799
2024/5/31 13:00,180880
2024/5/31 14:00,
2024/5/31 15:00,181047
2024/5/31 16:00,
2024/5/31 17:00,
2024/5/31 18:00,181287
2024/5/31 19:00,181347
2024/5/31 20:00,181402
2024/5/31 21:00,181459
2024/5/31 22:00,181509
2024/5/31 23:00,181556
2024/6/1 00:00,181597
2024/6/1 01:00,181629
2024/6/1 02:00,181656
2024/6/1 03:00,181681
2024/6/1 04:00,181708
2024/6/1 05:00,181734
2024/6/1 06:00,181760
2024/6/1 07:00,181785
2024/6/1 08:00,181813
2024/6/1 09:00,181848
2024/6/1 10:00,181893
2024/6/1 11:00,181947
2024/6/1 12:00,181998
2024/6/1 13:00,182042
2024/6/1 14:00,182084
2024/6/1 15:00,182124
2024/6/1 16:00,182172
2024/6/1 17:00,182217
2024/6/1 18:00,182262
2024/6/1 19:00,182298
2024/6/1 20:00,182336
2024/6/1 21:00,182372
2024/6/1 22:00,182409
2024/6/1 23:00,182443
2024/6/2 00:00,182474
2024/6/2 01:00,182502
2024/6/2 02:00,
2024/6/2 03:00,182549
2024/6/2 04:00,182571
2024/6/2 05:00,182592
2024/6/2 06:00,182615
2024/6/2 07:00,
2024/6/2 08:00,182661
2024/6/2 09:00,182683
2024/6/2 10:00,182712
2024/6/2 11:00,182747
2024/6/2 12:00,182784
2024/6/2 13:00,182818
2024/6/2 14:00,182852
2024/6/2 15:00,182892
2024/6/2 16:00,182931
2024/6/2 17:00,182973
2024/6/2 18:00,183013
2024/6/2 19:00,183048
2024/6/2 20:00,183087
2024/6/2 21:00,183125
2024/6/2 22:00,183159
2024/6/2 23:00,183190
2024/6/3 00:00,183219
2024/6/3 01:00,183245
2024/6/3 02:00,183264
2024/6/3 03:00,183284
2024/6/3 04:00,183305
2024/6/3 05:00,183324
2024/6/3 06:00,183343
2024/6/3 07:00,183364
2024/6/3 08:00,
2024/6/3 09:00,183415
2024/6/3 10:00,
2024/6/3 11:00,
2024/6/3 12:00,
2024/6/3 13:00,183597
2024/6/3 14:00,183646
2024/6/3 15:00,183709
2024/6/3 16:00,183796
2024/6/3 17:00,183876
2024/6/3 18:00,
2024/6/3 19:00,184019
2024/6/3 20:00,184077
2024/6/3 21:00,184134
2024/6/3 22:00,184191
2024/6/3 23:00,184233
2024/6/4 00:00,184268
2024/6/4 01:00,184300
2024/6/4 02:00,184327
2024/6/4 03:00,184350
2024/6/4 04:00,184372
2024/6/4 05:00,184391
2024/6/4 06:00,184414
2024/6/4 07:00,184436
2024/6/4 08:00,184457
2024/6/4 09:00,184492
2024/6/4 10:00,184538
2024/6/4 11:00,184600
2024/6/4 12:00,184664
2024/6/4 13:00,184724
2024/6/4 14:00,184784
2024/6/4 15:00,184852
2024/6/4 16:00,184927
2024/6/4 17:00,185002
2024/6/4 18:00,185064
2024/6/4 19:00,
2024/6/4 20:00,
2024/6/4 21:00,
2024/6/4 22:00,
2024/6/4 23:00,
2024/6/5 00:00,
2024/6/5 01:00,
2024/6/5 02:00,
2024/6/5 03:00,
2024/6/5 04:00,
2024/6/5 05:00,
2024/6/5 06:00,
2024/6/5 07:00,
2024/6/5 08:00,
2024/6/5 09:00,
2024/6/5 10:00,
2024/6/5 11:00,
2024/6/5 12:00,
2024/6/5 13:00,
2024/6/5 14:00,
2024/6/5 15:00,
2024/6/5 16:00,
2024/6/5 17:00,
2024/6/5 18:00,
2024/6/5 19:00,
2024/6/5 20:00,186193
2024/6/5 21:00,186244
2024/6/5 22:00,186292
2024/6/5 23:00,186335
2024/6/6 00:00,186370
2024/6/6 01:00,186398
2024/6/6 02:00,186423
2024/6/6 03:00,186447
2024/6/6 04:00,186471
2024/6/6 05:00,186492
2024/6/6 06:00,186512
2024/6/6 07:00,186533
2024/6/6 08:00,186558
2024/6/6 09:00,186594
2024/6/6 10:00,186654
2024/6/6 11:00,186713
2024/6/6 12:00,186768
2024/6/6 13:00,186820
2024/6/6 14:00,186873
2024/6/6 15:00,186924
2024/6/6 16:00,186984
2024/6/6 17:00,187051
2024/6/6 18:00,187111
2024/6/6 19:00,187167
2024/6/6 20:00,187220
2024/6/6 21:00,187277
2024/6/6 22:00,187325
2024/6/6 23:00,187365
2024/6/7 00:00,187400
2024/6/7 01:00,187426
2024/6/7 02:00,187449
2024/6/7 03:00,187475
2024/6/7 04:00,187496
2024/6/7 05:00,187516
2024/6/7 06:00,187535
2024/6/7 07:00,187555
2024/6/7 08:00,187580
2024/6/7 09:00,187618
2024/6/7 10:00,187678
2024/6/7 11:00,187744
2024/6/7 12:00,187800
2024/6/7 13:00,187858
2024/6/7 14:00,187918
2024/6/7 15:00,187993
2024/6/7 16:00,188068
2024/6/7 17:00,188150
2024/6/7 18:00,188223
2024/6/7 19:00,188282
2024/6/7 20:00,188332
2024/6/7 21:00,188383
2024/6/7 22:00,188428
2024/6/7 23:00,188468
2024/6/8 00:00,188500
2024/6/8 01:00,188529
2024/6/8 02:00,188550
2024/6/8 03:00,188572
2024/6/8 04:00,188592
2024/6/8 05:00,188613
2024/6/8 06:00,188633
2024/6/8 07:00,188655
2024/6/8 08:00,188674
2024/6/8 09:00,188703
2024/6/8 10:00,188733
2024/6/8 11:00,188769
2024/6/8 12:00,188808
2024/6/8 13:00,188843
2024/6/8 14:00,188880
2024/6/8 15:00,188921
2024/6/8 16:00,188958
2024/6/8 17:00,188998
2024/6/8 18:00,189038
2024/6/8 19:00,189081
2024/6/8 20:00,189119
2024/6/8 21:00,189161
2024/6/8 22:00,189195
2024/6/8 23:00,189226
2024/6/9 00:00,189255
2024/6/9 01:00,189276
2024/6/9 02:00,189296
2024/6/9 03:00,189313
2024/6/9 04:00,189334
2024/6/9 05:00,189352
2024/6/9 06:00,189368
2024/6/9 07:00,189387
2024/6/9 08:00,189405
2024/6/9 09:00,189429
2024/6/9 10:00,189455
2024/6/9 11:00,189486
2024/6/9 12:00,189523
2024/6/9 13:00,189560
2024/6/9 14:00,189599
2024/6/9 15:00,189638
2024/6/9 16:00,189681
2024/6/9 17:00,189724
2024/6/9 18:00,189768
2024/6/9 19:00,189816
2024/6/9 20:00,189857
2024/6/9 21:00,189894
2024/6/9 22:00,189929
2024/6/9 23:00,189963
2024/6/10 00:00,189994
2024/6/10 01:00,190021
2024/6/10 02:00,190043
2024/6/10 03:00,190064
2024/6/10 04:00,190084
2024/6/10 05:00,190104
2024/6/10 06:00,190124
2024/6/10 07:00,190142
2024/6/10 08:00,190162
2024/6/10 09:00,190188
2024/6/10 10:00,190222
2024/6/10 11:00,190275
2024/6/10 12:00,190331
2024/6/10 13:00,190375
2024/6/10 14:00,190417
2024/6/10 15:00,190465
2024/6/10 16:00,190521
2024/6/10 17:00,190578
2024/6/10 18:00,190634
2024/6/10 19:00,190691
2024/6/10 20:00,190755
2024/6/10 21:00,190820
2024/6/10 22:00,190874
2024/6/10 23:00,190917
2024/6/11 00:00,190954
2024/6/11 01:00,190983
2024/6/11 02:00,191006
2024/6/11 03:00,191028
2024/6/11 04:00,191053
2024/6/11 05:00,191075
2024/6/11 06:00,191096
2024/6/11 07:00,191120
2024/6/11 08:00,191148
2024/6/11 09:00,191201
2024/6/11 10:00,191278
2024/6/11 11:00,191372
2024/6/11 12:00,191465
2024/6/11 13:00,191556
2024/6/11 14:00,191647
2024/6/11 15:00,191742
2024/6/11 16:00,191840
2024/6/11 17:00,
2024/6/11 18:00,
2024/6/11 19:00,
2024/6/11 20:00,
2024/6/11 21:00,192243
2024/6/11 22:00,192313
2024/6/11 23:00,192373
2024/6/12 00:00,192419
2024/6/12 01:00,192450
2024/6/12 02:00,192478
2024/6/12 03:00,192506
2024/6/12 04:00,192529
2024/6/12 05:00,192553
2024/6/12 06:00,192575
2024/6/12 07:00,192602
2024/6/12 08:00,192633
2024/6/12 09:00,192687
2024/6/12 10:00,192751
2024/6/12 11:00,
2024/6/12 12:00,192893
2024/6/12 13:00,192957
2024/6/12 14:00,193028
2024/6/12 15:00,193104
2024/6/12 16:00,193200
2024/6/12 17:00,193303
2024/6/12 18:00,193405
2024/6/12 19:00,193491
2024/6/12 20:00,193573
2024/6/12 21:00,193649
2024/6/12 22:00,193720
2024/6/12 23:00,193774
2024/6/13 00:00,193821
2024/6/13 01:00,193853
2024/6/13 02:00,193881
2024/6/13 03:00,193904
2024/6/13 04:00,193929
2024/6/13 05:00,193952
2024/6/13 06:00,193974
2024/6/13 07:00,193999
2024/6/13 08:00,194023
2024/6/13 09:00,194076
2024/6/13 10:00,194158
2024/6/13 11:00,194249
2024/6/13 12:00,194342
2024/6/13 13:00,194424
2024/6/13 14:00,
2024/6/13 15:00,
2024/6/13 16:00,
2024/6/13 17:00,194801
2024/6/13 18:00,194900
2024/6/13 19:00,194979
2024/6/13 20:00,195052
2024/6/13 21:00,195128
2024/6/13 22:00,195199
2024/6/13 23:00,195260
2024/6/14 00:00,195310
2024/6/14 01:00,195352
2024/6/14 02:00,195383
2024/6/14 03:00,195411
2024/6/14 04:00,195437
2024/6/14 05:00,195463
2024/6/14 06:00,195489
2024/6/14 07:00,195517
2024/6/14 08:00,195547
2024/6/14 09:00,195606
2024/6/14 10:00,195685
2024/6/14 11:00,195778
2024/6/14 12:00,195867
2024/6/14 13:00,195939
2024/6/14 14:00,196014
2024/6/14 15:00,196097
2024/6/14 16:00,196193
2024/6/14 17:00,196298
2024/6/14 18:00,196390
2024/6/14 19:00,196474
2024/6/14 20:00,196552
2024/6/14 21:00,196623
2024/6/14 22:00,196693
2024/6/14 23:00,196754
2024/6/15 00:00,196805
2024/6/15 01:00,196846
2024/6/15 02:00,196881
2024/6/15 03:00,196907
2024/6/15 04:00,196934
2024/6/15 05:00,196960
2024/6/15 06:00,196988
2024/6/15 07:00,197015
2024/6/15 08:00,197044
2024/6/15 09:00,197082
2024/6/15 10:00,197140
2024/6/15 11:00,197209
2024/6/15 12:00,197278
2024/6/15 13:00,197337
2024/6/15 14:00,197398
2024/6/15 15:00,197459
2024/6/15 16:00,197527
2024/6/15 17:00,197596
2024/6/15 18:00,197668
2024/6/15 19:00,197738
2024/6/15 20:00,197807
2024/6/15 21:00,197878
2024/6/15 22:00,197947
2024/6/15 23:00,198014
2024/6/16 00:00,198069
2024/6/16 01:00,198112
2024/6/16 02:00,198149
2024/6/16 03:00,198179
2024/6/16 04:00,198208
2024/6/16 05:00,198236
2024/6/16 06:00,198264
2024/6/16 07:00,198289
2024/6/16 08:00,198322
2024/6/16 09:00,198375
2024/6/16 10:00,198437
2024/6/16 11:00,198506
2024/6/16 12:00,198588
2024/6/16 13:00,198657
2024/6/16 14:00,198721
2024/6/16 15:00,198777
2024/6/16 16:00,198840
2024/6/16 17:00,198922
2024/6/16 18:00,199000
2024/6/16 19:00,199072
2024/6/16 20:00,199133
2024/6/16 21:00,199191
2024/6/16 22:00,199251
2024/6/16 23:00,199303
2024/6/17 00:00,199349
2024/6/17 01:00,199388
2024/6/17 02:00,199417
2024/6/17 03:00,199441
2024/6/17 04:00,199465
2024/6/17 05:00,199488
2024/6/17 06:00,199511
2024/6/17 07:00,199535
2024/6/17 08:00,199562
2024/6/17 09:00,199612
2024/6/17 10:00,199690
2024/6/17 11:00,199777
2024/6/17 12:00,199863
2024/6/17 13:00,199939
2024/6/17 14:00,200015
2024/6/17 15:00,200101
2024/6/17 16:00,200202
2024/6/17 17:00,200306
2024/6/17 18:00,200419
2024/6/17 19:00,200529
2024/6/17 20:00,200622
2024/6/17 21:00,200709
2024/6/17 22:00,200780
2024/6/17 23:00,200842
2024/6/18 00:00,200890
2024/6/18 01:00,200933
2024/6/18 02:00,200967
2024/6/18 03:00,200994
2024/6/18 04:00,201019
2024/6/18 05:00,201043
2024/6/18 06:00,201065
2024/6/18 07:00,201090
2024/6/18 08:00,201116
2024/6/18 09:00,201167
2024/6/18 10:00,201248
2024/6/18 11:00,201347
2024/6/18 12:00,201441
2024/6/18 13:00,201536
2024/6/18 14:00,201632
2024/6/18 15:00,201725
2024/6/18 16:00,201830
2024/6/18 17:00,201931
2024/6/18 18:00,202017
2024/6/18 19:00,202091
2024/6/18 20:00,202165
2024/6/18 21:00,202239
2024/6/18 22:00,202313
2024/6/18 23:00,202382
2024/6/19 00:00,202428
2024/6/19 01:00,202428
2024/6/19 02:00,202428
2024/6/19 03:00,202432
2024/6/19 04:00,202446
2024/6/19 05:00,202459
2024/6/19 06:00,202470
2024/6/19 07:00,202484
2024/6/19 08:00,202498
2024/6/19 09:00,202543
2024/6/19 10:00,202613
2024/6/19 11:00,202694
2024/6/19 12:00,202775
2024/6/19 13:00,202844
2024/6/19 14:00,202914
2024/6/19 15:00,202991
2024/6/19 16:00,203082
2024/6/19 17:00,203174
2024/6/19 18:00,203267
2024/6/19 19:00,203352
2024/6/19 20:00,203436
2024/6/19 21:00,203508
2024/6/19 22:00,203575
2024/6/19 23:00,203639
2024/6/20 00:00,203692
2024/6/20 01:00,203729
2024/6/20 02:00,203757
2024/6/20 03:00,203780
2024/6/20 04:00,203806
2024/6/20 05:00,203828
2024/6/20 06:00,203849
2024/6/20 07:00,203872
2024/6/20 08:00,203895
2024/6/20 09:00,203943
2024/6/20 10:00,204027
2024/6/20 11:00,204113
2024/6/20 12:00,204196
2024/6/20 13:00,204270
2024/6/20 14:00,204345
2024/6/20 15:00,204424
2024/6/20 16:00,204516
2024/6/20 17:00,204620
2024/6/20 18:00,204734
2024/6/20 19:00,204815
2024/6/20 20:00,204891
2024/6/20 21:00,204966
2024/6/20 22:00,205034
2024/6/20 23:00,205101
2024/6/21 00:00,205155
2024/6/21 01:00,205198
2024/6/21 02:00,205236
2024/6/21 03:00,205266
2024/6/21 04:00,205296
2024/6/21 05:00,205321
2024/6/21 06:00,205345
2024/6/21 07:00,205374
2024/6/21 08:00,205402
2024/6/21 09:00,205457
2024/6/21 10:00,205540
2024/6/21 11:00,205628
2024/6/21 12:00,205720
2024/6/21 13:00,205800
2024/6/21 14:00,205880
2024/6/21 15:00,205960
2024/6/21 16:00,206049
2024/6/21 17:00,206141
2024/6/21 18:00,206239
2024/6/21 19:00,206321
2024/6/21 20:00,206385
2024/6/21 21:00,206439
2024/6/21 22:00,206495
2024/6/21 23:00,206544
2024/6/22 00:00,206589
2024/6/22 01:00,206624
2024/6/22 02:00,206651
2024/6/22 03:00,206676
2024/6/22 04:00,206699
2024/6/22 05:00,206722
2024/6/22 06:00,206745
2024/6/22 07:00,206769
2024/6/22 08:00,206795
2024/6/22 09:00,206829
2024/6/22 10:00,206877
2024/6/22 11:00,206928
2024/6/22 12:00,206981
2024/6/22 13:00,207034
2024/6/22 14:00,207085
2024/6/22 15:00,207141
2024/6/22 16:00,207205
2024/6/22 17:00,207270
2024/6/22 18:00,207340
2024/6/22 19:00,207408
2024/6/22 20:00,207469
2024/6/22 21:00,207527
2024/6/22 22:00,207586
2024/6/22 23:00,207633
2024/6/23 00:00,207678
2024/6/23 01:00,207714
2024/6/23 02:00,207747
2024/6/23 03:00,207776
2024/6/23 04:00,207801
2024/6/23 05:00,207826
2024/6/23 06:00,207850
2024/6/23 07:00,207872
2024/6/23 08:00,207899
2024/6/23 09:00,207929
2024/6/23 10:00,207971
2024/6/23 11:00,208021
2024/6/23 12:00,208072
2024/6/23 13:00,208122
2024/6/23 14:00,208175
2024/6/23 15:00,208228
2024/6/23 16:00,208288
2024/6/23 17:00,208350
2024/6/23 18:00,208417
2024/6/23 19:00,208494
2024/6/23 20:00,208569
2024/6/23 21:00,208634
2024/6/23 22:00,208698
2024/6/23 23:00,208751
2024/6/24 00:00,208797
2024/6/24 01:00,208839
2024/6/24 02:00,208873
2024/6/24 03:00,208902
2024/6/24 04:00,208926
2024/6/24 05:00,208953
2024/6/24 06:00,208976
2024/6/24 07:00,209002
2024/6/24 08:00,209032
2024/6/24 09:00,209089
2024/6/24 10:00,209165
2024/6/24 11:00,209246
2024/6/24 12:00,209324
2024/6/24 13:00,209395
2024/6/24 14:00,209465
2024/6/24 15:00,209543
2024/6/24 16:00,209633
2024/6/24 17:00,209724
2024/6/24 18:00,209810
2024/6/24 19:00,209884
2024/6/24 20:00,209959
2024/6/24 21:00,210031
2024/6/24 22:00,210097
2024/6/24 23:00,210155
2024/6/25 00:00,210204
2024/6/25 01:00,210241
2024/6/25 02:00,210273
2024/6/25 03:00,210300
2024/6/25 04:00,210323
2024/6/25 05:00,210347
2024/6/25 06:00,210373
2024/6/25 07:00,210398
2024/6/25 08:00,210434
2024/6/25 09:00,210491
2024/6/25 10:00,210563
2024/6/25 11:00,210641
2024/6/25 12:00,210726
2024/6/25 13:00,210806
2024/6/25 14:00,210884
2024/6/25 15:00,210964
2024/6/25 16:00,211055
2024/6/25 17:00,211150
2024/6/25 18:00,211245
2024/6/25 19:00,211337
2024/6/25 20:00,211431
2024/6/25 21:00,211521
2024/6/25 22:00,211592
2024/6/25 23:00,211654
2024/6/26 00:00,211710
2024/6/26 01:00,211754
2024/6/26 02:00,211785
2024/6/26 03:00,211810
2024/6/26 04:00,211837
2024/6/26 05:00,211861
2024/6/26 06:00,211886
2024/6/26 07:00,211911
2024/6/26 08:00,211939
2024/6/26 09:00,211994
2024/6/26 10:00,212073
2024/6/26 11:00,212166
2024/6/26 12:00,212264
2024/6/26 13:00,212355
2024/6/26 14:00,212441
2024/6/26 15:00,212524
2024/6/26 16:00,212618
2024/6/26 17:00,212712
2024/6/26 18:00,212805
2024/6/26 19:00,212883
2024/6/26 20:00,212952
2024/6/26 21:00,213023
2024/6/26 22:00,213084
2024/6/26 23:00,213142
2024/6/27 00:00,213188
2024/6/27 01:00,213227
2024/6/27 02:00,213261
2024/6/27 03:00,213295
2024/6/27 04:00,213325
2024/6/27 05:00,213356
2024/6/27 06:00,213387
2024/6/27 07:00,213418
2024/6/27 08:00,213448
2024/6/27 09:00,213507
2024/6/27 10:00,213592
2024/6/27 11:00,213672
2024/6/27 12:00,213758
2024/6/27 13:00,213851
2024/6/27 14:00,213940
2024/6/27 15:00,214022
2024/6/27 16:00,214106
2024/6/27 17:00,214190
2024/6/27 18:00,214288
2024/6/27 19:00,214375
2024/6/27 20:00,214449
2024/6/27 21:00,214522
2024/6/27 22:00,214593
2024/6/27 23:00,214657
2024/6/28 00:00,214708
2024/6/28 01:00,214751
2024/6/28 02:00,214786
2024/6/28 03:00,214815
2024/6/28 04:00,214840
2024/6/28 05:00,214864
2024/6/28 06:00,214888
2024/6/28 07:00,214913
2024/6/28 08:00,214939
2024/6/28 09:00,214991
2024/6/28 10:00,215073
2024/6/28 11:00,215157
2024/6/28 12:00,215247
2024/6/28 13:00,215325
2024/6/28 14:00,215399
2024/6/28 15:00,215479
2024/6/28 16:00,215569
2024/6/28 17:00,215666
2024/6/28 18:00,215757
2024/6/28 19:00,215840
2024/6/28 20:00,215911
2024/6/28 21:00,215983
2024/6/28 22:00,216052
2024/6/28 23:00,216118
2024/6/29 00:00,216173
2024/6/29 01:00,216217
2024/6/29 02:00,216255
2024/6/29 03:00,216285
2024/6/29 04:00,216316
2024/6/29 05:00,216345
2024/6/29 06:00,216375
2024/6/29 07:00,216405
2024/6/29 08:00,216437
2024/6/29 09:00,216479
2024/6/29 10:00,216541
2024/6/29 11:00,216608
2024/6/29 12:00,216675
2024/6/29 13:00,216737
2024/6/29 14:00,216800
2024/6/29 15:00,216863
2024/6/29 16:00,216928
2024/6/29 17:00,216992
2024/6/29 18:00,217058
2024/6/29 19:00,217119
2024/6/29 20:00,217182
2024/6/29 21:00,217248
2024/6/29 22:00,217311
2024/6/29 23:00,217371
2024/6/30 00:00,217425
2024/6/30 01:00,217467
2024/6/30 02:00,217507
2024/6/30 03:00,217541
2024/6/30 04:00,217570
2024/6/30 05:00,217597
2024/6/30 06:00,217621
2024/6/30 07:00,217644
2024/6/30 08:00,217672
2024/6/30 09:00,217711
2024/6/30 10:00,217767
2024/6/30 11:00,217828
2024/6/30 12:00,217890
2024/6/30 13:00,217952
2024/6/30 14:00,218008
2024/6/30 15:00,218068
2024/6/30 16:00,218133
2024/6/30 17:00,218199
2024/6/30 18:00,218264
2024/6/30 19:00,218330
2024/6/30 20:00,218392
2024/6/30 21:00,218456
2024/6/30 22:00,218527
2024/6/30 23:00,218591
2024/7/1 00:00,218646
2024/7/1 01:00,218686
2024/7/1 02:00,218719
2024/7/1 03:00,218749
2024/7/1 04:00,218778
2024/7/1 05:00,218807
2024/7/1 06:00,218836
2024/7/1 07:00,218863
2024/7/1 08:00,218896
2024/7/1 09:00,218946
2024/7/1 10:00,219012
2024/7/1 11:00,219080
2024/7/1 12:00,219165
2024/7/1 13:00,219237
2024/7/1 14:00,219292
2024/7/1 15:00,219351
2024/7/1 16:00,219421
2024/7/1 17:00,219500
2024/7/1 18:00,219578
2024/7/1 19:00,219648
2024/7/1 20:00,219714
2024/7/1 21:00,219774
2024/7/1 22:00,219834
2024/7/1 23:00,219887
2024/7/2 00:00,219930
2024/7/2 01:00,219961
2024/7/2 02:00,219987
2024/7/2 03:00,220012
2024/7/2 04:00,220035
2024/7/2 05:00,220058
2024/7/2 06:00,220083
2024/7/2 07:00,220108
2024/7/2 08:00,220136
2024/7/2 09:00,220183
2024/7/2 10:00,220246
2024/7/2 11:00,220312
2024/7/2 12:00,220377
2024/7/2 13:00,220433
2024/7/2 14:00,220489
2024/7/2 15:00,220556
2024/7/2 16:00,220642
2024/7/2 17:00,220728
2024/7/2 18:00,220810
2024/7/2 19:00,220898
2024/7/2 20:00,220988
2024/7/2 21:00,221070
2024/7/2 22:00,221151
2024/7/2 23:00,221220
2024/7/3 00:00,221267
2024/7/3 01:00,221307
2024/7/3 02:00,221343
2024/7/3 03:00,221373
2024/7/3 04:00,221400
2024/7/3 05:00,221427
2024/7/3 06:00,221452
2024/7/3 07:00,221480
2024/7/3 08:00,221511
2024/7/3 09:00,221557
2024/7/3 10:00,221621
2024/7/3 11:00,221688
2024/7/3 12:00,221755
2024/7/3 13:00,221814
2024/7/3 14:00,221870
2024/7/3 15:00,221933
2024/7/3 16:00,222003
2024/7/3 17:00,222082
2024/7/3 18:00,222161
2024/7/3 19:00,222226
2024/7/3 20:00,222291
2024/7/3 21:00,222347
2024/7/3 22:00,222402
2024/7/3 23:00,222455
2024/7/4 00:00,222497
2024/7/4 01:00,222532
2024/7/4 02:00,222560
2024/7/4 03:00,222587
2024/7/4 04:00,222612
2024/7/4 05:00,222637
2024/7/4 06:00,222662
2024/7/4 07:00,222691
2024/7/4 08:00,222720
2024/7/4 09:00,222759
2024/7/4 10:00,222816
2024/7/4 11:00,222878
2024/7/4 12:00,222940
2024/7/4 13:00,222996
2024/7/4 14:00,223067
2024/7/4 15:00,223155
2024/7/4 16:00,223247
2024/7/4 17:00,223343
2024/7/4 18:00,223422
2024/7/4 19:00,223492
2024/7/4 20:00,223556
2024/7/4 21:00,223615
2024/7/4 22:00,223668
2024/7/4 23:00,223721
2024/7/5 00:00,223768
2024/7/5 01:00,223806
2024/7/5 02:00,223841
2024/7/5 03:00,223868
2024/7/5 04:00,223894
2024/7/5 05:00,223921
2024/7/5 06:00,223946
2024/7/5 07:00,223972
2024/7/5 08:00,223997
2024/7/5 09:00,224031
2024/7/5 10:00,224087
2024/7/5 11:00,224147
2024/7/5 12:00,224204
2024/7/5 13:00,224255
2024/7/5 14:00,224309
2024/7/5 15:00,224369
2024/7/5 16:00,224438
2024/7/5 17:00,224513
2024/7/5 18:00,224581
2024/7/5 19:00,224643
2024/7/5 20:00,224698
2024/7/5 21:00,224753
2024/7/5 22:00,224808
2024/7/5 23:00,224858
2024/7/6 00:00,224900
2024/7/6 01:00,224934
2024/7/6 02:00,224963
2024/7/6 03:00,224990
2024/7/6 04:00,225019
2024/7/6 05:00,225048
2024/7/6 06:00,225073
2024/7/6 07:00,225101
2024/7/6 08:00,225132
2024/7/6 09:00,225168
2024/7/6 10:00,225213
2024/7/6 11:00,225269
2024/7/6 12:00,225323
2024/7/6 13:00,225374
2024/7/6 14:00,225424
2024/7/6 15:00,225473
2024/7/6 16:00,225529
2024/7/6 17:00,225585
2024/7/6 18:00,225640
2024/7/6 19:00,225693
2024/7/6 20:00,225748
2024/7/6 21:00,225801
2024/7/6 22:00,225854
2024/7/6 23:00,225908
2024/7/7 00:00,225955
2024/7/7 01:00,225996
2024/7/7 02:00,
2024/7/7 03:00,226068
2024/7/7 04:00,226095
2024/7/7 05:00,226123
2024/7/7 06:00,226151
2024/7/7 07:00,226176
2024/7/7 08:00,226205
2024/7/7 09:00,226240
2024/7/7 10:00,226284
2024/7/7 11:00,226332
2024/7/7 12:00,226380
2024/7/7 13:00,226426
2024/7/7 14:00,226472
2024/7/7 15:00,226520
2024/7/7 16:00,226572
2024/7/7 17:00,226627
2024/7/7 18:00,226680
2024/7/7 19:00,226730
2024/7/7 20:00,226781
2024/7/7 21:00,226833
2024/7/7 22:00,226885
2024/7/7 23:00,226934
2024/7/8 00:00,226975
2024/7/8 01:00,227007
2024/7/8 02:00,227036
2024/7/8 03:00,227063
2024/7/8 04:00,227089
2024/7/8 05:00,227116
2024/7/8 06:00,227140
2024/7/8 07:00,227170
2024/7/8 08:00,227197
2024/7/8 09:00,227237
2024/7/8 10:00,227297
2024/7/8 11:00,227359
2024/7/8 12:00,227424
2024/7/8 13:00,227480
2024/7/8 14:00,227534
2024/7/8 15:00,227594
2024/7/8 16:00,227664
2024/7/8 17:00,227752
2024/7/8 18:00,227838
2024/7/8 19:00,227916
2024/7/8 20:00,227991
2024/7/8 21:00,228066
2024/7/8 22:00,228122
2024/7/8 23:00,228166
2024/7/9 00:00,228205
2024/7/9 01:00,228233
2024/7/9 02:00,228260
2024/7/9 03:00,228286
2024/7/9 04:00,228311
2024/7/9 05:00,228335
2024/7/9 06:00,228358
2024/7/9 07:00,228383
2024/7/9 08:00,228407
2024/7/9 09:00,228444
2024/7/9 10:00,228499
2024/7/9 11:00,228570
2024/7/9 12:00,228637
2024/7/9 13:00,228696
2024/7/9 14:00,228756
2024/7/9 15:00,228823
2024/7/9 16:00,228903
2024/7/9 17:00,228981
2024/7/9 18:00,229067
2024/7/9 19:00,229145
2024/7/9 20:00,229215
2024/7/9 21:00,229282
2024/7/9 22:00,229339
2024/7/9 23:00,229393
2024/7/10 00:00,229437
2024/7/10 01:00,229471
2024/7/10 02:00,229500
2024/7/10 03:00,229532
2024/7/10 04:00,229560
2024/7/10 05:00,229589
2024/7/10 06:00,229616
2024/7/10 07:00,229650
2024/7/10 08:00,229679
2024/7/10 09:00,229720
2024/7/10 10:00,229780
2024/7/10 11:00,229845
2024/7/10 12:00,229919
2024/7/10 13:00,229978
2024/7/10 14:00,230039
2024/7/10 15:00,230102
2024/7/10 16:00,230174
2024/7/10 17:00,230249
2024/7/10 18:00,230322
2024/7/10 19:00,230388
2024/7/10 20:00,230445
2024/7/10 21:00,230505
2024/7/10 22:00,230561
2024/7/10 23:00,230607
2024/7/11 00:00,230645
2024/7/11 01:00,230679
2024/7/11 02:00,230708
2024/7/11 03:00,230740
2024/7/11 04:00,230769
2024/7/11 05:00,230799
2024/7/11 06:00,230827
2024/7/11 07:00,230860
2024/7/11 08:00,230889
2024/7/11 09:00,230936
2024/7/11 10:00,231001
2024/7/11 11:00,231070
2024/7/11 12:00,231142
2024/7/11 13:00,231211
2024/7/11 14:00,231276
2024/7/11 15:00,231352
2024/7/11 16:00,231432
2024/7/11 17:00,231524
2024/7/11 18:00,231609
2024/7/11 19:00,231682
2024/7/11 20:00,231744
2024/7/11 21:00,231807
2024/7/11 22:00,231871
2024/7/11 23:00,231927
2024/7/12 00:00,231980
2024/7/12 01:00,232023
2024/7/12 02:00,232063
2024/7/12 03:00,232099
2024/7/12 04:00,232131
2024/7/12 05:00,232165
2024/7/12 06:00,232196
2024/7/12 07:00,232236
2024/7/12 08:00,232273
2024/7/12 09:00,232326
2024/7/12 10:00,232401
2024/7/12 11:00,232478
2024/7/12 12:00,232552
2024/7/12 13:00,232611
2024/7/12 14:00,232669
2024/7/12 15:00,232733
2024/7/12 16:00,232809
2024/7/12 17:00,232889
2024/7/12 18:00,232966
2024/7/12 19:00,233032
2024/7/12 20:00,233100
2024/7/12 21:00,233166
2024/7/12 22:00,233229
2024/7/12 23:00,233279
2024/7/13 00:00,233324
2024/7/13 01:00,233365
2024/7/13 02:00,233399
2024/7/13 03:00,233434
2024/7/13 04:00,233465
2024/7/13 05:00,233496
2024/7/13 06:00,233526
2024/7/13 07:00,233558
2024/7/13 08:00,233591
2024/7/13 09:00,233633
2024/7/13 10:00,233694
2024/7/13 11:00,233770
2024/7/13 12:00,233852
2024/7/13 13:00,233928
2024/7/13 14:00,234006
2024/7/13 15:00,234089
2024/7/13 16:00,234187
2024/7/13 17:00,234279
2024/7/13 18:00,234351
2024/7/13 19:00,234419
2024/7/13 20:00,234480
2024/7/13 21:00,234539
2024/7/13 22:00,234600
2024/7/13 23:00,234653
2024/7/14 00:00,234697
2024/7/14 01:00,234729
2024/7/14 02:00,234757
2024/7/14 03:00,234786
2024/7/14 04:00,234812
2024/7/14 05:00,234837
2024/7/14 06:00,234861
2024/7/14 07:00,234890
2024/7/14 08:00,234919
2024/7/14 09:00,234953
2024/7/14 10:00,234999
2024/7/14 11:00,235053
2024/7/14 12:00,235109
2024/7/14 13:00,235164
2024/7/14 14:00,235216
2024/7/14 15:00,235272
2024/7/14 16:00,235338
2024/7/14 17:00,235406
2024/7/14 18:00,235476
2024/7/14 19:00,235537
2024/7/14 20:00,235591
2024/7/14 21:00,235643
2024/7/14 22:00,235697
2024/7/14 23:00,235744
2024/7/15 00:00,235780
2024/7/15 01:00,235809
2024/7/15 02:00,235836
2024/7/15 03:00,235862
2024/7/15 04:00,235887
2024/7/15 05:00,235911
2024/7/15 06:00,235936
2024/7/15 07:00,235959
2024/7/15 08:00,235985
2024/7/15 09:00,236021
2024/7/15 10:00,236078
2024/7/15 11:00,236141
2024/7/15 12:00,236202
2024/7/15 13:00,236259
2024/7/15 14:00,236309
2024/7/15 15:00,236363
2024/7/15 16:00,236429
2024/7/15 17:00,236498
2024/7/15 18:00,236571
2024/7/15 19:00,236635
2024/7/15 20:00,236696
2024/7/15 21:00,236754
2024/7/15 22:00,236809
2024/7/15 23:00,236857
2024/7/16 00:00,236896
2024/7/16 01:00,236928
2024/7/16 02:00,236955
2024/7/16 03:00,236982
2024/7/16 04:00,237007
2024/7/16 05:00,237032
2024/7/16 06:00,237056
2024/7/16 07:00,237082
2024/7/16 08:00,237110
2024/7/16 09:00,237146
2024/7/16 10:00,237204
2024/7/16 11:00,237267
2024/7/16 12:00,237326
2024/7/16 13:00,237376
2024/7/16 14:00,237422
2024/7/16 15:00,237473
2024/7/16 16:00,237539
2024/7/16 17:00,237605
2024/7/16 18:00,237666
2024/7/16 19:00,237718
2024/7/16 20:00,237766
2024/7/16 21:00,237815
2024/7/16 22:00,237864
2024/7/16 23:00,237908
2024/7/17 00:00,237943
2024/7/17 01:00,237971
2024/7/17 02:00,237998
2024/7/17 03:00,238024
2024/7/17 04:00,238047
2024/7/17 05:00,238069
2024/7/17 06:00,238091
2024/7/17 07:00,238118
2024/7/17 08:00,238144
2024/7/17 09:00,238176
2024/7/17 10:00,238226
2024/7/17 11:00,238296
2024/7/17 12:00,238354
2024/7/17 13:00,238400
2024/7/17 14:00,238445
2024/7/17 15:00,238501
2024/7/17 16:00,238565
2024/7/17 17:00,238638
2024/7/17 18:00,238705
2024/7/17 19:00,238766
2024/7/17 20:00,238820
2024/7/17 21:00,238869
2024/7/17 22:00,238914
2024/7/17 23:00,238954
2024/7/18 00:00,238990
2024/7/18 01:00,239021
2024/7/18 02:00,239045
2024/7/18 03:00,239069
2024/7/18 04:00,239091
2024/7/18 05:00,239115
2024/7/18 06:00,239138
2024/7/18 07:00,239162
2024/7/18 08:00,239186
2024/7/18 09:00,239222
2024/7/18 10:00,239272
2024/7/18 11:00,239332
2024/7/18 12:00,239393
2024/7/18 13:00,239449
2024/7/18 14:00,239505
2024/7/18 15:00,239563
2024/7/18 16:00,239639
2024/7/18 17:00,239710
2024/7/18 18:00,239782
2024/7/18 19:00,239852
2024/7/18 20:00,239914
2024/7/18 21:00,239974
2024/7/18 22:00,240029
2024/7/18 23:00,240080
2024/7/19 00:00,240120
2024/7/19 01:00,240153
2024/7/19 02:00,240181
2024/7/19 03:00,240208
2024/7/19 04:00,240231
2024/7/19 05:00,240252
2024/7/19 06:00,240274
2024/7/19 07:00,240296
2024/7/19 08:00,240320
2024/7/19 09:00,240355
2024/7/19 10:00,240408
2024/7/19 11:00,240462
2024/7/19 12:00,240519
2024/7/19 13:00,240571
2024/7/19 14:00,240619
2024/7/19 15:00,240671
2024/7/19 16:00,240733
2024/7/19 17:00,240799
2024/7/19 18:00,240853
2024/7/19 19:00,240900
2024/7/19 20:00,240947
2024/7/19 21:00,240997
2024/7/19 22:00,241043
2024/7/19 23:00,241087
2024/7/20 00:00,241123
2024/7/20 01:00,241153
2024/7/20 02:00,241181
2024/7/20 03:00,241207
2024/7/20 04:00,241231
2024/7/20 05:00,241254
2024/7/20 06:00,241280
2024/7/20 07:00,241304
2024/7/20 08:00,241328
2024/7/20 09:00,241360
2024/7/20 10:00,241413
2024/7/20 11:00,241472
2024/7/20 12:00,241528
2024/7/20 13:00,241578
2024/7/20 14:00,241630
2024/7/20 15:00,241685
2024/7/20 16:00,241743
2024/7/20 17:00,241803
2024/7/20 18:00,241862
2024/7/20 19:00,241919
2024/7/20 20:00,241973
2024/7/20 21:00,242023
2024/7/20 22:00,242077
2024/7/20 23:00,242125
2024/7/21 00:00,242162
2024/7/21 01:00,242191
2024/7/21 02:00,242218
2024/7/21 03:00,242244
2024/7/21 04:00,242266
2024/7/21 05:00,242291
2024/7/21 06:00,242314
2024/7/21 07:00,242336
2024/7/21 08:00,242362
2024/7/21 09:00,242391
2024/7/21 10:00,242438
2024/7/21 11:00,242498
2024/7/21 12:00,242560
2024/7/21 13:00,242618
2024/7/21 14:00,242676
2024/7/21 15:00,242733
2024/7/21 16:00,242801
2024/7/21 17:00,242873
2024/7/21 18:00,242941
2024/7/21 19:00,243004
2024/7/21 20:00,243064
2024/7/21 21:00,243121
2024/7/21 22:00,243180
2024/7/21 23:00,243239
2024/7/22 00:00,243289
2024/7/22 01:00,243323
2024/7/22 02:00,243355
2024/7/22 03:00,243384
2024/7/22 04:00,243413
2024/7/22 05:00,243436
2024/7/22 06:00,243460
2024/7/22 07:00,243486
2024/7/22 08:00,243515
2024/7/22 09:00,243570
2024/7/22 10:00,243650
2024/7/22 11:00,243750
2024/7/22 12:00,243851
2024/7/22 13:00,243936
2024/7/22 14:00,244013
2024/7/22 15:00,244088
2024/7/22 16:00,244190
2024/7/22 17:00,244287
2024/7/22 18:00,244378
2024/7/22 19:00,244461
2024/7/22 20:00,244539
2024/7/22 21:00,244612
2024/7/22 22:00,244674
2024/7/22 23:00,244722
2024/7/23 00:00,244762
2024/7/23 01:00,244794
2024/7/23 02:00,244821
2024/7/23 03:00,244848
2024/7/23 04:00,244874
2024/7/23 05:00,244897
2024/7/23 06:00,244925
2024/7/23 07:00,244949
2024/7/23 08:00,244976
2024/7/23 09:00,245020
2024/7/23 10:00,245090
2024/7/23 11:00,245166
2024/7/23 12:00,245231
2024/7/23 13:00,245298
2024/7/23 14:00,245362
2024/7/23 15:00,245433
2024/7/23 16:00,245513
2024/7/23 17:00,245600
2024/7/23 18:00,245685
2024/7/23 19:00,245753
2024/7/23 20:00,245818
2024/7/23 21:00,245871
2024/7/23 22:00,245922
2024/7/23 23:00,245970
2024/7/24 00:00,246007
2024/7/24 01:00,246035
2024/7/24 02:00,246061
2024/7/24 03:00,246086
2024/7/24 04:00,246111
2024/7/24 05:00,246133
2024/7/24 06:00,246156
2024/7/24 07:00,246179
2024/7/24 08:00,246204
2024/7/24 09:00,246248
2024/7/24 10:00,246328
2024/7/24 11:00,246426
2024/7/24 12:00,246522
2024/7/24 13:00,246610
2024/7/24 14:00,246681
2024/7/24 15:00,246758
2024/7/24 16:00,246839
2024/7/24 17:00,246920
2024/7/24 18:00,246997
2024/7/24 19:00,247058
2024/7/24 20:00,247110
2024/7/24 21:00,247162
2024/7/24 22:00,247207
2024/7/24 23:00,247247
2024/7/25 00:00,247279
2024/7/25 01:00,247306
2024/7/25 02:00,247332
2024/7/25 03:00,247358
2024/7/25 04:00,247383
2024/7/25 05:00,247406
2024/7/25 06:00,247428
2024/7/25 07:00,247451
2024/7/25 08:00,247475
2024/7/25 09:00,247507
2024/7/25 10:00,247562
2024/7/25 11:00,247628
2024/7/25 12:00,247699
2024/7/25 13:00,247762
2024/7/25 14:00,247823
2024/7/25 15:00,247887
2024/7/25 16:00,247963
2024/7/25 17:00,248041
2024/7/25 18:00,248119
2024/7/25 19:00,248183
2024/7/25 20:00,248247
2024/7/25 21:00,248306
2024/7/25 22:00,248359
2024/7/25 23:00,248404
2024/7/26 00:00,248443
2024/7/26 01:00,248472
2024/7/26 02:00,248499
2024/7/26 03:00,248529
2024/7/26 04:00,248554
2024/7/26 05:00,248576
2024/7/26 06:00,248603
2024/7/26 07:00,248627
2024/7/26 08:00,248653
2024/7/26 09:00,248694
2024/7/26 10:00,248765
2024/7/26 11:00,248854
2024/7/26 12:00,248944
2024/7/26 13:00,249022
2024/7/26 14:00,249095
2024/7/26 15:00,249171
2024/7/26 16:00,249258
2024/7/26 17:00,249332
2024/7/26 18:00,249400
2024/7/26 19:00,249467
2024/7/26 20:00,249526
2024/7/26 21:00,249585
2024/7/26 22:00,249642
2024/7/26 23:00,249689
2024/7/27 00:00,249728
2024/7/27 01:00,249760
2024/7/27 02:00,249788
2024/7/27 03:00,249815
2024/7/27 04:00,249842
2024/7/27 05:00,249869
2024/7/27 06:00,249896
2024/7/27 07:00,249923
2024/7/27 08:00,249950
2024/7/27 09:00,249984
2024/7/27 10:00,250033
2024/7/27 11:00,250090
2024/7/27 12:00,250150
2024/7/27 13:00,250203
2024/7/27 14:00,250265
2024/7/27 15:00,250321
2024/7/27 16:00,250380
2024/7/27 17:00,250441
2024/7/27 18:00,250504
2024/7/27 19:00,250565
2024/7/27 20:00,250622
2024/7/27 21:00,250677
2024/7/27 22:00,250730
2024/7/27 23:00,250780
2024/7/28 00:00,250823
2024/7/28 01:00,250857
2024/7/28 02:00,250885
2024/7/28 03:00,250914
2024/7/28 04:00,250941
2024/7/28 05:00,250966
2024/7/28 06:00,250991
2024/7/28 07:00,251014
2024/7/28 08:00,251040
2024/7/28 09:00,251070
2024/7/28 10:00,251112
2024/7/28 11:00,251163
2024/7/28 12:00,251216
2024/7/28 13:00,251266
2024/7/28 14:00,251315
2024/7/28 15:00,251369
2024/7/28 16:00,251427
2024/7/28 17:00,251489
2024/7/28 18:00,251554
2024/7/28 19:00,251611
2024/7/28 20:00,251666
2024/7/28 21:00,251726
2024/7/28 22:00,251778
2024/7/28 23:00,251829
2024/7/29 00:00,251869
2024/7/29 01:00,251903
2024/7/29 02:00,251932
2024/7/29 03:00,251960
2024/7/29 04:00,251987
2024/7/29 05:00,252012
2024/7/29 06:00,252037
2024/7/29 07:00,252065
2024/7/29 08:00,252093
2024/7/29 09:00,252130
2024/7/29 10:00,252186
2024/7/29 11:00,252259
2024/7/29 12:00,252328
2024/7/29 13:00,252391
2024/7/29 14:00,252455
2024/7/29 15:00,252522
2024/7/29 16:00,252599
2024/7/29 17:00,252676
2024/7/29 18:00,252748
2024/7/29 19:00,252819
2024/7/29 20:00,252894
2024/7/29 21:00,252949
2024/7/29 22:00,252997
2024/7/29 23:00,253038
2024/7/30 00:00,253075
2024/7/30 01:00,253103
2024/7/30 02:00,253133
2024/7/30 03:00,253158
2024/7/30 04:00,253186
2024/7/30 05:00,253213
2024/7/30 06:00,253237
2024/7/30 07:00,253263
2024/7/30 08:00,253291
2024/7/30 09:00,253326
2024/7/30 10:00,253373
2024/7/30 11:00,253437
2024/7/30 12:00,253502
2024/7/30 13:00,253561
2024/7/30 14:00,253620
2024/7/30 15:00,253690
2024/7/30 16:00,253778
2024/7/30 17:00,253869
2024/7/30 18:00,253950
2024/7/30 19:00,254010
2024/7/30 20:00,254064
2024/7/30 21:00,254112
2024/7/30 22:00,254161
2024/7/30 23:00,254208
2024/7/31 00:00,254246
2024/7/31 01:00,254274
2024/7/31 02:00,254300
2024/7/31 03:00,254322
2024/7/31 04:00,254345
2024/7/31 05:00,254368
2024/7/31 06:00,254392
2024/7/31 07:00,254415
2024/7/31 08:00,254440
2024/7/31 09:00,254473
2024/7/31 10:00,254521
2024/7/31 11:00,254586
2024/7/31 12:00,254651
2024/7/31 13:00,254710
2024/7/31 14:00,254772
2024/7/31 15:00,254843
2024/7/31 16:00,254924
2024/7/31 17:00,255001
2024/7/31 18:00,255074
2024/7/31 19:00,255137
2024/7/31 20:00,255200
2024/7/31 21:00,255264
2024/7/31 22:00,255321
2024/7/31 23:00,255372
2024/8/1 00:00,255412
2024/8/1 01:00,255443
2024/8/1 02:00,255471
2024/8/1 03:00,255497
2024/8/1 04:00,255522
2024/8/1 05:00,255546
2024/8/1 06:00,255570
2024/8/1 07:00,255594
2024/8/1 08:00,255620
2024/8/1 09:00,255663
2024/8/1 10:00,255727
2024/8/1 11:00,255811
2024/8/1 12:00,255895
2024/8/1 13:00,255973
2024/8/1 14:00,256054
2024/8/1 15:00,256142
2024/8/1 16:00,256237
2024/8/1 17:00,256325
2024/8/1 18:00,256412
2024/8/1 19:00,256482
2024/8/1 20:00,256551
2024/8/1 21:00,256617
2024/8/1 22:00,256680
2024/8/1 23:00,256735
2024/8/2 00:00,256783
2024/8/2 01:00,256819
2024/8/2 02:00,256851
2024/8/2 03:00,256882
2024/8/2 04:00,256910
2024/8/2 05:00,256937
2024/8/2 06:00,256963
2024/8/2 07:00,256990
2024/8/2 08:00,257019
2024/8/2 09:00,257060
2024/8/2 10:00,257126
2024/8/2 11:00,257203
2024/8/2 12:00,257279
2024/8/2 13:00,257348
2024/8/2 14:00,257418
2024/8/2 15:00,257495
2024/8/2 16:00,257578
2024/8/2 17:00,257662
2024/8/2 18:00,257740
2024/8/2 19:00,257802
2024/8/2 20:00,257866
2024/8/2 21:00,257925
2024/8/2 22:00,257982
2024/8/2 23:00,258033
2024/8/3 00:00,258077
2024/8/3 01:00,258111
2024/8/3 02:00,258143
2024/8/3 03:00,258173
2024/8/3 04:00,258201
2024/8/3 05:00,258229
2024/8/3 06:00,258257
2024/8/3 07:00,258285
2024/8/3 08:00,258312
2024/8/3 09:00,258349
2024/8/3 10:00,258393
2024/8/3 11:00,258451
2024/8/3 12:00,258513
2024/8/3 13:00,258572
2024/8/3 14:00,258629
2024/8/3 15:00,258681
2024/8/3 16:00,258741
2024/8/3 17:00,258797
2024/8/3 18:00,258851
2024/8/3 19:00,258905
2024/8/3 20:00,258957
2024/8/3 21:00,259010
2024/8/3 22:00,259060
2024/8/3 23:00,259102
2024/8/4 00:00,259136
2024/8/4 01:00,259165
2024/8/4 02:00,259190
2024/8/4 03:00,259216
2024/8/4 04:00,259239
2024/8/4 05:00,259263
2024/8/4 06:00,259286
2024/8/4 07:00,259308
2024/8/4 08:00,259333
2024/8/4 09:00,259364
2024/8/4 10:00,259409
2024/8/4 11:00,259464
2024/8/4 12:00,259519
2024/8/4 13:00,259564
2024/8/4 14:00,259607
2024/8/4 15:00,259659
2024/8/4 16:00,259721
2024/8/4 17:00,259783
2024/8/4 18:00,259844
2024/8/4 19:00,259898
2024/8/4 20:00,259951
2024/8/4 21:00,260008
2024/8/4 22:00,260064
2024/8/4 23:00,260116
2024/8/5 00:00,260158
2024/8/5 01:00,260189
2024/8/5 02:00,260217
2024/8/5 03:00,260242
2024/8/5 04:00,260267
2024/8/5 05:00,260289
2024/8/5 06:00,260313
2024/8/5 07:00,260336
2024/8/5 08:00,260360
2024/8/5 09:00,260401
2024/8/5 10:00,260460
2024/8/5 11:00,260538
2024/8/5 12:00,260626
2024/8/5 13:00,260700
2024/8/5 14:00,260778
2024/8/5 15:00,260861
2024/8/5 16:00,260946
2024/8/5 17:00,261025
2024/8/5 18:00,261105
2024/8/5 19:00,261174
2024/8/5 20:00,261238
2024/8/5 21:00,261303
2024/8/5 22:00,261362
2024/8/5 23:00,261414
2024/8/6 00:00,261456
2024/8/6 01:00,261487
2024/8/6 02:00,261512
2024/8/6 03:00,261535
2024/8/6 04:00,261559
2024/8/6 05:00,261581
2024/8/6 06:00,261604
2024/8/6 07:00,261628
2024/8/6 08:00,261653
2024/8/6 09:00,261695
2024/8/6 10:00,261757
2024/8/6 11:00,261826
2024/8/6 12:00,261896
2024/8/6 13:00,261968
2024/8/6 14:00,262040
2024/8/6 15:00,262115
2024/8/6 16:00,262195
2024/8/6 17:00,262269
2024/8/6 18:00,262342
2024/8/6 19:00,262406
2024/8/6 20:00,262466
2024/8/6 21:00,262522
2024/8/6 22:00,262576
2024/8/6 23:00,262622
2024/8/7 00:00,262663
2024/8/7 01:00,262695
2024/8/7 02:00,262721
2024/8/7 03:00,262749
2024/8/7 04:00,262774
2024/8/7 05:00,262798
2024/8/7 06:00,262821
2024/8/7 07:00,262845
2024/8/7 08:00,262869
2024/8/7 09:00,262906
2024/8/7 10:00,262973
2024/8/7 11:00,263062
2024/8/7 12:00,263156
2024/8/7 13:00,263233
2024/8/7 14:00,263301
2024/8/7 15:00,263378
2024/8/7 16:00,263465
2024/8/7 17:00,263553
2024/8/7 18:00,263653
2024/8/7 19:00,263725
2024/8/7 20:00,263789
2024/8/7 21:00,263848
2024/8/7 22:00,263907
2024/8/7 23:00,263958
2024/8/8 00:00,264001
2024/8/8 01:00,264038
2024/8/8 02:00,264072
2024/8/8 03:00,264105
2024/8/8 04:00,264136
2024/8/8 05:00,264171
2024/8/8 06:00,264200
2024/8/8 07:00,264232
2024/8/8 08:00,264266
2024/8/8 09:00,264310
2024/8/8 10:00,264371
2024/8/8 11:00,264447
2024/8/8 12:00,264527
2024/8/8 13:00,264611
2024/8/8 14:00,264687
2024/8/8 15:00,264769
2024/8/8 16:00,264854
2024/8/8 17:00,264949
2024/8/8 18:00,265038
2024/8/8 19:00,265112
2024/8/8 20:00,265187
2024/8/8 21:00,265255
2024/8/8 22:00,265322
2024/8/8 23:00,265383
2024/8/9 00:00,265433
2024/8/9 01:00,265473
2024/8/9 02:00,265508
2024/8/9 03:00,265541
2024/8/9 04:00,265573
2024/8/9 05:00,265607
2024/8/9 06:00,265638
2024/8/9 07:00,265671
2024/8/9 08:00,265704
2024/8/9 09:00,265743
2024/8/9 10:00,265803
2024/8/9 11:00,265875
2024/8/9 12:00,265959
2024/8/9 13:00,266040
2024/8/9 14:00,266125
2024/8/9 15:00,266217
2024/8/9 16:00,266317
2024/8/9 17:00,266418
2024/8/9 18:00,266512
2024/8/9 19:00,266595
2024/8/9 20:00,266654
2024/8/9 21:00,266715
2024/8/9 22:00,266773
2024/8/9 23:00,266829
2024/8/10 00:00,266876
2024/8/10 01:00,266913
2024/8/10 02:00,266948
2024/8/10 03:00,266981
2024/8/10 04:00,267013
2024/8/10 05:00,267045
2024/8/10 06:00,267077
2024/8/10 07:00,267109
2024/8/10 08:00,267141
2024/8/10 09:00,267177
2024/8/10 10:00,267223
2024/8/10 11:00,267279
2024/8/10 12:00,267340
2024/8/10 13:00,267392
2024/8/10 14:00,267450
2024/8/10 15:00,267508
2024/8/10 16:00,267574
2024/8/10 17:00,267638
2024/8/10 18:00,267705
2024/8/10 19:00,267768
2024/8/10 20:00,267823
2024/8/10 21:00,267879
2024/8/10 22:00,267933
2024/8/10 23:00,267987
2024/8/11 00:00,268027
2024/8/11 01:00,268063
2024/8/11 02:00,268096
2024/8/11 03:00,268129
2024/8/11 04:00,268162
2024/8/11 05:00,268194
2024/8/11 06:00,268226
2024/8/11 07:00,268258
2024/8/11 08:00,268291
2024/8/11 09:00,268328
2024/8/11 10:00,268388
2024/8/11 11:00,268456
2024/8/11 12:00,268525
2024/8/11 13:00,268586
2024/8/11 14:00,268646
2024/8/11 15:00,268709
2024/8/11 16:00,268777
2024/8/11 17:00,268854
2024/8/11 18:00,268930
2024/8/11 19:00,268995
2024/8/11 20:00,269058
2024/8/11 21:00,269123
2024/8/11 22:00,269186
2024/8/11 23:00,269246
2024/8/12 00:00,269296
2024/8/12 01:00,269338
2024/8/12 02:00,269375
2024/8/12 03:00,269411
2024/8/12 04:00,269444
2024/8/12 05:00,269479
2024/8/12 06:00,269513
2024/8/12 07:00,269550
2024/8/12 08:00,269583
2024/8/12 09:00,269630
2024/8/12 10:00,269696
2024/8/12 11:00,269771
2024/8/12 12:00,269851
2024/8/12 13:00,269927
2024/8/12 14:00,270001
2024/8/12 15:00,270079
2024/8/12 16:00,270175
2024/8/12 17:00,270262
2024/8/12 18:00,270346
2024/8/12 19:00,270421
2024/8/12 20:00,270485
2024/8/12 21:00,270548
2024/8/12 22:00,270606
2024/8/12 23:00,270659
2024/8/13 00:00,270705
2024/8/13 01:00,270746
2024/8/13 02:00,270785
2024/8/13 03:00,270822
2024/8/13 04:00,270860
2024/8/13 05:00,270895
2024/8/13 06:00,270932
2024/8/13 07:00,270968
2024/8/13 08:00,271003
2024/8/13 09:00,271056
2024/8/13 10:00,271127
2024/8/13 11:00,271208
2024/8/13 12:00,271288
2024/8/13 13:00,271368
2024/8/13 14:00,271440
2024/8/13 15:00,271518
2024/8/13 16:00,271601
2024/8/13 17:00,271683
2024/8/13 18:00,271769
2024/8/13 19:00,271840
2024/8/13 20:00,271904
2024/8/13 21:00,271971
2024/8/13 22:00,272037
2024/8/13 23:00,272102
2024/8/14 00:00,272153
2024/8/14 01:00,272194
2024/8/14 02:00,272233
2024/8/14 03:00,272269
2024/8/14 04:00,272305
2024/8/14 05:00,272339
2024/8/14 06:00,272375
2024/8/14 07:00,272411
2024/8/14 08:00,272447
2024/8/14 09:00,272497
2024/8/14 10:00,272564
2024/8/14 11:00,272636
2024/8/14 12:00,272709
2024/8/14 13:00,272780
2024/8/14 14:00,272850
2024/8/14 15:00,272932
2024/8/14 16:00,273020
2024/8/14 17:00,273114
2024/8/14 18:00,273199
2024/8/14 19:00,273280
2024/8/14 20:00,273354
2024/8/14 21:00,273424
2024/8/14 22:00,273492
2024/8/14 23:00,273555
2024/8/15 00:00,273605
2024/8/15 01:00,273648
2024/8/15 02:00,273686
2024/8/15 03:00,273727
2024/8/15 04:00,273763
2024/8/15 05:00,273799
2024/8/15 06:00,273836
2024/8/15 07:00,273874
2024/8/15 08:00,273914
2024/8/15 09:00,273963
2024/8/15 10:00,274029
2024/8/15 11:00,274113
2024/8/15 12:00,274197
2024/8/15 13:00,274275
2024/8/15 14:00,274355
2024/8/15 15:00,274442
2024/8/15 16:00,274533
2024/8/15 17:00,274624
2024/8/15 18:00,274716
2024/8/15 19:00,274797
2024/8/15 20:00,274873
2024/8/15 21:00,274925
2024/8/15 22:00,274975
2024/8/15 23:00,275018
2024/8/16 00:00,275055
2024/8/16 01:00,275085
2024/8/16 02:00,275111
2024/8/16 03:00,275137
2024/8/16 04:00,275161
2024/8/16 05:00,275184
2024/8/16 06:00,275210
2024/8/16 07:00,275233
2024/8/16 08:00,275255
2024/8/16 09:00,275290
2024/8/16 10:00,275342
2024/8/16 11:00,275405
2024/8/16 12:00,275465
2024/8/16 13:00,275521
2024/8/16 14:00,275573
2024/8/16 15:00,275638
2024/8/16 16:00,275715
2024/8/16 17:00,275787
2024/8/16 18:00,275858
2024/8/16 19:00,275919
2024/8/16 20:00,275972
2024/8/16 21:00,276027
2024/8/16 22:00,276079
2024/8/16 23:00,276126
2024/8/17 00:00,276165
2024/8/17 01:00,276198
2024/8/17 02:00,276228
2024/8/17 03:00,276255
2024/8/17 04:00,276281
2024/8/17 05:00,276307
2024/8/17 06:00,276333
2024/8/17 07:00,276360
2024/8/17 08:00,276387
2024/8/17 09:00,276420
2024/8/17 10:00,276465
2024/8/17 11:00,276516
2024/8/17 12:00,276572
2024/8/17 13:00,276621
2024/8/17 14:00,276673
2024/8/17 15:00,276726
2024/8/17 16:00,276783
2024/8/17 17:00,276842
2024/8/17 18:00,276905
2024/8/17 19:00,276961
2024/8/17 20:00,277011
2024/8/17 21:00,277064
2024/8/17 22:00,277111
2024/8/17 23:00,277154
2024/8/18 00:00,277190
2024/8/18 01:00,277223
2024/8/18 02:00,277253
2024/8/18 03:00,277281
2024/8/18 04:00,277308
2024/8/18 05:00,277335
2024/8/18 06:00,277362
2024/8/18 07:00,277389
2024/8/18 08:00,277417
2024/8/18 09:00,277448
2024/8/18 10:00,277495
2024/8/18 11:00,277550
2024/8/18 12:00,277606
2024/8/18 13:00,277659
2024/8/18 14:00,277713
2024/8/18 15:00,277768
2024/8/18 16:00,277824
2024/8/18 17:00,277876
2024/8/18 18:00,277932
2024/8/18 19:00,277981
2024/8/18 20:00,278035
2024/8/18 21:00,278085
2024/8/18 22:00,278135
2024/8/18 23:00,278178
2024/8/19 00:00,278218
2024/8/19 01:00,278249
2024/8/19 02:00,278275
2024/8/19 03:00,278303
2024/8/19 04:00,278328
2024/8/19 05:00,278353
2024/8/19 06:00,278380
2024/8/19 07:00,278406
2024/8/19 08:00,278433
2024/8/19 09:00,278476
2024/8/19 10:00,278542
2024/8/19 11:00,278617
2024/8/19 12:00,278691
2024/8/19 13:00,278756
2024/8/19 14:00,278819
2024/8/19 15:00,278889
2024/8/19 16:00,278965
2024/8/19 17:00,279038
2024/8/19 18:00,279108
2024/8/19 19:00,279170
2024/8/19 20:00,279224
2024/8/19 21:00,279280
2024/8/19 22:00,279333
2024/8/19 23:00,279382
2024/8/20 00:00,279425
2024/8/20 01:00,279457
2024/8/20 02:00,279487
2024/8/20 03:00,279513
2024/8/20 04:00,279542
2024/8/20 05:00,279568
2024/8/20 06:00,279596
2024/8/20 07:00,279622
2024/8/20 08:00,279649
2024/8/20 09:00,279693
2024/8/20 10:00,279755
2024/8/20 11:00,279823
2024/8/20 12:00,279901
2024/8/20 13:00,279974
2024/8/20 14:00,280044
2024/8/20 15:00,280120
2024/8/20 16:00,280204
2024/8/20 17:00,280290
2024/8/20 18:00,280365
2024/8/20 19:00,280427
2024/8/20 20:00,280486
2024/8/20 21:00,280550
2024/8/20 22:00,280604
2024/8/20 23:00,280655
2024/8/21 00:00,280699
2024/8/21 01:00,280738
2024/8/21 02:00,280775
2024/8/21 03:00,280812
2024/8/21 04:00,280845
2024/8/21 05:00,280878
2024/8/21 06:00,280913
2024/8/21 07:00,280948
2024/8/21 08:00,280984
2024/8/21 09:00,281030
2024/8/21 10:00,281059
2024/8/21 11:00,281116
2024/8/21 12:00,281183
2024/8/21 13:00,281247
2024/8/21 14:00,281305
2024/8/21 15:00,281368
2024/8/21 16:00,281451
2024/8/21 17:00,281543
2024/8/21 18:00,281625
2024/8/21 19:00,281687
2024/8/21 20:00,281745
2024/8/21 21:00,281802
2024/8/21 22:00,281856
2024/8/21 23:00,281909
2024/8/22 00:00,281953
2024/8/22 01:00,281990
2024/8/22 02:00,282023
2024/8/22 03:00,282055
2024/8/22 04:00,282086
2024/8/22 05:00,282117
2024/8/22 06:00,282148
2024/8/22 07:00,282181
2024/8/22 08:00,282217
2024/8/22 09:00,282262
2024/8/22 10:00,282325
2024/8/22 11:00,282391
2024/8/22 12:00,282463
2024/8/22 13:00,282531
2024/8/22 14:00,282595
2024/8/22 15:00,282666
2024/8/22 16:00,282755
2024/8/22 17:00,282853
2024/8/22 18:00,282945
2024/8/22 19:00,283016
2024/8/22 20:00,283077
2024/8/22 21:00,283140
2024/8/22 22:00,283197
2024/8/22 23:00,283256
2024/8/23 00:00,283307
2024/8/23 01:00,283348
2024/8/23 02:00,283387
2024/8/23 03:00,283421
2024/8/23 04:00,283454
2024/8/23 05:00,283485
2024/8/23 06:00,283517
2024/8/23 07:00,283551
2024/8/23 08:00,283586
2024/8/23 09:00,283635
2024/8/23 10:00,283706
2024/8/23 11:00,283785
2024/8/23 12:00,283867
2024/8/23 13:00,283949
2024/8/23 14:00,284022
2024/8/23 15:00,284105
2024/8/23 16:00,284204
2024/8/23 17:00,284312
2024/8/23 18:00,284415
2024/8/23 19:00,284490
2024/8/23 20:00,284560
2024/8/23 21:00,284622
2024/8/23 22:00,284679
2024/8/23 23:00,284728
2024/8/24 00:00,284772
2024/8/24 01:00,284813
2024/8/24 02:00,284849
2024/8/24 03:00,284883
2024/8/24 04:00,284915
2024/8/24 05:00,284947
2024/8/24 06:00,284979
2024/8/24 07:00,285013
2024/8/24 08:00,285045
2024/8/24 09:00,285090
2024/8/24 10:00,285150
2024/8/24 11:00,285216
2024/8/24 12:00,285288
2024/8/24 13:00,285353
2024/8/24 14:00,285417
2024/8/24 15:00,285484
2024/8/24 16:00,285550
2024/8/24 17:00,285621
2024/8/24 18:00,285691
2024/8/24 19:00,285760
2024/8/24 20:00,285823
2024/8/24 21:00,285884
2024/8/24 22:00,285940
2024/8/24 23:00,285995
2024/8/25 00:00,286046
2024/8/25 01:00,286079
2024/8/25 02:00,286109
2024/8/25 03:00,286136
2024/8/25 04:00,286162
2024/8/25 05:00,286186
2024/8/25 06:00,286213
2024/8/25 07:00,286237
2024/8/25 08:00,286263
2024/8/25 09:00,286298
2024/8/25 10:00,286350
2024/8/25 11:00,286411
2024/8/25 12:00,286471
2024/8/25 13:00,286527
2024/8/25 14:00,286587
2024/8/25 15:00,286653
2024/8/25 16:00,286723
2024/8/25 17:00,286793
2024/8/25 18:00,286854
2024/8/25 19:00,286917
2024/8/25 20:00,286979
2024/8/25 21:00,287039
2024/8/25 22:00,287101
2024/8/25 23:00,287159
2024/8/26 00:00,287209
2024/8/26 01:00,287243
2024/8/26 02:00,287269
2024/8/26 03:00,287292
2024/8/26 04:00,287315
2024/8/26 05:00,287337
2024/8/26 06:00,287359
2024/8/26 07:00,287382
2024/8/26 08:00,287405
2024/8/26 09:00,287438
2024/8/26 10:00,287490
2024/8/26 11:00,287552
2024/8/26 12:00,287613
2024/8/26 13:00,287676
2024/8/26 14:00,287736
2024/8/26 15:00,287804
2024/8/26 16:00,287876
2024/8/26 17:00,287949
2024/8/26 18:00,288021
2024/8/26 19:00,288084
2024/8/26 20:00,288147
2024/8/26 21:00,288208
2024/8/26 22:00,288264
2024/8/26 23:00,288311
2024/8/27 00:00,288349
2024/8/27 01:00,288382
2024/8/27 02:00,288412
2024/8/27 03:00,288438
2024/8/27 04:00,288465
2024/8/27 05:00,288493
2024/8/27 06:00,288519
2024/8/27 07:00,288546
2024/8/27 08:00,288573
2024/8/27 09:00,288612
2024/8/27 10:00,288668
2024/8/27 11:00,288730
2024/8/27 12:00,288791
2024/8/27 13:00,288848
2024/8/27 14:00,288905
2024/8/27 15:00,288966
2024/8/27 16:00,289032
2024/8/27 17:00,289099
2024/8/27 18:00,289164
2024/8/27 19:00,289223
2024/8/27 20:00,289284
2024/8/27 21:00,289344
2024/8/27 22:00,289401
2024/8/27 23:00,289451
2024/8/28 00:00,289496
2024/8/28 01:00,289528
2024/8/28 02:00,289559
2024/8/28 03:00,289588
2024/8/28 04:00,289618
2024/8/28 05:00,289647
2024/8/28 06:00,289673
2024/8/28 07:00,289701
2024/8/28 08:00,289731
2024/8/28 09:00,289770
2024/8/28 10:00,289822
2024/8/28 11:00,289892
2024/8/28 12:00,289961
2024/8/28 13:00,290033
2024/8/28 14:00,290111
2024/8/28 15:00,290191
2024/8/28 16:00,290274
2024/8/28 17:00,290357
2024/8/28 18:00,290433
2024/8/28 19:00,290496
2024/8/28 20:00,290559
2024/8/28 21:00,290617
2024/8/28 22:00,290675
2024/8/28 23:00,290728
2024/8/29 00:00,290772
2024/8/29 01:00,290805
2024/8/29 02:00,290833
2024/8/29 03:00,290859
2024/8/29 04:00,290885
2024/8/29 05:00,290909
2024/8/29 06:00,290935
2024/8/29 07:00,290959
2024/8/29 08:00,290984
2024/8/29 09:00,291022
2024/8/29 10:00,291083
2024/8/29 11:00,291145
2024/8/29 12:00,291205
2024/8/29 13:00,291263
2024/8/29 14:00,291323
2024/8/29 15:00,291392
2024/8/29 16:00,291464
2024/8/29 17:00,291537
2024/8/29 18:00,291604
2024/8/29 19:00,291667
2024/8/29 20:00,291728
2024/8/29 21:00,291786
2024/8/29 22:00,291841
2024/8/29 23:00,291893
2024/8/30 00:00,291937
2024/8/30 01:00,291970
2024/8/30 02:00,292000
2024/8/30 03:00,292028
2024/8/30 04:00,292059
2024/8/30 05:00,292089
2024/8/30 06:00,292117
2024/8/30 07:00,292144
2024/8/30 08:00,292174
2024/8/30 09:00,292221
2024/8/30 10:00,292288
2024/8/30 11:00,292362
2024/8/30 12:00,292436
2024/8/30 13:00,292501
2024/8/30 14:00,292570
2024/8/30 15:00,292649
2024/8/30 16:00,292739
2024/8/30 17:00,292828
2024/8/30 18:00,292914
2024/8/30 19:00,292993
2024/8/30 20:00,293064
2024/8/30 21:00,293130
2024/8/30 22:00,293195
2024/8/30 23:00,293259
2024/8/31 00:00,293311
2024/8/31 01:00,293354
2024/8/31 02:00,293395
2024/8/31 03:00,293431
2024/8/31 04:00,293466
2024/8/31 05:00,293499
2024/8/31 06:00,293532
2024/8/31 07:00,293567
2024/8/31 08:00,293603
2024/8/31 09:00,293647
2024/8/31 10:00,293709
2024/8/31 11:00,293772
2024/8/31 12:00,293846
2024/8/31 13:00,293911
2024/8/31 14:00,293968
2024/8/31 15:00,294037
2024/8/31 16:00,294122
2024/8/31 17:00,294204
2024/8/31 18:00,294289
2024/8/31 19:00,294363
2024/8/31 20:00,294433
2024/8/31 21:00,294500
2024/8/31 22:00,294569
2024/8/31 23:00,294628
2024/9/1 00:00,294677
2024/9/1 01:00,294720
2024/9/1 02:00,294758
2024/9/1 03:00,294795
2024/9/1 04:00,294832
2024/9/1 05:00,294865
2024/9/1 06:00,294897
2024/9/1 07:00,294930
2024/9/1 08:00,294964
2024/9/1 09:00,295013
2024/9/1 10:00,295075
2024/9/1 11:00,295149
2024/9/1 12:00,295223
2024/9/1 13:00,295294
2024/9/1 14:00,295369
2024/9/1 15:00,295451
2024/9/1 16:00,295536
2024/9/1 17:00,295622
2024/9/1 18:00,295704
2024/9/1 19:00,295782
2024/9/1 20:00,295854
2024/9/1 21:00,295929
2024/9/1 22:00,296001
2024/9/1 23:00,296065
2024/9/2 00:00,296123
2024/9/2 01:00,296165
2024/9/2 02:00,296202
2024/9/2 03:00,296237
2024/9/2 04:00,296273
2024/9/2 05:00,296307
2024/9/2 06:00,296340
2024/9/2 07:00,296375
2024/9/2 08:00,296411
2024/9/2 09:00,296478
2024/9/2 10:00,296573
2024/9/2 11:00,296674
2024/9/2 12:00,296774
2024/9/2 13:00,296860
2024/9/2 14:00,296951
2024/9/2 15:00,297047
2024/9/2 16:00,297159
2024/9/2 17:00,297270
2024/9/2 18:00,297376
2024/9/2 19:00,297465
2024/9/2 20:00,297546
2024/9/2 21:00,297625
2024/9/2 22:00,297696
2024/9/2 23:00,297762
2024/9/3 00:00,297812
2024/9/3 01:00,297855
2024/9/3 02:00,297892
2024/9/3 03:00,297927
2024/9/3 04:00,297961
2024/9/3 05:00,297994
2024/9/3 06:00,298026
2024/9/3 07:00,298058
2024/9/3 08:00,298094
2024/9/3 09:00,298156
2024/9/3 10:00,298239
2024/9/3 11:00,298325
2024/9/3 12:00,298416
2024/9/3 13:00,298499
2024/9/3 14:00,298588
2024/9/3 15:00,298690
2024/9/3 16:00,298796
2024/9/3 17:00,298909
2024/9/3 18:00,299016
2024/9/3 19:00,299105
2024/9/3 20:00,299186
2024/9/3 21:00,299263
2024/9/3 22:00,299334
2024/9/3 23:00,299399
2024/9/4 00:00,299456
2024/9/4 01:00,299501
2024/9/4 02:00,299538
2024/9/4 03:00,299574
2024/9/4 04:00,299606
2024/9/4 05:00,299638
2024/9/4 06:00,299668
2024/9/4 07:00,299701
2024/9/4 08:00,299735
2024/9/4 09:00,299796
2024/9/4 10:00,299888
2024/9/4 11:00,299991
2024/9/4 12:00,300097
2024/9/4 13:00,
2024/9/4 14:00,
2024/9/4 15:00,300368
2024/9/4 16:00,300467
2024/9/4 17:00,300566
2024/9/4 18:00,300658
2024/9/4 19:00,300733
2024/9/4 20:00,300798
2024/9/4 21:00,300867
2024/9/4 22:00,300930
2024/9/4 23:00,300986
2024/9/5 00:00,301032
2024/9/5 01:00,301068
2024/9/5 02:00,301101
2024/9/5 03:00,301129
2024/9/5 04:00,301159
2024/9/5 05:00,301187
2024/9/5 06:00,301214
2024/9/5 07:00,301242
2024/9/5 08:00,301271
2024/9/5 09:00,301318
2024/9/5 10:00,301381
2024/9/5 11:00,301446
2024/9/5 12:00,301512
2024/9/5 13:00,301579
2024/9/5 14:00,301648
2024/9/5 15:00,301729
2024/9/5 16:00,301818
2024/9/5 17:00,
2024/9/5 18:00,301986
2024/9/5 19:00,302055
2024/9/5 20:00,302116
2024/9/5 21:00,302174
2024/9/5 22:00,302229
2024/9/5 23:00,302282
2024/9/6 00:00,302326
2024/9/6 01:00,302362
2024/9/6 02:00,302395
2024/9/6 03:00,302425
2024/9/6 04:00,302453
2024/9/6 05:00,302482
2024/9/6 06:00,302512
2024/9/6 07:00,302541
2024/9/6 08:00,302571
2024/9/6 09:00,302624
2024/9/6 10:00,302696
2024/9/6 11:00,302779
2024/9/6 12:00,302861
2024/9/6 13:00,302942
2024/9/6 14:00,303020
2024/9/6 15:00,303109
2024/9/6 16:00,303224
2024/9/6 17:00,303341
2024/9/6 18:00,303454
2024/9/6 19:00,303537
2024/9/6 20:00,303604
2024/9/6 21:00,303666
2024/9/6 22:00,303724
2024/9/6 23:00,303775
2024/9/7 00:00,303822
2024/9/7 01:00,303858
2024/9/7 02:00,303890
2024/9/7 03:00,303920
2024/9/7 04:00,303947
2024/9/7 05:00,303975
2024/9/7 06:00,303999
2024/9/7 07:00,304025
2024/9/7 08:00,304056
2024/9/7 09:00,304098
2024/9/7 10:00,304153
2024/9/7 11:00,304214
2024/9/7 12:00,304272
2024/9/7 13:00,304328
2024/9/7 14:00,304386
2024/9/7 15:00,304451
2024/9/7 16:00,304527
2024/9/7 17:00,304605
2024/9/7 18:00,304679
2024/9/7 19:00,304757
2024/9/7 20:00,304818
2024/9/7 21:00,304870
2024/9/7 22:00,304923
2024/9/7 23:00,304977
2024/9/8 00:00,305021
2024/9/8 01:00,305058
2024/9/8 02:00,305092
2024/9/8 03:00,305122
2024/9/8 04:00,305152
2024/9/8 05:00,305180
2024/9/8 06:00,305211
2024/9/8 07:00,305244
2024/9/8 08:00,305273
2024/9/8 09:00,305310
2024/9/8 10:00,305369
2024/9/8 11:00,305439
2024/9/8 12:00,305515
2024/9/8 13:00,305578
2024/9/8 14:00,305642
2024/9/8 15:00,305708
2024/9/8 16:00,305776
2024/9/8 17:00,305845
2024/9/8 18:00,305916
2024/9/8 19:00,305985
2024/9/8 20:00,306053
2024/9/8 21:00,306121
2024/9/8 22:00,306183
2024/9/8 23:00,306242
2024/9/9 00:00,306290
2024/9/9 01:00,306329
2024/9/9 02:00,306365
2024/9/9 03:00,306398
2024/9/9 04:00,306430
2024/9/9 05:00,306458
2024/9/9 06:00,306489
2024/9/9 07:00,306519
2024/9/9 08:00,306551
2024/9/9 09:00,306615
2024/9/9 10:00,306704
2024/9/9 11:00,306804
2024/9/9 12:00,306911
2024/9/9 13:00,
2024/9/9 14:00,307088
2024/9/9 15:00,307183
2024/9/9 16:00,307310
2024/9/9 17:00,307424
2024/9/9 18:00,307522
2024/9/9 19:00,307598
2024/9/9 20:00,307680
2024/9/9 21:00,307758
2024/9/9 22:00,307824
2024/9/9 23:00,307888
2024/9/10 00:00,307939
2024/9/10 01:00,307987
2024/9/10 02:00,308027
2024/9/10 03:00,308065
2024/9/10 04:00,308102
2024/9/10 05:00,308138
2024/9/10 06:00,308175
2024/9/10 07:00,308212
2024/9/10 08:00,308251
2024/9/10 09:00,308306
2024/9/10 10:00,308381
2024/9/10 11:00,308463
2024/9/10 12:00,308549
2024/9/10 13:00,308627
2024/9/10 14:00,308704
2024/9/10 15:00,308790
2024/9/10 16:00,308888
2024/9/10 17:00,309002
2024/9/10 18:00,309102
2024/9/10 19:00,309180
2024/9/10 20:00,309244
2024/9/10 21:00,309300
2024/9/10 22:00,309362
2024/9/10 23:00,309418
2024/9/11 00:00,309469
2024/9/11 01:00,309508
2024/9/11 02:00,309540
2024/9/11 03:00,309569
2024/9/11 04:00,309597
2024/9/11 05:00,309627
2024/9/11 06:00,309655
2024/9/11 07:00,309683
2024/9/11 08:00,309713
2024/9/11 09:00,309764
2024/9/11 10:00,309838
2024/9/11 11:00,
2024/9/11 12:00,
2024/9/11 13:00,310085
2024/9/11 14:00,310164
2024/9/11 15:00,310256
2024/9/11 16:00,
2024/9/11 17:00,310500
2024/9/11 18:00,310604
2024/9/11 19:00,310684
2024/9/11 20:00,310759
2024/9/11 21:00,310828
2024/9/11 22:00,310896
2024/9/11 23:00,310961
2024/9/12 00:00,311015
2024/9/12 01:00,311060
2024/9/12 02:00,
2024/9/12 03:00,311135
2024/9/12 04:00,311172
2024/9/12 05:00,311209
2024/9/12 06:00,311246
2024/9/12 07:00,311282
2024/9/12 08:00,311319
2024/9/12 09:00,311380
2024/9/12 10:00,311453
2024/9/12 11:00,311536
2024/9/12 12:00,311620
2024/9/12 13:00,311697
2024/9/12 14:00,311762
2024/9/12 15:00,311843
2024/9/12 16:00,311951
2024/9/12 17:00,312061
2024/9/12 18:00,312163
2024/9/12 19:00,312245
2024/9/12 20:00,312319
2024/9/12 21:00,312392
2024/9/12 22:00,312465
2024/9/12 23:00,312528
2024/9/13 00:00,312578
2024/9/13 01:00,312624
2024/9/13 02:00,312665
2024/9/13 03:00,312699
2024/9/13 04:00,312735
2024/9/13 05:00,312770
2024/9/13 06:00,312804
2024/9/13 07:00,312839
2024/9/13 08:00,312877
2024/9/13 09:00,312938
2024/9/13 10:00,313017
2024/9/13 11:00,313104
2024/9/13 12:00,313186
2024/9/13 13:00,313264
2024/9/13 14:00,313346
2024/9/13 15:00,313437
2024/9/13 16:00,313542
2024/9/13 17:00,313643
2024/9/13 18:00,313714
2024/9/13 19:00,313775
2024/9/13 20:00,313832
2024/9/13 21:00,313887
2024/9/13 22:00,313940
2024/9/13 23:00,313983
2024/9/14 00:00,314023
2024/9/14 01:00,314056
2024/9/14 02:00,314087
2024/9/14 03:00,314114
2024/9/14 04:00,314143
2024/9/14 05:00,314169
2024/9/14 06:00,314195
2024/9/14 07:00,314223
2024/9/14 08:00,314251
2024/9/14 09:00,314299
2024/9/14 10:00,314368
2024/9/14 11:00,314444
2024/9/14 12:00,314518
2024/9/14 13:00,314584
2024/9/14 14:00,314652
2024/9/14 15:00,314729
2024/9/14 16:00,314827
2024/9/14 17:00,314923
2024/9/14 18:00,315007
2024/9/14 19:00,315076
2024/9/14 20:00,315136
2024/9/14 21:00,315195
2024/9/14 22:00,315259
2024/9/14 23:00,315317
2024/9/15 00:00,315367
2024/9/15 01:00,315415
2024/9/15 02:00,315454
2024/9/15 03:00,315491
2024/9/15 04:00,315529
2024/9/15 05:00,315563
2024/9/15 06:00,315598
2024/9/15 07:00,315636
2024/9/15 08:00,315674
2024/9/15 09:00,315714
2024/9/15 10:00,315761
2024/9/15 11:00,315812
2024/9/15 12:00,315867
2024/9/15 13:00,315922
2024/9/15 14:00,315973
2024/9/15 15:00,316033
2024/9/15 16:00,316099
2024/9/15 17:00,316171
2024/9/15 18:00,316239
2024/9/15 19:00,316296
2024/9/15 20:00,316342
2024/9/15 21:00,316391
2024/9/15 22:00,316439
2024/9/15 23:00,316484
2024/9/16 00:00,316526
2024/9/16 01:00,316560
2024/9/16 02:00,316593
2024/9/16 03:00,316623
2024/9/16 04:00,316652
2024/9/16 05:00,316681
2024/9/16 06:00,316708
2024/9/16 07:00,316736
2024/9/16 08:00,316763
2024/9/16 09:00,316792
2024/9/16 10:00,316831
2024/9/16 11:00,316873
2024/9/16 12:00,316922
2024/9/16 13:00,316968
2024/9/16 14:00,317016
2024/9/16 15:00,317071
2024/9/16 16:00,317133
2024/9/16 17:00,317192
2024/9/16 18:00,317248
2024/9/16 19:00,317301
2024/9/16 20:00,317349
2024/9/16 21:00,317399
2024/9/16 22:00,317448
2024/9/16 23:00,317487
2024/9/17 00:00,317525
2024/9/17 01:00,317559
2024/9/17 02:00,317592
2024/9/17 03:00,317618
2024/9/17 04:00,317646
2024/9/17 05:00,317674
2024/9/17 06:00,317701
2024/9/17 07:00,317725
2024/9/17 08:00,317754
2024/9/17 09:00,317782
2024/9/17 10:00,317818
2024/9/17 11:00,317858
2024/9/17 12:00,317904
2024/9/17 13:00,317948
2024/9/17 14:00,317994
2024/9/17 15:00,318045
2024/9/17 16:00,318099
2024/9/17 17:00,318154
2024/9/17 18:00,318210
2024/9/17 19:00,318261
2024/9/17 20:00,318312
2024/9/17 21:00,318362
2024/9/17 22:00,318413
2024/9/17 23:00,318460
2024/9/18 00:00,318502
2024/9/18 01:00,318538
2024/9/18 02:00,318568
2024/9/18 03:00,318598
2024/9/18 04:00,318627
2024/9/18 05:00,318653
2024/9/18 06:00,318681
2024/9/18 07:00,318707
2024/9/18 08:00,318737
2024/9/18 09:00,318794
2024/9/18 10:00,318873
2024/9/18 11:00,318968
2024/9/18 12:00,319066
2024/9/18 13:00,319146
2024/9/18 14:00,319227
2024/9/18 15:00,319327
2024/9/18 16:00,319441
2024/9/18 17:00,319557
2024/9/18 18:00,319672
2024/9/18 19:00,
2024/9/18 20:00,319854
2024/9/18 21:00,319935
2024/9/18 22:00,320013
2024/9/18 23:00,320082
2024/9/19 00:00,320143
2024/9/19 01:00,320192
2024/9/19 02:00,320233
2024/9/19 03:00,320270
2024/9/19 04:00,320309
2024/9/19 05:00,320348
2024/9/19 06:00,320386
2024/9/19 07:00,320423
2024/9/19 08:00,320468
2024/9/19 09:00,320532
2024/9/19 10:00,320620
2024/9/19 11:00,320716
2024/9/19 12:00,320804
2024/9/19 13:00,320875
2024/9/19 14:00,320944
2024/9/19 15:00,321024
2024/9/19 16:00,321130
2024/9/19 17:00,321248
2024/9/19 18:00,321363
2024/9/19 19:00,321469
2024/9/19 20:00,321563
2024/9/19 21:00,321658
2024/9/19 22:00,321754
2024/9/19 23:00,321834
2024/9/20 00:00,321892
2024/9/20 01:00,321941
2024/9/20 02:00,321983
2024/9/20 03:00,322021
2024/9/20 04:00,322061
2024/9/20 05:00,322100
2024/9/20 06:00,322138
2024/9/20 07:00,322177
2024/9/20 08:00,322217
2024/9/20 09:00,322276
2024/9/20 10:00,322347
2024/9/20 11:00,322430
2024/9/20 12:00,322505
2024/9/20 13:00,322576
2024/9/20 14:00,322646
2024/9/20 15:00,322720
2024/9/20 16:00,322799
2024/9/20 17:00,322876
2024/9/20 18:00,322950
2024/9/20 19:00,323018
2024/9/20 20:00,323083
2024/9/20 21:00,323145
2024/9/20 22:00,323207
2024/9/20 23:00,323263
2024/9/21 00:00,323314
2024/9/21 01:00,323356
2024/9/21 02:00,323392
2024/9/21 03:00,323427
2024/9/21 04:00,323461
2024/9/21 05:00,323493
2024/9/21 06:00,323526
2024/9/21 07:00,323557
2024/9/21 08:00,323591
2024/9/21 09:00,323635
2024/9/21 10:00,323690
2024/9/21 11:00,323747
2024/9/21 12:00,323805
2024/9/21 13:00,323859
2024/9/21 14:00,323909
2024/9/21 15:00,323963
2024/9/21 16:00,324023
2024/9/21 17:00,324081
2024/9/21 18:00,324137
2024/9/21 19:00,324188
2024/9/21 20:00,324236
2024/9/21 21:00,324285
2024/9/21 22:00,324328
2024/9/21 23:00,324370
2024/9/22 00:00,324407
2024/9/22 01:00,324439
2024/9/22 02:00,324467
2024/9/22 03:00,324495
2024/9/22 04:00,324522
2024/9/22 05:00,324546
2024/9/22 06:00,324573
2024/9/22 07:00,324600
2024/9/22 08:00,324626
2024/9/22 09:00,324657
2024/9/22 10:00,324690
2024/9/22 11:00,324730
2024/9/22 12:00,324777
2024/9/22 13:00,324820
2024/9/22 14:00,324860
2024/9/22 15:00,324903
2024/9/22 16:00,324952
2024/9/22 17:00,325002
2024/9/22 18:00,325050
2024/9/22 19:00,325096
2024/9/22 20:00,325141
2024/9/22 21:00,325184
2024/9/22 22:00,325224
2024/9/22 23:00,325263
2024/9/23 00:00,325293
2024/9/23 01:00,325323
2024/9/23 02:00,325349
2024/9/23 03:00,325376
2024/9/23 04:00,325401
2024/9/23 05:00,325424
2024/9/23 06:00,325446
2024/9/23 07:00,325469
2024/9/23 08:00,325495
2024/9/23 09:00,325534
2024/9/23 10:00,325584
2024/9/23 11:00,325642
2024/9/23 12:00,325698
2024/9/23 13:00,325746
2024/9/23 14:00,325795
2024/9/23 15:00,325852
2024/9/23 16:00,325917
2024/9/23 17:00,325981
2024/9/23 18:00,326039
2024/9/23 19:00,326087
2024/9/23 20:00,326137
2024/9/23 21:00,326184
2024/9/23 22:00,326229
2024/9/23 23:00,326269
2024/9/24 00:00,326304
2024/9/24 01:00,326332
2024/9/24 02:00,326361
2024/9/24 03:00,326384
2024/9/24 04:00,326409
2024/9/24 05:00,326431
2024/9/24 06:00,326453
2024/9/24 07:00,326477
2024/9/24 08:00,326503
2024/9/24 09:00,326540
2024/9/24 10:00,326587
2024/9/24 11:00,326642
2024/9/24 12:00,326698
2024/9/24 13:00,326747
2024/9/24 14:00,326798
2024/9/24 15:00,326862
2024/9/24 16:00,326933
2024/9/24 17:00,327008
2024/9/24 18:00,327071
2024/9/24 19:00,327123
2024/9/24 20:00,327167
2024/9/24 21:00,327209
2024/9/24 22:00,327251
2024/9/24 23:00,327292
2024/9/25 00:00,327326
2024/9/25 01:00,327355
2024/9/25 02:00,327379
2024/9/25 03:00,327403
2024/9/25 04:00,327426
2024/9/25 05:00,327449
2024/9/25 06:00,327473
2024/9/25 07:00,327495
2024/9/25 08:00,327519
2024/9/25 09:00,327558
2024/9/25 10:00,327614
2024/9/25 11:00,327680
2024/9/25 12:00,327740
2024/9/25 13:00,327795
2024/9/25 14:00,327854
2024/9/25 15:00,327925
2024/9/25 16:00,
2024/9/25 17:00,328097
2024/9/25 18:00,328174
2024/9/25 19:00,328232
2024/9/25 20:00,328288
2024/9/25 21:00,328335
2024/9/25 22:00,328384
2024/9/25 23:00,328424
2024/9/26 00:00,328460
2024/9/26 01:00,328490
2024/9/26 02:00,328516
2024/9/26 03:00,328542
2024/9/26 04:00,328566
2024/9/26 05:00,328589
2024/9/26 06:00,328612
2024/9/26 07:00,328636
2024/9/26 08:00,328660
2024/9/26 09:00,328698
2024/9/26 10:00,328749
2024/9/26 11:00,328804
2024/9/26 12:00,328864
2024/9/26 13:00,328916
2024/9/26 14:00,328967
2024/9/26 15:00,329033
2024/9/26 16:00,329105
2024/9/26 17:00,329176
2024/9/26 18:00,329246
2024/9/26 19:00,329309
2024/9/26 20:00,329364
2024/9/26 21:00,329415
2024/9/26 22:00,329463
2024/9/26 23:00,329510
2024/9/27 00:00,329550
2024/9/27 01:00,329585
2024/9/27 02:00,329615
2024/9/27 03:00,329641
2024/9/27 04:00,329668
2024/9/27 05:00,329693
2024/9/27 06:00,329720
2024/9/27 07:00,329744
2024/9/27 08:00,329774
2024/9/27 09:00,329821
2024/9/27 10:00,329876
2024/9/27 11:00,329936
2024/9/27 12:00,329999
2024/9/27 13:00,330061
2024/9/27 14:00,330123
2024/9/27 15:00,330187
2024/9/27 16:00,330266
2024/9/27 17:00,330348
2024/9/27 18:00,330421
2024/9/27 19:00,330499
2024/9/27 20:00,330563
2024/9/27 21:00,330622
2024/9/27 22:00,330681
2024/9/27 23:00,330735
2024/9/28 00:00,330781
2024/9/28 01:00,330815
2024/9/28 02:00,330844
2024/9/28 03:00,330873
2024/9/28 04:00,330897
2024/9/28 05:00,330925
2024/9/28 06:00,330950
2024/9/28 07:00,330976
2024/9/28 08:00,331009
2024/9/28 09:00,331056
2024/9/28 10:00,331109
2024/9/28 11:00,331175
2024/9/28 12:00,331245
2024/9/28 13:00,331309
2024/9/28 14:00,331371
2024/9/28 15:00,331440
2024/9/28 16:00,331514
2024/9/28 17:00,331578
2024/9/28 18:00,331639
2024/9/28 19:00,331692
2024/9/28 20:00,331740
2024/9/28 21:00,331789
2024/9/28 22:00,331833
2024/9/28 23:00,331877
2024/9/29 00:00,331917
2024/9/29 01:00,331950
2024/9/29 02:00,331982
2024/9/29 03:00,332006
2024/9/29 04:00,332035
2024/9/29 05:00,332061
2024/9/29 06:00,332088
2024/9/29 07:00,332111
2024/9/29 08:00,332138
2024/9/29 09:00,332177
2024/9/29 10:00,332233
2024/9/29 11:00,332290
2024/9/29 12:00,332342
2024/9/29 13:00,332382
2024/9/29 14:00,332426
2024/9/29 15:00,332468
2024/9/29 16:00,332519
2024/9/29 17:00,332565
2024/9/29 18:00,
2024/9/29 19:00,332644
2024/9/29 20:00,332680
2024/9/29 21:00,332719
2024/9/29 22:00,332753
2024/9/29 23:00,332782
2024/9/30 00:00,332810
2024/9/30 01:00,332835
2024/9/30 02:00,332859
2024/9/30 03:00,332881
2024/9/30 04:00,332900
2024/9/30 05:00,332921
2024/9/30 06:00,332941
2024/9/30 07:00,332965
2024/9/30 08:00,332988
2024/9/30 09:00,333019
2024/9/30 10:00,333054
2024/9/30 11:00,
2024/9/30 12:00,333150
2024/9/30 13:00,333185
2024/9/30 14:00,333219
2024/9/30 15:00,333258
2024/9/30 16:00,333299
2024/9/30 17:00,333339
2024/9/30 18:00,333378
2024/9/30 19:00,333415
2024/9/30 20:00,333447
2024/9/30 21:00,333481
2024/9/30 22:00,333513
2024/9/30 23:00,333542
2024/10/1 00:00,333569
2024/10/1 01:00,333595
2024/10/1 02:00,333619
2024/10/1 03:00,333642
2024/10/1 04:00,333664
2024/10/1 05:00,333687
2024/10/1 06:00,333709
2024/10/1 07:00,333730
2024/10/1 08:00,333757
2024/10/1 09:00,333780
2024/10/1 10:00,333807
2024/10/1 11:00,333834
2024/10/1 12:00,333864
2024/10/1 13:00,333889
2024/10/1 14:00,333918
2024/10/1 15:00,333949
2024/10/1 16:00,333981
2024/10/1 17:00,334014
2024/10/1 18:00,334044
2024/10/1 19:00,334071
2024/10/1 20:00,334100
2024/10/1 21:00,334130
2024/10/1 22:00,334159
2024/10/1 23:00,334186
2024/10/2 00:00,334210
2024/10/2 01:00,334233
2024/10/2 02:00,334256
2024/10/2 03:00,334275
2024/10/2 04:00,334297
2024/10/2 05:00,334318
2024/10/2 06:00,334339
2024/10/2 07:00,334359
2024/10/2 08:00,334382
2024/10/2 09:00,334404
2024/10/2 10:00,334429
2024/10/2 11:00,334460
2024/10/2 12:00,334493
2024/10/2 13:00,334524
2024/10/2 14:00,334552
2024/10/2 15:00,334587
2024/10/2 16:00,334623
2024/10/2 17:00,334660
2024/10/2 18:00,334692
2024/10/2 19:00,334725
2024/10/2 20:00,334761
2024/10/2 21:00,334794
2024/10/2 22:00,334824
2024/10/2 23:00,334853
2024/10/3 00:00,334880
2024/10/3 01:00,334902
2024/10/3 02:00,334923
2024/10/3 03:00,334945
2024/10/3 04:00,334968
2024/10/3 05:00,334988
2024/10/3 06:00,335009
2024/10/3 07:00,335029
2024/10/3 08:00,335050
2024/10/3 09:00,335073
2024/10/3 10:00,335098
2024/10/3 11:00,335131
2024/10/3 12:00,335159
2024/10/3 13:00,335189
2024/10/3 14:00,335218
2024/10/3 15:00,335250
2024/10/3 16:00,335287
2024/10/3 17:00,335318
2024/10/3 18:00,335352
2024/10/3 19:00,335380
2024/10/3 20:00,335412
2024/10/3 21:00,335443
2024/10/3 22:00,335473
2024/10/3 23:00,335501
2024/10/4 00:00,335529
2024/10/4 01:00,335553
2024/10/4 02:00,335577
2024/10/4 03:00,335600
2024/10/4 04:00,335623
2024/10/4 05:00,335646
2024/10/4 06:00,335668
2024/10/4 07:00,335689
2024/10/4 08:00,335711
2024/10/4 09:00,335736
2024/10/4 10:00,335761
2024/10/4 11:00,335788
2024/10/4 12:00,335816
2024/10/4 13:00,335840
2024/10/4 14:00,335868
2024/10/4 15:00,335896
2024/10/4 16:00,335924
2024/10/4 17:00,335952
2024/10/4 18:00,335981
2024/10/4 19:00,336009
2024/10/4 20:00,336036
2024/10/4 21:00,336064
2024/10/4 22:00,336092
2024/10/4 23:00,336117
2024/10/5 00:00,336144
2024/10/5 01:00,336167
2024/10/5 02:00,336190
2024/10/5 03:00,336210
2024/10/5 04:00,336231
2024/10/5 05:00,336252
2024/10/5 06:00,336272
2024/10/5 07:00,336291
2024/10/5 08:00,336311
2024/10/5 09:00,336333
2024/10/5 10:00,336357
2024/10/5 11:00,336382
2024/10/5 12:00,336407
2024/10/5 13:00,336434
2024/10/5 14:00,336460
2024/10/5 15:00,336487
2024/10/5 16:00,336518
2024/10/5 17:00,336547
2024/10/5 18:00,336578
2024/10/5 19:00,336608
2024/10/5 20:00,336639
2024/10/5 21:00,336668
2024/10/5 22:00,336700
2024/10/5 23:00,336726
2024/10/6 00:00,336753
2024/10/6 01:00,336777
2024/10/6 02:00,336800
2024/10/6 03:00,336820
2024/10/6 04:00,336840
2024/10/6 05:00,336863
2024/10/6 06:00,336883
2024/10/6 07:00,336904
2024/10/6 08:00,336926
2024/10/6 09:00,336950
2024/10/6 10:00,336974
2024/10/6 11:00,337002
2024/10/6 12:00,337030
2024/10/6 13:00,337058
2024/10/6 14:00,337086
2024/10/6 15:00,337114
2024/10/6 16:00,337144
2024/10/6 17:00,337177
2024/10/6 18:00,337205
2024/10/6 19:00,337233
2024/10/6 20:00,337262
2024/10/6 21:00,337291
2024/10/6 22:00,337320
2024/10/6 23:00,337349
2024/10/7 00:00,337372
2024/10/7 01:00,337393
2024/10/7 02:00,337414
2024/10/7 03:00,337432
2024/10/7 04:00,337453
2024/10/7 05:00,337473
2024/10/7 06:00,337490
2024/10/7 07:00,337510
2024/10/7 08:00,337530
2024/10/7 09:00,337554
2024/10/7 10:00,337580
2024/10/7 11:00,337611
2024/10/7 12:00,337642
2024/10/7 13:00,337669
2024/10/7 14:00,337699
2024/10/7 15:00,337729
2024/10/7 16:00,337761
2024/10/7 17:00,337793
2024/10/7 18:00,337826
2024/10/7 19:00,337864
2024/10/7 20:00,337901
2024/10/7 21:00,337939
2024/10/7 22:00,337970
2024/10/7 23:00,338001
2024/10/8 00:00,338026
2024/10/8 01:00,338051
2024/10/8 02:00,338075
2024/10/8 03:00,338097
2024/10/8 04:00,338120
2024/10/8 05:00,338143
2024/10/8 06:00,338163
2024/10/8 07:00,338184
2024/10/8 08:00,338211
2024/10/8 09:00,338242
2024/10/8 10:00,338280
2024/10/8 11:00,338327
2024/10/8 12:00,338369
2024/10/8 13:00,
2024/10/8 14:00,338446
2024/10/8 15:00,338488
2024/10/8 16:00,338534
2024/10/8 17:00,338580
2024/10/8 18:00,338622
2024/10/8 19:00,338663
2024/10/8 20:00,338701
2024/10/8 21:00,338738
2024/10/8 22:00,338774
2024/10/8 23:00,338809
2024/10/9 00:00,338839
2024/10/9 01:00,338866
2024/10/9 02:00,338891
2024/10/9 03:00,338916
2024/10/9 04:00,338939
2024/10/9 05:00,338964
2024/10/9 06:00,338986
2024/10/9 07:00,339009
2024/10/9 08:00,339034
2024/10/9 09:00,339070
2024/10/9 10:00,339117
2024/10/9 11:00,339177
2024/10/9 12:00,339223
2024/10/9 13:00,339269
2024/10/9 14:00,339313
2024/10/9 15:00,339365
2024/10/9 16:00,339421
2024/10/9 17:00,339474
2024/10/9 18:00,339527
2024/10/9 19:00,339573
2024/10/9 20:00,339619
2024/10/9 21:00,339665
2024/10/9 22:00,339711
2024/10/9 23:00,339754
2024/10/10 00:00,339793
2024/10/10 01:00,339828
2024/10/10 02:00,339863
2024/10/10 03:00,
2024/10/10 04:00,339930
2024/10/10 05:00,339963
2024/10/10 06:00,339994
2024/10/10 07:00,340027
2024/10/10 08:00,340060
2024/10/10 09:00,340102
2024/10/10 10:00,340154
2024/10/10 11:00,340223
2024/10/10 12:00,340289
2024/10/10 13:00,340352
2024/10/10 14:00,340416
2024/10/10 15:00,340488
2024/10/10 16:00,
2024/10/10 17:00,340639
2024/10/10 18:00,340707
2024/10/10 19:00,340756
2024/10/10 20:00,340801
2024/10/10 21:00,340846
2024/10/10 22:00,340889
2024/10/10 23:00,340929
2024/10/11 00:00,340964
2024/10/11 01:00,341000
2024/10/11 02:00,341031
2024/10/11 03:00,341060
2024/10/11 04:00,341089
2024/10/11 05:00,341117
2024/10/11 06:00,341147
2024/10/11 07:00,341176
2024/10/11 08:00,341205
2024/10/11 09:00,341241
2024/10/11 10:00,341294
2024/10/11 11:00,341351
2024/10/11 12:00,341405
2024/10/11 13:00,341458
2024/10/11 14:00,341504
2024/10/11 15:00,341557
2024/10/11 16:00,341614
2024/10/11 17:00,341672
2024/10/11 18:00,341724
2024/10/11 19:00,341775
2024/10/11 20:00,341827
2024/10/11 21:00,341874
2024/10/11 22:00,341923
2024/10/11 23:00,341967
2024/10/12 00:00,342008
2024/10/12 01:00,342047
2024/10/12 02:00,342085
2024/10/12 03:00,342120
2024/10/12 04:00,342155
2024/10/12 05:00,342189
2024/10/12 06:00,342222
2024/10/12 07:00,342260
2024/10/12 08:00,342298
2024/10/12 09:00,342340
2024/10/12 10:00,342399
2024/10/12 11:00,342456
2024/10/12 12:00,342506
2024/10/12 13:00,342559
2024/10/12 14:00,342615
2024/10/12 15:00,342672
2024/10/12 16:00,342731
2024/10/12 17:00,342787
2024/10/12 18:00,342830
2024/10/12 19:00,342867
2024/10/12 20:00,342909
2024/10/12 21:00,342949
2024/10/12 22:00,342989
2024/10/12 23:00,343026
2024/10/13 00:00,343062
2024/10/13 01:00,343090
2024/10/13 02:00,343123
2024/10/13 03:00,343152
2024/10/13 04:00,343181
2024/10/13 05:00,343208
2024/10/13 06:00,343236
2024/10/13 07:00,343264
2024/10/13 08:00,343295
2024/10/13 09:00,343326
2024/10/13 10:00,343358
2024/10/13 11:00,343395
2024/10/13 12:00,343433
2024/10/13 13:00,343472
2024/10/13 14:00,343511
2024/10/13 15:00,343551
2024/10/13 16:00,343596
2024/10/13 17:00,343639
2024/10/13 18:00,343679
2024/10/13 19:00,343717
2024/10/13 20:00,343754
2024/10/13 21:00,343794
2024/10/13 22:00,343830
2024/10/13 23:00,343865
2024/10/14 00:00,343894
2024/10/14 01:00,343922
2024/10/14 02:00,343951
2024/10/14 03:00,343981
2024/10/14 04:00,344008
2024/10/14 05:00,344034
2024/10/14 06:00,344057
2024/10/14 07:00,344081
2024/10/14 08:00,344108
2024/10/14 09:00,344148
2024/10/14 10:00,344193
2024/10/14 11:00,344253
2024/10/14 12:00,344304
2024/10/14 13:00,344349
2024/10/14 14:00,344389
2024/10/14 15:00,344449
2024/10/14 16:00,344523
2024/10/14 17:00,344590
2024/10/14 18:00,344656
2024/10/14 19:00,344719
2024/10/14 20:00,344780
2024/10/14 21:00,344843
2024/10/14 22:00,344905
2024/10/14 23:00,344951
2024/10/15 00:00,344985
2024/10/15 01:00,345017
2024/10/15 02:00,345045
2024/10/15 03:00,345076
2024/10/15 04:00,345106
2024/10/15 05:00,345134
2024/10/15 06:00,345162
2024/10/15 07:00,345191
2024/10/15 08:00,345219
2024/10/15 09:00,345258
2024/10/15 10:00,345307
2024/10/15 11:00,345354
2024/10/15 12:00,345404
2024/10/15 13:00,345448
2024/10/15 14:00,345491
2024/10/15 15:00,345540
2024/10/15 16:00,345608
2024/10/15 17:00,345678
2024/10/15 18:00,345743
2024/10/15 19:00,345804
2024/10/15 20:00,345866
2024/10/15 21:00,345922
2024/10/15 22:00,345979
2024/10/15 23:00,346027
2024/10/16 00:00,346072
2024/10/16 01:00,346115
2024/10/16 02:00,346154
2024/10/16 03:00,346187
2024/10/16 04:00,346228
2024/10/16 05:00,346266
2024/10/16 06:00,346302
2024/10/16 07:00,346339
2024/10/16 08:00,346379
2024/10/16 09:00,346424
2024/10/16 10:00,346483
2024/10/16 11:00,346545
2024/10/16 12:00,346607
2024/10/16 13:00,346664
2024/10/16 14:00,346721
2024/10/16 15:00,346786
2024/10/16 16:00,346862
2024/10/16 17:00,346936
2024/10/16 18:00,347000
2024/10/16 19:00,347053
2024/10/16 20:00,347103
2024/10/16 21:00,347147
2024/10/16 22:00,347196
2024/10/16 23:00,347243
2024/10/17 00:00,347280
2024/10/17 01:00,347311
2024/10/17 02:00,347345
2024/10/17 03:00,347372
2024/10/17 04:00,347402
2024/10/17 05:00,347432
2024/10/17 06:00,347458
2024/10/17 07:00,347486
2024/10/17 08:00,347515
2024/10/17 09:00,347551
2024/10/17 10:00,347601
2024/10/17 11:00,347662
2024/10/17 12:00,347717
2024/10/17 13:00,347766
2024/10/17 14:00,347818
2024/10/17 15:00,347871
2024/10/17 16:00,347931
2024/10/17 17:00,347999
2024/10/17 18:00,348055
2024/10/17 19:00,348110
2024/10/17 20:00,348169
2024/10/17 21:00,348222
2024/10/17 22:00,348272
2024/10/17 23:00,348323
2024/10/18 00:00,348362
2024/10/18 01:00,348400
2024/10/18 02:00,348434
2024/10/18 03:00,348470
2024/10/18 04:00,348505
2024/10/18 05:00,348543
2024/10/18 06:00,348577
2024/10/18 07:00,348610
2024/10/18 08:00,348644
2024/10/18 09:00,348691
2024/10/18 10:00,348740
2024/10/18 11:00,348795
2024/10/18 12:00,348842
2024/10/18 13:00,348886
2024/10/18 14:00,348934
2024/10/18 15:00,348986
2024/10/18 16:00,349047
2024/10/18 17:00,349107
2024/10/18 18:00,349167
2024/10/18 19:00,349215
2024/10/18 20:00,349262
2024/10/18 21:00,349311
2024/10/18 22:00,349354
2024/10/18 23:00,349396
2024/10/19 00:00,349434
2024/10/19 01:00,349466
2024/10/19 02:00,349497
2024/10/19 03:00,349527
2024/10/19 04:00,349555
2024/10/19 05:00,349584
2024/10/19 06:00,349615
2024/10/19 07:00,349645
2024/10/19 08:00,349674
2024/10/19 09:00,349705
2024/10/19 10:00,349741
2024/10/19 11:00,349782
2024/10/19 12:00,349822
2024/10/19 13:00,349854
2024/10/19 14:00,349890
2024/10/19 15:00,349929
2024/10/19 16:00,349972
2024/10/19 17:00,350012
2024/10/19 18:00,350057
2024/10/19 19:00,350099
2024/10/19 20:00,350139
2024/10/19 21:00,350181
2024/10/19 22:00,350218
2024/10/19 23:00,350255
2024/10/20 00:00,350293
2024/10/20 01:00,350327
2024/10/20 02:00,350356
2024/10/20 03:00,350384
2024/10/20 04:00,350413
2024/10/20 05:00,350439
2024/10/20 06:00,350472
2024/10/20 07:00,350501
2024/10/20 08:00,350528
2024/10/20 09:00,350558
2024/10/20 10:00,350593
2024/10/20 11:00,350634
2024/10/20 12:00,350678
2024/10/20 13:00,350714
2024/10/20 14:00,350752
2024/10/20 15:00,350791
2024/10/20 16:00,350833
2024/10/20 17:00,350878
2024/10/20 18:00,350922
2024/10/20 19:00,350964
2024/10/20 20:00,351005
2024/10/20 21:00,351050
2024/10/20 22:00,351093
2024/10/20 23:00,351133
2024/10/21 00:00,351172
2024/10/21 01:00,351205
2024/10/21 02:00,351234
2024/10/21 03:00,351260
2024/10/21 04:00,351288
2024/10/21 05:00,351316
2024/10/21 06:00,351343
2024/10/21 07:00,351372
2024/10/21 08:00,351402
2024/10/21 09:00,351437
2024/10/21 10:00,351479
2024/10/21 11:00,351525
2024/10/21 12:00,351580
2024/10/21 13:00,351637
2024/10/21 14:00,351690
2024/10/21 15:00,351750
2024/10/21 16:00,351822
2024/10/21 17:00,351896
2024/10/21 18:00,351967
2024/10/21 19:00,352033
2024/10/21 20:00,352098
2024/10/21 21:00,352162
2024/10/21 22:00,352219
2024/10/21 23:00,352270
2024/10/22 00:00,352317
2024/10/22 01:00,352360
2024/10/22 02:00,352399
2024/10/22 03:00,352437
2024/10/22 04:00,352474
2024/10/22 05:00,352510
2024/10/22 06:00,352545
2024/10/22 07:00,352586
2024/10/22 08:00,352627
2024/10/22 09:00,352674
2024/10/22 10:00,352731
2024/10/22 11:00,352785
2024/10/22 12:00,352845
2024/10/22 13:00,352901
2024/10/22 14:00,352955
2024/10/22 15:00,353015
2024/10/22 16:00,353073
2024/10/22 17:00,353135
2024/10/22 18:00,353191
2024/10/22 19:00,353241
2024/10/22 20:00,353288
2024/10/22 21:00,353332
2024/10/22 22:00,353376
2024/10/22 23:00,353417
2024/10/23 00:00,353449
2024/10/23 01:00,353480
2024/10/23 02:00,353515
2024/10/23 03:00,353543
2024/10/23 04:00,353568
2024/10/23 05:00,353593
2024/10/23 06:00,353619
2024/10/23 07:00,353647
2024/10/23 08:00,353679
2024/10/23 09:00,353718
2024/10/23 10:00,353767
2024/10/23 11:00,353821
2024/10/23 12:00,353887
2024/10/23 13:00,353941
2024/10/23 14:00,353979
2024/10/23 15:00,354025
2024/10/23 16:00,354074
2024/10/23 17:00,354120
2024/10/23 18:00,354170
2024/10/23 19:00,354210
2024/10/23 20:00,354255
2024/10/23 21:00,354298
2024/10/23 22:00,354340
2024/10/23 23:00,354382
2024/10/24 00:00,354416
2024/10/24 01:00,354445
2024/10/24 02:00,354473
2024/10/24 03:00,354498
2024/10/24 04:00,354523
2024/10/24 05:00,354551
2024/10/24 06:00,354573
2024/10/24 07:00,354599
2024/10/24 08:00,354624
2024/10/24 09:00,354656
2024/10/24 10:00,354696
2024/10/24 11:00,354740
2024/10/24 12:00,354782
2024/10/24 13:00,354824
2024/10/24 14:00,354865
2024/10/24 15:00,354912
2024/10/24 16:00,354965
2024/10/24 17:00,355016
2024/10/24 18:00,355062
2024/10/24 19:00,355102
2024/10/24 20:00,355142
2024/10/24 21:00,355181
2024/10/24 22:00,355216
2024/10/24 23:00,355251
2024/10/25 00:00,355286
2024/10/25 01:00,355317
2024/10/25 02:00,355347
2024/10/25 03:00,355379
2024/10/25 04:00,355409
2024/10/25 05:00,355438
2024/10/25 06:00,355468
2024/10/25 07:00,355499
2024/10/25 08:00,355530
2024/10/25 09:00,355570
2024/10/25 10:00,355632
2024/10/25 11:00,355693
2024/10/25 12:00,355763
2024/10/25 13:00,355825
2024/10/25 14:00,355884
2024/10/25 15:00,355948
2024/10/25 16:00,356017
2024/10/25 17:00,356089
2024/10/25 18:00,356160
2024/10/25 19:00,356218
2024/10/25 20:00,356275
2024/10/25 21:00,356324
2024/10/25 22:00,356370
2024/10/25 23:00,356409
2024/10/26 00:00,356445
2024/10/26 01:00,356481
2024/10/26 02:00,356519
2024/10/26 03:00,356555
2024/10/26 04:00,356589
2024/10/26 05:00,356622
2024/10/26 06:00,356656
2024/10/26 07:00,356689
2024/10/26 08:00,356725
2024/10/26 09:00,356765
2024/10/26 10:00,356801
2024/10/26 11:00,356842
2024/10/26 12:00,356884
2024/10/26 13:00,356921
2024/10/26 14:00,356964
2024/10/26 15:00,357008
2024/10/26 16:00,357053
2024/10/26 17:00,357095
2024/10/26 18:00,357137
2024/10/26 19:00,357181
2024/10/26 20:00,357224
2024/10/26 21:00,357266
2024/10/26 22:00,357308
2024/10/26 23:00,357348
2024/10/27 00:00,357386
2024/10/27 01:00,357416
2024/10/27 02:00,357446
2024/10/27 03:00,357478
2024/10/27 04:00,357506
2024/10/27 05:00,357536
2024/10/27 06:00,357563
2024/10/27 07:00,357591
2024/10/27 08:00,357618
2024/10/27 09:00,357648
2024/10/27 10:00,357680
2024/10/27 11:00,357715
2024/10/27 12:00,357752
2024/10/27 13:00,357784
2024/10/27 14:00,357823
2024/10/27 15:00,357870
2024/10/27 16:00,357920
2024/10/27 17:00,357965
2024/10/27 18:00,358011
2024/10/27 19:00,358054
2024/10/27 20:00,358099
2024/10/27 21:00,358147
2024/10/27 22:00,358189
2024/10/27 23:00,358231
2024/10/28 00:00,358268
2024/10/28 01:00,358307
2024/10/28 02:00,358344
2024/10/28 03:00,358381
2024/10/28 04:00,358419
2024/10/28 05:00,358449
2024/10/28 06:00,358480
2024/10/28 07:00,358509
2024/10/28 08:00,358541
2024/10/28 09:00,358580
2024/10/28 10:00,358629
2024/10/28 11:00,358688
2024/10/28 12:00,358739
2024/10/28 13:00,358780
2024/10/28 14:00,358824
2024/10/28 15:00,358875
2024/10/28 16:00,358930
2024/10/28 17:00,358993
2024/10/28 18:00,359053
2024/10/28 19:00,359105
2024/10/28 20:00,359159
2024/10/28 21:00,359214
2024/10/28 22:00,359266
2024/10/28 23:00,359318
2024/10/29 00:00,359363
2024/10/29 01:00,359407
2024/10/29 02:00,359445
2024/10/29 03:00,359484
2024/10/29 04:00,359525
2024/10/29 05:00,359563
2024/10/29 06:00,359600
2024/10/29 07:00,359633
2024/10/29 08:00,359671
2024/10/29 09:00,359715
2024/10/29 10:00,359783
2024/10/29 11:00,359850
2024/10/29 12:00,359918
2024/10/29 13:00,359987
2024/10/29 14:00,360052
2024/10/29 15:00,360121
2024/10/29 16:00,360187
2024/10/29 17:00,360249
2024/10/29 18:00,360303
2024/10/29 19:00,
2024/10/29 20:00,360397
2024/10/29 21:00,360445
2024/10/29 22:00,360495
2024/10/29 23:00,360535
2024/10/30 00:00,360570
2024/10/30 01:00,360606
2024/10/30 02:00,360637
2024/10/30 03:00,360667
2024/10/30 04:00,360699
2024/10/30 05:00,360731
2024/10/30 06:00,360762
2024/10/30 07:00,360794
2024/10/30 08:00,360824
2024/10/30 09:00,360864
2024/10/30 10:00,360926
2024/10/30 11:00,360997
2024/10/30 12:00,361062
2024/10/30 13:00,361119
2024/10/30 14:00,361178
2024/10/30 15:00,361240
2024/10/30 16:00,361312
2024/10/30 17:00,361379
2024/10/30 18:00,361444
2024/10/30 19:00,361494
2024/10/30 20:00,361541
2024/10/30 21:00,361589
2024/10/30 22:00,361629
2024/10/30 23:00,361671
2024/10/31 00:00,361704
2024/10/31 01:00,361736
2024/10/31 02:00,361768
2024/10/31 03:00,361794
2024/10/31 04:00,361824
2024/10/31 05:00,361860
2024/10/31 06:00,361890
2024/10/31 07:00,361919
2024/10/31 08:00,361949
2024/10/31 09:00,361986
2024/10/31 10:00,362044
2024/10/31 11:00,362137
2024/10/31 12:00,362216
2024/10/31 13:00,362292
2024/10/31 14:00,362363
2024/10/31 15:00,362436
2024/10/31 16:00,362525
2024/10/31 17:00,362609
2024/10/31 18:00,362683
2024/10/31 19:00,362742
2024/10/31 20:00,362791
2024/10/31 21:00,362841
2024/10/31 22:00,362887
2024/10/31 23:00,362935
2024/11/1 00:00,362981
2024/11/1 01:00,363018
2024/11/1 02:00,363056
2024/11/1 03:00,363089
2024/11/1 04:00,363124
2024/11/1 05:00,363160
2024/11/1 06:00,363198
2024/11/1 07:00,363233
2024/11/1 08:00,363270
2024/11/1 09:00,363311
2024/11/1 10:00,363371
2024/11/1 11:00,363445
2024/11/1 12:00,
2024/11/1 13:00,363580
2024/11/1 14:00,
2024/11/1 15:00,
2024/11/1 16:00,
2024/11/1 17:00,
2024/11/1 18:00,
2024/11/1 19:00,363968
2024/11/1 20:00,364014
2024/11/1 21:00,
2024/11/1 22:00,
2024/11/1 23:00,
2024/11/2 00:00,
2024/11/2 01:00,364231
2024/11/2 02:00,
2024/11/2 03:00,
2024/11/2 04:00,
2024/11/2 05:00,
2024/11/2 06:00,
2024/11/2 07:00,
2024/11/2 08:00,
2024/11/2 09:00,364505
2024/11/2 10:00,
2024/11/2 11:00,
2024/11/2 12:00,364649
2024/11/2 13:00,364691
2024/11/2 14:00,364730
2024/11/2 15:00,364778
2024/11/2 16:00,
2024/11/2 17:00,364870
2024/11/2 18:00,364922
2024/11/2 19:00,364968
2024/11/2 20:00,365009
2024/11/2 21:00,365051
2024/11/2 22:00,365091
2024/11/2 23:00,365130
2024/11/3 00:00,365166
2024/11/3 01:00,365196
2024/11/3 02:00,365223
2024/11/3 03:00,365250
2024/11/3 04:00,365274
2024/11/3 05:00,365301
2024/11/3 06:00,365326
2024/11/3 07:00,365354
2024/11/3 08:00,365380
2024/11/3 09:00,365410
2024/11/3 10:00,365441
2024/11/3 11:00,365479
2024/11/3 12:00,365512
2024/11/3 13:00,365548
2024/11/3 14:00,365584
2024/11/3 15:00,365625
2024/11/3 16:00,365665
2024/11/3 17:00,365705
2024/11/3 18:00,365744
2024/11/3 19:00,365785
2024/11/3 20:00,365827
2024/11/3 21:00,365866
2024/11/3 22:00,365908
2024/11/3 23:00,365944
2024/11/4 00:00,365975
2024/11/4 01:00,366009
2024/11/4 02:00,366037
2024/11/4 03:00,366066
2024/11/4 04:00,366095
2024/11/4 05:00,366123
2024/11/4 06:00,366148
2024/11/4 07:00,366180
2024/11/4 08:00,366211
2024/11/4 09:00,366248
2024/11/4 10:00,366294
2024/11/4 11:00,366379
2024/11/4 12:00,366510
2024/11/4 13:00,366590
2024/11/4 14:00,
2024/11/4 15:00,366702
2024/11/4 16:00,
2024/11/4 17:00,366933
2024/11/4 18:00,366987
2024/11/4 19:00,
2024/11/4 20:00,367077
2024/11/4 21:00,367118
2024/11/4 22:00,367156
2024/11/4 23:00,367197
2024/11/5 00:00,367232
2024/11/5 01:00,367261
2024/11/5 02:00,367293
2024/11/5 03:00,
2024/11/5 04:00,367340
2024/11/5 05:00,367362
2024/11/5 06:00,367385
2024/11/5 07:00,367411
2024/11/5 08:00,367438
2024/11/5 09:00,367472
2024/11/5 10:00,367531
2024/11/5 11:00,367597
2024/11/5 12:00,367660
2024/11/5 13:00,367722
2024/11/5 14:00,367782
2024/11/5 15:00,367842
2024/11/5 16:00,367915
2024/11/5 17:00,367978
2024/11/5 18:00,368037
2024/11/5 19:00,368087
2024/11/5 20:00,368134
2024/11/5 21:00,368182
2024/11/5 22:00,368229
2024/11/5 23:00,368274
2024/11/6 00:00,368309
2024/11/6 01:00,368342
2024/11/6 02:00,
2024/11/6 03:00,
2024/11/6 04:00,368430
2024/11/6 05:00,368452
2024/11/6 06:00,368476
2024/11/6 07:00,368498
2024/11/6 08:00,368525
2024/11/6 09:00,368559
2024/11/6 10:00,368616
2024/11/6 11:00,368683
2024/11/6 12:00,368741
2024/11/6 13:00,368783
2024/11/6 14:00,368827
2024/11/6 15:00,368872
2024/11/6 16:00,
2024/11/6 17:00,368987
2024/11/6 18:00,369050
2024/11/6 19:00,369097
2024/11/6 20:00,369146
2024/11/6 21:00,369204
2024/11/6 22:00,369252
2024/11/6 23:00,369294
2024/11/7 00:00,369331
2024/11/7 01:00,369362
2024/11/7 02:00,369390
2024/11/7 03:00,369420
2024/11/7 04:00,369448
2024/11/7 05:00,369478
2024/11/7 06:00,369508
2024/11/7 07:00,369537
2024/11/7 08:00,369571
2024/11/7 09:00,369614
2024/11/7 10:00,369665
2024/11/7 11:00,369723
2024/11/7 12:00,369768
2024/11/7 13:00,369808
2024/11/7 14:00,369845
2024/11/7 15:00,369889
2024/11/7 16:00,369939
2024/11/7 17:00,369987
2024/11/7 18:00,370036
2024/11/7 19:00,370077
2024/11/7 20:00,370118
2024/11/7 21:00,370158
2024/11/7 22:00,370198
2024/11/7 23:00,370238
2024/11/8 00:00,370269
2024/11/8 01:00,370300
2024/11/8 02:00,370327
2024/11/8 03:00,370356
2024/11/8 04:00,370384
2024/11/8 05:00,370408
2024/11/8 06:00,370432
2024/11/8 07:00,370455
2024/11/8 08:00,370483
2024/11/8 09:00,370516
2024/11/8 10:00,370627
2024/11/8 11:00,370760
2024/11/8 12:00,370897
2024/11/8 13:00,370962
2024/11/8 14:00,371023
2024/11/8 15:00,371087
2024/11/8 16:00,371178
2024/11/8 17:00,371235
2024/11/8 18:00,371285
2024/11/8 19:00,371327
2024/11/8 20:00,371368
2024/11/8 21:00,371409
2024/11/8 22:00,371454
2024/11/8 23:00,371488
2024/11/9 00:00,371519
2024/11/9 01:00,371544
2024/11/9 02:00,371569
2024/11/9 03:00,371593
2024/11/9 04:00,371615
2024/11/9 05:00,371642
2024/11/9 06:00,371667
2024/11/9 07:00,371692
2024/11/9 08:00,371718
2024/11/9 09:00,371748
2024/11/9 10:00,371784
2024/11/9 11:00,371820
2024/11/9 12:00,371852
2024/11/9 13:00,371884
2024/11/9 14:00,371916
2024/11/9 15:00,371951
2024/11/9 16:00,371985
2024/11/9 17:00,372021
2024/11/9 18:00,372060
2024/11/9 19:00,372096
2024/11/9 20:00,372136
2024/11/9 21:00,372172
2024/11/9 22:00,372206
2024/11/9 23:00,372245
2024/11/10 00:00,372277
2024/11/10 01:00,372307
2024/11/10 02:00,372334
2024/11/10 03:00,372361
2024/11/10 04:00,372388
2024/11/10 05:00,372411
2024/11/10 06:00,372433
2024/11/10 07:00,372457
2024/11/10 08:00,372479
2024/11/10 09:00,372503
2024/11/10 10:00,372532
2024/11/10 11:00,372569
2024/11/10 12:00,372605
2024/11/10 13:00,372642
2024/11/10 14:00,372678
2024/11/10 15:00,372716
2024/11/10 16:00,372757
2024/11/10 17:00,372802
2024/11/10 18:00,372848
2024/11/10 19:00,372893
2024/11/10 20:00,372937
2024/11/10 21:00,372980
2024/11/10 22:00,373023
2024/11/10 23:00,373064
2024/11/11 00:00,373099
2024/11/11 01:00,373125
2024/11/11 02:00,373148
2024/11/11 03:00,373170
2024/11/11 04:00,373191
2024/11/11 05:00,373216
2024/11/11 06:00,373240
2024/11/11 07:00,373264
2024/11/11 08:00,373290
2024/11/11 09:00,373326
2024/11/11 10:00,373383
2024/11/11 11:00,373449
2024/11/11 12:00,373513
2024/11/11 13:00,373563
2024/11/11 14:00,373609
2024/11/11 15:00,373662
2024/11/11 16:00,373717
2024/11/11 17:00,373775
2024/11/11 18:00,373832
2024/11/11 19:00,373879
2024/11/11 20:00,373925
2024/11/11 21:00,373968
2024/11/11 22:00,374013
2024/11/11 23:00,374057
2024/11/12 00:00,374094
2024/11/12 01:00,374132
2024/11/12 02:00,374166
2024/11/12 03:00,374195
2024/11/12 04:00,374225
2024/11/12 05:00,374254
2024/11/12 06:00,374281
2024/11/12 07:00,374311
2024/11/12 08:00,374343
2024/11/12 09:00,374379
2024/11/12 10:00,374475
2024/11/12 11:00,374560
2024/11/12 12:00,374625
2024/11/12 13:00,374688
2024/11/12 14:00,374753
2024/11/12 15:00,374818
2024/11/12 16:00,374892
2024/11/12 17:00,374961
2024/11/12 18:00,375019
2024/11/12 19:00,375072
2024/11/12 20:00,375129
2024/11/12 21:00,375178
2024/11/12 22:00,375229
2024/11/12 23:00,375276
2024/11/13 00:00,375320
2024/11/13 01:00,375357
2024/11/13 02:00,375394
2024/11/13 03:00,375427
2024/11/13 04:00,375460
2024/11/13 05:00,375490
2024/11/13 06:00,375524
2024/11/13 07:00,375555
2024/11/13 08:00,375591
2024/11/13 09:00,375633
2024/11/13 10:00,375694
2024/11/13 11:00,375777
2024/11/13 12:00,375848
2024/11/13 13:00,375899
2024/11/13 14:00,375951
2024/11/13 15:00,376005
2024/11/13 16:00,376067
2024/11/13 17:00,376132
2024/11/13 18:00,376196
2024/11/13 19:00,376255
2024/11/13 20:00,376323
2024/11/13 21:00,376385
2024/11/13 22:00,376439
2024/11/13 23:00,376489
2024/11/14 00:00,376532
2024/11/14 01:00,376574
2024/11/14 02:00,376616
2024/11/14 03:00,376660
2024/11/14 04:00,376696
2024/11/14 05:00,376734
2024/11/14 06:00,376772
2024/11/14 07:00,376810
2024/11/14 08:00,376852
2024/11/14 09:00,376894
2024/11/14 10:00,376992
2024/11/14 11:00,377117
2024/11/14 12:00,377240
2024/11/14 13:00,377316
2024/11/14 14:00,377370
2024/11/14 15:00,377432
2024/11/14 16:00,377498
2024/11/14 17:00,377560
2024/11/14 18:00,377619
2024/11/14 19:00,377669
2024/11/14 20:00,377715
2024/11/14 21:00,377763
2024/11/14 22:00,377808
2024/11/14 23:00,377846
2024/11/15 00:00,377883
2024/11/15 01:00,377915
2024/11/15 02:00,377948
2024/11/15 03:00,377983
2024/11/15 04:00,378013
2024/11/15 05:00,378041
2024/11/15 06:00,378069
2024/11/15 07:00,378099
2024/11/15 08:00,378129
2024/11/15 09:00,378173
2024/11/15 10:00,378232
2024/11/15 11:00,378287
2024/11/15 12:00,378338
2024/11/15 13:00,378384
2024/11/15 14:00,378437
2024/11/15 15:00,378496
2024/11/15 16:00,378621
2024/11/15 17:00,378742
2024/11/15 18:00,378806
2024/11/15 19:00,378863
2024/11/15 20:00,378912
2024/11/15 21:00,378964
2024/11/15 22:00,379011
2024/11/15 23:00,379048
2024/11/16 00:00,379082
2024/11/16 01:00,379112
2024/11/16 02:00,379143
2024/11/16 03:00,379175
2024/11/16 04:00,379206
2024/11/16 05:00,379233
2024/11/16 06:00,379262
2024/11/16 07:00,379288
2024/11/16 08:00,379319
2024/11/16 09:00,379352
2024/11/16 10:00,379390
2024/11/16 11:00,379426
2024/11/16 12:00,379465
2024/11/16 13:00,379499
2024/11/16 14:00,379540
2024/11/16 15:00,379582
2024/11/16 16:00,379627
2024/11/16 17:00,379669
2024/11/16 18:00,379710
2024/11/16 19:00,379752
2024/11/16 20:00,379792
2024/11/16 21:00,379834
2024/11/16 22:00,379881
2024/11/16 23:00,379922
2024/11/17 00:00,379958
2024/11/17 01:00,379991
2024/11/17 02:00,380025
2024/11/17 03:00,380055
2024/11/17 04:00,380090
2024/11/17 05:00,380120
2024/11/17 06:00,380151
2024/11/17 07:00,380179
2024/11/17 08:00,380211
2024/11/17 09:00,380240
2024/11/17 10:00,380281
2024/11/17 11:00,380319
2024/11/17 12:00,380357
2024/11/17 13:00,380390
2024/11/17 14:00,380430
2024/11/17 15:00,380469
2024/11/17 16:00,380517
2024/11/17 17:00,380561
2024/11/17 18:00,380603
2024/11/17 19:00,380644
2024/11/17 20:00,380688
2024/11/17 21:00,380728
2024/11/17 22:00,380769
2024/11/17 23:00,380812
2024/11/18 00:00,380847
2024/11/18 01:00,380880
2024/11/18 02:00,380911
2024/11/18 03:00,380939
2024/11/18 04:00,380969
2024/11/18 05:00,381000
2024/11/18 06:00,381028
2024/11/18 07:00,381056
2024/11/18 08:00,381084
2024/11/18 09:00,381126
2024/11/18 10:00,381172
2024/11/18 11:00,381228
2024/11/18 12:00,381283
2024/11/18 13:00,381343
2024/11/18 14:00,381400
2024/11/18 15:00,381458
2024/11/18 16:00,381524
2024/11/18 17:00,381595
2024/11/18 18:00,381664
2024/11/18 19:00,381733
2024/11/18 20:00,381800
2024/11/18 21:00,381865
2024/11/18 22:00,381924
2024/11/18 23:00,381981
2024/11/19 00:00,382028
2024/11/19 01:00,382069
2024/11/19 02:00,382110
2024/11/19 03:00,382153
2024/11/19 04:00,382189
2024/11/19 05:00,382231
2024/11/19 06:00,382270
2024/11/19 07:00,382308
2024/11/19 08:00,382345
2024/11/19 09:00,382389
2024/11/19 10:00,382450
2024/11/19 11:00,382519
2024/11/19 12:00,382582
2024/11/19 13:00,382643
2024/11/19 14:00,382699
2024/11/19 15:00,382765
2024/11/19 16:00,382836
2024/11/19 17:00,382910
2024/11/19 18:00,382983
2024/11/19 19:00,383048
2024/11/19 20:00,383110
2024/11/19 21:00,383171
2024/11/19 22:00,383238
2024/11/19 23:00,383303
2024/11/20 00:00,383353
2024/11/20 01:00,383399
2024/11/20 02:00,383441
2024/11/20 03:00,383483
2024/11/20 04:00,383526
2024/11/20 05:00,383568
2024/11/20 06:00,383608
2024/11/20 07:00,383647
2024/11/20 08:00,383686
2024/11/20 09:00,383735
2024/11/20 10:00,383792
2024/11/20 11:00,383864
2024/11/20 12:00,383926
2024/11/20 13:00,383988
2024/11/20 14:00,384049
2024/11/20 15:00,384112
2024/11/20 16:00,384186
2024/11/20 17:00,384262
2024/11/20 18:00,384330
2024/11/20 19:00,384383
2024/11/20 20:00,384438
2024/11/20 21:00,384491
2024/11/20 22:00,384542
2024/11/20 23:00,384597
2024/11/21 00:00,384645
2024/11/21 01:00,384684
2024/11/21 02:00,384721
2024/11/21 03:00,384758
2024/11/21 04:00,384794
2024/11/21 05:00,384831
2024/11/21 06:00,384869
2024/11/21 07:00,384904
2024/11/21 08:00,384939
2024/11/21 09:00,384982
2024/11/21 10:00,385052
2024/11/21 11:00,385133
2024/11/21 12:00,385203
2024/11/21 13:00,385270
2024/11/21 14:00,385336
2024/11/21 15:00,385405
2024/11/21 16:00,385479
2024/11/21 17:00,385558
2024/11/21 18:00,385632
2024/11/21 19:00,385686
2024/11/21 20:00,385741
2024/11/21 21:00,385793
2024/11/21 22:00,385843
2024/11/21 23:00,385888
2024/11/22 00:00,385932
2024/11/22 01:00,385966
2024/11/22 02:00,386000
2024/11/22 03:00,386032
2024/11/22 04:00,386064
2024/11/22 05:00,386092
2024/11/22 06:00,386124
2024/11/22 07:00,386153
2024/11/22 08:00,386180
2024/11/22 09:00,386217
2024/11/22 10:00,386269
2024/11/22 11:00,386318
2024/11/22 12:00,386370
2024/11/22 13:00,386421
2024/11/22 14:00,386471
2024/11/22 15:00,386516
2024/11/22 16:00,386581
2024/11/22 17:00,386646
2024/11/22 18:00,386714
2024/11/22 19:00,386780
2024/11/22 20:00,386848
2024/11/22 21:00,386902
2024/11/22 22:00,386960
2024/11/22 23:00,387013
2024/11/23 00:00,387062
2024/11/23 01:00,387107
2024/11/23 02:00,387153
2024/11/23 03:00,387195
2024/11/23 04:00,387238
2024/11/23 05:00,387284
2024/11/23 06:00,387326
2024/11/23 07:00,387367
2024/11/23 08:00,387410
2024/11/23 09:00,387460
2024/11/23 10:00,387520
2024/11/23 11:00,387576
2024/11/23 12:00,387625
2024/11/23 13:00,387674
2024/11/23 14:00,387728
2024/11/23 15:00,387779
2024/11/23 16:00,387836
2024/11/23 17:00,387900
2024/11/23 18:00,387956
2024/11/23 19:00,388009
2024/11/23 20:00,388058
2024/11/23 21:00,388111
2024/11/23 22:00,388162
2024/11/23 23:00,388215
2024/11/24 00:00,388257
2024/11/24 01:00,388295
2024/11/24 02:00,388330
2024/11/24 03:00,388364
2024/11/24 04:00,388396
2024/11/24 05:00,388435
2024/11/24 06:00,388469
2024/11/24 07:00,388506
2024/11/24 08:00,388538
2024/11/24 09:00,388579
2024/11/24 10:00,388620
2024/11/24 11:00,388668
2024/11/24 12:00,388716
2024/11/24 13:00,388763
2024/11/24 14:00,388810
2024/11/24 15:00,388858
2024/11/24 16:00,388908
2024/11/24 17:00,388961
2024/11/24 18:00,389006
2024/11/24 19:00,389057
2024/11/24 20:00,389103
2024/11/24 21:00,389152
2024/11/24 22:00,389198
2024/11/24 23:00,389242
2024/11/25 00:00,389277
2024/11/25 01:00,389313
2024/11/25 02:00,389345
2024/11/25 03:00,389378
2024/11/25 04:00,389408
2024/11/25 05:00,389439
2024/11/25 06:00,389469
2024/11/25 07:00,389500
2024/11/25 08:00,389529
2024/11/25 09:00,389571
2024/11/25 10:00,389627
2024/11/25 11:00,389692
2024/11/25 12:00,389758
2024/11/25 13:00,389822
2024/11/25 14:00,389888
2024/11/25 15:00,389962
2024/11/25 16:00,390036
2024/11/25 17:00,390112
2024/11/25 18:00,390172
2024/11/25 19:00,390232
2024/11/25 20:00,390291
2024/11/25 21:00,390346
2024/11/25 22:00,390396
2024/11/25 23:00,390445
2024/11/26 00:00,390490
2024/11/26 01:00,390539
2024/11/26 02:00,390584
2024/11/26 03:00,390627
2024/11/26 04:00,390672
2024/11/26 05:00,390714
2024/11/26 06:00,390756
2024/11/26 07:00,390795
2024/11/26 08:00,390837
2024/11/26 09:00,390891
2024/11/26 10:00,390954
2024/11/26 11:00,391041
2024/11/26 12:00,391123
2024/11/26 13:00,391203
2024/11/26 14:00,391271
2024/11/26 15:00,391340
2024/11/26 16:00,391422
2024/11/26 17:00,391493
2024/11/26 18:00,391564
2024/11/26 19:00,391628
2024/11/26 20:00,391698
2024/11/26 21:00,391768
2024/11/26 22:00,391837
2024/11/26 23:00,391897
2024/11/27 00:00,391952
2024/11/27 01:00,391997
2024/11/27 02:00,392042
2024/11/27 03:00,392080
2024/11/27 04:00,392123
2024/11/27 05:00,392165
2024/11/27 06:00,392210
2024/11/27 07:00,392249
2024/11/27 08:00,392298
2024/11/27 09:00,392352
2024/11/27 10:00,392431
2024/11/27 11:00,392499
2024/11/27 12:00,392567
2024/11/27 13:00,392630
2024/11/27 14:00,392696
2024/11/27 15:00,392773
2024/11/27 16:00,392864
2024/11/27 17:00,392957
2024/11/27 18:00,393043
2024/11/27 19:00,393123
2024/11/27 20:00,393185
2024/11/27 21:00,393241
2024/11/27 22:00,393296
2024/11/27 23:00,393346
2024/11/28 00:00,393388
2024/11/28 01:00,393432
2024/11/28 02:00,393474
2024/11/28 03:00,393509
2024/11/28 04:00,393545
2024/11/28 05:00,393581
2024/11/28 06:00,393615
2024/11/28 07:00,393654
2024/11/28 08:00,393693
2024/11/28 09:00,393742
2024/11/28 10:00,393799
2024/11/28 11:00,393867
2024/11/28 12:00,393939
2024/11/28 13:00,394007
2024/11/28 14:00,394081
2024/11/28 15:00,394156
2024/11/28 16:00,394237
2024/11/28 17:00,394320
2024/11/28 18:00,394406
2024/11/28 19:00,394476
2024/11/28 20:00,394547
2024/11/28 21:00,394618
2024/11/28 22:00,394670
2024/11/28 23:00,394726
2024/11/29 00:00,394774
2024/11/29 01:00,394819
2024/11/29 02:00,394860
2024/11/29 03:00,394901
2024/11/29 04:00,394943
2024/11/29 05:00,394984
2024/11/29 06:00,395026
2024/11/29 07:00,395069
2024/11/29 08:00,395116
2024/11/29 09:00,395170
2024/11/29 10:00,395230
2024/11/29 11:00,395304
2024/11/29 12:00,395371
2024/11/29 13:00,395422
2024/11/29 14:00,395479
2024/11/29 15:00,395539
2024/11/29 16:00,395622
2024/11/29 17:00,395702
2024/11/29 18:00,395780
2024/11/29 19:00,395838
2024/11/29 20:00,395899
2024/11/29 21:00,395964
2024/11/29 22:00,396020
2024/11/29 23:00,396077
2024/11/30 00:00,396127
2024/11/30 01:00,396170
2024/11/30 02:00,396219
2024/11/30 03:00,396266
2024/11/30 04:00,396310
2024/11/30 05:00,396352
2024/11/30 06:00,396393
2024/11/30 07:00,396437
2024/11/30 08:00,396481
2024/11/30 09:00,396523
2024/11/30 10:00,396564
2024/11/30 11:00,396610
2024/11/30 12:00,396661
2024/11/30 13:00,396708
2024/11/30 14:00,396768
2024/11/30 15:00,396825
2024/11/30 16:00,396881
2024/11/30 17:00,396936
2024/11/30 18:00,396992
2024/11/30 19:00,397043
2024/11/30 20:00,397090
2024/11/30 21:00,397142
2024/11/30 22:00,397186
2024/11/30 23:00,397229
2024/12/1 00:00,397268
2024/12/1 01:00,397301
2024/12/1 02:00,397333
2024/12/1 03:00,397372
2024/12/1 04:00,397403
2024/12/1 05:00,397431
2024/12/1 06:00,397461
2024/12/1 07:00,397492
2024/12/1 08:00,397524
2024/12/1 09:00,397561
2024/12/1 10:00,397600
2024/12/1 11:00,397645
2024/12/1 12:00,397688
2024/12/1 13:00,397728
2024/12/1 14:00,397774
2024/12/1 15:00,397816
2024/12/1 16:00,397861
2024/12/1 17:00,397902
2024/12/1 18:00,397950
2024/12/1 19:00,397999
2024/12/1 20:00,398052
2024/12/1 21:00,398101
2024/12/1 22:00,398147
2024/12/1 23:00,398185
2024/12/2 00:00,398218
2024/12/2 01:00,398251
2024/12/2 02:00,398283
2024/12/2 03:00,398312
2024/12/2 04:00,398344
2024/12/2 05:00,398373
2024/12/2 06:00,398402
2024/12/2 07:00,398427
2024/12/2 08:00,398459
2024/12/2 09:00,398506
2024/12/2 10:00,398562
2024/12/2 11:00,398625
2024/12/2 12:00,398702
2024/12/2 13:00,398766
2024/12/2 14:00,398829
2024/12/2 15:00,398906
2024/12/2 16:00,398990
2024/12/2 17:00,399067
2024/12/2 18:00,399143
2024/12/2 19:00,399218
2024/12/2 20:00,399292
2024/12/2 21:00,399366
2024/12/2 22:00,399436
2024/12/2 23:00,399489
2024/12/3 00:00,399536
2024/12/3 01:00,399583
2024/12/3 02:00,399622
2024/12/3 03:00,399659
2024/12/3 04:00,399690
2024/12/3 05:00,399727
2024/12/3 06:00,399762
2024/12/3 07:00,399800
2024/12/3 08:00,399840
2024/12/3 09:00,399889
2024/12/3 10:00,399946
2024/12/3 11:00,400007
2024/12/3 12:00,400063
2024/12/3 13:00,400140
2024/12/3 14:00,400201
2024/12/3 15:00,400264
2024/12/3 16:00,400325
2024/12/3 17:00,400395
2024/12/3 18:00,400465
2024/12/3 19:00,400537
2024/12/3 20:00,400609
2024/12/3 21:00,400683
2024/12/3 22:00,400754
2024/12/3 23:00,400815
2024/12/4 00:00,400867
2024/12/4 01:00,400913
2024/12/4 02:00,400956
2024/12/4 03:00,400999
2024/12/4 04:00,401045
2024/12/4 05:00,401089
2024/12/4 06:00,401129
2024/12/4 07:00,401171
2024/12/4 08:00,401211
2024/12/4 09:00,401263
2024/12/4 10:00,401331
2024/12/4 11:00,401409
2024/12/4 12:00,401488
2024/12/4 13:00,401565
2024/12/4 14:00,401640
2024/12/4 15:00,401720
2024/12/4 16:00,401805
2024/12/4 17:00,401894
2024/12/4 18:00,401967
2024/12/4 19:00,402040
2024/12/4 20:00,402109
2024/12/4 21:00,402184
2024/12/4 22:00,402262
2024/12/4 23:00,402325
2024/12/5 00:00,402377
2024/12/5 01:00,402420
2024/12/5 02:00,402464
2024/12/5 03:00,402506
2024/12/5 04:00,402550
2024/12/5 05:00,402599
2024/12/5 06:00,402641
2024/12/5 07:00,402682
2024/12/5 08:00,402715
2024/12/5 09:00,402764
2024/12/5 10:00,402829
2024/12/5 11:00,402914
2024/12/5 12:00,402998
2024/12/5 13:00,403062
2024/12/5 14:00,403127
2024/12/5 15:00,403196
2024/12/5 16:00,403269
2024/12/5 17:00,403357
2024/12/5 18:00,403448
2024/12/5 19:00,403534
2024/12/5 20:00,403605
2024/12/5 21:00,403674
2024/12/5 22:00,403735
2024/12/5 23:00,403793
2024/12/6 00:00,403838
2024/12/6 01:00,403880
2024/12/6 02:00,403921
2024/12/6 03:00,403957
2024/12/6 04:00,403997
2024/12/6 05:00,404039
2024/12/6 06:00,404080
2024/12/6 07:00,404119
2024/12/6 08:00,404158
2024/12/6 09:00,404207
2024/12/6 10:00,404265
2024/12/6 11:00,404336
2024/12/6 12:00,404411
2024/12/6 13:00,404476
2024/12/6 14:00,404540
2024/12/6 15:00,404606
2024/12/6 16:00,404683
2024/12/6 17:00,404766
2024/12/6 18:00,404851
2024/12/6 19:00,404910
2024/12/6 20:00,404968
2024/12/6 21:00,405021
2024/12/6 22:00,405074
2024/12/6 23:00,405124
2024/12/7 00:00,405168
2024/12/7 01:00,405200
2024/12/7 02:00,405234
2024/12/7 03:00,405264
2024/12/7 04:00,405297
2024/12/7 05:00,405329
2024/12/7 06:00,405363
2024/12/7 07:00,405393
2024/12/7 08:00,405426
2024/12/7 09:00,405458
2024/12/7 10:00,405493
2024/12/7 11:00,405534
2024/12/7 12:00,405584
2024/12/7 13:00,405627
2024/12/7 14:00,405664
2024/12/7 15:00,405707
2024/12/7 16:00,405756
2024/12/7 17:00,405806
2024/12/7 18:00,405864
2024/12/7 19:00,405915
2024/12/7 20:00,405966
2024/12/7 21:00,406013
2024/12/7 22:00,406061
2024/12/7 23:00,406106
2024/12/8 00:00,406150
2024/12/8 01:00,406190
2024/12/8 02:00,406226
2024/12/8 03:00,406261
2024/12/8 04:00,406295
2024/12/8 05:00,406332
2024/12/8 06:00,406370
2024/12/8 07:00,406407
2024/12/8 08:00,406439
2024/12/8 09:00,406477
2024/12/8 10:00,406513
2024/12/8 11:00,406553
2024/12/8 12:00,406598
2024/12/8 13:00,406643
2024/12/8 14:00,406688
2024/12/8 15:00,406730
2024/12/8 16:00,406772
2024/12/8 17:00,406820
2024/12/8 18:00,406870
2024/12/8 19:00,406929
2024/12/8 20:00,406983
2024/12/8 21:00,407035
2024/12/8 22:00,407090
2024/12/8 23:00,407141
2024/12/9 00:00,407181
2024/12/9 01:00,407222
2024/12/9 02:00,407258
2024/12/9 03:00,407291
2024/12/9 04:00,407321
2024/12/9 05:00,407355
2024/12/9 06:00,407383
2024/12/9 07:00,407419
2024/12/9 08:00,407455
2024/12/9 09:00,407500
2024/12/9 10:00,407555
2024/12/9 11:00,407628
2024/12/9 12:00,407711
2024/12/9 13:00,407794
2024/12/9 14:00,407868
2024/12/9 15:00,407949
2024/12/9 16:00,408035
2024/12/9 17:00,408119
2024/12/9 18:00,408207
2024/12/9 19:00,408289
2024/12/9 20:00,408362
2024/12/9 21:00,408423
2024/12/9 22:00,408479
2024/12/9 23:00,408533
2024/12/10 00:00,408582
2024/12/10 01:00,408625
2024/12/10 02:00,408660
2024/12/10 03:00,408695
2024/12/10 04:00,408732
2024/12/10 05:00,408766
2024/12/10 06:00,408801
2024/12/10 07:00,408838
2024/12/10 08:00,408877
2024/12/10 09:00,408924
2024/12/10 10:00,408983
2024/12/10 11:00,409058
2024/12/10 12:00,409128
2024/12/10 13:00,409203
2024/12/10 14:00,409271
2024/12/10 15:00,409343
2024/12/10 16:00,409416
2024/12/10 17:00,409498
2024/12/10 18:00,409568
2024/12/10 19:00,409625
2024/12/10 20:00,409683
2024/12/10 21:00,409740
2024/12/10 22:00,409798
2024/12/10 23:00,409852
2024/12/11 00:00,409901
2024/12/11 01:00,409942
2024/12/11 02:00,409978
2024/12/11 03:00,410014
2024/12/11 04:00,410049
2024/12/11 05:00,410085
2024/12/11 06:00,410126
2024/12/11 07:00,410161
2024/12/11 08:00,410198
2024/12/11 09:00,410246
2024/12/11 10:00,410315
2024/12/11 11:00,410394
2024/12/11 12:00,410483
2024/12/11 13:00,410563
2024/12/11 14:00,410637
2024/12/11 15:00,410710
2024/12/11 16:00,410788
2024/12/11 17:00,410859
2024/12/11 18:00,410931
2024/12/11 19:00,410999
2024/12/11 20:00,411069
2024/12/11 21:00,411131
2024/12/11 22:00,411194
2024/12/11 23:00,411257
2024/12/12 00:00,411320
2024/12/12 01:00,411375
2024/12/12 02:00,411422
2024/12/12 03:00,411466
2024/12/12 04:00,411512
2024/12/12 05:00,411553
2024/12/12 06:00,411599
2024/12/12 07:00,411646
2024/12/12 08:00,411692
2024/12/12 09:00,411742
2024/12/12 10:00,411825
2024/12/12 11:00,411909
2024/12/12 12:00,412011
2024/12/12 13:00,412105
2024/12/12 14:00,412198
2024/12/12 15:00,412293
2024/12/12 16:00,412388
2024/12/12 17:00,412477
2024/12/12 18:00,412565
2024/12/12 19:00,412638
2024/12/12 20:00,412705
2024/12/12 21:00,412768
2024/12/12 22:00,412833
2024/12/12 23:00,412895
2024/12/13 00:00,412957
2024/12/13 01:00,413013
2024/12/13 02:00,413061
2024/12/13 03:00,413103
2024/12/13 04:00,413147
2024/12/13 05:00,413189
2024/12/13 06:00,413232
2024/12/13 07:00,413278
2024/12/13 08:00,413317
2024/12/13 09:00,413368
2024/12/13 10:00,413437
2024/12/13 11:00,413514
2024/12/13 12:00,413596
2024/12/13 13:00,413687
2024/12/13 14:00,413775
2024/12/13 15:00,413863
2024/12/13 16:00,413963
2024/12/13 17:00,414058
2024/12/13 18:00,414136
2024/12/13 19:00,414213
2024/12/13 20:00,414283
2024/12/13 21:00,414353
2024/12/13 22:00,414416
2024/12/13 23:00,414480
2024/12/14 00:00,414540
2024/12/14 01:00,414597
2024/12/14 02:00,414650
2024/12/14 03:00,414697
2024/12/14 04:00,414739
2024/12/14 05:00,414785
2024/12/14 06:00,414829
2024/12/14 07:00,414879
2024/12/14 08:00,414932
2024/12/14 09:00,414982
2024/12/14 10:00,415039
2024/12/14 11:00,415100
2024/12/14 12:00,415160
2024/12/14 13:00,415220
2024/12/14 14:00,415278
2024/12/14 15:00,415335
2024/12/14 16:00,415391
2024/12/14 17:00,415451
2024/12/14 18:00,415505
2024/12/14 19:00,415562
2024/12/14 20:00,415623
2024/12/14 21:00,415687
2024/12/14 22:00,415751
2024/12/14 23:00,415815
2024/12/15 00:00,415876
2024/12/15 01:00,415930
2024/12/15 02:00,415980
2024/12/15 03:00,416027
2024/12/15 04:00,416067
2024/12/15 05:00,416113
2024/12/15 06:00,416155
2024/12/15 07:00,416197
2024/12/15 08:00,416242
2024/12/15 09:00,416287
2024/12/15 10:00,416328
2024/12/15 11:00,416371
2024/12/15 12:00,416424
2024/12/15 13:00,416481
2024/12/15 14:00,416537
2024/12/15 15:00,416592
2024/12/15 16:00,416645
2024/12/15 17:00,416702
2024/12/15 18:00,416756
2024/12/15 19:00,416810
2024/12/15 20:00,416877
2024/12/15 21:00,416936
2024/12/15 22:00,416997
2024/12/15 23:00,417055
2024/12/16 00:00,417107
2024/12/16 01:00,417150
2024/12/16 02:00,417193
2024/12/16 03:00,417233
2024/12/16 04:00,417272
2024/12/16 05:00,417306
2024/12/16 06:00,417345
2024/12/16 07:00,417382
2024/12/16 08:00,417423
2024/12/16 09:00,417485
2024/12/16 10:00,417560
2024/12/16 11:00,417641
2024/12/16 12:00,417723
2024/12/16 13:00,417801
2024/12/16 14:00,417877
2024/12/16 15:00,417958
2024/12/16 16:00,418042
2024/12/16 17:00,418123
2024/12/16 18:00,418200
2024/12/16 19:00,418270
2024/12/16 20:00,418344
2024/12/16 21:00,418418
2024/12/16 22:00,418488
2024/12/16 23:00,418553
2024/12/17 00:00,418613
2024/12/17 01:00,418663
2024/12/17 02:00,418712
2024/12/17 03:00,418761
2024/12/17 04:00,418811
2024/12/17 05:00,418853
2024/12/17 06:00,418898
2024/12/17 07:00,418940
2024/12/17 08:00,418988
2024/12/17 09:00,419049
2024/12/17 10:00,419127
2024/12/17 11:00,419207
2024/12/17 12:00,419286
2024/12/17 13:00,419358
2024/12/17 14:00,419432
2024/12/17 15:00,419505
2024/12/17 16:00,419586
2024/12/17 17:00,419678
2024/12/17 18:00,419760
2024/12/17 19:00,419834
2024/12/17 20:00,419906
2024/12/17 21:00,419977
2024/12/17 22:00,420050
2024/12/17 23:00,420122
2024/12/18 00:00,420176
2024/12/18 01:00,420219
2024/12/18 02:00,420260
2024/12/18 03:00,420301
2024/12/18 04:00,420342
2024/12/18 05:00,420386
2024/12/18 06:00,420426
2024/12/18 07:00,420465
2024/12/18 08:00,420505
2024/12/18 09:00,420552
2024/12/18 10:00,420622
2024/12/18 11:00,420716
2024/12/18 12:00,420798
2024/12/18 13:00,420869
2024/12/18 14:00,420942
2024/12/18 15:00,421018
2024/12/18 16:00,421101
2024/12/18 17:00,421187
2024/12/18 18:00,421271
2024/12/18 19:00,421350
2024/12/18 20:00,421427
2024/12/18 21:00,421501
2024/12/18 22:00,421574
2024/12/18 23:00,421643
2024/12/19 00:00,421708
2024/12/19 01:00,421758
2024/12/19 02:00,421810
2024/12/19 03:00,421860
2024/12/19 04:00,421908
2024/12/19 05:00,421959
2024/12/19 06:00,422014
2024/12/19 07:00,422060
2024/12/19 08:00,422109
2024/12/19 09:00,422173
2024/12/19 10:00,422253
2024/12/19 11:00,422343
2024/12/19 12:00,422436
2024/12/19 13:00,422513
2024/12/19 14:00,422591
2024/12/19 15:00,422673
2024/12/19 16:00,422756
2024/12/19 17:00,422841
2024/12/19 18:00,422929
2024/12/19 19:00,423008
2024/12/19 20:00,423080
2024/12/19 21:00,423153
2024/12/19 22:00,423227
2024/12/19 23:00,423298
2024/12/20 00:00,423360
2024/12/20 01:00,423410
2024/12/20 02:00,423455
2024/12/20 03:00,423498
2024/12/20 04:00,423542
2024/12/20 05:00,423587
2024/12/20 06:00,423633
2024/12/20 07:00,423676
2024/12/20 08:00,423718
2024/12/20 09:00,423780
2024/12/20 10:00,423860
2024/12/20 11:00,423948
2024/12/20 12:00,424039
2024/12/20 13:00,424122
2024/12/20 14:00,424204
2024/12/20 15:00,424284
2024/12/20 16:00,424382
2024/12/20 17:00,424474
2024/12/20 18:00,424573
2024/12/20 19:00,424655
2024/12/20 20:00,424726
2024/12/20 21:00,424797
2024/12/20 22:00,424864
2024/12/20 23:00,424928
2024/12/21 00:00,424988
2024/12/21 01:00,425042
2024/12/21 02:00,425090
2024/12/21 03:00,425132
2024/12/21 04:00,425183
2024/12/21 05:00,425225
2024/12/21 06:00,425274
2024/12/21 07:00,425318
2024/12/21 08:00,425363
2024/12/21 09:00,425411
2024/12/21 10:00,425462
2024/12/21 11:00,425517
2024/12/21 12:00,425576
2024/12/21 13:00,425634
2024/12/21 14:00,425690
2024/12/21 15:00,425743
2024/12/21 16:00,425806
2024/12/21 17:00,425870
2024/12/21 18:00,425940
2024/12/21 19:00,426009
2024/12/21 20:00,426073
2024/12/21 21:00,426138
2024/12/21 22:00,426205
2024/12/21 23:00,426265
2024/12/22 00:00,426329
2024/12/22 01:00,426375
2024/12/22 02:00,426416
2024/12/22 03:00,426452
2024/12/22 04:00,426490
2024/12/22 05:00,426524
2024/12/22 06:00,426563
2024/12/22 07:00,426601
2024/12/22 08:00,426642
2024/12/22 09:00,426676
2024/12/22 10:00,426718
2024/12/22 11:00,426768
2024/12/22 12:00,426823
2024/12/22 13:00,426881
2024/12/22 14:00,426946
2024/12/22 15:00,427010
2024/12/22 16:00,427077
2024/12/22 17:00,427147
2024/12/22 18:00,427217
2024/12/22 19:00,427292
2024/12/22 20:00,427367
2024/12/22 21:00,427432
2024/12/22 22:00,427494
2024/12/22 23:00,427557
2024/12/23 00:00,427614
2024/12/23 01:00,427664
2024/12/23 02:00,427708
2024/12/23 03:00,427751
2024/12/23 04:00,427789
2024/12/23 05:00,427828
2024/12/23 06:00,427870
2024/12/23 07:00,427914
2024/12/23 08:00,427956
2024/12/23 09:00,428014
2024/12/23 10:00,428087
2024/12/23 11:00,428173
2024/12/23 12:00,428258
2024/12/23 13:00,428337
2024/12/23 14:00,428403
2024/12/23 15:00,428482
2024/12/23 16:00,428578
2024/12/23 17:00,428670
2024/12/23 18:00,428756
2024/12/23 19:00,428822
2024/12/23 20:00,428885
2024/12/23 21:00,428943
2024/12/23 22:00,429003
2024/12/23 23:00,429061
2024/12/24 00:00,429106
2024/12/24 01:00,429151
2024/12/24 02:00,429190
2024/12/24 03:00,429227
2024/12/24 04:00,429262
2024/12/24 05:00,429296
2024/12/24 06:00,429334
2024/12/24 07:00,429369
2024/12/24 08:00,429405
2024/12/24 09:00,429451
2024/12/24 10:00,429515
2024/12/24 11:00,429609
2024/12/24 12:00,429695
2024/12/24 13:00,429775
2024/12/24 14:00,429857
2024/12/24 15:00,429948
2024/12/24 16:00,430047
2024/12/24 17:00,430132
2024/12/24 18:00,430211
2024/12/24 19:00,430283
2024/12/24 20:00,430346
2024/12/24 21:00,430415
2024/12/24 22:00,430480
2024/12/24 23:00,430543
2024/12/25 00:00,430595
2024/12/25 01:00,430639
2024/12/25 02:00,430680
2024/12/25 03:00,430723
2024/12/25 04:00,430765
2024/12/25 05:00,430805
2024/12/25 06:00,430842
2024/12/25 07:00,430879
2024/12/25 08:00,430918
2024/12/25 09:00,430968
2024/12/25 10:00,431032
2024/12/25 11:00,431120
2024/12/25 12:00,431207
2024/12/25 13:00,431288
2024/12/25 14:00,431358
2024/12/25 15:00,431431
2024/12/25 16:00,431522
2024/12/25 17:00,431607
2024/12/25 18:00,431689
2024/12/25 19:00,431765
2024/12/25 20:00,431834
2024/12/25 21:00,431891
2024/12/25 22:00,431948
2024/12/25 23:00,432002
2024/12/26 00:00,432051
2024/12/26 01:00,432091
2024/12/26 02:00,432127
2024/12/26 03:00,432158
2024/12/26 04:00,432191
2024/12/26 05:00,432219
2024/12/26 06:00,432252
2024/12/26 07:00,432283
2024/12/26 08:00,432318
2024/12/26 09:00,432356
2024/12/26 10:00,432429
2024/12/26 11:00,432517
2024/12/26 12:00,432611
2024/12/26 13:00,432688
2024/12/26 14:00,432773
2024/12/26 15:00,432856
2024/12/26 16:00,432937
2024/12/26 17:00,433020
2024/12/26 18:00,433098
2024/12/26 19:00,433166
2024/12/26 20:00,433222
2024/12/26 21:00,433281
2024/12/26 22:00,433338
2024/12/26 23:00,433396
2024/12/27 00:00,433455
2024/12/27 01:00,433498
2024/12/27 02:00,433541
2024/12/27 03:00,433579
2024/12/27 04:00,433617
2024/12/27 05:00,433653
2024/12/27 06:00,433695
2024/12/27 07:00,433735
2024/12/27 08:00,433776
2024/12/27 09:00,433824
2024/12/27 10:00,433904
2024/12/27 11:00,433996
2024/12/27 12:00,434099
2024/12/27 13:00,434193
2024/12/27 14:00,434285
2024/12/27 15:00,434378
2024/12/27 16:00,434461
2024/12/27 17:00,434544
2024/12/27 18:00,434621
2024/12/27 19:00,434689
2024/12/27 20:00,434752
2024/12/27 21:00,434817
2024/12/27 22:00,434875
2024/12/27 23:00,434937
2024/12/28 00:00,434996
2024/12/28 01:00,435048
2024/12/28 02:00,435093
2024/12/28 03:00,435133
2024/12/28 04:00,435172
2024/12/28 05:00,435210
2024/12/28 06:00,435249
2024/12/28 07:00,435292
2024/12/28 08:00,435329
2024/12/28 09:00,435373
2024/12/28 10:00,435433
2024/12/28 11:00,435495
2024/12/28 12:00,435563
2024/12/28 13:00,435635
2024/12/28 14:00,435701
2024/12/28 15:00,435764
2024/12/28 16:00,435832
2024/12/28 17:00,435898
2024/12/28 18:00,435954
2024/12/28 19:00,436023
2024/12/28 20:00,436091
2024/12/28 21:00,436151
2024/12/28 22:00,436213
2024/12/28 23:00,436266
2024/12/29 00:00,436317
2024/12/29 01:00,436369
2024/12/29 02:00,436417
2024/12/29 03:00,436465
2024/12/29 04:00,436505
2024/12/29 05:00,436544
2024/12/29 06:00,436581
2024/12/29 07:00,436624
2024/12/29 08:00,436666
2024/12/29 09:00,436706
2024/12/29 10:00,436754
2024/12/29 11:00,436804
2024/12/29 12:00,436857
2024/12/29 13:00,436909
2024/12/29 14:00,436960
2024/12/29 15:00,437012
2024/12/29 16:00,437063
2024/12/29 17:00,437119
2024/12/29 18:00,437176
2024/12/29 19:00,437234
2024/12/29 20:00,437296
2024/12/29 21:00,437358
2024/12/29 22:00,437414
2024/12/29 23:00,437464
2024/12/30 00:00,437508
2024/12/30 01:00,437545
2024/12/30 02:00,437587
2024/12/30 03:00,437625
2024/12/30 04:00,437663
2024/12/30 05:00,437702
2024/12/30 06:00,437739
2024/12/30 07:00,437775
2024/12/30 08:00,437818
2024/12/30 09:00,437874
2024/12/30 10:00,437951
2024/12/30 11:00,438058
2024/12/30 12:00,438158
2024/12/30 13:00,438253
2024/12/30 14:00,438351
2024/12/30 15:00,438447
2024/12/30 16:00,438529
2024/12/30 17:00,438606
2024/12/30 18:00,438677
2024/12/30 19:00,438745
2024/12/30 20:00,438813
2024/12/30 21:00,438880
2024/12/30 22:00,438940
2024/12/30 23:00,438993
2024/12/31 00:00,439043
2024/12/31 01:00,439087
2024/12/31 02:00,439132
2024/12/31 03:00,439176
2024/12/31 04:00,439215
2024/12/31 05:00,439258
2024/12/31 06:00,439298
2024/12/31 07:00,439337
2024/12/31 08:00,439380
2024/12/31 09:00,439438
2024/12/31 10:00,439516
2024/12/31 11:00,439594
2024/12/31 12:00,439674
2024/12/31 13:00,439741
2024/12/31 14:00,439807
2024/12/31 15:00,439877
2024/12/31 16:00,439955
2024/12/31 17:00,440024
2024/12/31 18:00,440087
2024/12/31 19:00,440137
2024/12/31 20:00,440188
2024/12/31 21:00,440239
2024/12/31 22:00,440290
2024/12/31 23:00,440335
