timestamp,load_kwh,hourly_kwh,is_outlier_mad,hourly_kwh_clean
2024-01-01 00:00:00,35887.0,,False,
2024-01-01 01:00:00,35918.0,31.0,False,31.0
2024-01-01 02:00:00,35942.0,24.0,False,24.0
2024-01-01 03:00:00,35967.0,25.0,False,25.0
2024-01-01 04:00:00,35990.0,23.0,False,23.0
2024-01-01 05:00:00,36010.0,20.0,False,20.0
2024-01-01 06:00:00,36037.0,27.0,False,27.0
2024-01-01 07:00:00,36064.0,27.0,False,27.0
2024-01-01 08:00:00,36092.0,28.0,False,28.0
2024-01-01 09:00:00,36117.0,25.0,False,25.0
2024-01-01 10:00:00,36142.0,25.0,False,25.0
2024-01-01 11:00:00,36172.0,30.0,False,30.0
2024-01-01 12:00:00,36204.0,32.0,False,32.0
2024-01-01 13:00:00,36236.0,32.0,False,32.0
2024-01-01 14:00:00,36275.0,39.0,False,39.0
2024-01-01 15:00:00,36313.0,38.0,False,38.0
2024-01-01 16:00:00,36350.0,37.0,False,37.0
2024-01-01 17:00:00,36391.0,41.0,False,41.0
2024-01-01 18:00:00,36436.0,45.0,False,45.0
2024-01-01 19:00:00,36483.0,47.0,False,47.0
2024-01-01 20:00:00,36532.0,49.0,False,49.0
2024-01-01 21:00:00,36580.0,48.0,False,48.0
2024-01-01 22:00:00,36631.0,51.0,False,51.0
2024-01-01 23:00:00,36684.0,53.0,False,53.0
2024-01-02 00:00:00,36725.0,41.0,False,41.0
2024-01-02 01:00:00,36753.0,28.0,False,28.0
2024-01-02 02:00:00,36783.0,30.0,False,30.0
2024-01-02 03:00:00,36809.0,26.0,False,26.0
2024-01-02 04:00:00,36834.0,25.0,False,25.0
2024-01-02 05:00:00,36858.0,24.0,False,24.0
2024-01-02 06:00:00,36882.0,24.0,False,24.0
2024-01-02 07:00:00,36908.0,26.0,False,26.0
2024-01-02 08:00:00,36942.0,34.0,False,34.0
2024-01-02 09:00:00,36995.0,53.0,False,53.0
2024-01-02 10:00:00,37077.0,82.0,False,82.0
2024-01-02 11:00:00,37175.0,98.0,False,98.0
2024-01-02 12:00:00,37271.0,96.0,False,96.0
2024-01-02 13:00:00,37348.0,77.0,False,77.0
2024-01-02 14:00:00,37432.0,84.0,False,84.0
2024-01-02 15:00:00,37510.0,78.0,False,78.0
2024-01-02 16:00:00,37587.0,77.0,False,77.0
2024-01-02 17:00:00,37675.0,88.0,False,88.0
2024-01-02 18:00:00,37751.0,76.0,False,76.0
2024-01-02 19:00:00,37819.0,68.0,False,68.0
2024-01-02 20:00:00,37889.0,70.0,False,70.0
2024-01-02 21:00:00,37952.0,63.0,False,63.0
2024-01-02 22:00:00,38008.0,56.0,False,56.0
2024-01-02 23:00:00,38046.0,38.0,False,38.0
2024-01-03 00:00:00,38080.0,34.0,False,34.0
2024-01-03 01:00:00,38106.0,26.0,False,26.0
2024-01-03 02:00:00,38139.0,33.0,False,33.0
2024-01-03 03:00:00,38169.0,30.0,False,30.0
2024-01-03 04:00:00,38194.0,25.0,False,25.0
2024-01-03 05:00:00,38221.0,27.0,False,27.0
2024-01-03 06:00:00,38246.0,25.0,False,25.0
2024-01-03 07:00:00,38271.0,25.0,False,25.0
2024-01-03 08:00:00,38301.0,30.0,False,30.0
2024-01-03 09:00:00,38357.0,56.0,False,56.0
2024-01-03 10:00:00,38438.0,81.0,False,81.0
2024-01-03 11:00:00,38521.0,83.0,False,83.0
2024-01-03 12:00:00,38606.0,85.0,False,85.0
2024-01-03 13:00:00,38675.0,69.0,False,69.0
2024-01-03 14:00:00,38755.0,80.0,False,80.0
2024-01-03 15:00:00,38839.0,84.0,False,84.0
2024-01-03 16:00:00,38931.0,92.0,False,92.0
2024-01-03 17:00:00,39021.0,90.0,False,90.0
2024-01-03 18:00:00,39101.0,80.0,False,80.0
2024-01-03 19:00:00,39167.0,66.0,False,66.0
2024-01-03 20:00:00,39234.0,67.0,False,67.0
2024-01-03 21:00:00,39305.0,71.0,False,71.0
2024-01-03 22:00:00,39370.0,65.0,False,65.0
2024-01-03 23:00:00,39419.0,49.0,False,49.0
2024-01-04 00:00:00,39453.0,34.0,False,34.0
2024-01-04 01:00:00,39485.0,32.0,False,32.0
2024-01-04 02:00:00,39516.0,31.0,False,31.0
2024-01-04 03:00:00,39548.0,32.0,False,32.0
2024-01-04 04:00:00,39575.0,27.0,False,27.0
2024-01-04 05:00:00,39599.0,24.0,False,24.0
2024-01-04 06:00:00,39624.0,25.0,False,25.0
2024-01-04 07:00:00,39648.0,24.0,False,24.0
2024-01-04 08:00:00,39677.0,29.0,False,29.0
2024-01-04 09:00:00,39728.0,51.0,False,51.0
2024-01-04 10:00:00,39796.0,68.0,False,68.0
2024-01-04 11:00:00,39867.0,71.0,False,71.0
2024-01-04 12:00:00,39946.0,79.0,False,79.0
2024-01-04 13:00:00,40009.0,63.0,False,63.0
2024-01-04 14:00:00,40067.0,58.0,False,58.0
2024-01-04 15:00:00,40142.0,75.0,False,75.0
2024-01-04 16:00:00,40215.0,73.0,False,73.0
2024-01-04 17:00:00,40287.0,72.0,False,72.0
2024-01-04 18:00:00,40358.0,71.0,False,71.0
2024-01-04 19:00:00,40414.0,56.0,False,56.0
2024-01-04 20:00:00,40461.0,47.0,False,47.0
2024-01-04 21:00:00,40521.0,60.0,False,60.0
2024-01-04 22:00:00,40573.0,52.0,False,52.0
2024-01-04 23:00:00,40619.0,46.0,False,46.0
2024-01-05 00:00:00,40656.0,37.0,False,37.0
2024-01-05 01:00:00,40690.0,34.0,False,34.0
2024-01-05 02:00:00,40720.0,30.0,False,30.0
2024-01-05 03:00:00,40752.0,32.0,False,32.0
2024-01-05 04:00:00,40786.0,34.0,False,34.0
2024-01-05 05:00:00,40814.0,28.0,False,28.0
2024-01-05 06:00:00,40843.0,29.0,False,29.0
2024-01-05 07:00:00,40872.0,29.0,False,29.0
2024-01-05 08:00:00,40904.0,32.0,False,32.0
2024-01-05 09:00:00,40963.0,59.0,False,59.0
2024-01-05 10:00:00,41037.0,74.0,False,74.0
2024-01-05 11:00:00,41107.0,70.0,False,70.0
2024-01-05 12:00:00,41187.0,80.0,False,80.0
2024-01-05 13:00:00,41260.0,73.0,False,73.0
2024-01-05 14:00:00,41322.0,62.0,False,62.0
2024-01-05 15:00:00,41391.0,69.0,False,69.0
2024-01-05 16:00:00,41469.0,78.0,False,78.0
2024-01-05 17:00:00,41553.0,84.0,False,84.0
2024-01-05 18:00:00,41625.0,72.0,False,72.0
2024-01-05 19:00:00,41686.0,61.0,False,61.0
2024-01-05 20:00:00,41750.0,64.0,False,64.0
2024-01-05 21:00:00,41811.0,61.0,False,61.0
2024-01-05 22:00:00,41872.0,61.0,False,61.0
2024-01-05 23:00:00,41926.0,54.0,False,54.0
2024-01-06 00:00:00,41974.0,48.0,False,48.0
2024-01-06 01:00:00,42006.0,32.0,False,32.0
2024-01-06 02:00:00,42037.0,31.0,False,31.0
2024-01-06 03:00:00,42067.0,30.0,False,30.0
2024-01-06 04:00:00,42102.0,35.0,False,35.0
2024-01-06 05:00:00,42135.0,33.0,False,33.0
2024-01-06 06:00:00,42165.0,30.0,False,30.0
2024-01-06 07:00:00,42195.0,30.0,False,30.0
2024-01-06 08:00:00,42231.0,36.0,False,36.0
2024-01-06 09:00:00,42286.0,55.0,False,55.0
2024-01-06 10:00:00,42352.0,66.0,False,66.0
2024-01-06 11:00:00,42425.0,73.0,False,73.0
2024-01-06 12:00:00,42493.0,68.0,False,68.0
2024-01-06 13:00:00,42549.0,56.0,False,56.0
2024-01-06 14:00:00,42593.0,44.0,False,44.0
2024-01-06 15:00:00,42640.0,47.0,False,47.0
2024-01-06 16:00:00,42689.0,49.0,False,49.0
2024-01-06 17:00:00,42739.0,50.0,False,50.0
2024-01-06 18:00:00,42790.0,51.0,False,51.0
2024-01-06 19:00:00,42835.0,45.0,False,45.0
2024-01-06 20:00:00,42881.0,46.0,False,46.0
2024-01-06 21:00:00,42923.0,42.0,False,42.0
2024-01-06 22:00:00,42971.0,48.0,False,48.0
2024-01-06 23:00:00,43028.0,57.0,False,57.0
2024-01-07 00:00:00,43079.0,51.0,False,51.0
2024-01-07 01:00:00,43122.0,43.0,False,43.0
2024-01-07 02:00:00,43155.0,33.0,False,33.0
2024-01-07 03:00:00,43189.0,34.0,False,34.0
2024-01-07 04:00:00,43220.0,31.0,False,31.0
2024-01-07 05:00:00,43258.0,38.0,False,38.0
2024-01-07 06:00:00,43290.0,32.0,False,32.0
2024-01-07 07:00:00,43319.0,29.0,False,29.0
2024-01-07 08:00:00,43346.0,27.0,False,27.0
2024-01-07 09:00:00,43379.0,33.0,False,33.0
2024-01-07 10:00:00,43415.0,36.0,False,36.0
2024-01-07 11:00:00,43468.0,53.0,False,53.0
2024-01-07 12:00:00,43523.0,55.0,False,55.0
2024-01-07 13:00:00,43577.0,54.0,False,54.0
2024-01-07 14:00:00,43626.0,49.0,False,49.0
2024-01-07 15:00:00,43677.0,51.0,False,51.0
2024-01-07 16:00:00,43727.0,50.0,False,50.0
2024-01-07 17:00:00,43777.0,50.0,False,50.0
2024-01-07 18:00:00,43830.0,53.0,False,53.0
2024-01-07 19:00:00,43876.0,46.0,False,46.0
2024-01-07 20:00:00,43929.0,53.0,False,53.0
2024-01-07 21:00:00,43981.0,52.0,False,52.0
2024-01-07 22:00:00,44031.0,50.0,False,50.0
2024-01-07 23:00:00,44076.0,45.0,False,45.0
2024-01-08 00:00:00,44120.0,44.0,False,44.0
2024-01-08 01:00:00,44154.0,34.0,False,34.0
2024-01-08 02:00:00,44185.0,31.0,False,31.0
2024-01-08 03:00:00,44216.0,31.0,False,31.0
2024-01-08 04:00:00,44246.0,30.0,False,30.0
2024-01-08 05:00:00,44275.0,29.0,False,29.0
2024-01-08 06:00:00,44308.0,33.0,False,33.0
2024-01-08 07:00:00,44340.0,32.0,False,32.0
2024-01-08 08:00:00,44367.0,27.0,False,27.0
2024-01-08 09:00:00,44427.0,60.0,False,60.0
2024-01-08 10:00:00,44503.0,76.0,False,76.0
2024-01-08 11:00:00,44592.0,89.0,False,89.0
2024-01-08 12:00:00,44684.0,92.0,False,92.0
2024-01-08 13:00:00,44761.0,77.0,False,77.0
2024-01-08 14:00:00,44838.0,77.0,False,77.0
2024-01-08 15:00:00,44924.0,86.0,False,86.0
2024-01-08 16:00:00,45016.0,92.0,False,92.0
2024-01-08 17:00:00,45103.0,87.0,False,87.0
2024-01-08 18:00:00,45190.0,87.0,False,87.0
2024-01-08 19:00:00,45254.0,64.0,False,64.0
2024-01-08 20:00:00,45316.0,62.0,False,62.0
2024-01-08 21:00:00,45379.0,63.0,False,63.0
2024-01-08 22:00:00,45441.0,62.0,False,62.0
2024-01-08 23:00:00,45495.0,54.0,False,54.0
2024-01-09 00:00:00,45541.0,46.0,False,46.0
2024-01-09 01:00:00,45574.0,33.0,False,33.0
2024-01-09 02:00:00,45602.0,28.0,False,28.0
2024-01-09 03:00:00,45632.0,30.0,False,30.0
2024-01-09 04:00:00,45657.0,25.0,False,25.0
2024-01-09 05:00:00,45682.0,25.0,False,25.0
2024-01-09 06:00:00,45714.0,32.0,False,32.0
2024-01-09 07:00:00,45743.0,29.0,False,29.0
2024-01-09 08:00:00,45770.0,27.0,False,27.0
2024-01-09 09:00:00,45822.0,52.0,False,52.0
2024-01-09 10:00:00,45886.0,64.0,False,64.0
2024-01-09 11:00:00,45957.0,71.0,False,71.0
2024-01-09 12:00:00,46030.0,73.0,False,73.0
2024-01-09 13:00:00,46084.0,54.0,False,54.0
2024-01-09 14:00:00,46136.0,52.0,False,52.0
2024-01-09 15:00:00,46195.0,59.0,False,59.0
2024-01-09 16:00:00,46254.0,59.0,False,59.0
2024-01-09 17:00:00,46320.0,66.0,False,66.0
2024-01-09 18:00:00,46392.0,72.0,False,72.0
2024-01-09 19:00:00,46449.0,57.0,False,57.0
2024-01-09 20:00:00,46500.0,51.0,False,51.0
2024-01-09 21:00:00,46549.0,49.0,False,49.0
2024-01-09 22:00:00,46601.0,52.0,False,52.0
2024-01-09 23:00:00,46647.0,46.0,False,46.0
2024-01-10 00:00:00,46691.0,44.0,False,44.0
2024-01-10 01:00:00,46729.0,38.0,False,38.0
2024-01-10 02:00:00,46765.0,36.0,False,36.0
2024-01-10 03:00:00,46797.0,32.0,False,32.0
2024-01-10 04:00:00,46827.0,30.0,False,30.0
2024-01-10 05:00:00,46858.0,31.0,False,31.0
2024-01-10 06:00:00,46891.0,33.0,False,33.0
2024-01-10 07:00:00,46926.0,35.0,False,35.0
2024-01-10 08:00:00,46959.0,33.0,False,33.0
2024-01-10 09:00:00,47008.0,49.0,False,49.0
2024-01-10 10:00:00,47088.0,80.0,False,80.0
2024-01-10 11:00:00,47169.0,81.0,False,81.0
2024-01-10 12:00:00,47259.0,90.0,False,90.0
2024-01-10 13:00:00,47331.0,72.0,False,72.0
2024-01-10 14:00:00,47397.0,66.0,False,66.0
2024-01-10 15:00:00,47477.0,80.0,False,80.0
2024-01-10 16:00:00,47567.0,90.0,False,90.0
2024-01-10 17:00:00,47654.0,87.0,False,87.0
2024-01-10 18:00:00,47735.0,81.0,False,81.0
2024-01-10 19:00:00,47808.0,73.0,False,73.0
2024-01-10 20:00:00,47878.0,70.0,False,70.0
2024-01-10 21:00:00,47941.0,63.0,False,63.0
2024-01-10 22:00:00,48006.0,65.0,False,65.0
2024-01-10 23:00:00,48066.0,60.0,False,60.0
2024-01-11 00:00:00,48109.0,43.0,False,43.0
2024-01-11 01:00:00,48145.0,36.0,False,36.0
2024-01-11 02:00:00,48180.0,35.0,False,35.0
2024-01-11 03:00:00,48210.0,30.0,False,30.0
2024-01-11 04:00:00,48237.0,27.0,False,27.0
2024-01-11 05:00:00,48266.0,29.0,False,29.0
2024-01-11 06:00:00,48293.0,27.0,False,27.0
2024-01-11 07:00:00,48325.0,32.0,False,32.0
2024-01-11 08:00:00,48357.0,32.0,False,32.0
2024-01-11 09:00:00,48411.0,54.0,False,54.0
2024-01-11 10:00:00,48475.0,64.0,False,64.0
2024-01-11 11:00:00,48551.0,76.0,False,76.0
2024-01-11 12:00:00,48628.0,77.0,False,77.0
2024-01-11 13:00:00,48694.0,66.0,False,66.0
2024-01-11 14:00:00,48755.0,61.0,False,61.0
2024-01-11 15:00:00,48823.0,68.0,False,68.0
2024-01-11 16:00:00,48895.0,72.0,False,72.0
2024-01-11 17:00:00,48970.0,75.0,False,75.0
2024-01-11 18:00:00,49039.0,69.0,False,69.0
2024-01-11 19:00:00,49097.0,58.0,False,58.0
2024-01-11 20:00:00,49151.0,54.0,False,54.0
2024-01-11 21:00:00,49209.0,58.0,False,58.0
2024-01-11 22:00:00,49265.0,56.0,False,56.0
2024-01-11 23:00:00,49307.0,42.0,False,42.0
2024-01-12 00:00:00,49343.0,36.0,False,36.0
2024-01-12 01:00:00,49378.0,35.0,False,35.0
2024-01-12 02:00:00,49408.0,30.0,False,30.0
2024-01-12 03:00:00,49437.0,29.0,False,29.0
2024-01-12 04:00:00,49464.0,27.0,False,27.0
2024-01-12 05:00:00,49490.0,26.0,False,26.0
2024-01-12 06:00:00,49519.0,29.0,False,29.0
2024-01-12 07:00:00,49551.0,32.0,False,32.0
2024-01-12 08:00:00,49584.0,33.0,False,33.0
2024-01-12 09:00:00,49634.0,50.0,False,50.0
2024-01-12 10:00:00,49709.0,75.0,False,75.0
2024-01-12 11:00:00,49786.0,77.0,False,77.0
2024-01-12 12:00:00,49864.0,78.0,False,78.0
2024-01-12 13:00:00,49937.0,73.0,False,73.0
2024-01-12 14:00:00,50003.0,66.0,False,66.0
2024-01-12 15:00:00,50074.0,71.0,False,71.0
2024-01-12 16:00:00,50156.0,82.0,False,82.0
2024-01-12 17:00:00,50239.0,83.0,False,83.0
2024-01-12 18:00:00,50309.0,70.0,False,70.0
2024-01-12 19:00:00,50368.0,59.0,False,59.0
2024-01-12 20:00:00,50430.0,62.0,False,62.0
2024-01-12 21:00:00,50484.0,54.0,False,54.0
2024-01-12 22:00:00,50533.0,49.0,False,49.0
2024-01-12 23:00:00,50575.0,42.0,False,42.0
2024-01-13 00:00:00,50613.0,38.0,False,38.0
2024-01-13 01:00:00,50646.0,33.0,False,33.0
2024-01-13 02:00:00,50678.0,32.0,False,32.0
2024-01-13 03:00:00,50709.0,31.0,False,31.0
2024-01-13 04:00:00,50737.0,28.0,False,28.0
2024-01-13 05:00:00,50763.0,26.0,False,26.0
2024-01-13 06:00:00,50792.0,29.0,False,29.0
2024-01-13 07:00:00,50820.0,28.0,False,28.0
2024-01-13 08:00:00,50851.0,31.0,False,31.0
2024-01-13 09:00:00,50894.0,43.0,False,43.0
2024-01-13 10:00:00,50939.0,45.0,False,45.0
2024-01-13 11:00:00,50989.0,50.0,False,50.0
2024-01-13 12:00:00,51030.0,41.0,False,41.0
2024-01-13 13:00:00,51079.0,49.0,False,49.0
2024-01-13 14:00:00,51121.0,42.0,False,42.0
2024-01-13 15:00:00,51162.0,41.0,False,41.0
2024-01-13 16:00:00,51205.0,43.0,False,43.0
2024-01-13 17:00:00,51242.0,37.0,False,37.0
2024-01-13 18:00:00,51284.0,42.0,False,42.0
2024-01-13 19:00:00,51327.0,43.0,False,43.0
2024-01-13 20:00:00,51376.0,49.0,False,49.0
2024-01-13 21:00:00,51428.0,52.0,False,52.0
2024-01-13 22:00:00,51471.0,43.0,False,43.0
2024-01-13 23:00:00,51515.0,44.0,False,44.0
2024-01-14 00:00:00,51556.0,41.0,False,41.0
2024-01-14 01:00:00,51593.0,37.0,False,37.0
2024-01-14 02:00:00,51629.0,36.0,False,36.0
2024-01-14 03:00:00,51657.0,28.0,False,28.0
2024-01-14 04:00:00,51683.0,26.0,False,26.0
2024-01-14 05:00:00,51708.0,25.0,False,25.0
2024-01-14 06:00:00,51731.0,23.0,False,23.0
2024-01-14 07:00:00,51755.0,24.0,False,24.0
2024-01-14 08:00:00,51782.0,27.0,False,27.0
2024-01-14 09:00:00,51813.0,31.0,False,31.0
2024-01-14 10:00:00,51849.0,36.0,False,36.0
2024-01-14 11:00:00,51891.0,42.0,False,42.0
2024-01-14 12:00:00,51934.0,43.0,False,43.0
2024-01-14 13:00:00,51974.0,40.0,False,40.0
2024-01-14 14:00:00,52016.0,42.0,False,42.0
2024-01-14 15:00:00,52064.0,48.0,False,48.0
2024-01-14 16:00:00,52108.0,44.0,False,44.0
2024-01-14 17:00:00,52158.0,50.0,False,50.0
2024-01-14 18:00:00,52204.0,46.0,False,46.0
2024-01-14 19:00:00,52248.0,44.0,False,44.0
2024-01-14 20:00:00,52293.0,45.0,False,45.0
2024-01-14 21:00:00,52342.0,49.0,False,49.0
2024-01-14 22:00:00,52388.0,46.0,False,46.0
2024-01-14 23:00:00,52425.0,37.0,False,37.0
2024-01-15 00:00:00,52460.0,35.0,False,35.0
2024-01-15 01:00:00,52495.0,35.0,False,35.0
2024-01-15 02:00:00,52525.0,30.0,False,30.0
2024-01-15 03:00:00,52562.0,37.0,False,37.0
2024-01-15 04:00:00,52595.0,33.0,False,33.0
2024-01-15 05:00:00,52622.0,27.0,False,27.0
2024-01-15 06:00:00,52650.0,28.0,False,28.0
2024-01-15 07:00:00,52679.0,29.0,False,29.0
2024-01-15 08:00:00,52711.0,32.0,False,32.0
2024-01-15 09:00:00,52765.0,54.0,False,54.0
2024-01-15 10:00:00,52834.0,69.0,False,69.0
2024-01-15 11:00:00,52913.0,79.0,False,79.0
2024-01-15 12:00:00,52999.0,86.0,False,86.0
2024-01-15 13:00:00,53088.0,89.0,False,89.0
2024-01-15 14:00:00,53179.0,91.0,False,91.0
2024-01-15 15:00:00,53291.0,112.0,True,64.71
2024-01-15 16:00:00,53403.0,112.0,True,68.86
2024-01-15 17:00:00,53514.0,111.0,True,69.29
2024-01-15 18:00:00,53611.0,97.0,True,66.71
2024-01-15 19:00:00,53688.0,77.0,False,77.0
2024-01-15 20:00:00,53752.0,64.0,False,64.0
2024-01-15 21:00:00,53820.0,68.0,False,68.0
2024-01-15 22:00:00,53883.0,63.0,False,63.0
2024-01-15 23:00:00,53942.0,59.0,False,59.0
2024-01-16 00:00:00,53978.0,36.0,False,36.0
2024-01-16 01:00:00,54007.0,29.0,False,29.0
2024-01-16 02:00:00,54035.0,28.0,False,28.0
2024-01-16 03:00:00,54067.0,32.0,False,32.0
2024-01-16 04:00:00,54097.0,30.0,False,30.0
2024-01-16 05:00:00,54128.0,31.0,False,31.0
2024-01-16 06:00:00,54156.0,28.0,False,28.0
2024-01-16 07:00:00,54187.0,31.0,False,31.0
2024-01-16 08:00:00,54214.0,27.0,False,27.0
2024-01-16 09:00:00,54267.0,53.0,False,53.0
2024-01-16 10:00:00,54339.0,72.0,False,72.0
2024-01-16 11:00:00,54421.0,82.0,False,82.0
2024-01-16 12:00:00,54511.0,90.0,False,90.0
2024-01-16 13:00:00,54596.0,85.0,False,85.0
2024-01-16 14:00:00,54688.0,92.0,False,92.0
2024-01-16 15:00:00,54778.0,90.0,False,90.0
2024-01-16 16:00:00,54869.0,91.0,False,91.0
2024-01-16 17:00:00,54962.0,93.0,False,93.0
2024-01-16 18:00:00,55049.0,87.0,False,87.0
2024-01-16 19:00:00,55132.0,83.0,False,83.0
2024-01-16 20:00:00,55200.0,68.0,False,68.0
2024-01-16 21:00:00,55275.0,75.0,False,75.0
2024-01-16 22:00:00,55346.0,71.0,False,71.0
2024-01-16 23:00:00,55405.0,59.0,False,59.0
2024-01-17 00:00:00,55440.0,35.0,False,35.0
2024-01-17 01:00:00,55471.0,31.0,False,31.0
2024-01-17 02:00:00,55498.0,27.0,False,27.0
2024-01-17 03:00:00,55527.0,29.0,False,29.0
2024-01-17 04:00:00,55556.0,29.0,False,29.0
2024-01-17 05:00:00,55585.0,29.0,False,29.0
2024-01-17 06:00:00,55608.0,23.0,False,23.0
2024-01-17 07:00:00,55636.0,28.0,False,28.0
2024-01-17 08:00:00,55662.0,26.0,False,26.0
2024-01-17 09:00:00,55715.0,53.0,False,53.0
2024-01-17 10:00:00,55789.0,74.0,False,74.0
2024-01-17 11:00:00,55872.0,83.0,False,83.0
2024-01-17 12:00:00,55967.0,95.0,False,95.0
2024-01-17 13:00:00,56042.0,75.0,False,75.0
2024-01-17 14:00:00,56117.0,75.0,False,75.0
2024-01-17 15:00:00,56203.0,86.0,False,86.0
2024-01-17 16:00:00,56302.0,99.0,False,99.0
2024-01-17 17:00:00,56404.0,102.0,False,102.0
2024-01-17 18:00:00,56490.0,86.0,False,86.0
2024-01-17 19:00:00,56565.0,75.0,False,75.0
2024-01-17 20:00:00,56632.0,67.0,False,67.0
2024-01-17 21:00:00,56691.0,59.0,False,59.0
2024-01-17 22:00:00,56757.0,66.0,False,66.0
2024-01-17 23:00:00,56820.0,63.0,False,63.0
2024-01-18 00:00:00,56864.0,44.0,False,44.0
2024-01-18 01:00:00,56895.0,31.0,False,31.0
2024-01-18 02:00:00,56923.0,28.0,False,28.0
2024-01-18 03:00:00,56954.0,31.0,False,31.0
2024-01-18 04:00:00,56983.0,29.0,False,29.0
2024-01-18 05:00:00,57016.0,33.0,False,33.0
2024-01-18 06:00:00,57046.0,30.0,False,30.0
2024-01-18 07:00:00,57074.0,28.0,False,28.0
2024-01-18 08:00:00,57104.0,30.0,False,30.0
2024-01-18 09:00:00,57158.0,54.0,False,54.0
2024-01-18 10:00:00,57244.0,86.0,False,86.0
2024-01-18 11:00:00,57338.0,94.0,False,94.0
2024-01-18 12:00:00,57429.0,91.0,False,91.0
2024-01-18 13:00:00,57516.0,87.0,False,87.0
2024-01-18 14:00:00,57605.0,89.0,False,89.0
2024-01-18 15:00:00,57699.0,94.0,False,94.0
2024-01-18 16:00:00,57805.0,106.0,False,106.0
2024-01-18 17:00:00,57908.0,103.0,False,103.0
2024-01-18 18:00:00,58012.0,104.0,False,104.0
2024-01-18 19:00:00,58097.0,85.0,False,85.0
2024-01-18 20:00:00,58172.0,75.0,False,75.0
2024-01-18 21:00:00,58241.0,69.0,False,69.0
2024-01-18 22:00:00,58301.0,60.0,False,60.0
2024-01-18 23:00:00,58352.0,51.0,False,51.0
2024-01-19 00:00:00,58401.0,49.0,False,49.0
2024-01-19 01:00:00,58440.0,39.0,False,39.0
2024-01-19 02:00:00,58474.0,34.0,False,34.0
2024-01-19 03:00:00,58503.0,29.0,False,29.0
2024-01-19 04:00:00,58534.0,31.0,False,31.0
2024-01-19 05:00:00,58563.0,29.0,False,29.0
2024-01-19 06:00:00,58594.0,31.0,False,31.0
2024-01-19 07:00:00,58628.0,34.0,False,34.0
2024-01-19 08:00:00,58662.0,34.0,False,34.0
2024-01-19 09:00:00,58719.0,57.0,False,57.0
2024-01-19 10:00:00,58800.0,81.0,False,81.0
2024-01-19 11:00:00,58893.0,93.0,False,93.0
2024-01-19 12:00:00,58979.0,86.0,False,86.0
2024-01-19 13:00:00,59066.0,87.0,False,87.0
2024-01-19 14:00:00,59156.0,90.0,False,90.0
2024-01-19 15:00:00,59242.0,86.0,False,86.0
2024-01-19 16:00:00,59340.0,98.0,False,98.0
2024-01-19 17:00:00,59437.0,97.0,False,97.0
2024-01-19 18:00:00,59527.0,90.0,False,90.0
2024-01-19 19:00:00,59617.0,90.0,False,90.0
2024-01-19 20:00:00,59684.0,67.0,False,67.0
2024-01-19 21:00:00,59751.0,67.0,False,67.0
2024-01-19 22:00:00,59804.0,53.0,False,53.0
2024-01-19 23:00:00,59855.0,51.0,False,51.0
2024-01-20 00:00:00,59897.0,42.0,False,42.0
2024-01-20 01:00:00,59939.0,42.0,False,42.0
2024-01-20 02:00:00,59986.0,47.0,False,47.0
2024-01-20 03:00:00,60028.0,42.0,False,42.0
2024-01-20 04:00:00,60071.0,43.0,False,43.0
2024-01-20 05:00:00,60109.0,38.0,False,38.0
2024-01-20 06:00:00,60151.0,42.0,False,42.0
2024-01-20 07:00:00,60191.0,40.0,False,40.0
2024-01-20 08:00:00,60233.0,42.0,False,42.0
2024-01-20 09:00:00,60256.0,23.0,False,23.0
2024-01-20 10:00:00,60256.0,,False,66.14
2024-01-20 11:00:00,60256.0,,False,74.71
2024-01-20 12:00:00,60256.0,,False,76.0
2024-01-20 13:00:00,60256.0,,False,73.14
2024-01-20 14:00:00,60256.0,,False,74.43
2024-01-20 15:00:00,60256.0,,False,74.17
2024-01-20 16:00:00,60256.0,,False,80.17
2024-01-20 17:00:00,60256.0,,False,80.33
2024-01-20 18:00:00,60256.0,,False,75.83
2024-01-20 19:00:00,60256.0,,False,71.0
2024-01-20 20:00:00,60256.0,,False,62.14
2024-01-20 21:00:00,60256.0,,False,62.71
2024-01-20 22:00:00,60256.0,,False,57.43
2024-01-20 23:00:00,60256.0,,False,52.0
2024-01-21 00:00:00,60256.0,,False,40.29
2024-01-21 01:00:00,60256.0,,False,34.86
2024-01-21 02:00:00,60256.0,,False,32.86
2024-01-21 03:00:00,60256.0,,False,32.57
2024-01-21 04:00:00,60256.0,,False,31.57
2024-01-21 05:00:00,60256.0,,False,30.29
2024-01-21 06:00:00,60256.0,,False,29.29
2024-01-21 07:00:00,60256.0,,False,30.57
2024-01-21 08:00:00,60256.0,,False,31.14
2024-01-21 09:00:00,60256.0,,False,46.43
2024-01-21 10:00:00,60256.0,,False,69.67
2024-01-21 11:00:00,60256.0,,False,78.83
2024-01-21 12:00:00,60256.0,,False,81.83
2024-01-21 13:00:00,60256.0,,False,77.17
2024-01-21 14:00:00,60256.0,,False,79.83
2024-01-21 15:00:00,60256.0,,False,80.8
2024-01-21 16:00:00,60256.0,,False,87.6
2024-01-21 17:00:00,60256.0,,False,89.0
2024-01-21 18:00:00,60256.0,,False,82.6
2024-01-21 19:00:00,60256.0,,False,75.67
2024-01-21 20:00:00,60256.0,,False,64.33
2024-01-21 21:00:00,60256.0,,False,64.5
2024-01-21 22:00:00,60256.0,,False,59.83
2024-01-21 23:00:00,60256.0,,False,53.33
2024-01-22 00:00:00,60256.0,,False,40.17
2024-01-22 01:00:00,60256.0,,False,34.5
2024-01-22 02:00:00,60256.0,,False,32.33
2024-01-22 03:00:00,60256.0,,False,33.33
2024-01-22 04:00:00,60256.0,,False,32.5
2024-01-22 05:00:00,60256.0,,False,31.17
2024-01-22 06:00:00,60256.0,,False,30.33
2024-01-22 07:00:00,60256.0,,False,31.67
2024-01-22 08:00:00,60256.0,,False,31.83
2024-01-22 09:00:00,60256.0,,False,49.0
2024-01-22 10:00:00,60256.0,,False,76.4
2024-01-22 11:00:00,60256.0,,False,86.2
2024-01-22 12:00:00,60256.0,,False,89.6
2024-01-22 13:00:00,60256.0,,False,84.6
2024-01-22 14:00:00,60256.0,,False,87.4
2024-01-22 15:00:00,60256.0,,False,89.0
2024-01-22 16:00:00,60256.0,,False,98.5
2024-01-22 17:00:00,60256.0,,False,98.75
2024-01-22 18:00:00,,,False,91.75
2024-01-22 19:00:00,63565.0,,False,82.0
2024-01-22 20:00:00,63641.0,76.0,False,76.0
2024-01-22 21:00:00,63718.0,77.0,False,77.0
2024-01-22 22:00:00,63790.0,72.0,False,72.0
2024-01-22 23:00:00,63860.0,70.0,False,70.0
2024-01-23 00:00:00,63925.0,65.0,False,65.0
2024-01-23 01:00:00,63963.0,38.0,False,38.0
2024-01-23 02:00:00,63992.0,29.0,False,29.0
2024-01-23 03:00:00,64018.0,26.0,False,26.0
2024-01-23 04:00:00,64040.0,22.0,False,22.0
2024-01-23 05:00:00,64065.0,25.0,False,25.0
2024-01-23 06:00:00,64093.0,28.0,False,28.0
2024-01-23 07:00:00,64118.0,25.0,False,25.0
2024-01-23 08:00:00,64142.0,24.0,False,24.0
2024-01-23 09:00:00,64194.0,52.0,False,52.0
2024-01-23 10:00:00,64271.0,77.0,False,77.0
2024-01-23 11:00:00,64368.0,97.0,False,97.0
2024-01-23 12:00:00,64467.0,99.0,False,99.0
2024-01-23 13:00:00,64550.0,83.0,False,83.0
2024-01-23 14:00:00,64622.0,72.0,False,72.0
2024-01-23 15:00:00,64703.0,81.0,False,81.0
2024-01-23 16:00:00,64791.0,88.0,False,88.0
2024-01-23 17:00:00,64885.0,94.0,False,94.0
2024-01-23 18:00:00,64989.0,104.0,False,104.0
2024-01-23 19:00:00,65079.0,90.0,False,90.0
2024-01-23 20:00:00,65156.0,77.0,False,77.0
2024-01-23 21:00:00,65232.0,76.0,False,76.0
2024-01-23 22:00:00,65300.0,68.0,False,68.0
2024-01-23 23:00:00,65357.0,57.0,False,57.0
2024-01-24 00:00:00,65406.0,49.0,False,49.0
2024-01-24 01:00:00,65450.0,44.0,False,44.0
2024-01-24 02:00:00,65487.0,37.0,False,37.0
2024-01-24 03:00:00,65517.0,30.0,False,30.0
2024-01-24 04:00:00,65549.0,32.0,False,32.0
2024-01-24 05:00:00,65580.0,31.0,False,31.0
2024-01-24 06:00:00,65612.0,32.0,False,32.0
2024-01-24 07:00:00,65652.0,40.0,False,40.0
2024-01-24 08:00:00,65683.0,31.0,False,31.0
2024-01-24 09:00:00,65739.0,56.0,False,56.0
2024-01-24 10:00:00,65820.0,81.0,False,81.0
2024-01-24 11:00:00,65899.0,79.0,False,79.0
2024-01-24 12:00:00,65983.0,84.0,False,84.0
2024-01-24 13:00:00,66062.0,79.0,False,79.0
2024-01-24 14:00:00,66137.0,75.0,False,75.0
2024-01-24 15:00:00,66217.0,80.0,False,80.0
2024-01-24 16:00:00,66311.0,94.0,False,94.0
2024-01-24 17:00:00,66401.0,90.0,False,90.0
2024-01-24 18:00:00,66495.0,94.0,False,94.0
2024-01-24 19:00:00,66578.0,83.0,False,83.0
2024-01-24 20:00:00,66654.0,76.0,False,76.0
2024-01-24 21:00:00,66728.0,74.0,False,74.0
2024-01-24 22:00:00,66795.0,67.0,False,67.0
2024-01-24 23:00:00,66854.0,59.0,False,59.0
2024-01-25 00:00:00,66909.0,55.0,False,55.0
2024-01-25 01:00:00,66958.0,49.0,False,49.0
2024-01-25 02:00:00,67003.0,45.0,False,45.0
2024-01-25 03:00:00,67047.0,44.0,False,44.0
2024-01-25 04:00:00,67092.0,45.0,False,45.0
2024-01-25 05:00:00,67133.0,41.0,False,41.0
2024-01-25 06:00:00,67174.0,41.0,False,41.0
2024-01-25 07:00:00,67215.0,41.0,False,41.0
2024-01-25 08:00:00,67258.0,43.0,False,43.0
2024-01-25 09:00:00,67334.0,76.0,False,76.0
2024-01-25 10:00:00,67438.0,104.0,False,104.0
2024-01-25 11:00:00,67549.0,111.0,False,111.0
2024-01-25 12:00:00,67656.0,107.0,False,107.0
2024-01-25 13:00:00,67749.0,93.0,False,93.0
2024-01-25 14:00:00,67839.0,90.0,False,90.0
2024-01-25 15:00:00,67932.0,93.0,False,93.0
2024-01-25 16:00:00,68030.0,98.0,False,98.0
2024-01-25 17:00:00,68127.0,97.0,False,97.0
2024-01-25 18:00:00,68229.0,102.0,False,102.0
2024-01-25 19:00:00,68320.0,91.0,False,91.0
2024-01-25 20:00:00,68389.0,69.0,False,69.0
2024-01-25 21:00:00,68458.0,69.0,False,69.0
2024-01-25 22:00:00,68512.0,54.0,False,54.0
2024-01-25 23:00:00,68560.0,48.0,False,48.0
2024-01-26 00:00:00,68597.0,37.0,False,37.0
2024-01-26 01:00:00,68630.0,33.0,False,33.0
2024-01-26 02:00:00,68663.0,33.0,False,33.0
2024-01-26 03:00:00,68701.0,38.0,False,38.0
2024-01-26 04:00:00,68733.0,32.0,False,32.0
2024-01-26 05:00:00,68763.0,30.0,False,30.0
2024-01-26 06:00:00,68790.0,27.0,False,27.0
2024-01-26 07:00:00,68819.0,29.0,False,29.0
2024-01-26 08:00:00,68851.0,32.0,False,32.0
2024-01-26 09:00:00,68908.0,57.0,False,57.0
2024-01-26 10:00:00,68984.0,76.0,False,76.0
2024-01-26 11:00:00,69065.0,81.0,False,81.0
2024-01-26 12:00:00,69131.0,66.0,False,66.0
2024-01-26 13:00:00,69183.0,52.0,False,52.0
2024-01-26 14:00:00,69241.0,58.0,False,58.0
2024-01-26 15:00:00,69306.0,65.0,False,65.0
2024-01-26 16:00:00,69389.0,83.0,False,83.0
2024-01-26 17:00:00,69466.0,77.0,False,77.0
2024-01-26 18:00:00,69534.0,68.0,False,68.0
2024-01-26 19:00:00,69601.0,67.0,False,67.0
2024-01-26 20:00:00,69654.0,53.0,False,53.0
2024-01-26 21:00:00,69712.0,58.0,False,58.0
2024-01-26 22:00:00,69767.0,55.0,False,55.0
2024-01-26 23:00:00,69813.0,46.0,False,46.0
2024-01-27 00:00:00,69850.0,37.0,False,37.0
2024-01-27 01:00:00,69882.0,32.0,False,32.0
2024-01-27 02:00:00,69915.0,33.0,False,33.0
2024-01-27 03:00:00,69950.0,35.0,False,35.0
2024-01-27 04:00:00,69986.0,36.0,False,36.0
2024-01-27 05:00:00,70018.0,32.0,False,32.0
2024-01-27 06:00:00,70052.0,34.0,False,34.0
2024-01-27 07:00:00,70085.0,33.0,False,33.0
2024-01-27 08:00:00,70116.0,31.0,False,31.0
2024-01-27 09:00:00,70164.0,48.0,False,48.0
2024-01-27 10:00:00,70225.0,61.0,False,61.0
2024-01-27 11:00:00,70304.0,79.0,False,79.0
2024-01-27 12:00:00,70373.0,69.0,False,69.0
2024-01-27 13:00:00,70425.0,52.0,False,52.0
2024-01-27 14:00:00,70484.0,59.0,False,59.0
2024-01-27 15:00:00,70543.0,59.0,False,59.0
2024-01-27 16:00:00,70607.0,64.0,False,64.0
2024-01-27 17:00:00,70675.0,68.0,False,68.0
2024-01-27 18:00:00,70741.0,66.0,False,66.0
2024-01-27 19:00:00,70808.0,67.0,False,67.0
2024-01-27 20:00:00,70859.0,51.0,False,51.0
2024-01-27 21:00:00,70909.0,50.0,False,50.0
2024-01-27 22:00:00,70962.0,53.0,False,53.0
2024-01-27 23:00:00,71018.0,56.0,False,56.0
2024-01-28 00:00:00,71068.0,50.0,False,50.0
2024-01-28 01:00:00,71117.0,49.0,False,49.0
2024-01-28 02:00:00,71152.0,35.0,False,35.0
2024-01-28 03:00:00,71186.0,34.0,False,34.0
2024-01-28 04:00:00,71222.0,36.0,False,36.0
2024-01-28 05:00:00,71255.0,33.0,False,33.0
2024-01-28 06:00:00,71285.0,30.0,False,30.0
2024-01-28 07:00:00,71313.0,28.0,False,28.0
2024-01-28 08:00:00,71343.0,30.0,False,30.0
2024-01-28 09:00:00,71380.0,37.0,False,37.0
2024-01-28 10:00:00,71431.0,51.0,False,51.0
2024-01-28 11:00:00,71483.0,52.0,False,52.0
2024-01-28 12:00:00,71531.0,48.0,False,48.0
2024-01-28 13:00:00,71573.0,42.0,False,42.0
2024-01-28 14:00:00,71617.0,44.0,False,44.0
2024-01-28 15:00:00,71665.0,48.0,False,48.0
2024-01-28 16:00:00,71723.0,58.0,False,58.0
2024-01-28 17:00:00,71783.0,60.0,False,60.0
2024-01-28 18:00:00,71839.0,56.0,False,56.0
2024-01-28 19:00:00,71894.0,55.0,False,55.0
2024-01-28 20:00:00,71950.0,56.0,False,56.0
2024-01-28 21:00:00,72007.0,57.0,False,57.0
2024-01-28 22:00:00,72055.0,48.0,False,48.0
2024-01-28 23:00:00,72100.0,45.0,False,45.0
2024-01-29 00:00:00,72138.0,38.0,False,38.0
2024-01-29 01:00:00,72178.0,40.0,False,40.0
2024-01-29 02:00:00,72211.0,33.0,False,33.0
2024-01-29 03:00:00,72239.0,28.0,False,28.0
2024-01-29 04:00:00,72270.0,31.0,False,31.0
2024-01-29 05:00:00,72302.0,32.0,False,32.0
2024-01-29 06:00:00,72333.0,31.0,False,31.0
2024-01-29 07:00:00,72362.0,29.0,False,29.0
2024-01-29 08:00:00,72394.0,32.0,False,32.0
2024-01-29 09:00:00,72443.0,49.0,False,49.0
2024-01-29 10:00:00,72512.0,69.0,False,69.0
2024-01-29 11:00:00,72598.0,86.0,False,86.0
2024-01-29 12:00:00,72691.0,93.0,False,93.0
2024-01-29 13:00:00,72760.0,69.0,False,69.0
2024-01-29 14:00:00,72825.0,65.0,False,65.0
2024-01-29 15:00:00,72896.0,71.0,False,71.0
2024-01-29 16:00:00,72976.0,80.0,False,80.0
2024-01-29 17:00:00,73060.0,84.0,False,84.0
2024-01-29 18:00:00,73140.0,80.0,False,80.0
2024-01-29 19:00:00,73200.0,60.0,False,60.0
2024-01-29 20:00:00,73259.0,59.0,False,59.0
2024-01-29 21:00:00,73309.0,50.0,False,50.0
2024-01-29 22:00:00,73366.0,57.0,False,57.0
2024-01-29 23:00:00,73423.0,57.0,False,57.0
2024-01-30 00:00:00,73472.0,49.0,False,49.0
2024-01-30 01:00:00,73506.0,34.0,False,34.0
2024-01-30 02:00:00,73539.0,33.0,False,33.0
2024-01-30 03:00:00,73570.0,31.0,False,31.0
2024-01-30 04:00:00,73601.0,31.0,False,31.0
2024-01-30 05:00:00,73638.0,37.0,False,37.0
2024-01-30 06:00:00,73675.0,37.0,False,37.0
2024-01-30 07:00:00,73710.0,35.0,False,35.0
2024-01-30 08:00:00,73739.0,29.0,False,29.0
2024-01-30 09:00:00,73788.0,49.0,False,49.0
2024-01-30 10:00:00,73864.0,76.0,False,76.0
2024-01-30 11:00:00,73940.0,76.0,False,76.0
2024-01-30 12:00:00,74008.0,68.0,False,68.0
2024-01-30 13:00:00,74061.0,53.0,False,53.0
2024-01-30 14:00:00,74113.0,52.0,False,52.0
2024-01-30 15:00:00,74180.0,67.0,False,67.0
2024-01-30 16:00:00,74258.0,78.0,False,78.0
2024-01-30 17:00:00,74338.0,80.0,False,80.0
2024-01-30 18:00:00,74412.0,74.0,False,74.0
2024-01-30 19:00:00,74464.0,52.0,False,52.0
2024-01-30 20:00:00,74513.0,49.0,False,49.0
2024-01-30 21:00:00,74563.0,50.0,False,50.0
2024-01-30 22:00:00,74608.0,45.0,False,45.0
2024-01-30 23:00:00,74651.0,43.0,False,43.0
2024-01-31 00:00:00,74698.0,47.0,False,47.0
2024-01-31 01:00:00,74727.0,29.0,False,29.0
2024-01-31 02:00:00,74756.0,29.0,False,29.0
2024-01-31 03:00:00,74783.0,27.0,False,27.0
2024-01-31 04:00:00,74811.0,28.0,False,28.0
2024-01-31 05:00:00,74837.0,26.0,False,26.0
2024-01-31 06:00:00,74867.0,30.0,False,30.0
2024-01-31 07:00:00,74897.0,30.0,False,30.0
2024-01-31 08:00:00,74924.0,27.0,False,27.0
2024-01-31 09:00:00,74967.0,43.0,False,43.0
2024-01-31 10:00:00,75041.0,74.0,False,74.0
2024-01-31 11:00:00,75124.0,83.0,False,83.0
2024-01-31 12:00:00,75200.0,76.0,False,76.0
2024-01-31 13:00:00,75263.0,63.0,False,63.0
2024-01-31 14:00:00,75320.0,57.0,False,57.0
2024-01-31 15:00:00,75399.0,79.0,False,79.0
2024-01-31 16:00:00,75483.0,84.0,False,84.0
2024-01-31 17:00:00,75567.0,84.0,False,84.0
2024-01-31 18:00:00,75650.0,83.0,False,83.0
2024-01-31 19:00:00,75728.0,78.0,False,78.0
2024-01-31 20:00:00,75787.0,59.0,False,59.0
2024-01-31 21:00:00,75834.0,47.0,False,47.0
2024-01-31 22:00:00,75880.0,46.0,False,46.0
2024-01-31 23:00:00,75920.0,40.0,False,40.0
2024-02-01 00:00:00,75962.0,42.0,False,42.0
2024-02-01 01:00:00,76001.0,39.0,False,39.0
2024-02-01 02:00:00,76031.0,30.0,False,30.0
2024-02-01 03:00:00,76059.0,28.0,False,28.0
2024-02-01 04:00:00,76083.0,24.0,False,24.0
2024-02-01 05:00:00,76109.0,26.0,False,26.0
2024-02-01 06:00:00,76136.0,27.0,False,27.0
2024-02-01 07:00:00,76170.0,34.0,False,34.0
2024-02-01 08:00:00,76201.0,31.0,False,31.0
2024-02-01 09:00:00,76250.0,49.0,False,49.0
2024-02-01 10:00:00,76306.0,56.0,False,56.0
2024-02-01 11:00:00,76376.0,70.0,False,70.0
2024-02-01 12:00:00,76452.0,76.0,False,76.0
2024-02-01 13:00:00,76539.0,87.0,False,87.0
2024-02-01 14:00:00,76623.0,84.0,False,84.0
2024-02-01 15:00:00,76708.0,85.0,False,85.0
2024-02-01 16:00:00,76795.0,87.0,False,87.0
2024-02-01 17:00:00,76886.0,91.0,False,91.0
2024-02-01 18:00:00,76961.0,75.0,False,75.0
2024-02-01 19:00:00,77029.0,68.0,False,68.0
2024-02-01 20:00:00,77095.0,66.0,False,66.0
2024-02-01 21:00:00,77150.0,55.0,False,55.0
2024-02-01 22:00:00,77192.0,42.0,False,42.0
2024-02-01 23:00:00,77233.0,41.0,False,41.0
2024-02-02 00:00:00,77268.0,35.0,False,35.0
2024-02-02 01:00:00,77300.0,32.0,False,32.0
2024-02-02 02:00:00,77329.0,29.0,False,29.0
2024-02-02 03:00:00,77354.0,25.0,False,25.0
2024-02-02 04:00:00,77381.0,27.0,False,27.0
2024-02-02 05:00:00,77408.0,27.0,False,27.0
2024-02-02 06:00:00,77435.0,27.0,False,27.0
2024-02-02 07:00:00,77467.0,32.0,False,32.0
2024-02-02 08:00:00,77497.0,30.0,False,30.0
2024-02-02 09:00:00,77530.0,33.0,False,33.0
2024-02-02 10:00:00,77582.0,52.0,False,52.0
2024-02-02 11:00:00,77647.0,65.0,False,65.0
2024-02-02 12:00:00,77725.0,78.0,False,78.0
2024-02-02 13:00:00,77793.0,68.0,False,68.0
2024-02-02 14:00:00,77865.0,72.0,False,72.0
2024-02-02 15:00:00,77931.0,66.0,False,66.0
2024-02-02 16:00:00,77997.0,66.0,False,66.0
2024-02-02 17:00:00,78069.0,72.0,False,72.0
2024-02-02 18:00:00,78137.0,68.0,False,68.0
2024-02-02 19:00:00,78200.0,63.0,False,63.0
2024-02-02 20:00:00,78257.0,57.0,False,57.0
2024-02-02 21:00:00,78305.0,48.0,False,48.0
2024-02-02 22:00:00,78354.0,49.0,False,49.0
2024-02-02 23:00:00,78401.0,47.0,False,47.0
2024-02-03 00:00:00,78440.0,39.0,False,39.0
2024-02-03 01:00:00,78463.0,23.0,False,23.0
2024-02-03 02:00:00,78493.0,30.0,False,30.0
2024-02-03 03:00:00,78522.0,29.0,False,29.0
2024-02-03 04:00:00,78544.0,22.0,False,22.0
2024-02-03 05:00:00,78568.0,24.0,False,24.0
2024-02-03 06:00:00,78591.0,23.0,False,23.0
2024-02-03 07:00:00,78614.0,23.0,False,23.0
2024-02-03 08:00:00,78640.0,26.0,False,26.0
2024-02-03 09:00:00,78682.0,42.0,False,42.0
2024-02-03 10:00:00,78738.0,56.0,False,56.0
2024-02-03 11:00:00,78794.0,56.0,False,56.0
2024-02-03 12:00:00,78856.0,62.0,False,62.0
2024-02-03 13:00:00,78917.0,61.0,False,61.0
2024-02-03 14:00:00,78983.0,66.0,False,66.0
2024-02-03 15:00:00,79058.0,75.0,False,75.0
2024-02-03 16:00:00,79136.0,78.0,False,78.0
2024-02-03 17:00:00,79218.0,82.0,True,77.0
2024-02-03 18:00:00,79291.0,73.0,False,73.0
2024-02-03 19:00:00,79357.0,66.0,False,66.0
2024-02-03 20:00:00,79406.0,49.0,False,49.0
2024-02-03 21:00:00,79458.0,52.0,False,52.0
2024-02-03 22:00:00,79505.0,47.0,False,47.0
2024-02-03 23:00:00,79550.0,45.0,False,45.0
2024-02-04 00:00:00,79592.0,42.0,False,42.0
2024-02-04 01:00:00,79627.0,35.0,False,35.0
2024-02-04 02:00:00,79664.0,37.0,False,37.0
2024-02-04 03:00:00,79707.0,43.0,False,43.0
2024-02-04 04:00:00,79734.0,27.0,False,27.0
2024-02-04 05:00:00,79758.0,24.0,False,24.0
2024-02-04 06:00:00,79782.0,24.0,False,24.0
2024-02-04 07:00:00,79805.0,23.0,False,23.0
2024-02-04 08:00:00,79831.0,26.0,False,26.0
2024-02-04 09:00:00,79876.0,45.0,False,45.0
2024-02-04 10:00:00,79932.0,56.0,False,56.0
2024-02-04 11:00:00,79980.0,48.0,False,48.0
2024-02-04 12:00:00,80028.0,48.0,False,48.0
2024-02-04 13:00:00,80071.0,43.0,False,43.0
2024-02-04 14:00:00,80121.0,50.0,False,50.0
2024-02-04 15:00:00,80171.0,50.0,False,50.0
2024-02-04 16:00:00,80221.0,50.0,False,50.0
2024-02-04 17:00:00,80273.0,52.0,False,52.0
2024-02-04 18:00:00,80321.0,48.0,False,48.0
2024-02-04 19:00:00,80362.0,41.0,False,41.0
2024-02-04 20:00:00,80396.0,34.0,False,34.0
2024-02-04 21:00:00,80432.0,36.0,False,36.0
2024-02-04 22:00:00,80467.0,35.0,False,35.0
2024-02-04 23:00:00,80504.0,37.0,False,37.0
2024-02-05 00:00:00,80536.0,32.0,False,32.0
2024-02-05 01:00:00,80564.0,28.0,False,28.0
2024-02-05 02:00:00,80589.0,25.0,False,25.0
2024-02-05 03:00:00,80610.0,21.0,False,21.0
2024-02-05 04:00:00,80631.0,21.0,False,21.0
2024-02-05 05:00:00,80652.0,21.0,False,21.0
2024-02-05 06:00:00,80671.0,19.0,False,19.0
2024-02-05 07:00:00,80692.0,21.0,False,21.0
2024-02-05 08:00:00,80714.0,22.0,False,22.0
2024-02-05 09:00:00,80751.0,37.0,False,37.0
2024-02-05 10:00:00,80795.0,44.0,False,44.0
2024-02-05 11:00:00,80846.0,51.0,False,51.0
2024-02-05 12:00:00,80898.0,52.0,False,52.0
2024-02-05 13:00:00,80944.0,46.0,False,46.0
2024-02-05 14:00:00,80986.0,42.0,False,42.0
2024-02-05 15:00:00,81033.0,47.0,False,47.0
2024-02-05 16:00:00,81087.0,54.0,False,54.0
2024-02-05 17:00:00,81140.0,53.0,False,53.0
2024-02-05 18:00:00,81173.0,33.0,False,33.0
2024-02-05 19:00:00,81204.0,31.0,False,31.0
2024-02-05 20:00:00,81248.0,44.0,False,44.0
2024-02-05 21:00:00,81290.0,42.0,False,42.0
2024-02-05 22:00:00,81336.0,46.0,False,46.0
2024-02-05 23:00:00,81371.0,35.0,False,35.0
2024-02-06 00:00:00,81396.0,25.0,False,25.0
2024-02-06 01:00:00,81420.0,24.0,False,24.0
2024-02-06 02:00:00,81442.0,22.0,False,22.0
2024-02-06 03:00:00,81463.0,21.0,False,21.0
2024-02-06 04:00:00,81487.0,24.0,False,24.0
2024-02-06 05:00:00,81509.0,22.0,False,22.0
2024-02-06 06:00:00,81532.0,23.0,False,23.0
2024-02-06 07:00:00,81549.0,17.0,False,17.0
2024-02-06 08:00:00,81569.0,20.0,False,20.0
2024-02-06 09:00:00,81591.0,22.0,False,22.0
2024-02-06 10:00:00,81625.0,34.0,False,34.0
2024-02-06 11:00:00,81660.0,35.0,False,35.0
2024-02-06 12:00:00,81690.0,30.0,False,30.0
2024-02-06 13:00:00,81711.0,21.0,False,21.0
2024-02-06 14:00:00,81733.0,22.0,False,22.0
2024-02-06 15:00:00,81760.0,27.0,False,27.0
2024-02-06 16:00:00,81796.0,36.0,False,36.0
2024-02-06 17:00:00,81832.0,36.0,False,36.0
2024-02-06 18:00:00,81863.0,31.0,False,31.0
2024-02-06 19:00:00,81892.0,29.0,False,29.0
2024-02-06 20:00:00,81913.0,21.0,False,21.0
2024-02-06 21:00:00,81937.0,24.0,False,24.0
2024-02-06 22:00:00,81956.0,19.0,False,19.0
2024-02-06 23:00:00,81972.0,16.0,False,16.0
2024-02-07 00:00:00,81986.0,14.0,False,14.0
2024-02-07 01:00:00,81999.0,13.0,False,13.0
2024-02-07 02:00:00,82014.0,15.0,False,15.0
2024-02-07 03:00:00,82027.0,13.0,False,13.0
2024-02-07 04:00:00,82041.0,14.0,False,14.0
2024-02-07 05:00:00,82052.0,11.0,False,11.0
2024-02-07 06:00:00,82067.0,15.0,False,15.0
2024-02-07 07:00:00,82080.0,13.0,False,13.0
2024-02-07 08:00:00,82095.0,15.0,False,15.0
2024-02-07 09:00:00,82111.0,16.0,False,16.0
2024-02-07 10:00:00,82140.0,29.0,False,29.0
2024-02-07 11:00:00,82176.0,36.0,False,36.0
2024-02-07 12:00:00,82210.0,34.0,False,34.0
2024-02-07 13:00:00,82239.0,29.0,False,29.0
2024-02-07 14:00:00,82260.0,21.0,False,21.0
2024-02-07 15:00:00,82280.0,20.0,False,20.0
2024-02-07 16:00:00,82298.0,18.0,False,18.0
2024-02-07 17:00:00,82318.0,20.0,False,20.0
2024-02-07 18:00:00,82346.0,28.0,False,28.0
2024-02-07 19:00:00,82372.0,26.0,False,26.0
2024-02-07 20:00:00,82400.0,28.0,False,28.0
2024-02-07 21:00:00,82420.0,20.0,False,20.0
2024-02-07 22:00:00,82434.0,14.0,False,14.0
2024-02-07 23:00:00,82448.0,14.0,False,14.0
2024-02-08 00:00:00,82458.0,10.0,False,10.0
2024-02-08 01:00:00,82471.0,13.0,False,13.0
2024-02-08 02:00:00,82481.0,10.0,False,10.0
2024-02-08 03:00:00,82494.0,13.0,False,13.0
2024-02-08 04:00:00,82504.0,10.0,False,10.0
2024-02-08 05:00:00,82514.0,10.0,False,10.0
2024-02-08 06:00:00,82527.0,13.0,False,13.0
2024-02-08 07:00:00,82537.0,10.0,False,10.0
2024-02-08 08:00:00,82551.0,14.0,False,14.0
2024-02-08 09:00:00,82564.0,13.0,False,13.0
2024-02-08 10:00:00,82581.0,17.0,False,17.0
2024-02-08 11:00:00,82600.0,19.0,False,19.0
2024-02-08 12:00:00,82619.0,19.0,False,19.0
2024-02-08 13:00:00,82634.0,15.0,False,15.0
2024-02-08 14:00:00,82651.0,17.0,False,17.0
2024-02-08 15:00:00,82666.0,15.0,False,15.0
2024-02-08 16:00:00,82682.0,16.0,False,16.0
2024-02-08 17:00:00,82699.0,17.0,False,17.0
2024-02-08 18:00:00,82714.0,15.0,False,15.0
2024-02-08 19:00:00,82732.0,18.0,False,18.0
2024-02-08 20:00:00,82743.0,11.0,False,11.0
2024-02-08 21:00:00,82758.0,15.0,False,15.0
2024-02-08 22:00:00,82773.0,15.0,False,15.0
2024-02-08 23:00:00,82789.0,16.0,False,16.0
2024-02-09 00:00:00,82801.0,12.0,False,12.0
2024-02-09 01:00:00,82815.0,14.0,False,14.0
2024-02-09 02:00:00,82827.0,12.0,False,12.0
2024-02-09 03:00:00,82840.0,13.0,False,13.0
2024-02-09 04:00:00,82854.0,14.0,False,14.0
2024-02-09 05:00:00,82865.0,11.0,False,11.0
2024-02-09 06:00:00,82878.0,13.0,False,13.0
2024-02-09 07:00:00,82889.0,11.0,False,11.0
2024-02-09 08:00:00,82903.0,14.0,False,14.0
2024-02-09 09:00:00,82920.0,17.0,False,17.0
2024-02-09 10:00:00,82934.0,14.0,False,14.0
2024-02-09 11:00:00,82948.0,14.0,False,14.0
2024-02-09 12:00:00,82962.0,14.0,False,14.0
2024-02-09 13:00:00,82974.0,12.0,False,12.0
2024-02-09 14:00:00,82988.0,14.0,False,14.0
2024-02-09 15:00:00,82998.0,10.0,False,10.0
2024-02-09 16:00:00,83009.0,11.0,False,11.0
2024-02-09 17:00:00,83021.0,12.0,False,12.0
2024-02-09 18:00:00,83031.0,10.0,False,10.0
2024-02-09 19:00:00,83040.0,9.0,False,9.0
2024-02-09 20:00:00,83048.0,8.0,False,8.0
2024-02-09 21:00:00,83060.0,12.0,False,12.0
2024-02-09 22:00:00,83071.0,11.0,False,11.0
2024-02-09 23:00:00,83080.0,9.0,False,9.0
2024-02-10 00:00:00,83089.0,9.0,False,9.0
2024-02-10 01:00:00,83101.0,12.0,False,12.0
2024-02-10 02:00:00,83111.0,10.0,False,10.0
2024-02-10 03:00:00,83123.0,12.0,False,12.0
2024-02-10 04:00:00,83133.0,10.0,False,10.0
2024-02-10 05:00:00,83144.0,11.0,False,11.0
2024-02-10 06:00:00,83154.0,10.0,False,10.0
2024-02-10 07:00:00,83166.0,12.0,False,12.0
2024-02-10 08:00:00,83179.0,13.0,False,13.0
2024-02-10 09:00:00,83190.0,11.0,False,11.0
2024-02-10 10:00:00,83203.0,13.0,False,13.0
2024-02-10 11:00:00,83212.0,9.0,False,9.0
2024-02-10 12:00:00,83223.0,11.0,False,11.0
2024-02-10 13:00:00,83231.0,8.0,False,8.0
2024-02-10 14:00:00,83243.0,12.0,False,12.0
2024-02-10 15:00:00,83252.0,9.0,False,9.0
2024-02-10 16:00:00,83261.0,9.0,False,9.0
2024-02-10 17:00:00,83270.0,9.0,False,9.0
2024-02-10 18:00:00,83279.0,9.0,False,9.0
2024-02-10 19:00:00,83289.0,10.0,False,10.0
2024-02-10 20:00:00,83298.0,9.0,False,9.0
2024-02-10 21:00:00,83308.0,10.0,False,10.0
2024-02-10 22:00:00,83317.0,9.0,False,9.0
2024-02-10 23:00:00,83327.0,10.0,False,10.0
2024-02-11 00:00:00,83339.0,12.0,False,12.0
2024-02-11 01:00:00,83350.0,11.0,False,11.0
2024-02-11 02:00:00,83362.0,12.0,False,12.0
2024-02-11 03:00:00,83374.0,12.0,False,12.0
2024-02-11 04:00:00,83387.0,13.0,False,13.0
2024-02-11 05:00:00,83398.0,11.0,False,11.0
2024-02-11 06:00:00,83410.0,12.0,False,12.0
2024-02-11 07:00:00,83420.0,10.0,False,10.0
2024-02-11 08:00:00,83434.0,14.0,False,14.0
2024-02-11 09:00:00,83445.0,11.0,False,11.0
2024-02-11 10:00:00,83457.0,12.0,False,12.0
2024-02-11 11:00:00,83470.0,13.0,False,13.0
2024-02-11 12:00:00,83483.0,13.0,False,13.0
2024-02-11 13:00:00,83494.0,11.0,False,11.0
2024-02-11 14:00:00,83505.0,11.0,False,11.0
2024-02-11 15:00:00,83520.0,15.0,False,15.0
2024-02-11 16:00:00,83531.0,11.0,False,11.0
2024-02-11 17:00:00,83545.0,14.0,False,14.0
2024-02-11 18:00:00,83555.0,10.0,False,10.0
2024-02-11 19:00:00,83567.0,12.0,False,12.0
2024-02-11 20:00:00,83579.0,12.0,False,12.0
2024-02-11 21:00:00,83591.0,12.0,False,12.0
2024-02-11 22:00:00,83601.0,10.0,False,10.0
2024-02-11 23:00:00,83614.0,13.0,False,13.0
2024-02-12 00:00:00,83625.0,11.0,False,11.0
2024-02-12 01:00:00,83637.0,12.0,False,12.0
2024-02-12 02:00:00,83653.0,16.0,True,15.14
2024-02-12 03:00:00,83667.0,14.0,False,14.0
2024-02-12 04:00:00,83680.0,13.0,False,13.0
2024-02-12 05:00:00,83693.0,13.0,False,13.0
2024-02-12 06:00:00,83709.0,16.0,True,15.0
2024-02-12 07:00:00,83722.0,13.0,False,13.0
2024-02-12 08:00:00,83737.0,15.0,False,15.0
2024-02-12 09:00:00,83751.0,14.0,False,14.0
2024-02-12 10:00:00,83764.0,13.0,False,13.0
2024-02-12 11:00:00,83778.0,14.0,False,14.0
2024-02-12 12:00:00,83792.0,14.0,False,14.0
2024-02-12 13:00:00,83806.0,14.0,False,14.0
2024-02-12 14:00:00,83819.0,13.0,False,13.0
2024-02-12 15:00:00,83835.0,16.0,True,20.43
2024-02-12 16:00:00,83851.0,16.0,True,22.14
2024-02-12 17:00:00,83866.0,15.0,False,15.0
2024-02-12 18:00:00,83880.0,14.0,False,14.0
2024-02-12 19:00:00,83893.0,13.0,False,13.0
2024-02-12 20:00:00,83905.0,12.0,False,12.0
2024-02-12 21:00:00,83917.0,12.0,False,12.0
2024-02-12 22:00:00,83931.0,14.0,False,14.0
2024-02-12 23:00:00,83943.0,12.0,False,12.0
2024-02-13 00:00:00,83957.0,14.0,False,14.0
2024-02-13 01:00:00,83969.0,12.0,False,12.0
2024-02-13 02:00:00,83981.0,12.0,False,12.0
2024-02-13 03:00:00,83993.0,12.0,False,12.0
2024-02-13 04:00:00,84005.0,12.0,False,12.0
2024-02-13 05:00:00,84017.0,12.0,False,12.0
2024-02-13 06:00:00,84030.0,13.0,False,13.0
2024-02-13 07:00:00,84039.0,9.0,False,9.0
2024-02-13 08:00:00,84051.0,12.0,False,12.0
2024-02-13 09:00:00,84062.0,11.0,False,11.0
2024-02-13 10:00:00,84075.0,13.0,False,13.0
2024-02-13 11:00:00,84085.0,10.0,False,10.0
2024-02-13 12:00:00,84096.0,11.0,False,11.0
2024-02-13 13:00:00,84112.0,16.0,True,15.71
2024-02-13 14:00:00,84125.0,13.0,False,13.0
2024-02-13 15:00:00,84138.0,13.0,False,13.0
2024-02-13 16:00:00,84148.0,10.0,False,10.0
2024-02-13 17:00:00,84160.0,12.0,False,12.0
2024-02-13 18:00:00,84173.0,13.0,False,13.0
2024-02-13 19:00:00,84182.0,9.0,False,9.0
2024-02-13 20:00:00,84194.0,12.0,False,12.0
2024-02-13 21:00:00,84203.0,9.0,False,9.0
2024-02-13 22:00:00,84216.0,13.0,False,13.0
2024-02-13 23:00:00,84226.0,10.0,False,10.0
2024-02-14 00:00:00,84236.0,10.0,False,10.0
2024-02-14 01:00:00,84248.0,12.0,False,12.0
2024-02-14 02:00:00,84259.0,11.0,False,11.0
2024-02-14 03:00:00,84271.0,12.0,False,12.0
2024-02-14 04:00:00,84281.0,10.0,False,10.0
2024-02-14 05:00:00,84293.0,12.0,False,12.0
2024-02-14 06:00:00,84304.0,11.0,False,11.0
2024-02-14 07:00:00,84315.0,11.0,False,11.0
2024-02-14 08:00:00,84327.0,12.0,False,12.0
2024-02-14 09:00:00,84338.0,11.0,False,11.0
2024-02-14 10:00:00,84350.0,12.0,False,12.0
2024-02-14 11:00:00,84363.0,13.0,False,13.0
2024-02-14 12:00:00,84377.0,14.0,False,14.0
2024-02-14 13:00:00,84389.0,12.0,False,12.0
2024-02-14 14:00:00,84403.0,14.0,False,14.0
2024-02-14 15:00:00,84416.0,13.0,False,13.0
2024-02-14 16:00:00,84432.0,16.0,False,16.0
2024-02-14 17:00:00,84446.0,14.0,False,14.0
2024-02-14 18:00:00,84462.0,16.0,False,16.0
2024-02-14 19:00:00,84474.0,12.0,False,12.0
2024-02-14 20:00:00,84487.0,13.0,False,13.0
2024-02-14 21:00:00,84499.0,12.0,False,12.0
2024-02-14 22:00:00,84510.0,11.0,False,11.0
2024-02-14 23:00:00,84521.0,11.0,False,11.0
2024-02-15 00:00:00,84535.0,14.0,False,14.0
2024-02-15 01:00:00,84547.0,12.0,False,12.0
2024-02-15 02:00:00,84560.0,13.0,False,13.0
2024-02-15 03:00:00,84570.0,10.0,False,10.0
2024-02-15 04:00:00,84582.0,12.0,False,12.0
2024-02-15 05:00:00,84594.0,12.0,False,12.0
2024-02-15 06:00:00,84605.0,11.0,False,11.0
2024-02-15 07:00:00,84616.0,11.0,False,11.0
2024-02-15 08:00:00,84628.0,12.0,False,12.0
2024-02-15 09:00:00,84640.0,12.0,False,12.0
2024-02-15 10:00:00,84651.0,11.0,False,11.0
2024-02-15 11:00:00,84663.0,12.0,False,12.0
2024-02-15 12:00:00,84675.0,12.0,False,12.0
2024-02-15 13:00:00,84685.0,10.0,False,10.0
2024-02-15 14:00:00,84700.0,15.0,False,15.0
2024-02-15 15:00:00,84714.0,14.0,False,14.0
2024-02-15 16:00:00,84728.0,14.0,False,14.0
2024-02-15 17:00:00,84744.0,16.0,False,16.0
2024-02-15 18:00:00,84762.0,18.0,False,18.0
2024-02-15 19:00:00,84774.0,12.0,False,12.0
2024-02-15 20:00:00,84787.0,13.0,False,13.0
2024-02-15 21:00:00,84802.0,15.0,False,15.0
2024-02-15 22:00:00,84812.0,10.0,False,10.0
2024-02-15 23:00:00,84826.0,14.0,False,14.0
2024-02-16 00:00:00,84839.0,13.0,False,13.0
2024-02-16 01:00:00,84849.0,10.0,False,10.0
2024-02-16 02:00:00,84862.0,13.0,False,13.0
2024-02-16 03:00:00,84873.0,11.0,False,11.0
2024-02-16 04:00:00,84885.0,12.0,False,12.0
2024-02-16 05:00:00,84896.0,11.0,False,11.0
2024-02-16 06:00:00,84907.0,11.0,False,11.0
2024-02-16 07:00:00,84921.0,14.0,False,14.0
2024-02-16 08:00:00,84932.0,11.0,False,11.0
2024-02-16 09:00:00,84944.0,12.0,False,12.0
2024-02-16 10:00:00,84955.0,11.0,False,11.0
2024-02-16 11:00:00,84967.0,12.0,False,12.0
2024-02-16 12:00:00,84981.0,14.0,False,14.0
2024-02-16 13:00:00,84993.0,12.0,False,12.0
2024-02-16 14:00:00,85008.0,15.0,False,15.0
2024-02-16 15:00:00,85021.0,13.0,False,13.0
2024-02-16 16:00:00,85034.0,13.0,False,13.0
2024-02-16 17:00:00,85047.0,13.0,False,13.0
2024-02-16 18:00:00,85058.0,11.0,False,11.0
2024-02-16 19:00:00,85071.0,13.0,False,13.0
2024-02-16 20:00:00,85085.0,14.0,False,14.0
2024-02-16 21:00:00,85100.0,15.0,False,15.0
2024-02-16 22:00:00,85112.0,12.0,False,12.0
2024-02-16 23:00:00,85124.0,12.0,False,12.0
2024-02-17 00:00:00,85135.0,11.0,False,11.0
2024-02-17 01:00:00,85151.0,16.0,False,16.0
2024-02-17 02:00:00,85164.0,13.0,False,13.0
2024-02-17 03:00:00,85178.0,14.0,False,14.0
2024-02-17 04:00:00,85191.0,13.0,False,13.0
2024-02-17 05:00:00,85204.0,13.0,False,13.0
2024-02-17 06:00:00,85219.0,15.0,False,15.0
2024-02-17 07:00:00,85232.0,13.0,False,13.0
2024-02-17 08:00:00,85247.0,15.0,False,15.0
2024-02-17 09:00:00,85260.0,13.0,False,13.0
2024-02-17 10:00:00,85279.0,19.0,False,19.0
2024-02-17 11:00:00,85297.0,18.0,False,18.0
2024-02-17 12:00:00,85322.0,25.0,False,25.0
2024-02-17 13:00:00,85344.0,22.0,False,22.0
2024-02-17 14:00:00,85367.0,23.0,False,23.0
2024-02-17 15:00:00,85392.0,25.0,False,25.0
2024-02-17 16:00:00,85424.0,32.0,False,32.0
2024-02-17 17:00:00,85454.0,30.0,False,30.0
2024-02-17 18:00:00,85483.0,29.0,False,29.0
2024-02-17 19:00:00,85506.0,23.0,False,23.0
2024-02-17 20:00:00,85531.0,25.0,False,25.0
2024-02-17 21:00:00,85557.0,26.0,False,26.0
2024-02-17 22:00:00,85586.0,29.0,False,29.0
2024-02-17 23:00:00,85615.0,29.0,False,29.0
2024-02-18 00:00:00,85636.0,21.0,False,21.0
2024-02-18 01:00:00,85657.0,21.0,False,21.0
2024-02-18 02:00:00,85676.0,19.0,False,19.0
2024-02-18 03:00:00,85699.0,23.0,False,23.0
2024-02-18 04:00:00,85723.0,24.0,False,24.0
2024-02-18 05:00:00,85744.0,21.0,False,21.0
2024-02-18 06:00:00,85770.0,26.0,False,26.0
2024-02-18 07:00:00,85792.0,22.0,False,22.0
2024-02-18 08:00:00,85819.0,27.0,False,27.0
2024-02-18 09:00:00,85837.0,18.0,False,18.0
2024-02-18 10:00:00,85866.0,29.0,False,29.0
2024-02-18 11:00:00,85896.0,30.0,False,30.0
2024-02-18 12:00:00,85921.0,25.0,False,25.0
2024-02-18 13:00:00,85950.0,29.0,False,29.0
2024-02-18 14:00:00,85978.0,28.0,False,28.0
2024-02-18 15:00:00,86011.0,33.0,False,33.0
2024-02-18 16:00:00,86052.0,41.0,False,41.0
2024-02-18 17:00:00,86097.0,45.0,False,45.0
2024-02-18 18:00:00,86143.0,46.0,False,46.0
2024-02-18 19:00:00,86183.0,40.0,False,40.0
2024-02-18 20:00:00,86220.0,37.0,False,37.0
2024-02-18 21:00:00,86258.0,38.0,False,38.0
2024-02-18 22:00:00,86295.0,37.0,False,37.0
2024-02-18 23:00:00,86327.0,32.0,False,32.0
2024-02-19 00:00:00,86353.0,26.0,False,26.0
2024-02-19 01:00:00,86373.0,20.0,False,20.0
2024-02-19 02:00:00,86393.0,20.0,False,20.0
2024-02-19 03:00:00,86411.0,18.0,False,18.0
2024-02-19 04:00:00,86431.0,20.0,False,20.0
2024-02-19 05:00:00,86450.0,19.0,False,19.0
2024-02-19 06:00:00,86472.0,22.0,False,22.0
2024-02-19 07:00:00,86493.0,21.0,False,21.0
2024-02-19 08:00:00,86513.0,20.0,False,20.0
2024-02-19 09:00:00,86545.0,32.0,False,32.0
2024-02-19 10:00:00,86583.0,38.0,False,38.0
2024-02-19 11:00:00,86630.0,47.0,False,47.0
2024-02-19 12:00:00,86681.0,51.0,False,51.0
2024-02-19 13:00:00,86724.0,43.0,False,43.0
2024-02-19 14:00:00,86759.0,35.0,False,35.0
2024-02-19 15:00:00,86794.0,35.0,False,35.0
2024-02-19 16:00:00,86833.0,39.0,False,39.0
2024-02-19 17:00:00,86876.0,43.0,False,43.0
2024-02-19 18:00:00,86922.0,46.0,False,46.0
2024-02-19 19:00:00,86956.0,34.0,False,34.0
2024-02-19 20:00:00,86987.0,31.0,False,31.0
2024-02-19 21:00:00,87024.0,37.0,False,37.0
2024-02-19 22:00:00,87057.0,33.0,False,33.0
2024-02-19 23:00:00,87086.0,29.0,False,29.0
2024-02-20 00:00:00,87116.0,30.0,False,30.0
2024-02-20 01:00:00,87148.0,32.0,False,32.0
2024-02-20 02:00:00,87178.0,30.0,False,30.0
2024-02-20 03:00:00,87206.0,28.0,False,28.0
2024-02-20 04:00:00,87230.0,24.0,False,24.0
2024-02-20 05:00:00,87255.0,25.0,False,25.0
2024-02-20 06:00:00,87283.0,28.0,False,28.0
2024-02-20 07:00:00,87312.0,29.0,False,29.0
2024-02-20 08:00:00,87340.0,28.0,False,28.0
2024-02-20 09:00:00,87382.0,42.0,False,42.0
2024-02-20 10:00:00,87440.0,58.0,False,58.0
2024-02-20 11:00:00,87494.0,54.0,False,54.0
2024-02-20 12:00:00,87545.0,51.0,False,51.0
2024-02-20 13:00:00,87587.0,42.0,False,42.0
2024-02-20 14:00:00,87636.0,49.0,False,49.0
2024-02-20 15:00:00,87693.0,57.0,False,57.0
2024-02-20 16:00:00,87752.0,59.0,False,59.0
2024-02-20 17:00:00,87808.0,56.0,False,56.0
2024-02-20 18:00:00,87862.0,54.0,False,54.0
2024-02-20 19:00:00,87904.0,42.0,False,42.0
2024-02-20 20:00:00,87944.0,40.0,False,40.0
2024-02-20 21:00:00,87990.0,46.0,False,46.0
2024-02-20 22:00:00,88032.0,42.0,False,42.0
2024-02-20 23:00:00,88061.0,29.0,False,29.0
2024-02-21 00:00:00,88088.0,27.0,False,27.0
2024-02-21 01:00:00,88121.0,33.0,False,33.0
2024-02-21 02:00:00,88153.0,32.0,False,32.0
2024-02-21 03:00:00,88178.0,25.0,False,25.0
2024-02-21 04:00:00,88206.0,28.0,False,28.0
2024-02-21 05:00:00,88235.0,29.0,False,29.0
2024-02-21 06:00:00,88264.0,29.0,False,29.0
2024-02-21 07:00:00,88298.0,34.0,False,34.0
2024-02-21 08:00:00,88327.0,29.0,False,29.0
2024-02-21 09:00:00,88364.0,37.0,False,37.0
2024-02-21 10:00:00,88415.0,51.0,False,51.0
2024-02-21 11:00:00,88473.0,58.0,False,58.0
2024-02-21 12:00:00,88532.0,59.0,False,59.0
2024-02-21 13:00:00,88589.0,57.0,False,57.0
2024-02-21 14:00:00,88645.0,56.0,False,56.0
2024-02-21 15:00:00,88707.0,62.0,False,62.0
2024-02-21 16:00:00,88780.0,73.0,True,30.57
2024-02-21 17:00:00,88852.0,72.0,True,31.0
2024-02-21 18:00:00,88929.0,77.0,True,31.43
2024-02-21 19:00:00,88990.0,61.0,False,61.0
2024-02-21 20:00:00,89040.0,50.0,False,50.0
2024-02-21 21:00:00,89088.0,48.0,False,48.0
2024-02-21 22:00:00,89142.0,54.0,False,54.0
2024-02-21 23:00:00,89185.0,43.0,False,43.0
2024-02-22 00:00:00,89216.0,31.0,False,31.0
2024-02-22 01:00:00,89243.0,27.0,False,27.0
2024-02-22 02:00:00,89273.0,30.0,False,30.0
2024-02-22 03:00:00,89300.0,27.0,False,27.0
2024-02-22 04:00:00,89325.0,25.0,False,25.0
2024-02-22 05:00:00,89349.0,24.0,False,24.0
2024-02-22 06:00:00,89375.0,26.0,False,26.0
2024-02-22 07:00:00,89404.0,29.0,False,29.0
2024-02-22 08:00:00,89432.0,28.0,False,28.0
2024-02-22 09:00:00,89476.0,44.0,False,44.0
2024-02-22 10:00:00,89549.0,73.0,False,73.0
2024-02-22 11:00:00,89621.0,72.0,False,72.0
2024-02-22 12:00:00,89690.0,69.0,False,69.0
2024-02-22 13:00:00,89756.0,66.0,False,66.0
2024-02-22 14:00:00,89828.0,72.0,False,72.0
2024-02-22 15:00:00,89900.0,72.0,False,72.0
2024-02-22 16:00:00,89978.0,78.0,False,78.0
2024-02-22 17:00:00,90060.0,82.0,True,33.83
2024-02-22 18:00:00,90135.0,75.0,False,75.0
2024-02-22 19:00:00,90192.0,57.0,False,57.0
2024-02-22 20:00:00,90252.0,60.0,False,60.0
2024-02-22 21:00:00,90314.0,62.0,False,62.0
2024-02-22 22:00:00,90362.0,48.0,False,48.0
2024-02-22 23:00:00,90398.0,36.0,False,36.0
2024-02-23 00:00:00,90432.0,34.0,False,34.0
2024-02-23 01:00:00,90460.0,28.0,False,28.0
2024-02-23 02:00:00,90494.0,34.0,False,34.0
2024-02-23 03:00:00,90522.0,28.0,False,28.0
2024-02-23 04:00:00,90546.0,24.0,False,24.0
2024-02-23 05:00:00,90570.0,24.0,False,24.0
2024-02-23 06:00:00,90594.0,24.0,False,24.0
2024-02-23 07:00:00,90622.0,28.0,False,28.0
2024-02-23 08:00:00,90653.0,31.0,False,31.0
2024-02-23 09:00:00,90708.0,55.0,False,55.0
2024-02-23 10:00:00,90776.0,68.0,False,68.0
2024-02-23 11:00:00,90854.0,78.0,False,78.0
2024-02-23 12:00:00,90934.0,80.0,False,80.0
2024-02-23 13:00:00,91003.0,69.0,False,69.0
2024-02-23 14:00:00,91083.0,80.0,False,80.0
2024-02-23 15:00:00,91169.0,86.0,False,86.0
2024-02-23 16:00:00,91246.0,77.0,False,77.0
2024-02-23 17:00:00,91325.0,79.0,False,79.0
2024-02-23 18:00:00,91398.0,73.0,False,73.0
2024-02-23 19:00:00,91459.0,61.0,False,61.0
2024-02-23 20:00:00,91509.0,50.0,False,50.0
2024-02-23 21:00:00,91569.0,60.0,False,60.0
2024-02-23 22:00:00,91628.0,59.0,False,59.0
2024-02-23 23:00:00,91670.0,42.0,False,42.0
2024-02-24 00:00:00,91700.0,30.0,False,30.0
2024-02-24 01:00:00,91729.0,29.0,False,29.0
2024-02-24 02:00:00,91756.0,27.0,False,27.0
2024-02-24 03:00:00,91786.0,30.0,False,30.0
2024-02-24 04:00:00,91814.0,28.0,False,28.0
2024-02-24 05:00:00,91845.0,31.0,False,31.0
2024-02-24 06:00:00,91875.0,30.0,False,30.0
2024-02-24 07:00:00,91903.0,28.0,False,28.0
2024-02-24 08:00:00,91931.0,28.0,False,28.0
2024-02-24 09:00:00,91973.0,42.0,False,42.0
2024-02-24 10:00:00,92032.0,59.0,False,59.0
2024-02-24 11:00:00,92092.0,60.0,False,60.0
2024-02-24 12:00:00,92148.0,56.0,False,56.0
2024-02-24 13:00:00,92195.0,47.0,False,47.0
2024-02-24 14:00:00,92242.0,47.0,False,47.0
2024-02-24 15:00:00,92299.0,57.0,False,57.0
2024-02-24 16:00:00,92353.0,54.0,False,54.0
2024-02-24 17:00:00,92402.0,49.0,False,49.0
2024-02-24 18:00:00,92456.0,54.0,False,54.0
2024-02-24 19:00:00,92512.0,56.0,False,56.0
2024-02-24 20:00:00,92560.0,48.0,False,48.0
2024-02-24 21:00:00,92607.0,47.0,False,47.0
2024-02-24 22:00:00,92649.0,42.0,False,42.0
2024-02-24 23:00:00,92685.0,36.0,False,36.0
2024-02-25 00:00:00,92717.0,32.0,False,32.0
2024-02-25 01:00:00,92751.0,34.0,False,34.0
2024-02-25 02:00:00,92786.0,35.0,False,35.0
2024-02-25 03:00:00,92822.0,36.0,False,36.0
2024-02-25 04:00:00,92858.0,36.0,False,36.0
2024-02-25 05:00:00,92890.0,32.0,False,32.0
2024-02-25 06:00:00,92919.0,29.0,False,29.0
2024-02-25 07:00:00,92949.0,30.0,False,30.0
2024-02-25 08:00:00,92980.0,31.0,False,31.0
2024-02-25 09:00:00,93021.0,41.0,False,41.0
2024-02-25 10:00:00,93074.0,53.0,False,53.0
2024-02-25 11:00:00,93124.0,50.0,False,50.0
2024-02-25 12:00:00,93167.0,43.0,False,43.0
2024-02-25 13:00:00,93205.0,38.0,False,38.0
2024-02-25 14:00:00,93243.0,38.0,False,38.0
2024-02-25 15:00:00,93293.0,50.0,False,50.0
2024-02-25 16:00:00,93348.0,55.0,False,55.0
2024-02-25 17:00:00,93402.0,54.0,False,54.0
2024-02-25 18:00:00,93448.0,46.0,False,46.0
2024-02-25 19:00:00,93492.0,44.0,False,44.0
2024-02-25 20:00:00,93543.0,51.0,False,51.0
2024-02-25 21:00:00,93593.0,50.0,False,50.0
2024-02-25 22:00:00,93647.0,54.0,False,54.0
2024-02-25 23:00:00,93690.0,43.0,False,43.0
2024-02-26 00:00:00,93728.0,38.0,False,38.0
2024-02-26 01:00:00,93759.0,31.0,False,31.0
2024-02-26 02:00:00,93790.0,31.0,False,31.0
2024-02-26 03:00:00,93823.0,33.0,False,33.0
2024-02-26 04:00:00,93855.0,32.0,False,32.0
2024-02-26 05:00:00,93886.0,31.0,False,31.0
2024-02-26 06:00:00,93914.0,28.0,False,28.0
2024-02-26 07:00:00,93944.0,30.0,False,30.0
2024-02-26 08:00:00,93974.0,30.0,False,30.0
2024-02-26 09:00:00,94033.0,59.0,False,59.0
2024-02-26 10:00:00,94109.0,76.0,False,76.0
2024-02-26 11:00:00,94191.0,82.0,False,82.0
2024-02-26 12:00:00,94266.0,75.0,False,75.0
2024-02-26 13:00:00,94325.0,59.0,False,59.0
2024-02-26 14:00:00,94388.0,63.0,False,63.0
2024-02-26 15:00:00,94477.0,89.0,False,89.0
2024-02-26 16:00:00,94582.0,105.0,False,105.0
2024-02-26 17:00:00,94684.0,102.0,False,102.0
2024-02-26 18:00:00,94776.0,92.0,False,92.0
2024-02-26 19:00:00,94859.0,83.0,False,83.0
2024-02-26 20:00:00,94924.0,65.0,False,65.0
2024-02-26 21:00:00,94990.0,66.0,False,66.0
2024-02-26 22:00:00,95054.0,64.0,False,64.0
2024-02-26 23:00:00,95109.0,55.0,False,55.0
2024-02-27 00:00:00,95153.0,44.0,False,44.0
2024-02-27 01:00:00,95186.0,33.0,False,33.0
2024-02-27 02:00:00,95215.0,29.0,False,29.0
2024-02-27 03:00:00,95243.0,28.0,False,28.0
2024-02-27 04:00:00,95279.0,36.0,False,36.0
2024-02-27 05:00:00,95313.0,34.0,False,34.0
2024-02-27 06:00:00,95343.0,30.0,False,30.0
2024-02-27 07:00:00,95369.0,26.0,False,26.0
2024-02-27 08:00:00,95397.0,28.0,False,28.0
2024-02-27 09:00:00,95460.0,63.0,False,63.0
2024-02-27 10:00:00,95551.0,91.0,False,91.0
2024-02-27 11:00:00,95642.0,91.0,False,91.0
2024-02-27 12:00:00,95721.0,79.0,False,79.0
2024-02-27 13:00:00,95776.0,55.0,False,55.0
2024-02-27 14:00:00,95832.0,56.0,False,56.0
2024-02-27 15:00:00,95904.0,72.0,False,72.0
2024-02-27 16:00:00,95989.0,85.0,False,85.0
2024-02-27 17:00:00,96077.0,88.0,False,88.0
2024-02-27 18:00:00,96168.0,91.0,False,91.0
2024-02-27 19:00:00,96247.0,79.0,False,79.0
2024-02-27 20:00:00,,,False,52.0
2024-02-27 21:00:00,,,False,54.14
2024-02-27 22:00:00,,,False,51.86
2024-02-27 23:00:00,,,False,40.57
2024-02-28 00:00:00,,,False,33.71
2024-02-28 01:00:00,,,False,30.71
2024-02-28 02:00:00,,,False,31.14
2024-02-28 03:00:00,,,False,29.57
2024-02-28 04:00:00,,,False,29.86
2024-02-28 05:00:00,,,False,29.29
2024-02-28 06:00:00,,,False,28.0
2024-02-28 07:00:00,,,False,29.29
2024-02-28 08:00:00,,,False,29.29
2024-02-28 09:00:00,,,False,48.71
2024-02-28 10:00:00,,,False,67.29
2024-02-28 11:00:00,,,False,70.14
2024-02-28 12:00:00,97030.0,,False,65.86
2024-02-28 13:00:00,97087.0,57.0,False,57.0
2024-02-28 14:00:00,97148.0,61.0,False,61.0
2024-02-28 15:00:00,97226.0,78.0,False,78.0
2024-02-28 16:00:00,97309.0,83.0,False,83.0
2024-02-28 17:00:00,97391.0,82.0,False,82.0
2024-02-28 18:00:00,97465.0,74.0,False,74.0
2024-02-28 19:00:00,97521.0,56.0,False,56.0
2024-02-28 20:00:00,97584.0,63.0,False,63.0
2024-02-28 21:00:00,97643.0,59.0,False,59.0
2024-02-28 22:00:00,97696.0,53.0,False,53.0
2024-02-28 23:00:00,97752.0,56.0,False,56.0
2024-02-29 00:00:00,97799.0,47.0,False,47.0
2024-02-29 01:00:00,97835.0,36.0,False,36.0
2024-02-29 02:00:00,97867.0,32.0,False,32.0
2024-02-29 03:00:00,97897.0,30.0,False,30.0
2024-02-29 04:00:00,97928.0,31.0,False,31.0
2024-02-29 05:00:00,97961.0,33.0,False,33.0
2024-02-29 06:00:00,97996.0,35.0,False,35.0
2024-02-29 07:00:00,98024.0,28.0,False,28.0
2024-02-29 08:00:00,98054.0,30.0,False,30.0
2024-02-29 09:00:00,98119.0,65.0,False,65.0
2024-02-29 10:00:00,98190.0,71.0,False,71.0
2024-02-29 11:00:00,98277.0,87.0,False,87.0
2024-02-29 12:00:00,98359.0,82.0,False,82.0
2024-02-29 13:00:00,98423.0,64.0,False,64.0
2024-02-29 14:00:00,98492.0,69.0,False,69.0
2024-02-29 15:00:00,98573.0,81.0,False,81.0
2024-02-29 16:00:00,98665.0,92.0,False,92.0
2024-02-29 17:00:00,98760.0,95.0,False,95.0
2024-02-29 18:00:00,98848.0,88.0,False,88.0
2024-02-29 19:00:00,98922.0,74.0,False,74.0
2024-02-29 20:00:00,98983.0,61.0,False,61.0
2024-02-29 21:00:00,99040.0,57.0,False,57.0
2024-02-29 22:00:00,99092.0,52.0,False,52.0
2024-02-29 23:00:00,99142.0,50.0,False,50.0
2024-03-01 00:00:00,99180.0,38.0,False,38.0
2024-03-01 01:00:00,99210.0,30.0,False,30.0
2024-03-01 02:00:00,99238.0,28.0,False,28.0
2024-03-01 03:00:00,99269.0,31.0,False,31.0
2024-03-01 04:00:00,99297.0,28.0,False,28.0
2024-03-01 05:00:00,99328.0,31.0,False,31.0
2024-03-01 06:00:00,99361.0,33.0,False,33.0
2024-03-01 07:00:00,99391.0,30.0,False,30.0
2024-03-01 08:00:00,99414.0,23.0,False,23.0
2024-03-01 09:00:00,99460.0,46.0,False,46.0
2024-03-01 10:00:00,99531.0,71.0,False,71.0
2024-03-01 11:00:00,99626.0,95.0,False,95.0
2024-03-01 12:00:00,99720.0,94.0,False,94.0
2024-03-01 13:00:00,99797.0,77.0,False,77.0
2024-03-01 14:00:00,99873.0,76.0,False,76.0
2024-03-01 15:00:00,99966.0,93.0,False,93.0
2024-03-01 16:00:00,100060.0,94.0,False,94.0
2024-03-01 17:00:00,100145.0,85.0,False,85.0
2024-03-01 18:00:00,100225.0,80.0,False,80.0
2024-03-01 19:00:00,100283.0,58.0,False,58.0
2024-03-01 20:00:00,100339.0,56.0,False,56.0
2024-03-01 21:00:00,100396.0,57.0,False,57.0
2024-03-01 22:00:00,100442.0,46.0,False,46.0
2024-03-01 23:00:00,100485.0,43.0,False,43.0
2024-03-02 00:00:00,100530.0,45.0,False,45.0
2024-03-02 01:00:00,100567.0,37.0,False,37.0
2024-03-02 02:00:00,100600.0,33.0,False,33.0
2024-03-02 03:00:00,100629.0,29.0,False,29.0
2024-03-02 04:00:00,100661.0,32.0,False,32.0
2024-03-02 05:00:00,100692.0,31.0,False,31.0
2024-03-02 06:00:00,100725.0,33.0,False,33.0
2024-03-02 07:00:00,100756.0,31.0,False,31.0
2024-03-02 08:00:00,100790.0,34.0,False,34.0
2024-03-02 09:00:00,100830.0,40.0,False,40.0
2024-03-02 10:00:00,100878.0,48.0,False,48.0
2024-03-02 11:00:00,100926.0,48.0,False,48.0
2024-03-02 12:00:00,100982.0,56.0,False,56.0
2024-03-02 13:00:00,101030.0,48.0,False,48.0
2024-03-02 14:00:00,101078.0,48.0,False,48.0
2024-03-02 15:00:00,101125.0,47.0,False,47.0
2024-03-02 16:00:00,101179.0,54.0,False,54.0
2024-03-02 17:00:00,101241.0,62.0,False,62.0
2024-03-02 18:00:00,101300.0,59.0,False,59.0
2024-03-02 19:00:00,101350.0,50.0,False,50.0
2024-03-02 20:00:00,101397.0,47.0,False,47.0
2024-03-02 21:00:00,101451.0,54.0,False,54.0
2024-03-02 22:00:00,101499.0,48.0,False,48.0
2024-03-02 23:00:00,101540.0,41.0,False,41.0
2024-03-03 00:00:00,101582.0,42.0,False,42.0
2024-03-03 01:00:00,101619.0,37.0,False,37.0
2024-03-03 02:00:00,101653.0,34.0,False,34.0
2024-03-03 03:00:00,101677.0,24.0,False,24.0
2024-03-03 04:00:00,101704.0,27.0,False,27.0
2024-03-03 05:00:00,101730.0,26.0,False,26.0
2024-03-03 06:00:00,101760.0,30.0,False,30.0
2024-03-03 07:00:00,101788.0,28.0,False,28.0
2024-03-03 08:00:00,101816.0,28.0,False,28.0
2024-03-03 09:00:00,101845.0,29.0,False,29.0
2024-03-03 10:00:00,101888.0,43.0,False,43.0
2024-03-03 11:00:00,101935.0,47.0,False,47.0
2024-03-03 12:00:00,101988.0,53.0,False,53.0
2024-03-03 13:00:00,102035.0,47.0,False,47.0
2024-03-03 14:00:00,102078.0,43.0,False,43.0
2024-03-03 15:00:00,102124.0,46.0,False,46.0
2024-03-03 16:00:00,102173.0,49.0,False,49.0
2024-03-03 17:00:00,102219.0,46.0,False,46.0
2024-03-03 18:00:00,102266.0,47.0,False,47.0
2024-03-03 19:00:00,102316.0,50.0,False,50.0
2024-03-03 20:00:00,102369.0,53.0,False,53.0
2024-03-03 21:00:00,102424.0,55.0,False,55.0
2024-03-03 22:00:00,102473.0,49.0,False,49.0
2024-03-03 23:00:00,102518.0,45.0,False,45.0
2024-03-04 00:00:00,102557.0,39.0,False,39.0
2024-03-04 01:00:00,102595.0,38.0,False,38.0
2024-03-04 02:00:00,102626.0,31.0,False,31.0
2024-03-04 03:00:00,102657.0,31.0,False,31.0
2024-03-04 04:00:00,102688.0,31.0,False,31.0
2024-03-04 05:00:00,102720.0,32.0,False,32.0
2024-03-04 06:00:00,102753.0,33.0,False,33.0
2024-03-04 07:00:00,102789.0,36.0,False,36.0
2024-03-04 08:00:00,102822.0,33.0,False,33.0
2024-03-04 09:00:00,102867.0,45.0,False,45.0
2024-03-04 10:00:00,102923.0,56.0,False,56.0
2024-03-04 11:00:00,102988.0,65.0,False,65.0
2024-03-04 12:00:00,103052.0,64.0,False,64.0
2024-03-04 13:00:00,103107.0,55.0,False,55.0
2024-03-04 14:00:00,103167.0,60.0,False,60.0
2024-03-04 15:00:00,103228.0,61.0,False,61.0
2024-03-04 16:00:00,103293.0,65.0,False,65.0
2024-03-04 17:00:00,103359.0,66.0,False,66.0
2024-03-04 18:00:00,103423.0,64.0,False,64.0
2024-03-04 19:00:00,103490.0,67.0,False,67.0
2024-03-04 20:00:00,103557.0,67.0,False,67.0
2024-03-04 21:00:00,103621.0,64.0,False,64.0
2024-03-04 22:00:00,103668.0,47.0,False,47.0
2024-03-04 23:00:00,103711.0,43.0,False,43.0
2024-03-05 00:00:00,103748.0,37.0,False,37.0
2024-03-05 01:00:00,103785.0,37.0,False,37.0
2024-03-05 02:00:00,103820.0,35.0,False,35.0
2024-03-05 03:00:00,103849.0,29.0,False,29.0
2024-03-05 04:00:00,103877.0,28.0,False,28.0
2024-03-05 05:00:00,103904.0,27.0,False,27.0
2024-03-05 06:00:00,103930.0,26.0,False,26.0
2024-03-05 07:00:00,103963.0,33.0,False,33.0
2024-03-05 08:00:00,103997.0,34.0,False,34.0
2024-03-05 09:00:00,104047.0,50.0,False,50.0
2024-03-05 10:00:00,104108.0,61.0,False,61.0
2024-03-05 11:00:00,104189.0,81.0,False,81.0
2024-03-05 12:00:00,104264.0,75.0,False,75.0
2024-03-05 13:00:00,104330.0,66.0,False,66.0
2024-03-05 14:00:00,104399.0,69.0,False,69.0
2024-03-05 15:00:00,,,False,68.29
2024-03-05 16:00:00,104552.0,,False,74.57
2024-03-05 17:00:00,104628.0,76.0,False,76.0
2024-03-05 18:00:00,104690.0,62.0,False,62.0
2024-03-05 19:00:00,104738.0,48.0,False,48.0
2024-03-05 20:00:00,104785.0,47.0,False,47.0
2024-03-05 21:00:00,104834.0,49.0,False,49.0
2024-03-05 22:00:00,104886.0,52.0,False,52.0
2024-03-05 23:00:00,104924.0,38.0,False,38.0
2024-03-06 00:00:00,104959.0,35.0,False,35.0
2024-03-06 01:00:00,104990.0,31.0,False,31.0
2024-03-06 02:00:00,105016.0,26.0,False,26.0
2024-03-06 03:00:00,105039.0,23.0,False,23.0
2024-03-06 04:00:00,105060.0,21.0,False,21.0
2024-03-06 05:00:00,105084.0,24.0,False,24.0
2024-03-06 06:00:00,105107.0,23.0,False,23.0
2024-03-06 07:00:00,105129.0,22.0,False,22.0
2024-03-06 08:00:00,105156.0,27.0,False,27.0
2024-03-06 09:00:00,105201.0,45.0,False,45.0
2024-03-06 10:00:00,105259.0,58.0,False,58.0
2024-03-06 11:00:00,105321.0,62.0,False,62.0
2024-03-06 12:00:00,105383.0,62.0,False,62.0
2024-03-06 13:00:00,105429.0,46.0,False,46.0
2024-03-06 14:00:00,105483.0,54.0,False,54.0
2024-03-06 15:00:00,105538.0,55.0,False,55.0
2024-03-06 16:00:00,105597.0,59.0,False,59.0
2024-03-06 17:00:00,105652.0,55.0,False,55.0
2024-03-06 18:00:00,105705.0,53.0,False,53.0
2024-03-06 19:00:00,105760.0,55.0,False,55.0
2024-03-06 20:00:00,105812.0,52.0,False,52.0
2024-03-06 21:00:00,105865.0,53.0,False,53.0
2024-03-06 22:00:00,105910.0,45.0,False,45.0
2024-03-06 23:00:00,105941.0,31.0,False,31.0
2024-03-07 00:00:00,105974.0,33.0,False,33.0
2024-03-07 01:00:00,106001.0,27.0,False,27.0
2024-03-07 02:00:00,106028.0,27.0,False,27.0
2024-03-07 03:00:00,106053.0,25.0,False,25.0
2024-03-07 04:00:00,106083.0,30.0,False,30.0
2024-03-07 05:00:00,106110.0,27.0,False,27.0
2024-03-07 06:00:00,106138.0,28.0,False,28.0
2024-03-07 07:00:00,106164.0,26.0,False,26.0
2024-03-07 08:00:00,106192.0,28.0,False,28.0
2024-03-07 09:00:00,106230.0,38.0,False,38.0
2024-03-07 10:00:00,106275.0,45.0,False,45.0
2024-03-07 11:00:00,106334.0,59.0,False,59.0
2024-03-07 12:00:00,106397.0,63.0,False,63.0
2024-03-07 13:00:00,106455.0,58.0,False,58.0
2024-03-07 14:00:00,106514.0,59.0,False,59.0
2024-03-07 15:00:00,106583.0,69.0,False,69.0
2024-03-07 16:00:00,106644.0,61.0,False,61.0
2024-03-07 17:00:00,106701.0,57.0,False,57.0
2024-03-07 18:00:00,106757.0,56.0,False,56.0
2024-03-07 19:00:00,106801.0,44.0,False,44.0
2024-03-07 20:00:00,106854.0,53.0,False,53.0
2024-03-07 21:00:00,106898.0,44.0,False,44.0
2024-03-07 22:00:00,106936.0,38.0,False,38.0
2024-03-07 23:00:00,106973.0,37.0,False,37.0
2024-03-08 00:00:00,107004.0,31.0,False,31.0
2024-03-08 01:00:00,107036.0,32.0,False,32.0
2024-03-08 02:00:00,107064.0,28.0,False,28.0
2024-03-08 03:00:00,107088.0,24.0,False,24.0
2024-03-08 04:00:00,107111.0,23.0,False,23.0
2024-03-08 05:00:00,107133.0,22.0,False,22.0
2024-03-08 06:00:00,107157.0,24.0,False,24.0
2024-03-08 07:00:00,107183.0,26.0,False,26.0
2024-03-08 08:00:00,107210.0,27.0,False,27.0
2024-03-08 09:00:00,107253.0,43.0,False,43.0
2024-03-08 10:00:00,107313.0,60.0,False,60.0
2024-03-08 11:00:00,107380.0,67.0,False,67.0
2024-03-08 12:00:00,107445.0,65.0,False,65.0
2024-03-08 13:00:00,107496.0,51.0,False,51.0
2024-03-08 14:00:00,107549.0,53.0,False,53.0
2024-03-08 15:00:00,107600.0,51.0,False,51.0
2024-03-08 16:00:00,107651.0,51.0,False,51.0
2024-03-08 17:00:00,107698.0,47.0,False,47.0
2024-03-08 18:00:00,107745.0,47.0,False,47.0
2024-03-08 19:00:00,107789.0,44.0,False,44.0
2024-03-08 20:00:00,107834.0,45.0,False,45.0
2024-03-08 21:00:00,107885.0,51.0,False,51.0
2024-03-08 22:00:00,107932.0,47.0,False,47.0
2024-03-08 23:00:00,107974.0,42.0,False,42.0
2024-03-09 00:00:00,108007.0,33.0,False,33.0
2024-03-09 01:00:00,108050.0,43.0,False,43.0
2024-03-09 02:00:00,108083.0,33.0,False,33.0
2024-03-09 03:00:00,108118.0,35.0,False,35.0
2024-03-09 04:00:00,108148.0,30.0,False,30.0
2024-03-09 05:00:00,108178.0,30.0,False,30.0
2024-03-09 06:00:00,108211.0,33.0,False,33.0
2024-03-09 07:00:00,108238.0,27.0,False,27.0
2024-03-09 08:00:00,108272.0,34.0,False,34.0
2024-03-09 09:00:00,108310.0,38.0,False,38.0
2024-03-09 10:00:00,108353.0,43.0,False,43.0
2024-03-09 11:00:00,108397.0,44.0,False,44.0
2024-03-09 12:00:00,108437.0,40.0,False,40.0
2024-03-09 13:00:00,108474.0,37.0,False,37.0
2024-03-09 14:00:00,108517.0,43.0,False,43.0
2024-03-09 15:00:00,108564.0,47.0,False,47.0
2024-03-09 16:00:00,108604.0,40.0,False,40.0
2024-03-09 17:00:00,108641.0,37.0,False,37.0
2024-03-09 18:00:00,108679.0,38.0,False,38.0
2024-03-09 19:00:00,108714.0,35.0,False,35.0
2024-03-09 20:00:00,108748.0,34.0,False,34.0
2024-03-09 21:00:00,108784.0,36.0,False,36.0
2024-03-09 22:00:00,108820.0,36.0,False,36.0
2024-03-09 23:00:00,108852.0,32.0,False,32.0
2024-03-10 00:00:00,108883.0,31.0,False,31.0
2024-03-10 01:00:00,108911.0,28.0,False,28.0
2024-03-10 02:00:00,108940.0,29.0,False,29.0
2024-03-10 03:00:00,108974.0,34.0,False,34.0
2024-03-10 04:00:00,109013.0,39.0,False,39.0
2024-03-10 05:00:00,109049.0,36.0,False,36.0
2024-03-10 06:00:00,109077.0,28.0,False,28.0
2024-03-10 07:00:00,109104.0,27.0,False,27.0
2024-03-10 08:00:00,109132.0,28.0,False,28.0
2024-03-10 09:00:00,109168.0,36.0,False,36.0
2024-03-10 10:00:00,109211.0,43.0,False,43.0
2024-03-10 11:00:00,109252.0,41.0,False,41.0
2024-03-10 12:00:00,109293.0,41.0,False,41.0
2024-03-10 13:00:00,109327.0,34.0,False,34.0
2024-03-10 14:00:00,109365.0,38.0,False,38.0
2024-03-10 15:00:00,109405.0,40.0,False,40.0
2024-03-10 16:00:00,109453.0,48.0,False,48.0
2024-03-10 17:00:00,109501.0,48.0,False,48.0
2024-03-10 18:00:00,109545.0,44.0,False,44.0
2024-03-10 19:00:00,109596.0,51.0,False,51.0
2024-03-10 20:00:00,109646.0,50.0,False,50.0
2024-03-10 21:00:00,109695.0,49.0,False,49.0
2024-03-10 22:00:00,109740.0,45.0,False,45.0
2024-03-10 23:00:00,109777.0,37.0,False,37.0
2024-03-11 00:00:00,109807.0,30.0,False,30.0
2024-03-11 01:00:00,109836.0,29.0,False,29.0
2024-03-11 02:00:00,109861.0,25.0,False,25.0
2024-03-11 03:00:00,109885.0,24.0,False,24.0
2024-03-11 04:00:00,109908.0,23.0,False,23.0
2024-03-11 05:00:00,109929.0,21.0,False,21.0
2024-03-11 06:00:00,109950.0,21.0,False,21.0
2024-03-11 07:00:00,109971.0,21.0,False,21.0
2024-03-11 08:00:00,110002.0,31.0,False,31.0
2024-03-11 09:00:00,110043.0,41.0,False,41.0
2024-03-11 10:00:00,110100.0,57.0,False,57.0
2024-03-11 11:00:00,110156.0,56.0,False,56.0
2024-03-11 12:00:00,110217.0,61.0,False,61.0
2024-03-11 13:00:00,110285.0,68.0,False,68.0
2024-03-11 14:00:00,110345.0,60.0,False,60.0
2024-03-11 15:00:00,110410.0,65.0,False,65.0
2024-03-11 16:00:00,110476.0,66.0,False,66.0
2024-03-11 17:00:00,110530.0,54.0,False,54.0
2024-03-11 18:00:00,110581.0,51.0,False,51.0
2024-03-11 19:00:00,110626.0,45.0,False,45.0
2024-03-11 20:00:00,110666.0,40.0,False,40.0
2024-03-11 21:00:00,110706.0,40.0,False,40.0
2024-03-11 22:00:00,110746.0,40.0,False,40.0
2024-03-11 23:00:00,110786.0,40.0,False,40.0
2024-03-12 00:00:00,110817.0,31.0,False,31.0
2024-03-12 01:00:00,110844.0,27.0,False,27.0
2024-03-12 02:00:00,110868.0,24.0,False,24.0
2024-03-12 03:00:00,110890.0,22.0,False,22.0
2024-03-12 04:00:00,110912.0,22.0,False,22.0
2024-03-12 05:00:00,110935.0,23.0,False,23.0
2024-03-12 06:00:00,110956.0,21.0,False,21.0
2024-03-12 07:00:00,110978.0,22.0,False,22.0
2024-03-12 08:00:00,110999.0,21.0,False,21.0
2024-03-12 09:00:00,111033.0,34.0,False,34.0
2024-03-12 10:00:00,111074.0,41.0,False,41.0
2024-03-12 11:00:00,111117.0,43.0,False,43.0
2024-03-12 12:00:00,111161.0,44.0,False,44.0
2024-03-12 13:00:00,111206.0,45.0,False,45.0
2024-03-12 14:00:00,111250.0,44.0,False,44.0
2024-03-12 15:00:00,111293.0,43.0,False,43.0
2024-03-12 16:00:00,111341.0,48.0,False,48.0
2024-03-12 17:00:00,,,False,53.43
2024-03-12 18:00:00,111453.0,,False,50.14
2024-03-12 19:00:00,111498.0,45.0,False,45.0
2024-03-12 20:00:00,111540.0,42.0,False,42.0
2024-03-12 21:00:00,111580.0,40.0,False,40.0
2024-03-12 22:00:00,111617.0,37.0,False,37.0
2024-03-12 23:00:00,111657.0,40.0,False,40.0
2024-03-13 00:00:00,111688.0,31.0,False,31.0
2024-03-13 01:00:00,111716.0,28.0,False,28.0
2024-03-13 02:00:00,111742.0,26.0,False,26.0
2024-03-13 03:00:00,111769.0,27.0,False,27.0
2024-03-13 04:00:00,111795.0,26.0,False,26.0
2024-03-13 05:00:00,111820.0,25.0,False,25.0
2024-03-13 06:00:00,111844.0,24.0,False,24.0
2024-03-13 07:00:00,111867.0,23.0,False,23.0
2024-03-13 08:00:00,111891.0,24.0,False,24.0
2024-03-13 09:00:00,111926.0,35.0,False,35.0
2024-03-13 10:00:00,111976.0,50.0,False,50.0
2024-03-13 11:00:00,112029.0,53.0,False,53.0
2024-03-13 12:00:00,112081.0,52.0,False,52.0
2024-03-13 13:00:00,112131.0,50.0,False,50.0
2024-03-13 14:00:00,112176.0,45.0,False,45.0
2024-03-13 15:00:00,112229.0,53.0,False,53.0
2024-03-13 16:00:00,112283.0,54.0,False,54.0
2024-03-13 17:00:00,112339.0,56.0,False,56.0
2024-03-13 18:00:00,112391.0,52.0,False,52.0
2024-03-13 19:00:00,112435.0,44.0,False,44.0
2024-03-13 20:00:00,112478.0,43.0,False,43.0
2024-03-13 21:00:00,112524.0,46.0,False,46.0
2024-03-13 22:00:00,112560.0,36.0,False,36.0
2024-03-13 23:00:00,112596.0,36.0,False,36.0
2024-03-14 00:00:00,112628.0,32.0,False,32.0
2024-03-14 01:00:00,112657.0,29.0,False,29.0
2024-03-14 02:00:00,112684.0,27.0,False,27.0
2024-03-14 03:00:00,112711.0,27.0,False,27.0
2024-03-14 04:00:00,112738.0,27.0,False,27.0
2024-03-14 05:00:00,112764.0,26.0,False,26.0
2024-03-14 06:00:00,112790.0,26.0,False,26.0
2024-03-14 07:00:00,112820.0,30.0,False,30.0
2024-03-14 08:00:00,112849.0,29.0,False,29.0
2024-03-14 09:00:00,112889.0,40.0,False,40.0
2024-03-14 10:00:00,112939.0,50.0,False,50.0
2024-03-14 11:00:00,113008.0,69.0,False,69.0
2024-03-14 12:00:00,113078.0,70.0,False,70.0
2024-03-14 13:00:00,113153.0,75.0,False,75.0
2024-03-14 14:00:00,113225.0,72.0,False,72.0
2024-03-14 15:00:00,113289.0,64.0,False,64.0
2024-03-14 16:00:00,113354.0,65.0,False,65.0
2024-03-14 17:00:00,113407.0,53.0,False,53.0
2024-03-14 18:00:00,113455.0,48.0,False,48.0
2024-03-14 19:00:00,113495.0,40.0,False,40.0
2024-03-14 20:00:00,113538.0,43.0,False,43.0
2024-03-14 21:00:00,113578.0,40.0,False,40.0
2024-03-14 22:00:00,113622.0,44.0,False,44.0
2024-03-14 23:00:00,113661.0,39.0,False,39.0
2024-03-15 00:00:00,113691.0,30.0,False,30.0
2024-03-15 01:00:00,113716.0,25.0,False,25.0
2024-03-15 02:00:00,113742.0,26.0,False,26.0
2024-03-15 03:00:00,113763.0,21.0,False,21.0
2024-03-15 04:00:00,113788.0,25.0,False,25.0
2024-03-15 05:00:00,113811.0,23.0,False,23.0
2024-03-15 06:00:00,113833.0,22.0,False,22.0
2024-03-15 07:00:00,113857.0,24.0,False,24.0
2024-03-15 08:00:00,113880.0,23.0,False,23.0
2024-03-15 09:00:00,113920.0,40.0,False,40.0
2024-03-15 10:00:00,113982.0,62.0,False,62.0
2024-03-15 11:00:00,114049.0,67.0,False,67.0
2024-03-15 12:00:00,114125.0,76.0,False,76.0
2024-03-15 13:00:00,114190.0,65.0,False,65.0
2024-03-15 14:00:00,114256.0,66.0,False,66.0
2024-03-15 15:00:00,114318.0,62.0,False,62.0
2024-03-15 16:00:00,114383.0,65.0,False,65.0
2024-03-15 17:00:00,114447.0,64.0,False,64.0
2024-03-15 18:00:00,114499.0,52.0,False,52.0
2024-03-15 19:00:00,114545.0,46.0,False,46.0
2024-03-15 20:00:00,114584.0,39.0,False,39.0
2024-03-15 21:00:00,114620.0,36.0,False,36.0
2024-03-15 22:00:00,114655.0,35.0,False,35.0
2024-03-15 23:00:00,114693.0,38.0,False,38.0
2024-03-16 00:00:00,114723.0,30.0,False,30.0
2024-03-16 01:00:00,114750.0,27.0,False,27.0
2024-03-16 02:00:00,114779.0,29.0,False,29.0
2024-03-16 03:00:00,114806.0,27.0,False,27.0
2024-03-16 04:00:00,114834.0,28.0,False,28.0
2024-03-16 05:00:00,114859.0,25.0,False,25.0
2024-03-16 06:00:00,114880.0,21.0,False,21.0
2024-03-16 07:00:00,114904.0,24.0,False,24.0
2024-03-16 08:00:00,114927.0,23.0,False,23.0
2024-03-16 09:00:00,114955.0,28.0,False,28.0
2024-03-16 10:00:00,114985.0,30.0,False,30.0
2024-03-16 11:00:00,115017.0,32.0,False,32.0
2024-03-16 12:00:00,115052.0,35.0,False,35.0
2024-03-16 13:00:00,115083.0,31.0,False,31.0
2024-03-16 14:00:00,115117.0,34.0,False,34.0
2024-03-16 15:00:00,115150.0,33.0,False,33.0
2024-03-16 16:00:00,115186.0,36.0,False,36.0
2024-03-16 17:00:00,115223.0,37.0,False,37.0
2024-03-16 18:00:00,115259.0,36.0,False,36.0
2024-03-16 19:00:00,115294.0,35.0,False,35.0
2024-03-16 20:00:00,115326.0,32.0,False,32.0
2024-03-16 21:00:00,115358.0,32.0,False,32.0
2024-03-16 22:00:00,115393.0,35.0,False,35.0
2024-03-16 23:00:00,115424.0,31.0,False,31.0
2024-03-17 00:00:00,115450.0,26.0,False,26.0
2024-03-17 01:00:00,115472.0,22.0,False,22.0
2024-03-17 02:00:00,115495.0,23.0,False,23.0
2024-03-17 03:00:00,115515.0,20.0,False,20.0
2024-03-17 04:00:00,115537.0,22.0,False,22.0
2024-03-17 05:00:00,115557.0,20.0,False,20.0
2024-03-17 06:00:00,115577.0,20.0,False,20.0
2024-03-17 07:00:00,115602.0,25.0,False,25.0
2024-03-17 08:00:00,115629.0,27.0,False,27.0
2024-03-17 09:00:00,115659.0,30.0,False,30.0
2024-03-17 10:00:00,115690.0,31.0,False,31.0
2024-03-17 11:00:00,115725.0,35.0,False,35.0
2024-03-17 12:00:00,115760.0,35.0,False,35.0
2024-03-17 13:00:00,115792.0,32.0,False,32.0
2024-03-17 14:00:00,115828.0,36.0,False,36.0
2024-03-17 15:00:00,115863.0,35.0,False,35.0
2024-03-17 16:00:00,115897.0,34.0,False,34.0
2024-03-17 17:00:00,115936.0,39.0,False,39.0
2024-03-17 18:00:00,115971.0,35.0,False,35.0
2024-03-17 19:00:00,116007.0,36.0,False,36.0
2024-03-17 20:00:00,116044.0,37.0,False,37.0
2024-03-17 21:00:00,116084.0,40.0,False,40.0
2024-03-17 22:00:00,116119.0,35.0,False,35.0
2024-03-17 23:00:00,116151.0,32.0,False,32.0
2024-03-18 00:00:00,116179.0,28.0,False,28.0
2024-03-18 01:00:00,116205.0,26.0,False,26.0
2024-03-18 02:00:00,116231.0,26.0,False,26.0
2024-03-18 03:00:00,116256.0,25.0,False,25.0
2024-03-18 04:00:00,116282.0,26.0,False,26.0
2024-03-18 05:00:00,116305.0,23.0,False,23.0
2024-03-18 06:00:00,116327.0,22.0,False,22.0
2024-03-18 07:00:00,116350.0,23.0,False,23.0
2024-03-18 08:00:00,116373.0,23.0,False,23.0
2024-03-18 09:00:00,116410.0,37.0,False,37.0
2024-03-18 10:00:00,116452.0,42.0,False,42.0
2024-03-18 11:00:00,116502.0,50.0,False,50.0
2024-03-18 12:00:00,116551.0,49.0,False,49.0
2024-03-18 13:00:00,116594.0,43.0,False,43.0
2024-03-18 14:00:00,116635.0,41.0,False,41.0
2024-03-18 15:00:00,116684.0,49.0,False,49.0
2024-03-18 16:00:00,116736.0,52.0,False,52.0
2024-03-18 17:00:00,116788.0,52.0,False,52.0
2024-03-18 18:00:00,116837.0,49.0,False,49.0
2024-03-18 19:00:00,116878.0,41.0,False,41.0
2024-03-18 20:00:00,116919.0,41.0,False,41.0
2024-03-18 21:00:00,116960.0,41.0,False,41.0
2024-03-18 22:00:00,117000.0,40.0,False,40.0
2024-03-18 23:00:00,117033.0,33.0,False,33.0
2024-03-19 00:00:00,117062.0,29.0,False,29.0
2024-03-19 01:00:00,117091.0,29.0,False,29.0
2024-03-19 02:00:00,117119.0,28.0,False,28.0
2024-03-19 03:00:00,117147.0,28.0,False,28.0
2024-03-19 04:00:00,117174.0,27.0,False,27.0
2024-03-19 05:00:00,117198.0,24.0,False,24.0
2024-03-19 06:00:00,117224.0,26.0,False,26.0
2024-03-19 07:00:00,117248.0,24.0,False,24.0
2024-03-19 08:00:00,117275.0,27.0,False,27.0
2024-03-19 09:00:00,117314.0,39.0,False,39.0
2024-03-19 10:00:00,117371.0,57.0,False,57.0
2024-03-19 11:00:00,117434.0,63.0,True,49.86
2024-03-19 12:00:00,117496.0,62.0,True,51.57
2024-03-19 13:00:00,117555.0,59.0,False,59.0
2024-03-19 14:00:00,117612.0,57.0,False,57.0
2024-03-19 15:00:00,117677.0,65.0,True,48.43
2024-03-19 16:00:00,117748.0,71.0,True,50.57
2024-03-19 17:00:00,117818.0,70.0,True,50.17
2024-03-19 18:00:00,117884.0,66.0,True,45.33
2024-03-19 19:00:00,117931.0,47.0,False,47.0
2024-03-19 20:00:00,117975.0,44.0,False,44.0
2024-03-19 21:00:00,118019.0,44.0,False,44.0
2024-03-19 22:00:00,118066.0,47.0,False,47.0
2024-03-19 23:00:00,118109.0,43.0,False,43.0
2024-03-20 00:00:00,118149.0,40.0,False,40.0
2024-03-20 01:00:00,118182.0,33.0,False,33.0
2024-03-20 02:00:00,118217.0,35.0,False,35.0
2024-03-20 03:00:00,118251.0,34.0,False,34.0
2024-03-20 04:00:00,118285.0,34.0,False,34.0
2024-03-20 05:00:00,118314.0,29.0,False,29.0
2024-03-20 06:00:00,118343.0,29.0,False,29.0
2024-03-20 07:00:00,118376.0,33.0,False,33.0
2024-03-20 08:00:00,118409.0,33.0,False,33.0
2024-03-20 09:00:00,118448.0,39.0,False,39.0
2024-03-20 10:00:00,118494.0,46.0,False,46.0
2024-03-20 11:00:00,118555.0,61.0,True,51.0
2024-03-20 12:00:00,118618.0,63.0,True,52.83
2024-03-20 13:00:00,118680.0,62.0,True,50.71
2024-03-20 14:00:00,118736.0,56.0,False,56.0
2024-03-20 15:00:00,118803.0,67.0,True,49.33
2024-03-20 16:00:00,118876.0,73.0,True,51.0
2024-03-20 17:00:00,118948.0,72.0,True,50.17
2024-03-20 18:00:00,119020.0,72.0,True,45.33
2024-03-20 19:00:00,119062.0,42.0,False,42.0
2024-03-20 20:00:00,119107.0,45.0,False,45.0
2024-03-20 21:00:00,119148.0,41.0,False,41.0
2024-03-20 22:00:00,119191.0,43.0,False,43.0
2024-03-20 23:00:00,119226.0,35.0,False,35.0
2024-03-21 00:00:00,119259.0,33.0,False,33.0
2024-03-21 01:00:00,119289.0,30.0,False,30.0
2024-03-21 02:00:00,119314.0,25.0,False,25.0
2024-03-21 03:00:00,119343.0,29.0,False,29.0
2024-03-21 04:00:00,119369.0,26.0,False,26.0
2024-03-21 05:00:00,119396.0,27.0,False,27.0
2024-03-21 06:00:00,119421.0,25.0,False,25.0
2024-03-21 07:00:00,119448.0,27.0,False,27.0
2024-03-21 08:00:00,119477.0,29.0,False,29.0
2024-03-21 09:00:00,119512.0,35.0,False,35.0
2024-03-21 10:00:00,119555.0,43.0,False,43.0
2024-03-21 11:00:00,119609.0,54.0,False,54.0
2024-03-21 12:00:00,119673.0,64.0,True,53.0
2024-03-21 13:00:00,119731.0,58.0,False,58.0
2024-03-21 14:00:00,119786.0,55.0,False,55.0
2024-03-21 15:00:00,119852.0,66.0,True,48.6
2024-03-21 16:00:00,119917.0,65.0,True,50.4
2024-03-21 17:00:00,119982.0,65.0,True,49.0
2024-03-21 18:00:00,120040.0,58.0,False,58.0
2024-03-21 19:00:00,120083.0,43.0,False,43.0
2024-03-21 20:00:00,120120.0,37.0,False,37.0
2024-03-21 21:00:00,120158.0,38.0,False,38.0
2024-03-21 22:00:00,120195.0,37.0,False,37.0
2024-03-21 23:00:00,120228.0,33.0,False,33.0
2024-03-22 00:00:00,120258.0,30.0,False,30.0
2024-03-22 01:00:00,120289.0,31.0,False,31.0
2024-03-22 02:00:00,120321.0,32.0,False,32.0
2024-03-22 03:00:00,120349.0,28.0,False,28.0
2024-03-22 04:00:00,120376.0,27.0,False,27.0
2024-03-22 05:00:00,120402.0,26.0,False,26.0
2024-03-22 06:00:00,120430.0,28.0,False,28.0
2024-03-22 07:00:00,120457.0,27.0,False,27.0
2024-03-22 08:00:00,120484.0,27.0,False,27.0
2024-03-22 09:00:00,120517.0,33.0,False,33.0
2024-03-22 10:00:00,120574.0,57.0,False,57.0
2024-03-22 11:00:00,120635.0,61.0,True,47.6
2024-03-22 12:00:00,120697.0,62.0,True,48.75
2024-03-22 13:00:00,120751.0,54.0,False,54.0
2024-03-22 14:00:00,120807.0,56.0,False,56.0
2024-03-22 15:00:00,120870.0,63.0,True,44.75
2024-03-22 16:00:00,120939.0,69.0,True,46.75
2024-03-22 17:00:00,121007.0,68.0,True,48.0
2024-03-22 18:00:00,121057.0,50.0,False,50.0
2024-03-22 19:00:00,121102.0,45.0,False,45.0
2024-03-22 20:00:00,121144.0,42.0,False,42.0
2024-03-22 21:00:00,121185.0,41.0,False,41.0
2024-03-22 22:00:00,121220.0,35.0,False,35.0
2024-03-22 23:00:00,121253.0,33.0,False,33.0
2024-03-23 00:00:00,121281.0,28.0,False,28.0
2024-03-23 01:00:00,121303.0,22.0,False,22.0
2024-03-23 02:00:00,121327.0,24.0,False,24.0
2024-03-23 03:00:00,121348.0,21.0,False,21.0
2024-03-23 04:00:00,121369.0,21.0,False,21.0
2024-03-23 05:00:00,121388.0,19.0,False,19.0
2024-03-23 06:00:00,121410.0,22.0,False,22.0
2024-03-23 07:00:00,121432.0,22.0,False,22.0
2024-03-23 08:00:00,121454.0,22.0,False,22.0
2024-03-23 09:00:00,121484.0,30.0,False,30.0
2024-03-23 10:00:00,121516.0,32.0,False,32.0
2024-03-23 11:00:00,121549.0,33.0,False,33.0
2024-03-23 12:00:00,121582.0,33.0,False,33.0
2024-03-23 13:00:00,121610.0,28.0,False,28.0
2024-03-23 14:00:00,121636.0,26.0,False,26.0
2024-03-23 15:00:00,121663.0,27.0,False,27.0
2024-03-23 16:00:00,121694.0,31.0,False,31.0
2024-03-23 17:00:00,121721.0,27.0,False,27.0
2024-03-23 18:00:00,121752.0,31.0,False,31.0
2024-03-23 19:00:00,121781.0,29.0,False,29.0
2024-03-23 20:00:00,121810.0,29.0,False,29.0
2024-03-23 21:00:00,121846.0,36.0,False,36.0
2024-03-23 22:00:00,121878.0,32.0,False,32.0
2024-03-23 23:00:00,121911.0,33.0,False,33.0
2024-03-24 00:00:00,121939.0,28.0,False,28.0
2024-03-24 01:00:00,121966.0,27.0,False,27.0
2024-03-24 02:00:00,121992.0,26.0,False,26.0
2024-03-24 03:00:00,122017.0,25.0,False,25.0
2024-03-24 04:00:00,122040.0,23.0,False,23.0
2024-03-24 05:00:00,122066.0,26.0,False,26.0
2024-03-24 06:00:00,122088.0,22.0,False,22.0
2024-03-24 07:00:00,122112.0,24.0,False,24.0
2024-03-24 08:00:00,122137.0,25.0,False,25.0
2024-03-24 09:00:00,122164.0,27.0,False,27.0
2024-03-24 10:00:00,122206.0,42.0,False,42.0
2024-03-24 11:00:00,122242.0,36.0,False,36.0
2024-03-24 12:00:00,122278.0,36.0,False,36.0
2024-03-24 13:00:00,122314.0,36.0,False,36.0
2024-03-24 14:00:00,122353.0,39.0,False,39.0
2024-03-24 15:00:00,122392.0,39.0,False,39.0
2024-03-24 16:00:00,122432.0,40.0,False,40.0
2024-03-24 17:00:00,122478.0,46.0,False,46.0
2024-03-24 18:00:00,122520.0,42.0,False,42.0
2024-03-24 19:00:00,122564.0,44.0,False,44.0
2024-03-24 20:00:00,122604.0,40.0,False,40.0
2024-03-24 21:00:00,122642.0,38.0,False,38.0
2024-03-24 22:00:00,122682.0,40.0,False,40.0
2024-03-24 23:00:00,122716.0,34.0,False,34.0
2024-03-25 00:00:00,122751.0,35.0,False,35.0
2024-03-25 01:00:00,122777.0,26.0,False,26.0
2024-03-25 02:00:00,122801.0,24.0,False,24.0
2024-03-25 03:00:00,122825.0,24.0,False,24.0
2024-03-25 04:00:00,122848.0,23.0,False,23.0
2024-03-25 05:00:00,122872.0,24.0,False,24.0
2024-03-25 06:00:00,122894.0,22.0,False,22.0
2024-03-25 07:00:00,122920.0,26.0,False,26.0
2024-03-25 08:00:00,122943.0,23.0,False,23.0
2024-03-25 09:00:00,122974.0,31.0,False,31.0
2024-03-25 10:00:00,123013.0,39.0,False,39.0
2024-03-25 11:00:00,123060.0,47.0,False,47.0
2024-03-25 12:00:00,123117.0,57.0,False,57.0
2024-03-25 13:00:00,123167.0,50.0,False,50.0
2024-03-25 14:00:00,123217.0,50.0,False,50.0
2024-03-25 15:00:00,123275.0,58.0,True,38.33
2024-03-25 16:00:00,123332.0,57.0,False,57.0
2024-03-25 17:00:00,123394.0,62.0,True,41.67
2024-03-25 18:00:00,123449.0,55.0,False,55.0
2024-03-25 19:00:00,123487.0,38.0,False,38.0
2024-03-25 20:00:00,123520.0,33.0,False,33.0
2024-03-25 21:00:00,123553.0,33.0,False,33.0
2024-03-25 22:00:00,123585.0,32.0,False,32.0
2024-03-25 23:00:00,123613.0,28.0,False,28.0
2024-03-26 00:00:00,123638.0,25.0,False,25.0
2024-03-26 01:00:00,123662.0,24.0,False,24.0
2024-03-26 02:00:00,123683.0,21.0,False,21.0
2024-03-26 03:00:00,123703.0,20.0,False,20.0
2024-03-26 04:00:00,123724.0,21.0,False,21.0
2024-03-26 05:00:00,123744.0,20.0,False,20.0
2024-03-26 06:00:00,123763.0,19.0,False,19.0
2024-03-26 07:00:00,123786.0,23.0,False,23.0
2024-03-26 08:00:00,123809.0,23.0,False,23.0
2024-03-26 09:00:00,123838.0,29.0,False,29.0
2024-03-26 10:00:00,123876.0,38.0,False,38.0
2024-03-26 11:00:00,123914.0,38.0,False,38.0
2024-03-26 12:00:00,123953.0,39.0,False,39.0
2024-03-26 13:00:00,123989.0,36.0,False,36.0
2024-03-26 14:00:00,124022.0,33.0,False,33.0
2024-03-26 15:00:00,124065.0,43.0,False,43.0
2024-03-26 16:00:00,124115.0,50.0,False,50.0
2024-03-26 17:00:00,124163.0,48.0,False,48.0
2024-03-26 18:00:00,124204.0,41.0,False,41.0
2024-03-26 19:00:00,124243.0,39.0,False,39.0
2024-03-26 20:00:00,124290.0,47.0,False,47.0
2024-03-26 21:00:00,124332.0,42.0,False,42.0
2024-03-26 22:00:00,124372.0,40.0,False,40.0
2024-03-26 23:00:00,124405.0,33.0,False,33.0
2024-03-27 00:00:00,124434.0,29.0,False,29.0
2024-03-27 01:00:00,124461.0,27.0,False,27.0
2024-03-27 02:00:00,124484.0,23.0,False,23.0
2024-03-27 03:00:00,124508.0,24.0,False,24.0
2024-03-27 04:00:00,124531.0,23.0,False,23.0
2024-03-27 05:00:00,124552.0,21.0,False,21.0
2024-03-27 06:00:00,124572.0,20.0,False,20.0
2024-03-27 07:00:00,124598.0,26.0,False,26.0
2024-03-27 08:00:00,124624.0,26.0,False,26.0
2024-03-27 09:00:00,124654.0,30.0,False,30.0
2024-03-27 10:00:00,124697.0,43.0,False,43.0
2024-03-27 11:00:00,124750.0,53.0,False,53.0
2024-03-27 12:00:00,124805.0,55.0,False,55.0
2024-03-27 13:00:00,124846.0,41.0,False,41.0
2024-03-27 14:00:00,124887.0,41.0,False,41.0
2024-03-27 15:00:00,124933.0,46.0,False,46.0
2024-03-27 16:00:00,124986.0,53.0,False,53.0
2024-03-27 17:00:00,125041.0,55.0,False,55.0
2024-03-27 18:00:00,125086.0,45.0,False,45.0
2024-03-27 19:00:00,125123.0,37.0,False,37.0
2024-03-27 20:00:00,125159.0,36.0,False,36.0
2024-03-27 21:00:00,125195.0,36.0,False,36.0
2024-03-27 22:00:00,125230.0,35.0,False,35.0
2024-03-27 23:00:00,125263.0,33.0,False,33.0
2024-03-28 00:00:00,125290.0,27.0,False,27.0
2024-03-28 01:00:00,125315.0,25.0,False,25.0
2024-03-28 02:00:00,125342.0,27.0,False,27.0
2024-03-28 03:00:00,125368.0,26.0,False,26.0
2024-03-28 04:00:00,125389.0,21.0,False,21.0
2024-03-28 05:00:00,125411.0,22.0,False,22.0
2024-03-28 06:00:00,125433.0,22.0,False,22.0
2024-03-28 07:00:00,125454.0,21.0,False,21.0
2024-03-28 08:00:00,125480.0,26.0,False,26.0
2024-03-28 09:00:00,125514.0,34.0,False,34.0
2024-03-28 10:00:00,125568.0,54.0,True,42.0
2024-03-28 11:00:00,125629.0,61.0,True,43.5
2024-03-28 12:00:00,125683.0,54.0,True,44.0
2024-03-28 13:00:00,125735.0,52.0,False,52.0
2024-03-28 14:00:00,125787.0,52.0,False,52.0
2024-03-28 15:00:00,125846.0,59.0,True,38.75
2024-03-28 16:00:00,125906.0,60.0,True,46.2
2024-03-28 17:00:00,125955.0,49.0,False,49.0
2024-03-28 18:00:00,125999.0,44.0,False,44.0
2024-03-28 19:00:00,126038.0,39.0,False,39.0
2024-03-28 20:00:00,126079.0,41.0,False,41.0
2024-03-28 21:00:00,126119.0,40.0,False,40.0
2024-03-28 22:00:00,126157.0,38.0,False,38.0
2024-03-28 23:00:00,126189.0,32.0,False,32.0
2024-03-29 00:00:00,126216.0,27.0,False,27.0
2024-03-29 01:00:00,126239.0,23.0,False,23.0
2024-03-29 02:00:00,126263.0,24.0,False,24.0
2024-03-29 03:00:00,126284.0,21.0,False,21.0
2024-03-29 04:00:00,126308.0,24.0,False,24.0
2024-03-29 05:00:00,126331.0,23.0,False,23.0
2024-03-29 06:00:00,126358.0,27.0,False,27.0
2024-03-29 07:00:00,126386.0,28.0,False,28.0
2024-03-29 08:00:00,126413.0,27.0,False,27.0
2024-03-29 09:00:00,126445.0,32.0,False,32.0
2024-03-29 10:00:00,126483.0,38.0,False,38.0
2024-03-29 11:00:00,126517.0,34.0,False,34.0
2024-03-29 12:00:00,126563.0,46.0,False,46.0
2024-03-29 13:00:00,126601.0,38.0,False,38.0
2024-03-29 14:00:00,126639.0,38.0,False,38.0
2024-03-29 15:00:00,126679.0,40.0,False,40.0
2024-03-29 16:00:00,126723.0,44.0,False,44.0
2024-03-29 17:00:00,126767.0,44.0,False,44.0
2024-03-29 18:00:00,126808.0,41.0,False,41.0
2024-03-29 19:00:00,126843.0,35.0,False,35.0
2024-03-29 20:00:00,126876.0,33.0,False,33.0
2024-03-29 21:00:00,126907.0,31.0,False,31.0
2024-03-29 22:00:00,126936.0,29.0,False,29.0
2024-03-29 23:00:00,126963.0,27.0,False,27.0
2024-03-30 00:00:00,126987.0,24.0,False,24.0
2024-03-30 01:00:00,127009.0,22.0,False,22.0
2024-03-30 02:00:00,127029.0,20.0,False,20.0
2024-03-30 03:00:00,127046.0,17.0,False,17.0
2024-03-30 04:00:00,127068.0,22.0,False,22.0
2024-03-30 05:00:00,127087.0,19.0,False,19.0
2024-03-30 06:00:00,127107.0,20.0,False,20.0
2024-03-30 07:00:00,127128.0,21.0,False,21.0
2024-03-30 08:00:00,127149.0,21.0,False,21.0
2024-03-30 09:00:00,127173.0,24.0,False,24.0
2024-03-30 10:00:00,127202.0,29.0,False,29.0
2024-03-30 11:00:00,127232.0,30.0,False,30.0
2024-03-30 12:00:00,127263.0,31.0,False,31.0
2024-03-30 13:00:00,127292.0,29.0,False,29.0
2024-03-30 14:00:00,127319.0,27.0,False,27.0
2024-03-30 15:00:00,127348.0,29.0,False,29.0
2024-03-30 16:00:00,127378.0,30.0,False,30.0
2024-03-30 17:00:00,127412.0,34.0,False,34.0
2024-03-30 18:00:00,127444.0,32.0,False,32.0
2024-03-30 19:00:00,127474.0,30.0,False,30.0
2024-03-30 20:00:00,127510.0,36.0,False,36.0
2024-03-30 21:00:00,127543.0,33.0,False,33.0
2024-03-30 22:00:00,127575.0,32.0,False,32.0
2024-03-30 23:00:00,127603.0,28.0,False,28.0
2024-03-31 00:00:00,127631.0,28.0,False,28.0
2024-03-31 01:00:00,127653.0,22.0,False,22.0
2024-03-31 02:00:00,127676.0,23.0,False,23.0
2024-03-31 03:00:00,127697.0,21.0,False,21.0
2024-03-31 04:00:00,127719.0,22.0,False,22.0
2024-03-31 05:00:00,127739.0,20.0,False,20.0
2024-03-31 06:00:00,127758.0,19.0,False,19.0
2024-03-31 07:00:00,127781.0,23.0,False,23.0
2024-03-31 08:00:00,127802.0,21.0,False,21.0
2024-03-31 09:00:00,127825.0,23.0,False,23.0
2024-03-31 10:00:00,127852.0,27.0,False,27.0
2024-03-31 11:00:00,127883.0,31.0,False,31.0
2024-03-31 12:00:00,127914.0,31.0,False,31.0
2024-03-31 13:00:00,127940.0,26.0,False,26.0
2024-03-31 14:00:00,127969.0,29.0,False,29.0
2024-03-31 15:00:00,127998.0,29.0,False,29.0
2024-03-31 16:00:00,128032.0,34.0,False,34.0
2024-03-31 17:00:00,128067.0,35.0,False,35.0
2024-03-31 18:00:00,128100.0,33.0,False,33.0
2024-03-31 19:00:00,128135.0,35.0,False,35.0
2024-03-31 20:00:00,128171.0,36.0,False,36.0
2024-03-31 21:00:00,128206.0,35.0,False,35.0
2024-03-31 22:00:00,128237.0,31.0,False,31.0
2024-03-31 23:00:00,128267.0,30.0,False,30.0
2024-04-01 00:00:00,128290.0,23.0,False,23.0
2024-04-01 01:00:00,128309.0,19.0,False,19.0
2024-04-01 02:00:00,128329.0,20.0,False,20.0
2024-04-01 03:00:00,128348.0,19.0,False,19.0
2024-04-01 04:00:00,128369.0,21.0,False,21.0
2024-04-01 05:00:00,128387.0,18.0,False,18.0
2024-04-01 06:00:00,128406.0,19.0,False,19.0
2024-04-01 07:00:00,128427.0,21.0,False,21.0
2024-04-01 08:00:00,128447.0,20.0,False,20.0
2024-04-01 09:00:00,128481.0,34.0,False,34.0
2024-04-01 10:00:00,128520.0,39.0,False,39.0
2024-04-01 11:00:00,128571.0,51.0,True,38.83
2024-04-01 12:00:00,128624.0,53.0,True,43.17
2024-04-01 13:00:00,128674.0,50.0,False,50.0
2024-04-01 14:00:00,128720.0,46.0,False,46.0
2024-04-01 15:00:00,128773.0,53.0,True,37.4
2024-04-01 16:00:00,128831.0,58.0,True,44.67
2024-04-01 17:00:00,128891.0,60.0,True,44.17
2024-04-01 18:00:00,128939.0,48.0,False,48.0
2024-04-01 19:00:00,128978.0,39.0,False,39.0
2024-04-01 20:00:00,129017.0,39.0,False,39.0
2024-04-01 21:00:00,129053.0,36.0,False,36.0
2024-04-01 22:00:00,129089.0,36.0,False,36.0
2024-04-01 23:00:00,129123.0,34.0,False,34.0
2024-04-02 00:00:00,129149.0,26.0,False,26.0
2024-04-02 01:00:00,129174.0,25.0,False,25.0
2024-04-02 02:00:00,129196.0,22.0,False,22.0
2024-04-02 03:00:00,129220.0,24.0,False,24.0
2024-04-02 04:00:00,129241.0,21.0,False,21.0
2024-04-02 05:00:00,129263.0,22.0,False,22.0
2024-04-02 06:00:00,129284.0,21.0,False,21.0
2024-04-02 07:00:00,129308.0,24.0,False,24.0
2024-04-02 08:00:00,129331.0,23.0,False,23.0
2024-04-02 09:00:00,129364.0,33.0,False,33.0
2024-04-02 10:00:00,129406.0,42.0,False,42.0
2024-04-02 11:00:00,129451.0,45.0,True,37.2
2024-04-02 12:00:00,129495.0,44.0,False,44.0
2024-04-02 13:00:00,129532.0,37.0,False,37.0
2024-04-02 14:00:00,129570.0,38.0,False,38.0
2024-04-02 15:00:00,129610.0,40.0,False,40.0
2024-04-02 16:00:00,129655.0,45.0,True,42.2
2024-04-02 17:00:00,129703.0,48.0,True,44.17
2024-04-02 18:00:00,129745.0,42.0,False,42.0
2024-04-02 19:00:00,129786.0,41.0,False,41.0
2024-04-02 20:00:00,129827.0,41.0,False,41.0
2024-04-02 21:00:00,129869.0,42.0,False,42.0
2024-04-02 22:00:00,129905.0,36.0,False,36.0
2024-04-02 23:00:00,129941.0,36.0,False,36.0
2024-04-03 00:00:00,129970.0,29.0,False,29.0
2024-04-03 01:00:00,129994.0,24.0,False,24.0
2024-04-03 02:00:00,130018.0,24.0,False,24.0
2024-04-03 03:00:00,130042.0,24.0,False,24.0
2024-04-03 04:00:00,130063.0,21.0,False,21.0
2024-04-03 05:00:00,130086.0,23.0,False,23.0
2024-04-03 06:00:00,130107.0,21.0,False,21.0
2024-04-03 07:00:00,130132.0,25.0,False,25.0
2024-04-03 08:00:00,130155.0,23.0,False,23.0
2024-04-03 09:00:00,130187.0,32.0,False,32.0
2024-04-03 10:00:00,130239.0,52.0,True,36.33
2024-04-03 11:00:00,130283.0,44.0,True,37.0
2024-04-03 12:00:00,130331.0,48.0,True,41.4
2024-04-03 13:00:00,130377.0,46.0,True,39.0
2024-04-03 14:00:00,130422.0,45.0,True,38.71
2024-04-03 15:00:00,130475.0,53.0,True,36.8
2024-04-03 16:00:00,130529.0,54.0,True,40.25
2024-04-03 17:00:00,130567.0,38.0,False,38.0
2024-04-03 18:00:00,130604.0,37.0,False,37.0
2024-04-03 19:00:00,130639.0,35.0,False,35.0
2024-04-03 20:00:00,130672.0,33.0,False,33.0
2024-04-03 21:00:00,130703.0,31.0,False,31.0
2024-04-03 22:00:00,130730.0,27.0,False,27.0
2024-04-03 23:00:00,130754.0,24.0,False,24.0
2024-04-04 00:00:00,130774.0,20.0,False,20.0
2024-04-04 01:00:00,130793.0,19.0,False,19.0
2024-04-04 02:00:00,130810.0,17.0,False,17.0
2024-04-04 03:00:00,130828.0,18.0,False,18.0
2024-04-04 04:00:00,130845.0,17.0,False,17.0
2024-04-04 05:00:00,130861.0,16.0,False,16.0
2024-04-04 06:00:00,130876.0,15.0,False,15.0
2024-04-04 07:00:00,130892.0,16.0,False,16.0
2024-04-04 08:00:00,130909.0,17.0,False,17.0
2024-04-04 09:00:00,130928.0,19.0,False,19.0
2024-04-04 10:00:00,130952.0,24.0,False,24.0
2024-04-04 11:00:00,130974.0,22.0,False,22.0
2024-04-04 12:00:00,130999.0,25.0,False,25.0
2024-04-04 13:00:00,131023.0,24.0,False,24.0
2024-04-04 14:00:00,131047.0,24.0,False,24.0
2024-04-04 15:00:00,131071.0,24.0,False,24.0
2024-04-04 16:00:00,131098.0,27.0,False,27.0
2024-04-04 17:00:00,131130.0,32.0,False,32.0
2024-04-04 18:00:00,131160.0,30.0,False,30.0
2024-04-04 19:00:00,131191.0,31.0,False,31.0
2024-04-04 20:00:00,131222.0,31.0,False,31.0
2024-04-04 21:00:00,131253.0,31.0,False,31.0
2024-04-04 22:00:00,131279.0,26.0,False,26.0
2024-04-04 23:00:00,131302.0,23.0,False,23.0
2024-04-05 00:00:00,131322.0,20.0,False,20.0
2024-04-05 01:00:00,131341.0,19.0,False,19.0
2024-04-05 02:00:00,131361.0,20.0,False,20.0
2024-04-05 03:00:00,131376.0,15.0,False,15.0
2024-04-05 04:00:00,131392.0,16.0,False,16.0
2024-04-05 05:00:00,131409.0,17.0,False,17.0
2024-04-05 06:00:00,131424.0,15.0,False,15.0
2024-04-05 07:00:00,131440.0,16.0,False,16.0
2024-04-05 08:00:00,131458.0,18.0,False,18.0
2024-04-05 09:00:00,131476.0,18.0,False,18.0
2024-04-05 10:00:00,131495.0,19.0,False,19.0
2024-04-05 11:00:00,131523.0,28.0,False,28.0
2024-04-05 12:00:00,131550.0,27.0,False,27.0
2024-04-05 13:00:00,131575.0,25.0,False,25.0
2024-04-05 14:00:00,131597.0,22.0,False,22.0
2024-04-05 15:00:00,131621.0,24.0,False,24.0
2024-04-05 16:00:00,131649.0,28.0,False,28.0
2024-04-05 17:00:00,131676.0,27.0,False,27.0
2024-04-05 18:00:00,131701.0,25.0,False,25.0
2024-04-05 19:00:00,131727.0,26.0,False,26.0
2024-04-05 20:00:00,131751.0,24.0,False,24.0
2024-04-05 21:00:00,131776.0,25.0,False,25.0
2024-04-05 22:00:00,131800.0,24.0,False,24.0
2024-04-05 23:00:00,131823.0,23.0,False,23.0
2024-04-06 00:00:00,131842.0,19.0,False,19.0
2024-04-06 01:00:00,131861.0,19.0,False,19.0
2024-04-06 02:00:00,131877.0,16.0,False,16.0
2024-04-06 03:00:00,131895.0,18.0,False,18.0
2024-04-06 04:00:00,131911.0,16.0,False,16.0
2024-04-06 05:00:00,131930.0,19.0,False,19.0
2024-04-06 06:00:00,131945.0,15.0,False,15.0
2024-04-06 07:00:00,131960.0,15.0,False,15.0
2024-04-06 08:00:00,131979.0,19.0,False,19.0
2024-04-06 09:00:00,131998.0,19.0,False,19.0
2024-04-06 10:00:00,132022.0,24.0,False,24.0
2024-04-06 11:00:00,132045.0,23.0,False,23.0
2024-04-06 12:00:00,132068.0,23.0,False,23.0
2024-04-06 13:00:00,132090.0,22.0,False,22.0
2024-04-06 14:00:00,132113.0,23.0,False,23.0
2024-04-06 15:00:00,132137.0,24.0,False,24.0
2024-04-06 16:00:00,132160.0,23.0,False,23.0
2024-04-06 17:00:00,132185.0,25.0,False,25.0
2024-04-06 18:00:00,132211.0,26.0,False,26.0
2024-04-06 19:00:00,132237.0,26.0,False,26.0
2024-04-06 20:00:00,132264.0,27.0,False,27.0
2024-04-06 21:00:00,132289.0,25.0,False,25.0
2024-04-06 22:00:00,132314.0,25.0,False,25.0
2024-04-06 23:00:00,132338.0,24.0,False,24.0
2024-04-07 00:00:00,132358.0,20.0,False,20.0
2024-04-07 01:00:00,132377.0,19.0,False,19.0
2024-04-07 02:00:00,132394.0,17.0,False,17.0
2024-04-07 03:00:00,132412.0,18.0,False,18.0
2024-04-07 04:00:00,132429.0,17.0,False,17.0
2024-04-07 05:00:00,132444.0,15.0,False,15.0
2024-04-07 06:00:00,132460.0,16.0,False,16.0
2024-04-07 07:00:00,132478.0,18.0,False,18.0
2024-04-07 08:00:00,132496.0,18.0,False,18.0
2024-04-07 09:00:00,132522.0,26.0,False,26.0
2024-04-07 10:00:00,132553.0,31.0,False,31.0
2024-04-07 11:00:00,132590.0,37.0,False,37.0
2024-04-07 12:00:00,132628.0,38.0,False,38.0
2024-04-07 13:00:00,132659.0,31.0,False,31.0
2024-04-07 14:00:00,132690.0,31.0,False,31.0
2024-04-07 15:00:00,132725.0,35.0,False,35.0
2024-04-07 16:00:00,132763.0,38.0,False,38.0
2024-04-07 17:00:00,132799.0,36.0,False,36.0
2024-04-07 18:00:00,132834.0,35.0,False,35.0
2024-04-07 19:00:00,132868.0,34.0,False,34.0
2024-04-07 20:00:00,132905.0,37.0,False,37.0
2024-04-07 21:00:00,132942.0,37.0,False,37.0
2024-04-07 22:00:00,132976.0,34.0,False,34.0
2024-04-07 23:00:00,133008.0,32.0,False,32.0
2024-04-08 00:00:00,133033.0,25.0,False,25.0
2024-04-08 01:00:00,133059.0,26.0,False,26.0
2024-04-08 02:00:00,133079.0,20.0,False,20.0
2024-04-08 03:00:00,133098.0,19.0,False,19.0
2024-04-08 04:00:00,133117.0,19.0,False,19.0
2024-04-08 05:00:00,133137.0,20.0,False,20.0
2024-04-08 06:00:00,133155.0,18.0,False,18.0
2024-04-08 07:00:00,133175.0,20.0,False,20.0
2024-04-08 08:00:00,133195.0,20.0,False,20.0
2024-04-08 09:00:00,133223.0,28.0,False,28.0
2024-04-08 10:00:00,133259.0,36.0,False,36.0
2024-04-08 11:00:00,133307.0,48.0,False,48.0
2024-04-08 12:00:00,133363.0,56.0,True,31.4
2024-04-08 13:00:00,133411.0,48.0,False,48.0
2024-04-08 14:00:00,133462.0,51.0,True,30.67
2024-04-08 15:00:00,133519.0,57.0,True,29.4
2024-04-08 16:00:00,133573.0,54.0,True,29.0
2024-04-08 17:00:00,133627.0,54.0,True,31.6
2024-04-08 18:00:00,133665.0,38.0,False,38.0
2024-04-08 19:00:00,133701.0,36.0,False,36.0
2024-04-08 20:00:00,133739.0,38.0,False,38.0
2024-04-08 21:00:00,133773.0,34.0,False,34.0
2024-04-08 22:00:00,133808.0,35.0,False,35.0
2024-04-08 23:00:00,133839.0,31.0,False,31.0
2024-04-09 00:00:00,133865.0,26.0,False,26.0
2024-04-09 01:00:00,133890.0,25.0,False,25.0
2024-04-09 02:00:00,133908.0,18.0,False,18.0
2024-04-09 03:00:00,133929.0,21.0,False,21.0
2024-04-09 04:00:00,133948.0,19.0,False,19.0
2024-04-09 05:00:00,133966.0,18.0,False,18.0
2024-04-09 06:00:00,133984.0,18.0,False,18.0
2024-04-09 07:00:00,134005.0,21.0,False,21.0
2024-04-09 08:00:00,134024.0,19.0,False,19.0
2024-04-09 09:00:00,134055.0,31.0,False,31.0
2024-04-09 10:00:00,134090.0,35.0,False,35.0
2024-04-09 11:00:00,134130.0,40.0,False,40.0
2024-04-09 12:00:00,134168.0,38.0,False,38.0
2024-04-09 13:00:00,134200.0,32.0,False,32.0
2024-04-09 14:00:00,134236.0,36.0,False,36.0
2024-04-09 15:00:00,134278.0,42.0,False,42.0
2024-04-09 16:00:00,134328.0,50.0,False,50.0
2024-04-09 17:00:00,134375.0,47.0,False,47.0
2024-04-09 18:00:00,134416.0,41.0,False,41.0
2024-04-09 19:00:00,134456.0,40.0,False,40.0
2024-04-09 20:00:00,134498.0,42.0,False,42.0
2024-04-09 21:00:00,134541.0,43.0,False,43.0
2024-04-09 22:00:00,134580.0,39.0,False,39.0
2024-04-09 23:00:00,134609.0,29.0,False,29.0
2024-04-10 00:00:00,134636.0,27.0,False,27.0
2024-04-10 01:00:00,134656.0,20.0,False,20.0
2024-04-10 02:00:00,134679.0,23.0,False,23.0
2024-04-10 03:00:00,134696.0,17.0,False,17.0
2024-04-10 04:00:00,134714.0,18.0,False,18.0
2024-04-10 05:00:00,134734.0,20.0,False,20.0
2024-04-10 06:00:00,134752.0,18.0,False,18.0
2024-04-10 07:00:00,134773.0,21.0,False,21.0
2024-04-10 08:00:00,134792.0,19.0,False,19.0
2024-04-10 09:00:00,134820.0,28.0,False,28.0
2024-04-10 10:00:00,134857.0,37.0,False,37.0
2024-04-10 11:00:00,134900.0,43.0,False,43.0
2024-04-10 12:00:00,134939.0,39.0,False,39.0
2024-04-10 13:00:00,134978.0,39.0,False,39.0
2024-04-10 14:00:00,135017.0,39.0,False,39.0
2024-04-10 15:00:00,135062.0,45.0,False,45.0
2024-04-10 16:00:00,135111.0,49.0,False,49.0
2024-04-10 17:00:00,135157.0,46.0,False,46.0
2024-04-10 18:00:00,135204.0,47.0,False,47.0
2024-04-10 19:00:00,135247.0,43.0,False,43.0
2024-04-10 20:00:00,135288.0,41.0,False,41.0
2024-04-10 21:00:00,135326.0,38.0,False,38.0
2024-04-10 22:00:00,135360.0,34.0,False,34.0
2024-04-10 23:00:00,135392.0,32.0,False,32.0
2024-04-11 00:00:00,135420.0,28.0,False,28.0
2024-04-11 01:00:00,135445.0,25.0,False,25.0
2024-04-11 02:00:00,135468.0,23.0,False,23.0
2024-04-11 03:00:00,135487.0,19.0,False,19.0
2024-04-11 04:00:00,135508.0,21.0,False,21.0
2024-04-11 05:00:00,135527.0,19.0,False,19.0
2024-04-11 06:00:00,135548.0,21.0,False,21.0
2024-04-11 07:00:00,135561.0,13.0,False,13.0
2024-04-11 08:00:00,135589.0,28.0,False,28.0
2024-04-11 09:00:00,135620.0,31.0,False,31.0
2024-04-11 10:00:00,135660.0,40.0,False,40.0
2024-04-11 11:00:00,135704.0,44.0,False,44.0
2024-04-11 12:00:00,135748.0,44.0,False,44.0
2024-04-11 13:00:00,135787.0,39.0,False,39.0
2024-04-11 14:00:00,135827.0,40.0,False,40.0
2024-04-11 15:00:00,135873.0,46.0,False,46.0
2024-04-11 16:00:00,135919.0,46.0,False,46.0
2024-04-11 17:00:00,135966.0,47.0,False,47.0
2024-04-11 18:00:00,136012.0,46.0,False,46.0
2024-04-11 19:00:00,136055.0,43.0,False,43.0
2024-04-11 20:00:00,136097.0,42.0,False,42.0
2024-04-11 21:00:00,136139.0,42.0,False,42.0
2024-04-11 22:00:00,136175.0,36.0,False,36.0
2024-04-11 23:00:00,136210.0,35.0,False,35.0
2024-04-12 00:00:00,136240.0,30.0,False,30.0
2024-04-12 01:00:00,136266.0,26.0,False,26.0
2024-04-12 02:00:00,136290.0,24.0,False,24.0
2024-04-12 03:00:00,136312.0,22.0,False,22.0
2024-04-12 04:00:00,136333.0,21.0,False,21.0
2024-04-12 05:00:00,136353.0,20.0,False,20.0
2024-04-12 06:00:00,136372.0,19.0,False,19.0
2024-04-12 07:00:00,136392.0,20.0,False,20.0
2024-04-12 08:00:00,136414.0,22.0,False,22.0
2024-04-12 09:00:00,136444.0,30.0,False,30.0
2024-04-12 10:00:00,136487.0,43.0,False,43.0
2024-04-12 11:00:00,136528.0,41.0,False,41.0
2024-04-12 12:00:00,136570.0,42.0,False,42.0
2024-04-12 13:00:00,136611.0,41.0,False,41.0
2024-04-12 14:00:00,136651.0,40.0,False,40.0
2024-04-12 15:00:00,136698.0,47.0,False,47.0
2024-04-12 16:00:00,136752.0,54.0,False,54.0
2024-04-12 17:00:00,136803.0,51.0,False,51.0
2024-04-12 18:00:00,136853.0,50.0,False,50.0
2024-04-12 19:00:00,136895.0,42.0,False,42.0
2024-04-12 20:00:00,136933.0,38.0,False,38.0
2024-04-12 21:00:00,136973.0,40.0,False,40.0
2024-04-12 22:00:00,137013.0,40.0,False,40.0
2024-04-12 23:00:00,137047.0,34.0,False,34.0
2024-04-13 00:00:00,137077.0,30.0,False,30.0
2024-04-13 01:00:00,137103.0,26.0,False,26.0
2024-04-13 02:00:00,137128.0,25.0,False,25.0
2024-04-13 03:00:00,137151.0,23.0,False,23.0
2024-04-13 04:00:00,137173.0,22.0,False,22.0
2024-04-13 05:00:00,137196.0,23.0,False,23.0
2024-04-13 06:00:00,137216.0,20.0,False,20.0
2024-04-13 07:00:00,137236.0,20.0,False,20.0
2024-04-13 08:00:00,137260.0,24.0,False,24.0
2024-04-13 09:00:00,137285.0,25.0,False,25.0
2024-04-13 10:00:00,137316.0,31.0,False,31.0
2024-04-13 11:00:00,137353.0,37.0,False,37.0
2024-04-13 12:00:00,137388.0,35.0,False,35.0
2024-04-13 13:00:00,137421.0,33.0,False,33.0
2024-04-13 14:00:00,137453.0,32.0,False,32.0
2024-04-13 15:00:00,137484.0,31.0,False,31.0
2024-04-13 16:00:00,137517.0,33.0,False,33.0
2024-04-13 17:00:00,137552.0,35.0,False,35.0
2024-04-13 18:00:00,137584.0,32.0,False,32.0
2024-04-13 19:00:00,137614.0,30.0,False,30.0
2024-04-13 20:00:00,137646.0,32.0,False,32.0
2024-04-13 21:00:00,137678.0,32.0,False,32.0
2024-04-13 22:00:00,137709.0,31.0,False,31.0
2024-04-13 23:00:00,137740.0,31.0,False,31.0
2024-04-14 00:00:00,137766.0,26.0,False,26.0
2024-04-14 01:00:00,137788.0,22.0,False,22.0
2024-04-14 02:00:00,137810.0,22.0,False,22.0
2024-04-14 03:00:00,137829.0,19.0,False,19.0
2024-04-14 04:00:00,137850.0,21.0,False,21.0
2024-04-14 05:00:00,137869.0,19.0,False,19.0
2024-04-14 06:00:00,137889.0,20.0,False,20.0
2024-04-14 07:00:00,137910.0,21.0,False,21.0
2024-04-14 08:00:00,137931.0,21.0,False,21.0
2024-04-14 09:00:00,137952.0,21.0,False,21.0
2024-04-14 10:00:00,137981.0,29.0,False,29.0
2024-04-14 11:00:00,138014.0,33.0,False,33.0
2024-04-14 12:00:00,138052.0,38.0,False,38.0
2024-04-14 13:00:00,138084.0,32.0,False,32.0
2024-04-14 14:00:00,138118.0,34.0,False,34.0
2024-04-14 15:00:00,138159.0,41.0,False,41.0
2024-04-14 16:00:00,138199.0,40.0,False,40.0
2024-04-14 17:00:00,138239.0,40.0,False,40.0
2024-04-14 18:00:00,138279.0,40.0,False,40.0
2024-04-14 19:00:00,138314.0,35.0,False,35.0
2024-04-14 20:00:00,138348.0,34.0,False,34.0
2024-04-14 21:00:00,138383.0,35.0,False,35.0
2024-04-14 22:00:00,138418.0,35.0,False,35.0
2024-04-14 23:00:00,138452.0,34.0,False,34.0
2024-04-15 00:00:00,138482.0,30.0,False,30.0
2024-04-15 01:00:00,138507.0,25.0,False,25.0
2024-04-15 02:00:00,138530.0,23.0,False,23.0
2024-04-15 03:00:00,138552.0,22.0,False,22.0
2024-04-15 04:00:00,138574.0,22.0,False,22.0
2024-04-15 05:00:00,138596.0,22.0,False,22.0
2024-04-15 06:00:00,138615.0,19.0,False,19.0
2024-04-15 07:00:00,138638.0,23.0,False,23.0
2024-04-15 08:00:00,138660.0,22.0,False,22.0
2024-04-15 09:00:00,138694.0,34.0,False,34.0
2024-04-15 10:00:00,138733.0,39.0,False,39.0
2024-04-15 11:00:00,138777.0,44.0,False,44.0
2024-04-15 12:00:00,138823.0,46.0,False,46.0
2024-04-15 13:00:00,138861.0,38.0,False,38.0
2024-04-15 14:00:00,138903.0,42.0,False,42.0
2024-04-15 15:00:00,138947.0,44.0,False,44.0
2024-04-15 16:00:00,138999.0,52.0,False,52.0
2024-04-15 17:00:00,139049.0,50.0,False,50.0
2024-04-15 18:00:00,139096.0,47.0,False,47.0
2024-04-15 19:00:00,139143.0,47.0,False,47.0
2024-04-15 20:00:00,139186.0,43.0,False,43.0
2024-04-15 21:00:00,139228.0,42.0,False,42.0
2024-04-15 22:00:00,139268.0,40.0,False,40.0
2024-04-15 23:00:00,139304.0,36.0,False,36.0
2024-04-16 00:00:00,139336.0,32.0,False,32.0
2024-04-16 01:00:00,139362.0,26.0,False,26.0
2024-04-16 02:00:00,139387.0,25.0,False,25.0
2024-04-16 03:00:00,139410.0,23.0,False,23.0
2024-04-16 04:00:00,139435.0,25.0,False,25.0
2024-04-16 05:00:00,139457.0,22.0,False,22.0
2024-04-16 06:00:00,139479.0,22.0,False,22.0
2024-04-16 07:00:00,139501.0,22.0,False,22.0
2024-04-16 08:00:00,139527.0,26.0,False,26.0
2024-04-16 09:00:00,139560.0,33.0,False,33.0
2024-04-16 10:00:00,139607.0,47.0,False,47.0
2024-04-16 11:00:00,139650.0,43.0,False,43.0
2024-04-16 12:00:00,139690.0,40.0,False,40.0
2024-04-16 13:00:00,139732.0,42.0,False,42.0
2024-04-16 14:00:00,139774.0,42.0,False,42.0
2024-04-16 15:00:00,139817.0,43.0,False,43.0
2024-04-16 16:00:00,139864.0,47.0,False,47.0
2024-04-16 17:00:00,139912.0,48.0,False,48.0
2024-04-16 18:00:00,139957.0,45.0,False,45.0
2024-04-16 19:00:00,140002.0,45.0,False,45.0
2024-04-16 20:00:00,140046.0,44.0,False,44.0
2024-04-16 21:00:00,140091.0,45.0,False,45.0
2024-04-16 22:00:00,140134.0,43.0,False,43.0
2024-04-16 23:00:00,140170.0,36.0,False,36.0
2024-04-17 00:00:00,140200.0,30.0,False,30.0
2024-04-17 01:00:00,140225.0,25.0,False,25.0
2024-04-17 02:00:00,140249.0,24.0,False,24.0
2024-04-17 03:00:00,140273.0,24.0,False,24.0
2024-04-17 04:00:00,140298.0,25.0,False,25.0
2024-04-17 05:00:00,140321.0,23.0,False,23.0
2024-04-17 06:00:00,140343.0,22.0,False,22.0
2024-04-17 07:00:00,140369.0,26.0,False,26.0
2024-04-17 08:00:00,140393.0,24.0,False,24.0
2024-04-17 09:00:00,140426.0,33.0,False,33.0
2024-04-17 10:00:00,140471.0,45.0,False,45.0
2024-04-17 11:00:00,140516.0,45.0,False,45.0
2024-04-17 12:00:00,140563.0,47.0,False,47.0
2024-04-17 13:00:00,140604.0,41.0,False,41.0
2024-04-17 14:00:00,140644.0,40.0,False,40.0
2024-04-17 15:00:00,140692.0,48.0,False,48.0
2024-04-17 16:00:00,140743.0,51.0,False,51.0
2024-04-17 17:00:00,140798.0,55.0,False,55.0
2024-04-17 18:00:00,140851.0,53.0,False,53.0
2024-04-17 19:00:00,140895.0,44.0,False,44.0
2024-04-17 20:00:00,140941.0,46.0,False,46.0
2024-04-17 21:00:00,140985.0,44.0,False,44.0
2024-04-17 22:00:00,141025.0,40.0,False,40.0
2024-04-17 23:00:00,141061.0,36.0,False,36.0
2024-04-18 00:00:00,141090.0,29.0,False,29.0
2024-04-18 01:00:00,141115.0,25.0,False,25.0
2024-04-18 02:00:00,141136.0,21.0,False,21.0
2024-04-18 03:00:00,141159.0,23.0,False,23.0
2024-04-18 04:00:00,141179.0,20.0,False,20.0
2024-04-18 05:00:00,141201.0,22.0,False,22.0
2024-04-18 06:00:00,141220.0,19.0,False,19.0
2024-04-18 07:00:00,141243.0,23.0,False,23.0
2024-04-18 08:00:00,141267.0,24.0,False,24.0
2024-04-18 09:00:00,141302.0,35.0,False,35.0
2024-04-18 10:00:00,141348.0,46.0,False,46.0
2024-04-18 11:00:00,141404.0,56.0,False,56.0
2024-04-18 12:00:00,141449.0,45.0,False,45.0
2024-04-18 13:00:00,141491.0,42.0,False,42.0
2024-04-18 14:00:00,141532.0,41.0,False,41.0
2024-04-18 15:00:00,141583.0,51.0,False,51.0
2024-04-18 16:00:00,141634.0,51.0,False,51.0
2024-04-18 17:00:00,141686.0,52.0,False,52.0
2024-04-18 18:00:00,141735.0,49.0,False,49.0
2024-04-18 19:00:00,141780.0,45.0,False,45.0
2024-04-18 20:00:00,141823.0,43.0,False,43.0
2024-04-18 21:00:00,141865.0,42.0,False,42.0
2024-04-18 22:00:00,141906.0,41.0,False,41.0
2024-04-18 23:00:00,141940.0,34.0,False,34.0
2024-04-19 00:00:00,141966.0,26.0,False,26.0
2024-04-19 01:00:00,141991.0,25.0,False,25.0
2024-04-19 02:00:00,142010.0,19.0,False,19.0
2024-04-19 03:00:00,142030.0,20.0,False,20.0
2024-04-19 04:00:00,142050.0,20.0,False,20.0
2024-04-19 05:00:00,142069.0,19.0,False,19.0
2024-04-19 06:00:00,142087.0,18.0,False,18.0
2024-04-19 07:00:00,142108.0,21.0,False,21.0
2024-04-19 08:00:00,142129.0,21.0,False,21.0
2024-04-19 09:00:00,142155.0,26.0,False,26.0
2024-04-19 10:00:00,142196.0,41.0,False,41.0
2024-04-19 11:00:00,142235.0,39.0,False,39.0
2024-04-19 12:00:00,142278.0,43.0,False,43.0
2024-04-19 13:00:00,142314.0,36.0,False,36.0
2024-04-19 14:00:00,142347.0,33.0,False,33.0
2024-04-19 15:00:00,142387.0,40.0,False,40.0
2024-04-19 16:00:00,142432.0,45.0,False,45.0
2024-04-19 17:00:00,142478.0,46.0,False,46.0
2024-04-19 18:00:00,142530.0,52.0,False,52.0
2024-04-19 19:00:00,142570.0,40.0,False,40.0
2024-04-19 20:00:00,142609.0,39.0,False,39.0
2024-04-19 21:00:00,142644.0,35.0,False,35.0
2024-04-19 22:00:00,142678.0,34.0,False,34.0
2024-04-19 23:00:00,142713.0,35.0,False,35.0
2024-04-20 00:00:00,142740.0,27.0,False,27.0
2024-04-20 01:00:00,142762.0,22.0,False,22.0
2024-04-20 02:00:00,142781.0,19.0,False,19.0
2024-04-20 03:00:00,142801.0,20.0,False,20.0
2024-04-20 04:00:00,142818.0,17.0,False,17.0
2024-04-20 05:00:00,142837.0,19.0,False,19.0
2024-04-20 06:00:00,142855.0,18.0,False,18.0
2024-04-20 07:00:00,142877.0,22.0,False,22.0
2024-04-20 08:00:00,142894.0,17.0,False,17.0
2024-04-20 09:00:00,142915.0,21.0,False,21.0
2024-04-20 10:00:00,142941.0,26.0,False,26.0
2024-04-20 11:00:00,142973.0,32.0,False,32.0
2024-04-20 12:00:00,143004.0,31.0,False,31.0
2024-04-20 13:00:00,143035.0,31.0,False,31.0
2024-04-20 14:00:00,143065.0,30.0,False,30.0
2024-04-20 15:00:00,143096.0,31.0,False,31.0
2024-04-20 16:00:00,143131.0,35.0,False,35.0
2024-04-20 17:00:00,143161.0,30.0,False,30.0
2024-04-20 18:00:00,143196.0,35.0,False,35.0
2024-04-20 19:00:00,143225.0,29.0,False,29.0
2024-04-20 20:00:00,143261.0,36.0,False,36.0
2024-04-20 21:00:00,143296.0,35.0,False,35.0
2024-04-20 22:00:00,143329.0,33.0,False,33.0
2024-04-20 23:00:00,143361.0,32.0,False,32.0
2024-04-21 00:00:00,143388.0,27.0,False,27.0
2024-04-21 01:00:00,143410.0,22.0,False,22.0
2024-04-21 02:00:00,143429.0,19.0,False,19.0
2024-04-21 03:00:00,143447.0,18.0,False,18.0
2024-04-21 04:00:00,143466.0,19.0,False,19.0
2024-04-21 05:00:00,143485.0,19.0,False,19.0
2024-04-21 06:00:00,143504.0,19.0,False,19.0
2024-04-21 07:00:00,143522.0,18.0,False,18.0
2024-04-21 08:00:00,143540.0,18.0,False,18.0
2024-04-21 09:00:00,143563.0,23.0,False,23.0
2024-04-21 10:00:00,143593.0,30.0,False,30.0
2024-04-21 11:00:00,143626.0,33.0,False,33.0
2024-04-21 12:00:00,143660.0,34.0,False,34.0
2024-04-21 13:00:00,143693.0,33.0,False,33.0
2024-04-21 14:00:00,143728.0,35.0,False,35.0
2024-04-21 15:00:00,143770.0,42.0,False,42.0
2024-04-21 16:00:00,143816.0,46.0,False,46.0
2024-04-21 17:00:00,143861.0,45.0,False,45.0
2024-04-21 18:00:00,143902.0,41.0,False,41.0
2024-04-21 19:00:00,143939.0,37.0,False,37.0
2024-04-21 20:00:00,143976.0,37.0,False,37.0
2024-04-21 21:00:00,144010.0,34.0,False,34.0
2024-04-21 22:00:00,144043.0,33.0,False,33.0
2024-04-21 23:00:00,144073.0,30.0,False,30.0
2024-04-22 00:00:00,144099.0,26.0,False,26.0
2024-04-22 01:00:00,144121.0,22.0,False,22.0
2024-04-22 02:00:00,144140.0,19.0,False,19.0
2024-04-22 03:00:00,144161.0,21.0,False,21.0
2024-04-22 04:00:00,144179.0,18.0,False,18.0
2024-04-22 05:00:00,144198.0,19.0,False,19.0
2024-04-22 06:00:00,144215.0,17.0,False,17.0
2024-04-22 07:00:00,144236.0,21.0,False,21.0
2024-04-22 08:00:00,144255.0,19.0,False,19.0
2024-04-22 09:00:00,144287.0,32.0,False,32.0
2024-04-22 10:00:00,144329.0,42.0,False,42.0
2024-04-22 11:00:00,144372.0,43.0,False,43.0
2024-04-22 12:00:00,144414.0,42.0,False,42.0
2024-04-22 13:00:00,144451.0,37.0,False,37.0
2024-04-22 14:00:00,144488.0,37.0,False,37.0
2024-04-22 15:00:00,144532.0,44.0,False,44.0
2024-04-22 16:00:00,144585.0,53.0,False,53.0
2024-04-22 17:00:00,144640.0,55.0,False,55.0
2024-04-22 18:00:00,144693.0,53.0,False,53.0
2024-04-22 19:00:00,144735.0,42.0,False,42.0
2024-04-22 20:00:00,144776.0,41.0,False,41.0
2024-04-22 21:00:00,144815.0,39.0,False,39.0
2024-04-22 22:00:00,144858.0,43.0,False,43.0
2024-04-22 23:00:00,144893.0,35.0,False,35.0
2024-04-23 00:00:00,144923.0,30.0,False,30.0
2024-04-23 01:00:00,144948.0,25.0,False,25.0
2024-04-23 02:00:00,144972.0,24.0,False,24.0
2024-04-23 03:00:00,144994.0,22.0,False,22.0
2024-04-23 04:00:00,145016.0,22.0,False,22.0
2024-04-23 05:00:00,145038.0,22.0,False,22.0
2024-04-23 06:00:00,145057.0,19.0,False,19.0
2024-04-23 07:00:00,145080.0,23.0,False,23.0
2024-04-23 08:00:00,145101.0,21.0,False,21.0
2024-04-23 09:00:00,145132.0,31.0,False,31.0
2024-04-23 10:00:00,145169.0,37.0,False,37.0
2024-04-23 11:00:00,145208.0,39.0,False,39.0
2024-04-23 12:00:00,145249.0,41.0,False,41.0
2024-04-23 13:00:00,145290.0,41.0,False,41.0
2024-04-23 14:00:00,145330.0,40.0,False,40.0
2024-04-23 15:00:00,145379.0,49.0,False,49.0
2024-04-23 16:00:00,145438.0,59.0,False,59.0
2024-04-23 17:00:00,145499.0,61.0,False,61.0
2024-04-23 18:00:00,145554.0,55.0,False,55.0
2024-04-23 19:00:00,145603.0,49.0,False,49.0
2024-04-23 20:00:00,145651.0,48.0,False,48.0
2024-04-23 21:00:00,145701.0,50.0,False,50.0
2024-04-23 22:00:00,145745.0,44.0,False,44.0
2024-04-23 23:00:00,145783.0,38.0,False,38.0
2024-04-24 00:00:00,145814.0,31.0,False,31.0
2024-04-24 01:00:00,145839.0,25.0,False,25.0
2024-04-24 02:00:00,145863.0,24.0,False,24.0
2024-04-24 03:00:00,145885.0,22.0,False,22.0
2024-04-24 04:00:00,145907.0,22.0,False,22.0
2024-04-24 05:00:00,145929.0,22.0,False,22.0
2024-04-24 06:00:00,145950.0,21.0,False,21.0
2024-04-24 07:00:00,145972.0,22.0,False,22.0
2024-04-24 08:00:00,145995.0,23.0,False,23.0
2024-04-24 09:00:00,146027.0,32.0,False,32.0
2024-04-24 10:00:00,146068.0,41.0,False,41.0
2024-04-24 11:00:00,146111.0,43.0,False,43.0
2024-04-24 12:00:00,146158.0,47.0,False,47.0
2024-04-24 13:00:00,146201.0,43.0,False,43.0
2024-04-24 14:00:00,146242.0,41.0,False,41.0
2024-04-24 15:00:00,146305.0,63.0,False,63.0
2024-04-24 16:00:00,146378.0,73.0,True,48.57
2024-04-24 17:00:00,146449.0,71.0,True,49.14
2024-04-24 18:00:00,146521.0,72.0,True,48.29
2024-04-24 19:00:00,146570.0,49.0,False,49.0
2024-04-24 20:00:00,146611.0,41.0,False,41.0
2024-04-24 21:00:00,146656.0,45.0,False,45.0
2024-04-24 22:00:00,146701.0,45.0,False,45.0
2024-04-24 23:00:00,146740.0,39.0,False,39.0
2024-04-25 00:00:00,146770.0,30.0,False,30.0
2024-04-25 01:00:00,146796.0,26.0,False,26.0
2024-04-25 02:00:00,146819.0,23.0,False,23.0
2024-04-25 03:00:00,146840.0,21.0,False,21.0
2024-04-25 04:00:00,146860.0,20.0,False,20.0
2024-04-25 05:00:00,146879.0,19.0,False,19.0
2024-04-25 06:00:00,146900.0,21.0,False,21.0
2024-04-25 07:00:00,146923.0,23.0,False,23.0
2024-04-25 08:00:00,146944.0,21.0,False,21.0
2024-04-25 09:00:00,146974.0,30.0,False,30.0
2024-04-25 10:00:00,147013.0,39.0,False,39.0
2024-04-25 11:00:00,147058.0,45.0,False,45.0
2024-04-25 12:00:00,147104.0,46.0,False,46.0
2024-04-25 13:00:00,147143.0,39.0,False,39.0
2024-04-25 14:00:00,147187.0,44.0,False,44.0
2024-04-25 15:00:00,147245.0,58.0,False,58.0
2024-04-25 16:00:00,147310.0,65.0,False,65.0
2024-04-25 17:00:00,147377.0,67.0,False,67.0
2024-04-25 18:00:00,147443.0,66.0,False,66.0
2024-04-25 19:00:00,147496.0,53.0,False,53.0
2024-04-25 20:00:00,147549.0,53.0,False,53.0
2024-04-25 21:00:00,147594.0,45.0,False,45.0
2024-04-25 22:00:00,147638.0,44.0,False,44.0
2024-04-25 23:00:00,147680.0,42.0,False,42.0
2024-04-26 00:00:00,147717.0,37.0,False,37.0
2024-04-26 01:00:00,147742.0,25.0,False,25.0
2024-04-26 02:00:00,147768.0,26.0,False,26.0
2024-04-26 03:00:00,147792.0,24.0,False,24.0
2024-04-26 04:00:00,147815.0,23.0,False,23.0
2024-04-26 05:00:00,147836.0,21.0,False,21.0
2024-04-26 06:00:00,147858.0,22.0,False,22.0
2024-04-26 07:00:00,147882.0,24.0,False,24.0
2024-04-26 08:00:00,147905.0,23.0,False,23.0
2024-04-26 09:00:00,147938.0,33.0,False,33.0
2024-04-26 10:00:00,147985.0,47.0,False,47.0
2024-04-26 11:00:00,148032.0,47.0,False,47.0
2024-04-26 12:00:00,148083.0,51.0,False,51.0
2024-04-26 13:00:00,148131.0,48.0,False,48.0
2024-04-26 14:00:00,148182.0,51.0,False,51.0
2024-04-26 15:00:00,148236.0,54.0,False,54.0
2024-04-26 16:00:00,148295.0,59.0,False,59.0
2024-04-26 17:00:00,148355.0,60.0,False,60.0
2024-04-26 18:00:00,148415.0,60.0,False,60.0
2024-04-26 19:00:00,148466.0,51.0,False,51.0
2024-04-26 20:00:00,148510.0,44.0,False,44.0
2024-04-26 21:00:00,148552.0,42.0,False,42.0
2024-04-26 22:00:00,148591.0,39.0,False,39.0
2024-04-26 23:00:00,148631.0,40.0,False,40.0
2024-04-27 00:00:00,148665.0,34.0,False,34.0
2024-04-27 01:00:00,148688.0,23.0,False,23.0
2024-04-27 02:00:00,148707.0,19.0,False,19.0
2024-04-27 03:00:00,148727.0,20.0,False,20.0
2024-04-27 04:00:00,148745.0,18.0,False,18.0
2024-04-27 05:00:00,148763.0,18.0,False,18.0
2024-04-27 06:00:00,148781.0,18.0,False,18.0
2024-04-27 07:00:00,148801.0,20.0,False,20.0
2024-04-27 08:00:00,148820.0,19.0,False,19.0
2024-04-27 09:00:00,148841.0,21.0,False,21.0
2024-04-27 10:00:00,148872.0,31.0,False,31.0
2024-04-27 11:00:00,148908.0,36.0,False,36.0
2024-04-27 12:00:00,148944.0,36.0,False,36.0
2024-04-27 13:00:00,148976.0,32.0,False,32.0
2024-04-27 14:00:00,149009.0,33.0,False,33.0
2024-04-27 15:00:00,149047.0,38.0,False,38.0
2024-04-27 16:00:00,149086.0,39.0,False,39.0
2024-04-27 17:00:00,149128.0,42.0,False,42.0
2024-04-27 18:00:00,149165.0,37.0,False,37.0
2024-04-27 19:00:00,149203.0,38.0,False,38.0
2024-04-27 20:00:00,149238.0,35.0,False,35.0
2024-04-27 21:00:00,149272.0,34.0,False,34.0
2024-04-27 22:00:00,149310.0,38.0,False,38.0
2024-04-27 23:00:00,149347.0,37.0,False,37.0
2024-04-28 00:00:00,149380.0,33.0,False,33.0
2024-04-28 01:00:00,149407.0,27.0,False,27.0
2024-04-28 02:00:00,149429.0,22.0,False,22.0
2024-04-28 03:00:00,149452.0,23.0,False,23.0
2024-04-28 04:00:00,149472.0,20.0,False,20.0
2024-04-28 05:00:00,149492.0,20.0,False,20.0
2024-04-28 06:00:00,149510.0,18.0,False,18.0
2024-04-28 07:00:00,149529.0,19.0,False,19.0
2024-04-28 08:00:00,149552.0,23.0,False,23.0
2024-04-28 09:00:00,149582.0,30.0,False,30.0
2024-04-28 10:00:00,149622.0,40.0,False,40.0
2024-04-28 11:00:00,149669.0,47.0,False,47.0
2024-04-28 12:00:00,149719.0,50.0,False,50.0
2024-04-28 13:00:00,149768.0,49.0,False,49.0
2024-04-28 14:00:00,149816.0,48.0,False,48.0
2024-04-28 15:00:00,149878.0,62.0,False,62.0
2024-04-28 16:00:00,149947.0,69.0,False,69.0
2024-04-28 17:00:00,150017.0,70.0,False,70.0
2024-04-28 18:00:00,150083.0,66.0,False,66.0
2024-04-28 19:00:00,150133.0,50.0,False,50.0
2024-04-28 20:00:00,150180.0,47.0,False,47.0
2024-04-28 21:00:00,150229.0,49.0,False,49.0
2024-04-28 22:00:00,150276.0,47.0,False,47.0
2024-04-28 23:00:00,150315.0,39.0,False,39.0
2024-04-29 00:00:00,150346.0,31.0,False,31.0
2024-04-29 01:00:00,150372.0,26.0,False,26.0
2024-04-29 02:00:00,150392.0,20.0,False,20.0
2024-04-29 03:00:00,150412.0,20.0,False,20.0
2024-04-29 04:00:00,150431.0,19.0,False,19.0
2024-04-29 05:00:00,150450.0,19.0,False,19.0
2024-04-29 06:00:00,150470.0,20.0,False,20.0
2024-04-29 07:00:00,150491.0,21.0,False,21.0
2024-04-29 08:00:00,150513.0,22.0,False,22.0
2024-04-29 09:00:00,150543.0,30.0,False,30.0
2024-04-29 10:00:00,150579.0,36.0,False,36.0
2024-04-29 11:00:00,150617.0,38.0,False,38.0
2024-04-29 12:00:00,150655.0,38.0,False,38.0
2024-04-29 13:00:00,150690.0,35.0,False,35.0
2024-04-29 14:00:00,150723.0,33.0,False,33.0
2024-04-29 15:00:00,150760.0,37.0,False,37.0
2024-04-29 16:00:00,150804.0,44.0,False,44.0
2024-04-29 17:00:00,150850.0,46.0,False,46.0
2024-04-29 18:00:00,150891.0,41.0,False,41.0
2024-04-29 19:00:00,150929.0,38.0,False,38.0
2024-04-29 20:00:00,150964.0,35.0,False,35.0
2024-04-29 21:00:00,151001.0,37.0,False,37.0
2024-04-29 22:00:00,151032.0,31.0,False,31.0
2024-04-29 23:00:00,151060.0,28.0,False,28.0
2024-04-30 00:00:00,151084.0,24.0,False,24.0
2024-04-30 01:00:00,151103.0,19.0,False,19.0
2024-04-30 02:00:00,151121.0,18.0,False,18.0
2024-04-30 03:00:00,151140.0,19.0,False,19.0
2024-04-30 04:00:00,151158.0,18.0,False,18.0
2024-04-30 05:00:00,151176.0,18.0,False,18.0
2024-04-30 06:00:00,151192.0,16.0,False,16.0
2024-04-30 07:00:00,151209.0,17.0,False,17.0
2024-04-30 08:00:00,151228.0,19.0,False,19.0
2024-04-30 09:00:00,151252.0,24.0,False,24.0
2024-04-30 10:00:00,151281.0,29.0,False,29.0
2024-04-30 11:00:00,151315.0,34.0,False,34.0
2024-04-30 12:00:00,151351.0,36.0,False,36.0
2024-04-30 13:00:00,,,False,41.0
2024-04-30 14:00:00,151406.0,,False,41.43
2024-04-30 15:00:00,151439.0,33.0,False,33.0
2024-04-30 16:00:00,151477.0,38.0,False,38.0
2024-04-30 17:00:00,151517.0,40.0,False,40.0
2024-04-30 18:00:00,151551.0,34.0,False,34.0
2024-04-30 19:00:00,151579.0,28.0,False,28.0
2024-04-30 20:00:00,151609.0,30.0,False,30.0
2024-04-30 21:00:00,151635.0,26.0,False,26.0
2024-04-30 22:00:00,151661.0,26.0,False,26.0
2024-04-30 23:00:00,151688.0,27.0,False,27.0
2024-05-01 00:00:00,151709.0,21.0,False,21.0
2024-05-01 01:00:00,151728.0,19.0,False,19.0
2024-05-01 02:00:00,151747.0,19.0,False,19.0
2024-05-01 03:00:00,151764.0,17.0,False,17.0
2024-05-01 04:00:00,151784.0,20.0,False,20.0
2024-05-01 05:00:00,151801.0,17.0,False,17.0
2024-05-01 06:00:00,151818.0,17.0,False,17.0
2024-05-01 07:00:00,151837.0,19.0,False,19.0
2024-05-01 08:00:00,151857.0,20.0,False,20.0
2024-05-01 09:00:00,151877.0,20.0,False,20.0
2024-05-01 10:00:00,151898.0,21.0,False,21.0
2024-05-01 11:00:00,151922.0,24.0,False,24.0
2024-05-01 12:00:00,151942.0,20.0,False,20.0
2024-05-01 13:00:00,151967.0,25.0,False,25.0
2024-05-01 14:00:00,151990.0,23.0,False,23.0
2024-05-01 15:00:00,152013.0,23.0,False,23.0
2024-05-01 16:00:00,152039.0,26.0,False,26.0
2024-05-01 17:00:00,152063.0,24.0,False,24.0
2024-05-01 18:00:00,152088.0,25.0,False,25.0
2024-05-01 19:00:00,152111.0,23.0,False,23.0
2024-05-01 20:00:00,152132.0,21.0,False,21.0
2024-05-01 21:00:00,152153.0,21.0,False,21.0
2024-05-01 22:00:00,152176.0,23.0,False,23.0
2024-05-01 23:00:00,152200.0,24.0,False,24.0
2024-05-02 00:00:00,152221.0,21.0,False,21.0
2024-05-02 01:00:00,152240.0,19.0,False,19.0
2024-05-02 02:00:00,152258.0,18.0,False,18.0
2024-05-02 03:00:00,152277.0,19.0,False,19.0
2024-05-02 04:00:00,152294.0,17.0,False,17.0
2024-05-02 05:00:00,152311.0,17.0,False,17.0
2024-05-02 06:00:00,152328.0,17.0,False,17.0
2024-05-02 07:00:00,152347.0,19.0,False,19.0
2024-05-02 08:00:00,152365.0,18.0,False,18.0
2024-05-02 09:00:00,152382.0,17.0,False,17.0
2024-05-02 10:00:00,152401.0,19.0,False,19.0
2024-05-02 11:00:00,152422.0,21.0,False,21.0
2024-05-02 12:00:00,152444.0,22.0,False,22.0
2024-05-02 13:00:00,152465.0,21.0,False,21.0
2024-05-02 14:00:00,152486.0,21.0,False,21.0
2024-05-02 15:00:00,152510.0,24.0,False,24.0
2024-05-02 16:00:00,152531.0,21.0,False,21.0
2024-05-02 17:00:00,152555.0,24.0,False,24.0
2024-05-02 18:00:00,152580.0,25.0,False,25.0
2024-05-02 19:00:00,152602.0,22.0,False,22.0
2024-05-02 20:00:00,152624.0,22.0,False,22.0
2024-05-02 21:00:00,152647.0,23.0,False,23.0
2024-05-02 22:00:00,152670.0,23.0,False,23.0
2024-05-02 23:00:00,152691.0,21.0,False,21.0
2024-05-03 00:00:00,152712.0,21.0,False,21.0
2024-05-03 01:00:00,152729.0,17.0,False,17.0
2024-05-03 02:00:00,152746.0,17.0,False,17.0
2024-05-03 03:00:00,152764.0,18.0,False,18.0
2024-05-03 04:00:00,152780.0,16.0,False,16.0
2024-05-03 05:00:00,152797.0,17.0,False,17.0
2024-05-03 06:00:00,152811.0,14.0,False,14.0
2024-05-03 07:00:00,152828.0,17.0,False,17.0
2024-05-03 08:00:00,152846.0,18.0,False,18.0
2024-05-03 09:00:00,152865.0,19.0,False,19.0
2024-05-03 10:00:00,152883.0,18.0,False,18.0
2024-05-03 11:00:00,152904.0,21.0,False,21.0
2024-05-03 12:00:00,152924.0,20.0,False,20.0
2024-05-03 13:00:00,152944.0,20.0,False,20.0
2024-05-03 14:00:00,152969.0,25.0,False,25.0
2024-05-03 15:00:00,152992.0,23.0,False,23.0
2024-05-03 16:00:00,153015.0,23.0,False,23.0
2024-05-03 17:00:00,153041.0,26.0,False,26.0
2024-05-03 18:00:00,153065.0,24.0,False,24.0
2024-05-03 19:00:00,153089.0,24.0,False,24.0
2024-05-03 20:00:00,153114.0,25.0,False,25.0
2024-05-03 21:00:00,153137.0,23.0,False,23.0
2024-05-03 22:00:00,153159.0,22.0,False,22.0
2024-05-03 23:00:00,153182.0,23.0,False,23.0
2024-05-04 00:00:00,153204.0,22.0,False,22.0
2024-05-04 01:00:00,153222.0,18.0,False,18.0
2024-05-04 02:00:00,153241.0,19.0,False,19.0
2024-05-04 03:00:00,153258.0,17.0,False,17.0
2024-05-04 04:00:00,153275.0,17.0,False,17.0
2024-05-04 05:00:00,153289.0,14.0,False,14.0
2024-05-04 06:00:00,153305.0,16.0,False,16.0
2024-05-04 07:00:00,153321.0,16.0,False,16.0
2024-05-04 08:00:00,153336.0,15.0,False,15.0
2024-05-04 09:00:00,153353.0,17.0,False,17.0
2024-05-04 10:00:00,153373.0,20.0,False,20.0
2024-05-04 11:00:00,153394.0,21.0,False,21.0
2024-05-04 12:00:00,153416.0,22.0,False,22.0
2024-05-04 13:00:00,153440.0,24.0,False,24.0
2024-05-04 14:00:00,153467.0,27.0,False,27.0
2024-05-04 15:00:00,153489.0,22.0,False,22.0
2024-05-04 16:00:00,153513.0,24.0,False,24.0
2024-05-04 17:00:00,153537.0,24.0,False,24.0
2024-05-04 18:00:00,153563.0,26.0,False,26.0
2024-05-04 19:00:00,153586.0,23.0,False,23.0
2024-05-04 20:00:00,153609.0,23.0,False,23.0
2024-05-04 21:00:00,153636.0,27.0,False,27.0
2024-05-04 22:00:00,153660.0,24.0,False,24.0
2024-05-04 23:00:00,153684.0,24.0,False,24.0
2024-05-05 00:00:00,153706.0,22.0,False,22.0
2024-05-05 01:00:00,153725.0,19.0,False,19.0
2024-05-05 02:00:00,153743.0,18.0,False,18.0
2024-05-05 03:00:00,153759.0,16.0,False,16.0
2024-05-05 04:00:00,153777.0,18.0,False,18.0
2024-05-05 05:00:00,153793.0,16.0,False,16.0
2024-05-05 06:00:00,153810.0,17.0,False,17.0
2024-05-05 07:00:00,153830.0,20.0,False,20.0
2024-05-05 08:00:00,153848.0,18.0,False,18.0
2024-05-05 09:00:00,153866.0,18.0,False,18.0
2024-05-05 10:00:00,153887.0,21.0,False,21.0
2024-05-05 11:00:00,153910.0,23.0,False,23.0
2024-05-05 12:00:00,153935.0,25.0,False,25.0
2024-05-05 13:00:00,153957.0,22.0,False,22.0
2024-05-05 14:00:00,153982.0,25.0,False,25.0
2024-05-05 15:00:00,154010.0,28.0,False,28.0
2024-05-05 16:00:00,154038.0,28.0,False,28.0
2024-05-05 17:00:00,154066.0,28.0,False,28.0
2024-05-05 18:00:00,154092.0,26.0,False,26.0
2024-05-05 19:00:00,154118.0,26.0,False,26.0
2024-05-05 20:00:00,154142.0,24.0,False,24.0
2024-05-05 21:00:00,154171.0,29.0,False,29.0
2024-05-05 22:00:00,154196.0,25.0,False,25.0
2024-05-05 23:00:00,154221.0,25.0,False,25.0
2024-05-06 00:00:00,154241.0,20.0,False,20.0
2024-05-06 01:00:00,154261.0,20.0,False,20.0
2024-05-06 02:00:00,154277.0,16.0,False,16.0
2024-05-06 03:00:00,154293.0,16.0,False,16.0
2024-05-06 04:00:00,154310.0,17.0,False,17.0
2024-05-06 05:00:00,154327.0,17.0,False,17.0
2024-05-06 06:00:00,154341.0,14.0,False,14.0
2024-05-06 07:00:00,154358.0,17.0,False,17.0
2024-05-06 08:00:00,154376.0,18.0,False,18.0
2024-05-06 09:00:00,154402.0,26.0,False,26.0
2024-05-06 10:00:00,154435.0,33.0,False,33.0
2024-05-06 11:00:00,154471.0,36.0,False,36.0
2024-05-06 12:00:00,154508.0,37.0,False,37.0
2024-05-06 13:00:00,154540.0,32.0,False,32.0
2024-05-06 14:00:00,154570.0,30.0,False,30.0
2024-05-06 15:00:00,154611.0,41.0,False,41.0
2024-05-06 16:00:00,154656.0,45.0,True,29.14
2024-05-06 17:00:00,154701.0,45.0,True,30.29
2024-05-06 18:00:00,154744.0,43.0,False,43.0
2024-05-06 19:00:00,154783.0,39.0,False,39.0
2024-05-06 20:00:00,154822.0,39.0,False,39.0
2024-05-06 21:00:00,154862.0,40.0,False,40.0
2024-05-06 22:00:00,154899.0,37.0,False,37.0
2024-05-06 23:00:00,154933.0,34.0,False,34.0
2024-05-07 00:00:00,154962.0,29.0,False,29.0
2024-05-07 01:00:00,154986.0,24.0,False,24.0
2024-05-07 02:00:00,155010.0,24.0,False,24.0
2024-05-07 03:00:00,155032.0,22.0,False,22.0
2024-05-07 04:00:00,155052.0,20.0,False,20.0
2024-05-07 05:00:00,155073.0,21.0,False,21.0
2024-05-07 06:00:00,155094.0,21.0,False,21.0
2024-05-07 07:00:00,155115.0,21.0,False,21.0
2024-05-07 08:00:00,155138.0,23.0,False,23.0
2024-05-07 09:00:00,155167.0,29.0,False,29.0
2024-05-07 10:00:00,155208.0,41.0,False,41.0
2024-05-07 11:00:00,155249.0,41.0,False,41.0
2024-05-07 12:00:00,155288.0,39.0,False,39.0
2024-05-07 13:00:00,155328.0,40.0,False,40.0
2024-05-07 14:00:00,155371.0,43.0,False,43.0
2024-05-07 15:00:00,155416.0,45.0,False,45.0
2024-05-07 16:00:00,155470.0,54.0,False,54.0
2024-05-07 17:00:00,155525.0,55.0,True,27.67
2024-05-07 18:00:00,155592.0,67.0,True,29.0
2024-05-07 19:00:00,155652.0,60.0,True,26.43
2024-05-07 20:00:00,155705.0,53.0,True,26.29
2024-05-07 21:00:00,155754.0,49.0,False,49.0
2024-05-07 22:00:00,155797.0,43.0,False,43.0
2024-05-07 23:00:00,155834.0,37.0,False,37.0
2024-05-08 00:00:00,155865.0,31.0,False,31.0
2024-05-08 01:00:00,155890.0,25.0,False,25.0
2024-05-08 02:00:00,155913.0,23.0,False,23.0
2024-05-08 03:00:00,155937.0,24.0,False,24.0
2024-05-08 04:00:00,155957.0,20.0,False,20.0
2024-05-08 05:00:00,155978.0,21.0,False,21.0
2024-05-08 06:00:00,155999.0,21.0,False,21.0
2024-05-08 07:00:00,156022.0,23.0,False,23.0
2024-05-08 08:00:00,156044.0,22.0,False,22.0
2024-05-08 09:00:00,156077.0,33.0,False,33.0
2024-05-08 10:00:00,156120.0,43.0,False,43.0
2024-05-08 11:00:00,156163.0,43.0,False,43.0
2024-05-08 12:00:00,156209.0,46.0,False,46.0
2024-05-08 13:00:00,156251.0,42.0,False,42.0
2024-05-08 14:00:00,156291.0,40.0,False,40.0
2024-05-08 15:00:00,156336.0,45.0,False,45.0
2024-05-08 16:00:00,156391.0,55.0,False,55.0
2024-05-08 17:00:00,156448.0,57.0,False,57.0
2024-05-08 18:00:00,156498.0,50.0,False,50.0
2024-05-08 19:00:00,156539.0,41.0,False,41.0
2024-05-08 20:00:00,156579.0,40.0,False,40.0
2024-05-08 21:00:00,156621.0,42.0,False,42.0
2024-05-08 22:00:00,156664.0,43.0,False,43.0
2024-05-08 23:00:00,156709.0,45.0,False,45.0
2024-05-09 00:00:00,156746.0,37.0,False,37.0
2024-05-09 01:00:00,156774.0,28.0,False,28.0
2024-05-09 02:00:00,156799.0,25.0,False,25.0
2024-05-09 03:00:00,156822.0,23.0,False,23.0
2024-05-09 04:00:00,156846.0,24.0,False,24.0
2024-05-09 05:00:00,156869.0,23.0,False,23.0
2024-05-09 06:00:00,156891.0,22.0,False,22.0
2024-05-09 07:00:00,156914.0,23.0,False,23.0
2024-05-09 08:00:00,156939.0,25.0,False,25.0
2024-05-09 09:00:00,156970.0,31.0,False,31.0
2024-05-09 10:00:00,157011.0,41.0,False,41.0
2024-05-09 11:00:00,157058.0,47.0,False,47.0
2024-05-09 12:00:00,157105.0,47.0,False,47.0
2024-05-09 13:00:00,157152.0,47.0,False,47.0
2024-05-09 14:00:00,157198.0,46.0,False,46.0
2024-05-09 15:00:00,157247.0,49.0,False,49.0
2024-05-09 16:00:00,157305.0,58.0,False,58.0
2024-05-09 17:00:00,157370.0,65.0,False,65.0
2024-05-09 18:00:00,157427.0,57.0,False,57.0
2024-05-09 19:00:00,157474.0,47.0,False,47.0
2024-05-09 20:00:00,157521.0,47.0,False,47.0
2024-05-09 21:00:00,157565.0,44.0,False,44.0
2024-05-09 22:00:00,157608.0,43.0,False,43.0
2024-05-09 23:00:00,157644.0,36.0,False,36.0
2024-05-10 00:00:00,157676.0,32.0,False,32.0
2024-05-10 01:00:00,157699.0,23.0,False,23.0
2024-05-10 02:00:00,157719.0,20.0,False,20.0
2024-05-10 03:00:00,157740.0,21.0,False,21.0
2024-05-10 04:00:00,157760.0,20.0,False,20.0
2024-05-10 05:00:00,157781.0,21.0,False,21.0
2024-05-10 06:00:00,157801.0,20.0,False,20.0
2024-05-10 07:00:00,157822.0,21.0,False,21.0
2024-05-10 08:00:00,157844.0,22.0,False,22.0
2024-05-10 09:00:00,157875.0,31.0,False,31.0
2024-05-10 10:00:00,157918.0,43.0,False,43.0
2024-05-10 11:00:00,157965.0,47.0,False,47.0
2024-05-10 12:00:00,158014.0,49.0,False,49.0
2024-05-10 13:00:00,158059.0,45.0,False,45.0
2024-05-10 14:00:00,158105.0,46.0,False,46.0
2024-05-10 15:00:00,158156.0,51.0,False,51.0
2024-05-10 16:00:00,158217.0,61.0,False,61.0
2024-05-10 17:00:00,158276.0,59.0,False,59.0
2024-05-10 18:00:00,158334.0,58.0,False,58.0
2024-05-10 19:00:00,158387.0,53.0,False,53.0
2024-05-10 20:00:00,158427.0,40.0,False,40.0
2024-05-10 21:00:00,158463.0,36.0,False,36.0
2024-05-10 22:00:00,158497.0,34.0,False,34.0
2024-05-10 23:00:00,158528.0,31.0,False,31.0
2024-05-11 00:00:00,158554.0,26.0,False,26.0
2024-05-11 01:00:00,158575.0,21.0,False,21.0
2024-05-11 02:00:00,158594.0,19.0,False,19.0
2024-05-11 03:00:00,158613.0,19.0,False,19.0
2024-05-11 04:00:00,158631.0,18.0,False,18.0
2024-05-11 05:00:00,158651.0,20.0,False,20.0
2024-05-11 06:00:00,158668.0,17.0,False,17.0
2024-05-11 07:00:00,158688.0,20.0,False,20.0
2024-05-11 08:00:00,158707.0,19.0,False,19.0
2024-05-11 09:00:00,158734.0,27.0,False,27.0
2024-05-11 10:00:00,158763.0,29.0,False,29.0
2024-05-11 11:00:00,158800.0,37.0,False,37.0
2024-05-11 12:00:00,158835.0,35.0,False,35.0
2024-05-11 13:00:00,158869.0,34.0,False,34.0
2024-05-11 14:00:00,158907.0,38.0,False,38.0
2024-05-11 15:00:00,158943.0,36.0,False,36.0
2024-05-11 16:00:00,158986.0,43.0,False,43.0
2024-05-11 17:00:00,159029.0,43.0,False,43.0
2024-05-11 18:00:00,159073.0,44.0,False,44.0
2024-05-11 19:00:00,159116.0,43.0,False,43.0
2024-05-11 20:00:00,159151.0,35.0,False,35.0
2024-05-11 21:00:00,159185.0,34.0,False,34.0
2024-05-11 22:00:00,159217.0,32.0,False,32.0
2024-05-11 23:00:00,159248.0,31.0,False,31.0
2024-05-12 00:00:00,159269.0,21.0,False,21.0
2024-05-12 01:00:00,159292.0,23.0,False,23.0
2024-05-12 02:00:00,159311.0,19.0,False,19.0
2024-05-12 03:00:00,159329.0,18.0,False,18.0
2024-05-12 04:00:00,159346.0,17.0,False,17.0
2024-05-12 05:00:00,159363.0,17.0,False,17.0
2024-05-12 06:00:00,159379.0,16.0,False,16.0
2024-05-12 07:00:00,159398.0,19.0,False,19.0
2024-05-12 08:00:00,159417.0,19.0,False,19.0
2024-05-12 09:00:00,159439.0,22.0,False,22.0
2024-05-12 10:00:00,159465.0,26.0,False,26.0
2024-05-12 11:00:00,159494.0,29.0,False,29.0
2024-05-12 12:00:00,159526.0,32.0,False,32.0
2024-05-12 13:00:00,159556.0,30.0,False,30.0
2024-05-12 14:00:00,159584.0,28.0,False,28.0
2024-05-12 15:00:00,159618.0,34.0,False,34.0
2024-05-12 16:00:00,159658.0,40.0,False,40.0
2024-05-12 17:00:00,159698.0,40.0,False,40.0
2024-05-12 18:00:00,159739.0,41.0,False,41.0
2024-05-12 19:00:00,159781.0,42.0,False,42.0
2024-05-12 20:00:00,159819.0,38.0,False,38.0
2024-05-12 21:00:00,159856.0,37.0,False,37.0
2024-05-12 22:00:00,159894.0,38.0,False,38.0
2024-05-12 23:00:00,159926.0,32.0,False,32.0
2024-05-13 00:00:00,159952.0,26.0,False,26.0
2024-05-13 01:00:00,159971.0,19.0,False,19.0
2024-05-13 02:00:00,159986.0,15.0,False,15.0
2024-05-13 03:00:00,160000.0,14.0,False,14.0
2024-05-13 04:00:00,160016.0,16.0,False,16.0
2024-05-13 05:00:00,160030.0,14.0,False,14.0
2024-05-13 06:00:00,160046.0,16.0,False,16.0
2024-05-13 07:00:00,160062.0,16.0,False,16.0
2024-05-13 08:00:00,160077.0,15.0,False,15.0
2024-05-13 09:00:00,160107.0,30.0,False,30.0
2024-05-13 10:00:00,160150.0,43.0,False,43.0
2024-05-13 11:00:00,160196.0,46.0,False,46.0
2024-05-13 12:00:00,160245.0,49.0,False,49.0
2024-05-13 13:00:00,160289.0,44.0,False,44.0
2024-05-13 14:00:00,160335.0,46.0,False,46.0
2024-05-13 15:00:00,160395.0,60.0,False,60.0
2024-05-13 16:00:00,160458.0,63.0,False,63.0
2024-05-13 17:00:00,160524.0,66.0,False,66.0
2024-05-13 18:00:00,160584.0,60.0,False,60.0
2024-05-13 19:00:00,160644.0,60.0,False,60.0
2024-05-13 20:00:00,160697.0,53.0,False,53.0
2024-05-13 21:00:00,160764.0,67.0,False,67.0
2024-05-13 22:00:00,160806.0,42.0,False,42.0
2024-05-13 23:00:00,160838.0,32.0,False,32.0
2024-05-14 00:00:00,160868.0,30.0,False,30.0
2024-05-14 01:00:00,160887.0,19.0,False,19.0
2024-05-14 02:00:00,160908.0,21.0,False,21.0
2024-05-14 03:00:00,160926.0,18.0,False,18.0
2024-05-14 04:00:00,160942.0,16.0,False,16.0
2024-05-14 05:00:00,160957.0,15.0,False,15.0
2024-05-14 06:00:00,160973.0,16.0,False,16.0
2024-05-14 07:00:00,160993.0,20.0,False,20.0
2024-05-14 08:00:00,161011.0,18.0,False,18.0
2024-05-14 09:00:00,161046.0,35.0,False,35.0
2024-05-14 10:00:00,161105.0,59.0,False,59.0
2024-05-14 11:00:00,161165.0,60.0,False,60.0
2024-05-14 12:00:00,161233.0,68.0,False,68.0
2024-05-14 13:00:00,161291.0,58.0,False,58.0
2024-05-14 14:00:00,161346.0,55.0,False,55.0
2024-05-14 15:00:00,161410.0,64.0,False,64.0
2024-05-14 16:00:00,161480.0,70.0,False,70.0
2024-05-14 17:00:00,161555.0,75.0,False,75.0
2024-05-14 18:00:00,161630.0,75.0,False,75.0
2024-05-14 19:00:00,161704.0,74.0,False,74.0
2024-05-14 20:00:00,161765.0,61.0,False,61.0
2024-05-14 21:00:00,161819.0,54.0,False,54.0
2024-05-14 22:00:00,161866.0,47.0,False,47.0
2024-05-14 23:00:00,161913.0,47.0,False,47.0
2024-05-15 00:00:00,161950.0,37.0,False,37.0
2024-05-15 01:00:00,161977.0,27.0,False,27.0
2024-05-15 02:00:00,162001.0,24.0,False,24.0
2024-05-15 03:00:00,162023.0,22.0,False,22.0
2024-05-15 04:00:00,162042.0,19.0,False,19.0
2024-05-15 05:00:00,162060.0,18.0,False,18.0
2024-05-15 06:00:00,162080.0,20.0,False,20.0
2024-05-15 07:00:00,162101.0,21.0,False,21.0
2024-05-15 08:00:00,162122.0,21.0,False,21.0
2024-05-15 09:00:00,162156.0,34.0,False,34.0
2024-05-15 10:00:00,162207.0,51.0,False,51.0
2024-05-15 11:00:00,162262.0,55.0,False,55.0
2024-05-15 12:00:00,162321.0,59.0,False,59.0
2024-05-15 13:00:00,162372.0,51.0,False,51.0
2024-05-15 14:00:00,162421.0,49.0,False,49.0
2024-05-15 15:00:00,162481.0,60.0,False,60.0
2024-05-15 16:00:00,162555.0,74.0,False,74.0
2024-05-15 17:00:00,162623.0,68.0,False,68.0
2024-05-15 18:00:00,162686.0,63.0,False,63.0
2024-05-15 19:00:00,162742.0,56.0,False,56.0
2024-05-15 20:00:00,162792.0,50.0,False,50.0
2024-05-15 21:00:00,162840.0,48.0,False,48.0
2024-05-15 22:00:00,162883.0,43.0,False,43.0
2024-05-15 23:00:00,162925.0,42.0,False,42.0
2024-05-16 00:00:00,162959.0,34.0,False,34.0
2024-05-16 01:00:00,162983.0,24.0,False,24.0
2024-05-16 02:00:00,163001.0,18.0,False,18.0
2024-05-16 03:00:00,163021.0,20.0,False,20.0
2024-05-16 04:00:00,163040.0,19.0,False,19.0
2024-05-16 05:00:00,163057.0,17.0,False,17.0
2024-05-16 06:00:00,163074.0,17.0,False,17.0
2024-05-16 07:00:00,163094.0,20.0,False,20.0
2024-05-16 08:00:00,163114.0,20.0,False,20.0
2024-05-16 09:00:00,163147.0,33.0,False,33.0
2024-05-16 10:00:00,163194.0,47.0,False,47.0
2024-05-16 11:00:00,163252.0,58.0,False,58.0
2024-05-16 12:00:00,163311.0,59.0,False,59.0
2024-05-16 13:00:00,163366.0,55.0,False,55.0
2024-05-16 14:00:00,163421.0,55.0,False,55.0
2024-05-16 15:00:00,163485.0,64.0,False,64.0
2024-05-16 16:00:00,163558.0,73.0,False,73.0
2024-05-16 17:00:00,163633.0,75.0,False,75.0
2024-05-16 18:00:00,163703.0,70.0,False,70.0
2024-05-16 19:00:00,163767.0,64.0,False,64.0
2024-05-16 20:00:00,163825.0,58.0,False,58.0
2024-05-16 21:00:00,163877.0,52.0,False,52.0
2024-05-16 22:00:00,163933.0,56.0,False,56.0
2024-05-16 23:00:00,163978.0,45.0,False,45.0
2024-05-17 00:00:00,164012.0,34.0,False,34.0
2024-05-17 01:00:00,164041.0,29.0,False,29.0
2024-05-17 02:00:00,164061.0,20.0,False,20.0
2024-05-17 03:00:00,164079.0,18.0,False,18.0
2024-05-17 04:00:00,164096.0,17.0,False,17.0
2024-05-17 05:00:00,164112.0,16.0,False,16.0
2024-05-17 06:00:00,164128.0,16.0,False,16.0
2024-05-17 07:00:00,164149.0,21.0,False,21.0
2024-05-17 08:00:00,164168.0,19.0,False,19.0
2024-05-17 09:00:00,164206.0,38.0,False,38.0
2024-05-17 10:00:00,164257.0,51.0,False,51.0
2024-05-17 11:00:00,164319.0,62.0,False,62.0
2024-05-17 12:00:00,164386.0,67.0,False,67.0
2024-05-17 13:00:00,164451.0,65.0,False,65.0
2024-05-17 14:00:00,164513.0,62.0,False,62.0
2024-05-17 15:00:00,164584.0,71.0,False,71.0
2024-05-17 16:00:00,164662.0,78.0,False,78.0
2024-05-17 17:00:00,164740.0,78.0,False,78.0
2024-05-17 18:00:00,164816.0,76.0,False,76.0
2024-05-17 19:00:00,164879.0,63.0,False,63.0
2024-05-17 20:00:00,164936.0,57.0,False,57.0
2024-05-17 21:00:00,164995.0,59.0,False,59.0
2024-05-17 22:00:00,165050.0,55.0,False,55.0
2024-05-17 23:00:00,165097.0,47.0,False,47.0
2024-05-18 00:00:00,165136.0,39.0,False,39.0
2024-05-18 01:00:00,165164.0,28.0,False,28.0
2024-05-18 02:00:00,165187.0,23.0,False,23.0
2024-05-18 03:00:00,165207.0,20.0,False,20.0
2024-05-18 04:00:00,165228.0,21.0,False,21.0
2024-05-18 05:00:00,165248.0,20.0,False,20.0
2024-05-18 06:00:00,165265.0,17.0,False,17.0
2024-05-18 07:00:00,165284.0,19.0,False,19.0
2024-05-18 08:00:00,165306.0,22.0,False,22.0
2024-05-18 09:00:00,165338.0,32.0,False,32.0
2024-05-18 10:00:00,165395.0,57.0,False,57.0
2024-05-18 11:00:00,165455.0,60.0,False,60.0
2024-05-18 12:00:00,165515.0,60.0,False,60.0
2024-05-18 13:00:00,165567.0,52.0,False,52.0
2024-05-18 14:00:00,165622.0,55.0,False,55.0
2024-05-18 15:00:00,165678.0,56.0,False,56.0
2024-05-18 16:00:00,165746.0,68.0,False,68.0
2024-05-18 17:00:00,165814.0,68.0,False,68.0
2024-05-18 18:00:00,165880.0,66.0,False,66.0
2024-05-18 19:00:00,165939.0,59.0,False,59.0
2024-05-18 20:00:00,165995.0,56.0,False,56.0
2024-05-18 21:00:00,166050.0,55.0,False,55.0
2024-05-18 22:00:00,166107.0,57.0,False,57.0
2024-05-18 23:00:00,166159.0,52.0,False,52.0
2024-05-19 00:00:00,166196.0,37.0,False,37.0
2024-05-19 01:00:00,166223.0,27.0,False,27.0
2024-05-19 02:00:00,166246.0,23.0,False,23.0
2024-05-19 03:00:00,166265.0,19.0,False,19.0
2024-05-19 04:00:00,166288.0,23.0,False,23.0
2024-05-19 05:00:00,166306.0,18.0,False,18.0
2024-05-19 06:00:00,166325.0,19.0,False,19.0
2024-05-19 07:00:00,166343.0,18.0,False,18.0
2024-05-19 08:00:00,166362.0,19.0,False,19.0
2024-05-19 09:00:00,166386.0,24.0,False,24.0
2024-05-19 10:00:00,166432.0,46.0,False,46.0
2024-05-19 11:00:00,166492.0,60.0,False,60.0
2024-05-19 12:00:00,166546.0,54.0,False,54.0
2024-05-19 13:00:00,166593.0,47.0,False,47.0
2024-05-19 14:00:00,166641.0,48.0,False,48.0
2024-05-19 15:00:00,166693.0,52.0,False,52.0
2024-05-19 16:00:00,166748.0,55.0,False,55.0
2024-05-19 17:00:00,166802.0,54.0,False,54.0
2024-05-19 18:00:00,166854.0,52.0,False,52.0
2024-05-19 19:00:00,166906.0,52.0,False,52.0
2024-05-19 20:00:00,166966.0,60.0,False,60.0
2024-05-19 21:00:00,167020.0,54.0,False,54.0
2024-05-19 22:00:00,167071.0,51.0,False,51.0
2024-05-19 23:00:00,167121.0,50.0,False,50.0
2024-05-20 00:00:00,167158.0,37.0,False,37.0
2024-05-20 01:00:00,167184.0,26.0,False,26.0
2024-05-20 02:00:00,167206.0,22.0,False,22.0
2024-05-20 03:00:00,167228.0,22.0,False,22.0
2024-05-20 04:00:00,167248.0,20.0,False,20.0
2024-05-20 05:00:00,167267.0,19.0,False,19.0
2024-05-20 06:00:00,167286.0,19.0,False,19.0
2024-05-20 07:00:00,167305.0,19.0,False,19.0
2024-05-20 08:00:00,167328.0,23.0,False,23.0
2024-05-20 09:00:00,167369.0,41.0,False,41.0
2024-05-20 10:00:00,167439.0,70.0,False,70.0
2024-05-20 11:00:00,167514.0,75.0,False,75.0
2024-05-20 12:00:00,167590.0,76.0,False,76.0
2024-05-20 13:00:00,167655.0,65.0,False,65.0
2024-05-20 14:00:00,167722.0,67.0,False,67.0
2024-05-20 15:00:00,167802.0,80.0,False,80.0
2024-05-20 16:00:00,167900.0,98.0,False,98.0
2024-05-20 17:00:00,168000.0,100.0,False,100.0
2024-05-20 18:00:00,168093.0,93.0,False,93.0
2024-05-20 19:00:00,168170.0,77.0,False,77.0
2024-05-20 20:00:00,168243.0,73.0,False,73.0
2024-05-20 21:00:00,168313.0,70.0,False,70.0
2024-05-20 22:00:00,168373.0,60.0,False,60.0
2024-05-20 23:00:00,168429.0,56.0,False,56.0
2024-05-21 00:00:00,168471.0,42.0,False,42.0
2024-05-21 01:00:00,168502.0,31.0,False,31.0
2024-05-21 02:00:00,168523.0,21.0,False,21.0
2024-05-21 03:00:00,168545.0,22.0,False,22.0
2024-05-21 04:00:00,168565.0,20.0,False,20.0
2024-05-21 05:00:00,168583.0,18.0,False,18.0
2024-05-21 06:00:00,168602.0,19.0,False,19.0
2024-05-21 07:00:00,168621.0,19.0,False,19.0
2024-05-21 08:00:00,168646.0,25.0,False,25.0
2024-05-21 09:00:00,168687.0,41.0,False,41.0
2024-05-21 10:00:00,168753.0,66.0,False,66.0
2024-05-21 11:00:00,168828.0,75.0,False,75.0
2024-05-21 12:00:00,168902.0,74.0,False,74.0
2024-05-21 13:00:00,168974.0,72.0,False,72.0
2024-05-21 14:00:00,169041.0,67.0,False,67.0
2024-05-21 15:00:00,169117.0,76.0,False,76.0
2024-05-21 16:00:00,169201.0,84.0,False,84.0
2024-05-21 17:00:00,169285.0,84.0,False,84.0
2024-05-21 18:00:00,169368.0,83.0,False,83.0
2024-05-21 19:00:00,169440.0,72.0,False,72.0
2024-05-21 20:00:00,169508.0,68.0,False,68.0
2024-05-21 21:00:00,169571.0,63.0,False,63.0
2024-05-21 22:00:00,169633.0,62.0,False,62.0
2024-05-21 23:00:00,169692.0,59.0,False,59.0
2024-05-22 00:00:00,169737.0,45.0,False,45.0
2024-05-22 01:00:00,169768.0,31.0,False,31.0
2024-05-22 02:00:00,169795.0,27.0,False,27.0
2024-05-22 03:00:00,169817.0,22.0,False,22.0
2024-05-22 04:00:00,169840.0,23.0,False,23.0
2024-05-22 05:00:00,169862.0,22.0,False,22.0
2024-05-22 06:00:00,169886.0,24.0,False,24.0
2024-05-22 07:00:00,169909.0,23.0,False,23.0
2024-05-22 08:00:00,169933.0,24.0,False,24.0
2024-05-22 09:00:00,169972.0,39.0,False,39.0
2024-05-22 10:00:00,170037.0,65.0,False,65.0
2024-05-22 11:00:00,170120.0,83.0,False,83.0
2024-05-22 12:00:00,170203.0,83.0,False,83.0
2024-05-22 13:00:00,170283.0,80.0,False,80.0
2024-05-22 14:00:00,170351.0,68.0,False,68.0
2024-05-22 15:00:00,170424.0,73.0,False,73.0
2024-05-22 16:00:00,170520.0,96.0,False,96.0
2024-05-22 17:00:00,170604.0,84.0,False,84.0
2024-05-22 18:00:00,170687.0,83.0,False,83.0
2024-05-22 19:00:00,170760.0,73.0,False,73.0
2024-05-22 20:00:00,170830.0,70.0,False,70.0
2024-05-22 21:00:00,170894.0,64.0,False,64.0
2024-05-22 22:00:00,170958.0,64.0,False,64.0
2024-05-22 23:00:00,171011.0,53.0,False,53.0
2024-05-23 00:00:00,171055.0,44.0,False,44.0
2024-05-23 01:00:00,171092.0,37.0,False,37.0
2024-05-23 02:00:00,171118.0,26.0,False,26.0
2024-05-23 03:00:00,171144.0,26.0,False,26.0
2024-05-23 04:00:00,171167.0,23.0,False,23.0
2024-05-23 05:00:00,171191.0,24.0,False,24.0
2024-05-23 06:00:00,171213.0,22.0,False,22.0
2024-05-23 07:00:00,171238.0,25.0,False,25.0
2024-05-23 08:00:00,171264.0,26.0,False,26.0
2024-05-23 09:00:00,171312.0,48.0,False,48.0
2024-05-23 10:00:00,171386.0,74.0,False,74.0
2024-05-23 11:00:00,171466.0,80.0,False,80.0
2024-05-23 12:00:00,171546.0,80.0,False,80.0
2024-05-23 13:00:00,171620.0,74.0,False,74.0
2024-05-23 14:00:00,171689.0,69.0,False,69.0
2024-05-23 15:00:00,171768.0,79.0,False,79.0
2024-05-23 16:00:00,171857.0,89.0,False,89.0
2024-05-23 17:00:00,171939.0,82.0,False,82.0
2024-05-23 18:00:00,172020.0,81.0,False,81.0
2024-05-23 19:00:00,172099.0,79.0,False,79.0
2024-05-23 20:00:00,172169.0,70.0,False,70.0
2024-05-23 21:00:00,172239.0,70.0,False,70.0
2024-05-23 22:00:00,172304.0,65.0,False,65.0
2024-05-23 23:00:00,172361.0,57.0,False,57.0
2024-05-24 00:00:00,172412.0,51.0,False,51.0
2024-05-24 01:00:00,172457.0,45.0,False,45.0
2024-05-24 02:00:00,172499.0,42.0,False,42.0
2024-05-24 03:00:00,172533.0,34.0,False,34.0
2024-05-24 04:00:00,172562.0,29.0,False,29.0
2024-05-24 05:00:00,172591.0,29.0,False,29.0
2024-05-24 06:00:00,172617.0,26.0,False,26.0
2024-05-24 07:00:00,172649.0,32.0,False,32.0
2024-05-24 08:00:00,172679.0,30.0,False,30.0
2024-05-24 09:00:00,172731.0,52.0,False,52.0
2024-05-24 10:00:00,172810.0,79.0,False,79.0
2024-05-24 11:00:00,172899.0,89.0,False,89.0
2024-05-24 12:00:00,172984.0,85.0,False,85.0
2024-05-24 13:00:00,173063.0,79.0,False,79.0
2024-05-24 14:00:00,173144.0,81.0,False,81.0
2024-05-24 15:00:00,173245.0,101.0,False,101.0
2024-05-24 16:00:00,173356.0,111.0,False,111.0
2024-05-24 17:00:00,173456.0,100.0,False,100.0
2024-05-24 18:00:00,173556.0,100.0,False,100.0
2024-05-24 19:00:00,173624.0,68.0,False,68.0
2024-05-24 20:00:00,173689.0,65.0,False,65.0
2024-05-24 21:00:00,173755.0,66.0,False,66.0
2024-05-24 22:00:00,173817.0,62.0,False,62.0
2024-05-24 23:00:00,173868.0,51.0,False,51.0
2024-05-25 00:00:00,173913.0,45.0,False,45.0
2024-05-25 01:00:00,173948.0,35.0,False,35.0
2024-05-25 02:00:00,173975.0,27.0,False,27.0
2024-05-25 03:00:00,173999.0,24.0,False,24.0
2024-05-25 04:00:00,174022.0,23.0,False,23.0
2024-05-25 05:00:00,174044.0,22.0,False,22.0
2024-05-25 06:00:00,174066.0,22.0,False,22.0
2024-05-25 07:00:00,174087.0,21.0,False,21.0
2024-05-25 08:00:00,174111.0,24.0,False,24.0
2024-05-25 09:00:00,174142.0,31.0,False,31.0
2024-05-25 10:00:00,174191.0,49.0,False,49.0
2024-05-25 11:00:00,174253.0,62.0,False,62.0
2024-05-25 12:00:00,174310.0,57.0,False,57.0
2024-05-25 13:00:00,174359.0,49.0,False,49.0
2024-05-25 14:00:00,174402.0,43.0,False,43.0
2024-05-25 15:00:00,174442.0,40.0,False,40.0
2024-05-25 16:00:00,174485.0,43.0,False,43.0
2024-05-25 17:00:00,174532.0,47.0,False,47.0
2024-05-25 18:00:00,174580.0,48.0,False,48.0
2024-05-25 19:00:00,174628.0,48.0,False,48.0
2024-05-25 20:00:00,174673.0,45.0,False,45.0
2024-05-25 21:00:00,174713.0,40.0,False,40.0
2024-05-25 22:00:00,174759.0,46.0,False,46.0
2024-05-25 23:00:00,174801.0,42.0,False,42.0
2024-05-26 00:00:00,174837.0,36.0,False,36.0
2024-05-26 01:00:00,174866.0,29.0,False,29.0
2024-05-26 02:00:00,174891.0,25.0,False,25.0
2024-05-26 03:00:00,174915.0,24.0,False,24.0
2024-05-26 04:00:00,174937.0,22.0,False,22.0
2024-05-26 05:00:00,174958.0,21.0,False,21.0
2024-05-26 06:00:00,174977.0,19.0,False,19.0
2024-05-26 07:00:00,174997.0,20.0,False,20.0
2024-05-26 08:00:00,175017.0,20.0,False,20.0
2024-05-26 09:00:00,175042.0,25.0,False,25.0
2024-05-26 10:00:00,175078.0,36.0,False,36.0
2024-05-26 11:00:00,175126.0,48.0,False,48.0
2024-05-26 12:00:00,175174.0,48.0,False,48.0
2024-05-26 13:00:00,175221.0,47.0,False,47.0
2024-05-26 14:00:00,175274.0,53.0,False,53.0
2024-05-26 15:00:00,175323.0,49.0,False,49.0
2024-05-26 16:00:00,175380.0,57.0,False,57.0
2024-05-26 17:00:00,175436.0,56.0,False,56.0
2024-05-26 18:00:00,175492.0,56.0,False,56.0
2024-05-26 19:00:00,175549.0,57.0,False,57.0
2024-05-26 20:00:00,175601.0,52.0,False,52.0
2024-05-26 21:00:00,175654.0,53.0,False,53.0
2024-05-26 22:00:00,175708.0,54.0,False,54.0
2024-05-26 23:00:00,175755.0,47.0,False,47.0
2024-05-27 00:00:00,175794.0,39.0,False,39.0
2024-05-27 01:00:00,175825.0,31.0,False,31.0
2024-05-27 02:00:00,175850.0,25.0,False,25.0
2024-05-27 03:00:00,175871.0,21.0,False,21.0
2024-05-27 04:00:00,175893.0,22.0,False,22.0
2024-05-27 05:00:00,175915.0,22.0,False,22.0
2024-05-27 06:00:00,175938.0,23.0,False,23.0
2024-05-27 07:00:00,175959.0,21.0,False,21.0
2024-05-27 08:00:00,175983.0,24.0,False,24.0
2024-05-27 09:00:00,176033.0,50.0,False,50.0
2024-05-27 10:00:00,176100.0,67.0,False,67.0
2024-05-27 11:00:00,176176.0,76.0,False,76.0
2024-05-27 12:00:00,,,False,71.86
2024-05-27 13:00:00,176317.0,,False,66.57
2024-05-27 14:00:00,176380.0,63.0,False,63.0
2024-05-27 15:00:00,176447.0,67.0,False,67.0
2024-05-27 16:00:00,176524.0,77.0,False,77.0
2024-05-27 17:00:00,176605.0,81.0,False,81.0
2024-05-27 18:00:00,176683.0,78.0,False,78.0
2024-05-27 19:00:00,176748.0,65.0,False,65.0
2024-05-27 20:00:00,176807.0,59.0,False,59.0
2024-05-27 21:00:00,,,False,60.86
2024-05-27 22:00:00,,,False,59.0
2024-05-27 23:00:00,,,False,52.14
2024-05-28 00:00:00,,,False,43.14
2024-05-28 01:00:00,,,False,34.14
2024-05-28 02:00:00,,,False,27.57
2024-05-28 03:00:00,,,False,24.71
2024-05-28 04:00:00,,,False,23.14
2024-05-28 05:00:00,,,False,22.57
2024-05-28 06:00:00,,,False,22.14
2024-05-28 07:00:00,,,False,23.0
2024-05-28 08:00:00,,,False,24.71
2024-05-28 09:00:00,,,False,40.86
2024-05-28 10:00:00,,,False,62.29
2024-05-28 11:00:00,,,False,73.29
2024-05-28 12:00:00,,,False,71.17
2024-05-28 13:00:00,,,False,66.83
2024-05-28 14:00:00,,,False,63.43
2024-05-28 15:00:00,,,False,69.29
2024-05-28 16:00:00,,,False,79.57
2024-05-28 17:00:00,,,False,76.29
2024-05-28 18:00:00,,,False,75.57
2024-05-28 19:00:00,,,False,66.0
2024-05-28 20:00:00,,,False,61.29
2024-05-28 21:00:00,,,False,59.33
2024-05-28 22:00:00,178166.0,,False,58.83
2024-05-28 23:00:00,178208.0,42.0,False,42.0
2024-05-29 00:00:00,178245.0,37.0,False,37.0
2024-05-29 01:00:00,178276.0,31.0,False,31.0
2024-05-29 02:00:00,178301.0,25.0,False,25.0
2024-05-29 03:00:00,178325.0,24.0,False,24.0
2024-05-29 04:00:00,178347.0,22.0,False,22.0
2024-05-29 05:00:00,178370.0,23.0,False,23.0
2024-05-29 06:00:00,178391.0,21.0,False,21.0
2024-05-29 07:00:00,178415.0,24.0,False,24.0
2024-05-29 08:00:00,178439.0,24.0,False,24.0
2024-05-29 09:00:00,178474.0,35.0,False,35.0
2024-05-29 10:00:00,178530.0,56.0,False,56.0
2024-05-29 11:00:00,178595.0,65.0,False,65.0
2024-05-29 12:00:00,178648.0,53.0,False,53.0
2024-05-29 13:00:00,178692.0,44.0,False,44.0
2024-05-29 14:00:00,178736.0,44.0,False,44.0
2024-05-29 15:00:00,178787.0,51.0,False,51.0
2024-05-29 16:00:00,178853.0,66.0,False,66.0
2024-05-29 17:00:00,178906.0,53.0,False,53.0
2024-05-29 18:00:00,178958.0,52.0,False,52.0
2024-05-29 19:00:00,179005.0,47.0,False,47.0
2024-05-29 20:00:00,179044.0,39.0,False,39.0
2024-05-29 21:00:00,179083.0,39.0,False,39.0
2024-05-29 22:00:00,179122.0,39.0,False,39.0
2024-05-29 23:00:00,179159.0,37.0,False,37.0
2024-05-30 00:00:00,179191.0,32.0,False,32.0
2024-05-30 01:00:00,179215.0,24.0,False,24.0
2024-05-30 02:00:00,179240.0,25.0,False,25.0
2024-05-30 03:00:00,179261.0,21.0,False,21.0
2024-05-30 04:00:00,179279.0,18.0,False,18.0
2024-05-30 05:00:00,179300.0,21.0,False,21.0
2024-05-30 06:00:00,179319.0,19.0,False,19.0
2024-05-30 07:00:00,179340.0,21.0,False,21.0
2024-05-30 08:00:00,179359.0,19.0,False,19.0
2024-05-30 09:00:00,179396.0,37.0,False,37.0
2024-05-30 10:00:00,179451.0,55.0,False,55.0
2024-05-30 11:00:00,,,False,70.0
2024-05-30 12:00:00,179572.0,,False,64.6
2024-05-30 13:00:00,179620.0,48.0,False,48.0
2024-05-30 14:00:00,179671.0,51.0,False,51.0
2024-05-30 15:00:00,179737.0,66.0,False,66.0
2024-05-30 16:00:00,,,False,73.83
2024-05-30 17:00:00,179898.0,,False,69.83
2024-05-30 18:00:00,179971.0,73.0,False,73.0
2024-05-30 19:00:00,180035.0,64.0,False,64.0
2024-05-30 20:00:00,180095.0,60.0,False,60.0
2024-05-30 21:00:00,180152.0,57.0,False,57.0
2024-05-30 22:00:00,180210.0,58.0,False,58.0
2024-05-30 23:00:00,180264.0,54.0,False,54.0
2024-05-31 00:00:00,180307.0,43.0,False,43.0
2024-05-31 01:00:00,180336.0,29.0,False,29.0
2024-05-31 02:00:00,180363.0,27.0,False,27.0
2024-05-31 03:00:00,180388.0,25.0,False,25.0
2024-05-31 04:00:00,180411.0,23.0,False,23.0
2024-05-31 05:00:00,180433.0,22.0,False,22.0
2024-05-31 06:00:00,180456.0,23.0,False,23.0
2024-05-31 07:00:00,180479.0,23.0,False,23.0
2024-05-31 08:00:00,180506.0,27.0,False,27.0
2024-05-31 09:00:00,180553.0,47.0,False,47.0
2024-05-31 10:00:00,180627.0,74.0,False,74.0
2024-05-31 11:00:00,180713.0,86.0,False,86.0
2024-05-31 12:00:00,180799.0,86.0,False,86.0
2024-05-31 13:00:00,180880.0,81.0,False,81.0
2024-05-31 14:00:00,,,False,55.83
2024-05-31 15:00:00,181047.0,,False,62.33
2024-05-31 16:00:00,,,False,70.8
2024-05-31 17:00:00,,,False,67.4
2024-05-31 18:00:00,181287.0,,False,67.83
2024-05-31 19:00:00,181347.0,60.0,False,60.0
2024-05-31 20:00:00,181402.0,55.0,False,55.0
2024-05-31 21:00:00,181459.0,57.0,False,57.0
2024-05-31 22:00:00,181509.0,50.0,False,50.0
2024-05-31 23:00:00,181556.0,47.0,False,47.0
2024-06-01 00:00:00,181597.0,41.0,False,41.0
2024-06-01 01:00:00,181629.0,32.0,False,32.0
2024-06-01 02:00:00,181656.0,27.0,False,27.0
2024-06-01 03:00:00,181681.0,25.0,False,25.0
2024-06-01 04:00:00,181708.0,27.0,False,27.0
2024-06-01 05:00:00,181734.0,26.0,False,26.0
2024-06-01 06:00:00,181760.0,26.0,False,26.0
2024-06-01 07:00:00,181785.0,25.0,False,25.0
2024-06-01 08:00:00,181813.0,28.0,False,28.0
2024-06-01 09:00:00,181848.0,35.0,False,35.0
2024-06-01 10:00:00,181893.0,45.0,False,45.0
2024-06-01 11:00:00,181947.0,54.0,False,54.0
2024-06-01 12:00:00,181998.0,51.0,False,51.0
2024-06-01 13:00:00,182042.0,44.0,False,44.0
2024-06-01 14:00:00,182084.0,42.0,False,42.0
2024-06-01 15:00:00,182124.0,40.0,False,40.0
2024-06-01 16:00:00,182172.0,48.0,False,48.0
2024-06-01 17:00:00,182217.0,45.0,False,45.0
2024-06-01 18:00:00,182262.0,45.0,False,45.0
2024-06-01 19:00:00,182298.0,36.0,False,36.0
2024-06-01 20:00:00,182336.0,38.0,False,38.0
2024-06-01 21:00:00,182372.0,36.0,False,36.0
2024-06-01 22:00:00,182409.0,37.0,False,37.0
2024-06-01 23:00:00,182443.0,34.0,False,34.0
2024-06-02 00:00:00,182474.0,31.0,False,31.0
2024-06-02 01:00:00,182502.0,28.0,False,28.0
2024-06-02 02:00:00,,,False,25.67
2024-06-02 03:00:00,182549.0,,False,23.33
2024-06-02 04:00:00,182571.0,22.0,False,22.0
2024-06-02 05:00:00,182592.0,21.0,False,21.0
2024-06-02 06:00:00,182615.0,23.0,False,23.0
2024-06-02 07:00:00,,,False,22.33
2024-06-02 08:00:00,182661.0,,False,23.67
2024-06-02 09:00:00,182683.0,22.0,False,22.0
2024-06-02 10:00:00,182712.0,29.0,False,29.0
2024-06-02 11:00:00,182747.0,35.0,False,35.0
2024-06-02 12:00:00,182784.0,37.0,False,37.0
2024-06-02 13:00:00,182818.0,34.0,False,34.0
2024-06-02 14:00:00,182852.0,34.0,False,34.0
2024-06-02 15:00:00,182892.0,40.0,False,40.0
2024-06-02 16:00:00,182931.0,39.0,False,39.0
2024-06-02 17:00:00,182973.0,42.0,False,42.0
2024-06-02 18:00:00,183013.0,40.0,False,40.0
2024-06-02 19:00:00,183048.0,35.0,False,35.0
2024-06-02 20:00:00,183087.0,39.0,False,39.0
2024-06-02 21:00:00,183125.0,38.0,False,38.0
2024-06-02 22:00:00,183159.0,34.0,False,34.0
2024-06-02 23:00:00,183190.0,31.0,False,31.0
2024-06-03 00:00:00,183219.0,29.0,False,29.0
2024-06-03 01:00:00,183245.0,26.0,False,26.0
2024-06-03 02:00:00,183264.0,19.0,False,19.0
2024-06-03 03:00:00,183284.0,20.0,False,20.0
2024-06-03 04:00:00,183305.0,21.0,False,21.0
2024-06-03 05:00:00,183324.0,19.0,False,19.0
2024-06-03 06:00:00,183343.0,19.0,False,19.0
2024-06-03 07:00:00,183364.0,21.0,False,21.0
2024-06-03 08:00:00,,,False,24.4
2024-06-03 09:00:00,183415.0,,False,37.67
2024-06-03 10:00:00,,,False,54.33
2024-06-03 11:00:00,,,False,63.2
2024-06-03 12:00:00,,,False,56.75
2024-06-03 13:00:00,183597.0,,False,50.2
2024-06-03 14:00:00,183646.0,49.0,False,49.0
2024-06-03 15:00:00,183709.0,63.0,False,63.0
2024-06-03 16:00:00,183796.0,87.0,False,87.0
2024-06-03 17:00:00,183876.0,80.0,False,80.0
2024-06-03 18:00:00,,,False,57.6
2024-06-03 19:00:00,184019.0,,False,51.17
2024-06-03 20:00:00,184077.0,58.0,False,58.0
2024-06-03 21:00:00,184134.0,57.0,False,57.0
2024-06-03 22:00:00,184191.0,57.0,False,57.0
2024-06-03 23:00:00,184233.0,42.0,False,42.0
2024-06-04 00:00:00,184268.0,35.0,False,35.0
2024-06-04 01:00:00,184300.0,32.0,False,32.0
2024-06-04 02:00:00,184327.0,27.0,False,27.0
2024-06-04 03:00:00,184350.0,23.0,False,23.0
2024-06-04 04:00:00,184372.0,22.0,False,22.0
2024-06-04 05:00:00,184391.0,19.0,False,19.0
2024-06-04 06:00:00,184414.0,23.0,False,23.0
2024-06-04 07:00:00,184436.0,22.0,False,22.0
2024-06-04 08:00:00,184457.0,21.0,False,21.0
2024-06-04 09:00:00,184492.0,35.0,False,35.0
2024-06-04 10:00:00,184538.0,46.0,False,46.0
2024-06-04 11:00:00,184600.0,62.0,False,62.0
2024-06-04 12:00:00,184664.0,64.0,False,64.0
2024-06-04 13:00:00,184724.0,60.0,False,60.0
2024-06-04 14:00:00,184784.0,60.0,False,60.0
2024-06-04 15:00:00,184852.0,68.0,False,68.0
2024-06-04 16:00:00,184927.0,75.0,False,75.0
2024-06-04 17:00:00,185002.0,75.0,False,75.0
2024-06-04 18:00:00,185064.0,62.0,False,62.0
2024-06-04 19:00:00,,,False,48.4
2024-06-04 20:00:00,,,False,48.17
2024-06-04 21:00:00,,,False,47.33
2024-06-04 22:00:00,,,False,45.83
2024-06-04 23:00:00,,,False,41.0
2024-06-05 00:00:00,,,False,35.43
2024-06-05 01:00:00,,,False,28.86
2024-06-05 02:00:00,,,False,25.0
2024-06-05 03:00:00,,,False,23.0
2024-06-05 04:00:00,,,False,22.14
2024-06-05 05:00:00,,,False,21.57
2024-06-05 06:00:00,,,False,22.0
2024-06-05 07:00:00,,,False,22.67
2024-06-05 08:00:00,,,False,23.8
2024-06-05 09:00:00,,,False,35.17
2024-06-05 10:00:00,,,False,50.83
2024-06-05 11:00:00,,,False,60.4
2024-06-05 12:00:00,,,False,58.2
2024-06-05 13:00:00,,,False,51.83
2024-06-05 14:00:00,,,False,46.67
2024-06-05 15:00:00,,,False,54.67
2024-06-05 16:00:00,,,False,63.0
2024-06-05 17:00:00,,,False,59.0
2024-06-05 18:00:00,,,False,54.4
2024-06-05 19:00:00,,,False,48.4
2024-06-05 20:00:00,186193.0,,False,48.17
2024-06-05 21:00:00,186244.0,51.0,False,51.0
2024-06-05 22:00:00,186292.0,48.0,False,48.0
2024-06-05 23:00:00,186335.0,43.0,False,43.0
2024-06-06 00:00:00,186370.0,35.0,False,35.0
2024-06-06 01:00:00,186398.0,28.0,False,28.0
2024-06-06 02:00:00,186423.0,25.0,False,25.0
2024-06-06 03:00:00,186447.0,24.0,False,24.0
2024-06-06 04:00:00,186471.0,24.0,False,24.0
2024-06-06 05:00:00,186492.0,21.0,False,21.0
2024-06-06 06:00:00,186512.0,20.0,False,20.0
2024-06-06 07:00:00,186533.0,21.0,False,21.0
2024-06-06 08:00:00,186558.0,25.0,False,25.0
2024-06-06 09:00:00,186594.0,36.0,False,36.0
2024-06-06 10:00:00,186654.0,60.0,False,60.0
2024-06-06 11:00:00,186713.0,59.0,False,59.0
2024-06-06 12:00:00,186768.0,55.0,False,55.0
2024-06-06 13:00:00,186820.0,52.0,False,52.0
2024-06-06 14:00:00,186873.0,53.0,False,53.0
2024-06-06 15:00:00,186924.0,51.0,False,51.0
2024-06-06 16:00:00,186984.0,60.0,False,60.0
2024-06-06 17:00:00,187051.0,67.0,False,67.0
2024-06-06 18:00:00,187111.0,60.0,False,60.0
2024-06-06 19:00:00,187167.0,56.0,False,56.0
2024-06-06 20:00:00,187220.0,53.0,False,53.0
2024-06-06 21:00:00,187277.0,57.0,False,57.0
2024-06-06 22:00:00,187325.0,48.0,False,48.0
2024-06-06 23:00:00,187365.0,40.0,False,40.0
2024-06-07 00:00:00,187400.0,35.0,False,35.0
2024-06-07 01:00:00,187426.0,26.0,False,26.0
2024-06-07 02:00:00,187449.0,23.0,False,23.0
2024-06-07 03:00:00,187475.0,26.0,False,26.0
2024-06-07 04:00:00,187496.0,21.0,False,21.0
2024-06-07 05:00:00,187516.0,20.0,False,20.0
2024-06-07 06:00:00,187535.0,19.0,False,19.0
2024-06-07 07:00:00,187555.0,20.0,False,20.0
2024-06-07 08:00:00,187580.0,25.0,False,25.0
2024-06-07 09:00:00,187618.0,38.0,False,38.0
2024-06-07 10:00:00,187678.0,60.0,False,60.0
2024-06-07 11:00:00,187744.0,66.0,False,66.0
2024-06-07 12:00:00,187800.0,56.0,False,56.0
2024-06-07 13:00:00,187858.0,58.0,False,58.0
2024-06-07 14:00:00,187918.0,60.0,False,60.0
2024-06-07 15:00:00,187993.0,75.0,False,75.0
2024-06-07 16:00:00,188068.0,75.0,False,75.0
2024-06-07 17:00:00,188150.0,82.0,False,82.0
2024-06-07 18:00:00,188223.0,73.0,False,73.0
2024-06-07 19:00:00,188282.0,59.0,False,59.0
2024-06-07 20:00:00,188332.0,50.0,False,50.0
2024-06-07 21:00:00,188383.0,51.0,False,51.0
2024-06-07 22:00:00,188428.0,45.0,False,45.0
2024-06-07 23:00:00,188468.0,40.0,False,40.0
2024-06-08 00:00:00,188500.0,32.0,False,32.0
2024-06-08 01:00:00,188529.0,29.0,False,29.0
2024-06-08 02:00:00,188550.0,21.0,False,21.0
2024-06-08 03:00:00,188572.0,22.0,False,22.0
2024-06-08 04:00:00,188592.0,20.0,False,20.0
2024-06-08 05:00:00,188613.0,21.0,False,21.0
2024-06-08 06:00:00,188633.0,20.0,False,20.0
2024-06-08 07:00:00,188655.0,22.0,False,22.0
2024-06-08 08:00:00,188674.0,19.0,False,19.0
2024-06-08 09:00:00,188703.0,29.0,False,29.0
2024-06-08 10:00:00,188733.0,30.0,False,30.0
2024-06-08 11:00:00,188769.0,36.0,False,36.0
2024-06-08 12:00:00,188808.0,39.0,False,39.0
2024-06-08 13:00:00,188843.0,35.0,False,35.0
2024-06-08 14:00:00,188880.0,37.0,False,37.0
2024-06-08 15:00:00,188921.0,41.0,False,41.0
2024-06-08 16:00:00,188958.0,37.0,False,37.0
2024-06-08 17:00:00,188998.0,40.0,False,40.0
2024-06-08 18:00:00,189038.0,40.0,False,40.0
2024-06-08 19:00:00,189081.0,43.0,False,43.0
2024-06-08 20:00:00,189119.0,38.0,False,38.0
2024-06-08 21:00:00,189161.0,42.0,False,42.0
2024-06-08 22:00:00,189195.0,34.0,False,34.0
2024-06-08 23:00:00,189226.0,31.0,False,31.0
2024-06-09 00:00:00,189255.0,29.0,False,29.0
2024-06-09 01:00:00,189276.0,21.0,False,21.0
2024-06-09 02:00:00,189296.0,20.0,False,20.0
2024-06-09 03:00:00,189313.0,17.0,False,17.0
2024-06-09 04:00:00,189334.0,21.0,False,21.0
2024-06-09 05:00:00,189352.0,18.0,False,18.0
2024-06-09 06:00:00,189368.0,16.0,False,16.0
2024-06-09 07:00:00,189387.0,19.0,False,19.0
2024-06-09 08:00:00,189405.0,18.0,False,18.0
2024-06-09 09:00:00,189429.0,24.0,False,24.0
2024-06-09 10:00:00,189455.0,26.0,False,26.0
2024-06-09 11:00:00,189486.0,31.0,False,31.0
2024-06-09 12:00:00,189523.0,37.0,False,37.0
2024-06-09 13:00:00,189560.0,37.0,False,37.0
2024-06-09 14:00:00,189599.0,39.0,False,39.0
2024-06-09 15:00:00,189638.0,39.0,False,39.0
2024-06-09 16:00:00,189681.0,43.0,False,43.0
2024-06-09 17:00:00,189724.0,43.0,False,43.0
2024-06-09 18:00:00,189768.0,44.0,False,44.0
2024-06-09 19:00:00,189816.0,48.0,False,48.0
2024-06-09 20:00:00,189857.0,41.0,False,41.0
2024-06-09 21:00:00,189894.0,37.0,False,37.0
2024-06-09 22:00:00,189929.0,35.0,False,35.0
2024-06-09 23:00:00,189963.0,34.0,False,34.0
2024-06-10 00:00:00,189994.0,31.0,False,31.0
2024-06-10 01:00:00,190021.0,27.0,False,27.0
2024-06-10 02:00:00,190043.0,22.0,False,22.0
2024-06-10 03:00:00,190064.0,21.0,False,21.0
2024-06-10 04:00:00,190084.0,20.0,False,20.0
2024-06-10 05:00:00,190104.0,20.0,False,20.0
2024-06-10 06:00:00,190124.0,20.0,False,20.0
2024-06-10 07:00:00,190142.0,18.0,False,18.0
2024-06-10 08:00:00,190162.0,20.0,False,20.0
2024-06-10 09:00:00,190188.0,26.0,False,26.0
2024-06-10 10:00:00,190222.0,34.0,False,34.0
2024-06-10 11:00:00,190275.0,53.0,False,53.0
2024-06-10 12:00:00,190331.0,56.0,False,56.0
2024-06-10 13:00:00,190375.0,44.0,False,44.0
2024-06-10 14:00:00,190417.0,42.0,False,42.0
2024-06-10 15:00:00,190465.0,48.0,False,48.0
2024-06-10 16:00:00,190521.0,56.0,False,56.0
2024-06-10 17:00:00,190578.0,57.0,False,57.0
2024-06-10 18:00:00,190634.0,56.0,False,56.0
2024-06-10 19:00:00,190691.0,57.0,False,57.0
2024-06-10 20:00:00,190755.0,64.0,False,64.0
2024-06-10 21:00:00,190820.0,65.0,False,65.0
2024-06-10 22:00:00,190874.0,54.0,False,54.0
2024-06-10 23:00:00,190917.0,43.0,False,43.0
2024-06-11 00:00:00,190954.0,37.0,False,37.0
2024-06-11 01:00:00,190983.0,29.0,False,29.0
2024-06-11 02:00:00,191006.0,23.0,False,23.0
2024-06-11 03:00:00,191028.0,22.0,False,22.0
2024-06-11 04:00:00,191053.0,25.0,False,25.0
2024-06-11 05:00:00,191075.0,22.0,False,22.0
2024-06-11 06:00:00,191096.0,21.0,False,21.0
2024-06-11 07:00:00,191120.0,24.0,False,24.0
2024-06-11 08:00:00,191148.0,28.0,False,28.0
2024-06-11 09:00:00,191201.0,53.0,False,53.0
2024-06-11 10:00:00,191278.0,77.0,False,77.0
2024-06-11 11:00:00,191372.0,94.0,False,94.0
2024-06-11 12:00:00,191465.0,93.0,False,93.0
2024-06-11 13:00:00,191556.0,91.0,False,91.0
2024-06-11 14:00:00,191647.0,91.0,False,91.0
2024-06-11 15:00:00,191742.0,95.0,False,95.0
2024-06-11 16:00:00,191840.0,98.0,False,98.0
2024-06-11 17:00:00,,,False,60.67
2024-06-11 18:00:00,,,False,55.83
2024-06-11 19:00:00,,,False,52.6
2024-06-11 20:00:00,,,False,49.2
2024-06-11 21:00:00,192243.0,,False,50.5
2024-06-11 22:00:00,192313.0,70.0,False,70.0
2024-06-11 23:00:00,192373.0,60.0,False,60.0
2024-06-12 00:00:00,192419.0,46.0,False,46.0
2024-06-12 01:00:00,192450.0,31.0,False,31.0
2024-06-12 02:00:00,192478.0,28.0,False,28.0
2024-06-12 03:00:00,192506.0,28.0,False,28.0
2024-06-12 04:00:00,192529.0,23.0,False,23.0
2024-06-12 05:00:00,192553.0,24.0,False,24.0
2024-06-12 06:00:00,192575.0,22.0,False,22.0
2024-06-12 07:00:00,192602.0,27.0,False,27.0
2024-06-12 08:00:00,192633.0,31.0,False,31.0
2024-06-12 09:00:00,192687.0,54.0,False,54.0
2024-06-12 10:00:00,192751.0,64.0,False,64.0
2024-06-12 11:00:00,,,False,56.5
2024-06-12 12:00:00,192893.0,,False,56.0
2024-06-12 13:00:00,192957.0,64.0,False,64.0
2024-06-12 14:00:00,193028.0,71.0,False,71.0
2024-06-12 15:00:00,193104.0,76.0,False,76.0
2024-06-12 16:00:00,193200.0,96.0,False,96.0
2024-06-12 17:00:00,193303.0,103.0,False,103.0
2024-06-12 18:00:00,193405.0,102.0,False,102.0
2024-06-12 19:00:00,193491.0,86.0,False,86.0
2024-06-12 20:00:00,193573.0,82.0,False,82.0
2024-06-12 21:00:00,193649.0,76.0,False,76.0
2024-06-12 22:00:00,193720.0,71.0,False,71.0
2024-06-12 23:00:00,193774.0,54.0,False,54.0
2024-06-13 00:00:00,193821.0,47.0,False,47.0
2024-06-13 01:00:00,193853.0,32.0,False,32.0
2024-06-13 02:00:00,193881.0,28.0,False,28.0
2024-06-13 03:00:00,193904.0,23.0,False,23.0
2024-06-13 04:00:00,193929.0,25.0,False,25.0
2024-06-13 05:00:00,193952.0,23.0,False,23.0
2024-06-13 06:00:00,193974.0,22.0,False,22.0
2024-06-13 07:00:00,193999.0,25.0,False,25.0
2024-06-13 08:00:00,194023.0,24.0,False,24.0
2024-06-13 09:00:00,194076.0,53.0,False,53.0
2024-06-13 10:00:00,194158.0,82.0,False,82.0
2024-06-13 11:00:00,194249.0,91.0,False,91.0
2024-06-13 12:00:00,194342.0,93.0,False,93.0
2024-06-13 13:00:00,194424.0,82.0,False,82.0
2024-06-13 14:00:00,,,False,56.14
2024-06-13 15:00:00,,,False,60.71
2024-06-13 16:00:00,,,False,66.43
2024-06-13 17:00:00,194801.0,,False,65.33
2024-06-13 18:00:00,194900.0,99.0,False,99.0
2024-06-13 19:00:00,194979.0,79.0,False,79.0
2024-06-13 20:00:00,195052.0,73.0,False,73.0
2024-06-13 21:00:00,195128.0,76.0,False,76.0
2024-06-13 22:00:00,195199.0,71.0,False,71.0
2024-06-13 23:00:00,195260.0,61.0,False,61.0
2024-06-14 00:00:00,195310.0,50.0,False,50.0
2024-06-14 01:00:00,195352.0,42.0,False,42.0
2024-06-14 02:00:00,195383.0,31.0,False,31.0
2024-06-14 03:00:00,195411.0,28.0,False,28.0
2024-06-14 04:00:00,195437.0,26.0,False,26.0
2024-06-14 05:00:00,195463.0,26.0,False,26.0
2024-06-14 06:00:00,195489.0,26.0,False,26.0
2024-06-14 07:00:00,195517.0,28.0,False,28.0
2024-06-14 08:00:00,195547.0,30.0,False,30.0
2024-06-14 09:00:00,195606.0,59.0,False,59.0
2024-06-14 10:00:00,195685.0,79.0,False,79.0
2024-06-14 11:00:00,195778.0,93.0,False,93.0
2024-06-14 12:00:00,195867.0,89.0,False,89.0
2024-06-14 13:00:00,195939.0,72.0,False,72.0
2024-06-14 14:00:00,196014.0,75.0,False,75.0
2024-06-14 15:00:00,196097.0,83.0,False,83.0
2024-06-14 16:00:00,196193.0,96.0,False,96.0
2024-06-14 17:00:00,196298.0,105.0,False,105.0
2024-06-14 18:00:00,196390.0,92.0,False,92.0
2024-06-14 19:00:00,196474.0,84.0,False,84.0
2024-06-14 20:00:00,196552.0,78.0,False,78.0
2024-06-14 21:00:00,196623.0,71.0,False,71.0
2024-06-14 22:00:00,196693.0,70.0,False,70.0
2024-06-14 23:00:00,196754.0,61.0,False,61.0
2024-06-15 00:00:00,196805.0,51.0,False,51.0
2024-06-15 01:00:00,196846.0,41.0,False,41.0
2024-06-15 02:00:00,196881.0,35.0,False,35.0
2024-06-15 03:00:00,196907.0,26.0,False,26.0
2024-06-15 04:00:00,196934.0,27.0,False,27.0
2024-06-15 05:00:00,196960.0,26.0,False,26.0
2024-06-15 06:00:00,196988.0,28.0,False,28.0
2024-06-15 07:00:00,197015.0,27.0,False,27.0
2024-06-15 08:00:00,197044.0,29.0,False,29.0
2024-06-15 09:00:00,197082.0,38.0,False,38.0
2024-06-15 10:00:00,197140.0,58.0,False,58.0
2024-06-15 11:00:00,197209.0,69.0,False,69.0
2024-06-15 12:00:00,197278.0,69.0,False,69.0
2024-06-15 13:00:00,197337.0,59.0,False,59.0
2024-06-15 14:00:00,197398.0,61.0,False,61.0
2024-06-15 15:00:00,197459.0,61.0,False,61.0
2024-06-15 16:00:00,197527.0,68.0,False,68.0
2024-06-15 17:00:00,197596.0,69.0,False,69.0
2024-06-15 18:00:00,197668.0,72.0,False,72.0
2024-06-15 19:00:00,197738.0,70.0,False,70.0
2024-06-15 20:00:00,197807.0,69.0,False,69.0
2024-06-15 21:00:00,197878.0,71.0,False,71.0
2024-06-15 22:00:00,197947.0,69.0,False,69.0
2024-06-15 23:00:00,198014.0,67.0,False,67.0
2024-06-16 00:00:00,198069.0,55.0,False,55.0
2024-06-16 01:00:00,198112.0,43.0,False,43.0
2024-06-16 02:00:00,198149.0,37.0,False,37.0
2024-06-16 03:00:00,198179.0,30.0,False,30.0
2024-06-16 04:00:00,198208.0,29.0,False,29.0
2024-06-16 05:00:00,198236.0,28.0,False,28.0
2024-06-16 06:00:00,198264.0,28.0,False,28.0
2024-06-16 07:00:00,198289.0,25.0,False,25.0
2024-06-16 08:00:00,198322.0,33.0,False,33.0
2024-06-16 09:00:00,198375.0,53.0,False,53.0
2024-06-16 10:00:00,198437.0,62.0,False,62.0
2024-06-16 11:00:00,198506.0,69.0,False,69.0
2024-06-16 12:00:00,198588.0,82.0,False,82.0
2024-06-16 13:00:00,198657.0,69.0,False,69.0
2024-06-16 14:00:00,198721.0,64.0,False,64.0
2024-06-16 15:00:00,198777.0,56.0,False,56.0
2024-06-16 16:00:00,198840.0,63.0,False,63.0
2024-06-16 17:00:00,198922.0,82.0,False,82.0
2024-06-16 18:00:00,199000.0,78.0,False,78.0
2024-06-16 19:00:00,199072.0,72.0,False,72.0
2024-06-16 20:00:00,199133.0,61.0,False,61.0
2024-06-16 21:00:00,199191.0,58.0,False,58.0
2024-06-16 22:00:00,199251.0,60.0,False,60.0
2024-06-16 23:00:00,199303.0,52.0,False,52.0
2024-06-17 00:00:00,199349.0,46.0,False,46.0
2024-06-17 01:00:00,199388.0,39.0,False,39.0
2024-06-17 02:00:00,199417.0,29.0,False,29.0
2024-06-17 03:00:00,199441.0,24.0,False,24.0
2024-06-17 04:00:00,199465.0,24.0,False,24.0
2024-06-17 05:00:00,199488.0,23.0,False,23.0
2024-06-17 06:00:00,199511.0,23.0,False,23.0
2024-06-17 07:00:00,199535.0,24.0,False,24.0
2024-06-17 08:00:00,199562.0,27.0,False,27.0
2024-06-17 09:00:00,199612.0,50.0,False,50.0
2024-06-17 10:00:00,199690.0,78.0,False,78.0
2024-06-17 11:00:00,199777.0,87.0,False,87.0
2024-06-17 12:00:00,199863.0,86.0,False,86.0
2024-06-17 13:00:00,199939.0,76.0,False,76.0
2024-06-17 14:00:00,200015.0,76.0,False,76.0
2024-06-17 15:00:00,200101.0,86.0,False,86.0
2024-06-17 16:00:00,200202.0,101.0,False,101.0
2024-06-17 17:00:00,200306.0,104.0,False,104.0
2024-06-17 18:00:00,200419.0,113.0,False,113.0
2024-06-17 19:00:00,200529.0,110.0,False,110.0
2024-06-17 20:00:00,200622.0,93.0,False,93.0
2024-06-17 21:00:00,200709.0,87.0,False,87.0
2024-06-17 22:00:00,200780.0,71.0,False,71.0
2024-06-17 23:00:00,200842.0,62.0,False,62.0
2024-06-18 00:00:00,200890.0,48.0,False,48.0
2024-06-18 01:00:00,200933.0,43.0,False,43.0
2024-06-18 02:00:00,200967.0,34.0,False,34.0
2024-06-18 03:00:00,200994.0,27.0,False,27.0
2024-06-18 04:00:00,201019.0,25.0,False,25.0
2024-06-18 05:00:00,201043.0,24.0,False,24.0
2024-06-18 06:00:00,201065.0,22.0,False,22.0
2024-06-18 07:00:00,201090.0,25.0,False,25.0
2024-06-18 08:00:00,201116.0,26.0,False,26.0
2024-06-18 09:00:00,201167.0,51.0,False,51.0
2024-06-18 10:00:00,201248.0,81.0,False,81.0
2024-06-18 11:00:00,201347.0,99.0,False,99.0
2024-06-18 12:00:00,201441.0,94.0,False,94.0
2024-06-18 13:00:00,201536.0,95.0,False,95.0
2024-06-18 14:00:00,201632.0,96.0,False,96.0
2024-06-18 15:00:00,201725.0,93.0,False,93.0
2024-06-18 16:00:00,201830.0,105.0,False,105.0
2024-06-18 17:00:00,201931.0,101.0,False,101.0
2024-06-18 18:00:00,202017.0,86.0,False,86.0
2024-06-18 19:00:00,202091.0,74.0,False,74.0
2024-06-18 20:00:00,202165.0,74.0,False,74.0
2024-06-18 21:00:00,202239.0,74.0,False,74.0
2024-06-18 22:00:00,202313.0,74.0,False,74.0
2024-06-18 23:00:00,202382.0,69.0,False,69.0
2024-06-19 00:00:00,202428.0,46.0,False,46.0
2024-06-19 01:00:00,202428.0,,False,38.71
2024-06-19 02:00:00,202428.0,,False,31.71
2024-06-19 03:00:00,202432.0,4.0,False,4.0
2024-06-19 04:00:00,202446.0,14.0,False,14.0
2024-06-19 05:00:00,202459.0,13.0,False,13.0
2024-06-19 06:00:00,202470.0,11.0,False,11.0
2024-06-19 07:00:00,202484.0,14.0,False,14.0
2024-06-19 08:00:00,202498.0,14.0,False,14.0
2024-06-19 09:00:00,202543.0,45.0,False,45.0
2024-06-19 10:00:00,202613.0,70.0,False,70.0
2024-06-19 11:00:00,202694.0,81.0,False,81.0
2024-06-19 12:00:00,202775.0,81.0,False,81.0
2024-06-19 13:00:00,202844.0,69.0,False,69.0
2024-06-19 14:00:00,202914.0,70.0,False,70.0
2024-06-19 15:00:00,202991.0,77.0,False,77.0
2024-06-19 16:00:00,203082.0,91.0,False,91.0
2024-06-19 17:00:00,203174.0,92.0,False,92.0
2024-06-19 18:00:00,203267.0,93.0,False,93.0
2024-06-19 19:00:00,203352.0,85.0,False,85.0
2024-06-19 20:00:00,203436.0,84.0,False,84.0
2024-06-19 21:00:00,203508.0,72.0,False,72.0
2024-06-19 22:00:00,203575.0,67.0,False,67.0
2024-06-19 23:00:00,203639.0,64.0,False,64.0
2024-06-20 00:00:00,203692.0,53.0,False,53.0
2024-06-20 01:00:00,203729.0,37.0,False,37.0
2024-06-20 02:00:00,203757.0,28.0,False,28.0
2024-06-20 03:00:00,203780.0,23.0,False,23.0
2024-06-20 04:00:00,203806.0,26.0,False,26.0
2024-06-20 05:00:00,203828.0,22.0,False,22.0
2024-06-20 06:00:00,203849.0,21.0,False,21.0
2024-06-20 07:00:00,203872.0,23.0,False,23.0
2024-06-20 08:00:00,203895.0,23.0,False,23.0
2024-06-20 09:00:00,203943.0,48.0,False,48.0
2024-06-20 10:00:00,204027.0,84.0,False,84.0
2024-06-20 11:00:00,204113.0,86.0,False,86.0
2024-06-20 12:00:00,204196.0,83.0,False,83.0
2024-06-20 13:00:00,204270.0,74.0,False,74.0
2024-06-20 14:00:00,204345.0,75.0,False,75.0
2024-06-20 15:00:00,204424.0,79.0,False,79.0
2024-06-20 16:00:00,204516.0,92.0,False,92.0
2024-06-20 17:00:00,204620.0,104.0,False,104.0
2024-06-20 18:00:00,204734.0,114.0,False,114.0
2024-06-20 19:00:00,204815.0,81.0,False,81.0
2024-06-20 20:00:00,204891.0,76.0,False,76.0
2024-06-20 21:00:00,204966.0,75.0,False,75.0
2024-06-20 22:00:00,205034.0,68.0,False,68.0
2024-06-20 23:00:00,205101.0,67.0,False,67.0
2024-06-21 00:00:00,205155.0,54.0,False,54.0
2024-06-21 01:00:00,205198.0,43.0,False,43.0
2024-06-21 02:00:00,205236.0,38.0,False,38.0
2024-06-21 03:00:00,205266.0,30.0,False,30.0
2024-06-21 04:00:00,205296.0,30.0,False,30.0
2024-06-21 05:00:00,205321.0,25.0,False,25.0
2024-06-21 06:00:00,205345.0,24.0,False,24.0
2024-06-21 07:00:00,205374.0,29.0,False,29.0
2024-06-21 08:00:00,205402.0,28.0,False,28.0
2024-06-21 09:00:00,205457.0,55.0,False,55.0
2024-06-21 10:00:00,205540.0,83.0,False,83.0
2024-06-21 11:00:00,205628.0,88.0,False,88.0
2024-06-21 12:00:00,205720.0,92.0,False,92.0
2024-06-21 13:00:00,205800.0,80.0,False,80.0
2024-06-21 14:00:00,205880.0,80.0,False,80.0
2024-06-21 15:00:00,205960.0,80.0,False,80.0
2024-06-21 16:00:00,206049.0,89.0,False,89.0
2024-06-21 17:00:00,206141.0,92.0,False,92.0
2024-06-21 18:00:00,206239.0,98.0,False,98.0
2024-06-21 19:00:00,206321.0,82.0,False,82.0
2024-06-21 20:00:00,206385.0,64.0,False,64.0
2024-06-21 21:00:00,206439.0,54.0,False,54.0
2024-06-21 22:00:00,206495.0,56.0,False,56.0
2024-06-21 23:00:00,206544.0,49.0,False,49.0
2024-06-22 00:00:00,206589.0,45.0,False,45.0
2024-06-22 01:00:00,206624.0,35.0,False,35.0
2024-06-22 02:00:00,206651.0,27.0,False,27.0
2024-06-22 03:00:00,206676.0,25.0,False,25.0
2024-06-22 04:00:00,206699.0,23.0,False,23.0
2024-06-22 05:00:00,206722.0,23.0,False,23.0
2024-06-22 06:00:00,206745.0,23.0,False,23.0
2024-06-22 07:00:00,206769.0,24.0,False,24.0
2024-06-22 08:00:00,206795.0,26.0,False,26.0
2024-06-22 09:00:00,206829.0,34.0,False,34.0
2024-06-22 10:00:00,206877.0,48.0,False,48.0
2024-06-22 11:00:00,206928.0,51.0,False,51.0
2024-06-22 12:00:00,206981.0,53.0,False,53.0
2024-06-22 13:00:00,207034.0,53.0,False,53.0
2024-06-22 14:00:00,207085.0,51.0,False,51.0
2024-06-22 15:00:00,207141.0,56.0,False,56.0
2024-06-22 16:00:00,207205.0,64.0,False,64.0
2024-06-22 17:00:00,207270.0,65.0,False,65.0
2024-06-22 18:00:00,207340.0,70.0,False,70.0
2024-06-22 19:00:00,207408.0,68.0,False,68.0
2024-06-22 20:00:00,207469.0,61.0,False,61.0
2024-06-22 21:00:00,207527.0,58.0,False,58.0
2024-06-22 22:00:00,207586.0,59.0,False,59.0
2024-06-22 23:00:00,207633.0,47.0,False,47.0
2024-06-23 00:00:00,207678.0,45.0,False,45.0
2024-06-23 01:00:00,207714.0,36.0,False,36.0
2024-06-23 02:00:00,207747.0,33.0,False,33.0
2024-06-23 03:00:00,207776.0,29.0,False,29.0
2024-06-23 04:00:00,207801.0,25.0,False,25.0
2024-06-23 05:00:00,207826.0,25.0,False,25.0
2024-06-23 06:00:00,207850.0,24.0,False,24.0
2024-06-23 07:00:00,207872.0,22.0,False,22.0
2024-06-23 08:00:00,207899.0,27.0,False,27.0
2024-06-23 09:00:00,207929.0,30.0,False,30.0
2024-06-23 10:00:00,207971.0,42.0,False,42.0
2024-06-23 11:00:00,208021.0,50.0,False,50.0
2024-06-23 12:00:00,208072.0,51.0,False,51.0
2024-06-23 13:00:00,208122.0,50.0,False,50.0
2024-06-23 14:00:00,208175.0,53.0,False,53.0
2024-06-23 15:00:00,208228.0,53.0,False,53.0
2024-06-23 16:00:00,208288.0,60.0,False,60.0
2024-06-23 17:00:00,208350.0,62.0,False,62.0
2024-06-23 18:00:00,208417.0,67.0,False,67.0
2024-06-23 19:00:00,208494.0,77.0,False,77.0
2024-06-23 20:00:00,208569.0,75.0,False,75.0
2024-06-23 21:00:00,208634.0,65.0,False,65.0
2024-06-23 22:00:00,208698.0,64.0,False,64.0
2024-06-23 23:00:00,208751.0,53.0,False,53.0
2024-06-24 00:00:00,208797.0,46.0,False,46.0
2024-06-24 01:00:00,208839.0,42.0,False,42.0
2024-06-24 02:00:00,208873.0,34.0,False,34.0
2024-06-24 03:00:00,208902.0,29.0,False,29.0
2024-06-24 04:00:00,208926.0,24.0,False,24.0
2024-06-24 05:00:00,208953.0,27.0,False,27.0
2024-06-24 06:00:00,208976.0,23.0,False,23.0
2024-06-24 07:00:00,209002.0,26.0,False,26.0
2024-06-24 08:00:00,209032.0,30.0,False,30.0
2024-06-24 09:00:00,209089.0,57.0,False,57.0
2024-06-24 10:00:00,209165.0,76.0,False,76.0
2024-06-24 11:00:00,209246.0,81.0,False,81.0
2024-06-24 12:00:00,209324.0,78.0,False,78.0
2024-06-24 13:00:00,209395.0,71.0,False,71.0
2024-06-24 14:00:00,209465.0,70.0,False,70.0
2024-06-24 15:00:00,209543.0,78.0,False,78.0
2024-06-24 16:00:00,209633.0,90.0,False,90.0
2024-06-24 17:00:00,209724.0,91.0,False,91.0
2024-06-24 18:00:00,209810.0,86.0,False,86.0
2024-06-24 19:00:00,209884.0,74.0,False,74.0
2024-06-24 20:00:00,209959.0,75.0,False,75.0
2024-06-24 21:00:00,210031.0,72.0,False,72.0
2024-06-24 22:00:00,210097.0,66.0,False,66.0
2024-06-24 23:00:00,210155.0,58.0,False,58.0
2024-06-25 00:00:00,210204.0,49.0,False,49.0
2024-06-25 01:00:00,210241.0,37.0,False,37.0
2024-06-25 02:00:00,210273.0,32.0,False,32.0
2024-06-25 03:00:00,210300.0,27.0,False,27.0
2024-06-25 04:00:00,210323.0,23.0,False,23.0
2024-06-25 05:00:00,210347.0,24.0,False,24.0
2024-06-25 06:00:00,210373.0,26.0,False,26.0
2024-06-25 07:00:00,210398.0,25.0,False,25.0
2024-06-25 08:00:00,210434.0,36.0,False,36.0
2024-06-25 09:00:00,210491.0,57.0,False,57.0
2024-06-25 10:00:00,210563.0,72.0,False,72.0
2024-06-25 11:00:00,210641.0,78.0,False,78.0
2024-06-25 12:00:00,210726.0,85.0,False,85.0
2024-06-25 13:00:00,210806.0,80.0,False,80.0
2024-06-25 14:00:00,210884.0,78.0,False,78.0
2024-06-25 15:00:00,210964.0,80.0,False,80.0
2024-06-25 16:00:00,211055.0,91.0,False,91.0
2024-06-25 17:00:00,211150.0,95.0,False,95.0
2024-06-25 18:00:00,211245.0,95.0,False,95.0
2024-06-25 19:00:00,211337.0,92.0,False,92.0
2024-06-25 20:00:00,211431.0,94.0,False,94.0
2024-06-25 21:00:00,211521.0,90.0,False,90.0
2024-06-25 22:00:00,211592.0,71.0,False,71.0
2024-06-25 23:00:00,211654.0,62.0,False,62.0
2024-06-26 00:00:00,211710.0,56.0,False,56.0
2024-06-26 01:00:00,211754.0,44.0,False,44.0
2024-06-26 02:00:00,211785.0,31.0,False,31.0
2024-06-26 03:00:00,211810.0,25.0,False,25.0
2024-06-26 04:00:00,211837.0,27.0,False,27.0
2024-06-26 05:00:00,211861.0,24.0,False,24.0
2024-06-26 06:00:00,211886.0,25.0,False,25.0
2024-06-26 07:00:00,211911.0,25.0,False,25.0
2024-06-26 08:00:00,211939.0,28.0,False,28.0
2024-06-26 09:00:00,211994.0,55.0,False,55.0
2024-06-26 10:00:00,212073.0,79.0,False,79.0
2024-06-26 11:00:00,212166.0,93.0,False,93.0
2024-06-26 12:00:00,212264.0,98.0,False,98.0
2024-06-26 13:00:00,212355.0,91.0,False,91.0
2024-06-26 14:00:00,212441.0,86.0,False,86.0
2024-06-26 15:00:00,212524.0,83.0,False,83.0
2024-06-26 16:00:00,212618.0,94.0,False,94.0
2024-06-26 17:00:00,212712.0,94.0,False,94.0
2024-06-26 18:00:00,212805.0,93.0,False,93.0
2024-06-26 19:00:00,212883.0,78.0,False,78.0
2024-06-26 20:00:00,212952.0,69.0,False,69.0
2024-06-26 21:00:00,213023.0,71.0,False,71.0
2024-06-26 22:00:00,213084.0,61.0,False,61.0
2024-06-26 23:00:00,213142.0,58.0,False,58.0
2024-06-27 00:00:00,213188.0,46.0,False,46.0
2024-06-27 01:00:00,213227.0,39.0,False,39.0
2024-06-27 02:00:00,213261.0,34.0,False,34.0
2024-06-27 03:00:00,213295.0,34.0,False,34.0
2024-06-27 04:00:00,213325.0,30.0,False,30.0
2024-06-27 05:00:00,213356.0,31.0,False,31.0
2024-06-27 06:00:00,213387.0,31.0,False,31.0
2024-06-27 07:00:00,213418.0,31.0,False,31.0
2024-06-27 08:00:00,213448.0,30.0,False,30.0
2024-06-27 09:00:00,213507.0,59.0,False,59.0
2024-06-27 10:00:00,213592.0,85.0,False,85.0
2024-06-27 11:00:00,213672.0,80.0,False,80.0
2024-06-27 12:00:00,213758.0,86.0,False,86.0
2024-06-27 13:00:00,213851.0,93.0,False,93.0
2024-06-27 14:00:00,213940.0,89.0,False,89.0
2024-06-27 15:00:00,214022.0,82.0,False,82.0
2024-06-27 16:00:00,214106.0,84.0,False,84.0
2024-06-27 17:00:00,214190.0,84.0,False,84.0
2024-06-27 18:00:00,214288.0,98.0,False,98.0
2024-06-27 19:00:00,214375.0,87.0,False,87.0
2024-06-27 20:00:00,214449.0,74.0,False,74.0
2024-06-27 21:00:00,214522.0,73.0,False,73.0
2024-06-27 22:00:00,214593.0,71.0,False,71.0
2024-06-27 23:00:00,214657.0,64.0,False,64.0
2024-06-28 00:00:00,214708.0,51.0,False,51.0
2024-06-28 01:00:00,214751.0,43.0,False,43.0
2024-06-28 02:00:00,214786.0,35.0,False,35.0
2024-06-28 03:00:00,214815.0,29.0,False,29.0
2024-06-28 04:00:00,214840.0,25.0,False,25.0
2024-06-28 05:00:00,214864.0,24.0,False,24.0
2024-06-28 06:00:00,214888.0,24.0,False,24.0
2024-06-28 07:00:00,214913.0,25.0,False,25.0
2024-06-28 08:00:00,214939.0,26.0,False,26.0
2024-06-28 09:00:00,214991.0,52.0,False,52.0
2024-06-28 10:00:00,215073.0,82.0,False,82.0
2024-06-28 11:00:00,215157.0,84.0,False,84.0
2024-06-28 12:00:00,215247.0,90.0,False,90.0
2024-06-28 13:00:00,215325.0,78.0,False,78.0
2024-06-28 14:00:00,215399.0,74.0,False,74.0
2024-06-28 15:00:00,215479.0,80.0,False,80.0
2024-06-28 16:00:00,215569.0,90.0,False,90.0
2024-06-28 17:00:00,215666.0,97.0,False,97.0
2024-06-28 18:00:00,215757.0,91.0,False,91.0
2024-06-28 19:00:00,215840.0,83.0,False,83.0
2024-06-28 20:00:00,215911.0,71.0,False,71.0
2024-06-28 21:00:00,215983.0,72.0,False,72.0
2024-06-28 22:00:00,216052.0,69.0,False,69.0
2024-06-28 23:00:00,216118.0,66.0,False,66.0
2024-06-29 00:00:00,216173.0,55.0,False,55.0
2024-06-29 01:00:00,216217.0,44.0,False,44.0
2024-06-29 02:00:00,216255.0,38.0,False,38.0
2024-06-29 03:00:00,216285.0,30.0,False,30.0
2024-06-29 04:00:00,216316.0,31.0,False,31.0
2024-06-29 05:00:00,216345.0,29.0,False,29.0
2024-06-29 06:00:00,216375.0,30.0,False,30.0
2024-06-29 07:00:00,216405.0,30.0,False,30.0
2024-06-29 08:00:00,216437.0,32.0,False,32.0
2024-06-29 09:00:00,216479.0,42.0,False,42.0
2024-06-29 10:00:00,216541.0,62.0,False,62.0
2024-06-29 11:00:00,216608.0,67.0,False,67.0
2024-06-29 12:00:00,216675.0,67.0,False,67.0
2024-06-29 13:00:00,216737.0,62.0,False,62.0
2024-06-29 14:00:00,216800.0,63.0,False,63.0
2024-06-29 15:00:00,216863.0,63.0,False,63.0
2024-06-29 16:00:00,216928.0,65.0,False,65.0
2024-06-29 17:00:00,216992.0,64.0,False,64.0
2024-06-29 18:00:00,217058.0,66.0,False,66.0
2024-06-29 19:00:00,217119.0,61.0,False,61.0
2024-06-29 20:00:00,217182.0,63.0,False,63.0
2024-06-29 21:00:00,217248.0,66.0,False,66.0
2024-06-29 22:00:00,217311.0,63.0,False,63.0
2024-06-29 23:00:00,217371.0,60.0,False,60.0
2024-06-30 00:00:00,217425.0,54.0,False,54.0
2024-06-30 01:00:00,217467.0,42.0,False,42.0
2024-06-30 02:00:00,217507.0,40.0,False,40.0
2024-06-30 03:00:00,217541.0,34.0,False,34.0
2024-06-30 04:00:00,217570.0,29.0,False,29.0
2024-06-30 05:00:00,217597.0,27.0,False,27.0
2024-06-30 06:00:00,217621.0,24.0,False,24.0
2024-06-30 07:00:00,217644.0,23.0,False,23.0
2024-06-30 08:00:00,217672.0,28.0,False,28.0
2024-06-30 09:00:00,217711.0,39.0,False,39.0
2024-06-30 10:00:00,217767.0,56.0,False,56.0
2024-06-30 11:00:00,217828.0,61.0,False,61.0
2024-06-30 12:00:00,217890.0,62.0,False,62.0
2024-06-30 13:00:00,217952.0,62.0,False,62.0
2024-06-30 14:00:00,218008.0,56.0,False,56.0
2024-06-30 15:00:00,218068.0,60.0,False,60.0
2024-06-30 16:00:00,218133.0,65.0,False,65.0
2024-06-30 17:00:00,218199.0,66.0,False,66.0
2024-06-30 18:00:00,218264.0,65.0,False,65.0
2024-06-30 19:00:00,218330.0,66.0,False,66.0
2024-06-30 20:00:00,218392.0,62.0,False,62.0
2024-06-30 21:00:00,218456.0,64.0,False,64.0
2024-06-30 22:00:00,218527.0,71.0,False,71.0
2024-06-30 23:00:00,218591.0,64.0,False,64.0
2024-07-01 00:00:00,218646.0,55.0,False,55.0
2024-07-01 01:00:00,218686.0,40.0,False,40.0
2024-07-01 02:00:00,218719.0,33.0,False,33.0
2024-07-01 03:00:00,218749.0,30.0,False,30.0
2024-07-01 04:00:00,218778.0,29.0,False,29.0
2024-07-01 05:00:00,218807.0,29.0,False,29.0
2024-07-01 06:00:00,218836.0,29.0,False,29.0
2024-07-01 07:00:00,218863.0,27.0,False,27.0
2024-07-01 08:00:00,218896.0,33.0,False,33.0
2024-07-01 09:00:00,218946.0,50.0,False,50.0
2024-07-01 10:00:00,219012.0,66.0,False,66.0
2024-07-01 11:00:00,219080.0,68.0,False,68.0
2024-07-01 12:00:00,219165.0,85.0,False,85.0
2024-07-01 13:00:00,219237.0,72.0,False,72.0
2024-07-01 14:00:00,219292.0,55.0,False,55.0
2024-07-01 15:00:00,219351.0,59.0,False,59.0
2024-07-01 16:00:00,219421.0,70.0,False,70.0
2024-07-01 17:00:00,219500.0,79.0,False,79.0
2024-07-01 18:00:00,219578.0,78.0,False,78.0
2024-07-01 19:00:00,219648.0,70.0,False,70.0
2024-07-01 20:00:00,219714.0,66.0,False,66.0
2024-07-01 21:00:00,219774.0,60.0,False,60.0
2024-07-01 22:00:00,219834.0,60.0,False,60.0
2024-07-01 23:00:00,219887.0,53.0,False,53.0
2024-07-02 00:00:00,219930.0,43.0,False,43.0
2024-07-02 01:00:00,219961.0,31.0,False,31.0
2024-07-02 02:00:00,219987.0,26.0,False,26.0
2024-07-02 03:00:00,220012.0,25.0,False,25.0
2024-07-02 04:00:00,220035.0,23.0,False,23.0
2024-07-02 05:00:00,220058.0,23.0,False,23.0
2024-07-02 06:00:00,220083.0,25.0,False,25.0
2024-07-02 07:00:00,220108.0,25.0,False,25.0
2024-07-02 08:00:00,220136.0,28.0,False,28.0
2024-07-02 09:00:00,220183.0,47.0,False,47.0
2024-07-02 10:00:00,220246.0,63.0,False,63.0
2024-07-02 11:00:00,220312.0,66.0,False,66.0
2024-07-02 12:00:00,220377.0,65.0,False,65.0
2024-07-02 13:00:00,220433.0,56.0,False,56.0
2024-07-02 14:00:00,220489.0,56.0,False,56.0
2024-07-02 15:00:00,220556.0,67.0,False,67.0
2024-07-02 16:00:00,220642.0,86.0,False,86.0
2024-07-02 17:00:00,220728.0,86.0,False,86.0
2024-07-02 18:00:00,220810.0,82.0,False,82.0
2024-07-02 19:00:00,220898.0,88.0,False,88.0
2024-07-02 20:00:00,220988.0,90.0,False,90.0
2024-07-02 21:00:00,221070.0,82.0,False,82.0
2024-07-02 22:00:00,221151.0,81.0,False,81.0
2024-07-02 23:00:00,221220.0,69.0,False,69.0
2024-07-03 00:00:00,221267.0,47.0,False,47.0
2024-07-03 01:00:00,221307.0,40.0,False,40.0
2024-07-03 02:00:00,221343.0,36.0,False,36.0
2024-07-03 03:00:00,221373.0,30.0,False,30.0
2024-07-03 04:00:00,221400.0,27.0,False,27.0
2024-07-03 05:00:00,221427.0,27.0,False,27.0
2024-07-03 06:00:00,221452.0,25.0,False,25.0
2024-07-03 07:00:00,221480.0,28.0,False,28.0
2024-07-03 08:00:00,221511.0,31.0,False,31.0
2024-07-03 09:00:00,221557.0,46.0,False,46.0
2024-07-03 10:00:00,221621.0,64.0,False,64.0
2024-07-03 11:00:00,221688.0,67.0,False,67.0
2024-07-03 12:00:00,221755.0,67.0,False,67.0
2024-07-03 13:00:00,221814.0,59.0,False,59.0
2024-07-03 14:00:00,221870.0,56.0,False,56.0
2024-07-03 15:00:00,221933.0,63.0,False,63.0
2024-07-03 16:00:00,222003.0,70.0,False,70.0
2024-07-03 17:00:00,222082.0,79.0,False,79.0
2024-07-03 18:00:00,222161.0,79.0,False,79.0
2024-07-03 19:00:00,222226.0,65.0,False,65.0
2024-07-03 20:00:00,222291.0,65.0,False,65.0
2024-07-03 21:00:00,222347.0,56.0,False,56.0
2024-07-03 22:00:00,222402.0,55.0,False,55.0
2024-07-03 23:00:00,222455.0,53.0,False,53.0
2024-07-04 00:00:00,222497.0,42.0,False,42.0
2024-07-04 01:00:00,222532.0,35.0,False,35.0
2024-07-04 02:00:00,222560.0,28.0,False,28.0
2024-07-04 03:00:00,222587.0,27.0,False,27.0
2024-07-04 04:00:00,222612.0,25.0,False,25.0
2024-07-04 05:00:00,222637.0,25.0,False,25.0
2024-07-04 06:00:00,222662.0,25.0,False,25.0
2024-07-04 07:00:00,222691.0,29.0,False,29.0
2024-07-04 08:00:00,222720.0,29.0,False,29.0
2024-07-04 09:00:00,222759.0,39.0,False,39.0
2024-07-04 10:00:00,222816.0,57.0,False,57.0
2024-07-04 11:00:00,222878.0,62.0,False,62.0
2024-07-04 12:00:00,222940.0,62.0,False,62.0
2024-07-04 13:00:00,222996.0,56.0,False,56.0
2024-07-04 14:00:00,223067.0,71.0,False,71.0
2024-07-04 15:00:00,223155.0,88.0,False,88.0
2024-07-04 16:00:00,223247.0,92.0,False,92.0
2024-07-04 17:00:00,223343.0,96.0,False,96.0
2024-07-04 18:00:00,223422.0,79.0,False,79.0
2024-07-04 19:00:00,223492.0,70.0,False,70.0
2024-07-04 20:00:00,223556.0,64.0,False,64.0
2024-07-04 21:00:00,223615.0,59.0,False,59.0
2024-07-04 22:00:00,223668.0,53.0,False,53.0
2024-07-04 23:00:00,223721.0,53.0,False,53.0
2024-07-05 00:00:00,223768.0,47.0,False,47.0
2024-07-05 01:00:00,223806.0,38.0,False,38.0
2024-07-05 02:00:00,223841.0,35.0,False,35.0
2024-07-05 03:00:00,223868.0,27.0,False,27.0
2024-07-05 04:00:00,223894.0,26.0,False,26.0
2024-07-05 05:00:00,223921.0,27.0,False,27.0
2024-07-05 06:00:00,223946.0,25.0,False,25.0
2024-07-05 07:00:00,223972.0,26.0,False,26.0
2024-07-05 08:00:00,223997.0,25.0,False,25.0
2024-07-05 09:00:00,224031.0,34.0,False,34.0
2024-07-05 10:00:00,224087.0,56.0,False,56.0
2024-07-05 11:00:00,224147.0,60.0,False,60.0
2024-07-05 12:00:00,224204.0,57.0,False,57.0
2024-07-05 13:00:00,224255.0,51.0,False,51.0
2024-07-05 14:00:00,224309.0,54.0,False,54.0
2024-07-05 15:00:00,224369.0,60.0,False,60.0
2024-07-05 16:00:00,224438.0,69.0,False,69.0
2024-07-05 17:00:00,224513.0,75.0,False,75.0
2024-07-05 18:00:00,224581.0,68.0,False,68.0
2024-07-05 19:00:00,224643.0,62.0,False,62.0
2024-07-05 20:00:00,224698.0,55.0,False,55.0
2024-07-05 21:00:00,224753.0,55.0,False,55.0
2024-07-05 22:00:00,224808.0,55.0,False,55.0
2024-07-05 23:00:00,224858.0,50.0,False,50.0
2024-07-06 00:00:00,224900.0,42.0,False,42.0
2024-07-06 01:00:00,224934.0,34.0,False,34.0
2024-07-06 02:00:00,224963.0,29.0,False,29.0
2024-07-06 03:00:00,224990.0,27.0,False,27.0
2024-07-06 04:00:00,225019.0,29.0,False,29.0
2024-07-06 05:00:00,225048.0,29.0,False,29.0
2024-07-06 06:00:00,225073.0,25.0,False,25.0
2024-07-06 07:00:00,225101.0,28.0,False,28.0
2024-07-06 08:00:00,225132.0,31.0,False,31.0
2024-07-06 09:00:00,225168.0,36.0,False,36.0
2024-07-06 10:00:00,225213.0,45.0,False,45.0
2024-07-06 11:00:00,225269.0,56.0,False,56.0
2024-07-06 12:00:00,225323.0,54.0,False,54.0
2024-07-06 13:00:00,225374.0,51.0,False,51.0
2024-07-06 14:00:00,225424.0,50.0,False,50.0
2024-07-06 15:00:00,225473.0,49.0,False,49.0
2024-07-06 16:00:00,225529.0,56.0,False,56.0
2024-07-06 17:00:00,225585.0,56.0,False,56.0
2024-07-06 18:00:00,225640.0,55.0,False,55.0
2024-07-06 19:00:00,225693.0,53.0,False,53.0
2024-07-06 20:00:00,225748.0,55.0,False,55.0
2024-07-06 21:00:00,225801.0,53.0,False,53.0
2024-07-06 22:00:00,225854.0,53.0,False,53.0
2024-07-06 23:00:00,225908.0,54.0,False,54.0
2024-07-07 00:00:00,225955.0,47.0,False,47.0
2024-07-07 01:00:00,225996.0,41.0,False,41.0
2024-07-07 02:00:00,,,False,32.43
2024-07-07 03:00:00,226068.0,,False,28.57
2024-07-07 04:00:00,226095.0,27.0,False,27.0
2024-07-07 05:00:00,226123.0,28.0,False,28.0
2024-07-07 06:00:00,226151.0,28.0,False,28.0
2024-07-07 07:00:00,226176.0,25.0,False,25.0
2024-07-07 08:00:00,226205.0,29.0,False,29.0
2024-07-07 09:00:00,226240.0,35.0,False,35.0
2024-07-07 10:00:00,226284.0,44.0,False,44.0
2024-07-07 11:00:00,226332.0,48.0,False,48.0
2024-07-07 12:00:00,226380.0,48.0,False,48.0
2024-07-07 13:00:00,226426.0,46.0,False,46.0
2024-07-07 14:00:00,226472.0,46.0,False,46.0
2024-07-07 15:00:00,226520.0,48.0,False,48.0
2024-07-07 16:00:00,226572.0,52.0,False,52.0
2024-07-07 17:00:00,226627.0,55.0,False,55.0
2024-07-07 18:00:00,226680.0,53.0,False,53.0
2024-07-07 19:00:00,226730.0,50.0,False,50.0
2024-07-07 20:00:00,226781.0,51.0,False,51.0
2024-07-07 21:00:00,226833.0,52.0,False,52.0
2024-07-07 22:00:00,226885.0,52.0,False,52.0
2024-07-07 23:00:00,226934.0,49.0,False,49.0
2024-07-08 00:00:00,226975.0,41.0,False,41.0
2024-07-08 01:00:00,227007.0,32.0,False,32.0
2024-07-08 02:00:00,227036.0,29.0,False,29.0
2024-07-08 03:00:00,227063.0,27.0,False,27.0
2024-07-08 04:00:00,227089.0,26.0,False,26.0
2024-07-08 05:00:00,227116.0,27.0,False,27.0
2024-07-08 06:00:00,227140.0,24.0,False,24.0
2024-07-08 07:00:00,227170.0,30.0,False,30.0
2024-07-08 08:00:00,227197.0,27.0,False,27.0
2024-07-08 09:00:00,227237.0,40.0,False,40.0
2024-07-08 10:00:00,227297.0,60.0,False,60.0
2024-07-08 11:00:00,227359.0,62.0,False,62.0
2024-07-08 12:00:00,227424.0,65.0,False,65.0
2024-07-08 13:00:00,227480.0,56.0,False,56.0
2024-07-08 14:00:00,227534.0,54.0,False,54.0
2024-07-08 15:00:00,227594.0,60.0,False,60.0
2024-07-08 16:00:00,227664.0,70.0,False,70.0
2024-07-08 17:00:00,227752.0,88.0,False,88.0
2024-07-08 18:00:00,227838.0,86.0,False,86.0
2024-07-08 19:00:00,227916.0,78.0,False,78.0
2024-07-08 20:00:00,227991.0,75.0,False,75.0
2024-07-08 21:00:00,228066.0,75.0,False,75.0
2024-07-08 22:00:00,228122.0,56.0,False,56.0
2024-07-08 23:00:00,228166.0,44.0,False,44.0
2024-07-09 00:00:00,228205.0,39.0,False,39.0
2024-07-09 01:00:00,228233.0,28.0,False,28.0
2024-07-09 02:00:00,228260.0,27.0,False,27.0
2024-07-09 03:00:00,228286.0,26.0,False,26.0
2024-07-09 04:00:00,228311.0,25.0,False,25.0
2024-07-09 05:00:00,228335.0,24.0,False,24.0
2024-07-09 06:00:00,228358.0,23.0,False,23.0
2024-07-09 07:00:00,228383.0,25.0,False,25.0
2024-07-09 08:00:00,228407.0,24.0,False,24.0
2024-07-09 09:00:00,228444.0,37.0,False,37.0
2024-07-09 10:00:00,228499.0,55.0,False,55.0
2024-07-09 11:00:00,228570.0,71.0,False,71.0
2024-07-09 12:00:00,228637.0,67.0,False,67.0
2024-07-09 13:00:00,228696.0,59.0,False,59.0
2024-07-09 14:00:00,228756.0,60.0,False,60.0
2024-07-09 15:00:00,228823.0,67.0,False,67.0
2024-07-09 16:00:00,228903.0,80.0,False,80.0
2024-07-09 17:00:00,228981.0,78.0,False,78.0
2024-07-09 18:00:00,229067.0,86.0,False,86.0
2024-07-09 19:00:00,229145.0,78.0,False,78.0
2024-07-09 20:00:00,229215.0,70.0,False,70.0
2024-07-09 21:00:00,229282.0,67.0,False,67.0
2024-07-09 22:00:00,229339.0,57.0,False,57.0
2024-07-09 23:00:00,229393.0,54.0,False,54.0
2024-07-10 00:00:00,229437.0,44.0,False,44.0
2024-07-10 01:00:00,229471.0,34.0,False,34.0
2024-07-10 02:00:00,229500.0,29.0,False,29.0
2024-07-10 03:00:00,229532.0,32.0,False,32.0
2024-07-10 04:00:00,229560.0,28.0,False,28.0
2024-07-10 05:00:00,229589.0,29.0,False,29.0
2024-07-10 06:00:00,229616.0,27.0,False,27.0
2024-07-10 07:00:00,229650.0,34.0,False,34.0
2024-07-10 08:00:00,229679.0,29.0,False,29.0
2024-07-10 09:00:00,229720.0,41.0,False,41.0
2024-07-10 10:00:00,229780.0,60.0,False,60.0
2024-07-10 11:00:00,229845.0,65.0,False,65.0
2024-07-10 12:00:00,229919.0,74.0,False,74.0
2024-07-10 13:00:00,229978.0,59.0,False,59.0
2024-07-10 14:00:00,230039.0,61.0,False,61.0
2024-07-10 15:00:00,230102.0,63.0,False,63.0
2024-07-10 16:00:00,230174.0,72.0,False,72.0
2024-07-10 17:00:00,230249.0,75.0,False,75.0
2024-07-10 18:00:00,230322.0,73.0,False,73.0
2024-07-10 19:00:00,230388.0,66.0,False,66.0
2024-07-10 20:00:00,230445.0,57.0,False,57.0
2024-07-10 21:00:00,230505.0,60.0,False,60.0
2024-07-10 22:00:00,230561.0,56.0,False,56.0
2024-07-10 23:00:00,230607.0,46.0,False,46.0
2024-07-11 00:00:00,230645.0,38.0,False,38.0
2024-07-11 01:00:00,230679.0,34.0,False,34.0
2024-07-11 02:00:00,230708.0,29.0,False,29.0
2024-07-11 03:00:00,230740.0,32.0,False,32.0
2024-07-11 04:00:00,230769.0,29.0,False,29.0
2024-07-11 05:00:00,230799.0,30.0,False,30.0
2024-07-11 06:00:00,230827.0,28.0,False,28.0
2024-07-11 07:00:00,230860.0,33.0,False,33.0
2024-07-11 08:00:00,230889.0,29.0,False,29.0
2024-07-11 09:00:00,230936.0,47.0,False,47.0
2024-07-11 10:00:00,231001.0,65.0,False,65.0
2024-07-11 11:00:00,231070.0,69.0,False,69.0
2024-07-11 12:00:00,231142.0,72.0,False,72.0
2024-07-11 13:00:00,231211.0,69.0,False,69.0
2024-07-11 14:00:00,231276.0,65.0,False,65.0
2024-07-11 15:00:00,231352.0,76.0,False,76.0
2024-07-11 16:00:00,231432.0,80.0,False,80.0
2024-07-11 17:00:00,231524.0,92.0,False,92.0
2024-07-11 18:00:00,231609.0,85.0,False,85.0
2024-07-11 19:00:00,231682.0,73.0,False,73.0
2024-07-11 20:00:00,231744.0,62.0,False,62.0
2024-07-11 21:00:00,231807.0,63.0,False,63.0
2024-07-11 22:00:00,231871.0,64.0,False,64.0
2024-07-11 23:00:00,231927.0,56.0,False,56.0
2024-07-12 00:00:00,231980.0,53.0,False,53.0
2024-07-12 01:00:00,232023.0,43.0,False,43.0
2024-07-12 02:00:00,232063.0,40.0,False,40.0
2024-07-12 03:00:00,232099.0,36.0,False,36.0
2024-07-12 04:00:00,232131.0,32.0,False,32.0
2024-07-12 05:00:00,232165.0,34.0,False,34.0
2024-07-12 06:00:00,232196.0,31.0,False,31.0
2024-07-12 07:00:00,232236.0,40.0,False,40.0
2024-07-12 08:00:00,232273.0,37.0,False,37.0
2024-07-12 09:00:00,232326.0,53.0,False,53.0
2024-07-12 10:00:00,232401.0,75.0,False,75.0
2024-07-12 11:00:00,232478.0,77.0,False,77.0
2024-07-12 12:00:00,232552.0,74.0,False,74.0
2024-07-12 13:00:00,232611.0,59.0,False,59.0
2024-07-12 14:00:00,232669.0,58.0,False,58.0
2024-07-12 15:00:00,232733.0,64.0,False,64.0
2024-07-12 16:00:00,232809.0,76.0,False,76.0
2024-07-12 17:00:00,232889.0,80.0,False,80.0
2024-07-12 18:00:00,232966.0,77.0,False,77.0
2024-07-12 19:00:00,233032.0,66.0,False,66.0
2024-07-12 20:00:00,233100.0,68.0,False,68.0
2024-07-12 21:00:00,233166.0,66.0,False,66.0
2024-07-12 22:00:00,233229.0,63.0,False,63.0
2024-07-12 23:00:00,233279.0,50.0,False,50.0
2024-07-13 00:00:00,233324.0,45.0,False,45.0
2024-07-13 01:00:00,233365.0,41.0,False,41.0
2024-07-13 02:00:00,233399.0,34.0,False,34.0
2024-07-13 03:00:00,233434.0,35.0,False,35.0
2024-07-13 04:00:00,233465.0,31.0,False,31.0
2024-07-13 05:00:00,233496.0,31.0,False,31.0
2024-07-13 06:00:00,233526.0,30.0,False,30.0
2024-07-13 07:00:00,233558.0,32.0,False,32.0
2024-07-13 08:00:00,233591.0,33.0,False,33.0
2024-07-13 09:00:00,233633.0,42.0,False,42.0
2024-07-13 10:00:00,233694.0,61.0,False,61.0
2024-07-13 11:00:00,233770.0,76.0,False,76.0
2024-07-13 12:00:00,233852.0,82.0,False,82.0
2024-07-13 13:00:00,233928.0,76.0,False,76.0
2024-07-13 14:00:00,234006.0,78.0,False,78.0
2024-07-13 15:00:00,234089.0,83.0,False,83.0
2024-07-13 16:00:00,234187.0,98.0,False,98.0
2024-07-13 17:00:00,234279.0,92.0,False,92.0
2024-07-13 18:00:00,234351.0,72.0,False,72.0
2024-07-13 19:00:00,234419.0,68.0,False,68.0
2024-07-13 20:00:00,234480.0,61.0,False,61.0
2024-07-13 21:00:00,234539.0,59.0,False,59.0
2024-07-13 22:00:00,234600.0,61.0,False,61.0
2024-07-13 23:00:00,234653.0,53.0,False,53.0
2024-07-14 00:00:00,234697.0,44.0,False,44.0
2024-07-14 01:00:00,234729.0,32.0,False,32.0
2024-07-14 02:00:00,234757.0,28.0,False,28.0
2024-07-14 03:00:00,234786.0,29.0,False,29.0
2024-07-14 04:00:00,234812.0,26.0,False,26.0
2024-07-14 05:00:00,234837.0,25.0,False,25.0
2024-07-14 06:00:00,234861.0,24.0,False,24.0
2024-07-14 07:00:00,234890.0,29.0,False,29.0
2024-07-14 08:00:00,234919.0,29.0,False,29.0
2024-07-14 09:00:00,234953.0,34.0,False,34.0
2024-07-14 10:00:00,234999.0,46.0,False,46.0
2024-07-14 11:00:00,235053.0,54.0,False,54.0
2024-07-14 12:00:00,235109.0,56.0,False,56.0
2024-07-14 13:00:00,235164.0,55.0,False,55.0
2024-07-14 14:00:00,235216.0,52.0,False,52.0
2024-07-14 15:00:00,235272.0,56.0,False,56.0
2024-07-14 16:00:00,235338.0,66.0,False,66.0
2024-07-14 17:00:00,235406.0,68.0,False,68.0
2024-07-14 18:00:00,235476.0,70.0,False,70.0
2024-07-14 19:00:00,235537.0,61.0,False,61.0
2024-07-14 20:00:00,235591.0,54.0,False,54.0
2024-07-14 21:00:00,235643.0,52.0,False,52.0
2024-07-14 22:00:00,235697.0,54.0,False,54.0
2024-07-14 23:00:00,235744.0,47.0,False,47.0
2024-07-15 00:00:00,235780.0,36.0,False,36.0
2024-07-15 01:00:00,235809.0,29.0,False,29.0
2024-07-15 02:00:00,235836.0,27.0,False,27.0
2024-07-15 03:00:00,235862.0,26.0,False,26.0
2024-07-15 04:00:00,235887.0,25.0,False,25.0
2024-07-15 05:00:00,235911.0,24.0,False,24.0
2024-07-15 06:00:00,235936.0,25.0,False,25.0
2024-07-15 07:00:00,235959.0,23.0,False,23.0
2024-07-15 08:00:00,235985.0,26.0,False,26.0
2024-07-15 09:00:00,236021.0,36.0,False,36.0
2024-07-15 10:00:00,236078.0,57.0,False,57.0
2024-07-15 11:00:00,236141.0,63.0,False,63.0
2024-07-15 12:00:00,236202.0,61.0,False,61.0
2024-07-15 13:00:00,236259.0,57.0,False,57.0
2024-07-15 14:00:00,236309.0,50.0,False,50.0
2024-07-15 15:00:00,236363.0,54.0,False,54.0
2024-07-15 16:00:00,236429.0,66.0,False,66.0
2024-07-15 17:00:00,236498.0,69.0,False,69.0
2024-07-15 18:00:00,236571.0,73.0,False,73.0
2024-07-15 19:00:00,236635.0,64.0,False,64.0
2024-07-15 20:00:00,236696.0,61.0,False,61.0
2024-07-15 21:00:00,236754.0,58.0,False,58.0
2024-07-15 22:00:00,236809.0,55.0,False,55.0
2024-07-15 23:00:00,236857.0,48.0,False,48.0
2024-07-16 00:00:00,236896.0,39.0,False,39.0
2024-07-16 01:00:00,236928.0,32.0,False,32.0
2024-07-16 02:00:00,236955.0,27.0,False,27.0
2024-07-16 03:00:00,236982.0,27.0,False,27.0
2024-07-16 04:00:00,237007.0,25.0,False,25.0
2024-07-16 05:00:00,237032.0,25.0,False,25.0
2024-07-16 06:00:00,237056.0,24.0,False,24.0
2024-07-16 07:00:00,237082.0,26.0,False,26.0
2024-07-16 08:00:00,237110.0,28.0,False,28.0
2024-07-16 09:00:00,237146.0,36.0,False,36.0
2024-07-16 10:00:00,237204.0,58.0,False,58.0
2024-07-16 11:00:00,237267.0,63.0,False,63.0
2024-07-16 12:00:00,237326.0,59.0,False,59.0
2024-07-16 13:00:00,237376.0,50.0,False,50.0
2024-07-16 14:00:00,237422.0,46.0,False,46.0
2024-07-16 15:00:00,237473.0,51.0,False,51.0
2024-07-16 16:00:00,237539.0,66.0,False,66.0
2024-07-16 17:00:00,237605.0,66.0,False,66.0
2024-07-16 18:00:00,237666.0,61.0,False,61.0
2024-07-16 19:00:00,237718.0,52.0,False,52.0
2024-07-16 20:00:00,237766.0,48.0,False,48.0
2024-07-16 21:00:00,237815.0,49.0,False,49.0
2024-07-16 22:00:00,237864.0,49.0,False,49.0
2024-07-16 23:00:00,237908.0,44.0,False,44.0
2024-07-17 00:00:00,237943.0,35.0,False,35.0
2024-07-17 01:00:00,237971.0,28.0,False,28.0
2024-07-17 02:00:00,237998.0,27.0,False,27.0
2024-07-17 03:00:00,238024.0,26.0,False,26.0
2024-07-17 04:00:00,238047.0,23.0,False,23.0
2024-07-17 05:00:00,238069.0,22.0,False,22.0
2024-07-17 06:00:00,238091.0,22.0,False,22.0
2024-07-17 07:00:00,238118.0,27.0,False,27.0
2024-07-17 08:00:00,238144.0,26.0,False,26.0
2024-07-17 09:00:00,238176.0,32.0,False,32.0
2024-07-17 10:00:00,238226.0,50.0,False,50.0
2024-07-17 11:00:00,238296.0,70.0,False,70.0
2024-07-17 12:00:00,238354.0,58.0,False,58.0
2024-07-17 13:00:00,238400.0,46.0,False,46.0
2024-07-17 14:00:00,238445.0,45.0,False,45.0
2024-07-17 15:00:00,238501.0,56.0,False,56.0
2024-07-17 16:00:00,238565.0,64.0,False,64.0
2024-07-17 17:00:00,238638.0,73.0,False,73.0
2024-07-17 18:00:00,238705.0,67.0,False,67.0
2024-07-17 19:00:00,238766.0,61.0,False,61.0
2024-07-17 20:00:00,238820.0,54.0,False,54.0
2024-07-17 21:00:00,238869.0,49.0,False,49.0
2024-07-17 22:00:00,238914.0,45.0,False,45.0
2024-07-17 23:00:00,238954.0,40.0,False,40.0
2024-07-18 00:00:00,238990.0,36.0,False,36.0
2024-07-18 01:00:00,239021.0,31.0,False,31.0
2024-07-18 02:00:00,239045.0,24.0,False,24.0
2024-07-18 03:00:00,239069.0,24.0,False,24.0
2024-07-18 04:00:00,239091.0,22.0,False,22.0
2024-07-18 05:00:00,239115.0,24.0,False,24.0
2024-07-18 06:00:00,239138.0,23.0,False,23.0
2024-07-18 07:00:00,239162.0,24.0,False,24.0
2024-07-18 08:00:00,239186.0,24.0,False,24.0
2024-07-18 09:00:00,239222.0,36.0,False,36.0
2024-07-18 10:00:00,239272.0,50.0,False,50.0
2024-07-18 11:00:00,239332.0,60.0,False,60.0
2024-07-18 12:00:00,239393.0,61.0,False,61.0
2024-07-18 13:00:00,239449.0,56.0,False,56.0
2024-07-18 14:00:00,239505.0,56.0,False,56.0
2024-07-18 15:00:00,239563.0,58.0,False,58.0
2024-07-18 16:00:00,239639.0,76.0,False,76.0
2024-07-18 17:00:00,239710.0,71.0,False,71.0
2024-07-18 18:00:00,239782.0,72.0,False,72.0
2024-07-18 19:00:00,239852.0,70.0,False,70.0
2024-07-18 20:00:00,239914.0,62.0,False,62.0
2024-07-18 21:00:00,239974.0,60.0,False,60.0
2024-07-18 22:00:00,240029.0,55.0,False,55.0
2024-07-18 23:00:00,240080.0,51.0,False,51.0
2024-07-19 00:00:00,240120.0,40.0,False,40.0
2024-07-19 01:00:00,240153.0,33.0,False,33.0
2024-07-19 02:00:00,240181.0,28.0,False,28.0
2024-07-19 03:00:00,240208.0,27.0,False,27.0
2024-07-19 04:00:00,240231.0,23.0,False,23.0
2024-07-19 05:00:00,240252.0,21.0,False,21.0
2024-07-19 06:00:00,240274.0,22.0,False,22.0
2024-07-19 07:00:00,240296.0,22.0,False,22.0
2024-07-19 08:00:00,240320.0,24.0,False,24.0
2024-07-19 09:00:00,240355.0,35.0,False,35.0
2024-07-19 10:00:00,240408.0,53.0,False,53.0
2024-07-19 11:00:00,240462.0,54.0,False,54.0
2024-07-19 12:00:00,240519.0,57.0,False,57.0
2024-07-19 13:00:00,240571.0,52.0,False,52.0
2024-07-19 14:00:00,240619.0,48.0,False,48.0
2024-07-19 15:00:00,240671.0,52.0,False,52.0
2024-07-19 16:00:00,240733.0,62.0,False,62.0
2024-07-19 17:00:00,240799.0,66.0,False,66.0
2024-07-19 18:00:00,240853.0,54.0,False,54.0
2024-07-19 19:00:00,240900.0,47.0,False,47.0
2024-07-19 20:00:00,240947.0,47.0,False,47.0
2024-07-19 21:00:00,240997.0,50.0,False,50.0
2024-07-19 22:00:00,241043.0,46.0,False,46.0
2024-07-19 23:00:00,241087.0,44.0,False,44.0
2024-07-20 00:00:00,241123.0,36.0,False,36.0
2024-07-20 01:00:00,241153.0,30.0,False,30.0
2024-07-20 02:00:00,241181.0,28.0,False,28.0
2024-07-20 03:00:00,241207.0,26.0,False,26.0
2024-07-20 04:00:00,241231.0,24.0,False,24.0
2024-07-20 05:00:00,241254.0,23.0,False,23.0
2024-07-20 06:00:00,241280.0,26.0,False,26.0
2024-07-20 07:00:00,241304.0,24.0,False,24.0
2024-07-20 08:00:00,241328.0,24.0,False,24.0
2024-07-20 09:00:00,241360.0,32.0,False,32.0
2024-07-20 10:00:00,241413.0,53.0,False,53.0
2024-07-20 11:00:00,241472.0,59.0,False,59.0
2024-07-20 12:00:00,241528.0,56.0,False,56.0
2024-07-20 13:00:00,241578.0,50.0,False,50.0
2024-07-20 14:00:00,241630.0,52.0,False,52.0
2024-07-20 15:00:00,241685.0,55.0,False,55.0
2024-07-20 16:00:00,241743.0,58.0,False,58.0
2024-07-20 17:00:00,241803.0,60.0,False,60.0
2024-07-20 18:00:00,241862.0,59.0,False,59.0
2024-07-20 19:00:00,241919.0,57.0,False,57.0
2024-07-20 20:00:00,241973.0,54.0,False,54.0
2024-07-20 21:00:00,242023.0,50.0,False,50.0
2024-07-20 22:00:00,242077.0,54.0,False,54.0
2024-07-20 23:00:00,242125.0,48.0,False,48.0
2024-07-21 00:00:00,242162.0,37.0,False,37.0
2024-07-21 01:00:00,242191.0,29.0,False,29.0
2024-07-21 02:00:00,242218.0,27.0,False,27.0
2024-07-21 03:00:00,242244.0,26.0,False,26.0
2024-07-21 04:00:00,242266.0,22.0,False,22.0
2024-07-21 05:00:00,242291.0,25.0,False,25.0
2024-07-21 06:00:00,242314.0,23.0,False,23.0
2024-07-21 07:00:00,242336.0,22.0,False,22.0
2024-07-21 08:00:00,242362.0,26.0,False,26.0
2024-07-21 09:00:00,242391.0,29.0,False,29.0
2024-07-21 10:00:00,242438.0,47.0,False,47.0
2024-07-21 11:00:00,242498.0,60.0,False,60.0
2024-07-21 12:00:00,242560.0,62.0,False,62.0
2024-07-21 13:00:00,242618.0,58.0,False,58.0
2024-07-21 14:00:00,242676.0,58.0,False,58.0
2024-07-21 15:00:00,242733.0,57.0,False,57.0
2024-07-21 16:00:00,242801.0,68.0,False,68.0
2024-07-21 17:00:00,242873.0,72.0,False,72.0
2024-07-21 18:00:00,242941.0,68.0,False,68.0
2024-07-21 19:00:00,243004.0,63.0,False,63.0
2024-07-21 20:00:00,243064.0,60.0,False,60.0
2024-07-21 21:00:00,243121.0,57.0,False,57.0
2024-07-21 22:00:00,243180.0,59.0,False,59.0
2024-07-21 23:00:00,243239.0,59.0,False,59.0
2024-07-22 00:00:00,243289.0,50.0,False,50.0
2024-07-22 01:00:00,243323.0,34.0,False,34.0
2024-07-22 02:00:00,243355.0,32.0,False,32.0
2024-07-22 03:00:00,243384.0,29.0,False,29.0
2024-07-22 04:00:00,243413.0,29.0,False,29.0
2024-07-22 05:00:00,243436.0,23.0,False,23.0
2024-07-22 06:00:00,243460.0,24.0,False,24.0
2024-07-22 07:00:00,243486.0,26.0,False,26.0
2024-07-22 08:00:00,243515.0,29.0,False,29.0
2024-07-22 09:00:00,243570.0,55.0,False,55.0
2024-07-22 10:00:00,243650.0,80.0,False,80.0
2024-07-22 11:00:00,243750.0,100.0,False,100.0
2024-07-22 12:00:00,243851.0,101.0,False,101.0
2024-07-22 13:00:00,243936.0,85.0,False,85.0
2024-07-22 14:00:00,244013.0,77.0,False,77.0
2024-07-22 15:00:00,244088.0,75.0,False,75.0
2024-07-22 16:00:00,244190.0,102.0,False,102.0
2024-07-22 17:00:00,244287.0,97.0,False,97.0
2024-07-22 18:00:00,244378.0,91.0,False,91.0
2024-07-22 19:00:00,244461.0,83.0,False,83.0
2024-07-22 20:00:00,244539.0,78.0,False,78.0
2024-07-22 21:00:00,244612.0,73.0,False,73.0
2024-07-22 22:00:00,244674.0,62.0,False,62.0
2024-07-22 23:00:00,244722.0,48.0,False,48.0
2024-07-23 00:00:00,244762.0,40.0,False,40.0
2024-07-23 01:00:00,244794.0,32.0,False,32.0
2024-07-23 02:00:00,244821.0,27.0,False,27.0
2024-07-23 03:00:00,244848.0,27.0,False,27.0
2024-07-23 04:00:00,244874.0,26.0,False,26.0
2024-07-23 05:00:00,244897.0,23.0,False,23.0
2024-07-23 06:00:00,244925.0,28.0,False,28.0
2024-07-23 07:00:00,244949.0,24.0,False,24.0
2024-07-23 08:00:00,244976.0,27.0,False,27.0
2024-07-23 09:00:00,245020.0,44.0,False,44.0
2024-07-23 10:00:00,245090.0,70.0,False,70.0
2024-07-23 11:00:00,245166.0,76.0,False,76.0
2024-07-23 12:00:00,245231.0,65.0,False,65.0
2024-07-23 13:00:00,245298.0,67.0,False,67.0
2024-07-23 14:00:00,245362.0,64.0,False,64.0
2024-07-23 15:00:00,245433.0,71.0,False,71.0
2024-07-23 16:00:00,245513.0,80.0,False,80.0
2024-07-23 17:00:00,245600.0,87.0,False,87.0
2024-07-23 18:00:00,245685.0,85.0,False,85.0
2024-07-23 19:00:00,245753.0,68.0,False,68.0
2024-07-23 20:00:00,245818.0,65.0,False,65.0
2024-07-23 21:00:00,245871.0,53.0,False,53.0
2024-07-23 22:00:00,245922.0,51.0,False,51.0
2024-07-23 23:00:00,245970.0,48.0,False,48.0
2024-07-24 00:00:00,246007.0,37.0,False,37.0
2024-07-24 01:00:00,246035.0,28.0,False,28.0
2024-07-24 02:00:00,246061.0,26.0,False,26.0
2024-07-24 03:00:00,246086.0,25.0,False,25.0
2024-07-24 04:00:00,246111.0,25.0,False,25.0
2024-07-24 05:00:00,246133.0,22.0,False,22.0
2024-07-24 06:00:00,246156.0,23.0,False,23.0
2024-07-24 07:00:00,246179.0,23.0,False,23.0
2024-07-24 08:00:00,246204.0,25.0,False,25.0
2024-07-24 09:00:00,246248.0,44.0,False,44.0
2024-07-24 10:00:00,246328.0,80.0,False,80.0
2024-07-24 11:00:00,246426.0,98.0,False,98.0
2024-07-24 12:00:00,246522.0,96.0,False,96.0
2024-07-24 13:00:00,246610.0,88.0,False,88.0
2024-07-24 14:00:00,246681.0,71.0,False,71.0
2024-07-24 15:00:00,246758.0,77.0,False,77.0
2024-07-24 16:00:00,246839.0,81.0,False,81.0
2024-07-24 17:00:00,246920.0,81.0,False,81.0
2024-07-24 18:00:00,246997.0,77.0,False,77.0
2024-07-24 19:00:00,247058.0,61.0,False,61.0
2024-07-24 20:00:00,247110.0,52.0,False,52.0
2024-07-24 21:00:00,247162.0,52.0,False,52.0
2024-07-24 22:00:00,247207.0,45.0,False,45.0
2024-07-24 23:00:00,247247.0,40.0,False,40.0
2024-07-25 00:00:00,247279.0,32.0,False,32.0
2024-07-25 01:00:00,247306.0,27.0,False,27.0
2024-07-25 02:00:00,247332.0,26.0,False,26.0
2024-07-25 03:00:00,247358.0,26.0,False,26.0
2024-07-25 04:00:00,247383.0,25.0,False,25.0
2024-07-25 05:00:00,247406.0,23.0,False,23.0
2024-07-25 06:00:00,247428.0,22.0,False,22.0
2024-07-25 07:00:00,247451.0,23.0,False,23.0
2024-07-25 08:00:00,247475.0,24.0,False,24.0
2024-07-25 09:00:00,247507.0,32.0,False,32.0
2024-07-25 10:00:00,247562.0,55.0,False,55.0
2024-07-25 11:00:00,247628.0,66.0,False,66.0
2024-07-25 12:00:00,247699.0,71.0,False,71.0
2024-07-25 13:00:00,247762.0,63.0,False,63.0
2024-07-25 14:00:00,247823.0,61.0,False,61.0
2024-07-25 15:00:00,247887.0,64.0,False,64.0
2024-07-25 16:00:00,247963.0,76.0,False,76.0
2024-07-25 17:00:00,248041.0,78.0,False,78.0
2024-07-25 18:00:00,248119.0,78.0,False,78.0
2024-07-25 19:00:00,248183.0,64.0,False,64.0
2024-07-25 20:00:00,248247.0,64.0,False,64.0
2024-07-25 21:00:00,248306.0,59.0,False,59.0
2024-07-25 22:00:00,248359.0,53.0,False,53.0
2024-07-25 23:00:00,248404.0,45.0,False,45.0
2024-07-26 00:00:00,248443.0,39.0,False,39.0
2024-07-26 01:00:00,248472.0,29.0,False,29.0
2024-07-26 02:00:00,248499.0,27.0,False,27.0
2024-07-26 03:00:00,248529.0,30.0,False,30.0
2024-07-26 04:00:00,248554.0,25.0,False,25.0
2024-07-26 05:00:00,248576.0,22.0,False,22.0
2024-07-26 06:00:00,248603.0,27.0,False,27.0
2024-07-26 07:00:00,248627.0,24.0,False,24.0
2024-07-26 08:00:00,248653.0,26.0,False,26.0
2024-07-26 09:00:00,248694.0,41.0,False,41.0
2024-07-26 10:00:00,248765.0,71.0,False,71.0
2024-07-26 11:00:00,248854.0,89.0,False,89.0
2024-07-26 12:00:00,248944.0,90.0,False,90.0
2024-07-26 13:00:00,249022.0,78.0,False,78.0
2024-07-26 14:00:00,249095.0,73.0,False,73.0
2024-07-26 15:00:00,249171.0,76.0,False,76.0
2024-07-26 16:00:00,249258.0,87.0,False,87.0
2024-07-26 17:00:00,249332.0,74.0,False,74.0
2024-07-26 18:00:00,249400.0,68.0,False,68.0
2024-07-26 19:00:00,249467.0,67.0,False,67.0
2024-07-26 20:00:00,249526.0,59.0,False,59.0
2024-07-26 21:00:00,249585.0,59.0,False,59.0
2024-07-26 22:00:00,249642.0,57.0,False,57.0
2024-07-26 23:00:00,249689.0,47.0,False,47.0
2024-07-27 00:00:00,249728.0,39.0,False,39.0
2024-07-27 01:00:00,249760.0,32.0,False,32.0
2024-07-27 02:00:00,249788.0,28.0,False,28.0
2024-07-27 03:00:00,249815.0,27.0,False,27.0
2024-07-27 04:00:00,249842.0,27.0,False,27.0
2024-07-27 05:00:00,249869.0,27.0,False,27.0
2024-07-27 06:00:00,249896.0,27.0,False,27.0
2024-07-27 07:00:00,249923.0,27.0,False,27.0
2024-07-27 08:00:00,249950.0,27.0,False,27.0
2024-07-27 09:00:00,249984.0,34.0,False,34.0
2024-07-27 10:00:00,250033.0,49.0,False,49.0
2024-07-27 11:00:00,250090.0,57.0,False,57.0
2024-07-27 12:00:00,250150.0,60.0,False,60.0
2024-07-27 13:00:00,250203.0,53.0,False,53.0
2024-07-27 14:00:00,250265.0,62.0,False,62.0
2024-07-27 15:00:00,250321.0,56.0,False,56.0
2024-07-27 16:00:00,250380.0,59.0,False,59.0
2024-07-27 17:00:00,250441.0,61.0,False,61.0
2024-07-27 18:00:00,250504.0,63.0,False,63.0
2024-07-27 19:00:00,250565.0,61.0,False,61.0
2024-07-27 20:00:00,250622.0,57.0,False,57.0
2024-07-27 21:00:00,250677.0,55.0,False,55.0
2024-07-27 22:00:00,250730.0,53.0,False,53.0
2024-07-27 23:00:00,250780.0,50.0,False,50.0
2024-07-28 00:00:00,250823.0,43.0,False,43.0
2024-07-28 01:00:00,250857.0,34.0,False,34.0
2024-07-28 02:00:00,250885.0,28.0,False,28.0
2024-07-28 03:00:00,250914.0,29.0,False,29.0
2024-07-28 04:00:00,250941.0,27.0,False,27.0
2024-07-28 05:00:00,250966.0,25.0,False,25.0
2024-07-28 06:00:00,250991.0,25.0,False,25.0
2024-07-28 07:00:00,251014.0,23.0,False,23.0
2024-07-28 08:00:00,251040.0,26.0,False,26.0
2024-07-28 09:00:00,251070.0,30.0,False,30.0
2024-07-28 10:00:00,251112.0,42.0,False,42.0
2024-07-28 11:00:00,251163.0,51.0,False,51.0
2024-07-28 12:00:00,251216.0,53.0,False,53.0
2024-07-28 13:00:00,251266.0,50.0,False,50.0
2024-07-28 14:00:00,251315.0,49.0,False,49.0
2024-07-28 15:00:00,251369.0,54.0,False,54.0
2024-07-28 16:00:00,251427.0,58.0,False,58.0
2024-07-28 17:00:00,251489.0,62.0,False,62.0
2024-07-28 18:00:00,251554.0,65.0,False,65.0
2024-07-28 19:00:00,251611.0,57.0,False,57.0
2024-07-28 20:00:00,251666.0,55.0,False,55.0
2024-07-28 21:00:00,251726.0,60.0,False,60.0
2024-07-28 22:00:00,251778.0,52.0,False,52.0
2024-07-28 23:00:00,251829.0,51.0,False,51.0
2024-07-29 00:00:00,251869.0,40.0,False,40.0
2024-07-29 01:00:00,251903.0,34.0,False,34.0
2024-07-29 02:00:00,251932.0,29.0,False,29.0
2024-07-29 03:00:00,251960.0,28.0,False,28.0
2024-07-29 04:00:00,251987.0,27.0,False,27.0
2024-07-29 05:00:00,252012.0,25.0,False,25.0
2024-07-29 06:00:00,252037.0,25.0,False,25.0
2024-07-29 07:00:00,252065.0,28.0,False,28.0
2024-07-29 08:00:00,252093.0,28.0,False,28.0
2024-07-29 09:00:00,252130.0,37.0,False,37.0
2024-07-29 10:00:00,252186.0,56.0,False,56.0
2024-07-29 11:00:00,252259.0,73.0,False,73.0
2024-07-29 12:00:00,252328.0,69.0,False,69.0
2024-07-29 13:00:00,252391.0,63.0,False,63.0
2024-07-29 14:00:00,252455.0,64.0,False,64.0
2024-07-29 15:00:00,252522.0,67.0,False,67.0
2024-07-29 16:00:00,252599.0,77.0,False,77.0
2024-07-29 17:00:00,252676.0,77.0,False,77.0
2024-07-29 18:00:00,252748.0,72.0,False,72.0
2024-07-29 19:00:00,252819.0,71.0,False,71.0
2024-07-29 20:00:00,252894.0,75.0,False,75.0
2024-07-29 21:00:00,252949.0,55.0,False,55.0
2024-07-29 22:00:00,252997.0,48.0,False,48.0
2024-07-29 23:00:00,253038.0,41.0,False,41.0
2024-07-30 00:00:00,253075.0,37.0,False,37.0
2024-07-30 01:00:00,253103.0,28.0,False,28.0
2024-07-30 02:00:00,253133.0,30.0,False,30.0
2024-07-30 03:00:00,253158.0,25.0,False,25.0
2024-07-30 04:00:00,253186.0,28.0,False,28.0
2024-07-30 05:00:00,253213.0,27.0,False,27.0
2024-07-30 06:00:00,253237.0,24.0,False,24.0
2024-07-30 07:00:00,253263.0,26.0,False,26.0
2024-07-30 08:00:00,253291.0,28.0,False,28.0
2024-07-30 09:00:00,253326.0,35.0,False,35.0
2024-07-30 10:00:00,253373.0,47.0,False,47.0
2024-07-30 11:00:00,253437.0,64.0,False,64.0
2024-07-30 12:00:00,253502.0,65.0,False,65.0
2024-07-30 13:00:00,253561.0,59.0,False,59.0
2024-07-30 14:00:00,253620.0,59.0,False,59.0
2024-07-30 15:00:00,253690.0,70.0,False,70.0
2024-07-30 16:00:00,253778.0,88.0,False,88.0
2024-07-30 17:00:00,253869.0,91.0,False,91.0
2024-07-30 18:00:00,253950.0,81.0,False,81.0
2024-07-30 19:00:00,254010.0,60.0,False,60.0
2024-07-30 20:00:00,254064.0,54.0,False,54.0
2024-07-30 21:00:00,254112.0,48.0,False,48.0
2024-07-30 22:00:00,254161.0,49.0,False,49.0
2024-07-30 23:00:00,254208.0,47.0,False,47.0
2024-07-31 00:00:00,254246.0,38.0,False,38.0
2024-07-31 01:00:00,254274.0,28.0,False,28.0
2024-07-31 02:00:00,254300.0,26.0,False,26.0
2024-07-31 03:00:00,254322.0,22.0,False,22.0
2024-07-31 04:00:00,254345.0,23.0,False,23.0
2024-07-31 05:00:00,254368.0,23.0,False,23.0
2024-07-31 06:00:00,254392.0,24.0,False,24.0
2024-07-31 07:00:00,254415.0,23.0,False,23.0
2024-07-31 08:00:00,254440.0,25.0,False,25.0
2024-07-31 09:00:00,254473.0,33.0,False,33.0
2024-07-31 10:00:00,254521.0,48.0,False,48.0
2024-07-31 11:00:00,254586.0,65.0,False,65.0
2024-07-31 12:00:00,254651.0,65.0,False,65.0
2024-07-31 13:00:00,254710.0,59.0,False,59.0
2024-07-31 14:00:00,254772.0,62.0,False,62.0
2024-07-31 15:00:00,254843.0,71.0,False,71.0
2024-07-31 16:00:00,254924.0,81.0,False,81.0
2024-07-31 17:00:00,255001.0,77.0,False,77.0
2024-07-31 18:00:00,255074.0,73.0,False,73.0
2024-07-31 19:00:00,255137.0,63.0,False,63.0
2024-07-31 20:00:00,255200.0,63.0,False,63.0
2024-07-31 21:00:00,255264.0,64.0,False,64.0
2024-07-31 22:00:00,255321.0,57.0,False,57.0
2024-07-31 23:00:00,255372.0,51.0,False,51.0
2024-08-01 00:00:00,255412.0,40.0,False,40.0
2024-08-01 01:00:00,255443.0,31.0,False,31.0
2024-08-01 02:00:00,255471.0,28.0,False,28.0
2024-08-01 03:00:00,255497.0,26.0,False,26.0
2024-08-01 04:00:00,255522.0,25.0,False,25.0
2024-08-01 05:00:00,255546.0,24.0,False,24.0
2024-08-01 06:00:00,255570.0,24.0,False,24.0
2024-08-01 07:00:00,255594.0,24.0,False,24.0
2024-08-01 08:00:00,255620.0,26.0,False,26.0
2024-08-01 09:00:00,255663.0,43.0,False,43.0
2024-08-01 10:00:00,255727.0,64.0,False,64.0
2024-08-01 11:00:00,255811.0,84.0,False,84.0
2024-08-01 12:00:00,255895.0,84.0,False,84.0
2024-08-01 13:00:00,255973.0,78.0,False,78.0
2024-08-01 14:00:00,256054.0,81.0,False,81.0
2024-08-01 15:00:00,256142.0,88.0,False,88.0
2024-08-01 16:00:00,256237.0,95.0,False,95.0
2024-08-01 17:00:00,256325.0,88.0,False,88.0
2024-08-01 18:00:00,256412.0,87.0,False,87.0
2024-08-01 19:00:00,256482.0,70.0,False,70.0
2024-08-01 20:00:00,256551.0,69.0,False,69.0
2024-08-01 21:00:00,256617.0,66.0,False,66.0
2024-08-01 22:00:00,256680.0,63.0,False,63.0
2024-08-01 23:00:00,256735.0,55.0,False,55.0
2024-08-02 00:00:00,256783.0,48.0,False,48.0
2024-08-02 01:00:00,256819.0,36.0,False,36.0
2024-08-02 02:00:00,256851.0,32.0,False,32.0
2024-08-02 03:00:00,256882.0,31.0,False,31.0
2024-08-02 04:00:00,256910.0,28.0,False,28.0
2024-08-02 05:00:00,256937.0,27.0,False,27.0
2024-08-02 06:00:00,256963.0,26.0,False,26.0
2024-08-02 07:00:00,256990.0,27.0,False,27.0
2024-08-02 08:00:00,257019.0,29.0,False,29.0
2024-08-02 09:00:00,257060.0,41.0,False,41.0
2024-08-02 10:00:00,257126.0,66.0,False,66.0
2024-08-02 11:00:00,257203.0,77.0,False,77.0
2024-08-02 12:00:00,257279.0,76.0,False,76.0
2024-08-02 13:00:00,257348.0,69.0,False,69.0
2024-08-02 14:00:00,257418.0,70.0,False,70.0
2024-08-02 15:00:00,257495.0,77.0,False,77.0
2024-08-02 16:00:00,257578.0,83.0,False,83.0
2024-08-02 17:00:00,257662.0,84.0,False,84.0
2024-08-02 18:00:00,257740.0,78.0,False,78.0
2024-08-02 19:00:00,257802.0,62.0,False,62.0
2024-08-02 20:00:00,257866.0,64.0,False,64.0
2024-08-02 21:00:00,257925.0,59.0,False,59.0
2024-08-02 22:00:00,257982.0,57.0,False,57.0
2024-08-02 23:00:00,258033.0,51.0,False,51.0
2024-08-03 00:00:00,258077.0,44.0,False,44.0
2024-08-03 01:00:00,258111.0,34.0,False,34.0
2024-08-03 02:00:00,258143.0,32.0,False,32.0
2024-08-03 03:00:00,258173.0,30.0,False,30.0
2024-08-03 04:00:00,258201.0,28.0,False,28.0
2024-08-03 05:00:00,258229.0,28.0,False,28.0
2024-08-03 06:00:00,258257.0,28.0,False,28.0
2024-08-03 07:00:00,258285.0,28.0,False,28.0
2024-08-03 08:00:00,258312.0,27.0,False,27.0
2024-08-03 09:00:00,258349.0,37.0,False,37.0
2024-08-03 10:00:00,258393.0,44.0,False,44.0
2024-08-03 11:00:00,258451.0,58.0,False,58.0
2024-08-03 12:00:00,258513.0,62.0,False,62.0
2024-08-03 13:00:00,258572.0,59.0,False,59.0
2024-08-03 14:00:00,258629.0,57.0,False,57.0
2024-08-03 15:00:00,258681.0,52.0,False,52.0
2024-08-03 16:00:00,258741.0,60.0,False,60.0
2024-08-03 17:00:00,258797.0,56.0,False,56.0
2024-08-03 18:00:00,258851.0,54.0,False,54.0
2024-08-03 19:00:00,258905.0,54.0,False,54.0
2024-08-03 20:00:00,258957.0,52.0,False,52.0
2024-08-03 21:00:00,259010.0,53.0,False,53.0
2024-08-03 22:00:00,259060.0,50.0,False,50.0
2024-08-03 23:00:00,259102.0,42.0,False,42.0
2024-08-04 00:00:00,259136.0,34.0,False,34.0
2024-08-04 01:00:00,259165.0,29.0,False,29.0
2024-08-04 02:00:00,259190.0,25.0,False,25.0
2024-08-04 03:00:00,259216.0,26.0,False,26.0
2024-08-04 04:00:00,259239.0,23.0,False,23.0
2024-08-04 05:00:00,259263.0,24.0,False,24.0
2024-08-04 06:00:00,259286.0,23.0,False,23.0
2024-08-04 07:00:00,259308.0,22.0,False,22.0
2024-08-04 08:00:00,259333.0,25.0,False,25.0
2024-08-04 09:00:00,259364.0,31.0,False,31.0
2024-08-04 10:00:00,259409.0,45.0,False,45.0
2024-08-04 11:00:00,259464.0,55.0,False,55.0
2024-08-04 12:00:00,259519.0,55.0,False,55.0
2024-08-04 13:00:00,259564.0,45.0,False,45.0
2024-08-04 14:00:00,259607.0,43.0,False,43.0
2024-08-04 15:00:00,259659.0,52.0,False,52.0
2024-08-04 16:00:00,259721.0,62.0,False,62.0
2024-08-04 17:00:00,259783.0,62.0,False,62.0
2024-08-04 18:00:00,259844.0,61.0,False,61.0
2024-08-04 19:00:00,259898.0,54.0,False,54.0
2024-08-04 20:00:00,259951.0,53.0,False,53.0
2024-08-04 21:00:00,260008.0,57.0,False,57.0
2024-08-04 22:00:00,260064.0,56.0,False,56.0
2024-08-04 23:00:00,260116.0,52.0,False,52.0
2024-08-05 00:00:00,260158.0,42.0,False,42.0
2024-08-05 01:00:00,260189.0,31.0,False,31.0
2024-08-05 02:00:00,260217.0,28.0,False,28.0
2024-08-05 03:00:00,260242.0,25.0,False,25.0
2024-08-05 04:00:00,260267.0,25.0,False,25.0
2024-08-05 05:00:00,260289.0,22.0,False,22.0
2024-08-05 06:00:00,260313.0,24.0,False,24.0
2024-08-05 07:00:00,260336.0,23.0,False,23.0
2024-08-05 08:00:00,260360.0,24.0,False,24.0
2024-08-05 09:00:00,260401.0,41.0,False,41.0
2024-08-05 10:00:00,260460.0,59.0,False,59.0
2024-08-05 11:00:00,260538.0,78.0,False,78.0
2024-08-05 12:00:00,260626.0,88.0,False,88.0
2024-08-05 13:00:00,260700.0,74.0,False,74.0
2024-08-05 14:00:00,260778.0,78.0,False,78.0
2024-08-05 15:00:00,260861.0,83.0,False,83.0
2024-08-05 16:00:00,260946.0,85.0,False,85.0
2024-08-05 17:00:00,261025.0,79.0,False,79.0
2024-08-05 18:00:00,261105.0,80.0,False,80.0
2024-08-05 19:00:00,261174.0,69.0,False,69.0
2024-08-05 20:00:00,261238.0,64.0,False,64.0
2024-08-05 21:00:00,261303.0,65.0,False,65.0
2024-08-05 22:00:00,261362.0,59.0,False,59.0
2024-08-05 23:00:00,261414.0,52.0,False,52.0
2024-08-06 00:00:00,261456.0,42.0,False,42.0
2024-08-06 01:00:00,261487.0,31.0,False,31.0
2024-08-06 02:00:00,261512.0,25.0,False,25.0
2024-08-06 03:00:00,261535.0,23.0,False,23.0
2024-08-06 04:00:00,261559.0,24.0,False,24.0
2024-08-06 05:00:00,261581.0,22.0,False,22.0
2024-08-06 06:00:00,261604.0,23.0,False,23.0
2024-08-06 07:00:00,261628.0,24.0,False,24.0
2024-08-06 08:00:00,261653.0,25.0,False,25.0
2024-08-06 09:00:00,261695.0,42.0,False,42.0
2024-08-06 10:00:00,261757.0,62.0,False,62.0
2024-08-06 11:00:00,261826.0,69.0,False,69.0
2024-08-06 12:00:00,261896.0,70.0,False,70.0
2024-08-06 13:00:00,261968.0,72.0,False,72.0
2024-08-06 14:00:00,262040.0,72.0,False,72.0
2024-08-06 15:00:00,262115.0,75.0,False,75.0
2024-08-06 16:00:00,262195.0,80.0,False,80.0
2024-08-06 17:00:00,262269.0,74.0,False,74.0
2024-08-06 18:00:00,262342.0,73.0,False,73.0
2024-08-06 19:00:00,262406.0,64.0,False,64.0
2024-08-06 20:00:00,262466.0,60.0,False,60.0
2024-08-06 21:00:00,262522.0,56.0,False,56.0
2024-08-06 22:00:00,262576.0,54.0,False,54.0
2024-08-06 23:00:00,262622.0,46.0,False,46.0
2024-08-07 00:00:00,262663.0,41.0,False,41.0
2024-08-07 01:00:00,262695.0,32.0,False,32.0
2024-08-07 02:00:00,262721.0,26.0,False,26.0
2024-08-07 03:00:00,262749.0,28.0,False,28.0
2024-08-07 04:00:00,262774.0,25.0,False,25.0
2024-08-07 05:00:00,262798.0,24.0,False,24.0
2024-08-07 06:00:00,262821.0,23.0,False,23.0
2024-08-07 07:00:00,262845.0,24.0,False,24.0
2024-08-07 08:00:00,262869.0,24.0,False,24.0
2024-08-07 09:00:00,262906.0,37.0,False,37.0
2024-08-07 10:00:00,262973.0,67.0,False,67.0
2024-08-07 11:00:00,263062.0,89.0,False,89.0
2024-08-07 12:00:00,263156.0,94.0,False,94.0
2024-08-07 13:00:00,263233.0,77.0,False,77.0
2024-08-07 14:00:00,263301.0,68.0,False,68.0
2024-08-07 15:00:00,263378.0,77.0,False,77.0
2024-08-07 16:00:00,263465.0,87.0,False,87.0
2024-08-07 17:00:00,263553.0,88.0,False,88.0
2024-08-07 18:00:00,263653.0,100.0,False,100.0
2024-08-07 19:00:00,263725.0,72.0,False,72.0
2024-08-07 20:00:00,263789.0,64.0,False,64.0
2024-08-07 21:00:00,263848.0,59.0,False,59.0
2024-08-07 22:00:00,263907.0,59.0,False,59.0
2024-08-07 23:00:00,263958.0,51.0,False,51.0
2024-08-08 00:00:00,264001.0,43.0,False,43.0
2024-08-08 01:00:00,264038.0,37.0,False,37.0
2024-08-08 02:00:00,264072.0,34.0,False,34.0
2024-08-08 03:00:00,264105.0,33.0,False,33.0
2024-08-08 04:00:00,264136.0,31.0,False,31.0
2024-08-08 05:00:00,264171.0,35.0,False,35.0
2024-08-08 06:00:00,264200.0,29.0,False,29.0
2024-08-08 07:00:00,264232.0,32.0,False,32.0
2024-08-08 08:00:00,264266.0,34.0,False,34.0
2024-08-08 09:00:00,264310.0,44.0,False,44.0
2024-08-08 10:00:00,264371.0,61.0,False,61.0
2024-08-08 11:00:00,264447.0,76.0,False,76.0
2024-08-08 12:00:00,264527.0,80.0,False,80.0
2024-08-08 13:00:00,264611.0,84.0,False,84.0
2024-08-08 14:00:00,264687.0,76.0,False,76.0
2024-08-08 15:00:00,264769.0,82.0,False,82.0
2024-08-08 16:00:00,264854.0,85.0,False,85.0
2024-08-08 17:00:00,264949.0,95.0,False,95.0
2024-08-08 18:00:00,265038.0,89.0,False,89.0
2024-08-08 19:00:00,265112.0,74.0,False,74.0
2024-08-08 20:00:00,265187.0,75.0,False,75.0
2024-08-08 21:00:00,265255.0,68.0,False,68.0
2024-08-08 22:00:00,265322.0,67.0,False,67.0
2024-08-08 23:00:00,265383.0,61.0,False,61.0
2024-08-09 00:00:00,265433.0,50.0,False,50.0
2024-08-09 01:00:00,265473.0,40.0,False,40.0
2024-08-09 02:00:00,265508.0,35.0,False,35.0
2024-08-09 03:00:00,265541.0,33.0,False,33.0
2024-08-09 04:00:00,265573.0,32.0,False,32.0
2024-08-09 05:00:00,265607.0,34.0,False,34.0
2024-08-09 06:00:00,265638.0,31.0,False,31.0
2024-08-09 07:00:00,265671.0,33.0,False,33.0
2024-08-09 08:00:00,265704.0,33.0,False,33.0
2024-08-09 09:00:00,265743.0,39.0,False,39.0
2024-08-09 10:00:00,265803.0,60.0,False,60.0
2024-08-09 11:00:00,265875.0,72.0,False,72.0
2024-08-09 12:00:00,265959.0,84.0,False,84.0
2024-08-09 13:00:00,266040.0,81.0,False,81.0
2024-08-09 14:00:00,266125.0,85.0,False,85.0
2024-08-09 15:00:00,266217.0,92.0,False,92.0
2024-08-09 16:00:00,266317.0,100.0,False,100.0
2024-08-09 17:00:00,266418.0,101.0,False,101.0
2024-08-09 18:00:00,266512.0,94.0,False,94.0
2024-08-09 19:00:00,266595.0,83.0,False,83.0
2024-08-09 20:00:00,266654.0,59.0,False,59.0
2024-08-09 21:00:00,266715.0,61.0,False,61.0
2024-08-09 22:00:00,266773.0,58.0,False,58.0
2024-08-09 23:00:00,266829.0,56.0,False,56.0
2024-08-10 00:00:00,266876.0,47.0,False,47.0
2024-08-10 01:00:00,266913.0,37.0,False,37.0
2024-08-10 02:00:00,266948.0,35.0,False,35.0
2024-08-10 03:00:00,266981.0,33.0,False,33.0
2024-08-10 04:00:00,267013.0,32.0,False,32.0
2024-08-10 05:00:00,267045.0,32.0,False,32.0
2024-08-10 06:00:00,267077.0,32.0,False,32.0
2024-08-10 07:00:00,267109.0,32.0,False,32.0
2024-08-10 08:00:00,267141.0,32.0,False,32.0
2024-08-10 09:00:00,267177.0,36.0,False,36.0
2024-08-10 10:00:00,267223.0,46.0,False,46.0
2024-08-10 11:00:00,267279.0,56.0,False,56.0
2024-08-10 12:00:00,267340.0,61.0,False,61.0
2024-08-10 13:00:00,267392.0,52.0,False,52.0
2024-08-10 14:00:00,267450.0,58.0,False,58.0
2024-08-10 15:00:00,267508.0,58.0,False,58.0
2024-08-10 16:00:00,267574.0,66.0,False,66.0
2024-08-10 17:00:00,267638.0,64.0,False,64.0
2024-08-10 18:00:00,267705.0,67.0,False,67.0
2024-08-10 19:00:00,267768.0,63.0,False,63.0
2024-08-10 20:00:00,267823.0,55.0,False,55.0
2024-08-10 21:00:00,267879.0,56.0,False,56.0
2024-08-10 22:00:00,267933.0,54.0,False,54.0
2024-08-10 23:00:00,267987.0,54.0,False,54.0
2024-08-11 00:00:00,268027.0,40.0,False,40.0
2024-08-11 01:00:00,268063.0,36.0,False,36.0
2024-08-11 02:00:00,268096.0,33.0,False,33.0
2024-08-11 03:00:00,268129.0,33.0,False,33.0
2024-08-11 04:00:00,268162.0,33.0,False,33.0
2024-08-11 05:00:00,268194.0,32.0,False,32.0
2024-08-11 06:00:00,268226.0,32.0,False,32.0
2024-08-11 07:00:00,268258.0,32.0,False,32.0
2024-08-11 08:00:00,268291.0,33.0,False,33.0
2024-08-11 09:00:00,268328.0,37.0,False,37.0
2024-08-11 10:00:00,268388.0,60.0,False,60.0
2024-08-11 11:00:00,268456.0,68.0,False,68.0
2024-08-11 12:00:00,268525.0,69.0,False,69.0
2024-08-11 13:00:00,268586.0,61.0,False,61.0
2024-08-11 14:00:00,268646.0,60.0,False,60.0
2024-08-11 15:00:00,268709.0,63.0,False,63.0
2024-08-11 16:00:00,268777.0,68.0,False,68.0
2024-08-11 17:00:00,268854.0,77.0,False,77.0
2024-08-11 18:00:00,268930.0,76.0,False,76.0
2024-08-11 19:00:00,268995.0,65.0,False,65.0
2024-08-11 20:00:00,269058.0,63.0,False,63.0
2024-08-11 21:00:00,269123.0,65.0,False,65.0
2024-08-11 22:00:00,269186.0,63.0,False,63.0
2024-08-11 23:00:00,269246.0,60.0,False,60.0
2024-08-12 00:00:00,269296.0,50.0,False,50.0
2024-08-12 01:00:00,269338.0,42.0,False,42.0
2024-08-12 02:00:00,269375.0,37.0,False,37.0
2024-08-12 03:00:00,269411.0,36.0,False,36.0
2024-08-12 04:00:00,269444.0,33.0,False,33.0
2024-08-12 05:00:00,269479.0,35.0,False,35.0
2024-08-12 06:00:00,269513.0,34.0,False,34.0
2024-08-12 07:00:00,269550.0,37.0,False,37.0
2024-08-12 08:00:00,269583.0,33.0,False,33.0
2024-08-12 09:00:00,269630.0,47.0,False,47.0
2024-08-12 10:00:00,269696.0,66.0,False,66.0
2024-08-12 11:00:00,269771.0,75.0,False,75.0
2024-08-12 12:00:00,269851.0,80.0,False,80.0
2024-08-12 13:00:00,269927.0,76.0,False,76.0
2024-08-12 14:00:00,270001.0,74.0,False,74.0
2024-08-12 15:00:00,270079.0,78.0,False,78.0
2024-08-12 16:00:00,270175.0,96.0,False,96.0
2024-08-12 17:00:00,270262.0,87.0,False,87.0
2024-08-12 18:00:00,270346.0,84.0,False,84.0
2024-08-12 19:00:00,270421.0,75.0,False,75.0
2024-08-12 20:00:00,270485.0,64.0,False,64.0
2024-08-12 21:00:00,270548.0,63.0,False,63.0
2024-08-12 22:00:00,270606.0,58.0,False,58.0
2024-08-12 23:00:00,270659.0,53.0,False,53.0
2024-08-13 00:00:00,270705.0,46.0,False,46.0
2024-08-13 01:00:00,270746.0,41.0,False,41.0
2024-08-13 02:00:00,270785.0,39.0,False,39.0
2024-08-13 03:00:00,270822.0,37.0,False,37.0
2024-08-13 04:00:00,270860.0,38.0,False,38.0
2024-08-13 05:00:00,270895.0,35.0,False,35.0
2024-08-13 06:00:00,270932.0,37.0,False,37.0
2024-08-13 07:00:00,270968.0,36.0,False,36.0
2024-08-13 08:00:00,271003.0,35.0,False,35.0
2024-08-13 09:00:00,271056.0,53.0,False,53.0
2024-08-13 10:00:00,271127.0,71.0,False,71.0
2024-08-13 11:00:00,271208.0,81.0,False,81.0
2024-08-13 12:00:00,271288.0,80.0,False,80.0
2024-08-13 13:00:00,271368.0,80.0,False,80.0
2024-08-13 14:00:00,271440.0,72.0,False,72.0
2024-08-13 15:00:00,271518.0,78.0,False,78.0
2024-08-13 16:00:00,271601.0,83.0,False,83.0
2024-08-13 17:00:00,271683.0,82.0,False,82.0
2024-08-13 18:00:00,271769.0,86.0,False,86.0
2024-08-13 19:00:00,271840.0,71.0,False,71.0
2024-08-13 20:00:00,271904.0,64.0,False,64.0
2024-08-13 21:00:00,271971.0,67.0,False,67.0
2024-08-13 22:00:00,272037.0,66.0,False,66.0
2024-08-13 23:00:00,272102.0,65.0,False,65.0
2024-08-14 00:00:00,272153.0,51.0,False,51.0
2024-08-14 01:00:00,272194.0,41.0,False,41.0
2024-08-14 02:00:00,272233.0,39.0,False,39.0
2024-08-14 03:00:00,272269.0,36.0,False,36.0
2024-08-14 04:00:00,272305.0,36.0,False,36.0
2024-08-14 05:00:00,272339.0,34.0,False,34.0
2024-08-14 06:00:00,272375.0,36.0,False,36.0
2024-08-14 07:00:00,272411.0,36.0,False,36.0
2024-08-14 08:00:00,272447.0,36.0,False,36.0
2024-08-14 09:00:00,272497.0,50.0,False,50.0
2024-08-14 10:00:00,272564.0,67.0,False,67.0
2024-08-14 11:00:00,272636.0,72.0,False,72.0
2024-08-14 12:00:00,272709.0,73.0,False,73.0
2024-08-14 13:00:00,272780.0,71.0,False,71.0
2024-08-14 14:00:00,272850.0,70.0,False,70.0
2024-08-14 15:00:00,272932.0,82.0,False,82.0
2024-08-14 16:00:00,273020.0,88.0,False,88.0
2024-08-14 17:00:00,273114.0,94.0,False,94.0
2024-08-14 18:00:00,273199.0,85.0,False,85.0
2024-08-14 19:00:00,273280.0,81.0,False,81.0
2024-08-14 20:00:00,273354.0,74.0,False,74.0
2024-08-14 21:00:00,273424.0,70.0,False,70.0
2024-08-14 22:00:00,273492.0,68.0,False,68.0
2024-08-14 23:00:00,273555.0,63.0,False,63.0
2024-08-15 00:00:00,273605.0,50.0,False,50.0
2024-08-15 01:00:00,273648.0,43.0,False,43.0
2024-08-15 02:00:00,273686.0,38.0,False,38.0
2024-08-15 03:00:00,273727.0,41.0,False,41.0
2024-08-15 04:00:00,273763.0,36.0,False,36.0
2024-08-15 05:00:00,273799.0,36.0,False,36.0
2024-08-15 06:00:00,273836.0,37.0,False,37.0
2024-08-15 07:00:00,273874.0,38.0,False,38.0
2024-08-15 08:00:00,273914.0,40.0,False,40.0
2024-08-15 09:00:00,273963.0,49.0,False,49.0
2024-08-15 10:00:00,274029.0,66.0,False,66.0
2024-08-15 11:00:00,274113.0,84.0,False,84.0
2024-08-15 12:00:00,274197.0,84.0,False,84.0
2024-08-15 13:00:00,274275.0,78.0,False,78.0
2024-08-15 14:00:00,274355.0,80.0,False,80.0
2024-08-15 15:00:00,274442.0,87.0,False,87.0
2024-08-15 16:00:00,274533.0,91.0,False,91.0
2024-08-15 17:00:00,274624.0,91.0,False,91.0
2024-08-15 18:00:00,274716.0,92.0,False,92.0
2024-08-15 19:00:00,274797.0,81.0,False,81.0
2024-08-15 20:00:00,274873.0,76.0,False,76.0
2024-08-15 21:00:00,274925.0,52.0,False,52.0
2024-08-15 22:00:00,274975.0,50.0,False,50.0
2024-08-15 23:00:00,275018.0,43.0,False,43.0
2024-08-16 00:00:00,275055.0,37.0,False,37.0
2024-08-16 01:00:00,275085.0,30.0,False,30.0
2024-08-16 02:00:00,275111.0,26.0,False,26.0
2024-08-16 03:00:00,275137.0,26.0,False,26.0
2024-08-16 04:00:00,275161.0,24.0,False,24.0
2024-08-16 05:00:00,275184.0,23.0,False,23.0
2024-08-16 06:00:00,275210.0,26.0,False,26.0
2024-08-16 07:00:00,275233.0,23.0,False,23.0
2024-08-16 08:00:00,275255.0,22.0,False,22.0
2024-08-16 09:00:00,275290.0,35.0,False,35.0
2024-08-16 10:00:00,275342.0,52.0,False,52.0
2024-08-16 11:00:00,275405.0,63.0,False,63.0
2024-08-16 12:00:00,275465.0,60.0,False,60.0
2024-08-16 13:00:00,275521.0,56.0,False,56.0
2024-08-16 14:00:00,275573.0,52.0,False,52.0
2024-08-16 15:00:00,275638.0,65.0,False,65.0
2024-08-16 16:00:00,275715.0,77.0,False,77.0
2024-08-16 17:00:00,275787.0,72.0,False,72.0
2024-08-16 18:00:00,275858.0,71.0,False,71.0
2024-08-16 19:00:00,275919.0,61.0,False,61.0
2024-08-16 20:00:00,275972.0,53.0,False,53.0
2024-08-16 21:00:00,276027.0,55.0,False,55.0
2024-08-16 22:00:00,276079.0,52.0,False,52.0
2024-08-16 23:00:00,276126.0,47.0,False,47.0
2024-08-17 00:00:00,276165.0,39.0,False,39.0
2024-08-17 01:00:00,276198.0,33.0,False,33.0
2024-08-17 02:00:00,276228.0,30.0,False,30.0
2024-08-17 03:00:00,276255.0,27.0,False,27.0
2024-08-17 04:00:00,276281.0,26.0,False,26.0
2024-08-17 05:00:00,276307.0,26.0,False,26.0
2024-08-17 06:00:00,276333.0,26.0,False,26.0
2024-08-17 07:00:00,276360.0,27.0,False,27.0
2024-08-17 08:00:00,276387.0,27.0,False,27.0
2024-08-17 09:00:00,276420.0,33.0,False,33.0
2024-08-17 10:00:00,276465.0,45.0,False,45.0
2024-08-17 11:00:00,276516.0,51.0,False,51.0
2024-08-17 12:00:00,276572.0,56.0,False,56.0
2024-08-17 13:00:00,276621.0,49.0,False,49.0
2024-08-17 14:00:00,276673.0,52.0,False,52.0
2024-08-17 15:00:00,276726.0,53.0,False,53.0
2024-08-17 16:00:00,276783.0,57.0,False,57.0
2024-08-17 17:00:00,276842.0,59.0,False,59.0
2024-08-17 18:00:00,276905.0,63.0,False,63.0
2024-08-17 19:00:00,276961.0,56.0,False,56.0
2024-08-17 20:00:00,277011.0,50.0,False,50.0
2024-08-17 21:00:00,277064.0,53.0,False,53.0
2024-08-17 22:00:00,277111.0,47.0,False,47.0
2024-08-17 23:00:00,277154.0,43.0,False,43.0
2024-08-18 00:00:00,277190.0,36.0,False,36.0
2024-08-18 01:00:00,277223.0,33.0,False,33.0
2024-08-18 02:00:00,277253.0,30.0,False,30.0
2024-08-18 03:00:00,277281.0,28.0,False,28.0
2024-08-18 04:00:00,277308.0,27.0,False,27.0
2024-08-18 05:00:00,277335.0,27.0,False,27.0
2024-08-18 06:00:00,277362.0,27.0,False,27.0
2024-08-18 07:00:00,277389.0,27.0,False,27.0
2024-08-18 08:00:00,277417.0,28.0,False,28.0
2024-08-18 09:00:00,277448.0,31.0,False,31.0
2024-08-18 10:00:00,277495.0,47.0,False,47.0
2024-08-18 11:00:00,277550.0,55.0,False,55.0
2024-08-18 12:00:00,277606.0,56.0,False,56.0
2024-08-18 13:00:00,277659.0,53.0,False,53.0
2024-08-18 14:00:00,277713.0,54.0,False,54.0
2024-08-18 15:00:00,277768.0,55.0,False,55.0
2024-08-18 16:00:00,277824.0,56.0,False,56.0
2024-08-18 17:00:00,277876.0,52.0,False,52.0
2024-08-18 18:00:00,277932.0,56.0,False,56.0
2024-08-18 19:00:00,277981.0,49.0,False,49.0
2024-08-18 20:00:00,278035.0,54.0,False,54.0
2024-08-18 21:00:00,278085.0,50.0,False,50.0
2024-08-18 22:00:00,278135.0,50.0,False,50.0
2024-08-18 23:00:00,278178.0,43.0,False,43.0
2024-08-19 00:00:00,278218.0,40.0,False,40.0
2024-08-19 01:00:00,278249.0,31.0,False,31.0
2024-08-19 02:00:00,278275.0,26.0,False,26.0
2024-08-19 03:00:00,278303.0,28.0,False,28.0
2024-08-19 04:00:00,278328.0,25.0,False,25.0
2024-08-19 05:00:00,278353.0,25.0,False,25.0
2024-08-19 06:00:00,278380.0,27.0,False,27.0
2024-08-19 07:00:00,278406.0,26.0,False,26.0
2024-08-19 08:00:00,278433.0,27.0,False,27.0
2024-08-19 09:00:00,278476.0,43.0,False,43.0
2024-08-19 10:00:00,278542.0,66.0,False,66.0
2024-08-19 11:00:00,278617.0,75.0,False,75.0
2024-08-19 12:00:00,278691.0,74.0,False,74.0
2024-08-19 13:00:00,278756.0,65.0,False,65.0
2024-08-19 14:00:00,278819.0,63.0,False,63.0
2024-08-19 15:00:00,278889.0,70.0,False,70.0
2024-08-19 16:00:00,278965.0,76.0,False,76.0
2024-08-19 17:00:00,279038.0,73.0,False,73.0
2024-08-19 18:00:00,279108.0,70.0,False,70.0
2024-08-19 19:00:00,279170.0,62.0,False,62.0
2024-08-19 20:00:00,279224.0,54.0,False,54.0
2024-08-19 21:00:00,279280.0,56.0,False,56.0
2024-08-19 22:00:00,279333.0,53.0,False,53.0
2024-08-19 23:00:00,279382.0,49.0,False,49.0
2024-08-20 00:00:00,279425.0,43.0,False,43.0
2024-08-20 01:00:00,279457.0,32.0,False,32.0
2024-08-20 02:00:00,279487.0,30.0,False,30.0
2024-08-20 03:00:00,279513.0,26.0,False,26.0
2024-08-20 04:00:00,279542.0,29.0,False,29.0
2024-08-20 05:00:00,279568.0,26.0,False,26.0
2024-08-20 06:00:00,279596.0,28.0,False,28.0
2024-08-20 07:00:00,279622.0,26.0,False,26.0
2024-08-20 08:00:00,279649.0,27.0,False,27.0
2024-08-20 09:00:00,279693.0,44.0,False,44.0
2024-08-20 10:00:00,279755.0,62.0,False,62.0
2024-08-20 11:00:00,279823.0,68.0,False,68.0
2024-08-20 12:00:00,279901.0,78.0,False,78.0
2024-08-20 13:00:00,279974.0,73.0,False,73.0
2024-08-20 14:00:00,280044.0,70.0,False,70.0
2024-08-20 15:00:00,280120.0,76.0,False,76.0
2024-08-20 16:00:00,280204.0,84.0,False,84.0
2024-08-20 17:00:00,280290.0,86.0,False,86.0
2024-08-20 18:00:00,280365.0,75.0,False,75.0
2024-08-20 19:00:00,280427.0,62.0,False,62.0
2024-08-20 20:00:00,280486.0,59.0,False,59.0
2024-08-20 21:00:00,280550.0,64.0,False,64.0
2024-08-20 22:00:00,280604.0,54.0,False,54.0
2024-08-20 23:00:00,280655.0,51.0,False,51.0
2024-08-21 00:00:00,280699.0,44.0,False,44.0
2024-08-21 01:00:00,280738.0,39.0,False,39.0
2024-08-21 02:00:00,280775.0,37.0,False,37.0
2024-08-21 03:00:00,280812.0,37.0,False,37.0
2024-08-21 04:00:00,280845.0,33.0,False,33.0
2024-08-21 05:00:00,280878.0,33.0,False,33.0
2024-08-21 06:00:00,280913.0,35.0,False,35.0
2024-08-21 07:00:00,280948.0,35.0,False,35.0
2024-08-21 08:00:00,280984.0,36.0,False,36.0
2024-08-21 09:00:00,281030.0,46.0,False,46.0
2024-08-21 10:00:00,281059.0,29.0,False,29.0
2024-08-21 11:00:00,281116.0,57.0,False,57.0
2024-08-21 12:00:00,281183.0,67.0,False,67.0
2024-08-21 13:00:00,281247.0,64.0,False,64.0
2024-08-21 14:00:00,281305.0,58.0,False,58.0
2024-08-21 15:00:00,281368.0,63.0,False,63.0
2024-08-21 16:00:00,281451.0,83.0,False,83.0
2024-08-21 17:00:00,281543.0,92.0,False,92.0
2024-08-21 18:00:00,281625.0,82.0,False,82.0
2024-08-21 19:00:00,281687.0,62.0,False,62.0
2024-08-21 20:00:00,281745.0,58.0,False,58.0
2024-08-21 21:00:00,281802.0,57.0,False,57.0
2024-08-21 22:00:00,281856.0,54.0,False,54.0
2024-08-21 23:00:00,281909.0,53.0,False,53.0
2024-08-22 00:00:00,281953.0,44.0,False,44.0
2024-08-22 01:00:00,281990.0,37.0,False,37.0
2024-08-22 02:00:00,282023.0,33.0,False,33.0
2024-08-22 03:00:00,282055.0,32.0,False,32.0
2024-08-22 04:00:00,282086.0,31.0,False,31.0
2024-08-22 05:00:00,282117.0,31.0,False,31.0
2024-08-22 06:00:00,282148.0,31.0,False,31.0
2024-08-22 07:00:00,282181.0,33.0,False,33.0
2024-08-22 08:00:00,282217.0,36.0,False,36.0
2024-08-22 09:00:00,282262.0,45.0,False,45.0
2024-08-22 10:00:00,282325.0,63.0,False,63.0
2024-08-22 11:00:00,282391.0,66.0,False,66.0
2024-08-22 12:00:00,282463.0,72.0,False,72.0
2024-08-22 13:00:00,282531.0,68.0,False,68.0
2024-08-22 14:00:00,282595.0,64.0,False,64.0
2024-08-22 15:00:00,282666.0,71.0,False,71.0
2024-08-22 16:00:00,282755.0,89.0,False,89.0
2024-08-22 17:00:00,282853.0,98.0,False,98.0
2024-08-22 18:00:00,282945.0,92.0,False,92.0
2024-08-22 19:00:00,283016.0,71.0,False,71.0
2024-08-22 20:00:00,283077.0,61.0,False,61.0
2024-08-22 21:00:00,283140.0,63.0,False,63.0
2024-08-22 22:00:00,283197.0,57.0,False,57.0
2024-08-22 23:00:00,283256.0,59.0,False,59.0
2024-08-23 00:00:00,283307.0,51.0,False,51.0
2024-08-23 01:00:00,283348.0,41.0,False,41.0
2024-08-23 02:00:00,283387.0,39.0,False,39.0
2024-08-23 03:00:00,283421.0,34.0,False,34.0
2024-08-23 04:00:00,283454.0,33.0,False,33.0
2024-08-23 05:00:00,283485.0,31.0,False,31.0
2024-08-23 06:00:00,283517.0,32.0,False,32.0
2024-08-23 07:00:00,283551.0,34.0,False,34.0
2024-08-23 08:00:00,283586.0,35.0,False,35.0
2024-08-23 09:00:00,283635.0,49.0,False,49.0
2024-08-23 10:00:00,283706.0,71.0,False,71.0
2024-08-23 11:00:00,283785.0,79.0,False,79.0
2024-08-23 12:00:00,283867.0,82.0,False,82.0
2024-08-23 13:00:00,283949.0,82.0,False,82.0
2024-08-23 14:00:00,284022.0,73.0,False,73.0
2024-08-23 15:00:00,284105.0,83.0,False,83.0
2024-08-23 16:00:00,284204.0,99.0,False,99.0
2024-08-23 17:00:00,284312.0,108.0,True,76.0
2024-08-23 18:00:00,284415.0,103.0,True,72.71
2024-08-23 19:00:00,284490.0,75.0,False,75.0
2024-08-23 20:00:00,284560.0,70.0,False,70.0
2024-08-23 21:00:00,284622.0,62.0,False,62.0
2024-08-23 22:00:00,284679.0,57.0,False,57.0
2024-08-23 23:00:00,284728.0,49.0,False,49.0
2024-08-24 00:00:00,284772.0,44.0,False,44.0
2024-08-24 01:00:00,284813.0,41.0,False,41.0
2024-08-24 02:00:00,284849.0,36.0,False,36.0
2024-08-24 03:00:00,284883.0,34.0,False,34.0
2024-08-24 04:00:00,284915.0,32.0,False,32.0
2024-08-24 05:00:00,284947.0,32.0,False,32.0
2024-08-24 06:00:00,284979.0,32.0,False,32.0
2024-08-24 07:00:00,285013.0,34.0,False,34.0
2024-08-24 08:00:00,285045.0,32.0,False,32.0
2024-08-24 09:00:00,285090.0,45.0,False,45.0
2024-08-24 10:00:00,285150.0,60.0,False,60.0
2024-08-24 11:00:00,285216.0,66.0,False,66.0
2024-08-24 12:00:00,285288.0,72.0,False,72.0
2024-08-24 13:00:00,285353.0,65.0,False,65.0
2024-08-24 14:00:00,285417.0,64.0,False,64.0
2024-08-24 15:00:00,285484.0,67.0,False,67.0
2024-08-24 16:00:00,285550.0,66.0,False,66.0
2024-08-24 17:00:00,285621.0,71.0,False,71.0
2024-08-24 18:00:00,285691.0,70.0,False,70.0
2024-08-24 19:00:00,285760.0,69.0,False,69.0
2024-08-24 20:00:00,285823.0,63.0,False,63.0
2024-08-24 21:00:00,285884.0,61.0,False,61.0
2024-08-24 22:00:00,285940.0,56.0,False,56.0
2024-08-24 23:00:00,285995.0,55.0,False,55.0
2024-08-25 00:00:00,286046.0,51.0,False,51.0
2024-08-25 01:00:00,286079.0,33.0,False,33.0
2024-08-25 02:00:00,286109.0,30.0,False,30.0
2024-08-25 03:00:00,286136.0,27.0,False,27.0
2024-08-25 04:00:00,286162.0,26.0,False,26.0
2024-08-25 05:00:00,286186.0,24.0,False,24.0
2024-08-25 06:00:00,286213.0,27.0,False,27.0
2024-08-25 07:00:00,286237.0,24.0,False,24.0
2024-08-25 08:00:00,286263.0,26.0,False,26.0
2024-08-25 09:00:00,286298.0,35.0,False,35.0
2024-08-25 10:00:00,286350.0,52.0,False,52.0
2024-08-25 11:00:00,286411.0,61.0,False,61.0
2024-08-25 12:00:00,286471.0,60.0,False,60.0
2024-08-25 13:00:00,286527.0,56.0,False,56.0
2024-08-25 14:00:00,286587.0,60.0,False,60.0
2024-08-25 15:00:00,286653.0,66.0,False,66.0
2024-08-25 16:00:00,286723.0,70.0,False,70.0
2024-08-25 17:00:00,286793.0,70.0,False,70.0
2024-08-25 18:00:00,286854.0,61.0,False,61.0
2024-08-25 19:00:00,286917.0,63.0,False,63.0
2024-08-25 20:00:00,286979.0,62.0,False,62.0
2024-08-25 21:00:00,287039.0,60.0,False,60.0
2024-08-25 22:00:00,287101.0,62.0,False,62.0
2024-08-25 23:00:00,287159.0,58.0,False,58.0
2024-08-26 00:00:00,287209.0,50.0,False,50.0
2024-08-26 01:00:00,287243.0,34.0,False,34.0
2024-08-26 02:00:00,287269.0,26.0,False,26.0
2024-08-26 03:00:00,287292.0,23.0,False,23.0
2024-08-26 04:00:00,287315.0,23.0,False,23.0
2024-08-26 05:00:00,287337.0,22.0,False,22.0
2024-08-26 06:00:00,287359.0,22.0,False,22.0
2024-08-26 07:00:00,287382.0,23.0,False,23.0
2024-08-26 08:00:00,287405.0,23.0,False,23.0
2024-08-26 09:00:00,287438.0,33.0,False,33.0
2024-08-26 10:00:00,287490.0,52.0,False,52.0
2024-08-26 11:00:00,287552.0,62.0,False,62.0
2024-08-26 12:00:00,287613.0,61.0,False,61.0
2024-08-26 13:00:00,287676.0,63.0,False,63.0
2024-08-26 14:00:00,287736.0,60.0,False,60.0
2024-08-26 15:00:00,287804.0,68.0,False,68.0
2024-08-26 16:00:00,287876.0,72.0,False,72.0
2024-08-26 17:00:00,287949.0,73.0,False,73.0
2024-08-26 18:00:00,288021.0,72.0,False,72.0
2024-08-26 19:00:00,288084.0,63.0,False,63.0
2024-08-26 20:00:00,288147.0,63.0,False,63.0
2024-08-26 21:00:00,288208.0,61.0,False,61.0
2024-08-26 22:00:00,288264.0,56.0,False,56.0
2024-08-26 23:00:00,288311.0,47.0,False,47.0
2024-08-27 00:00:00,288349.0,38.0,False,38.0
2024-08-27 01:00:00,288382.0,33.0,False,33.0
2024-08-27 02:00:00,288412.0,30.0,False,30.0
2024-08-27 03:00:00,288438.0,26.0,False,26.0
2024-08-27 04:00:00,288465.0,27.0,False,27.0
2024-08-27 05:00:00,288493.0,28.0,False,28.0
2024-08-27 06:00:00,288519.0,26.0,False,26.0
2024-08-27 07:00:00,288546.0,27.0,False,27.0
2024-08-27 08:00:00,288573.0,27.0,False,27.0
2024-08-27 09:00:00,288612.0,39.0,False,39.0
2024-08-27 10:00:00,288668.0,56.0,False,56.0
2024-08-27 11:00:00,288730.0,62.0,False,62.0
2024-08-27 12:00:00,288791.0,61.0,False,61.0
2024-08-27 13:00:00,288848.0,57.0,False,57.0
2024-08-27 14:00:00,288905.0,57.0,False,57.0
2024-08-27 15:00:00,288966.0,61.0,False,61.0
2024-08-27 16:00:00,289032.0,66.0,False,66.0
2024-08-27 17:00:00,289099.0,67.0,False,67.0
2024-08-27 18:00:00,289164.0,65.0,False,65.0
2024-08-27 19:00:00,289223.0,59.0,False,59.0
2024-08-27 20:00:00,289284.0,61.0,False,61.0
2024-08-27 21:00:00,289344.0,60.0,False,60.0
2024-08-27 22:00:00,289401.0,57.0,False,57.0
2024-08-27 23:00:00,289451.0,50.0,False,50.0
2024-08-28 00:00:00,289496.0,45.0,False,45.0
2024-08-28 01:00:00,289528.0,32.0,False,32.0
2024-08-28 02:00:00,289559.0,31.0,False,31.0
2024-08-28 03:00:00,289588.0,29.0,False,29.0
2024-08-28 04:00:00,289618.0,30.0,False,30.0
2024-08-28 05:00:00,289647.0,29.0,False,29.0
2024-08-28 06:00:00,289673.0,26.0,False,26.0
2024-08-28 07:00:00,289701.0,28.0,False,28.0
2024-08-28 08:00:00,289731.0,30.0,False,30.0
2024-08-28 09:00:00,289770.0,39.0,False,39.0
2024-08-28 10:00:00,289822.0,52.0,False,52.0
2024-08-28 11:00:00,289892.0,70.0,False,70.0
2024-08-28 12:00:00,289961.0,69.0,False,69.0
2024-08-28 13:00:00,290033.0,72.0,False,72.0
2024-08-28 14:00:00,290111.0,78.0,False,78.0
2024-08-28 15:00:00,290191.0,80.0,False,80.0
2024-08-28 16:00:00,290274.0,83.0,False,83.0
2024-08-28 17:00:00,290357.0,83.0,False,83.0
2024-08-28 18:00:00,290433.0,76.0,False,76.0
2024-08-28 19:00:00,290496.0,63.0,False,63.0
2024-08-28 20:00:00,290559.0,63.0,False,63.0
2024-08-28 21:00:00,290617.0,58.0,False,58.0
2024-08-28 22:00:00,290675.0,58.0,False,58.0
2024-08-28 23:00:00,290728.0,53.0,False,53.0
2024-08-29 00:00:00,290772.0,44.0,False,44.0
2024-08-29 01:00:00,290805.0,33.0,False,33.0
2024-08-29 02:00:00,290833.0,28.0,False,28.0
2024-08-29 03:00:00,290859.0,26.0,False,26.0
2024-08-29 04:00:00,290885.0,26.0,False,26.0
2024-08-29 05:00:00,290909.0,24.0,False,24.0
2024-08-29 06:00:00,290935.0,26.0,False,26.0
2024-08-29 07:00:00,290959.0,24.0,False,24.0
2024-08-29 08:00:00,290984.0,25.0,False,25.0
2024-08-29 09:00:00,291022.0,38.0,False,38.0
2024-08-29 10:00:00,291083.0,61.0,False,61.0
2024-08-29 11:00:00,291145.0,62.0,False,62.0
2024-08-29 12:00:00,291205.0,60.0,False,60.0
2024-08-29 13:00:00,291263.0,58.0,False,58.0
2024-08-29 14:00:00,291323.0,60.0,False,60.0
2024-08-29 15:00:00,291392.0,69.0,False,69.0
2024-08-29 16:00:00,291464.0,72.0,False,72.0
2024-08-29 17:00:00,291537.0,73.0,False,73.0
2024-08-29 18:00:00,291604.0,67.0,False,67.0
2024-08-29 19:00:00,291667.0,63.0,False,63.0
2024-08-29 20:00:00,291728.0,61.0,False,61.0
2024-08-29 21:00:00,291786.0,58.0,False,58.0
2024-08-29 22:00:00,291841.0,55.0,False,55.0
2024-08-29 23:00:00,291893.0,52.0,False,52.0
2024-08-30 00:00:00,291937.0,44.0,False,44.0
2024-08-30 01:00:00,291970.0,33.0,False,33.0
2024-08-30 02:00:00,292000.0,30.0,False,30.0
2024-08-30 03:00:00,292028.0,28.0,False,28.0
2024-08-30 04:00:00,292059.0,31.0,False,31.0
2024-08-30 05:00:00,292089.0,30.0,False,30.0
2024-08-30 06:00:00,292117.0,28.0,False,28.0
2024-08-30 07:00:00,292144.0,27.0,False,27.0
2024-08-30 08:00:00,292174.0,30.0,False,30.0
2024-08-30 09:00:00,292221.0,47.0,False,47.0
2024-08-30 10:00:00,292288.0,67.0,False,67.0
2024-08-30 11:00:00,292362.0,74.0,False,74.0
2024-08-30 12:00:00,292436.0,74.0,False,74.0
2024-08-30 13:00:00,292501.0,65.0,False,65.0
2024-08-30 14:00:00,292570.0,69.0,False,69.0
2024-08-30 15:00:00,292649.0,79.0,False,79.0
2024-08-30 16:00:00,292739.0,90.0,False,90.0
2024-08-30 17:00:00,292828.0,89.0,False,89.0
2024-08-30 18:00:00,292914.0,86.0,False,86.0
2024-08-30 19:00:00,292993.0,79.0,False,79.0
2024-08-30 20:00:00,293064.0,71.0,False,71.0
2024-08-30 21:00:00,293130.0,66.0,False,66.0
2024-08-30 22:00:00,293195.0,65.0,False,65.0
2024-08-30 23:00:00,293259.0,64.0,False,64.0
2024-08-31 00:00:00,293311.0,52.0,False,52.0
2024-08-31 01:00:00,293354.0,43.0,False,43.0
2024-08-31 02:00:00,293395.0,41.0,False,41.0
2024-08-31 03:00:00,293431.0,36.0,False,36.0
2024-08-31 04:00:00,293466.0,35.0,False,35.0
2024-08-31 05:00:00,293499.0,33.0,False,33.0
2024-08-31 06:00:00,293532.0,33.0,False,33.0
2024-08-31 07:00:00,293567.0,35.0,False,35.0
2024-08-31 08:00:00,293603.0,36.0,False,36.0
2024-08-31 09:00:00,293647.0,44.0,False,44.0
2024-08-31 10:00:00,293709.0,62.0,False,62.0
2024-08-31 11:00:00,293772.0,63.0,False,63.0
2024-08-31 12:00:00,293846.0,74.0,False,74.0
2024-08-31 13:00:00,293911.0,65.0,False,65.0
2024-08-31 14:00:00,293968.0,57.0,False,57.0
2024-08-31 15:00:00,294037.0,69.0,False,69.0
2024-08-31 16:00:00,294122.0,85.0,False,85.0
2024-08-31 17:00:00,294204.0,82.0,False,82.0
2024-08-31 18:00:00,294289.0,85.0,False,85.0
2024-08-31 19:00:00,294363.0,74.0,False,74.0
2024-08-31 20:00:00,294433.0,70.0,False,70.0
2024-08-31 21:00:00,294500.0,67.0,False,67.0
2024-08-31 22:00:00,294569.0,69.0,False,69.0
2024-08-31 23:00:00,294628.0,59.0,False,59.0
2024-09-01 00:00:00,294677.0,49.0,False,49.0
2024-09-01 01:00:00,294720.0,43.0,False,43.0
2024-09-01 02:00:00,294758.0,38.0,False,38.0
2024-09-01 03:00:00,294795.0,37.0,False,37.0
2024-09-01 04:00:00,294832.0,37.0,False,37.0
2024-09-01 05:00:00,294865.0,33.0,False,33.0
2024-09-01 06:00:00,294897.0,32.0,False,32.0
2024-09-01 07:00:00,294930.0,33.0,False,33.0
2024-09-01 08:00:00,294964.0,34.0,False,34.0
2024-09-01 09:00:00,295013.0,49.0,False,49.0
2024-09-01 10:00:00,295075.0,62.0,False,62.0
2024-09-01 11:00:00,295149.0,74.0,False,74.0
2024-09-01 12:00:00,295223.0,74.0,False,74.0
2024-09-01 13:00:00,295294.0,71.0,False,71.0
2024-09-01 14:00:00,295369.0,75.0,False,75.0
2024-09-01 15:00:00,295451.0,82.0,False,82.0
2024-09-01 16:00:00,295536.0,85.0,False,85.0
2024-09-01 17:00:00,295622.0,86.0,False,86.0
2024-09-01 18:00:00,295704.0,82.0,False,82.0
2024-09-01 19:00:00,295782.0,78.0,False,78.0
2024-09-01 20:00:00,295854.0,72.0,False,72.0
2024-09-01 21:00:00,295929.0,75.0,False,75.0
2024-09-01 22:00:00,296001.0,72.0,False,72.0
2024-09-01 23:00:00,296065.0,64.0,False,64.0
2024-09-02 00:00:00,296123.0,58.0,False,58.0
2024-09-02 01:00:00,296165.0,42.0,False,42.0
2024-09-02 02:00:00,296202.0,37.0,False,37.0
2024-09-02 03:00:00,296237.0,35.0,False,35.0
2024-09-02 04:00:00,296273.0,36.0,False,36.0
2024-09-02 05:00:00,296307.0,34.0,False,34.0
2024-09-02 06:00:00,296340.0,33.0,False,33.0
2024-09-02 07:00:00,296375.0,35.0,False,35.0
2024-09-02 08:00:00,296411.0,36.0,False,36.0
2024-09-02 09:00:00,296478.0,67.0,False,67.0
2024-09-02 10:00:00,296573.0,95.0,False,95.0
2024-09-02 11:00:00,296674.0,101.0,False,101.0
2024-09-02 12:00:00,296774.0,100.0,False,100.0
2024-09-02 13:00:00,296860.0,86.0,False,86.0
2024-09-02 14:00:00,296951.0,91.0,False,91.0
2024-09-02 15:00:00,297047.0,96.0,False,96.0
2024-09-02 16:00:00,297159.0,112.0,False,112.0
2024-09-02 17:00:00,297270.0,111.0,False,111.0
2024-09-02 18:00:00,297376.0,106.0,False,106.0
2024-09-02 19:00:00,297465.0,89.0,False,89.0
2024-09-02 20:00:00,297546.0,81.0,False,81.0
2024-09-02 21:00:00,297625.0,79.0,False,79.0
2024-09-02 22:00:00,297696.0,71.0,False,71.0
2024-09-02 23:00:00,297762.0,66.0,False,66.0
2024-09-03 00:00:00,297812.0,50.0,False,50.0
2024-09-03 01:00:00,297855.0,43.0,False,43.0
2024-09-03 02:00:00,297892.0,37.0,False,37.0
2024-09-03 03:00:00,297927.0,35.0,False,35.0
2024-09-03 04:00:00,297961.0,34.0,False,34.0
2024-09-03 05:00:00,297994.0,33.0,False,33.0
2024-09-03 06:00:00,298026.0,32.0,False,32.0
2024-09-03 07:00:00,298058.0,32.0,False,32.0
2024-09-03 08:00:00,298094.0,36.0,False,36.0
2024-09-03 09:00:00,298156.0,62.0,False,62.0
2024-09-03 10:00:00,298239.0,83.0,False,83.0
2024-09-03 11:00:00,298325.0,86.0,False,86.0
2024-09-03 12:00:00,298416.0,91.0,False,91.0
2024-09-03 13:00:00,298499.0,83.0,False,83.0
2024-09-03 14:00:00,298588.0,89.0,False,89.0
2024-09-03 15:00:00,298690.0,102.0,False,102.0
2024-09-03 16:00:00,298796.0,106.0,False,106.0
2024-09-03 17:00:00,298909.0,113.0,False,113.0
2024-09-03 18:00:00,299016.0,107.0,False,107.0
2024-09-03 19:00:00,299105.0,89.0,False,89.0
2024-09-03 20:00:00,299186.0,81.0,False,81.0
2024-09-03 21:00:00,299263.0,77.0,False,77.0
2024-09-03 22:00:00,299334.0,71.0,False,71.0
2024-09-03 23:00:00,299399.0,65.0,False,65.0
2024-09-04 00:00:00,299456.0,57.0,False,57.0
2024-09-04 01:00:00,299501.0,45.0,False,45.0
2024-09-04 02:00:00,299538.0,37.0,False,37.0
2024-09-04 03:00:00,299574.0,36.0,False,36.0
2024-09-04 04:00:00,299606.0,32.0,False,32.0
2024-09-04 05:00:00,299638.0,32.0,False,32.0
2024-09-04 06:00:00,299668.0,30.0,False,30.0
2024-09-04 07:00:00,299701.0,33.0,False,33.0
2024-09-04 08:00:00,299735.0,34.0,False,34.0
2024-09-04 09:00:00,299796.0,61.0,False,61.0
2024-09-04 10:00:00,299888.0,92.0,False,92.0
2024-09-04 11:00:00,299991.0,103.0,False,103.0
2024-09-04 12:00:00,300097.0,106.0,False,106.0
2024-09-04 13:00:00,,,False,71.43
2024-09-04 14:00:00,,,False,74.14
2024-09-04 15:00:00,300368.0,,False,82.43
2024-09-04 16:00:00,300467.0,99.0,False,99.0
2024-09-04 17:00:00,300566.0,99.0,False,99.0
2024-09-04 18:00:00,300658.0,92.0,False,92.0
2024-09-04 19:00:00,300733.0,75.0,False,75.0
2024-09-04 20:00:00,300798.0,65.0,False,65.0
2024-09-04 21:00:00,300867.0,69.0,False,69.0
2024-09-04 22:00:00,300930.0,63.0,False,63.0
2024-09-04 23:00:00,300986.0,56.0,False,56.0
2024-09-05 00:00:00,301032.0,46.0,False,46.0
2024-09-05 01:00:00,301068.0,36.0,False,36.0
2024-09-05 02:00:00,301101.0,33.0,False,33.0
2024-09-05 03:00:00,301129.0,28.0,False,28.0
2024-09-05 04:00:00,301159.0,30.0,False,30.0
2024-09-05 05:00:00,301187.0,28.0,False,28.0
2024-09-05 06:00:00,301214.0,27.0,False,27.0
2024-09-05 07:00:00,301242.0,28.0,False,28.0
2024-09-05 08:00:00,301271.0,29.0,False,29.0
2024-09-05 09:00:00,301318.0,47.0,False,47.0
2024-09-05 10:00:00,301381.0,63.0,False,63.0
2024-09-05 11:00:00,301446.0,65.0,False,65.0
2024-09-05 12:00:00,301512.0,66.0,False,66.0
2024-09-05 13:00:00,301579.0,67.0,False,67.0
2024-09-05 14:00:00,301648.0,69.0,False,69.0
2024-09-05 15:00:00,301729.0,81.0,False,81.0
2024-09-05 16:00:00,301818.0,89.0,False,89.0
2024-09-05 17:00:00,,,False,93.29
2024-09-05 18:00:00,301986.0,,False,89.29
2024-09-05 19:00:00,302055.0,69.0,False,69.0
2024-09-05 20:00:00,302116.0,61.0,False,61.0
2024-09-05 21:00:00,302174.0,58.0,False,58.0
2024-09-05 22:00:00,302229.0,55.0,False,55.0
2024-09-05 23:00:00,302282.0,53.0,False,53.0
2024-09-06 00:00:00,302326.0,44.0,False,44.0
2024-09-06 01:00:00,302362.0,36.0,False,36.0
2024-09-06 02:00:00,302395.0,33.0,False,33.0
2024-09-06 03:00:00,302425.0,30.0,False,30.0
2024-09-06 04:00:00,302453.0,28.0,False,28.0
2024-09-06 05:00:00,302482.0,29.0,False,29.0
2024-09-06 06:00:00,302512.0,30.0,False,30.0
2024-09-06 07:00:00,302541.0,29.0,False,29.0
2024-09-06 08:00:00,302571.0,30.0,False,30.0
2024-09-06 09:00:00,302624.0,53.0,False,53.0
2024-09-06 10:00:00,302696.0,72.0,False,72.0
2024-09-06 11:00:00,302779.0,83.0,False,83.0
2024-09-06 12:00:00,302861.0,82.0,False,82.0
2024-09-06 13:00:00,302942.0,81.0,False,81.0
2024-09-06 14:00:00,303020.0,78.0,False,78.0
2024-09-06 15:00:00,303109.0,89.0,False,89.0
2024-09-06 16:00:00,303224.0,115.0,False,115.0
2024-09-06 17:00:00,303341.0,117.0,False,117.0
2024-09-06 18:00:00,303454.0,113.0,False,113.0
2024-09-06 19:00:00,303537.0,83.0,False,83.0
2024-09-06 20:00:00,303604.0,67.0,False,67.0
2024-09-06 21:00:00,303666.0,62.0,False,62.0
2024-09-06 22:00:00,303724.0,58.0,False,58.0
2024-09-06 23:00:00,303775.0,51.0,False,51.0
2024-09-07 00:00:00,303822.0,47.0,False,47.0
2024-09-07 01:00:00,303858.0,36.0,False,36.0
2024-09-07 02:00:00,303890.0,32.0,False,32.0
2024-09-07 03:00:00,303920.0,30.0,False,30.0
2024-09-07 04:00:00,303947.0,27.0,False,27.0
2024-09-07 05:00:00,303975.0,28.0,False,28.0
2024-09-07 06:00:00,303999.0,24.0,False,24.0
2024-09-07 07:00:00,304025.0,26.0,False,26.0
2024-09-07 08:00:00,304056.0,31.0,False,31.0
2024-09-07 09:00:00,304098.0,42.0,False,42.0
2024-09-07 10:00:00,304153.0,55.0,False,55.0
2024-09-07 11:00:00,304214.0,61.0,False,61.0
2024-09-07 12:00:00,304272.0,58.0,False,58.0
2024-09-07 13:00:00,304328.0,56.0,False,56.0
2024-09-07 14:00:00,304386.0,58.0,False,58.0
2024-09-07 15:00:00,304451.0,65.0,False,65.0
2024-09-07 16:00:00,304527.0,76.0,False,76.0
2024-09-07 17:00:00,304605.0,78.0,False,78.0
2024-09-07 18:00:00,304679.0,74.0,False,74.0
2024-09-07 19:00:00,304757.0,78.0,False,78.0
2024-09-07 20:00:00,304818.0,61.0,False,61.0
2024-09-07 21:00:00,304870.0,52.0,False,52.0
2024-09-07 22:00:00,304923.0,53.0,False,53.0
2024-09-07 23:00:00,304977.0,54.0,False,54.0
2024-09-08 00:00:00,305021.0,44.0,False,44.0
2024-09-08 01:00:00,305058.0,37.0,False,37.0
2024-09-08 02:00:00,305092.0,34.0,False,34.0
2024-09-08 03:00:00,305122.0,30.0,False,30.0
2024-09-08 04:00:00,305152.0,30.0,False,30.0
2024-09-08 05:00:00,305180.0,28.0,False,28.0
2024-09-08 06:00:00,305211.0,31.0,False,31.0
2024-09-08 07:00:00,305244.0,33.0,False,33.0
2024-09-08 08:00:00,305273.0,29.0,False,29.0
2024-09-08 09:00:00,305310.0,37.0,False,37.0
2024-09-08 10:00:00,305369.0,59.0,False,59.0
2024-09-08 11:00:00,305439.0,70.0,False,70.0
2024-09-08 12:00:00,305515.0,76.0,False,76.0
2024-09-08 13:00:00,305578.0,63.0,False,63.0
2024-09-08 14:00:00,305642.0,64.0,False,64.0
2024-09-08 15:00:00,305708.0,66.0,False,66.0
2024-09-08 16:00:00,305776.0,68.0,False,68.0
2024-09-08 17:00:00,305845.0,69.0,False,69.0
2024-09-08 18:00:00,305916.0,71.0,False,71.0
2024-09-08 19:00:00,305985.0,69.0,False,69.0
2024-09-08 20:00:00,306053.0,68.0,False,68.0
2024-09-08 21:00:00,306121.0,68.0,False,68.0
2024-09-08 22:00:00,306183.0,62.0,False,62.0
2024-09-08 23:00:00,306242.0,59.0,False,59.0
2024-09-09 00:00:00,306290.0,48.0,False,48.0
2024-09-09 01:00:00,306329.0,39.0,False,39.0
2024-09-09 02:00:00,306365.0,36.0,False,36.0
2024-09-09 03:00:00,306398.0,33.0,False,33.0
2024-09-09 04:00:00,306430.0,32.0,False,32.0
2024-09-09 05:00:00,306458.0,28.0,False,28.0
2024-09-09 06:00:00,306489.0,31.0,False,31.0
2024-09-09 07:00:00,306519.0,30.0,False,30.0
2024-09-09 08:00:00,306551.0,32.0,False,32.0
2024-09-09 09:00:00,306615.0,64.0,False,64.0
2024-09-09 10:00:00,306704.0,89.0,False,89.0
2024-09-09 11:00:00,306804.0,100.0,False,100.0
2024-09-09 12:00:00,306911.0,107.0,False,107.0
2024-09-09 13:00:00,,,False,72.67
2024-09-09 14:00:00,307088.0,,False,74.83
2024-09-09 15:00:00,307183.0,95.0,False,95.0
2024-09-09 16:00:00,307310.0,127.0,False,127.0
2024-09-09 17:00:00,307424.0,114.0,False,114.0
2024-09-09 18:00:00,307522.0,98.0,False,98.0
2024-09-09 19:00:00,307598.0,76.0,False,76.0
2024-09-09 20:00:00,307680.0,82.0,False,82.0
2024-09-09 21:00:00,307758.0,78.0,False,78.0
2024-09-09 22:00:00,307824.0,66.0,False,66.0
2024-09-09 23:00:00,307888.0,64.0,False,64.0
2024-09-10 00:00:00,307939.0,51.0,False,51.0
2024-09-10 01:00:00,307987.0,48.0,False,48.0
2024-09-10 02:00:00,308027.0,40.0,False,40.0
2024-09-10 03:00:00,308065.0,38.0,False,38.0
2024-09-10 04:00:00,308102.0,37.0,False,37.0
2024-09-10 05:00:00,308138.0,36.0,False,36.0
2024-09-10 06:00:00,308175.0,37.0,False,37.0
2024-09-10 07:00:00,308212.0,37.0,False,37.0
2024-09-10 08:00:00,308251.0,39.0,False,39.0
2024-09-10 09:00:00,308306.0,55.0,False,55.0
2024-09-10 10:00:00,308381.0,75.0,False,75.0
2024-09-10 11:00:00,308463.0,82.0,False,82.0
2024-09-10 12:00:00,308549.0,86.0,False,86.0
2024-09-10 13:00:00,308627.0,78.0,False,78.0
2024-09-10 14:00:00,308704.0,77.0,False,77.0
2024-09-10 15:00:00,308790.0,86.0,False,86.0
2024-09-10 16:00:00,308888.0,98.0,False,98.0
2024-09-10 17:00:00,309002.0,114.0,False,114.0
2024-09-10 18:00:00,309102.0,100.0,False,100.0
2024-09-10 19:00:00,309180.0,78.0,False,78.0
2024-09-10 20:00:00,309244.0,64.0,False,64.0
2024-09-10 21:00:00,309300.0,56.0,False,56.0
2024-09-10 22:00:00,309362.0,62.0,False,62.0
2024-09-10 23:00:00,309418.0,56.0,False,56.0
2024-09-11 00:00:00,309469.0,51.0,False,51.0
2024-09-11 01:00:00,309508.0,39.0,False,39.0
2024-09-11 02:00:00,309540.0,32.0,False,32.0
2024-09-11 03:00:00,309569.0,29.0,False,29.0
2024-09-11 04:00:00,309597.0,28.0,False,28.0
2024-09-11 05:00:00,309627.0,30.0,False,30.0
2024-09-11 06:00:00,309655.0,28.0,False,28.0
2024-09-11 07:00:00,309683.0,28.0,False,28.0
2024-09-11 08:00:00,309713.0,30.0,False,30.0
2024-09-11 09:00:00,309764.0,51.0,False,51.0
2024-09-11 10:00:00,309838.0,74.0,False,74.0
2024-09-11 11:00:00,,,False,80.57
2024-09-11 12:00:00,,,False,83.0
2024-09-11 13:00:00,310085.0,,False,69.0
2024-09-11 14:00:00,310164.0,79.0,False,79.0
2024-09-11 15:00:00,310256.0,92.0,False,92.0
2024-09-11 16:00:00,,,False,96.0
2024-09-11 17:00:00,310500.0,,False,98.5
2024-09-11 18:00:00,310604.0,104.0,False,104.0
2024-09-11 19:00:00,310684.0,80.0,False,80.0
2024-09-11 20:00:00,310759.0,75.0,False,75.0
2024-09-11 21:00:00,310828.0,69.0,False,69.0
2024-09-11 22:00:00,310896.0,68.0,False,68.0
2024-09-11 23:00:00,310961.0,65.0,False,65.0
2024-09-12 00:00:00,311015.0,54.0,False,54.0
2024-09-12 01:00:00,311060.0,45.0,False,45.0
2024-09-12 02:00:00,,,False,34.29
2024-09-12 03:00:00,311135.0,,False,31.14
2024-09-12 04:00:00,311172.0,37.0,False,37.0
2024-09-12 05:00:00,311209.0,37.0,False,37.0
2024-09-12 06:00:00,311246.0,37.0,False,37.0
2024-09-12 07:00:00,311282.0,36.0,False,36.0
2024-09-12 08:00:00,311319.0,37.0,False,37.0
2024-09-12 09:00:00,311380.0,61.0,False,61.0
2024-09-12 10:00:00,311453.0,73.0,False,73.0
2024-09-12 11:00:00,311536.0,83.0,False,83.0
2024-09-12 12:00:00,311620.0,84.0,False,84.0
2024-09-12 13:00:00,311697.0,77.0,False,77.0
2024-09-12 14:00:00,311762.0,65.0,False,65.0
2024-09-12 15:00:00,311843.0,81.0,False,81.0
2024-09-12 16:00:00,311951.0,108.0,False,108.0
2024-09-12 17:00:00,312061.0,110.0,False,110.0
2024-09-12 18:00:00,312163.0,102.0,False,102.0
2024-09-12 19:00:00,312245.0,82.0,False,82.0
2024-09-12 20:00:00,312319.0,74.0,False,74.0
2024-09-12 21:00:00,312392.0,73.0,False,73.0
2024-09-12 22:00:00,312465.0,73.0,False,73.0
2024-09-12 23:00:00,312528.0,63.0,False,63.0
2024-09-13 00:00:00,312578.0,50.0,False,50.0
2024-09-13 01:00:00,312624.0,46.0,False,46.0
2024-09-13 02:00:00,312665.0,41.0,False,41.0
2024-09-13 03:00:00,312699.0,34.0,False,34.0
2024-09-13 04:00:00,312735.0,36.0,False,36.0
2024-09-13 05:00:00,312770.0,35.0,False,35.0
2024-09-13 06:00:00,312804.0,34.0,False,34.0
2024-09-13 07:00:00,312839.0,35.0,False,35.0
2024-09-13 08:00:00,312877.0,38.0,False,38.0
2024-09-13 09:00:00,312938.0,61.0,False,61.0
2024-09-13 10:00:00,313017.0,79.0,False,79.0
2024-09-13 11:00:00,313104.0,87.0,False,87.0
2024-09-13 12:00:00,313186.0,82.0,False,82.0
2024-09-13 13:00:00,313264.0,78.0,False,78.0
2024-09-13 14:00:00,313346.0,82.0,False,82.0
2024-09-13 15:00:00,313437.0,91.0,False,91.0
2024-09-13 16:00:00,313542.0,105.0,False,105.0
2024-09-13 17:00:00,313643.0,101.0,False,101.0
2024-09-13 18:00:00,313714.0,71.0,False,71.0
2024-09-13 19:00:00,313775.0,61.0,False,61.0
2024-09-13 20:00:00,313832.0,57.0,False,57.0
2024-09-13 21:00:00,313887.0,55.0,False,55.0
2024-09-13 22:00:00,313940.0,53.0,False,53.0
2024-09-13 23:00:00,313983.0,43.0,False,43.0
2024-09-14 00:00:00,314023.0,40.0,False,40.0
2024-09-14 01:00:00,314056.0,33.0,False,33.0
2024-09-14 02:00:00,314087.0,31.0,False,31.0
2024-09-14 03:00:00,314114.0,27.0,False,27.0
2024-09-14 04:00:00,314143.0,29.0,False,29.0
2024-09-14 05:00:00,314169.0,26.0,False,26.0
2024-09-14 06:00:00,314195.0,26.0,False,26.0
2024-09-14 07:00:00,314223.0,28.0,False,28.0
2024-09-14 08:00:00,314251.0,28.0,False,28.0
2024-09-14 09:00:00,314299.0,48.0,False,48.0
2024-09-14 10:00:00,314368.0,69.0,False,69.0
2024-09-14 11:00:00,314444.0,76.0,False,76.0
2024-09-14 12:00:00,314518.0,74.0,False,74.0
2024-09-14 13:00:00,314584.0,66.0,False,66.0
2024-09-14 14:00:00,314652.0,68.0,False,68.0
2024-09-14 15:00:00,314729.0,77.0,False,77.0
2024-09-14 16:00:00,314827.0,98.0,False,98.0
2024-09-14 17:00:00,314923.0,96.0,False,96.0
2024-09-14 18:00:00,315007.0,84.0,False,84.0
2024-09-14 19:00:00,315076.0,69.0,False,69.0
2024-09-14 20:00:00,315136.0,60.0,False,60.0
2024-09-14 21:00:00,315195.0,59.0,False,59.0
2024-09-14 22:00:00,315259.0,64.0,False,64.0
2024-09-14 23:00:00,315317.0,58.0,False,58.0
2024-09-15 00:00:00,315367.0,50.0,False,50.0
2024-09-15 01:00:00,315415.0,48.0,False,48.0
2024-09-15 02:00:00,315454.0,39.0,False,39.0
2024-09-15 03:00:00,315491.0,37.0,False,37.0
2024-09-15 04:00:00,315529.0,38.0,False,38.0
2024-09-15 05:00:00,315563.0,34.0,False,34.0
2024-09-15 06:00:00,315598.0,35.0,False,35.0
2024-09-15 07:00:00,315636.0,38.0,False,38.0
2024-09-15 08:00:00,315674.0,38.0,False,38.0
2024-09-15 09:00:00,315714.0,40.0,False,40.0
2024-09-15 10:00:00,315761.0,47.0,False,47.0
2024-09-15 11:00:00,315812.0,51.0,False,51.0
2024-09-15 12:00:00,315867.0,55.0,False,55.0
2024-09-15 13:00:00,315922.0,55.0,False,55.0
2024-09-15 14:00:00,315973.0,51.0,False,51.0
2024-09-15 15:00:00,316033.0,60.0,False,60.0
2024-09-15 16:00:00,316099.0,66.0,False,66.0
2024-09-15 17:00:00,316171.0,72.0,False,72.0
2024-09-15 18:00:00,316239.0,68.0,False,68.0
2024-09-15 19:00:00,316296.0,57.0,False,57.0
2024-09-15 20:00:00,316342.0,46.0,False,46.0
2024-09-15 21:00:00,316391.0,49.0,False,49.0
2024-09-15 22:00:00,316439.0,48.0,False,48.0
2024-09-15 23:00:00,316484.0,45.0,False,45.0
2024-09-16 00:00:00,316526.0,42.0,False,42.0
2024-09-16 01:00:00,316560.0,34.0,False,34.0
2024-09-16 02:00:00,316593.0,33.0,False,33.0
2024-09-16 03:00:00,316623.0,30.0,False,30.0
2024-09-16 04:00:00,316652.0,29.0,False,29.0
2024-09-16 05:00:00,316681.0,29.0,False,29.0
2024-09-16 06:00:00,316708.0,27.0,False,27.0
2024-09-16 07:00:00,316736.0,28.0,False,28.0
2024-09-16 08:00:00,316763.0,27.0,False,27.0
2024-09-16 09:00:00,316792.0,29.0,False,29.0
2024-09-16 10:00:00,316831.0,39.0,False,39.0
2024-09-16 11:00:00,316873.0,42.0,False,42.0
2024-09-16 12:00:00,316922.0,49.0,False,49.0
2024-09-16 13:00:00,316968.0,46.0,False,46.0
2024-09-16 14:00:00,317016.0,48.0,False,48.0
2024-09-16 15:00:00,317071.0,55.0,False,55.0
2024-09-16 16:00:00,317133.0,62.0,False,62.0
2024-09-16 17:00:00,317192.0,59.0,False,59.0
2024-09-16 18:00:00,317248.0,56.0,False,56.0
2024-09-16 19:00:00,317301.0,53.0,False,53.0
2024-09-16 20:00:00,317349.0,48.0,False,48.0
2024-09-16 21:00:00,317399.0,50.0,False,50.0
2024-09-16 22:00:00,317448.0,49.0,False,49.0
2024-09-16 23:00:00,317487.0,39.0,False,39.0
2024-09-17 00:00:00,317525.0,38.0,False,38.0
2024-09-17 01:00:00,317559.0,34.0,False,34.0
2024-09-17 02:00:00,317592.0,33.0,False,33.0
2024-09-17 03:00:00,317618.0,26.0,False,26.0
2024-09-17 04:00:00,317646.0,28.0,False,28.0
2024-09-17 05:00:00,317674.0,28.0,False,28.0
2024-09-17 06:00:00,317701.0,27.0,False,27.0
2024-09-17 07:00:00,317725.0,24.0,False,24.0
2024-09-17 08:00:00,317754.0,29.0,False,29.0
2024-09-17 09:00:00,317782.0,28.0,False,28.0
2024-09-17 10:00:00,317818.0,36.0,False,36.0
2024-09-17 11:00:00,317858.0,40.0,False,40.0
2024-09-17 12:00:00,317904.0,46.0,False,46.0
2024-09-17 13:00:00,317948.0,44.0,False,44.0
2024-09-17 14:00:00,317994.0,46.0,False,46.0
2024-09-17 15:00:00,318045.0,51.0,False,51.0
2024-09-17 16:00:00,318099.0,54.0,False,54.0
2024-09-17 17:00:00,318154.0,55.0,False,55.0
2024-09-17 18:00:00,318210.0,56.0,False,56.0
2024-09-17 19:00:00,318261.0,51.0,False,51.0
2024-09-17 20:00:00,318312.0,51.0,False,51.0
2024-09-17 21:00:00,318362.0,50.0,False,50.0
2024-09-17 22:00:00,318413.0,51.0,False,51.0
2024-09-17 23:00:00,318460.0,47.0,False,47.0
2024-09-18 00:00:00,318502.0,42.0,False,42.0
2024-09-18 01:00:00,318538.0,36.0,False,36.0
2024-09-18 02:00:00,318568.0,30.0,False,30.0
2024-09-18 03:00:00,318598.0,30.0,False,30.0
2024-09-18 04:00:00,318627.0,29.0,False,29.0
2024-09-18 05:00:00,318653.0,26.0,False,26.0
2024-09-18 06:00:00,318681.0,28.0,False,28.0
2024-09-18 07:00:00,318707.0,26.0,False,26.0
2024-09-18 08:00:00,318737.0,30.0,False,30.0
2024-09-18 09:00:00,318794.0,57.0,False,57.0
2024-09-18 10:00:00,318873.0,79.0,False,79.0
2024-09-18 11:00:00,318968.0,95.0,False,95.0
2024-09-18 12:00:00,319066.0,98.0,False,98.0
2024-09-18 13:00:00,319146.0,80.0,False,80.0
2024-09-18 14:00:00,319227.0,81.0,False,81.0
2024-09-18 15:00:00,319327.0,100.0,False,100.0
2024-09-18 16:00:00,319441.0,114.0,False,114.0
2024-09-18 17:00:00,319557.0,116.0,False,116.0
2024-09-18 18:00:00,319672.0,115.0,False,115.0
2024-09-18 19:00:00,,,False,64.71
2024-09-18 20:00:00,319854.0,,False,58.71
2024-09-18 21:00:00,319935.0,81.0,False,81.0
2024-09-18 22:00:00,320013.0,78.0,False,78.0
2024-09-18 23:00:00,320082.0,69.0,False,69.0
2024-09-19 00:00:00,320143.0,61.0,False,61.0
2024-09-19 01:00:00,320192.0,49.0,False,49.0
2024-09-19 02:00:00,320233.0,41.0,False,41.0
2024-09-19 03:00:00,320270.0,37.0,False,37.0
2024-09-19 04:00:00,320309.0,39.0,False,39.0
2024-09-19 05:00:00,320348.0,39.0,False,39.0
2024-09-19 06:00:00,320386.0,38.0,False,38.0
2024-09-19 07:00:00,320423.0,37.0,False,37.0
2024-09-19 08:00:00,320468.0,45.0,False,45.0
2024-09-19 09:00:00,320532.0,64.0,False,64.0
2024-09-19 10:00:00,320620.0,88.0,False,88.0
2024-09-19 11:00:00,320716.0,96.0,False,96.0
2024-09-19 12:00:00,320804.0,88.0,False,88.0
2024-09-19 13:00:00,320875.0,71.0,False,71.0
2024-09-19 14:00:00,320944.0,69.0,False,69.0
2024-09-19 15:00:00,321024.0,80.0,False,80.0
2024-09-19 16:00:00,321130.0,106.0,False,106.0
2024-09-19 17:00:00,321248.0,118.0,False,118.0
2024-09-19 18:00:00,321363.0,115.0,False,115.0
2024-09-19 19:00:00,321469.0,106.0,False,106.0
2024-09-19 20:00:00,321563.0,94.0,False,94.0
2024-09-19 21:00:00,321658.0,95.0,False,95.0
2024-09-19 22:00:00,321754.0,96.0,False,96.0
2024-09-19 23:00:00,321834.0,80.0,False,80.0
2024-09-20 00:00:00,321892.0,58.0,False,58.0
2024-09-20 01:00:00,321941.0,49.0,False,49.0
2024-09-20 02:00:00,321983.0,42.0,False,42.0
2024-09-20 03:00:00,322021.0,38.0,False,38.0
2024-09-20 04:00:00,322061.0,40.0,False,40.0
2024-09-20 05:00:00,322100.0,39.0,False,39.0
2024-09-20 06:00:00,322138.0,38.0,False,38.0
2024-09-20 07:00:00,322177.0,39.0,False,39.0
2024-09-20 08:00:00,322217.0,40.0,False,40.0
2024-09-20 09:00:00,322276.0,59.0,False,59.0
2024-09-20 10:00:00,322347.0,71.0,False,71.0
2024-09-20 11:00:00,322430.0,83.0,False,83.0
2024-09-20 12:00:00,322505.0,75.0,False,75.0
2024-09-20 13:00:00,322576.0,71.0,False,71.0
2024-09-20 14:00:00,322646.0,70.0,False,70.0
2024-09-20 15:00:00,322720.0,74.0,False,74.0
2024-09-20 16:00:00,322799.0,79.0,False,79.0
2024-09-20 17:00:00,322876.0,77.0,False,77.0
2024-09-20 18:00:00,322950.0,74.0,False,74.0
2024-09-20 19:00:00,323018.0,68.0,False,68.0
2024-09-20 20:00:00,323083.0,65.0,False,65.0
2024-09-20 21:00:00,323145.0,62.0,False,62.0
2024-09-20 22:00:00,323207.0,62.0,False,62.0
2024-09-20 23:00:00,323263.0,56.0,False,56.0
2024-09-21 00:00:00,323314.0,51.0,False,51.0
2024-09-21 01:00:00,323356.0,42.0,False,42.0
2024-09-21 02:00:00,323392.0,36.0,False,36.0
2024-09-21 03:00:00,323427.0,35.0,False,35.0
2024-09-21 04:00:00,323461.0,34.0,False,34.0
2024-09-21 05:00:00,323493.0,32.0,False,32.0
2024-09-21 06:00:00,323526.0,33.0,False,33.0
2024-09-21 07:00:00,323557.0,31.0,False,31.0
2024-09-21 08:00:00,323591.0,34.0,False,34.0
2024-09-21 09:00:00,323635.0,44.0,False,44.0
2024-09-21 10:00:00,323690.0,55.0,False,55.0
2024-09-21 11:00:00,323747.0,57.0,False,57.0
2024-09-21 12:00:00,323805.0,58.0,False,58.0
2024-09-21 13:00:00,323859.0,54.0,False,54.0
2024-09-21 14:00:00,323909.0,50.0,False,50.0
2024-09-21 15:00:00,323963.0,54.0,False,54.0
2024-09-21 16:00:00,324023.0,60.0,False,60.0
2024-09-21 17:00:00,324081.0,58.0,False,58.0
2024-09-21 18:00:00,324137.0,56.0,False,56.0
2024-09-21 19:00:00,324188.0,51.0,False,51.0
2024-09-21 20:00:00,324236.0,48.0,False,48.0
2024-09-21 21:00:00,324285.0,49.0,False,49.0
2024-09-21 22:00:00,324328.0,43.0,False,43.0
2024-09-21 23:00:00,324370.0,42.0,False,42.0
2024-09-22 00:00:00,324407.0,37.0,False,37.0
2024-09-22 01:00:00,324439.0,32.0,False,32.0
2024-09-22 02:00:00,324467.0,28.0,False,28.0
2024-09-22 03:00:00,324495.0,28.0,False,28.0
2024-09-22 04:00:00,324522.0,27.0,False,27.0
2024-09-22 05:00:00,324546.0,24.0,False,24.0
2024-09-22 06:00:00,324573.0,27.0,False,27.0
2024-09-22 07:00:00,324600.0,27.0,False,27.0
2024-09-22 08:00:00,324626.0,26.0,False,26.0
2024-09-22 09:00:00,324657.0,31.0,False,31.0
2024-09-22 10:00:00,324690.0,33.0,False,33.0
2024-09-22 11:00:00,324730.0,40.0,False,40.0
2024-09-22 12:00:00,324777.0,47.0,False,47.0
2024-09-22 13:00:00,324820.0,43.0,False,43.0
2024-09-22 14:00:00,324860.0,40.0,False,40.0
2024-09-22 15:00:00,324903.0,43.0,False,43.0
2024-09-22 16:00:00,324952.0,49.0,False,49.0
2024-09-22 17:00:00,325002.0,50.0,False,50.0
2024-09-22 18:00:00,325050.0,48.0,False,48.0
2024-09-22 19:00:00,325096.0,46.0,False,46.0
2024-09-22 20:00:00,325141.0,45.0,False,45.0
2024-09-22 21:00:00,325184.0,43.0,False,43.0
2024-09-22 22:00:00,325224.0,40.0,False,40.0
2024-09-22 23:00:00,325263.0,39.0,False,39.0
2024-09-23 00:00:00,325293.0,30.0,False,30.0
2024-09-23 01:00:00,325323.0,30.0,False,30.0
2024-09-23 02:00:00,325349.0,26.0,False,26.0
2024-09-23 03:00:00,325376.0,27.0,False,27.0
2024-09-23 04:00:00,325401.0,25.0,False,25.0
2024-09-23 05:00:00,325424.0,23.0,False,23.0
2024-09-23 06:00:00,325446.0,22.0,False,22.0
2024-09-23 07:00:00,325469.0,23.0,False,23.0
2024-09-23 08:00:00,325495.0,26.0,False,26.0
2024-09-23 09:00:00,325534.0,39.0,False,39.0
2024-09-23 10:00:00,325584.0,50.0,False,50.0
2024-09-23 11:00:00,325642.0,58.0,False,58.0
2024-09-23 12:00:00,325698.0,56.0,False,56.0
2024-09-23 13:00:00,325746.0,48.0,False,48.0
2024-09-23 14:00:00,325795.0,49.0,False,49.0
2024-09-23 15:00:00,325852.0,57.0,False,57.0
2024-09-23 16:00:00,325917.0,65.0,False,65.0
2024-09-23 17:00:00,325981.0,64.0,False,64.0
2024-09-23 18:00:00,326039.0,58.0,False,58.0
2024-09-23 19:00:00,326087.0,48.0,False,48.0
2024-09-23 20:00:00,326137.0,50.0,False,50.0
2024-09-23 21:00:00,326184.0,47.0,False,47.0
2024-09-23 22:00:00,326229.0,45.0,False,45.0
2024-09-23 23:00:00,326269.0,40.0,False,40.0
2024-09-24 00:00:00,326304.0,35.0,False,35.0
2024-09-24 01:00:00,326332.0,28.0,False,28.0
2024-09-24 02:00:00,326361.0,29.0,False,29.0
2024-09-24 03:00:00,326384.0,23.0,False,23.0
2024-09-24 04:00:00,326409.0,25.0,False,25.0
2024-09-24 05:00:00,326431.0,22.0,False,22.0
2024-09-24 06:00:00,326453.0,22.0,False,22.0
2024-09-24 07:00:00,326477.0,24.0,False,24.0
2024-09-24 08:00:00,326503.0,26.0,False,26.0
2024-09-24 09:00:00,326540.0,37.0,False,37.0
2024-09-24 10:00:00,326587.0,47.0,False,47.0
2024-09-24 11:00:00,326642.0,55.0,False,55.0
2024-09-24 12:00:00,326698.0,56.0,False,56.0
2024-09-24 13:00:00,326747.0,49.0,False,49.0
2024-09-24 14:00:00,326798.0,51.0,False,51.0
2024-09-24 15:00:00,326862.0,64.0,False,64.0
2024-09-24 16:00:00,326933.0,71.0,False,71.0
2024-09-24 17:00:00,327008.0,75.0,False,75.0
2024-09-24 18:00:00,327071.0,63.0,False,63.0
2024-09-24 19:00:00,327123.0,52.0,False,52.0
2024-09-24 20:00:00,327167.0,44.0,False,44.0
2024-09-24 21:00:00,327209.0,42.0,False,42.0
2024-09-24 22:00:00,327251.0,42.0,False,42.0
2024-09-24 23:00:00,327292.0,41.0,False,41.0
2024-09-25 00:00:00,327326.0,34.0,False,34.0
2024-09-25 01:00:00,327355.0,29.0,False,29.0
2024-09-25 02:00:00,327379.0,24.0,False,24.0
2024-09-25 03:00:00,327403.0,24.0,False,24.0
2024-09-25 04:00:00,327426.0,23.0,False,23.0
2024-09-25 05:00:00,327449.0,23.0,False,23.0
2024-09-25 06:00:00,327473.0,24.0,False,24.0
2024-09-25 07:00:00,327495.0,22.0,False,22.0
2024-09-25 08:00:00,327519.0,24.0,False,24.0
2024-09-25 09:00:00,327558.0,39.0,False,39.0
2024-09-25 10:00:00,327614.0,56.0,False,56.0
2024-09-25 11:00:00,327680.0,66.0,False,66.0
2024-09-25 12:00:00,327740.0,60.0,False,60.0
2024-09-25 13:00:00,327795.0,55.0,False,55.0
2024-09-25 14:00:00,327854.0,59.0,False,59.0
2024-09-25 15:00:00,327925.0,71.0,False,71.0
2024-09-25 16:00:00,,,False,77.71
2024-09-25 17:00:00,328097.0,,False,79.71
2024-09-25 18:00:00,328174.0,77.0,False,77.0
2024-09-25 19:00:00,328232.0,58.0,False,58.0
2024-09-25 20:00:00,328288.0,56.0,False,56.0
2024-09-25 21:00:00,328335.0,47.0,False,47.0
2024-09-25 22:00:00,328384.0,49.0,False,49.0
2024-09-25 23:00:00,328424.0,40.0,False,40.0
2024-09-26 00:00:00,328460.0,36.0,False,36.0
2024-09-26 01:00:00,328490.0,30.0,False,30.0
2024-09-26 02:00:00,328516.0,26.0,False,26.0
2024-09-26 03:00:00,328542.0,26.0,False,26.0
2024-09-26 04:00:00,328566.0,24.0,False,24.0
2024-09-26 05:00:00,328589.0,23.0,False,23.0
2024-09-26 06:00:00,328612.0,23.0,False,23.0
2024-09-26 07:00:00,328636.0,24.0,False,24.0
2024-09-26 08:00:00,328660.0,24.0,False,24.0
2024-09-26 09:00:00,328698.0,38.0,False,38.0
2024-09-26 10:00:00,328749.0,51.0,False,51.0
2024-09-26 11:00:00,328804.0,55.0,False,55.0
2024-09-26 12:00:00,328864.0,60.0,False,60.0
2024-09-26 13:00:00,328916.0,52.0,False,52.0
2024-09-26 14:00:00,328967.0,51.0,False,51.0
2024-09-26 15:00:00,329033.0,66.0,False,66.0
2024-09-26 16:00:00,329105.0,72.0,False,72.0
2024-09-26 17:00:00,329176.0,71.0,False,71.0
2024-09-26 18:00:00,329246.0,70.0,False,70.0
2024-09-26 19:00:00,329309.0,63.0,False,63.0
2024-09-26 20:00:00,329364.0,55.0,False,55.0
2024-09-26 21:00:00,329415.0,51.0,False,51.0
2024-09-26 22:00:00,329463.0,48.0,False,48.0
2024-09-26 23:00:00,329510.0,47.0,False,47.0
2024-09-27 00:00:00,329550.0,40.0,False,40.0
2024-09-27 01:00:00,329585.0,35.0,False,35.0
2024-09-27 02:00:00,329615.0,30.0,False,30.0
2024-09-27 03:00:00,329641.0,26.0,False,26.0
2024-09-27 04:00:00,329668.0,27.0,False,27.0
2024-09-27 05:00:00,329693.0,25.0,False,25.0
2024-09-27 06:00:00,329720.0,27.0,False,27.0
2024-09-27 07:00:00,329744.0,24.0,False,24.0
2024-09-27 08:00:00,329774.0,30.0,False,30.0
2024-09-27 09:00:00,329821.0,47.0,False,47.0
2024-09-27 10:00:00,329876.0,55.0,False,55.0
2024-09-27 11:00:00,329936.0,60.0,False,60.0
2024-09-27 12:00:00,329999.0,63.0,False,63.0
2024-09-27 13:00:00,330061.0,62.0,False,62.0
2024-09-27 14:00:00,330123.0,62.0,False,62.0
2024-09-27 15:00:00,330187.0,64.0,False,64.0
2024-09-27 16:00:00,330266.0,79.0,False,79.0
2024-09-27 17:00:00,330348.0,82.0,False,82.0
2024-09-27 18:00:00,330421.0,73.0,False,73.0
2024-09-27 19:00:00,330499.0,78.0,False,78.0
2024-09-27 20:00:00,330563.0,64.0,False,64.0
2024-09-27 21:00:00,330622.0,59.0,False,59.0
2024-09-27 22:00:00,330681.0,59.0,False,59.0
2024-09-27 23:00:00,330735.0,54.0,False,54.0
2024-09-28 00:00:00,330781.0,46.0,False,46.0
2024-09-28 01:00:00,330815.0,34.0,False,34.0
2024-09-28 02:00:00,330844.0,29.0,False,29.0
2024-09-28 03:00:00,330873.0,29.0,False,29.0
2024-09-28 04:00:00,330897.0,24.0,False,24.0
2024-09-28 05:00:00,330925.0,28.0,False,28.0
2024-09-28 06:00:00,330950.0,25.0,False,25.0
2024-09-28 07:00:00,330976.0,26.0,False,26.0
2024-09-28 08:00:00,331009.0,33.0,False,33.0
2024-09-28 09:00:00,331056.0,47.0,False,47.0
2024-09-28 10:00:00,331109.0,53.0,False,53.0
2024-09-28 11:00:00,331175.0,66.0,False,66.0
2024-09-28 12:00:00,331245.0,70.0,False,70.0
2024-09-28 13:00:00,331309.0,64.0,False,64.0
2024-09-28 14:00:00,331371.0,62.0,False,62.0
2024-09-28 15:00:00,331440.0,69.0,False,69.0
2024-09-28 16:00:00,331514.0,74.0,False,74.0
2024-09-28 17:00:00,331578.0,64.0,False,64.0
2024-09-28 18:00:00,331639.0,61.0,False,61.0
2024-09-28 19:00:00,331692.0,53.0,False,53.0
2024-09-28 20:00:00,331740.0,48.0,False,48.0
2024-09-28 21:00:00,331789.0,49.0,False,49.0
2024-09-28 22:00:00,331833.0,44.0,False,44.0
2024-09-28 23:00:00,331877.0,44.0,False,44.0
2024-09-29 00:00:00,331917.0,40.0,False,40.0
2024-09-29 01:00:00,331950.0,33.0,False,33.0
2024-09-29 02:00:00,331982.0,32.0,False,32.0
2024-09-29 03:00:00,332006.0,24.0,False,24.0
2024-09-29 04:00:00,332035.0,29.0,False,29.0
2024-09-29 05:00:00,332061.0,26.0,False,26.0
2024-09-29 06:00:00,332088.0,27.0,False,27.0
2024-09-29 07:00:00,332111.0,23.0,False,23.0
2024-09-29 08:00:00,332138.0,27.0,False,27.0
2024-09-29 09:00:00,332177.0,39.0,False,39.0
2024-09-29 10:00:00,332233.0,56.0,False,56.0
2024-09-29 11:00:00,332290.0,57.0,False,57.0
2024-09-29 12:00:00,332342.0,52.0,False,52.0
2024-09-29 13:00:00,332382.0,40.0,False,40.0
2024-09-29 14:00:00,332426.0,44.0,False,44.0
2024-09-29 15:00:00,332468.0,42.0,False,42.0
2024-09-29 16:00:00,332519.0,51.0,False,51.0
2024-09-29 17:00:00,332565.0,46.0,False,46.0
2024-09-29 18:00:00,,,False,64.29
2024-09-29 19:00:00,332644.0,,False,56.86
2024-09-29 20:00:00,332680.0,36.0,False,36.0
2024-09-29 21:00:00,332719.0,39.0,False,39.0
2024-09-29 22:00:00,332753.0,34.0,False,34.0
2024-09-29 23:00:00,332782.0,29.0,False,29.0
2024-09-30 00:00:00,332810.0,28.0,False,28.0
2024-09-30 01:00:00,332835.0,25.0,False,25.0
2024-09-30 02:00:00,332859.0,24.0,False,24.0
2024-09-30 03:00:00,332881.0,22.0,False,22.0
2024-09-30 04:00:00,332900.0,19.0,False,19.0
2024-09-30 05:00:00,332921.0,21.0,False,21.0
2024-09-30 06:00:00,332941.0,20.0,False,20.0
2024-09-30 07:00:00,332965.0,24.0,False,24.0
2024-09-30 08:00:00,332988.0,23.0,False,23.0
2024-09-30 09:00:00,333019.0,31.0,False,31.0
2024-09-30 10:00:00,333054.0,35.0,False,35.0
2024-09-30 11:00:00,,,False,59.57
2024-09-30 12:00:00,333150.0,,False,59.57
2024-09-30 13:00:00,333185.0,35.0,False,35.0
2024-09-30 14:00:00,333219.0,34.0,False,34.0
2024-09-30 15:00:00,333258.0,39.0,False,39.0
2024-09-30 16:00:00,333299.0,41.0,False,41.0
2024-09-30 17:00:00,333339.0,40.0,False,40.0
2024-09-30 18:00:00,333378.0,39.0,False,39.0
2024-09-30 19:00:00,333415.0,37.0,False,37.0
2024-09-30 20:00:00,333447.0,32.0,False,32.0
2024-09-30 21:00:00,333481.0,34.0,False,34.0
2024-09-30 22:00:00,333513.0,32.0,False,32.0
2024-09-30 23:00:00,333542.0,29.0,False,29.0
2024-10-01 00:00:00,333569.0,27.0,False,27.0
2024-10-01 01:00:00,333595.0,26.0,False,26.0
2024-10-01 02:00:00,333619.0,24.0,False,24.0
2024-10-01 03:00:00,333642.0,23.0,False,23.0
2024-10-01 04:00:00,333664.0,22.0,False,22.0
2024-10-01 05:00:00,333687.0,23.0,False,23.0
2024-10-01 06:00:00,333709.0,22.0,False,22.0
2024-10-01 07:00:00,333730.0,21.0,False,21.0
2024-10-01 08:00:00,333757.0,27.0,False,27.0
2024-10-01 09:00:00,333780.0,23.0,False,23.0
2024-10-01 10:00:00,333807.0,27.0,False,27.0
2024-10-01 11:00:00,333834.0,27.0,False,27.0
2024-10-01 12:00:00,333864.0,30.0,False,30.0
2024-10-01 13:00:00,333889.0,25.0,False,25.0
2024-10-01 14:00:00,333918.0,29.0,False,29.0
2024-10-01 15:00:00,333949.0,31.0,False,31.0
2024-10-01 16:00:00,333981.0,32.0,False,32.0
2024-10-01 17:00:00,334014.0,33.0,False,33.0
2024-10-01 18:00:00,334044.0,30.0,False,30.0
2024-10-01 19:00:00,334071.0,27.0,False,27.0
2024-10-01 20:00:00,334100.0,29.0,False,29.0
2024-10-01 21:00:00,334130.0,30.0,False,30.0
2024-10-01 22:00:00,334159.0,29.0,False,29.0
2024-10-01 23:00:00,334186.0,27.0,False,27.0
2024-10-02 00:00:00,334210.0,24.0,False,24.0
2024-10-02 01:00:00,334233.0,23.0,False,23.0
2024-10-02 02:00:00,334256.0,23.0,False,23.0
2024-10-02 03:00:00,334275.0,19.0,False,19.0
2024-10-02 04:00:00,334297.0,22.0,False,22.0
2024-10-02 05:00:00,334318.0,21.0,False,21.0
2024-10-02 06:00:00,334339.0,21.0,False,21.0
2024-10-02 07:00:00,334359.0,20.0,False,20.0
2024-10-02 08:00:00,334382.0,23.0,False,23.0
2024-10-02 09:00:00,334404.0,22.0,False,22.0
2024-10-02 10:00:00,334429.0,25.0,False,25.0
2024-10-02 11:00:00,334460.0,31.0,False,31.0
2024-10-02 12:00:00,334493.0,33.0,False,33.0
2024-10-02 13:00:00,334524.0,31.0,False,31.0
2024-10-02 14:00:00,334552.0,28.0,False,28.0
2024-10-02 15:00:00,334587.0,35.0,False,35.0
2024-10-02 16:00:00,334623.0,36.0,False,36.0
2024-10-02 17:00:00,334660.0,37.0,False,37.0
2024-10-02 18:00:00,334692.0,32.0,False,32.0
2024-10-02 19:00:00,334725.0,33.0,False,33.0
2024-10-02 20:00:00,334761.0,36.0,False,36.0
2024-10-02 21:00:00,334794.0,33.0,False,33.0
2024-10-02 22:00:00,334824.0,30.0,False,30.0
2024-10-02 23:00:00,334853.0,29.0,False,29.0
2024-10-03 00:00:00,334880.0,27.0,False,27.0
2024-10-03 01:00:00,334902.0,22.0,False,22.0
2024-10-03 02:00:00,334923.0,21.0,False,21.0
2024-10-03 03:00:00,334945.0,22.0,False,22.0
2024-10-03 04:00:00,334968.0,23.0,False,23.0
2024-10-03 05:00:00,334988.0,20.0,False,20.0
2024-10-03 06:00:00,335009.0,21.0,False,21.0
2024-10-03 07:00:00,335029.0,20.0,False,20.0
2024-10-03 08:00:00,335050.0,21.0,False,21.0
2024-10-03 09:00:00,335073.0,23.0,False,23.0
2024-10-03 10:00:00,335098.0,25.0,False,25.0
2024-10-03 11:00:00,335131.0,33.0,False,33.0
2024-10-03 12:00:00,335159.0,28.0,False,28.0
2024-10-03 13:00:00,335189.0,30.0,False,30.0
2024-10-03 14:00:00,335218.0,29.0,False,29.0
2024-10-03 15:00:00,335250.0,32.0,False,32.0
2024-10-03 16:00:00,335287.0,37.0,False,37.0
2024-10-03 17:00:00,335318.0,31.0,False,31.0
2024-10-03 18:00:00,335352.0,34.0,False,34.0
2024-10-03 19:00:00,335380.0,28.0,False,28.0
2024-10-03 20:00:00,335412.0,32.0,False,32.0
2024-10-03 21:00:00,335443.0,31.0,False,31.0
2024-10-03 22:00:00,335473.0,30.0,False,30.0
2024-10-03 23:00:00,335501.0,28.0,False,28.0
2024-10-04 00:00:00,335529.0,28.0,False,28.0
2024-10-04 01:00:00,335553.0,24.0,False,24.0
2024-10-04 02:00:00,335577.0,24.0,False,24.0
2024-10-04 03:00:00,335600.0,23.0,False,23.0
2024-10-04 04:00:00,335623.0,23.0,False,23.0
2024-10-04 05:00:00,335646.0,23.0,False,23.0
2024-10-04 06:00:00,335668.0,22.0,False,22.0
2024-10-04 07:00:00,335689.0,21.0,False,21.0
2024-10-04 08:00:00,335711.0,22.0,False,22.0
2024-10-04 09:00:00,335736.0,25.0,False,25.0
2024-10-04 10:00:00,335761.0,25.0,False,25.0
2024-10-04 11:00:00,335788.0,27.0,False,27.0
2024-10-04 12:00:00,335816.0,28.0,False,28.0
2024-10-04 13:00:00,335840.0,24.0,False,24.0
2024-10-04 14:00:00,335868.0,28.0,False,28.0
2024-10-04 15:00:00,335896.0,28.0,False,28.0
2024-10-04 16:00:00,335924.0,28.0,False,28.0
2024-10-04 17:00:00,335952.0,28.0,False,28.0
2024-10-04 18:00:00,335981.0,29.0,False,29.0
2024-10-04 19:00:00,336009.0,28.0,False,28.0
2024-10-04 20:00:00,336036.0,27.0,False,27.0
2024-10-04 21:00:00,336064.0,28.0,False,28.0
2024-10-04 22:00:00,336092.0,28.0,False,28.0
2024-10-04 23:00:00,336117.0,25.0,False,25.0
2024-10-05 00:00:00,336144.0,27.0,False,27.0
2024-10-05 01:00:00,336167.0,23.0,False,23.0
2024-10-05 02:00:00,336190.0,23.0,False,23.0
2024-10-05 03:00:00,336210.0,20.0,False,20.0
2024-10-05 04:00:00,336231.0,21.0,False,21.0
2024-10-05 05:00:00,336252.0,21.0,False,21.0
2024-10-05 06:00:00,336272.0,20.0,False,20.0
2024-10-05 07:00:00,336291.0,19.0,False,19.0
2024-10-05 08:00:00,336311.0,20.0,False,20.0
2024-10-05 09:00:00,336333.0,22.0,False,22.0
2024-10-05 10:00:00,336357.0,24.0,False,24.0
2024-10-05 11:00:00,336382.0,25.0,False,25.0
2024-10-05 12:00:00,336407.0,25.0,False,25.0
2024-10-05 13:00:00,336434.0,27.0,False,27.0
2024-10-05 14:00:00,336460.0,26.0,False,26.0
2024-10-05 15:00:00,336487.0,27.0,False,27.0
2024-10-05 16:00:00,336518.0,31.0,False,31.0
2024-10-05 17:00:00,336547.0,29.0,False,29.0
2024-10-05 18:00:00,336578.0,31.0,False,31.0
2024-10-05 19:00:00,336608.0,30.0,False,30.0
2024-10-05 20:00:00,336639.0,31.0,False,31.0
2024-10-05 21:00:00,336668.0,29.0,False,29.0
2024-10-05 22:00:00,336700.0,32.0,False,32.0
2024-10-05 23:00:00,336726.0,26.0,False,26.0
2024-10-06 00:00:00,336753.0,27.0,False,27.0
2024-10-06 01:00:00,336777.0,24.0,False,24.0
2024-10-06 02:00:00,336800.0,23.0,False,23.0
2024-10-06 03:00:00,336820.0,20.0,False,20.0
2024-10-06 04:00:00,336840.0,20.0,False,20.0
2024-10-06 05:00:00,336863.0,23.0,False,23.0
2024-10-06 06:00:00,336883.0,20.0,False,20.0
2024-10-06 07:00:00,336904.0,21.0,False,21.0
2024-10-06 08:00:00,336926.0,22.0,False,22.0
2024-10-06 09:00:00,336950.0,24.0,False,24.0
2024-10-06 10:00:00,336974.0,24.0,False,24.0
2024-10-06 11:00:00,337002.0,28.0,False,28.0
2024-10-06 12:00:00,337030.0,28.0,False,28.0
2024-10-06 13:00:00,337058.0,28.0,False,28.0
2024-10-06 14:00:00,337086.0,28.0,False,28.0
2024-10-06 15:00:00,337114.0,28.0,False,28.0
2024-10-06 16:00:00,337144.0,30.0,False,30.0
2024-10-06 17:00:00,337177.0,33.0,False,33.0
2024-10-06 18:00:00,337205.0,28.0,False,28.0
2024-10-06 19:00:00,337233.0,28.0,False,28.0
2024-10-06 20:00:00,337262.0,29.0,False,29.0
2024-10-06 21:00:00,337291.0,29.0,False,29.0
2024-10-06 22:00:00,337320.0,29.0,False,29.0
2024-10-06 23:00:00,337349.0,29.0,False,29.0
2024-10-07 00:00:00,337372.0,23.0,False,23.0
2024-10-07 01:00:00,337393.0,21.0,False,21.0
2024-10-07 02:00:00,337414.0,21.0,False,21.0
2024-10-07 03:00:00,337432.0,18.0,False,18.0
2024-10-07 04:00:00,337453.0,21.0,False,21.0
2024-10-07 05:00:00,337473.0,20.0,False,20.0
2024-10-07 06:00:00,337490.0,17.0,False,17.0
2024-10-07 07:00:00,337510.0,20.0,False,20.0
2024-10-07 08:00:00,337530.0,20.0,False,20.0
2024-10-07 09:00:00,337554.0,24.0,False,24.0
2024-10-07 10:00:00,337580.0,26.0,False,26.0
2024-10-07 11:00:00,337611.0,31.0,False,31.0
2024-10-07 12:00:00,337642.0,31.0,False,31.0
2024-10-07 13:00:00,337669.0,27.0,False,27.0
2024-10-07 14:00:00,337699.0,30.0,False,30.0
2024-10-07 15:00:00,337729.0,30.0,False,30.0
2024-10-07 16:00:00,337761.0,32.0,False,32.0
2024-10-07 17:00:00,337793.0,32.0,False,32.0
2024-10-07 18:00:00,337826.0,33.0,False,33.0
2024-10-07 19:00:00,337864.0,38.0,False,38.0
2024-10-07 20:00:00,337901.0,37.0,False,37.0
2024-10-07 21:00:00,337939.0,38.0,False,38.0
2024-10-07 22:00:00,337970.0,31.0,False,31.0
2024-10-07 23:00:00,338001.0,31.0,False,31.0
2024-10-08 00:00:00,338026.0,25.0,False,25.0
2024-10-08 01:00:00,338051.0,25.0,False,25.0
2024-10-08 02:00:00,338075.0,24.0,False,24.0
2024-10-08 03:00:00,338097.0,22.0,False,22.0
2024-10-08 04:00:00,338120.0,23.0,False,23.0
2024-10-08 05:00:00,338143.0,23.0,False,23.0
2024-10-08 06:00:00,338163.0,20.0,False,20.0
2024-10-08 07:00:00,338184.0,21.0,False,21.0
2024-10-08 08:00:00,338211.0,27.0,False,27.0
2024-10-08 09:00:00,338242.0,31.0,False,31.0
2024-10-08 10:00:00,338280.0,38.0,False,38.0
2024-10-08 11:00:00,338327.0,47.0,False,47.0
2024-10-08 12:00:00,338369.0,42.0,False,42.0
2024-10-08 13:00:00,,,False,27.43
2024-10-08 14:00:00,338446.0,,False,28.29
2024-10-08 15:00:00,338488.0,42.0,False,42.0
2024-10-08 16:00:00,338534.0,46.0,False,46.0
2024-10-08 17:00:00,338580.0,46.0,False,46.0
2024-10-08 18:00:00,338622.0,42.0,False,42.0
2024-10-08 19:00:00,338663.0,41.0,False,41.0
2024-10-08 20:00:00,338701.0,38.0,False,38.0
2024-10-08 21:00:00,338738.0,37.0,False,37.0
2024-10-08 22:00:00,338774.0,36.0,False,36.0
2024-10-08 23:00:00,338809.0,35.0,False,35.0
2024-10-09 00:00:00,338839.0,30.0,False,30.0
2024-10-09 01:00:00,338866.0,27.0,False,27.0
2024-10-09 02:00:00,338891.0,25.0,False,25.0
2024-10-09 03:00:00,338916.0,25.0,False,25.0
2024-10-09 04:00:00,338939.0,23.0,False,23.0
2024-10-09 05:00:00,338964.0,25.0,False,25.0
2024-10-09 06:00:00,338986.0,22.0,False,22.0
2024-10-09 07:00:00,339009.0,23.0,False,23.0
2024-10-09 08:00:00,339034.0,25.0,False,25.0
2024-10-09 09:00:00,339070.0,36.0,False,36.0
2024-10-09 10:00:00,339117.0,47.0,False,47.0
2024-10-09 11:00:00,339177.0,60.0,False,60.0
2024-10-09 12:00:00,339223.0,46.0,False,46.0
2024-10-09 13:00:00,339269.0,46.0,False,46.0
2024-10-09 14:00:00,339313.0,44.0,False,44.0
2024-10-09 15:00:00,339365.0,52.0,False,52.0
2024-10-09 16:00:00,339421.0,56.0,False,56.0
2024-10-09 17:00:00,339474.0,53.0,False,53.0
2024-10-09 18:00:00,339527.0,53.0,False,53.0
2024-10-09 19:00:00,339573.0,46.0,False,46.0
2024-10-09 20:00:00,339619.0,46.0,False,46.0
2024-10-09 21:00:00,339665.0,46.0,False,46.0
2024-10-09 22:00:00,339711.0,46.0,False,46.0
2024-10-09 23:00:00,339754.0,43.0,False,43.0
2024-10-10 00:00:00,339793.0,39.0,False,39.0
2024-10-10 01:00:00,339828.0,35.0,False,35.0
2024-10-10 02:00:00,339863.0,35.0,False,35.0
2024-10-10 03:00:00,,,False,21.43
2024-10-10 04:00:00,339930.0,,False,22.0
2024-10-10 05:00:00,339963.0,33.0,False,33.0
2024-10-10 06:00:00,339994.0,31.0,False,31.0
2024-10-10 07:00:00,340027.0,33.0,False,33.0
2024-10-10 08:00:00,340060.0,33.0,False,33.0
2024-10-10 09:00:00,340102.0,42.0,False,42.0
2024-10-10 10:00:00,340154.0,52.0,False,52.0
2024-10-10 11:00:00,340223.0,69.0,False,69.0
2024-10-10 12:00:00,340289.0,66.0,False,66.0
2024-10-10 13:00:00,340352.0,63.0,False,63.0
2024-10-10 14:00:00,340416.0,64.0,False,64.0
2024-10-10 15:00:00,340488.0,72.0,False,72.0
2024-10-10 16:00:00,,,False,37.14
2024-10-10 17:00:00,340639.0,,False,36.0
2024-10-10 18:00:00,340707.0,68.0,False,68.0
2024-10-10 19:00:00,340756.0,49.0,False,49.0
2024-10-10 20:00:00,340801.0,45.0,False,45.0
2024-10-10 21:00:00,340846.0,45.0,False,45.0
2024-10-10 22:00:00,340889.0,43.0,False,43.0
2024-10-10 23:00:00,340929.0,40.0,False,40.0
2024-10-11 00:00:00,340964.0,35.0,False,35.0
2024-10-11 01:00:00,341000.0,36.0,False,36.0
2024-10-11 02:00:00,341031.0,31.0,False,31.0
2024-10-11 03:00:00,341060.0,29.0,False,29.0
2024-10-11 04:00:00,341089.0,29.0,False,29.0
2024-10-11 05:00:00,341117.0,28.0,False,28.0
2024-10-11 06:00:00,341147.0,30.0,False,30.0
2024-10-11 07:00:00,341176.0,29.0,False,29.0
2024-10-11 08:00:00,341205.0,29.0,False,29.0
2024-10-11 09:00:00,341241.0,36.0,False,36.0
2024-10-11 10:00:00,341294.0,53.0,False,53.0
2024-10-11 11:00:00,341351.0,57.0,False,57.0
2024-10-11 12:00:00,341405.0,54.0,False,54.0
2024-10-11 13:00:00,341458.0,53.0,False,53.0
2024-10-11 14:00:00,341504.0,46.0,False,46.0
2024-10-11 15:00:00,341557.0,53.0,False,53.0
2024-10-11 16:00:00,341614.0,57.0,False,57.0
2024-10-11 17:00:00,341672.0,58.0,False,58.0
2024-10-11 18:00:00,341724.0,52.0,False,52.0
2024-10-11 19:00:00,341775.0,51.0,False,51.0
2024-10-11 20:00:00,341827.0,52.0,False,52.0
2024-10-11 21:00:00,341874.0,47.0,False,47.0
2024-10-11 22:00:00,341923.0,49.0,False,49.0
2024-10-11 23:00:00,341967.0,44.0,False,44.0
2024-10-12 00:00:00,342008.0,41.0,False,41.0
2024-10-12 01:00:00,342047.0,39.0,False,39.0
2024-10-12 02:00:00,342085.0,38.0,False,38.0
2024-10-12 03:00:00,342120.0,35.0,False,35.0
2024-10-12 04:00:00,342155.0,35.0,False,35.0
2024-10-12 05:00:00,342189.0,34.0,False,34.0
2024-10-12 06:00:00,342222.0,33.0,False,33.0
2024-10-12 07:00:00,342260.0,38.0,False,38.0
2024-10-12 08:00:00,342298.0,38.0,False,38.0
2024-10-12 09:00:00,342340.0,42.0,False,42.0
2024-10-12 10:00:00,342399.0,59.0,False,59.0
2024-10-12 11:00:00,342456.0,57.0,False,57.0
2024-10-12 12:00:00,342506.0,50.0,False,50.0
2024-10-12 13:00:00,342559.0,53.0,False,53.0
2024-10-12 14:00:00,342615.0,56.0,False,56.0
2024-10-12 15:00:00,342672.0,57.0,False,57.0
2024-10-12 16:00:00,342731.0,59.0,False,59.0
2024-10-12 17:00:00,342787.0,56.0,False,56.0
2024-10-12 18:00:00,342830.0,43.0,False,43.0
2024-10-12 19:00:00,342867.0,37.0,False,37.0
2024-10-12 20:00:00,342909.0,42.0,False,42.0
2024-10-12 21:00:00,342949.0,40.0,False,40.0
2024-10-12 22:00:00,342989.0,40.0,False,40.0
2024-10-12 23:00:00,343026.0,37.0,False,37.0
2024-10-13 00:00:00,343062.0,36.0,False,36.0
2024-10-13 01:00:00,343090.0,28.0,False,28.0
2024-10-13 02:00:00,343123.0,33.0,False,33.0
2024-10-13 03:00:00,343152.0,29.0,False,29.0
2024-10-13 04:00:00,343181.0,29.0,False,29.0
2024-10-13 05:00:00,343208.0,27.0,False,27.0
2024-10-13 06:00:00,343236.0,28.0,False,28.0
2024-10-13 07:00:00,343264.0,28.0,False,28.0
2024-10-13 08:00:00,343295.0,31.0,False,31.0
2024-10-13 09:00:00,343326.0,31.0,False,31.0
2024-10-13 10:00:00,343358.0,32.0,False,32.0
2024-10-13 11:00:00,343395.0,37.0,False,37.0
2024-10-13 12:00:00,343433.0,38.0,False,38.0
2024-10-13 13:00:00,343472.0,39.0,False,39.0
2024-10-13 14:00:00,343511.0,39.0,False,39.0
2024-10-13 15:00:00,343551.0,40.0,False,40.0
2024-10-13 16:00:00,343596.0,45.0,False,45.0
2024-10-13 17:00:00,343639.0,43.0,False,43.0
2024-10-13 18:00:00,343679.0,40.0,False,40.0
2024-10-13 19:00:00,343717.0,38.0,False,38.0
2024-10-13 20:00:00,343754.0,37.0,False,37.0
2024-10-13 21:00:00,343794.0,40.0,False,40.0
2024-10-13 22:00:00,343830.0,36.0,False,36.0
2024-10-13 23:00:00,343865.0,35.0,False,35.0
2024-10-14 00:00:00,343894.0,29.0,False,29.0
2024-10-14 01:00:00,343922.0,28.0,False,28.0
2024-10-14 02:00:00,343951.0,29.0,False,29.0
2024-10-14 03:00:00,343981.0,30.0,False,30.0
2024-10-14 04:00:00,344008.0,27.0,False,27.0
2024-10-14 05:00:00,344034.0,26.0,False,26.0
2024-10-14 06:00:00,344057.0,23.0,False,23.0
2024-10-14 07:00:00,344081.0,24.0,False,24.0
2024-10-14 08:00:00,344108.0,27.0,False,27.0
2024-10-14 09:00:00,344148.0,40.0,False,40.0
2024-10-14 10:00:00,344193.0,45.0,False,45.0
2024-10-14 11:00:00,344253.0,60.0,False,60.0
2024-10-14 12:00:00,344304.0,51.0,False,51.0
2024-10-14 13:00:00,344349.0,45.0,False,45.0
2024-10-14 14:00:00,344389.0,40.0,False,40.0
2024-10-14 15:00:00,344449.0,60.0,False,60.0
2024-10-14 16:00:00,344523.0,74.0,False,74.0
2024-10-14 17:00:00,344590.0,67.0,False,67.0
2024-10-14 18:00:00,344656.0,66.0,False,66.0
2024-10-14 19:00:00,344719.0,63.0,False,63.0
2024-10-14 20:00:00,344780.0,61.0,False,61.0
2024-10-14 21:00:00,344843.0,63.0,False,63.0
2024-10-14 22:00:00,344905.0,62.0,False,62.0
2024-10-14 23:00:00,344951.0,46.0,False,46.0
2024-10-15 00:00:00,344985.0,34.0,False,34.0
2024-10-15 01:00:00,345017.0,32.0,False,32.0
2024-10-15 02:00:00,345045.0,28.0,False,28.0
2024-10-15 03:00:00,345076.0,31.0,False,31.0
2024-10-15 04:00:00,345106.0,30.0,False,30.0
2024-10-15 05:00:00,345134.0,28.0,False,28.0
2024-10-15 06:00:00,345162.0,28.0,False,28.0
2024-10-15 07:00:00,345191.0,29.0,False,29.0
2024-10-15 08:00:00,345219.0,28.0,False,28.0
2024-10-15 09:00:00,345258.0,39.0,False,39.0
2024-10-15 10:00:00,345307.0,49.0,False,49.0
2024-10-15 11:00:00,345354.0,47.0,False,47.0
2024-10-15 12:00:00,345404.0,50.0,False,50.0
2024-10-15 13:00:00,345448.0,44.0,False,44.0
2024-10-15 14:00:00,345491.0,43.0,False,43.0
2024-10-15 15:00:00,345540.0,49.0,False,49.0
2024-10-15 16:00:00,345608.0,68.0,False,68.0
2024-10-15 17:00:00,345678.0,70.0,False,70.0
2024-10-15 18:00:00,345743.0,65.0,False,65.0
2024-10-15 19:00:00,345804.0,61.0,False,61.0
2024-10-15 20:00:00,345866.0,62.0,False,62.0
2024-10-15 21:00:00,345922.0,56.0,False,56.0
2024-10-15 22:00:00,345979.0,57.0,False,57.0
2024-10-15 23:00:00,346027.0,48.0,False,48.0
2024-10-16 00:00:00,346072.0,45.0,False,45.0
2024-10-16 01:00:00,346115.0,43.0,False,43.0
2024-10-16 02:00:00,346154.0,39.0,False,39.0
2024-10-16 03:00:00,346187.0,33.0,False,33.0
2024-10-16 04:00:00,346228.0,41.0,False,41.0
2024-10-16 05:00:00,346266.0,38.0,False,38.0
2024-10-16 06:00:00,346302.0,36.0,False,36.0
2024-10-16 07:00:00,346339.0,37.0,False,37.0
2024-10-16 08:00:00,346379.0,40.0,False,40.0
2024-10-16 09:00:00,346424.0,45.0,False,45.0
2024-10-16 10:00:00,346483.0,59.0,False,59.0
2024-10-16 11:00:00,346545.0,62.0,False,62.0
2024-10-16 12:00:00,346607.0,62.0,False,62.0
2024-10-16 13:00:00,346664.0,57.0,False,57.0
2024-10-16 14:00:00,346721.0,57.0,False,57.0
2024-10-16 15:00:00,346786.0,65.0,False,65.0
2024-10-16 16:00:00,346862.0,76.0,True,59.83
2024-10-16 17:00:00,346936.0,74.0,True,57.83
2024-10-16 18:00:00,347000.0,64.0,False,64.0
2024-10-16 19:00:00,347053.0,53.0,False,53.0
2024-10-16 20:00:00,347103.0,50.0,False,50.0
2024-10-16 21:00:00,347147.0,44.0,False,44.0
2024-10-16 22:00:00,347196.0,49.0,False,49.0
2024-10-16 23:00:00,347243.0,47.0,False,47.0
2024-10-17 00:00:00,347280.0,37.0,False,37.0
2024-10-17 01:00:00,347311.0,31.0,False,31.0
2024-10-17 02:00:00,347345.0,34.0,False,34.0
2024-10-17 03:00:00,347372.0,27.0,False,27.0
2024-10-17 04:00:00,347402.0,30.0,False,30.0
2024-10-17 05:00:00,347432.0,30.0,False,30.0
2024-10-17 06:00:00,347458.0,26.0,False,26.0
2024-10-17 07:00:00,347486.0,28.0,False,28.0
2024-10-17 08:00:00,347515.0,29.0,False,29.0
2024-10-17 09:00:00,347551.0,36.0,False,36.0
2024-10-17 10:00:00,347601.0,50.0,False,50.0
2024-10-17 11:00:00,347662.0,61.0,False,61.0
2024-10-17 12:00:00,347717.0,55.0,False,55.0
2024-10-17 13:00:00,347766.0,49.0,False,49.0
2024-10-17 14:00:00,347818.0,52.0,False,52.0
2024-10-17 15:00:00,347871.0,53.0,False,53.0
2024-10-17 16:00:00,347931.0,60.0,False,60.0
2024-10-17 17:00:00,347999.0,68.0,True,58.8
2024-10-17 18:00:00,348055.0,56.0,False,56.0
2024-10-17 19:00:00,348110.0,55.0,False,55.0
2024-10-17 20:00:00,348169.0,59.0,False,59.0
2024-10-17 21:00:00,348222.0,53.0,False,53.0
2024-10-17 22:00:00,348272.0,50.0,False,50.0
2024-10-17 23:00:00,348323.0,51.0,False,51.0
2024-10-18 00:00:00,348362.0,39.0,False,39.0
2024-10-18 01:00:00,348400.0,38.0,False,38.0
2024-10-18 02:00:00,348434.0,34.0,False,34.0
2024-10-18 03:00:00,348470.0,36.0,False,36.0
2024-10-18 04:00:00,348505.0,35.0,False,35.0
2024-10-18 05:00:00,348543.0,38.0,False,38.0
2024-10-18 06:00:00,348577.0,34.0,False,34.0
2024-10-18 07:00:00,348610.0,33.0,False,33.0
2024-10-18 08:00:00,348644.0,34.0,False,34.0
2024-10-18 09:00:00,348691.0,47.0,False,47.0
2024-10-18 10:00:00,348740.0,49.0,False,49.0
2024-10-18 11:00:00,348795.0,55.0,False,55.0
2024-10-18 12:00:00,348842.0,47.0,False,47.0
2024-10-18 13:00:00,348886.0,44.0,False,44.0
2024-10-18 14:00:00,348934.0,48.0,False,48.0
2024-10-18 15:00:00,348986.0,52.0,False,52.0
2024-10-18 16:00:00,349047.0,61.0,False,61.0
2024-10-18 17:00:00,349107.0,60.0,False,60.0
2024-10-18 18:00:00,349167.0,60.0,False,60.0
2024-10-18 19:00:00,349215.0,48.0,False,48.0
2024-10-18 20:00:00,349262.0,47.0,False,47.0
2024-10-18 21:00:00,349311.0,49.0,False,49.0
2024-10-18 22:00:00,349354.0,43.0,False,43.0
2024-10-18 23:00:00,349396.0,42.0,False,42.0
2024-10-19 00:00:00,349434.0,38.0,False,38.0
2024-10-19 01:00:00,349466.0,32.0,False,32.0
2024-10-19 02:00:00,349497.0,31.0,False,31.0
2024-10-19 03:00:00,349527.0,30.0,False,30.0
2024-10-19 04:00:00,349555.0,28.0,False,28.0
2024-10-19 05:00:00,349584.0,29.0,False,29.0
2024-10-19 06:00:00,349615.0,31.0,False,31.0
2024-10-19 07:00:00,349645.0,30.0,False,30.0
2024-10-19 08:00:00,349674.0,29.0,False,29.0
2024-10-19 09:00:00,349705.0,31.0,False,31.0
2024-10-19 10:00:00,349741.0,36.0,False,36.0
2024-10-19 11:00:00,349782.0,41.0,False,41.0
2024-10-19 12:00:00,349822.0,40.0,False,40.0
2024-10-19 13:00:00,349854.0,32.0,False,32.0
2024-10-19 14:00:00,349890.0,36.0,False,36.0
2024-10-19 15:00:00,349929.0,39.0,False,39.0
2024-10-19 16:00:00,349972.0,43.0,False,43.0
2024-10-19 17:00:00,350012.0,40.0,False,40.0
2024-10-19 18:00:00,350057.0,45.0,False,45.0
2024-10-19 19:00:00,350099.0,42.0,False,42.0
2024-10-19 20:00:00,350139.0,40.0,False,40.0
2024-10-19 21:00:00,350181.0,42.0,False,42.0
2024-10-19 22:00:00,350218.0,37.0,False,37.0
2024-10-19 23:00:00,350255.0,37.0,False,37.0
2024-10-20 00:00:00,350293.0,38.0,False,38.0
2024-10-20 01:00:00,350327.0,34.0,False,34.0
2024-10-20 02:00:00,350356.0,29.0,False,29.0
2024-10-20 03:00:00,350384.0,28.0,False,28.0
2024-10-20 04:00:00,350413.0,29.0,False,29.0
2024-10-20 05:00:00,350439.0,26.0,False,26.0
2024-10-20 06:00:00,350472.0,33.0,False,33.0
2024-10-20 07:00:00,350501.0,29.0,False,29.0
2024-10-20 08:00:00,350528.0,27.0,False,27.0
2024-10-20 09:00:00,350558.0,30.0,False,30.0
2024-10-20 10:00:00,350593.0,35.0,False,35.0
2024-10-20 11:00:00,350634.0,41.0,False,41.0
2024-10-20 12:00:00,350678.0,44.0,False,44.0
2024-10-20 13:00:00,350714.0,36.0,False,36.0
2024-10-20 14:00:00,350752.0,38.0,False,38.0
2024-10-20 15:00:00,350791.0,39.0,False,39.0
2024-10-20 16:00:00,350833.0,42.0,False,42.0
2024-10-20 17:00:00,350878.0,45.0,False,45.0
2024-10-20 18:00:00,350922.0,44.0,False,44.0
2024-10-20 19:00:00,350964.0,42.0,False,42.0
2024-10-20 20:00:00,351005.0,41.0,False,41.0
2024-10-20 21:00:00,351050.0,45.0,False,45.0
2024-10-20 22:00:00,351093.0,43.0,False,43.0
2024-10-20 23:00:00,351133.0,40.0,False,40.0
2024-10-21 00:00:00,351172.0,39.0,False,39.0
2024-10-21 01:00:00,351205.0,33.0,False,33.0
2024-10-21 02:00:00,351234.0,29.0,False,29.0
2024-10-21 03:00:00,351260.0,26.0,False,26.0
2024-10-21 04:00:00,351288.0,28.0,False,28.0
2024-10-21 05:00:00,351316.0,28.0,False,28.0
2024-10-21 06:00:00,351343.0,27.0,False,27.0
2024-10-21 07:00:00,351372.0,29.0,False,29.0
2024-10-21 08:00:00,351402.0,30.0,False,30.0
2024-10-21 09:00:00,351437.0,35.0,False,35.0
2024-10-21 10:00:00,351479.0,42.0,False,42.0
2024-10-21 11:00:00,351525.0,46.0,False,46.0
2024-10-21 12:00:00,351580.0,55.0,False,55.0
2024-10-21 13:00:00,351637.0,57.0,False,57.0
2024-10-21 14:00:00,351690.0,53.0,False,53.0
2024-10-21 15:00:00,351750.0,60.0,False,60.0
2024-10-21 16:00:00,351822.0,72.0,True,58.0
2024-10-21 17:00:00,351896.0,74.0,True,56.4
2024-10-21 18:00:00,351967.0,71.0,True,57.14
2024-10-21 19:00:00,352033.0,66.0,True,52.0
2024-10-21 20:00:00,352098.0,65.0,True,51.43
2024-10-21 21:00:00,352162.0,64.0,False,64.0
2024-10-21 22:00:00,352219.0,57.0,False,57.0
2024-10-21 23:00:00,352270.0,51.0,False,51.0
2024-10-22 00:00:00,352317.0,47.0,False,47.0
2024-10-22 01:00:00,352360.0,43.0,False,43.0
2024-10-22 02:00:00,352399.0,39.0,False,39.0
2024-10-22 03:00:00,352437.0,38.0,False,38.0
2024-10-22 04:00:00,352474.0,37.0,False,37.0
2024-10-22 05:00:00,352510.0,36.0,False,36.0
2024-10-22 06:00:00,352545.0,35.0,False,35.0
2024-10-22 07:00:00,352586.0,41.0,False,41.0
2024-10-22 08:00:00,352627.0,41.0,False,41.0
2024-10-22 09:00:00,352674.0,47.0,False,47.0
2024-10-22 10:00:00,352731.0,57.0,False,57.0
2024-10-22 11:00:00,352785.0,54.0,False,54.0
2024-10-22 12:00:00,352845.0,60.0,False,60.0
2024-10-22 13:00:00,352901.0,56.0,False,56.0
2024-10-22 14:00:00,352955.0,54.0,False,54.0
2024-10-22 15:00:00,353015.0,60.0,False,60.0
2024-10-22 16:00:00,353073.0,58.0,False,58.0
2024-10-22 17:00:00,353135.0,62.0,False,62.0
2024-10-22 18:00:00,353191.0,56.0,False,56.0
2024-10-22 19:00:00,353241.0,50.0,False,50.0
2024-10-22 20:00:00,353288.0,47.0,False,47.0
2024-10-22 21:00:00,353332.0,44.0,False,44.0
2024-10-22 22:00:00,353376.0,44.0,False,44.0
2024-10-22 23:00:00,353417.0,41.0,False,41.0
2024-10-23 00:00:00,353449.0,32.0,False,32.0
2024-10-23 01:00:00,353480.0,31.0,False,31.0
2024-10-23 02:00:00,353515.0,35.0,False,35.0
2024-10-23 03:00:00,353543.0,28.0,False,28.0
2024-10-23 04:00:00,353568.0,25.0,False,25.0
2024-10-23 05:00:00,353593.0,25.0,False,25.0
2024-10-23 06:00:00,353619.0,26.0,False,26.0
2024-10-23 07:00:00,353647.0,28.0,False,28.0
2024-10-23 08:00:00,353679.0,32.0,False,32.0
2024-10-23 09:00:00,353718.0,39.0,False,39.0
2024-10-23 10:00:00,353767.0,49.0,False,49.0
2024-10-23 11:00:00,353821.0,54.0,False,54.0
2024-10-23 12:00:00,353887.0,66.0,True,51.86
2024-10-23 13:00:00,353941.0,54.0,False,54.0
2024-10-23 14:00:00,353979.0,38.0,False,38.0
2024-10-23 15:00:00,354025.0,46.0,False,46.0
2024-10-23 16:00:00,354074.0,49.0,False,49.0
2024-10-23 17:00:00,354120.0,46.0,False,46.0
2024-10-23 18:00:00,354170.0,50.0,False,50.0
2024-10-23 19:00:00,354210.0,40.0,False,40.0
2024-10-23 20:00:00,354255.0,45.0,False,45.0
2024-10-23 21:00:00,354298.0,43.0,False,43.0
2024-10-23 22:00:00,354340.0,42.0,False,42.0
2024-10-23 23:00:00,354382.0,42.0,False,42.0
2024-10-24 00:00:00,354416.0,34.0,False,34.0
2024-10-24 01:00:00,354445.0,29.0,False,29.0
2024-10-24 02:00:00,354473.0,28.0,False,28.0
2024-10-24 03:00:00,354498.0,25.0,False,25.0
2024-10-24 04:00:00,354523.0,25.0,False,25.0
2024-10-24 05:00:00,354551.0,28.0,False,28.0
2024-10-24 06:00:00,354573.0,22.0,False,22.0
2024-10-24 07:00:00,354599.0,26.0,False,26.0
2024-10-24 08:00:00,354624.0,25.0,False,25.0
2024-10-24 09:00:00,354656.0,32.0,False,32.0
2024-10-24 10:00:00,354696.0,40.0,False,40.0
2024-10-24 11:00:00,354740.0,44.0,False,44.0
2024-10-24 12:00:00,354782.0,42.0,False,42.0
2024-10-24 13:00:00,354824.0,42.0,False,42.0
2024-10-24 14:00:00,354865.0,41.0,False,41.0
2024-10-24 15:00:00,354912.0,47.0,False,47.0
2024-10-24 16:00:00,354965.0,53.0,False,53.0
2024-10-24 17:00:00,355016.0,51.0,False,51.0
2024-10-24 18:00:00,355062.0,46.0,False,46.0
2024-10-24 19:00:00,355102.0,40.0,False,40.0
2024-10-24 20:00:00,355142.0,40.0,False,40.0
2024-10-24 21:00:00,355181.0,39.0,False,39.0
2024-10-24 22:00:00,355216.0,35.0,False,35.0
2024-10-24 23:00:00,355251.0,35.0,False,35.0
2024-10-25 00:00:00,355286.0,35.0,False,35.0
2024-10-25 01:00:00,355317.0,31.0,False,31.0
2024-10-25 02:00:00,355347.0,30.0,False,30.0
2024-10-25 03:00:00,355379.0,32.0,False,32.0
2024-10-25 04:00:00,355409.0,30.0,False,30.0
2024-10-25 05:00:00,355438.0,29.0,False,29.0
2024-10-25 06:00:00,355468.0,30.0,False,30.0
2024-10-25 07:00:00,355499.0,31.0,False,31.0
2024-10-25 08:00:00,355530.0,31.0,False,31.0
2024-10-25 09:00:00,355570.0,40.0,False,40.0
2024-10-25 10:00:00,355632.0,62.0,False,62.0
2024-10-25 11:00:00,355693.0,61.0,False,61.0
2024-10-25 12:00:00,355763.0,70.0,True,48.0
2024-10-25 13:00:00,355825.0,62.0,False,62.0
2024-10-25 14:00:00,355884.0,59.0,False,59.0
2024-10-25 15:00:00,355948.0,64.0,False,64.0
2024-10-25 16:00:00,356017.0,69.0,True,51.0
2024-10-25 17:00:00,356089.0,72.0,True,50.67
2024-10-25 18:00:00,356160.0,71.0,True,50.17
2024-10-25 19:00:00,356218.0,58.0,False,58.0
2024-10-25 20:00:00,356275.0,57.0,False,57.0
2024-10-25 21:00:00,356324.0,49.0,False,49.0
2024-10-25 22:00:00,356370.0,46.0,False,46.0
2024-10-25 23:00:00,356409.0,39.0,False,39.0
2024-10-26 00:00:00,356445.0,36.0,False,36.0
2024-10-26 01:00:00,356481.0,36.0,False,36.0
2024-10-26 02:00:00,356519.0,38.0,False,38.0
2024-10-26 03:00:00,356555.0,36.0,False,36.0
2024-10-26 04:00:00,356589.0,34.0,False,34.0
2024-10-26 05:00:00,356622.0,33.0,False,33.0
2024-10-26 06:00:00,356656.0,34.0,False,34.0
2024-10-26 07:00:00,356689.0,33.0,False,33.0
2024-10-26 08:00:00,356725.0,36.0,False,36.0
2024-10-26 09:00:00,356765.0,40.0,False,40.0
2024-10-26 10:00:00,356801.0,36.0,False,36.0
2024-10-26 11:00:00,356842.0,41.0,False,41.0
2024-10-26 12:00:00,356884.0,42.0,False,42.0
2024-10-26 13:00:00,356921.0,37.0,False,37.0
2024-10-26 14:00:00,356964.0,43.0,False,43.0
2024-10-26 15:00:00,357008.0,44.0,False,44.0
2024-10-26 16:00:00,357053.0,45.0,False,45.0
2024-10-26 17:00:00,357095.0,42.0,False,42.0
2024-10-26 18:00:00,357137.0,42.0,False,42.0
2024-10-26 19:00:00,357181.0,44.0,False,44.0
2024-10-26 20:00:00,357224.0,43.0,False,43.0
2024-10-26 21:00:00,357266.0,42.0,False,42.0
2024-10-26 22:00:00,357308.0,42.0,False,42.0
2024-10-26 23:00:00,357348.0,40.0,False,40.0
2024-10-27 00:00:00,357386.0,38.0,False,38.0
2024-10-27 01:00:00,357416.0,30.0,False,30.0
2024-10-27 02:00:00,357446.0,30.0,False,30.0
2024-10-27 03:00:00,357478.0,32.0,False,32.0
2024-10-27 04:00:00,357506.0,28.0,False,28.0
2024-10-27 05:00:00,357536.0,30.0,False,30.0
2024-10-27 06:00:00,357563.0,27.0,False,27.0
2024-10-27 07:00:00,357591.0,28.0,False,28.0
2024-10-27 08:00:00,357618.0,27.0,False,27.0
2024-10-27 09:00:00,357648.0,30.0,False,30.0
2024-10-27 10:00:00,357680.0,32.0,False,32.0
2024-10-27 11:00:00,357715.0,35.0,False,35.0
2024-10-27 12:00:00,357752.0,37.0,False,37.0
2024-10-27 13:00:00,357784.0,32.0,False,32.0
2024-10-27 14:00:00,357823.0,39.0,False,39.0
2024-10-27 15:00:00,357870.0,47.0,False,47.0
2024-10-27 16:00:00,357920.0,50.0,False,50.0
2024-10-27 17:00:00,357965.0,45.0,False,45.0
2024-10-27 18:00:00,358011.0,46.0,False,46.0
2024-10-27 19:00:00,358054.0,43.0,False,43.0
2024-10-27 20:00:00,358099.0,45.0,False,45.0
2024-10-27 21:00:00,358147.0,48.0,False,48.0
2024-10-27 22:00:00,358189.0,42.0,False,42.0
2024-10-27 23:00:00,358231.0,42.0,False,42.0
2024-10-28 00:00:00,358268.0,37.0,False,37.0
2024-10-28 01:00:00,358307.0,39.0,False,39.0
2024-10-28 02:00:00,358344.0,37.0,False,37.0
2024-10-28 03:00:00,358381.0,37.0,False,37.0
2024-10-28 04:00:00,358419.0,38.0,False,38.0
2024-10-28 05:00:00,358449.0,30.0,False,30.0
2024-10-28 06:00:00,358480.0,31.0,False,31.0
2024-10-28 07:00:00,358509.0,29.0,False,29.0
2024-10-28 08:00:00,358541.0,32.0,False,32.0
2024-10-28 09:00:00,358580.0,39.0,False,39.0
2024-10-28 10:00:00,358629.0,49.0,False,49.0
2024-10-28 11:00:00,358688.0,59.0,False,59.0
2024-10-28 12:00:00,358739.0,51.0,False,51.0
2024-10-28 13:00:00,358780.0,41.0,False,41.0
2024-10-28 14:00:00,358824.0,44.0,False,44.0
2024-10-28 15:00:00,358875.0,51.0,False,51.0
2024-10-28 16:00:00,358930.0,55.0,False,55.0
2024-10-28 17:00:00,358993.0,63.0,False,63.0
2024-10-28 18:00:00,359053.0,60.0,False,60.0
2024-10-28 19:00:00,359105.0,52.0,False,52.0
2024-10-28 20:00:00,359159.0,54.0,False,54.0
2024-10-28 21:00:00,359214.0,55.0,False,55.0
2024-10-28 22:00:00,359266.0,52.0,False,52.0
2024-10-28 23:00:00,359318.0,52.0,False,52.0
2024-10-29 00:00:00,359363.0,45.0,False,45.0
2024-10-29 01:00:00,359407.0,44.0,False,44.0
2024-10-29 02:00:00,359445.0,38.0,False,38.0
2024-10-29 03:00:00,359484.0,39.0,False,39.0
2024-10-29 04:00:00,359525.0,41.0,False,41.0
2024-10-29 05:00:00,359563.0,38.0,False,38.0
2024-10-29 06:00:00,359600.0,37.0,False,37.0
2024-10-29 07:00:00,359633.0,33.0,False,33.0
2024-10-29 08:00:00,359671.0,38.0,False,38.0
2024-10-29 09:00:00,359715.0,44.0,False,44.0
2024-10-29 10:00:00,359783.0,68.0,False,68.0
2024-10-29 11:00:00,359850.0,67.0,False,67.0
2024-10-29 12:00:00,359918.0,68.0,False,68.0
2024-10-29 13:00:00,359987.0,69.0,False,69.0
2024-10-29 14:00:00,360052.0,65.0,False,65.0
2024-10-29 15:00:00,360121.0,69.0,False,69.0
2024-10-29 16:00:00,360187.0,66.0,False,66.0
2024-10-29 17:00:00,360249.0,62.0,False,62.0
2024-10-29 18:00:00,360303.0,54.0,False,54.0
2024-10-29 19:00:00,,,False,46.71
2024-10-29 20:00:00,360397.0,,False,47.29
2024-10-29 21:00:00,360445.0,48.0,False,48.0
2024-10-29 22:00:00,360495.0,50.0,False,50.0
2024-10-29 23:00:00,360535.0,40.0,False,40.0
2024-10-30 00:00:00,360570.0,35.0,False,35.0
2024-10-30 01:00:00,360606.0,36.0,False,36.0
2024-10-30 02:00:00,360637.0,31.0,False,31.0
2024-10-30 03:00:00,360667.0,30.0,False,30.0
2024-10-30 04:00:00,360699.0,32.0,False,32.0
2024-10-30 05:00:00,360731.0,32.0,False,32.0
2024-10-30 06:00:00,360762.0,31.0,False,31.0
2024-10-30 07:00:00,360794.0,32.0,False,32.0
2024-10-30 08:00:00,360824.0,30.0,False,30.0
2024-10-30 09:00:00,360864.0,40.0,False,40.0
2024-10-30 10:00:00,360926.0,62.0,False,62.0
2024-10-30 11:00:00,360997.0,71.0,False,71.0
2024-10-30 12:00:00,361062.0,65.0,False,65.0
2024-10-30 13:00:00,361119.0,57.0,False,57.0
2024-10-30 14:00:00,361178.0,59.0,False,59.0
2024-10-30 15:00:00,361240.0,62.0,False,62.0
2024-10-30 16:00:00,361312.0,72.0,False,72.0
2024-10-30 17:00:00,361379.0,67.0,False,67.0
2024-10-30 18:00:00,361444.0,65.0,False,65.0
2024-10-30 19:00:00,361494.0,50.0,False,50.0
2024-10-30 20:00:00,361541.0,47.0,False,47.0
2024-10-30 21:00:00,361589.0,48.0,False,48.0
2024-10-30 22:00:00,361629.0,40.0,False,40.0
2024-10-30 23:00:00,361671.0,42.0,False,42.0
2024-10-31 00:00:00,361704.0,33.0,False,33.0
2024-10-31 01:00:00,361736.0,32.0,False,32.0
2024-10-31 02:00:00,361768.0,32.0,False,32.0
2024-10-31 03:00:00,361794.0,26.0,False,26.0
2024-10-31 04:00:00,361824.0,30.0,False,30.0
2024-10-31 05:00:00,361860.0,36.0,False,36.0
2024-10-31 06:00:00,361890.0,30.0,False,30.0
2024-10-31 07:00:00,361919.0,29.0,False,29.0
2024-10-31 08:00:00,361949.0,30.0,False,30.0
2024-10-31 09:00:00,361986.0,37.0,False,37.0
2024-10-31 10:00:00,362044.0,58.0,False,58.0
2024-10-31 11:00:00,362137.0,93.0,False,93.0
2024-10-31 12:00:00,362216.0,79.0,False,79.0
2024-10-31 13:00:00,362292.0,76.0,False,76.0
2024-10-31 14:00:00,362363.0,71.0,False,71.0
2024-10-31 15:00:00,362436.0,73.0,False,73.0
2024-10-31 16:00:00,362525.0,89.0,False,89.0
2024-10-31 17:00:00,362609.0,84.0,False,84.0
2024-10-31 18:00:00,362683.0,74.0,False,74.0
2024-10-31 19:00:00,362742.0,59.0,False,59.0
2024-10-31 20:00:00,362791.0,49.0,False,49.0
2024-10-31 21:00:00,362841.0,50.0,False,50.0
2024-10-31 22:00:00,362887.0,46.0,False,46.0
2024-10-31 23:00:00,362935.0,48.0,False,48.0
2024-11-01 00:00:00,362981.0,46.0,False,46.0
2024-11-01 01:00:00,363018.0,37.0,False,37.0
2024-11-01 02:00:00,363056.0,38.0,False,38.0
2024-11-01 03:00:00,363089.0,33.0,False,33.0
2024-11-01 04:00:00,363124.0,35.0,False,35.0
2024-11-01 05:00:00,363160.0,36.0,False,36.0
2024-11-01 06:00:00,363198.0,38.0,False,38.0
2024-11-01 07:00:00,363233.0,35.0,False,35.0
2024-11-01 08:00:00,363270.0,37.0,False,37.0
2024-11-01 09:00:00,363311.0,41.0,False,41.0
2024-11-01 10:00:00,363371.0,60.0,False,60.0
2024-11-01 11:00:00,363445.0,74.0,False,74.0
2024-11-01 12:00:00,,,False,57.0
2024-11-01 13:00:00,363580.0,,False,53.43
2024-11-01 14:00:00,,,False,54.29
2024-11-01 15:00:00,,,False,58.57
2024-11-01 16:00:00,,,False,62.83
2024-11-01 17:00:00,,,False,60.5
2024-11-01 18:00:00,,,False,56.83
2024-11-01 19:00:00,363968.0,,False,51.0
2024-11-01 20:00:00,364014.0,46.0,False,46.0
2024-11-01 21:00:00,,,False,48.57
2024-11-01 22:00:00,,,False,45.43
2024-11-01 23:00:00,,,False,43.29
2024-11-02 00:00:00,,,False,38.57
2024-11-02 01:00:00,364231.0,,False,36.29
2024-11-02 02:00:00,,,False,34.86
2024-11-02 03:00:00,,,False,33.29
2024-11-02 04:00:00,,,False,34.0
2024-11-02 05:00:00,,,False,33.57
2024-11-02 06:00:00,,,False,32.57
2024-11-02 07:00:00,,,False,31.29
2024-11-02 08:00:00,,,False,32.86
2024-11-02 09:00:00,364505.0,,False,38.71
2024-11-02 10:00:00,,,False,52.14
2024-11-02 11:00:00,,,False,62.86
2024-11-02 12:00:00,364649.0,,False,57.0
2024-11-02 13:00:00,364691.0,42.0,False,42.0
2024-11-02 14:00:00,364730.0,39.0,False,39.0
2024-11-02 15:00:00,364778.0,48.0,False,48.0
2024-11-02 16:00:00,,,False,62.83
2024-11-02 17:00:00,364870.0,,False,60.5
2024-11-02 18:00:00,364922.0,52.0,False,52.0
2024-11-02 19:00:00,364968.0,46.0,False,46.0
2024-11-02 20:00:00,365009.0,41.0,False,41.0
2024-11-02 21:00:00,365051.0,42.0,False,42.0
2024-11-02 22:00:00,365091.0,40.0,False,40.0
2024-11-02 23:00:00,365130.0,39.0,False,39.0
2024-11-03 00:00:00,365166.0,36.0,False,36.0
2024-11-03 01:00:00,365196.0,30.0,False,30.0
2024-11-03 02:00:00,365223.0,27.0,False,27.0
2024-11-03 03:00:00,365250.0,27.0,False,27.0
2024-11-03 04:00:00,365274.0,24.0,False,24.0
2024-11-03 05:00:00,365301.0,27.0,False,27.0
2024-11-03 06:00:00,365326.0,25.0,False,25.0
2024-11-03 07:00:00,365354.0,28.0,False,28.0
2024-11-03 08:00:00,365380.0,26.0,False,26.0
2024-11-03 09:00:00,365410.0,30.0,False,30.0
2024-11-03 10:00:00,365441.0,31.0,False,31.0
2024-11-03 11:00:00,365479.0,38.0,False,38.0
2024-11-03 12:00:00,365512.0,33.0,False,33.0
2024-11-03 13:00:00,365548.0,36.0,False,36.0
2024-11-03 14:00:00,365584.0,36.0,False,36.0
2024-11-03 15:00:00,365625.0,41.0,False,41.0
2024-11-03 16:00:00,365665.0,40.0,False,40.0
2024-11-03 17:00:00,365705.0,40.0,False,40.0
2024-11-03 18:00:00,365744.0,39.0,False,39.0
2024-11-03 19:00:00,365785.0,41.0,False,41.0
2024-11-03 20:00:00,365827.0,42.0,False,42.0
2024-11-03 21:00:00,365866.0,39.0,False,39.0
2024-11-03 22:00:00,365908.0,42.0,False,42.0
2024-11-03 23:00:00,365944.0,36.0,False,36.0
2024-11-04 00:00:00,365975.0,31.0,False,31.0
2024-11-04 01:00:00,366009.0,34.0,False,34.0
2024-11-04 02:00:00,366037.0,28.0,False,28.0
2024-11-04 03:00:00,366066.0,29.0,False,29.0
2024-11-04 04:00:00,366095.0,29.0,False,29.0
2024-11-04 05:00:00,366123.0,28.0,False,28.0
2024-11-04 06:00:00,366148.0,25.0,False,25.0
2024-11-04 07:00:00,366180.0,32.0,False,32.0
2024-11-04 08:00:00,366211.0,31.0,False,31.0
2024-11-04 09:00:00,366248.0,37.0,False,37.0
2024-11-04 10:00:00,366294.0,46.0,False,46.0
2024-11-04 11:00:00,366379.0,85.0,False,85.0
2024-11-04 12:00:00,366510.0,131.0,False,131.0
2024-11-04 13:00:00,366590.0,80.0,False,80.0
2024-11-04 14:00:00,,,False,52.33
2024-11-04 15:00:00,366702.0,,False,57.33
2024-11-04 16:00:00,,,False,64.4
2024-11-04 17:00:00,366933.0,,False,63.2
2024-11-04 18:00:00,366987.0,54.0,False,54.0
2024-11-04 19:00:00,,,False,49.6
2024-11-04 20:00:00,367077.0,,False,46.5
2024-11-04 21:00:00,367118.0,41.0,False,41.0
2024-11-04 22:00:00,367156.0,38.0,False,38.0
2024-11-04 23:00:00,367197.0,41.0,False,41.0
2024-11-05 00:00:00,367232.0,35.0,False,35.0
2024-11-05 01:00:00,367261.0,29.0,False,29.0
2024-11-05 02:00:00,367293.0,32.0,False,32.0
2024-11-05 03:00:00,,,False,30.67
2024-11-05 04:00:00,367340.0,,False,31.83
2024-11-05 05:00:00,367362.0,22.0,False,22.0
2024-11-05 06:00:00,367385.0,23.0,False,23.0
2024-11-05 07:00:00,367411.0,26.0,False,26.0
2024-11-05 08:00:00,367438.0,27.0,False,27.0
2024-11-05 09:00:00,367472.0,34.0,False,34.0
2024-11-05 10:00:00,367531.0,59.0,False,59.0
2024-11-05 11:00:00,367597.0,66.0,False,66.0
2024-11-05 12:00:00,367660.0,63.0,False,63.0
2024-11-05 13:00:00,367722.0,62.0,False,62.0
2024-11-05 14:00:00,367782.0,60.0,False,60.0
2024-11-05 15:00:00,367842.0,60.0,False,60.0
2024-11-05 16:00:00,367915.0,73.0,False,73.0
2024-11-05 17:00:00,367978.0,63.0,False,63.0
2024-11-05 18:00:00,368037.0,59.0,False,59.0
2024-11-05 19:00:00,368087.0,50.0,False,50.0
2024-11-05 20:00:00,368134.0,47.0,False,47.0
2024-11-05 21:00:00,368182.0,48.0,False,48.0
2024-11-05 22:00:00,368229.0,47.0,False,47.0
2024-11-05 23:00:00,368274.0,45.0,False,45.0
2024-11-06 00:00:00,368309.0,35.0,False,35.0
2024-11-06 01:00:00,368342.0,33.0,False,33.0
2024-11-06 02:00:00,,,False,31.33
2024-11-06 03:00:00,,,False,29.0
2024-11-06 04:00:00,368430.0,,False,30.0
2024-11-06 05:00:00,368452.0,22.0,False,22.0
2024-11-06 06:00:00,368476.0,24.0,False,24.0
2024-11-06 07:00:00,368498.0,22.0,False,22.0
2024-11-06 08:00:00,368525.0,27.0,False,27.0
2024-11-06 09:00:00,368559.0,34.0,False,34.0
2024-11-06 10:00:00,368616.0,57.0,False,57.0
2024-11-06 11:00:00,368683.0,67.0,False,67.0
2024-11-06 12:00:00,368741.0,58.0,False,58.0
2024-11-06 13:00:00,368783.0,42.0,False,42.0
2024-11-06 14:00:00,368827.0,44.0,False,44.0
2024-11-06 15:00:00,368872.0,45.0,False,45.0
2024-11-06 16:00:00,,,False,68.5
2024-11-06 17:00:00,368987.0,,False,63.5
2024-11-06 18:00:00,369050.0,63.0,False,63.0
2024-11-06 19:00:00,369097.0,47.0,False,47.0
2024-11-06 20:00:00,369146.0,49.0,False,49.0
2024-11-06 21:00:00,369204.0,58.0,False,58.0
2024-11-06 22:00:00,369252.0,48.0,False,48.0
2024-11-06 23:00:00,369294.0,42.0,False,42.0
2024-11-07 00:00:00,369331.0,37.0,False,37.0
2024-11-07 01:00:00,369362.0,31.0,False,31.0
2024-11-07 02:00:00,369390.0,28.0,False,28.0
2024-11-07 03:00:00,369420.0,30.0,False,30.0
2024-11-07 04:00:00,369448.0,28.0,False,28.0
2024-11-07 05:00:00,369478.0,30.0,False,30.0
2024-11-07 06:00:00,369508.0,30.0,False,30.0
2024-11-07 07:00:00,369537.0,29.0,False,29.0
2024-11-07 08:00:00,369571.0,34.0,False,34.0
2024-11-07 09:00:00,369614.0,43.0,False,43.0
2024-11-07 10:00:00,369665.0,51.0,False,51.0
2024-11-07 11:00:00,369723.0,58.0,False,58.0
2024-11-07 12:00:00,369768.0,45.0,False,45.0
2024-11-07 13:00:00,369808.0,40.0,False,40.0
2024-11-07 14:00:00,369845.0,37.0,False,37.0
2024-11-07 15:00:00,369889.0,44.0,False,44.0
2024-11-07 16:00:00,369939.0,50.0,False,50.0
2024-11-07 17:00:00,369987.0,48.0,False,48.0
2024-11-07 18:00:00,370036.0,49.0,False,49.0
2024-11-07 19:00:00,370077.0,41.0,False,41.0
2024-11-07 20:00:00,370118.0,41.0,False,41.0
2024-11-07 21:00:00,370158.0,40.0,False,40.0
2024-11-07 22:00:00,370198.0,40.0,False,40.0
2024-11-07 23:00:00,370238.0,40.0,False,40.0
2024-11-08 00:00:00,370269.0,31.0,False,31.0
2024-11-08 01:00:00,370300.0,31.0,False,31.0
2024-11-08 02:00:00,370327.0,27.0,False,27.0
2024-11-08 03:00:00,370356.0,29.0,False,29.0
2024-11-08 04:00:00,370384.0,28.0,False,28.0
2024-11-08 05:00:00,370408.0,24.0,False,24.0
2024-11-08 06:00:00,370432.0,24.0,False,24.0
2024-11-08 07:00:00,370455.0,23.0,False,23.0
2024-11-08 08:00:00,370483.0,28.0,False,28.0
2024-11-08 09:00:00,370516.0,33.0,False,33.0
2024-11-08 10:00:00,370627.0,111.0,False,111.0
2024-11-08 11:00:00,370760.0,133.0,False,133.0
2024-11-08 12:00:00,370897.0,137.0,False,137.0
2024-11-08 13:00:00,370962.0,65.0,False,65.0
2024-11-08 14:00:00,371023.0,61.0,False,61.0
2024-11-08 15:00:00,371087.0,64.0,False,64.0
2024-11-08 16:00:00,371178.0,91.0,False,91.0
2024-11-08 17:00:00,371235.0,57.0,False,57.0
2024-11-08 18:00:00,371285.0,50.0,False,50.0
2024-11-08 19:00:00,371327.0,42.0,False,42.0
2024-11-08 20:00:00,371368.0,41.0,False,41.0
2024-11-08 21:00:00,371409.0,41.0,False,41.0
2024-11-08 22:00:00,371454.0,45.0,False,45.0
2024-11-08 23:00:00,371488.0,34.0,False,34.0
2024-11-09 00:00:00,371519.0,31.0,False,31.0
2024-11-09 01:00:00,371544.0,25.0,False,25.0
2024-11-09 02:00:00,371569.0,25.0,False,25.0
2024-11-09 03:00:00,371593.0,24.0,False,24.0
2024-11-09 04:00:00,371615.0,22.0,False,22.0
2024-11-09 05:00:00,371642.0,27.0,False,27.0
2024-11-09 06:00:00,371667.0,25.0,False,25.0
2024-11-09 07:00:00,371692.0,25.0,False,25.0
2024-11-09 08:00:00,371718.0,26.0,False,26.0
2024-11-09 09:00:00,371748.0,30.0,False,30.0
2024-11-09 10:00:00,371784.0,36.0,False,36.0
2024-11-09 11:00:00,371820.0,36.0,False,36.0
2024-11-09 12:00:00,371852.0,32.0,False,32.0
2024-11-09 13:00:00,371884.0,32.0,False,32.0
2024-11-09 14:00:00,371916.0,32.0,False,32.0
2024-11-09 15:00:00,371951.0,35.0,False,35.0
2024-11-09 16:00:00,371985.0,34.0,False,34.0
2024-11-09 17:00:00,372021.0,36.0,False,36.0
2024-11-09 18:00:00,372060.0,39.0,False,39.0
2024-11-09 19:00:00,372096.0,36.0,False,36.0
2024-11-09 20:00:00,372136.0,40.0,False,40.0
2024-11-09 21:00:00,372172.0,36.0,False,36.0
2024-11-09 22:00:00,372206.0,34.0,False,34.0
2024-11-09 23:00:00,372245.0,39.0,False,39.0
2024-11-10 00:00:00,372277.0,32.0,False,32.0
2024-11-10 01:00:00,372307.0,30.0,False,30.0
2024-11-10 02:00:00,372334.0,27.0,False,27.0
2024-11-10 03:00:00,372361.0,27.0,False,27.0
2024-11-10 04:00:00,372388.0,27.0,False,27.0
2024-11-10 05:00:00,372411.0,23.0,False,23.0
2024-11-10 06:00:00,372433.0,22.0,False,22.0
2024-11-10 07:00:00,372457.0,24.0,False,24.0
2024-11-10 08:00:00,372479.0,22.0,False,22.0
2024-11-10 09:00:00,372503.0,24.0,False,24.0
2024-11-10 10:00:00,372532.0,29.0,False,29.0
2024-11-10 11:00:00,372569.0,37.0,False,37.0
2024-11-10 12:00:00,372605.0,36.0,False,36.0
2024-11-10 13:00:00,372642.0,37.0,False,37.0
2024-11-10 14:00:00,372678.0,36.0,False,36.0
2024-11-10 15:00:00,372716.0,38.0,False,38.0
2024-11-10 16:00:00,372757.0,41.0,False,41.0
2024-11-10 17:00:00,372802.0,45.0,False,45.0
2024-11-10 18:00:00,372848.0,46.0,False,46.0
2024-11-10 19:00:00,372893.0,45.0,False,45.0
2024-11-10 20:00:00,372937.0,44.0,False,44.0
2024-11-10 21:00:00,372980.0,43.0,False,43.0
2024-11-10 22:00:00,373023.0,43.0,False,43.0
2024-11-10 23:00:00,373064.0,41.0,False,41.0
2024-11-11 00:00:00,373099.0,35.0,False,35.0
2024-11-11 01:00:00,373125.0,26.0,False,26.0
2024-11-11 02:00:00,373148.0,23.0,False,23.0
2024-11-11 03:00:00,373170.0,22.0,False,22.0
2024-11-11 04:00:00,373191.0,21.0,False,21.0
2024-11-11 05:00:00,373216.0,25.0,False,25.0
2024-11-11 06:00:00,373240.0,24.0,False,24.0
2024-11-11 07:00:00,373264.0,24.0,False,24.0
2024-11-11 08:00:00,373290.0,26.0,False,26.0
2024-11-11 09:00:00,373326.0,36.0,False,36.0
2024-11-11 10:00:00,373383.0,57.0,False,57.0
2024-11-11 11:00:00,373449.0,66.0,False,66.0
2024-11-11 12:00:00,373513.0,64.0,False,64.0
2024-11-11 13:00:00,373563.0,50.0,False,50.0
2024-11-11 14:00:00,373609.0,46.0,False,46.0
2024-11-11 15:00:00,373662.0,53.0,False,53.0
2024-11-11 16:00:00,373717.0,55.0,False,55.0
2024-11-11 17:00:00,373775.0,58.0,False,58.0
2024-11-11 18:00:00,373832.0,57.0,False,57.0
2024-11-11 19:00:00,373879.0,47.0,False,47.0
2024-11-11 20:00:00,373925.0,46.0,False,46.0
2024-11-11 21:00:00,373968.0,43.0,False,43.0
2024-11-11 22:00:00,374013.0,45.0,False,45.0
2024-11-11 23:00:00,374057.0,44.0,False,44.0
2024-11-12 00:00:00,374094.0,37.0,False,37.0
2024-11-12 01:00:00,374132.0,38.0,False,38.0
2024-11-12 02:00:00,374166.0,34.0,False,34.0
2024-11-12 03:00:00,374195.0,29.0,False,29.0
2024-11-12 04:00:00,374225.0,30.0,False,30.0
2024-11-12 05:00:00,374254.0,29.0,False,29.0
2024-11-12 06:00:00,374281.0,27.0,False,27.0
2024-11-12 07:00:00,374311.0,30.0,False,30.0
2024-11-12 08:00:00,374343.0,32.0,False,32.0
2024-11-12 09:00:00,374379.0,36.0,False,36.0
2024-11-12 10:00:00,374475.0,96.0,True,57.14
2024-11-12 11:00:00,374560.0,85.0,True,66.14
2024-11-12 12:00:00,374625.0,65.0,False,65.0
2024-11-12 13:00:00,374688.0,63.0,False,63.0
2024-11-12 14:00:00,374753.0,65.0,False,65.0
2024-11-12 15:00:00,374818.0,65.0,False,65.0
2024-11-12 16:00:00,374892.0,74.0,True,57.33
2024-11-12 17:00:00,374961.0,69.0,False,69.0
2024-11-12 18:00:00,375019.0,58.0,False,58.0
2024-11-12 19:00:00,375072.0,53.0,False,53.0
2024-11-12 20:00:00,375129.0,57.0,False,57.0
2024-11-12 21:00:00,375178.0,49.0,False,49.0
2024-11-12 22:00:00,375229.0,51.0,False,51.0
2024-11-12 23:00:00,375276.0,47.0,False,47.0
2024-11-13 00:00:00,375320.0,44.0,False,44.0
2024-11-13 01:00:00,375357.0,37.0,False,37.0
2024-11-13 02:00:00,375394.0,37.0,False,37.0
2024-11-13 03:00:00,375427.0,33.0,False,33.0
2024-11-13 04:00:00,375460.0,33.0,False,33.0
2024-11-13 05:00:00,375490.0,30.0,False,30.0
2024-11-13 06:00:00,375524.0,34.0,False,34.0
2024-11-13 07:00:00,375555.0,31.0,False,31.0
2024-11-13 08:00:00,375591.0,36.0,False,36.0
2024-11-13 09:00:00,375633.0,42.0,False,42.0
2024-11-13 10:00:00,375694.0,61.0,False,61.0
2024-11-13 11:00:00,375777.0,83.0,True,66.17
2024-11-13 12:00:00,375848.0,71.0,False,71.0
2024-11-13 13:00:00,375899.0,51.0,False,51.0
2024-11-13 14:00:00,375951.0,52.0,False,52.0
2024-11-13 15:00:00,376005.0,54.0,False,54.0
2024-11-13 16:00:00,376067.0,62.0,False,62.0
2024-11-13 17:00:00,376132.0,65.0,False,65.0
2024-11-13 18:00:00,376196.0,64.0,False,64.0
2024-11-13 19:00:00,376255.0,59.0,False,59.0
2024-11-13 20:00:00,376323.0,68.0,False,68.0
2024-11-13 21:00:00,376385.0,62.0,False,62.0
2024-11-13 22:00:00,376439.0,54.0,False,54.0
2024-11-13 23:00:00,376489.0,50.0,False,50.0
2024-11-14 00:00:00,376532.0,43.0,False,43.0
2024-11-14 01:00:00,376574.0,42.0,False,42.0
2024-11-14 02:00:00,376616.0,42.0,False,42.0
2024-11-14 03:00:00,376660.0,44.0,False,44.0
2024-11-14 04:00:00,376696.0,36.0,False,36.0
2024-11-14 05:00:00,376734.0,38.0,False,38.0
2024-11-14 06:00:00,376772.0,38.0,False,38.0
2024-11-14 07:00:00,376810.0,38.0,False,38.0
2024-11-14 08:00:00,376852.0,42.0,False,42.0
2024-11-14 09:00:00,376894.0,42.0,False,42.0
2024-11-14 10:00:00,376992.0,98.0,True,57.5
2024-11-14 11:00:00,377117.0,125.0,True,66.0
2024-11-14 12:00:00,377240.0,123.0,True,64.29
2024-11-14 13:00:00,377316.0,76.0,True,48.29
2024-11-14 14:00:00,377370.0,54.0,False,54.0
2024-11-14 15:00:00,377432.0,62.0,False,62.0
2024-11-14 16:00:00,377498.0,66.0,False,66.0
2024-11-14 17:00:00,377560.0,62.0,False,62.0
2024-11-14 18:00:00,377619.0,59.0,False,59.0
2024-11-14 19:00:00,377669.0,50.0,False,50.0
2024-11-14 20:00:00,377715.0,46.0,False,46.0
2024-11-14 21:00:00,377763.0,48.0,False,48.0
2024-11-14 22:00:00,377808.0,45.0,False,45.0
2024-11-14 23:00:00,377846.0,38.0,False,38.0
2024-11-15 00:00:00,377883.0,37.0,False,37.0
2024-11-15 01:00:00,377915.0,32.0,False,32.0
2024-11-15 02:00:00,377948.0,33.0,False,33.0
2024-11-15 03:00:00,377983.0,35.0,False,35.0
2024-11-15 04:00:00,378013.0,30.0,False,30.0
2024-11-15 05:00:00,378041.0,28.0,False,28.0
2024-11-15 06:00:00,378069.0,28.0,False,28.0
2024-11-15 07:00:00,378099.0,30.0,False,30.0
2024-11-15 08:00:00,378129.0,30.0,False,30.0
2024-11-15 09:00:00,378173.0,44.0,False,44.0
2024-11-15 10:00:00,378232.0,59.0,False,59.0
2024-11-15 11:00:00,378287.0,55.0,False,55.0
2024-11-15 12:00:00,378338.0,51.0,False,51.0
2024-11-15 13:00:00,378384.0,46.0,False,46.0
2024-11-15 14:00:00,378437.0,53.0,False,53.0
2024-11-15 15:00:00,378496.0,59.0,False,59.0
2024-11-15 16:00:00,378621.0,125.0,True,58.17
2024-11-15 17:00:00,378742.0,121.0,True,56.0
2024-11-15 18:00:00,378806.0,64.0,False,64.0
2024-11-15 19:00:00,378863.0,57.0,False,57.0
2024-11-15 20:00:00,378912.0,49.0,False,49.0
2024-11-15 21:00:00,378964.0,52.0,False,52.0
2024-11-15 22:00:00,379011.0,47.0,False,47.0
2024-11-15 23:00:00,379048.0,37.0,False,37.0
2024-11-16 00:00:00,379082.0,34.0,False,34.0
2024-11-16 01:00:00,379112.0,30.0,False,30.0
2024-11-16 02:00:00,379143.0,31.0,False,31.0
2024-11-16 03:00:00,379175.0,32.0,False,32.0
2024-11-16 04:00:00,379206.0,31.0,False,31.0
2024-11-16 05:00:00,379233.0,27.0,False,27.0
2024-11-16 06:00:00,379262.0,29.0,False,29.0
2024-11-16 07:00:00,379288.0,26.0,False,26.0
2024-11-16 08:00:00,379319.0,31.0,False,31.0
2024-11-16 09:00:00,379352.0,33.0,False,33.0
2024-11-16 10:00:00,379390.0,38.0,False,38.0
2024-11-16 11:00:00,379426.0,36.0,False,36.0
2024-11-16 12:00:00,379465.0,39.0,False,39.0
2024-11-16 13:00:00,379499.0,34.0,False,34.0
2024-11-16 14:00:00,379540.0,41.0,False,41.0
2024-11-16 15:00:00,379582.0,42.0,False,42.0
2024-11-16 16:00:00,379627.0,45.0,False,45.0
2024-11-16 17:00:00,379669.0,42.0,False,42.0
2024-11-16 18:00:00,379710.0,41.0,False,41.0
2024-11-16 19:00:00,379752.0,42.0,False,42.0
2024-11-16 20:00:00,379792.0,40.0,False,40.0
2024-11-16 21:00:00,379834.0,42.0,False,42.0
2024-11-16 22:00:00,379881.0,47.0,False,47.0
2024-11-16 23:00:00,379922.0,41.0,False,41.0
2024-11-17 00:00:00,379958.0,36.0,False,36.0
2024-11-17 01:00:00,379991.0,33.0,False,33.0
2024-11-17 02:00:00,380025.0,34.0,False,34.0
2024-11-17 03:00:00,380055.0,30.0,False,30.0
2024-11-17 04:00:00,380090.0,35.0,False,35.0
2024-11-17 05:00:00,380120.0,30.0,False,30.0
2024-11-17 06:00:00,380151.0,31.0,False,31.0
2024-11-17 07:00:00,380179.0,28.0,False,28.0
2024-11-17 08:00:00,380211.0,32.0,False,32.0
2024-11-17 09:00:00,380240.0,29.0,False,29.0
2024-11-17 10:00:00,380281.0,41.0,False,41.0
2024-11-17 11:00:00,380319.0,38.0,False,38.0
2024-11-17 12:00:00,380357.0,38.0,False,38.0
2024-11-17 13:00:00,380390.0,33.0,False,33.0
2024-11-17 14:00:00,380430.0,40.0,False,40.0
2024-11-17 15:00:00,380469.0,39.0,False,39.0
2024-11-17 16:00:00,380517.0,48.0,False,48.0
2024-11-17 17:00:00,380561.0,44.0,False,44.0
2024-11-17 18:00:00,380603.0,42.0,False,42.0
2024-11-17 19:00:00,380644.0,41.0,False,41.0
2024-11-17 20:00:00,380688.0,44.0,False,44.0
2024-11-17 21:00:00,380728.0,40.0,False,40.0
2024-11-17 22:00:00,380769.0,41.0,False,41.0
2024-11-17 23:00:00,380812.0,43.0,False,43.0
2024-11-18 00:00:00,380847.0,35.0,False,35.0
2024-11-18 01:00:00,380880.0,33.0,False,33.0
2024-11-18 02:00:00,380911.0,31.0,False,31.0
2024-11-18 03:00:00,380939.0,28.0,False,28.0
2024-11-18 04:00:00,380969.0,30.0,False,30.0
2024-11-18 05:00:00,381000.0,31.0,False,31.0
2024-11-18 06:00:00,381028.0,28.0,False,28.0
2024-11-18 07:00:00,381056.0,28.0,False,28.0
2024-11-18 08:00:00,381084.0,28.0,False,28.0
2024-11-18 09:00:00,381126.0,42.0,False,42.0
2024-11-18 10:00:00,381172.0,46.0,False,46.0
2024-11-18 11:00:00,381228.0,56.0,False,56.0
2024-11-18 12:00:00,381283.0,55.0,False,55.0
2024-11-18 13:00:00,381343.0,60.0,False,60.0
2024-11-18 14:00:00,381400.0,57.0,False,57.0
2024-11-18 15:00:00,381458.0,58.0,False,58.0
2024-11-18 16:00:00,381524.0,66.0,False,66.0
2024-11-18 17:00:00,381595.0,71.0,False,71.0
2024-11-18 18:00:00,381664.0,69.0,False,69.0
2024-11-18 19:00:00,381733.0,69.0,False,69.0
2024-11-18 20:00:00,381800.0,67.0,False,67.0
2024-11-18 21:00:00,381865.0,65.0,False,65.0
2024-11-18 22:00:00,381924.0,59.0,False,59.0
2024-11-18 23:00:00,381981.0,57.0,False,57.0
2024-11-19 00:00:00,382028.0,47.0,False,47.0
2024-11-19 01:00:00,382069.0,41.0,False,41.0
2024-11-19 02:00:00,382110.0,41.0,False,41.0
2024-11-19 03:00:00,382153.0,43.0,False,43.0
2024-11-19 04:00:00,382189.0,36.0,False,36.0
2024-11-19 05:00:00,382231.0,42.0,False,42.0
2024-11-19 06:00:00,382270.0,39.0,False,39.0
2024-11-19 07:00:00,382308.0,38.0,False,38.0
2024-11-19 08:00:00,382345.0,37.0,False,37.0
2024-11-19 09:00:00,382389.0,44.0,False,44.0
2024-11-19 10:00:00,382450.0,61.0,False,61.0
2024-11-19 11:00:00,382519.0,69.0,False,69.0
2024-11-19 12:00:00,382582.0,63.0,False,63.0
2024-11-19 13:00:00,382643.0,61.0,False,61.0
2024-11-19 14:00:00,382699.0,56.0,False,56.0
2024-11-19 15:00:00,382765.0,66.0,False,66.0
2024-11-19 16:00:00,382836.0,71.0,False,71.0
2024-11-19 17:00:00,382910.0,74.0,False,74.0
2024-11-19 18:00:00,382983.0,73.0,False,73.0
2024-11-19 19:00:00,383048.0,65.0,False,65.0
2024-11-19 20:00:00,383110.0,62.0,False,62.0
2024-11-19 21:00:00,383171.0,61.0,False,61.0
2024-11-19 22:00:00,383238.0,67.0,False,67.0
2024-11-19 23:00:00,383303.0,65.0,False,65.0
2024-11-20 00:00:00,383353.0,50.0,False,50.0
2024-11-20 01:00:00,383399.0,46.0,False,46.0
2024-11-20 02:00:00,383441.0,42.0,False,42.0
2024-11-20 03:00:00,383483.0,42.0,False,42.0
2024-11-20 04:00:00,383526.0,43.0,False,43.0
2024-11-20 05:00:00,383568.0,42.0,False,42.0
2024-11-20 06:00:00,383608.0,40.0,False,40.0
2024-11-20 07:00:00,383647.0,39.0,False,39.0
2024-11-20 08:00:00,383686.0,39.0,False,39.0
2024-11-20 09:00:00,383735.0,49.0,False,49.0
2024-11-20 10:00:00,383792.0,57.0,False,57.0
2024-11-20 11:00:00,383864.0,72.0,False,72.0
2024-11-20 12:00:00,383926.0,62.0,False,62.0
2024-11-20 13:00:00,383988.0,62.0,False,62.0
2024-11-20 14:00:00,384049.0,61.0,False,61.0
2024-11-20 15:00:00,384112.0,63.0,False,63.0
2024-11-20 16:00:00,384186.0,74.0,False,74.0
2024-11-20 17:00:00,384262.0,76.0,False,76.0
2024-11-20 18:00:00,384330.0,68.0,False,68.0
2024-11-20 19:00:00,384383.0,53.0,False,53.0
2024-11-20 20:00:00,384438.0,55.0,False,55.0
2024-11-20 21:00:00,384491.0,53.0,False,53.0
2024-11-20 22:00:00,384542.0,51.0,False,51.0
2024-11-20 23:00:00,384597.0,55.0,False,55.0
2024-11-21 00:00:00,384645.0,48.0,False,48.0
2024-11-21 01:00:00,384684.0,39.0,False,39.0
2024-11-21 02:00:00,384721.0,37.0,False,37.0
2024-11-21 03:00:00,384758.0,37.0,False,37.0
2024-11-21 04:00:00,384794.0,36.0,False,36.0
2024-11-21 05:00:00,384831.0,37.0,False,37.0
2024-11-21 06:00:00,384869.0,38.0,False,38.0
2024-11-21 07:00:00,384904.0,35.0,False,35.0
2024-11-21 08:00:00,384939.0,35.0,False,35.0
2024-11-21 09:00:00,384982.0,43.0,False,43.0
2024-11-21 10:00:00,385052.0,70.0,False,70.0
2024-11-21 11:00:00,385133.0,81.0,True,54.33
2024-11-21 12:00:00,385203.0,70.0,False,70.0
2024-11-21 13:00:00,385270.0,67.0,False,67.0
2024-11-21 14:00:00,385336.0,66.0,False,66.0
2024-11-21 15:00:00,385405.0,69.0,False,69.0
2024-11-21 16:00:00,385479.0,74.0,False,74.0
2024-11-21 17:00:00,385558.0,79.0,False,79.0
2024-11-21 18:00:00,385632.0,74.0,False,74.0
2024-11-21 19:00:00,385686.0,54.0,False,54.0
2024-11-21 20:00:00,385741.0,55.0,False,55.0
2024-11-21 21:00:00,385793.0,52.0,False,52.0
2024-11-21 22:00:00,385843.0,50.0,False,50.0
2024-11-21 23:00:00,385888.0,45.0,False,45.0
2024-11-22 00:00:00,385932.0,44.0,False,44.0
2024-11-22 01:00:00,385966.0,34.0,False,34.0
2024-11-22 02:00:00,386000.0,34.0,False,34.0
2024-11-22 03:00:00,386032.0,32.0,False,32.0
2024-11-22 04:00:00,386064.0,32.0,False,32.0
2024-11-22 05:00:00,386092.0,28.0,False,28.0
2024-11-22 06:00:00,386124.0,32.0,False,32.0
2024-11-22 07:00:00,386153.0,29.0,False,29.0
2024-11-22 08:00:00,386180.0,27.0,False,27.0
2024-11-22 09:00:00,386217.0,37.0,False,37.0
2024-11-22 10:00:00,386269.0,52.0,False,52.0
2024-11-22 11:00:00,386318.0,49.0,False,49.0
2024-11-22 12:00:00,386370.0,52.0,False,52.0
2024-11-22 13:00:00,386421.0,51.0,False,51.0
2024-11-22 14:00:00,386471.0,50.0,False,50.0
2024-11-22 15:00:00,386516.0,45.0,False,45.0
2024-11-22 16:00:00,386581.0,65.0,False,65.0
2024-11-22 17:00:00,386646.0,65.0,False,65.0
2024-11-22 18:00:00,386714.0,68.0,False,68.0
2024-11-22 19:00:00,386780.0,66.0,False,66.0
2024-11-22 20:00:00,386848.0,68.0,False,68.0
2024-11-22 21:00:00,386902.0,54.0,False,54.0
2024-11-22 22:00:00,386960.0,58.0,False,58.0
2024-11-22 23:00:00,387013.0,53.0,False,53.0
2024-11-23 00:00:00,387062.0,49.0,False,49.0
2024-11-23 01:00:00,387107.0,45.0,False,45.0
2024-11-23 02:00:00,387153.0,46.0,False,46.0
2024-11-23 03:00:00,387195.0,42.0,False,42.0
2024-11-23 04:00:00,387238.0,43.0,False,43.0
2024-11-23 05:00:00,387284.0,46.0,False,46.0
2024-11-23 06:00:00,387326.0,42.0,False,42.0
2024-11-23 07:00:00,387367.0,41.0,False,41.0
2024-11-23 08:00:00,387410.0,43.0,False,43.0
2024-11-23 09:00:00,387460.0,50.0,False,50.0
2024-11-23 10:00:00,387520.0,60.0,False,60.0
2024-11-23 11:00:00,387576.0,56.0,False,56.0
2024-11-23 12:00:00,387625.0,49.0,False,49.0
2024-11-23 13:00:00,387674.0,49.0,False,49.0
2024-11-23 14:00:00,387728.0,54.0,False,54.0
2024-11-23 15:00:00,387779.0,51.0,False,51.0
2024-11-23 16:00:00,387836.0,57.0,False,57.0
2024-11-23 17:00:00,387900.0,64.0,False,64.0
2024-11-23 18:00:00,387956.0,56.0,False,56.0
2024-11-23 19:00:00,388009.0,53.0,False,53.0
2024-11-23 20:00:00,388058.0,49.0,False,49.0
2024-11-23 21:00:00,388111.0,53.0,False,53.0
2024-11-23 22:00:00,388162.0,51.0,False,51.0
2024-11-23 23:00:00,388215.0,53.0,False,53.0
2024-11-24 00:00:00,388257.0,42.0,False,42.0
2024-11-24 01:00:00,388295.0,38.0,False,38.0
2024-11-24 02:00:00,388330.0,35.0,False,35.0
2024-11-24 03:00:00,388364.0,34.0,False,34.0
2024-11-24 04:00:00,388396.0,32.0,False,32.0
2024-11-24 05:00:00,388435.0,39.0,False,39.0
2024-11-24 06:00:00,388469.0,34.0,False,34.0
2024-11-24 07:00:00,388506.0,37.0,False,37.0
2024-11-24 08:00:00,388538.0,32.0,False,32.0
2024-11-24 09:00:00,388579.0,41.0,False,41.0
2024-11-24 10:00:00,388620.0,41.0,False,41.0
2024-11-24 11:00:00,388668.0,48.0,False,48.0
2024-11-24 12:00:00,388716.0,48.0,False,48.0
2024-11-24 13:00:00,388763.0,47.0,False,47.0
2024-11-24 14:00:00,388810.0,47.0,False,47.0
2024-11-24 15:00:00,388858.0,48.0,False,48.0
2024-11-24 16:00:00,388908.0,50.0,False,50.0
2024-11-24 17:00:00,388961.0,53.0,False,53.0
2024-11-24 18:00:00,389006.0,45.0,False,45.0
2024-11-24 19:00:00,389057.0,51.0,False,51.0
2024-11-24 20:00:00,389103.0,46.0,False,46.0
2024-11-24 21:00:00,389152.0,49.0,False,49.0
2024-11-24 22:00:00,389198.0,46.0,False,46.0
2024-11-24 23:00:00,389242.0,44.0,False,44.0
2024-11-25 00:00:00,389277.0,35.0,False,35.0
2024-11-25 01:00:00,389313.0,36.0,False,36.0
2024-11-25 02:00:00,389345.0,32.0,False,32.0
2024-11-25 03:00:00,389378.0,33.0,False,33.0
2024-11-25 04:00:00,389408.0,30.0,False,30.0
2024-11-25 05:00:00,389439.0,31.0,False,31.0
2024-11-25 06:00:00,389469.0,30.0,False,30.0
2024-11-25 07:00:00,389500.0,31.0,False,31.0
2024-11-25 08:00:00,389529.0,29.0,False,29.0
2024-11-25 09:00:00,389571.0,42.0,False,42.0
2024-11-25 10:00:00,389627.0,56.0,False,56.0
2024-11-25 11:00:00,389692.0,65.0,False,65.0
2024-11-25 12:00:00,389758.0,66.0,False,66.0
2024-11-25 13:00:00,389822.0,64.0,False,64.0
2024-11-25 14:00:00,389888.0,66.0,False,66.0
2024-11-25 15:00:00,389962.0,74.0,False,74.0
2024-11-25 16:00:00,390036.0,74.0,False,74.0
2024-11-25 17:00:00,390112.0,76.0,False,76.0
2024-11-25 18:00:00,390172.0,60.0,False,60.0
2024-11-25 19:00:00,390232.0,60.0,False,60.0
2024-11-25 20:00:00,390291.0,59.0,False,59.0
2024-11-25 21:00:00,390346.0,55.0,False,55.0
2024-11-25 22:00:00,390396.0,50.0,False,50.0
2024-11-25 23:00:00,390445.0,49.0,False,49.0
2024-11-26 00:00:00,390490.0,45.0,False,45.0
2024-11-26 01:00:00,390539.0,49.0,False,49.0
2024-11-26 02:00:00,390584.0,45.0,False,45.0
2024-11-26 03:00:00,390627.0,43.0,False,43.0
2024-11-26 04:00:00,390672.0,45.0,False,45.0
2024-11-26 05:00:00,390714.0,42.0,False,42.0
2024-11-26 06:00:00,390756.0,42.0,False,42.0
2024-11-26 07:00:00,390795.0,39.0,False,39.0
2024-11-26 08:00:00,390837.0,42.0,False,42.0
2024-11-26 09:00:00,390891.0,54.0,False,54.0
2024-11-26 10:00:00,390954.0,63.0,False,63.0
2024-11-26 11:00:00,391041.0,87.0,True,59.83
2024-11-26 12:00:00,391123.0,82.0,True,58.57
2024-11-26 13:00:00,391203.0,80.0,True,57.29
2024-11-26 14:00:00,391271.0,68.0,False,68.0
2024-11-26 15:00:00,391340.0,69.0,False,69.0
2024-11-26 16:00:00,391422.0,82.0,True,66.43
2024-11-26 17:00:00,391493.0,71.0,False,71.0
2024-11-26 18:00:00,391564.0,71.0,False,71.0
2024-11-26 19:00:00,391628.0,64.0,False,64.0
2024-11-26 20:00:00,391698.0,70.0,False,70.0
2024-11-26 21:00:00,391768.0,70.0,False,70.0
2024-11-26 22:00:00,391837.0,69.0,False,69.0
2024-11-26 23:00:00,391897.0,60.0,False,60.0
2024-11-27 00:00:00,391952.0,55.0,False,55.0
2024-11-27 01:00:00,391997.0,45.0,False,45.0
2024-11-27 02:00:00,392042.0,45.0,False,45.0
2024-11-27 03:00:00,392080.0,38.0,False,38.0
2024-11-27 04:00:00,392123.0,43.0,False,43.0
2024-11-27 05:00:00,392165.0,42.0,False,42.0
2024-11-27 06:00:00,392210.0,45.0,False,45.0
2024-11-27 07:00:00,392249.0,39.0,False,39.0
2024-11-27 08:00:00,392298.0,49.0,False,49.0
2024-11-27 09:00:00,392352.0,54.0,False,54.0
2024-11-27 10:00:00,392431.0,79.0,True,57.0
2024-11-27 11:00:00,392499.0,68.0,False,68.0
2024-11-27 12:00:00,392567.0,68.0,False,68.0
2024-11-27 13:00:00,392630.0,63.0,False,63.0
2024-11-27 14:00:00,392696.0,66.0,False,66.0
2024-11-27 15:00:00,392773.0,77.0,False,77.0
2024-11-27 16:00:00,392864.0,91.0,True,65.67
2024-11-27 17:00:00,392957.0,93.0,True,69.14
2024-11-27 18:00:00,393043.0,86.0,True,63.14
2024-11-27 19:00:00,393123.0,80.0,True,57.29
2024-11-27 20:00:00,393185.0,62.0,False,62.0
2024-11-27 21:00:00,393241.0,56.0,False,56.0
2024-11-27 22:00:00,393296.0,55.0,False,55.0
2024-11-27 23:00:00,393346.0,50.0,False,50.0
2024-11-28 00:00:00,393388.0,42.0,False,42.0
2024-11-28 01:00:00,393432.0,44.0,False,44.0
2024-11-28 02:00:00,393474.0,42.0,False,42.0
2024-11-28 03:00:00,393509.0,35.0,False,35.0
2024-11-28 04:00:00,393545.0,36.0,False,36.0
2024-11-28 05:00:00,393581.0,36.0,False,36.0
2024-11-28 06:00:00,393615.0,34.0,False,34.0
2024-11-28 07:00:00,393654.0,39.0,False,39.0
2024-11-28 08:00:00,393693.0,39.0,False,39.0
2024-11-28 09:00:00,393742.0,49.0,False,49.0
2024-11-28 10:00:00,393799.0,57.0,False,57.0
2024-11-28 11:00:00,393867.0,68.0,False,68.0
2024-11-28 12:00:00,393939.0,72.0,False,72.0
2024-11-28 13:00:00,394007.0,68.0,False,68.0
2024-11-28 14:00:00,394081.0,74.0,False,74.0
2024-11-28 15:00:00,394156.0,75.0,False,75.0
2024-11-28 16:00:00,394237.0,81.0,True,64.0
2024-11-28 17:00:00,394320.0,83.0,True,68.0
2024-11-28 18:00:00,394406.0,86.0,True,62.33
2024-11-28 19:00:00,394476.0,70.0,False,70.0
2024-11-28 20:00:00,394547.0,71.0,False,71.0
2024-11-28 21:00:00,394618.0,71.0,False,71.0
2024-11-28 22:00:00,394670.0,52.0,False,52.0
2024-11-28 23:00:00,394726.0,56.0,False,56.0
2024-11-29 00:00:00,394774.0,48.0,False,48.0
2024-11-29 01:00:00,394819.0,45.0,False,45.0
2024-11-29 02:00:00,394860.0,41.0,False,41.0
2024-11-29 03:00:00,394901.0,41.0,False,41.0
2024-11-29 04:00:00,394943.0,42.0,False,42.0
2024-11-29 05:00:00,394984.0,41.0,False,41.0
2024-11-29 06:00:00,395026.0,42.0,False,42.0
2024-11-29 07:00:00,395069.0,43.0,False,43.0
2024-11-29 08:00:00,395116.0,47.0,False,47.0
2024-11-29 09:00:00,395170.0,54.0,False,54.0
2024-11-29 10:00:00,395230.0,60.0,False,60.0
2024-11-29 11:00:00,395304.0,74.0,False,74.0
2024-11-29 12:00:00,395371.0,67.0,False,67.0
2024-11-29 13:00:00,395422.0,51.0,False,51.0
2024-11-29 14:00:00,395479.0,57.0,False,57.0
2024-11-29 15:00:00,395539.0,60.0,False,60.0
2024-11-29 16:00:00,395622.0,83.0,True,61.5
2024-11-29 17:00:00,395702.0,80.0,False,80.0
2024-11-29 18:00:00,395780.0,78.0,False,78.0
2024-11-29 19:00:00,395838.0,58.0,False,58.0
2024-11-29 20:00:00,395899.0,61.0,False,61.0
2024-11-29 21:00:00,395964.0,65.0,False,65.0
2024-11-29 22:00:00,396020.0,56.0,False,56.0
2024-11-29 23:00:00,396077.0,57.0,False,57.0
2024-11-30 00:00:00,396127.0,50.0,False,50.0
2024-11-30 01:00:00,396170.0,43.0,False,43.0
2024-11-30 02:00:00,396219.0,49.0,False,49.0
2024-11-30 03:00:00,396266.0,47.0,False,47.0
2024-11-30 04:00:00,396310.0,44.0,False,44.0
2024-11-30 05:00:00,396352.0,42.0,False,42.0
2024-11-30 06:00:00,396393.0,41.0,False,41.0
2024-11-30 07:00:00,396437.0,44.0,False,44.0
2024-11-30 08:00:00,396481.0,44.0,False,44.0
2024-11-30 09:00:00,396523.0,42.0,False,42.0
2024-11-30 10:00:00,396564.0,41.0,False,41.0
2024-11-30 11:00:00,396610.0,46.0,False,46.0
2024-11-30 12:00:00,396661.0,51.0,False,51.0
2024-11-30 13:00:00,396708.0,47.0,False,47.0
2024-11-30 14:00:00,396768.0,60.0,False,60.0
2024-11-30 15:00:00,396825.0,57.0,False,57.0
2024-11-30 16:00:00,396881.0,56.0,False,56.0
2024-11-30 17:00:00,396936.0,55.0,False,55.0
2024-11-30 18:00:00,396992.0,56.0,False,56.0
2024-11-30 19:00:00,397043.0,51.0,False,51.0
2024-11-30 20:00:00,397090.0,47.0,False,47.0
2024-11-30 21:00:00,397142.0,52.0,False,52.0
2024-11-30 22:00:00,397186.0,44.0,False,44.0
2024-11-30 23:00:00,397229.0,43.0,False,43.0
2024-12-01 00:00:00,397268.0,39.0,False,39.0
2024-12-01 01:00:00,397301.0,33.0,False,33.0
2024-12-01 02:00:00,397333.0,32.0,False,32.0
2024-12-01 03:00:00,397372.0,39.0,False,39.0
2024-12-01 04:00:00,397403.0,31.0,False,31.0
2024-12-01 05:00:00,397431.0,28.0,False,28.0
2024-12-01 06:00:00,397461.0,30.0,False,30.0
2024-12-01 07:00:00,397492.0,31.0,False,31.0
2024-12-01 08:00:00,397524.0,32.0,False,32.0
2024-12-01 09:00:00,397561.0,37.0,False,37.0
2024-12-01 10:00:00,397600.0,39.0,False,39.0
2024-12-01 11:00:00,397645.0,45.0,False,45.0
2024-12-01 12:00:00,397688.0,43.0,False,43.0
2024-12-01 13:00:00,397728.0,40.0,False,40.0
2024-12-01 14:00:00,397774.0,46.0,False,46.0
2024-12-01 15:00:00,397816.0,42.0,False,42.0
2024-12-01 16:00:00,397861.0,45.0,False,45.0
2024-12-01 17:00:00,397902.0,41.0,False,41.0
2024-12-01 18:00:00,397950.0,48.0,False,48.0
2024-12-01 19:00:00,397999.0,49.0,False,49.0
2024-12-01 20:00:00,398052.0,53.0,False,53.0
2024-12-01 21:00:00,398101.0,49.0,False,49.0
2024-12-01 22:00:00,398147.0,46.0,False,46.0
2024-12-01 23:00:00,398185.0,38.0,False,38.0
2024-12-02 00:00:00,398218.0,33.0,False,33.0
2024-12-02 01:00:00,398251.0,33.0,False,33.0
2024-12-02 02:00:00,398283.0,32.0,False,32.0
2024-12-02 03:00:00,398312.0,29.0,False,29.0
2024-12-02 04:00:00,398344.0,32.0,False,32.0
2024-12-02 05:00:00,398373.0,29.0,False,29.0
2024-12-02 06:00:00,398402.0,29.0,False,29.0
2024-12-02 07:00:00,398427.0,25.0,False,25.0
2024-12-02 08:00:00,398459.0,32.0,False,32.0
2024-12-02 09:00:00,398506.0,47.0,False,47.0
2024-12-02 10:00:00,398562.0,56.0,False,56.0
2024-12-02 11:00:00,398625.0,63.0,False,63.0
2024-12-02 12:00:00,398702.0,77.0,False,77.0
2024-12-02 13:00:00,398766.0,64.0,False,64.0
2024-12-02 14:00:00,398829.0,63.0,False,63.0
2024-12-02 15:00:00,398906.0,77.0,False,77.0
2024-12-02 16:00:00,398990.0,84.0,True,58.33
2024-12-02 17:00:00,399067.0,77.0,False,77.0
2024-12-02 18:00:00,399143.0,76.0,False,76.0
2024-12-02 19:00:00,399218.0,75.0,False,75.0
2024-12-02 20:00:00,399292.0,74.0,False,74.0
2024-12-02 21:00:00,399366.0,74.0,False,74.0
2024-12-02 22:00:00,399436.0,70.0,False,70.0
2024-12-02 23:00:00,399489.0,53.0,False,53.0
2024-12-03 00:00:00,399536.0,47.0,False,47.0
2024-12-03 01:00:00,399583.0,47.0,False,47.0
2024-12-03 02:00:00,399622.0,39.0,False,39.0
2024-12-03 03:00:00,399659.0,37.0,False,37.0
2024-12-03 04:00:00,399690.0,31.0,False,31.0
2024-12-03 05:00:00,399727.0,37.0,False,37.0
2024-12-03 06:00:00,399762.0,35.0,False,35.0
2024-12-03 07:00:00,399800.0,38.0,False,38.0
2024-12-03 08:00:00,399840.0,40.0,False,40.0
2024-12-03 09:00:00,399889.0,49.0,False,49.0
2024-12-03 10:00:00,399946.0,57.0,False,57.0
2024-12-03 11:00:00,400007.0,61.0,False,61.0
2024-12-03 12:00:00,400063.0,56.0,False,56.0
2024-12-03 13:00:00,400140.0,77.0,False,77.0
2024-12-03 14:00:00,400201.0,61.0,False,61.0
2024-12-03 15:00:00,400264.0,63.0,False,63.0
2024-12-03 16:00:00,400325.0,61.0,False,61.0
2024-12-03 17:00:00,400395.0,70.0,False,70.0
2024-12-03 18:00:00,400465.0,70.0,False,70.0
2024-12-03 19:00:00,400537.0,72.0,False,72.0
2024-12-03 20:00:00,400609.0,72.0,False,72.0
2024-12-03 21:00:00,400683.0,74.0,False,74.0
2024-12-03 22:00:00,400754.0,71.0,False,71.0
2024-12-03 23:00:00,400815.0,61.0,False,61.0
2024-12-04 00:00:00,400867.0,52.0,False,52.0
2024-12-04 01:00:00,400913.0,46.0,False,46.0
2024-12-04 02:00:00,400956.0,43.0,False,43.0
2024-12-04 03:00:00,400999.0,43.0,False,43.0
2024-12-04 04:00:00,401045.0,46.0,False,46.0
2024-12-04 05:00:00,401089.0,44.0,False,44.0
2024-12-04 06:00:00,401129.0,40.0,False,40.0
2024-12-04 07:00:00,401171.0,42.0,False,42.0
2024-12-04 08:00:00,401211.0,40.0,False,40.0
2024-12-04 09:00:00,401263.0,52.0,False,52.0
2024-12-04 10:00:00,401331.0,68.0,False,68.0
2024-12-04 11:00:00,401409.0,78.0,False,78.0
2024-12-04 12:00:00,401488.0,79.0,False,79.0
2024-12-04 13:00:00,401565.0,77.0,False,77.0
2024-12-04 14:00:00,401640.0,75.0,False,75.0
2024-12-04 15:00:00,401720.0,80.0,False,80.0
2024-12-04 16:00:00,401805.0,85.0,False,85.0
2024-12-04 17:00:00,401894.0,89.0,True,64.6
2024-12-04 18:00:00,401967.0,73.0,False,73.0
2024-12-04 19:00:00,402040.0,73.0,False,73.0
2024-12-04 20:00:00,402109.0,69.0,False,69.0
2024-12-04 21:00:00,402184.0,75.0,False,75.0
2024-12-04 22:00:00,402262.0,78.0,False,78.0
2024-12-04 23:00:00,402325.0,63.0,False,63.0
2024-12-05 00:00:00,402377.0,52.0,False,52.0
2024-12-05 01:00:00,402420.0,43.0,False,43.0
2024-12-05 02:00:00,402464.0,44.0,False,44.0
2024-12-05 03:00:00,402506.0,42.0,False,42.0
2024-12-05 04:00:00,402550.0,44.0,False,44.0
2024-12-05 05:00:00,402599.0,49.0,False,49.0
2024-12-05 06:00:00,402641.0,42.0,False,42.0
2024-12-05 07:00:00,402682.0,41.0,False,41.0
2024-12-05 08:00:00,402715.0,33.0,False,33.0
2024-12-05 09:00:00,402764.0,49.0,False,49.0
2024-12-05 10:00:00,402829.0,65.0,False,65.0
2024-12-05 11:00:00,402914.0,85.0,False,85.0
2024-12-05 12:00:00,402998.0,84.0,False,84.0
2024-12-05 13:00:00,403062.0,64.0,False,64.0
2024-12-05 14:00:00,403127.0,65.0,False,65.0
2024-12-05 15:00:00,403196.0,69.0,False,69.0
2024-12-05 16:00:00,403269.0,73.0,False,73.0
2024-12-05 17:00:00,403357.0,88.0,True,64.6
2024-12-05 18:00:00,403448.0,91.0,True,66.83
2024-12-05 19:00:00,403534.0,86.0,False,86.0
2024-12-05 20:00:00,403605.0,71.0,False,71.0
2024-12-05 21:00:00,403674.0,69.0,False,69.0
2024-12-05 22:00:00,403735.0,61.0,False,61.0
2024-12-05 23:00:00,403793.0,58.0,False,58.0
2024-12-06 00:00:00,403838.0,45.0,False,45.0
2024-12-06 01:00:00,403880.0,42.0,False,42.0
2024-12-06 02:00:00,403921.0,41.0,False,41.0
2024-12-06 03:00:00,403957.0,36.0,False,36.0
2024-12-06 04:00:00,403997.0,40.0,False,40.0
2024-12-06 05:00:00,404039.0,42.0,False,42.0
2024-12-06 06:00:00,404080.0,41.0,False,41.0
2024-12-06 07:00:00,404119.0,39.0,False,39.0
2024-12-06 08:00:00,404158.0,39.0,False,39.0
2024-12-06 09:00:00,404207.0,49.0,False,49.0
2024-12-06 10:00:00,404265.0,58.0,False,58.0
2024-12-06 11:00:00,404336.0,71.0,False,71.0
2024-12-06 12:00:00,404411.0,75.0,False,75.0
2024-12-06 13:00:00,404476.0,65.0,False,65.0
2024-12-06 14:00:00,404540.0,64.0,False,64.0
2024-12-06 15:00:00,404606.0,66.0,False,66.0
2024-12-06 16:00:00,404683.0,77.0,False,77.0
2024-12-06 17:00:00,404766.0,83.0,False,83.0
2024-12-06 18:00:00,404851.0,85.0,False,85.0
2024-12-06 19:00:00,404910.0,59.0,False,59.0
2024-12-06 20:00:00,404968.0,58.0,False,58.0
2024-12-06 21:00:00,405021.0,53.0,False,53.0
2024-12-06 22:00:00,405074.0,53.0,False,53.0
2024-12-06 23:00:00,405124.0,50.0,False,50.0
2024-12-07 00:00:00,405168.0,44.0,False,44.0
2024-12-07 01:00:00,405200.0,32.0,False,32.0
2024-12-07 02:00:00,405234.0,34.0,False,34.0
2024-12-07 03:00:00,405264.0,30.0,False,30.0
2024-12-07 04:00:00,405297.0,33.0,False,33.0
2024-12-07 05:00:00,405329.0,32.0,False,32.0
2024-12-07 06:00:00,405363.0,34.0,False,34.0
2024-12-07 07:00:00,405393.0,30.0,False,30.0
2024-12-07 08:00:00,405426.0,33.0,False,33.0
2024-12-07 09:00:00,405458.0,32.0,False,32.0
2024-12-07 10:00:00,405493.0,35.0,False,35.0
2024-12-07 11:00:00,405534.0,41.0,False,41.0
2024-12-07 12:00:00,405584.0,50.0,False,50.0
2024-12-07 13:00:00,405627.0,43.0,False,43.0
2024-12-07 14:00:00,405664.0,37.0,False,37.0
2024-12-07 15:00:00,405707.0,43.0,False,43.0
2024-12-07 16:00:00,405756.0,49.0,False,49.0
2024-12-07 17:00:00,405806.0,50.0,False,50.0
2024-12-07 18:00:00,405864.0,58.0,False,58.0
2024-12-07 19:00:00,405915.0,51.0,False,51.0
2024-12-07 20:00:00,405966.0,51.0,False,51.0
2024-12-07 21:00:00,406013.0,47.0,False,47.0
2024-12-07 22:00:00,406061.0,48.0,False,48.0
2024-12-07 23:00:00,406106.0,45.0,False,45.0
2024-12-08 00:00:00,406150.0,44.0,False,44.0
2024-12-08 01:00:00,406190.0,40.0,False,40.0
2024-12-08 02:00:00,406226.0,36.0,False,36.0
2024-12-08 03:00:00,406261.0,35.0,False,35.0
2024-12-08 04:00:00,406295.0,34.0,False,34.0
2024-12-08 05:00:00,406332.0,37.0,False,37.0
2024-12-08 06:00:00,406370.0,38.0,False,38.0
2024-12-08 07:00:00,406407.0,37.0,False,37.0
2024-12-08 08:00:00,406439.0,32.0,False,32.0
2024-12-08 09:00:00,406477.0,38.0,False,38.0
2024-12-08 10:00:00,406513.0,36.0,False,36.0
2024-12-08 11:00:00,406553.0,40.0,False,40.0
2024-12-08 12:00:00,406598.0,45.0,False,45.0
2024-12-08 13:00:00,406643.0,45.0,False,45.0
2024-12-08 14:00:00,406688.0,45.0,False,45.0
2024-12-08 15:00:00,406730.0,42.0,False,42.0
2024-12-08 16:00:00,406772.0,42.0,False,42.0
2024-12-08 17:00:00,406820.0,48.0,False,48.0
2024-12-08 18:00:00,406870.0,50.0,False,50.0
2024-12-08 19:00:00,406929.0,59.0,False,59.0
2024-12-08 20:00:00,406983.0,54.0,False,54.0
2024-12-08 21:00:00,407035.0,52.0,False,52.0
2024-12-08 22:00:00,407090.0,55.0,False,55.0
2024-12-08 23:00:00,407141.0,51.0,False,51.0
2024-12-09 00:00:00,407181.0,40.0,False,40.0
2024-12-09 01:00:00,407222.0,41.0,False,41.0
2024-12-09 02:00:00,407258.0,36.0,False,36.0
2024-12-09 03:00:00,407291.0,33.0,False,33.0
2024-12-09 04:00:00,407321.0,30.0,False,30.0
2024-12-09 05:00:00,407355.0,34.0,False,34.0
2024-12-09 06:00:00,407383.0,28.0,False,28.0
2024-12-09 07:00:00,407419.0,36.0,False,36.0
2024-12-09 08:00:00,407455.0,36.0,False,36.0
2024-12-09 09:00:00,407500.0,45.0,False,45.0
2024-12-09 10:00:00,407555.0,55.0,False,55.0
2024-12-09 11:00:00,407628.0,73.0,False,73.0
2024-12-09 12:00:00,407711.0,83.0,False,83.0
2024-12-09 13:00:00,407794.0,83.0,False,83.0
2024-12-09 14:00:00,407868.0,74.0,False,74.0
2024-12-09 15:00:00,407949.0,81.0,False,81.0
2024-12-09 16:00:00,408035.0,86.0,False,86.0
2024-12-09 17:00:00,408119.0,84.0,False,84.0
2024-12-09 18:00:00,408207.0,88.0,False,88.0
2024-12-09 19:00:00,408289.0,82.0,False,82.0
2024-12-09 20:00:00,408362.0,73.0,False,73.0
2024-12-09 21:00:00,408423.0,61.0,False,61.0
2024-12-09 22:00:00,408479.0,56.0,False,56.0
2024-12-09 23:00:00,408533.0,54.0,False,54.0
2024-12-10 00:00:00,408582.0,49.0,False,49.0
2024-12-10 01:00:00,408625.0,43.0,False,43.0
2024-12-10 02:00:00,408660.0,35.0,False,35.0
2024-12-10 03:00:00,408695.0,35.0,False,35.0
2024-12-10 04:00:00,408732.0,37.0,False,37.0
2024-12-10 05:00:00,408766.0,34.0,False,34.0
2024-12-10 06:00:00,408801.0,35.0,False,35.0
2024-12-10 07:00:00,408838.0,37.0,False,37.0
2024-12-10 08:00:00,408877.0,39.0,False,39.0
2024-12-10 09:00:00,408924.0,47.0,False,47.0
2024-12-10 10:00:00,408983.0,59.0,False,59.0
2024-12-10 11:00:00,409058.0,75.0,False,75.0
2024-12-10 12:00:00,409128.0,70.0,False,70.0
2024-12-10 13:00:00,409203.0,75.0,False,75.0
2024-12-10 14:00:00,409271.0,68.0,False,68.0
2024-12-10 15:00:00,409343.0,72.0,False,72.0
2024-12-10 16:00:00,409416.0,73.0,False,73.0
2024-12-10 17:00:00,409498.0,82.0,False,82.0
2024-12-10 18:00:00,409568.0,70.0,False,70.0
2024-12-10 19:00:00,409625.0,57.0,False,57.0
2024-12-10 20:00:00,409683.0,58.0,False,58.0
2024-12-10 21:00:00,409740.0,57.0,False,57.0
2024-12-10 22:00:00,409798.0,58.0,False,58.0
2024-12-10 23:00:00,409852.0,54.0,False,54.0
2024-12-11 00:00:00,409901.0,49.0,False,49.0
2024-12-11 01:00:00,409942.0,41.0,False,41.0
2024-12-11 02:00:00,409978.0,36.0,False,36.0
2024-12-11 03:00:00,410014.0,36.0,False,36.0
2024-12-11 04:00:00,410049.0,35.0,False,35.0
2024-12-11 05:00:00,410085.0,36.0,False,36.0
2024-12-11 06:00:00,410126.0,41.0,False,41.0
2024-12-11 07:00:00,410161.0,35.0,False,35.0
2024-12-11 08:00:00,410198.0,37.0,False,37.0
2024-12-11 09:00:00,410246.0,48.0,False,48.0
2024-12-11 10:00:00,410315.0,69.0,False,69.0
2024-12-11 11:00:00,410394.0,79.0,False,79.0
2024-12-11 12:00:00,410483.0,89.0,False,89.0
2024-12-11 13:00:00,410563.0,80.0,False,80.0
2024-12-11 14:00:00,410637.0,74.0,False,74.0
2024-12-11 15:00:00,410710.0,73.0,False,73.0
2024-12-11 16:00:00,410788.0,78.0,False,78.0
2024-12-11 17:00:00,410859.0,71.0,False,71.0
2024-12-11 18:00:00,410931.0,72.0,False,72.0
2024-12-11 19:00:00,410999.0,68.0,False,68.0
2024-12-11 20:00:00,411069.0,70.0,False,70.0
2024-12-11 21:00:00,411131.0,62.0,False,62.0
2024-12-11 22:00:00,411194.0,63.0,False,63.0
2024-12-11 23:00:00,411257.0,63.0,False,63.0
2024-12-12 00:00:00,411320.0,63.0,False,63.0
2024-12-12 01:00:00,411375.0,55.0,False,55.0
2024-12-12 02:00:00,411422.0,47.0,False,47.0
2024-12-12 03:00:00,411466.0,44.0,False,44.0
2024-12-12 04:00:00,411512.0,46.0,False,46.0
2024-12-12 05:00:00,411553.0,41.0,False,41.0
2024-12-12 06:00:00,411599.0,46.0,False,46.0
2024-12-12 07:00:00,411646.0,47.0,False,47.0
2024-12-12 08:00:00,411692.0,46.0,False,46.0
2024-12-12 09:00:00,411742.0,50.0,False,50.0
2024-12-12 10:00:00,411825.0,83.0,False,83.0
2024-12-12 11:00:00,411909.0,84.0,False,84.0
2024-12-12 12:00:00,412011.0,102.0,True,70.86
2024-12-12 13:00:00,412105.0,94.0,False,94.0
2024-12-12 14:00:00,412198.0,93.0,False,93.0
2024-12-12 15:00:00,412293.0,95.0,False,95.0
2024-12-12 16:00:00,412388.0,95.0,False,95.0
2024-12-12 17:00:00,412477.0,89.0,False,89.0
2024-12-12 18:00:00,412565.0,88.0,False,88.0
2024-12-12 19:00:00,412638.0,73.0,False,73.0
2024-12-12 20:00:00,412705.0,67.0,False,67.0
2024-12-12 21:00:00,412768.0,63.0,False,63.0
2024-12-12 22:00:00,412833.0,65.0,False,65.0
2024-12-12 23:00:00,412895.0,62.0,False,62.0
2024-12-13 00:00:00,412957.0,62.0,False,62.0
2024-12-13 01:00:00,413013.0,56.0,False,56.0
2024-12-13 02:00:00,413061.0,48.0,False,48.0
2024-12-13 03:00:00,413103.0,42.0,False,42.0
2024-12-13 04:00:00,413147.0,44.0,False,44.0
2024-12-13 05:00:00,413189.0,42.0,False,42.0
2024-12-13 06:00:00,413232.0,43.0,False,43.0
2024-12-13 07:00:00,413278.0,46.0,False,46.0
2024-12-13 08:00:00,413317.0,39.0,False,39.0
2024-12-13 09:00:00,413368.0,51.0,False,51.0
2024-12-13 10:00:00,413437.0,69.0,False,69.0
2024-12-13 11:00:00,413514.0,77.0,False,77.0
2024-12-13 12:00:00,413596.0,82.0,False,82.0
2024-12-13 13:00:00,413687.0,91.0,False,91.0
2024-12-13 14:00:00,413775.0,88.0,False,88.0
2024-12-13 15:00:00,413863.0,88.0,False,88.0
2024-12-13 16:00:00,413963.0,100.0,True,71.43
2024-12-13 17:00:00,414058.0,95.0,True,72.43
2024-12-13 18:00:00,414136.0,78.0,False,78.0
2024-12-13 19:00:00,414213.0,77.0,False,77.0
2024-12-13 20:00:00,414283.0,70.0,False,70.0
2024-12-13 21:00:00,414353.0,70.0,False,70.0
2024-12-13 22:00:00,414416.0,63.0,False,63.0
2024-12-13 23:00:00,414480.0,64.0,False,64.0
2024-12-14 00:00:00,414540.0,60.0,False,60.0
2024-12-14 01:00:00,414597.0,57.0,False,57.0
2024-12-14 02:00:00,414650.0,53.0,False,53.0
2024-12-14 03:00:00,414697.0,47.0,False,47.0
2024-12-14 04:00:00,414739.0,42.0,False,42.0
2024-12-14 05:00:00,414785.0,46.0,False,46.0
2024-12-14 06:00:00,414829.0,44.0,False,44.0
2024-12-14 07:00:00,414879.0,50.0,False,50.0
2024-12-14 08:00:00,414932.0,53.0,False,53.0
2024-12-14 09:00:00,414982.0,50.0,False,50.0
2024-12-14 10:00:00,415039.0,57.0,False,57.0
2024-12-14 11:00:00,415100.0,61.0,False,61.0
2024-12-14 12:00:00,415160.0,60.0,False,60.0
2024-12-14 13:00:00,415220.0,60.0,False,60.0
2024-12-14 14:00:00,415278.0,58.0,False,58.0
2024-12-14 15:00:00,415335.0,57.0,False,57.0
2024-12-14 16:00:00,415391.0,56.0,False,56.0
2024-12-14 17:00:00,415451.0,60.0,False,60.0
2024-12-14 18:00:00,415505.0,54.0,False,54.0
2024-12-14 19:00:00,415562.0,57.0,False,57.0
2024-12-14 20:00:00,415623.0,61.0,False,61.0
2024-12-14 21:00:00,415687.0,64.0,False,64.0
2024-12-14 22:00:00,415751.0,64.0,False,64.0
2024-12-14 23:00:00,415815.0,64.0,False,64.0
2024-12-15 00:00:00,415876.0,61.0,False,61.0
2024-12-15 01:00:00,415930.0,54.0,False,54.0
2024-12-15 02:00:00,415980.0,50.0,False,50.0
2024-12-15 03:00:00,416027.0,47.0,False,47.0
2024-12-15 04:00:00,416067.0,40.0,False,40.0
2024-12-15 05:00:00,416113.0,46.0,False,46.0
2024-12-15 06:00:00,416155.0,42.0,False,42.0
2024-12-15 07:00:00,416197.0,42.0,False,42.0
2024-12-15 08:00:00,416242.0,45.0,False,45.0
2024-12-15 09:00:00,416287.0,45.0,False,45.0
2024-12-15 10:00:00,416328.0,41.0,False,41.0
2024-12-15 11:00:00,416371.0,43.0,False,43.0
2024-12-15 12:00:00,416424.0,53.0,False,53.0
2024-12-15 13:00:00,416481.0,57.0,False,57.0
2024-12-15 14:00:00,416537.0,56.0,False,56.0
2024-12-15 15:00:00,416592.0,55.0,False,55.0
2024-12-15 16:00:00,416645.0,53.0,False,53.0
2024-12-15 17:00:00,416702.0,57.0,False,57.0
2024-12-15 18:00:00,416756.0,54.0,False,54.0
2024-12-15 19:00:00,416810.0,54.0,False,54.0
2024-12-15 20:00:00,416877.0,67.0,False,67.0
2024-12-15 21:00:00,416936.0,59.0,False,59.0
2024-12-15 22:00:00,416997.0,61.0,False,61.0
2024-12-15 23:00:00,417055.0,58.0,False,58.0
2024-12-16 00:00:00,417107.0,52.0,False,52.0
2024-12-16 01:00:00,417150.0,43.0,False,43.0
2024-12-16 02:00:00,417193.0,43.0,False,43.0
2024-12-16 03:00:00,417233.0,40.0,False,40.0
2024-12-16 04:00:00,417272.0,39.0,False,39.0
2024-12-16 05:00:00,417306.0,34.0,False,34.0
2024-12-16 06:00:00,417345.0,39.0,False,39.0
2024-12-16 07:00:00,417382.0,37.0,False,37.0
2024-12-16 08:00:00,417423.0,41.0,False,41.0
2024-12-16 09:00:00,417485.0,62.0,False,62.0
2024-12-16 10:00:00,417560.0,75.0,False,75.0
2024-12-16 11:00:00,417641.0,81.0,False,81.0
2024-12-16 12:00:00,417723.0,82.0,False,82.0
2024-12-16 13:00:00,417801.0,78.0,False,78.0
2024-12-16 14:00:00,417877.0,76.0,False,76.0
2024-12-16 15:00:00,417958.0,81.0,False,81.0
2024-12-16 16:00:00,418042.0,84.0,False,84.0
2024-12-16 17:00:00,418123.0,81.0,False,81.0
2024-12-16 18:00:00,418200.0,77.0,False,77.0
2024-12-16 19:00:00,418270.0,70.0,False,70.0
2024-12-16 20:00:00,418344.0,74.0,False,74.0
2024-12-16 21:00:00,418418.0,74.0,False,74.0
2024-12-16 22:00:00,418488.0,70.0,False,70.0
2024-12-16 23:00:00,418553.0,65.0,False,65.0
2024-12-17 00:00:00,418613.0,60.0,False,60.0
2024-12-17 01:00:00,418663.0,50.0,False,50.0
2024-12-17 02:00:00,418712.0,49.0,False,49.0
2024-12-17 03:00:00,418761.0,49.0,False,49.0
2024-12-17 04:00:00,418811.0,50.0,False,50.0
2024-12-17 05:00:00,418853.0,42.0,False,42.0
2024-12-17 06:00:00,418898.0,45.0,False,45.0
2024-12-17 07:00:00,418940.0,42.0,False,42.0
2024-12-17 08:00:00,418988.0,48.0,False,48.0
2024-12-17 09:00:00,419049.0,61.0,False,61.0
2024-12-17 10:00:00,419127.0,78.0,False,78.0
2024-12-17 11:00:00,419207.0,80.0,False,80.0
2024-12-17 12:00:00,419286.0,79.0,False,79.0
2024-12-17 13:00:00,419358.0,72.0,False,72.0
2024-12-17 14:00:00,419432.0,74.0,False,74.0
2024-12-17 15:00:00,419505.0,73.0,False,73.0
2024-12-17 16:00:00,419586.0,81.0,False,81.0
2024-12-17 17:00:00,419678.0,92.0,False,92.0
2024-12-17 18:00:00,419760.0,82.0,False,82.0
2024-12-17 19:00:00,419834.0,74.0,False,74.0
2024-12-17 20:00:00,419906.0,72.0,False,72.0
2024-12-17 21:00:00,419977.0,71.0,False,71.0
2024-12-17 22:00:00,420050.0,73.0,False,73.0
2024-12-17 23:00:00,420122.0,72.0,False,72.0
2024-12-18 00:00:00,420176.0,54.0,False,54.0
2024-12-18 01:00:00,420219.0,43.0,False,43.0
2024-12-18 02:00:00,420260.0,41.0,False,41.0
2024-12-18 03:00:00,420301.0,41.0,False,41.0
2024-12-18 04:00:00,420342.0,41.0,False,41.0
2024-12-18 05:00:00,420386.0,44.0,False,44.0
2024-12-18 06:00:00,420426.0,40.0,False,40.0
2024-12-18 07:00:00,420465.0,39.0,False,39.0
2024-12-18 08:00:00,420505.0,40.0,False,40.0
2024-12-18 09:00:00,420552.0,47.0,False,47.0
2024-12-18 10:00:00,420622.0,70.0,False,70.0
2024-12-18 11:00:00,420716.0,94.0,False,94.0
2024-12-18 12:00:00,420798.0,82.0,False,82.0
2024-12-18 13:00:00,420869.0,71.0,False,71.0
2024-12-18 14:00:00,420942.0,73.0,False,73.0
2024-12-18 15:00:00,421018.0,76.0,False,76.0
2024-12-18 16:00:00,421101.0,83.0,False,83.0
2024-12-18 17:00:00,421187.0,86.0,False,86.0
2024-12-18 18:00:00,421271.0,84.0,False,84.0
2024-12-18 19:00:00,421350.0,79.0,False,79.0
2024-12-18 20:00:00,421427.0,77.0,False,77.0
2024-12-18 21:00:00,421501.0,74.0,False,74.0
2024-12-18 22:00:00,421574.0,73.0,False,73.0
2024-12-18 23:00:00,421643.0,69.0,False,69.0
2024-12-19 00:00:00,421708.0,65.0,False,65.0
2024-12-19 01:00:00,421758.0,50.0,False,50.0
2024-12-19 02:00:00,421810.0,52.0,False,52.0
2024-12-19 03:00:00,421860.0,50.0,False,50.0
2024-12-19 04:00:00,421908.0,48.0,False,48.0
2024-12-19 05:00:00,421959.0,51.0,False,51.0
2024-12-19 06:00:00,422014.0,55.0,False,55.0
2024-12-19 07:00:00,422060.0,46.0,False,46.0
2024-12-19 08:00:00,422109.0,49.0,False,49.0
2024-12-19 09:00:00,422173.0,64.0,False,64.0
2024-12-19 10:00:00,422253.0,80.0,False,80.0
2024-12-19 11:00:00,422343.0,90.0,False,90.0
2024-12-19 12:00:00,422436.0,93.0,False,93.0
2024-12-19 13:00:00,422513.0,77.0,False,77.0
2024-12-19 14:00:00,422591.0,78.0,False,78.0
2024-12-19 15:00:00,422673.0,82.0,False,82.0
2024-12-19 16:00:00,422756.0,83.0,False,83.0
2024-12-19 17:00:00,422841.0,85.0,False,85.0
2024-12-19 18:00:00,422929.0,88.0,False,88.0
2024-12-19 19:00:00,423008.0,79.0,False,79.0
2024-12-19 20:00:00,423080.0,72.0,False,72.0
2024-12-19 21:00:00,423153.0,73.0,False,73.0
2024-12-19 22:00:00,423227.0,74.0,False,74.0
2024-12-19 23:00:00,423298.0,71.0,False,71.0
2024-12-20 00:00:00,423360.0,62.0,False,62.0
2024-12-20 01:00:00,423410.0,50.0,False,50.0
2024-12-20 02:00:00,423455.0,45.0,False,45.0
2024-12-20 03:00:00,423498.0,43.0,False,43.0
2024-12-20 04:00:00,423542.0,44.0,False,44.0
2024-12-20 05:00:00,423587.0,45.0,False,45.0
2024-12-20 06:00:00,423633.0,46.0,False,46.0
2024-12-20 07:00:00,423676.0,43.0,False,43.0
2024-12-20 08:00:00,423718.0,42.0,False,42.0
2024-12-20 09:00:00,423780.0,62.0,False,62.0
2024-12-20 10:00:00,423860.0,80.0,False,80.0
2024-12-20 11:00:00,423948.0,88.0,False,88.0
2024-12-20 12:00:00,424039.0,91.0,False,91.0
2024-12-20 13:00:00,424122.0,83.0,False,83.0
2024-12-20 14:00:00,424204.0,82.0,False,82.0
2024-12-20 15:00:00,424284.0,80.0,False,80.0
2024-12-20 16:00:00,424382.0,98.0,False,98.0
2024-12-20 17:00:00,424474.0,92.0,False,92.0
2024-12-20 18:00:00,424573.0,99.0,False,99.0
2024-12-20 19:00:00,424655.0,82.0,False,82.0
2024-12-20 20:00:00,424726.0,71.0,False,71.0
2024-12-20 21:00:00,424797.0,71.0,False,71.0
2024-12-20 22:00:00,424864.0,67.0,False,67.0
2024-12-20 23:00:00,424928.0,64.0,False,64.0
2024-12-21 00:00:00,424988.0,60.0,False,60.0
2024-12-21 01:00:00,425042.0,54.0,False,54.0
2024-12-21 02:00:00,425090.0,48.0,False,48.0
2024-12-21 03:00:00,425132.0,42.0,False,42.0
2024-12-21 04:00:00,425183.0,51.0,False,51.0
2024-12-21 05:00:00,425225.0,42.0,False,42.0
2024-12-21 06:00:00,425274.0,49.0,False,49.0
2024-12-21 07:00:00,425318.0,44.0,False,44.0
2024-12-21 08:00:00,425363.0,45.0,False,45.0
2024-12-21 09:00:00,425411.0,48.0,False,48.0
2024-12-21 10:00:00,425462.0,51.0,False,51.0
2024-12-21 11:00:00,425517.0,55.0,False,55.0
2024-12-21 12:00:00,425576.0,59.0,False,59.0
2024-12-21 13:00:00,425634.0,58.0,False,58.0
2024-12-21 14:00:00,425690.0,56.0,False,56.0
2024-12-21 15:00:00,425743.0,53.0,False,53.0
2024-12-21 16:00:00,425806.0,63.0,False,63.0
2024-12-21 17:00:00,425870.0,64.0,False,64.0
2024-12-21 18:00:00,425940.0,70.0,False,70.0
2024-12-21 19:00:00,426009.0,69.0,False,69.0
2024-12-21 20:00:00,426073.0,64.0,False,64.0
2024-12-21 21:00:00,426138.0,65.0,False,65.0
2024-12-21 22:00:00,426205.0,67.0,False,67.0
2024-12-21 23:00:00,426265.0,60.0,False,60.0
2024-12-22 00:00:00,426329.0,64.0,False,64.0
2024-12-22 01:00:00,426375.0,46.0,False,46.0
2024-12-22 02:00:00,426416.0,41.0,False,41.0
2024-12-22 03:00:00,426452.0,36.0,False,36.0
2024-12-22 04:00:00,426490.0,38.0,False,38.0
2024-12-22 05:00:00,426524.0,34.0,False,34.0
2024-12-22 06:00:00,426563.0,39.0,False,39.0
2024-12-22 07:00:00,426601.0,38.0,False,38.0
2024-12-22 08:00:00,426642.0,41.0,False,41.0
2024-12-22 09:00:00,426676.0,34.0,False,34.0
2024-12-22 10:00:00,426718.0,42.0,False,42.0
2024-12-22 11:00:00,426768.0,50.0,False,50.0
2024-12-22 12:00:00,426823.0,55.0,False,55.0
2024-12-22 13:00:00,426881.0,58.0,False,58.0
2024-12-22 14:00:00,426946.0,65.0,False,65.0
2024-12-22 15:00:00,427010.0,64.0,False,64.0
2024-12-22 16:00:00,427077.0,67.0,False,67.0
2024-12-22 17:00:00,427147.0,70.0,False,70.0
2024-12-22 18:00:00,427217.0,70.0,False,70.0
2024-12-22 19:00:00,427292.0,75.0,False,75.0
2024-12-22 20:00:00,427367.0,75.0,False,75.0
2024-12-22 21:00:00,427432.0,65.0,False,65.0
2024-12-22 22:00:00,427494.0,62.0,False,62.0
2024-12-22 23:00:00,427557.0,63.0,False,63.0
2024-12-23 00:00:00,427614.0,57.0,False,57.0
2024-12-23 01:00:00,427664.0,50.0,False,50.0
2024-12-23 02:00:00,427708.0,44.0,False,44.0
2024-12-23 03:00:00,427751.0,43.0,False,43.0
2024-12-23 04:00:00,427789.0,38.0,False,38.0
2024-12-23 05:00:00,427828.0,39.0,False,39.0
2024-12-23 06:00:00,427870.0,42.0,False,42.0
2024-12-23 07:00:00,427914.0,44.0,False,44.0
2024-12-23 08:00:00,427956.0,42.0,False,42.0
2024-12-23 09:00:00,428014.0,58.0,False,58.0
2024-12-23 10:00:00,428087.0,73.0,False,73.0
2024-12-23 11:00:00,428173.0,86.0,False,86.0
2024-12-23 12:00:00,428258.0,85.0,False,85.0
2024-12-23 13:00:00,428337.0,79.0,False,79.0
2024-12-23 14:00:00,428403.0,66.0,False,66.0
2024-12-23 15:00:00,428482.0,79.0,False,79.0
2024-12-23 16:00:00,428578.0,96.0,False,96.0
2024-12-23 17:00:00,428670.0,92.0,False,92.0
2024-12-23 18:00:00,428756.0,86.0,False,86.0
2024-12-23 19:00:00,428822.0,66.0,False,66.0
2024-12-23 20:00:00,428885.0,63.0,False,63.0
2024-12-23 21:00:00,428943.0,58.0,False,58.0
2024-12-23 22:00:00,429003.0,60.0,False,60.0
2024-12-23 23:00:00,429061.0,58.0,False,58.0
2024-12-24 00:00:00,429106.0,45.0,False,45.0
2024-12-24 01:00:00,429151.0,45.0,False,45.0
2024-12-24 02:00:00,429190.0,39.0,False,39.0
2024-12-24 03:00:00,429227.0,37.0,False,37.0
2024-12-24 04:00:00,429262.0,35.0,False,35.0
2024-12-24 05:00:00,429296.0,34.0,False,34.0
2024-12-24 06:00:00,429334.0,38.0,False,38.0
2024-12-24 07:00:00,429369.0,35.0,False,35.0
2024-12-24 08:00:00,429405.0,36.0,False,36.0
2024-12-24 09:00:00,429451.0,46.0,False,46.0
2024-12-24 10:00:00,429515.0,64.0,False,64.0
2024-12-24 11:00:00,429609.0,94.0,False,94.0
2024-12-24 12:00:00,429695.0,86.0,False,86.0
2024-12-24 13:00:00,429775.0,80.0,False,80.0
2024-12-24 14:00:00,429857.0,82.0,False,82.0
2024-12-24 15:00:00,429948.0,91.0,False,91.0
2024-12-24 16:00:00,430047.0,99.0,False,99.0
2024-12-24 17:00:00,430132.0,85.0,False,85.0
2024-12-24 18:00:00,430211.0,79.0,False,79.0
2024-12-24 19:00:00,430283.0,72.0,False,72.0
2024-12-24 20:00:00,430346.0,63.0,False,63.0
2024-12-24 21:00:00,430415.0,69.0,False,69.0
2024-12-24 22:00:00,430480.0,65.0,False,65.0
2024-12-24 23:00:00,430543.0,63.0,False,63.0
2024-12-25 00:00:00,430595.0,52.0,False,52.0
2024-12-25 01:00:00,430639.0,44.0,False,44.0
2024-12-25 02:00:00,430680.0,41.0,False,41.0
2024-12-25 03:00:00,430723.0,43.0,False,43.0
2024-12-25 04:00:00,430765.0,42.0,False,42.0
2024-12-25 05:00:00,430805.0,40.0,False,40.0
2024-12-25 06:00:00,430842.0,37.0,False,37.0
2024-12-25 07:00:00,430879.0,37.0,False,37.0
2024-12-25 08:00:00,430918.0,39.0,False,39.0
2024-12-25 09:00:00,430968.0,50.0,False,50.0
2024-12-25 10:00:00,431032.0,64.0,False,64.0
2024-12-25 11:00:00,431120.0,88.0,False,88.0
2024-12-25 12:00:00,431207.0,87.0,False,87.0
2024-12-25 13:00:00,431288.0,81.0,False,81.0
2024-12-25 14:00:00,431358.0,70.0,False,70.0
2024-12-25 15:00:00,431431.0,73.0,False,73.0
2024-12-25 16:00:00,431522.0,91.0,False,91.0
2024-12-25 17:00:00,431607.0,85.0,False,85.0
2024-12-25 18:00:00,431689.0,82.0,False,82.0
2024-12-25 19:00:00,431765.0,76.0,False,76.0
2024-12-25 20:00:00,431834.0,69.0,False,69.0
2024-12-25 21:00:00,431891.0,57.0,False,57.0
2024-12-25 22:00:00,431948.0,57.0,False,57.0
2024-12-25 23:00:00,432002.0,54.0,False,54.0
2024-12-26 00:00:00,432051.0,49.0,False,49.0
2024-12-26 01:00:00,432091.0,40.0,False,40.0
2024-12-26 02:00:00,432127.0,36.0,False,36.0
2024-12-26 03:00:00,432158.0,31.0,False,31.0
2024-12-26 04:00:00,432191.0,33.0,False,33.0
2024-12-26 05:00:00,432219.0,28.0,False,28.0
2024-12-26 06:00:00,432252.0,33.0,False,33.0
2024-12-26 07:00:00,432283.0,31.0,False,31.0
2024-12-26 08:00:00,432318.0,35.0,False,35.0
2024-12-26 09:00:00,432356.0,38.0,False,38.0
2024-12-26 10:00:00,432429.0,73.0,False,73.0
2024-12-26 11:00:00,432517.0,88.0,False,88.0
2024-12-26 12:00:00,432611.0,94.0,False,94.0
2024-12-26 13:00:00,432688.0,77.0,False,77.0
2024-12-26 14:00:00,432773.0,85.0,False,85.0
2024-12-26 15:00:00,432856.0,83.0,False,83.0
2024-12-26 16:00:00,432937.0,81.0,False,81.0
2024-12-26 17:00:00,433020.0,83.0,False,83.0
2024-12-26 18:00:00,433098.0,78.0,False,78.0
2024-12-26 19:00:00,433166.0,68.0,False,68.0
2024-12-26 20:00:00,433222.0,56.0,False,56.0
2024-12-26 21:00:00,433281.0,59.0,False,59.0
2024-12-26 22:00:00,433338.0,57.0,False,57.0
2024-12-26 23:00:00,433396.0,58.0,False,58.0
2024-12-27 00:00:00,433455.0,59.0,False,59.0
2024-12-27 01:00:00,433498.0,43.0,False,43.0
2024-12-27 02:00:00,433541.0,43.0,False,43.0
2024-12-27 03:00:00,433579.0,38.0,False,38.0
2024-12-27 04:00:00,433617.0,38.0,False,38.0
2024-12-27 05:00:00,433653.0,36.0,False,36.0
2024-12-27 06:00:00,433695.0,42.0,False,42.0
2024-12-27 07:00:00,433735.0,40.0,False,40.0
2024-12-27 08:00:00,433776.0,41.0,False,41.0
2024-12-27 09:00:00,433824.0,48.0,False,48.0
2024-12-27 10:00:00,433904.0,80.0,False,80.0
2024-12-27 11:00:00,433996.0,92.0,False,92.0
2024-12-27 12:00:00,434099.0,103.0,True,79.57
2024-12-27 13:00:00,434193.0,94.0,False,94.0
2024-12-27 14:00:00,434285.0,92.0,False,92.0
2024-12-27 15:00:00,434378.0,93.0,False,93.0
2024-12-27 16:00:00,434461.0,83.0,False,83.0
2024-12-27 17:00:00,434544.0,83.0,False,83.0
2024-12-27 18:00:00,434621.0,77.0,False,77.0
2024-12-27 19:00:00,434689.0,68.0,False,68.0
2024-12-27 20:00:00,434752.0,63.0,False,63.0
2024-12-27 21:00:00,434817.0,65.0,False,65.0
2024-12-27 22:00:00,434875.0,58.0,False,58.0
2024-12-27 23:00:00,434937.0,62.0,False,62.0
2024-12-28 00:00:00,434996.0,59.0,False,59.0
2024-12-28 01:00:00,435048.0,52.0,False,52.0
2024-12-28 02:00:00,435093.0,45.0,False,45.0
2024-12-28 03:00:00,435133.0,40.0,False,40.0
2024-12-28 04:00:00,435172.0,39.0,False,39.0
2024-12-28 05:00:00,435210.0,38.0,False,38.0
2024-12-28 06:00:00,435249.0,39.0,False,39.0
2024-12-28 07:00:00,435292.0,43.0,False,43.0
2024-12-28 08:00:00,435329.0,37.0,False,37.0
2024-12-28 09:00:00,435373.0,44.0,False,44.0
2024-12-28 10:00:00,435433.0,60.0,False,60.0
2024-12-28 11:00:00,435495.0,62.0,False,62.0
2024-12-28 12:00:00,435563.0,68.0,False,68.0
2024-12-28 13:00:00,435635.0,72.0,False,72.0
2024-12-28 14:00:00,435701.0,66.0,False,66.0
2024-12-28 15:00:00,435764.0,63.0,False,63.0
2024-12-28 16:00:00,435832.0,68.0,False,68.0
2024-12-28 17:00:00,435898.0,66.0,False,66.0
2024-12-28 18:00:00,435954.0,56.0,False,56.0
2024-12-28 19:00:00,436023.0,69.0,False,69.0
2024-12-28 20:00:00,436091.0,68.0,False,68.0
2024-12-28 21:00:00,436151.0,60.0,False,60.0
2024-12-28 22:00:00,436213.0,62.0,False,62.0
2024-12-28 23:00:00,436266.0,53.0,False,53.0
2024-12-29 00:00:00,436317.0,51.0,False,51.0
2024-12-29 01:00:00,436369.0,52.0,False,52.0
2024-12-29 02:00:00,436417.0,48.0,False,48.0
2024-12-29 03:00:00,436465.0,48.0,False,48.0
2024-12-29 04:00:00,436505.0,40.0,False,40.0
2024-12-29 05:00:00,436544.0,39.0,False,39.0
2024-12-29 06:00:00,436581.0,37.0,False,37.0
2024-12-29 07:00:00,436624.0,43.0,False,43.0
2024-12-29 08:00:00,436666.0,42.0,False,42.0
2024-12-29 09:00:00,436706.0,40.0,False,40.0
2024-12-29 10:00:00,436754.0,48.0,False,48.0
2024-12-29 11:00:00,436804.0,50.0,False,50.0
2024-12-29 12:00:00,436857.0,53.0,False,53.0
2024-12-29 13:00:00,436909.0,52.0,False,52.0
2024-12-29 14:00:00,436960.0,51.0,False,51.0
2024-12-29 15:00:00,437012.0,52.0,False,52.0
2024-12-29 16:00:00,437063.0,51.0,False,51.0
2024-12-29 17:00:00,437119.0,56.0,False,56.0
2024-12-29 18:00:00,437176.0,57.0,False,57.0
2024-12-29 19:00:00,437234.0,58.0,False,58.0
2024-12-29 20:00:00,437296.0,62.0,False,62.0
2024-12-29 21:00:00,437358.0,62.0,False,62.0
2024-12-29 22:00:00,437414.0,56.0,False,56.0
2024-12-29 23:00:00,437464.0,50.0,False,50.0
2024-12-30 00:00:00,437508.0,44.0,False,44.0
2024-12-30 01:00:00,437545.0,37.0,False,37.0
2024-12-30 02:00:00,437587.0,42.0,False,42.0
2024-12-30 03:00:00,437625.0,38.0,False,38.0
2024-12-30 04:00:00,437663.0,38.0,False,38.0
2024-12-30 05:00:00,437702.0,39.0,False,39.0
2024-12-30 06:00:00,437739.0,37.0,False,37.0
2024-12-30 07:00:00,437775.0,36.0,False,36.0
2024-12-30 08:00:00,437818.0,43.0,False,43.0
2024-12-30 09:00:00,437874.0,56.0,False,56.0
2024-12-30 10:00:00,437951.0,77.0,False,77.0
2024-12-30 11:00:00,438058.0,107.0,False,107.0
2024-12-30 12:00:00,438158.0,100.0,False,100.0
2024-12-30 13:00:00,438253.0,95.0,False,95.0
2024-12-30 14:00:00,438351.0,98.0,False,98.0
2024-12-30 15:00:00,438447.0,96.0,False,96.0
2024-12-30 16:00:00,438529.0,82.0,False,82.0
2024-12-30 17:00:00,438606.0,77.0,False,77.0
2024-12-30 18:00:00,438677.0,71.0,False,71.0
2024-12-30 19:00:00,438745.0,68.0,False,68.0
2024-12-30 20:00:00,438813.0,68.0,False,68.0
2024-12-30 21:00:00,438880.0,67.0,False,67.0
2024-12-30 22:00:00,438940.0,60.0,False,60.0
2024-12-30 23:00:00,438993.0,53.0,False,53.0
2024-12-31 00:00:00,439043.0,50.0,False,50.0
2024-12-31 01:00:00,439087.0,44.0,False,44.0
2024-12-31 02:00:00,439132.0,45.0,False,45.0
2024-12-31 03:00:00,439176.0,44.0,False,44.0
2024-12-31 04:00:00,439215.0,39.0,False,39.0
2024-12-31 05:00:00,439258.0,43.0,False,43.0
2024-12-31 06:00:00,439298.0,40.0,False,40.0
2024-12-31 07:00:00,439337.0,39.0,False,39.0
2024-12-31 08:00:00,439380.0,43.0,False,43.0
2024-12-31 09:00:00,439438.0,58.0,False,58.0
2024-12-31 10:00:00,439516.0,78.0,False,78.0
2024-12-31 11:00:00,439594.0,78.0,False,78.0
2024-12-31 12:00:00,439674.0,80.0,False,80.0
2024-12-31 13:00:00,439741.0,67.0,False,67.0
2024-12-31 14:00:00,439807.0,66.0,False,66.0
2024-12-31 15:00:00,439877.0,70.0,False,70.0
2024-12-31 16:00:00,439955.0,78.0,False,78.0
2024-12-31 17:00:00,440024.0,69.0,False,69.0
2024-12-31 18:00:00,440087.0,63.0,False,63.0
2024-12-31 19:00:00,440137.0,50.0,False,50.0
2024-12-31 20:00:00,440188.0,51.0,False,51.0
2024-12-31 21:00:00,440239.0,51.0,False,51.0
2024-12-31 22:00:00,440290.0,51.0,False,51.0
2024-12-31 23:00:00,440335.0,45.0,False,45.0
