timestamp,load_kwh,hourly_kwh,is_outlier_mad,hourly_kwh_clean
2024-01-01 00:00:00,6751.0,,False,
2024-01-01 01:00:00,6759.0,8.0,False,8.0
2024-01-01 02:00:00,6767.0,8.0,False,8.0
2024-01-01 03:00:00,6775.0,8.0,False,8.0
2024-01-01 04:00:00,6782.0,7.0,False,7.0
2024-01-01 05:00:00,6792.0,10.0,False,10.0
2024-01-01 06:00:00,6799.0,7.0,False,7.0
2024-01-01 07:00:00,6807.0,8.0,False,8.0
2024-01-01 08:00:00,6814.0,7.0,False,7.0
2024-01-01 09:00:00,6822.0,8.0,False,8.0
2024-01-01 10:00:00,6831.0,9.0,False,9.0
2024-01-01 11:00:00,6841.0,10.0,False,10.0
2024-01-01 12:00:00,6852.0,11.0,False,11.0
2024-01-01 13:00:00,6862.0,10.0,False,10.0
2024-01-01 14:00:00,6872.0,10.0,False,10.0
2024-01-01 15:00:00,6883.0,11.0,False,11.0
2024-01-01 16:00:00,6894.0,11.0,False,11.0
2024-01-01 17:00:00,6905.0,11.0,False,11.0
2024-01-01 18:00:00,6915.0,10.0,False,10.0
2024-01-01 19:00:00,6925.0,10.0,False,10.0
2024-01-01 20:00:00,6934.0,9.0,False,9.0
2024-01-01 21:00:00,6945.0,11.0,False,11.0
2024-01-01 22:00:00,6955.0,10.0,False,10.0
2024-01-01 23:00:00,6963.0,8.0,False,8.0
2024-01-02 00:00:00,6972.0,9.0,False,9.0
2024-01-02 01:00:00,6980.0,8.0,False,8.0
2024-01-02 02:00:00,6989.0,9.0,False,9.0
2024-01-02 03:00:00,6995.0,6.0,False,6.0
2024-01-02 04:00:00,7002.0,7.0,False,7.0
2024-01-02 05:00:00,7009.0,7.0,False,7.0
2024-01-02 06:00:00,7016.0,7.0,False,7.0
2024-01-02 07:00:00,7022.0,6.0,False,6.0
2024-01-02 08:00:00,7030.0,8.0,False,8.0
2024-01-02 09:00:00,7041.0,11.0,False,11.0
2024-01-02 10:00:00,7054.0,13.0,False,13.0
2024-01-02 11:00:00,7067.0,13.0,False,13.0
2024-01-02 12:00:00,7079.0,12.0,False,12.0
2024-01-02 13:00:00,7090.0,11.0,False,11.0
2024-01-02 14:00:00,7101.0,11.0,False,11.0
2024-01-02 15:00:00,7113.0,12.0,False,12.0
2024-01-02 16:00:00,7126.0,13.0,False,13.0
2024-01-02 17:00:00,7139.0,13.0,False,13.0
2024-01-02 18:00:00,7151.0,12.0,False,12.0
2024-01-02 19:00:00,7160.0,9.0,False,9.0
2024-01-02 20:00:00,7170.0,10.0,False,10.0
2024-01-02 21:00:00,7180.0,10.0,False,10.0
2024-01-02 22:00:00,7191.0,11.0,False,11.0
2024-01-02 23:00:00,7200.0,9.0,False,9.0
2024-01-03 00:00:00,7208.0,8.0,False,8.0
2024-01-03 01:00:00,7216.0,8.0,False,8.0
2024-01-03 02:00:00,7221.0,5.0,False,5.0
2024-01-03 03:00:00,7228.0,7.0,False,7.0
2024-01-03 04:00:00,7233.0,5.0,False,5.0
2024-01-03 05:00:00,7239.0,6.0,False,6.0
2024-01-03 06:00:00,7244.0,5.0,False,5.0
2024-01-03 07:00:00,7250.0,6.0,False,6.0
2024-01-03 08:00:00,7257.0,7.0,False,7.0
2024-01-03 09:00:00,7267.0,10.0,False,10.0
2024-01-03 10:00:00,7280.0,13.0,False,13.0
2024-01-03 11:00:00,7293.0,13.0,False,13.0
2024-01-03 12:00:00,7305.0,12.0,False,12.0
2024-01-03 13:00:00,7315.0,10.0,False,10.0
2024-01-03 14:00:00,7325.0,10.0,False,10.0
2024-01-03 15:00:00,7335.0,10.0,False,10.0
2024-01-03 16:00:00,7348.0,13.0,False,13.0
2024-01-03 17:00:00,7361.0,13.0,False,13.0
2024-01-03 18:00:00,7374.0,13.0,False,13.0
2024-01-03 19:00:00,7386.0,12.0,False,12.0
2024-01-03 20:00:00,7396.0,10.0,False,10.0
2024-01-03 21:00:00,7406.0,10.0,False,10.0
2024-01-03 22:00:00,7414.0,8.0,False,8.0
2024-01-03 23:00:00,7423.0,9.0,False,9.0
2024-01-04 00:00:00,7430.0,7.0,False,7.0
2024-01-04 01:00:00,7437.0,7.0,False,7.0
2024-01-04 02:00:00,7444.0,7.0,False,7.0
2024-01-04 03:00:00,7450.0,6.0,False,6.0
2024-01-04 04:00:00,7457.0,7.0,False,7.0
2024-01-04 05:00:00,7462.0,5.0,False,5.0
2024-01-04 06:00:00,7468.0,6.0,False,6.0
2024-01-04 07:00:00,7473.0,5.0,False,5.0
2024-01-04 08:00:00,7480.0,7.0,False,7.0
2024-01-04 09:00:00,7487.0,7.0,False,7.0
2024-01-04 10:00:00,7498.0,11.0,False,11.0
2024-01-04 11:00:00,7510.0,12.0,False,12.0
2024-01-04 12:00:00,7520.0,10.0,False,10.0
2024-01-04 13:00:00,7531.0,11.0,False,11.0
2024-01-04 14:00:00,7541.0,10.0,False,10.0
2024-01-04 15:00:00,7553.0,12.0,False,12.0
2024-01-04 16:00:00,7565.0,12.0,False,12.0
2024-01-04 17:00:00,7577.0,12.0,False,12.0
2024-01-04 18:00:00,7589.0,12.0,False,12.0
2024-01-04 19:00:00,7599.0,10.0,False,10.0
2024-01-04 20:00:00,7609.0,10.0,False,10.0
2024-01-04 21:00:00,7621.0,12.0,False,12.0
2024-01-04 22:00:00,7632.0,11.0,False,11.0
2024-01-04 23:00:00,7643.0,11.0,False,11.0
2024-01-05 00:00:00,7652.0,9.0,False,9.0
2024-01-05 01:00:00,7660.0,8.0,False,8.0
2024-01-05 02:00:00,7666.0,6.0,False,6.0
2024-01-05 03:00:00,7674.0,8.0,False,8.0
2024-01-05 04:00:00,7680.0,6.0,False,6.0
2024-01-05 05:00:00,7686.0,6.0,False,6.0
2024-01-05 06:00:00,7692.0,6.0,False,6.0
2024-01-05 07:00:00,7698.0,6.0,False,6.0
2024-01-05 08:00:00,7705.0,7.0,False,7.0
2024-01-05 09:00:00,7715.0,10.0,False,10.0
2024-01-05 10:00:00,7726.0,11.0,False,11.0
2024-01-05 11:00:00,7736.0,10.0,False,10.0
2024-01-05 12:00:00,7747.0,11.0,False,11.0
2024-01-05 13:00:00,7757.0,10.0,False,10.0
2024-01-05 14:00:00,7767.0,10.0,False,10.0
2024-01-05 15:00:00,7779.0,12.0,False,12.0
2024-01-05 16:00:00,7794.0,15.0,False,15.0
2024-01-05 17:00:00,7809.0,15.0,False,15.0
2024-01-05 18:00:00,7822.0,13.0,False,13.0
2024-01-05 19:00:00,7834.0,12.0,False,12.0
2024-01-05 20:00:00,7844.0,10.0,False,10.0
2024-01-05 21:00:00,7854.0,10.0,False,10.0
2024-01-05 22:00:00,7864.0,10.0,False,10.0
2024-01-05 23:00:00,7874.0,10.0,False,10.0
2024-01-06 00:00:00,7885.0,11.0,False,11.0
2024-01-06 01:00:00,7893.0,8.0,False,8.0
2024-01-06 02:00:00,7900.0,7.0,False,7.0
2024-01-06 03:00:00,7907.0,7.0,False,7.0
2024-01-06 04:00:00,7915.0,8.0,False,8.0
2024-01-06 05:00:00,7922.0,7.0,False,7.0
2024-01-06 06:00:00,7930.0,8.0,False,8.0
2024-01-06 07:00:00,7936.0,6.0,False,6.0
2024-01-06 08:00:00,7943.0,7.0,False,7.0
2024-01-06 09:00:00,7951.0,8.0,False,8.0
2024-01-06 10:00:00,7961.0,10.0,False,10.0
2024-01-06 11:00:00,7973.0,12.0,False,12.0
2024-01-06 12:00:00,7982.0,9.0,False,9.0
2024-01-06 13:00:00,7991.0,9.0,False,9.0
2024-01-06 14:00:00,8000.0,9.0,False,9.0
2024-01-06 15:00:00,8011.0,11.0,False,11.0
2024-01-06 16:00:00,8021.0,10.0,False,10.0
2024-01-06 17:00:00,8030.0,9.0,False,9.0
2024-01-06 18:00:00,8039.0,9.0,False,9.0
2024-01-06 19:00:00,8048.0,9.0,False,9.0
2024-01-06 20:00:00,8057.0,9.0,False,9.0
2024-01-06 21:00:00,8065.0,8.0,False,8.0
2024-01-06 22:00:00,8073.0,8.0,False,8.0
2024-01-06 23:00:00,8081.0,8.0,False,8.0
2024-01-07 00:00:00,8088.0,7.0,False,7.0
2024-01-07 01:00:00,8096.0,8.0,False,8.0
2024-01-07 02:00:00,8101.0,5.0,False,5.0
2024-01-07 03:00:00,8107.0,6.0,False,6.0
2024-01-07 04:00:00,8113.0,6.0,False,6.0
2024-01-07 05:00:00,8118.0,5.0,False,5.0
2024-01-07 06:00:00,8124.0,6.0,False,6.0
2024-01-07 07:00:00,8130.0,6.0,False,6.0
2024-01-07 08:00:00,8136.0,6.0,False,6.0
2024-01-07 09:00:00,8141.0,5.0,False,5.0
2024-01-07 10:00:00,8150.0,9.0,False,9.0
2024-01-07 11:00:00,8160.0,10.0,False,10.0
2024-01-07 12:00:00,8169.0,9.0,False,9.0
2024-01-07 13:00:00,8178.0,9.0,False,9.0
2024-01-07 14:00:00,8186.0,8.0,False,8.0
2024-01-07 15:00:00,8195.0,9.0,False,9.0
2024-01-07 16:00:00,8204.0,9.0,False,9.0
2024-01-07 17:00:00,8214.0,10.0,False,10.0
2024-01-07 18:00:00,8224.0,10.0,False,10.0
2024-01-07 19:00:00,8234.0,10.0,False,10.0
2024-01-07 20:00:00,8245.0,11.0,False,11.0
2024-01-07 21:00:00,8255.0,10.0,False,10.0
2024-01-07 22:00:00,8264.0,9.0,False,9.0
2024-01-07 23:00:00,8273.0,9.0,False,9.0
2024-01-08 00:00:00,8279.0,6.0,False,6.0
2024-01-08 01:00:00,8286.0,7.0,False,7.0
2024-01-08 02:00:00,8291.0,5.0,False,5.0
2024-01-08 03:00:00,8297.0,6.0,False,6.0
2024-01-08 04:00:00,8302.0,5.0,False,5.0
2024-01-08 05:00:00,8309.0,7.0,False,7.0
2024-01-08 06:00:00,8316.0,7.0,False,7.0
2024-01-08 07:00:00,8321.0,5.0,False,5.0
2024-01-08 08:00:00,8328.0,7.0,False,7.0
2024-01-08 09:00:00,8337.0,9.0,False,9.0
2024-01-08 10:00:00,8351.0,14.0,False,14.0
2024-01-08 11:00:00,8363.0,12.0,False,12.0
2024-01-08 12:00:00,8375.0,12.0,False,12.0
2024-01-08 13:00:00,8385.0,10.0,False,10.0
2024-01-08 14:00:00,8393.0,8.0,False,8.0
2024-01-08 15:00:00,8406.0,13.0,False,13.0
2024-01-08 16:00:00,8416.0,10.0,False,10.0
2024-01-08 17:00:00,8432.0,16.0,False,16.0
2024-01-08 18:00:00,8444.0,12.0,False,12.0
2024-01-08 19:00:00,8454.0,10.0,False,10.0
2024-01-08 20:00:00,8466.0,12.0,False,12.0
2024-01-08 21:00:00,8476.0,10.0,False,10.0
2024-01-08 22:00:00,8488.0,12.0,False,12.0
2024-01-08 23:00:00,8498.0,10.0,False,10.0
2024-01-09 00:00:00,8506.0,8.0,False,8.0
2024-01-09 01:00:00,8515.0,9.0,False,9.0
2024-01-09 02:00:00,8522.0,7.0,False,7.0
2024-01-09 03:00:00,8529.0,7.0,False,7.0
2024-01-09 04:00:00,8535.0,6.0,False,6.0
2024-01-09 05:00:00,8542.0,7.0,False,7.0
2024-01-09 06:00:00,8549.0,7.0,False,7.0
2024-01-09 07:00:00,8555.0,6.0,False,6.0
2024-01-09 08:00:00,8562.0,7.0,False,7.0
2024-01-09 09:00:00,8572.0,10.0,False,10.0
2024-01-09 10:00:00,8585.0,13.0,False,13.0
2024-01-09 11:00:00,8602.0,17.0,False,17.0
2024-01-09 12:00:00,8615.0,13.0,False,13.0
2024-01-09 13:00:00,8625.0,10.0,False,10.0
2024-01-09 14:00:00,8637.0,12.0,False,12.0
2024-01-09 15:00:00,8649.0,12.0,False,12.0
2024-01-09 16:00:00,8661.0,12.0,False,12.0
2024-01-09 17:00:00,8673.0,12.0,False,12.0
2024-01-09 18:00:00,8685.0,12.0,False,12.0
2024-01-09 19:00:00,8697.0,12.0,False,12.0
2024-01-09 20:00:00,8707.0,10.0,False,10.0
2024-01-09 21:00:00,8717.0,10.0,False,10.0
2024-01-09 22:00:00,8726.0,9.0,False,9.0
2024-01-09 23:00:00,8735.0,9.0,False,9.0
2024-01-10 00:00:00,8744.0,9.0,False,9.0
2024-01-10 01:00:00,8753.0,9.0,False,9.0
2024-01-10 02:00:00,8761.0,8.0,False,8.0
2024-01-10 03:00:00,8769.0,8.0,False,8.0
2024-01-10 04:00:00,8777.0,8.0,False,8.0
2024-01-10 05:00:00,8783.0,6.0,False,6.0
2024-01-10 06:00:00,8790.0,7.0,False,7.0
2024-01-10 07:00:00,8798.0,8.0,False,8.0
2024-01-10 08:00:00,8807.0,9.0,False,9.0
2024-01-10 09:00:00,8817.0,10.0,False,10.0
2024-01-10 10:00:00,8829.0,12.0,False,12.0
2024-01-10 11:00:00,8842.0,13.0,False,13.0
2024-01-10 12:00:00,8854.0,12.0,False,12.0
2024-01-10 13:00:00,8865.0,11.0,False,11.0
2024-01-10 14:00:00,8878.0,13.0,False,13.0
2024-01-10 15:00:00,,,False,11.29
2024-01-10 16:00:00,87591.0,,False,11.57
2024-01-10 17:00:00,87751.0,160.0,False,160.0
2024-01-10 18:00:00,87907.0,156.0,False,156.0
2024-01-10 19:00:00,88050.0,143.0,False,143.0
2024-01-10 20:00:00,88183.0,133.0,False,133.0
2024-01-10 21:00:00,88317.0,134.0,False,134.0
2024-01-10 22:00:00,88449.0,132.0,False,132.0
2024-01-10 23:00:00,88574.0,125.0,False,125.0
2024-01-11 00:00:00,88678.0,104.0,False,104.0
2024-01-11 01:00:00,88760.0,82.0,False,82.0
2024-01-11 02:00:00,88831.0,71.0,False,71.0
2024-01-11 03:00:00,88899.0,68.0,False,68.0
2024-01-11 04:00:00,88963.0,64.0,False,64.0
2024-01-11 05:00:00,89028.0,65.0,False,65.0
2024-01-11 06:00:00,89090.0,62.0,False,62.0
2024-01-11 07:00:00,89154.0,64.0,False,64.0
2024-01-11 08:00:00,89218.0,64.0,False,64.0
2024-01-11 09:00:00,89307.0,89.0,False,89.0
2024-01-11 10:00:00,89433.0,126.0,False,126.0
2024-01-11 11:00:00,89578.0,145.0,False,145.0
2024-01-11 12:00:00,89723.0,145.0,False,145.0
2024-01-11 13:00:00,89856.0,133.0,False,133.0
2024-01-11 14:00:00,89990.0,134.0,False,134.0
2024-01-11 15:00:00,90132.0,142.0,False,142.0
2024-01-11 16:00:00,90278.0,146.0,False,146.0
2024-01-11 17:00:00,90420.0,142.0,False,142.0
2024-01-11 18:00:00,90559.0,139.0,False,139.0
2024-01-11 19:00:00,90685.0,126.0,False,126.0
2024-01-11 20:00:00,90806.0,121.0,False,121.0
2024-01-11 21:00:00,90921.0,115.0,False,115.0
2024-01-11 22:00:00,91041.0,120.0,False,120.0
2024-01-11 23:00:00,91144.0,103.0,False,103.0
2024-01-12 00:00:00,91233.0,89.0,False,89.0
2024-01-12 01:00:00,91309.0,76.0,False,76.0
2024-01-12 02:00:00,91378.0,69.0,False,69.0
2024-01-12 03:00:00,91445.0,67.0,False,67.0
2024-01-12 04:00:00,91513.0,68.0,False,68.0
2024-01-12 05:00:00,91580.0,67.0,False,67.0
2024-01-12 06:00:00,91645.0,65.0,False,65.0
2024-01-12 07:00:00,91712.0,67.0,False,67.0
2024-01-12 08:00:00,91780.0,68.0,False,68.0
2024-01-12 09:00:00,91878.0,98.0,False,98.0
2024-01-12 10:00:00,91997.0,119.0,False,119.0
2024-01-12 11:00:00,92132.0,135.0,False,135.0
2024-01-12 12:00:00,92272.0,140.0,False,140.0
2024-01-12 13:00:00,92395.0,123.0,False,123.0
2024-01-12 14:00:00,92515.0,120.0,False,120.0
2024-01-12 15:00:00,92641.0,126.0,False,126.0
2024-01-12 16:00:00,92767.0,126.0,False,126.0
2024-01-12 17:00:00,92896.0,129.0,False,129.0
2024-01-12 18:00:00,93034.0,138.0,False,138.0
2024-01-12 19:00:00,93149.0,115.0,False,115.0
2024-01-12 20:00:00,93251.0,102.0,False,102.0
2024-01-12 21:00:00,93352.0,101.0,False,101.0
2024-01-12 22:00:00,93452.0,100.0,False,100.0
2024-01-12 23:00:00,93544.0,92.0,False,92.0
2024-01-13 00:00:00,93623.0,79.0,False,79.0
2024-01-13 01:00:00,93693.0,70.0,False,70.0
2024-01-13 02:00:00,93761.0,68.0,False,68.0
2024-01-13 03:00:00,93829.0,68.0,False,68.0
2024-01-13 04:00:00,93894.0,65.0,False,65.0
2024-01-13 05:00:00,93960.0,66.0,False,66.0
2024-01-13 06:00:00,94027.0,67.0,False,67.0
2024-01-13 07:00:00,94095.0,68.0,False,68.0
2024-01-13 08:00:00,94162.0,67.0,False,67.0
2024-01-13 09:00:00,94241.0,79.0,False,79.0
2024-01-13 10:00:00,94329.0,88.0,False,88.0
2024-01-13 11:00:00,94428.0,99.0,False,99.0
2024-01-13 12:00:00,94525.0,97.0,False,97.0
2024-01-13 13:00:00,94621.0,96.0,False,96.0
2024-01-13 14:00:00,94717.0,96.0,False,96.0
2024-01-13 15:00:00,94822.0,105.0,False,105.0
2024-01-13 16:00:00,94932.0,110.0,False,110.0
2024-01-13 17:00:00,95043.0,111.0,False,111.0
2024-01-13 18:00:00,95152.0,109.0,False,109.0
2024-01-13 19:00:00,95254.0,102.0,False,102.0
2024-01-13 20:00:00,95355.0,101.0,False,101.0
2024-01-13 21:00:00,95460.0,105.0,False,105.0
2024-01-13 22:00:00,95571.0,111.0,False,111.0
2024-01-13 23:00:00,95671.0,100.0,False,100.0
2024-01-14 00:00:00,95756.0,85.0,False,85.0
2024-01-14 01:00:00,95838.0,82.0,False,82.0
2024-01-14 02:00:00,95910.0,72.0,False,72.0
2024-01-14 03:00:00,95978.0,68.0,False,68.0
2024-01-14 04:00:00,96044.0,66.0,False,66.0
2024-01-14 05:00:00,96110.0,66.0,False,66.0
2024-01-14 06:00:00,96176.0,66.0,False,66.0
2024-01-14 07:00:00,96241.0,65.0,False,65.0
2024-01-14 08:00:00,96308.0,67.0,False,67.0
2024-01-14 09:00:00,96385.0,77.0,False,77.0
2024-01-14 10:00:00,96468.0,83.0,False,83.0
2024-01-14 11:00:00,96563.0,95.0,False,95.0
2024-01-14 12:00:00,96664.0,101.0,False,101.0
2024-01-14 13:00:00,96760.0,96.0,False,96.0
2024-01-14 14:00:00,96854.0,94.0,False,94.0
2024-01-14 15:00:00,96952.0,98.0,False,98.0
2024-01-14 16:00:00,97069.0,117.0,False,117.0
2024-01-14 17:00:00,97183.0,114.0,False,114.0
2024-01-14 18:00:00,97293.0,110.0,False,110.0
2024-01-14 19:00:00,97402.0,109.0,False,109.0
2024-01-14 20:00:00,97519.0,117.0,False,117.0
2024-01-14 21:00:00,97639.0,120.0,False,120.0
2024-01-14 22:00:00,97766.0,127.0,False,127.0
2024-01-14 23:00:00,97877.0,111.0,False,111.0
2024-01-15 00:00:00,97978.0,101.0,False,101.0
2024-01-15 01:00:00,98063.0,85.0,False,85.0
2024-01-15 02:00:00,98139.0,76.0,False,76.0
2024-01-15 03:00:00,98213.0,74.0,False,74.0
2024-01-15 04:00:00,98281.0,68.0,False,68.0
2024-01-15 05:00:00,98352.0,71.0,False,71.0
2024-01-15 06:00:00,98418.0,66.0,False,66.0
2024-01-15 07:00:00,98485.0,67.0,False,67.0
2024-01-15 08:00:00,98553.0,68.0,False,68.0
2024-01-15 09:00:00,98648.0,95.0,False,95.0
2024-01-15 10:00:00,98770.0,122.0,False,122.0
2024-01-15 11:00:00,98907.0,137.0,False,137.0
2024-01-15 12:00:00,99051.0,144.0,False,144.0
2024-01-15 13:00:00,99184.0,133.0,False,133.0
2024-01-15 14:00:00,99322.0,138.0,False,138.0
2024-01-15 15:00:00,99474.0,152.0,False,152.0
2024-01-15 16:00:00,99630.0,156.0,False,156.0
2024-01-15 17:00:00,99796.0,166.0,False,166.0
2024-01-15 18:00:00,99957.0,161.0,False,161.0
2024-01-15 19:00:00,100099.0,142.0,False,142.0
2024-01-15 20:00:00,100231.0,132.0,False,132.0
2024-01-15 21:00:00,100360.0,129.0,False,129.0
2024-01-15 22:00:00,100486.0,126.0,False,126.0
2024-01-15 23:00:00,100610.0,124.0,False,124.0
2024-01-16 00:00:00,100722.0,112.0,False,112.0
2024-01-16 01:00:00,100817.0,95.0,False,95.0
2024-01-16 02:00:00,100905.0,88.0,False,88.0
2024-01-16 03:00:00,100988.0,83.0,False,83.0
2024-01-16 04:00:00,101065.0,77.0,False,77.0
2024-01-16 05:00:00,101141.0,76.0,False,76.0
2024-01-16 06:00:00,101216.0,75.0,False,75.0
2024-01-16 07:00:00,101292.0,76.0,False,76.0
2024-01-16 08:00:00,101363.0,71.0,False,71.0
2024-01-16 09:00:00,101456.0,93.0,False,93.0
2024-01-16 10:00:00,101583.0,127.0,False,127.0
2024-01-16 11:00:00,101726.0,143.0,False,143.0
2024-01-16 12:00:00,101874.0,148.0,False,148.0
2024-01-16 13:00:00,102007.0,133.0,False,133.0
2024-01-16 14:00:00,102132.0,125.0,False,125.0
2024-01-16 15:00:00,102279.0,147.0,False,147.0
2024-01-16 16:00:00,102434.0,155.0,False,155.0
2024-01-16 17:00:00,102600.0,166.0,False,166.0
2024-01-16 18:00:00,102763.0,163.0,False,163.0
2024-01-16 19:00:00,102911.0,148.0,False,148.0
2024-01-16 20:00:00,103047.0,136.0,False,136.0
2024-01-16 21:00:00,103178.0,131.0,False,131.0
2024-01-16 22:00:00,103303.0,125.0,False,125.0
2024-01-16 23:00:00,103423.0,120.0,False,120.0
2024-01-17 00:00:00,103535.0,112.0,False,112.0
2024-01-17 01:00:00,103627.0,92.0,False,92.0
2024-01-17 02:00:00,103708.0,81.0,False,81.0
2024-01-17 03:00:00,103786.0,78.0,False,78.0
2024-01-17 04:00:00,103859.0,73.0,False,73.0
2024-01-17 05:00:00,103930.0,71.0,False,71.0
2024-01-17 06:00:00,104002.0,72.0,False,72.0
2024-01-17 07:00:00,104072.0,70.0,False,70.0
2024-01-17 08:00:00,104141.0,69.0,False,69.0
2024-01-17 09:00:00,104243.0,102.0,False,102.0
2024-01-17 10:00:00,104381.0,138.0,False,138.0
2024-01-17 11:00:00,104543.0,162.0,False,162.0
2024-01-17 12:00:00,104710.0,167.0,False,167.0
2024-01-17 13:00:00,104857.0,147.0,False,147.0
2024-01-17 14:00:00,105002.0,145.0,False,145.0
2024-01-17 15:00:00,105162.0,160.0,False,160.0
2024-01-17 16:00:00,105336.0,174.0,False,174.0
2024-01-17 17:00:00,105515.0,179.0,False,179.0
2024-01-17 18:00:00,105701.0,186.0,False,186.0
2024-01-17 19:00:00,105855.0,154.0,False,154.0
2024-01-17 20:00:00,106006.0,151.0,False,151.0
2024-01-17 21:00:00,106155.0,149.0,False,149.0
2024-01-17 22:00:00,106297.0,142.0,False,142.0
2024-01-17 23:00:00,106427.0,130.0,False,130.0
2024-01-18 00:00:00,106544.0,117.0,False,117.0
2024-01-18 01:00:00,106642.0,98.0,False,98.0
2024-01-18 02:00:00,106732.0,90.0,False,90.0
2024-01-18 03:00:00,106811.0,79.0,False,79.0
2024-01-18 04:00:00,106884.0,73.0,False,73.0
2024-01-18 05:00:00,106950.0,66.0,False,66.0
2024-01-18 06:00:00,107018.0,68.0,False,68.0
2024-01-18 07:00:00,107084.0,66.0,False,66.0
2024-01-18 08:00:00,107152.0,68.0,False,68.0
2024-01-18 09:00:00,107237.0,85.0,False,85.0
2024-01-18 10:00:00,107366.0,129.0,False,129.0
2024-01-18 11:00:00,107523.0,157.0,False,157.0
2024-01-18 12:00:00,107689.0,166.0,False,166.0
2024-01-18 13:00:00,107837.0,148.0,False,148.0
2024-01-18 14:00:00,107987.0,150.0,False,150.0
2024-01-18 15:00:00,108150.0,163.0,False,163.0
2024-01-18 16:00:00,108302.0,152.0,False,152.0
2024-01-18 17:00:00,108468.0,166.0,False,166.0
2024-01-18 18:00:00,108628.0,160.0,False,160.0
2024-01-18 19:00:00,108775.0,147.0,False,147.0
2024-01-18 20:00:00,108906.0,131.0,False,131.0
2024-01-18 21:00:00,109030.0,124.0,False,124.0
2024-01-18 22:00:00,109155.0,125.0,False,125.0
2024-01-18 23:00:00,109268.0,113.0,False,113.0
2024-01-19 00:00:00,109358.0,90.0,False,90.0
2024-01-19 01:00:00,109432.0,74.0,False,74.0
2024-01-19 02:00:00,109502.0,70.0,False,70.0
2024-01-19 03:00:00,109565.0,63.0,False,63.0
2024-01-19 04:00:00,109627.0,62.0,False,62.0
2024-01-19 05:00:00,109690.0,63.0,False,63.0
2024-01-19 06:00:00,109752.0,62.0,False,62.0
2024-01-19 07:00:00,109814.0,62.0,False,62.0
2024-01-19 08:00:00,109879.0,65.0,False,65.0
2024-01-19 09:00:00,109964.0,85.0,False,85.0
2024-01-19 10:00:00,110090.0,126.0,False,126.0
2024-01-19 11:00:00,110241.0,151.0,False,151.0
2024-01-19 12:00:00,110388.0,147.0,False,147.0
2024-01-19 13:00:00,110518.0,130.0,False,130.0
2024-01-19 14:00:00,110646.0,128.0,False,128.0
2024-01-19 15:00:00,110784.0,138.0,False,138.0
2024-01-19 16:00:00,110934.0,150.0,False,150.0
2024-01-19 17:00:00,111091.0,157.0,False,157.0
2024-01-19 18:00:00,111254.0,163.0,False,163.0
2024-01-19 19:00:00,111405.0,151.0,False,151.0
2024-01-19 20:00:00,111535.0,130.0,False,130.0
2024-01-19 21:00:00,111659.0,124.0,False,124.0
2024-01-19 22:00:00,111778.0,119.0,False,119.0
2024-01-19 23:00:00,111888.0,110.0,False,110.0
2024-01-20 00:00:00,111985.0,97.0,False,97.0
2024-01-20 01:00:00,112061.0,76.0,False,76.0
2024-01-20 02:00:00,112130.0,69.0,False,69.0
2024-01-20 03:00:00,112197.0,67.0,False,67.0
2024-01-20 04:00:00,112262.0,65.0,False,65.0
2024-01-20 05:00:00,112327.0,65.0,False,65.0
2024-01-20 06:00:00,112393.0,66.0,False,66.0
2024-01-20 07:00:00,112455.0,62.0,False,62.0
2024-01-20 08:00:00,112520.0,65.0,False,65.0
2024-01-20 09:00:00,112599.0,79.0,False,79.0
2024-01-20 10:00:00,112703.0,104.0,False,104.0
2024-01-20 11:00:00,112824.0,121.0,False,121.0
2024-01-20 12:00:00,112948.0,124.0,False,124.0
2024-01-20 13:00:00,113064.0,116.0,False,116.0
2024-01-20 14:00:00,113179.0,115.0,False,115.0
2024-01-20 15:00:00,113301.0,122.0,False,122.0
2024-01-20 16:00:00,113440.0,139.0,False,139.0
2024-01-20 17:00:00,113590.0,150.0,False,150.0
2024-01-20 18:00:00,113738.0,148.0,False,148.0
2024-01-20 19:00:00,113869.0,131.0,False,131.0
2024-01-20 20:00:00,113987.0,118.0,False,118.0
2024-01-20 21:00:00,114107.0,120.0,False,120.0
2024-01-20 22:00:00,114219.0,112.0,False,112.0
2024-01-20 23:00:00,114325.0,106.0,False,106.0
2024-01-21 00:00:00,114418.0,93.0,False,93.0
2024-01-21 01:00:00,114501.0,83.0,False,83.0
2024-01-21 02:00:00,114580.0,79.0,False,79.0
2024-01-21 03:00:00,114653.0,73.0,False,73.0
2024-01-21 04:00:00,114721.0,68.0,False,68.0
2024-01-21 05:00:00,114788.0,67.0,False,67.0
2024-01-21 06:00:00,114855.0,67.0,False,67.0
2024-01-21 07:00:00,114921.0,66.0,False,66.0
2024-01-21 08:00:00,114990.0,69.0,False,69.0
2024-01-21 09:00:00,115068.0,78.0,False,78.0
2024-01-21 10:00:00,115168.0,100.0,False,100.0
2024-01-21 11:00:00,115288.0,120.0,False,120.0
2024-01-21 12:00:00,115415.0,127.0,False,127.0
2024-01-21 13:00:00,115534.0,119.0,False,119.0
2024-01-21 14:00:00,115658.0,124.0,False,124.0
2024-01-21 15:00:00,115787.0,129.0,False,129.0
2024-01-21 16:00:00,115934.0,147.0,False,147.0
2024-01-21 17:00:00,116094.0,160.0,False,160.0
2024-01-21 18:00:00,116246.0,152.0,False,152.0
2024-01-21 19:00:00,116385.0,139.0,False,139.0
2024-01-21 20:00:00,116512.0,127.0,False,127.0
2024-01-21 21:00:00,116640.0,128.0,False,128.0
2024-01-21 22:00:00,116763.0,123.0,False,123.0
2024-01-21 23:00:00,116880.0,117.0,False,117.0
2024-01-22 00:00:00,116985.0,105.0,False,105.0
2024-01-22 01:00:00,117072.0,87.0,False,87.0
2024-01-22 02:00:00,117152.0,80.0,False,80.0
2024-01-22 03:00:00,117226.0,74.0,False,74.0
2024-01-22 04:00:00,117299.0,73.0,False,73.0
2024-01-22 05:00:00,117368.0,69.0,False,69.0
2024-01-22 06:00:00,117437.0,69.0,False,69.0
2024-01-22 07:00:00,117506.0,69.0,False,69.0
2024-01-22 08:00:00,117576.0,70.0,False,70.0
2024-01-22 09:00:00,117659.0,83.0,False,83.0
2024-01-22 10:00:00,117792.0,133.0,False,133.0
2024-01-22 11:00:00,117964.0,172.0,False,172.0
2024-01-22 12:00:00,118148.0,184.0,False,184.0
2024-01-22 13:00:00,118316.0,168.0,False,168.0
2024-01-22 14:00:00,118476.0,160.0,False,160.0
2024-01-22 15:00:00,118647.0,171.0,False,171.0
2024-01-22 16:00:00,118820.0,173.0,False,173.0
2024-01-22 17:00:00,119013.0,193.0,False,193.0
2024-01-22 18:00:00,119195.0,182.0,False,182.0
2024-01-22 19:00:00,119362.0,167.0,False,167.0
2024-01-22 20:00:00,119521.0,159.0,False,159.0
2024-01-22 21:00:00,119678.0,157.0,False,157.0
2024-01-22 22:00:00,119836.0,158.0,False,158.0
2024-01-22 23:00:00,119985.0,149.0,False,149.0
2024-01-23 00:00:00,120129.0,144.0,False,144.0
2024-01-23 01:00:00,120247.0,118.0,False,118.0
2024-01-23 02:00:00,120347.0,100.0,False,100.0
2024-01-23 03:00:00,120435.0,88.0,False,88.0
2024-01-23 04:00:00,120522.0,87.0,False,87.0
2024-01-23 05:00:00,120606.0,84.0,False,84.0
2024-01-23 06:00:00,120684.0,78.0,False,78.0
2024-01-23 07:00:00,120765.0,81.0,False,81.0
2024-01-23 08:00:00,120847.0,82.0,False,82.0
2024-01-23 09:00:00,120960.0,113.0,False,113.0
2024-01-23 10:00:00,121095.0,135.0,False,135.0
2024-01-23 11:00:00,121262.0,167.0,False,167.0
2024-01-23 12:00:00,121439.0,177.0,False,177.0
2024-01-23 13:00:00,121608.0,169.0,False,169.0
2024-01-23 14:00:00,121772.0,164.0,False,164.0
2024-01-23 15:00:00,121940.0,168.0,False,168.0
2024-01-23 16:00:00,122127.0,187.0,False,187.0
2024-01-23 17:00:00,122311.0,184.0,False,184.0
2024-01-23 18:00:00,122487.0,176.0,False,176.0
2024-01-23 19:00:00,122663.0,176.0,False,176.0
2024-01-23 20:00:00,122828.0,165.0,False,165.0
2024-01-23 21:00:00,122985.0,157.0,False,157.0
2024-01-23 22:00:00,123138.0,153.0,False,153.0
2024-01-23 23:00:00,123282.0,144.0,False,144.0
2024-01-24 00:00:00,123399.0,117.0,False,117.0
2024-01-24 01:00:00,123500.0,101.0,False,101.0
2024-01-24 02:00:00,123584.0,84.0,False,84.0
2024-01-24 03:00:00,123660.0,76.0,False,76.0
2024-01-24 04:00:00,123734.0,74.0,False,74.0
2024-01-24 05:00:00,123809.0,75.0,False,75.0
2024-01-24 06:00:00,123883.0,74.0,False,74.0
2024-01-24 07:00:00,123956.0,73.0,False,73.0
2024-01-24 08:00:00,124031.0,75.0,False,75.0
2024-01-24 09:00:00,124125.0,94.0,False,94.0
2024-01-24 10:00:00,124250.0,125.0,False,125.0
2024-01-24 11:00:00,124390.0,140.0,False,140.0
2024-01-24 12:00:00,124536.0,146.0,False,146.0
2024-01-24 13:00:00,124677.0,141.0,False,141.0
2024-01-24 14:00:00,124812.0,135.0,False,135.0
2024-01-24 15:00:00,124967.0,155.0,False,155.0
2024-01-24 16:00:00,125131.0,164.0,False,164.0
2024-01-24 17:00:00,125293.0,162.0,False,162.0
2024-01-24 18:00:00,125451.0,158.0,False,158.0
2024-01-24 19:00:00,125605.0,154.0,False,154.0
2024-01-24 20:00:00,125748.0,143.0,False,143.0
2024-01-24 21:00:00,125890.0,142.0,False,142.0
2024-01-24 22:00:00,126019.0,129.0,False,129.0
2024-01-24 23:00:00,126135.0,116.0,False,116.0
2024-01-25 00:00:00,126235.0,100.0,False,100.0
2024-01-25 01:00:00,126318.0,83.0,False,83.0
2024-01-25 02:00:00,126384.0,66.0,False,66.0
2024-01-25 03:00:00,126449.0,65.0,False,65.0
2024-01-25 04:00:00,126512.0,63.0,False,63.0
2024-01-25 05:00:00,126574.0,62.0,False,62.0
2024-01-25 06:00:00,126637.0,63.0,False,63.0
2024-01-25 07:00:00,126700.0,63.0,False,63.0
2024-01-25 08:00:00,126767.0,67.0,False,67.0
2024-01-25 09:00:00,126858.0,91.0,False,91.0
2024-01-25 10:00:00,126981.0,123.0,False,123.0
2024-01-25 11:00:00,127137.0,156.0,False,156.0
2024-01-25 12:00:00,127298.0,161.0,False,161.0
2024-01-25 13:00:00,127442.0,144.0,False,144.0
2024-01-25 14:00:00,127583.0,141.0,False,141.0
2024-01-25 15:00:00,127734.0,151.0,False,151.0
2024-01-25 16:00:00,127891.0,157.0,False,157.0
2024-01-25 17:00:00,128050.0,159.0,False,159.0
2024-01-25 18:00:00,128201.0,151.0,False,151.0
2024-01-25 19:00:00,128337.0,136.0,False,136.0
2024-01-25 20:00:00,128467.0,130.0,False,130.0
2024-01-25 21:00:00,128597.0,130.0,False,130.0
2024-01-25 22:00:00,128725.0,128.0,False,128.0
2024-01-25 23:00:00,128838.0,113.0,False,113.0
2024-01-26 00:00:00,128937.0,99.0,False,99.0
2024-01-26 01:00:00,129020.0,83.0,False,83.0
2024-01-26 02:00:00,129091.0,71.0,False,71.0
2024-01-26 03:00:00,129160.0,69.0,False,69.0
2024-01-26 04:00:00,129224.0,64.0,False,64.0
2024-01-26 05:00:00,129288.0,64.0,False,64.0
2024-01-26 06:00:00,129350.0,62.0,False,62.0
2024-01-26 07:00:00,129412.0,62.0,False,62.0
2024-01-26 08:00:00,129474.0,62.0,False,62.0
2024-01-26 09:00:00,129554.0,80.0,False,80.0
2024-01-26 10:00:00,129666.0,112.0,False,112.0
2024-01-26 11:00:00,129802.0,136.0,False,136.0
2024-01-26 12:00:00,129944.0,142.0,False,142.0
2024-01-26 13:00:00,130076.0,132.0,False,132.0
2024-01-26 14:00:00,130200.0,124.0,False,124.0
2024-01-26 15:00:00,130336.0,136.0,False,136.0
2024-01-26 16:00:00,130472.0,136.0,False,136.0
2024-01-26 17:00:00,130626.0,154.0,False,154.0
2024-01-26 18:00:00,130771.0,145.0,False,145.0
2024-01-26 19:00:00,130914.0,143.0,False,143.0
2024-01-26 20:00:00,131051.0,137.0,False,137.0
2024-01-26 21:00:00,131192.0,141.0,False,141.0
2024-01-26 22:00:00,131320.0,128.0,False,128.0
2024-01-26 23:00:00,131425.0,105.0,False,105.0
2024-01-27 00:00:00,131518.0,93.0,False,93.0
2024-01-27 01:00:00,131599.0,81.0,False,81.0
2024-01-27 02:00:00,131668.0,69.0,False,69.0
2024-01-27 03:00:00,131733.0,65.0,False,65.0
2024-01-27 04:00:00,131798.0,65.0,False,65.0
2024-01-27 05:00:00,131862.0,64.0,False,64.0
2024-01-27 06:00:00,131927.0,65.0,False,65.0
2024-01-27 07:00:00,131992.0,65.0,False,65.0
2024-01-27 08:00:00,132063.0,71.0,False,71.0
2024-01-27 09:00:00,132145.0,82.0,False,82.0
2024-01-27 10:00:00,132258.0,113.0,False,113.0
2024-01-27 11:00:00,132388.0,130.0,False,130.0
2024-01-27 12:00:00,132519.0,131.0,False,131.0
2024-01-27 13:00:00,132646.0,127.0,False,127.0
2024-01-27 14:00:00,132772.0,126.0,False,126.0
2024-01-27 15:00:00,132904.0,132.0,False,132.0
2024-01-27 16:00:00,133048.0,144.0,False,144.0
2024-01-27 17:00:00,133196.0,148.0,False,148.0
2024-01-27 18:00:00,133344.0,148.0,False,148.0
2024-01-27 19:00:00,133481.0,137.0,False,137.0
2024-01-27 20:00:00,133617.0,136.0,False,136.0
2024-01-27 21:00:00,133747.0,130.0,False,130.0
2024-01-27 22:00:00,133868.0,121.0,False,121.0
2024-01-27 23:00:00,133969.0,101.0,False,101.0
2024-01-28 00:00:00,134061.0,92.0,False,92.0
2024-01-28 01:00:00,134143.0,82.0,False,82.0
2024-01-28 02:00:00,134216.0,73.0,False,73.0
2024-01-28 03:00:00,134283.0,67.0,False,67.0
2024-01-28 04:00:00,134350.0,67.0,False,67.0
2024-01-28 05:00:00,134415.0,65.0,False,65.0
2024-01-28 06:00:00,134477.0,62.0,False,62.0
2024-01-28 07:00:00,134540.0,63.0,False,63.0
2024-01-28 08:00:00,134605.0,65.0,False,65.0
2024-01-28 09:00:00,134678.0,73.0,False,73.0
2024-01-28 10:00:00,134773.0,95.0,False,95.0
2024-01-28 11:00:00,134877.0,104.0,False,104.0
2024-01-28 12:00:00,134987.0,110.0,False,110.0
2024-01-28 13:00:00,135104.0,117.0,False,117.0
2024-01-28 14:00:00,135225.0,121.0,False,121.0
2024-01-28 15:00:00,135355.0,130.0,False,130.0
2024-01-28 16:00:00,135491.0,136.0,False,136.0
2024-01-28 17:00:00,135632.0,141.0,False,141.0
2024-01-28 18:00:00,135773.0,141.0,False,141.0
2024-01-28 19:00:00,135910.0,137.0,False,137.0
2024-01-28 20:00:00,136049.0,139.0,False,139.0
2024-01-28 21:00:00,136184.0,135.0,False,135.0
2024-01-28 22:00:00,136318.0,134.0,False,134.0
2024-01-28 23:00:00,136428.0,110.0,False,110.0
2024-01-29 00:00:00,136520.0,92.0,False,92.0
2024-01-29 01:00:00,136602.0,82.0,False,82.0
2024-01-29 02:00:00,136675.0,73.0,False,73.0
2024-01-29 03:00:00,136745.0,70.0,False,70.0
2024-01-29 04:00:00,136810.0,65.0,False,65.0
2024-01-29 05:00:00,136877.0,67.0,False,67.0
2024-01-29 06:00:00,136943.0,66.0,False,66.0
2024-01-29 07:00:00,137009.0,66.0,False,66.0
2024-01-29 08:00:00,137074.0,65.0,False,65.0
2024-01-29 09:00:00,137150.0,76.0,False,76.0
2024-01-29 10:00:00,137246.0,96.0,False,96.0
2024-01-29 11:00:00,137357.0,111.0,False,111.0
2024-01-29 12:00:00,137472.0,115.0,False,115.0
2024-01-29 13:00:00,137586.0,114.0,False,114.0
2024-01-29 14:00:00,137708.0,122.0,False,122.0
2024-01-29 15:00:00,137836.0,128.0,False,128.0
2024-01-29 16:00:00,137991.0,155.0,False,155.0
2024-01-29 17:00:00,138142.0,151.0,False,151.0
2024-01-29 18:00:00,138292.0,150.0,False,150.0
2024-01-29 19:00:00,138439.0,147.0,False,147.0
2024-01-29 20:00:00,138570.0,131.0,False,131.0
2024-01-29 21:00:00,138700.0,130.0,False,130.0
2024-01-29 22:00:00,138830.0,130.0,False,130.0
2024-01-29 23:00:00,138950.0,120.0,False,120.0
2024-01-30 00:00:00,139067.0,117.0,False,117.0
2024-01-30 01:00:00,139166.0,99.0,False,99.0
2024-01-30 02:00:00,139253.0,87.0,False,87.0
2024-01-30 03:00:00,139333.0,80.0,False,80.0
2024-01-30 04:00:00,139408.0,75.0,False,75.0
2024-01-30 05:00:00,139481.0,73.0,False,73.0
2024-01-30 06:00:00,139553.0,72.0,False,72.0
2024-01-30 07:00:00,139623.0,70.0,False,70.0
2024-01-30 08:00:00,139692.0,69.0,False,69.0
2024-01-30 09:00:00,139771.0,79.0,False,79.0
2024-01-30 10:00:00,139874.0,103.0,False,103.0
2024-01-30 11:00:00,140002.0,128.0,False,128.0
2024-01-30 12:00:00,140139.0,137.0,False,137.0
2024-01-30 13:00:00,140273.0,134.0,False,134.0
2024-01-30 14:00:00,140410.0,137.0,False,137.0
2024-01-30 15:00:00,140552.0,142.0,False,142.0
2024-01-30 16:00:00,140693.0,141.0,False,141.0
2024-01-30 17:00:00,140836.0,143.0,False,143.0
2024-01-30 18:00:00,140974.0,138.0,False,138.0
2024-01-30 19:00:00,141104.0,130.0,False,130.0
2024-01-30 20:00:00,141232.0,128.0,False,128.0
2024-01-30 21:00:00,141357.0,125.0,False,125.0
2024-01-30 22:00:00,141482.0,125.0,False,125.0
2024-01-30 23:00:00,141588.0,106.0,False,106.0
2024-01-31 00:00:00,141676.0,88.0,False,88.0
2024-01-31 01:00:00,141762.0,86.0,False,86.0
2024-01-31 02:00:00,141838.0,76.0,False,76.0
2024-01-31 03:00:00,141911.0,73.0,False,73.0
2024-01-31 04:00:00,141979.0,68.0,False,68.0
2024-01-31 05:00:00,142047.0,68.0,False,68.0
2024-01-31 06:00:00,142112.0,65.0,False,65.0
2024-01-31 07:00:00,142180.0,68.0,False,68.0
2024-01-31 08:00:00,142246.0,66.0,False,66.0
2024-01-31 09:00:00,142327.0,81.0,False,81.0
2024-01-31 10:00:00,142433.0,106.0,False,106.0
2024-01-31 11:00:00,142558.0,125.0,False,125.0
2024-01-31 12:00:00,142695.0,137.0,False,137.0
2024-01-31 13:00:00,142822.0,127.0,False,127.0
2024-01-31 14:00:00,142945.0,123.0,False,123.0
2024-01-31 15:00:00,143089.0,144.0,False,144.0
2024-01-31 16:00:00,143246.0,157.0,False,157.0
2024-01-31 17:00:00,143395.0,149.0,False,149.0
2024-01-31 18:00:00,143541.0,146.0,False,146.0
2024-01-31 19:00:00,143673.0,132.0,False,132.0
2024-01-31 20:00:00,143797.0,124.0,False,124.0
2024-01-31 21:00:00,143915.0,118.0,False,118.0
2024-01-31 22:00:00,144029.0,114.0,False,114.0
2024-01-31 23:00:00,144138.0,109.0,False,109.0
2024-02-01 00:00:00,144237.0,99.0,False,99.0
2024-02-01 01:00:00,144325.0,88.0,False,88.0
2024-02-01 02:00:00,144396.0,71.0,False,71.0
2024-02-01 03:00:00,144461.0,65.0,False,65.0
2024-02-01 04:00:00,144520.0,59.0,False,59.0
2024-02-01 05:00:00,144576.0,56.0,False,56.0
2024-02-01 06:00:00,144631.0,55.0,False,55.0
2024-02-01 07:00:00,144688.0,57.0,False,57.0
2024-02-01 08:00:00,144745.0,57.0,False,57.0
2024-02-01 09:00:00,144806.0,61.0,False,61.0
2024-02-01 10:00:00,144886.0,80.0,False,80.0
2024-02-01 11:00:00,144978.0,92.0,False,92.0
2024-02-01 12:00:00,145080.0,102.0,False,102.0
2024-02-01 13:00:00,145185.0,105.0,False,105.0
2024-02-01 14:00:00,145293.0,108.0,False,108.0
2024-02-01 15:00:00,145412.0,119.0,False,119.0
2024-02-01 16:00:00,145544.0,132.0,False,132.0
2024-02-01 17:00:00,145672.0,128.0,False,128.0
2024-02-01 18:00:00,145805.0,133.0,False,133.0
2024-02-01 19:00:00,145942.0,137.0,False,137.0
2024-02-01 20:00:00,146076.0,134.0,False,134.0
2024-02-01 21:00:00,146202.0,126.0,False,126.0
2024-02-01 22:00:00,146326.0,124.0,False,124.0
2024-02-01 23:00:00,146433.0,107.0,False,107.0
2024-02-02 00:00:00,146528.0,95.0,False,95.0
2024-02-02 01:00:00,146613.0,85.0,False,85.0
2024-02-02 02:00:00,146688.0,75.0,False,75.0
2024-02-02 03:00:00,146763.0,75.0,False,75.0
2024-02-02 04:00:00,146834.0,71.0,False,71.0
2024-02-02 05:00:00,146904.0,70.0,False,70.0
2024-02-02 06:00:00,146972.0,68.0,False,68.0
2024-02-02 07:00:00,147038.0,66.0,False,66.0
2024-02-02 08:00:00,147102.0,64.0,False,64.0
2024-02-02 09:00:00,147173.0,71.0,False,71.0
2024-02-02 10:00:00,147258.0,85.0,False,85.0
2024-02-02 11:00:00,147352.0,94.0,False,94.0
2024-02-02 12:00:00,147455.0,103.0,False,103.0
2024-02-02 13:00:00,147557.0,102.0,False,102.0
2024-02-02 14:00:00,147663.0,106.0,False,106.0
2024-02-02 15:00:00,147764.0,101.0,False,101.0
2024-02-02 16:00:00,147875.0,111.0,False,111.0
2024-02-02 17:00:00,147988.0,113.0,False,113.0
2024-02-02 18:00:00,148111.0,123.0,False,123.0
2024-02-02 19:00:00,148236.0,125.0,False,125.0
2024-02-02 20:00:00,148356.0,120.0,False,120.0
2024-02-02 21:00:00,148469.0,113.0,False,113.0
2024-02-02 22:00:00,148573.0,104.0,False,104.0
2024-02-02 23:00:00,148661.0,88.0,False,88.0
2024-02-03 00:00:00,148743.0,82.0,False,82.0
2024-02-03 01:00:00,148809.0,66.0,False,66.0
2024-02-03 02:00:00,148873.0,64.0,False,64.0
2024-02-03 03:00:00,148933.0,60.0,False,60.0
2024-02-03 04:00:00,148994.0,61.0,False,61.0
2024-02-03 05:00:00,149055.0,61.0,False,61.0
2024-02-03 06:00:00,149115.0,60.0,False,60.0
2024-02-03 07:00:00,149175.0,60.0,False,60.0
2024-02-03 08:00:00,149234.0,59.0,False,59.0
2024-02-03 09:00:00,149299.0,65.0,False,65.0
2024-02-03 10:00:00,149371.0,72.0,False,72.0
2024-02-03 11:00:00,149452.0,81.0,False,81.0
2024-02-03 12:00:00,149534.0,82.0,False,82.0
2024-02-03 13:00:00,149613.0,79.0,False,79.0
2024-02-03 14:00:00,149692.0,79.0,False,79.0
2024-02-03 15:00:00,149779.0,87.0,False,87.0
2024-02-03 16:00:00,149880.0,101.0,False,101.0
2024-02-03 17:00:00,149983.0,103.0,False,103.0
2024-02-03 18:00:00,150084.0,101.0,False,101.0
2024-02-03 19:00:00,150183.0,99.0,False,99.0
2024-02-03 20:00:00,150276.0,93.0,False,93.0
2024-02-03 21:00:00,150370.0,94.0,False,94.0
2024-02-03 22:00:00,150462.0,92.0,False,92.0
2024-02-03 23:00:00,150547.0,85.0,False,85.0
2024-02-04 00:00:00,150627.0,80.0,False,80.0
2024-02-04 01:00:00,150699.0,72.0,False,72.0
2024-02-04 02:00:00,150767.0,68.0,False,68.0
2024-02-04 03:00:00,150833.0,66.0,False,66.0
2024-02-04 04:00:00,150898.0,65.0,False,65.0
2024-02-04 05:00:00,150960.0,62.0,False,62.0
2024-02-04 06:00:00,151022.0,62.0,False,62.0
2024-02-04 07:00:00,151083.0,61.0,False,61.0
2024-02-04 08:00:00,151148.0,65.0,False,65.0
2024-02-04 09:00:00,151215.0,67.0,False,67.0
2024-02-04 10:00:00,151306.0,91.0,False,91.0
2024-02-04 11:00:00,151405.0,99.0,False,99.0
2024-02-04 12:00:00,151509.0,104.0,False,104.0
2024-02-04 13:00:00,151606.0,97.0,False,97.0
2024-02-04 14:00:00,151707.0,101.0,False,101.0
2024-02-04 15:00:00,151814.0,107.0,False,107.0
2024-02-04 16:00:00,151915.0,101.0,False,101.0
2024-02-04 17:00:00,152019.0,104.0,False,104.0
2024-02-04 18:00:00,152121.0,102.0,False,102.0
2024-02-04 19:00:00,152224.0,103.0,False,103.0
2024-02-04 20:00:00,152330.0,106.0,False,106.0
2024-02-04 21:00:00,152429.0,99.0,False,99.0
2024-02-04 22:00:00,152528.0,99.0,False,99.0
2024-02-04 23:00:00,152617.0,89.0,False,89.0
2024-02-05 00:00:00,152691.0,74.0,False,74.0
2024-02-05 01:00:00,152757.0,66.0,False,66.0
2024-02-05 02:00:00,152818.0,61.0,False,61.0
2024-02-05 03:00:00,152876.0,58.0,False,58.0
2024-02-05 04:00:00,152930.0,54.0,False,54.0
2024-02-05 05:00:00,152985.0,55.0,False,55.0
2024-02-05 06:00:00,153038.0,53.0,False,53.0
2024-02-05 07:00:00,153092.0,54.0,False,54.0
2024-02-05 08:00:00,153143.0,51.0,False,51.0
2024-02-05 09:00:00,153197.0,54.0,False,54.0
2024-02-05 10:00:00,153255.0,58.0,False,58.0
2024-02-05 11:00:00,153325.0,70.0,False,70.0
2024-02-05 12:00:00,153402.0,77.0,False,77.0
2024-02-05 13:00:00,153474.0,72.0,False,72.0
2024-02-05 14:00:00,153549.0,75.0,False,75.0
2024-02-05 15:00:00,153637.0,88.0,False,88.0
2024-02-05 16:00:00,153736.0,99.0,False,99.0
2024-02-05 17:00:00,153822.0,86.0,False,86.0
2024-02-05 18:00:00,153910.0,88.0,False,88.0
2024-02-05 19:00:00,153995.0,85.0,False,85.0
2024-02-05 20:00:00,154073.0,78.0,False,78.0
2024-02-05 21:00:00,154154.0,81.0,False,81.0
2024-02-05 22:00:00,154231.0,77.0,False,77.0
2024-02-05 23:00:00,154300.0,69.0,False,69.0
2024-02-06 00:00:00,154363.0,63.0,False,63.0
2024-02-06 01:00:00,154422.0,59.0,False,59.0
2024-02-06 02:00:00,154475.0,53.0,False,53.0
2024-02-06 03:00:00,154527.0,52.0,False,52.0
2024-02-06 04:00:00,154578.0,51.0,False,51.0
2024-02-06 05:00:00,154626.0,48.0,False,48.0
2024-02-06 06:00:00,154674.0,48.0,False,48.0
2024-02-06 07:00:00,154722.0,48.0,False,48.0
2024-02-06 08:00:00,154771.0,49.0,False,49.0
2024-02-06 09:00:00,154820.0,49.0,False,49.0
2024-02-06 10:00:00,154880.0,60.0,False,60.0
2024-02-06 11:00:00,154943.0,63.0,False,63.0
2024-02-06 12:00:00,155009.0,66.0,False,66.0
2024-02-06 13:00:00,155070.0,61.0,False,61.0
2024-02-06 14:00:00,155134.0,64.0,False,64.0
2024-02-06 15:00:00,155204.0,70.0,False,70.0
2024-02-06 16:00:00,155282.0,78.0,False,78.0
2024-02-06 17:00:00,155361.0,79.0,False,79.0
2024-02-06 18:00:00,155441.0,80.0,False,80.0
2024-02-06 19:00:00,155522.0,81.0,False,81.0
2024-02-06 20:00:00,155597.0,75.0,False,75.0
2024-02-06 21:00:00,155664.0,67.0,False,67.0
2024-02-06 22:00:00,155729.0,65.0,False,65.0
2024-02-06 23:00:00,155792.0,63.0,False,63.0
2024-02-07 00:00:00,155852.0,60.0,False,60.0
2024-02-07 01:00:00,155907.0,55.0,False,55.0
2024-02-07 02:00:00,155954.0,47.0,False,47.0
2024-02-07 03:00:00,156003.0,49.0,False,49.0
2024-02-07 04:00:00,156050.0,47.0,False,47.0
2024-02-07 05:00:00,156098.0,48.0,False,48.0
2024-02-07 06:00:00,156146.0,48.0,False,48.0
2024-02-07 07:00:00,156194.0,48.0,False,48.0
2024-02-07 08:00:00,156237.0,43.0,False,43.0
2024-02-07 09:00:00,156281.0,44.0,False,44.0
2024-02-07 10:00:00,156328.0,47.0,False,47.0
2024-02-07 11:00:00,156384.0,56.0,False,56.0
2024-02-07 12:00:00,156442.0,58.0,False,58.0
2024-02-07 13:00:00,156498.0,56.0,False,56.0
2024-02-07 14:00:00,156552.0,54.0,False,54.0
2024-02-07 15:00:00,156613.0,61.0,False,61.0
2024-02-07 16:00:00,156679.0,66.0,False,66.0
2024-02-07 17:00:00,156746.0,67.0,False,67.0
2024-02-07 18:00:00,156808.0,62.0,False,62.0
2024-02-07 19:00:00,156865.0,57.0,False,57.0
2024-02-07 20:00:00,156918.0,53.0,False,53.0
2024-02-07 21:00:00,156967.0,49.0,False,49.0
2024-02-07 22:00:00,157015.0,48.0,False,48.0
2024-02-07 23:00:00,157059.0,44.0,False,44.0
2024-02-08 00:00:00,157101.0,42.0,False,42.0
2024-02-08 01:00:00,157139.0,38.0,False,38.0
2024-02-08 02:00:00,157176.0,37.0,False,37.0
2024-02-08 03:00:00,157212.0,36.0,False,36.0
2024-02-08 04:00:00,157247.0,35.0,False,35.0
2024-02-08 05:00:00,157281.0,34.0,False,34.0
2024-02-08 06:00:00,157316.0,35.0,False,35.0
2024-02-08 07:00:00,157353.0,37.0,False,37.0
2024-02-08 08:00:00,157389.0,36.0,False,36.0
2024-02-08 09:00:00,157424.0,35.0,False,35.0
2024-02-08 10:00:00,157461.0,37.0,False,37.0
2024-02-08 11:00:00,157504.0,43.0,False,43.0
2024-02-08 12:00:00,157548.0,44.0,False,44.0
2024-02-08 13:00:00,157589.0,41.0,False,41.0
2024-02-08 14:00:00,157631.0,42.0,False,42.0
2024-02-08 15:00:00,157675.0,44.0,False,44.0
2024-02-08 16:00:00,157724.0,49.0,False,49.0
2024-02-08 17:00:00,157775.0,51.0,False,51.0
2024-02-08 18:00:00,157826.0,51.0,False,51.0
2024-02-08 19:00:00,157878.0,52.0,False,52.0
2024-02-08 20:00:00,157929.0,51.0,False,51.0
2024-02-08 21:00:00,157979.0,50.0,False,50.0
2024-02-08 22:00:00,158031.0,52.0,False,52.0
2024-02-08 23:00:00,158080.0,49.0,False,49.0
2024-02-09 00:00:00,158123.0,43.0,False,43.0
2024-02-09 01:00:00,158164.0,41.0,False,41.0
2024-02-09 02:00:00,158203.0,39.0,False,39.0
2024-02-09 03:00:00,158241.0,38.0,False,38.0
2024-02-09 04:00:00,158280.0,39.0,False,39.0
2024-02-09 05:00:00,158317.0,37.0,False,37.0
2024-02-09 06:00:00,158354.0,37.0,False,37.0
2024-02-09 07:00:00,158392.0,38.0,False,38.0
2024-02-09 08:00:00,158431.0,39.0,False,39.0
2024-02-09 09:00:00,158466.0,35.0,False,35.0
2024-02-09 10:00:00,158507.0,41.0,False,41.0
2024-02-09 11:00:00,158549.0,42.0,False,42.0
2024-02-09 12:00:00,158591.0,42.0,False,42.0
2024-02-09 13:00:00,158636.0,45.0,False,45.0
2024-02-09 14:00:00,158677.0,41.0,False,41.0
2024-02-09 15:00:00,158716.0,39.0,False,39.0
2024-02-09 16:00:00,158755.0,39.0,False,39.0
2024-02-09 17:00:00,158794.0,39.0,False,39.0
2024-02-09 18:00:00,158835.0,41.0,False,41.0
2024-02-09 19:00:00,158873.0,38.0,False,38.0
2024-02-09 20:00:00,158915.0,42.0,False,42.0
2024-02-09 21:00:00,158957.0,42.0,False,42.0
2024-02-09 22:00:00,158998.0,41.0,False,41.0
2024-02-09 23:00:00,159039.0,41.0,False,41.0
2024-02-10 00:00:00,159079.0,40.0,False,40.0
2024-02-10 01:00:00,159121.0,42.0,False,42.0
2024-02-10 02:00:00,159162.0,41.0,False,41.0
2024-02-10 03:00:00,159203.0,41.0,False,41.0
2024-02-10 04:00:00,159242.0,39.0,False,39.0
2024-02-10 05:00:00,159282.0,40.0,False,40.0
2024-02-10 06:00:00,159320.0,38.0,False,38.0
2024-02-10 07:00:00,159357.0,37.0,False,37.0
2024-02-10 08:00:00,159391.0,34.0,False,34.0
2024-02-10 09:00:00,159424.0,33.0,False,33.0
2024-02-10 10:00:00,159459.0,35.0,False,35.0
2024-02-10 11:00:00,159497.0,38.0,False,38.0
2024-02-10 12:00:00,159533.0,36.0,False,36.0
2024-02-10 13:00:00,159570.0,37.0,False,37.0
2024-02-10 14:00:00,159608.0,38.0,False,38.0
2024-02-10 15:00:00,159647.0,39.0,False,39.0
2024-02-10 16:00:00,159688.0,41.0,False,41.0
2024-02-10 17:00:00,159727.0,39.0,False,39.0
2024-02-10 18:00:00,159764.0,37.0,False,37.0
2024-02-10 19:00:00,159799.0,35.0,False,35.0
2024-02-10 20:00:00,159836.0,37.0,False,37.0
2024-02-10 21:00:00,159876.0,40.0,False,40.0
2024-02-10 22:00:00,159920.0,44.0,False,44.0
2024-02-10 23:00:00,159962.0,42.0,False,42.0
2024-02-11 00:00:00,160003.0,41.0,False,41.0
2024-02-11 01:00:00,160041.0,38.0,False,38.0
2024-02-11 02:00:00,160075.0,34.0,False,34.0
2024-02-11 03:00:00,160109.0,34.0,False,34.0
2024-02-11 04:00:00,160143.0,34.0,False,34.0
2024-02-11 05:00:00,160175.0,32.0,False,32.0
2024-02-11 06:00:00,160206.0,31.0,False,31.0
2024-02-11 07:00:00,160237.0,31.0,False,31.0
2024-02-11 08:00:00,160269.0,32.0,False,32.0
2024-02-11 09:00:00,160300.0,31.0,False,31.0
2024-02-11 10:00:00,160334.0,34.0,False,34.0
2024-02-11 11:00:00,160371.0,37.0,False,37.0
2024-02-11 12:00:00,160412.0,41.0,False,41.0
2024-02-11 13:00:00,160453.0,41.0,False,41.0
2024-02-11 14:00:00,160492.0,39.0,False,39.0
2024-02-11 15:00:00,160535.0,43.0,False,43.0
2024-02-11 16:00:00,160577.0,42.0,False,42.0
2024-02-11 17:00:00,160619.0,42.0,False,42.0
2024-02-11 18:00:00,160660.0,41.0,False,41.0
2024-02-11 19:00:00,160700.0,40.0,False,40.0
2024-02-11 20:00:00,160738.0,38.0,False,38.0
2024-02-11 21:00:00,160778.0,40.0,False,40.0
2024-02-11 22:00:00,160817.0,39.0,False,39.0
2024-02-11 23:00:00,160857.0,40.0,False,40.0
2024-02-12 00:00:00,160894.0,37.0,False,37.0
2024-02-12 01:00:00,160930.0,36.0,False,36.0
2024-02-12 02:00:00,160964.0,34.0,False,34.0
2024-02-12 03:00:00,160996.0,32.0,False,32.0
2024-02-12 04:00:00,161029.0,33.0,False,33.0
2024-02-12 05:00:00,161061.0,32.0,False,32.0
2024-02-12 06:00:00,161094.0,33.0,False,33.0
2024-02-12 07:00:00,161126.0,32.0,False,32.0
2024-02-12 08:00:00,161160.0,34.0,False,34.0
2024-02-12 09:00:00,161192.0,32.0,False,32.0
2024-02-12 10:00:00,161224.0,32.0,False,32.0
2024-02-12 11:00:00,161259.0,35.0,False,35.0
2024-02-12 12:00:00,161293.0,34.0,False,34.0
2024-02-12 13:00:00,161332.0,39.0,False,39.0
2024-02-12 14:00:00,161372.0,40.0,False,40.0
2024-02-12 15:00:00,161409.0,37.0,False,37.0
2024-02-12 16:00:00,161446.0,37.0,False,37.0
2024-02-12 17:00:00,161485.0,39.0,False,39.0
2024-02-12 18:00:00,161526.0,41.0,False,41.0
2024-02-12 19:00:00,161572.0,46.0,False,46.0
2024-02-12 20:00:00,161617.0,45.0,False,45.0
2024-02-12 21:00:00,161661.0,44.0,False,44.0
2024-02-12 22:00:00,161703.0,42.0,False,42.0
2024-02-12 23:00:00,161745.0,42.0,False,42.0
2024-02-13 00:00:00,161784.0,39.0,False,39.0
2024-02-13 01:00:00,161820.0,36.0,False,36.0
2024-02-13 02:00:00,161854.0,34.0,False,34.0
2024-02-13 03:00:00,161886.0,32.0,False,32.0
2024-02-13 04:00:00,161918.0,32.0,False,32.0
2024-02-13 05:00:00,161951.0,33.0,False,33.0
2024-02-13 06:00:00,161983.0,32.0,False,32.0
2024-02-13 07:00:00,162015.0,32.0,False,32.0
2024-02-13 08:00:00,162046.0,31.0,False,31.0
2024-02-13 09:00:00,162078.0,32.0,False,32.0
2024-02-13 10:00:00,162112.0,34.0,False,34.0
2024-02-13 11:00:00,162145.0,33.0,False,33.0
2024-02-13 12:00:00,162180.0,35.0,False,35.0
2024-02-13 13:00:00,162221.0,41.0,False,41.0
2024-02-13 14:00:00,162259.0,38.0,False,38.0
2024-02-13 15:00:00,162297.0,38.0,False,38.0
2024-02-13 16:00:00,162339.0,42.0,False,42.0
2024-02-13 17:00:00,162378.0,39.0,False,39.0
2024-02-13 18:00:00,162420.0,42.0,False,42.0
2024-02-13 19:00:00,162461.0,41.0,False,41.0
2024-02-13 20:00:00,162500.0,39.0,False,39.0
2024-02-13 21:00:00,162540.0,40.0,False,40.0
2024-02-13 22:00:00,162581.0,41.0,False,41.0
2024-02-13 23:00:00,162623.0,42.0,False,42.0
2024-02-14 00:00:00,162659.0,36.0,False,36.0
2024-02-14 01:00:00,162694.0,35.0,False,35.0
2024-02-14 02:00:00,162727.0,33.0,False,33.0
2024-02-14 03:00:00,162759.0,32.0,False,32.0
2024-02-14 04:00:00,162791.0,32.0,False,32.0
2024-02-14 05:00:00,162824.0,33.0,False,33.0
2024-02-14 06:00:00,162856.0,32.0,False,32.0
2024-02-14 07:00:00,162888.0,32.0,False,32.0
2024-02-14 08:00:00,162920.0,32.0,False,32.0
2024-02-14 09:00:00,162952.0,32.0,False,32.0
2024-02-14 10:00:00,162987.0,35.0,False,35.0
2024-02-14 11:00:00,163024.0,37.0,False,37.0
2024-02-14 12:00:00,163062.0,38.0,False,38.0
2024-02-14 13:00:00,163103.0,41.0,False,41.0
2024-02-14 14:00:00,163146.0,43.0,False,43.0
2024-02-14 15:00:00,163193.0,47.0,False,47.0
2024-02-14 16:00:00,163240.0,47.0,False,47.0
2024-02-14 17:00:00,163291.0,51.0,False,51.0
2024-02-14 18:00:00,163339.0,48.0,False,48.0
2024-02-14 19:00:00,163384.0,45.0,False,45.0
2024-02-14 20:00:00,163427.0,43.0,False,43.0
2024-02-14 21:00:00,163472.0,45.0,False,45.0
2024-02-14 22:00:00,163513.0,41.0,False,41.0
2024-02-14 23:00:00,163558.0,45.0,False,45.0
2024-02-15 00:00:00,163595.0,37.0,False,37.0
2024-02-15 01:00:00,163628.0,33.0,False,33.0
2024-02-15 02:00:00,163663.0,35.0,False,35.0
2024-02-15 03:00:00,163695.0,32.0,False,32.0
2024-02-15 04:00:00,163727.0,32.0,False,32.0
2024-02-15 05:00:00,163760.0,33.0,False,33.0
2024-02-15 06:00:00,163794.0,34.0,False,34.0
2024-02-15 07:00:00,163827.0,33.0,False,33.0
2024-02-15 08:00:00,163861.0,34.0,False,34.0
2024-02-15 09:00:00,163896.0,35.0,False,35.0
2024-02-15 10:00:00,163936.0,40.0,False,40.0
2024-02-15 11:00:00,163976.0,40.0,False,40.0
2024-02-15 12:00:00,164022.0,46.0,False,46.0
2024-02-15 13:00:00,164064.0,42.0,False,42.0
2024-02-15 14:00:00,164103.0,39.0,False,39.0
2024-02-15 15:00:00,164144.0,41.0,False,41.0
2024-02-15 16:00:00,164188.0,44.0,False,44.0
2024-02-15 17:00:00,164233.0,45.0,False,45.0
2024-02-15 18:00:00,164279.0,46.0,False,46.0
2024-02-15 19:00:00,164322.0,43.0,False,43.0
2024-02-15 20:00:00,164364.0,42.0,False,42.0
2024-02-15 21:00:00,164405.0,41.0,False,41.0
2024-02-15 22:00:00,164445.0,40.0,False,40.0
2024-02-15 23:00:00,164484.0,39.0,False,39.0
2024-02-16 00:00:00,164519.0,35.0,False,35.0
2024-02-16 01:00:00,164555.0,36.0,False,36.0
2024-02-16 02:00:00,164588.0,33.0,False,33.0
2024-02-16 03:00:00,164620.0,32.0,False,32.0
2024-02-16 04:00:00,164653.0,33.0,False,33.0
2024-02-16 05:00:00,164686.0,33.0,False,33.0
2024-02-16 06:00:00,164719.0,33.0,False,33.0
2024-02-16 07:00:00,164755.0,36.0,False,36.0
2024-02-16 08:00:00,164790.0,35.0,False,35.0
2024-02-16 09:00:00,164826.0,36.0,False,36.0
2024-02-16 10:00:00,164869.0,43.0,False,43.0
2024-02-16 11:00:00,164913.0,44.0,False,44.0
2024-02-16 12:00:00,164955.0,42.0,False,42.0
2024-02-16 13:00:00,164994.0,39.0,False,39.0
2024-02-16 14:00:00,165037.0,43.0,False,43.0
2024-02-16 15:00:00,165085.0,48.0,False,48.0
2024-02-16 16:00:00,165132.0,47.0,False,47.0
2024-02-16 17:00:00,165184.0,52.0,False,52.0
2024-02-16 18:00:00,165236.0,52.0,False,52.0
2024-02-16 19:00:00,165282.0,46.0,False,46.0
2024-02-16 20:00:00,165325.0,43.0,False,43.0
2024-02-16 21:00:00,165370.0,45.0,False,45.0
2024-02-16 22:00:00,165413.0,43.0,False,43.0
2024-02-16 23:00:00,165452.0,39.0,False,39.0
2024-02-17 00:00:00,165491.0,39.0,False,39.0
2024-02-17 01:00:00,165529.0,38.0,False,38.0
2024-02-17 02:00:00,165566.0,37.0,False,37.0
2024-02-17 03:00:00,165604.0,38.0,False,38.0
2024-02-17 04:00:00,165638.0,34.0,False,34.0
2024-02-17 05:00:00,165675.0,37.0,False,37.0
2024-02-17 06:00:00,165711.0,36.0,False,36.0
2024-02-17 07:00:00,165746.0,35.0,False,35.0
2024-02-17 08:00:00,165781.0,35.0,False,35.0
2024-02-17 09:00:00,165820.0,39.0,False,39.0
2024-02-17 10:00:00,165862.0,42.0,False,42.0
2024-02-17 11:00:00,165908.0,46.0,False,46.0
2024-02-17 12:00:00,165954.0,46.0,False,46.0
2024-02-17 13:00:00,165997.0,43.0,False,43.0
2024-02-17 14:00:00,166044.0,47.0,False,47.0
2024-02-17 15:00:00,166088.0,44.0,False,44.0
2024-02-17 16:00:00,166138.0,50.0,False,50.0
2024-02-17 17:00:00,166191.0,53.0,False,53.0
2024-02-17 18:00:00,166242.0,51.0,False,51.0
2024-02-17 19:00:00,166292.0,50.0,False,50.0
2024-02-17 20:00:00,166342.0,50.0,False,50.0
2024-02-17 21:00:00,166389.0,47.0,False,47.0
2024-02-17 22:00:00,166440.0,51.0,False,51.0
2024-02-17 23:00:00,166486.0,46.0,False,46.0
2024-02-18 00:00:00,166529.0,43.0,False,43.0
2024-02-18 01:00:00,166571.0,42.0,False,42.0
2024-02-18 02:00:00,166610.0,39.0,False,39.0
2024-02-18 03:00:00,166648.0,38.0,False,38.0
2024-02-18 04:00:00,166687.0,39.0,False,39.0
2024-02-18 05:00:00,166723.0,36.0,False,36.0
2024-02-18 06:00:00,166761.0,38.0,False,38.0
2024-02-18 07:00:00,166798.0,37.0,False,37.0
2024-02-18 08:00:00,166835.0,37.0,False,37.0
2024-02-18 09:00:00,166874.0,39.0,False,39.0
2024-02-18 10:00:00,166923.0,49.0,False,49.0
2024-02-18 11:00:00,166980.0,57.0,False,57.0
2024-02-18 12:00:00,167035.0,55.0,False,55.0
2024-02-18 13:00:00,167085.0,50.0,False,50.0
2024-02-18 14:00:00,167132.0,47.0,False,47.0
2024-02-18 15:00:00,167187.0,55.0,False,55.0
2024-02-18 16:00:00,167241.0,54.0,False,54.0
2024-02-18 17:00:00,167297.0,56.0,False,56.0
2024-02-18 18:00:00,167348.0,51.0,False,51.0
2024-02-18 19:00:00,167393.0,45.0,False,45.0
2024-02-18 20:00:00,167441.0,48.0,False,48.0
2024-02-18 21:00:00,167486.0,45.0,False,45.0
2024-02-18 22:00:00,167532.0,46.0,False,46.0
2024-02-18 23:00:00,167577.0,45.0,False,45.0
2024-02-19 00:00:00,167613.0,36.0,False,36.0
2024-02-19 01:00:00,167644.0,31.0,False,31.0
2024-02-19 02:00:00,167674.0,30.0,False,30.0
2024-02-19 03:00:00,167705.0,31.0,False,31.0
2024-02-19 04:00:00,167736.0,31.0,False,31.0
2024-02-19 05:00:00,167767.0,31.0,False,31.0
2024-02-19 06:00:00,167798.0,31.0,False,31.0
2024-02-19 07:00:00,167829.0,31.0,False,31.0
2024-02-19 08:00:00,167861.0,32.0,False,32.0
2024-02-19 09:00:00,167862.0,1.0,False,1.0
2024-02-19 10:00:00,167862.0,,False,39.29
2024-02-19 11:00:00,167862.0,,False,41.71
2024-02-19 12:00:00,167862.0,,False,42.29
2024-02-19 13:00:00,167862.0,,False,42.14
2024-02-19 14:00:00,167862.0,,False,42.43
2024-02-19 15:00:00,167862.0,,False,44.29
2024-02-19 16:00:00,167862.0,,False,45.86
2024-02-19 17:00:00,167862.0,,False,47.86
2024-02-19 18:00:00,167862.0,,False,47.29
2024-02-19 19:00:00,167862.0,,False,45.14
2024-02-19 20:00:00,167862.0,,False,44.29
2024-02-19 21:00:00,167862.0,,False,43.86
2024-02-19 22:00:00,167862.0,,False,43.43
2024-02-19 23:00:00,167862.0,,False,42.57
2024-02-20 00:00:00,167862.0,,False,37.86
2024-02-20 01:00:00,167862.0,,False,35.86
2024-02-20 02:00:00,167862.0,,False,34.43
2024-02-20 03:00:00,167862.0,,False,33.57
2024-02-20 04:00:00,167862.0,,False,33.29
2024-02-20 05:00:00,167862.0,,False,33.71
2024-02-20 06:00:00,167862.0,,False,33.71
2024-02-20 07:00:00,167862.0,,False,33.71
2024-02-20 08:00:00,167862.0,,False,33.71
2024-02-20 09:00:00,167862.0,,False,30.57
2024-02-20 10:00:00,167862.0,,False,40.5
2024-02-20 11:00:00,167862.0,,False,42.83
2024-02-20 12:00:00,167862.0,,False,43.67
2024-02-20 13:00:00,167862.0,,False,42.67
2024-02-20 14:00:00,167862.0,,False,42.83
2024-02-20 15:00:00,167862.0,,False,45.5
2024-02-20 16:00:00,167862.0,,False,47.33
2024-02-20 17:00:00,167862.0,,False,49.33
2024-02-20 18:00:00,167862.0,,False,48.33
2024-02-20 19:00:00,167862.0,,False,45.0
2024-02-20 20:00:00,167862.0,,False,44.17
2024-02-20 21:00:00,167862.0,,False,43.83
2024-02-20 22:00:00,167862.0,,False,43.67
2024-02-20 23:00:00,167862.0,,False,42.67
2024-02-21 00:00:00,167862.0,,False,37.67
2024-02-21 01:00:00,167862.0,,False,35.83
2024-02-21 02:00:00,167862.0,,False,34.5
2024-02-21 03:00:00,167862.0,,False,33.83
2024-02-21 04:00:00,167862.0,,False,33.5
2024-02-21 05:00:00,167862.0,,False,33.83
2024-02-21 06:00:00,167862.0,,False,34.0
2024-02-21 07:00:00,167862.0,,False,34.0
2024-02-21 08:00:00,167862.0,,False,34.17
2024-02-21 09:00:00,167862.0,,False,30.33
2024-02-21 10:00:00,167862.0,,False,41.8
2024-02-21 11:00:00,167862.0,,False,44.8
2024-02-21 12:00:00,167862.0,,False,45.4
2024-02-21 13:00:00,167862.0,,False,43.0
2024-02-21 14:00:00,167862.0,,False,43.8
2024-02-21 15:00:00,167862.0,,False,47.0
2024-02-21 16:00:00,167862.0,,False,48.4
2024-02-21 17:00:00,167862.0,,False,51.4
2024-02-21 18:00:00,167862.0,,False,49.6
2024-02-21 19:00:00,,,False,45.8
2024-02-21 20:00:00,,,False,45.2
2024-02-21 21:00:00,,,False,44.6
2024-02-21 22:00:00,,,False,44.2
2024-02-21 23:00:00,,,False,42.8
2024-02-22 00:00:00,,,False,38.0
2024-02-22 01:00:00,,,False,36.0
2024-02-22 02:00:00,,,False,34.8
2024-02-22 03:00:00,,,False,34.2
2024-02-22 04:00:00,,,False,33.8
2024-02-22 05:00:00,,,False,34.0
2024-02-22 06:00:00,,,False,34.4
2024-02-22 07:00:00,,,False,34.4
2024-02-22 08:00:00,,,False,34.6
2024-02-22 09:00:00,,,False,30.0
2024-02-22 10:00:00,,,False,43.5
2024-02-22 11:00:00,,,False,46.75
2024-02-22 12:00:00,,,False,47.25
2024-02-22 13:00:00,,,False,43.5
2024-02-22 14:00:00,,,False,44.0
2024-02-22 15:00:00,,,False,47.0
2024-02-22 16:00:00,,,False,48.75
2024-02-22 17:00:00,,,False,51.5
2024-02-22 18:00:00,,,False,50.0
2024-02-22 19:00:00,,,False,46.0
2024-02-22 20:00:00,,,False,45.75
2024-02-22 21:00:00,,,False,44.5
2024-02-22 22:00:00,,,False,45.0
2024-02-22 23:00:00,,,False,42.25
2024-02-23 00:00:00,,,False,38.25
2024-02-23 01:00:00,,,False,36.75
2024-02-23 02:00:00,,,False,34.75
2024-02-23 03:00:00,,,False,34.75
2024-02-23 04:00:00,,,False,34.25
2024-02-23 05:00:00,,,False,34.25
2024-02-23 06:00:00,,,False,34.5
2024-02-23 07:00:00,,,False,34.75
2024-02-23 08:00:00,,,False,34.75
2024-02-23 09:00:00,,,False,28.75
2024-02-23 10:00:00,,,False,44.67
2024-02-23 11:00:00,,,False,49.0
2024-02-23 12:00:00,,,False,47.67
2024-02-23 13:00:00,,,False,44.0
2024-02-23 14:00:00,,,False,45.67
2024-02-23 15:00:00,,,False,49.0
2024-02-23 16:00:00,,,False,50.33
2024-02-23 17:00:00,,,False,53.67
2024-02-23 18:00:00,,,False,51.33
2024-02-23 19:00:00,,,False,47.0
2024-02-23 20:00:00,,,False,47.0
2024-02-23 21:00:00,,,False,45.67
2024-02-23 22:00:00,,,False,46.67
2024-02-23 23:00:00,,,False,43.33
2024-02-24 00:00:00,,,False,39.33
2024-02-24 01:00:00,,,False,37.0
2024-02-24 02:00:00,,,False,35.33
2024-02-24 03:00:00,,,False,35.67
2024-02-24 04:00:00,,,False,34.67
2024-02-24 05:00:00,,,False,34.67
2024-02-24 06:00:00,,,False,35.0
2024-02-24 07:00:00,,,False,34.33
2024-02-24 08:00:00,,,False,34.67
2024-02-24 09:00:00,,,False,26.33
2024-02-24 10:00:00,,,False,45.5
2024-02-24 11:00:00,,,False,51.5
2024-02-24 12:00:00,,,False,50.5
2024-02-24 13:00:00,,,False,46.5
2024-02-24 14:00:00,,,False,47.0
2024-02-24 15:00:00,,,False,49.5
2024-02-24 16:00:00,,,False,52.0
2024-02-24 17:00:00,,,False,54.5
2024-02-24 18:00:00,,,False,51.0
2024-02-24 19:00:00,,,False,47.5
2024-02-24 20:00:00,,,False,49.0
2024-02-24 21:00:00,,,False,46.0
2024-02-24 22:00:00,,,False,48.5
2024-02-24 23:00:00,,,False,45.5
2024-02-25 00:00:00,,,False,39.5
2024-02-25 01:00:00,,,False,36.5
2024-02-25 02:00:00,,,False,34.5
2024-02-25 03:00:00,,,False,34.5
2024-02-25 04:00:00,,,False,35.0
2024-02-25 05:00:00,,,False,33.5
2024-02-25 06:00:00,,,False,34.5
2024-02-25 07:00:00,,,False,34.0
2024-02-25 08:00:00,,,False,34.5
2024-02-25 09:00:00,,,False,20.0
2024-02-25 10:00:00,,,False,40.3
2024-02-25 11:00:00,,,False,43.26
2024-02-25 12:00:00,,,False,43.84
2024-02-25 13:00:00,,,False,42.7
2024-02-25 14:00:00,,,False,42.98
2024-02-25 15:00:00,,,False,45.38
2024-02-25 16:00:00,,,False,46.83
2024-02-25 17:00:00,,,False,48.95
2024-02-25 18:00:00,,,False,47.83
2024-02-25 19:00:00,,,False,45.17
2024-02-25 20:00:00,,,False,44.53
2024-02-25 21:00:00,,,False,43.96
2024-02-25 22:00:00,,,False,43.89
2024-02-25 23:00:00,,,False,42.65
2024-02-26 00:00:00,,,False,38.04
2024-02-26 01:00:00,,,False,36.07
2024-02-26 02:00:00,,,False,34.52
2024-02-26 03:00:00,,,False,33.82
2024-02-26 04:00:00,,,False,33.61
2024-02-26 05:00:00,,,False,33.71
2024-02-26 06:00:00,,,False,33.94
2024-02-26 07:00:00,,,False,33.8
2024-02-26 08:00:00,,,False,34.03
2024-02-26 09:00:00,,,False,29.43
2024-02-26 10:00:00,,,False,40.79
2024-02-26 11:00:00,,,False,43.74
2024-02-26 12:00:00,,,False,44.06
2024-02-26 13:00:00,,,False,42.83
2024-02-26 14:00:00,,,False,43.29
2024-02-26 15:00:00,,,False,45.56
2024-02-26 16:00:00,,,False,47.21
2024-02-26 17:00:00,,,False,49.48
2024-02-26 18:00:00,,,False,48.35
2024-02-26 19:00:00,,,False,45.57
2024-02-26 20:00:00,,,False,45.03
2024-02-26 21:00:00,,,False,44.27
2024-02-26 22:00:00,,,False,44.27
2024-02-26 23:00:00,,,False,42.86
2024-02-27 00:00:00,,,False,38.12
2024-02-27 01:00:00,,,False,36.07
2024-02-27 02:00:00,,,False,34.56
2024-02-27 03:00:00,,,False,33.96
2024-02-27 04:00:00,,,False,33.65
2024-02-27 05:00:00,,,False,33.84
2024-02-27 06:00:00,,,False,34.01
2024-02-27 07:00:00,,,False,33.94
2024-02-27 08:00:00,,,False,34.03
2024-02-27 09:00:00,,,False,29.23
2024-02-27 10:00:00,,,False,41.52
2024-02-27 11:00:00,,,False,44.47
2024-02-27 12:00:00,,,False,44.9
2024-02-27 13:00:00,,,False,43.15
2024-02-27 14:00:00,,,False,43.56
2024-02-27 15:00:00,,,False,46.27
2024-02-27 16:00:00,,,False,48.06
2024-02-27 17:00:00,,,False,50.35
2024-02-27 18:00:00,,,False,48.96
2024-02-27 19:00:00,,,False,45.54
2024-02-27 20:00:00,,,False,45.03
2024-02-27 21:00:00,,,False,44.29
2024-02-27 22:00:00,,,False,44.46
2024-02-27 23:00:00,,,False,42.93
2024-02-28 00:00:00,,,False,38.05
2024-02-28 01:00:00,,,False,36.08
2024-02-28 02:00:00,,,False,34.61
2024-02-28 03:00:00,,,False,34.13
2024-02-28 04:00:00,,,False,33.79
2024-02-28 05:00:00,,,False,33.91
2024-02-28 06:00:00,,,False,34.18
2024-02-28 07:00:00,,,False,34.1
2024-02-28 08:00:00,,,False,34.28
2024-02-28 09:00:00,,,False,29.0
2024-02-28 10:00:00,,,False,42.2
2024-02-28 11:00:00,,,False,45.51
2024-02-28 12:00:00,17017.0,,False,45.8
2024-02-28 13:00:00,17027.0,10.0,False,10.0
2024-02-28 14:00:00,17036.0,9.0,False,9.0
2024-02-28 15:00:00,17046.0,10.0,False,10.0
2024-02-28 16:00:00,17058.0,12.0,False,12.0
2024-02-28 17:00:00,17071.0,13.0,False,13.0
2024-02-28 18:00:00,17081.0,10.0,False,10.0
2024-02-28 19:00:00,17088.0,7.0,False,7.0
2024-02-28 20:00:00,17095.0,7.0,False,7.0
2024-02-28 21:00:00,17103.0,8.0,False,8.0
2024-02-28 22:00:00,17110.0,7.0,False,7.0
2024-02-28 23:00:00,17116.0,6.0,False,6.0
2024-02-29 00:00:00,17122.0,6.0,False,6.0
2024-02-29 01:00:00,17128.0,6.0,False,6.0
2024-02-29 02:00:00,17132.0,4.0,False,4.0
2024-02-29 03:00:00,17138.0,6.0,False,6.0
2024-02-29 04:00:00,17142.0,4.0,False,4.0
2024-02-29 05:00:00,17146.0,4.0,False,4.0
2024-02-29 06:00:00,17150.0,4.0,False,4.0
2024-02-29 07:00:00,17155.0,5.0,False,5.0
2024-02-29 08:00:00,17160.0,5.0,False,5.0
2024-02-29 09:00:00,17168.0,8.0,False,8.0
2024-02-29 10:00:00,17178.0,10.0,False,10.0
2024-02-29 11:00:00,17189.0,11.0,False,11.0
2024-02-29 12:00:00,17199.0,10.0,False,10.0
2024-02-29 13:00:00,17209.0,10.0,False,10.0
2024-02-29 14:00:00,17220.0,11.0,False,11.0
2024-02-29 15:00:00,17231.0,11.0,False,11.0
2024-02-29 16:00:00,17244.0,13.0,False,13.0
2024-02-29 17:00:00,17258.0,14.0,False,14.0
2024-02-29 18:00:00,17270.0,12.0,False,12.0
2024-02-29 19:00:00,17280.0,10.0,False,10.0
2024-02-29 20:00:00,17290.0,10.0,False,10.0
2024-02-29 21:00:00,17298.0,8.0,False,8.0
2024-02-29 22:00:00,17307.0,9.0,False,9.0
2024-02-29 23:00:00,17317.0,10.0,False,10.0
2024-03-01 00:00:00,17325.0,8.0,False,8.0
2024-03-01 01:00:00,17331.0,6.0,False,6.0
2024-03-01 02:00:00,17336.0,5.0,False,5.0
2024-03-01 03:00:00,17341.0,5.0,False,5.0
2024-03-01 04:00:00,17346.0,5.0,False,5.0
2024-03-01 05:00:00,17351.0,5.0,False,5.0
2024-03-01 06:00:00,17356.0,5.0,False,5.0
2024-03-01 07:00:00,17361.0,5.0,False,5.0
2024-03-01 08:00:00,17367.0,6.0,False,6.0
2024-03-01 09:00:00,17378.0,11.0,False,11.0
2024-03-01 10:00:00,17390.0,12.0,False,12.0
2024-03-01 11:00:00,17404.0,14.0,False,14.0
2024-03-01 12:00:00,17417.0,13.0,False,13.0
2024-03-01 13:00:00,17427.0,10.0,False,10.0
2024-03-01 14:00:00,17440.0,13.0,False,13.0
2024-03-01 15:00:00,17451.0,11.0,False,11.0
2024-03-01 16:00:00,17464.0,13.0,False,13.0
2024-03-01 17:00:00,17477.0,13.0,False,13.0
2024-03-01 18:00:00,17488.0,11.0,False,11.0
2024-03-01 19:00:00,17498.0,10.0,False,10.0
2024-03-01 20:00:00,17509.0,11.0,False,11.0
2024-03-01 21:00:00,17523.0,14.0,False,14.0
2024-03-01 22:00:00,17535.0,12.0,False,12.0
2024-03-01 23:00:00,17544.0,9.0,False,9.0
2024-03-02 00:00:00,17552.0,8.0,False,8.0
2024-03-02 01:00:00,17559.0,7.0,False,7.0
2024-03-02 02:00:00,17566.0,7.0,False,7.0
2024-03-02 03:00:00,17571.0,5.0,False,5.0
2024-03-02 04:00:00,17578.0,7.0,False,7.0
2024-03-02 05:00:00,17583.0,5.0,False,5.0
2024-03-02 06:00:00,17589.0,6.0,False,6.0
2024-03-02 07:00:00,17595.0,6.0,False,6.0
2024-03-02 08:00:00,17600.0,5.0,False,5.0
2024-03-02 09:00:00,17607.0,7.0,False,7.0
2024-03-02 10:00:00,17615.0,8.0,False,8.0
2024-03-02 11:00:00,17624.0,9.0,False,9.0
2024-03-02 12:00:00,17632.0,8.0,False,8.0
2024-03-02 13:00:00,17640.0,8.0,False,8.0
2024-03-02 14:00:00,17649.0,9.0,False,9.0
2024-03-02 15:00:00,17658.0,9.0,False,9.0
2024-03-02 16:00:00,17667.0,9.0,False,9.0
2024-03-02 17:00:00,17676.0,9.0,False,9.0
2024-03-02 18:00:00,17686.0,10.0,False,10.0
2024-03-02 19:00:00,17696.0,10.0,False,10.0
2024-03-02 20:00:00,17706.0,10.0,False,10.0
2024-03-02 21:00:00,17715.0,9.0,False,9.0
2024-03-02 22:00:00,17725.0,10.0,False,10.0
2024-03-02 23:00:00,17734.0,9.0,False,9.0
2024-03-03 00:00:00,17744.0,10.0,False,10.0
2024-03-03 01:00:00,17752.0,8.0,False,8.0
2024-03-03 02:00:00,17757.0,5.0,False,5.0
2024-03-03 03:00:00,17762.0,5.0,False,5.0
2024-03-03 04:00:00,17768.0,6.0,False,6.0
2024-03-03 05:00:00,17773.0,5.0,False,5.0
2024-03-03 06:00:00,17779.0,6.0,False,6.0
2024-03-03 07:00:00,17784.0,5.0,False,5.0
2024-03-03 08:00:00,17789.0,5.0,False,5.0
2024-03-03 09:00:00,17794.0,5.0,False,5.0
2024-03-03 10:00:00,17802.0,8.0,False,8.0
2024-03-03 11:00:00,17811.0,9.0,False,9.0
2024-03-03 12:00:00,17820.0,9.0,False,9.0
2024-03-03 13:00:00,17828.0,8.0,False,8.0
2024-03-03 14:00:00,17836.0,8.0,False,8.0
2024-03-03 15:00:00,17846.0,10.0,False,10.0
2024-03-03 16:00:00,17857.0,11.0,False,11.0
2024-03-03 17:00:00,17867.0,10.0,False,10.0
2024-03-03 18:00:00,17878.0,11.0,False,11.0
2024-03-03 19:00:00,17888.0,10.0,False,10.0
2024-03-03 20:00:00,17901.0,13.0,False,13.0
2024-03-03 21:00:00,17913.0,12.0,False,12.0
2024-03-03 22:00:00,17925.0,12.0,False,12.0
2024-03-03 23:00:00,17935.0,10.0,False,10.0
2024-03-04 00:00:00,17943.0,8.0,False,8.0
2024-03-04 01:00:00,17950.0,7.0,False,7.0
2024-03-04 02:00:00,17957.0,7.0,False,7.0
2024-03-04 03:00:00,17963.0,6.0,False,6.0
2024-03-04 04:00:00,17970.0,7.0,False,7.0
2024-03-04 05:00:00,17977.0,7.0,False,7.0
2024-03-04 06:00:00,17983.0,6.0,False,6.0
2024-03-04 07:00:00,17990.0,7.0,False,7.0
2024-03-04 08:00:00,17997.0,7.0,False,7.0
2024-03-04 09:00:00,18009.0,12.0,False,12.0
2024-03-04 10:00:00,18021.0,12.0,False,12.0
2024-03-04 11:00:00,18034.0,13.0,False,13.0
2024-03-04 12:00:00,18046.0,12.0,False,12.0
2024-03-04 13:00:00,18057.0,11.0,False,11.0
2024-03-04 14:00:00,18069.0,12.0,False,12.0
2024-03-04 15:00:00,18082.0,13.0,False,13.0
2024-03-04 16:00:00,18094.0,12.0,False,12.0
2024-03-04 17:00:00,18107.0,13.0,False,13.0
2024-03-04 18:00:00,18119.0,12.0,False,12.0
2024-03-04 19:00:00,18132.0,13.0,False,13.0
2024-03-04 20:00:00,18143.0,11.0,False,11.0
2024-03-04 21:00:00,18155.0,12.0,False,12.0
2024-03-04 22:00:00,18169.0,14.0,False,14.0
2024-03-04 23:00:00,18179.0,10.0,False,10.0
2024-03-05 00:00:00,18189.0,10.0,False,10.0
2024-03-05 01:00:00,18196.0,7.0,False,7.0
2024-03-05 02:00:00,18202.0,6.0,False,6.0
2024-03-05 03:00:00,18209.0,7.0,False,7.0
2024-03-05 04:00:00,18215.0,6.0,False,6.0
2024-03-05 05:00:00,18222.0,7.0,False,7.0
2024-03-05 06:00:00,18228.0,6.0,False,6.0
2024-03-05 07:00:00,18234.0,6.0,False,6.0
2024-03-05 08:00:00,18241.0,7.0,False,7.0
2024-03-05 09:00:00,18250.0,9.0,False,9.0
2024-03-05 10:00:00,18262.0,12.0,False,12.0
2024-03-05 11:00:00,18274.0,12.0,False,12.0
2024-03-05 12:00:00,18285.0,11.0,False,11.0
2024-03-05 13:00:00,18295.0,10.0,False,10.0
2024-03-05 14:00:00,18308.0,13.0,False,13.0
2024-03-05 15:00:00,18324.0,16.0,False,16.0
2024-03-05 16:00:00,18340.0,16.0,False,16.0
2024-03-05 17:00:00,18356.0,16.0,False,16.0
2024-03-05 18:00:00,,,False,11.0
2024-03-05 19:00:00,194020.0,,False,10.0
2024-03-05 20:00:00,194132.0,112.0,False,112.0
2024-03-05 21:00:00,194236.0,104.0,False,104.0
2024-03-05 22:00:00,194333.0,97.0,False,97.0
2024-03-05 23:00:00,194420.0,87.0,False,87.0
2024-03-06 00:00:00,194499.0,79.0,False,79.0
2024-03-06 01:00:00,194562.0,63.0,False,63.0
2024-03-06 02:00:00,194620.0,58.0,False,58.0
2024-03-06 03:00:00,194678.0,58.0,False,58.0
2024-03-06 04:00:00,194735.0,57.0,False,57.0
2024-03-06 05:00:00,194790.0,55.0,False,55.0
2024-03-06 06:00:00,194846.0,56.0,False,56.0
2024-03-06 07:00:00,194902.0,56.0,False,56.0
2024-03-06 08:00:00,194961.0,59.0,False,59.0
2024-03-06 09:00:00,195045.0,84.0,False,84.0
2024-03-06 10:00:00,195153.0,108.0,False,108.0
2024-03-06 11:00:00,195266.0,113.0,False,113.0
2024-03-06 12:00:00,195375.0,109.0,False,109.0
2024-03-06 13:00:00,195471.0,96.0,False,96.0
2024-03-06 14:00:00,195576.0,105.0,False,105.0
2024-03-06 15:00:00,195689.0,113.0,False,113.0
2024-03-06 16:00:00,195812.0,123.0,False,123.0
2024-03-06 17:00:00,195931.0,119.0,False,119.0
2024-03-06 18:00:00,196047.0,116.0,False,116.0
2024-03-06 19:00:00,196156.0,109.0,False,109.0
2024-03-06 20:00:00,196258.0,102.0,False,102.0
2024-03-06 21:00:00,196359.0,101.0,False,101.0
2024-03-06 22:00:00,196456.0,97.0,False,97.0
2024-03-06 23:00:00,196543.0,87.0,False,87.0
2024-03-07 00:00:00,196621.0,78.0,False,78.0
2024-03-07 01:00:00,196691.0,70.0,False,70.0
2024-03-07 02:00:00,196752.0,61.0,False,61.0
2024-03-07 03:00:00,196811.0,59.0,False,59.0
2024-03-07 04:00:00,196869.0,58.0,False,58.0
2024-03-07 05:00:00,196925.0,56.0,False,56.0
2024-03-07 06:00:00,196982.0,57.0,False,57.0
2024-03-07 07:00:00,197037.0,55.0,False,55.0
2024-03-07 08:00:00,197095.0,58.0,False,58.0
2024-03-07 09:00:00,197171.0,76.0,False,76.0
2024-03-07 10:00:00,197269.0,98.0,False,98.0
2024-03-07 11:00:00,197383.0,114.0,False,114.0
2024-03-07 12:00:00,197498.0,115.0,False,115.0
2024-03-07 13:00:00,197596.0,98.0,False,98.0
2024-03-07 14:00:00,197689.0,93.0,False,93.0
2024-03-07 15:00:00,197787.0,98.0,False,98.0
2024-03-07 16:00:00,197905.0,118.0,False,118.0
2024-03-07 17:00:00,198021.0,116.0,False,116.0
2024-03-07 18:00:00,198132.0,111.0,False,111.0
2024-03-07 19:00:00,198233.0,101.0,False,101.0
2024-03-07 20:00:00,198329.0,96.0,False,96.0
2024-03-07 21:00:00,198428.0,99.0,False,99.0
2024-03-07 22:00:00,198528.0,100.0,False,100.0
2024-03-07 23:00:00,198618.0,90.0,False,90.0
2024-03-08 00:00:00,198699.0,81.0,False,81.0
2024-03-08 01:00:00,198765.0,66.0,False,66.0
2024-03-08 02:00:00,198827.0,62.0,False,62.0
2024-03-08 03:00:00,198892.0,65.0,False,65.0
2024-03-08 04:00:00,198953.0,61.0,False,61.0
2024-03-08 05:00:00,199017.0,64.0,False,64.0
2024-03-08 06:00:00,199079.0,62.0,False,62.0
2024-03-08 07:00:00,199142.0,63.0,False,63.0
2024-03-08 08:00:00,199205.0,63.0,False,63.0
2024-03-08 09:00:00,199280.0,75.0,False,75.0
2024-03-08 10:00:00,199382.0,102.0,False,102.0
2024-03-08 11:00:00,199494.0,112.0,False,112.0
2024-03-08 12:00:00,199605.0,111.0,False,111.0
2024-03-08 13:00:00,199704.0,99.0,False,99.0
2024-03-08 14:00:00,199800.0,96.0,False,96.0
2024-03-08 15:00:00,199902.0,102.0,False,102.0
2024-03-08 16:00:00,200009.0,107.0,False,107.0
2024-03-08 17:00:00,200114.0,105.0,False,105.0
2024-03-08 18:00:00,200218.0,104.0,False,104.0
2024-03-08 19:00:00,200312.0,94.0,False,94.0
2024-03-08 20:00:00,200404.0,92.0,False,92.0
2024-03-08 21:00:00,200492.0,88.0,False,88.0
2024-03-08 22:00:00,200575.0,83.0,False,83.0
2024-03-08 23:00:00,200653.0,78.0,False,78.0
2024-03-09 00:00:00,200728.0,75.0,False,75.0
2024-03-09 01:00:00,200793.0,65.0,False,65.0
2024-03-09 02:00:00,200855.0,62.0,False,62.0
2024-03-09 03:00:00,200914.0,59.0,False,59.0
2024-03-09 04:00:00,200974.0,60.0,False,60.0
2024-03-09 05:00:00,201032.0,58.0,False,58.0
2024-03-09 06:00:00,201091.0,59.0,False,59.0
2024-03-09 07:00:00,201148.0,57.0,False,57.0
2024-03-09 08:00:00,201207.0,59.0,False,59.0
2024-03-09 09:00:00,201271.0,64.0,False,64.0
2024-03-09 10:00:00,201359.0,88.0,False,88.0
2024-03-09 11:00:00,201457.0,98.0,False,98.0
2024-03-09 12:00:00,201545.0,88.0,False,88.0
2024-03-09 13:00:00,201631.0,86.0,False,86.0
2024-03-09 14:00:00,201715.0,84.0,False,84.0
2024-03-09 15:00:00,201804.0,89.0,False,89.0
2024-03-09 16:00:00,201903.0,99.0,False,99.0
2024-03-09 17:00:00,201997.0,94.0,False,94.0
2024-03-09 18:00:00,202091.0,94.0,False,94.0
2024-03-09 19:00:00,202181.0,90.0,False,90.0
2024-03-09 20:00:00,202272.0,91.0,False,91.0
2024-03-09 21:00:00,202360.0,88.0,False,88.0
2024-03-09 22:00:00,202442.0,82.0,False,82.0
2024-03-09 23:00:00,202522.0,80.0,False,80.0
2024-03-10 00:00:00,202593.0,71.0,False,71.0
2024-03-10 01:00:00,202658.0,65.0,False,65.0
2024-03-10 02:00:00,202718.0,60.0,False,60.0
2024-03-10 03:00:00,202773.0,55.0,False,55.0
2024-03-10 04:00:00,202829.0,56.0,False,56.0
2024-03-10 05:00:00,202885.0,56.0,False,56.0
2024-03-10 06:00:00,202941.0,56.0,False,56.0
2024-03-10 07:00:00,202996.0,55.0,False,55.0
2024-03-10 08:00:00,203050.0,54.0,False,54.0
2024-03-10 09:00:00,203110.0,60.0,False,60.0
2024-03-10 10:00:00,203181.0,71.0,False,71.0
2024-03-10 11:00:00,203260.0,79.0,False,79.0
2024-03-10 12:00:00,203346.0,86.0,False,86.0
2024-03-10 13:00:00,203434.0,88.0,False,88.0
2024-03-10 14:00:00,203525.0,91.0,False,91.0
2024-03-10 15:00:00,203625.0,100.0,False,100.0
2024-03-10 16:00:00,203728.0,103.0,False,103.0
2024-03-10 17:00:00,203840.0,112.0,False,112.0
2024-03-10 18:00:00,203949.0,109.0,False,109.0
2024-03-10 19:00:00,204049.0,100.0,False,100.0
2024-03-10 20:00:00,204143.0,94.0,False,94.0
2024-03-10 21:00:00,204234.0,91.0,False,91.0
2024-03-10 22:00:00,204328.0,94.0,False,94.0
2024-03-10 23:00:00,204419.0,91.0,False,91.0
2024-03-11 00:00:00,204501.0,82.0,False,82.0
2024-03-11 01:00:00,204567.0,66.0,False,66.0
2024-03-11 02:00:00,204625.0,58.0,False,58.0
2024-03-11 03:00:00,204682.0,57.0,False,57.0
2024-03-11 04:00:00,204737.0,55.0,False,55.0
2024-03-11 05:00:00,204790.0,53.0,False,53.0
2024-03-11 06:00:00,204843.0,53.0,False,53.0
2024-03-11 07:00:00,204899.0,56.0,False,56.0
2024-03-11 08:00:00,204959.0,60.0,False,60.0
2024-03-11 09:00:00,205035.0,76.0,False,76.0
2024-03-11 10:00:00,205125.0,90.0,False,90.0
2024-03-11 11:00:00,205231.0,106.0,False,106.0
2024-03-11 12:00:00,205336.0,105.0,False,105.0
2024-03-11 13:00:00,205418.0,82.0,False,82.0
2024-03-11 14:00:00,205503.0,85.0,False,85.0
2024-03-11 15:00:00,205597.0,94.0,False,94.0
2024-03-11 16:00:00,205707.0,110.0,False,110.0
2024-03-11 17:00:00,205815.0,108.0,False,108.0
2024-03-11 18:00:00,205915.0,100.0,False,100.0
2024-03-11 19:00:00,206013.0,98.0,False,98.0
2024-03-11 20:00:00,206107.0,94.0,False,94.0
2024-03-11 21:00:00,206202.0,95.0,False,95.0
2024-03-11 22:00:00,206295.0,93.0,False,93.0
2024-03-11 23:00:00,206380.0,85.0,False,85.0
2024-03-12 00:00:00,206449.0,69.0,False,69.0
2024-03-12 01:00:00,206514.0,65.0,False,65.0
2024-03-12 02:00:00,206574.0,60.0,False,60.0
2024-03-12 03:00:00,206631.0,57.0,False,57.0
2024-03-12 04:00:00,206688.0,57.0,False,57.0
2024-03-12 05:00:00,206744.0,56.0,False,56.0
2024-03-12 06:00:00,206800.0,56.0,False,56.0
2024-03-12 07:00:00,206859.0,59.0,False,59.0
2024-03-12 08:00:00,206917.0,58.0,False,58.0
2024-03-12 09:00:00,206991.0,74.0,False,74.0
2024-03-12 10:00:00,207085.0,94.0,False,94.0
2024-03-12 11:00:00,207194.0,109.0,False,109.0
2024-03-12 12:00:00,207317.0,123.0,False,123.0
2024-03-12 13:00:00,207421.0,104.0,False,104.0
2024-03-12 14:00:00,207519.0,98.0,False,98.0
2024-03-12 15:00:00,207633.0,114.0,False,114.0
2024-03-12 16:00:00,207749.0,116.0,False,116.0
2024-03-12 17:00:00,207869.0,120.0,False,120.0
2024-03-12 18:00:00,207986.0,117.0,False,117.0
2024-03-12 19:00:00,208092.0,106.0,False,106.0
2024-03-12 20:00:00,208193.0,101.0,False,101.0
2024-03-12 21:00:00,208288.0,95.0,False,95.0
2024-03-12 22:00:00,208378.0,90.0,False,90.0
2024-03-12 23:00:00,208462.0,84.0,False,84.0
2024-03-13 00:00:00,208537.0,75.0,False,75.0
2024-03-13 01:00:00,208605.0,68.0,False,68.0
2024-03-13 02:00:00,208667.0,62.0,False,62.0
2024-03-13 03:00:00,208726.0,59.0,False,59.0
2024-03-13 04:00:00,208784.0,58.0,False,58.0
2024-03-13 05:00:00,208842.0,58.0,False,58.0
2024-03-13 06:00:00,208903.0,61.0,False,61.0
2024-03-13 07:00:00,208962.0,59.0,False,59.0
2024-03-13 08:00:00,209026.0,64.0,False,64.0
2024-03-13 09:00:00,209102.0,76.0,False,76.0
2024-03-13 10:00:00,209203.0,101.0,False,101.0
2024-03-13 11:00:00,209311.0,108.0,False,108.0
2024-03-13 12:00:00,209423.0,112.0,False,112.0
2024-03-13 13:00:00,209521.0,98.0,False,98.0
2024-03-13 14:00:00,209619.0,98.0,False,98.0
2024-03-13 15:00:00,209730.0,111.0,False,111.0
2024-03-13 16:00:00,209847.0,117.0,False,117.0
2024-03-13 17:00:00,209960.0,113.0,False,113.0
2024-03-13 18:00:00,210070.0,110.0,False,110.0
2024-03-13 19:00:00,210161.0,91.0,False,91.0
2024-03-13 20:00:00,210263.0,102.0,False,102.0
2024-03-13 21:00:00,210363.0,100.0,False,100.0
2024-03-13 22:00:00,210466.0,103.0,False,103.0
2024-03-13 23:00:00,210558.0,92.0,False,92.0
2024-03-14 00:00:00,210636.0,78.0,False,78.0
2024-03-14 01:00:00,210705.0,69.0,False,69.0
2024-03-14 02:00:00,210768.0,63.0,False,63.0
2024-03-14 03:00:00,210832.0,64.0,False,64.0
2024-03-14 04:00:00,210893.0,61.0,False,61.0
2024-03-14 05:00:00,210956.0,63.0,False,63.0
2024-03-14 06:00:00,211020.0,64.0,False,64.0
2024-03-14 07:00:00,211083.0,63.0,False,63.0
2024-03-14 08:00:00,211147.0,64.0,False,64.0
2024-03-14 09:00:00,211221.0,74.0,False,74.0
2024-03-14 10:00:00,211318.0,97.0,False,97.0
2024-03-14 11:00:00,211427.0,109.0,False,109.0
2024-03-14 12:00:00,211540.0,113.0,False,113.0
2024-03-14 13:00:00,211641.0,101.0,False,101.0
2024-03-14 14:00:00,211743.0,102.0,False,102.0
2024-03-14 15:00:00,211850.0,107.0,False,107.0
2024-03-14 16:00:00,211959.0,109.0,False,109.0
2024-03-14 17:00:00,212080.0,121.0,False,121.0
2024-03-14 18:00:00,212195.0,115.0,False,115.0
2024-03-14 19:00:00,212297.0,102.0,False,102.0
2024-03-14 20:00:00,212400.0,103.0,False,103.0
2024-03-14 21:00:00,212505.0,105.0,False,105.0
2024-03-14 22:00:00,212610.0,105.0,False,105.0
2024-03-14 23:00:00,212697.0,87.0,False,87.0
2024-03-15 00:00:00,212772.0,75.0,False,75.0
2024-03-15 01:00:00,212837.0,65.0,False,65.0
2024-03-15 02:00:00,212899.0,62.0,False,62.0
2024-03-15 03:00:00,212959.0,60.0,False,60.0
2024-03-15 04:00:00,213018.0,59.0,False,59.0
2024-03-15 05:00:00,213079.0,61.0,False,61.0
2024-03-15 06:00:00,213139.0,60.0,False,60.0
2024-03-15 07:00:00,213197.0,58.0,False,58.0
2024-03-15 08:00:00,213259.0,62.0,False,62.0
2024-03-15 09:00:00,213337.0,78.0,False,78.0
2024-03-15 10:00:00,213434.0,97.0,False,97.0
2024-03-15 11:00:00,213541.0,107.0,False,107.0
2024-03-15 12:00:00,213655.0,114.0,False,114.0
2024-03-15 13:00:00,213756.0,101.0,False,101.0
2024-03-15 14:00:00,213851.0,95.0,False,95.0
2024-03-15 15:00:00,213949.0,98.0,False,98.0
2024-03-15 16:00:00,214061.0,112.0,False,112.0
2024-03-15 17:00:00,214173.0,112.0,False,112.0
2024-03-15 18:00:00,214282.0,109.0,False,109.0
2024-03-15 19:00:00,214380.0,98.0,False,98.0
2024-03-15 20:00:00,214474.0,94.0,False,94.0
2024-03-15 21:00:00,214564.0,90.0,False,90.0
2024-03-15 22:00:00,214644.0,80.0,False,80.0
2024-03-15 23:00:00,214720.0,76.0,False,76.0
2024-03-16 00:00:00,214792.0,72.0,False,72.0
2024-03-16 01:00:00,214855.0,63.0,False,63.0
2024-03-16 02:00:00,214912.0,57.0,False,57.0
2024-03-16 03:00:00,214967.0,55.0,False,55.0
2024-03-16 04:00:00,215023.0,56.0,False,56.0
2024-03-16 05:00:00,215079.0,56.0,False,56.0
2024-03-16 06:00:00,215134.0,55.0,False,55.0
2024-03-16 07:00:00,215188.0,54.0,False,54.0
2024-03-16 08:00:00,215244.0,56.0,False,56.0
2024-03-16 09:00:00,215307.0,63.0,False,63.0
2024-03-16 10:00:00,215384.0,77.0,False,77.0
2024-03-16 11:00:00,215469.0,85.0,False,85.0
2024-03-16 12:00:00,215554.0,85.0,False,85.0
2024-03-16 13:00:00,215638.0,84.0,False,84.0
2024-03-16 14:00:00,215724.0,86.0,False,86.0
2024-03-16 15:00:00,215819.0,95.0,False,95.0
2024-03-16 16:00:00,215916.0,97.0,False,97.0
2024-03-16 17:00:00,216012.0,96.0,False,96.0
2024-03-16 18:00:00,216111.0,99.0,False,99.0
2024-03-16 19:00:00,216204.0,93.0,False,93.0
2024-03-16 20:00:00,216295.0,91.0,False,91.0
2024-03-16 21:00:00,216386.0,91.0,False,91.0
2024-03-16 22:00:00,216467.0,81.0,False,81.0
2024-03-16 23:00:00,216546.0,79.0,False,79.0
2024-03-17 00:00:00,216615.0,69.0,False,69.0
2024-03-17 01:00:00,216681.0,66.0,False,66.0
2024-03-17 02:00:00,216740.0,59.0,False,59.0
2024-03-17 03:00:00,216798.0,58.0,False,58.0
2024-03-17 04:00:00,216853.0,55.0,False,55.0
2024-03-17 05:00:00,216908.0,55.0,False,55.0
2024-03-17 06:00:00,216961.0,53.0,False,53.0
2024-03-17 07:00:00,217017.0,56.0,False,56.0
2024-03-17 08:00:00,217075.0,58.0,False,58.0
2024-03-17 09:00:00,217136.0,61.0,False,61.0
2024-03-17 10:00:00,217209.0,73.0,False,73.0
2024-03-17 11:00:00,217287.0,78.0,False,78.0
2024-03-17 12:00:00,217373.0,86.0,False,86.0
2024-03-17 13:00:00,217457.0,84.0,False,84.0
2024-03-17 14:00:00,217551.0,94.0,False,94.0
2024-03-17 15:00:00,217650.0,99.0,False,99.0
2024-03-17 16:00:00,217751.0,101.0,False,101.0
2024-03-17 17:00:00,217845.0,94.0,False,94.0
2024-03-17 18:00:00,217944.0,99.0,False,99.0
2024-03-17 19:00:00,218036.0,92.0,False,92.0
2024-03-17 20:00:00,218128.0,92.0,False,92.0
2024-03-17 21:00:00,218222.0,94.0,False,94.0
2024-03-17 22:00:00,218310.0,88.0,False,88.0
2024-03-17 23:00:00,218391.0,81.0,False,81.0
2024-03-18 00:00:00,218466.0,75.0,False,75.0
2024-03-18 01:00:00,218531.0,65.0,False,65.0
2024-03-18 02:00:00,218592.0,61.0,False,61.0
2024-03-18 03:00:00,218651.0,59.0,False,59.0
2024-03-18 04:00:00,218708.0,57.0,False,57.0
2024-03-18 05:00:00,218765.0,57.0,False,57.0
2024-03-18 06:00:00,218822.0,57.0,False,57.0
2024-03-18 07:00:00,218880.0,58.0,False,58.0
2024-03-18 08:00:00,218939.0,59.0,False,59.0
2024-03-18 09:00:00,219018.0,79.0,False,79.0
2024-03-18 10:00:00,219119.0,101.0,False,101.0
2024-03-18 11:00:00,219223.0,104.0,False,104.0
2024-03-18 12:00:00,219314.0,91.0,False,91.0
2024-03-18 13:00:00,219410.0,96.0,False,96.0
2024-03-18 14:00:00,219499.0,89.0,False,89.0
2024-03-18 15:00:00,219602.0,103.0,False,103.0
2024-03-18 16:00:00,219720.0,118.0,False,118.0
2024-03-18 17:00:00,219836.0,116.0,False,116.0
2024-03-18 18:00:00,219951.0,115.0,False,115.0
2024-03-18 19:00:00,220052.0,101.0,False,101.0
2024-03-18 20:00:00,220152.0,100.0,False,100.0
2024-03-18 21:00:00,220253.0,101.0,False,101.0
2024-03-18 22:00:00,220350.0,97.0,False,97.0
2024-03-18 23:00:00,220432.0,82.0,False,82.0
2024-03-19 00:00:00,220504.0,72.0,False,72.0
2024-03-19 01:00:00,220575.0,71.0,False,71.0
2024-03-19 02:00:00,220640.0,65.0,False,65.0
2024-03-19 03:00:00,220706.0,66.0,False,66.0
2024-03-19 04:00:00,220768.0,62.0,False,62.0
2024-03-19 05:00:00,220825.0,57.0,False,57.0
2024-03-19 06:00:00,220885.0,60.0,False,60.0
2024-03-19 07:00:00,220943.0,58.0,False,58.0
2024-03-19 08:00:00,221005.0,62.0,False,62.0
2024-03-19 09:00:00,221084.0,79.0,False,79.0
2024-03-19 10:00:00,221178.0,94.0,False,94.0
2024-03-19 11:00:00,221286.0,108.0,False,108.0
2024-03-19 12:00:00,221392.0,106.0,False,106.0
2024-03-19 13:00:00,221490.0,98.0,False,98.0
2024-03-19 14:00:00,221585.0,95.0,False,95.0
2024-03-19 15:00:00,221691.0,106.0,False,106.0
2024-03-19 16:00:00,221806.0,115.0,False,115.0
2024-03-19 17:00:00,221924.0,118.0,False,118.0
2024-03-19 18:00:00,222043.0,119.0,False,119.0
2024-03-19 19:00:00,222154.0,111.0,False,111.0
2024-03-19 20:00:00,222258.0,104.0,False,104.0
2024-03-19 21:00:00,222354.0,96.0,False,96.0
2024-03-19 22:00:00,222442.0,88.0,False,88.0
2024-03-19 23:00:00,222527.0,85.0,False,85.0
2024-03-20 00:00:00,222603.0,76.0,False,76.0
2024-03-20 01:00:00,222671.0,68.0,False,68.0
2024-03-20 02:00:00,222735.0,64.0,False,64.0
2024-03-20 03:00:00,222796.0,61.0,False,61.0
2024-03-20 04:00:00,222857.0,61.0,False,61.0
2024-03-20 05:00:00,222918.0,61.0,False,61.0
2024-03-20 06:00:00,222978.0,60.0,False,60.0
2024-03-20 07:00:00,223038.0,60.0,False,60.0
2024-03-20 08:00:00,223104.0,66.0,False,66.0
2024-03-20 09:00:00,223187.0,83.0,False,83.0
2024-03-20 10:00:00,223290.0,103.0,False,103.0
2024-03-20 11:00:00,223401.0,111.0,False,111.0
2024-03-20 12:00:00,223516.0,115.0,False,115.0
2024-03-20 13:00:00,223623.0,107.0,False,107.0
2024-03-20 14:00:00,223724.0,101.0,False,101.0
2024-03-20 15:00:00,223839.0,115.0,False,115.0
2024-03-20 16:00:00,223970.0,131.0,False,131.0
2024-03-20 17:00:00,224095.0,125.0,False,125.0
2024-03-20 18:00:00,224214.0,119.0,False,119.0
2024-03-20 19:00:00,224326.0,112.0,False,112.0
2024-03-20 20:00:00,224433.0,107.0,False,107.0
2024-03-20 21:00:00,224535.0,102.0,False,102.0
2024-03-20 22:00:00,224640.0,105.0,False,105.0
2024-03-20 23:00:00,224739.0,99.0,False,99.0
2024-03-21 00:00:00,224828.0,89.0,False,89.0
2024-03-21 01:00:00,224911.0,83.0,False,83.0
2024-03-21 02:00:00,224985.0,74.0,False,74.0
2024-03-21 03:00:00,225059.0,74.0,False,74.0
2024-03-21 04:00:00,225129.0,70.0,False,70.0
2024-03-21 05:00:00,225200.0,71.0,False,71.0
2024-03-21 06:00:00,225269.0,69.0,False,69.0
2024-03-21 07:00:00,225339.0,70.0,False,70.0
2024-03-21 08:00:00,225412.0,73.0,False,73.0
2024-03-21 09:00:00,225496.0,84.0,False,84.0
2024-03-21 10:00:00,225596.0,100.0,False,100.0
2024-03-21 11:00:00,225699.0,103.0,False,103.0
2024-03-21 12:00:00,225806.0,107.0,False,107.0
2024-03-21 13:00:00,225905.0,99.0,False,99.0
2024-03-21 14:00:00,226006.0,101.0,False,101.0
2024-03-21 15:00:00,226118.0,112.0,False,112.0
2024-03-21 16:00:00,226242.0,124.0,False,124.0
2024-03-21 17:00:00,226374.0,132.0,False,132.0
2024-03-21 18:00:00,226490.0,116.0,False,116.0
2024-03-21 19:00:00,226597.0,107.0,False,107.0
2024-03-21 20:00:00,226701.0,104.0,False,104.0
2024-03-21 21:00:00,226803.0,102.0,False,102.0
2024-03-21 22:00:00,226899.0,96.0,False,96.0
2024-03-21 23:00:00,226991.0,92.0,False,92.0
2024-03-22 00:00:00,227071.0,80.0,False,80.0
2024-03-22 01:00:00,227143.0,72.0,False,72.0
2024-03-22 02:00:00,227211.0,68.0,False,68.0
2024-03-22 03:00:00,227277.0,66.0,False,66.0
2024-03-22 04:00:00,227345.0,68.0,False,68.0
2024-03-22 05:00:00,227409.0,64.0,False,64.0
2024-03-22 06:00:00,227472.0,63.0,False,63.0
2024-03-22 07:00:00,227537.0,65.0,False,65.0
2024-03-22 08:00:00,227604.0,67.0,False,67.0
2024-03-22 09:00:00,227692.0,88.0,False,88.0
2024-03-22 10:00:00,227794.0,102.0,False,102.0
2024-03-22 11:00:00,227909.0,115.0,False,115.0
2024-03-22 12:00:00,228007.0,98.0,False,98.0
2024-03-22 13:00:00,228107.0,100.0,False,100.0
2024-03-22 14:00:00,228206.0,99.0,False,99.0
2024-03-22 15:00:00,228309.0,103.0,False,103.0
2024-03-22 16:00:00,228426.0,117.0,False,117.0
2024-03-22 17:00:00,228542.0,116.0,False,116.0
2024-03-22 18:00:00,228656.0,114.0,False,114.0
2024-03-22 19:00:00,228760.0,104.0,False,104.0
2024-03-22 20:00:00,228862.0,102.0,False,102.0
2024-03-22 21:00:00,228964.0,102.0,False,102.0
2024-03-22 22:00:00,229060.0,96.0,False,96.0
2024-03-22 23:00:00,229143.0,83.0,False,83.0
2024-03-23 00:00:00,229221.0,78.0,False,78.0
2024-03-23 01:00:00,229292.0,71.0,False,71.0
2024-03-23 02:00:00,229358.0,66.0,False,66.0
2024-03-23 03:00:00,229421.0,63.0,False,63.0
2024-03-23 04:00:00,229485.0,64.0,False,64.0
2024-03-23 05:00:00,229545.0,60.0,False,60.0
2024-03-23 06:00:00,229608.0,63.0,False,63.0
2024-03-23 07:00:00,229669.0,61.0,False,61.0
2024-03-23 08:00:00,229731.0,62.0,False,62.0
2024-03-23 09:00:00,229796.0,65.0,False,65.0
2024-03-23 10:00:00,229873.0,77.0,False,77.0
2024-03-23 11:00:00,229953.0,80.0,False,80.0
2024-03-23 12:00:00,230039.0,86.0,False,86.0
2024-03-23 13:00:00,230119.0,80.0,False,80.0
2024-03-23 14:00:00,230199.0,80.0,False,80.0
2024-03-23 15:00:00,230284.0,85.0,False,85.0
2024-03-23 16:00:00,230378.0,94.0,False,94.0
2024-03-23 17:00:00,230473.0,95.0,False,95.0
2024-03-23 18:00:00,230566.0,93.0,False,93.0
2024-03-23 19:00:00,230652.0,86.0,False,86.0
2024-03-23 20:00:00,230738.0,86.0,False,86.0
2024-03-23 21:00:00,230825.0,87.0,False,87.0
2024-03-23 22:00:00,230909.0,84.0,False,84.0
2024-03-23 23:00:00,230988.0,79.0,False,79.0
2024-03-24 00:00:00,231061.0,73.0,False,73.0
2024-03-24 01:00:00,231124.0,63.0,False,63.0
2024-03-24 02:00:00,231186.0,62.0,False,62.0
2024-03-24 03:00:00,231246.0,60.0,False,60.0
2024-03-24 04:00:00,231304.0,58.0,False,58.0
2024-03-24 05:00:00,231361.0,57.0,False,57.0
2024-03-24 06:00:00,231417.0,56.0,False,56.0
2024-03-24 07:00:00,231475.0,58.0,False,58.0
2024-03-24 08:00:00,231533.0,58.0,False,58.0
2024-03-24 09:00:00,231597.0,64.0,False,64.0
2024-03-24 10:00:00,231672.0,75.0,False,75.0
2024-03-24 11:00:00,231757.0,85.0,False,85.0
2024-03-24 12:00:00,231846.0,89.0,False,89.0
2024-03-24 13:00:00,231933.0,87.0,False,87.0
2024-03-24 14:00:00,232028.0,95.0,False,95.0
2024-03-24 15:00:00,232129.0,101.0,False,101.0
2024-03-24 16:00:00,232226.0,97.0,False,97.0
2024-03-24 17:00:00,232323.0,97.0,False,97.0
2024-03-24 18:00:00,232420.0,97.0,False,97.0
2024-03-24 19:00:00,232516.0,96.0,False,96.0
2024-03-24 20:00:00,232616.0,100.0,False,100.0
2024-03-24 21:00:00,232713.0,97.0,False,97.0
2024-03-24 22:00:00,232805.0,92.0,False,92.0
2024-03-24 23:00:00,232888.0,83.0,False,83.0
2024-03-25 00:00:00,232971.0,83.0,False,83.0
2024-03-25 01:00:00,233044.0,73.0,False,73.0
2024-03-25 02:00:00,233111.0,67.0,False,67.0
2024-03-25 03:00:00,233175.0,64.0,False,64.0
2024-03-25 04:00:00,233238.0,63.0,False,63.0
2024-03-25 05:00:00,233302.0,64.0,False,64.0
2024-03-25 06:00:00,233361.0,59.0,False,59.0
2024-03-25 07:00:00,233417.0,56.0,False,56.0
2024-03-25 08:00:00,233478.0,61.0,False,61.0
2024-03-25 09:00:00,233556.0,78.0,False,78.0
2024-03-25 10:00:00,233649.0,93.0,False,93.0
2024-03-25 11:00:00,233749.0,100.0,False,100.0
2024-03-25 12:00:00,233856.0,107.0,False,107.0
2024-03-25 13:00:00,233958.0,102.0,False,102.0
2024-03-25 14:00:00,234051.0,93.0,False,93.0
2024-03-25 15:00:00,234160.0,109.0,False,109.0
2024-03-25 16:00:00,234284.0,124.0,False,124.0
2024-03-25 17:00:00,234402.0,118.0,False,118.0
2024-03-25 18:00:00,234518.0,116.0,False,116.0
2024-03-25 19:00:00,234622.0,104.0,False,104.0
2024-03-25 20:00:00,234726.0,104.0,False,104.0
2024-03-25 21:00:00,234835.0,109.0,False,109.0
2024-03-25 22:00:00,234935.0,100.0,False,100.0
2024-03-25 23:00:00,235029.0,94.0,False,94.0
2024-03-26 00:00:00,235110.0,81.0,False,81.0
2024-03-26 01:00:00,235178.0,68.0,False,68.0
2024-03-26 02:00:00,235244.0,66.0,False,66.0
2024-03-26 03:00:00,235307.0,63.0,False,63.0
2024-03-26 04:00:00,235368.0,61.0,False,61.0
2024-03-26 05:00:00,235427.0,59.0,False,59.0
2024-03-26 06:00:00,235487.0,60.0,False,60.0
2024-03-26 07:00:00,235546.0,59.0,False,59.0
2024-03-26 08:00:00,235605.0,59.0,False,59.0
2024-03-26 09:00:00,235677.0,72.0,False,72.0
2024-03-26 10:00:00,235771.0,94.0,False,94.0
2024-03-26 11:00:00,235873.0,102.0,False,102.0
2024-03-26 12:00:00,235972.0,99.0,False,99.0
2024-03-26 13:00:00,236069.0,97.0,False,97.0
2024-03-26 14:00:00,236155.0,86.0,False,86.0
2024-03-26 15:00:00,236257.0,102.0,False,102.0
2024-03-26 16:00:00,236368.0,111.0,False,111.0
2024-03-26 17:00:00,236480.0,112.0,False,112.0
2024-03-26 18:00:00,236587.0,107.0,False,107.0
2024-03-26 19:00:00,236682.0,95.0,False,95.0
2024-03-26 20:00:00,236771.0,89.0,False,89.0
2024-03-26 21:00:00,236862.0,91.0,False,91.0
2024-03-26 22:00:00,236952.0,90.0,False,90.0
2024-03-26 23:00:00,237036.0,84.0,False,84.0
2024-03-27 00:00:00,237113.0,77.0,False,77.0
2024-03-27 01:00:00,237181.0,68.0,False,68.0
2024-03-27 02:00:00,237246.0,65.0,False,65.0
2024-03-27 03:00:00,237308.0,62.0,False,62.0
2024-03-27 04:00:00,237369.0,61.0,False,61.0
2024-03-27 05:00:00,237429.0,60.0,False,60.0
2024-03-27 06:00:00,237488.0,59.0,False,59.0
2024-03-27 07:00:00,237544.0,56.0,False,56.0
2024-03-27 08:00:00,237601.0,57.0,False,57.0
2024-03-27 09:00:00,237672.0,71.0,False,71.0
2024-03-27 10:00:00,237762.0,90.0,False,90.0
2024-03-27 11:00:00,237868.0,106.0,False,106.0
2024-03-27 12:00:00,237985.0,117.0,False,117.0
2024-03-27 13:00:00,238083.0,98.0,False,98.0
2024-03-27 14:00:00,238176.0,93.0,False,93.0
2024-03-27 15:00:00,238280.0,104.0,False,104.0
2024-03-27 16:00:00,238391.0,111.0,False,111.0
2024-03-27 17:00:00,238508.0,117.0,False,117.0
2024-03-27 18:00:00,238622.0,114.0,False,114.0
2024-03-27 19:00:00,238720.0,98.0,False,98.0
2024-03-27 20:00:00,238815.0,95.0,False,95.0
2024-03-27 21:00:00,238909.0,94.0,False,94.0
2024-03-27 22:00:00,239004.0,95.0,False,95.0
2024-03-27 23:00:00,239087.0,83.0,False,83.0
2024-03-28 00:00:00,239165.0,78.0,False,78.0
2024-03-28 01:00:00,239232.0,67.0,False,67.0
2024-03-28 02:00:00,239297.0,65.0,False,65.0
2024-03-28 03:00:00,239353.0,56.0,False,56.0
2024-03-28 04:00:00,239407.0,54.0,False,54.0
2024-03-28 05:00:00,239461.0,54.0,False,54.0
2024-03-28 06:00:00,239514.0,53.0,False,53.0
2024-03-28 07:00:00,239567.0,53.0,False,53.0
2024-03-28 08:00:00,239620.0,53.0,False,53.0
2024-03-28 09:00:00,239683.0,63.0,False,63.0
2024-03-28 10:00:00,239763.0,80.0,False,80.0
2024-03-28 11:00:00,239853.0,90.0,False,90.0
2024-03-28 12:00:00,239946.0,93.0,False,93.0
2024-03-28 13:00:00,240023.0,77.0,False,77.0
2024-03-28 14:00:00,240101.0,78.0,False,78.0
2024-03-28 15:00:00,240190.0,89.0,False,89.0
2024-03-28 16:00:00,240292.0,102.0,False,102.0
2024-03-28 17:00:00,240396.0,104.0,False,104.0
2024-03-28 18:00:00,240494.0,98.0,False,98.0
2024-03-28 19:00:00,240586.0,92.0,False,92.0
2024-03-28 20:00:00,240667.0,81.0,False,81.0
2024-03-28 21:00:00,240749.0,82.0,False,82.0
2024-03-28 22:00:00,240828.0,79.0,False,79.0
2024-03-28 23:00:00,240898.0,70.0,False,70.0
2024-03-29 00:00:00,240960.0,62.0,False,62.0
2024-03-29 01:00:00,241014.0,54.0,False,54.0
2024-03-29 02:00:00,241065.0,51.0,False,51.0
2024-03-29 03:00:00,241115.0,50.0,False,50.0
2024-03-29 04:00:00,241164.0,49.0,False,49.0
2024-03-29 05:00:00,241214.0,50.0,False,50.0
2024-03-29 06:00:00,241263.0,49.0,False,49.0
2024-03-29 07:00:00,241311.0,48.0,False,48.0
2024-03-29 08:00:00,241363.0,52.0,False,52.0
2024-03-29 09:00:00,241427.0,64.0,False,64.0
2024-03-29 10:00:00,241502.0,75.0,False,75.0
2024-03-29 11:00:00,241587.0,85.0,False,85.0
2024-03-29 12:00:00,,,False,98.43
2024-03-29 13:00:00,242106.0,,False,91.57
2024-03-29 14:00:00,242205.0,99.0,False,99.0
2024-03-29 15:00:00,242310.0,105.0,False,105.0
2024-03-29 16:00:00,242416.0,106.0,False,106.0
2024-03-29 17:00:00,242528.0,112.0,False,112.0
2024-03-29 18:00:00,242639.0,111.0,False,111.0
2024-03-29 19:00:00,242743.0,104.0,False,104.0
2024-03-29 20:00:00,242845.0,102.0,False,102.0
2024-03-29 21:00:00,242942.0,97.0,False,97.0
2024-03-29 22:00:00,243031.0,89.0,False,89.0
2024-03-29 23:00:00,243116.0,85.0,False,85.0
2024-03-30 00:00:00,243194.0,78.0,False,78.0
2024-03-30 01:00:00,243263.0,69.0,False,69.0
2024-03-30 02:00:00,243330.0,67.0,False,67.0
2024-03-30 03:00:00,243393.0,63.0,False,63.0
2024-03-30 04:00:00,243456.0,63.0,False,63.0
2024-03-30 05:00:00,243519.0,63.0,False,63.0
2024-03-30 06:00:00,243576.0,57.0,False,57.0
2024-03-30 07:00:00,243632.0,56.0,False,56.0
2024-03-30 08:00:00,243694.0,62.0,False,62.0
2024-03-30 09:00:00,243762.0,68.0,False,68.0
2024-03-30 10:00:00,243841.0,79.0,False,79.0
2024-03-30 11:00:00,243923.0,82.0,False,82.0
2024-03-30 12:00:00,243999.0,76.0,False,76.0
2024-03-30 13:00:00,244075.0,76.0,False,76.0
2024-03-30 14:00:00,244155.0,80.0,False,80.0
2024-03-30 15:00:00,244242.0,87.0,False,87.0
2024-03-30 16:00:00,244331.0,89.0,False,89.0
2024-03-30 17:00:00,244419.0,88.0,False,88.0
2024-03-30 18:00:00,244503.0,84.0,False,84.0
2024-03-30 19:00:00,244586.0,83.0,False,83.0
2024-03-30 20:00:00,244674.0,88.0,False,88.0
2024-03-30 21:00:00,244756.0,82.0,False,82.0
2024-03-30 22:00:00,244839.0,83.0,False,83.0
2024-03-30 23:00:00,244916.0,77.0,False,77.0
2024-03-31 00:00:00,244988.0,72.0,False,72.0
2024-03-31 01:00:00,245055.0,67.0,False,67.0
2024-03-31 02:00:00,245117.0,62.0,False,62.0
2024-03-31 03:00:00,245180.0,63.0,False,63.0
2024-03-31 04:00:00,245240.0,60.0,False,60.0
2024-03-31 05:00:00,245301.0,61.0,False,61.0
2024-03-31 06:00:00,245358.0,57.0,False,57.0
2024-03-31 07:00:00,245416.0,58.0,False,58.0
2024-03-31 08:00:00,245480.0,64.0,False,64.0
2024-03-31 09:00:00,245543.0,63.0,False,63.0
2024-03-31 10:00:00,245614.0,71.0,False,71.0
2024-03-31 11:00:00,245690.0,76.0,False,76.0
2024-03-31 12:00:00,245773.0,83.0,False,83.0
2024-03-31 13:00:00,245861.0,88.0,False,88.0
2024-03-31 14:00:00,245947.0,86.0,False,86.0
2024-03-31 15:00:00,246036.0,89.0,False,89.0
2024-03-31 16:00:00,246123.0,87.0,False,87.0
2024-03-31 17:00:00,246217.0,94.0,False,94.0
2024-03-31 18:00:00,246306.0,89.0,False,89.0
2024-03-31 19:00:00,246395.0,89.0,False,89.0
2024-03-31 20:00:00,246487.0,92.0,False,92.0
2024-03-31 21:00:00,246576.0,89.0,False,89.0
2024-03-31 22:00:00,246665.0,89.0,False,89.0
2024-03-31 23:00:00,246754.0,89.0,False,89.0
2024-04-01 00:00:00,246831.0,77.0,False,77.0
2024-04-01 01:00:00,246898.0,67.0,False,67.0
2024-04-01 02:00:00,246958.0,60.0,False,60.0
2024-04-01 03:00:00,247018.0,60.0,False,60.0
2024-04-01 04:00:00,247080.0,62.0,False,62.0
2024-04-01 05:00:00,247138.0,58.0,False,58.0
2024-04-01 06:00:00,247198.0,60.0,False,60.0
2024-04-01 07:00:00,247256.0,58.0,False,58.0
2024-04-01 08:00:00,247321.0,65.0,False,65.0
2024-04-01 09:00:00,247401.0,80.0,False,80.0
2024-04-01 10:00:00,247505.0,104.0,False,104.0
2024-04-01 11:00:00,247619.0,114.0,False,114.0
2024-04-01 12:00:00,247733.0,114.0,False,114.0
2024-04-01 13:00:00,247834.0,101.0,False,101.0
2024-04-01 14:00:00,247945.0,111.0,False,111.0
2024-04-01 15:00:00,248062.0,117.0,False,117.0
2024-04-01 16:00:00,248182.0,120.0,False,120.0
2024-04-01 17:00:00,248308.0,126.0,False,126.0
2024-04-01 18:00:00,248424.0,116.0,False,116.0
2024-04-01 19:00:00,248529.0,105.0,False,105.0
2024-04-01 20:00:00,248633.0,104.0,False,104.0
2024-04-01 21:00:00,248734.0,101.0,False,101.0
2024-04-01 22:00:00,248836.0,102.0,False,102.0
2024-04-01 23:00:00,248929.0,93.0,False,93.0
2024-04-02 00:00:00,249005.0,76.0,False,76.0
2024-04-02 01:00:00,249075.0,70.0,False,70.0
2024-04-02 02:00:00,249138.0,63.0,False,63.0
2024-04-02 03:00:00,249200.0,62.0,False,62.0
2024-04-02 04:00:00,249262.0,62.0,False,62.0
2024-04-02 05:00:00,249324.0,62.0,False,62.0
2024-04-02 06:00:00,249385.0,61.0,False,61.0
2024-04-02 07:00:00,249448.0,63.0,False,63.0
2024-04-02 08:00:00,249514.0,66.0,False,66.0
2024-04-02 09:00:00,249595.0,81.0,False,81.0
2024-04-02 10:00:00,249693.0,98.0,False,98.0
2024-04-02 11:00:00,249807.0,114.0,False,114.0
2024-04-02 12:00:00,249930.0,123.0,False,123.0
2024-04-02 13:00:00,250038.0,108.0,False,108.0
2024-04-02 14:00:00,250150.0,112.0,False,112.0
2024-04-02 15:00:00,250263.0,113.0,False,113.0
2024-04-02 16:00:00,250390.0,127.0,True,103.71
2024-04-02 17:00:00,250523.0,133.0,True,107.57
2024-04-02 18:00:00,250643.0,120.0,False,120.0
2024-04-02 19:00:00,250751.0,108.0,False,108.0
2024-04-02 20:00:00,250858.0,107.0,False,107.0
2024-04-02 21:00:00,250966.0,108.0,False,108.0
2024-04-02 22:00:00,251061.0,95.0,False,95.0
2024-04-02 23:00:00,251150.0,89.0,False,89.0
2024-04-03 00:00:00,251233.0,83.0,False,83.0
2024-04-03 01:00:00,251300.0,67.0,False,67.0
2024-04-03 02:00:00,251361.0,61.0,False,61.0
2024-04-03 03:00:00,251422.0,61.0,False,61.0
2024-04-03 04:00:00,251484.0,62.0,False,62.0
2024-04-03 05:00:00,251544.0,60.0,False,60.0
2024-04-03 06:00:00,251603.0,59.0,False,59.0
2024-04-03 07:00:00,251662.0,59.0,False,59.0
2024-04-03 08:00:00,251725.0,63.0,False,63.0
2024-04-03 09:00:00,251798.0,73.0,False,73.0
2024-04-03 10:00:00,251892.0,94.0,False,94.0
2024-04-03 11:00:00,251990.0,98.0,False,98.0
2024-04-03 12:00:00,252088.0,98.0,False,98.0
2024-04-03 13:00:00,252184.0,96.0,False,96.0
2024-04-03 14:00:00,252277.0,93.0,False,93.0
2024-04-03 15:00:00,252378.0,101.0,False,101.0
2024-04-03 16:00:00,252487.0,109.0,False,109.0
2024-04-03 17:00:00,252602.0,115.0,False,115.0
2024-04-03 18:00:00,252709.0,107.0,False,107.0
2024-04-03 19:00:00,252811.0,102.0,False,102.0
2024-04-03 20:00:00,252902.0,91.0,False,91.0
2024-04-03 21:00:00,252991.0,89.0,False,89.0
2024-04-03 22:00:00,253078.0,87.0,False,87.0
2024-04-03 23:00:00,253157.0,79.0,False,79.0
2024-04-04 00:00:00,253222.0,65.0,False,65.0
2024-04-04 01:00:00,253287.0,65.0,False,65.0
2024-04-04 02:00:00,253346.0,59.0,False,59.0
2024-04-04 03:00:00,253404.0,58.0,False,58.0
2024-04-04 04:00:00,253459.0,55.0,False,55.0
2024-04-04 05:00:00,253516.0,57.0,False,57.0
2024-04-04 06:00:00,253571.0,55.0,False,55.0
2024-04-04 07:00:00,253625.0,54.0,False,54.0
2024-04-04 08:00:00,253679.0,54.0,False,54.0
2024-04-04 09:00:00,253738.0,59.0,False,59.0
2024-04-04 10:00:00,253808.0,70.0,False,70.0
2024-04-04 11:00:00,253893.0,85.0,False,85.0
2024-04-04 12:00:00,253983.0,90.0,False,90.0
2024-04-04 13:00:00,254063.0,80.0,False,80.0
2024-04-04 14:00:00,254138.0,75.0,False,75.0
2024-04-04 15:00:00,254216.0,78.0,False,78.0
2024-04-04 16:00:00,254291.0,75.0,False,75.0
2024-04-04 17:00:00,254376.0,85.0,False,85.0
2024-04-04 18:00:00,254465.0,89.0,False,89.0
2024-04-04 19:00:00,254555.0,90.0,False,90.0
2024-04-04 20:00:00,254635.0,80.0,False,80.0
2024-04-04 21:00:00,254712.0,77.0,False,77.0
2024-04-04 22:00:00,254792.0,80.0,False,80.0
2024-04-04 23:00:00,254866.0,74.0,False,74.0
2024-04-05 00:00:00,254933.0,67.0,False,67.0
2024-04-05 01:00:00,254995.0,62.0,False,62.0
2024-04-05 02:00:00,255053.0,58.0,False,58.0
2024-04-05 03:00:00,255110.0,57.0,False,57.0
2024-04-05 04:00:00,255166.0,56.0,False,56.0
2024-04-05 05:00:00,255222.0,56.0,False,56.0
2024-04-05 06:00:00,255277.0,55.0,False,55.0
2024-04-05 07:00:00,255331.0,54.0,False,54.0
2024-04-05 08:00:00,255387.0,56.0,False,56.0
2024-04-05 09:00:00,255444.0,57.0,False,57.0
2024-04-05 10:00:00,255512.0,68.0,False,68.0
2024-04-05 11:00:00,255592.0,80.0,False,80.0
2024-04-05 12:00:00,255674.0,82.0,False,82.0
2024-04-05 13:00:00,255755.0,81.0,False,81.0
2024-04-05 14:00:00,255830.0,75.0,False,75.0
2024-04-05 15:00:00,255906.0,76.0,False,76.0
2024-04-05 16:00:00,255987.0,81.0,False,81.0
2024-04-05 17:00:00,256068.0,81.0,False,81.0
2024-04-05 18:00:00,256150.0,82.0,False,82.0
2024-04-05 19:00:00,256235.0,85.0,False,85.0
2024-04-05 20:00:00,256317.0,82.0,False,82.0
2024-04-05 21:00:00,256397.0,80.0,False,80.0
2024-04-05 22:00:00,256473.0,76.0,False,76.0
2024-04-05 23:00:00,256548.0,75.0,False,75.0
2024-04-06 00:00:00,256621.0,73.0,False,73.0
2024-04-06 01:00:00,256685.0,64.0,False,64.0
2024-04-06 02:00:00,256742.0,57.0,False,57.0
2024-04-06 03:00:00,256796.0,54.0,False,54.0
2024-04-06 04:00:00,256848.0,52.0,False,52.0
2024-04-06 05:00:00,256901.0,53.0,False,53.0
2024-04-06 06:00:00,256953.0,52.0,False,52.0
2024-04-06 07:00:00,257005.0,52.0,False,52.0
2024-04-06 08:00:00,257057.0,52.0,False,52.0
2024-04-06 09:00:00,257115.0,58.0,False,58.0
2024-04-06 10:00:00,257181.0,66.0,False,66.0
2024-04-06 11:00:00,257257.0,76.0,False,76.0
2024-04-06 12:00:00,257337.0,80.0,False,80.0
2024-04-06 13:00:00,257411.0,74.0,False,74.0
2024-04-06 14:00:00,257485.0,74.0,False,74.0
2024-04-06 15:00:00,257566.0,81.0,False,81.0
2024-04-06 16:00:00,257654.0,88.0,False,88.0
2024-04-06 17:00:00,257746.0,92.0,False,92.0
2024-04-06 18:00:00,257834.0,88.0,False,88.0
2024-04-06 19:00:00,257916.0,82.0,False,82.0
2024-04-06 20:00:00,257997.0,81.0,False,81.0
2024-04-06 21:00:00,258085.0,88.0,False,88.0
2024-04-06 22:00:00,258166.0,81.0,False,81.0
2024-04-06 23:00:00,258244.0,78.0,False,78.0
2024-04-07 00:00:00,258316.0,72.0,False,72.0
2024-04-07 01:00:00,258379.0,63.0,False,63.0
2024-04-07 02:00:00,258439.0,60.0,False,60.0
2024-04-07 03:00:00,258498.0,59.0,False,59.0
2024-04-07 04:00:00,258555.0,57.0,False,57.0
2024-04-07 05:00:00,258611.0,56.0,False,56.0
2024-04-07 06:00:00,258668.0,57.0,False,57.0
2024-04-07 07:00:00,258726.0,58.0,False,58.0
2024-04-07 08:00:00,258784.0,58.0,False,58.0
2024-04-07 09:00:00,258852.0,68.0,False,68.0
2024-04-07 10:00:00,258934.0,82.0,False,82.0
2024-04-07 11:00:00,259020.0,86.0,False,86.0
2024-04-07 12:00:00,259111.0,91.0,False,91.0
2024-04-07 13:00:00,259189.0,78.0,False,78.0
2024-04-07 14:00:00,259280.0,91.0,False,91.0
2024-04-07 15:00:00,259377.0,97.0,False,97.0
2024-04-07 16:00:00,259484.0,107.0,False,107.0
2024-04-07 17:00:00,259590.0,106.0,False,106.0
2024-04-07 18:00:00,259690.0,100.0,False,100.0
2024-04-07 19:00:00,259785.0,95.0,False,95.0
2024-04-07 20:00:00,259882.0,97.0,False,97.0
2024-04-07 21:00:00,259978.0,96.0,False,96.0
2024-04-07 22:00:00,260073.0,95.0,False,95.0
2024-04-07 23:00:00,260165.0,92.0,False,92.0
2024-04-08 00:00:00,260246.0,81.0,False,81.0
2024-04-08 01:00:00,260317.0,71.0,False,71.0
2024-04-08 02:00:00,260378.0,61.0,False,61.0
2024-04-08 03:00:00,260439.0,61.0,False,61.0
2024-04-08 04:00:00,260497.0,58.0,False,58.0
2024-04-08 05:00:00,260555.0,58.0,False,58.0
2024-04-08 06:00:00,260612.0,57.0,False,57.0
2024-04-08 07:00:00,260668.0,56.0,False,56.0
2024-04-08 08:00:00,260727.0,59.0,False,59.0
2024-04-08 09:00:00,260801.0,74.0,False,74.0
2024-04-08 10:00:00,260892.0,91.0,False,91.0
2024-04-08 11:00:00,260993.0,101.0,False,101.0
2024-04-08 12:00:00,261097.0,104.0,False,104.0
2024-04-08 13:00:00,261195.0,98.0,False,98.0
2024-04-08 14:00:00,261293.0,98.0,False,98.0
2024-04-08 15:00:00,261397.0,104.0,False,104.0
2024-04-08 16:00:00,261510.0,113.0,False,113.0
2024-04-08 17:00:00,261625.0,115.0,False,115.0
2024-04-08 18:00:00,261748.0,123.0,False,123.0
2024-04-08 19:00:00,261855.0,107.0,False,107.0
2024-04-08 20:00:00,261957.0,102.0,False,102.0
2024-04-08 21:00:00,262052.0,95.0,False,95.0
2024-04-08 22:00:00,262150.0,98.0,False,98.0
2024-04-08 23:00:00,262233.0,83.0,False,83.0
2024-04-09 00:00:00,262307.0,74.0,False,74.0
2024-04-09 01:00:00,262377.0,70.0,False,70.0
2024-04-09 02:00:00,262442.0,65.0,False,65.0
2024-04-09 03:00:00,262504.0,62.0,False,62.0
2024-04-09 04:00:00,262565.0,61.0,False,61.0
2024-04-09 05:00:00,262626.0,61.0,False,61.0
2024-04-09 06:00:00,262685.0,59.0,False,59.0
2024-04-09 07:00:00,262743.0,58.0,False,58.0
2024-04-09 08:00:00,262804.0,61.0,False,61.0
2024-04-09 09:00:00,262879.0,75.0,False,75.0
2024-04-09 10:00:00,262978.0,99.0,False,99.0
2024-04-09 11:00:00,263079.0,101.0,False,101.0
2024-04-09 12:00:00,263185.0,106.0,False,106.0
2024-04-09 13:00:00,263282.0,97.0,False,97.0
2024-04-09 14:00:00,263379.0,97.0,False,97.0
2024-04-09 15:00:00,263485.0,106.0,False,106.0
2024-04-09 16:00:00,263595.0,110.0,False,110.0
2024-04-09 17:00:00,263709.0,114.0,False,114.0
2024-04-09 18:00:00,263834.0,125.0,False,125.0
2024-04-09 19:00:00,263938.0,104.0,False,104.0
2024-04-09 20:00:00,264044.0,106.0,False,106.0
2024-04-09 21:00:00,264139.0,95.0,False,95.0
2024-04-09 22:00:00,264231.0,92.0,False,92.0
2024-04-09 23:00:00,264320.0,89.0,False,89.0
2024-04-10 00:00:00,264397.0,77.0,False,77.0
2024-04-10 01:00:00,264466.0,69.0,False,69.0
2024-04-10 02:00:00,264529.0,63.0,False,63.0
2024-04-10 03:00:00,264588.0,59.0,False,59.0
2024-04-10 04:00:00,264646.0,58.0,False,58.0
2024-04-10 05:00:00,264705.0,59.0,False,59.0
2024-04-10 06:00:00,264764.0,59.0,False,59.0
2024-04-10 07:00:00,264822.0,58.0,False,58.0
2024-04-10 08:00:00,264884.0,62.0,False,62.0
2024-04-10 09:00:00,264963.0,79.0,False,79.0
2024-04-10 10:00:00,265061.0,98.0,False,98.0
2024-04-10 11:00:00,265171.0,110.0,False,110.0
2024-04-10 12:00:00,265293.0,122.0,False,122.0
2024-04-10 13:00:00,265398.0,105.0,False,105.0
2024-04-10 14:00:00,265502.0,104.0,False,104.0
2024-04-10 15:00:00,265620.0,118.0,False,118.0
2024-04-10 16:00:00,265759.0,139.0,False,139.0
2024-04-10 17:00:00,265889.0,130.0,False,130.0
2024-04-10 18:00:00,266030.0,141.0,False,141.0
2024-04-10 19:00:00,266165.0,135.0,False,135.0
2024-04-10 20:00:00,266279.0,114.0,False,114.0
2024-04-10 21:00:00,266387.0,108.0,False,108.0
2024-04-10 22:00:00,266496.0,109.0,False,109.0
2024-04-10 23:00:00,266595.0,99.0,False,99.0
2024-04-11 00:00:00,266676.0,81.0,False,81.0
2024-04-11 01:00:00,266751.0,75.0,False,75.0
2024-04-11 02:00:00,266820.0,69.0,False,69.0
2024-04-11 03:00:00,266881.0,61.0,False,61.0
2024-04-11 04:00:00,266949.0,68.0,False,68.0
2024-04-11 05:00:00,267016.0,67.0,False,67.0
2024-04-11 06:00:00,267077.0,61.0,False,61.0
2024-04-11 07:00:00,267110.0,33.0,True,55.71
2024-04-11 08:00:00,267201.0,91.0,False,91.0
2024-04-11 09:00:00,267279.0,78.0,False,78.0
2024-04-11 10:00:00,267385.0,106.0,False,106.0
2024-04-11 11:00:00,267511.0,126.0,False,126.0
2024-04-11 12:00:00,267632.0,121.0,False,121.0
2024-04-11 13:00:00,267738.0,106.0,False,106.0
2024-04-11 14:00:00,267845.0,107.0,False,107.0
2024-04-11 15:00:00,267970.0,125.0,False,125.0
2024-04-11 16:00:00,268096.0,126.0,False,126.0
2024-04-11 17:00:00,268223.0,127.0,False,127.0
2024-04-11 18:00:00,268358.0,135.0,False,135.0
2024-04-11 19:00:00,268477.0,119.0,False,119.0
2024-04-11 20:00:00,268593.0,116.0,False,116.0
2024-04-11 21:00:00,268710.0,117.0,False,117.0
2024-04-11 22:00:00,268822.0,112.0,False,112.0
2024-04-11 23:00:00,268925.0,103.0,False,103.0
2024-04-12 00:00:00,269008.0,83.0,False,83.0
2024-04-12 01:00:00,269082.0,74.0,False,74.0
2024-04-12 02:00:00,269147.0,65.0,False,65.0
2024-04-12 03:00:00,269209.0,62.0,False,62.0
2024-04-12 04:00:00,269273.0,64.0,False,64.0
2024-04-12 05:00:00,269335.0,62.0,False,62.0
2024-04-12 06:00:00,269395.0,60.0,False,60.0
2024-04-12 07:00:00,269455.0,60.0,False,60.0
2024-04-12 08:00:00,269517.0,62.0,False,62.0
2024-04-12 09:00:00,269594.0,77.0,False,77.0
2024-04-12 10:00:00,269692.0,98.0,False,98.0
2024-04-12 11:00:00,269801.0,109.0,False,109.0
2024-04-12 12:00:00,269909.0,108.0,False,108.0
2024-04-12 13:00:00,270020.0,111.0,False,111.0
2024-04-12 14:00:00,270122.0,102.0,False,102.0
2024-04-12 15:00:00,270230.0,108.0,False,108.0
2024-04-12 16:00:00,270362.0,132.0,False,132.0
2024-04-12 17:00:00,270501.0,139.0,False,139.0
2024-04-12 18:00:00,270638.0,137.0,False,137.0
2024-04-12 19:00:00,270767.0,129.0,False,129.0
2024-04-12 20:00:00,270886.0,119.0,False,119.0
2024-04-12 21:00:00,271002.0,116.0,False,116.0
2024-04-12 22:00:00,271107.0,105.0,False,105.0
2024-04-12 23:00:00,271203.0,96.0,False,96.0
2024-04-13 00:00:00,271293.0,90.0,False,90.0
2024-04-13 01:00:00,271376.0,83.0,False,83.0
2024-04-13 02:00:00,271454.0,78.0,False,78.0
2024-04-13 03:00:00,271525.0,71.0,False,71.0
2024-04-13 04:00:00,271593.0,68.0,False,68.0
2024-04-13 05:00:00,271659.0,66.0,False,66.0
2024-04-13 06:00:00,271726.0,67.0,False,67.0
2024-04-13 07:00:00,271792.0,66.0,False,66.0
2024-04-13 08:00:00,271859.0,67.0,False,67.0
2024-04-13 09:00:00,271931.0,72.0,False,72.0
2024-04-13 10:00:00,272021.0,90.0,False,90.0
2024-04-13 11:00:00,272130.0,109.0,False,109.0
2024-04-13 12:00:00,272239.0,109.0,False,109.0
2024-04-13 13:00:00,272346.0,107.0,False,107.0
2024-04-13 14:00:00,272446.0,100.0,False,100.0
2024-04-13 15:00:00,272550.0,104.0,False,104.0
2024-04-13 16:00:00,272658.0,108.0,False,108.0
2024-04-13 17:00:00,272766.0,108.0,False,108.0
2024-04-13 18:00:00,272874.0,108.0,False,108.0
2024-04-13 19:00:00,272975.0,101.0,False,101.0
2024-04-13 20:00:00,273079.0,104.0,False,104.0
2024-04-13 21:00:00,273180.0,101.0,False,101.0
2024-04-13 22:00:00,273272.0,92.0,False,92.0
2024-04-13 23:00:00,273356.0,84.0,False,84.0
2024-04-14 00:00:00,273433.0,77.0,False,77.0
2024-04-14 01:00:00,273502.0,69.0,False,69.0
2024-04-14 02:00:00,273564.0,62.0,False,62.0
2024-04-14 03:00:00,273625.0,61.0,False,61.0
2024-04-14 04:00:00,273685.0,60.0,False,60.0
2024-04-14 05:00:00,273746.0,61.0,False,61.0
2024-04-14 06:00:00,273806.0,60.0,False,60.0
2024-04-14 07:00:00,273867.0,61.0,False,61.0
2024-04-14 08:00:00,273926.0,59.0,False,59.0
2024-04-14 09:00:00,273989.0,63.0,False,63.0
2024-04-14 10:00:00,274065.0,76.0,False,76.0
2024-04-14 11:00:00,274157.0,92.0,False,92.0
2024-04-14 12:00:00,274259.0,102.0,False,102.0
2024-04-14 13:00:00,274359.0,100.0,False,100.0
2024-04-14 14:00:00,274458.0,99.0,False,99.0
2024-04-14 15:00:00,274560.0,102.0,False,102.0
2024-04-14 16:00:00,274664.0,104.0,False,104.0
2024-04-14 17:00:00,274771.0,107.0,False,107.0
2024-04-14 18:00:00,274874.0,103.0,False,103.0
2024-04-14 19:00:00,274968.0,94.0,False,94.0
2024-04-14 20:00:00,275064.0,96.0,False,96.0
2024-04-14 21:00:00,275166.0,102.0,False,102.0
2024-04-14 22:00:00,275261.0,95.0,False,95.0
2024-04-14 23:00:00,275359.0,98.0,False,98.0
2024-04-15 00:00:00,275441.0,82.0,False,82.0
2024-04-15 01:00:00,275515.0,74.0,False,74.0
2024-04-15 02:00:00,275582.0,67.0,False,67.0
2024-04-15 03:00:00,275645.0,63.0,False,63.0
2024-04-15 04:00:00,275706.0,61.0,False,61.0
2024-04-15 05:00:00,275765.0,59.0,False,59.0
2024-04-15 06:00:00,275827.0,62.0,False,62.0
2024-04-15 07:00:00,275886.0,59.0,False,59.0
2024-04-15 08:00:00,275948.0,62.0,False,62.0
2024-04-15 09:00:00,276034.0,86.0,False,86.0
2024-04-15 10:00:00,276132.0,98.0,False,98.0
2024-04-15 11:00:00,276242.0,110.0,False,110.0
2024-04-15 12:00:00,276357.0,115.0,False,115.0
2024-04-15 13:00:00,276460.0,103.0,False,103.0
2024-04-15 14:00:00,276582.0,122.0,False,122.0
2024-04-15 15:00:00,276706.0,124.0,False,124.0
2024-04-15 16:00:00,276849.0,143.0,False,143.0
2024-04-15 17:00:00,277003.0,154.0,False,154.0
2024-04-15 18:00:00,277153.0,150.0,False,150.0
2024-04-15 19:00:00,277286.0,133.0,False,133.0
2024-04-15 20:00:00,277421.0,135.0,False,135.0
2024-04-15 21:00:00,277557.0,136.0,False,136.0
2024-04-15 22:00:00,277670.0,113.0,False,113.0
2024-04-15 23:00:00,277771.0,101.0,False,101.0
2024-04-16 00:00:00,277862.0,91.0,False,91.0
2024-04-16 01:00:00,277936.0,74.0,False,74.0
2024-04-16 02:00:00,278003.0,67.0,False,67.0
2024-04-16 03:00:00,278062.0,59.0,False,59.0
2024-04-16 04:00:00,278129.0,67.0,False,67.0
2024-04-16 05:00:00,278192.0,63.0,False,63.0
2024-04-16 06:00:00,278255.0,63.0,False,63.0
2024-04-16 07:00:00,278311.0,56.0,False,56.0
2024-04-16 08:00:00,278373.0,62.0,False,62.0
2024-04-16 09:00:00,278457.0,84.0,False,84.0
2024-04-16 10:00:00,278570.0,113.0,False,113.0
2024-04-16 11:00:00,278693.0,123.0,False,123.0
2024-04-16 12:00:00,278820.0,127.0,False,127.0
2024-04-16 13:00:00,278938.0,118.0,False,118.0
2024-04-16 14:00:00,279057.0,119.0,False,119.0
2024-04-16 15:00:00,279189.0,132.0,False,132.0
2024-04-16 16:00:00,279332.0,143.0,False,143.0
2024-04-16 17:00:00,279478.0,146.0,False,146.0
2024-04-16 18:00:00,279607.0,129.0,False,129.0
2024-04-16 19:00:00,279722.0,115.0,False,115.0
2024-04-16 20:00:00,279835.0,113.0,False,113.0
2024-04-16 21:00:00,279949.0,114.0,False,114.0
2024-04-16 22:00:00,280052.0,103.0,False,103.0
2024-04-16 23:00:00,280146.0,94.0,False,94.0
2024-04-17 00:00:00,280235.0,89.0,False,89.0
2024-04-17 01:00:00,280319.0,84.0,False,84.0
2024-04-17 02:00:00,280395.0,76.0,False,76.0
2024-04-17 03:00:00,280468.0,73.0,False,73.0
2024-04-17 04:00:00,280532.0,64.0,False,64.0
2024-04-17 05:00:00,280598.0,66.0,False,66.0
2024-04-17 06:00:00,280661.0,63.0,False,63.0
2024-04-17 07:00:00,280725.0,64.0,False,64.0
2024-04-17 08:00:00,280789.0,64.0,False,64.0
2024-04-17 09:00:00,280876.0,87.0,False,87.0
2024-04-17 10:00:00,280981.0,105.0,False,105.0
2024-04-17 11:00:00,281104.0,123.0,False,123.0
2024-04-17 12:00:00,281233.0,129.0,False,129.0
2024-04-17 13:00:00,281351.0,118.0,False,118.0
2024-04-17 14:00:00,281466.0,115.0,False,115.0
2024-04-17 15:00:00,281598.0,132.0,False,132.0
2024-04-17 16:00:00,281743.0,145.0,False,145.0
2024-04-17 17:00:00,281889.0,146.0,False,146.0
2024-04-17 18:00:00,282035.0,146.0,False,146.0
2024-04-17 19:00:00,282165.0,130.0,False,130.0
2024-04-17 20:00:00,282289.0,124.0,False,124.0
2024-04-17 21:00:00,282411.0,122.0,False,122.0
2024-04-17 22:00:00,282531.0,120.0,False,120.0
2024-04-17 23:00:00,282640.0,109.0,False,109.0
2024-04-18 00:00:00,282739.0,99.0,False,99.0
2024-04-18 01:00:00,282826.0,87.0,False,87.0
2024-04-18 02:00:00,282903.0,77.0,False,77.0
2024-04-18 03:00:00,282976.0,73.0,False,73.0
2024-04-18 04:00:00,283050.0,74.0,False,74.0
2024-04-18 05:00:00,283121.0,71.0,False,71.0
2024-04-18 06:00:00,283191.0,70.0,False,70.0
2024-04-18 07:00:00,283259.0,68.0,False,68.0
2024-04-18 08:00:00,283327.0,68.0,False,68.0
2024-04-18 09:00:00,283414.0,87.0,False,87.0
2024-04-18 10:00:00,283531.0,117.0,False,117.0
2024-04-18 11:00:00,283657.0,126.0,False,126.0
2024-04-18 12:00:00,283781.0,124.0,False,124.0
2024-04-18 13:00:00,283893.0,112.0,False,112.0
2024-04-18 14:00:00,284007.0,114.0,False,114.0
2024-04-18 15:00:00,284126.0,119.0,False,119.0
2024-04-18 16:00:00,284264.0,138.0,False,138.0
2024-04-18 17:00:00,284408.0,144.0,False,144.0
2024-04-18 18:00:00,284550.0,142.0,False,142.0
2024-04-18 19:00:00,284682.0,132.0,False,132.0
2024-04-18 20:00:00,284800.0,118.0,False,118.0
2024-04-18 21:00:00,284908.0,108.0,False,108.0
2024-04-18 22:00:00,285012.0,104.0,False,104.0
2024-04-18 23:00:00,285110.0,98.0,False,98.0
2024-04-19 00:00:00,285200.0,90.0,False,90.0
2024-04-19 01:00:00,285281.0,81.0,False,81.0
2024-04-19 02:00:00,285352.0,71.0,False,71.0
2024-04-19 03:00:00,285421.0,69.0,False,69.0
2024-04-19 04:00:00,285489.0,68.0,False,68.0
2024-04-19 05:00:00,285552.0,63.0,False,63.0
2024-04-19 06:00:00,285615.0,63.0,False,63.0
2024-04-19 07:00:00,285679.0,64.0,False,64.0
2024-04-19 08:00:00,285746.0,67.0,False,67.0
2024-04-19 09:00:00,285828.0,82.0,False,82.0
2024-04-19 10:00:00,285938.0,110.0,False,110.0
2024-04-19 11:00:00,286061.0,123.0,False,123.0
2024-04-19 12:00:00,286185.0,124.0,False,124.0
2024-04-19 13:00:00,286299.0,114.0,False,114.0
2024-04-19 14:00:00,286409.0,110.0,False,110.0
2024-04-19 15:00:00,286539.0,130.0,False,130.0
2024-04-19 16:00:00,286679.0,140.0,False,140.0
2024-04-19 17:00:00,286822.0,143.0,False,143.0
2024-04-19 18:00:00,286960.0,138.0,False,138.0
2024-04-19 19:00:00,287088.0,128.0,False,128.0
2024-04-19 20:00:00,287221.0,133.0,False,133.0
2024-04-19 21:00:00,287340.0,119.0,False,119.0
2024-04-19 22:00:00,287451.0,111.0,False,111.0
2024-04-19 23:00:00,287552.0,101.0,False,101.0
2024-04-20 00:00:00,287643.0,91.0,False,91.0
2024-04-20 01:00:00,287717.0,74.0,False,74.0
2024-04-20 02:00:00,287782.0,65.0,False,65.0
2024-04-20 03:00:00,287844.0,62.0,False,62.0
2024-04-20 04:00:00,287908.0,64.0,False,64.0
2024-04-20 05:00:00,287971.0,63.0,False,63.0
2024-04-20 06:00:00,288030.0,59.0,False,59.0
2024-04-20 07:00:00,288093.0,63.0,False,63.0
2024-04-20 08:00:00,288158.0,65.0,False,65.0
2024-04-20 09:00:00,288227.0,69.0,False,69.0
2024-04-20 10:00:00,288318.0,91.0,False,91.0
2024-04-20 11:00:00,288421.0,103.0,False,103.0
2024-04-20 12:00:00,288520.0,99.0,False,99.0
2024-04-20 13:00:00,288609.0,89.0,False,89.0
2024-04-20 14:00:00,288703.0,94.0,False,94.0
2024-04-20 15:00:00,288802.0,99.0,False,99.0
2024-04-20 16:00:00,288915.0,113.0,False,113.0
2024-04-20 17:00:00,289033.0,118.0,False,118.0
2024-04-20 18:00:00,289143.0,110.0,False,110.0
2024-04-20 19:00:00,289250.0,107.0,False,107.0
2024-04-20 20:00:00,289350.0,100.0,False,100.0
2024-04-20 21:00:00,289448.0,98.0,False,98.0
2024-04-20 22:00:00,289544.0,96.0,False,96.0
2024-04-20 23:00:00,289631.0,87.0,False,87.0
2024-04-21 00:00:00,289712.0,81.0,False,81.0
2024-04-21 01:00:00,289784.0,72.0,False,72.0
2024-04-21 02:00:00,289846.0,62.0,False,62.0
2024-04-21 03:00:00,289904.0,58.0,False,58.0
2024-04-21 04:00:00,289964.0,60.0,False,60.0
2024-04-21 05:00:00,290021.0,57.0,False,57.0
2024-04-21 06:00:00,290080.0,59.0,False,59.0
2024-04-21 07:00:00,290137.0,57.0,False,57.0
2024-04-21 08:00:00,290194.0,57.0,False,57.0
2024-04-21 09:00:00,290255.0,61.0,False,61.0
2024-04-21 10:00:00,290327.0,72.0,False,72.0
2024-04-21 11:00:00,290404.0,77.0,False,77.0
2024-04-21 12:00:00,290490.0,86.0,False,86.0
2024-04-21 13:00:00,290581.0,91.0,False,91.0
2024-04-21 14:00:00,290671.0,90.0,False,90.0
2024-04-21 15:00:00,290770.0,99.0,False,99.0
2024-04-21 16:00:00,290881.0,111.0,False,111.0
2024-04-21 17:00:00,290989.0,108.0,False,108.0
2024-04-21 18:00:00,291092.0,103.0,False,103.0
2024-04-21 19:00:00,291193.0,101.0,False,101.0
2024-04-21 20:00:00,291301.0,108.0,False,108.0
2024-04-21 21:00:00,291409.0,108.0,False,108.0
2024-04-21 22:00:00,291510.0,101.0,False,101.0
2024-04-21 23:00:00,291605.0,95.0,False,95.0
2024-04-22 00:00:00,291693.0,88.0,False,88.0
2024-04-22 01:00:00,291770.0,77.0,False,77.0
2024-04-22 02:00:00,291842.0,72.0,False,72.0
2024-04-22 03:00:00,291909.0,67.0,False,67.0
2024-04-22 04:00:00,291974.0,65.0,False,65.0
2024-04-22 05:00:00,292039.0,65.0,False,65.0
2024-04-22 06:00:00,292104.0,65.0,False,65.0
2024-04-22 07:00:00,292171.0,67.0,False,67.0
2024-04-22 08:00:00,292239.0,68.0,False,68.0
2024-04-22 09:00:00,292332.0,93.0,False,93.0
2024-04-22 10:00:00,292436.0,104.0,False,104.0
2024-04-22 11:00:00,292558.0,122.0,False,122.0
2024-04-22 12:00:00,292672.0,114.0,False,114.0
2024-04-22 13:00:00,292782.0,110.0,False,110.0
2024-04-22 14:00:00,292886.0,104.0,False,104.0
2024-04-22 15:00:00,293008.0,122.0,False,122.0
2024-04-22 16:00:00,293143.0,135.0,False,135.0
2024-04-22 17:00:00,293279.0,136.0,False,136.0
2024-04-22 18:00:00,293414.0,135.0,False,135.0
2024-04-22 19:00:00,293538.0,124.0,False,124.0
2024-04-22 20:00:00,293653.0,115.0,False,115.0
2024-04-22 21:00:00,293764.0,111.0,False,111.0
2024-04-22 22:00:00,293867.0,103.0,False,103.0
2024-04-22 23:00:00,293960.0,93.0,False,93.0
2024-04-23 00:00:00,294044.0,84.0,False,84.0
2024-04-23 01:00:00,294121.0,77.0,False,77.0
2024-04-23 02:00:00,294192.0,71.0,False,71.0
2024-04-23 03:00:00,294259.0,67.0,False,67.0
2024-04-23 04:00:00,294327.0,68.0,False,68.0
2024-04-23 05:00:00,294394.0,67.0,False,67.0
2024-04-23 06:00:00,294465.0,71.0,False,71.0
2024-04-23 07:00:00,294530.0,65.0,False,65.0
2024-04-23 08:00:00,294597.0,67.0,False,67.0
2024-04-23 09:00:00,294681.0,84.0,False,84.0
2024-04-23 10:00:00,294795.0,114.0,False,114.0
2024-04-23 11:00:00,294913.0,118.0,False,118.0
2024-04-23 12:00:00,295033.0,120.0,False,120.0
2024-04-23 13:00:00,295149.0,116.0,False,116.0
2024-04-23 14:00:00,295267.0,118.0,False,118.0
2024-04-23 15:00:00,295391.0,124.0,False,124.0
2024-04-23 16:00:00,295532.0,141.0,False,141.0
2024-04-23 17:00:00,295675.0,143.0,False,143.0
2024-04-23 18:00:00,295816.0,141.0,False,141.0
2024-04-23 19:00:00,295944.0,128.0,False,128.0
2024-04-23 20:00:00,296061.0,117.0,False,117.0
2024-04-23 21:00:00,296175.0,114.0,False,114.0
2024-04-23 22:00:00,296281.0,106.0,False,106.0
2024-04-23 23:00:00,296377.0,96.0,False,96.0
2024-04-24 00:00:00,296456.0,79.0,False,79.0
2024-04-24 01:00:00,296523.0,67.0,False,67.0
2024-04-24 02:00:00,296592.0,69.0,False,69.0
2024-04-24 03:00:00,296655.0,63.0,False,63.0
2024-04-24 04:00:00,296716.0,61.0,False,61.0
2024-04-24 05:00:00,296779.0,63.0,False,63.0
2024-04-24 06:00:00,296839.0,60.0,False,60.0
2024-04-24 07:00:00,296899.0,60.0,False,60.0
2024-04-24 08:00:00,296965.0,66.0,False,66.0
2024-04-24 09:00:00,297049.0,84.0,False,84.0
2024-04-24 10:00:00,297159.0,110.0,False,110.0
2024-04-24 11:00:00,297285.0,126.0,False,126.0
2024-04-24 12:00:00,297419.0,134.0,False,134.0
2024-04-24 13:00:00,297529.0,110.0,False,110.0
2024-04-24 14:00:00,297646.0,117.0,False,117.0
2024-04-24 15:00:00,297768.0,122.0,False,122.0
2024-04-24 16:00:00,297904.0,136.0,False,136.0
2024-04-24 17:00:00,298047.0,143.0,False,143.0
2024-04-24 18:00:00,298180.0,133.0,False,133.0
2024-04-24 19:00:00,298303.0,123.0,False,123.0
2024-04-24 20:00:00,298420.0,117.0,False,117.0
2024-04-24 21:00:00,298540.0,120.0,False,120.0
2024-04-24 22:00:00,298653.0,113.0,False,113.0
2024-04-24 23:00:00,298757.0,104.0,False,104.0
2024-04-25 00:00:00,298857.0,100.0,False,100.0
2024-04-25 01:00:00,298941.0,84.0,False,84.0
2024-04-25 02:00:00,299021.0,80.0,False,80.0
2024-04-25 03:00:00,299099.0,78.0,False,78.0
2024-04-25 04:00:00,299174.0,75.0,False,75.0
2024-04-25 05:00:00,299248.0,74.0,False,74.0
2024-04-25 06:00:00,299320.0,72.0,False,72.0
2024-04-25 07:00:00,299393.0,73.0,False,73.0
2024-04-25 08:00:00,299469.0,76.0,False,76.0
2024-04-25 09:00:00,299558.0,89.0,False,89.0
2024-04-25 10:00:00,299679.0,121.0,False,121.0
2024-04-25 11:00:00,299805.0,126.0,False,126.0
2024-04-25 12:00:00,299934.0,129.0,False,129.0
2024-04-25 13:00:00,300062.0,128.0,False,128.0
2024-04-25 14:00:00,300183.0,121.0,False,121.0
2024-04-25 15:00:00,300317.0,134.0,False,134.0
2024-04-25 16:00:00,300475.0,158.0,False,158.0
2024-04-25 17:00:00,300635.0,160.0,False,160.0
2024-04-25 18:00:00,300786.0,151.0,False,151.0
2024-04-25 19:00:00,300925.0,139.0,False,139.0
2024-04-25 20:00:00,301055.0,130.0,False,130.0
2024-04-25 21:00:00,301178.0,123.0,False,123.0
2024-04-25 22:00:00,301303.0,125.0,False,125.0
2024-04-25 23:00:00,301419.0,116.0,False,116.0
2024-04-26 00:00:00,301516.0,97.0,False,97.0
2024-04-26 01:00:00,301594.0,78.0,False,78.0
2024-04-26 02:00:00,301669.0,75.0,False,75.0
2024-04-26 03:00:00,301739.0,70.0,False,70.0
2024-04-26 04:00:00,301808.0,69.0,False,69.0
2024-04-26 05:00:00,301875.0,67.0,False,67.0
2024-04-26 06:00:00,301942.0,67.0,False,67.0
2024-04-26 07:00:00,302008.0,66.0,False,66.0
2024-04-26 08:00:00,302079.0,71.0,False,71.0
2024-04-26 09:00:00,302167.0,88.0,False,88.0
2024-04-26 10:00:00,302292.0,125.0,False,125.0
2024-04-26 11:00:00,302431.0,139.0,False,139.0
2024-04-26 12:00:00,302568.0,137.0,False,137.0
2024-04-26 13:00:00,302710.0,142.0,False,142.0
2024-04-26 14:00:00,302847.0,137.0,False,137.0
2024-04-26 15:00:00,302987.0,140.0,False,140.0
2024-04-26 16:00:00,303147.0,160.0,False,160.0
2024-04-26 17:00:00,303318.0,171.0,False,171.0
2024-04-26 18:00:00,303485.0,167.0,False,167.0
2024-04-26 19:00:00,303630.0,145.0,False,145.0
2024-04-26 20:00:00,303762.0,132.0,False,132.0
2024-04-26 21:00:00,303894.0,132.0,False,132.0
2024-04-26 22:00:00,304027.0,133.0,False,133.0
2024-04-26 23:00:00,304147.0,120.0,False,120.0
2024-04-27 00:00:00,304246.0,99.0,False,99.0
2024-04-27 01:00:00,304341.0,95.0,False,95.0
2024-04-27 02:00:00,304427.0,86.0,False,86.0
2024-04-27 03:00:00,304510.0,83.0,False,83.0
2024-04-27 04:00:00,304595.0,85.0,False,85.0
2024-04-27 05:00:00,304677.0,82.0,False,82.0
2024-04-27 06:00:00,304759.0,82.0,False,82.0
2024-04-27 07:00:00,304840.0,81.0,False,81.0
2024-04-27 08:00:00,304926.0,86.0,False,86.0
2024-04-27 09:00:00,305016.0,90.0,False,90.0
2024-04-27 10:00:00,305122.0,106.0,False,106.0
2024-04-27 11:00:00,305238.0,116.0,False,116.0
2024-04-27 12:00:00,305372.0,134.0,False,134.0
2024-04-27 13:00:00,305501.0,129.0,False,129.0
2024-04-27 14:00:00,305625.0,124.0,False,124.0
2024-04-27 15:00:00,305757.0,132.0,False,132.0
2024-04-27 16:00:00,305885.0,128.0,False,128.0
2024-04-27 17:00:00,306012.0,127.0,False,127.0
2024-04-27 18:00:00,306136.0,124.0,False,124.0
2024-04-27 19:00:00,306257.0,121.0,False,121.0
2024-04-27 20:00:00,306374.0,117.0,False,117.0
2024-04-27 21:00:00,306492.0,118.0,False,118.0
2024-04-27 22:00:00,306607.0,115.0,False,115.0
2024-04-27 23:00:00,306715.0,108.0,False,108.0
2024-04-28 00:00:00,306806.0,91.0,False,91.0
2024-04-28 01:00:00,306888.0,82.0,False,82.0
2024-04-28 02:00:00,306964.0,76.0,False,76.0
2024-04-28 03:00:00,307037.0,73.0,False,73.0
2024-04-28 04:00:00,307107.0,70.0,False,70.0
2024-04-28 05:00:00,307179.0,72.0,False,72.0
2024-04-28 06:00:00,307251.0,72.0,False,72.0
2024-04-28 07:00:00,307319.0,68.0,False,68.0
2024-04-28 08:00:00,307391.0,72.0,False,72.0
2024-04-28 09:00:00,307477.0,86.0,False,86.0
2024-04-28 10:00:00,307590.0,113.0,False,113.0
2024-04-28 11:00:00,307725.0,135.0,False,135.0
2024-04-28 12:00:00,307864.0,139.0,False,139.0
2024-04-28 13:00:00,307986.0,122.0,False,122.0
2024-04-28 14:00:00,308119.0,133.0,False,133.0
2024-04-28 15:00:00,308265.0,146.0,False,146.0
2024-04-28 16:00:00,308432.0,167.0,False,167.0
2024-04-28 17:00:00,308601.0,169.0,False,169.0
2024-04-28 18:00:00,308755.0,154.0,False,154.0
2024-04-28 19:00:00,308893.0,138.0,False,138.0
2024-04-28 20:00:00,309024.0,131.0,False,131.0
2024-04-28 21:00:00,309152.0,128.0,False,128.0
2024-04-28 22:00:00,309277.0,125.0,False,125.0
2024-04-28 23:00:00,309382.0,105.0,False,105.0
2024-04-29 00:00:00,309479.0,97.0,False,97.0
2024-04-29 01:00:00,309564.0,85.0,False,85.0
2024-04-29 02:00:00,309645.0,81.0,False,81.0
2024-04-29 03:00:00,309722.0,77.0,False,77.0
2024-04-29 04:00:00,309802.0,80.0,False,80.0
2024-04-29 05:00:00,309878.0,76.0,False,76.0
2024-04-29 06:00:00,309953.0,75.0,False,75.0
2024-04-29 07:00:00,310024.0,71.0,False,71.0
2024-04-29 08:00:00,310098.0,74.0,False,74.0
2024-04-29 09:00:00,310188.0,90.0,False,90.0
2024-04-29 10:00:00,310297.0,109.0,False,109.0
2024-04-29 11:00:00,310413.0,116.0,False,116.0
2024-04-29 12:00:00,310530.0,117.0,False,117.0
2024-04-29 13:00:00,310645.0,115.0,False,115.0
2024-04-29 14:00:00,310750.0,105.0,False,105.0
2024-04-29 15:00:00,310865.0,115.0,False,115.0
2024-04-29 16:00:00,310993.0,128.0,False,128.0
2024-04-29 17:00:00,311130.0,137.0,False,137.0
2024-04-29 18:00:00,311260.0,130.0,False,130.0
2024-04-29 19:00:00,311376.0,116.0,False,116.0
2024-04-29 20:00:00,311485.0,109.0,False,109.0
2024-04-29 21:00:00,311591.0,106.0,False,106.0
2024-04-29 22:00:00,311687.0,96.0,False,96.0
2024-04-29 23:00:00,311774.0,87.0,False,87.0
2024-04-30 00:00:00,311850.0,76.0,False,76.0
2024-04-30 01:00:00,311919.0,69.0,False,69.0
2024-04-30 02:00:00,311982.0,63.0,False,63.0
2024-04-30 03:00:00,312045.0,63.0,False,63.0
2024-04-30 04:00:00,312107.0,62.0,False,62.0
2024-04-30 05:00:00,312168.0,61.0,False,61.0
2024-04-30 06:00:00,312229.0,61.0,False,61.0
2024-04-30 07:00:00,312292.0,63.0,False,63.0
2024-04-30 08:00:00,312354.0,62.0,False,62.0
2024-04-30 09:00:00,312427.0,73.0,False,73.0
2024-04-30 10:00:00,312520.0,93.0,False,93.0
2024-04-30 11:00:00,312629.0,109.0,False,109.0
2024-04-30 12:00:00,312736.0,107.0,False,107.0
2024-04-30 13:00:00,,,False,123.14
2024-04-30 14:00:00,312942.0,,False,122.14
2024-04-30 15:00:00,313045.0,103.0,False,103.0
2024-04-30 16:00:00,313161.0,116.0,False,116.0
2024-04-30 17:00:00,313268.0,107.0,False,107.0
2024-04-30 18:00:00,313370.0,102.0,False,102.0
2024-04-30 19:00:00,313465.0,95.0,False,95.0
2024-04-30 20:00:00,313558.0,93.0,False,93.0
2024-04-30 21:00:00,313642.0,84.0,False,84.0
2024-04-30 22:00:00,313730.0,88.0,False,88.0
2024-04-30 23:00:00,313809.0,79.0,False,79.0
2024-05-01 00:00:00,313880.0,71.0,False,71.0
2024-05-01 01:00:00,313948.0,68.0,False,68.0
2024-05-01 02:00:00,314012.0,64.0,False,64.0
2024-05-01 03:00:00,314074.0,62.0,False,62.0
2024-05-01 04:00:00,314135.0,61.0,False,61.0
2024-05-01 05:00:00,314196.0,61.0,False,61.0
2024-05-01 06:00:00,314256.0,60.0,False,60.0
2024-05-01 07:00:00,314316.0,60.0,False,60.0
2024-05-01 08:00:00,314376.0,60.0,False,60.0
2024-05-01 09:00:00,314438.0,62.0,False,62.0
2024-05-01 10:00:00,314510.0,72.0,False,72.0
2024-05-01 11:00:00,314593.0,83.0,False,83.0
2024-05-01 12:00:00,314679.0,86.0,False,86.0
2024-05-01 13:00:00,314766.0,87.0,False,87.0
2024-05-01 14:00:00,314844.0,78.0,False,78.0
2024-05-01 15:00:00,314927.0,83.0,False,83.0
2024-05-01 16:00:00,315014.0,87.0,False,87.0
2024-05-01 17:00:00,315103.0,89.0,False,89.0
2024-05-01 18:00:00,315192.0,89.0,False,89.0
2024-05-01 19:00:00,315278.0,86.0,False,86.0
2024-05-01 20:00:00,315361.0,83.0,False,83.0
2024-05-01 21:00:00,315446.0,85.0,False,85.0
2024-05-01 22:00:00,315525.0,79.0,False,79.0
2024-05-01 23:00:00,315600.0,75.0,False,75.0
2024-05-02 00:00:00,315667.0,67.0,False,67.0
2024-05-02 01:00:00,315727.0,60.0,False,60.0
2024-05-02 02:00:00,315787.0,60.0,False,60.0
2024-05-02 03:00:00,315847.0,60.0,False,60.0
2024-05-02 04:00:00,315906.0,59.0,False,59.0
2024-05-02 05:00:00,315964.0,58.0,False,58.0
2024-05-02 06:00:00,316021.0,57.0,False,57.0
2024-05-02 07:00:00,316079.0,58.0,False,58.0
2024-05-02 08:00:00,316138.0,59.0,False,59.0
2024-05-02 09:00:00,316199.0,61.0,False,61.0
2024-05-02 10:00:00,316264.0,65.0,False,65.0
2024-05-02 11:00:00,316343.0,79.0,False,79.0
2024-05-02 12:00:00,316421.0,78.0,False,78.0
2024-05-02 13:00:00,316490.0,69.0,False,69.0
2024-05-02 14:00:00,316567.0,77.0,False,77.0
2024-05-02 15:00:00,316646.0,79.0,False,79.0
2024-05-02 16:00:00,316730.0,84.0,False,84.0
2024-05-02 17:00:00,316814.0,84.0,False,84.0
2024-05-02 18:00:00,316897.0,83.0,False,83.0
2024-05-02 19:00:00,316980.0,83.0,False,83.0
2024-05-02 20:00:00,317061.0,81.0,False,81.0
2024-05-02 21:00:00,317144.0,83.0,False,83.0
2024-05-02 22:00:00,317226.0,82.0,False,82.0
2024-05-02 23:00:00,317301.0,75.0,False,75.0
2024-05-03 00:00:00,317366.0,65.0,False,65.0
2024-05-03 01:00:00,317430.0,64.0,False,64.0
2024-05-03 02:00:00,317490.0,60.0,False,60.0
2024-05-03 03:00:00,317549.0,59.0,False,59.0
2024-05-03 04:00:00,317606.0,57.0,False,57.0
2024-05-03 05:00:00,317664.0,58.0,False,58.0
2024-05-03 06:00:00,317722.0,58.0,False,58.0
2024-05-03 07:00:00,317779.0,57.0,False,57.0
2024-05-03 08:00:00,317837.0,58.0,False,58.0
2024-05-03 09:00:00,317895.0,58.0,False,58.0
2024-05-03 10:00:00,317964.0,69.0,False,69.0
2024-05-03 11:00:00,318037.0,73.0,False,73.0
2024-05-03 12:00:00,318110.0,73.0,False,73.0
2024-05-03 13:00:00,318183.0,73.0,False,73.0
2024-05-03 14:00:00,318260.0,77.0,False,77.0
2024-05-03 15:00:00,318337.0,77.0,False,77.0
2024-05-03 16:00:00,318424.0,87.0,False,87.0
2024-05-03 17:00:00,318512.0,88.0,False,88.0
2024-05-03 18:00:00,318596.0,84.0,False,84.0
2024-05-03 19:00:00,318673.0,77.0,False,77.0
2024-05-03 20:00:00,318748.0,75.0,False,75.0
2024-05-03 21:00:00,318826.0,78.0,False,78.0
2024-05-03 22:00:00,318898.0,72.0,False,72.0
2024-05-03 23:00:00,318966.0,68.0,False,68.0
2024-05-04 00:00:00,319029.0,63.0,False,63.0
2024-05-04 01:00:00,319086.0,57.0,False,57.0
2024-05-04 02:00:00,319141.0,55.0,False,55.0
2024-05-04 03:00:00,319198.0,57.0,False,57.0
2024-05-04 04:00:00,319253.0,55.0,False,55.0
2024-05-04 05:00:00,319310.0,57.0,False,57.0
2024-05-04 06:00:00,319365.0,55.0,False,55.0
2024-05-04 07:00:00,319421.0,56.0,False,56.0
2024-05-04 08:00:00,319475.0,54.0,False,54.0
2024-05-04 09:00:00,319531.0,56.0,False,56.0
2024-05-04 10:00:00,319597.0,66.0,False,66.0
2024-05-04 11:00:00,319665.0,68.0,False,68.0
2024-05-04 12:00:00,319739.0,74.0,False,74.0
2024-05-04 13:00:00,319813.0,74.0,False,74.0
2024-05-04 14:00:00,319885.0,72.0,False,72.0
2024-05-04 15:00:00,319958.0,73.0,False,73.0
2024-05-04 16:00:00,320045.0,87.0,False,87.0
2024-05-04 17:00:00,320132.0,87.0,False,87.0
2024-05-04 18:00:00,320213.0,81.0,False,81.0
2024-05-04 19:00:00,320286.0,73.0,False,73.0
2024-05-04 20:00:00,320357.0,71.0,False,71.0
2024-05-04 21:00:00,320425.0,68.0,False,68.0
2024-05-04 22:00:00,320493.0,68.0,False,68.0
2024-05-04 23:00:00,320558.0,65.0,False,65.0
2024-05-05 00:00:00,320619.0,61.0,False,61.0
2024-05-05 01:00:00,320677.0,58.0,False,58.0
2024-05-05 02:00:00,320730.0,53.0,False,53.0
2024-05-05 03:00:00,320782.0,52.0,False,52.0
2024-05-05 04:00:00,320835.0,53.0,False,53.0
2024-05-05 05:00:00,320887.0,52.0,False,52.0
2024-05-05 06:00:00,320940.0,53.0,False,53.0
2024-05-05 07:00:00,320991.0,51.0,False,51.0
2024-05-05 08:00:00,321045.0,54.0,False,54.0
2024-05-05 09:00:00,321102.0,57.0,False,57.0
2024-05-05 10:00:00,321169.0,67.0,False,67.0
2024-05-05 11:00:00,321241.0,72.0,False,72.0
2024-05-05 12:00:00,321313.0,72.0,False,72.0
2024-05-05 13:00:00,321388.0,75.0,False,75.0
2024-05-05 14:00:00,321458.0,70.0,False,70.0
2024-05-05 15:00:00,321532.0,74.0,False,74.0
2024-05-05 16:00:00,321618.0,86.0,False,86.0
2024-05-05 17:00:00,321697.0,79.0,False,79.0
2024-05-05 18:00:00,321784.0,87.0,False,87.0
2024-05-05 19:00:00,321864.0,80.0,False,80.0
2024-05-05 20:00:00,321940.0,76.0,False,76.0
2024-05-05 21:00:00,322015.0,75.0,False,75.0
2024-05-05 22:00:00,322090.0,75.0,False,75.0
2024-05-05 23:00:00,322161.0,71.0,False,71.0
2024-05-06 00:00:00,322225.0,64.0,False,64.0
2024-05-06 01:00:00,322281.0,56.0,False,56.0
2024-05-06 02:00:00,322336.0,55.0,False,55.0
2024-05-06 03:00:00,322387.0,51.0,False,51.0
2024-05-06 04:00:00,322442.0,55.0,False,55.0
2024-05-06 05:00:00,322495.0,53.0,False,53.0
2024-05-06 06:00:00,322548.0,53.0,False,53.0
2024-05-06 07:00:00,322603.0,55.0,False,55.0
2024-05-06 08:00:00,322663.0,60.0,False,60.0
2024-05-06 09:00:00,322743.0,80.0,False,80.0
2024-05-06 10:00:00,322838.0,95.0,False,95.0
2024-05-06 11:00:00,322937.0,99.0,False,99.0
2024-05-06 12:00:00,323049.0,112.0,False,112.0
2024-05-06 13:00:00,323142.0,93.0,False,93.0
2024-05-06 14:00:00,323232.0,90.0,False,90.0
2024-05-06 15:00:00,323338.0,106.0,False,106.0
2024-05-06 16:00:00,323464.0,126.0,False,126.0
2024-05-06 17:00:00,323590.0,126.0,False,126.0
2024-05-06 18:00:00,323712.0,122.0,False,122.0
2024-05-06 19:00:00,323823.0,111.0,False,111.0
2024-05-06 20:00:00,323928.0,105.0,False,105.0
2024-05-06 21:00:00,324032.0,104.0,False,104.0
2024-05-06 22:00:00,324131.0,99.0,False,99.0
2024-05-06 23:00:00,324231.0,100.0,False,100.0
2024-05-07 00:00:00,324320.0,89.0,False,89.0
2024-05-07 01:00:00,324403.0,83.0,False,83.0
2024-05-07 02:00:00,324476.0,73.0,False,73.0
2024-05-07 03:00:00,324544.0,68.0,False,68.0
2024-05-07 04:00:00,324612.0,68.0,False,68.0
2024-05-07 05:00:00,324677.0,65.0,False,65.0
2024-05-07 06:00:00,324742.0,65.0,False,65.0
2024-05-07 07:00:00,324805.0,63.0,False,63.0
2024-05-07 08:00:00,324869.0,64.0,False,64.0
2024-05-07 09:00:00,324952.0,83.0,False,83.0
2024-05-07 10:00:00,325048.0,96.0,False,96.0
2024-05-07 11:00:00,325154.0,106.0,False,106.0
2024-05-07 12:00:00,325269.0,115.0,False,115.0
2024-05-07 13:00:00,325378.0,109.0,False,109.0
2024-05-07 14:00:00,325488.0,110.0,False,110.0
2024-05-07 15:00:00,325608.0,120.0,False,120.0
2024-05-07 16:00:00,325752.0,144.0,False,144.0
2024-05-07 17:00:00,325908.0,156.0,True,94.29
2024-05-07 18:00:00,326060.0,152.0,True,92.57
2024-05-07 19:00:00,326200.0,140.0,False,140.0
2024-05-07 20:00:00,326338.0,138.0,False,138.0
2024-05-07 21:00:00,326463.0,125.0,False,125.0
2024-05-07 22:00:00,326580.0,117.0,False,117.0
2024-05-07 23:00:00,326679.0,99.0,False,99.0
2024-05-08 00:00:00,326762.0,83.0,False,83.0
2024-05-08 01:00:00,326835.0,73.0,False,73.0
2024-05-08 02:00:00,326902.0,67.0,False,67.0
2024-05-08 03:00:00,326967.0,65.0,False,65.0
2024-05-08 04:00:00,327030.0,63.0,False,63.0
2024-05-08 05:00:00,327094.0,64.0,False,64.0
2024-05-08 06:00:00,327158.0,64.0,False,64.0
2024-05-08 07:00:00,327220.0,62.0,False,62.0
2024-05-08 08:00:00,327285.0,65.0,False,65.0
2024-05-08 09:00:00,327374.0,89.0,False,89.0
2024-05-08 10:00:00,327490.0,116.0,False,116.0
2024-05-08 11:00:00,327622.0,132.0,False,132.0
2024-05-08 12:00:00,327759.0,137.0,False,137.0
2024-05-08 13:00:00,327879.0,120.0,False,120.0
2024-05-08 14:00:00,327998.0,119.0,False,119.0
2024-05-08 15:00:00,328129.0,131.0,False,131.0
2024-05-08 16:00:00,328278.0,149.0,False,149.0
2024-05-08 17:00:00,328442.0,164.0,False,164.0
2024-05-08 18:00:00,328592.0,150.0,False,150.0
2024-05-08 19:00:00,328735.0,143.0,False,143.0
2024-05-08 20:00:00,328869.0,134.0,False,134.0
2024-05-08 21:00:00,328993.0,124.0,False,124.0
2024-05-08 22:00:00,329116.0,123.0,False,123.0
2024-05-08 23:00:00,329227.0,111.0,False,111.0
2024-05-09 00:00:00,329322.0,95.0,False,95.0
2024-05-09 01:00:00,329408.0,86.0,False,86.0
2024-05-09 02:00:00,329492.0,84.0,False,84.0
2024-05-09 03:00:00,329564.0,72.0,False,72.0
2024-05-09 04:00:00,329632.0,68.0,False,68.0
2024-05-09 05:00:00,329698.0,66.0,False,66.0
2024-05-09 06:00:00,329764.0,66.0,False,66.0
2024-05-09 07:00:00,329831.0,67.0,False,67.0
2024-05-09 08:00:00,329899.0,68.0,False,68.0
2024-05-09 09:00:00,329983.0,84.0,False,84.0
2024-05-09 10:00:00,330095.0,112.0,False,112.0
2024-05-09 11:00:00,330222.0,127.0,False,127.0
2024-05-09 12:00:00,330359.0,137.0,False,137.0
2024-05-09 13:00:00,330488.0,129.0,False,129.0
2024-05-09 14:00:00,330612.0,124.0,False,124.0
2024-05-09 15:00:00,330752.0,140.0,False,140.0
2024-05-09 16:00:00,330902.0,150.0,False,150.0
2024-05-09 17:00:00,331056.0,154.0,False,154.0
2024-05-09 18:00:00,331211.0,155.0,False,155.0
2024-05-09 19:00:00,331350.0,139.0,False,139.0
2024-05-09 20:00:00,331489.0,139.0,False,139.0
2024-05-09 21:00:00,331620.0,131.0,False,131.0
2024-05-09 22:00:00,331741.0,121.0,False,121.0
2024-05-09 23:00:00,331847.0,106.0,False,106.0
2024-05-10 00:00:00,331936.0,89.0,False,89.0
2024-05-10 01:00:00,332017.0,81.0,False,81.0
2024-05-10 02:00:00,332094.0,77.0,False,77.0
2024-05-10 03:00:00,332168.0,74.0,False,74.0
2024-05-10 04:00:00,332241.0,73.0,False,73.0
2024-05-10 05:00:00,332313.0,72.0,False,72.0
2024-05-10 06:00:00,332383.0,70.0,False,70.0
2024-05-10 07:00:00,332454.0,71.0,False,71.0
2024-05-10 08:00:00,332534.0,80.0,False,80.0
2024-05-10 09:00:00,332637.0,103.0,False,103.0
2024-05-10 10:00:00,332771.0,134.0,False,134.0
2024-05-10 11:00:00,332920.0,149.0,False,149.0
2024-05-10 12:00:00,333063.0,143.0,False,143.0
2024-05-10 13:00:00,333189.0,126.0,False,126.0
2024-05-10 14:00:00,333320.0,131.0,False,131.0
2024-05-10 15:00:00,333466.0,146.0,False,146.0
2024-05-10 16:00:00,333626.0,160.0,False,160.0
2024-05-10 17:00:00,333793.0,167.0,False,167.0
2024-05-10 18:00:00,333948.0,155.0,False,155.0
2024-05-10 19:00:00,334088.0,140.0,False,140.0
2024-05-10 20:00:00,334218.0,130.0,False,130.0
2024-05-10 21:00:00,334335.0,117.0,False,117.0
2024-05-10 22:00:00,334448.0,113.0,False,113.0
2024-05-10 23:00:00,334553.0,105.0,False,105.0
2024-05-11 00:00:00,334645.0,92.0,False,92.0
2024-05-11 01:00:00,334728.0,83.0,False,83.0
2024-05-11 02:00:00,334804.0,76.0,False,76.0
2024-05-11 03:00:00,334875.0,71.0,False,71.0
2024-05-11 04:00:00,334944.0,69.0,False,69.0
2024-05-11 05:00:00,335014.0,70.0,False,70.0
2024-05-11 06:00:00,335081.0,67.0,False,67.0
2024-05-11 07:00:00,335146.0,65.0,False,65.0
2024-05-11 08:00:00,335219.0,73.0,False,73.0
2024-05-11 09:00:00,335300.0,81.0,False,81.0
2024-05-11 10:00:00,335403.0,103.0,False,103.0
2024-05-11 11:00:00,335518.0,115.0,False,115.0
2024-05-11 12:00:00,335637.0,119.0,False,119.0
2024-05-11 13:00:00,335756.0,119.0,False,119.0
2024-05-11 14:00:00,335874.0,118.0,False,118.0
2024-05-11 15:00:00,336008.0,134.0,False,134.0
2024-05-11 16:00:00,336158.0,150.0,False,150.0
2024-05-11 17:00:00,336304.0,146.0,False,146.0
2024-05-11 18:00:00,336443.0,139.0,False,139.0
2024-05-11 19:00:00,336569.0,126.0,False,126.0
2024-05-11 20:00:00,336687.0,118.0,False,118.0
2024-05-11 21:00:00,336799.0,112.0,False,112.0
2024-05-11 22:00:00,336908.0,109.0,False,109.0
2024-05-11 23:00:00,337011.0,103.0,False,103.0
2024-05-12 00:00:00,337106.0,95.0,False,95.0
2024-05-12 01:00:00,337195.0,89.0,False,89.0
2024-05-12 02:00:00,337275.0,80.0,False,80.0
2024-05-12 03:00:00,337355.0,80.0,False,80.0
2024-05-12 04:00:00,337430.0,75.0,False,75.0
2024-05-12 05:00:00,337504.0,74.0,False,74.0
2024-05-12 06:00:00,337577.0,73.0,False,73.0
2024-05-12 07:00:00,337651.0,74.0,False,74.0
2024-05-12 08:00:00,337727.0,76.0,False,76.0
2024-05-12 09:00:00,337809.0,82.0,False,82.0
2024-05-12 10:00:00,337903.0,94.0,False,94.0
2024-05-12 11:00:00,338023.0,120.0,False,120.0
2024-05-12 12:00:00,338148.0,125.0,False,125.0
2024-05-12 13:00:00,338272.0,124.0,False,124.0
2024-05-12 14:00:00,338391.0,119.0,False,119.0
2024-05-12 15:00:00,338513.0,122.0,False,122.0
2024-05-12 16:00:00,338648.0,135.0,False,135.0
2024-05-12 17:00:00,338784.0,136.0,False,136.0
2024-05-12 18:00:00,338899.0,115.0,False,115.0
2024-05-12 19:00:00,339020.0,121.0,False,121.0
2024-05-12 20:00:00,339131.0,111.0,False,111.0
2024-05-12 21:00:00,339247.0,116.0,False,116.0
2024-05-12 22:00:00,339356.0,109.0,False,109.0
2024-05-12 23:00:00,339456.0,100.0,False,100.0
2024-05-13 00:00:00,339538.0,82.0,False,82.0
2024-05-13 01:00:00,339612.0,74.0,False,74.0
2024-05-13 02:00:00,339684.0,72.0,False,72.0
2024-05-13 03:00:00,339755.0,71.0,False,71.0
2024-05-13 04:00:00,339823.0,68.0,False,68.0
2024-05-13 05:00:00,339892.0,69.0,False,69.0
2024-05-13 06:00:00,339960.0,68.0,False,68.0
2024-05-13 07:00:00,340028.0,68.0,False,68.0
2024-05-13 08:00:00,340103.0,75.0,False,75.0
2024-05-13 09:00:00,340203.0,100.0,False,100.0
2024-05-13 10:00:00,340333.0,130.0,False,130.0
2024-05-13 11:00:00,340470.0,137.0,False,137.0
2024-05-13 12:00:00,340618.0,148.0,False,148.0
2024-05-13 13:00:00,340755.0,137.0,False,137.0
2024-05-13 14:00:00,340888.0,133.0,False,133.0
2024-05-13 15:00:00,341039.0,151.0,False,151.0
2024-05-13 16:00:00,341207.0,168.0,False,168.0
2024-05-13 17:00:00,341381.0,174.0,False,174.0
2024-05-13 18:00:00,341549.0,168.0,False,168.0
2024-05-13 19:00:00,341699.0,150.0,False,150.0
2024-05-13 20:00:00,341846.0,147.0,False,147.0
2024-05-13 21:00:00,341988.0,142.0,False,142.0
2024-05-13 22:00:00,342124.0,136.0,False,136.0
2024-05-13 23:00:00,342243.0,119.0,False,119.0
2024-05-14 00:00:00,342349.0,106.0,False,106.0
2024-05-14 01:00:00,342440.0,91.0,False,91.0
2024-05-14 02:00:00,342526.0,86.0,False,86.0
2024-05-14 03:00:00,342606.0,80.0,False,80.0
2024-05-14 04:00:00,342685.0,79.0,False,79.0
2024-05-14 05:00:00,342760.0,75.0,False,75.0
2024-05-14 06:00:00,342833.0,73.0,False,73.0
2024-05-14 07:00:00,342910.0,77.0,False,77.0
2024-05-14 08:00:00,342988.0,78.0,False,78.0
2024-05-14 09:00:00,343086.0,98.0,False,98.0
2024-05-14 10:00:00,343214.0,128.0,False,128.0
2024-05-14 11:00:00,343356.0,142.0,False,142.0
2024-05-14 12:00:00,343515.0,159.0,False,159.0
2024-05-14 13:00:00,343667.0,152.0,False,152.0
2024-05-14 14:00:00,343818.0,151.0,False,151.0
2024-05-14 15:00:00,343963.0,145.0,False,145.0
2024-05-14 16:00:00,344136.0,173.0,False,173.0
2024-05-14 17:00:00,344328.0,192.0,False,192.0
2024-05-14 18:00:00,344510.0,182.0,False,182.0
2024-05-14 19:00:00,344691.0,181.0,False,181.0
2024-05-14 20:00:00,344871.0,180.0,False,180.0
2024-05-14 21:00:00,345036.0,165.0,False,165.0
2024-05-14 22:00:00,345184.0,148.0,False,148.0
2024-05-14 23:00:00,345325.0,141.0,False,141.0
2024-05-15 00:00:00,345450.0,125.0,False,125.0
2024-05-15 01:00:00,345557.0,107.0,False,107.0
2024-05-15 02:00:00,345654.0,97.0,False,97.0
2024-05-15 03:00:00,345747.0,93.0,False,93.0
2024-05-15 04:00:00,345835.0,88.0,False,88.0
2024-05-15 05:00:00,345924.0,89.0,False,89.0
2024-05-15 06:00:00,346009.0,85.0,False,85.0
2024-05-15 07:00:00,346091.0,82.0,False,82.0
2024-05-15 08:00:00,346179.0,88.0,False,88.0
2024-05-15 09:00:00,346281.0,102.0,False,102.0
2024-05-15 10:00:00,346412.0,131.0,False,131.0
2024-05-15 11:00:00,346554.0,142.0,False,142.0
2024-05-15 12:00:00,346706.0,152.0,False,152.0
2024-05-15 13:00:00,346845.0,139.0,False,139.0
2024-05-15 14:00:00,346986.0,141.0,False,141.0
2024-05-15 15:00:00,347134.0,148.0,False,148.0
2024-05-15 16:00:00,347302.0,168.0,False,168.0
2024-05-15 17:00:00,347483.0,181.0,False,181.0
2024-05-15 18:00:00,347663.0,180.0,False,180.0
2024-05-15 19:00:00,347827.0,164.0,False,164.0
2024-05-15 20:00:00,347974.0,147.0,False,147.0
2024-05-15 21:00:00,348111.0,137.0,False,137.0
2024-05-15 22:00:00,348237.0,126.0,False,126.0
2024-05-15 23:00:00,348345.0,108.0,False,108.0
2024-05-16 00:00:00,348440.0,95.0,False,95.0
2024-05-16 01:00:00,348524.0,84.0,False,84.0
2024-05-16 02:00:00,348602.0,78.0,False,78.0
2024-05-16 03:00:00,348680.0,78.0,False,78.0
2024-05-16 04:00:00,348757.0,77.0,False,77.0
2024-05-16 05:00:00,348832.0,75.0,False,75.0
2024-05-16 06:00:00,348900.0,68.0,False,68.0
2024-05-16 07:00:00,348969.0,69.0,False,69.0
2024-05-16 08:00:00,349042.0,73.0,False,73.0
2024-05-16 09:00:00,349138.0,96.0,False,96.0
2024-05-16 10:00:00,349260.0,122.0,False,122.0
2024-05-16 11:00:00,349403.0,143.0,False,143.0
2024-05-16 12:00:00,349562.0,159.0,False,159.0
2024-05-16 13:00:00,349701.0,139.0,False,139.0
2024-05-16 14:00:00,349849.0,148.0,False,148.0
2024-05-16 15:00:00,350024.0,175.0,False,175.0
2024-05-16 16:00:00,350210.0,186.0,False,186.0
2024-05-16 17:00:00,350407.0,197.0,False,197.0
2024-05-16 18:00:00,350605.0,198.0,False,198.0
2024-05-16 19:00:00,350782.0,177.0,False,177.0
2024-05-16 20:00:00,350945.0,163.0,False,163.0
2024-05-16 21:00:00,351097.0,152.0,False,152.0
2024-05-16 22:00:00,351251.0,154.0,False,154.0
2024-05-16 23:00:00,351396.0,145.0,False,145.0
2024-05-17 00:00:00,351522.0,126.0,False,126.0
2024-05-17 01:00:00,351634.0,112.0,False,112.0
2024-05-17 02:00:00,351736.0,102.0,False,102.0
2024-05-17 03:00:00,351831.0,95.0,False,95.0
2024-05-17 04:00:00,351920.0,89.0,False,89.0
2024-05-17 05:00:00,352006.0,86.0,False,86.0
2024-05-17 06:00:00,352091.0,85.0,False,85.0
2024-05-17 07:00:00,352176.0,85.0,False,85.0
2024-05-17 08:00:00,352263.0,87.0,False,87.0
2024-05-17 09:00:00,352373.0,110.0,False,110.0
2024-05-17 10:00:00,352528.0,155.0,False,155.0
2024-05-17 11:00:00,352700.0,172.0,False,172.0
2024-05-17 12:00:00,352880.0,180.0,False,180.0
2024-05-17 13:00:00,353057.0,177.0,False,177.0
2024-05-17 14:00:00,353227.0,170.0,False,170.0
2024-05-17 15:00:00,353407.0,180.0,False,180.0
2024-05-17 16:00:00,353599.0,192.0,False,192.0
2024-05-17 17:00:00,353799.0,200.0,False,200.0
2024-05-17 18:00:00,353994.0,195.0,False,195.0
2024-05-17 19:00:00,354178.0,184.0,False,184.0
2024-05-17 20:00:00,354343.0,165.0,False,165.0
2024-05-17 21:00:00,354505.0,162.0,False,162.0
2024-05-17 22:00:00,354655.0,150.0,False,150.0
2024-05-17 23:00:00,354790.0,135.0,False,135.0
2024-05-18 00:00:00,354914.0,124.0,False,124.0
2024-05-18 01:00:00,355025.0,111.0,False,111.0
2024-05-18 02:00:00,355123.0,98.0,False,98.0
2024-05-18 03:00:00,355215.0,92.0,False,92.0
2024-05-18 04:00:00,355299.0,84.0,False,84.0
2024-05-18 05:00:00,355383.0,84.0,False,84.0
2024-05-18 06:00:00,355467.0,84.0,False,84.0
2024-05-18 07:00:00,355549.0,82.0,False,82.0
2024-05-18 08:00:00,355637.0,88.0,False,88.0
2024-05-18 09:00:00,355750.0,113.0,False,113.0
2024-05-18 10:00:00,355891.0,141.0,False,141.0
2024-05-18 11:00:00,356065.0,174.0,False,174.0
2024-05-18 12:00:00,356244.0,179.0,False,179.0
2024-05-18 13:00:00,356401.0,157.0,False,157.0
2024-05-18 14:00:00,356557.0,156.0,False,156.0
2024-05-18 15:00:00,356736.0,179.0,False,179.0
2024-05-18 16:00:00,356934.0,198.0,False,198.0
2024-05-18 17:00:00,357127.0,193.0,False,193.0
2024-05-18 18:00:00,357316.0,189.0,False,189.0
2024-05-18 19:00:00,357485.0,169.0,False,169.0
2024-05-18 20:00:00,357633.0,148.0,False,148.0
2024-05-18 21:00:00,357773.0,140.0,False,140.0
2024-05-18 22:00:00,357910.0,137.0,False,137.0
2024-05-18 23:00:00,358029.0,119.0,False,119.0
2024-05-19 00:00:00,358134.0,105.0,False,105.0
2024-05-19 01:00:00,358226.0,92.0,False,92.0
2024-05-19 02:00:00,358313.0,87.0,False,87.0
2024-05-19 03:00:00,358394.0,81.0,False,81.0
2024-05-19 04:00:00,358471.0,77.0,False,77.0
2024-05-19 05:00:00,358547.0,76.0,False,76.0
2024-05-19 06:00:00,358623.0,76.0,False,76.0
2024-05-19 07:00:00,358697.0,74.0,False,74.0
2024-05-19 08:00:00,358776.0,79.0,False,79.0
2024-05-19 09:00:00,358873.0,97.0,False,97.0
2024-05-19 10:00:00,359000.0,127.0,False,127.0
2024-05-19 11:00:00,359152.0,152.0,False,152.0
2024-05-19 12:00:00,359305.0,153.0,False,153.0
2024-05-19 13:00:00,359444.0,139.0,False,139.0
2024-05-19 14:00:00,359580.0,136.0,False,136.0
2024-05-19 15:00:00,359733.0,153.0,False,153.0
2024-05-19 16:00:00,359904.0,171.0,False,171.0
2024-05-19 17:00:00,360069.0,165.0,False,165.0
2024-05-19 18:00:00,360228.0,159.0,False,159.0
2024-05-19 19:00:00,360390.0,162.0,False,162.0
2024-05-19 20:00:00,360553.0,163.0,False,163.0
2024-05-19 21:00:00,360709.0,156.0,False,156.0
2024-05-19 22:00:00,360861.0,152.0,False,152.0
2024-05-19 23:00:00,361003.0,142.0,False,142.0
2024-05-20 00:00:00,361128.0,125.0,False,125.0
2024-05-20 01:00:00,361237.0,109.0,False,109.0
2024-05-20 02:00:00,361338.0,101.0,False,101.0
2024-05-20 03:00:00,361431.0,93.0,False,93.0
2024-05-20 04:00:00,361523.0,92.0,False,92.0
2024-05-20 05:00:00,361612.0,89.0,False,89.0
2024-05-20 06:00:00,361701.0,89.0,False,89.0
2024-05-20 07:00:00,361785.0,84.0,False,84.0
2024-05-20 08:00:00,361874.0,89.0,False,89.0
2024-05-20 09:00:00,361995.0,121.0,False,121.0
2024-05-20 10:00:00,362152.0,157.0,False,157.0
2024-05-20 11:00:00,362331.0,179.0,False,179.0
2024-05-20 12:00:00,362514.0,183.0,False,183.0
2024-05-20 13:00:00,362685.0,171.0,False,171.0
2024-05-20 14:00:00,362858.0,173.0,False,173.0
2024-05-20 15:00:00,363045.0,187.0,False,187.0
2024-05-20 16:00:00,363256.0,211.0,False,211.0
2024-05-20 17:00:00,363453.0,197.0,False,197.0
2024-05-20 18:00:00,363653.0,200.0,False,200.0
2024-05-20 19:00:00,363836.0,183.0,False,183.0
2024-05-20 20:00:00,364008.0,172.0,False,172.0
2024-05-20 21:00:00,364172.0,164.0,False,164.0
2024-05-20 22:00:00,364323.0,151.0,False,151.0
2024-05-20 23:00:00,364461.0,138.0,False,138.0
2024-05-21 00:00:00,364572.0,111.0,False,111.0
2024-05-21 01:00:00,364662.0,90.0,False,90.0
2024-05-21 02:00:00,364744.0,82.0,False,82.0
2024-05-21 03:00:00,364824.0,80.0,False,80.0
2024-05-21 04:00:00,364906.0,82.0,False,82.0
2024-05-21 05:00:00,364984.0,78.0,False,78.0
2024-05-21 06:00:00,365063.0,79.0,False,79.0
2024-05-21 07:00:00,365141.0,78.0,False,78.0
2024-05-21 08:00:00,365227.0,86.0,False,86.0
2024-05-21 09:00:00,365347.0,120.0,False,120.0
2024-05-21 10:00:00,365496.0,149.0,False,149.0
2024-05-21 11:00:00,365685.0,189.0,False,189.0
2024-05-21 12:00:00,365879.0,194.0,False,194.0
2024-05-21 13:00:00,366056.0,177.0,False,177.0
2024-05-21 14:00:00,366227.0,171.0,False,171.0
2024-05-21 15:00:00,366409.0,182.0,False,182.0
2024-05-21 16:00:00,366620.0,211.0,False,211.0
2024-05-21 17:00:00,366827.0,207.0,False,207.0
2024-05-21 18:00:00,367035.0,208.0,False,208.0
2024-05-21 19:00:00,367222.0,187.0,False,187.0
2024-05-21 20:00:00,367398.0,176.0,False,176.0
2024-05-21 21:00:00,367573.0,175.0,False,175.0
2024-05-21 22:00:00,367730.0,157.0,False,157.0
2024-05-21 23:00:00,367874.0,144.0,False,144.0
2024-05-22 00:00:00,367997.0,123.0,False,123.0
2024-05-22 01:00:00,368108.0,111.0,False,111.0
2024-05-22 02:00:00,368207.0,99.0,False,99.0
2024-05-22 03:00:00,368301.0,94.0,False,94.0
2024-05-22 04:00:00,368394.0,93.0,False,93.0
2024-05-22 05:00:00,368485.0,91.0,False,91.0
2024-05-22 06:00:00,368575.0,90.0,False,90.0
2024-05-22 07:00:00,368662.0,87.0,False,87.0
2024-05-22 08:00:00,368753.0,91.0,False,91.0
2024-05-22 09:00:00,368875.0,122.0,False,122.0
2024-05-22 10:00:00,369032.0,157.0,False,157.0
2024-05-22 11:00:00,369229.0,197.0,False,197.0
2024-05-22 12:00:00,369440.0,211.0,False,211.0
2024-05-22 13:00:00,369633.0,193.0,False,193.0
2024-05-22 14:00:00,369811.0,178.0,False,178.0
2024-05-22 15:00:00,370009.0,198.0,False,198.0
2024-05-22 16:00:00,370229.0,220.0,False,220.0
2024-05-22 17:00:00,370452.0,223.0,False,223.0
2024-05-22 18:00:00,370667.0,215.0,False,215.0
2024-05-22 19:00:00,370866.0,199.0,False,199.0
2024-05-22 20:00:00,371056.0,190.0,False,190.0
2024-05-22 21:00:00,371239.0,183.0,False,183.0
2024-05-22 22:00:00,371420.0,181.0,False,181.0
2024-05-22 23:00:00,371584.0,164.0,False,164.0
2024-05-23 00:00:00,371719.0,135.0,False,135.0
2024-05-23 01:00:00,371843.0,124.0,False,124.0
2024-05-23 02:00:00,371952.0,109.0,False,109.0
2024-05-23 03:00:00,372044.0,92.0,False,92.0
2024-05-23 04:00:00,372136.0,92.0,False,92.0
2024-05-23 05:00:00,372226.0,90.0,False,90.0
2024-05-23 06:00:00,372315.0,89.0,False,89.0
2024-05-23 07:00:00,372404.0,89.0,False,89.0
2024-05-23 08:00:00,372499.0,95.0,False,95.0
2024-05-23 09:00:00,372627.0,128.0,False,128.0
2024-05-23 10:00:00,372801.0,174.0,False,174.0
2024-05-23 11:00:00,372996.0,195.0,False,195.0
2024-05-23 12:00:00,373216.0,220.0,False,220.0
2024-05-23 13:00:00,373391.0,175.0,False,175.0
2024-05-23 14:00:00,373556.0,165.0,False,165.0
2024-05-23 15:00:00,373749.0,193.0,False,193.0
2024-05-23 16:00:00,373967.0,218.0,False,218.0
2024-05-23 17:00:00,374195.0,228.0,False,228.0
2024-05-23 18:00:00,374406.0,211.0,False,211.0
2024-05-23 19:00:00,374600.0,194.0,False,194.0
2024-05-23 20:00:00,374785.0,185.0,False,185.0
2024-05-23 21:00:00,374982.0,197.0,False,197.0
2024-05-23 22:00:00,375164.0,182.0,False,182.0
2024-05-23 23:00:00,375328.0,164.0,False,164.0
2024-05-24 00:00:00,375462.0,134.0,False,134.0
2024-05-24 01:00:00,375578.0,116.0,False,116.0
2024-05-24 02:00:00,375679.0,101.0,False,101.0
2024-05-24 03:00:00,375773.0,94.0,False,94.0
2024-05-24 04:00:00,375864.0,91.0,False,91.0
2024-05-24 05:00:00,375955.0,91.0,False,91.0
2024-05-24 06:00:00,376042.0,87.0,False,87.0
2024-05-24 07:00:00,376130.0,88.0,False,88.0
2024-05-24 08:00:00,376226.0,96.0,False,96.0
2024-05-24 09:00:00,376357.0,131.0,False,131.0
2024-05-24 10:00:00,376538.0,181.0,False,181.0
2024-05-24 11:00:00,376748.0,210.0,False,210.0
2024-05-24 12:00:00,376956.0,208.0,False,208.0
2024-05-24 13:00:00,377152.0,196.0,False,196.0
2024-05-24 14:00:00,377345.0,193.0,False,193.0
2024-05-24 15:00:00,377554.0,209.0,False,209.0
2024-05-24 16:00:00,377783.0,229.0,False,229.0
2024-05-24 17:00:00,378015.0,232.0,False,232.0
2024-05-24 18:00:00,378232.0,217.0,False,217.0
2024-05-24 19:00:00,378426.0,194.0,False,194.0
2024-05-24 20:00:00,378604.0,178.0,False,178.0
2024-05-24 21:00:00,378775.0,171.0,False,171.0
2024-05-24 22:00:00,378932.0,157.0,False,157.0
2024-05-24 23:00:00,379082.0,150.0,False,150.0
2024-05-25 00:00:00,379205.0,123.0,False,123.0
2024-05-25 01:00:00,379312.0,107.0,False,107.0
2024-05-25 02:00:00,379409.0,97.0,False,97.0
2024-05-25 03:00:00,379499.0,90.0,False,90.0
2024-05-25 04:00:00,379588.0,89.0,False,89.0
2024-05-25 05:00:00,379674.0,86.0,False,86.0
2024-05-25 06:00:00,379760.0,86.0,False,86.0
2024-05-25 07:00:00,379846.0,86.0,False,86.0
2024-05-25 08:00:00,379931.0,85.0,False,85.0
2024-05-25 09:00:00,380029.0,98.0,False,98.0
2024-05-25 10:00:00,380156.0,127.0,False,127.0
2024-05-25 11:00:00,380306.0,150.0,False,150.0
2024-05-25 12:00:00,380446.0,140.0,False,140.0
2024-05-25 13:00:00,380584.0,138.0,False,138.0
2024-05-25 14:00:00,380725.0,141.0,False,141.0
2024-05-25 15:00:00,380876.0,151.0,False,151.0
2024-05-25 16:00:00,381040.0,164.0,False,164.0
2024-05-25 17:00:00,381198.0,158.0,False,158.0
2024-05-25 18:00:00,381349.0,151.0,False,151.0
2024-05-25 19:00:00,381488.0,139.0,False,139.0
2024-05-25 20:00:00,381612.0,124.0,False,124.0
2024-05-25 21:00:00,381735.0,123.0,False,123.0
2024-05-25 22:00:00,381858.0,123.0,False,123.0
2024-05-25 23:00:00,381967.0,109.0,False,109.0
2024-05-26 00:00:00,382065.0,98.0,False,98.0
2024-05-26 01:00:00,382148.0,83.0,False,83.0
2024-05-26 02:00:00,382219.0,71.0,False,71.0
2024-05-26 03:00:00,382289.0,70.0,False,70.0
2024-05-26 04:00:00,382359.0,70.0,False,70.0
2024-05-26 05:00:00,382428.0,69.0,False,69.0
2024-05-26 06:00:00,382495.0,67.0,False,67.0
2024-05-26 07:00:00,382564.0,69.0,False,69.0
2024-05-26 08:00:00,382635.0,71.0,False,71.0
2024-05-26 09:00:00,382716.0,81.0,False,81.0
2024-05-26 10:00:00,382829.0,113.0,False,113.0
2024-05-26 11:00:00,382966.0,137.0,False,137.0
2024-05-26 12:00:00,383124.0,158.0,False,158.0
2024-05-26 13:00:00,383265.0,141.0,False,141.0
2024-05-26 14:00:00,383402.0,137.0,False,137.0
2024-05-26 15:00:00,383547.0,145.0,False,145.0
2024-05-26 16:00:00,383710.0,163.0,False,163.0
2024-05-26 17:00:00,383871.0,161.0,False,161.0
2024-05-26 18:00:00,384027.0,156.0,False,156.0
2024-05-26 19:00:00,384175.0,148.0,False,148.0
2024-05-26 20:00:00,384316.0,141.0,False,141.0
2024-05-26 21:00:00,384461.0,145.0,False,145.0
2024-05-26 22:00:00,384598.0,137.0,False,137.0
2024-05-26 23:00:00,384721.0,123.0,False,123.0
2024-05-27 00:00:00,384824.0,103.0,False,103.0
2024-05-27 01:00:00,384920.0,96.0,False,96.0
2024-05-27 02:00:00,385005.0,85.0,False,85.0
2024-05-27 03:00:00,385086.0,81.0,False,81.0
2024-05-27 04:00:00,385164.0,78.0,False,78.0
2024-05-27 05:00:00,385242.0,78.0,False,78.0
2024-05-27 06:00:00,385317.0,75.0,False,75.0
2024-05-27 07:00:00,385395.0,78.0,False,78.0
2024-05-27 08:00:00,385479.0,84.0,False,84.0
2024-05-27 09:00:00,385597.0,118.0,False,118.0
2024-05-27 10:00:00,385739.0,142.0,False,142.0
2024-05-27 11:00:00,385898.0,159.0,False,159.0
2024-05-27 12:00:00,,,False,187.71
2024-05-27 13:00:00,386247.0,,False,170.14
2024-05-27 14:00:00,386397.0,150.0,False,150.0
2024-05-27 15:00:00,386581.0,184.0,False,184.0
2024-05-27 16:00:00,386790.0,209.0,False,209.0
2024-05-27 17:00:00,386998.0,208.0,False,208.0
2024-05-27 18:00:00,387194.0,196.0,False,196.0
2024-05-27 19:00:00,387370.0,176.0,False,176.0
2024-05-27 20:00:00,387533.0,163.0,False,163.0
2024-05-27 21:00:00,,,False,165.43
2024-05-27 22:00:00,,,False,155.43
2024-05-27 23:00:00,,,False,141.71
2024-05-28 00:00:00,,,False,118.14
2024-05-28 01:00:00,,,False,103.86
2024-05-28 02:00:00,,,False,92.0
2024-05-28 03:00:00,,,False,85.86
2024-05-28 04:00:00,,,False,85.0
2024-05-28 05:00:00,,,False,83.29
2024-05-28 06:00:00,,,False,81.86
2024-05-28 07:00:00,,,False,82.14
2024-05-28 08:00:00,,,False,86.86
2024-05-28 09:00:00,,,False,114.0
2024-05-28 10:00:00,,,False,149.0
2024-05-28 11:00:00,,,False,176.71
2024-05-28 12:00:00,,,False,188.5
2024-05-28 13:00:00,,,False,170.0
2024-05-28 14:00:00,,,False,162.14
2024-05-28 15:00:00,,,False,180.29
2024-05-28 16:00:00,,,False,202.0
2024-05-28 17:00:00,,,False,202.43
2024-05-28 18:00:00,,,False,193.43
2024-05-28 19:00:00,,,False,176.71
2024-05-28 20:00:00,,,False,165.29
2024-05-28 21:00:00,,,False,165.67
2024-05-28 22:00:00,391094.0,,False,156.17
2024-05-28 23:00:00,391234.0,140.0,False,140.0
2024-05-29 00:00:00,391355.0,121.0,False,121.0
2024-05-29 01:00:00,391457.0,102.0,False,102.0
2024-05-29 02:00:00,391547.0,90.0,False,90.0
2024-05-29 03:00:00,391631.0,84.0,False,84.0
2024-05-29 04:00:00,391712.0,81.0,False,81.0
2024-05-29 05:00:00,391794.0,82.0,False,82.0
2024-05-29 06:00:00,391876.0,82.0,False,82.0
2024-05-29 07:00:00,391955.0,79.0,False,79.0
2024-05-29 08:00:00,392042.0,87.0,False,87.0
2024-05-29 09:00:00,392147.0,105.0,False,105.0
2024-05-29 10:00:00,392275.0,128.0,False,128.0
2024-05-29 11:00:00,392427.0,152.0,False,152.0
2024-05-29 12:00:00,392585.0,158.0,False,158.0
2024-05-29 13:00:00,392729.0,144.0,False,144.0
2024-05-29 14:00:00,392866.0,137.0,False,137.0
2024-05-29 15:00:00,393009.0,143.0,False,143.0
2024-05-29 16:00:00,393163.0,154.0,False,154.0
2024-05-29 17:00:00,393319.0,156.0,False,156.0
2024-05-29 18:00:00,393472.0,153.0,False,153.0
2024-05-29 19:00:00,393614.0,142.0,False,142.0
2024-05-29 20:00:00,393750.0,136.0,False,136.0
2024-05-29 21:00:00,393887.0,137.0,False,137.0
2024-05-29 22:00:00,394026.0,139.0,False,139.0
2024-05-29 23:00:00,394143.0,117.0,False,117.0
2024-05-30 00:00:00,394252.0,109.0,False,109.0
2024-05-30 01:00:00,394346.0,94.0,False,94.0
2024-05-30 02:00:00,394435.0,89.0,False,89.0
2024-05-30 03:00:00,394516.0,81.0,False,81.0
2024-05-30 04:00:00,394598.0,82.0,False,82.0
2024-05-30 05:00:00,394675.0,77.0,False,77.0
2024-05-30 06:00:00,394753.0,78.0,False,78.0
2024-05-30 07:00:00,394830.0,77.0,False,77.0
2024-05-30 08:00:00,394911.0,81.0,False,81.0
2024-05-30 09:00:00,395017.0,106.0,False,106.0
2024-05-30 10:00:00,395149.0,132.0,False,132.0
2024-05-30 11:00:00,,,False,167.17
2024-05-30 12:00:00,395479.0,,False,176.8
2024-05-30 13:00:00,395633.0,154.0,False,154.0
2024-05-30 14:00:00,395786.0,153.0,False,153.0
2024-05-30 15:00:00,395953.0,167.0,False,167.0
2024-05-30 16:00:00,,,False,189.5
2024-05-30 17:00:00,396318.0,,False,190.5
2024-05-30 18:00:00,396487.0,169.0,False,169.0
2024-05-30 19:00:00,396651.0,164.0,False,164.0
2024-05-30 20:00:00,396807.0,156.0,False,156.0
2024-05-30 21:00:00,396960.0,153.0,False,153.0
2024-05-30 22:00:00,397116.0,156.0,False,156.0
2024-05-30 23:00:00,397257.0,141.0,False,141.0
2024-05-31 00:00:00,397372.0,115.0,False,115.0
2024-05-31 01:00:00,397474.0,102.0,False,102.0
2024-05-31 02:00:00,397568.0,94.0,False,94.0
2024-05-31 03:00:00,397660.0,92.0,False,92.0
2024-05-31 04:00:00,397749.0,89.0,False,89.0
2024-05-31 05:00:00,397834.0,85.0,False,85.0
2024-05-31 06:00:00,397917.0,83.0,False,83.0
2024-05-31 07:00:00,397998.0,81.0,False,81.0
2024-05-31 08:00:00,398089.0,91.0,False,91.0
2024-05-31 09:00:00,398212.0,123.0,False,123.0
2024-05-31 10:00:00,398360.0,148.0,False,148.0
2024-05-31 11:00:00,398522.0,162.0,False,162.0
2024-05-31 12:00:00,398696.0,174.0,False,174.0
2024-05-31 13:00:00,398857.0,161.0,False,161.0
2024-05-31 14:00:00,,,False,151.83
2024-05-31 15:00:00,399180.0,,False,166.5
2024-05-31 16:00:00,,,False,183.8
2024-05-31 17:00:00,,,False,183.0
2024-05-31 18:00:00,399749.0,,False,173.67
2024-05-31 19:00:00,399924.0,175.0,False,175.0
2024-05-31 20:00:00,400086.0,162.0,False,162.0
2024-05-31 21:00:00,400243.0,157.0,False,157.0
2024-05-31 22:00:00,400395.0,152.0,False,152.0
2024-05-31 23:00:00,400530.0,135.0,False,135.0
2024-06-01 00:00:00,400649.0,119.0,False,119.0
2024-06-01 01:00:00,400747.0,98.0,False,98.0
2024-06-01 02:00:00,400834.0,87.0,False,87.0
2024-06-01 03:00:00,400913.0,79.0,False,79.0
2024-06-01 04:00:00,400990.0,77.0,False,77.0
2024-06-01 05:00:00,401063.0,73.0,False,73.0
2024-06-01 06:00:00,401132.0,69.0,False,69.0
2024-06-01 07:00:00,401203.0,71.0,False,71.0
2024-06-01 08:00:00,401277.0,74.0,False,74.0
2024-06-01 09:00:00,401369.0,92.0,False,92.0
2024-06-01 10:00:00,401488.0,119.0,False,119.0
2024-06-01 11:00:00,401629.0,141.0,False,141.0
2024-06-01 12:00:00,401776.0,147.0,False,147.0
2024-06-01 13:00:00,401914.0,138.0,False,138.0
2024-06-01 14:00:00,402058.0,144.0,False,144.0
2024-06-01 15:00:00,402212.0,154.0,False,154.0
2024-06-01 16:00:00,402379.0,167.0,False,167.0
2024-06-01 17:00:00,402537.0,158.0,False,158.0
2024-06-01 18:00:00,402678.0,141.0,False,141.0
2024-06-01 19:00:00,402799.0,121.0,False,121.0
2024-06-01 20:00:00,402915.0,116.0,False,116.0
2024-06-01 21:00:00,403029.0,114.0,False,114.0
2024-06-01 22:00:00,403146.0,117.0,False,117.0
2024-06-01 23:00:00,403246.0,100.0,False,100.0
2024-06-02 00:00:00,403339.0,93.0,False,93.0
2024-06-02 01:00:00,403420.0,81.0,False,81.0
2024-06-02 02:00:00,,,False,86.0
2024-06-02 03:00:00,403565.0,,False,81.17
2024-06-02 04:00:00,403633.0,68.0,False,68.0
2024-06-02 05:00:00,403702.0,69.0,False,69.0
2024-06-02 06:00:00,403771.0,69.0,False,69.0
2024-06-02 07:00:00,,,False,75.83
2024-06-02 08:00:00,403907.0,,False,81.33
2024-06-02 09:00:00,403984.0,77.0,False,77.0
2024-06-02 10:00:00,404076.0,92.0,False,92.0
2024-06-02 11:00:00,404183.0,107.0,False,107.0
2024-06-02 12:00:00,404291.0,108.0,False,108.0
2024-06-02 13:00:00,404395.0,104.0,False,104.0
2024-06-02 14:00:00,404502.0,107.0,False,107.0
2024-06-02 15:00:00,404621.0,119.0,False,119.0
2024-06-02 16:00:00,404748.0,127.0,False,127.0
2024-06-02 17:00:00,404871.0,123.0,False,123.0
2024-06-02 18:00:00,404999.0,128.0,False,128.0
2024-06-02 19:00:00,405122.0,123.0,False,123.0
2024-06-02 20:00:00,405242.0,120.0,False,120.0
2024-06-02 21:00:00,405354.0,112.0,False,112.0
2024-06-02 22:00:00,405466.0,112.0,False,112.0
2024-06-02 23:00:00,405573.0,107.0,False,107.0
2024-06-03 00:00:00,405665.0,92.0,False,92.0
2024-06-03 01:00:00,405748.0,83.0,False,83.0
2024-06-03 02:00:00,405824.0,76.0,False,76.0
2024-06-03 03:00:00,405891.0,67.0,False,67.0
2024-06-03 04:00:00,405961.0,70.0,False,70.0
2024-06-03 05:00:00,406027.0,66.0,False,66.0
2024-06-03 06:00:00,406095.0,68.0,False,68.0
2024-06-03 07:00:00,406164.0,69.0,False,69.0
2024-06-03 08:00:00,,,False,83.4
2024-06-03 09:00:00,406335.0,,False,103.5
2024-06-03 10:00:00,,,False,126.83
2024-06-03 11:00:00,,,False,144.2
2024-06-03 12:00:00,,,False,146.75
2024-06-03 13:00:00,406872.0,,False,140.2
2024-06-03 14:00:00,407001.0,129.0,False,129.0
2024-06-03 15:00:00,407149.0,148.0,False,148.0
2024-06-03 16:00:00,407311.0,162.0,False,162.0
2024-06-03 17:00:00,407469.0,158.0,False,158.0
2024-06-03 18:00:00,,,False,157.4
2024-06-03 19:00:00,407773.0,,False,150.17
2024-06-03 20:00:00,407914.0,141.0,False,141.0
2024-06-03 21:00:00,408051.0,137.0,False,137.0
2024-06-03 22:00:00,408178.0,127.0,False,127.0
2024-06-03 23:00:00,408287.0,109.0,False,109.0
2024-06-04 00:00:00,408386.0,99.0,False,99.0
2024-06-04 01:00:00,408473.0,87.0,False,87.0
2024-06-04 02:00:00,408551.0,78.0,False,78.0
2024-06-04 03:00:00,408629.0,78.0,False,78.0
2024-06-04 04:00:00,408701.0,72.0,False,72.0
2024-06-04 05:00:00,408775.0,74.0,False,74.0
2024-06-04 06:00:00,408849.0,74.0,False,74.0
2024-06-04 07:00:00,408921.0,72.0,False,72.0
2024-06-04 08:00:00,408994.0,73.0,False,73.0
2024-06-04 09:00:00,409086.0,92.0,False,92.0
2024-06-04 10:00:00,409212.0,126.0,False,126.0
2024-06-04 11:00:00,409350.0,138.0,False,138.0
2024-06-04 12:00:00,409486.0,136.0,False,136.0
2024-06-04 13:00:00,409614.0,128.0,False,128.0
2024-06-04 14:00:00,409729.0,115.0,False,115.0
2024-06-04 15:00:00,409861.0,132.0,False,132.0
2024-06-04 16:00:00,410004.0,143.0,False,143.0
2024-06-04 17:00:00,410157.0,153.0,False,153.0
2024-06-04 18:00:00,410300.0,143.0,False,143.0
2024-06-04 19:00:00,,,False,145.0
2024-06-04 20:00:00,,,False,138.5
2024-06-04 21:00:00,,,False,135.0
2024-06-04 22:00:00,,,False,133.83
2024-06-04 23:00:00,,,False,121.29
2024-06-05 00:00:00,,,False,106.86
2024-06-05 01:00:00,,,False,92.43
2024-06-05 02:00:00,,,False,85.67
2024-06-05 03:00:00,,,False,80.17
2024-06-05 04:00:00,,,False,77.0
2024-06-05 05:00:00,,,False,75.14
2024-06-05 06:00:00,,,False,74.71
2024-06-05 07:00:00,,,False,74.83
2024-06-05 08:00:00,,,False,81.2
2024-06-05 09:00:00,,,False,99.17
2024-06-05 10:00:00,,,False,124.17
2024-06-05 11:00:00,,,False,140.0
2024-06-05 12:00:00,,,False,144.6
2024-06-05 13:00:00,,,False,138.17
2024-06-05 14:00:00,,,False,130.83
2024-06-05 15:00:00,,,False,143.83
2024-06-05 16:00:00,,,False,150.6
2024-06-05 17:00:00,,,False,149.6
2024-06-05 18:00:00,,,False,146.8
2024-06-05 19:00:00,,,False,145.0
2024-06-05 20:00:00,413544.0,,False,138.5
2024-06-05 21:00:00,413699.0,155.0,False,155.0
2024-06-05 22:00:00,413845.0,146.0,False,146.0
2024-06-05 23:00:00,413982.0,137.0,False,137.0
2024-06-06 00:00:00,414103.0,121.0,False,121.0
2024-06-06 01:00:00,414208.0,105.0,False,105.0
2024-06-06 02:00:00,414307.0,99.0,False,99.0
2024-06-06 03:00:00,414400.0,93.0,False,93.0
2024-06-06 04:00:00,414491.0,91.0,False,91.0
2024-06-06 05:00:00,414578.0,87.0,False,87.0
2024-06-06 06:00:00,414666.0,88.0,False,88.0
2024-06-06 07:00:00,414753.0,87.0,False,87.0
2024-06-06 08:00:00,414849.0,96.0,False,96.0
2024-06-06 09:00:00,414968.0,119.0,False,119.0
2024-06-06 10:00:00,415110.0,142.0,False,142.0
2024-06-06 11:00:00,415267.0,157.0,False,157.0
2024-06-06 12:00:00,415433.0,166.0,False,166.0
2024-06-06 13:00:00,415582.0,149.0,False,149.0
2024-06-06 14:00:00,415733.0,151.0,False,151.0
2024-06-06 15:00:00,415888.0,155.0,False,155.0
2024-06-06 16:00:00,416049.0,161.0,False,161.0
2024-06-06 17:00:00,416216.0,167.0,False,167.0
2024-06-06 18:00:00,416372.0,156.0,False,156.0
2024-06-06 19:00:00,416523.0,151.0,False,151.0
2024-06-06 20:00:00,416676.0,153.0,False,153.0
2024-06-06 21:00:00,416819.0,143.0,False,143.0
2024-06-06 22:00:00,416946.0,127.0,False,127.0
2024-06-06 23:00:00,417062.0,116.0,False,116.0
2024-06-07 00:00:00,417164.0,102.0,False,102.0
2024-06-07 01:00:00,417256.0,92.0,False,92.0
2024-06-07 02:00:00,417344.0,88.0,False,88.0
2024-06-07 03:00:00,417425.0,81.0,False,81.0
2024-06-07 04:00:00,417504.0,79.0,False,79.0
2024-06-07 05:00:00,417584.0,80.0,False,80.0
2024-06-07 06:00:00,417663.0,79.0,False,79.0
2024-06-07 07:00:00,417742.0,79.0,False,79.0
2024-06-07 08:00:00,417823.0,81.0,False,81.0
2024-06-07 09:00:00,417930.0,107.0,False,107.0
2024-06-07 10:00:00,418062.0,132.0,False,132.0
2024-06-07 11:00:00,418209.0,147.0,False,147.0
2024-06-07 12:00:00,418353.0,144.0,False,144.0
2024-06-07 13:00:00,418489.0,136.0,False,136.0
2024-06-07 14:00:00,418625.0,136.0,False,136.0
2024-06-07 15:00:00,418772.0,147.0,False,147.0
2024-06-07 16:00:00,418926.0,154.0,False,154.0
2024-06-07 17:00:00,419098.0,172.0,False,172.0
2024-06-07 18:00:00,419263.0,165.0,False,165.0
2024-06-07 19:00:00,419416.0,153.0,False,153.0
2024-06-07 20:00:00,419561.0,145.0,False,145.0
2024-06-07 21:00:00,419687.0,126.0,False,126.0
2024-06-07 22:00:00,419814.0,127.0,False,127.0
2024-06-07 23:00:00,419930.0,116.0,False,116.0
2024-06-08 00:00:00,420032.0,102.0,False,102.0
2024-06-08 01:00:00,420117.0,85.0,False,85.0
2024-06-08 02:00:00,420194.0,77.0,False,77.0
2024-06-08 03:00:00,420268.0,74.0,False,74.0
2024-06-08 04:00:00,420339.0,71.0,False,71.0
2024-06-08 05:00:00,420411.0,72.0,False,72.0
2024-06-08 06:00:00,420483.0,72.0,False,72.0
2024-06-08 07:00:00,420553.0,70.0,False,70.0
2024-06-08 08:00:00,420624.0,71.0,False,71.0
2024-06-08 09:00:00,420707.0,83.0,False,83.0
2024-06-08 10:00:00,420809.0,102.0,False,102.0
2024-06-08 11:00:00,420917.0,108.0,False,108.0
2024-06-08 12:00:00,421033.0,116.0,False,116.0
2024-06-08 13:00:00,421153.0,120.0,False,120.0
2024-06-08 14:00:00,421263.0,110.0,False,110.0
2024-06-08 15:00:00,421383.0,120.0,False,120.0
2024-06-08 16:00:00,421508.0,125.0,False,125.0
2024-06-08 17:00:00,421630.0,122.0,False,122.0
2024-06-08 18:00:00,421748.0,118.0,False,118.0
2024-06-08 19:00:00,421864.0,116.0,False,116.0
2024-06-08 20:00:00,421979.0,115.0,False,115.0
2024-06-08 21:00:00,422093.0,114.0,False,114.0
2024-06-08 22:00:00,422204.0,111.0,False,111.0
2024-06-08 23:00:00,422308.0,104.0,False,104.0
2024-06-09 00:00:00,422392.0,84.0,False,84.0
2024-06-09 01:00:00,422467.0,75.0,False,75.0
2024-06-09 02:00:00,422536.0,69.0,False,69.0
2024-06-09 03:00:00,422602.0,66.0,False,66.0
2024-06-09 04:00:00,422663.0,61.0,False,61.0
2024-06-09 05:00:00,422725.0,62.0,False,62.0
2024-06-09 06:00:00,422785.0,60.0,False,60.0
2024-06-09 07:00:00,422845.0,60.0,False,60.0
2024-06-09 08:00:00,422909.0,64.0,False,64.0
2024-06-09 09:00:00,422983.0,74.0,False,74.0
2024-06-09 10:00:00,423067.0,84.0,False,84.0
2024-06-09 11:00:00,423158.0,91.0,False,91.0
2024-06-09 12:00:00,423262.0,104.0,False,104.0
2024-06-09 13:00:00,423370.0,108.0,False,108.0
2024-06-09 14:00:00,423487.0,117.0,False,117.0
2024-06-09 15:00:00,423607.0,120.0,False,120.0
2024-06-09 16:00:00,423735.0,128.0,False,128.0
2024-06-09 17:00:00,423862.0,127.0,False,127.0
2024-06-09 18:00:00,423989.0,127.0,False,127.0
2024-06-09 19:00:00,424100.0,111.0,False,111.0
2024-06-09 20:00:00,424216.0,116.0,False,116.0
2024-06-09 21:00:00,424320.0,104.0,False,104.0
2024-06-09 22:00:00,424429.0,109.0,False,109.0
2024-06-09 23:00:00,424523.0,94.0,False,94.0
2024-06-10 00:00:00,424600.0,77.0,False,77.0
2024-06-10 01:00:00,424666.0,66.0,False,66.0
2024-06-10 02:00:00,424731.0,65.0,False,65.0
2024-06-10 03:00:00,424797.0,66.0,False,66.0
2024-06-10 04:00:00,424861.0,64.0,False,64.0
2024-06-10 05:00:00,424926.0,65.0,False,65.0
2024-06-10 06:00:00,424990.0,64.0,False,64.0
2024-06-10 07:00:00,425054.0,64.0,False,64.0
2024-06-10 08:00:00,425124.0,70.0,False,70.0
2024-06-10 09:00:00,425204.0,80.0,False,80.0
2024-06-10 10:00:00,425302.0,98.0,False,98.0
2024-06-10 11:00:00,425403.0,101.0,False,101.0
2024-06-10 12:00:00,425508.0,105.0,False,105.0
2024-06-10 13:00:00,425612.0,104.0,False,104.0
2024-06-10 14:00:00,425717.0,105.0,False,105.0
2024-06-10 15:00:00,425823.0,106.0,False,106.0
2024-06-10 16:00:00,425935.0,112.0,False,112.0
2024-06-10 17:00:00,426055.0,120.0,False,120.0
2024-06-10 18:00:00,426183.0,128.0,False,128.0
2024-06-10 19:00:00,426306.0,123.0,False,123.0
2024-06-10 20:00:00,426420.0,114.0,False,114.0
2024-06-10 21:00:00,426527.0,107.0,False,107.0
2024-06-10 22:00:00,426637.0,110.0,False,110.0
2024-06-10 23:00:00,426737.0,100.0,False,100.0
2024-06-11 00:00:00,426830.0,93.0,False,93.0
2024-06-11 01:00:00,426910.0,80.0,False,80.0
2024-06-11 02:00:00,426989.0,79.0,False,79.0
2024-06-11 03:00:00,427064.0,75.0,False,75.0
2024-06-11 04:00:00,427138.0,74.0,False,74.0
2024-06-11 05:00:00,427212.0,74.0,False,74.0
2024-06-11 06:00:00,427283.0,71.0,False,71.0
2024-06-11 07:00:00,427355.0,72.0,False,72.0
2024-06-11 08:00:00,427443.0,88.0,False,88.0
2024-06-11 09:00:00,427563.0,120.0,False,120.0
2024-06-11 10:00:00,427719.0,156.0,False,156.0
2024-06-11 11:00:00,427891.0,172.0,False,172.0
2024-06-11 12:00:00,428068.0,177.0,False,177.0
2024-06-11 13:00:00,428229.0,161.0,False,161.0
2024-06-11 14:00:00,428395.0,166.0,False,166.0
2024-06-11 15:00:00,428577.0,182.0,False,182.0
2024-06-11 16:00:00,428780.0,203.0,False,203.0
2024-06-11 17:00:00,,,False,143.5
2024-06-11 18:00:00,,,False,139.5
2024-06-11 19:00:00,,,False,130.8
2024-06-11 20:00:00,,,False,128.6
2024-06-11 21:00:00,429715.0,,False,124.83
2024-06-11 22:00:00,429859.0,144.0,False,144.0
2024-06-11 23:00:00,429988.0,129.0,False,129.0
2024-06-12 00:00:00,430088.0,100.0,False,100.0
2024-06-12 01:00:00,430176.0,88.0,False,88.0
2024-06-12 02:00:00,430257.0,81.0,False,81.0
2024-06-12 03:00:00,430329.0,72.0,False,72.0
2024-06-12 04:00:00,430403.0,74.0,False,74.0
2024-06-12 05:00:00,430475.0,72.0,False,72.0
2024-06-12 06:00:00,430543.0,68.0,False,68.0
2024-06-12 07:00:00,430615.0,72.0,False,72.0
2024-06-12 08:00:00,430693.0,78.0,False,78.0
2024-06-12 09:00:00,430815.0,122.0,False,122.0
2024-06-12 10:00:00,430973.0,158.0,False,158.0
2024-06-12 11:00:00,,,False,129.33
2024-06-12 12:00:00,431329.0,,False,135.33
2024-06-12 13:00:00,431501.0,172.0,False,172.0
2024-06-12 14:00:00,431666.0,165.0,False,165.0
2024-06-12 15:00:00,431851.0,185.0,False,185.0
2024-06-12 16:00:00,432066.0,215.0,False,215.0
2024-06-12 17:00:00,432301.0,235.0,False,235.0
2024-06-12 18:00:00,432521.0,220.0,False,220.0
2024-06-12 19:00:00,432728.0,207.0,False,207.0
2024-06-12 20:00:00,432896.0,168.0,False,168.0
2024-06-12 21:00:00,433057.0,161.0,False,161.0
2024-06-12 22:00:00,433209.0,152.0,False,152.0
2024-06-12 23:00:00,433351.0,142.0,False,142.0
2024-06-13 00:00:00,433472.0,121.0,False,121.0
2024-06-13 01:00:00,433571.0,99.0,False,99.0
2024-06-13 02:00:00,433659.0,88.0,False,88.0
2024-06-13 03:00:00,433735.0,76.0,False,76.0
2024-06-13 04:00:00,433807.0,72.0,False,72.0
2024-06-13 05:00:00,433878.0,71.0,False,71.0
2024-06-13 06:00:00,433948.0,70.0,False,70.0
2024-06-13 07:00:00,434022.0,74.0,False,74.0
2024-06-13 08:00:00,434103.0,81.0,False,81.0
2024-06-13 09:00:00,434235.0,132.0,False,132.0
2024-06-13 10:00:00,434422.0,187.0,False,187.0
2024-06-13 11:00:00,434633.0,211.0,False,211.0
2024-06-13 12:00:00,434874.0,241.0,False,241.0
2024-06-13 13:00:00,435058.0,184.0,False,184.0
2024-06-13 14:00:00,,,False,135.71
2024-06-13 15:00:00,,,False,145.0
2024-06-13 16:00:00,,,False,156.86
2024-06-13 17:00:00,435931.0,,False,157.17
2024-06-13 18:00:00,436158.0,227.0,False,227.0
2024-06-13 19:00:00,436362.0,204.0,False,204.0
2024-06-13 20:00:00,436534.0,172.0,False,172.0
2024-06-13 21:00:00,436705.0,171.0,False,171.0
2024-06-13 22:00:00,436858.0,153.0,False,153.0
2024-06-13 23:00:00,436998.0,140.0,False,140.0
2024-06-14 00:00:00,437124.0,126.0,False,126.0
2024-06-14 01:00:00,437223.0,99.0,False,99.0
2024-06-14 02:00:00,437312.0,89.0,False,89.0
2024-06-14 03:00:00,437399.0,87.0,False,87.0
2024-06-14 04:00:00,437481.0,82.0,False,82.0
2024-06-14 05:00:00,437558.0,77.0,False,77.0
2024-06-14 06:00:00,437638.0,80.0,False,80.0
2024-06-14 07:00:00,437719.0,81.0,False,81.0
2024-06-14 08:00:00,437802.0,83.0,False,83.0
2024-06-14 09:00:00,437918.0,116.0,False,116.0
2024-06-14 10:00:00,438083.0,165.0,False,165.0
2024-06-14 11:00:00,438285.0,202.0,False,202.0
2024-06-14 12:00:00,438489.0,204.0,False,204.0
2024-06-14 13:00:00,438688.0,199.0,False,199.0
2024-06-14 14:00:00,438887.0,199.0,False,199.0
2024-06-14 15:00:00,439114.0,227.0,False,227.0
2024-06-14 16:00:00,439360.0,246.0,False,246.0
2024-06-14 17:00:00,439597.0,237.0,False,237.0
2024-06-14 18:00:00,439835.0,238.0,False,238.0
2024-06-14 19:00:00,440044.0,209.0,False,209.0
2024-06-14 20:00:00,440225.0,181.0,False,181.0
2024-06-14 21:00:00,440393.0,168.0,False,168.0
2024-06-14 22:00:00,440557.0,164.0,False,164.0
2024-06-14 23:00:00,440708.0,151.0,False,151.0
2024-06-15 00:00:00,440843.0,135.0,False,135.0
2024-06-15 01:00:00,440954.0,111.0,False,111.0
2024-06-15 02:00:00,441056.0,102.0,False,102.0
2024-06-15 03:00:00,441149.0,93.0,False,93.0
2024-06-15 04:00:00,441231.0,82.0,False,82.0
2024-06-15 05:00:00,441312.0,81.0,False,81.0
2024-06-15 06:00:00,441391.0,79.0,False,79.0
2024-06-15 07:00:00,441467.0,76.0,False,76.0
2024-06-15 08:00:00,441550.0,83.0,False,83.0
2024-06-15 09:00:00,441647.0,97.0,False,97.0
2024-06-15 10:00:00,441778.0,131.0,False,131.0
2024-06-15 11:00:00,441942.0,164.0,False,164.0
2024-06-15 12:00:00,442116.0,174.0,False,174.0
2024-06-15 13:00:00,442282.0,166.0,False,166.0
2024-06-15 14:00:00,442446.0,164.0,False,164.0
2024-06-15 15:00:00,442616.0,170.0,False,170.0
2024-06-15 16:00:00,442810.0,194.0,False,194.0
2024-06-15 17:00:00,443007.0,197.0,False,197.0
2024-06-15 18:00:00,443194.0,187.0,False,187.0
2024-06-15 19:00:00,443371.0,177.0,False,177.0
2024-06-15 20:00:00,443550.0,179.0,False,179.0
2024-06-15 21:00:00,443721.0,171.0,False,171.0
2024-06-15 22:00:00,443888.0,167.0,False,167.0
2024-06-15 23:00:00,444041.0,153.0,False,153.0
2024-06-16 00:00:00,444174.0,133.0,False,133.0
2024-06-16 01:00:00,444282.0,108.0,False,108.0
2024-06-16 02:00:00,444381.0,99.0,False,99.0
2024-06-16 03:00:00,444472.0,91.0,False,91.0
2024-06-16 04:00:00,444566.0,94.0,False,94.0
2024-06-16 05:00:00,444655.0,89.0,False,89.0
2024-06-16 06:00:00,444739.0,84.0,False,84.0
2024-06-16 07:00:00,444822.0,83.0,False,83.0
2024-06-16 08:00:00,444906.0,84.0,False,84.0
2024-06-16 09:00:00,445012.0,106.0,False,106.0
2024-06-16 10:00:00,445143.0,131.0,False,131.0
2024-06-16 11:00:00,445292.0,149.0,False,149.0
2024-06-16 12:00:00,445451.0,159.0,False,159.0
2024-06-16 13:00:00,445605.0,154.0,False,154.0
2024-06-16 14:00:00,445752.0,147.0,False,147.0
2024-06-16 15:00:00,445897.0,145.0,False,145.0
2024-06-16 16:00:00,446061.0,164.0,False,164.0
2024-06-16 17:00:00,446224.0,163.0,False,163.0
2024-06-16 18:00:00,446386.0,162.0,False,162.0
2024-06-16 19:00:00,446543.0,157.0,False,157.0
2024-06-16 20:00:00,446692.0,149.0,False,149.0
2024-06-16 21:00:00,446835.0,143.0,False,143.0
2024-06-16 22:00:00,446977.0,142.0,False,142.0
2024-06-16 23:00:00,447103.0,126.0,False,126.0
2024-06-17 00:00:00,447209.0,106.0,False,106.0
2024-06-17 01:00:00,447302.0,93.0,False,93.0
2024-06-17 02:00:00,447390.0,88.0,False,88.0
2024-06-17 03:00:00,447468.0,78.0,False,78.0
2024-06-17 04:00:00,447554.0,86.0,False,86.0
2024-06-17 05:00:00,447634.0,80.0,False,80.0
2024-06-17 06:00:00,447712.0,78.0,False,78.0
2024-06-17 07:00:00,447789.0,77.0,False,77.0
2024-06-17 08:00:00,447875.0,86.0,False,86.0
2024-06-17 09:00:00,448003.0,128.0,False,128.0
2024-06-17 10:00:00,448169.0,166.0,False,166.0
2024-06-17 11:00:00,448346.0,177.0,False,177.0
2024-06-17 12:00:00,448525.0,179.0,False,179.0
2024-06-17 13:00:00,448685.0,160.0,False,160.0
2024-06-17 14:00:00,448840.0,155.0,False,155.0
2024-06-17 15:00:00,449020.0,180.0,False,180.0
2024-06-17 16:00:00,449214.0,194.0,False,194.0
2024-06-17 17:00:00,449418.0,204.0,False,204.0
2024-06-17 18:00:00,449628.0,210.0,False,210.0
2024-06-17 19:00:00,449824.0,196.0,False,196.0
2024-06-17 20:00:00,450010.0,186.0,False,186.0
2024-06-17 21:00:00,450190.0,180.0,False,180.0
2024-06-17 22:00:00,450357.0,167.0,False,167.0
2024-06-17 23:00:00,450507.0,150.0,False,150.0
2024-06-18 00:00:00,450627.0,120.0,False,120.0
2024-06-18 01:00:00,450726.0,99.0,False,99.0
2024-06-18 02:00:00,450814.0,88.0,False,88.0
2024-06-18 03:00:00,450896.0,82.0,False,82.0
2024-06-18 04:00:00,450973.0,77.0,False,77.0
2024-06-18 05:00:00,451050.0,77.0,False,77.0
2024-06-18 06:00:00,451128.0,78.0,False,78.0
2024-06-18 07:00:00,451208.0,80.0,False,80.0
2024-06-18 08:00:00,451292.0,84.0,False,84.0
2024-06-18 09:00:00,451417.0,125.0,False,125.0
2024-06-18 10:00:00,451598.0,181.0,False,181.0
2024-06-18 11:00:00,451794.0,196.0,False,196.0
2024-06-18 12:00:00,451990.0,196.0,False,196.0
2024-06-18 13:00:00,452169.0,179.0,False,179.0
2024-06-18 14:00:00,452346.0,177.0,False,177.0
2024-06-18 15:00:00,452539.0,193.0,False,193.0
2024-06-18 16:00:00,452753.0,214.0,False,214.0
2024-06-18 17:00:00,452973.0,220.0,False,220.0
2024-06-18 18:00:00,453191.0,218.0,False,218.0
2024-06-18 19:00:00,453392.0,201.0,False,201.0
2024-06-18 20:00:00,453578.0,186.0,False,186.0
2024-06-18 21:00:00,453758.0,180.0,False,180.0
2024-06-18 22:00:00,453932.0,174.0,False,174.0
2024-06-18 23:00:00,454087.0,155.0,False,155.0
2024-06-19 00:00:00,454214.0,127.0,False,127.0
2024-06-19 01:00:00,454316.0,102.0,False,102.0
2024-06-19 02:00:00,454411.0,95.0,False,95.0
2024-06-19 03:00:00,454497.0,86.0,False,86.0
2024-06-19 04:00:00,454579.0,82.0,False,82.0
2024-06-19 05:00:00,454661.0,82.0,False,82.0
2024-06-19 06:00:00,454739.0,78.0,False,78.0
2024-06-19 07:00:00,454820.0,81.0,False,81.0
2024-06-19 08:00:00,454905.0,85.0,False,85.0
2024-06-19 09:00:00,455030.0,125.0,False,125.0
2024-06-19 10:00:00,455208.0,178.0,False,178.0
2024-06-19 11:00:00,455406.0,198.0,False,198.0
2024-06-19 12:00:00,455599.0,193.0,False,193.0
2024-06-19 13:00:00,455779.0,180.0,False,180.0
2024-06-19 14:00:00,455961.0,182.0,False,182.0
2024-06-19 15:00:00,456162.0,201.0,False,201.0
2024-06-19 16:00:00,456392.0,230.0,False,230.0
2024-06-19 17:00:00,456626.0,234.0,False,234.0
2024-06-19 18:00:00,456857.0,231.0,False,231.0
2024-06-19 19:00:00,457064.0,207.0,False,207.0
2024-06-19 20:00:00,457259.0,195.0,False,195.0
2024-06-19 21:00:00,457442.0,183.0,False,183.0
2024-06-19 22:00:00,457616.0,174.0,False,174.0
2024-06-19 23:00:00,457779.0,163.0,False,163.0
2024-06-20 00:00:00,457929.0,150.0,False,150.0
2024-06-20 01:00:00,458059.0,130.0,False,130.0
2024-06-20 02:00:00,458176.0,117.0,False,117.0
2024-06-20 03:00:00,458287.0,111.0,False,111.0
2024-06-20 04:00:00,458388.0,101.0,False,101.0
2024-06-20 05:00:00,458487.0,99.0,False,99.0
2024-06-20 06:00:00,458582.0,95.0,False,95.0
2024-06-20 07:00:00,458676.0,94.0,False,94.0
2024-06-20 08:00:00,458771.0,95.0,False,95.0
2024-06-20 09:00:00,458891.0,120.0,False,120.0
2024-06-20 10:00:00,459072.0,181.0,False,181.0
2024-06-20 11:00:00,459293.0,221.0,False,221.0
2024-06-20 12:00:00,459500.0,207.0,False,207.0
2024-06-20 13:00:00,459703.0,203.0,False,203.0
2024-06-20 14:00:00,459891.0,188.0,False,188.0
2024-06-20 15:00:00,460089.0,198.0,False,198.0
2024-06-20 16:00:00,460306.0,217.0,False,217.0
2024-06-20 17:00:00,460527.0,221.0,False,221.0
2024-06-20 18:00:00,460739.0,212.0,False,212.0
2024-06-20 19:00:00,460936.0,197.0,False,197.0
2024-06-20 20:00:00,461135.0,199.0,False,199.0
2024-06-20 21:00:00,461316.0,181.0,False,181.0
2024-06-20 22:00:00,461492.0,176.0,False,176.0
2024-06-20 23:00:00,461655.0,163.0,False,163.0
2024-06-21 00:00:00,461790.0,135.0,False,135.0
2024-06-21 01:00:00,461903.0,113.0,False,113.0
2024-06-21 02:00:00,461995.0,92.0,False,92.0
2024-06-21 03:00:00,462083.0,88.0,False,88.0
2024-06-21 04:00:00,462171.0,88.0,False,88.0
2024-06-21 05:00:00,462258.0,87.0,False,87.0
2024-06-21 06:00:00,462344.0,86.0,False,86.0
2024-06-21 07:00:00,462428.0,84.0,False,84.0
2024-06-21 08:00:00,462514.0,86.0,False,86.0
2024-06-21 09:00:00,462626.0,112.0,False,112.0
2024-06-21 10:00:00,462774.0,148.0,False,148.0
2024-06-21 11:00:00,462953.0,179.0,False,179.0
2024-06-21 12:00:00,463123.0,170.0,False,170.0
2024-06-21 13:00:00,463286.0,163.0,False,163.0
2024-06-21 14:00:00,463443.0,157.0,False,157.0
2024-06-21 15:00:00,463624.0,181.0,False,181.0
2024-06-21 16:00:00,463825.0,201.0,False,201.0
2024-06-21 17:00:00,464041.0,216.0,False,216.0
2024-06-21 18:00:00,464250.0,209.0,False,209.0
2024-06-21 19:00:00,464438.0,188.0,False,188.0
2024-06-21 20:00:00,464612.0,174.0,False,174.0
2024-06-21 21:00:00,464776.0,164.0,False,164.0
2024-06-21 22:00:00,464943.0,167.0,False,167.0
2024-06-21 23:00:00,465101.0,158.0,False,158.0
2024-06-22 00:00:00,465244.0,143.0,False,143.0
2024-06-22 01:00:00,465350.0,106.0,False,106.0
2024-06-22 02:00:00,465438.0,88.0,False,88.0
2024-06-22 03:00:00,465524.0,86.0,False,86.0
2024-06-22 04:00:00,465610.0,86.0,False,86.0
2024-06-22 05:00:00,465694.0,84.0,False,84.0
2024-06-22 06:00:00,465778.0,84.0,False,84.0
2024-06-22 07:00:00,465861.0,83.0,False,83.0
2024-06-22 08:00:00,465946.0,85.0,False,85.0
2024-06-22 09:00:00,466055.0,109.0,False,109.0
2024-06-22 10:00:00,466189.0,134.0,False,134.0
2024-06-22 11:00:00,466340.0,151.0,False,151.0
2024-06-22 12:00:00,466502.0,162.0,False,162.0
2024-06-22 13:00:00,466666.0,164.0,False,164.0
2024-06-22 14:00:00,466834.0,168.0,False,168.0
2024-06-22 15:00:00,467021.0,187.0,False,187.0
2024-06-22 16:00:00,467219.0,198.0,False,198.0
2024-06-22 17:00:00,467415.0,196.0,False,196.0
2024-06-22 18:00:00,467606.0,191.0,False,191.0
2024-06-22 19:00:00,467789.0,183.0,False,183.0
2024-06-22 20:00:00,467960.0,171.0,False,171.0
2024-06-22 21:00:00,468128.0,168.0,False,168.0
2024-06-22 22:00:00,468284.0,156.0,False,156.0
2024-06-22 23:00:00,468423.0,139.0,False,139.0
2024-06-23 00:00:00,468555.0,132.0,False,132.0
2024-06-23 01:00:00,468668.0,113.0,False,113.0
2024-06-23 02:00:00,468754.0,86.0,False,86.0
2024-06-23 03:00:00,468832.0,78.0,False,78.0
2024-06-23 04:00:00,468914.0,82.0,False,82.0
2024-06-23 05:00:00,468991.0,77.0,False,77.0
2024-06-23 06:00:00,469066.0,75.0,False,75.0
2024-06-23 07:00:00,469146.0,80.0,False,80.0
2024-06-23 08:00:00,469225.0,79.0,False,79.0
2024-06-23 09:00:00,469312.0,87.0,False,87.0
2024-06-23 10:00:00,469424.0,112.0,False,112.0
2024-06-23 11:00:00,469563.0,139.0,False,139.0
2024-06-23 12:00:00,469709.0,146.0,False,146.0
2024-06-23 13:00:00,469856.0,147.0,False,147.0
2024-06-23 14:00:00,470007.0,151.0,False,151.0
2024-06-23 15:00:00,470165.0,158.0,False,158.0
2024-06-23 16:00:00,470329.0,164.0,False,164.0
2024-06-23 17:00:00,470499.0,170.0,False,170.0
2024-06-23 18:00:00,470669.0,170.0,False,170.0
2024-06-23 19:00:00,470839.0,170.0,False,170.0
2024-06-23 20:00:00,471001.0,162.0,False,162.0
2024-06-23 21:00:00,471163.0,162.0,False,162.0
2024-06-23 22:00:00,471322.0,159.0,False,159.0
2024-06-23 23:00:00,471474.0,152.0,False,152.0
2024-06-24 00:00:00,471598.0,124.0,False,124.0
2024-06-24 01:00:00,471699.0,101.0,False,101.0
2024-06-24 02:00:00,471787.0,88.0,False,88.0
2024-06-24 03:00:00,471875.0,88.0,False,88.0
2024-06-24 04:00:00,471958.0,83.0,False,83.0
2024-06-24 05:00:00,472041.0,83.0,False,83.0
2024-06-24 06:00:00,472121.0,80.0,False,80.0
2024-06-24 07:00:00,472199.0,78.0,False,78.0
2024-06-24 08:00:00,472285.0,86.0,False,86.0
2024-06-24 09:00:00,472401.0,116.0,False,116.0
2024-06-24 10:00:00,472581.0,180.0,False,180.0
2024-06-24 11:00:00,472785.0,204.0,False,204.0
2024-06-24 12:00:00,472985.0,200.0,False,200.0
2024-06-24 13:00:00,473161.0,176.0,False,176.0
2024-06-24 14:00:00,473335.0,174.0,False,174.0
2024-06-24 15:00:00,473529.0,194.0,False,194.0
2024-06-24 16:00:00,473746.0,217.0,False,217.0
2024-06-24 17:00:00,473971.0,225.0,False,225.0
2024-06-24 18:00:00,474190.0,219.0,False,219.0
2024-06-24 19:00:00,474385.0,195.0,False,195.0
2024-06-24 20:00:00,474568.0,183.0,False,183.0
2024-06-24 21:00:00,474757.0,189.0,False,189.0
2024-06-24 22:00:00,474944.0,187.0,False,187.0
2024-06-24 23:00:00,475105.0,161.0,False,161.0
2024-06-25 00:00:00,475229.0,124.0,False,124.0
2024-06-25 01:00:00,475324.0,95.0,False,95.0
2024-06-25 02:00:00,475412.0,88.0,False,88.0
2024-06-25 03:00:00,475493.0,81.0,False,81.0
2024-06-25 04:00:00,475572.0,79.0,False,79.0
2024-06-25 05:00:00,475650.0,78.0,False,78.0
2024-06-25 06:00:00,475729.0,79.0,False,79.0
2024-06-25 07:00:00,475808.0,79.0,False,79.0
2024-06-25 08:00:00,475899.0,91.0,False,91.0
2024-06-25 09:00:00,476019.0,120.0,False,120.0
2024-06-25 10:00:00,476180.0,161.0,False,161.0
2024-06-25 11:00:00,476371.0,191.0,False,191.0
2024-06-25 12:00:00,476570.0,199.0,False,199.0
2024-06-25 13:00:00,476757.0,187.0,False,187.0
2024-06-25 14:00:00,476922.0,165.0,False,165.0
2024-06-25 15:00:00,477113.0,191.0,False,191.0
2024-06-25 16:00:00,477318.0,205.0,False,205.0
2024-06-25 17:00:00,477536.0,218.0,False,218.0
2024-06-25 18:00:00,477759.0,223.0,False,223.0
2024-06-25 19:00:00,477971.0,212.0,False,212.0
2024-06-25 20:00:00,478169.0,198.0,False,198.0
2024-06-25 21:00:00,478363.0,194.0,False,194.0
2024-06-25 22:00:00,478537.0,174.0,False,174.0
2024-06-25 23:00:00,478697.0,160.0,False,160.0
2024-06-26 00:00:00,478818.0,121.0,False,121.0
2024-06-26 01:00:00,478924.0,106.0,False,106.0
2024-06-26 02:00:00,479017.0,93.0,False,93.0
2024-06-26 03:00:00,479099.0,82.0,False,82.0
2024-06-26 04:00:00,479177.0,78.0,False,78.0
2024-06-26 05:00:00,479252.0,75.0,False,75.0
2024-06-26 06:00:00,479320.0,68.0,False,68.0
2024-06-26 07:00:00,479392.0,72.0,False,72.0
2024-06-26 08:00:00,479474.0,82.0,False,82.0
2024-06-26 09:00:00,479607.0,133.0,False,133.0
2024-06-26 10:00:00,479786.0,179.0,False,179.0
2024-06-26 11:00:00,479997.0,211.0,False,211.0
2024-06-26 12:00:00,480226.0,229.0,False,229.0
2024-06-26 13:00:00,480435.0,209.0,False,209.0
2024-06-26 14:00:00,480637.0,202.0,False,202.0
2024-06-26 15:00:00,480849.0,212.0,False,212.0
2024-06-26 16:00:00,481075.0,226.0,False,226.0
2024-06-26 17:00:00,481317.0,242.0,False,242.0
2024-06-26 18:00:00,481533.0,216.0,False,216.0
2024-06-26 19:00:00,481728.0,195.0,False,195.0
2024-06-26 20:00:00,481916.0,188.0,False,188.0
2024-06-26 21:00:00,482094.0,178.0,False,178.0
2024-06-26 22:00:00,482265.0,171.0,False,171.0
2024-06-26 23:00:00,482416.0,151.0,False,151.0
2024-06-27 00:00:00,482542.0,126.0,False,126.0
2024-06-27 01:00:00,482648.0,106.0,False,106.0
2024-06-27 02:00:00,482744.0,96.0,False,96.0
2024-06-27 03:00:00,482833.0,89.0,False,89.0
2024-06-27 04:00:00,482918.0,85.0,False,85.0
2024-06-27 05:00:00,483002.0,84.0,False,84.0
2024-06-27 06:00:00,483086.0,84.0,False,84.0
2024-06-27 07:00:00,483171.0,85.0,False,85.0
2024-06-27 08:00:00,483262.0,91.0,False,91.0
2024-06-27 09:00:00,483402.0,140.0,False,140.0
2024-06-27 10:00:00,483576.0,174.0,False,174.0
2024-06-27 11:00:00,483783.0,207.0,False,207.0
2024-06-27 12:00:00,483998.0,215.0,False,215.0
2024-06-27 13:00:00,484198.0,200.0,False,200.0
2024-06-27 14:00:00,484394.0,196.0,False,196.0
2024-06-27 15:00:00,484596.0,202.0,False,202.0
2024-06-27 16:00:00,484820.0,224.0,False,224.0
2024-06-27 17:00:00,485050.0,230.0,False,230.0
2024-06-27 18:00:00,485280.0,230.0,False,230.0
2024-06-27 19:00:00,485491.0,211.0,False,211.0
2024-06-27 20:00:00,485689.0,198.0,False,198.0
2024-06-27 21:00:00,485877.0,188.0,False,188.0
2024-06-27 22:00:00,486054.0,177.0,False,177.0
2024-06-27 23:00:00,486212.0,158.0,False,158.0
2024-06-28 00:00:00,486346.0,134.0,False,134.0
2024-06-28 01:00:00,486457.0,111.0,False,111.0
2024-06-28 02:00:00,486546.0,89.0,False,89.0
2024-06-28 03:00:00,486626.0,80.0,False,80.0
2024-06-28 04:00:00,486705.0,79.0,False,79.0
2024-06-28 05:00:00,486783.0,78.0,False,78.0
2024-06-28 06:00:00,486860.0,77.0,False,77.0
2024-06-28 07:00:00,486936.0,76.0,False,76.0
2024-06-28 08:00:00,487022.0,86.0,False,86.0
2024-06-28 09:00:00,487155.0,133.0,False,133.0
2024-06-28 10:00:00,487336.0,181.0,False,181.0
2024-06-28 11:00:00,487553.0,217.0,False,217.0
2024-06-28 12:00:00,487762.0,209.0,False,209.0
2024-06-28 13:00:00,487949.0,187.0,False,187.0
2024-06-28 14:00:00,488141.0,192.0,False,192.0
2024-06-28 15:00:00,488355.0,214.0,False,214.0
2024-06-28 16:00:00,488587.0,232.0,False,232.0
2024-06-28 17:00:00,488813.0,226.0,False,226.0
2024-06-28 18:00:00,489028.0,215.0,False,215.0
2024-06-28 19:00:00,489225.0,197.0,False,197.0
2024-06-28 20:00:00,489407.0,182.0,False,182.0
2024-06-28 21:00:00,489571.0,164.0,False,164.0
2024-06-28 22:00:00,489724.0,153.0,False,153.0
2024-06-28 23:00:00,489869.0,145.0,False,145.0
2024-06-29 00:00:00,489986.0,117.0,False,117.0
2024-06-29 01:00:00,490086.0,100.0,False,100.0
2024-06-29 02:00:00,490174.0,88.0,False,88.0
2024-06-29 03:00:00,490258.0,84.0,False,84.0
2024-06-29 04:00:00,490336.0,78.0,False,78.0
2024-06-29 05:00:00,490403.0,67.0,False,67.0
2024-06-29 06:00:00,490471.0,68.0,False,68.0
2024-06-29 07:00:00,490538.0,67.0,False,67.0
2024-06-29 08:00:00,490607.0,69.0,False,69.0
2024-06-29 09:00:00,490697.0,90.0,False,90.0
2024-06-29 10:00:00,490828.0,131.0,False,131.0
2024-06-29 11:00:00,490985.0,157.0,False,157.0
2024-06-29 12:00:00,491153.0,168.0,False,168.0
2024-06-29 13:00:00,491306.0,153.0,False,153.0
2024-06-29 14:00:00,491443.0,137.0,False,137.0
2024-06-29 15:00:00,491611.0,168.0,False,168.0
2024-06-29 16:00:00,491809.0,198.0,False,198.0
2024-06-29 17:00:00,492000.0,191.0,False,191.0
2024-06-29 18:00:00,492191.0,191.0,False,191.0
2024-06-29 19:00:00,492376.0,185.0,False,185.0
2024-06-29 20:00:00,492540.0,164.0,False,164.0
2024-06-29 21:00:00,492706.0,166.0,False,166.0
2024-06-29 22:00:00,492875.0,169.0,False,169.0
2024-06-29 23:00:00,493030.0,155.0,False,155.0
2024-06-30 00:00:00,493165.0,135.0,False,135.0
2024-06-30 01:00:00,493277.0,112.0,False,112.0
2024-06-30 02:00:00,493383.0,106.0,False,106.0
2024-06-30 03:00:00,493482.0,99.0,False,99.0
2024-06-30 04:00:00,493575.0,93.0,False,93.0
2024-06-30 05:00:00,493669.0,94.0,False,94.0
2024-06-30 06:00:00,493761.0,92.0,False,92.0
2024-06-30 07:00:00,493855.0,94.0,False,94.0
2024-06-30 08:00:00,493949.0,94.0,False,94.0
2024-06-30 09:00:00,494057.0,108.0,False,108.0
2024-06-30 10:00:00,494201.0,144.0,False,144.0
2024-06-30 11:00:00,494376.0,175.0,False,175.0
2024-06-30 12:00:00,494552.0,176.0,False,176.0
2024-06-30 13:00:00,494720.0,168.0,False,168.0
2024-06-30 14:00:00,494889.0,169.0,False,169.0
2024-06-30 15:00:00,495062.0,173.0,False,173.0
2024-06-30 16:00:00,495229.0,167.0,False,167.0
2024-06-30 17:00:00,495390.0,161.0,False,161.0
2024-06-30 18:00:00,495548.0,158.0,False,158.0
2024-06-30 19:00:00,495700.0,152.0,False,152.0
2024-06-30 20:00:00,495846.0,146.0,False,146.0
2024-06-30 21:00:00,495991.0,145.0,False,145.0
2024-06-30 22:00:00,496137.0,146.0,False,146.0
2024-06-30 23:00:00,496269.0,132.0,False,132.0
2024-07-01 00:00:00,496384.0,115.0,False,115.0
2024-07-01 01:00:00,496486.0,102.0,False,102.0
2024-07-01 02:00:00,496574.0,88.0,False,88.0
2024-07-01 03:00:00,496659.0,85.0,False,85.0
2024-07-01 04:00:00,496743.0,84.0,False,84.0
2024-07-01 05:00:00,496825.0,82.0,False,82.0
2024-07-01 06:00:00,496908.0,83.0,False,83.0
2024-07-01 07:00:00,496989.0,81.0,False,81.0
2024-07-01 08:00:00,497071.0,82.0,False,82.0
2024-07-01 09:00:00,497178.0,107.0,False,107.0
2024-07-01 10:00:00,497321.0,143.0,False,143.0
2024-07-01 11:00:00,497492.0,171.0,False,171.0
2024-07-01 12:00:00,497663.0,171.0,False,171.0
2024-07-01 13:00:00,497816.0,153.0,False,153.0
2024-07-01 14:00:00,497968.0,152.0,False,152.0
2024-07-01 15:00:00,498147.0,179.0,False,179.0
2024-07-01 16:00:00,498345.0,198.0,False,198.0
2024-07-01 17:00:00,498547.0,202.0,False,202.0
2024-07-01 18:00:00,498741.0,194.0,False,194.0
2024-07-01 19:00:00,498919.0,178.0,False,178.0
2024-07-01 20:00:00,499091.0,172.0,False,172.0
2024-07-01 21:00:00,499259.0,168.0,False,168.0
2024-07-01 22:00:00,499408.0,149.0,False,149.0
2024-07-01 23:00:00,499541.0,133.0,False,133.0
2024-07-02 00:00:00,499653.0,112.0,False,112.0
2024-07-02 01:00:00,499756.0,103.0,False,103.0
2024-07-02 02:00:00,499847.0,91.0,False,91.0
2024-07-02 03:00:00,499936.0,89.0,False,89.0
2024-07-02 04:00:00,500024.0,88.0,False,88.0
2024-07-02 05:00:00,500107.0,83.0,False,83.0
2024-07-02 06:00:00,500192.0,85.0,False,85.0
2024-07-02 07:00:00,500276.0,84.0,False,84.0
2024-07-02 08:00:00,500359.0,83.0,False,83.0
2024-07-02 09:00:00,500472.0,113.0,False,113.0
2024-07-02 10:00:00,500616.0,144.0,False,144.0
2024-07-02 11:00:00,500792.0,176.0,False,176.0
2024-07-02 12:00:00,500975.0,183.0,False,183.0
2024-07-02 13:00:00,501141.0,166.0,False,166.0
2024-07-02 14:00:00,501307.0,166.0,False,166.0
2024-07-02 15:00:00,501483.0,176.0,False,176.0
2024-07-02 16:00:00,501677.0,194.0,False,194.0
2024-07-02 17:00:00,501877.0,200.0,False,200.0
2024-07-02 18:00:00,502076.0,199.0,False,199.0
2024-07-02 19:00:00,502243.0,167.0,False,167.0
2024-07-02 20:00:00,502397.0,154.0,False,154.0
2024-07-02 21:00:00,502551.0,154.0,False,154.0
2024-07-02 22:00:00,502692.0,141.0,False,141.0
2024-07-02 23:00:00,502819.0,127.0,False,127.0
2024-07-03 00:00:00,502926.0,107.0,False,107.0
2024-07-03 01:00:00,503026.0,100.0,False,100.0
2024-07-03 02:00:00,503115.0,89.0,False,89.0
2024-07-03 03:00:00,503202.0,87.0,False,87.0
2024-07-03 04:00:00,503290.0,88.0,False,88.0
2024-07-03 05:00:00,503376.0,86.0,False,86.0
2024-07-03 06:00:00,503460.0,84.0,False,84.0
2024-07-03 07:00:00,503544.0,84.0,False,84.0
2024-07-03 08:00:00,503630.0,86.0,False,86.0
2024-07-03 09:00:00,503741.0,111.0,False,111.0
2024-07-03 10:00:00,503875.0,134.0,False,134.0
2024-07-03 11:00:00,504035.0,160.0,False,160.0
2024-07-03 12:00:00,504195.0,160.0,False,160.0
2024-07-03 13:00:00,504343.0,148.0,False,148.0
2024-07-03 14:00:00,504492.0,149.0,False,149.0
2024-07-03 15:00:00,504649.0,157.0,False,157.0
2024-07-03 16:00:00,504828.0,179.0,False,179.0
2024-07-03 17:00:00,505013.0,185.0,False,185.0
2024-07-03 18:00:00,505187.0,174.0,False,174.0
2024-07-03 19:00:00,505353.0,166.0,False,166.0
2024-07-03 20:00:00,505505.0,152.0,False,152.0
2024-07-03 21:00:00,505652.0,147.0,False,147.0
2024-07-03 22:00:00,505796.0,144.0,False,144.0
2024-07-03 23:00:00,505931.0,135.0,False,135.0
2024-07-04 00:00:00,506042.0,111.0,False,111.0
2024-07-04 01:00:00,506135.0,93.0,False,93.0
2024-07-04 02:00:00,506222.0,87.0,False,87.0
2024-07-04 03:00:00,506313.0,91.0,False,91.0
2024-07-04 04:00:00,506400.0,87.0,False,87.0
2024-07-04 05:00:00,506482.0,82.0,False,82.0
2024-07-04 06:00:00,506554.0,72.0,False,72.0
2024-07-04 07:00:00,506629.0,75.0,False,75.0
2024-07-04 08:00:00,506710.0,81.0,False,81.0
2024-07-04 09:00:00,506824.0,114.0,False,114.0
2024-07-04 10:00:00,506971.0,147.0,False,147.0
2024-07-04 11:00:00,507139.0,168.0,False,168.0
2024-07-04 12:00:00,507315.0,176.0,False,176.0
2024-07-04 13:00:00,507478.0,163.0,False,163.0
2024-07-04 14:00:00,507631.0,153.0,False,153.0
2024-07-04 15:00:00,507807.0,176.0,False,176.0
2024-07-04 16:00:00,508009.0,202.0,False,202.0
2024-07-04 17:00:00,508226.0,217.0,False,217.0
2024-07-04 18:00:00,508441.0,215.0,False,215.0
2024-07-04 19:00:00,508633.0,192.0,False,192.0
2024-07-04 20:00:00,508812.0,179.0,False,179.0
2024-07-04 21:00:00,508994.0,182.0,False,182.0
2024-07-04 22:00:00,509168.0,174.0,False,174.0
2024-07-04 23:00:00,509319.0,151.0,False,151.0
2024-07-05 00:00:00,509433.0,114.0,False,114.0
2024-07-05 01:00:00,509528.0,95.0,False,95.0
2024-07-05 02:00:00,509613.0,85.0,False,85.0
2024-07-05 03:00:00,509695.0,82.0,False,82.0
2024-07-05 04:00:00,509770.0,75.0,False,75.0
2024-07-05 05:00:00,509845.0,75.0,False,75.0
2024-07-05 06:00:00,509922.0,77.0,False,77.0
2024-07-05 07:00:00,509997.0,75.0,False,75.0
2024-07-05 08:00:00,510072.0,75.0,False,75.0
2024-07-05 09:00:00,510165.0,93.0,False,93.0
2024-07-05 10:00:00,510293.0,128.0,False,128.0
2024-07-05 11:00:00,510440.0,147.0,False,147.0
2024-07-05 12:00:00,510579.0,139.0,False,139.0
2024-07-05 13:00:00,510710.0,131.0,False,131.0
2024-07-05 14:00:00,510843.0,133.0,False,133.0
2024-07-05 15:00:00,510994.0,151.0,False,151.0
2024-07-05 16:00:00,511156.0,162.0,False,162.0
2024-07-05 17:00:00,511322.0,166.0,False,166.0
2024-07-05 18:00:00,511483.0,161.0,False,161.0
2024-07-05 19:00:00,511630.0,147.0,False,147.0
2024-07-05 20:00:00,511764.0,134.0,False,134.0
2024-07-05 21:00:00,511895.0,131.0,False,131.0
2024-07-05 22:00:00,512028.0,133.0,False,133.0
2024-07-05 23:00:00,512150.0,122.0,False,122.0
2024-07-06 00:00:00,512251.0,101.0,False,101.0
2024-07-06 01:00:00,512341.0,90.0,False,90.0
2024-07-06 02:00:00,512424.0,83.0,False,83.0
2024-07-06 03:00:00,512501.0,77.0,False,77.0
2024-07-06 04:00:00,512576.0,75.0,False,75.0
2024-07-06 05:00:00,512651.0,75.0,False,75.0
2024-07-06 06:00:00,512725.0,74.0,False,74.0
2024-07-06 07:00:00,512800.0,75.0,False,75.0
2024-07-06 08:00:00,512880.0,80.0,False,80.0
2024-07-06 09:00:00,512967.0,87.0,False,87.0
2024-07-06 10:00:00,513081.0,114.0,False,114.0
2024-07-06 11:00:00,513220.0,139.0,False,139.0
2024-07-06 12:00:00,513353.0,133.0,False,133.0
2024-07-06 13:00:00,513481.0,128.0,False,128.0
2024-07-06 14:00:00,513606.0,125.0,False,125.0
2024-07-06 15:00:00,513742.0,136.0,False,136.0
2024-07-06 16:00:00,513894.0,152.0,False,152.0
2024-07-06 17:00:00,514044.0,150.0,False,150.0
2024-07-06 18:00:00,514192.0,148.0,False,148.0
2024-07-06 19:00:00,514337.0,145.0,False,145.0
2024-07-06 20:00:00,514483.0,146.0,False,146.0
2024-07-06 21:00:00,514627.0,144.0,False,144.0
2024-07-06 22:00:00,514766.0,139.0,False,139.0
2024-07-06 23:00:00,514886.0,120.0,False,120.0
2024-07-07 00:00:00,514996.0,110.0,False,110.0
2024-07-07 01:00:00,515087.0,91.0,False,91.0
2024-07-07 02:00:00,,,False,89.86
2024-07-07 03:00:00,515253.0,,False,87.14
2024-07-07 04:00:00,515334.0,81.0,False,81.0
2024-07-07 05:00:00,515415.0,81.0,False,81.0
2024-07-07 06:00:00,515492.0,77.0,False,77.0
2024-07-07 07:00:00,515572.0,80.0,False,80.0
2024-07-07 08:00:00,515654.0,82.0,False,82.0
2024-07-07 09:00:00,515731.0,77.0,False,77.0
2024-07-07 10:00:00,515830.0,99.0,False,99.0
2024-07-07 11:00:00,515963.0,133.0,False,133.0
2024-07-07 12:00:00,516098.0,135.0,False,135.0
2024-07-07 13:00:00,516232.0,134.0,False,134.0
2024-07-07 14:00:00,516358.0,126.0,False,126.0
2024-07-07 15:00:00,516472.0,114.0,False,114.0
2024-07-07 16:00:00,516605.0,133.0,False,133.0
2024-07-07 17:00:00,516752.0,147.0,False,147.0
2024-07-07 18:00:00,516889.0,137.0,False,137.0
2024-07-07 19:00:00,517019.0,130.0,False,130.0
2024-07-07 20:00:00,517149.0,130.0,False,130.0
2024-07-07 21:00:00,517279.0,130.0,False,130.0
2024-07-07 22:00:00,517404.0,125.0,False,125.0
2024-07-07 23:00:00,517512.0,108.0,False,108.0
2024-07-08 00:00:00,517606.0,94.0,False,94.0
2024-07-08 01:00:00,517685.0,79.0,False,79.0
2024-07-08 02:00:00,517755.0,70.0,False,70.0
2024-07-08 03:00:00,517825.0,70.0,False,70.0
2024-07-08 04:00:00,517891.0,66.0,False,66.0
2024-07-08 05:00:00,517956.0,65.0,False,65.0
2024-07-08 06:00:00,518021.0,65.0,False,65.0
2024-07-08 07:00:00,518085.0,64.0,False,64.0
2024-07-08 08:00:00,518150.0,65.0,False,65.0
2024-07-08 09:00:00,518248.0,98.0,False,98.0
2024-07-08 10:00:00,518380.0,132.0,False,132.0
2024-07-08 11:00:00,518528.0,148.0,False,148.0
2024-07-08 12:00:00,518675.0,147.0,False,147.0
2024-07-08 13:00:00,518812.0,137.0,False,137.0
2024-07-08 14:00:00,518944.0,132.0,False,132.0
2024-07-08 15:00:00,519095.0,151.0,False,151.0
2024-07-08 16:00:00,519252.0,157.0,False,157.0
2024-07-08 17:00:00,519413.0,161.0,False,161.0
2024-07-08 18:00:00,519572.0,159.0,False,159.0
2024-07-08 19:00:00,519713.0,141.0,False,141.0
2024-07-08 20:00:00,519846.0,133.0,False,133.0
2024-07-08 21:00:00,519978.0,132.0,False,132.0
2024-07-08 22:00:00,520115.0,137.0,False,137.0
2024-07-08 23:00:00,520244.0,129.0,False,129.0
2024-07-09 00:00:00,520353.0,109.0,False,109.0
2024-07-09 01:00:00,520447.0,94.0,False,94.0
2024-07-09 02:00:00,520537.0,90.0,False,90.0
2024-07-09 03:00:00,520623.0,86.0,False,86.0
2024-07-09 04:00:00,520706.0,83.0,False,83.0
2024-07-09 05:00:00,520784.0,78.0,False,78.0
2024-07-09 06:00:00,520862.0,78.0,False,78.0
2024-07-09 07:00:00,520939.0,77.0,False,77.0
2024-07-09 08:00:00,521020.0,81.0,False,81.0
2024-07-09 09:00:00,521135.0,115.0,False,115.0
2024-07-09 10:00:00,521277.0,142.0,False,142.0
2024-07-09 11:00:00,521444.0,167.0,False,167.0
2024-07-09 12:00:00,521607.0,163.0,False,163.0
2024-07-09 13:00:00,521766.0,159.0,False,159.0
2024-07-09 14:00:00,521914.0,148.0,False,148.0
2024-07-09 15:00:00,522076.0,162.0,False,162.0
2024-07-09 16:00:00,522244.0,168.0,False,168.0
2024-07-09 17:00:00,522426.0,182.0,False,182.0
2024-07-09 18:00:00,522605.0,179.0,False,179.0
2024-07-09 19:00:00,522767.0,162.0,False,162.0
2024-07-09 20:00:00,522920.0,153.0,False,153.0
2024-07-09 21:00:00,523073.0,153.0,False,153.0
2024-07-09 22:00:00,523215.0,142.0,False,142.0
2024-07-09 23:00:00,523342.0,127.0,False,127.0
2024-07-10 00:00:00,523448.0,106.0,False,106.0
2024-07-10 01:00:00,523538.0,90.0,False,90.0
2024-07-10 02:00:00,523617.0,79.0,False,79.0
2024-07-10 03:00:00,523693.0,76.0,False,76.0
2024-07-10 04:00:00,523768.0,75.0,False,75.0
2024-07-10 05:00:00,523844.0,76.0,False,76.0
2024-07-10 06:00:00,523916.0,72.0,False,72.0
2024-07-10 07:00:00,523992.0,76.0,False,76.0
2024-07-10 08:00:00,524064.0,72.0,False,72.0
2024-07-10 09:00:00,524166.0,102.0,False,102.0
2024-07-10 10:00:00,524302.0,136.0,False,136.0
2024-07-10 11:00:00,524457.0,155.0,False,155.0
2024-07-10 12:00:00,524613.0,156.0,False,156.0
2024-07-10 13:00:00,524761.0,148.0,False,148.0
2024-07-10 14:00:00,524909.0,148.0,False,148.0
2024-07-10 15:00:00,525064.0,155.0,False,155.0
2024-07-10 16:00:00,525243.0,179.0,False,179.0
2024-07-10 17:00:00,525429.0,186.0,False,186.0
2024-07-10 18:00:00,525617.0,188.0,False,188.0
2024-07-10 19:00:00,525783.0,166.0,False,166.0
2024-07-10 20:00:00,525932.0,149.0,False,149.0
2024-07-10 21:00:00,526076.0,144.0,False,144.0
2024-07-10 22:00:00,526211.0,135.0,False,135.0
2024-07-10 23:00:00,526335.0,124.0,False,124.0
2024-07-11 00:00:00,526440.0,105.0,False,105.0
2024-07-11 01:00:00,526529.0,89.0,False,89.0
2024-07-11 02:00:00,526608.0,79.0,False,79.0
2024-07-11 03:00:00,526680.0,72.0,False,72.0
2024-07-11 04:00:00,526754.0,74.0,False,74.0
2024-07-11 05:00:00,526826.0,72.0,False,72.0
2024-07-11 06:00:00,526898.0,72.0,False,72.0
2024-07-11 07:00:00,526970.0,72.0,False,72.0
2024-07-11 08:00:00,527046.0,76.0,False,76.0
2024-07-11 09:00:00,527140.0,94.0,False,94.0
2024-07-11 10:00:00,527291.0,151.0,False,151.0
2024-07-11 11:00:00,527458.0,167.0,False,167.0
2024-07-11 12:00:00,527629.0,171.0,False,171.0
2024-07-11 13:00:00,527795.0,166.0,False,166.0
2024-07-11 14:00:00,527963.0,168.0,False,168.0
2024-07-11 15:00:00,528127.0,164.0,False,164.0
2024-07-11 16:00:00,528316.0,189.0,False,189.0
2024-07-11 17:00:00,528510.0,194.0,False,194.0
2024-07-11 18:00:00,528711.0,201.0,False,201.0
2024-07-11 19:00:00,528903.0,192.0,False,192.0
2024-07-11 20:00:00,529077.0,174.0,False,174.0
2024-07-11 21:00:00,529249.0,172.0,False,172.0
2024-07-11 22:00:00,529407.0,158.0,False,158.0
2024-07-11 23:00:00,529553.0,146.0,False,146.0
2024-07-12 00:00:00,529671.0,118.0,False,118.0
2024-07-12 01:00:00,529777.0,106.0,False,106.0
2024-07-12 02:00:00,529874.0,97.0,False,97.0
2024-07-12 03:00:00,529960.0,86.0,False,86.0
2024-07-12 04:00:00,530042.0,82.0,False,82.0
2024-07-12 05:00:00,530124.0,82.0,False,82.0
2024-07-12 06:00:00,530204.0,80.0,False,80.0
2024-07-12 07:00:00,530283.0,79.0,False,79.0
2024-07-12 08:00:00,530364.0,81.0,False,81.0
2024-07-12 09:00:00,530482.0,118.0,False,118.0
2024-07-12 10:00:00,530638.0,156.0,False,156.0
2024-07-12 11:00:00,530816.0,178.0,False,178.0
2024-07-12 12:00:00,531022.0,206.0,False,206.0
2024-07-12 13:00:00,531224.0,202.0,False,202.0
2024-07-12 14:00:00,531414.0,190.0,False,190.0
2024-07-12 15:00:00,531619.0,205.0,False,205.0
2024-07-12 16:00:00,531829.0,210.0,False,210.0
2024-07-12 17:00:00,532045.0,216.0,False,216.0
2024-07-12 18:00:00,532250.0,205.0,False,205.0
2024-07-12 19:00:00,532446.0,196.0,False,196.0
2024-07-12 20:00:00,532635.0,189.0,False,189.0
2024-07-12 21:00:00,532815.0,180.0,False,180.0
2024-07-12 22:00:00,532986.0,171.0,False,171.0
2024-07-12 23:00:00,533126.0,140.0,False,140.0
2024-07-13 00:00:00,533233.0,107.0,False,107.0
2024-07-13 01:00:00,533322.0,89.0,False,89.0
2024-07-13 02:00:00,533406.0,84.0,False,84.0
2024-07-13 03:00:00,533487.0,81.0,False,81.0
2024-07-13 04:00:00,533563.0,76.0,False,76.0
2024-07-13 05:00:00,533637.0,74.0,False,74.0
2024-07-13 06:00:00,533710.0,73.0,False,73.0
2024-07-13 07:00:00,533783.0,73.0,False,73.0
2024-07-13 08:00:00,533863.0,80.0,False,80.0
2024-07-13 09:00:00,533965.0,102.0,False,102.0
2024-07-13 10:00:00,534120.0,155.0,False,155.0
2024-07-13 11:00:00,534304.0,184.0,False,184.0
2024-07-13 12:00:00,534480.0,176.0,False,176.0
2024-07-13 13:00:00,534626.0,146.0,False,146.0
2024-07-13 14:00:00,534773.0,147.0,False,147.0
2024-07-13 15:00:00,534930.0,157.0,False,157.0
2024-07-13 16:00:00,535107.0,177.0,False,177.0
2024-07-13 17:00:00,535294.0,187.0,False,187.0
2024-07-13 18:00:00,535482.0,188.0,False,188.0
2024-07-13 19:00:00,535656.0,174.0,False,174.0
2024-07-13 20:00:00,535816.0,160.0,False,160.0
2024-07-13 21:00:00,535975.0,159.0,False,159.0
2024-07-13 22:00:00,536135.0,160.0,False,160.0
2024-07-13 23:00:00,536278.0,143.0,False,143.0
2024-07-14 00:00:00,536400.0,122.0,False,122.0
2024-07-14 01:00:00,536514.0,114.0,False,114.0
2024-07-14 02:00:00,536619.0,105.0,False,105.0
2024-07-14 03:00:00,536724.0,105.0,False,105.0
2024-07-14 04:00:00,536820.0,96.0,False,96.0
2024-07-14 05:00:00,536912.0,92.0,False,92.0
2024-07-14 06:00:00,537002.0,90.0,False,90.0
2024-07-14 07:00:00,537094.0,92.0,False,92.0
2024-07-14 08:00:00,537183.0,89.0,False,89.0
2024-07-14 09:00:00,537291.0,108.0,False,108.0
2024-07-14 10:00:00,537450.0,159.0,False,159.0
2024-07-14 11:00:00,537630.0,180.0,False,180.0
2024-07-14 12:00:00,537798.0,168.0,False,168.0
2024-07-14 13:00:00,537946.0,148.0,False,148.0
2024-07-14 14:00:00,538087.0,141.0,False,141.0
2024-07-14 15:00:00,538242.0,155.0,False,155.0
2024-07-14 16:00:00,538410.0,168.0,False,168.0
2024-07-14 17:00:00,538587.0,177.0,False,177.0
2024-07-14 18:00:00,538765.0,178.0,False,178.0
2024-07-14 19:00:00,538933.0,168.0,False,168.0
2024-07-14 20:00:00,539092.0,159.0,False,159.0
2024-07-14 21:00:00,539246.0,154.0,False,154.0
2024-07-14 22:00:00,539390.0,144.0,False,144.0
2024-07-14 23:00:00,539508.0,118.0,False,118.0
2024-07-15 00:00:00,539610.0,102.0,False,102.0
2024-07-15 01:00:00,539699.0,89.0,False,89.0
2024-07-15 02:00:00,539783.0,84.0,False,84.0
2024-07-15 03:00:00,539860.0,77.0,False,77.0
2024-07-15 04:00:00,539934.0,74.0,False,74.0
2024-07-15 05:00:00,540007.0,73.0,False,73.0
2024-07-15 06:00:00,540077.0,70.0,False,70.0
2024-07-15 07:00:00,540148.0,71.0,False,71.0
2024-07-15 08:00:00,540220.0,72.0,False,72.0
2024-07-15 09:00:00,540317.0,97.0,False,97.0
2024-07-15 10:00:00,540449.0,132.0,False,132.0
2024-07-15 11:00:00,540605.0,156.0,False,156.0
2024-07-15 12:00:00,540766.0,161.0,False,161.0
2024-07-15 13:00:00,540908.0,142.0,False,142.0
2024-07-15 14:00:00,541055.0,147.0,False,147.0
2024-07-15 15:00:00,541216.0,161.0,False,161.0
2024-07-15 16:00:00,541387.0,171.0,False,171.0
2024-07-15 17:00:00,541570.0,183.0,False,183.0
2024-07-15 18:00:00,541766.0,196.0,False,196.0
2024-07-15 19:00:00,541941.0,175.0,False,175.0
2024-07-15 20:00:00,542098.0,157.0,False,157.0
2024-07-15 21:00:00,542249.0,151.0,False,151.0
2024-07-15 22:00:00,542396.0,147.0,False,147.0
2024-07-15 23:00:00,542530.0,134.0,False,134.0
2024-07-16 00:00:00,542646.0,116.0,False,116.0
2024-07-16 01:00:00,542736.0,90.0,False,90.0
2024-07-16 02:00:00,542826.0,90.0,False,90.0
2024-07-16 03:00:00,542913.0,87.0,False,87.0
2024-07-16 04:00:00,542994.0,81.0,False,81.0
2024-07-16 05:00:00,543071.0,77.0,False,77.0
2024-07-16 06:00:00,543145.0,74.0,False,74.0
2024-07-16 07:00:00,543223.0,78.0,False,78.0
2024-07-16 08:00:00,543299.0,76.0,False,76.0
2024-07-16 09:00:00,543398.0,99.0,False,99.0
2024-07-16 10:00:00,543534.0,136.0,False,136.0
2024-07-16 11:00:00,543693.0,159.0,False,159.0
2024-07-16 12:00:00,543861.0,168.0,False,168.0
2024-07-16 13:00:00,544021.0,160.0,False,160.0
2024-07-16 14:00:00,544175.0,154.0,False,154.0
2024-07-16 15:00:00,544335.0,160.0,False,160.0
2024-07-16 16:00:00,544508.0,173.0,False,173.0
2024-07-16 17:00:00,544687.0,179.0,False,179.0
2024-07-16 18:00:00,544862.0,175.0,False,175.0
2024-07-16 19:00:00,545032.0,170.0,False,170.0
2024-07-16 20:00:00,545190.0,158.0,False,158.0
2024-07-16 21:00:00,545343.0,153.0,False,153.0
2024-07-16 22:00:00,545482.0,139.0,False,139.0
2024-07-16 23:00:00,545606.0,124.0,False,124.0
2024-07-17 00:00:00,545716.0,110.0,False,110.0
2024-07-17 01:00:00,545808.0,92.0,False,92.0
2024-07-17 02:00:00,545893.0,85.0,False,85.0
2024-07-17 03:00:00,545973.0,80.0,False,80.0
2024-07-17 04:00:00,546050.0,77.0,False,77.0
2024-07-17 05:00:00,546127.0,77.0,False,77.0
2024-07-17 06:00:00,546203.0,76.0,False,76.0
2024-07-17 07:00:00,546278.0,75.0,False,75.0
2024-07-17 08:00:00,546359.0,81.0,False,81.0
2024-07-17 09:00:00,546460.0,101.0,False,101.0
2024-07-17 10:00:00,546584.0,124.0,False,124.0
2024-07-17 11:00:00,546737.0,153.0,False,153.0
2024-07-17 12:00:00,546897.0,160.0,False,160.0
2024-07-17 13:00:00,547054.0,157.0,False,157.0
2024-07-17 14:00:00,547208.0,154.0,False,154.0
2024-07-17 15:00:00,547378.0,170.0,False,170.0
2024-07-17 16:00:00,547544.0,166.0,False,166.0
2024-07-17 17:00:00,547710.0,166.0,False,166.0
2024-07-17 18:00:00,547882.0,172.0,False,172.0
2024-07-17 19:00:00,548038.0,156.0,False,156.0
2024-07-17 20:00:00,548188.0,150.0,False,150.0
2024-07-17 21:00:00,548336.0,148.0,False,148.0
2024-07-17 22:00:00,548479.0,143.0,False,143.0
2024-07-17 23:00:00,548603.0,124.0,False,124.0
2024-07-18 00:00:00,548705.0,102.0,False,102.0
2024-07-18 01:00:00,548794.0,89.0,False,89.0
2024-07-18 02:00:00,548880.0,86.0,False,86.0
2024-07-18 03:00:00,548955.0,75.0,False,75.0
2024-07-18 04:00:00,549030.0,75.0,False,75.0
2024-07-18 05:00:00,549102.0,72.0,False,72.0
2024-07-18 06:00:00,549173.0,71.0,False,71.0
2024-07-18 07:00:00,549246.0,73.0,False,73.0
2024-07-18 08:00:00,549320.0,74.0,False,74.0
2024-07-18 09:00:00,549411.0,91.0,False,91.0
2024-07-18 10:00:00,549540.0,129.0,False,129.0
2024-07-18 11:00:00,549697.0,157.0,False,157.0
2024-07-18 12:00:00,549877.0,180.0,False,180.0
2024-07-18 13:00:00,550041.0,164.0,False,164.0
2024-07-18 14:00:00,550208.0,167.0,False,167.0
2024-07-18 15:00:00,550387.0,179.0,False,179.0
2024-07-18 16:00:00,550573.0,186.0,False,186.0
2024-07-18 17:00:00,550769.0,196.0,False,196.0
2024-07-18 18:00:00,550960.0,191.0,False,191.0
2024-07-18 19:00:00,551132.0,172.0,False,172.0
2024-07-18 20:00:00,551291.0,159.0,False,159.0
2024-07-18 21:00:00,551450.0,159.0,False,159.0
2024-07-18 22:00:00,551600.0,150.0,False,150.0
2024-07-18 23:00:00,551738.0,138.0,False,138.0
2024-07-19 00:00:00,551842.0,104.0,False,104.0
2024-07-19 01:00:00,551943.0,101.0,False,101.0
2024-07-19 02:00:00,552032.0,89.0,False,89.0
2024-07-19 03:00:00,552117.0,85.0,False,85.0
2024-07-19 04:00:00,552198.0,81.0,False,81.0
2024-07-19 05:00:00,552274.0,76.0,False,76.0
2024-07-19 06:00:00,552349.0,75.0,False,75.0
2024-07-19 07:00:00,552424.0,75.0,False,75.0
2024-07-19 08:00:00,552502.0,78.0,False,78.0
2024-07-19 09:00:00,552604.0,102.0,False,102.0
2024-07-19 10:00:00,552733.0,129.0,False,129.0
2024-07-19 11:00:00,552878.0,145.0,False,145.0
2024-07-19 12:00:00,553033.0,155.0,False,155.0
2024-07-19 13:00:00,553180.0,147.0,False,147.0
2024-07-19 14:00:00,553314.0,134.0,False,134.0
2024-07-19 15:00:00,553467.0,153.0,False,153.0
2024-07-19 16:00:00,553628.0,161.0,False,161.0
2024-07-19 17:00:00,553785.0,157.0,False,157.0
2024-07-19 18:00:00,553938.0,153.0,False,153.0
2024-07-19 19:00:00,554084.0,146.0,False,146.0
2024-07-19 20:00:00,554223.0,139.0,False,139.0
2024-07-19 21:00:00,554355.0,132.0,False,132.0
2024-07-19 22:00:00,554487.0,132.0,False,132.0
2024-07-19 23:00:00,554606.0,119.0,False,119.0
2024-07-20 00:00:00,554707.0,101.0,False,101.0
2024-07-20 01:00:00,554790.0,83.0,False,83.0
2024-07-20 02:00:00,554870.0,80.0,False,80.0
2024-07-20 03:00:00,554944.0,74.0,False,74.0
2024-07-20 04:00:00,555014.0,70.0,False,70.0
2024-07-20 05:00:00,555084.0,70.0,False,70.0
2024-07-20 06:00:00,555151.0,67.0,False,67.0
2024-07-20 07:00:00,555222.0,71.0,False,71.0
2024-07-20 08:00:00,555286.0,64.0,False,64.0
2024-07-20 09:00:00,555376.0,90.0,False,90.0
2024-07-20 10:00:00,555511.0,135.0,False,135.0
2024-07-20 11:00:00,555649.0,138.0,False,138.0
2024-07-20 12:00:00,555801.0,152.0,False,152.0
2024-07-20 13:00:00,555947.0,146.0,False,146.0
2024-07-20 14:00:00,556098.0,151.0,False,151.0
2024-07-20 15:00:00,556252.0,154.0,False,154.0
2024-07-20 16:00:00,556430.0,178.0,False,178.0
2024-07-20 17:00:00,556614.0,184.0,False,184.0
2024-07-20 18:00:00,556793.0,179.0,False,179.0
2024-07-20 19:00:00,556958.0,165.0,False,165.0
2024-07-20 20:00:00,557112.0,154.0,False,154.0
2024-07-20 21:00:00,557266.0,154.0,False,154.0
2024-07-20 22:00:00,557416.0,150.0,False,150.0
2024-07-20 23:00:00,557555.0,139.0,False,139.0
2024-07-21 00:00:00,557667.0,112.0,False,112.0
2024-07-21 01:00:00,557762.0,95.0,False,95.0
2024-07-21 02:00:00,557850.0,88.0,False,88.0
2024-07-21 03:00:00,557935.0,85.0,False,85.0
2024-07-21 04:00:00,558018.0,83.0,False,83.0
2024-07-21 05:00:00,558098.0,80.0,False,80.0
2024-07-21 06:00:00,558177.0,79.0,False,79.0
2024-07-21 07:00:00,558256.0,79.0,False,79.0
2024-07-21 08:00:00,558340.0,84.0,False,84.0
2024-07-21 09:00:00,558439.0,99.0,False,99.0
2024-07-21 10:00:00,558569.0,130.0,False,130.0
2024-07-21 11:00:00,558730.0,161.0,False,161.0
2024-07-21 12:00:00,558886.0,156.0,False,156.0
2024-07-21 13:00:00,559047.0,161.0,False,161.0
2024-07-21 14:00:00,559207.0,160.0,False,160.0
2024-07-21 15:00:00,559383.0,176.0,False,176.0
2024-07-21 16:00:00,559562.0,179.0,False,179.0
2024-07-21 17:00:00,559737.0,175.0,False,175.0
2024-07-21 18:00:00,559904.0,167.0,False,167.0
2024-07-21 19:00:00,560065.0,161.0,False,161.0
2024-07-21 20:00:00,560212.0,147.0,False,147.0
2024-07-21 21:00:00,560223.0,11.0,False,11.0
2024-07-21 22:00:00,560223.0,,False,143.57
2024-07-21 23:00:00,560223.0,,False,128.0
2024-07-22 00:00:00,560223.0,,False,106.71
2024-07-22 01:00:00,560223.0,,False,91.29
2024-07-22 02:00:00,560223.0,,False,86.0
2024-07-22 03:00:00,560223.0,,False,80.43
2024-07-22 04:00:00,560223.0,,False,77.29
2024-07-22 05:00:00,560223.0,,False,75.0
2024-07-22 06:00:00,560223.0,,False,73.14
2024-07-22 07:00:00,560223.0,,False,74.57
2024-07-22 08:00:00,560223.0,,False,75.57
2024-07-22 09:00:00,560309.0,86.0,False,86.0
2024-07-22 10:00:00,560448.0,139.0,False,139.0
2024-07-22 11:00:00,560613.0,165.0,False,165.0
2024-07-22 12:00:00,560791.0,178.0,False,178.0
2024-07-22 13:00:00,560956.0,165.0,False,165.0
2024-07-22 14:00:00,561113.0,157.0,False,157.0
2024-07-22 15:00:00,561302.0,189.0,False,189.0
2024-07-22 16:00:00,561509.0,207.0,False,207.0
2024-07-22 17:00:00,561714.0,205.0,False,205.0
2024-07-22 18:00:00,561906.0,192.0,False,192.0
2024-07-22 19:00:00,562089.0,183.0,False,183.0
2024-07-22 20:00:00,562253.0,164.0,False,164.0
2024-07-22 21:00:00,562405.0,152.0,False,152.0
2024-07-22 22:00:00,562556.0,151.0,False,151.0
2024-07-22 23:00:00,562692.0,136.0,False,136.0
2024-07-23 00:00:00,562805.0,113.0,False,113.0
2024-07-23 01:00:00,562907.0,102.0,False,102.0
2024-07-23 02:00:00,562991.0,84.0,False,84.0
2024-07-23 03:00:00,563074.0,83.0,False,83.0
2024-07-23 04:00:00,563152.0,78.0,False,78.0
2024-07-23 05:00:00,563232.0,80.0,False,80.0
2024-07-23 06:00:00,563313.0,81.0,False,81.0
2024-07-23 07:00:00,563392.0,79.0,False,79.0
2024-07-23 08:00:00,563481.0,89.0,False,89.0
2024-07-23 09:00:00,563588.0,107.0,False,107.0
2024-07-23 10:00:00,563725.0,137.0,False,137.0
2024-07-23 11:00:00,563891.0,166.0,False,166.0
2024-07-23 12:00:00,564062.0,171.0,False,171.0
2024-07-23 13:00:00,564222.0,160.0,False,160.0
2024-07-23 14:00:00,564379.0,157.0,False,157.0
2024-07-23 15:00:00,564548.0,169.0,False,169.0
2024-07-23 16:00:00,564728.0,180.0,False,180.0
2024-07-23 17:00:00,564918.0,190.0,False,190.0
2024-07-23 18:00:00,565096.0,178.0,False,178.0
2024-07-23 19:00:00,565273.0,177.0,False,177.0
2024-07-23 20:00:00,565439.0,166.0,False,166.0
2024-07-23 21:00:00,565611.0,172.0,False,172.0
2024-07-23 22:00:00,565772.0,161.0,False,161.0
2024-07-23 23:00:00,565920.0,148.0,False,148.0
2024-07-24 00:00:00,566054.0,134.0,False,134.0
2024-07-24 01:00:00,566158.0,104.0,False,104.0
2024-07-24 02:00:00,566233.0,75.0,False,75.0
2024-07-24 03:00:00,566319.0,86.0,False,86.0
2024-07-24 04:00:00,566393.0,74.0,False,74.0
2024-07-24 05:00:00,566464.0,71.0,False,71.0
2024-07-24 06:00:00,566538.0,74.0,False,74.0
2024-07-24 07:00:00,566608.0,70.0,False,70.0
2024-07-24 08:00:00,566683.0,75.0,False,75.0
2024-07-24 09:00:00,566775.0,92.0,False,92.0
2024-07-24 10:00:00,566918.0,143.0,False,143.0
2024-07-24 11:00:00,567088.0,170.0,False,170.0
2024-07-24 12:00:00,567253.0,165.0,False,165.0
2024-07-24 13:00:00,567407.0,154.0,False,154.0
2024-07-24 14:00:00,567555.0,148.0,False,148.0
2024-07-24 15:00:00,567717.0,162.0,False,162.0
2024-07-24 16:00:00,567887.0,170.0,False,170.0
2024-07-24 17:00:00,568061.0,174.0,False,174.0
2024-07-24 18:00:00,568231.0,170.0,False,170.0
2024-07-24 19:00:00,568397.0,166.0,False,166.0
2024-07-24 20:00:00,568553.0,156.0,False,156.0
2024-07-24 21:00:00,568715.0,162.0,False,162.0
2024-07-24 22:00:00,568878.0,163.0,False,163.0
2024-07-24 23:00:00,569023.0,145.0,False,145.0
2024-07-25 00:00:00,569142.0,119.0,False,119.0
2024-07-25 01:00:00,569239.0,97.0,False,97.0
2024-07-25 02:00:00,569331.0,92.0,False,92.0
2024-07-25 03:00:00,569412.0,81.0,False,81.0
2024-07-25 04:00:00,569489.0,77.0,False,77.0
2024-07-25 05:00:00,569567.0,78.0,False,78.0
2024-07-25 06:00:00,569643.0,76.0,False,76.0
2024-07-25 07:00:00,569720.0,77.0,False,77.0
2024-07-25 08:00:00,569803.0,83.0,False,83.0
2024-07-25 09:00:00,569915.0,112.0,False,112.0
2024-07-25 10:00:00,570064.0,149.0,False,149.0
2024-07-25 11:00:00,570252.0,188.0,False,188.0
2024-07-25 12:00:00,570456.0,204.0,False,204.0
2024-07-25 13:00:00,570650.0,194.0,False,194.0
2024-07-25 14:00:00,570840.0,190.0,False,190.0
2024-07-25 15:00:00,571024.0,184.0,False,184.0
2024-07-25 16:00:00,571220.0,196.0,False,196.0
2024-07-25 17:00:00,571431.0,211.0,False,211.0
2024-07-25 18:00:00,571632.0,201.0,False,201.0
2024-07-25 19:00:00,571810.0,178.0,False,178.0
2024-07-25 20:00:00,571977.0,167.0,False,167.0
2024-07-25 21:00:00,572147.0,170.0,False,170.0
2024-07-25 22:00:00,572308.0,161.0,False,161.0
2024-07-25 23:00:00,572454.0,146.0,False,146.0
2024-07-26 00:00:00,572587.0,133.0,False,133.0
2024-07-26 01:00:00,572698.0,111.0,False,111.0
2024-07-26 02:00:00,572795.0,97.0,False,97.0
2024-07-26 03:00:00,572886.0,91.0,False,91.0
2024-07-26 04:00:00,572973.0,87.0,False,87.0
2024-07-26 05:00:00,573056.0,83.0,False,83.0
2024-07-26 06:00:00,573137.0,81.0,False,81.0
2024-07-26 07:00:00,573218.0,81.0,False,81.0
2024-07-26 08:00:00,573302.0,84.0,False,84.0
2024-07-26 09:00:00,573415.0,113.0,False,113.0
2024-07-26 10:00:00,573560.0,145.0,False,145.0
2024-07-26 11:00:00,573739.0,179.0,False,179.0
2024-07-26 12:00:00,573918.0,179.0,False,179.0
2024-07-26 13:00:00,574091.0,173.0,False,173.0
2024-07-26 14:00:00,574260.0,169.0,False,169.0
2024-07-26 15:00:00,574453.0,193.0,False,193.0
2024-07-26 16:00:00,574654.0,201.0,False,201.0
2024-07-26 17:00:00,574853.0,199.0,False,199.0
2024-07-26 18:00:00,575055.0,202.0,False,202.0
2024-07-26 19:00:00,575242.0,187.0,False,187.0
2024-07-26 20:00:00,575422.0,180.0,False,180.0
2024-07-26 21:00:00,575604.0,182.0,False,182.0
2024-07-26 22:00:00,575777.0,173.0,False,173.0
2024-07-26 23:00:00,575941.0,164.0,False,164.0
2024-07-27 00:00:00,576074.0,133.0,False,133.0
2024-07-27 01:00:00,576190.0,116.0,False,116.0
2024-07-27 02:00:00,576290.0,100.0,False,100.0
2024-07-27 03:00:00,576384.0,94.0,False,94.0
2024-07-27 04:00:00,576475.0,91.0,False,91.0
2024-07-27 05:00:00,576565.0,90.0,False,90.0
2024-07-27 06:00:00,576654.0,89.0,False,89.0
2024-07-27 07:00:00,576740.0,86.0,False,86.0
2024-07-27 08:00:00,576828.0,88.0,False,88.0
2024-07-27 09:00:00,576928.0,100.0,False,100.0
2024-07-27 10:00:00,577060.0,132.0,False,132.0
2024-07-27 11:00:00,577228.0,168.0,False,168.0
2024-07-27 12:00:00,577408.0,180.0,False,180.0
2024-07-27 13:00:00,577589.0,181.0,False,181.0
2024-07-27 14:00:00,577761.0,172.0,False,172.0
2024-07-27 15:00:00,577930.0,169.0,False,169.0
2024-07-27 16:00:00,578109.0,179.0,False,179.0
2024-07-27 17:00:00,578290.0,181.0,False,181.0
2024-07-27 18:00:00,578472.0,182.0,False,182.0
2024-07-27 19:00:00,578640.0,168.0,False,168.0
2024-07-27 20:00:00,578812.0,172.0,False,172.0
2024-07-27 21:00:00,578986.0,174.0,False,174.0
2024-07-27 22:00:00,579154.0,168.0,False,168.0
2024-07-27 23:00:00,579297.0,143.0,False,143.0
2024-07-28 00:00:00,579426.0,129.0,False,129.0
2024-07-28 01:00:00,579532.0,106.0,False,106.0
2024-07-28 02:00:00,579626.0,94.0,False,94.0
2024-07-28 03:00:00,579711.0,85.0,False,85.0
2024-07-28 04:00:00,579795.0,84.0,False,84.0
2024-07-28 05:00:00,579875.0,80.0,False,80.0
2024-07-28 06:00:00,579955.0,80.0,False,80.0
2024-07-28 07:00:00,580035.0,80.0,False,80.0
2024-07-28 08:00:00,580116.0,81.0,False,81.0
2024-07-28 09:00:00,580217.0,101.0,False,101.0
2024-07-28 10:00:00,580348.0,131.0,False,131.0
2024-07-28 11:00:00,580493.0,145.0,False,145.0
2024-07-28 12:00:00,580643.0,150.0,False,150.0
2024-07-28 13:00:00,580789.0,146.0,False,146.0
2024-07-28 14:00:00,580940.0,151.0,False,151.0
2024-07-28 15:00:00,581105.0,165.0,False,165.0
2024-07-28 16:00:00,581280.0,175.0,False,175.0
2024-07-28 17:00:00,581457.0,177.0,False,177.0
2024-07-28 18:00:00,581633.0,176.0,False,176.0
2024-07-28 19:00:00,581805.0,172.0,False,172.0
2024-07-28 20:00:00,581967.0,162.0,False,162.0
2024-07-28 21:00:00,582143.0,176.0,False,176.0
2024-07-28 22:00:00,582314.0,171.0,False,171.0
2024-07-28 23:00:00,582462.0,148.0,False,148.0
2024-07-29 00:00:00,582590.0,128.0,False,128.0
2024-07-29 01:00:00,582689.0,99.0,False,99.0
2024-07-29 02:00:00,582781.0,92.0,False,92.0
2024-07-29 03:00:00,582869.0,88.0,False,88.0
2024-07-29 04:00:00,582953.0,84.0,False,84.0
2024-07-29 05:00:00,583034.0,81.0,False,81.0
2024-07-29 06:00:00,583117.0,83.0,False,83.0
2024-07-29 07:00:00,583194.0,77.0,False,77.0
2024-07-29 08:00:00,583277.0,83.0,False,83.0
2024-07-29 09:00:00,583389.0,112.0,False,112.0
2024-07-29 10:00:00,583531.0,142.0,False,142.0
2024-07-29 11:00:00,583680.0,149.0,False,149.0
2024-07-29 12:00:00,583822.0,142.0,False,142.0
2024-07-29 13:00:00,583954.0,132.0,False,132.0
2024-07-29 14:00:00,584086.0,132.0,False,132.0
2024-07-29 15:00:00,584225.0,139.0,False,139.0
2024-07-29 16:00:00,584376.0,151.0,False,151.0
2024-07-29 17:00:00,584532.0,156.0,False,156.0
2024-07-29 18:00:00,584678.0,146.0,False,146.0
2024-07-29 19:00:00,584818.0,140.0,False,140.0
2024-07-29 20:00:00,584954.0,136.0,False,136.0
2024-07-29 21:00:00,585090.0,136.0,False,136.0
2024-07-29 22:00:00,585222.0,132.0,False,132.0
2024-07-29 23:00:00,585336.0,114.0,False,114.0
2024-07-30 00:00:00,585425.0,89.0,False,89.0
2024-07-30 01:00:00,585512.0,87.0,False,87.0
2024-07-30 02:00:00,585599.0,87.0,False,87.0
2024-07-30 03:00:00,585674.0,75.0,False,75.0
2024-07-30 04:00:00,585742.0,68.0,False,68.0
2024-07-30 05:00:00,585810.0,68.0,False,68.0
2024-07-30 06:00:00,585875.0,65.0,False,65.0
2024-07-30 07:00:00,585940.0,65.0,False,65.0
2024-07-30 08:00:00,586012.0,72.0,False,72.0
2024-07-30 09:00:00,586092.0,80.0,False,80.0
2024-07-30 10:00:00,586204.0,112.0,False,112.0
2024-07-30 11:00:00,586338.0,134.0,False,134.0
2024-07-30 12:00:00,586486.0,148.0,False,148.0
2024-07-30 13:00:00,586634.0,148.0,False,148.0
2024-07-30 14:00:00,586786.0,152.0,False,152.0
2024-07-30 15:00:00,586946.0,160.0,False,160.0
2024-07-30 16:00:00,587115.0,169.0,False,169.0
2024-07-30 17:00:00,587289.0,174.0,False,174.0
2024-07-30 18:00:00,587464.0,175.0,False,175.0
2024-07-30 19:00:00,587633.0,169.0,False,169.0
2024-07-30 20:00:00,587797.0,164.0,False,164.0
2024-07-30 21:00:00,587962.0,165.0,False,165.0
2024-07-30 22:00:00,588113.0,151.0,False,151.0
2024-07-30 23:00:00,588242.0,129.0,False,129.0
2024-07-31 00:00:00,588358.0,116.0,False,116.0
2024-07-31 01:00:00,588452.0,94.0,False,94.0
2024-07-31 02:00:00,588538.0,86.0,False,86.0
2024-07-31 03:00:00,588622.0,84.0,False,84.0
2024-07-31 04:00:00,588704.0,82.0,False,82.0
2024-07-31 05:00:00,588787.0,83.0,False,83.0
2024-07-31 06:00:00,588867.0,80.0,False,80.0
2024-07-31 07:00:00,588946.0,79.0,False,79.0
2024-07-31 08:00:00,589025.0,79.0,False,79.0
2024-07-31 09:00:00,589122.0,97.0,False,97.0
2024-07-31 10:00:00,589258.0,136.0,False,136.0
2024-07-31 11:00:00,589423.0,165.0,False,165.0
2024-07-31 12:00:00,589594.0,171.0,False,171.0
2024-07-31 13:00:00,589772.0,178.0,False,178.0
2024-07-31 14:00:00,589948.0,176.0,False,176.0
2024-07-31 15:00:00,590129.0,181.0,False,181.0
2024-07-31 16:00:00,590324.0,195.0,False,195.0
2024-07-31 17:00:00,590516.0,192.0,False,192.0
2024-07-31 18:00:00,590708.0,192.0,False,192.0
2024-07-31 19:00:00,590883.0,175.0,False,175.0
2024-07-31 20:00:00,591055.0,172.0,False,172.0
2024-07-31 21:00:00,591223.0,168.0,False,168.0
2024-07-31 22:00:00,591378.0,155.0,False,155.0
2024-07-31 23:00:00,591527.0,149.0,False,149.0
2024-08-01 00:00:00,591652.0,125.0,False,125.0
2024-08-01 01:00:00,591761.0,109.0,False,109.0
2024-08-01 02:00:00,591860.0,99.0,False,99.0
2024-08-01 03:00:00,591953.0,93.0,False,93.0
2024-08-01 04:00:00,592043.0,90.0,False,90.0
2024-08-01 05:00:00,592129.0,86.0,False,86.0
2024-08-01 06:00:00,592208.0,79.0,False,79.0
2024-08-01 07:00:00,592288.0,80.0,False,80.0
2024-08-01 08:00:00,592372.0,84.0,False,84.0
2024-08-01 09:00:00,592466.0,94.0,False,94.0
2024-08-01 10:00:00,592607.0,141.0,False,141.0
2024-08-01 11:00:00,592777.0,170.0,False,170.0
2024-08-01 12:00:00,592946.0,169.0,False,169.0
2024-08-01 13:00:00,593120.0,174.0,False,174.0
2024-08-01 14:00:00,593290.0,170.0,False,170.0
2024-08-01 15:00:00,593466.0,176.0,False,176.0
2024-08-01 16:00:00,593644.0,178.0,False,178.0
2024-08-01 17:00:00,593835.0,191.0,False,191.0
2024-08-01 18:00:00,594027.0,192.0,False,192.0
2024-08-01 19:00:00,594160.0,133.0,False,133.0
2024-08-01 20:00:00,594254.0,94.0,False,94.0
2024-08-01 21:00:00,594351.0,97.0,False,97.0
2024-08-01 22:00:00,594459.0,108.0,False,108.0
2024-08-01 23:00:00,594569.0,110.0,False,110.0
2024-08-02 00:00:00,594659.0,90.0,False,90.0
2024-08-02 01:00:00,594731.0,72.0,False,72.0
2024-08-02 02:00:00,594792.0,61.0,False,61.0
2024-08-02 03:00:00,594847.0,55.0,False,55.0
2024-08-02 04:00:00,594900.0,53.0,False,53.0
2024-08-02 05:00:00,594955.0,55.0,False,55.0
2024-08-02 06:00:00,595009.0,54.0,False,54.0
2024-08-02 07:00:00,595065.0,56.0,False,56.0
2024-08-02 08:00:00,595129.0,64.0,False,64.0
2024-08-02 09:00:00,595211.0,82.0,False,82.0
2024-08-02 10:00:00,595347.0,136.0,False,136.0
2024-08-02 11:00:00,595513.0,166.0,False,166.0
2024-08-02 12:00:00,595685.0,172.0,False,172.0
2024-08-02 13:00:00,595843.0,158.0,False,158.0
2024-08-02 14:00:00,596008.0,165.0,False,165.0
2024-08-02 15:00:00,596174.0,166.0,False,166.0
2024-08-02 16:00:00,596357.0,183.0,False,183.0
2024-08-02 17:00:00,596548.0,191.0,False,191.0
2024-08-02 18:00:00,596735.0,187.0,False,187.0
2024-08-02 19:00:00,596922.0,187.0,False,187.0
2024-08-02 20:00:00,597097.0,175.0,False,175.0
2024-08-02 21:00:00,597253.0,156.0,False,156.0
2024-08-02 22:00:00,597418.0,165.0,False,165.0
2024-08-02 23:00:00,597569.0,151.0,False,151.0
2024-08-03 00:00:00,597705.0,136.0,False,136.0
2024-08-03 01:00:00,597812.0,107.0,False,107.0
2024-08-03 02:00:00,597901.0,89.0,False,89.0
2024-08-03 03:00:00,597986.0,85.0,False,85.0
2024-08-03 04:00:00,598067.0,81.0,False,81.0
2024-08-03 05:00:00,598142.0,75.0,False,75.0
2024-08-03 06:00:00,598209.0,67.0,False,67.0
2024-08-03 07:00:00,598278.0,69.0,False,69.0
2024-08-03 08:00:00,598357.0,79.0,False,79.0
2024-08-03 09:00:00,598456.0,99.0,False,99.0
2024-08-03 10:00:00,598578.0,122.0,False,122.0
2024-08-03 11:00:00,598730.0,152.0,False,152.0
2024-08-03 12:00:00,598878.0,148.0,False,148.0
2024-08-03 13:00:00,599023.0,145.0,False,145.0
2024-08-03 14:00:00,599170.0,147.0,False,147.0
2024-08-03 15:00:00,599337.0,167.0,False,167.0
2024-08-03 16:00:00,599522.0,185.0,False,185.0
2024-08-03 17:00:00,599710.0,188.0,False,188.0
2024-08-03 18:00:00,599894.0,184.0,False,184.0
2024-08-03 19:00:00,600069.0,175.0,False,175.0
2024-08-03 20:00:00,600233.0,164.0,False,164.0
2024-08-03 21:00:00,600399.0,166.0,False,166.0
2024-08-03 22:00:00,600554.0,155.0,False,155.0
2024-08-03 23:00:00,600688.0,134.0,False,134.0
2024-08-04 00:00:00,600808.0,120.0,False,120.0
2024-08-04 01:00:00,600917.0,109.0,False,109.0
2024-08-04 02:00:00,601015.0,98.0,False,98.0
2024-08-04 03:00:00,601109.0,94.0,False,94.0
2024-08-04 04:00:00,601193.0,84.0,False,84.0
2024-08-04 05:00:00,601274.0,81.0,False,81.0
2024-08-04 06:00:00,601358.0,84.0,False,84.0
2024-08-04 07:00:00,601440.0,82.0,False,82.0
2024-08-04 08:00:00,601524.0,84.0,False,84.0
2024-08-04 09:00:00,601623.0,99.0,False,99.0
2024-08-04 10:00:00,601752.0,129.0,False,129.0
2024-08-04 11:00:00,601908.0,156.0,False,156.0
2024-08-04 12:00:00,602060.0,152.0,False,152.0
2024-08-04 13:00:00,602199.0,139.0,False,139.0
2024-08-04 14:00:00,602347.0,148.0,False,148.0
2024-08-04 15:00:00,602504.0,157.0,False,157.0
2024-08-04 16:00:00,602667.0,163.0,False,163.0
2024-08-04 17:00:00,602851.0,184.0,False,184.0
2024-08-04 18:00:00,603029.0,178.0,False,178.0
2024-08-04 19:00:00,603201.0,172.0,False,172.0
2024-08-04 20:00:00,603364.0,163.0,False,163.0
2024-08-04 21:00:00,603532.0,168.0,False,168.0
2024-08-04 22:00:00,603686.0,154.0,False,154.0
2024-08-04 23:00:00,603818.0,132.0,False,132.0
2024-08-05 00:00:00,603933.0,115.0,False,115.0
2024-08-05 01:00:00,604037.0,104.0,False,104.0
2024-08-05 02:00:00,604133.0,96.0,False,96.0
2024-08-05 03:00:00,604220.0,87.0,False,87.0
2024-08-05 04:00:00,604303.0,83.0,False,83.0
2024-08-05 05:00:00,604387.0,84.0,False,84.0
2024-08-05 06:00:00,604465.0,78.0,False,78.0
2024-08-05 07:00:00,604543.0,78.0,False,78.0
2024-08-05 08:00:00,604626.0,83.0,False,83.0
2024-08-05 09:00:00,604732.0,106.0,False,106.0
2024-08-05 10:00:00,604872.0,140.0,False,140.0
2024-08-05 11:00:00,605051.0,179.0,False,179.0
2024-08-05 12:00:00,605231.0,180.0,False,180.0
2024-08-05 13:00:00,605404.0,173.0,False,173.0
2024-08-05 14:00:00,605584.0,180.0,False,180.0
2024-08-05 15:00:00,605771.0,187.0,False,187.0
2024-08-05 16:00:00,605974.0,203.0,False,203.0
2024-08-05 17:00:00,606180.0,206.0,False,206.0
2024-08-05 18:00:00,606392.0,212.0,False,212.0
2024-08-05 19:00:00,606591.0,199.0,False,199.0
2024-08-05 20:00:00,606774.0,183.0,False,183.0
2024-08-05 21:00:00,606966.0,192.0,False,192.0
2024-08-05 22:00:00,607139.0,173.0,False,173.0
2024-08-05 23:00:00,607285.0,146.0,False,146.0
2024-08-06 00:00:00,607409.0,124.0,False,124.0
2024-08-06 01:00:00,607506.0,97.0,False,97.0
2024-08-06 02:00:00,607587.0,81.0,False,81.0
2024-08-06 03:00:00,607663.0,76.0,False,76.0
2024-08-06 04:00:00,607733.0,70.0,False,70.0
2024-08-06 05:00:00,607798.0,65.0,False,65.0
2024-08-06 06:00:00,607862.0,64.0,False,64.0
2024-08-06 07:00:00,607928.0,66.0,False,66.0
2024-08-06 08:00:00,607999.0,71.0,False,71.0
2024-08-06 09:00:00,608096.0,97.0,False,97.0
2024-08-06 10:00:00,608227.0,131.0,False,131.0
2024-08-06 11:00:00,608396.0,169.0,False,169.0
2024-08-06 12:00:00,608577.0,181.0,False,181.0
2024-08-06 13:00:00,608750.0,173.0,False,173.0
2024-08-06 14:00:00,608921.0,171.0,False,171.0
2024-08-06 15:00:00,609104.0,183.0,False,183.0
2024-08-06 16:00:00,609301.0,197.0,False,197.0
2024-08-06 17:00:00,609506.0,205.0,False,205.0
2024-08-06 18:00:00,609707.0,201.0,False,201.0
2024-08-06 19:00:00,609888.0,181.0,False,181.0
2024-08-06 20:00:00,610070.0,182.0,False,182.0
2024-08-06 21:00:00,610247.0,177.0,False,177.0
2024-08-06 22:00:00,610414.0,167.0,False,167.0
2024-08-06 23:00:00,610561.0,147.0,False,147.0
2024-08-07 00:00:00,610691.0,130.0,False,130.0
2024-08-07 01:00:00,610795.0,104.0,False,104.0
2024-08-07 02:00:00,610883.0,88.0,False,88.0
2024-08-07 03:00:00,610967.0,84.0,False,84.0
2024-08-07 04:00:00,611048.0,81.0,False,81.0
2024-08-07 05:00:00,611125.0,77.0,False,77.0
2024-08-07 06:00:00,611198.0,73.0,False,73.0
2024-08-07 07:00:00,611269.0,71.0,False,71.0
2024-08-07 08:00:00,611338.0,69.0,False,69.0
2024-08-07 09:00:00,611443.0,105.0,False,105.0
2024-08-07 10:00:00,611599.0,156.0,False,156.0
2024-08-07 11:00:00,611780.0,181.0,False,181.0
2024-08-07 12:00:00,611967.0,187.0,False,187.0
2024-08-07 13:00:00,612140.0,173.0,False,173.0
2024-08-07 14:00:00,612307.0,167.0,False,167.0
2024-08-07 15:00:00,612482.0,175.0,False,175.0
2024-08-07 16:00:00,612670.0,188.0,False,188.0
2024-08-07 17:00:00,612874.0,204.0,False,204.0
2024-08-07 18:00:00,613064.0,190.0,False,190.0
2024-08-07 19:00:00,613237.0,173.0,False,173.0
2024-08-07 20:00:00,613400.0,163.0,False,163.0
2024-08-07 21:00:00,613549.0,149.0,False,149.0
2024-08-07 22:00:00,613696.0,147.0,False,147.0
2024-08-07 23:00:00,613829.0,133.0,False,133.0
2024-08-08 00:00:00,613943.0,114.0,False,114.0
2024-08-08 01:00:00,614045.0,102.0,False,102.0
2024-08-08 02:00:00,614134.0,89.0,False,89.0
2024-08-08 03:00:00,614216.0,82.0,False,82.0
2024-08-08 04:00:00,614295.0,79.0,False,79.0
2024-08-08 05:00:00,614373.0,78.0,False,78.0
2024-08-08 06:00:00,614452.0,79.0,False,79.0
2024-08-08 07:00:00,614537.0,85.0,False,85.0
2024-08-08 08:00:00,614620.0,83.0,False,83.0
2024-08-08 09:00:00,614726.0,106.0,False,106.0
2024-08-08 10:00:00,614868.0,142.0,False,142.0
2024-08-08 11:00:00,615042.0,174.0,False,174.0
2024-08-08 12:00:00,615221.0,179.0,False,179.0
2024-08-08 13:00:00,615386.0,165.0,False,165.0
2024-08-08 14:00:00,615550.0,164.0,False,164.0
2024-08-08 15:00:00,615730.0,180.0,False,180.0
2024-08-08 16:00:00,615926.0,196.0,False,196.0
2024-08-08 17:00:00,616125.0,199.0,False,199.0
2024-08-08 18:00:00,616319.0,194.0,False,194.0
2024-08-08 19:00:00,616501.0,182.0,False,182.0
2024-08-08 20:00:00,616674.0,173.0,False,173.0
2024-08-08 21:00:00,616848.0,174.0,False,174.0
2024-08-08 22:00:00,617014.0,166.0,False,166.0
2024-08-08 23:00:00,617155.0,141.0,False,141.0
2024-08-09 00:00:00,617275.0,120.0,False,120.0
2024-08-09 01:00:00,617372.0,97.0,False,97.0
2024-08-09 02:00:00,617458.0,86.0,False,86.0
2024-08-09 03:00:00,617540.0,82.0,False,82.0
2024-08-09 04:00:00,617620.0,80.0,False,80.0
2024-08-09 05:00:00,617698.0,78.0,False,78.0
2024-08-09 06:00:00,617774.0,76.0,False,76.0
2024-08-09 07:00:00,617850.0,76.0,False,76.0
2024-08-09 08:00:00,617925.0,75.0,False,75.0
2024-08-09 09:00:00,618017.0,92.0,False,92.0
2024-08-09 10:00:00,618130.0,113.0,False,113.0
2024-08-09 11:00:00,618262.0,132.0,False,132.0
2024-08-09 12:00:00,618397.0,135.0,False,135.0
2024-08-09 13:00:00,618537.0,140.0,False,140.0
2024-08-09 14:00:00,618681.0,144.0,False,144.0
2024-08-09 15:00:00,618832.0,151.0,False,151.0
2024-08-09 16:00:00,618998.0,166.0,False,166.0
2024-08-09 17:00:00,619183.0,185.0,False,185.0
2024-08-09 18:00:00,619358.0,175.0,False,175.0
2024-08-09 19:00:00,619518.0,160.0,False,160.0
2024-08-09 20:00:00,619682.0,164.0,False,164.0
2024-08-09 21:00:00,619848.0,166.0,False,166.0
2024-08-09 22:00:00,619997.0,149.0,False,149.0
2024-08-09 23:00:00,620133.0,136.0,False,136.0
2024-08-10 00:00:00,620245.0,112.0,False,112.0
2024-08-10 01:00:00,620348.0,103.0,False,103.0
2024-08-10 02:00:00,620441.0,93.0,False,93.0
2024-08-10 03:00:00,620517.0,76.0,False,76.0
2024-08-10 04:00:00,620590.0,73.0,False,73.0
2024-08-10 05:00:00,620664.0,74.0,False,74.0
2024-08-10 06:00:00,620738.0,74.0,False,74.0
2024-08-10 07:00:00,620809.0,71.0,False,71.0
2024-08-10 08:00:00,620883.0,74.0,False,74.0
2024-08-10 09:00:00,620980.0,97.0,False,97.0
2024-08-10 10:00:00,621103.0,123.0,False,123.0
2024-08-10 11:00:00,621242.0,139.0,False,139.0
2024-08-10 12:00:00,621389.0,147.0,False,147.0
2024-08-10 13:00:00,621530.0,141.0,False,141.0
2024-08-10 14:00:00,621666.0,136.0,False,136.0
2024-08-10 15:00:00,621810.0,144.0,False,144.0
2024-08-10 16:00:00,621975.0,165.0,False,165.0
2024-08-10 17:00:00,622138.0,163.0,False,163.0
2024-08-10 18:00:00,622295.0,157.0,False,157.0
2024-08-10 19:00:00,622448.0,153.0,False,153.0
2024-08-10 20:00:00,622591.0,143.0,False,143.0
2024-08-10 21:00:00,622726.0,135.0,False,135.0
2024-08-10 22:00:00,622860.0,134.0,False,134.0
2024-08-10 23:00:00,622990.0,130.0,False,130.0
2024-08-11 00:00:00,623095.0,105.0,False,105.0
2024-08-11 01:00:00,623182.0,87.0,False,87.0
2024-08-11 02:00:00,623254.0,72.0,False,72.0
2024-08-11 03:00:00,623320.0,66.0,False,66.0
2024-08-11 04:00:00,623384.0,64.0,False,64.0
2024-08-11 05:00:00,623448.0,64.0,False,64.0
2024-08-11 06:00:00,623511.0,63.0,False,63.0
2024-08-11 07:00:00,623573.0,62.0,False,62.0
2024-08-11 08:00:00,623640.0,67.0,False,67.0
2024-08-11 09:00:00,623721.0,81.0,False,81.0
2024-08-11 10:00:00,623832.0,111.0,False,111.0
2024-08-11 11:00:00,623966.0,134.0,False,134.0
2024-08-11 12:00:00,624096.0,130.0,False,130.0
2024-08-11 13:00:00,624222.0,126.0,False,126.0
2024-08-11 14:00:00,624349.0,127.0,False,127.0
2024-08-11 15:00:00,624487.0,138.0,False,138.0
2024-08-11 16:00:00,624637.0,150.0,False,150.0
2024-08-11 17:00:00,624791.0,154.0,False,154.0
2024-08-11 18:00:00,624951.0,160.0,False,160.0
2024-08-11 19:00:00,625107.0,156.0,False,156.0
2024-08-11 20:00:00,625259.0,152.0,False,152.0
2024-08-11 21:00:00,625398.0,139.0,False,139.0
2024-08-11 22:00:00,625522.0,124.0,False,124.0
2024-08-11 23:00:00,625633.0,111.0,False,111.0
2024-08-12 00:00:00,625733.0,100.0,False,100.0
2024-08-12 01:00:00,625823.0,90.0,False,90.0
2024-08-12 02:00:00,625902.0,79.0,False,79.0
2024-08-12 03:00:00,625973.0,71.0,False,71.0
2024-08-12 04:00:00,626043.0,70.0,False,70.0
2024-08-12 05:00:00,626105.0,62.0,False,62.0
2024-08-12 06:00:00,626172.0,67.0,False,67.0
2024-08-12 07:00:00,626237.0,65.0,False,65.0
2024-08-12 08:00:00,626303.0,66.0,False,66.0
2024-08-12 09:00:00,626387.0,84.0,False,84.0
2024-08-12 10:00:00,626514.0,127.0,False,127.0
2024-08-12 11:00:00,626680.0,166.0,False,166.0
2024-08-12 12:00:00,626851.0,171.0,False,171.0
2024-08-12 13:00:00,627005.0,154.0,False,154.0
2024-08-12 14:00:00,627154.0,149.0,False,149.0
2024-08-12 15:00:00,627310.0,156.0,False,156.0
2024-08-12 16:00:00,627485.0,175.0,False,175.0
2024-08-12 17:00:00,627662.0,177.0,False,177.0
2024-08-12 18:00:00,627841.0,179.0,False,179.0
2024-08-12 19:00:00,628006.0,165.0,False,165.0
2024-08-12 20:00:00,628158.0,152.0,False,152.0
2024-08-12 21:00:00,628310.0,152.0,False,152.0
2024-08-12 22:00:00,628457.0,147.0,False,147.0
2024-08-12 23:00:00,628583.0,126.0,False,126.0
2024-08-13 00:00:00,628681.0,98.0,False,98.0
2024-08-13 01:00:00,628759.0,78.0,False,78.0
2024-08-13 02:00:00,628827.0,68.0,False,68.0
2024-08-13 03:00:00,628886.0,59.0,False,59.0
2024-08-13 04:00:00,628944.0,58.0,False,58.0
2024-08-13 05:00:00,629001.0,57.0,False,57.0
2024-08-13 06:00:00,629058.0,57.0,False,57.0
2024-08-13 07:00:00,629115.0,57.0,False,57.0
2024-08-13 08:00:00,629171.0,56.0,False,56.0
2024-08-13 09:00:00,629248.0,77.0,False,77.0
2024-08-13 10:00:00,629371.0,123.0,False,123.0
2024-08-13 11:00:00,629528.0,157.0,False,157.0
2024-08-13 12:00:00,629695.0,167.0,False,167.0
2024-08-13 13:00:00,629855.0,160.0,False,160.0
2024-08-13 14:00:00,630007.0,152.0,False,152.0
2024-08-13 15:00:00,630180.0,173.0,False,173.0
2024-08-13 16:00:00,630362.0,182.0,False,182.0
2024-08-13 17:00:00,630550.0,188.0,False,188.0
2024-08-13 18:00:00,630736.0,186.0,False,186.0
2024-08-13 19:00:00,630903.0,167.0,False,167.0
2024-08-13 20:00:00,631058.0,155.0,False,155.0
2024-08-13 21:00:00,631223.0,165.0,False,165.0
2024-08-13 22:00:00,631381.0,158.0,False,158.0
2024-08-13 23:00:00,631511.0,130.0,False,130.0
2024-08-14 00:00:00,631611.0,100.0,False,100.0
2024-08-14 01:00:00,631695.0,84.0,False,84.0
2024-08-14 02:00:00,631768.0,73.0,False,73.0
2024-08-14 03:00:00,631836.0,68.0,False,68.0
2024-08-14 04:00:00,631901.0,65.0,False,65.0
2024-08-14 05:00:00,631963.0,62.0,False,62.0
2024-08-14 06:00:00,632023.0,60.0,False,60.0
2024-08-14 07:00:00,632084.0,61.0,False,61.0
2024-08-14 08:00:00,632151.0,67.0,False,67.0
2024-08-14 09:00:00,632246.0,95.0,False,95.0
2024-08-14 10:00:00,632392.0,146.0,False,146.0
2024-08-14 11:00:00,632566.0,174.0,False,174.0
2024-08-14 12:00:00,632746.0,180.0,False,180.0
2024-08-14 13:00:00,632914.0,168.0,False,168.0
2024-08-14 14:00:00,633087.0,173.0,False,173.0
2024-08-14 15:00:00,633262.0,175.0,False,175.0
2024-08-14 16:00:00,633453.0,191.0,False,191.0
2024-08-14 17:00:00,633642.0,189.0,False,189.0
2024-08-14 18:00:00,633827.0,185.0,False,185.0
2024-08-14 19:00:00,634000.0,173.0,False,173.0
2024-08-14 20:00:00,634164.0,164.0,False,164.0
2024-08-14 21:00:00,634328.0,164.0,False,164.0
2024-08-14 22:00:00,634492.0,164.0,False,164.0
2024-08-14 23:00:00,634637.0,145.0,False,145.0
2024-08-15 00:00:00,634746.0,109.0,False,109.0
2024-08-15 01:00:00,634848.0,102.0,False,102.0
2024-08-15 02:00:00,634932.0,84.0,False,84.0
2024-08-15 03:00:00,635006.0,74.0,False,74.0
2024-08-15 04:00:00,635081.0,75.0,False,75.0
2024-08-15 05:00:00,635154.0,73.0,False,73.0
2024-08-15 06:00:00,635226.0,72.0,False,72.0
2024-08-15 07:00:00,635297.0,71.0,False,71.0
2024-08-15 08:00:00,635374.0,77.0,False,77.0
2024-08-15 09:00:00,635471.0,97.0,False,97.0
2024-08-15 10:00:00,635605.0,134.0,False,134.0
2024-08-15 11:00:00,635770.0,165.0,False,165.0
2024-08-15 12:00:00,635933.0,163.0,False,163.0
2024-08-15 13:00:00,636086.0,153.0,False,153.0
2024-08-15 14:00:00,636241.0,155.0,False,155.0
2024-08-15 15:00:00,636399.0,158.0,False,158.0
2024-08-15 16:00:00,636569.0,170.0,False,170.0
2024-08-15 17:00:00,636734.0,165.0,False,165.0
2024-08-15 18:00:00,636897.0,163.0,False,163.0
2024-08-15 19:00:00,637048.0,151.0,False,151.0
2024-08-15 20:00:00,637190.0,142.0,False,142.0
2024-08-15 21:00:00,637336.0,146.0,False,146.0
2024-08-15 22:00:00,637483.0,147.0,False,147.0
2024-08-15 23:00:00,637610.0,127.0,False,127.0
2024-08-16 00:00:00,637723.0,113.0,False,113.0
2024-08-16 01:00:00,637824.0,101.0,False,101.0
2024-08-16 02:00:00,637906.0,82.0,False,82.0
2024-08-16 03:00:00,637980.0,74.0,False,74.0
2024-08-16 04:00:00,638053.0,73.0,False,73.0
2024-08-16 05:00:00,638123.0,70.0,False,70.0
2024-08-16 06:00:00,638196.0,73.0,False,73.0
2024-08-16 07:00:00,638268.0,72.0,False,72.0
2024-08-16 08:00:00,638340.0,72.0,False,72.0
2024-08-16 09:00:00,638437.0,97.0,False,97.0
2024-08-16 10:00:00,638572.0,135.0,False,135.0
2024-08-16 11:00:00,638718.0,146.0,False,146.0
2024-08-16 12:00:00,638865.0,147.0,False,147.0
2024-08-16 13:00:00,639010.0,145.0,False,145.0
2024-08-16 14:00:00,639170.0,160.0,False,160.0
2024-08-16 15:00:00,639346.0,176.0,False,176.0
2024-08-16 16:00:00,639534.0,188.0,False,188.0
2024-08-16 17:00:00,639721.0,187.0,False,187.0
2024-08-16 18:00:00,639898.0,177.0,False,177.0
2024-08-16 19:00:00,640059.0,161.0,False,161.0
2024-08-16 20:00:00,640207.0,148.0,False,148.0
2024-08-16 21:00:00,640356.0,149.0,False,149.0
2024-08-16 22:00:00,640496.0,140.0,False,140.0
2024-08-16 23:00:00,640629.0,133.0,False,133.0
2024-08-17 00:00:00,640741.0,112.0,False,112.0
2024-08-17 01:00:00,640838.0,97.0,False,97.0
2024-08-17 02:00:00,640925.0,87.0,False,87.0
2024-08-17 03:00:00,641000.0,75.0,False,75.0
2024-08-17 04:00:00,641066.0,66.0,False,66.0
2024-08-17 05:00:00,641132.0,66.0,False,66.0
2024-08-17 06:00:00,641196.0,64.0,False,64.0
2024-08-17 07:00:00,641259.0,63.0,False,63.0
2024-08-17 08:00:00,641326.0,67.0,False,67.0
2024-08-17 09:00:00,641408.0,82.0,False,82.0
2024-08-17 10:00:00,641517.0,109.0,False,109.0
2024-08-17 11:00:00,641643.0,126.0,False,126.0
2024-08-17 12:00:00,641770.0,127.0,False,127.0
2024-08-17 13:00:00,641902.0,132.0,False,132.0
2024-08-17 14:00:00,642043.0,141.0,False,141.0
2024-08-17 15:00:00,642200.0,157.0,False,157.0
2024-08-17 16:00:00,642367.0,167.0,False,167.0
2024-08-17 17:00:00,642537.0,170.0,False,170.0
2024-08-17 18:00:00,642709.0,172.0,False,172.0
2024-08-17 19:00:00,642874.0,165.0,False,165.0
2024-08-17 20:00:00,643026.0,152.0,False,152.0
2024-08-17 21:00:00,643176.0,150.0,False,150.0
2024-08-17 22:00:00,643310.0,134.0,False,134.0
2024-08-17 23:00:00,643435.0,125.0,False,125.0
2024-08-18 00:00:00,643530.0,95.0,False,95.0
2024-08-18 01:00:00,643623.0,93.0,False,93.0
2024-08-18 02:00:00,643705.0,82.0,False,82.0
2024-08-18 03:00:00,643787.0,82.0,False,82.0
2024-08-18 04:00:00,643866.0,79.0,False,79.0
2024-08-18 05:00:00,643945.0,79.0,False,79.0
2024-08-18 06:00:00,644023.0,78.0,False,78.0
2024-08-18 07:00:00,644100.0,77.0,False,77.0
2024-08-18 08:00:00,644181.0,81.0,False,81.0
2024-08-18 09:00:00,644271.0,90.0,False,90.0
2024-08-18 10:00:00,644378.0,107.0,False,107.0
2024-08-18 11:00:00,644513.0,135.0,False,135.0
2024-08-18 12:00:00,644647.0,134.0,False,134.0
2024-08-18 13:00:00,644778.0,131.0,False,131.0
2024-08-18 14:00:00,644917.0,139.0,False,139.0
2024-08-18 15:00:00,645068.0,151.0,False,151.0
2024-08-18 16:00:00,645226.0,158.0,False,158.0
2024-08-18 17:00:00,645396.0,170.0,False,170.0
2024-08-18 18:00:00,645561.0,165.0,False,165.0
2024-08-18 19:00:00,645711.0,150.0,False,150.0
2024-08-18 20:00:00,645851.0,140.0,False,140.0
2024-08-18 21:00:00,645987.0,136.0,False,136.0
2024-08-18 22:00:00,646125.0,138.0,False,138.0
2024-08-18 23:00:00,646251.0,126.0,False,126.0
2024-08-19 00:00:00,646355.0,104.0,False,104.0
2024-08-19 01:00:00,646429.0,74.0,False,74.0
2024-08-19 02:00:00,646499.0,70.0,False,70.0
2024-08-19 03:00:00,646560.0,61.0,False,61.0
2024-08-19 04:00:00,646614.0,54.0,False,54.0
2024-08-19 05:00:00,646667.0,53.0,False,53.0
2024-08-19 06:00:00,646725.0,58.0,False,58.0
2024-08-19 07:00:00,646782.0,57.0,False,57.0
2024-08-19 08:00:00,646847.0,65.0,False,65.0
2024-08-19 09:00:00,646932.0,85.0,False,85.0
2024-08-19 10:00:00,647058.0,126.0,False,126.0
2024-08-19 11:00:00,647212.0,154.0,False,154.0
2024-08-19 12:00:00,647366.0,154.0,False,154.0
2024-08-19 13:00:00,647520.0,154.0,False,154.0
2024-08-19 14:00:00,647678.0,158.0,False,158.0
2024-08-19 15:00:00,647846.0,168.0,False,168.0
2024-08-19 16:00:00,648024.0,178.0,False,178.0
2024-08-19 17:00:00,648211.0,187.0,False,187.0
2024-08-19 18:00:00,648395.0,184.0,False,184.0
2024-08-19 19:00:00,648561.0,166.0,False,166.0
2024-08-19 20:00:00,648727.0,166.0,False,166.0
2024-08-19 21:00:00,648870.0,143.0,False,143.0
2024-08-19 22:00:00,649020.0,150.0,False,150.0
2024-08-19 23:00:00,649148.0,128.0,False,128.0
2024-08-20 00:00:00,649250.0,102.0,False,102.0
2024-08-20 01:00:00,649335.0,85.0,False,85.0
2024-08-20 02:00:00,649401.0,66.0,False,66.0
2024-08-20 03:00:00,649460.0,59.0,False,59.0
2024-08-20 04:00:00,649514.0,54.0,False,54.0
2024-08-20 05:00:00,649568.0,54.0,False,54.0
2024-08-20 06:00:00,649626.0,58.0,False,58.0
2024-08-20 07:00:00,649684.0,58.0,False,58.0
2024-08-20 08:00:00,649742.0,58.0,False,58.0
2024-08-20 09:00:00,649757.0,15.0,False,15.0
2024-08-20 10:00:00,649757.0,,False,125.71
2024-08-20 11:00:00,649757.0,,False,151.0
2024-08-20 12:00:00,649757.0,,False,153.14
2024-08-20 13:00:00,649757.0,,False,149.0
2024-08-20 14:00:00,649757.0,,False,154.0
2024-08-20 15:00:00,649757.0,,False,165.43
2024-08-20 16:00:00,649757.0,,False,176.29
2024-08-20 17:00:00,649757.0,,False,179.43
2024-08-20 18:00:00,649757.0,,False,176.0
2024-08-20 19:00:00,649757.0,,False,161.86
2024-08-20 20:00:00,649757.0,,False,152.43
2024-08-20 21:00:00,649759.0,2.0,False,2.0
2024-08-20 22:00:00,649824.0,65.0,False,65.0
2024-08-20 23:00:00,649889.0,65.0,False,65.0
2024-08-21 00:00:00,649946.0,57.0,False,57.0
2024-08-21 01:00:00,649994.0,48.0,False,48.0
2024-08-21 02:00:00,650030.0,36.0,False,36.0
2024-08-21 03:00:00,650063.0,33.0,False,33.0
2024-08-21 04:00:00,650097.0,34.0,False,34.0
2024-08-21 05:00:00,650130.0,33.0,False,33.0
2024-08-21 06:00:00,650163.0,33.0,False,33.0
2024-08-21 07:00:00,650194.0,31.0,False,31.0
2024-08-21 08:00:00,650229.0,35.0,False,35.0
2024-08-21 09:00:00,650284.0,55.0,False,55.0
2024-08-21 10:00:00,650391.0,107.0,False,107.0
2024-08-21 11:00:00,650533.0,142.0,False,142.0
2024-08-21 12:00:00,650694.0,161.0,False,161.0
2024-08-21 13:00:00,650846.0,152.0,False,152.0
2024-08-21 14:00:00,650993.0,147.0,False,147.0
2024-08-21 15:00:00,651162.0,169.0,False,169.0
2024-08-21 16:00:00,651340.0,178.0,False,178.0
2024-08-21 17:00:00,651520.0,180.0,False,180.0
2024-08-21 18:00:00,651696.0,176.0,False,176.0
2024-08-21 19:00:00,651864.0,168.0,False,168.0
2024-08-21 20:00:00,652020.0,156.0,False,156.0
2024-08-21 21:00:00,652184.0,164.0,False,164.0
2024-08-21 22:00:00,652333.0,149.0,False,149.0
2024-08-21 23:00:00,652460.0,127.0,False,127.0
2024-08-22 00:00:00,652563.0,103.0,False,103.0
2024-08-22 01:00:00,652649.0,86.0,False,86.0
2024-08-22 02:00:00,652727.0,78.0,False,78.0
2024-08-22 03:00:00,652803.0,76.0,False,76.0
2024-08-22 04:00:00,652872.0,69.0,False,69.0
2024-08-22 05:00:00,652942.0,70.0,False,70.0
2024-08-22 06:00:00,653012.0,70.0,False,70.0
2024-08-22 07:00:00,653078.0,66.0,False,66.0
2024-08-22 08:00:00,653149.0,71.0,False,71.0
2024-08-22 09:00:00,653243.0,94.0,False,94.0
2024-08-22 10:00:00,653380.0,137.0,False,137.0
2024-08-22 11:00:00,653544.0,164.0,False,164.0
2024-08-22 12:00:00,653702.0,158.0,False,158.0
2024-08-22 13:00:00,653862.0,160.0,False,160.0
2024-08-22 14:00:00,654023.0,161.0,False,161.0
2024-08-22 15:00:00,654202.0,179.0,False,179.0
2024-08-22 16:00:00,654394.0,192.0,False,192.0
2024-08-22 17:00:00,654585.0,191.0,False,191.0
2024-08-22 18:00:00,654763.0,178.0,False,178.0
2024-08-22 19:00:00,654935.0,172.0,False,172.0
2024-08-22 20:00:00,655101.0,166.0,False,166.0
2024-08-22 21:00:00,655246.0,145.0,False,145.0
2024-08-22 22:00:00,655408.0,162.0,False,162.0
2024-08-22 23:00:00,655535.0,127.0,False,127.0
2024-08-23 00:00:00,655632.0,97.0,False,97.0
2024-08-23 01:00:00,655711.0,79.0,False,79.0
2024-08-23 02:00:00,655780.0,69.0,False,69.0
2024-08-23 03:00:00,655845.0,65.0,False,65.0
2024-08-23 04:00:00,655907.0,62.0,False,62.0
2024-08-23 05:00:00,655970.0,63.0,False,63.0
2024-08-23 06:00:00,656030.0,60.0,False,60.0
2024-08-23 07:00:00,656090.0,60.0,False,60.0
2024-08-23 08:00:00,656152.0,62.0,False,62.0
2024-08-23 09:00:00,656253.0,101.0,False,101.0
2024-08-23 10:00:00,656415.0,162.0,False,162.0
2024-08-23 11:00:00,656610.0,195.0,False,195.0
2024-08-23 12:00:00,656803.0,193.0,False,193.0
2024-08-23 13:00:00,656980.0,177.0,False,177.0
2024-08-23 14:00:00,657158.0,178.0,False,178.0
2024-08-23 15:00:00,657340.0,182.0,False,182.0
2024-08-23 16:00:00,657548.0,208.0,False,208.0
2024-08-23 17:00:00,657757.0,209.0,False,209.0
2024-08-23 18:00:00,657963.0,206.0,False,206.0
2024-08-23 19:00:00,658151.0,188.0,False,188.0
2024-08-23 20:00:00,658334.0,183.0,False,183.0
2024-08-23 21:00:00,658505.0,171.0,False,171.0
2024-08-23 22:00:00,658662.0,157.0,False,157.0
2024-08-23 23:00:00,658803.0,141.0,False,141.0
2024-08-24 00:00:00,658906.0,103.0,False,103.0
2024-08-24 01:00:00,659000.0,94.0,False,94.0
2024-08-24 02:00:00,659079.0,79.0,False,79.0
2024-08-24 03:00:00,659153.0,74.0,False,74.0
2024-08-24 04:00:00,659222.0,69.0,False,69.0
2024-08-24 05:00:00,659291.0,69.0,False,69.0
2024-08-24 06:00:00,659360.0,69.0,False,69.0
2024-08-24 07:00:00,659429.0,69.0,False,69.0
2024-08-24 08:00:00,659503.0,74.0,False,74.0
2024-08-24 09:00:00,659601.0,98.0,False,98.0
2024-08-24 10:00:00,659734.0,133.0,False,133.0
2024-08-24 11:00:00,659888.0,154.0,False,154.0
2024-08-24 12:00:00,660047.0,159.0,False,159.0
2024-08-24 13:00:00,660194.0,147.0,False,147.0
2024-08-24 14:00:00,660344.0,150.0,False,150.0
2024-08-24 15:00:00,660494.0,150.0,False,150.0
2024-08-24 16:00:00,660658.0,164.0,False,164.0
2024-08-24 17:00:00,660829.0,171.0,False,171.0
2024-08-24 18:00:00,660998.0,169.0,False,169.0
2024-08-24 19:00:00,661150.0,152.0,False,152.0
2024-08-24 20:00:00,661296.0,146.0,False,146.0
2024-08-24 21:00:00,661442.0,146.0,False,146.0
2024-08-24 22:00:00,661575.0,133.0,False,133.0
2024-08-24 23:00:00,661696.0,121.0,False,121.0
2024-08-25 00:00:00,661786.0,90.0,False,90.0
2024-08-25 01:00:00,661869.0,83.0,False,83.0
2024-08-25 02:00:00,661948.0,79.0,False,79.0
2024-08-25 03:00:00,662026.0,78.0,False,78.0
2024-08-25 04:00:00,662102.0,76.0,False,76.0
2024-08-25 05:00:00,662178.0,76.0,False,76.0
2024-08-25 06:00:00,662250.0,72.0,False,72.0
2024-08-25 07:00:00,662320.0,70.0,False,70.0
2024-08-25 08:00:00,662399.0,79.0,False,79.0
2024-08-25 09:00:00,662489.0,90.0,False,90.0
2024-08-25 10:00:00,662620.0,131.0,False,131.0
2024-08-25 11:00:00,662776.0,156.0,False,156.0
2024-08-25 12:00:00,662939.0,163.0,False,163.0
2024-08-25 13:00:00,663093.0,154.0,False,154.0
2024-08-25 14:00:00,663252.0,159.0,False,159.0
2024-08-25 15:00:00,663421.0,169.0,False,169.0
2024-08-25 16:00:00,663595.0,174.0,False,174.0
2024-08-25 17:00:00,663777.0,182.0,False,182.0
2024-08-25 18:00:00,663961.0,184.0,False,184.0
2024-08-25 19:00:00,664155.0,194.0,False,194.0
2024-08-25 20:00:00,664336.0,181.0,False,181.0
2024-08-25 21:00:00,664511.0,175.0,False,175.0
2024-08-25 22:00:00,664683.0,172.0,False,172.0
2024-08-25 23:00:00,664835.0,152.0,False,152.0
2024-08-26 00:00:00,664965.0,130.0,False,130.0
2024-08-26 01:00:00,665076.0,111.0,False,111.0
2024-08-26 02:00:00,665160.0,84.0,False,84.0
2024-08-26 03:00:00,665233.0,73.0,False,73.0
2024-08-26 04:00:00,665306.0,73.0,False,73.0
2024-08-26 05:00:00,665377.0,71.0,False,71.0
2024-08-26 06:00:00,665448.0,71.0,False,71.0
2024-08-26 07:00:00,665518.0,70.0,False,70.0
2024-08-26 08:00:00,665591.0,73.0,False,73.0
2024-08-26 09:00:00,665686.0,95.0,False,95.0
2024-08-26 10:00:00,665827.0,141.0,False,141.0
2024-08-26 11:00:00,665989.0,162.0,False,162.0
2024-08-26 12:00:00,666165.0,176.0,False,176.0
2024-08-26 13:00:00,666344.0,179.0,False,179.0
2024-08-26 14:00:00,666522.0,178.0,False,178.0
2024-08-26 15:00:00,666702.0,180.0,False,180.0
2024-08-26 16:00:00,666893.0,191.0,False,191.0
2024-08-26 17:00:00,667090.0,197.0,False,197.0
2024-08-26 18:00:00,667287.0,197.0,False,197.0
2024-08-26 19:00:00,667473.0,186.0,False,186.0
2024-08-26 20:00:00,667652.0,179.0,False,179.0
2024-08-26 21:00:00,667826.0,174.0,False,174.0
2024-08-26 22:00:00,667986.0,160.0,False,160.0
2024-08-26 23:00:00,668125.0,139.0,False,139.0
2024-08-27 00:00:00,668249.0,124.0,False,124.0
2024-08-27 01:00:00,668355.0,106.0,False,106.0
2024-08-27 02:00:00,668451.0,96.0,False,96.0
2024-08-27 03:00:00,668539.0,88.0,False,88.0
2024-08-27 04:00:00,668617.0,78.0,False,78.0
2024-08-27 05:00:00,668693.0,76.0,False,76.0
2024-08-27 06:00:00,668768.0,75.0,False,75.0
2024-08-27 07:00:00,668844.0,76.0,False,76.0
2024-08-27 08:00:00,668920.0,76.0,False,76.0
2024-08-27 09:00:00,669031.0,111.0,False,111.0
2024-08-27 10:00:00,669159.0,128.0,False,128.0
2024-08-27 11:00:00,669323.0,164.0,False,164.0
2024-08-27 12:00:00,669493.0,170.0,False,170.0
2024-08-27 13:00:00,669649.0,156.0,False,156.0
2024-08-27 14:00:00,669809.0,160.0,False,160.0
2024-08-27 15:00:00,669985.0,176.0,False,176.0
2024-08-27 16:00:00,670184.0,199.0,False,199.0
2024-08-27 17:00:00,670382.0,198.0,False,198.0
2024-08-27 18:00:00,670567.0,185.0,False,185.0
2024-08-27 19:00:00,670724.0,157.0,False,157.0
2024-08-27 20:00:00,670889.0,165.0,False,165.0
2024-08-27 21:00:00,671044.0,155.0,False,155.0
2024-08-27 22:00:00,671196.0,152.0,False,152.0
2024-08-27 23:00:00,671323.0,127.0,False,127.0
2024-08-28 00:00:00,671438.0,115.0,False,115.0
2024-08-28 01:00:00,671540.0,102.0,False,102.0
2024-08-28 02:00:00,671621.0,81.0,False,81.0
2024-08-28 03:00:00,671699.0,78.0,False,78.0
2024-08-28 04:00:00,671775.0,76.0,False,76.0
2024-08-28 05:00:00,671850.0,75.0,False,75.0
2024-08-28 06:00:00,671921.0,71.0,False,71.0
2024-08-28 07:00:00,671993.0,72.0,False,72.0
2024-08-28 08:00:00,672067.0,74.0,False,74.0
2024-08-28 09:00:00,672157.0,90.0,False,90.0
2024-08-28 10:00:00,672285.0,128.0,False,128.0
2024-08-28 11:00:00,672443.0,158.0,False,158.0
2024-08-28 12:00:00,672605.0,162.0,False,162.0
2024-08-28 13:00:00,672761.0,156.0,False,156.0
2024-08-28 14:00:00,672910.0,149.0,False,149.0
2024-08-28 15:00:00,673074.0,164.0,False,164.0
2024-08-28 16:00:00,673255.0,181.0,False,181.0
2024-08-28 17:00:00,673454.0,199.0,False,199.0
2024-08-28 18:00:00,673638.0,184.0,False,184.0
2024-08-28 19:00:00,673808.0,170.0,False,170.0
2024-08-28 20:00:00,673968.0,160.0,False,160.0
2024-08-28 21:00:00,674129.0,161.0,False,161.0
2024-08-28 22:00:00,674286.0,157.0,False,157.0
2024-08-28 23:00:00,674419.0,133.0,False,133.0
2024-08-29 00:00:00,674531.0,112.0,False,112.0
2024-08-29 01:00:00,674630.0,99.0,False,99.0
2024-08-29 02:00:00,674712.0,82.0,False,82.0
2024-08-29 03:00:00,674783.0,71.0,False,71.0
2024-08-29 04:00:00,674850.0,67.0,False,67.0
2024-08-29 05:00:00,674915.0,65.0,False,65.0
2024-08-29 06:00:00,674983.0,68.0,False,68.0
2024-08-29 07:00:00,675048.0,65.0,False,65.0
2024-08-29 08:00:00,675118.0,70.0,False,70.0
2024-08-29 09:00:00,675204.0,86.0,False,86.0
2024-08-29 10:00:00,675321.0,117.0,False,117.0
2024-08-29 11:00:00,675468.0,147.0,False,147.0
2024-08-29 12:00:00,675635.0,167.0,False,167.0
2024-08-29 13:00:00,675795.0,160.0,False,160.0
2024-08-29 14:00:00,675950.0,155.0,False,155.0
2024-08-29 15:00:00,676114.0,164.0,False,164.0
2024-08-29 16:00:00,676295.0,181.0,False,181.0
2024-08-29 17:00:00,676487.0,192.0,False,192.0
2024-08-29 18:00:00,676682.0,195.0,False,195.0
2024-08-29 19:00:00,676850.0,168.0,False,168.0
2024-08-29 20:00:00,677012.0,162.0,False,162.0
2024-08-29 21:00:00,677174.0,162.0,False,162.0
2024-08-29 22:00:00,677333.0,159.0,False,159.0
2024-08-29 23:00:00,677465.0,132.0,False,132.0
2024-08-30 00:00:00,677579.0,114.0,False,114.0
2024-08-30 01:00:00,677677.0,98.0,False,98.0
2024-08-30 02:00:00,677765.0,88.0,False,88.0
2024-08-30 03:00:00,677849.0,84.0,False,84.0
2024-08-30 04:00:00,677929.0,80.0,False,80.0
2024-08-30 05:00:00,678007.0,78.0,False,78.0
2024-08-30 06:00:00,678084.0,77.0,False,77.0
2024-08-30 07:00:00,678163.0,79.0,False,79.0
2024-08-30 08:00:00,678245.0,82.0,False,82.0
2024-08-30 09:00:00,678347.0,102.0,False,102.0
2024-08-30 10:00:00,678496.0,149.0,False,149.0
2024-08-30 11:00:00,678671.0,175.0,False,175.0
2024-08-30 12:00:00,678850.0,179.0,False,179.0
2024-08-30 13:00:00,679013.0,163.0,False,163.0
2024-08-30 14:00:00,679169.0,156.0,False,156.0
2024-08-30 15:00:00,679347.0,178.0,False,178.0
2024-08-30 16:00:00,679539.0,192.0,False,192.0
2024-08-30 17:00:00,679742.0,203.0,False,203.0
2024-08-30 18:00:00,679942.0,200.0,False,200.0
2024-08-30 19:00:00,680127.0,185.0,False,185.0
2024-08-30 20:00:00,680288.0,161.0,False,161.0
2024-08-30 21:00:00,680436.0,148.0,False,148.0
2024-08-30 22:00:00,680573.0,137.0,False,137.0
2024-08-30 23:00:00,680711.0,138.0,False,138.0
2024-08-31 00:00:00,680827.0,116.0,False,116.0
2024-08-31 01:00:00,680926.0,99.0,False,99.0
2024-08-31 02:00:00,681012.0,86.0,False,86.0
2024-08-31 03:00:00,681094.0,82.0,False,82.0
2024-08-31 04:00:00,681173.0,79.0,False,79.0
2024-08-31 05:00:00,681249.0,76.0,False,76.0
2024-08-31 06:00:00,681327.0,78.0,False,78.0
2024-08-31 07:00:00,681403.0,76.0,False,76.0
2024-08-31 08:00:00,681485.0,82.0,False,82.0
2024-08-31 09:00:00,681585.0,100.0,False,100.0
2024-08-31 10:00:00,681729.0,144.0,False,144.0
2024-08-31 11:00:00,681902.0,173.0,False,173.0
2024-08-31 12:00:00,682069.0,167.0,False,167.0
2024-08-31 13:00:00,682222.0,153.0,False,153.0
2024-08-31 14:00:00,682376.0,154.0,False,154.0
2024-08-31 15:00:00,682541.0,165.0,False,165.0
2024-08-31 16:00:00,682719.0,178.0,False,178.0
2024-08-31 17:00:00,682900.0,181.0,False,181.0
2024-08-31 18:00:00,683071.0,171.0,False,171.0
2024-08-31 19:00:00,683228.0,157.0,False,157.0
2024-08-31 20:00:00,683382.0,154.0,False,154.0
2024-08-31 21:00:00,683529.0,147.0,False,147.0
2024-08-31 22:00:00,683672.0,143.0,False,143.0
2024-08-31 23:00:00,683796.0,124.0,False,124.0
2024-09-01 00:00:00,683909.0,113.0,False,113.0
2024-09-01 01:00:00,684009.0,100.0,False,100.0
2024-09-01 02:00:00,684096.0,87.0,False,87.0
2024-09-01 03:00:00,684178.0,82.0,False,82.0
2024-09-01 04:00:00,684256.0,78.0,False,78.0
2024-09-01 05:00:00,684329.0,73.0,False,73.0
2024-09-01 06:00:00,684404.0,75.0,False,75.0
2024-09-01 07:00:00,684477.0,73.0,False,73.0
2024-09-01 08:00:00,684551.0,74.0,False,74.0
2024-09-01 09:00:00,684656.0,105.0,False,105.0
2024-09-01 10:00:00,684802.0,146.0,False,146.0
2024-09-01 11:00:00,684965.0,163.0,False,163.0
2024-09-01 12:00:00,685133.0,168.0,False,168.0
2024-09-01 13:00:00,685283.0,150.0,False,150.0
2024-09-01 14:00:00,685433.0,150.0,False,150.0
2024-09-01 15:00:00,685596.0,163.0,False,163.0
2024-09-01 16:00:00,685785.0,189.0,False,189.0
2024-09-01 17:00:00,685972.0,187.0,False,187.0
2024-09-01 18:00:00,686156.0,184.0,False,184.0
2024-09-01 19:00:00,686328.0,172.0,False,172.0
2024-09-01 20:00:00,686503.0,175.0,False,175.0
2024-09-01 21:00:00,686670.0,167.0,False,167.0
2024-09-01 22:00:00,686843.0,173.0,False,173.0
2024-09-01 23:00:00,686994.0,151.0,False,151.0
2024-09-02 00:00:00,687118.0,124.0,False,124.0
2024-09-02 01:00:00,687213.0,95.0,False,95.0
2024-09-02 02:00:00,687298.0,85.0,False,85.0
2024-09-02 03:00:00,687383.0,85.0,False,85.0
2024-09-02 04:00:00,687464.0,81.0,False,81.0
2024-09-02 05:00:00,687546.0,82.0,False,82.0
2024-09-02 06:00:00,687628.0,82.0,False,82.0
2024-09-02 07:00:00,687707.0,79.0,False,79.0
2024-09-02 08:00:00,687795.0,88.0,False,88.0
2024-09-02 09:00:00,687936.0,141.0,False,141.0
2024-09-02 10:00:00,688130.0,194.0,False,194.0
2024-09-02 11:00:00,688347.0,217.0,False,217.0
2024-09-02 12:00:00,688566.0,219.0,False,219.0
2024-09-02 13:00:00,688761.0,195.0,False,195.0
2024-09-02 14:00:00,688944.0,183.0,False,183.0
2024-09-02 15:00:00,689142.0,198.0,False,198.0
2024-09-02 16:00:00,689360.0,218.0,False,218.0
2024-09-02 17:00:00,689588.0,228.0,False,228.0
2024-09-02 18:00:00,689803.0,215.0,False,215.0
2024-09-02 19:00:00,689998.0,195.0,False,195.0
2024-09-02 20:00:00,690182.0,184.0,False,184.0
2024-09-02 21:00:00,690345.0,163.0,False,163.0
2024-09-02 22:00:00,690497.0,152.0,False,152.0
2024-09-02 23:00:00,690628.0,131.0,False,131.0
2024-09-03 00:00:00,690745.0,117.0,False,117.0
2024-09-03 01:00:00,690852.0,107.0,False,107.0
2024-09-03 02:00:00,690941.0,89.0,False,89.0
2024-09-03 03:00:00,691027.0,86.0,False,86.0
2024-09-03 04:00:00,691111.0,84.0,False,84.0
2024-09-03 05:00:00,691196.0,85.0,False,85.0
2024-09-03 06:00:00,691278.0,82.0,False,82.0
2024-09-03 07:00:00,691363.0,85.0,False,85.0
2024-09-03 08:00:00,691453.0,90.0,False,90.0
2024-09-03 09:00:00,691581.0,128.0,False,128.0
2024-09-03 10:00:00,691755.0,174.0,False,174.0
2024-09-03 11:00:00,691964.0,209.0,False,209.0
2024-09-03 12:00:00,692180.0,216.0,False,216.0
2024-09-03 13:00:00,692380.0,200.0,False,200.0
2024-09-03 14:00:00,692574.0,194.0,False,194.0
2024-09-03 15:00:00,692780.0,206.0,False,206.0
2024-09-03 16:00:00,693011.0,231.0,False,231.0
2024-09-03 17:00:00,693257.0,246.0,False,246.0
2024-09-03 18:00:00,693472.0,215.0,False,215.0
2024-09-03 19:00:00,693670.0,198.0,False,198.0
2024-09-03 20:00:00,693853.0,183.0,False,183.0
2024-09-03 21:00:00,694047.0,194.0,False,194.0
2024-09-03 22:00:00,694225.0,178.0,False,178.0
2024-09-03 23:00:00,694385.0,160.0,False,160.0
2024-09-04 00:00:00,694514.0,129.0,False,129.0
2024-09-04 01:00:00,694615.0,101.0,False,101.0
2024-09-04 02:00:00,694694.0,79.0,False,79.0
2024-09-04 03:00:00,694768.0,74.0,False,74.0
2024-09-04 04:00:00,694841.0,73.0,False,73.0
2024-09-04 05:00:00,694913.0,72.0,False,72.0
2024-09-04 06:00:00,694985.0,72.0,False,72.0
2024-09-04 07:00:00,695058.0,73.0,False,73.0
2024-09-04 08:00:00,695144.0,86.0,False,86.0
2024-09-04 09:00:00,695278.0,134.0,False,134.0
2024-09-04 10:00:00,695478.0,200.0,False,200.0
2024-09-04 11:00:00,695691.0,213.0,False,213.0
2024-09-04 12:00:00,695908.0,217.0,False,217.0
2024-09-04 13:00:00,,,False,168.14
2024-09-04 14:00:00,,,False,163.0
2024-09-04 15:00:00,696514.0,,False,176.86
2024-09-04 16:00:00,696759.0,245.0,False,245.0
2024-09-04 17:00:00,696997.0,238.0,False,238.0
2024-09-04 18:00:00,697212.0,215.0,False,215.0
2024-09-04 19:00:00,697394.0,182.0,False,182.0
2024-09-04 20:00:00,697556.0,162.0,False,162.0
2024-09-04 21:00:00,697724.0,168.0,False,168.0
2024-09-04 22:00:00,697880.0,156.0,False,156.0
2024-09-04 23:00:00,698027.0,147.0,False,147.0
2024-09-05 00:00:00,698144.0,117.0,False,117.0
2024-09-05 01:00:00,698240.0,96.0,False,96.0
2024-09-05 02:00:00,698311.0,71.0,False,71.0
2024-09-05 03:00:00,698376.0,65.0,False,65.0
2024-09-05 04:00:00,698440.0,64.0,False,64.0
2024-09-05 05:00:00,698503.0,63.0,False,63.0
2024-09-05 06:00:00,698564.0,61.0,False,61.0
2024-09-05 07:00:00,698627.0,63.0,False,63.0
2024-09-05 08:00:00,698697.0,70.0,False,70.0
2024-09-05 09:00:00,698798.0,101.0,False,101.0
2024-09-05 10:00:00,698935.0,137.0,False,137.0
2024-09-05 11:00:00,699096.0,161.0,False,161.0
2024-09-05 12:00:00,699258.0,162.0,False,162.0
2024-09-05 13:00:00,699406.0,148.0,False,148.0
2024-09-05 14:00:00,699556.0,150.0,False,150.0
2024-09-05 15:00:00,699727.0,171.0,False,171.0
2024-09-05 16:00:00,699931.0,204.0,False,204.0
2024-09-05 17:00:00,,,False,210.71
2024-09-05 18:00:00,700343.0,,False,199.29
2024-09-05 19:00:00,700526.0,183.0,False,183.0
2024-09-05 20:00:00,700705.0,179.0,False,179.0
2024-09-05 21:00:00,700885.0,180.0,False,180.0
2024-09-05 22:00:00,701063.0,178.0,False,178.0
2024-09-05 23:00:00,701210.0,147.0,False,147.0
2024-09-06 00:00:00,701326.0,116.0,False,116.0
2024-09-06 01:00:00,701423.0,97.0,False,97.0
2024-09-06 02:00:00,701514.0,91.0,False,91.0
2024-09-06 03:00:00,701597.0,83.0,False,83.0
2024-09-06 04:00:00,701679.0,82.0,False,82.0
2024-09-06 05:00:00,701763.0,84.0,False,84.0
2024-09-06 06:00:00,701844.0,81.0,False,81.0
2024-09-06 07:00:00,701922.0,78.0,False,78.0
2024-09-06 08:00:00,702004.0,82.0,False,82.0
2024-09-06 09:00:00,702117.0,113.0,False,113.0
2024-09-06 10:00:00,702265.0,148.0,False,148.0
2024-09-06 11:00:00,702447.0,182.0,False,182.0
2024-09-06 12:00:00,702639.0,192.0,False,192.0
2024-09-06 13:00:00,702828.0,189.0,False,189.0
2024-09-06 14:00:00,703015.0,187.0,False,187.0
2024-09-06 15:00:00,703215.0,200.0,False,200.0
2024-09-06 16:00:00,703442.0,227.0,False,227.0
2024-09-06 17:00:00,703678.0,236.0,False,236.0
2024-09-06 18:00:00,703909.0,231.0,False,231.0
2024-09-06 19:00:00,704117.0,208.0,False,208.0
2024-09-06 20:00:00,704299.0,182.0,False,182.0
2024-09-06 21:00:00,704482.0,183.0,False,183.0
2024-09-06 22:00:00,704654.0,172.0,False,172.0
2024-09-06 23:00:00,704805.0,151.0,False,151.0
2024-09-07 00:00:00,704932.0,127.0,False,127.0
2024-09-07 01:00:00,705038.0,106.0,False,106.0
2024-09-07 02:00:00,705134.0,96.0,False,96.0
2024-09-07 03:00:00,705224.0,90.0,False,90.0
2024-09-07 04:00:00,705315.0,91.0,False,91.0
2024-09-07 05:00:00,705403.0,88.0,False,88.0
2024-09-07 06:00:00,705487.0,84.0,False,84.0
2024-09-07 07:00:00,705566.0,79.0,False,79.0
2024-09-07 08:00:00,705655.0,89.0,False,89.0
2024-09-07 09:00:00,705765.0,110.0,False,110.0
2024-09-07 10:00:00,705902.0,137.0,False,137.0
2024-09-07 11:00:00,706054.0,152.0,False,152.0
2024-09-07 12:00:00,706216.0,162.0,False,162.0
2024-09-07 13:00:00,706375.0,159.0,False,159.0
2024-09-07 14:00:00,706543.0,168.0,False,168.0
2024-09-07 15:00:00,706727.0,184.0,False,184.0
2024-09-07 16:00:00,706916.0,189.0,False,189.0
2024-09-07 17:00:00,707109.0,193.0,False,193.0
2024-09-07 18:00:00,707299.0,190.0,False,190.0
2024-09-07 19:00:00,707487.0,188.0,False,188.0
2024-09-07 20:00:00,707667.0,180.0,False,180.0
2024-09-07 21:00:00,707843.0,176.0,False,176.0
2024-09-07 22:00:00,708020.0,177.0,False,177.0
2024-09-07 23:00:00,708181.0,161.0,False,161.0
2024-09-08 00:00:00,708311.0,130.0,False,130.0
2024-09-08 01:00:00,708414.0,103.0,False,103.0
2024-09-08 02:00:00,708505.0,91.0,False,91.0
2024-09-08 03:00:00,708596.0,91.0,False,91.0
2024-09-08 04:00:00,708686.0,90.0,False,90.0
2024-09-08 05:00:00,708776.0,90.0,False,90.0
2024-09-08 06:00:00,708864.0,88.0,False,88.0
2024-09-08 07:00:00,708954.0,90.0,False,90.0
2024-09-08 08:00:00,709050.0,96.0,False,96.0
2024-09-08 09:00:00,709185.0,135.0,False,135.0
2024-09-08 10:00:00,709363.0,178.0,False,178.0
2024-09-08 11:00:00,709560.0,197.0,False,197.0
2024-09-08 12:00:00,709754.0,194.0,False,194.0
2024-09-08 13:00:00,709941.0,187.0,False,187.0
2024-09-08 14:00:00,710121.0,180.0,False,180.0
2024-09-08 15:00:00,710304.0,183.0,False,183.0
2024-09-08 16:00:00,710497.0,193.0,False,193.0
2024-09-08 17:00:00,710699.0,202.0,False,202.0
2024-09-08 18:00:00,710899.0,200.0,False,200.0
2024-09-08 19:00:00,711093.0,194.0,False,194.0
2024-09-08 20:00:00,711280.0,187.0,False,187.0
2024-09-08 21:00:00,711463.0,183.0,False,183.0
2024-09-08 22:00:00,711627.0,164.0,False,164.0
2024-09-08 23:00:00,711798.0,171.0,False,171.0
2024-09-09 00:00:00,711927.0,129.0,False,129.0
2024-09-09 01:00:00,712029.0,102.0,False,102.0
2024-09-09 02:00:00,712120.0,91.0,False,91.0
2024-09-09 03:00:00,712212.0,92.0,False,92.0
2024-09-09 04:00:00,712303.0,91.0,False,91.0
2024-09-09 05:00:00,712392.0,89.0,False,89.0
2024-09-09 06:00:00,712478.0,86.0,False,86.0
2024-09-09 07:00:00,712559.0,81.0,False,81.0
2024-09-09 08:00:00,712642.0,83.0,False,83.0
2024-09-09 09:00:00,712767.0,125.0,False,125.0
2024-09-09 10:00:00,712951.0,184.0,False,184.0
2024-09-09 11:00:00,713155.0,204.0,False,204.0
2024-09-09 12:00:00,713367.0,212.0,False,212.0
2024-09-09 13:00:00,,,False,179.67
2024-09-09 14:00:00,713764.0,,False,177.0
2024-09-09 15:00:00,713970.0,206.0,False,206.0
2024-09-09 16:00:00,714188.0,218.0,False,218.0
2024-09-09 17:00:00,714384.0,196.0,False,196.0
2024-09-09 18:00:00,714562.0,178.0,False,178.0
2024-09-09 19:00:00,714727.0,165.0,False,165.0
2024-09-09 20:00:00,714877.0,150.0,False,150.0
2024-09-09 21:00:00,715016.0,139.0,False,139.0
2024-09-09 22:00:00,715159.0,143.0,False,143.0
2024-09-09 23:00:00,715286.0,127.0,False,127.0
2024-09-10 00:00:00,715395.0,109.0,False,109.0
2024-09-10 01:00:00,715480.0,85.0,False,85.0
2024-09-10 02:00:00,715556.0,76.0,False,76.0
2024-09-10 03:00:00,715627.0,71.0,False,71.0
2024-09-10 04:00:00,715692.0,65.0,False,65.0
2024-09-10 05:00:00,715758.0,66.0,False,66.0
2024-09-10 06:00:00,715819.0,61.0,False,61.0
2024-09-10 07:00:00,715881.0,62.0,False,62.0
2024-09-10 08:00:00,715952.0,71.0,False,71.0
2024-09-10 09:00:00,716059.0,107.0,False,107.0
2024-09-10 10:00:00,716215.0,156.0,False,156.0
2024-09-10 11:00:00,716396.0,181.0,False,181.0
2024-09-10 12:00:00,716583.0,187.0,False,187.0
2024-09-10 13:00:00,716765.0,182.0,False,182.0
2024-09-10 14:00:00,716940.0,175.0,False,175.0
2024-09-10 15:00:00,717125.0,185.0,False,185.0
2024-09-10 16:00:00,717331.0,206.0,False,206.0
2024-09-10 17:00:00,717553.0,222.0,False,222.0
2024-09-10 18:00:00,717770.0,217.0,False,217.0
2024-09-10 19:00:00,717957.0,187.0,False,187.0
2024-09-10 20:00:00,718141.0,184.0,False,184.0
2024-09-10 21:00:00,718314.0,173.0,False,173.0
2024-09-10 22:00:00,718473.0,159.0,False,159.0
2024-09-10 23:00:00,718615.0,142.0,False,142.0
2024-09-11 00:00:00,718733.0,118.0,False,118.0
2024-09-11 01:00:00,718826.0,93.0,False,93.0
2024-09-11 02:00:00,718904.0,78.0,False,78.0
2024-09-11 03:00:00,718979.0,75.0,False,75.0
2024-09-11 04:00:00,719051.0,72.0,False,72.0
2024-09-11 05:00:00,719121.0,70.0,False,70.0
2024-09-11 06:00:00,719189.0,68.0,False,68.0
2024-09-11 07:00:00,719256.0,67.0,False,67.0
2024-09-11 08:00:00,719332.0,76.0,False,76.0
2024-09-11 09:00:00,719465.0,133.0,False,133.0
2024-09-11 10:00:00,719662.0,197.0,False,197.0
2024-09-11 11:00:00,,,False,184.29
2024-09-11 12:00:00,,,False,189.43
2024-09-11 13:00:00,720199.0,,False,173.0
2024-09-11 14:00:00,720371.0,172.0,False,172.0
2024-09-11 15:00:00,720560.0,189.0,False,189.0
2024-09-11 16:00:00,,,False,211.71
2024-09-11 17:00:00,720990.0,,False,214.5
2024-09-11 18:00:00,721198.0,208.0,False,208.0
2024-09-11 19:00:00,721392.0,194.0,False,194.0
2024-09-11 20:00:00,721591.0,199.0,False,199.0
2024-09-11 21:00:00,721789.0,198.0,False,198.0
2024-09-11 22:00:00,721956.0,167.0,False,167.0
2024-09-11 23:00:00,722105.0,149.0,False,149.0
2024-09-12 00:00:00,722232.0,127.0,False,127.0
2024-09-12 01:00:00,722331.0,99.0,False,99.0
2024-09-12 02:00:00,,,False,84.86
2024-09-12 03:00:00,722479.0,,False,81.0
2024-09-12 04:00:00,722545.0,66.0,False,66.0
2024-09-12 05:00:00,722608.0,63.0,False,63.0
2024-09-12 06:00:00,722671.0,63.0,False,63.0
2024-09-12 07:00:00,722733.0,62.0,False,62.0
2024-09-12 08:00:00,722801.0,68.0,False,68.0
2024-09-12 09:00:00,722895.0,94.0,False,94.0
2024-09-12 10:00:00,723046.0,151.0,False,151.0
2024-09-12 11:00:00,723227.0,181.0,False,181.0
2024-09-12 12:00:00,723411.0,184.0,False,184.0
2024-09-12 13:00:00,723578.0,167.0,False,167.0
2024-09-12 14:00:00,723748.0,170.0,False,170.0
2024-09-12 15:00:00,723951.0,203.0,False,203.0
2024-09-12 16:00:00,724157.0,206.0,False,206.0
2024-09-12 17:00:00,724373.0,216.0,False,216.0
2024-09-12 18:00:00,724585.0,212.0,False,212.0
2024-09-12 19:00:00,724780.0,195.0,False,195.0
2024-09-12 20:00:00,724953.0,173.0,False,173.0
2024-09-12 21:00:00,725115.0,162.0,False,162.0
2024-09-12 22:00:00,725269.0,154.0,False,154.0
2024-09-12 23:00:00,725420.0,151.0,False,151.0
2024-09-13 00:00:00,725542.0,122.0,False,122.0
2024-09-13 01:00:00,725649.0,107.0,False,107.0
2024-09-13 02:00:00,725737.0,88.0,False,88.0
2024-09-13 03:00:00,725814.0,77.0,False,77.0
2024-09-13 04:00:00,725889.0,75.0,False,75.0
2024-09-13 05:00:00,725961.0,72.0,False,72.0
2024-09-13 06:00:00,726034.0,73.0,False,73.0
2024-09-13 07:00:00,726105.0,71.0,False,71.0
2024-09-13 08:00:00,726177.0,72.0,False,72.0
2024-09-13 09:00:00,726288.0,111.0,False,111.0
2024-09-13 10:00:00,726446.0,158.0,False,158.0
2024-09-13 11:00:00,726626.0,180.0,False,180.0
2024-09-13 12:00:00,726805.0,179.0,False,179.0
2024-09-13 13:00:00,726977.0,172.0,False,172.0
2024-09-13 14:00:00,727151.0,174.0,False,174.0
2024-09-13 15:00:00,727334.0,183.0,False,183.0
2024-09-13 16:00:00,727534.0,200.0,False,200.0
2024-09-13 17:00:00,727721.0,187.0,False,187.0
2024-09-13 18:00:00,727898.0,177.0,False,177.0
2024-09-13 19:00:00,728061.0,163.0,False,163.0
2024-09-13 20:00:00,728219.0,158.0,False,158.0
2024-09-13 21:00:00,728370.0,151.0,False,151.0
2024-09-13 22:00:00,728519.0,149.0,False,149.0
2024-09-13 23:00:00,728657.0,138.0,False,138.0
2024-09-14 00:00:00,728774.0,117.0,False,117.0
2024-09-14 01:00:00,728880.0,106.0,False,106.0
2024-09-14 02:00:00,728970.0,90.0,False,90.0
2024-09-14 03:00:00,729053.0,83.0,False,83.0
2024-09-14 04:00:00,729134.0,81.0,False,81.0
2024-09-14 05:00:00,729213.0,79.0,False,79.0
2024-09-14 06:00:00,729293.0,80.0,False,80.0
2024-09-14 07:00:00,729370.0,77.0,False,77.0
2024-09-14 08:00:00,729448.0,78.0,False,78.0
2024-09-14 09:00:00,729554.0,106.0,False,106.0
2024-09-14 10:00:00,729697.0,143.0,False,143.0
2024-09-14 11:00:00,729870.0,173.0,False,173.0
2024-09-14 12:00:00,730051.0,181.0,False,181.0
2024-09-14 13:00:00,730214.0,163.0,False,163.0
2024-09-14 14:00:00,730379.0,165.0,False,165.0
2024-09-14 15:00:00,730558.0,179.0,False,179.0
2024-09-14 16:00:00,730755.0,197.0,False,197.0
2024-09-14 17:00:00,730957.0,202.0,False,202.0
2024-09-14 18:00:00,731144.0,187.0,False,187.0
2024-09-14 19:00:00,731316.0,172.0,False,172.0
2024-09-14 20:00:00,731478.0,162.0,False,162.0
2024-09-14 21:00:00,731634.0,156.0,False,156.0
2024-09-14 22:00:00,731785.0,151.0,False,151.0
2024-09-14 23:00:00,731926.0,141.0,False,141.0
2024-09-15 00:00:00,732051.0,125.0,False,125.0
2024-09-15 01:00:00,732156.0,105.0,False,105.0
2024-09-15 02:00:00,732240.0,84.0,False,84.0
2024-09-15 03:00:00,732314.0,74.0,False,74.0
2024-09-15 04:00:00,732387.0,73.0,False,73.0
2024-09-15 05:00:00,732459.0,72.0,False,72.0
2024-09-15 06:00:00,732529.0,70.0,False,70.0
2024-09-15 07:00:00,732601.0,72.0,False,72.0
2024-09-15 08:00:00,732675.0,74.0,False,74.0
2024-09-15 09:00:00,732755.0,80.0,False,80.0
2024-09-15 10:00:00,732853.0,98.0,False,98.0
2024-09-15 11:00:00,732975.0,122.0,False,122.0
2024-09-15 12:00:00,733114.0,139.0,False,139.0
2024-09-15 13:00:00,733252.0,138.0,False,138.0
2024-09-15 14:00:00,733397.0,145.0,False,145.0
2024-09-15 15:00:00,733556.0,159.0,False,159.0
2024-09-15 16:00:00,733722.0,166.0,False,166.0
2024-09-15 17:00:00,733884.0,162.0,False,162.0
2024-09-15 18:00:00,734036.0,152.0,False,152.0
2024-09-15 19:00:00,734176.0,140.0,False,140.0
2024-09-15 20:00:00,734316.0,140.0,False,140.0
2024-09-15 21:00:00,734454.0,138.0,False,138.0
2024-09-15 22:00:00,734592.0,138.0,False,138.0
2024-09-15 23:00:00,734711.0,119.0,False,119.0
2024-09-16 00:00:00,734811.0,100.0,False,100.0
2024-09-16 01:00:00,734898.0,87.0,False,87.0
2024-09-16 02:00:00,734969.0,71.0,False,71.0
2024-09-16 03:00:00,735035.0,66.0,False,66.0
2024-09-16 04:00:00,735099.0,64.0,False,64.0
2024-09-16 05:00:00,735163.0,64.0,False,64.0
2024-09-16 06:00:00,735226.0,63.0,False,63.0
2024-09-16 07:00:00,735288.0,62.0,False,62.0
2024-09-16 08:00:00,735352.0,64.0,False,64.0
2024-09-16 09:00:00,735426.0,74.0,False,74.0
2024-09-16 10:00:00,735524.0,98.0,False,98.0
2024-09-16 11:00:00,735651.0,127.0,False,127.0
2024-09-16 12:00:00,735785.0,134.0,False,134.0
2024-09-16 13:00:00,735910.0,125.0,False,125.0
2024-09-16 14:00:00,736037.0,127.0,False,127.0
2024-09-16 15:00:00,736168.0,131.0,False,131.0
2024-09-16 16:00:00,736304.0,136.0,False,136.0
2024-09-16 17:00:00,736438.0,134.0,False,134.0
2024-09-16 18:00:00,736578.0,140.0,False,140.0
2024-09-16 19:00:00,736705.0,127.0,False,127.0
2024-09-16 20:00:00,736826.0,121.0,False,121.0
2024-09-16 21:00:00,736945.0,119.0,False,119.0
2024-09-16 22:00:00,737055.0,110.0,False,110.0
2024-09-16 23:00:00,737159.0,104.0,False,104.0
2024-09-17 00:00:00,737244.0,85.0,False,85.0
2024-09-17 01:00:00,737322.0,78.0,False,78.0
2024-09-17 02:00:00,737393.0,71.0,False,71.0
2024-09-17 03:00:00,737458.0,65.0,False,65.0
2024-09-17 04:00:00,737522.0,64.0,False,64.0
2024-09-17 05:00:00,737581.0,59.0,False,59.0
2024-09-17 06:00:00,737639.0,58.0,False,58.0
2024-09-17 07:00:00,737693.0,54.0,False,54.0
2024-09-17 08:00:00,737755.0,62.0,False,62.0
2024-09-17 09:00:00,737821.0,66.0,False,66.0
2024-09-17 10:00:00,737906.0,85.0,False,85.0
2024-09-17 11:00:00,738009.0,103.0,False,103.0
2024-09-17 12:00:00,738130.0,121.0,False,121.0
2024-09-17 13:00:00,738259.0,129.0,False,129.0
2024-09-17 14:00:00,738393.0,134.0,False,134.0
2024-09-17 15:00:00,738528.0,135.0,False,135.0
2024-09-17 16:00:00,738670.0,142.0,False,142.0
2024-09-17 17:00:00,738816.0,146.0,False,146.0
2024-09-17 18:00:00,738959.0,143.0,False,143.0
2024-09-17 19:00:00,739094.0,135.0,False,135.0
2024-09-17 20:00:00,739225.0,131.0,False,131.0
2024-09-17 21:00:00,739356.0,131.0,False,131.0
2024-09-17 22:00:00,739478.0,122.0,False,122.0
2024-09-17 23:00:00,739581.0,103.0,False,103.0
2024-09-18 00:00:00,739666.0,85.0,False,85.0
2024-09-18 01:00:00,739744.0,78.0,False,78.0
2024-09-18 02:00:00,739815.0,71.0,False,71.0
2024-09-18 03:00:00,739880.0,65.0,False,65.0
2024-09-18 04:00:00,739945.0,65.0,False,65.0
2024-09-18 05:00:00,740010.0,65.0,False,65.0
2024-09-18 06:00:00,740071.0,61.0,False,61.0
2024-09-18 07:00:00,740132.0,61.0,False,61.0
2024-09-18 08:00:00,740203.0,71.0,False,71.0
2024-09-18 09:00:00,740320.0,117.0,False,117.0
2024-09-18 10:00:00,740496.0,176.0,False,176.0
2024-09-18 11:00:00,740695.0,199.0,False,199.0
2024-09-18 12:00:00,740879.0,184.0,False,184.0
2024-09-18 13:00:00,741040.0,161.0,False,161.0
2024-09-18 14:00:00,741195.0,155.0,False,155.0
2024-09-18 15:00:00,741367.0,172.0,False,172.0
2024-09-18 16:00:00,741564.0,197.0,False,197.0
2024-09-18 17:00:00,741768.0,204.0,False,204.0
2024-09-18 18:00:00,741976.0,208.0,False,208.0
2024-09-18 19:00:00,,,False,160.86
2024-09-18 20:00:00,742323.0,,False,154.86
2024-09-18 21:00:00,742491.0,168.0,False,168.0
2024-09-18 22:00:00,742661.0,170.0,False,170.0
2024-09-18 23:00:00,742806.0,145.0,False,145.0
2024-09-19 00:00:00,742914.0,108.0,False,108.0
2024-09-19 01:00:00,743008.0,94.0,False,94.0
2024-09-19 02:00:00,743090.0,82.0,False,82.0
2024-09-19 03:00:00,743162.0,72.0,False,72.0
2024-09-19 04:00:00,743231.0,69.0,False,69.0
2024-09-19 05:00:00,743298.0,67.0,False,67.0
2024-09-19 06:00:00,743363.0,65.0,False,65.0
2024-09-19 07:00:00,743428.0,65.0,False,65.0
2024-09-19 08:00:00,743504.0,76.0,False,76.0
2024-09-19 09:00:00,743612.0,108.0,False,108.0
2024-09-19 10:00:00,743751.0,139.0,False,139.0
2024-09-19 11:00:00,743928.0,177.0,False,177.0
2024-09-19 12:00:00,744111.0,183.0,False,183.0
2024-09-19 13:00:00,744291.0,180.0,False,180.0
2024-09-19 14:00:00,744471.0,180.0,False,180.0
2024-09-19 15:00:00,744672.0,201.0,False,201.0
2024-09-19 16:00:00,744893.0,221.0,False,221.0
2024-09-19 17:00:00,745110.0,217.0,False,217.0
2024-09-19 18:00:00,745333.0,223.0,False,223.0
2024-09-19 19:00:00,745536.0,203.0,False,203.0
2024-09-19 20:00:00,745722.0,186.0,False,186.0
2024-09-19 21:00:00,745897.0,175.0,False,175.0
2024-09-19 22:00:00,746066.0,169.0,False,169.0
2024-09-19 23:00:00,746208.0,142.0,False,142.0
2024-09-20 00:00:00,746318.0,110.0,False,110.0
2024-09-20 01:00:00,746406.0,88.0,False,88.0
2024-09-20 02:00:00,746481.0,75.0,False,75.0
2024-09-20 03:00:00,746552.0,71.0,False,71.0
2024-09-20 04:00:00,746621.0,69.0,False,69.0
2024-09-20 05:00:00,746688.0,67.0,False,67.0
2024-09-20 06:00:00,746756.0,68.0,False,68.0
2024-09-20 07:00:00,746828.0,72.0,False,72.0
2024-09-20 08:00:00,746904.0,76.0,False,76.0
2024-09-20 09:00:00,747016.0,112.0,False,112.0
2024-09-20 10:00:00,747151.0,135.0,False,135.0
2024-09-20 11:00:00,747304.0,153.0,False,153.0
2024-09-20 12:00:00,747459.0,155.0,False,155.0
2024-09-20 13:00:00,747600.0,141.0,False,141.0
2024-09-20 14:00:00,747741.0,141.0,False,141.0
2024-09-20 15:00:00,747886.0,145.0,False,145.0
2024-09-20 16:00:00,748047.0,161.0,False,161.0
2024-09-20 17:00:00,748229.0,182.0,False,182.0
2024-09-20 18:00:00,748394.0,165.0,False,165.0
2024-09-20 19:00:00,748560.0,166.0,False,166.0
2024-09-20 20:00:00,748713.0,153.0,False,153.0
2024-09-20 21:00:00,748856.0,143.0,False,143.0
2024-09-20 22:00:00,748990.0,134.0,False,134.0
2024-09-20 23:00:00,749118.0,128.0,False,128.0
2024-09-21 00:00:00,749232.0,114.0,False,114.0
2024-09-21 01:00:00,749328.0,96.0,False,96.0
2024-09-21 02:00:00,749412.0,84.0,False,84.0
2024-09-21 03:00:00,749493.0,81.0,False,81.0
2024-09-21 04:00:00,749571.0,78.0,False,78.0
2024-09-21 05:00:00,749646.0,75.0,False,75.0
2024-09-21 06:00:00,749719.0,73.0,False,73.0
2024-09-21 07:00:00,749791.0,72.0,False,72.0
2024-09-21 08:00:00,749865.0,74.0,False,74.0
2024-09-21 09:00:00,749953.0,88.0,False,88.0
2024-09-21 10:00:00,750064.0,111.0,False,111.0
2024-09-21 11:00:00,750187.0,123.0,False,123.0
2024-09-21 12:00:00,750308.0,121.0,False,121.0
2024-09-21 13:00:00,750426.0,118.0,False,118.0
2024-09-21 14:00:00,750563.0,137.0,False,137.0
2024-09-21 15:00:00,750723.0,160.0,False,160.0
2024-09-21 16:00:00,750889.0,166.0,False,166.0
2024-09-21 17:00:00,751057.0,168.0,False,168.0
2024-09-21 18:00:00,751208.0,151.0,False,151.0
2024-09-21 19:00:00,751353.0,145.0,False,145.0
2024-09-21 20:00:00,751485.0,132.0,False,132.0
2024-09-21 21:00:00,751612.0,127.0,False,127.0
2024-09-21 22:00:00,751737.0,125.0,False,125.0
2024-09-21 23:00:00,751856.0,119.0,False,119.0
2024-09-22 00:00:00,751962.0,106.0,False,106.0
2024-09-22 01:00:00,752056.0,94.0,False,94.0
2024-09-22 02:00:00,752131.0,75.0,False,75.0
2024-09-22 03:00:00,752201.0,70.0,False,70.0
2024-09-22 04:00:00,752271.0,70.0,False,70.0
2024-09-22 05:00:00,752342.0,71.0,False,71.0
2024-09-22 06:00:00,752410.0,68.0,False,68.0
2024-09-22 07:00:00,752478.0,68.0,False,68.0
2024-09-22 08:00:00,752546.0,68.0,False,68.0
2024-09-22 09:00:00,752623.0,77.0,False,77.0
2024-09-22 10:00:00,752715.0,92.0,False,92.0
2024-09-22 11:00:00,752814.0,99.0,False,99.0
2024-09-22 12:00:00,752916.0,102.0,False,102.0
2024-09-22 13:00:00,753020.0,104.0,False,104.0
2024-09-22 14:00:00,753128.0,108.0,False,108.0
2024-09-22 15:00:00,753241.0,113.0,False,113.0
2024-09-22 16:00:00,753358.0,117.0,False,117.0
2024-09-22 17:00:00,753480.0,122.0,False,122.0
2024-09-22 18:00:00,753605.0,125.0,False,125.0
2024-09-22 19:00:00,753728.0,123.0,False,123.0
2024-09-22 20:00:00,753845.0,117.0,False,117.0
2024-09-22 21:00:00,753959.0,114.0,False,114.0
2024-09-22 22:00:00,754071.0,112.0,False,112.0
2024-09-22 23:00:00,754176.0,105.0,False,105.0
2024-09-23 00:00:00,754267.0,91.0,False,91.0
2024-09-23 01:00:00,754351.0,84.0,False,84.0
2024-09-23 02:00:00,754425.0,74.0,False,74.0
2024-09-23 03:00:00,754491.0,66.0,False,66.0
2024-09-23 04:00:00,754558.0,67.0,False,67.0
2024-09-23 05:00:00,754623.0,65.0,False,65.0
2024-09-23 06:00:00,754685.0,62.0,False,62.0
2024-09-23 07:00:00,754748.0,63.0,False,63.0
2024-09-23 08:00:00,754814.0,66.0,False,66.0
2024-09-23 09:00:00,754899.0,85.0,False,85.0
2024-09-23 10:00:00,755005.0,106.0,False,106.0
2024-09-23 11:00:00,755135.0,130.0,False,130.0
2024-09-23 12:00:00,755266.0,131.0,False,131.0
2024-09-23 13:00:00,755388.0,122.0,False,122.0
2024-09-23 14:00:00,755510.0,122.0,False,122.0
2024-09-23 15:00:00,755639.0,129.0,False,129.0
2024-09-23 16:00:00,755783.0,144.0,False,144.0
2024-09-23 17:00:00,755922.0,139.0,False,139.0
2024-09-23 18:00:00,756061.0,139.0,False,139.0
2024-09-23 19:00:00,756193.0,132.0,False,132.0
2024-09-23 20:00:00,756330.0,137.0,False,137.0
2024-09-23 21:00:00,756464.0,134.0,False,134.0
2024-09-23 22:00:00,756585.0,121.0,False,121.0
2024-09-23 23:00:00,756695.0,110.0,False,110.0
2024-09-24 00:00:00,756788.0,93.0,False,93.0
2024-09-24 01:00:00,756869.0,81.0,False,81.0
2024-09-24 02:00:00,756942.0,73.0,False,73.0
2024-09-24 03:00:00,757010.0,68.0,False,68.0
2024-09-24 04:00:00,757078.0,68.0,False,68.0
2024-09-24 05:00:00,757144.0,66.0,False,66.0
2024-09-24 06:00:00,757210.0,66.0,False,66.0
2024-09-24 07:00:00,757272.0,62.0,False,62.0
2024-09-24 08:00:00,757342.0,70.0,False,70.0
2024-09-24 09:00:00,757431.0,89.0,False,89.0
2024-09-24 10:00:00,757541.0,110.0,False,110.0
2024-09-24 11:00:00,757662.0,121.0,False,121.0
2024-09-24 12:00:00,757793.0,131.0,False,131.0
2024-09-24 13:00:00,757918.0,125.0,False,125.0
2024-09-24 14:00:00,758048.0,130.0,False,130.0
2024-09-24 15:00:00,758193.0,145.0,False,145.0
2024-09-24 16:00:00,758347.0,154.0,False,154.0
2024-09-24 17:00:00,758508.0,161.0,False,161.0
2024-09-24 18:00:00,758673.0,165.0,False,165.0
2024-09-24 19:00:00,758819.0,146.0,False,146.0
2024-09-24 20:00:00,758953.0,134.0,False,134.0
2024-09-24 21:00:00,759077.0,124.0,False,124.0
2024-09-24 22:00:00,759187.0,110.0,False,110.0
2024-09-24 23:00:00,759296.0,109.0,False,109.0
2024-09-25 00:00:00,759402.0,106.0,False,106.0
2024-09-25 01:00:00,759492.0,90.0,False,90.0
2024-09-25 02:00:00,759567.0,75.0,False,75.0
2024-09-25 03:00:00,759635.0,68.0,False,68.0
2024-09-25 04:00:00,759699.0,64.0,False,64.0
2024-09-25 05:00:00,759762.0,63.0,False,63.0
2024-09-25 06:00:00,759825.0,63.0,False,63.0
2024-09-25 07:00:00,759886.0,61.0,False,61.0
2024-09-25 08:00:00,759950.0,64.0,False,64.0
2024-09-25 09:00:00,760036.0,86.0,False,86.0
2024-09-25 10:00:00,760142.0,106.0,False,106.0
2024-09-25 11:00:00,760264.0,122.0,False,122.0
2024-09-25 12:00:00,760397.0,133.0,False,133.0
2024-09-25 13:00:00,760521.0,124.0,False,124.0
2024-09-25 14:00:00,760650.0,129.0,False,129.0
2024-09-25 15:00:00,760790.0,140.0,False,140.0
2024-09-25 16:00:00,,,False,165.71
2024-09-25 17:00:00,761124.0,,False,170.43
2024-09-25 18:00:00,761308.0,184.0,False,184.0
2024-09-25 19:00:00,761456.0,148.0,False,148.0
2024-09-25 20:00:00,761594.0,138.0,False,138.0
2024-09-25 21:00:00,761729.0,135.0,False,135.0
2024-09-25 22:00:00,761866.0,137.0,False,137.0
2024-09-25 23:00:00,761990.0,124.0,False,124.0
2024-09-26 00:00:00,762100.0,110.0,False,110.0
2024-09-26 01:00:00,762193.0,93.0,False,93.0
2024-09-26 02:00:00,762272.0,79.0,False,79.0
2024-09-26 03:00:00,762347.0,75.0,False,75.0
2024-09-26 04:00:00,762418.0,71.0,False,71.0
2024-09-26 05:00:00,762489.0,71.0,False,71.0
2024-09-26 06:00:00,762558.0,69.0,False,69.0
2024-09-26 07:00:00,762622.0,64.0,False,64.0
2024-09-26 08:00:00,762690.0,68.0,False,68.0
2024-09-26 09:00:00,762775.0,85.0,False,85.0
2024-09-26 10:00:00,762882.0,107.0,False,107.0
2024-09-26 11:00:00,763013.0,131.0,False,131.0
2024-09-26 12:00:00,763157.0,144.0,False,144.0
2024-09-26 13:00:00,763299.0,142.0,False,142.0
2024-09-26 14:00:00,763435.0,136.0,False,136.0
2024-09-26 15:00:00,763585.0,150.0,False,150.0
2024-09-26 16:00:00,763750.0,165.0,False,165.0
2024-09-26 17:00:00,763930.0,180.0,False,180.0
2024-09-26 18:00:00,764104.0,174.0,False,174.0
2024-09-26 19:00:00,764256.0,152.0,False,152.0
2024-09-26 20:00:00,764397.0,141.0,False,141.0
2024-09-26 21:00:00,764533.0,136.0,False,136.0
2024-09-26 22:00:00,764664.0,131.0,False,131.0
2024-09-26 23:00:00,764788.0,124.0,False,124.0
2024-09-27 00:00:00,764893.0,105.0,False,105.0
2024-09-27 01:00:00,764980.0,87.0,False,87.0
2024-09-27 02:00:00,765053.0,73.0,False,73.0
2024-09-27 03:00:00,765119.0,66.0,False,66.0
2024-09-27 04:00:00,765181.0,62.0,False,62.0
2024-09-27 05:00:00,765244.0,63.0,False,63.0
2024-09-27 06:00:00,765301.0,57.0,False,57.0
2024-09-27 07:00:00,765359.0,58.0,False,58.0
2024-09-27 08:00:00,765422.0,63.0,False,63.0
2024-09-27 09:00:00,765506.0,84.0,False,84.0
2024-09-27 10:00:00,765616.0,110.0,False,110.0
2024-09-27 11:00:00,765745.0,129.0,False,129.0
2024-09-27 12:00:00,765874.0,129.0,False,129.0
2024-09-27 13:00:00,766007.0,133.0,False,133.0
2024-09-27 14:00:00,766144.0,137.0,False,137.0
2024-09-27 15:00:00,766296.0,152.0,False,152.0
2024-09-27 16:00:00,766462.0,166.0,False,166.0
2024-09-27 17:00:00,766634.0,172.0,False,172.0
2024-09-27 18:00:00,766803.0,169.0,False,169.0
2024-09-27 19:00:00,766966.0,163.0,False,163.0
2024-09-27 20:00:00,767111.0,145.0,False,145.0
2024-09-27 21:00:00,767247.0,136.0,False,136.0
2024-09-27 22:00:00,767374.0,127.0,False,127.0
2024-09-27 23:00:00,767489.0,115.0,False,115.0
2024-09-28 00:00:00,767591.0,102.0,False,102.0
2024-09-28 01:00:00,767678.0,87.0,False,87.0
2024-09-28 02:00:00,767754.0,76.0,False,76.0
2024-09-28 03:00:00,767827.0,73.0,False,73.0
2024-09-28 04:00:00,767896.0,69.0,False,69.0
2024-09-28 05:00:00,767965.0,69.0,False,69.0
2024-09-28 06:00:00,768032.0,67.0,False,67.0
2024-09-28 07:00:00,768098.0,66.0,False,66.0
2024-09-28 08:00:00,768165.0,67.0,False,67.0
2024-09-28 09:00:00,768248.0,83.0,False,83.0
2024-09-28 10:00:00,768347.0,99.0,False,99.0
2024-09-28 11:00:00,768460.0,113.0,False,113.0
2024-09-28 12:00:00,768585.0,125.0,False,125.0
2024-09-28 13:00:00,768705.0,120.0,False,120.0
2024-09-28 14:00:00,768836.0,131.0,False,131.0
2024-09-28 15:00:00,768970.0,134.0,False,134.0
2024-09-28 16:00:00,769128.0,158.0,False,158.0
2024-09-28 17:00:00,769290.0,162.0,False,162.0
2024-09-28 18:00:00,769441.0,151.0,False,151.0
2024-09-28 19:00:00,769585.0,144.0,False,144.0
2024-09-28 20:00:00,769730.0,145.0,False,145.0
2024-09-28 21:00:00,769863.0,133.0,False,133.0
2024-09-28 22:00:00,769994.0,131.0,False,131.0
2024-09-28 23:00:00,770114.0,120.0,False,120.0
2024-09-29 00:00:00,770225.0,111.0,False,111.0
2024-09-29 01:00:00,770318.0,93.0,False,93.0
2024-09-29 02:00:00,770392.0,74.0,False,74.0
2024-09-29 03:00:00,770464.0,72.0,False,72.0
2024-09-29 04:00:00,770535.0,71.0,False,71.0
2024-09-29 05:00:00,770604.0,69.0,False,69.0
2024-09-29 06:00:00,770673.0,69.0,False,69.0
2024-09-29 07:00:00,770743.0,70.0,False,70.0
2024-09-29 08:00:00,770814.0,71.0,False,71.0
2024-09-29 09:00:00,770903.0,89.0,False,89.0
2024-09-29 10:00:00,771010.0,107.0,False,107.0
2024-09-29 11:00:00,771118.0,108.0,False,108.0
2024-09-29 12:00:00,771242.0,124.0,False,124.0
2024-09-29 13:00:00,771346.0,104.0,False,104.0
2024-09-29 14:00:00,771453.0,107.0,False,107.0
2024-09-29 15:00:00,771552.0,99.0,False,99.0
2024-09-29 16:00:00,771681.0,129.0,False,129.0
2024-09-29 17:00:00,771803.0,122.0,False,122.0
2024-09-29 18:00:00,,,False,158.14
2024-09-29 19:00:00,772034.0,,False,144.0
2024-09-29 20:00:00,772133.0,99.0,False,99.0
2024-09-29 21:00:00,772237.0,104.0,False,104.0
2024-09-29 22:00:00,772323.0,86.0,False,86.0
2024-09-29 23:00:00,772406.0,83.0,False,83.0
2024-09-30 00:00:00,772477.0,71.0,False,71.0
2024-09-30 01:00:00,772542.0,65.0,False,65.0
2024-09-30 02:00:00,772602.0,60.0,False,60.0
2024-09-30 03:00:00,772662.0,60.0,False,60.0
2024-09-30 04:00:00,772720.0,58.0,False,58.0
2024-09-30 05:00:00,772780.0,60.0,False,60.0
2024-09-30 06:00:00,772837.0,57.0,False,57.0
2024-09-30 07:00:00,772894.0,57.0,False,57.0
2024-09-30 08:00:00,772955.0,61.0,False,61.0
2024-09-30 09:00:00,773028.0,73.0,False,73.0
2024-09-30 10:00:00,773111.0,83.0,False,83.0
2024-09-30 11:00:00,,,False,122.0
2024-09-30 12:00:00,773308.0,,False,131.0
2024-09-30 13:00:00,773405.0,97.0,False,97.0
2024-09-30 14:00:00,773499.0,94.0,False,94.0
2024-09-30 15:00:00,773600.0,101.0,False,101.0
2024-09-30 16:00:00,773701.0,101.0,False,101.0
2024-09-30 17:00:00,773810.0,109.0,False,109.0
2024-09-30 18:00:00,773920.0,110.0,False,110.0
2024-09-30 19:00:00,774027.0,107.0,False,107.0
2024-09-30 20:00:00,774137.0,110.0,False,110.0
2024-09-30 21:00:00,774242.0,105.0,False,105.0
2024-09-30 22:00:00,774342.0,100.0,False,100.0
2024-09-30 23:00:00,774436.0,94.0,False,94.0
2024-10-01 00:00:00,774507.0,71.0,False,71.0
2024-10-01 01:00:00,774571.0,64.0,False,64.0
2024-10-01 02:00:00,774628.0,57.0,False,57.0
2024-10-01 03:00:00,774684.0,56.0,False,56.0
2024-10-01 04:00:00,774740.0,56.0,False,56.0
2024-10-01 05:00:00,774795.0,55.0,False,55.0
2024-10-01 06:00:00,774850.0,55.0,False,55.0
2024-10-01 07:00:00,774906.0,56.0,False,56.0
2024-10-01 08:00:00,774962.0,56.0,False,56.0
2024-10-01 09:00:00,775020.0,58.0,False,58.0
2024-10-01 10:00:00,775091.0,71.0,False,71.0
2024-10-01 11:00:00,775170.0,79.0,False,79.0
2024-10-01 12:00:00,775257.0,87.0,False,87.0
2024-10-01 13:00:00,775335.0,78.0,False,78.0
2024-10-01 14:00:00,775410.0,75.0,False,75.0
2024-10-01 15:00:00,775493.0,83.0,False,83.0
2024-10-01 16:00:00,775581.0,88.0,False,88.0
2024-10-01 17:00:00,775669.0,88.0,False,88.0
2024-10-01 18:00:00,775758.0,89.0,False,89.0
2024-10-01 19:00:00,775844.0,86.0,False,86.0
2024-10-01 20:00:00,775935.0,91.0,False,91.0
2024-10-01 21:00:00,776021.0,86.0,False,86.0
2024-10-01 22:00:00,776108.0,87.0,False,87.0
2024-10-01 23:00:00,776194.0,86.0,False,86.0
2024-10-02 00:00:00,776266.0,72.0,False,72.0
2024-10-02 01:00:00,776332.0,66.0,False,66.0
2024-10-02 02:00:00,776395.0,63.0,False,63.0
2024-10-02 03:00:00,776456.0,61.0,False,61.0
2024-10-02 04:00:00,776518.0,62.0,False,62.0
2024-10-02 05:00:00,776577.0,59.0,False,59.0
2024-10-02 06:00:00,776636.0,59.0,False,59.0
2024-10-02 07:00:00,776696.0,60.0,False,60.0
2024-10-02 08:00:00,776753.0,57.0,False,57.0
2024-10-02 09:00:00,776817.0,64.0,False,64.0
2024-10-02 10:00:00,776886.0,69.0,False,69.0
2024-10-02 11:00:00,776965.0,79.0,False,79.0
2024-10-02 12:00:00,777046.0,81.0,False,81.0
2024-10-02 13:00:00,777126.0,80.0,False,80.0
2024-10-02 14:00:00,777204.0,78.0,False,78.0
2024-10-02 15:00:00,777284.0,80.0,False,80.0
2024-10-02 16:00:00,777366.0,82.0,False,82.0
2024-10-02 17:00:00,777453.0,87.0,False,87.0
2024-10-02 18:00:00,777537.0,84.0,False,84.0
2024-10-02 19:00:00,777614.0,77.0,False,77.0
2024-10-02 20:00:00,777693.0,79.0,False,79.0
2024-10-02 21:00:00,777770.0,77.0,False,77.0
2024-10-02 22:00:00,777850.0,80.0,False,80.0
2024-10-02 23:00:00,777930.0,80.0,False,80.0
2024-10-03 00:00:00,777995.0,65.0,False,65.0
2024-10-03 01:00:00,778054.0,59.0,False,59.0
2024-10-03 02:00:00,778108.0,54.0,False,54.0
2024-10-03 03:00:00,778163.0,55.0,False,55.0
2024-10-03 04:00:00,778216.0,53.0,False,53.0
2024-10-03 05:00:00,778270.0,54.0,False,54.0
2024-10-03 06:00:00,778321.0,51.0,False,51.0
2024-10-03 07:00:00,778374.0,53.0,False,53.0
2024-10-03 08:00:00,778425.0,51.0,False,51.0
2024-10-03 09:00:00,778483.0,58.0,False,58.0
2024-10-03 10:00:00,778549.0,66.0,False,66.0
2024-10-03 11:00:00,778624.0,75.0,False,75.0
2024-10-03 12:00:00,778698.0,74.0,False,74.0
2024-10-03 13:00:00,778771.0,73.0,False,73.0
2024-10-03 14:00:00,778848.0,77.0,False,77.0
2024-10-03 15:00:00,778926.0,78.0,False,78.0
2024-10-03 16:00:00,779009.0,83.0,False,83.0
2024-10-03 17:00:00,779090.0,81.0,False,81.0
2024-10-03 18:00:00,779173.0,83.0,False,83.0
2024-10-03 19:00:00,779254.0,81.0,False,81.0
2024-10-03 20:00:00,779344.0,90.0,False,90.0
2024-10-03 21:00:00,779431.0,87.0,False,87.0
2024-10-03 22:00:00,779512.0,81.0,False,81.0
2024-10-03 23:00:00,779590.0,78.0,False,78.0
2024-10-04 00:00:00,779652.0,62.0,False,62.0
2024-10-04 01:00:00,779711.0,59.0,False,59.0
2024-10-04 02:00:00,779768.0,57.0,False,57.0
2024-10-04 03:00:00,779822.0,54.0,False,54.0
2024-10-04 04:00:00,779876.0,54.0,False,54.0
2024-10-04 05:00:00,779931.0,55.0,False,55.0
2024-10-04 06:00:00,779987.0,56.0,False,56.0
2024-10-04 07:00:00,780042.0,55.0,False,55.0
2024-10-04 08:00:00,780097.0,55.0,False,55.0
2024-10-04 09:00:00,780155.0,58.0,False,58.0
2024-10-04 10:00:00,780218.0,63.0,False,63.0
2024-10-04 11:00:00,780289.0,71.0,False,71.0
2024-10-04 12:00:00,780367.0,78.0,False,78.0
2024-10-04 13:00:00,780441.0,74.0,False,74.0
2024-10-04 14:00:00,780515.0,74.0,False,74.0
2024-10-04 15:00:00,780589.0,74.0,False,74.0
2024-10-04 16:00:00,780671.0,82.0,False,82.0
2024-10-04 17:00:00,780757.0,86.0,False,86.0
2024-10-04 18:00:00,780841.0,84.0,False,84.0
2024-10-04 19:00:00,780924.0,83.0,False,83.0
2024-10-04 20:00:00,781010.0,86.0,False,86.0
2024-10-04 21:00:00,781095.0,85.0,False,85.0
2024-10-04 22:00:00,781185.0,90.0,False,90.0
2024-10-04 23:00:00,781271.0,86.0,False,86.0
2024-10-05 00:00:00,781344.0,73.0,False,73.0
2024-10-05 01:00:00,781412.0,68.0,False,68.0
2024-10-05 02:00:00,781473.0,61.0,False,61.0
2024-10-05 03:00:00,781531.0,58.0,False,58.0
2024-10-05 04:00:00,781590.0,59.0,False,59.0
2024-10-05 05:00:00,781650.0,60.0,False,60.0
2024-10-05 06:00:00,781709.0,59.0,False,59.0
2024-10-05 07:00:00,781767.0,58.0,False,58.0
2024-10-05 08:00:00,781826.0,59.0,False,59.0
2024-10-05 09:00:00,781888.0,62.0,False,62.0
2024-10-05 10:00:00,781961.0,73.0,False,73.0
2024-10-05 11:00:00,782037.0,76.0,False,76.0
2024-10-05 12:00:00,782117.0,80.0,False,80.0
2024-10-05 13:00:00,782201.0,84.0,False,84.0
2024-10-05 14:00:00,782282.0,81.0,False,81.0
2024-10-05 15:00:00,782370.0,88.0,False,88.0
2024-10-05 16:00:00,782458.0,88.0,False,88.0
2024-10-05 17:00:00,782546.0,88.0,False,88.0
2024-10-05 18:00:00,782631.0,85.0,False,85.0
2024-10-05 19:00:00,782719.0,88.0,False,88.0
2024-10-05 20:00:00,782808.0,89.0,False,89.0
2024-10-05 21:00:00,782896.0,88.0,False,88.0
2024-10-05 22:00:00,782984.0,88.0,False,88.0
2024-10-05 23:00:00,783066.0,82.0,False,82.0
2024-10-06 00:00:00,783141.0,75.0,False,75.0
2024-10-06 01:00:00,783203.0,62.0,False,62.0
2024-10-06 02:00:00,783265.0,62.0,False,62.0
2024-10-06 03:00:00,783324.0,59.0,False,59.0
2024-10-06 04:00:00,783381.0,57.0,False,57.0
2024-10-06 05:00:00,783440.0,59.0,False,59.0
2024-10-06 06:00:00,783499.0,59.0,False,59.0
2024-10-06 07:00:00,783557.0,58.0,False,58.0
2024-10-06 08:00:00,783616.0,59.0,False,59.0
2024-10-06 09:00:00,783680.0,64.0,False,64.0
2024-10-06 10:00:00,783753.0,73.0,False,73.0
2024-10-06 11:00:00,783831.0,78.0,False,78.0
2024-10-06 12:00:00,783915.0,84.0,False,84.0
2024-10-06 13:00:00,784000.0,85.0,False,85.0
2024-10-06 14:00:00,784082.0,82.0,False,82.0
2024-10-06 15:00:00,784172.0,90.0,False,90.0
2024-10-06 16:00:00,784267.0,95.0,False,95.0
2024-10-06 17:00:00,784361.0,94.0,False,94.0
2024-10-06 18:00:00,784452.0,91.0,False,91.0
2024-10-06 19:00:00,784542.0,90.0,False,90.0
2024-10-06 20:00:00,784636.0,94.0,False,94.0
2024-10-06 21:00:00,784730.0,94.0,False,94.0
2024-10-06 22:00:00,784824.0,94.0,False,94.0
2024-10-06 23:00:00,784914.0,90.0,False,90.0
2024-10-07 00:00:00,784979.0,65.0,False,65.0
2024-10-07 01:00:00,785042.0,63.0,False,63.0
2024-10-07 02:00:00,785101.0,59.0,False,59.0
2024-10-07 03:00:00,785158.0,57.0,False,57.0
2024-10-07 04:00:00,785215.0,57.0,False,57.0
2024-10-07 05:00:00,785272.0,57.0,False,57.0
2024-10-07 06:00:00,785327.0,55.0,False,55.0
2024-10-07 07:00:00,785384.0,57.0,False,57.0
2024-10-07 08:00:00,785442.0,58.0,False,58.0
2024-10-07 09:00:00,785504.0,62.0,False,62.0
2024-10-07 10:00:00,785576.0,72.0,False,72.0
2024-10-07 11:00:00,785653.0,77.0,False,77.0
2024-10-07 12:00:00,785744.0,91.0,False,91.0
2024-10-07 13:00:00,785828.0,84.0,False,84.0
2024-10-07 14:00:00,785913.0,85.0,False,85.0
2024-10-07 15:00:00,786004.0,91.0,False,91.0
2024-10-07 16:00:00,786095.0,91.0,False,91.0
2024-10-07 17:00:00,786188.0,93.0,False,93.0
2024-10-07 18:00:00,786280.0,92.0,False,92.0
2024-10-07 19:00:00,786374.0,94.0,False,94.0
2024-10-07 20:00:00,786471.0,97.0,False,97.0
2024-10-07 21:00:00,786567.0,96.0,False,96.0
2024-10-07 22:00:00,786662.0,95.0,False,95.0
2024-10-07 23:00:00,786754.0,92.0,False,92.0
2024-10-08 00:00:00,786829.0,75.0,False,75.0
2024-10-08 01:00:00,786899.0,70.0,False,70.0
2024-10-08 02:00:00,786962.0,63.0,False,63.0
2024-10-08 03:00:00,787025.0,63.0,False,63.0
2024-10-08 04:00:00,787087.0,62.0,False,62.0
2024-10-08 05:00:00,787148.0,61.0,False,61.0
2024-10-08 06:00:00,787209.0,61.0,False,61.0
2024-10-08 07:00:00,787268.0,59.0,False,59.0
2024-10-08 08:00:00,787331.0,63.0,False,63.0
2024-10-08 09:00:00,787407.0,76.0,False,76.0
2024-10-08 10:00:00,787501.0,94.0,False,94.0
2024-10-08 11:00:00,787607.0,106.0,False,106.0
2024-10-08 12:00:00,787711.0,104.0,False,104.0
2024-10-08 13:00:00,,,False,79.71
2024-10-08 14:00:00,787906.0,,False,78.86
2024-10-08 15:00:00,788012.0,106.0,False,106.0
2024-10-08 16:00:00,788132.0,120.0,False,120.0
2024-10-08 17:00:00,788261.0,129.0,False,129.0
2024-10-08 18:00:00,788386.0,125.0,False,125.0
2024-10-08 19:00:00,788498.0,112.0,False,112.0
2024-10-08 20:00:00,788601.0,103.0,False,103.0
2024-10-08 21:00:00,788700.0,99.0,False,99.0
2024-10-08 22:00:00,788797.0,97.0,False,97.0
2024-10-08 23:00:00,788883.0,86.0,False,86.0
2024-10-09 00:00:00,788961.0,78.0,False,78.0
2024-10-09 01:00:00,789034.0,73.0,False,73.0
2024-10-09 02:00:00,789093.0,59.0,False,59.0
2024-10-09 03:00:00,789149.0,56.0,False,56.0
2024-10-09 04:00:00,789208.0,59.0,False,59.0
2024-10-09 05:00:00,789264.0,56.0,False,56.0
2024-10-09 06:00:00,789321.0,57.0,False,57.0
2024-10-09 07:00:00,789379.0,58.0,False,58.0
2024-10-09 08:00:00,789440.0,61.0,False,61.0
2024-10-09 09:00:00,789515.0,75.0,False,75.0
2024-10-09 10:00:00,789606.0,91.0,False,91.0
2024-10-09 11:00:00,789710.0,104.0,False,104.0
2024-10-09 12:00:00,789814.0,104.0,False,104.0
2024-10-09 13:00:00,789912.0,98.0,False,98.0
2024-10-09 14:00:00,790002.0,90.0,False,90.0
2024-10-09 15:00:00,790117.0,115.0,False,115.0
2024-10-09 16:00:00,790230.0,113.0,False,113.0
2024-10-09 17:00:00,790346.0,116.0,False,116.0
2024-10-09 18:00:00,790458.0,112.0,False,112.0
2024-10-09 19:00:00,790562.0,104.0,False,104.0
2024-10-09 20:00:00,790665.0,103.0,False,103.0
2024-10-09 21:00:00,790766.0,101.0,False,101.0
2024-10-09 22:00:00,790867.0,101.0,False,101.0
2024-10-09 23:00:00,790960.0,93.0,False,93.0
2024-10-10 00:00:00,791048.0,88.0,False,88.0
2024-10-10 01:00:00,791118.0,70.0,False,70.0
2024-10-10 02:00:00,791183.0,65.0,False,65.0
2024-10-10 03:00:00,,,False,57.43
2024-10-10 04:00:00,791314.0,,False,57.29
2024-10-10 05:00:00,791378.0,64.0,False,64.0
2024-10-10 06:00:00,791440.0,62.0,False,62.0
2024-10-10 07:00:00,791501.0,61.0,False,61.0
2024-10-10 08:00:00,791568.0,67.0,False,67.0
2024-10-10 09:00:00,791648.0,80.0,False,80.0
2024-10-10 10:00:00,791739.0,91.0,False,91.0
2024-10-10 11:00:00,791847.0,108.0,False,108.0
2024-10-10 12:00:00,791954.0,107.0,False,107.0
2024-10-10 13:00:00,792061.0,107.0,False,107.0
2024-10-10 14:00:00,792160.0,99.0,False,99.0
2024-10-10 15:00:00,792263.0,103.0,False,103.0
2024-10-10 16:00:00,,,False,96.0
2024-10-10 17:00:00,792501.0,,False,98.14
2024-10-10 18:00:00,792626.0,125.0,False,125.0
2024-10-10 19:00:00,792741.0,115.0,False,115.0
2024-10-10 20:00:00,792856.0,115.0,False,115.0
2024-10-10 21:00:00,792963.0,107.0,False,107.0
2024-10-10 22:00:00,793065.0,102.0,False,102.0
2024-10-10 23:00:00,793160.0,95.0,False,95.0
2024-10-11 00:00:00,793245.0,85.0,False,85.0
2024-10-11 01:00:00,793321.0,76.0,False,76.0
2024-10-11 02:00:00,793385.0,64.0,False,64.0
2024-10-11 03:00:00,793458.0,73.0,False,73.0
2024-10-11 04:00:00,793522.0,64.0,False,64.0
2024-10-11 05:00:00,793586.0,64.0,False,64.0
2024-10-11 06:00:00,793651.0,65.0,False,65.0
2024-10-11 07:00:00,793713.0,62.0,False,62.0
2024-10-11 08:00:00,793773.0,60.0,False,60.0
2024-10-11 09:00:00,793851.0,78.0,False,78.0
2024-10-11 10:00:00,793949.0,98.0,False,98.0
2024-10-11 11:00:00,794061.0,112.0,False,112.0
2024-10-11 12:00:00,794169.0,108.0,False,108.0
2024-10-11 13:00:00,794273.0,104.0,False,104.0
2024-10-11 14:00:00,794374.0,101.0,False,101.0
2024-10-11 15:00:00,794484.0,110.0,False,110.0
2024-10-11 16:00:00,794610.0,126.0,False,126.0
2024-10-11 17:00:00,794748.0,138.0,False,138.0
2024-10-11 18:00:00,794876.0,128.0,False,128.0
2024-10-11 19:00:00,794988.0,112.0,False,112.0
2024-10-11 20:00:00,795095.0,107.0,False,107.0
2024-10-11 21:00:00,795194.0,99.0,False,99.0
2024-10-11 22:00:00,795285.0,91.0,False,91.0
2024-10-11 23:00:00,795364.0,79.0,False,79.0
2024-10-12 00:00:00,795437.0,73.0,False,73.0
2024-10-12 01:00:00,795501.0,64.0,False,64.0
2024-10-12 02:00:00,795557.0,56.0,False,56.0
2024-10-12 03:00:00,795614.0,57.0,False,57.0
2024-10-12 04:00:00,795669.0,55.0,False,55.0
2024-10-12 05:00:00,795725.0,56.0,False,56.0
2024-10-12 06:00:00,795779.0,54.0,False,54.0
2024-10-12 07:00:00,795833.0,54.0,False,54.0
2024-10-12 08:00:00,795890.0,57.0,False,57.0
2024-10-12 09:00:00,795961.0,71.0,False,71.0
2024-10-12 10:00:00,796043.0,82.0,False,82.0
2024-10-12 11:00:00,796135.0,92.0,False,92.0
2024-10-12 12:00:00,796239.0,104.0,False,104.0
2024-10-12 13:00:00,796341.0,102.0,False,102.0
2024-10-12 14:00:00,796434.0,93.0,False,93.0
2024-10-12 15:00:00,796535.0,101.0,False,101.0
2024-10-12 16:00:00,796644.0,109.0,False,109.0
2024-10-12 17:00:00,796747.0,103.0,False,103.0
2024-10-12 18:00:00,796841.0,94.0,False,94.0
2024-10-12 19:00:00,796926.0,85.0,False,85.0
2024-10-12 20:00:00,797013.0,87.0,False,87.0
2024-10-12 21:00:00,797106.0,93.0,False,93.0
2024-10-12 22:00:00,797194.0,88.0,False,88.0
2024-10-12 23:00:00,797278.0,84.0,False,84.0
2024-10-13 00:00:00,797348.0,70.0,False,70.0
2024-10-13 01:00:00,797414.0,66.0,False,66.0
2024-10-13 02:00:00,797475.0,61.0,False,61.0
2024-10-13 03:00:00,797534.0,59.0,False,59.0
2024-10-13 04:00:00,797593.0,59.0,False,59.0
2024-10-13 05:00:00,797649.0,56.0,False,56.0
2024-10-13 06:00:00,797708.0,59.0,False,59.0
2024-10-13 07:00:00,797766.0,58.0,False,58.0
2024-10-13 08:00:00,797827.0,61.0,False,61.0
2024-10-13 09:00:00,797896.0,69.0,False,69.0
2024-10-13 10:00:00,797975.0,79.0,False,79.0
2024-10-13 11:00:00,798061.0,86.0,False,86.0
2024-10-13 12:00:00,798152.0,91.0,False,91.0
2024-10-13 13:00:00,798239.0,87.0,False,87.0
2024-10-13 14:00:00,798329.0,90.0,False,90.0
2024-10-13 15:00:00,798416.0,87.0,False,87.0
2024-10-13 16:00:00,798509.0,93.0,False,93.0
2024-10-13 17:00:00,798601.0,92.0,False,92.0
2024-10-13 18:00:00,798687.0,86.0,False,86.0
2024-10-13 19:00:00,798773.0,86.0,False,86.0
2024-10-13 20:00:00,798861.0,88.0,False,88.0
2024-10-13 21:00:00,798950.0,89.0,False,89.0
2024-10-13 22:00:00,799031.0,81.0,False,81.0
2024-10-13 23:00:00,799108.0,77.0,False,77.0
2024-10-14 00:00:00,799175.0,67.0,False,67.0
2024-10-14 01:00:00,799234.0,59.0,False,59.0
2024-10-14 02:00:00,799292.0,58.0,False,58.0
2024-10-14 03:00:00,799347.0,55.0,False,55.0
2024-10-14 04:00:00,799352.0,5.0,False,5.0
2024-10-14 05:00:00,799357.0,5.0,False,5.0
2024-10-14 06:00:00,799362.0,5.0,False,5.0
2024-10-14 07:00:00,799368.0,6.0,False,6.0
2024-10-14 08:00:00,799375.0,7.0,False,7.0
2024-10-14 09:00:00,799384.0,9.0,False,9.0
2024-10-14 10:00:00,799395.0,11.0,False,11.0
2024-10-14 11:00:00,799407.0,12.0,False,12.0
2024-10-14 12:00:00,799418.0,11.0,False,11.0
2024-10-14 13:00:00,799429.0,11.0,False,11.0
2024-10-14 14:00:00,799438.0,9.0,False,9.0
2024-10-14 15:00:00,799449.0,11.0,False,11.0
2024-10-14 16:00:00,799463.0,14.0,False,14.0
2024-10-14 17:00:00,799477.0,14.0,False,14.0
2024-10-14 18:00:00,799491.0,14.0,False,14.0
2024-10-14 19:00:00,799504.0,13.0,False,13.0
2024-10-14 20:00:00,799517.0,13.0,False,13.0
2024-10-14 21:00:00,799529.0,12.0,False,12.0
2024-10-14 22:00:00,799541.0,12.0,False,12.0
2024-10-14 23:00:00,799552.0,11.0,False,11.0
2024-10-15 00:00:00,799561.0,9.0,False,9.0
2024-10-15 01:00:00,799568.0,7.0,False,7.0
2024-10-15 02:00:00,799575.0,7.0,False,7.0
2024-10-15 03:00:00,799580.0,5.0,False,5.0
2024-10-15 04:00:00,799587.0,7.0,False,7.0
2024-10-15 05:00:00,799593.0,6.0,False,6.0
2024-10-15 06:00:00,799599.0,6.0,False,6.0
2024-10-15 07:00:00,799606.0,7.0,False,7.0
2024-10-15 08:00:00,799613.0,7.0,False,7.0
2024-10-15 09:00:00,799623.0,10.0,False,10.0
2024-10-15 10:00:00,799635.0,12.0,False,12.0
2024-10-15 11:00:00,799647.0,12.0,False,12.0
2024-10-15 12:00:00,799658.0,11.0,False,11.0
2024-10-15 13:00:00,799669.0,11.0,False,11.0
2024-10-15 14:00:00,799679.0,10.0,False,10.0
2024-10-15 15:00:00,799691.0,12.0,False,12.0
2024-10-15 16:00:00,799706.0,15.0,False,15.0
2024-10-15 17:00:00,799721.0,15.0,False,15.0
2024-10-15 18:00:00,799734.0,13.0,False,13.0
2024-10-15 19:00:00,799746.0,12.0,False,12.0
2024-10-15 20:00:00,799756.0,10.0,False,10.0
2024-10-15 21:00:00,799765.0,9.0,False,9.0
2024-10-15 22:00:00,799774.0,9.0,False,9.0
2024-10-15 23:00:00,799782.0,8.0,False,8.0
2024-10-16 00:00:00,799789.0,7.0,False,7.0
2024-10-16 01:00:00,799797.0,8.0,False,8.0
2024-10-16 02:00:00,799804.0,7.0,False,7.0
2024-10-16 03:00:00,799809.0,5.0,False,5.0
2024-10-16 04:00:00,799816.0,7.0,False,7.0
2024-10-16 05:00:00,799821.0,5.0,False,5.0
2024-10-16 06:00:00,799827.0,6.0,False,6.0
2024-10-16 07:00:00,799832.0,5.0,False,5.0
2024-10-16 08:00:00,799839.0,7.0,False,7.0
2024-10-16 09:00:00,799847.0,8.0,False,8.0
2024-10-16 10:00:00,799858.0,11.0,False,11.0
2024-10-16 11:00:00,799869.0,11.0,False,11.0
2024-10-16 12:00:00,799881.0,12.0,False,12.0
2024-10-16 13:00:00,799894.0,13.0,False,13.0
2024-10-16 14:00:00,799903.0,9.0,False,9.0
2024-10-16 15:00:00,799914.0,11.0,False,11.0
2024-10-16 16:00:00,799925.0,11.0,False,11.0
2024-10-16 17:00:00,799938.0,13.0,False,13.0
2024-10-16 18:00:00,799952.0,14.0,False,14.0
2024-10-16 19:00:00,799964.0,12.0,False,12.0
2024-10-16 20:00:00,799973.0,9.0,False,9.0
2024-10-16 21:00:00,799981.0,8.0,False,8.0
2024-10-16 22:00:00,799991.0,10.0,False,10.0
2024-10-16 23:00:00,799998.0,7.0,False,7.0
2024-10-17 00:00:00,800007.0,9.0,False,9.0
2024-10-17 01:00:00,800016.0,9.0,False,9.0
2024-10-17 02:00:00,800022.0,6.0,False,6.0
2024-10-17 03:00:00,800028.0,6.0,False,6.0
2024-10-17 04:00:00,800034.0,6.0,False,6.0
2024-10-17 05:00:00,800040.0,6.0,False,6.0
2024-10-17 06:00:00,800045.0,5.0,False,5.0
2024-10-17 07:00:00,800051.0,6.0,False,6.0
2024-10-17 08:00:00,800058.0,7.0,False,7.0
2024-10-17 09:00:00,800068.0,10.0,False,10.0
2024-10-17 10:00:00,800080.0,12.0,False,12.0
2024-10-17 11:00:00,800093.0,13.0,False,13.0
2024-10-17 12:00:00,800104.0,11.0,False,11.0
2024-10-17 13:00:00,800116.0,12.0,False,12.0
2024-10-17 14:00:00,800128.0,12.0,False,12.0
2024-10-17 15:00:00,800140.0,12.0,False,12.0
2024-10-17 16:00:00,800153.0,13.0,False,13.0
2024-10-17 17:00:00,800167.0,14.0,False,14.0
2024-10-17 18:00:00,800180.0,13.0,False,13.0
2024-10-17 19:00:00,800193.0,13.0,False,13.0
2024-10-17 20:00:00,800204.0,11.0,False,11.0
2024-10-17 21:00:00,800215.0,11.0,False,11.0
2024-10-17 22:00:00,800223.0,8.0,False,8.0
2024-10-17 23:00:00,800233.0,10.0,False,10.0
2024-10-18 00:00:00,800242.0,9.0,False,9.0
2024-10-18 01:00:00,800249.0,7.0,False,7.0
2024-10-18 02:00:00,800255.0,6.0,False,6.0
2024-10-18 03:00:00,800261.0,6.0,False,6.0
2024-10-18 04:00:00,800267.0,6.0,False,6.0
2024-10-18 05:00:00,800274.0,7.0,False,7.0
2024-10-18 06:00:00,800279.0,5.0,False,5.0
2024-10-18 07:00:00,800286.0,7.0,False,7.0
2024-10-18 08:00:00,800292.0,6.0,False,6.0
2024-10-18 09:00:00,800302.0,10.0,False,10.0
2024-10-18 10:00:00,800313.0,11.0,False,11.0
2024-10-18 11:00:00,800327.0,14.0,False,14.0
2024-10-18 12:00:00,800339.0,12.0,False,12.0
2024-10-18 13:00:00,800350.0,11.0,False,11.0
2024-10-18 14:00:00,800361.0,11.0,False,11.0
2024-10-18 15:00:00,800373.0,12.0,False,12.0
2024-10-18 16:00:00,800387.0,14.0,False,14.0
2024-10-18 17:00:00,800399.0,12.0,False,12.0
2024-10-18 18:00:00,800413.0,14.0,False,14.0
2024-10-18 19:00:00,800425.0,12.0,False,12.0
2024-10-18 20:00:00,800435.0,10.0,False,10.0
2024-10-18 21:00:00,800448.0,13.0,False,13.0
2024-10-18 22:00:00,800459.0,11.0,False,11.0
2024-10-18 23:00:00,800467.0,8.0,False,8.0
2024-10-19 00:00:00,800474.0,7.0,False,7.0
2024-10-19 01:00:00,800482.0,8.0,False,8.0
2024-10-19 02:00:00,800489.0,7.0,False,7.0
2024-10-19 03:00:00,800497.0,8.0,False,8.0
2024-10-19 04:00:00,800503.0,6.0,False,6.0
2024-10-19 05:00:00,800509.0,6.0,False,6.0
2024-10-19 06:00:00,800515.0,6.0,False,6.0
2024-10-19 07:00:00,800524.0,9.0,False,9.0
2024-10-19 08:00:00,800530.0,6.0,False,6.0
2024-10-19 09:00:00,800537.0,7.0,False,7.0
2024-10-19 10:00:00,800545.0,8.0,False,8.0
2024-10-19 11:00:00,800553.0,8.0,False,8.0
2024-10-19 12:00:00,800561.0,8.0,False,8.0
2024-10-19 13:00:00,800568.0,7.0,False,7.0
2024-10-19 14:00:00,800576.0,8.0,False,8.0
2024-10-19 15:00:00,800585.0,9.0,False,9.0
2024-10-19 16:00:00,800596.0,11.0,False,11.0
2024-10-19 17:00:00,800605.0,9.0,False,9.0
2024-10-19 18:00:00,800614.0,9.0,False,9.0
2024-10-19 19:00:00,800622.0,8.0,False,8.0
2024-10-19 20:00:00,800631.0,9.0,False,9.0
2024-10-19 21:00:00,800642.0,11.0,False,11.0
2024-10-19 22:00:00,800652.0,10.0,False,10.0
2024-10-19 23:00:00,800660.0,8.0,False,8.0
2024-10-20 00:00:00,800667.0,7.0,False,7.0
2024-10-20 01:00:00,800675.0,8.0,False,8.0
2024-10-20 02:00:00,800681.0,6.0,False,6.0
2024-10-20 03:00:00,800686.0,5.0,False,5.0
2024-10-20 04:00:00,800693.0,7.0,False,7.0
2024-10-20 05:00:00,800698.0,5.0,False,5.0
2024-10-20 06:00:00,800704.0,6.0,False,6.0
2024-10-20 07:00:00,800710.0,6.0,False,6.0
2024-10-20 08:00:00,800716.0,6.0,False,6.0
2024-10-20 09:00:00,800726.0,10.0,False,10.0
2024-10-20 10:00:00,800735.0,9.0,False,9.0
2024-10-20 11:00:00,800747.0,12.0,False,12.0
2024-10-20 12:00:00,800758.0,11.0,False,11.0
2024-10-20 13:00:00,800768.0,10.0,False,10.0
2024-10-20 14:00:00,800778.0,10.0,False,10.0
2024-10-20 15:00:00,800789.0,11.0,False,11.0
2024-10-20 16:00:00,800800.0,11.0,False,11.0
2024-10-20 17:00:00,800810.0,10.0,False,10.0
2024-10-20 18:00:00,800819.0,9.0,False,9.0
2024-10-20 19:00:00,800827.0,8.0,False,8.0
2024-10-20 20:00:00,800837.0,10.0,False,10.0
2024-10-20 21:00:00,800846.0,9.0,False,9.0
2024-10-20 22:00:00,800857.0,11.0,False,11.0
2024-10-20 23:00:00,800867.0,10.0,False,10.0
2024-10-21 00:00:00,800875.0,8.0,False,8.0
2024-10-21 01:00:00,800883.0,8.0,False,8.0
2024-10-21 02:00:00,800890.0,7.0,False,7.0
2024-10-21 03:00:00,800897.0,7.0,False,7.0
2024-10-21 04:00:00,800904.0,7.0,False,7.0
2024-10-21 05:00:00,800911.0,7.0,False,7.0
2024-10-21 06:00:00,800918.0,7.0,False,7.0
2024-10-21 07:00:00,800924.0,6.0,False,6.0
2024-10-21 08:00:00,800932.0,8.0,False,8.0
2024-10-21 09:00:00,800943.0,11.0,False,11.0
2024-10-21 10:00:00,800955.0,12.0,False,12.0
2024-10-21 11:00:00,800967.0,12.0,False,12.0
2024-10-21 12:00:00,800980.0,13.0,False,13.0
2024-10-21 13:00:00,800992.0,12.0,False,12.0
2024-10-21 14:00:00,801004.0,12.0,False,12.0
2024-10-21 15:00:00,801017.0,13.0,False,13.0
2024-10-21 16:00:00,801031.0,14.0,False,14.0
2024-10-21 17:00:00,801046.0,15.0,False,15.0
2024-10-21 18:00:00,801058.0,12.0,False,12.0
2024-10-21 19:00:00,801070.0,12.0,False,12.0
2024-10-21 20:00:00,801083.0,13.0,False,13.0
2024-10-21 21:00:00,801095.0,12.0,False,12.0
2024-10-21 22:00:00,801106.0,11.0,False,11.0
2024-10-21 23:00:00,801116.0,10.0,False,10.0
2024-10-22 00:00:00,801125.0,9.0,False,9.0
2024-10-22 01:00:00,801134.0,9.0,False,9.0
2024-10-22 02:00:00,801141.0,7.0,False,7.0
2024-10-22 03:00:00,801148.0,7.0,False,7.0
2024-10-22 04:00:00,801156.0,8.0,False,8.0
2024-10-22 05:00:00,801162.0,6.0,False,6.0
2024-10-22 06:00:00,801169.0,7.0,False,7.0
2024-10-22 07:00:00,801177.0,8.0,False,8.0
2024-10-22 08:00:00,801183.0,6.0,False,6.0
2024-10-22 09:00:00,801194.0,11.0,False,11.0
2024-10-22 10:00:00,801206.0,12.0,False,12.0
2024-10-22 11:00:00,801217.0,11.0,False,11.0
2024-10-22 12:00:00,801229.0,12.0,False,12.0
2024-10-22 13:00:00,801239.0,10.0,False,10.0
2024-10-22 14:00:00,801249.0,10.0,False,10.0
2024-10-22 15:00:00,801261.0,12.0,False,12.0
2024-10-22 16:00:00,801274.0,13.0,False,13.0
2024-10-22 17:00:00,801287.0,13.0,False,13.0
2024-10-22 18:00:00,801299.0,12.0,False,12.0
2024-10-22 19:00:00,801313.0,14.0,False,14.0
2024-10-22 20:00:00,801324.0,11.0,False,11.0
2024-10-22 21:00:00,801334.0,10.0,False,10.0
2024-10-22 22:00:00,801343.0,9.0,False,9.0
2024-10-22 23:00:00,801352.0,9.0,False,9.0
2024-10-23 00:00:00,801360.0,8.0,False,8.0
2024-10-23 01:00:00,801367.0,7.0,False,7.0
2024-10-23 02:00:00,801375.0,8.0,False,8.0
2024-10-23 03:00:00,801382.0,7.0,False,7.0
2024-10-23 04:00:00,801388.0,6.0,False,6.0
2024-10-23 05:00:00,801394.0,6.0,False,6.0
2024-10-23 06:00:00,801401.0,7.0,False,7.0
2024-10-23 07:00:00,801407.0,6.0,False,6.0
2024-10-23 08:00:00,801414.0,7.0,False,7.0
2024-10-23 09:00:00,801425.0,11.0,False,11.0
2024-10-23 10:00:00,801436.0,11.0,False,11.0
2024-10-23 11:00:00,801449.0,13.0,False,13.0
2024-10-23 12:00:00,801459.0,10.0,False,10.0
2024-10-23 13:00:00,801469.0,10.0,False,10.0
2024-10-23 14:00:00,801480.0,11.0,False,11.0
2024-10-23 15:00:00,801490.0,10.0,False,10.0
2024-10-23 16:00:00,801503.0,13.0,False,13.0
2024-10-23 17:00:00,801516.0,13.0,False,13.0
2024-10-23 18:00:00,801529.0,13.0,False,13.0
2024-10-23 19:00:00,801540.0,11.0,False,11.0
2024-10-23 20:00:00,801550.0,10.0,False,10.0
2024-10-23 21:00:00,801560.0,10.0,False,10.0
2024-10-23 22:00:00,801569.0,9.0,False,9.0
2024-10-23 23:00:00,801578.0,9.0,False,9.0
2024-10-24 00:00:00,801585.0,7.0,False,7.0
2024-10-24 01:00:00,801593.0,8.0,False,8.0
2024-10-24 02:00:00,801600.0,7.0,False,7.0
2024-10-24 03:00:00,801606.0,6.0,False,6.0
2024-10-24 04:00:00,801612.0,6.0,False,6.0
2024-10-24 05:00:00,801619.0,7.0,False,7.0
2024-10-24 06:00:00,801624.0,5.0,False,5.0
2024-10-24 07:00:00,801631.0,7.0,False,7.0
2024-10-24 08:00:00,801637.0,6.0,False,6.0
2024-10-24 09:00:00,801647.0,10.0,False,10.0
2024-10-24 10:00:00,801657.0,10.0,False,10.0
2024-10-24 11:00:00,801667.0,10.0,False,10.0
2024-10-24 12:00:00,801678.0,11.0,False,11.0
2024-10-24 13:00:00,801688.0,10.0,False,10.0
2024-10-24 14:00:00,801697.0,9.0,False,9.0
2024-10-24 15:00:00,801710.0,13.0,False,13.0
2024-10-24 16:00:00,801723.0,13.0,False,13.0
2024-10-24 17:00:00,801737.0,14.0,False,14.0
2024-10-24 18:00:00,801748.0,11.0,False,11.0
2024-10-24 19:00:00,801760.0,12.0,False,12.0
2024-10-24 20:00:00,801770.0,10.0,False,10.0
2024-10-24 21:00:00,801780.0,10.0,False,10.0
2024-10-24 22:00:00,801790.0,10.0,False,10.0
2024-10-24 23:00:00,801800.0,10.0,False,10.0
2024-10-25 00:00:00,801809.0,9.0,False,9.0
2024-10-25 01:00:00,801817.0,8.0,False,8.0
2024-10-25 02:00:00,801823.0,6.0,False,6.0
2024-10-25 03:00:00,801829.0,6.0,False,6.0
2024-10-25 04:00:00,801836.0,7.0,False,7.0
2024-10-25 05:00:00,801841.0,5.0,False,5.0
2024-10-25 06:00:00,801847.0,6.0,False,6.0
2024-10-25 07:00:00,801852.0,5.0,False,5.0
2024-10-25 08:00:00,801859.0,7.0,False,7.0
2024-10-25 09:00:00,801869.0,10.0,False,10.0
2024-10-25 10:00:00,801880.0,11.0,False,11.0
2024-10-25 11:00:00,801893.0,13.0,False,13.0
2024-10-25 12:00:00,801907.0,14.0,False,14.0
2024-10-25 13:00:00,801917.0,10.0,False,10.0
2024-10-25 14:00:00,801929.0,12.0,False,12.0
2024-10-25 15:00:00,801941.0,12.0,False,12.0
2024-10-25 16:00:00,801956.0,15.0,True,12.71
2024-10-25 17:00:00,801970.0,14.0,False,14.0
2024-10-25 18:00:00,801984.0,14.0,False,14.0
2024-10-25 19:00:00,801995.0,11.0,False,11.0
2024-10-25 20:00:00,802008.0,13.0,False,13.0
2024-10-25 21:00:00,802019.0,11.0,False,11.0
2024-10-25 22:00:00,802030.0,11.0,False,11.0
2024-10-25 23:00:00,802040.0,10.0,False,10.0
2024-10-26 00:00:00,802051.0,11.0,False,11.0
2024-10-26 01:00:00,802058.0,7.0,False,7.0
2024-10-26 02:00:00,802064.0,6.0,False,6.0
2024-10-26 03:00:00,802070.0,6.0,False,6.0
2024-10-26 04:00:00,802075.0,5.0,False,5.0
2024-10-26 05:00:00,802080.0,5.0,False,5.0
2024-10-26 06:00:00,802087.0,7.0,False,7.0
2024-10-26 07:00:00,802093.0,6.0,False,6.0
2024-10-26 08:00:00,802099.0,6.0,False,6.0
2024-10-26 09:00:00,802106.0,7.0,False,7.0
2024-10-26 10:00:00,802115.0,9.0,False,9.0
2024-10-26 11:00:00,802124.0,9.0,False,9.0
2024-10-26 12:00:00,802134.0,10.0,False,10.0
2024-10-26 13:00:00,802142.0,8.0,False,8.0
2024-10-26 14:00:00,802152.0,10.0,False,10.0
2024-10-26 15:00:00,802161.0,9.0,False,9.0
2024-10-26 16:00:00,802171.0,10.0,False,10.0
2024-10-26 17:00:00,802180.0,9.0,False,9.0
2024-10-26 18:00:00,802190.0,10.0,False,10.0
2024-10-26 19:00:00,802198.0,8.0,False,8.0
2024-10-26 20:00:00,802208.0,10.0,False,10.0
2024-10-26 21:00:00,802217.0,9.0,False,9.0
2024-10-26 22:00:00,802228.0,11.0,False,11.0
2024-10-26 23:00:00,802237.0,9.0,False,9.0
2024-10-27 00:00:00,802245.0,8.0,False,8.0
2024-10-27 01:00:00,802252.0,7.0,False,7.0
2024-10-27 02:00:00,802258.0,6.0,False,6.0
2024-10-27 03:00:00,802265.0,7.0,False,7.0
2024-10-27 04:00:00,802270.0,5.0,False,5.0
2024-10-27 05:00:00,802277.0,7.0,False,7.0
2024-10-27 06:00:00,802283.0,6.0,False,6.0
2024-10-27 07:00:00,802289.0,6.0,False,6.0
2024-10-27 08:00:00,802294.0,5.0,False,5.0
2024-10-27 09:00:00,802302.0,8.0,False,8.0
2024-10-27 10:00:00,802310.0,8.0,False,8.0
2024-10-27 11:00:00,802319.0,9.0,False,9.0
2024-10-27 12:00:00,802328.0,9.0,False,9.0
2024-10-27 13:00:00,802337.0,9.0,False,9.0
2024-10-27 14:00:00,802348.0,11.0,False,11.0
2024-10-27 15:00:00,802357.0,9.0,False,9.0
2024-10-27 16:00:00,802368.0,11.0,False,11.0
2024-10-27 17:00:00,802379.0,11.0,False,11.0
2024-10-27 18:00:00,802390.0,11.0,False,11.0
2024-10-27 19:00:00,802400.0,10.0,False,10.0
2024-10-27 20:00:00,802412.0,12.0,False,12.0
2024-10-27 21:00:00,802423.0,11.0,False,11.0
2024-10-27 22:00:00,802434.0,11.0,False,11.0
2024-10-27 23:00:00,802444.0,10.0,False,10.0
2024-10-28 00:00:00,802453.0,9.0,False,9.0
2024-10-28 01:00:00,802460.0,7.0,False,7.0
2024-10-28 02:00:00,802467.0,7.0,False,7.0
2024-10-28 03:00:00,802475.0,8.0,False,8.0
2024-10-28 04:00:00,802481.0,6.0,False,6.0
2024-10-28 05:00:00,802488.0,7.0,False,7.0
2024-10-28 06:00:00,802493.0,5.0,False,5.0
2024-10-28 07:00:00,802500.0,7.0,False,7.0
2024-10-28 08:00:00,802508.0,8.0,False,8.0
2024-10-28 09:00:00,802516.0,8.0,False,8.0
2024-10-28 10:00:00,802528.0,12.0,False,12.0
2024-10-28 11:00:00,802540.0,12.0,False,12.0
2024-10-28 12:00:00,802553.0,13.0,False,13.0
2024-10-28 13:00:00,802564.0,11.0,False,11.0
2024-10-28 14:00:00,802574.0,10.0,False,10.0
2024-10-28 15:00:00,802586.0,12.0,False,12.0
2024-10-28 16:00:00,802599.0,13.0,False,13.0
2024-10-28 17:00:00,802614.0,15.0,False,15.0
2024-10-28 18:00:00,802626.0,12.0,False,12.0
2024-10-28 19:00:00,802636.0,10.0,False,10.0
2024-10-28 20:00:00,802645.0,9.0,False,9.0
2024-10-28 21:00:00,802655.0,10.0,False,10.0
2024-10-28 22:00:00,802665.0,10.0,False,10.0
2024-10-28 23:00:00,802674.0,9.0,False,9.0
2024-10-29 00:00:00,802684.0,10.0,False,10.0
2024-10-29 01:00:00,802692.0,8.0,False,8.0
2024-10-29 02:00:00,802698.0,6.0,False,6.0
2024-10-29 03:00:00,802704.0,6.0,False,6.0
2024-10-29 04:00:00,802709.0,5.0,False,5.0
2024-10-29 05:00:00,802715.0,6.0,False,6.0
2024-10-29 06:00:00,802721.0,6.0,False,6.0
2024-10-29 07:00:00,802726.0,5.0,False,5.0
2024-10-29 08:00:00,802733.0,7.0,False,7.0
2024-10-29 09:00:00,802741.0,8.0,False,8.0
2024-10-29 10:00:00,802753.0,12.0,False,12.0
2024-10-29 11:00:00,802765.0,12.0,False,12.0
2024-10-29 12:00:00,802775.0,10.0,False,10.0
2024-10-29 13:00:00,802785.0,10.0,False,10.0
2024-10-29 14:00:00,802795.0,10.0,False,10.0
2024-10-29 15:00:00,802806.0,11.0,False,11.0
2024-10-29 16:00:00,802818.0,12.0,False,12.0
2024-10-29 17:00:00,802830.0,12.0,False,12.0
2024-10-29 18:00:00,802843.0,13.0,False,13.0
2024-10-29 19:00:00,,,False,10.86
2024-10-29 20:00:00,802862.0,,False,10.71
2024-10-29 21:00:00,802873.0,11.0,False,11.0
2024-10-29 22:00:00,802885.0,12.0,False,12.0
2024-10-29 23:00:00,802893.0,8.0,False,8.0
2024-10-30 00:00:00,802901.0,8.0,False,8.0
2024-10-30 01:00:00,802908.0,7.0,False,7.0
2024-10-30 02:00:00,802915.0,7.0,False,7.0
2024-10-30 03:00:00,802921.0,6.0,False,6.0
2024-10-30 04:00:00,802926.0,5.0,False,5.0
2024-10-30 05:00:00,802932.0,6.0,False,6.0
2024-10-30 06:00:00,802939.0,7.0,False,7.0
2024-10-30 07:00:00,802944.0,5.0,False,5.0
2024-10-30 08:00:00,802951.0,7.0,False,7.0
2024-10-30 09:00:00,802960.0,9.0,False,9.0
2024-10-30 10:00:00,802972.0,12.0,False,12.0
2024-10-30 11:00:00,802983.0,11.0,False,11.0
2024-10-30 12:00:00,802995.0,12.0,False,12.0
2024-10-30 13:00:00,803004.0,9.0,False,9.0
2024-10-30 14:00:00,803015.0,11.0,False,11.0
2024-10-30 15:00:00,803027.0,12.0,False,12.0
2024-10-30 16:00:00,803040.0,13.0,False,13.0
2024-10-30 17:00:00,803053.0,13.0,False,13.0
2024-10-30 18:00:00,803066.0,13.0,False,13.0
2024-10-30 19:00:00,803077.0,11.0,False,11.0
2024-10-30 20:00:00,803087.0,10.0,False,10.0
2024-10-30 21:00:00,803097.0,10.0,False,10.0
2024-10-30 22:00:00,803107.0,10.0,False,10.0
2024-10-30 23:00:00,803116.0,9.0,False,9.0
2024-10-31 00:00:00,803125.0,9.0,False,9.0
2024-10-31 01:00:00,803131.0,6.0,False,6.0
2024-10-31 02:00:00,803137.0,6.0,False,6.0
2024-10-31 03:00:00,803142.0,5.0,False,5.0
2024-10-31 04:00:00,803148.0,6.0,False,6.0
2024-10-31 05:00:00,803154.0,6.0,False,6.0
2024-10-31 06:00:00,803160.0,6.0,False,6.0
2024-10-31 07:00:00,803165.0,5.0,False,5.0
2024-10-31 08:00:00,803172.0,7.0,False,7.0
2024-10-31 09:00:00,803182.0,10.0,False,10.0
2024-10-31 10:00:00,803193.0,11.0,False,11.0
2024-10-31 11:00:00,803205.0,12.0,False,12.0
2024-10-31 12:00:00,803217.0,12.0,False,12.0
2024-10-31 13:00:00,803228.0,11.0,False,11.0
2024-10-31 14:00:00,803239.0,11.0,False,11.0
2024-10-31 15:00:00,803250.0,11.0,False,11.0
2024-10-31 16:00:00,803263.0,13.0,False,13.0
2024-10-31 17:00:00,803274.0,11.0,False,11.0
2024-10-31 18:00:00,803286.0,12.0,False,12.0
2024-10-31 19:00:00,803296.0,10.0,False,10.0
2024-10-31 20:00:00,803309.0,13.0,False,13.0
2024-10-31 21:00:00,803320.0,11.0,False,11.0
2024-10-31 22:00:00,803332.0,12.0,False,12.0
2024-10-31 23:00:00,803343.0,11.0,False,11.0
2024-11-01 00:00:00,803352.0,9.0,False,9.0
2024-11-01 01:00:00,803360.0,8.0,False,8.0
2024-11-01 02:00:00,803366.0,6.0,False,6.0
2024-11-01 03:00:00,803373.0,7.0,False,7.0
2024-11-01 04:00:00,803378.0,5.0,False,5.0
2024-11-01 05:00:00,803385.0,7.0,False,7.0
2024-11-01 06:00:00,803390.0,5.0,False,5.0
2024-11-01 07:00:00,803395.0,5.0,False,5.0
2024-11-01 08:00:00,803401.0,6.0,False,6.0
2024-11-01 09:00:00,803411.0,10.0,False,10.0
2024-11-01 10:00:00,803423.0,12.0,False,12.0
2024-11-01 11:00:00,803435.0,12.0,False,12.0
2024-11-01 12:00:00,,,False,11.43
2024-11-01 13:00:00,803459.0,,False,9.71
2024-11-01 14:00:00,,,False,10.71
2024-11-01 15:00:00,,,False,10.86
2024-11-01 16:00:00,,,False,12.0
2024-11-01 17:00:00,,,False,12.14
2024-11-01 18:00:00,,,False,12.14
2024-11-01 19:00:00,803537.0,,False,10.0
2024-11-01 20:00:00,803550.0,13.0,False,13.0
2024-11-01 21:00:00,,,False,10.43
2024-11-01 22:00:00,,,False,11.0
2024-11-01 23:00:00,,,False,9.43
2024-11-02 00:00:00,,,False,9.14
2024-11-02 01:00:00,803593.0,,False,7.14
2024-11-02 02:00:00,,,False,6.29
2024-11-02 03:00:00,,,False,6.43
2024-11-02 04:00:00,,,False,5.29
2024-11-02 05:00:00,,,False,6.29
2024-11-02 06:00:00,,,False,6.0
2024-11-02 07:00:00,,,False,5.57
2024-11-02 08:00:00,,,False,6.57
2024-11-02 09:00:00,803644.0,,False,8.57
2024-11-02 10:00:00,,,False,10.86
2024-11-02 11:00:00,,,False,11.0
2024-11-02 12:00:00,803675.0,,False,11.0
2024-11-02 13:00:00,803684.0,9.0,False,9.0
2024-11-02 14:00:00,803695.0,11.0,False,11.0
2024-11-02 15:00:00,803705.0,10.0,False,10.0
2024-11-02 16:00:00,,,False,12.0
2024-11-02 17:00:00,803726.0,,False,11.83
2024-11-02 18:00:00,803737.0,11.0,False,11.0
2024-11-02 19:00:00,803747.0,10.0,False,10.0
2024-11-02 20:00:00,803756.0,9.0,False,9.0
2024-11-02 21:00:00,803765.0,9.0,False,9.0
2024-11-02 22:00:00,803773.0,8.0,False,8.0
2024-11-02 23:00:00,803782.0,9.0,False,9.0
2024-11-03 00:00:00,803789.0,7.0,False,7.0
2024-11-03 01:00:00,803797.0,8.0,False,8.0
2024-11-03 02:00:00,803803.0,6.0,False,6.0
2024-11-03 03:00:00,803811.0,8.0,False,8.0
2024-11-03 04:00:00,803818.0,7.0,False,7.0
2024-11-03 05:00:00,803824.0,6.0,False,6.0
2024-11-03 06:00:00,803831.0,7.0,False,7.0
2024-11-03 07:00:00,803837.0,6.0,False,6.0
2024-11-03 08:00:00,803843.0,6.0,False,6.0
2024-11-03 09:00:00,803852.0,9.0,False,9.0
2024-11-03 10:00:00,803862.0,10.0,False,10.0
2024-11-03 11:00:00,803870.0,8.0,False,8.0
2024-11-03 12:00:00,803879.0,9.0,False,9.0
2024-11-03 13:00:00,803887.0,8.0,False,8.0
2024-11-03 14:00:00,803897.0,10.0,False,10.0
2024-11-03 15:00:00,803907.0,10.0,False,10.0
2024-11-03 16:00:00,803917.0,10.0,False,10.0
2024-11-03 17:00:00,803926.0,9.0,False,9.0
2024-11-03 18:00:00,803935.0,9.0,False,9.0
2024-11-03 19:00:00,803944.0,9.0,False,9.0
2024-11-03 20:00:00,803954.0,10.0,False,10.0
2024-11-03 21:00:00,803965.0,11.0,False,11.0
2024-11-03 22:00:00,803976.0,11.0,False,11.0
2024-11-03 23:00:00,803986.0,10.0,False,10.0
2024-11-04 00:00:00,803995.0,9.0,False,9.0
2024-11-04 01:00:00,804002.0,7.0,False,7.0
2024-11-04 02:00:00,804010.0,8.0,False,8.0
2024-11-04 03:00:00,804017.0,7.0,False,7.0
2024-11-04 04:00:00,804023.0,6.0,False,6.0
2024-11-04 05:00:00,804030.0,7.0,False,7.0
2024-11-04 06:00:00,804036.0,6.0,False,6.0
2024-11-04 07:00:00,804043.0,7.0,False,7.0
2024-11-04 08:00:00,804050.0,7.0,False,7.0
2024-11-04 09:00:00,804062.0,12.0,False,12.0
2024-11-04 10:00:00,804076.0,14.0,False,14.0
2024-11-04 11:00:00,804090.0,14.0,False,14.0
2024-11-04 12:00:00,804103.0,13.0,False,13.0
2024-11-04 13:00:00,804115.0,12.0,False,12.0
2024-11-04 14:00:00,,,False,10.5
2024-11-04 15:00:00,804140.0,,False,11.0
2024-11-04 16:00:00,,,False,12.2
2024-11-04 17:00:00,804169.0,,False,12.0
2024-11-04 18:00:00,804185.0,16.0,False,16.0
2024-11-04 19:00:00,,,False,10.0
2024-11-04 20:00:00,804208.0,,False,10.67
2024-11-04 21:00:00,804218.0,10.0,False,10.0
2024-11-04 22:00:00,804229.0,11.0,False,11.0
2024-11-04 23:00:00,804239.0,10.0,False,10.0
2024-11-05 00:00:00,804248.0,9.0,False,9.0
2024-11-05 01:00:00,804256.0,8.0,False,8.0
2024-11-05 02:00:00,804263.0,7.0,False,7.0
2024-11-05 03:00:00,,,False,6.5
2024-11-05 04:00:00,804276.0,,False,5.67
2024-11-05 05:00:00,804283.0,7.0,False,7.0
2024-11-05 06:00:00,804290.0,7.0,False,7.0
2024-11-05 07:00:00,804297.0,7.0,False,7.0
2024-11-05 08:00:00,804305.0,8.0,False,8.0
2024-11-05 09:00:00,804317.0,12.0,False,12.0
2024-11-05 10:00:00,804331.0,14.0,False,14.0
2024-11-05 11:00:00,804346.0,15.0,False,15.0
2024-11-05 12:00:00,804357.0,11.0,False,11.0
2024-11-05 13:00:00,804367.0,10.0,False,10.0
2024-11-05 14:00:00,804379.0,12.0,False,12.0
2024-11-05 15:00:00,804392.0,13.0,False,13.0
2024-11-05 16:00:00,804405.0,13.0,False,13.0
2024-11-05 17:00:00,804417.0,12.0,False,12.0
2024-11-05 18:00:00,804430.0,13.0,False,13.0
2024-11-05 19:00:00,804442.0,12.0,False,12.0
2024-11-05 20:00:00,804452.0,10.0,False,10.0
2024-11-05 21:00:00,804462.0,10.0,False,10.0
2024-11-05 22:00:00,804472.0,10.0,False,10.0
2024-11-05 23:00:00,804483.0,11.0,False,11.0
2024-11-06 00:00:00,804492.0,9.0,False,9.0
2024-11-06 01:00:00,804500.0,8.0,False,8.0
2024-11-06 02:00:00,,,False,6.67
2024-11-06 03:00:00,,,False,6.6
2024-11-06 04:00:00,804524.0,,False,5.8
2024-11-06 05:00:00,804531.0,7.0,False,7.0
2024-11-06 06:00:00,804540.0,9.0,False,9.0
2024-11-06 07:00:00,804546.0,6.0,False,6.0
2024-11-06 08:00:00,804555.0,9.0,False,9.0
2024-11-06 09:00:00,804566.0,11.0,False,11.0
2024-11-06 10:00:00,804580.0,14.0,False,14.0
2024-11-06 11:00:00,804595.0,15.0,False,15.0
2024-11-06 12:00:00,804609.0,14.0,False,14.0
2024-11-06 13:00:00,804622.0,13.0,False,13.0
2024-11-06 14:00:00,804634.0,12.0,False,12.0
2024-11-06 15:00:00,804645.0,11.0,False,11.0
2024-11-06 16:00:00,,,False,12.25
2024-11-06 17:00:00,804671.0,,False,11.25
2024-11-06 18:00:00,804683.0,12.0,False,12.0
2024-11-06 19:00:00,804695.0,12.0,False,12.0
2024-11-06 20:00:00,804706.0,11.0,False,11.0
2024-11-06 21:00:00,804717.0,11.0,False,11.0
2024-11-06 22:00:00,804728.0,11.0,False,11.0
2024-11-06 23:00:00,804739.0,11.0,False,11.0
2024-11-07 00:00:00,804748.0,9.0,False,9.0
2024-11-07 01:00:00,804755.0,7.0,False,7.0
2024-11-07 02:00:00,804762.0,7.0,False,7.0
2024-11-07 03:00:00,804768.0,6.0,False,6.0
2024-11-07 04:00:00,804775.0,7.0,False,7.0
2024-11-07 05:00:00,804781.0,6.0,False,6.0
2024-11-07 06:00:00,804788.0,7.0,False,7.0
2024-11-07 07:00:00,804795.0,7.0,False,7.0
2024-11-07 08:00:00,804802.0,7.0,False,7.0
2024-11-07 09:00:00,804814.0,12.0,False,12.0
2024-11-07 10:00:00,804828.0,14.0,False,14.0
2024-11-07 11:00:00,804841.0,13.0,False,13.0
2024-11-07 12:00:00,804854.0,13.0,False,13.0
2024-11-07 13:00:00,804864.0,10.0,False,10.0
2024-11-07 14:00:00,804875.0,11.0,False,11.0
2024-11-07 15:00:00,804889.0,14.0,False,14.0
2024-11-07 16:00:00,804903.0,14.0,False,14.0
2024-11-07 17:00:00,804919.0,16.0,False,16.0
2024-11-07 18:00:00,804932.0,13.0,False,13.0
2024-11-07 19:00:00,804945.0,13.0,False,13.0
2024-11-07 20:00:00,804956.0,11.0,False,11.0
2024-11-07 21:00:00,804968.0,12.0,False,12.0
2024-11-07 22:00:00,804978.0,10.0,False,10.0
2024-11-07 23:00:00,804989.0,11.0,False,11.0
2024-11-08 00:00:00,804998.0,9.0,False,9.0
2024-11-08 01:00:00,805006.0,8.0,False,8.0
2024-11-08 02:00:00,805013.0,7.0,False,7.0
2024-11-08 03:00:00,805019.0,6.0,False,6.0
2024-11-08 04:00:00,805025.0,6.0,False,6.0
2024-11-08 05:00:00,805030.0,5.0,False,5.0
2024-11-08 06:00:00,805037.0,7.0,False,7.0
2024-11-08 07:00:00,805043.0,6.0,False,6.0
2024-11-08 08:00:00,805050.0,7.0,False,7.0
2024-11-08 09:00:00,805061.0,11.0,False,11.0
2024-11-08 10:00:00,805075.0,14.0,False,14.0
2024-11-08 11:00:00,805089.0,14.0,False,14.0
2024-11-08 12:00:00,805104.0,15.0,False,15.0
2024-11-08 13:00:00,805116.0,12.0,False,12.0
2024-11-08 14:00:00,805127.0,11.0,False,11.0
2024-11-08 15:00:00,805140.0,13.0,False,13.0
2024-11-08 16:00:00,805154.0,14.0,False,14.0
2024-11-08 17:00:00,805169.0,15.0,False,15.0
2024-11-08 18:00:00,805183.0,14.0,False,14.0
2024-11-08 19:00:00,805196.0,13.0,False,13.0
2024-11-08 20:00:00,805207.0,11.0,False,11.0
2024-11-08 21:00:00,805218.0,11.0,False,11.0
2024-11-08 22:00:00,805228.0,10.0,False,10.0
2024-11-08 23:00:00,805238.0,10.0,False,10.0
2024-11-09 00:00:00,805248.0,10.0,False,10.0
2024-11-09 01:00:00,805256.0,8.0,False,8.0
2024-11-09 02:00:00,805263.0,7.0,False,7.0
2024-11-09 03:00:00,805269.0,6.0,False,6.0
2024-11-09 04:00:00,805276.0,7.0,False,7.0
2024-11-09 05:00:00,805284.0,8.0,False,8.0
2024-11-09 06:00:00,805290.0,6.0,False,6.0
2024-11-09 07:00:00,805296.0,6.0,False,6.0
2024-11-09 08:00:00,805302.0,6.0,False,6.0
2024-11-09 09:00:00,805310.0,8.0,False,8.0
2024-11-09 10:00:00,805318.0,8.0,False,8.0
2024-11-09 11:00:00,805328.0,10.0,False,10.0
2024-11-09 12:00:00,805337.0,9.0,False,9.0
2024-11-09 13:00:00,805346.0,9.0,False,9.0
2024-11-09 14:00:00,805356.0,10.0,False,10.0
2024-11-09 15:00:00,805365.0,9.0,False,9.0
2024-11-09 16:00:00,805375.0,10.0,False,10.0
2024-11-09 17:00:00,805383.0,8.0,False,8.0
2024-11-09 18:00:00,805391.0,8.0,False,8.0
2024-11-09 19:00:00,805400.0,9.0,False,9.0
2024-11-09 20:00:00,805410.0,10.0,False,10.0
2024-11-09 21:00:00,805418.0,8.0,False,8.0
2024-11-09 22:00:00,805427.0,9.0,False,9.0
2024-11-09 23:00:00,805435.0,8.0,False,8.0
2024-11-10 00:00:00,805442.0,7.0,False,7.0
2024-11-10 01:00:00,805451.0,9.0,False,9.0
2024-11-10 02:00:00,805457.0,6.0,False,6.0
2024-11-10 03:00:00,805465.0,8.0,False,8.0
2024-11-10 04:00:00,805471.0,6.0,False,6.0
2024-11-10 05:00:00,805478.0,7.0,False,7.0
2024-11-10 06:00:00,805484.0,6.0,False,6.0
2024-11-10 07:00:00,805491.0,7.0,False,7.0
2024-11-10 08:00:00,805498.0,7.0,False,7.0
2024-11-10 09:00:00,805506.0,8.0,False,8.0
2024-11-10 10:00:00,805516.0,10.0,False,10.0
2024-11-10 11:00:00,805528.0,12.0,False,12.0
2024-11-10 12:00:00,805539.0,11.0,False,11.0
2024-11-10 13:00:00,805548.0,9.0,False,9.0
2024-11-10 14:00:00,805558.0,10.0,False,10.0
2024-11-10 15:00:00,805568.0,10.0,False,10.0
2024-11-10 16:00:00,805578.0,10.0,False,10.0
2024-11-10 17:00:00,805587.0,9.0,False,9.0
2024-11-10 18:00:00,805598.0,11.0,False,11.0
2024-11-10 19:00:00,805608.0,10.0,False,10.0
2024-11-10 20:00:00,805619.0,11.0,False,11.0
2024-11-10 21:00:00,805630.0,11.0,False,11.0
2024-11-10 22:00:00,805640.0,10.0,False,10.0
2024-11-10 23:00:00,805652.0,12.0,False,12.0
2024-11-11 00:00:00,805661.0,9.0,False,9.0
2024-11-11 01:00:00,805669.0,8.0,False,8.0
2024-11-11 02:00:00,805676.0,7.0,False,7.0
2024-11-11 03:00:00,805683.0,7.0,False,7.0
2024-11-11 04:00:00,805689.0,6.0,False,6.0
2024-11-11 05:00:00,805695.0,6.0,False,6.0
2024-11-11 06:00:00,805702.0,7.0,False,7.0
2024-11-11 07:00:00,805709.0,7.0,False,7.0
2024-11-11 08:00:00,805716.0,7.0,False,7.0
2024-11-11 09:00:00,805727.0,11.0,False,11.0
2024-11-11 10:00:00,805740.0,13.0,False,13.0
2024-11-11 11:00:00,805753.0,13.0,False,13.0
2024-11-11 12:00:00,805765.0,12.0,False,12.0
2024-11-11 13:00:00,805775.0,10.0,False,10.0
2024-11-11 14:00:00,805786.0,11.0,False,11.0
2024-11-11 15:00:00,805800.0,14.0,False,14.0
2024-11-11 16:00:00,805816.0,16.0,False,16.0
2024-11-11 17:00:00,805831.0,15.0,False,15.0
2024-11-11 18:00:00,805845.0,14.0,False,14.0
2024-11-11 19:00:00,805857.0,12.0,False,12.0
2024-11-11 20:00:00,805869.0,12.0,False,12.0
2024-11-11 21:00:00,805881.0,12.0,False,12.0
2024-11-11 22:00:00,805893.0,12.0,False,12.0
2024-11-11 23:00:00,805903.0,10.0,False,10.0
2024-11-12 00:00:00,805912.0,9.0,False,9.0
2024-11-12 01:00:00,805920.0,8.0,False,8.0
2024-11-12 02:00:00,805927.0,7.0,False,7.0
2024-11-12 03:00:00,805934.0,7.0,False,7.0
2024-11-12 04:00:00,805940.0,6.0,False,6.0
2024-11-12 05:00:00,805946.0,6.0,False,6.0
2024-11-12 06:00:00,805953.0,7.0,False,7.0
2024-11-12 07:00:00,805960.0,7.0,False,7.0
2024-11-12 08:00:00,805967.0,7.0,False,7.0
2024-11-12 09:00:00,805978.0,11.0,False,11.0
2024-11-12 10:00:00,805990.0,12.0,False,12.0
2024-11-12 11:00:00,806003.0,13.0,False,13.0
2024-11-12 12:00:00,806017.0,14.0,False,14.0
2024-11-12 13:00:00,806028.0,11.0,False,11.0
2024-11-12 14:00:00,806039.0,11.0,False,11.0
2024-11-12 15:00:00,806050.0,11.0,False,11.0
2024-11-12 16:00:00,806063.0,13.0,False,13.0
2024-11-12 17:00:00,806076.0,13.0,False,13.0
2024-11-12 18:00:00,806089.0,13.0,False,13.0
2024-11-12 19:00:00,806102.0,13.0,False,13.0
2024-11-12 20:00:00,806113.0,11.0,False,11.0
2024-11-12 21:00:00,806123.0,10.0,False,10.0
2024-11-12 22:00:00,806134.0,11.0,False,11.0
2024-11-12 23:00:00,806145.0,11.0,False,11.0
2024-11-13 00:00:00,806156.0,11.0,False,11.0
2024-11-13 01:00:00,806164.0,8.0,False,8.0
2024-11-13 02:00:00,806170.0,6.0,False,6.0
2024-11-13 03:00:00,806176.0,6.0,False,6.0
2024-11-13 04:00:00,806182.0,6.0,False,6.0
2024-11-13 05:00:00,806188.0,6.0,False,6.0
2024-11-13 06:00:00,806195.0,7.0,False,7.0
2024-11-13 07:00:00,806202.0,7.0,False,7.0
2024-11-13 08:00:00,806208.0,6.0,False,6.0
2024-11-13 09:00:00,806219.0,11.0,False,11.0
2024-11-13 10:00:00,806232.0,13.0,False,13.0
2024-11-13 11:00:00,806247.0,15.0,False,15.0
2024-11-13 12:00:00,806261.0,14.0,False,14.0
2024-11-13 13:00:00,806274.0,13.0,False,13.0
2024-11-13 14:00:00,806288.0,14.0,False,14.0
2024-11-13 15:00:00,806301.0,13.0,False,13.0
2024-11-13 16:00:00,806315.0,14.0,False,14.0
2024-11-13 17:00:00,806329.0,14.0,False,14.0
2024-11-13 18:00:00,806343.0,14.0,False,14.0
2024-11-13 19:00:00,806356.0,13.0,False,13.0
2024-11-13 20:00:00,806368.0,12.0,False,12.0
2024-11-13 21:00:00,806379.0,11.0,False,11.0
2024-11-13 22:00:00,806390.0,11.0,False,11.0
2024-11-13 23:00:00,806398.0,8.0,False,8.0
2024-11-14 00:00:00,806407.0,9.0,False,9.0
2024-11-14 01:00:00,806416.0,9.0,False,9.0
2024-11-14 02:00:00,806423.0,7.0,False,7.0
2024-11-14 03:00:00,806430.0,7.0,False,7.0
2024-11-14 04:00:00,806437.0,7.0,False,7.0
2024-11-14 05:00:00,806444.0,7.0,False,7.0
2024-11-14 06:00:00,806450.0,6.0,False,6.0
2024-11-14 07:00:00,806457.0,7.0,False,7.0
2024-11-14 08:00:00,806465.0,8.0,False,8.0
2024-11-14 09:00:00,806476.0,11.0,False,11.0
2024-11-14 10:00:00,806490.0,14.0,False,14.0
2024-11-14 11:00:00,806503.0,13.0,False,13.0
2024-11-14 12:00:00,806516.0,13.0,False,13.0
2024-11-14 13:00:00,806528.0,12.0,False,12.0
2024-11-14 14:00:00,806540.0,12.0,False,12.0
2024-11-14 15:00:00,806555.0,15.0,False,15.0
2024-11-14 16:00:00,806568.0,13.0,False,13.0
2024-11-14 17:00:00,806581.0,13.0,False,13.0
2024-11-14 18:00:00,806593.0,12.0,False,12.0
2024-11-14 19:00:00,806604.0,11.0,False,11.0
2024-11-14 20:00:00,806615.0,11.0,False,11.0
2024-11-14 21:00:00,806625.0,10.0,False,10.0
2024-11-14 22:00:00,806635.0,10.0,False,10.0
2024-11-14 23:00:00,806646.0,11.0,False,11.0
2024-11-15 00:00:00,806654.0,8.0,False,8.0
2024-11-15 01:00:00,806662.0,8.0,False,8.0
2024-11-15 02:00:00,806670.0,8.0,False,8.0
2024-11-15 03:00:00,806677.0,7.0,False,7.0
2024-11-15 04:00:00,806683.0,6.0,False,6.0
2024-11-15 05:00:00,806690.0,7.0,False,7.0
2024-11-15 06:00:00,806696.0,6.0,False,6.0
2024-11-15 07:00:00,806703.0,7.0,False,7.0
2024-11-15 08:00:00,806709.0,6.0,False,6.0
2024-11-15 09:00:00,806718.0,9.0,False,9.0
2024-11-15 10:00:00,806728.0,10.0,False,10.0
2024-11-15 11:00:00,806741.0,13.0,False,13.0
2024-11-15 12:00:00,806753.0,12.0,False,12.0
2024-11-15 13:00:00,806765.0,12.0,False,12.0
2024-11-15 14:00:00,806776.0,11.0,False,11.0
2024-11-15 15:00:00,77344.0,,False,12.14
2024-11-15 16:00:00,77356.0,12.0,False,12.0
2024-11-15 17:00:00,77367.0,11.0,False,11.0
2024-11-15 18:00:00,77379.0,12.0,False,12.0
2024-11-15 19:00:00,77390.0,11.0,False,11.0
2024-11-15 20:00:00,77401.0,11.0,False,11.0
2024-11-15 21:00:00,77413.0,12.0,False,12.0
2024-11-15 22:00:00,77422.0,9.0,False,9.0
2024-11-15 23:00:00,77431.0,9.0,False,9.0
2024-11-16 00:00:00,77441.0,10.0,False,10.0
2024-11-16 01:00:00,77448.0,7.0,False,7.0
2024-11-16 02:00:00,77455.0,7.0,False,7.0
2024-11-16 03:00:00,77461.0,6.0,False,6.0
2024-11-16 04:00:00,77467.0,6.0,False,6.0
2024-11-16 05:00:00,77473.0,6.0,False,6.0
2024-11-16 06:00:00,77479.0,6.0,False,6.0
2024-11-16 07:00:00,77486.0,7.0,False,7.0
2024-11-16 08:00:00,77492.0,6.0,False,6.0
2024-11-16 09:00:00,77499.0,7.0,False,7.0
2024-11-16 10:00:00,77509.0,10.0,False,10.0
2024-11-16 11:00:00,77518.0,9.0,False,9.0
2024-11-16 12:00:00,77527.0,9.0,False,9.0
2024-11-16 13:00:00,77535.0,8.0,False,8.0
2024-11-16 14:00:00,77544.0,9.0,False,9.0
2024-11-16 15:00:00,77552.0,8.0,False,8.0
2024-11-16 16:00:00,77562.0,10.0,False,10.0
2024-11-16 17:00:00,77571.0,9.0,False,9.0
2024-11-16 18:00:00,77580.0,9.0,False,9.0
2024-11-16 19:00:00,77590.0,10.0,False,10.0
2024-11-16 20:00:00,77599.0,9.0,False,9.0
2024-11-16 21:00:00,77608.0,9.0,False,9.0
2024-11-16 22:00:00,77619.0,11.0,False,11.0
2024-11-16 23:00:00,77628.0,9.0,False,9.0
2024-11-17 00:00:00,77636.0,8.0,False,8.0
2024-11-17 01:00:00,77643.0,7.0,False,7.0
2024-11-17 02:00:00,77650.0,7.0,False,7.0
2024-11-17 03:00:00,77657.0,7.0,False,7.0
2024-11-17 04:00:00,77664.0,7.0,False,7.0
2024-11-17 05:00:00,77671.0,7.0,False,7.0
2024-11-17 06:00:00,77677.0,6.0,False,6.0
2024-11-17 07:00:00,77684.0,7.0,False,7.0
2024-11-17 08:00:00,77691.0,7.0,False,7.0
2024-11-17 09:00:00,77699.0,8.0,False,8.0
2024-11-17 10:00:00,77708.0,9.0,False,9.0
2024-11-17 11:00:00,77718.0,10.0,False,10.0
2024-11-17 12:00:00,77728.0,10.0,False,10.0
2024-11-17 13:00:00,77737.0,9.0,False,9.0
2024-11-17 14:00:00,77745.0,8.0,False,8.0
2024-11-17 15:00:00,77755.0,10.0,False,10.0
2024-11-17 16:00:00,77765.0,10.0,False,10.0
2024-11-17 17:00:00,77774.0,9.0,False,9.0
2024-11-17 18:00:00,77784.0,10.0,False,10.0
2024-11-17 19:00:00,77794.0,10.0,False,10.0
2024-11-17 20:00:00,77805.0,11.0,False,11.0
2024-11-17 21:00:00,77815.0,10.0,False,10.0
2024-11-17 22:00:00,77826.0,11.0,False,11.0
2024-11-17 23:00:00,77836.0,10.0,False,10.0
2024-11-18 00:00:00,77845.0,9.0,False,9.0
2024-11-18 01:00:00,77853.0,8.0,False,8.0
2024-11-18 02:00:00,77861.0,8.0,False,8.0
2024-11-18 03:00:00,77868.0,7.0,False,7.0
2024-11-18 04:00:00,77876.0,8.0,False,8.0
2024-11-18 05:00:00,77883.0,7.0,False,7.0
2024-11-18 06:00:00,77889.0,6.0,False,6.0
2024-11-18 07:00:00,77897.0,8.0,False,8.0
2024-11-18 08:00:00,77904.0,7.0,False,7.0
2024-11-18 09:00:00,77916.0,12.0,False,12.0
2024-11-18 10:00:00,77930.0,14.0,False,14.0
2024-11-18 11:00:00,77942.0,12.0,False,12.0
2024-11-18 12:00:00,77958.0,16.0,False,16.0
2024-11-18 13:00:00,77971.0,13.0,False,13.0
2024-11-18 14:00:00,77986.0,15.0,False,15.0
2024-11-18 15:00:00,78002.0,16.0,False,16.0
2024-11-18 16:00:00,78019.0,17.0,False,17.0
2024-11-18 17:00:00,78035.0,16.0,False,16.0
2024-11-18 18:00:00,78053.0,18.0,False,18.0
2024-11-18 19:00:00,78066.0,13.0,False,13.0
2024-11-18 20:00:00,78081.0,15.0,False,15.0
2024-11-18 21:00:00,78095.0,14.0,False,14.0
2024-11-18 22:00:00,78108.0,13.0,False,13.0
2024-11-18 23:00:00,78120.0,12.0,False,12.0
2024-11-19 00:00:00,78129.0,9.0,False,9.0
2024-11-19 01:00:00,78137.0,8.0,False,8.0
2024-11-19 02:00:00,78144.0,7.0,False,7.0
2024-11-19 03:00:00,78152.0,8.0,False,8.0
2024-11-19 04:00:00,78159.0,7.0,False,7.0
2024-11-19 05:00:00,78166.0,7.0,False,7.0
2024-11-19 06:00:00,78173.0,7.0,False,7.0
2024-11-19 07:00:00,78180.0,7.0,False,7.0
2024-11-19 08:00:00,78188.0,8.0,False,8.0
2024-11-19 09:00:00,78201.0,13.0,False,13.0
2024-11-19 10:00:00,78215.0,14.0,False,14.0
2024-11-19 11:00:00,78230.0,15.0,False,15.0
2024-11-19 12:00:00,78246.0,16.0,False,16.0
2024-11-19 13:00:00,78258.0,12.0,False,12.0
2024-11-19 14:00:00,78271.0,13.0,False,13.0
2024-11-19 15:00:00,78287.0,16.0,False,16.0
2024-11-19 16:00:00,78301.0,14.0,False,14.0
2024-11-19 17:00:00,78315.0,14.0,False,14.0
2024-11-19 18:00:00,78329.0,14.0,False,14.0
2024-11-19 19:00:00,78341.0,12.0,False,12.0
2024-11-19 20:00:00,78351.0,10.0,False,10.0
2024-11-19 21:00:00,78361.0,10.0,False,10.0
2024-11-19 22:00:00,78371.0,10.0,False,10.0
2024-11-19 23:00:00,78381.0,10.0,False,10.0
2024-11-20 00:00:00,78390.0,9.0,False,9.0
2024-11-20 01:00:00,78398.0,8.0,False,8.0
2024-11-20 02:00:00,78406.0,8.0,False,8.0
2024-11-20 03:00:00,78411.0,5.0,False,5.0
2024-11-20 04:00:00,78417.0,6.0,False,6.0
2024-11-20 05:00:00,78424.0,7.0,False,7.0
2024-11-20 06:00:00,78430.0,6.0,False,6.0
2024-11-20 07:00:00,78436.0,6.0,False,6.0
2024-11-20 08:00:00,78444.0,8.0,False,8.0
2024-11-20 09:00:00,78454.0,10.0,False,10.0
2024-11-20 10:00:00,78466.0,12.0,False,12.0
2024-11-20 11:00:00,78478.0,12.0,False,12.0
2024-11-20 12:00:00,78491.0,13.0,False,13.0
2024-11-20 13:00:00,78503.0,12.0,False,12.0
2024-11-20 14:00:00,78514.0,11.0,False,11.0
2024-11-20 15:00:00,78525.0,11.0,False,11.0
2024-11-20 16:00:00,78537.0,12.0,False,12.0
2024-11-20 17:00:00,78552.0,15.0,False,15.0
2024-11-20 18:00:00,78565.0,13.0,False,13.0
2024-11-20 19:00:00,78577.0,12.0,False,12.0
2024-11-20 20:00:00,78587.0,10.0,False,10.0
2024-11-20 21:00:00,78597.0,10.0,False,10.0
2024-11-20 22:00:00,78608.0,11.0,False,11.0
2024-11-20 23:00:00,78618.0,10.0,False,10.0
2024-11-21 00:00:00,78626.0,8.0,False,8.0
2024-11-21 01:00:00,78635.0,9.0,False,9.0
2024-11-21 02:00:00,78643.0,8.0,False,8.0
2024-11-21 03:00:00,78649.0,6.0,False,6.0
2024-11-21 04:00:00,78656.0,7.0,False,7.0
2024-11-21 05:00:00,78663.0,7.0,False,7.0
2024-11-21 06:00:00,78670.0,7.0,False,7.0
2024-11-21 07:00:00,78676.0,6.0,False,6.0
2024-11-21 08:00:00,78683.0,7.0,False,7.0
2024-11-21 09:00:00,78695.0,12.0,False,12.0
2024-11-21 10:00:00,78709.0,14.0,False,14.0
2024-11-21 11:00:00,78722.0,13.0,False,13.0
2024-11-21 12:00:00,78735.0,13.0,False,13.0
2024-11-21 13:00:00,78746.0,11.0,False,11.0
2024-11-21 14:00:00,78756.0,10.0,False,10.0
2024-11-21 15:00:00,78768.0,12.0,False,12.0
2024-11-21 16:00:00,78781.0,13.0,False,13.0
2024-11-21 17:00:00,78794.0,13.0,False,13.0
2024-11-21 18:00:00,78805.0,11.0,False,11.0
2024-11-21 19:00:00,78816.0,11.0,False,11.0
2024-11-21 20:00:00,78827.0,11.0,False,11.0
2024-11-21 21:00:00,78838.0,11.0,False,11.0
2024-11-21 22:00:00,78847.0,9.0,False,9.0
2024-11-21 23:00:00,78856.0,9.0,False,9.0
2024-11-22 00:00:00,78863.0,7.0,False,7.0
2024-11-22 01:00:00,78870.0,7.0,False,7.0
2024-11-22 02:00:00,78876.0,6.0,False,6.0
2024-11-22 03:00:00,78881.0,5.0,False,5.0
2024-11-22 04:00:00,78888.0,7.0,False,7.0
2024-11-22 05:00:00,78894.0,6.0,False,6.0
2024-11-22 06:00:00,78900.0,6.0,False,6.0
2024-11-22 07:00:00,78906.0,6.0,False,6.0
2024-11-22 08:00:00,78913.0,7.0,False,7.0
2024-11-22 09:00:00,78924.0,11.0,False,11.0
2024-11-22 10:00:00,78939.0,15.0,False,15.0
2024-11-22 11:00:00,78953.0,14.0,False,14.0
2024-11-22 12:00:00,78967.0,14.0,False,14.0
2024-11-22 13:00:00,78978.0,11.0,False,11.0
2024-11-22 14:00:00,78989.0,11.0,False,11.0
2024-11-22 15:00:00,79000.0,11.0,False,11.0
2024-11-22 16:00:00,79013.0,13.0,False,13.0
2024-11-22 17:00:00,79024.0,11.0,False,11.0
2024-11-22 18:00:00,79034.0,10.0,False,10.0
2024-11-22 19:00:00,79045.0,11.0,False,11.0
2024-11-22 20:00:00,79053.0,8.0,False,8.0
2024-11-22 21:00:00,79063.0,10.0,False,10.0
2024-11-22 22:00:00,79070.0,7.0,False,7.0
2024-11-22 23:00:00,79078.0,8.0,False,8.0
2024-11-23 00:00:00,79086.0,8.0,False,8.0
2024-11-23 01:00:00,79092.0,6.0,False,6.0
2024-11-23 02:00:00,79099.0,7.0,False,7.0
2024-11-23 03:00:00,79105.0,6.0,False,6.0
2024-11-23 04:00:00,79110.0,5.0,False,5.0
2024-11-23 05:00:00,79116.0,6.0,False,6.0
2024-11-23 06:00:00,79121.0,5.0,False,5.0
2024-11-23 07:00:00,79127.0,6.0,False,6.0
2024-11-23 08:00:00,79133.0,6.0,False,6.0
2024-11-23 09:00:00,79140.0,7.0,False,7.0
2024-11-23 10:00:00,79148.0,8.0,False,8.0
2024-11-23 11:00:00,79158.0,10.0,False,10.0
2024-11-23 12:00:00,79166.0,8.0,False,8.0
2024-11-23 13:00:00,79175.0,9.0,False,9.0
2024-11-23 14:00:00,79183.0,8.0,False,8.0
2024-11-23 15:00:00,79192.0,9.0,False,9.0
2024-11-23 16:00:00,79201.0,9.0,False,9.0
2024-11-23 17:00:00,79211.0,10.0,False,10.0
2024-11-23 18:00:00,79220.0,9.0,False,9.0
2024-11-23 19:00:00,79231.0,11.0,False,11.0
2024-11-23 20:00:00,79241.0,10.0,False,10.0
2024-11-23 21:00:00,79251.0,10.0,False,10.0
2024-11-23 22:00:00,79261.0,10.0,False,10.0
2024-11-23 23:00:00,79270.0,9.0,False,9.0
2024-11-24 00:00:00,79278.0,8.0,False,8.0
2024-11-24 01:00:00,79285.0,7.0,False,7.0
2024-11-24 02:00:00,79290.0,5.0,False,5.0
2024-11-24 03:00:00,79296.0,6.0,False,6.0
2024-11-24 04:00:00,79302.0,6.0,False,6.0
2024-11-24 05:00:00,79307.0,5.0,False,5.0
2024-11-24 06:00:00,79314.0,7.0,False,7.0
2024-11-24 07:00:00,79320.0,6.0,False,6.0
2024-11-24 08:00:00,79326.0,6.0,False,6.0
2024-11-24 09:00:00,79333.0,7.0,False,7.0
2024-11-24 10:00:00,79341.0,8.0,False,8.0
2024-11-24 11:00:00,79350.0,9.0,False,9.0
2024-11-24 12:00:00,79358.0,8.0,False,8.0
2024-11-24 13:00:00,79366.0,8.0,False,8.0
2024-11-24 14:00:00,79375.0,9.0,False,9.0
2024-11-24 15:00:00,79384.0,9.0,False,9.0
2024-11-24 16:00:00,79394.0,10.0,False,10.0
2024-11-24 17:00:00,79404.0,10.0,False,10.0
2024-11-24 18:00:00,79413.0,9.0,False,9.0
2024-11-24 19:00:00,79421.0,8.0,False,8.0
2024-11-24 20:00:00,79429.0,8.0,False,8.0
2024-11-24 21:00:00,79437.0,8.0,False,8.0
2024-11-24 22:00:00,79445.0,8.0,False,8.0
2024-11-24 23:00:00,79453.0,8.0,False,8.0
2024-11-25 00:00:00,79460.0,7.0,False,7.0
2024-11-25 01:00:00,79467.0,7.0,False,7.0
2024-11-25 02:00:00,79472.0,5.0,False,5.0
2024-11-25 03:00:00,79478.0,6.0,False,6.0
2024-11-25 04:00:00,79485.0,7.0,False,7.0
2024-11-25 05:00:00,79490.0,5.0,False,5.0
2024-11-25 06:00:00,79496.0,6.0,False,6.0
2024-11-25 07:00:00,79501.0,5.0,False,5.0
2024-11-25 08:00:00,79508.0,7.0,False,7.0
2024-11-25 09:00:00,79520.0,12.0,False,12.0
2024-11-25 10:00:00,79533.0,13.0,False,13.0
2024-11-25 11:00:00,79546.0,13.0,False,13.0
2024-11-25 12:00:00,79559.0,13.0,False,13.0
2024-11-25 13:00:00,79570.0,11.0,False,11.0
2024-11-25 14:00:00,79582.0,12.0,False,12.0
2024-11-25 15:00:00,79597.0,15.0,False,15.0
2024-11-25 16:00:00,79610.0,13.0,False,13.0
2024-11-25 17:00:00,79626.0,16.0,False,16.0
2024-11-25 18:00:00,79640.0,14.0,False,14.0
2024-11-25 19:00:00,79653.0,13.0,False,13.0
2024-11-25 20:00:00,79665.0,12.0,False,12.0
2024-11-25 21:00:00,79676.0,11.0,False,11.0
2024-11-25 22:00:00,79687.0,11.0,False,11.0
2024-11-25 23:00:00,79695.0,8.0,False,8.0
2024-11-26 00:00:00,79703.0,8.0,False,8.0
2024-11-26 01:00:00,79710.0,7.0,False,7.0
2024-11-26 02:00:00,79715.0,5.0,False,5.0
2024-11-26 03:00:00,79720.0,5.0,False,5.0
2024-11-26 04:00:00,79725.0,5.0,False,5.0
2024-11-26 05:00:00,79730.0,5.0,False,5.0
2024-11-26 06:00:00,79734.0,4.0,False,4.0
2024-11-26 07:00:00,79740.0,6.0,False,6.0
2024-11-26 08:00:00,79745.0,5.0,False,5.0
2024-11-26 09:00:00,79755.0,10.0,False,10.0
2024-11-26 10:00:00,79768.0,13.0,False,13.0
2024-11-26 11:00:00,79784.0,16.0,False,16.0
2024-11-26 12:00:00,79797.0,13.0,False,13.0
2024-11-26 13:00:00,79808.0,11.0,False,11.0
2024-11-26 14:00:00,79820.0,12.0,False,12.0
2024-11-26 15:00:00,79833.0,13.0,False,13.0
2024-11-26 16:00:00,79847.0,14.0,False,14.0
2024-11-26 17:00:00,79862.0,15.0,False,15.0
2024-11-26 18:00:00,79877.0,15.0,False,15.0
2024-11-26 19:00:00,79891.0,14.0,False,14.0
2024-11-26 20:00:00,79903.0,12.0,False,12.0
2024-11-26 21:00:00,79915.0,12.0,False,12.0
2024-11-26 22:00:00,79925.0,10.0,False,10.0
2024-11-26 23:00:00,79934.0,9.0,False,9.0
2024-11-27 00:00:00,79941.0,7.0,False,7.0
2024-11-27 01:00:00,79948.0,7.0,False,7.0
2024-11-27 02:00:00,79954.0,6.0,False,6.0
2024-11-27 03:00:00,79960.0,6.0,False,6.0
2024-11-27 04:00:00,79966.0,6.0,False,6.0
2024-11-27 05:00:00,79971.0,5.0,False,5.0
2024-11-27 06:00:00,79976.0,5.0,False,5.0
2024-11-27 07:00:00,79982.0,6.0,False,6.0
2024-11-27 08:00:00,79988.0,6.0,False,6.0
2024-11-27 09:00:00,80000.0,12.0,False,12.0
2024-11-27 10:00:00,80014.0,14.0,False,14.0
2024-11-27 11:00:00,80031.0,17.0,False,17.0
2024-11-27 12:00:00,80045.0,14.0,False,14.0
2024-11-27 13:00:00,80058.0,13.0,False,13.0
2024-11-27 14:00:00,80070.0,12.0,False,12.0
2024-11-27 15:00:00,80081.0,11.0,False,11.0
2024-11-27 16:00:00,80094.0,13.0,False,13.0
2024-11-27 17:00:00,80107.0,13.0,False,13.0
2024-11-27 18:00:00,80121.0,14.0,False,14.0
2024-11-27 19:00:00,80133.0,12.0,False,12.0
2024-11-27 20:00:00,80148.0,15.0,False,15.0
2024-11-27 21:00:00,80160.0,12.0,False,12.0
2024-11-27 22:00:00,80170.0,10.0,False,10.0
2024-11-27 23:00:00,80180.0,10.0,False,10.0
2024-11-28 00:00:00,80187.0,7.0,False,7.0
2024-11-28 01:00:00,80195.0,8.0,False,8.0
2024-11-28 02:00:00,80200.0,5.0,False,5.0
2024-11-28 03:00:00,80206.0,6.0,False,6.0
2024-11-28 04:00:00,80211.0,5.0,False,5.0
2024-11-28 05:00:00,80217.0,6.0,False,6.0
2024-11-28 06:00:00,80222.0,5.0,False,5.0
2024-11-28 07:00:00,80228.0,6.0,False,6.0
2024-11-28 08:00:00,80235.0,7.0,False,7.0
2024-11-28 09:00:00,80246.0,11.0,False,11.0
2024-11-28 10:00:00,80260.0,14.0,False,14.0
2024-11-28 11:00:00,80275.0,15.0,False,15.0
2024-11-28 12:00:00,80288.0,13.0,False,13.0
2024-11-28 13:00:00,80297.0,9.0,False,9.0
2024-11-28 14:00:00,80308.0,11.0,False,11.0
2024-11-28 15:00:00,80320.0,12.0,False,12.0
2024-11-28 16:00:00,80333.0,13.0,False,13.0
2024-11-28 17:00:00,80346.0,13.0,False,13.0
2024-11-28 18:00:00,80358.0,12.0,False,12.0
2024-11-28 19:00:00,80369.0,11.0,False,11.0
2024-11-28 20:00:00,80377.0,8.0,False,8.0
2024-11-28 21:00:00,80386.0,9.0,False,9.0
2024-11-28 22:00:00,80395.0,9.0,False,9.0
2024-11-28 23:00:00,80404.0,9.0,False,9.0
2024-11-29 00:00:00,80412.0,8.0,False,8.0
2024-11-29 01:00:00,80419.0,7.0,False,7.0
2024-11-29 02:00:00,80425.0,6.0,False,6.0
2024-11-29 03:00:00,80431.0,6.0,False,6.0
2024-11-29 04:00:00,80437.0,6.0,False,6.0
2024-11-29 05:00:00,80443.0,6.0,False,6.0
2024-11-29 06:00:00,80450.0,7.0,False,7.0
2024-11-29 07:00:00,80455.0,5.0,False,5.0
2024-11-29 08:00:00,80462.0,7.0,False,7.0
2024-11-29 09:00:00,80474.0,12.0,False,12.0
2024-11-29 10:00:00,80489.0,15.0,False,15.0
2024-11-29 11:00:00,,,False,13.43
2024-11-29 12:00:00,904435.0,,False,11.86
2024-11-29 13:00:00,904564.0,129.0,False,129.0
2024-11-29 14:00:00,904691.0,127.0,False,127.0
2024-11-29 15:00:00,904824.0,133.0,False,133.0
2024-11-29 16:00:00,904977.0,153.0,False,153.0
2024-11-29 17:00:00,905129.0,152.0,False,152.0
2024-11-29 18:00:00,905279.0,150.0,False,150.0
2024-11-29 19:00:00,905414.0,135.0,False,135.0
2024-11-29 20:00:00,905541.0,127.0,False,127.0
2024-11-29 21:00:00,905659.0,118.0,False,118.0
2024-11-29 22:00:00,905768.0,109.0,False,109.0
2024-11-29 23:00:00,905867.0,99.0,False,99.0
2024-11-30 00:00:00,905960.0,93.0,False,93.0
2024-11-30 01:00:00,906040.0,80.0,False,80.0
2024-11-30 02:00:00,906112.0,72.0,False,72.0
2024-11-30 03:00:00,906180.0,68.0,False,68.0
2024-11-30 04:00:00,906250.0,70.0,False,70.0
2024-11-30 05:00:00,906317.0,67.0,False,67.0
2024-11-30 06:00:00,906385.0,68.0,False,68.0
2024-11-30 07:00:00,906452.0,67.0,False,67.0
2024-11-30 08:00:00,906519.0,67.0,False,67.0
2024-11-30 09:00:00,906592.0,73.0,False,73.0
2024-11-30 10:00:00,906678.0,86.0,False,86.0
2024-11-30 11:00:00,906785.0,107.0,False,107.0
2024-11-30 12:00:00,906900.0,115.0,False,115.0
2024-11-30 13:00:00,907003.0,103.0,False,103.0
2024-11-30 14:00:00,907109.0,106.0,False,106.0
2024-11-30 15:00:00,907217.0,108.0,False,108.0
2024-11-30 16:00:00,907346.0,129.0,False,129.0
2024-11-30 17:00:00,907481.0,135.0,False,135.0
2024-11-30 18:00:00,907609.0,128.0,False,128.0
2024-11-30 19:00:00,907728.0,119.0,False,119.0
2024-11-30 20:00:00,907845.0,117.0,False,117.0
2024-11-30 21:00:00,907961.0,116.0,False,116.0
2024-11-30 22:00:00,908075.0,114.0,False,114.0
2024-11-30 23:00:00,908181.0,106.0,False,106.0
2024-12-01 00:00:00,908279.0,98.0,False,98.0
2024-12-01 01:00:00,908362.0,83.0,False,83.0
2024-12-01 02:00:00,908438.0,76.0,False,76.0
2024-12-01 03:00:00,908511.0,73.0,False,73.0
2024-12-01 04:00:00,908581.0,70.0,False,70.0
2024-12-01 05:00:00,908648.0,67.0,False,67.0
2024-12-01 06:00:00,908711.0,63.0,False,63.0
2024-12-01 07:00:00,908775.0,64.0,False,64.0
2024-12-01 08:00:00,908839.0,64.0,False,64.0
2024-12-01 09:00:00,908913.0,74.0,False,74.0
2024-12-01 10:00:00,908995.0,82.0,False,82.0
2024-12-01 11:00:00,909098.0,103.0,False,103.0
2024-12-01 12:00:00,909200.0,102.0,False,102.0
2024-12-01 13:00:00,909307.0,107.0,False,107.0
2024-12-01 14:00:00,909414.0,107.0,False,107.0
2024-12-01 15:00:00,909531.0,117.0,False,117.0
2024-12-01 16:00:00,909652.0,121.0,False,121.0
2024-12-01 17:00:00,909765.0,113.0,False,113.0
2024-12-01 18:00:00,909863.0,98.0,False,98.0
2024-12-01 19:00:00,909980.0,117.0,False,117.0
2024-12-01 20:00:00,910082.0,102.0,False,102.0
2024-12-01 21:00:00,910185.0,103.0,False,103.0
2024-12-01 22:00:00,910287.0,102.0,False,102.0
2024-12-01 23:00:00,910385.0,98.0,False,98.0
2024-12-02 00:00:00,910474.0,89.0,False,89.0
2024-12-02 01:00:00,910545.0,71.0,False,71.0
2024-12-02 02:00:00,910611.0,66.0,False,66.0
2024-12-02 03:00:00,910676.0,65.0,False,65.0
2024-12-02 04:00:00,910738.0,62.0,False,62.0
2024-12-02 05:00:00,910801.0,63.0,False,63.0
2024-12-02 06:00:00,910862.0,61.0,False,61.0
2024-12-02 07:00:00,910925.0,63.0,False,63.0
2024-12-02 08:00:00,910996.0,71.0,False,71.0
2024-12-02 09:00:00,911095.0,99.0,False,99.0
2024-12-02 10:00:00,911219.0,124.0,False,124.0
2024-12-02 11:00:00,911365.0,146.0,False,146.0
2024-12-02 12:00:00,911523.0,158.0,False,158.0
2024-12-02 13:00:00,911658.0,135.0,False,135.0
2024-12-02 14:00:00,911795.0,137.0,False,137.0
2024-12-02 15:00:00,911936.0,141.0,False,141.0
2024-12-02 16:00:00,912079.0,143.0,False,143.0
2024-12-02 17:00:00,912234.0,155.0,False,155.0
2024-12-02 18:00:00,912383.0,149.0,False,149.0
2024-12-02 19:00:00,912514.0,131.0,False,131.0
2024-12-02 20:00:00,912640.0,126.0,False,126.0
2024-12-02 21:00:00,912764.0,124.0,False,124.0
2024-12-02 22:00:00,912886.0,122.0,False,122.0
2024-12-02 23:00:00,912989.0,103.0,False,103.0
2024-12-03 00:00:00,913075.0,86.0,False,86.0
2024-12-03 01:00:00,913158.0,83.0,False,83.0
2024-12-03 02:00:00,913236.0,78.0,False,78.0
2024-12-03 03:00:00,913305.0,69.0,False,69.0
2024-12-03 04:00:00,913372.0,67.0,False,67.0
2024-12-03 05:00:00,913436.0,64.0,False,64.0
2024-12-03 06:00:00,913501.0,65.0,False,65.0
2024-12-03 07:00:00,913566.0,65.0,False,65.0
2024-12-03 08:00:00,913633.0,67.0,False,67.0
2024-12-03 09:00:00,913734.0,101.0,False,101.0
2024-12-03 10:00:00,913859.0,125.0,False,125.0
2024-12-03 11:00:00,914008.0,149.0,False,149.0
2024-12-03 12:00:00,914154.0,146.0,False,146.0
2024-12-03 13:00:00,914296.0,142.0,False,142.0
2024-12-03 14:00:00,914418.0,122.0,False,122.0
2024-12-03 15:00:00,914575.0,157.0,False,157.0
2024-12-03 16:00:00,914744.0,169.0,False,169.0
2024-12-03 17:00:00,914916.0,172.0,False,172.0
2024-12-03 18:00:00,915075.0,159.0,False,159.0
2024-12-03 19:00:00,915225.0,150.0,False,150.0
2024-12-03 20:00:00,915363.0,138.0,False,138.0
2024-12-03 21:00:00,915502.0,139.0,False,139.0
2024-12-03 22:00:00,915634.0,132.0,False,132.0
2024-12-03 23:00:00,915748.0,114.0,False,114.0
2024-12-04 00:00:00,915844.0,96.0,False,96.0
2024-12-04 01:00:00,915927.0,83.0,False,83.0
2024-12-04 02:00:00,916000.0,73.0,False,73.0
2024-12-04 03:00:00,916067.0,67.0,False,67.0
2024-12-04 04:00:00,916132.0,65.0,False,65.0
2024-12-04 05:00:00,916197.0,65.0,False,65.0
2024-12-04 06:00:00,916261.0,64.0,False,64.0
2024-12-04 07:00:00,916326.0,65.0,False,65.0
2024-12-04 08:00:00,916394.0,68.0,False,68.0
2024-12-04 09:00:00,916486.0,92.0,False,92.0
2024-12-04 10:00:00,916601.0,115.0,False,115.0
2024-12-04 11:00:00,916733.0,132.0,False,132.0
2024-12-04 12:00:00,916880.0,147.0,False,147.0
2024-12-04 13:00:00,917012.0,132.0,False,132.0
2024-12-04 14:00:00,917143.0,131.0,False,131.0
2024-12-04 15:00:00,917294.0,151.0,False,151.0
2024-12-04 16:00:00,917453.0,159.0,False,159.0
2024-12-04 17:00:00,917616.0,163.0,False,163.0
2024-12-04 18:00:00,917771.0,155.0,False,155.0
2024-12-04 19:00:00,917906.0,135.0,False,135.0
2024-12-04 20:00:00,918031.0,125.0,False,125.0
2024-12-04 21:00:00,918151.0,120.0,False,120.0
2024-12-04 22:00:00,918267.0,116.0,False,116.0
2024-12-04 23:00:00,918379.0,112.0,False,112.0
2024-12-05 00:00:00,918466.0,87.0,False,87.0
2024-12-05 01:00:00,918545.0,79.0,False,79.0
2024-12-05 02:00:00,918620.0,75.0,False,75.0
2024-12-05 03:00:00,918694.0,74.0,False,74.0
2024-12-05 04:00:00,918764.0,70.0,False,70.0
2024-12-05 05:00:00,918834.0,70.0,False,70.0
2024-12-05 06:00:00,918904.0,70.0,False,70.0
2024-12-05 07:00:00,918972.0,68.0,False,68.0
2024-12-05 08:00:00,919044.0,72.0,False,72.0
2024-12-05 09:00:00,919138.0,94.0,False,94.0
2024-12-05 10:00:00,919255.0,117.0,False,117.0
2024-12-05 11:00:00,919392.0,137.0,False,137.0
2024-12-05 12:00:00,919544.0,152.0,False,152.0
2024-12-05 13:00:00,919680.0,136.0,False,136.0
2024-12-05 14:00:00,919807.0,127.0,False,127.0
2024-12-05 15:00:00,919940.0,133.0,False,133.0
2024-12-05 16:00:00,920096.0,156.0,False,156.0
2024-12-05 17:00:00,920252.0,156.0,False,156.0
2024-12-05 18:00:00,920396.0,144.0,False,144.0
2024-12-05 19:00:00,920536.0,140.0,False,140.0
2024-12-05 20:00:00,920663.0,127.0,False,127.0
2024-12-05 21:00:00,920782.0,119.0,False,119.0
2024-12-05 22:00:00,920892.0,110.0,False,110.0
2024-12-05 23:00:00,920994.0,102.0,False,102.0
2024-12-06 00:00:00,921084.0,90.0,False,90.0
2024-12-06 01:00:00,921157.0,73.0,False,73.0
2024-12-06 02:00:00,921226.0,69.0,False,69.0
2024-12-06 03:00:00,921289.0,63.0,False,63.0
2024-12-06 04:00:00,921350.0,61.0,False,61.0
2024-12-06 05:00:00,921411.0,61.0,False,61.0
2024-12-06 06:00:00,921471.0,60.0,False,60.0
2024-12-06 07:00:00,921533.0,62.0,False,62.0
2024-12-06 08:00:00,921596.0,63.0,False,63.0
2024-12-06 09:00:00,921681.0,85.0,False,85.0
2024-12-06 10:00:00,921800.0,119.0,False,119.0
2024-12-06 11:00:00,921936.0,136.0,False,136.0
2024-12-06 12:00:00,922079.0,143.0,False,143.0
2024-12-06 13:00:00,922200.0,121.0,False,121.0
2024-12-06 14:00:00,922327.0,127.0,False,127.0
2024-12-06 15:00:00,922475.0,148.0,False,148.0
2024-12-06 16:00:00,922624.0,149.0,False,149.0
2024-12-06 17:00:00,922770.0,146.0,False,146.0
2024-12-06 18:00:00,922915.0,145.0,False,145.0
2024-12-06 19:00:00,923047.0,132.0,False,132.0
2024-12-06 20:00:00,923177.0,130.0,False,130.0
2024-12-06 21:00:00,923298.0,121.0,False,121.0
2024-12-06 22:00:00,923408.0,110.0,False,110.0
2024-12-06 23:00:00,923511.0,103.0,False,103.0
2024-12-07 00:00:00,923603.0,92.0,False,92.0
2024-12-07 01:00:00,923676.0,73.0,False,73.0
2024-12-07 02:00:00,923742.0,66.0,False,66.0
2024-12-07 03:00:00,923806.0,64.0,False,64.0
2024-12-07 04:00:00,923870.0,64.0,False,64.0
2024-12-07 05:00:00,923932.0,62.0,False,62.0
2024-12-07 06:00:00,923996.0,64.0,False,64.0
2024-12-07 07:00:00,924057.0,61.0,False,61.0
2024-12-07 08:00:00,924120.0,63.0,False,63.0
2024-12-07 09:00:00,924188.0,68.0,False,68.0
2024-12-07 10:00:00,924277.0,89.0,False,89.0
2024-12-07 11:00:00,924376.0,99.0,False,99.0
2024-12-07 12:00:00,924485.0,109.0,False,109.0
2024-12-07 13:00:00,924585.0,100.0,False,100.0
2024-12-07 14:00:00,924694.0,109.0,False,109.0
2024-12-07 15:00:00,924817.0,123.0,False,123.0
2024-12-07 16:00:00,924930.0,113.0,False,113.0
2024-12-07 17:00:00,925047.0,117.0,False,117.0
2024-12-07 18:00:00,925159.0,112.0,False,112.0
2024-12-07 19:00:00,925277.0,118.0,False,118.0
2024-12-07 20:00:00,925393.0,116.0,False,116.0
2024-12-07 21:00:00,925505.0,112.0,False,112.0
2024-12-07 22:00:00,925607.0,102.0,False,102.0
2024-12-07 23:00:00,925703.0,96.0,False,96.0
2024-12-08 00:00:00,925787.0,84.0,False,84.0
2024-12-08 01:00:00,925862.0,75.0,False,75.0
2024-12-08 02:00:00,925935.0,73.0,False,73.0
2024-12-08 03:00:00,926002.0,67.0,False,67.0
2024-12-08 04:00:00,926069.0,67.0,False,67.0
2024-12-08 05:00:00,926133.0,64.0,False,64.0
2024-12-08 06:00:00,926198.0,65.0,False,65.0
2024-12-08 07:00:00,926262.0,64.0,False,64.0
2024-12-08 08:00:00,926327.0,65.0,False,65.0
2024-12-08 09:00:00,926399.0,72.0,False,72.0
2024-12-08 10:00:00,926495.0,96.0,False,96.0
2024-12-08 11:00:00,926603.0,108.0,False,108.0
2024-12-08 12:00:00,926709.0,106.0,False,106.0
2024-12-08 13:00:00,926815.0,106.0,False,106.0
2024-12-08 14:00:00,926919.0,104.0,False,104.0
2024-12-08 15:00:00,927030.0,111.0,False,111.0
2024-12-08 16:00:00,927151.0,121.0,False,121.0
2024-12-08 17:00:00,927277.0,126.0,False,126.0
2024-12-08 18:00:00,927408.0,131.0,False,131.0
2024-12-08 19:00:00,927541.0,133.0,False,133.0
2024-12-08 20:00:00,927667.0,126.0,False,126.0
2024-12-08 21:00:00,927789.0,122.0,False,122.0
2024-12-08 22:00:00,927908.0,119.0,False,119.0
2024-12-08 23:00:00,928021.0,113.0,False,113.0
2024-12-09 00:00:00,928122.0,101.0,False,101.0
2024-12-09 01:00:00,928217.0,95.0,False,95.0
2024-12-09 02:00:00,928307.0,90.0,False,90.0
2024-12-09 03:00:00,928391.0,84.0,False,84.0
2024-12-09 04:00:00,928474.0,83.0,False,83.0
2024-12-09 05:00:00,928554.0,80.0,False,80.0
2024-12-09 06:00:00,928631.0,77.0,False,77.0
2024-12-09 07:00:00,928709.0,78.0,False,78.0
2024-12-09 08:00:00,928789.0,80.0,False,80.0
2024-12-09 09:00:00,928901.0,112.0,False,112.0
2024-12-09 10:00:00,929047.0,146.0,False,146.0
2024-12-09 11:00:00,929204.0,157.0,False,157.0
2024-12-09 12:00:00,929363.0,159.0,False,159.0
2024-12-09 13:00:00,929498.0,135.0,False,135.0
2024-12-09 14:00:00,929630.0,132.0,False,132.0
2024-12-09 15:00:00,929789.0,159.0,False,159.0
2024-12-09 16:00:00,929959.0,170.0,False,170.0
2024-12-09 17:00:00,930125.0,166.0,False,166.0
2024-12-09 18:00:00,930286.0,161.0,False,161.0
2024-12-09 19:00:00,930434.0,148.0,False,148.0
2024-12-09 20:00:00,930585.0,151.0,False,151.0
2024-12-09 21:00:00,930732.0,147.0,False,147.0
2024-12-09 22:00:00,930874.0,142.0,False,142.0
2024-12-09 23:00:00,930999.0,125.0,False,125.0
2024-12-10 00:00:00,931105.0,106.0,False,106.0
2024-12-10 01:00:00,931194.0,89.0,False,89.0
2024-12-10 02:00:00,931273.0,79.0,False,79.0
2024-12-10 03:00:00,931349.0,76.0,False,76.0
2024-12-10 04:00:00,931424.0,75.0,False,75.0
2024-12-10 05:00:00,931501.0,77.0,False,77.0
2024-12-10 06:00:00,931576.0,75.0,False,75.0
2024-12-10 07:00:00,931651.0,75.0,False,75.0
2024-12-10 08:00:00,931726.0,75.0,False,75.0
2024-12-10 09:00:00,931822.0,96.0,False,96.0
2024-12-10 10:00:00,931947.0,125.0,False,125.0
2024-12-10 11:00:00,932096.0,149.0,False,149.0
2024-12-10 12:00:00,932253.0,157.0,False,157.0
2024-12-10 13:00:00,932396.0,143.0,False,143.0
2024-12-10 14:00:00,932536.0,140.0,False,140.0
2024-12-10 15:00:00,932696.0,160.0,False,160.0
2024-12-10 16:00:00,932881.0,185.0,False,185.0
2024-12-10 17:00:00,933059.0,178.0,False,178.0
2024-12-10 18:00:00,933231.0,172.0,False,172.0
2024-12-10 19:00:00,933387.0,156.0,False,156.0
2024-12-10 20:00:00,933518.0,131.0,False,131.0
2024-12-10 21:00:00,933663.0,145.0,False,145.0
2024-12-10 22:00:00,933779.0,116.0,False,116.0
2024-12-10 23:00:00,933904.0,125.0,False,125.0
2024-12-11 00:00:00,933998.0,94.0,False,94.0
2024-12-11 01:00:00,934077.0,79.0,False,79.0
2024-12-11 02:00:00,934152.0,75.0,False,75.0
2024-12-11 03:00:00,934225.0,73.0,False,73.0
2024-12-11 04:00:00,934297.0,72.0,False,72.0
2024-12-11 05:00:00,934369.0,72.0,False,72.0
2024-12-11 06:00:00,934440.0,71.0,False,71.0
2024-12-11 07:00:00,934513.0,73.0,False,73.0
2024-12-11 08:00:00,934590.0,77.0,False,77.0
2024-12-11 09:00:00,934695.0,105.0,False,105.0
2024-12-11 10:00:00,934832.0,137.0,False,137.0
2024-12-11 11:00:00,934994.0,162.0,False,162.0
2024-12-11 12:00:00,935152.0,158.0,False,158.0
2024-12-11 13:00:00,935301.0,149.0,False,149.0
2024-12-11 14:00:00,935452.0,151.0,False,151.0
2024-12-11 15:00:00,935606.0,154.0,False,154.0
2024-12-11 16:00:00,935770.0,164.0,False,164.0
2024-12-11 17:00:00,935945.0,175.0,False,175.0
2024-12-11 18:00:00,936116.0,171.0,False,171.0
2024-12-11 19:00:00,936269.0,153.0,False,153.0
2024-12-11 20:00:00,936409.0,140.0,False,140.0
2024-12-11 21:00:00,936553.0,144.0,False,144.0
2024-12-11 22:00:00,936689.0,136.0,False,136.0
2024-12-11 23:00:00,936817.0,128.0,False,128.0
2024-12-12 00:00:00,936927.0,110.0,False,110.0
2024-12-12 01:00:00,937018.0,91.0,False,91.0
2024-12-12 02:00:00,937098.0,80.0,False,80.0
2024-12-12 03:00:00,937176.0,78.0,False,78.0
2024-12-12 04:00:00,937250.0,74.0,False,74.0
2024-12-12 05:00:00,937324.0,74.0,False,74.0
2024-12-12 06:00:00,937401.0,77.0,False,77.0
2024-12-12 07:00:00,937473.0,72.0,False,72.0
2024-12-12 08:00:00,937553.0,80.0,False,80.0
2024-12-12 09:00:00,937660.0,107.0,False,107.0
2024-12-12 10:00:00,937793.0,133.0,False,133.0
2024-12-12 11:00:00,937952.0,159.0,False,159.0
2024-12-12 12:00:00,938110.0,158.0,False,158.0
2024-12-12 13:00:00,938249.0,139.0,False,139.0
2024-12-12 14:00:00,938386.0,137.0,False,137.0
2024-12-12 15:00:00,938539.0,153.0,False,153.0
2024-12-12 16:00:00,938697.0,158.0,False,158.0
2024-12-12 17:00:00,938861.0,164.0,False,164.0
2024-12-12 18:00:00,939026.0,165.0,False,165.0
2024-12-12 19:00:00,939175.0,149.0,False,149.0
2024-12-12 20:00:00,939323.0,148.0,False,148.0
2024-12-12 21:00:00,939465.0,142.0,False,142.0
2024-12-12 22:00:00,939599.0,134.0,False,134.0
2024-12-12 23:00:00,939725.0,126.0,False,126.0
2024-12-13 00:00:00,939832.0,107.0,False,107.0
2024-12-13 01:00:00,939924.0,92.0,False,92.0
2024-12-13 02:00:00,939999.0,75.0,False,75.0
2024-12-13 03:00:00,940072.0,73.0,False,73.0
2024-12-13 04:00:00,940141.0,69.0,False,69.0
2024-12-13 05:00:00,940211.0,70.0,False,70.0
2024-12-13 06:00:00,940281.0,70.0,False,70.0
2024-12-13 07:00:00,940350.0,69.0,False,69.0
2024-12-13 08:00:00,940421.0,71.0,False,71.0
2024-12-13 09:00:00,940533.0,112.0,False,112.0
2024-12-13 10:00:00,940673.0,140.0,False,140.0
2024-12-13 11:00:00,940835.0,162.0,False,162.0
2024-12-13 12:00:00,940998.0,163.0,False,163.0
2024-12-13 13:00:00,941151.0,153.0,False,153.0
2024-12-13 14:00:00,941305.0,154.0,False,154.0
2024-12-13 15:00:00,941467.0,162.0,False,162.0
2024-12-13 16:00:00,941640.0,173.0,False,173.0
2024-12-13 17:00:00,941809.0,169.0,False,169.0
2024-12-13 18:00:00,941973.0,164.0,False,164.0
2024-12-13 19:00:00,942119.0,146.0,False,146.0
2024-12-13 20:00:00,942252.0,133.0,False,133.0
2024-12-13 21:00:00,942381.0,129.0,False,129.0
2024-12-13 22:00:00,942506.0,125.0,False,125.0
2024-12-13 23:00:00,942622.0,116.0,False,116.0
2024-12-14 00:00:00,942726.0,104.0,False,104.0
2024-12-14 01:00:00,942805.0,79.0,False,79.0
2024-12-14 02:00:00,942880.0,75.0,False,75.0
2024-12-14 03:00:00,942953.0,73.0,False,73.0
2024-12-14 04:00:00,943025.0,72.0,False,72.0
2024-12-14 05:00:00,943100.0,75.0,False,75.0
2024-12-14 06:00:00,943170.0,70.0,False,70.0
2024-12-14 07:00:00,943241.0,71.0,False,71.0
2024-12-14 08:00:00,943312.0,71.0,False,71.0
2024-12-14 09:00:00,943393.0,81.0,False,81.0
2024-12-14 10:00:00,943495.0,102.0,False,102.0
2024-12-14 11:00:00,943625.0,130.0,False,130.0
2024-12-14 12:00:00,943757.0,132.0,False,132.0
2024-12-14 13:00:00,943885.0,128.0,False,128.0
2024-12-14 14:00:00,944015.0,130.0,False,130.0
2024-12-14 15:00:00,944152.0,137.0,False,137.0
2024-12-14 16:00:00,944298.0,146.0,False,146.0
2024-12-14 17:00:00,944442.0,144.0,False,144.0
2024-12-14 18:00:00,944586.0,144.0,False,144.0
2024-12-14 19:00:00,944713.0,127.0,False,127.0
2024-12-14 20:00:00,944840.0,127.0,False,127.0
2024-12-14 21:00:00,944966.0,126.0,False,126.0
2024-12-14 22:00:00,945091.0,125.0,False,125.0
2024-12-14 23:00:00,945214.0,123.0,False,123.0
2024-12-15 00:00:00,945324.0,110.0,False,110.0
2024-12-15 01:00:00,945413.0,89.0,False,89.0
2024-12-15 02:00:00,945506.0,93.0,False,93.0
2024-12-15 03:00:00,945588.0,82.0,False,82.0
2024-12-15 04:00:00,945666.0,78.0,False,78.0
2024-12-15 05:00:00,945745.0,79.0,False,79.0
2024-12-15 06:00:00,945824.0,79.0,False,79.0
2024-12-15 07:00:00,945904.0,80.0,False,80.0
2024-12-15 08:00:00,945988.0,84.0,False,84.0
2024-12-15 09:00:00,946076.0,88.0,False,88.0
2024-12-15 10:00:00,946176.0,100.0,False,100.0
2024-12-15 11:00:00,946289.0,113.0,False,113.0
2024-12-15 12:00:00,946413.0,124.0,False,124.0
2024-12-15 13:00:00,946520.0,107.0,False,107.0
2024-12-15 14:00:00,946651.0,131.0,False,131.0
2024-12-15 15:00:00,946785.0,134.0,False,134.0
2024-12-15 16:00:00,946915.0,130.0,False,130.0
2024-12-15 17:00:00,947059.0,144.0,False,144.0
2024-12-15 18:00:00,947198.0,139.0,False,139.0
2024-12-15 19:00:00,947336.0,138.0,False,138.0
2024-12-15 20:00:00,947468.0,132.0,False,132.0
2024-12-15 21:00:00,947603.0,135.0,False,135.0
2024-12-15 22:00:00,947732.0,129.0,False,129.0
2024-12-15 23:00:00,947856.0,124.0,False,124.0
2024-12-16 00:00:00,947961.0,105.0,False,105.0
2024-12-16 01:00:00,948051.0,90.0,False,90.0
2024-12-16 02:00:00,948135.0,84.0,False,84.0
2024-12-16 03:00:00,948211.0,76.0,False,76.0
2024-12-16 04:00:00,948288.0,77.0,False,77.0
2024-12-16 05:00:00,948362.0,74.0,False,74.0
2024-12-16 06:00:00,948433.0,71.0,False,71.0
2024-12-16 07:00:00,948503.0,70.0,False,70.0
2024-12-16 08:00:00,948577.0,74.0,False,74.0
2024-12-16 09:00:00,948680.0,103.0,False,103.0
2024-12-16 10:00:00,948836.0,156.0,False,156.0
2024-12-16 11:00:00,949011.0,175.0,False,175.0
2024-12-16 12:00:00,949186.0,175.0,False,175.0
2024-12-16 13:00:00,949328.0,142.0,False,142.0
2024-12-16 14:00:00,949475.0,147.0,False,147.0
2024-12-16 15:00:00,949638.0,163.0,False,163.0
2024-12-16 16:00:00,949822.0,184.0,False,184.0
2024-12-16 17:00:00,950002.0,180.0,False,180.0
2024-12-16 18:00:00,950180.0,178.0,False,178.0
2024-12-16 19:00:00,950339.0,159.0,False,159.0
2024-12-16 20:00:00,950483.0,144.0,False,144.0
2024-12-16 21:00:00,950636.0,153.0,False,153.0
2024-12-16 22:00:00,950786.0,150.0,False,150.0
2024-12-16 23:00:00,950920.0,134.0,False,134.0
2024-12-17 00:00:00,951028.0,108.0,False,108.0
2024-12-17 01:00:00,951114.0,86.0,False,86.0
2024-12-17 02:00:00,951186.0,72.0,False,72.0
2024-12-17 03:00:00,951255.0,69.0,False,69.0
2024-12-17 04:00:00,951324.0,69.0,False,69.0
2024-12-17 05:00:00,951393.0,69.0,False,69.0
2024-12-17 06:00:00,951461.0,68.0,False,68.0
2024-12-17 07:00:00,951528.0,67.0,False,67.0
2024-12-17 08:00:00,951601.0,73.0,False,73.0
2024-12-17 09:00:00,951711.0,110.0,False,110.0
2024-12-17 10:00:00,951860.0,149.0,False,149.0
2024-12-17 11:00:00,952040.0,180.0,False,180.0
2024-12-17 12:00:00,952209.0,169.0,False,169.0
2024-12-17 13:00:00,952354.0,145.0,False,145.0
2024-12-17 14:00:00,952501.0,147.0,False,147.0
2024-12-17 15:00:00,952663.0,162.0,False,162.0
2024-12-17 16:00:00,952845.0,182.0,False,182.0
2024-12-17 17:00:00,953023.0,178.0,False,178.0
2024-12-17 18:00:00,953194.0,171.0,False,171.0
2024-12-17 19:00:00,953343.0,149.0,False,149.0
2024-12-17 20:00:00,953484.0,141.0,False,141.0
2024-12-17 21:00:00,953618.0,134.0,False,134.0
2024-12-17 22:00:00,953751.0,133.0,False,133.0
2024-12-17 23:00:00,953874.0,123.0,False,123.0
2024-12-18 00:00:00,953979.0,105.0,False,105.0
2024-12-18 01:00:00,954073.0,94.0,False,94.0
2024-12-18 02:00:00,954163.0,90.0,False,90.0
2024-12-18 03:00:00,954248.0,85.0,False,85.0
2024-12-18 04:00:00,954335.0,87.0,False,87.0
2024-12-18 05:00:00,954417.0,82.0,False,82.0
2024-12-18 06:00:00,954499.0,82.0,False,82.0
2024-12-18 07:00:00,954580.0,81.0,False,81.0
2024-12-18 08:00:00,954665.0,85.0,False,85.0
2024-12-18 09:00:00,954777.0,112.0,False,112.0
2024-12-18 10:00:00,954923.0,146.0,False,146.0
2024-12-18 11:00:00,955091.0,168.0,False,168.0
2024-12-18 12:00:00,955268.0,177.0,False,177.0
2024-12-18 13:00:00,955418.0,150.0,False,150.0
2024-12-18 14:00:00,955567.0,149.0,False,149.0
2024-12-18 15:00:00,955724.0,157.0,False,157.0
2024-12-18 16:00:00,955900.0,176.0,False,176.0
2024-12-18 17:00:00,956084.0,184.0,False,184.0
2024-12-18 18:00:00,956265.0,181.0,False,181.0
2024-12-18 19:00:00,956424.0,159.0,False,159.0
2024-12-18 20:00:00,956551.0,127.0,False,127.0
2024-12-18 21:00:00,956666.0,115.0,False,115.0
2024-12-18 22:00:00,956788.0,122.0,False,122.0
2024-12-18 23:00:00,956895.0,107.0,False,107.0
2024-12-19 00:00:00,956983.0,88.0,False,88.0
2024-12-19 01:00:00,957051.0,68.0,False,68.0
2024-12-19 02:00:00,957112.0,61.0,False,61.0
2024-12-19 03:00:00,957172.0,60.0,False,60.0
2024-12-19 04:00:00,957229.0,57.0,False,57.0
2024-12-19 05:00:00,957283.0,54.0,False,54.0
2024-12-19 06:00:00,957337.0,54.0,False,54.0
2024-12-19 07:00:00,957391.0,54.0,False,54.0
2024-12-19 08:00:00,957449.0,58.0,False,58.0
2024-12-19 09:00:00,957548.0,99.0,False,99.0
2024-12-19 10:00:00,957680.0,132.0,False,132.0
2024-12-19 11:00:00,957837.0,157.0,False,157.0
2024-12-19 12:00:00,957999.0,162.0,False,162.0
2024-12-19 13:00:00,958134.0,135.0,False,135.0
2024-12-19 14:00:00,958271.0,137.0,False,137.0
2024-12-19 15:00:00,958425.0,154.0,False,154.0
2024-12-19 16:00:00,958585.0,160.0,False,160.0
2024-12-19 17:00:00,958760.0,175.0,False,175.0
2024-12-19 18:00:00,958924.0,164.0,False,164.0
2024-12-19 19:00:00,959067.0,143.0,False,143.0
2024-12-19 20:00:00,959192.0,125.0,False,125.0
2024-12-19 21:00:00,959316.0,124.0,False,124.0
2024-12-19 22:00:00,959436.0,120.0,False,120.0
2024-12-19 23:00:00,959556.0,120.0,False,120.0
2024-12-20 00:00:00,959660.0,104.0,False,104.0
2024-12-20 01:00:00,959755.0,95.0,False,95.0
2024-12-20 02:00:00,959832.0,77.0,False,77.0
2024-12-20 03:00:00,959903.0,71.0,False,71.0
2024-12-20 04:00:00,959973.0,70.0,False,70.0
2024-12-20 05:00:00,960041.0,68.0,False,68.0
2024-12-20 06:00:00,960108.0,67.0,False,67.0
2024-12-20 07:00:00,960177.0,69.0,False,69.0
2024-12-20 08:00:00,960246.0,69.0,False,69.0
2024-12-20 09:00:00,960340.0,94.0,False,94.0
2024-12-20 10:00:00,960476.0,136.0,False,136.0
2024-12-20 11:00:00,960634.0,158.0,False,158.0
2024-12-20 12:00:00,960788.0,154.0,False,154.0
2024-12-20 13:00:00,960932.0,144.0,False,144.0
2024-12-20 14:00:00,961084.0,152.0,False,152.0
2024-12-20 15:00:00,961255.0,171.0,False,171.0
2024-12-20 16:00:00,961438.0,183.0,False,183.0
2024-12-20 17:00:00,961623.0,185.0,False,185.0
2024-12-20 18:00:00,961806.0,183.0,False,183.0
2024-12-20 19:00:00,961958.0,152.0,False,152.0
2024-12-20 20:00:00,962091.0,133.0,False,133.0
2024-12-20 21:00:00,962220.0,129.0,False,129.0
2024-12-20 22:00:00,962347.0,127.0,False,127.0
2024-12-20 23:00:00,962471.0,124.0,False,124.0
2024-12-21 00:00:00,962585.0,114.0,False,114.0
2024-12-21 01:00:00,962694.0,109.0,False,109.0
2024-12-21 02:00:00,962790.0,96.0,False,96.0
2024-12-21 03:00:00,962876.0,86.0,False,86.0
2024-12-21 04:00:00,962956.0,80.0,False,80.0
2024-12-21 05:00:00,963032.0,76.0,False,76.0
2024-12-21 06:00:00,963109.0,77.0,False,77.0
2024-12-21 07:00:00,963184.0,75.0,False,75.0
2024-12-21 08:00:00,963260.0,76.0,False,76.0
2024-12-21 09:00:00,963337.0,77.0,False,77.0
2024-12-21 10:00:00,963427.0,90.0,False,90.0
2024-12-21 11:00:00,963536.0,109.0,False,109.0
2024-12-21 12:00:00,963651.0,115.0,False,115.0
2024-12-21 13:00:00,963775.0,124.0,False,124.0
2024-12-21 14:00:00,963889.0,114.0,False,114.0
2024-12-21 15:00:00,964009.0,120.0,False,120.0
2024-12-21 16:00:00,964138.0,129.0,False,129.0
2024-12-21 17:00:00,964263.0,125.0,False,125.0
2024-12-21 18:00:00,964399.0,136.0,False,136.0
2024-12-21 19:00:00,964526.0,127.0,False,127.0
2024-12-21 20:00:00,964641.0,115.0,False,115.0
2024-12-21 21:00:00,964756.0,115.0,False,115.0
2024-12-21 22:00:00,964866.0,110.0,False,110.0
2024-12-21 23:00:00,964973.0,107.0,False,107.0
2024-12-22 00:00:00,965077.0,104.0,False,104.0
2024-12-22 01:00:00,965169.0,92.0,False,92.0
2024-12-22 02:00:00,965254.0,85.0,False,85.0
2024-12-22 03:00:00,965336.0,82.0,False,82.0
2024-12-22 04:00:00,965415.0,79.0,False,79.0
2024-12-22 05:00:00,965493.0,78.0,False,78.0
2024-12-22 06:00:00,965568.0,75.0,False,75.0
2024-12-22 07:00:00,965642.0,74.0,False,74.0
2024-12-22 08:00:00,965715.0,73.0,False,73.0
2024-12-22 09:00:00,965803.0,88.0,False,88.0
2024-12-22 10:00:00,965908.0,105.0,False,105.0
2024-12-22 11:00:00,966030.0,122.0,False,122.0
2024-12-22 12:00:00,966155.0,125.0,False,125.0
2024-12-22 13:00:00,966277.0,122.0,False,122.0
2024-12-22 14:00:00,966389.0,112.0,False,112.0
2024-12-22 15:00:00,966521.0,132.0,False,132.0
2024-12-22 16:00:00,966667.0,146.0,False,146.0
2024-12-22 17:00:00,966810.0,143.0,False,143.0
2024-12-22 18:00:00,966953.0,143.0,False,143.0
2024-12-22 19:00:00,967086.0,133.0,False,133.0
2024-12-22 20:00:00,967216.0,130.0,False,130.0
2024-12-22 21:00:00,967349.0,133.0,False,133.0
2024-12-22 22:00:00,967477.0,128.0,False,128.0
2024-12-22 23:00:00,967602.0,125.0,False,125.0
2024-12-23 00:00:00,967713.0,111.0,False,111.0
2024-12-23 01:00:00,967789.0,76.0,False,76.0
2024-12-23 02:00:00,967854.0,65.0,False,65.0
2024-12-23 03:00:00,967919.0,65.0,False,65.0
2024-12-23 04:00:00,967983.0,64.0,False,64.0
2024-12-23 05:00:00,968048.0,65.0,False,65.0
2024-12-23 06:00:00,968110.0,62.0,False,62.0
2024-12-23 07:00:00,968174.0,64.0,False,64.0
2024-12-23 08:00:00,968236.0,62.0,False,62.0
2024-12-23 09:00:00,968340.0,104.0,False,104.0
2024-12-23 10:00:00,968485.0,145.0,False,145.0
2024-12-23 11:00:00,968647.0,162.0,False,162.0
2024-12-23 12:00:00,968811.0,164.0,False,164.0
2024-12-23 13:00:00,968955.0,144.0,False,144.0
2024-12-23 14:00:00,969093.0,138.0,False,138.0
2024-12-23 15:00:00,969252.0,159.0,False,159.0
2024-12-23 16:00:00,969434.0,182.0,False,182.0
2024-12-23 17:00:00,969612.0,178.0,False,178.0
2024-12-23 18:00:00,969790.0,178.0,False,178.0
2024-12-23 19:00:00,969935.0,145.0,False,145.0
2024-12-23 20:00:00,970082.0,147.0,False,147.0
2024-12-23 21:00:00,970228.0,146.0,False,146.0
2024-12-23 22:00:00,970365.0,137.0,False,137.0
2024-12-23 23:00:00,970493.0,128.0,False,128.0
2024-12-24 00:00:00,970607.0,114.0,False,114.0
2024-12-24 01:00:00,970710.0,103.0,False,103.0
2024-12-24 02:00:00,970794.0,84.0,False,84.0
2024-12-24 03:00:00,970872.0,78.0,False,78.0
2024-12-24 04:00:00,970947.0,75.0,False,75.0
2024-12-24 05:00:00,971023.0,76.0,False,76.0
2024-12-24 06:00:00,971095.0,72.0,False,72.0
2024-12-24 07:00:00,971168.0,73.0,False,73.0
2024-12-24 08:00:00,971246.0,78.0,False,78.0
2024-12-24 09:00:00,971347.0,101.0,False,101.0
2024-12-24 10:00:00,971491.0,144.0,False,144.0
2024-12-24 11:00:00,971668.0,177.0,False,177.0
2024-12-24 12:00:00,971850.0,182.0,False,182.0
2024-12-24 13:00:00,972009.0,159.0,False,159.0
2024-12-24 14:00:00,972156.0,147.0,False,147.0
2024-12-24 15:00:00,972321.0,165.0,False,165.0
2024-12-24 16:00:00,972500.0,179.0,False,179.0
2024-12-24 17:00:00,972681.0,181.0,False,181.0
2024-12-24 18:00:00,972856.0,175.0,False,175.0
2024-12-24 19:00:00,973007.0,151.0,False,151.0
2024-12-24 20:00:00,973149.0,142.0,False,142.0
2024-12-24 21:00:00,973282.0,133.0,False,133.0
2024-12-24 22:00:00,973414.0,132.0,False,132.0
2024-12-24 23:00:00,973535.0,121.0,False,121.0
2024-12-25 00:00:00,973643.0,108.0,False,108.0
2024-12-25 01:00:00,973735.0,92.0,False,92.0
2024-12-25 02:00:00,973821.0,86.0,False,86.0
2024-12-25 03:00:00,973903.0,82.0,False,82.0
2024-12-25 04:00:00,973985.0,82.0,False,82.0
2024-12-25 05:00:00,974064.0,79.0,False,79.0
2024-12-25 06:00:00,974143.0,79.0,False,79.0
2024-12-25 07:00:00,974221.0,78.0,False,78.0
2024-12-25 08:00:00,974302.0,81.0,False,81.0
2024-12-25 09:00:00,974422.0,120.0,False,120.0
2024-12-25 10:00:00,974569.0,147.0,False,147.0
2024-12-25 11:00:00,974740.0,171.0,False,171.0
2024-12-25 12:00:00,974908.0,168.0,False,168.0
2024-12-25 13:00:00,975055.0,147.0,False,147.0
2024-12-25 14:00:00,975201.0,146.0,False,146.0
2024-12-25 15:00:00,975351.0,150.0,False,150.0
2024-12-25 16:00:00,975519.0,168.0,False,168.0
2024-12-25 17:00:00,975690.0,171.0,False,171.0
2024-12-25 18:00:00,975855.0,165.0,False,165.0
2024-12-25 19:00:00,975995.0,140.0,False,140.0
2024-12-25 20:00:00,976149.0,154.0,False,154.0
2024-12-25 21:00:00,976293.0,144.0,False,144.0
2024-12-25 22:00:00,976430.0,137.0,False,137.0
2024-12-25 23:00:00,976544.0,114.0,False,114.0
2024-12-26 00:00:00,976647.0,103.0,False,103.0
2024-12-26 01:00:00,976734.0,87.0,False,87.0
2024-12-26 02:00:00,976809.0,75.0,False,75.0
2024-12-26 03:00:00,976884.0,75.0,False,75.0
2024-12-26 04:00:00,976964.0,80.0,False,80.0
2024-12-26 05:00:00,977041.0,77.0,False,77.0
2024-12-26 06:00:00,977117.0,76.0,False,76.0
2024-12-26 07:00:00,977186.0,69.0,False,69.0
2024-12-26 08:00:00,977269.0,83.0,False,83.0
2024-12-26 09:00:00,977379.0,110.0,False,110.0
2024-12-26 10:00:00,977520.0,141.0,False,141.0
2024-12-26 11:00:00,977675.0,155.0,False,155.0
2024-12-26 12:00:00,977826.0,151.0,False,151.0
2024-12-26 13:00:00,977953.0,127.0,False,127.0
2024-12-26 14:00:00,978082.0,129.0,False,129.0
2024-12-26 15:00:00,978219.0,137.0,False,137.0
2024-12-26 16:00:00,978384.0,165.0,False,165.0
2024-12-26 17:00:00,978571.0,187.0,False,187.0
2024-12-26 18:00:00,978737.0,166.0,False,166.0
2024-12-26 19:00:00,978889.0,152.0,False,152.0
2024-12-26 20:00:00,979021.0,132.0,False,132.0
2024-12-26 21:00:00,979146.0,125.0,False,125.0
2024-12-26 22:00:00,979265.0,119.0,False,119.0
2024-12-26 23:00:00,979375.0,110.0,False,110.0
2024-12-27 00:00:00,979475.0,100.0,False,100.0
2024-12-27 01:00:00,979558.0,83.0,False,83.0
2024-12-27 02:00:00,979629.0,71.0,False,71.0
2024-12-27 03:00:00,979696.0,67.0,False,67.0
2024-12-27 04:00:00,979770.0,74.0,False,74.0
2024-12-27 05:00:00,979842.0,72.0,False,72.0
2024-12-27 06:00:00,979912.0,70.0,False,70.0
2024-12-27 07:00:00,979982.0,70.0,False,70.0
2024-12-27 08:00:00,980055.0,73.0,False,73.0
2024-12-27 09:00:00,980165.0,110.0,False,110.0
2024-12-27 10:00:00,980329.0,164.0,False,164.0
2024-12-27 11:00:00,980513.0,184.0,False,184.0
2024-12-27 12:00:00,980693.0,180.0,False,180.0
2024-12-27 13:00:00,980842.0,149.0,False,149.0
2024-12-27 14:00:00,980991.0,149.0,False,149.0
2024-12-27 15:00:00,981157.0,166.0,False,166.0
2024-12-27 16:00:00,981324.0,167.0,False,167.0
2024-12-27 17:00:00,981503.0,179.0,False,179.0
2024-12-27 18:00:00,981668.0,165.0,False,165.0
2024-12-27 19:00:00,981807.0,139.0,False,139.0
2024-12-27 20:00:00,981939.0,132.0,False,132.0
2024-12-27 21:00:00,982068.0,129.0,False,129.0
2024-12-27 22:00:00,982196.0,128.0,False,128.0
2024-12-27 23:00:00,982314.0,118.0,False,118.0
2024-12-28 00:00:00,982414.0,100.0,False,100.0
2024-12-28 01:00:00,982501.0,87.0,False,87.0
2024-12-28 02:00:00,982582.0,81.0,False,81.0
2024-12-28 03:00:00,982658.0,76.0,False,76.0
2024-12-28 04:00:00,982733.0,75.0,False,75.0
2024-12-28 05:00:00,982806.0,73.0,False,73.0
2024-12-28 06:00:00,982880.0,74.0,False,74.0
2024-12-28 07:00:00,982953.0,73.0,False,73.0
2024-12-28 08:00:00,983026.0,73.0,False,73.0
2024-12-28 09:00:00,983103.0,77.0,False,77.0
2024-12-28 10:00:00,983206.0,103.0,False,103.0
2024-12-28 11:00:00,983322.0,116.0,False,116.0
2024-12-28 12:00:00,983456.0,134.0,False,134.0
2024-12-28 13:00:00,983572.0,116.0,False,116.0
2024-12-28 14:00:00,983690.0,118.0,False,118.0
2024-12-28 15:00:00,983810.0,120.0,False,120.0
2024-12-28 16:00:00,983938.0,128.0,False,128.0
2024-12-28 17:00:00,984061.0,123.0,False,123.0
2024-12-28 18:00:00,984183.0,122.0,False,122.0
2024-12-28 19:00:00,984314.0,131.0,False,131.0
2024-12-28 20:00:00,984443.0,129.0,False,129.0
2024-12-28 21:00:00,984567.0,124.0,False,124.0
2024-12-28 22:00:00,984686.0,119.0,False,119.0
2024-12-28 23:00:00,984802.0,116.0,False,116.0
2024-12-29 00:00:00,984907.0,105.0,False,105.0
2024-12-29 01:00:00,984995.0,88.0,False,88.0
2024-12-29 02:00:00,985072.0,77.0,False,77.0
2024-12-29 03:00:00,985150.0,78.0,False,78.0
2024-12-29 04:00:00,985224.0,74.0,False,74.0
2024-12-29 05:00:00,985300.0,76.0,False,76.0
2024-12-29 06:00:00,985372.0,72.0,False,72.0
2024-12-29 07:00:00,985447.0,75.0,False,75.0
2024-12-29 08:00:00,985520.0,73.0,False,73.0
2024-12-29 09:00:00,985603.0,83.0,False,83.0
2024-12-29 10:00:00,985703.0,100.0,False,100.0
2024-12-29 11:00:00,985823.0,120.0,False,120.0
2024-12-29 12:00:00,985943.0,120.0,False,120.0
2024-12-29 13:00:00,986059.0,116.0,False,116.0
2024-12-29 14:00:00,986178.0,119.0,False,119.0
2024-12-29 15:00:00,986310.0,132.0,False,132.0
2024-12-29 16:00:00,986439.0,129.0,False,129.0
2024-12-29 17:00:00,986574.0,135.0,False,135.0
2024-12-29 18:00:00,986711.0,137.0,False,137.0
2024-12-29 19:00:00,986841.0,130.0,False,130.0
2024-12-29 20:00:00,986968.0,127.0,False,127.0
2024-12-29 21:00:00,987105.0,137.0,False,137.0
2024-12-29 22:00:00,987227.0,122.0,False,122.0
2024-12-29 23:00:00,987342.0,115.0,False,115.0
2024-12-30 00:00:00,987442.0,100.0,False,100.0
2024-12-30 01:00:00,987518.0,76.0,False,76.0
2024-12-30 02:00:00,987588.0,70.0,False,70.0
2024-12-30 03:00:00,987655.0,67.0,False,67.0
2024-12-30 04:00:00,987723.0,68.0,False,68.0
2024-12-30 05:00:00,987790.0,67.0,False,67.0
2024-12-30 06:00:00,987856.0,66.0,False,66.0
2024-12-30 07:00:00,987922.0,66.0,False,66.0
2024-12-30 08:00:00,987991.0,69.0,False,69.0
2024-12-30 09:00:00,988096.0,105.0,False,105.0
2024-12-30 10:00:00,988245.0,149.0,False,149.0
2024-12-30 11:00:00,988420.0,175.0,False,175.0
2024-12-30 12:00:00,988599.0,179.0,False,179.0
2024-12-30 13:00:00,988745.0,146.0,False,146.0
2024-12-30 14:00:00,988880.0,135.0,False,135.0
2024-12-30 15:00:00,989038.0,158.0,False,158.0
2024-12-30 16:00:00,989214.0,176.0,False,176.0
2024-12-30 17:00:00,989396.0,182.0,False,182.0
2024-12-30 18:00:00,989568.0,172.0,False,172.0
2024-12-30 19:00:00,989718.0,150.0,False,150.0
2024-12-30 20:00:00,989858.0,140.0,False,140.0
2024-12-30 21:00:00,989990.0,132.0,False,132.0
2024-12-30 22:00:00,990115.0,125.0,False,125.0
2024-12-30 23:00:00,990233.0,118.0,False,118.0
2024-12-31 00:00:00,990333.0,100.0,False,100.0
2024-12-31 01:00:00,990421.0,88.0,False,88.0
2024-12-31 02:00:00,990501.0,80.0,False,80.0
2024-12-31 03:00:00,990579.0,78.0,False,78.0
2024-12-31 04:00:00,990652.0,73.0,False,73.0
2024-12-31 05:00:00,990726.0,74.0,False,74.0
2024-12-31 06:00:00,990798.0,72.0,False,72.0
2024-12-31 07:00:00,990870.0,72.0,False,72.0
2024-12-31 08:00:00,990946.0,76.0,False,76.0
2024-12-31 09:00:00,991065.0,119.0,False,119.0
2024-12-31 10:00:00,991209.0,144.0,False,144.0
2024-12-31 11:00:00,991365.0,156.0,False,156.0
2024-12-31 12:00:00,991521.0,156.0,False,156.0
2024-12-31 13:00:00,991655.0,134.0,False,134.0
2024-12-31 14:00:00,991793.0,138.0,False,138.0
2024-12-31 15:00:00,991942.0,149.0,False,149.0
2024-12-31 16:00:00,992099.0,157.0,False,157.0
2024-12-31 17:00:00,992254.0,155.0,False,155.0
2024-12-31 18:00:00,992405.0,151.0,False,151.0
2024-12-31 19:00:00,992533.0,128.0,False,128.0
2024-12-31 20:00:00,992644.0,111.0,False,111.0
2024-12-31 21:00:00,992752.0,108.0,False,108.0
2024-12-31 22:00:00,992859.0,107.0,False,107.0
2024-12-31 23:00:00,992956.0,97.0,False,97.0
