timestamp,load_kwh,hourly_kwh,is_outlier_mad,hourly_kwh_clean
2024-01-01 00:00:00,,,False,
2024-01-01 01:00:00,,,False,
2024-01-01 02:00:00,,,False,
2024-01-01 03:00:00,,,False,
2024-01-01 04:00:00,,,False,
2024-01-01 05:00:00,,,False,
2024-01-01 06:00:00,,,False,
2024-01-01 07:00:00,,,False,
2024-01-01 08:00:00,,,False,
2024-01-01 09:00:00,,,False,
2024-01-01 10:00:00,,,False,
2024-01-01 11:00:00,,,False,
2024-01-01 12:00:00,,,False,
2024-01-01 13:00:00,,,False,
2024-01-01 14:00:00,,,False,
2024-01-01 15:00:00,,,False,
2024-01-01 16:00:00,,,False,
2024-01-01 17:00:00,,,False,
2024-01-01 18:00:00,,,False,
2024-01-01 19:00:00,,,False,
2024-01-01 20:00:00,,,False,
2024-01-01 21:00:00,,,False,
2024-01-01 22:00:00,,,False,
2024-01-01 23:00:00,,,False,
2024-01-02 00:00:00,,,False,
2024-01-02 01:00:00,,,False,
2024-01-02 02:00:00,,,False,
2024-01-02 03:00:00,,,False,
2024-01-02 04:00:00,,,False,
2024-01-02 05:00:00,,,False,
2024-01-02 06:00:00,,,False,
2024-01-02 07:00:00,,,False,
2024-01-02 08:00:00,,,False,
2024-01-02 09:00:00,,,False,
2024-01-02 10:00:00,,,False,
2024-01-02 11:00:00,,,False,
2024-01-02 12:00:00,,,False,
2024-01-02 13:00:00,,,False,
2024-01-02 14:00:00,,,False,
2024-01-02 15:00:00,,,False,
2024-01-02 16:00:00,,,False,
2024-01-02 17:00:00,,,False,
2024-01-02 18:00:00,,,False,
2024-01-02 19:00:00,,,False,
2024-01-02 20:00:00,,,False,
2024-01-02 21:00:00,,,False,
2024-01-02 22:00:00,,,False,
2024-01-02 23:00:00,,,False,
2024-01-03 00:00:00,,,False,
2024-01-03 01:00:00,,,False,
2024-01-03 02:00:00,,,False,
2024-01-03 03:00:00,,,False,
2024-01-03 04:00:00,,,False,
2024-01-03 05:00:00,,,False,
2024-01-03 06:00:00,,,False,
2024-01-03 07:00:00,,,False,
2024-01-03 08:00:00,,,False,
2024-01-03 09:00:00,,,False,
2024-01-03 10:00:00,,,False,
2024-01-03 11:00:00,,,False,
2024-01-03 12:00:00,,,False,
2024-01-03 13:00:00,,,False,
2024-01-03 14:00:00,,,False,
2024-01-03 15:00:00,,,False,
2024-01-03 16:00:00,,,False,
2024-01-03 17:00:00,,,False,
2024-01-03 18:00:00,,,False,
2024-01-03 19:00:00,60272.0,,False,
2024-01-03 20:00:00,60272.0,,False,
2024-01-03 21:00:00,60272.0,,False,
2024-01-03 22:00:00,60272.0,,False,
2024-01-03 23:00:00,60272.0,,False,
2024-01-04 00:00:00,60272.0,,False,
2024-01-04 01:00:00,60272.0,,False,
2024-01-04 02:00:00,60272.0,,False,
2024-01-04 03:00:00,60272.0,,False,
2024-01-04 04:00:00,60272.0,,False,
2024-01-04 05:00:00,60272.0,,False,
2024-01-04 06:00:00,60272.0,,False,
2024-01-04 07:00:00,60272.0,,False,
2024-01-04 08:00:00,60272.0,,False,
2024-01-04 09:00:00,60272.0,,False,
2024-01-04 10:00:00,60272.0,,False,
2024-01-04 11:00:00,60272.0,,False,
2024-01-04 12:00:00,60272.0,,False,
2024-01-04 13:00:00,60272.0,,False,
2024-01-04 14:00:00,60272.0,,False,
2024-01-04 15:00:00,60272.0,,False,
2024-01-04 16:00:00,60272.0,,False,
2024-01-04 17:00:00,60272.0,,False,
2024-01-04 18:00:00,60272.0,,False,
2024-01-04 19:00:00,60272.0,,False,
2024-01-04 20:00:00,60272.0,,False,
2024-01-04 21:00:00,60272.0,,False,
2024-01-04 22:00:00,60272.0,,False,
2024-01-04 23:00:00,60272.0,,False,
2024-01-05 00:00:00,60272.0,,False,
2024-01-05 01:00:00,60272.0,,False,
2024-01-05 02:00:00,60272.0,,False,
2024-01-05 03:00:00,60272.0,,False,
2024-01-05 04:00:00,60272.0,,False,
2024-01-05 05:00:00,60272.0,,False,
2024-01-05 06:00:00,60272.0,,False,
2024-01-05 07:00:00,60272.0,,False,
2024-01-05 08:00:00,60272.0,,False,
2024-01-05 09:00:00,60272.0,,False,
2024-01-05 10:00:00,60272.0,,False,
2024-01-05 11:00:00,,,False,
2024-01-05 12:00:00,62051.0,,False,
2024-01-05 13:00:00,62146.0,95.0,False,95.0
2024-01-05 14:00:00,62232.0,86.0,False,86.0
2024-01-05 15:00:00,62324.0,92.0,False,92.0
2024-01-05 16:00:00,62415.0,91.0,False,91.0
2024-01-05 17:00:00,62487.0,72.0,False,72.0
2024-01-05 18:00:00,62555.0,68.0,False,68.0
2024-01-05 19:00:00,62609.0,54.0,False,54.0
2024-01-05 20:00:00,62665.0,56.0,False,56.0
2024-01-05 21:00:00,62716.0,51.0,False,51.0
2024-01-05 22:00:00,62760.0,44.0,False,44.0
2024-01-05 23:00:00,62799.0,39.0,False,39.0
2024-01-06 00:00:00,62834.0,35.0,False,35.0
2024-01-06 01:00:00,62861.0,27.0,False,27.0
2024-01-06 02:00:00,62887.0,26.0,False,26.0
2024-01-06 03:00:00,62913.0,26.0,False,26.0
2024-01-06 04:00:00,62939.0,26.0,False,26.0
2024-01-06 05:00:00,62965.0,26.0,False,26.0
2024-01-06 06:00:00,62991.0,26.0,False,26.0
2024-01-06 07:00:00,63018.0,27.0,False,27.0
2024-01-06 08:00:00,63045.0,27.0,False,27.0
2024-01-06 09:00:00,63072.0,27.0,False,27.0
2024-01-06 10:00:00,63108.0,36.0,False,36.0
2024-01-06 11:00:00,63152.0,44.0,False,44.0
2024-01-06 12:00:00,63192.0,40.0,False,40.0
2024-01-06 13:00:00,63228.0,36.0,False,36.0
2024-01-06 14:00:00,63266.0,38.0,False,38.0
2024-01-06 15:00:00,63309.0,43.0,False,43.0
2024-01-06 16:00:00,63344.0,35.0,False,35.0
2024-01-06 17:00:00,63383.0,39.0,False,39.0
2024-01-06 18:00:00,63427.0,44.0,False,44.0
2024-01-06 19:00:00,63466.0,39.0,False,39.0
2024-01-06 20:00:00,63503.0,37.0,False,37.0
2024-01-06 21:00:00,63539.0,36.0,False,36.0
2024-01-06 22:00:00,63576.0,37.0,False,37.0
2024-01-06 23:00:00,63609.0,33.0,False,33.0
2024-01-07 00:00:00,63640.0,31.0,False,31.0
2024-01-07 01:00:00,63663.0,23.0,False,23.0
2024-01-07 02:00:00,63684.0,21.0,False,21.0
2024-01-07 03:00:00,63709.0,25.0,False,25.0
2024-01-07 04:00:00,63729.0,20.0,False,20.0
2024-01-07 05:00:00,63750.0,21.0,False,21.0
2024-01-07 06:00:00,63769.0,19.0,False,19.0
2024-01-07 07:00:00,63790.0,21.0,False,21.0
2024-01-07 08:00:00,63812.0,22.0,False,22.0
2024-01-07 09:00:00,63833.0,21.0,False,21.0
2024-01-07 10:00:00,63861.0,28.0,False,28.0
2024-01-07 11:00:00,63896.0,35.0,False,35.0
2024-01-07 12:00:00,63931.0,35.0,False,35.0
2024-01-07 13:00:00,63965.0,34.0,False,34.0
2024-01-07 14:00:00,64001.0,36.0,False,36.0
2024-01-07 15:00:00,64037.0,36.0,False,36.0
2024-01-07 16:00:00,64076.0,39.0,False,39.0
2024-01-07 17:00:00,64121.0,45.0,False,45.0
2024-01-07 18:00:00,64163.0,42.0,False,42.0
2024-01-07 19:00:00,64203.0,40.0,False,40.0
2024-01-07 20:00:00,64245.0,42.0,False,42.0
2024-01-07 21:00:00,64288.0,43.0,False,43.0
2024-01-07 22:00:00,64330.0,42.0,False,42.0
2024-01-07 23:00:00,64373.0,43.0,False,43.0
2024-01-08 00:00:00,64412.0,39.0,False,39.0
2024-01-08 01:00:00,64440.0,28.0,False,28.0
2024-01-08 02:00:00,64464.0,24.0,False,24.0
2024-01-08 03:00:00,64488.0,24.0,False,24.0
2024-01-08 04:00:00,64510.0,22.0,False,22.0
2024-01-08 05:00:00,64533.0,23.0,False,23.0
2024-01-08 06:00:00,64558.0,25.0,False,25.0
2024-01-08 07:00:00,64583.0,25.0,False,25.0
2024-01-08 08:00:00,64611.0,28.0,False,28.0
2024-01-08 09:00:00,64676.0,65.0,False,65.0
2024-01-08 10:00:00,64777.0,101.0,False,101.0
2024-01-08 11:00:00,64878.0,101.0,False,101.0
2024-01-08 12:00:00,64960.0,82.0,False,82.0
2024-01-08 13:00:00,65030.0,70.0,False,70.0
2024-01-08 14:00:00,65105.0,75.0,False,75.0
2024-01-08 15:00:00,65182.0,77.0,False,77.0
2024-01-08 16:00:00,65260.0,78.0,False,78.0
2024-01-08 17:00:00,65348.0,88.0,False,88.0
2024-01-08 18:00:00,65429.0,81.0,False,81.0
2024-01-08 19:00:00,65501.0,72.0,False,72.0
2024-01-08 20:00:00,65569.0,68.0,False,68.0
2024-01-08 21:00:00,65634.0,65.0,False,65.0
2024-01-08 22:00:00,65678.0,44.0,False,44.0
2024-01-08 23:00:00,65718.0,40.0,False,40.0
2024-01-09 00:00:00,65748.0,30.0,False,30.0
2024-01-09 01:00:00,65773.0,25.0,False,25.0
2024-01-09 02:00:00,65798.0,25.0,False,25.0
2024-01-09 03:00:00,65822.0,24.0,False,24.0
2024-01-09 04:00:00,65846.0,24.0,False,24.0
2024-01-09 05:00:00,65870.0,24.0,False,24.0
2024-01-09 06:00:00,65894.0,24.0,False,24.0
2024-01-09 07:00:00,65917.0,23.0,False,23.0
2024-01-09 08:00:00,65941.0,24.0,False,24.0
2024-01-09 09:00:00,65984.0,43.0,False,43.0
2024-01-09 10:00:00,66047.0,63.0,False,63.0
2024-01-09 11:00:00,66111.0,64.0,False,64.0
2024-01-09 12:00:00,66175.0,64.0,False,64.0
2024-01-09 13:00:00,66234.0,59.0,False,59.0
2024-01-09 14:00:00,66294.0,60.0,False,60.0
2024-01-09 15:00:00,66371.0,77.0,False,77.0
2024-01-09 16:00:00,66448.0,77.0,False,77.0
2024-01-09 17:00:00,66527.0,79.0,False,79.0
2024-01-09 18:00:00,66600.0,73.0,False,73.0
2024-01-09 19:00:00,66654.0,54.0,False,54.0
2024-01-09 20:00:00,66701.0,47.0,False,47.0
2024-01-09 21:00:00,66749.0,48.0,False,48.0
2024-01-09 22:00:00,66793.0,44.0,False,44.0
2024-01-09 23:00:00,66829.0,36.0,False,36.0
2024-01-10 00:00:00,66860.0,31.0,False,31.0
2024-01-10 01:00:00,66885.0,25.0,False,25.0
2024-01-10 02:00:00,66908.0,23.0,False,23.0
2024-01-10 03:00:00,66932.0,24.0,False,24.0
2024-01-10 04:00:00,66956.0,24.0,False,24.0
2024-01-10 05:00:00,66979.0,23.0,False,23.0
2024-01-10 06:00:00,67002.0,23.0,False,23.0
2024-01-10 07:00:00,67025.0,23.0,False,23.0
2024-01-10 08:00:00,67052.0,27.0,False,27.0
2024-01-10 09:00:00,67103.0,51.0,False,51.0
2024-01-10 10:00:00,67180.0,77.0,False,77.0
2024-01-10 11:00:00,67273.0,93.0,True,61.0
2024-01-10 12:00:00,67361.0,88.0,False,88.0
2024-01-10 13:00:00,67438.0,77.0,False,77.0
2024-01-10 14:00:00,67521.0,83.0,False,83.0
2024-01-10 15:00:00,67599.0,78.0,False,78.0
2024-01-10 16:00:00,67672.0,73.0,False,73.0
2024-01-10 17:00:00,67747.0,75.0,False,75.0
2024-01-10 18:00:00,67812.0,65.0,False,65.0
2024-01-10 19:00:00,67867.0,55.0,False,55.0
2024-01-10 20:00:00,67920.0,53.0,False,53.0
2024-01-10 21:00:00,67969.0,49.0,False,49.0
2024-01-10 22:00:00,68015.0,46.0,False,46.0
2024-01-10 23:00:00,68057.0,42.0,False,42.0
2024-01-11 00:00:00,68093.0,36.0,False,36.0
2024-01-11 01:00:00,68128.0,35.0,False,35.0
2024-01-11 02:00:00,68162.0,34.0,False,34.0
2024-01-11 03:00:00,68202.0,40.0,False,40.0
2024-01-11 04:00:00,68245.0,43.0,False,43.0
2024-01-11 05:00:00,68271.0,26.0,False,26.0
2024-01-11 06:00:00,68295.0,24.0,False,24.0
2024-01-11 07:00:00,68319.0,24.0,False,24.0
2024-01-11 08:00:00,68348.0,29.0,False,29.0
2024-01-11 09:00:00,68403.0,55.0,False,55.0
2024-01-11 10:00:00,68474.0,71.0,False,71.0
2024-01-11 11:00:00,68559.0,85.0,False,85.0
2024-01-11 12:00:00,68640.0,81.0,False,81.0
2024-01-11 13:00:00,68718.0,78.0,False,78.0
2024-01-11 14:00:00,68801.0,83.0,False,83.0
2024-01-11 15:00:00,68887.0,86.0,False,86.0
2024-01-11 16:00:00,68974.0,87.0,False,87.0
2024-01-11 17:00:00,69054.0,80.0,False,80.0
2024-01-11 18:00:00,69133.0,79.0,False,79.0
2024-01-11 19:00:00,69206.0,73.0,False,73.0
2024-01-11 20:00:00,69258.0,52.0,False,52.0
2024-01-11 21:00:00,69303.0,45.0,False,45.0
2024-01-11 22:00:00,69352.0,49.0,False,49.0
2024-01-11 23:00:00,69390.0,38.0,False,38.0
2024-01-12 00:00:00,69424.0,34.0,False,34.0
2024-01-12 01:00:00,69452.0,28.0,False,28.0
2024-01-12 02:00:00,69478.0,26.0,False,26.0
2024-01-12 03:00:00,69502.0,24.0,False,24.0
2024-01-12 04:00:00,69526.0,24.0,False,24.0
2024-01-12 05:00:00,69550.0,24.0,False,24.0
2024-01-12 06:00:00,69573.0,23.0,False,23.0
2024-01-12 07:00:00,69597.0,24.0,False,24.0
2024-01-12 08:00:00,69627.0,30.0,False,30.0
2024-01-12 09:00:00,69684.0,57.0,False,57.0
2024-01-12 10:00:00,69760.0,76.0,False,76.0
2024-01-12 11:00:00,69840.0,80.0,False,80.0
2024-01-12 12:00:00,69919.0,79.0,False,79.0
2024-01-12 13:00:00,69991.0,72.0,False,72.0
2024-01-12 14:00:00,70063.0,72.0,False,72.0
2024-01-12 15:00:00,70143.0,80.0,False,80.0
2024-01-12 16:00:00,70231.0,88.0,False,88.0
2024-01-12 17:00:00,70321.0,90.0,False,90.0
2024-01-12 18:00:00,70383.0,62.0,False,62.0
2024-01-12 19:00:00,70433.0,50.0,False,50.0
2024-01-12 20:00:00,70477.0,44.0,False,44.0
2024-01-12 21:00:00,70520.0,43.0,False,43.0
2024-01-12 22:00:00,70560.0,40.0,False,40.0
2024-01-12 23:00:00,70593.0,33.0,False,33.0
2024-01-13 00:00:00,70628.0,35.0,False,35.0
2024-01-13 01:00:00,70664.0,36.0,False,36.0
2024-01-13 02:00:00,70697.0,33.0,False,33.0
2024-01-13 03:00:00,70725.0,28.0,False,28.0
2024-01-13 04:00:00,70751.0,26.0,False,26.0
2024-01-13 05:00:00,70771.0,20.0,False,20.0
2024-01-13 06:00:00,70790.0,19.0,False,19.0
2024-01-13 07:00:00,70810.0,20.0,False,20.0
2024-01-13 08:00:00,70830.0,20.0,False,20.0
2024-01-13 09:00:00,70858.0,28.0,False,28.0
2024-01-13 10:00:00,70897.0,39.0,False,39.0
2024-01-13 11:00:00,70951.0,54.0,False,54.0
2024-01-13 12:00:00,71008.0,57.0,False,57.0
2024-01-13 13:00:00,71048.0,40.0,False,40.0
2024-01-13 14:00:00,71085.0,37.0,False,37.0
2024-01-13 15:00:00,71122.0,37.0,False,37.0
2024-01-13 16:00:00,71160.0,38.0,False,38.0
2024-01-13 17:00:00,71199.0,39.0,False,39.0
2024-01-13 18:00:00,71236.0,37.0,False,37.0
2024-01-13 19:00:00,71279.0,43.0,False,43.0
2024-01-13 20:00:00,71326.0,47.0,False,47.0
2024-01-13 21:00:00,71386.0,60.0,False,60.0
2024-01-13 22:00:00,71445.0,59.0,False,59.0
2024-01-13 23:00:00,71488.0,43.0,False,43.0
2024-01-14 00:00:00,71526.0,38.0,False,38.0
2024-01-14 01:00:00,71555.0,29.0,False,29.0
2024-01-14 02:00:00,71576.0,21.0,False,21.0
2024-01-14 03:00:00,71598.0,22.0,False,22.0
2024-01-14 04:00:00,71619.0,21.0,False,21.0
2024-01-14 05:00:00,71640.0,21.0,False,21.0
2024-01-14 06:00:00,71661.0,21.0,False,21.0
2024-01-14 07:00:00,71681.0,20.0,False,20.0
2024-01-14 08:00:00,71704.0,23.0,False,23.0
2024-01-14 09:00:00,71733.0,29.0,False,29.0
2024-01-14 10:00:00,71767.0,34.0,False,34.0
2024-01-14 11:00:00,71806.0,39.0,False,39.0
2024-01-14 12:00:00,71848.0,42.0,False,42.0
2024-01-14 13:00:00,71887.0,39.0,False,39.0
2024-01-14 14:00:00,71923.0,36.0,False,36.0
2024-01-14 15:00:00,71962.0,39.0,False,39.0
2024-01-14 16:00:00,71999.0,37.0,False,37.0
2024-01-14 17:00:00,72038.0,39.0,False,39.0
2024-01-14 18:00:00,72077.0,39.0,False,39.0
2024-01-14 19:00:00,72113.0,36.0,False,36.0
2024-01-14 20:00:00,72153.0,40.0,False,40.0
2024-01-14 21:00:00,72199.0,46.0,False,46.0
2024-01-14 22:00:00,72243.0,44.0,False,44.0
2024-01-14 23:00:00,72294.0,51.0,False,51.0
2024-01-15 00:00:00,72342.0,48.0,False,48.0
2024-01-15 01:00:00,72371.0,29.0,False,29.0
2024-01-15 02:00:00,72393.0,22.0,False,22.0
2024-01-15 03:00:00,72414.0,21.0,False,21.0
2024-01-15 04:00:00,72436.0,22.0,False,22.0
2024-01-15 05:00:00,72459.0,23.0,False,23.0
2024-01-15 06:00:00,72481.0,22.0,False,22.0
2024-01-15 07:00:00,72503.0,22.0,False,22.0
2024-01-15 08:00:00,72527.0,24.0,False,24.0
2024-01-15 09:00:00,72571.0,44.0,False,44.0
2024-01-15 10:00:00,72642.0,71.0,False,71.0
2024-01-15 11:00:00,72726.0,84.0,False,84.0
2024-01-15 12:00:00,72826.0,100.0,True,70.43
2024-01-15 13:00:00,72911.0,85.0,False,85.0
2024-01-15 14:00:00,72992.0,81.0,False,81.0
2024-01-15 15:00:00,73083.0,91.0,False,91.0
2024-01-15 16:00:00,73174.0,91.0,False,91.0
2024-01-15 17:00:00,73268.0,94.0,False,94.0
2024-01-15 18:00:00,73348.0,80.0,False,80.0
2024-01-15 19:00:00,73424.0,76.0,False,76.0
2024-01-15 20:00:00,73497.0,73.0,False,73.0
2024-01-15 21:00:00,73576.0,79.0,False,79.0
2024-01-15 22:00:00,73636.0,60.0,False,60.0
2024-01-15 23:00:00,73684.0,48.0,False,48.0
2024-01-16 00:00:00,73724.0,40.0,False,40.0
2024-01-16 01:00:00,73754.0,30.0,False,30.0
2024-01-16 02:00:00,73782.0,28.0,False,28.0
2024-01-16 03:00:00,73809.0,27.0,False,27.0
2024-01-16 04:00:00,73836.0,27.0,False,27.0
2024-01-16 05:00:00,73860.0,24.0,False,24.0
2024-01-16 06:00:00,73883.0,23.0,False,23.0
2024-01-16 07:00:00,73905.0,22.0,False,22.0
2024-01-16 08:00:00,73933.0,28.0,False,28.0
2024-01-16 09:00:00,73984.0,51.0,False,51.0
2024-01-16 10:00:00,74058.0,74.0,False,74.0
2024-01-16 11:00:00,74139.0,81.0,False,81.0
2024-01-16 12:00:00,74232.0,93.0,False,93.0
2024-01-16 13:00:00,74322.0,90.0,False,90.0
2024-01-16 14:00:00,74403.0,81.0,False,81.0
2024-01-16 15:00:00,74511.0,108.0,True,69.71
2024-01-16 16:00:00,74622.0,111.0,True,70.14
2024-01-16 17:00:00,74703.0,81.0,False,81.0
2024-01-16 18:00:00,74775.0,72.0,False,72.0
2024-01-16 19:00:00,74843.0,68.0,False,68.0
2024-01-16 20:00:00,74905.0,62.0,False,62.0
2024-01-16 21:00:00,74960.0,55.0,False,55.0
2024-01-16 22:00:00,75005.0,45.0,False,45.0
2024-01-16 23:00:00,75045.0,40.0,False,40.0
2024-01-17 00:00:00,75079.0,34.0,False,34.0
2024-01-17 01:00:00,75105.0,26.0,False,26.0
2024-01-17 02:00:00,75128.0,23.0,False,23.0
2024-01-17 03:00:00,75152.0,24.0,False,24.0
2024-01-17 04:00:00,75175.0,23.0,False,23.0
2024-01-17 05:00:00,75198.0,23.0,False,23.0
2024-01-17 06:00:00,75222.0,24.0,False,24.0
2024-01-17 07:00:00,75245.0,23.0,False,23.0
2024-01-17 08:00:00,75273.0,28.0,False,28.0
2024-01-17 09:00:00,75323.0,50.0,False,50.0
2024-01-17 10:00:00,75393.0,70.0,False,70.0
2024-01-17 11:00:00,75476.0,83.0,False,83.0
2024-01-17 12:00:00,75557.0,81.0,False,81.0
2024-01-17 13:00:00,75639.0,82.0,False,82.0
2024-01-17 14:00:00,75734.0,95.0,False,95.0
2024-01-17 15:00:00,75838.0,104.0,False,104.0
2024-01-17 16:00:00,75948.0,110.0,True,69.0
2024-01-17 17:00:00,76054.0,106.0,False,106.0
2024-01-17 18:00:00,76150.0,96.0,False,96.0
2024-01-17 19:00:00,76244.0,94.0,False,94.0
2024-01-17 20:00:00,76320.0,76.0,False,76.0
2024-01-17 21:00:00,76375.0,55.0,False,55.0
2024-01-17 22:00:00,76425.0,50.0,False,50.0
2024-01-17 23:00:00,76471.0,46.0,False,46.0
2024-01-18 00:00:00,76509.0,38.0,False,38.0
2024-01-18 01:00:00,76539.0,30.0,False,30.0
2024-01-18 02:00:00,76567.0,28.0,False,28.0
2024-01-18 03:00:00,76594.0,27.0,False,27.0
2024-01-18 04:00:00,76622.0,28.0,False,28.0
2024-01-18 05:00:00,76651.0,29.0,False,29.0
2024-01-18 06:00:00,76680.0,29.0,False,29.0
2024-01-18 07:00:00,76710.0,30.0,False,30.0
2024-01-18 08:00:00,76742.0,32.0,False,32.0
2024-01-18 09:00:00,76803.0,61.0,False,61.0
2024-01-18 10:00:00,76887.0,84.0,False,84.0
2024-01-18 11:00:00,76985.0,98.0,False,98.0
2024-01-18 12:00:00,77083.0,98.0,False,98.0
2024-01-18 13:00:00,77172.0,89.0,False,89.0
2024-01-18 14:00:00,77262.0,90.0,False,90.0
2024-01-18 15:00:00,77369.0,107.0,False,107.0
2024-01-18 16:00:00,77488.0,119.0,False,119.0
2024-01-18 17:00:00,77602.0,114.0,False,114.0
2024-01-18 18:00:00,77698.0,96.0,False,96.0
2024-01-18 19:00:00,77782.0,84.0,False,84.0
2024-01-18 20:00:00,77850.0,68.0,False,68.0
2024-01-18 21:00:00,77913.0,63.0,False,63.0
2024-01-18 22:00:00,77976.0,63.0,False,63.0
2024-01-18 23:00:00,78034.0,58.0,False,58.0
2024-01-19 00:00:00,78079.0,45.0,False,45.0
2024-01-19 01:00:00,78113.0,34.0,False,34.0
2024-01-19 02:00:00,78141.0,28.0,False,28.0
2024-01-19 03:00:00,78168.0,27.0,False,27.0
2024-01-19 04:00:00,78195.0,27.0,False,27.0
2024-01-19 05:00:00,78221.0,26.0,False,26.0
2024-01-19 06:00:00,78247.0,26.0,False,26.0
2024-01-19 07:00:00,78272.0,25.0,False,25.0
2024-01-19 08:00:00,78303.0,31.0,False,31.0
2024-01-19 09:00:00,78360.0,57.0,False,57.0
2024-01-19 10:00:00,78446.0,86.0,False,86.0
2024-01-19 11:00:00,78549.0,103.0,False,103.0
2024-01-19 12:00:00,78647.0,98.0,False,98.0
2024-01-19 13:00:00,78730.0,83.0,False,83.0
2024-01-19 14:00:00,78811.0,81.0,False,81.0
2024-01-19 15:00:00,78911.0,100.0,False,100.0
2024-01-19 16:00:00,79030.0,119.0,False,119.0
2024-01-19 17:00:00,79159.0,129.0,True,80.43
2024-01-19 18:00:00,79276.0,117.0,False,117.0
2024-01-19 19:00:00,79366.0,90.0,False,90.0
2024-01-19 20:00:00,79443.0,77.0,False,77.0
2024-01-19 21:00:00,79504.0,61.0,False,61.0
2024-01-19 22:00:00,79558.0,54.0,False,54.0
2024-01-19 23:00:00,79602.0,44.0,False,44.0
2024-01-20 00:00:00,79641.0,39.0,False,39.0
2024-01-20 01:00:00,79676.0,35.0,False,35.0
2024-01-20 02:00:00,79717.0,41.0,False,41.0
2024-01-20 03:00:00,79763.0,46.0,False,46.0
2024-01-20 04:00:00,79803.0,40.0,False,40.0
2024-01-20 05:00:00,79832.0,29.0,False,29.0
2024-01-20 06:00:00,79861.0,29.0,False,29.0
2024-01-20 07:00:00,79891.0,30.0,False,30.0
2024-01-20 08:00:00,79921.0,30.0,False,30.0
2024-01-20 09:00:00,79960.0,39.0,False,39.0
2024-01-20 10:00:00,80008.0,48.0,False,48.0
2024-01-20 11:00:00,80058.0,50.0,False,50.0
2024-01-20 12:00:00,80109.0,51.0,False,51.0
2024-01-20 13:00:00,80154.0,45.0,False,45.0
2024-01-20 14:00:00,80208.0,54.0,False,54.0
2024-01-20 15:00:00,80267.0,59.0,False,59.0
2024-01-20 16:00:00,80334.0,67.0,False,67.0
2024-01-20 17:00:00,80405.0,71.0,False,71.0
2024-01-20 18:00:00,80464.0,59.0,False,59.0
2024-01-20 19:00:00,80517.0,53.0,False,53.0
2024-01-20 20:00:00,80569.0,52.0,False,52.0
2024-01-20 21:00:00,80623.0,54.0,False,54.0
2024-01-20 22:00:00,80678.0,55.0,False,55.0
2024-01-20 23:00:00,80723.0,45.0,False,45.0
2024-01-21 00:00:00,80754.0,31.0,False,31.0
2024-01-21 01:00:00,80784.0,30.0,False,30.0
2024-01-21 02:00:00,80810.0,26.0,False,26.0
2024-01-21 03:00:00,80834.0,24.0,False,24.0
2024-01-21 04:00:00,80858.0,24.0,False,24.0
2024-01-21 05:00:00,80882.0,24.0,False,24.0
2024-01-21 06:00:00,80906.0,24.0,False,24.0
2024-01-21 07:00:00,80930.0,24.0,False,24.0
2024-01-21 08:00:00,80955.0,25.0,False,25.0
2024-01-21 09:00:00,80987.0,32.0,False,32.0
2024-01-21 10:00:00,81028.0,41.0,False,41.0
2024-01-21 11:00:00,81074.0,46.0,False,46.0
2024-01-21 12:00:00,81125.0,51.0,False,51.0
2024-01-21 13:00:00,81179.0,54.0,False,54.0
2024-01-21 14:00:00,81234.0,55.0,False,55.0
2024-01-21 15:00:00,81301.0,67.0,False,67.0
2024-01-21 16:00:00,81373.0,72.0,False,72.0
2024-01-21 17:00:00,81452.0,79.0,False,79.0
2024-01-21 18:00:00,81534.0,82.0,False,82.0
2024-01-21 19:00:00,81611.0,77.0,False,77.0
2024-01-21 20:00:00,81673.0,62.0,False,62.0
2024-01-21 21:00:00,81733.0,60.0,False,60.0
2024-01-21 22:00:00,81784.0,51.0,False,51.0
2024-01-21 23:00:00,81826.0,42.0,False,42.0
2024-01-22 00:00:00,81861.0,35.0,False,35.0
2024-01-22 01:00:00,81893.0,32.0,False,32.0
2024-01-22 02:00:00,81919.0,26.0,False,26.0
2024-01-22 03:00:00,81943.0,24.0,False,24.0
2024-01-22 04:00:00,81966.0,23.0,False,23.0
2024-01-22 05:00:00,81987.0,21.0,False,21.0
2024-01-22 06:00:00,82009.0,22.0,False,22.0
2024-01-22 07:00:00,82032.0,23.0,False,23.0
2024-01-22 08:00:00,82055.0,23.0,False,23.0
2024-01-22 09:00:00,82096.0,41.0,False,41.0
2024-01-22 10:00:00,82173.0,77.0,False,77.0
2024-01-22 11:00:00,82270.0,97.0,False,97.0
2024-01-22 12:00:00,82367.0,97.0,False,97.0
2024-01-22 13:00:00,82460.0,93.0,False,93.0
2024-01-22 14:00:00,82557.0,97.0,False,97.0
2024-01-22 15:00:00,82662.0,105.0,False,105.0
2024-01-22 16:00:00,82774.0,112.0,False,112.0
2024-01-22 17:00:00,82872.0,98.0,False,98.0
2024-01-22 18:00:00,82964.0,92.0,False,92.0
2024-01-22 19:00:00,83044.0,80.0,False,80.0
2024-01-22 20:00:00,83116.0,72.0,False,72.0
2024-01-22 21:00:00,83181.0,65.0,False,65.0
2024-01-22 22:00:00,83238.0,57.0,False,57.0
2024-01-22 23:00:00,83283.0,45.0,False,45.0
2024-01-23 00:00:00,83323.0,40.0,False,40.0
2024-01-23 01:00:00,83352.0,29.0,False,29.0
2024-01-23 02:00:00,83380.0,28.0,False,28.0
2024-01-23 03:00:00,83408.0,28.0,False,28.0
2024-01-23 04:00:00,83436.0,28.0,False,28.0
2024-01-23 05:00:00,83463.0,27.0,False,27.0
2024-01-23 06:00:00,83491.0,28.0,False,28.0
2024-01-23 07:00:00,83518.0,27.0,False,27.0
2024-01-23 08:00:00,83549.0,31.0,False,31.0
2024-01-23 09:00:00,83592.0,43.0,False,43.0
2024-01-23 10:00:00,83674.0,82.0,False,82.0
2024-01-23 11:00:00,83763.0,89.0,False,89.0
2024-01-23 12:00:00,83848.0,85.0,False,85.0
2024-01-23 13:00:00,83924.0,76.0,False,76.0
2024-01-23 14:00:00,84001.0,77.0,False,77.0
2024-01-23 15:00:00,84087.0,86.0,False,86.0
2024-01-23 16:00:00,84169.0,82.0,False,82.0
2024-01-23 17:00:00,84255.0,86.0,False,86.0
2024-01-23 18:00:00,84322.0,67.0,False,67.0
2024-01-23 19:00:00,84381.0,59.0,False,59.0
2024-01-23 20:00:00,84441.0,60.0,False,60.0
2024-01-23 21:00:00,84496.0,55.0,False,55.0
2024-01-23 22:00:00,84550.0,54.0,False,54.0
2024-01-23 23:00:00,84601.0,51.0,False,51.0
2024-01-24 00:00:00,84641.0,40.0,False,40.0
2024-01-24 01:00:00,84672.0,31.0,False,31.0
2024-01-24 02:00:00,84700.0,28.0,False,28.0
2024-01-24 03:00:00,84724.0,24.0,False,24.0
2024-01-24 04:00:00,84747.0,23.0,False,23.0
2024-01-24 05:00:00,84771.0,24.0,False,24.0
2024-01-24 06:00:00,84794.0,23.0,False,23.0
2024-01-24 07:00:00,84818.0,24.0,False,24.0
2024-01-24 08:00:00,84845.0,27.0,False,27.0
2024-01-24 09:00:00,84881.0,36.0,False,36.0
2024-01-24 10:00:00,84957.0,76.0,False,76.0
2024-01-24 11:00:00,85043.0,86.0,False,86.0
2024-01-24 12:00:00,85126.0,83.0,False,83.0
2024-01-24 13:00:00,85199.0,73.0,False,73.0
2024-01-24 14:00:00,85275.0,76.0,False,76.0
2024-01-24 15:00:00,85358.0,83.0,False,83.0
2024-01-24 16:00:00,85440.0,82.0,False,82.0
2024-01-24 17:00:00,85537.0,97.0,False,97.0
2024-01-24 18:00:00,85621.0,84.0,False,84.0
2024-01-24 19:00:00,85706.0,85.0,False,85.0
2024-01-24 20:00:00,85778.0,72.0,False,72.0
2024-01-24 21:00:00,85845.0,67.0,False,67.0
2024-01-24 22:00:00,85908.0,63.0,False,63.0
2024-01-24 23:00:00,85965.0,57.0,False,57.0
2024-01-25 00:00:00,86012.0,47.0,False,47.0
2024-01-25 01:00:00,86041.0,29.0,False,29.0
2024-01-25 02:00:00,86071.0,30.0,False,30.0
2024-01-25 03:00:00,86098.0,27.0,False,27.0
2024-01-25 04:00:00,86123.0,25.0,False,25.0
2024-01-25 05:00:00,86147.0,24.0,False,24.0
2024-01-25 06:00:00,86172.0,25.0,False,25.0
2024-01-25 07:00:00,86196.0,24.0,False,24.0
2024-01-25 08:00:00,86224.0,28.0,False,28.0
2024-01-25 09:00:00,86269.0,45.0,False,45.0
2024-01-25 10:00:00,86339.0,70.0,False,70.0
2024-01-25 11:00:00,86420.0,81.0,False,81.0
2024-01-25 12:00:00,86493.0,73.0,False,73.0
2024-01-25 13:00:00,86556.0,63.0,False,63.0
2024-01-25 14:00:00,86620.0,64.0,False,64.0
2024-01-25 15:00:00,86697.0,77.0,False,77.0
2024-01-25 16:00:00,86788.0,91.0,False,91.0
2024-01-25 17:00:00,86877.0,89.0,False,89.0
2024-01-25 18:00:00,86950.0,73.0,False,73.0
2024-01-25 19:00:00,87009.0,59.0,False,59.0
2024-01-25 20:00:00,87070.0,61.0,False,61.0
2024-01-25 21:00:00,87130.0,60.0,False,60.0
2024-01-25 22:00:00,87186.0,56.0,False,56.0
2024-01-25 23:00:00,87235.0,49.0,False,49.0
2024-01-26 00:00:00,87285.0,50.0,False,50.0
2024-01-26 01:00:00,87332.0,47.0,False,47.0
2024-01-26 02:00:00,87373.0,41.0,False,41.0
2024-01-26 03:00:00,87409.0,36.0,False,36.0
2024-01-26 04:00:00,87440.0,31.0,False,31.0
2024-01-26 05:00:00,87469.0,29.0,False,29.0
2024-01-26 06:00:00,87499.0,30.0,False,30.0
2024-01-26 07:00:00,87528.0,29.0,False,29.0
2024-01-26 08:00:00,87558.0,30.0,False,30.0
2024-01-26 09:00:00,87600.0,42.0,False,42.0
2024-01-26 10:00:00,87665.0,65.0,False,65.0
2024-01-26 11:00:00,87740.0,75.0,False,75.0
2024-01-26 12:00:00,87804.0,64.0,False,64.0
2024-01-26 13:00:00,87868.0,64.0,False,64.0
2024-01-26 14:00:00,87931.0,63.0,False,63.0
2024-01-26 15:00:00,87999.0,68.0,False,68.0
2024-01-26 16:00:00,88073.0,74.0,False,74.0
2024-01-26 17:00:00,88151.0,78.0,False,78.0
2024-01-26 18:00:00,88226.0,75.0,False,75.0
2024-01-26 19:00:00,88295.0,69.0,False,69.0
2024-01-26 20:00:00,88367.0,72.0,False,72.0
2024-01-26 21:00:00,88430.0,63.0,False,63.0
2024-01-26 22:00:00,88482.0,52.0,False,52.0
2024-01-26 23:00:00,88529.0,47.0,False,47.0
2024-01-27 00:00:00,88569.0,40.0,False,40.0
2024-01-27 01:00:00,88605.0,36.0,False,36.0
2024-01-27 02:00:00,88642.0,37.0,False,37.0
2024-01-27 03:00:00,88677.0,35.0,False,35.0
2024-01-27 04:00:00,88710.0,33.0,False,33.0
2024-01-27 05:00:00,88736.0,26.0,False,26.0
2024-01-27 06:00:00,88765.0,29.0,False,29.0
2024-01-27 07:00:00,88792.0,27.0,False,27.0
2024-01-27 08:00:00,88819.0,27.0,False,27.0
2024-01-27 09:00:00,88854.0,35.0,False,35.0
2024-01-27 10:00:00,88890.0,36.0,False,36.0
2024-01-27 11:00:00,88935.0,45.0,False,45.0
2024-01-27 12:00:00,88990.0,55.0,False,55.0
2024-01-27 13:00:00,89044.0,54.0,False,54.0
2024-01-27 14:00:00,89105.0,61.0,False,61.0
2024-01-27 15:00:00,89167.0,62.0,False,62.0
2024-01-27 16:00:00,89220.0,53.0,False,53.0
2024-01-27 17:00:00,89272.0,52.0,False,52.0
2024-01-27 18:00:00,89322.0,50.0,False,50.0
2024-01-27 19:00:00,89371.0,49.0,False,49.0
2024-01-27 20:00:00,89417.0,46.0,False,46.0
2024-01-27 21:00:00,89461.0,44.0,False,44.0
2024-01-27 22:00:00,89505.0,44.0,False,44.0
2024-01-27 23:00:00,89548.0,43.0,False,43.0
2024-01-28 00:00:00,89583.0,35.0,False,35.0
2024-01-28 01:00:00,89618.0,35.0,False,35.0
2024-01-28 02:00:00,89655.0,37.0,False,37.0
2024-01-28 03:00:00,89697.0,42.0,False,42.0
2024-01-28 04:00:00,89742.0,45.0,False,45.0
2024-01-28 05:00:00,89775.0,33.0,False,33.0
2024-01-28 06:00:00,89803.0,28.0,False,28.0
2024-01-28 07:00:00,89831.0,28.0,False,28.0
2024-01-28 08:00:00,89858.0,27.0,False,27.0
2024-01-28 09:00:00,89892.0,34.0,False,34.0
2024-01-28 10:00:00,89928.0,36.0,False,36.0
2024-01-28 11:00:00,89973.0,45.0,False,45.0
2024-01-28 12:00:00,90020.0,47.0,False,47.0
2024-01-28 13:00:00,90062.0,42.0,False,42.0
2024-01-28 14:00:00,90109.0,47.0,False,47.0
2024-01-28 15:00:00,90158.0,49.0,False,49.0
2024-01-28 16:00:00,90210.0,52.0,False,52.0
2024-01-28 17:00:00,90257.0,47.0,False,47.0
2024-01-28 18:00:00,90307.0,50.0,False,50.0
2024-01-28 19:00:00,90356.0,49.0,False,49.0
2024-01-28 20:00:00,90410.0,54.0,False,54.0
2024-01-28 21:00:00,90464.0,54.0,False,54.0
2024-01-28 22:00:00,90516.0,52.0,False,52.0
2024-01-28 23:00:00,90574.0,58.0,False,58.0
2024-01-29 00:00:00,90625.0,51.0,False,51.0
2024-01-29 01:00:00,90650.0,25.0,False,25.0
2024-01-29 02:00:00,90679.0,29.0,False,29.0
2024-01-29 03:00:00,90706.0,27.0,False,27.0
2024-01-29 04:00:00,90732.0,26.0,False,26.0
2024-01-29 05:00:00,90757.0,25.0,False,25.0
2024-01-29 06:00:00,90785.0,28.0,False,28.0
2024-01-29 07:00:00,90811.0,26.0,False,26.0
2024-01-29 08:00:00,90839.0,28.0,False,28.0
2024-01-29 09:00:00,90880.0,41.0,False,41.0
2024-01-29 10:00:00,90942.0,62.0,False,62.0
2024-01-29 11:00:00,91002.0,60.0,False,60.0
2024-01-29 12:00:00,91069.0,67.0,False,67.0
2024-01-29 13:00:00,91134.0,65.0,False,65.0
2024-01-29 14:00:00,91194.0,60.0,False,60.0
2024-01-29 15:00:00,91276.0,82.0,False,82.0
2024-01-29 16:00:00,91368.0,92.0,True,78.0
2024-01-29 17:00:00,91445.0,77.0,False,77.0
2024-01-29 18:00:00,91508.0,63.0,False,63.0
2024-01-29 19:00:00,91561.0,53.0,False,53.0
2024-01-29 20:00:00,91613.0,52.0,False,52.0
2024-01-29 21:00:00,91661.0,48.0,False,48.0
2024-01-29 22:00:00,91708.0,47.0,False,47.0
2024-01-29 23:00:00,91753.0,45.0,False,45.0
2024-01-30 00:00:00,91796.0,43.0,False,43.0
2024-01-30 01:00:00,91842.0,46.0,False,46.0
2024-01-30 02:00:00,91888.0,46.0,False,46.0
2024-01-30 03:00:00,91938.0,50.0,False,50.0
2024-01-30 04:00:00,91986.0,48.0,False,48.0
2024-01-30 05:00:00,92020.0,34.0,False,34.0
2024-01-30 06:00:00,92054.0,34.0,False,34.0
2024-01-30 07:00:00,92086.0,32.0,False,32.0
2024-01-30 08:00:00,92121.0,35.0,False,35.0
2024-01-30 09:00:00,92163.0,42.0,False,42.0
2024-01-30 10:00:00,92228.0,65.0,False,65.0
2024-01-30 11:00:00,92309.0,81.0,False,81.0
2024-01-30 12:00:00,92384.0,75.0,False,75.0
2024-01-30 13:00:00,92446.0,62.0,False,62.0
2024-01-30 14:00:00,92507.0,61.0,False,61.0
2024-01-30 15:00:00,92576.0,69.0,False,69.0
2024-01-30 16:00:00,92645.0,69.0,False,69.0
2024-01-30 17:00:00,92715.0,70.0,False,70.0
2024-01-30 18:00:00,92789.0,74.0,False,74.0
2024-01-30 19:00:00,92859.0,70.0,False,70.0
2024-01-30 20:00:00,92929.0,70.0,False,70.0
2024-01-30 21:00:00,92997.0,68.0,False,68.0
2024-01-30 22:00:00,93049.0,52.0,False,52.0
2024-01-30 23:00:00,93090.0,41.0,False,41.0
2024-01-31 00:00:00,93127.0,37.0,False,37.0
2024-01-31 01:00:00,93161.0,34.0,False,34.0
2024-01-31 02:00:00,93197.0,36.0,False,36.0
2024-01-31 03:00:00,93229.0,32.0,False,32.0
2024-01-31 04:00:00,93260.0,31.0,False,31.0
2024-01-31 05:00:00,93291.0,31.0,False,31.0
2024-01-31 06:00:00,93324.0,33.0,False,33.0
2024-01-31 07:00:00,93355.0,31.0,False,31.0
2024-01-31 08:00:00,93387.0,32.0,False,32.0
2024-01-31 09:00:00,93427.0,40.0,False,40.0
2024-01-31 10:00:00,93490.0,63.0,False,63.0
2024-01-31 11:00:00,93566.0,76.0,False,76.0
2024-01-31 12:00:00,93637.0,71.0,False,71.0
2024-01-31 13:00:00,93704.0,67.0,False,67.0
2024-01-31 14:00:00,93765.0,61.0,False,61.0
2024-01-31 15:00:00,93834.0,69.0,False,69.0
2024-01-31 16:00:00,93912.0,78.0,False,78.0
2024-01-31 17:00:00,93994.0,82.0,False,82.0
2024-01-31 18:00:00,94069.0,75.0,False,75.0
2024-01-31 19:00:00,94126.0,57.0,False,57.0
2024-01-31 20:00:00,94182.0,56.0,False,56.0
2024-01-31 21:00:00,94233.0,51.0,False,51.0
2024-01-31 22:00:00,94281.0,48.0,False,48.0
2024-01-31 23:00:00,94333.0,52.0,False,52.0
2024-02-01 00:00:00,94375.0,42.0,False,42.0
2024-02-01 01:00:00,94413.0,38.0,False,38.0
2024-02-01 02:00:00,94453.0,40.0,False,40.0
2024-02-01 03:00:00,94490.0,37.0,False,37.0
2024-02-01 04:00:00,94525.0,35.0,False,35.0
2024-02-01 05:00:00,94558.0,33.0,False,33.0
2024-02-01 06:00:00,94593.0,35.0,False,35.0
2024-02-01 07:00:00,94627.0,34.0,False,34.0
2024-02-01 08:00:00,94661.0,34.0,False,34.0
2024-02-01 09:00:00,94702.0,41.0,False,41.0
2024-02-01 10:00:00,94771.0,69.0,False,69.0
2024-02-01 11:00:00,94845.0,74.0,False,74.0
2024-02-01 12:00:00,94930.0,85.0,False,85.0
2024-02-01 13:00:00,95003.0,73.0,False,73.0
2024-02-01 14:00:00,95082.0,79.0,False,79.0
2024-02-01 15:00:00,95145.0,63.0,False,63.0
2024-02-01 16:00:00,95206.0,61.0,False,61.0
2024-02-01 17:00:00,95270.0,64.0,False,64.0
2024-02-01 18:00:00,95332.0,62.0,False,62.0
2024-02-01 19:00:00,95385.0,53.0,False,53.0
2024-02-01 20:00:00,95433.0,48.0,False,48.0
2024-02-01 21:00:00,95479.0,46.0,False,46.0
2024-02-01 22:00:00,95519.0,40.0,False,40.0
2024-02-01 23:00:00,95555.0,36.0,False,36.0
2024-02-02 00:00:00,95586.0,31.0,False,31.0
2024-02-02 01:00:00,95613.0,27.0,False,27.0
2024-02-02 02:00:00,95637.0,24.0,False,24.0
2024-02-02 03:00:00,95660.0,23.0,False,23.0
2024-02-02 04:00:00,95682.0,22.0,False,22.0
2024-02-02 05:00:00,95707.0,25.0,False,25.0
2024-02-02 06:00:00,95730.0,23.0,False,23.0
2024-02-02 07:00:00,95753.0,23.0,False,23.0
2024-02-02 08:00:00,95777.0,24.0,False,24.0
2024-02-02 09:00:00,95809.0,32.0,False,32.0
2024-02-02 10:00:00,95865.0,56.0,False,56.0
2024-02-02 11:00:00,95940.0,75.0,False,75.0
2024-02-02 12:00:00,96014.0,74.0,False,74.0
2024-02-02 13:00:00,96089.0,75.0,False,75.0
2024-02-02 14:00:00,96155.0,66.0,False,66.0
2024-02-02 15:00:00,96235.0,80.0,False,80.0
2024-02-02 16:00:00,96302.0,67.0,False,67.0
2024-02-02 17:00:00,96368.0,66.0,False,66.0
2024-02-02 18:00:00,96424.0,56.0,False,56.0
2024-02-02 19:00:00,96471.0,47.0,False,47.0
2024-02-02 20:00:00,96511.0,40.0,False,40.0
2024-02-02 21:00:00,96548.0,37.0,False,37.0
2024-02-02 22:00:00,96583.0,35.0,False,35.0
2024-02-02 23:00:00,96626.0,43.0,False,43.0
2024-02-03 00:00:00,96670.0,44.0,False,44.0
2024-02-03 01:00:00,96714.0,44.0,False,44.0
2024-02-03 02:00:00,96740.0,26.0,False,26.0
2024-02-03 03:00:00,96762.0,22.0,False,22.0
2024-02-03 04:00:00,96783.0,21.0,False,21.0
2024-02-03 05:00:00,96804.0,21.0,False,21.0
2024-02-03 06:00:00,96823.0,19.0,False,19.0
2024-02-03 07:00:00,96847.0,24.0,False,24.0
2024-02-03 08:00:00,96867.0,20.0,False,20.0
2024-02-03 09:00:00,96891.0,24.0,False,24.0
2024-02-03 10:00:00,96928.0,37.0,False,37.0
2024-02-03 11:00:00,96975.0,47.0,False,47.0
2024-02-03 12:00:00,97022.0,47.0,False,47.0
2024-02-03 13:00:00,97065.0,43.0,False,43.0
2024-02-03 14:00:00,97111.0,46.0,False,46.0
2024-02-03 15:00:00,97160.0,49.0,False,49.0
2024-02-03 16:00:00,97217.0,57.0,False,57.0
2024-02-03 17:00:00,97286.0,69.0,False,69.0
2024-02-03 18:00:00,97347.0,61.0,False,61.0
2024-02-03 19:00:00,97394.0,47.0,False,47.0
2024-02-03 20:00:00,97442.0,48.0,False,48.0
2024-02-03 21:00:00,97493.0,51.0,False,51.0
2024-02-03 22:00:00,97536.0,43.0,False,43.0
2024-02-03 23:00:00,97578.0,42.0,False,42.0
2024-02-04 00:00:00,97609.0,31.0,False,31.0
2024-02-04 01:00:00,97639.0,30.0,False,30.0
2024-02-04 02:00:00,97665.0,26.0,False,26.0
2024-02-04 03:00:00,97690.0,25.0,False,25.0
2024-02-04 04:00:00,97713.0,23.0,False,23.0
2024-02-04 05:00:00,97738.0,25.0,False,25.0
2024-02-04 06:00:00,97761.0,23.0,False,23.0
2024-02-04 07:00:00,97783.0,22.0,False,22.0
2024-02-04 08:00:00,97806.0,23.0,False,23.0
2024-02-04 09:00:00,97837.0,31.0,False,31.0
2024-02-04 10:00:00,97891.0,54.0,False,54.0
2024-02-04 11:00:00,97960.0,69.0,False,69.0
2024-02-04 12:00:00,98030.0,70.0,False,70.0
2024-02-04 13:00:00,98101.0,71.0,False,71.0
2024-02-04 14:00:00,98168.0,67.0,False,67.0
2024-02-04 15:00:00,98251.0,83.0,True,65.86
2024-02-04 16:00:00,98325.0,74.0,True,64.0
2024-02-04 17:00:00,98389.0,64.0,False,64.0
2024-02-04 18:00:00,98437.0,48.0,False,48.0
2024-02-04 19:00:00,98476.0,39.0,False,39.0
2024-02-04 20:00:00,98521.0,45.0,False,45.0
2024-02-04 21:00:00,98564.0,43.0,False,43.0
2024-02-04 22:00:00,98613.0,49.0,False,49.0
2024-02-04 23:00:00,98659.0,46.0,False,46.0
2024-02-05 00:00:00,98712.0,53.0,False,53.0
2024-02-05 01:00:00,98740.0,28.0,False,28.0
2024-02-05 02:00:00,98764.0,24.0,False,24.0
2024-02-05 03:00:00,98786.0,22.0,False,22.0
2024-02-05 04:00:00,98812.0,26.0,False,26.0
2024-02-05 05:00:00,98835.0,23.0,False,23.0
2024-02-05 06:00:00,98857.0,22.0,False,22.0
2024-02-05 07:00:00,98882.0,25.0,False,25.0
2024-02-05 08:00:00,98906.0,24.0,False,24.0
2024-02-05 09:00:00,98932.0,26.0,False,26.0
2024-02-05 10:00:00,98975.0,43.0,False,43.0
2024-02-05 11:00:00,99039.0,64.0,True,68.86
2024-02-05 12:00:00,99103.0,64.0,True,69.86
2024-02-05 13:00:00,99168.0,65.0,True,65.14
2024-02-05 14:00:00,99231.0,63.0,True,62.86
2024-02-05 15:00:00,99308.0,77.0,True,68.67
2024-02-05 16:00:00,99367.0,59.0,False,59.0
2024-02-05 17:00:00,99423.0,56.0,False,56.0
2024-02-05 18:00:00,99480.0,57.0,False,57.0
2024-02-05 19:00:00,99524.0,44.0,False,44.0
2024-02-05 20:00:00,99562.0,38.0,False,38.0
2024-02-05 21:00:00,99602.0,40.0,False,40.0
2024-02-05 22:00:00,99648.0,46.0,False,46.0
2024-02-05 23:00:00,99686.0,38.0,False,38.0
2024-02-06 00:00:00,99732.0,46.0,False,46.0
2024-02-06 01:00:00,99766.0,34.0,False,34.0
2024-02-06 02:00:00,99793.0,27.0,False,27.0
2024-02-06 03:00:00,99817.0,24.0,False,24.0
2024-02-06 04:00:00,99842.0,25.0,False,25.0
2024-02-06 05:00:00,99868.0,26.0,False,26.0
2024-02-06 06:00:00,99893.0,25.0,False,25.0
2024-02-06 07:00:00,99917.0,24.0,False,24.0
2024-02-06 08:00:00,99941.0,24.0,False,24.0
2024-02-06 09:00:00,99971.0,30.0,False,30.0
2024-02-06 10:00:00,100008.0,37.0,False,37.0
2024-02-06 11:00:00,100053.0,45.0,False,45.0
2024-02-06 12:00:00,100103.0,50.0,False,50.0
2024-02-06 13:00:00,100152.0,49.0,False,49.0
2024-02-06 14:00:00,100196.0,44.0,False,44.0
2024-02-06 15:00:00,100246.0,50.0,True,66.0
2024-02-06 16:00:00,100282.0,36.0,False,36.0
2024-02-06 17:00:00,100315.0,33.0,False,33.0
2024-02-06 18:00:00,100352.0,37.0,False,37.0
2024-02-06 19:00:00,100383.0,31.0,False,31.0
2024-02-06 20:00:00,100412.0,29.0,False,29.0
2024-02-06 21:00:00,100439.0,27.0,False,27.0
2024-02-06 22:00:00,100467.0,28.0,False,28.0
2024-02-06 23:00:00,100489.0,22.0,False,22.0
2024-02-07 00:00:00,100505.0,16.0,False,16.0
2024-02-07 01:00:00,100517.0,12.0,False,12.0
2024-02-07 02:00:00,100530.0,13.0,False,13.0
2024-02-07 03:00:00,100543.0,13.0,False,13.0
2024-02-07 04:00:00,100556.0,13.0,False,13.0
2024-02-07 05:00:00,100568.0,12.0,False,12.0
2024-02-07 06:00:00,100581.0,13.0,False,13.0
2024-02-07 07:00:00,100593.0,12.0,False,12.0
2024-02-07 08:00:00,100606.0,13.0,False,13.0
2024-02-07 09:00:00,100621.0,15.0,False,15.0
2024-02-07 10:00:00,100644.0,23.0,False,23.0
2024-02-07 11:00:00,100670.0,26.0,False,26.0
2024-02-07 12:00:00,100697.0,27.0,False,27.0
2024-02-07 13:00:00,100718.0,21.0,False,21.0
2024-02-07 14:00:00,100735.0,17.0,False,17.0
2024-02-07 15:00:00,100752.0,17.0,False,17.0
2024-02-07 16:00:00,100772.0,20.0,False,20.0
2024-02-07 17:00:00,100799.0,27.0,False,27.0
2024-02-07 18:00:00,100825.0,26.0,False,26.0
2024-02-07 19:00:00,100848.0,23.0,False,23.0
2024-02-07 20:00:00,100869.0,21.0,False,21.0
2024-02-07 21:00:00,100890.0,21.0,False,21.0
2024-02-07 22:00:00,100911.0,21.0,False,21.0
2024-02-07 23:00:00,100929.0,18.0,False,18.0
2024-02-08 00:00:00,100943.0,14.0,False,14.0
2024-02-08 01:00:00,100956.0,13.0,False,13.0
2024-02-08 02:00:00,100969.0,13.0,False,13.0
2024-02-08 03:00:00,100982.0,13.0,False,13.0
2024-02-08 04:00:00,100995.0,13.0,False,13.0
2024-02-08 05:00:00,101008.0,13.0,False,13.0
2024-02-08 06:00:00,101021.0,13.0,False,13.0
2024-02-08 07:00:00,101034.0,13.0,False,13.0
2024-02-08 08:00:00,101047.0,13.0,False,13.0
2024-02-08 09:00:00,101062.0,15.0,False,15.0
2024-02-08 10:00:00,101081.0,19.0,False,19.0
2024-02-08 11:00:00,101099.0,18.0,False,18.0
2024-02-08 12:00:00,101119.0,20.0,False,20.0
2024-02-08 13:00:00,101135.0,16.0,False,16.0
2024-02-08 14:00:00,101152.0,17.0,False,17.0
2024-02-08 15:00:00,101169.0,17.0,False,17.0
2024-02-08 16:00:00,101185.0,16.0,False,16.0
2024-02-08 17:00:00,101205.0,20.0,False,20.0
2024-02-08 18:00:00,101223.0,18.0,False,18.0
2024-02-08 19:00:00,101239.0,16.0,False,16.0
2024-02-08 20:00:00,101254.0,15.0,False,15.0
2024-02-08 21:00:00,101269.0,15.0,False,15.0
2024-02-08 22:00:00,101283.0,14.0,False,14.0
2024-02-08 23:00:00,101298.0,15.0,False,15.0
2024-02-09 00:00:00,101311.0,13.0,False,13.0
2024-02-09 01:00:00,101324.0,13.0,False,13.0
2024-02-09 02:00:00,101335.0,11.0,False,11.0
2024-02-09 03:00:00,101347.0,12.0,False,12.0
2024-02-09 04:00:00,101359.0,12.0,False,12.0
2024-02-09 05:00:00,101371.0,12.0,False,12.0
2024-02-09 06:00:00,101382.0,11.0,True,19.71
2024-02-09 07:00:00,101394.0,12.0,False,12.0
2024-02-09 08:00:00,101406.0,12.0,False,12.0
2024-02-09 09:00:00,101420.0,14.0,False,14.0
2024-02-09 10:00:00,101435.0,15.0,False,15.0
2024-02-09 11:00:00,101455.0,20.0,False,20.0
2024-02-09 12:00:00,101475.0,20.0,False,20.0
2024-02-09 13:00:00,101496.0,21.0,False,21.0
2024-02-09 14:00:00,101516.0,20.0,False,20.0
2024-02-09 15:00:00,101537.0,21.0,False,21.0
2024-02-09 16:00:00,101557.0,20.0,False,20.0
2024-02-09 17:00:00,101580.0,23.0,False,23.0
2024-02-09 18:00:00,101600.0,20.0,False,20.0
2024-02-09 19:00:00,101619.0,19.0,False,19.0
2024-02-09 20:00:00,101639.0,20.0,False,20.0
2024-02-09 21:00:00,101657.0,18.0,False,18.0
2024-02-09 22:00:00,101675.0,18.0,False,18.0
2024-02-09 23:00:00,101692.0,17.0,False,17.0
2024-02-10 00:00:00,101712.0,20.0,False,20.0
2024-02-10 01:00:00,101730.0,18.0,False,18.0
2024-02-10 02:00:00,101746.0,16.0,False,16.0
2024-02-10 03:00:00,101765.0,19.0,False,19.0
2024-02-10 04:00:00,101782.0,17.0,False,17.0
2024-02-10 05:00:00,101798.0,16.0,False,16.0
2024-02-10 06:00:00,101814.0,16.0,False,16.0
2024-02-10 07:00:00,101834.0,20.0,False,20.0
2024-02-10 08:00:00,101850.0,16.0,False,16.0
2024-02-10 09:00:00,101867.0,17.0,False,17.0
2024-02-10 10:00:00,101886.0,19.0,False,19.0
2024-02-10 11:00:00,101907.0,21.0,False,21.0
2024-02-10 12:00:00,101926.0,19.0,False,19.0
2024-02-10 13:00:00,101946.0,20.0,False,20.0
2024-02-10 14:00:00,101967.0,21.0,False,21.0
2024-02-10 15:00:00,101987.0,20.0,False,20.0
2024-02-10 16:00:00,102004.0,17.0,False,17.0
2024-02-10 17:00:00,102022.0,18.0,False,18.0
2024-02-10 18:00:00,102042.0,20.0,False,20.0
2024-02-10 19:00:00,102062.0,20.0,False,20.0
2024-02-10 20:00:00,102082.0,20.0,False,20.0
2024-02-10 21:00:00,102101.0,19.0,False,19.0
2024-02-10 22:00:00,102123.0,22.0,False,22.0
2024-02-10 23:00:00,102140.0,17.0,False,17.0
2024-02-11 00:00:00,102156.0,16.0,False,16.0
2024-02-11 01:00:00,102174.0,18.0,False,18.0
2024-02-11 02:00:00,102193.0,19.0,False,19.0
2024-02-11 03:00:00,102209.0,16.0,False,16.0
2024-02-11 04:00:00,102225.0,16.0,False,16.0
2024-02-11 05:00:00,102242.0,17.0,False,17.0
2024-02-11 06:00:00,102261.0,19.0,False,19.0
2024-02-11 07:00:00,102277.0,16.0,False,16.0
2024-02-11 08:00:00,102293.0,16.0,False,16.0
2024-02-11 09:00:00,102309.0,16.0,False,16.0
2024-02-11 10:00:00,102330.0,21.0,False,21.0
2024-02-11 11:00:00,102346.0,16.0,False,16.0
2024-02-11 12:00:00,102363.0,17.0,False,17.0
2024-02-11 13:00:00,102381.0,18.0,False,18.0
2024-02-11 14:00:00,102401.0,20.0,False,20.0
2024-02-11 15:00:00,102417.0,16.0,False,16.0
2024-02-11 16:00:00,102435.0,18.0,False,18.0
2024-02-11 17:00:00,102452.0,17.0,False,17.0
2024-02-11 18:00:00,102472.0,20.0,False,20.0
2024-02-11 19:00:00,102491.0,19.0,False,19.0
2024-02-11 20:00:00,102511.0,20.0,False,20.0
2024-02-11 21:00:00,102531.0,20.0,False,20.0
2024-02-11 22:00:00,102550.0,19.0,False,19.0
2024-02-11 23:00:00,102567.0,17.0,False,17.0
2024-02-12 00:00:00,102583.0,16.0,False,16.0
2024-02-12 01:00:00,102602.0,19.0,False,19.0
2024-02-12 02:00:00,102619.0,17.0,False,17.0
2024-02-12 03:00:00,102635.0,16.0,False,16.0
2024-02-12 04:00:00,102652.0,17.0,False,17.0
2024-02-12 05:00:00,102671.0,19.0,False,19.0
2024-02-12 06:00:00,102687.0,16.0,False,16.0
2024-02-12 07:00:00,102703.0,16.0,False,16.0
2024-02-12 08:00:00,102719.0,16.0,False,16.0
2024-02-12 09:00:00,102739.0,20.0,False,20.0
2024-02-12 10:00:00,102756.0,17.0,False,17.0
2024-02-12 11:00:00,102773.0,17.0,False,17.0
2024-02-12 12:00:00,102791.0,18.0,False,18.0
2024-02-12 13:00:00,102810.0,19.0,False,19.0
2024-02-12 14:00:00,102828.0,18.0,False,18.0
2024-02-12 15:00:00,102845.0,17.0,False,17.0
2024-02-12 16:00:00,102865.0,20.0,False,20.0
2024-02-12 17:00:00,102883.0,18.0,False,18.0
2024-02-12 18:00:00,102901.0,18.0,False,18.0
2024-02-12 19:00:00,102918.0,17.0,False,17.0
2024-02-12 20:00:00,102939.0,21.0,False,21.0
2024-02-12 21:00:00,102956.0,17.0,False,17.0
2024-02-12 22:00:00,102974.0,18.0,False,18.0
2024-02-12 23:00:00,102992.0,18.0,False,18.0
2024-02-13 00:00:00,103012.0,20.0,False,20.0
2024-02-13 01:00:00,103028.0,16.0,False,16.0
2024-02-13 02:00:00,103045.0,17.0,False,17.0
2024-02-13 03:00:00,103064.0,19.0,False,19.0
2024-02-13 04:00:00,103081.0,17.0,False,17.0
2024-02-13 05:00:00,103098.0,17.0,False,17.0
2024-02-13 06:00:00,103114.0,16.0,False,16.0
2024-02-13 07:00:00,103133.0,19.0,False,19.0
2024-02-13 08:00:00,103145.0,12.0,False,12.0
2024-02-13 09:00:00,103157.0,12.0,False,12.0
2024-02-13 10:00:00,103169.0,12.0,False,12.0
2024-02-13 11:00:00,103185.0,16.0,False,16.0
2024-02-13 12:00:00,103199.0,14.0,False,14.0
2024-02-13 13:00:00,103212.0,13.0,False,13.0
2024-02-13 14:00:00,103226.0,14.0,False,14.0
2024-02-13 15:00:00,103240.0,14.0,False,14.0
2024-02-13 16:00:00,103253.0,13.0,False,13.0
2024-02-13 17:00:00,103267.0,14.0,False,14.0
2024-02-13 18:00:00,103282.0,15.0,False,15.0
2024-02-13 19:00:00,103298.0,16.0,False,16.0
2024-02-13 20:00:00,103314.0,16.0,False,16.0
2024-02-13 21:00:00,103329.0,15.0,False,15.0
2024-02-13 22:00:00,103344.0,15.0,False,15.0
2024-02-13 23:00:00,103360.0,16.0,False,16.0
2024-02-14 00:00:00,103374.0,14.0,False,14.0
2024-02-14 01:00:00,103386.0,12.0,False,12.0
2024-02-14 02:00:00,103399.0,13.0,False,13.0
2024-02-14 03:00:00,103411.0,12.0,False,12.0
2024-02-14 04:00:00,103423.0,12.0,False,12.0
2024-02-14 05:00:00,103435.0,12.0,False,12.0
2024-02-14 06:00:00,103448.0,13.0,False,13.0
2024-02-14 07:00:00,103460.0,12.0,False,12.0
2024-02-14 08:00:00,103472.0,12.0,False,12.0
2024-02-14 09:00:00,103486.0,14.0,False,14.0
2024-02-14 10:00:00,103498.0,12.0,False,12.0
2024-02-14 11:00:00,103513.0,15.0,False,15.0
2024-02-14 12:00:00,103528.0,15.0,False,15.0
2024-02-14 13:00:00,103543.0,15.0,False,15.0
2024-02-14 14:00:00,103557.0,14.0,False,14.0
2024-02-14 15:00:00,103570.0,13.0,False,13.0
2024-02-14 16:00:00,103586.0,16.0,False,16.0
2024-02-14 17:00:00,103602.0,16.0,False,16.0
2024-02-14 18:00:00,103618.0,16.0,False,16.0
2024-02-14 19:00:00,103633.0,15.0,False,15.0
2024-02-14 20:00:00,103648.0,15.0,False,15.0
2024-02-14 21:00:00,103665.0,17.0,False,17.0
2024-02-14 22:00:00,103680.0,15.0,False,15.0
2024-02-14 23:00:00,103696.0,16.0,False,16.0
2024-02-15 00:00:00,103711.0,15.0,False,15.0
2024-02-15 01:00:00,103724.0,13.0,False,13.0
2024-02-15 02:00:00,103737.0,13.0,False,13.0
2024-02-15 03:00:00,103749.0,12.0,False,12.0
2024-02-15 04:00:00,103762.0,13.0,False,13.0
2024-02-15 05:00:00,103774.0,12.0,False,12.0
2024-02-15 06:00:00,103787.0,13.0,False,13.0
2024-02-15 07:00:00,103799.0,12.0,False,12.0
2024-02-15 08:00:00,103812.0,13.0,False,13.0
2024-02-15 09:00:00,103825.0,13.0,False,13.0
2024-02-15 10:00:00,103838.0,13.0,False,13.0
2024-02-15 11:00:00,103854.0,16.0,False,16.0
2024-02-15 12:00:00,103871.0,17.0,False,17.0
2024-02-15 13:00:00,103887.0,16.0,False,16.0
2024-02-15 14:00:00,103901.0,14.0,False,14.0
2024-02-15 15:00:00,103915.0,14.0,False,14.0
2024-02-15 16:00:00,103929.0,14.0,False,14.0
2024-02-15 17:00:00,103944.0,15.0,False,15.0
2024-02-15 18:00:00,103961.0,17.0,False,17.0
2024-02-15 19:00:00,103977.0,16.0,False,16.0
2024-02-15 20:00:00,103993.0,16.0,False,16.0
2024-02-15 21:00:00,104010.0,17.0,False,17.0
2024-02-15 22:00:00,104027.0,17.0,False,17.0
2024-02-15 23:00:00,104043.0,16.0,False,16.0
2024-02-16 00:00:00,104056.0,13.0,False,13.0
2024-02-16 01:00:00,104069.0,13.0,False,13.0
2024-02-16 02:00:00,104082.0,13.0,False,13.0
2024-02-16 03:00:00,104094.0,12.0,False,12.0
2024-02-16 04:00:00,104107.0,13.0,False,13.0
2024-02-16 05:00:00,104120.0,13.0,False,13.0
2024-02-16 06:00:00,104132.0,12.0,False,12.0
2024-02-16 07:00:00,104145.0,13.0,False,13.0
2024-02-16 08:00:00,104157.0,12.0,False,12.0
2024-02-16 09:00:00,104171.0,14.0,False,14.0
2024-02-16 10:00:00,104188.0,17.0,False,17.0
2024-02-16 11:00:00,104208.0,20.0,False,20.0
2024-02-16 12:00:00,104224.0,16.0,False,16.0
2024-02-16 13:00:00,104240.0,16.0,False,16.0
2024-02-16 14:00:00,104255.0,15.0,False,15.0
2024-02-16 15:00:00,104271.0,16.0,False,16.0
2024-02-16 16:00:00,104292.0,21.0,False,21.0
2024-02-16 17:00:00,104312.0,20.0,False,20.0
2024-02-16 18:00:00,104334.0,22.0,False,22.0
2024-02-16 19:00:00,104354.0,20.0,False,20.0
2024-02-16 20:00:00,104374.0,20.0,False,20.0
2024-02-16 21:00:00,104396.0,22.0,False,22.0
2024-02-16 22:00:00,104415.0,19.0,False,19.0
2024-02-16 23:00:00,104433.0,18.0,False,18.0
2024-02-17 00:00:00,104448.0,15.0,False,15.0
2024-02-17 01:00:00,104461.0,13.0,False,13.0
2024-02-17 02:00:00,104474.0,13.0,False,13.0
2024-02-17 03:00:00,104486.0,12.0,False,12.0
2024-02-17 04:00:00,104499.0,13.0,False,13.0
2024-02-17 05:00:00,104512.0,13.0,False,13.0
2024-02-17 06:00:00,104524.0,12.0,False,12.0
2024-02-17 07:00:00,104537.0,13.0,False,13.0
2024-02-17 08:00:00,104551.0,14.0,False,14.0
2024-02-17 09:00:00,104565.0,14.0,False,14.0
2024-02-17 10:00:00,104583.0,18.0,False,18.0
2024-02-17 11:00:00,104602.0,19.0,False,19.0
2024-02-17 12:00:00,104620.0,18.0,False,18.0
2024-02-17 13:00:00,104638.0,18.0,False,18.0
2024-02-17 14:00:00,104656.0,18.0,False,18.0
2024-02-17 15:00:00,104675.0,19.0,False,19.0
2024-02-17 16:00:00,104696.0,21.0,False,21.0
2024-02-17 17:00:00,104716.0,20.0,False,20.0
2024-02-17 18:00:00,104736.0,20.0,False,20.0
2024-02-17 19:00:00,104756.0,20.0,False,20.0
2024-02-17 20:00:00,104774.0,18.0,False,18.0
2024-02-17 21:00:00,104791.0,17.0,False,17.0
2024-02-17 22:00:00,104807.0,16.0,False,16.0
2024-02-17 23:00:00,104824.0,17.0,False,17.0
2024-02-18 00:00:00,104839.0,15.0,False,15.0
2024-02-18 01:00:00,104853.0,14.0,False,14.0
2024-02-18 02:00:00,104866.0,13.0,False,13.0
2024-02-18 03:00:00,104879.0,13.0,False,13.0
2024-02-18 04:00:00,104892.0,13.0,False,13.0
2024-02-18 05:00:00,104904.0,12.0,False,12.0
2024-02-18 06:00:00,104917.0,13.0,False,13.0
2024-02-18 07:00:00,104930.0,13.0,False,13.0
2024-02-18 08:00:00,104942.0,12.0,False,12.0
2024-02-18 09:00:00,104956.0,14.0,False,14.0
2024-02-18 10:00:00,104975.0,19.0,False,19.0
2024-02-18 11:00:00,104992.0,17.0,False,17.0
2024-02-18 12:00:00,105012.0,20.0,False,20.0
2024-02-18 13:00:00,105031.0,19.0,False,19.0
2024-02-18 14:00:00,105051.0,20.0,False,20.0
2024-02-18 15:00:00,105072.0,21.0,False,21.0
2024-02-18 16:00:00,105094.0,22.0,False,22.0
2024-02-18 17:00:00,105122.0,28.0,False,28.0
2024-02-18 18:00:00,105156.0,34.0,False,34.0
2024-02-18 19:00:00,105187.0,31.0,False,31.0
2024-02-18 20:00:00,105212.0,25.0,False,25.0
2024-02-18 21:00:00,105240.0,28.0,False,28.0
2024-02-18 22:00:00,105266.0,26.0,False,26.0
2024-02-18 23:00:00,105289.0,23.0,False,23.0
2024-02-19 00:00:00,105310.0,21.0,False,21.0
2024-02-19 01:00:00,105333.0,23.0,False,23.0
2024-02-19 02:00:00,105352.0,19.0,False,19.0
2024-02-19 03:00:00,105370.0,18.0,False,18.0
2024-02-19 04:00:00,105388.0,18.0,False,18.0
2024-02-19 05:00:00,105409.0,21.0,False,21.0
2024-02-19 06:00:00,105427.0,18.0,False,18.0
2024-02-19 07:00:00,105444.0,17.0,False,17.0
2024-02-19 08:00:00,105463.0,19.0,False,19.0
2024-02-19 09:00:00,105486.0,23.0,False,23.0
2024-02-19 10:00:00,105517.0,31.0,False,31.0
2024-02-19 11:00:00,105565.0,48.0,True,17.14
2024-02-19 12:00:00,105608.0,43.0,False,43.0
2024-02-19 13:00:00,105643.0,35.0,False,35.0
2024-02-19 14:00:00,105674.0,31.0,False,31.0
2024-02-19 15:00:00,105721.0,47.0,False,47.0
2024-02-19 16:00:00,105773.0,52.0,True,18.14
2024-02-19 17:00:00,105823.0,50.0,True,18.71
2024-02-19 18:00:00,105873.0,50.0,True,20.29
2024-02-19 19:00:00,105915.0,42.0,False,42.0
2024-02-19 20:00:00,105957.0,42.0,False,42.0
2024-02-19 21:00:00,105996.0,39.0,False,39.0
2024-02-19 22:00:00,106032.0,36.0,False,36.0
2024-02-19 23:00:00,106062.0,30.0,False,30.0
2024-02-20 00:00:00,106087.0,25.0,False,25.0
2024-02-20 01:00:00,106108.0,21.0,False,21.0
2024-02-20 02:00:00,106130.0,22.0,False,22.0
2024-02-20 03:00:00,106154.0,24.0,False,24.0
2024-02-20 04:00:00,106174.0,20.0,False,20.0
2024-02-20 05:00:00,106194.0,20.0,False,20.0
2024-02-20 06:00:00,106215.0,21.0,False,21.0
2024-02-20 07:00:00,106237.0,22.0,False,22.0
2024-02-20 08:00:00,106258.0,21.0,False,21.0
2024-02-20 09:00:00,106289.0,31.0,False,31.0
2024-02-20 10:00:00,106347.0,58.0,True,17.43
2024-02-20 11:00:00,106423.0,76.0,True,17.17
2024-02-20 12:00:00,106504.0,81.0,True,20.43
2024-02-20 13:00:00,106578.0,74.0,True,18.86
2024-02-20 14:00:00,106659.0,81.0,True,18.0
2024-02-20 15:00:00,106743.0,84.0,True,20.57
2024-02-20 16:00:00,106822.0,79.0,True,17.83
2024-02-20 17:00:00,106901.0,79.0,True,18.83
2024-02-20 18:00:00,106977.0,76.0,True,20.67
2024-02-20 19:00:00,107029.0,52.0,False,52.0
2024-02-20 20:00:00,107073.0,44.0,False,44.0
2024-02-20 21:00:00,107119.0,46.0,False,46.0
2024-02-20 22:00:00,107165.0,46.0,False,46.0
2024-02-20 23:00:00,107202.0,37.0,False,37.0
2024-02-21 00:00:00,107233.0,31.0,False,31.0
2024-02-21 01:00:00,107263.0,30.0,False,30.0
2024-02-21 02:00:00,107290.0,27.0,False,27.0
2024-02-21 03:00:00,107314.0,24.0,False,24.0
2024-02-21 04:00:00,107338.0,24.0,False,24.0
2024-02-21 05:00:00,107365.0,27.0,False,27.0
2024-02-21 06:00:00,107387.0,22.0,False,22.0
2024-02-21 07:00:00,107411.0,24.0,False,24.0
2024-02-21 08:00:00,107435.0,24.0,False,24.0
2024-02-21 09:00:00,107471.0,36.0,False,36.0
2024-02-21 10:00:00,107537.0,66.0,False,66.0
2024-02-21 11:00:00,107616.0,79.0,True,17.4
2024-02-21 12:00:00,107697.0,81.0,True,21.5
2024-02-21 13:00:00,107777.0,80.0,True,19.83
2024-02-21 14:00:00,107849.0,72.0,False,72.0
2024-02-21 15:00:00,107923.0,74.0,False,74.0
2024-02-21 16:00:00,108001.0,78.0,True,18.8
2024-02-21 17:00:00,108080.0,79.0,True,19.8
2024-02-21 18:00:00,108144.0,64.0,False,64.0
2024-02-21 19:00:00,108193.0,49.0,False,49.0
2024-02-21 20:00:00,108236.0,43.0,False,43.0
2024-02-21 21:00:00,108280.0,44.0,False,44.0
2024-02-21 22:00:00,108322.0,42.0,False,42.0
2024-02-21 23:00:00,108359.0,37.0,False,37.0
2024-02-22 00:00:00,108388.0,29.0,False,29.0
2024-02-22 01:00:00,108411.0,23.0,False,23.0
2024-02-22 02:00:00,108432.0,21.0,False,21.0
2024-02-22 03:00:00,108454.0,22.0,False,22.0
2024-02-22 04:00:00,108476.0,22.0,False,22.0
2024-02-22 05:00:00,108497.0,21.0,False,21.0
2024-02-22 06:00:00,108517.0,20.0,False,20.0
2024-02-22 07:00:00,108540.0,23.0,False,23.0
2024-02-22 08:00:00,108563.0,23.0,False,23.0
2024-02-22 09:00:00,108592.0,29.0,False,29.0
2024-02-22 10:00:00,108651.0,59.0,False,59.0
2024-02-22 11:00:00,108731.0,80.0,False,80.0
2024-02-22 12:00:00,108811.0,80.0,False,80.0
2024-02-22 13:00:00,108881.0,70.0,False,70.0
2024-02-22 14:00:00,108951.0,70.0,False,70.0
2024-02-22 15:00:00,109025.0,74.0,False,74.0
2024-02-22 16:00:00,109100.0,75.0,False,75.0
2024-02-22 17:00:00,109169.0,69.0,False,69.0
2024-02-22 18:00:00,109234.0,65.0,False,65.0
2024-02-22 19:00:00,109293.0,59.0,False,59.0
2024-02-22 20:00:00,109347.0,54.0,False,54.0
2024-02-22 21:00:00,109399.0,52.0,False,52.0
2024-02-22 22:00:00,109443.0,44.0,False,44.0
2024-02-22 23:00:00,109484.0,41.0,False,41.0
2024-02-23 00:00:00,109514.0,30.0,False,30.0
2024-02-23 01:00:00,109540.0,26.0,False,26.0
2024-02-23 02:00:00,109561.0,21.0,False,21.0
2024-02-23 03:00:00,109581.0,20.0,False,20.0
2024-02-23 04:00:00,109601.0,20.0,False,20.0
2024-02-23 05:00:00,109623.0,22.0,False,22.0
2024-02-23 06:00:00,109643.0,20.0,False,20.0
2024-02-23 07:00:00,109664.0,21.0,False,21.0
2024-02-23 08:00:00,109685.0,21.0,False,21.0
2024-02-23 09:00:00,109717.0,32.0,False,32.0
2024-02-23 10:00:00,109789.0,72.0,False,72.0
2024-02-23 11:00:00,109880.0,91.0,False,91.0
2024-02-23 12:00:00,109970.0,90.0,False,90.0
2024-02-23 13:00:00,110045.0,75.0,False,75.0
2024-02-23 14:00:00,110123.0,78.0,False,78.0
2024-02-23 15:00:00,110211.0,88.0,False,88.0
2024-02-23 16:00:00,110302.0,91.0,False,91.0
2024-02-23 17:00:00,110390.0,88.0,False,88.0
2024-02-23 18:00:00,110462.0,72.0,False,72.0
2024-02-23 19:00:00,110520.0,58.0,False,58.0
2024-02-23 20:00:00,110574.0,54.0,False,54.0
2024-02-23 21:00:00,110626.0,52.0,False,52.0
2024-02-23 22:00:00,110681.0,55.0,False,55.0
2024-02-23 23:00:00,110729.0,48.0,False,48.0
2024-02-24 00:00:00,110775.0,46.0,False,46.0
2024-02-24 01:00:00,110809.0,34.0,False,34.0
2024-02-24 02:00:00,110838.0,29.0,False,29.0
2024-02-24 03:00:00,110861.0,23.0,False,23.0
2024-02-24 04:00:00,110882.0,21.0,False,21.0
2024-02-24 05:00:00,110903.0,21.0,False,21.0
2024-02-24 06:00:00,110925.0,22.0,False,22.0
2024-02-24 07:00:00,110946.0,21.0,False,21.0
2024-02-24 08:00:00,110969.0,23.0,False,23.0
2024-02-24 09:00:00,110996.0,27.0,False,27.0
2024-02-24 10:00:00,111031.0,35.0,False,35.0
2024-02-24 11:00:00,111070.0,39.0,False,39.0
2024-02-24 12:00:00,111113.0,43.0,False,43.0
2024-02-24 13:00:00,111149.0,36.0,False,36.0
2024-02-24 14:00:00,111184.0,35.0,False,35.0
2024-02-24 15:00:00,111220.0,36.0,False,36.0
2024-02-24 16:00:00,111259.0,39.0,False,39.0
2024-02-24 17:00:00,111299.0,40.0,False,40.0
2024-02-24 18:00:00,111342.0,43.0,False,43.0
2024-02-24 19:00:00,111390.0,48.0,False,48.0
2024-02-24 20:00:00,111440.0,50.0,False,50.0
2024-02-24 21:00:00,111484.0,44.0,False,44.0
2024-02-24 22:00:00,111529.0,45.0,False,45.0
2024-02-24 23:00:00,111570.0,41.0,False,41.0
2024-02-25 00:00:00,111606.0,36.0,False,36.0
2024-02-25 01:00:00,111637.0,31.0,False,31.0
2024-02-25 02:00:00,111663.0,26.0,False,26.0
2024-02-25 03:00:00,111692.0,29.0,False,29.0
2024-02-25 04:00:00,111718.0,26.0,False,26.0
2024-02-25 05:00:00,111743.0,25.0,False,25.0
2024-02-25 06:00:00,111771.0,28.0,False,28.0
2024-02-25 07:00:00,111796.0,25.0,False,25.0
2024-02-25 08:00:00,111822.0,26.0,False,26.0
2024-02-25 09:00:00,111856.0,34.0,False,34.0
2024-02-25 10:00:00,111908.0,52.0,False,52.0
2024-02-25 11:00:00,111965.0,57.0,False,57.0
2024-02-25 12:00:00,112015.0,50.0,False,50.0
2024-02-25 13:00:00,112062.0,47.0,False,47.0
2024-02-25 14:00:00,112107.0,45.0,False,45.0
2024-02-25 15:00:00,112154.0,47.0,False,47.0
2024-02-25 16:00:00,112204.0,50.0,False,50.0
2024-02-25 17:00:00,112254.0,50.0,False,50.0
2024-02-25 18:00:00,112297.0,43.0,False,43.0
2024-02-25 19:00:00,112336.0,39.0,False,39.0
2024-02-25 20:00:00,112381.0,45.0,False,45.0
2024-02-25 21:00:00,112423.0,42.0,False,42.0
2024-02-25 22:00:00,112465.0,42.0,False,42.0
2024-02-25 23:00:00,112506.0,41.0,False,41.0
2024-02-26 00:00:00,112541.0,35.0,False,35.0
2024-02-26 01:00:00,112569.0,28.0,False,28.0
2024-02-26 02:00:00,112595.0,26.0,False,26.0
2024-02-26 03:00:00,112622.0,27.0,False,27.0
2024-02-26 04:00:00,112648.0,26.0,False,26.0
2024-02-26 05:00:00,112673.0,25.0,False,25.0
2024-02-26 06:00:00,112701.0,28.0,False,28.0
2024-02-26 07:00:00,112726.0,25.0,False,25.0
2024-02-26 08:00:00,112759.0,33.0,False,33.0
2024-02-26 09:00:00,112816.0,57.0,False,57.0
2024-02-26 10:00:00,112898.0,82.0,False,82.0
2024-02-26 11:00:00,112995.0,97.0,False,97.0
2024-02-26 12:00:00,113092.0,97.0,False,97.0
2024-02-26 13:00:00,113173.0,81.0,False,81.0
2024-02-26 14:00:00,113251.0,78.0,False,78.0
2024-02-26 15:00:00,113339.0,88.0,False,88.0
2024-02-26 16:00:00,113440.0,101.0,False,101.0
2024-02-26 17:00:00,113538.0,98.0,False,98.0
2024-02-26 18:00:00,113624.0,86.0,False,86.0
2024-02-26 19:00:00,113690.0,66.0,False,66.0
2024-02-26 20:00:00,113748.0,58.0,False,58.0
2024-02-26 21:00:00,113803.0,55.0,False,55.0
2024-02-26 22:00:00,113859.0,56.0,False,56.0
2024-02-26 23:00:00,113912.0,53.0,False,53.0
2024-02-27 00:00:00,113959.0,47.0,False,47.0
2024-02-27 01:00:00,114003.0,44.0,False,44.0
2024-02-27 02:00:00,114040.0,37.0,False,37.0
2024-02-27 03:00:00,114076.0,36.0,False,36.0
2024-02-27 04:00:00,114106.0,30.0,False,30.0
2024-02-27 05:00:00,114137.0,31.0,False,31.0
2024-02-27 06:00:00,114168.0,31.0,False,31.0
2024-02-27 07:00:00,114200.0,32.0,False,32.0
2024-02-27 08:00:00,114235.0,35.0,False,35.0
2024-02-27 09:00:00,114289.0,54.0,False,54.0
2024-02-27 10:00:00,114365.0,76.0,False,76.0
2024-02-27 11:00:00,114450.0,85.0,False,85.0
2024-02-27 12:00:00,114534.0,84.0,False,84.0
2024-02-27 13:00:00,114607.0,73.0,False,73.0
2024-02-27 14:00:00,114676.0,69.0,False,69.0
2024-02-27 15:00:00,114750.0,74.0,False,74.0
2024-02-27 16:00:00,114836.0,86.0,False,86.0
2024-02-27 17:00:00,114924.0,88.0,False,88.0
2024-02-27 18:00:00,114994.0,70.0,False,70.0
2024-02-27 19:00:00,115045.0,51.0,False,51.0
2024-02-27 20:00:00,,,False,49.71
2024-02-27 21:00:00,,,False,47.86
2024-02-27 22:00:00,,,False,47.14
2024-02-27 23:00:00,,,False,42.57
2024-02-28 00:00:00,,,False,36.29
2024-02-28 01:00:00,,,False,30.86
2024-02-28 02:00:00,,,False,26.71
2024-02-28 03:00:00,,,False,25.86
2024-02-28 04:00:00,,,False,24.14
2024-02-28 05:00:00,,,False,24.57
2024-02-28 06:00:00,,,False,24.43
2024-02-28 07:00:00,,,False,24.43
2024-02-28 08:00:00,,,False,26.43
2024-02-28 09:00:00,,,False,38.43
2024-02-28 10:00:00,,,False,63.14
2024-02-28 11:00:00,,,False,74.83
2024-02-28 12:00:00,115814.0,,False,74.0
2024-02-28 13:00:00,115882.0,68.0,False,68.0
2024-02-28 14:00:00,115950.0,68.0,False,68.0
2024-02-28 15:00:00,116035.0,85.0,False,85.0
2024-02-28 16:00:00,116120.0,85.0,False,85.0
2024-02-28 17:00:00,116206.0,86.0,False,86.0
2024-02-28 18:00:00,116285.0,79.0,False,79.0
2024-02-28 19:00:00,116347.0,62.0,False,62.0
2024-02-28 20:00:00,116403.0,56.0,False,56.0
2024-02-28 21:00:00,116455.0,52.0,False,52.0
2024-02-28 22:00:00,116506.0,51.0,False,51.0
2024-02-28 23:00:00,116552.0,46.0,False,46.0
2024-02-29 00:00:00,116588.0,36.0,False,36.0
2024-02-29 01:00:00,116618.0,30.0,False,30.0
2024-02-29 02:00:00,116645.0,27.0,False,27.0
2024-02-29 03:00:00,116672.0,27.0,False,27.0
2024-02-29 04:00:00,116697.0,25.0,False,25.0
2024-02-29 05:00:00,116722.0,25.0,False,25.0
2024-02-29 06:00:00,116750.0,28.0,False,28.0
2024-02-29 07:00:00,116776.0,26.0,False,26.0
2024-02-29 08:00:00,116803.0,27.0,False,27.0
2024-02-29 09:00:00,116859.0,56.0,False,56.0
2024-02-29 10:00:00,116941.0,82.0,False,82.0
2024-02-29 11:00:00,117026.0,85.0,False,85.0
2024-02-29 12:00:00,117112.0,86.0,False,86.0
2024-02-29 13:00:00,117191.0,79.0,False,79.0
2024-02-29 14:00:00,117266.0,75.0,False,75.0
2024-02-29 15:00:00,117354.0,88.0,False,88.0
2024-02-29 16:00:00,117446.0,92.0,False,92.0
2024-02-29 17:00:00,117538.0,92.0,False,92.0
2024-02-29 18:00:00,117621.0,83.0,False,83.0
2024-02-29 19:00:00,117691.0,70.0,False,70.0
2024-02-29 20:00:00,117754.0,63.0,False,63.0
2024-02-29 21:00:00,117817.0,63.0,False,63.0
2024-02-29 22:00:00,117871.0,54.0,False,54.0
2024-02-29 23:00:00,117918.0,47.0,False,47.0
2024-03-01 00:00:00,117962.0,44.0,False,44.0
2024-03-01 01:00:00,118003.0,41.0,False,41.0
2024-03-01 02:00:00,118037.0,34.0,False,34.0
2024-03-01 03:00:00,118067.0,30.0,False,30.0
2024-03-01 04:00:00,118099.0,32.0,False,32.0
2024-03-01 05:00:00,118131.0,32.0,False,32.0
2024-03-01 06:00:00,118162.0,31.0,False,31.0
2024-03-01 07:00:00,118192.0,30.0,False,30.0
2024-03-01 08:00:00,118229.0,37.0,False,37.0
2024-03-01 09:00:00,118286.0,57.0,False,57.0
2024-03-01 10:00:00,118362.0,76.0,False,76.0
2024-03-01 11:00:00,118450.0,88.0,False,88.0
2024-03-01 12:00:00,118549.0,99.0,False,99.0
2024-03-01 13:00:00,118630.0,81.0,False,81.0
2024-03-01 14:00:00,118709.0,79.0,False,79.0
2024-03-01 15:00:00,118792.0,83.0,False,83.0
2024-03-01 16:00:00,118877.0,85.0,False,85.0
2024-03-01 17:00:00,118967.0,90.0,False,90.0
2024-03-01 18:00:00,119046.0,79.0,False,79.0
2024-03-01 19:00:00,119106.0,60.0,False,60.0
2024-03-01 20:00:00,119157.0,51.0,False,51.0
2024-03-01 21:00:00,119203.0,46.0,False,46.0
2024-03-01 22:00:00,119241.0,38.0,False,38.0
2024-03-01 23:00:00,119281.0,40.0,False,40.0
2024-03-02 00:00:00,119311.0,30.0,False,30.0
2024-03-02 01:00:00,119335.0,24.0,False,24.0
2024-03-02 02:00:00,119359.0,24.0,False,24.0
2024-03-02 03:00:00,119386.0,27.0,False,27.0
2024-03-02 04:00:00,119408.0,22.0,False,22.0
2024-03-02 05:00:00,119431.0,23.0,False,23.0
2024-03-02 06:00:00,119455.0,24.0,False,24.0
2024-03-02 07:00:00,119480.0,25.0,False,25.0
2024-03-02 08:00:00,119499.0,19.0,False,19.0
2024-03-02 09:00:00,119521.0,22.0,False,22.0
2024-03-02 10:00:00,119544.0,23.0,False,23.0
2024-03-02 11:00:00,119567.0,23.0,False,23.0
2024-03-02 12:00:00,119591.0,24.0,False,24.0
2024-03-02 13:00:00,119616.0,25.0,False,25.0
2024-03-02 14:00:00,119644.0,28.0,False,28.0
2024-03-02 15:00:00,119673.0,29.0,False,29.0
2024-03-02 16:00:00,119705.0,32.0,False,32.0
2024-03-02 17:00:00,119737.0,32.0,False,32.0
2024-03-02 18:00:00,119771.0,34.0,False,34.0
2024-03-02 19:00:00,119802.0,31.0,False,31.0
2024-03-02 20:00:00,119834.0,32.0,False,32.0
2024-03-02 21:00:00,119865.0,31.0,False,31.0
2024-03-02 22:00:00,119897.0,32.0,False,32.0
2024-03-02 23:00:00,119927.0,30.0,False,30.0
2024-03-03 00:00:00,119954.0,27.0,False,27.0
2024-03-03 01:00:00,119975.0,21.0,False,21.0
2024-03-03 02:00:00,119994.0,19.0,False,19.0
2024-03-03 03:00:00,120011.0,17.0,False,17.0
2024-03-03 04:00:00,120028.0,17.0,False,17.0
2024-03-03 05:00:00,120044.0,16.0,False,16.0
2024-03-03 06:00:00,120061.0,17.0,False,17.0
2024-03-03 07:00:00,120077.0,16.0,False,16.0
2024-03-03 08:00:00,120094.0,17.0,False,17.0
2024-03-03 09:00:00,120113.0,19.0,False,19.0
2024-03-03 10:00:00,120138.0,25.0,False,25.0
2024-03-03 11:00:00,120170.0,32.0,False,32.0
2024-03-03 12:00:00,120205.0,35.0,False,35.0
2024-03-03 13:00:00,120238.0,33.0,False,33.0
2024-03-03 14:00:00,120268.0,30.0,False,30.0
2024-03-03 15:00:00,120297.0,29.0,False,29.0
2024-03-03 16:00:00,120327.0,30.0,False,30.0
2024-03-03 17:00:00,120354.0,27.0,False,27.0
2024-03-03 18:00:00,120387.0,33.0,False,33.0
2024-03-03 19:00:00,120420.0,33.0,False,33.0
2024-03-03 20:00:00,120456.0,36.0,False,36.0
2024-03-03 21:00:00,120492.0,36.0,False,36.0
2024-03-03 22:00:00,120525.0,33.0,False,33.0
2024-03-03 23:00:00,120556.0,31.0,False,31.0
2024-03-04 00:00:00,120586.0,30.0,False,30.0
2024-03-04 01:00:00,120612.0,26.0,False,26.0
2024-03-04 02:00:00,120638.0,26.0,False,26.0
2024-03-04 03:00:00,120663.0,25.0,False,25.0
2024-03-04 04:00:00,120690.0,27.0,False,27.0
2024-03-04 05:00:00,120716.0,26.0,False,26.0
2024-03-04 06:00:00,120741.0,25.0,False,25.0
2024-03-04 07:00:00,120766.0,25.0,False,25.0
2024-03-04 08:00:00,120797.0,31.0,False,31.0
2024-03-04 09:00:00,120846.0,49.0,False,49.0
2024-03-04 10:00:00,120911.0,65.0,False,65.0
2024-03-04 11:00:00,120989.0,78.0,True,68.33
2024-03-04 12:00:00,121065.0,76.0,True,70.83
2024-03-04 13:00:00,121140.0,75.0,True,62.86
2024-03-04 14:00:00,121211.0,71.0,True,61.0
2024-03-04 15:00:00,121294.0,83.0,True,68.0
2024-03-04 16:00:00,121380.0,86.0,True,73.0
2024-03-04 17:00:00,121466.0,86.0,True,73.29
2024-03-04 18:00:00,121535.0,69.0,False,69.0
2024-03-04 19:00:00,121592.0,57.0,False,57.0
2024-03-04 20:00:00,121644.0,52.0,False,52.0
2024-03-04 21:00:00,121695.0,51.0,False,51.0
2024-03-04 22:00:00,121738.0,43.0,False,43.0
2024-03-04 23:00:00,121778.0,40.0,False,40.0
2024-03-05 00:00:00,121815.0,37.0,False,37.0
2024-03-05 01:00:00,121851.0,36.0,False,36.0
2024-03-05 02:00:00,121881.0,30.0,False,30.0
2024-03-05 03:00:00,121910.0,29.0,False,29.0
2024-03-05 04:00:00,121941.0,31.0,False,31.0
2024-03-05 05:00:00,121973.0,32.0,False,32.0
2024-03-05 06:00:00,122002.0,29.0,False,29.0
2024-03-05 07:00:00,122031.0,29.0,False,29.0
2024-03-05 08:00:00,122066.0,35.0,False,35.0
2024-03-05 09:00:00,122124.0,58.0,False,58.0
2024-03-05 10:00:00,122202.0,78.0,True,57.83
2024-03-05 11:00:00,122292.0,90.0,True,62.6
2024-03-05 12:00:00,122370.0,78.0,True,65.6
2024-03-05 13:00:00,122445.0,75.0,True,59.83
2024-03-05 14:00:00,122517.0,72.0,True,58.17
2024-03-05 15:00:00,122596.0,79.0,True,64.67
2024-03-05 16:00:00,122674.0,78.0,True,68.33
2024-03-05 17:00:00,122750.0,76.0,True,69.17
2024-03-05 18:00:00,122825.0,75.0,True,63.86
2024-03-05 19:00:00,122887.0,62.0,False,62.0
2024-03-05 20:00:00,122947.0,60.0,False,60.0
2024-03-05 21:00:00,123005.0,58.0,False,58.0
2024-03-05 22:00:00,123054.0,49.0,False,49.0
2024-03-05 23:00:00,123101.0,47.0,False,47.0
2024-03-06 00:00:00,123139.0,38.0,False,38.0
2024-03-06 01:00:00,123167.0,28.0,False,28.0
2024-03-06 02:00:00,123193.0,26.0,False,26.0
2024-03-06 03:00:00,123218.0,25.0,False,25.0
2024-03-06 04:00:00,123245.0,27.0,False,27.0
2024-03-06 05:00:00,123273.0,28.0,False,28.0
2024-03-06 06:00:00,123297.0,24.0,False,24.0
2024-03-06 07:00:00,123323.0,26.0,False,26.0
2024-03-06 08:00:00,123352.0,29.0,False,29.0
2024-03-06 09:00:00,123403.0,51.0,False,51.0
2024-03-06 10:00:00,123465.0,62.0,False,62.0
2024-03-06 11:00:00,123527.0,62.0,False,62.0
2024-03-06 12:00:00,123590.0,63.0,False,63.0
2024-03-06 13:00:00,123646.0,56.0,False,56.0
2024-03-06 14:00:00,123696.0,50.0,False,50.0
2024-03-06 15:00:00,123755.0,59.0,False,59.0
2024-03-06 16:00:00,123818.0,63.0,False,63.0
2024-03-06 17:00:00,123888.0,70.0,False,70.0
2024-03-06 18:00:00,123949.0,61.0,False,61.0
2024-03-06 19:00:00,124005.0,56.0,False,56.0
2024-03-06 20:00:00,124062.0,57.0,False,57.0
2024-03-06 21:00:00,124126.0,64.0,False,64.0
2024-03-06 22:00:00,124187.0,61.0,False,61.0
2024-03-06 23:00:00,124238.0,51.0,False,51.0
2024-03-07 00:00:00,124282.0,44.0,False,44.0
2024-03-07 01:00:00,124318.0,36.0,False,36.0
2024-03-07 02:00:00,124347.0,29.0,False,29.0
2024-03-07 03:00:00,124376.0,29.0,False,29.0
2024-03-07 04:00:00,124406.0,30.0,False,30.0
2024-03-07 05:00:00,124436.0,30.0,False,30.0
2024-03-07 06:00:00,124463.0,27.0,False,27.0
2024-03-07 07:00:00,124488.0,25.0,False,25.0
2024-03-07 08:00:00,124517.0,29.0,False,29.0
2024-03-07 09:00:00,124563.0,46.0,False,46.0
2024-03-07 10:00:00,124623.0,60.0,False,60.0
2024-03-07 11:00:00,124695.0,72.0,False,72.0
2024-03-07 12:00:00,124762.0,67.0,False,67.0
2024-03-07 13:00:00,124828.0,66.0,False,66.0
2024-03-07 14:00:00,124886.0,58.0,False,58.0
2024-03-07 15:00:00,124948.0,62.0,False,62.0
2024-03-07 16:00:00,125009.0,61.0,False,61.0
2024-03-07 17:00:00,125070.0,61.0,False,61.0
2024-03-07 18:00:00,125125.0,55.0,False,55.0
2024-03-07 19:00:00,125179.0,54.0,False,54.0
2024-03-07 20:00:00,125237.0,58.0,False,58.0
2024-03-07 21:00:00,125292.0,55.0,False,55.0
2024-03-07 22:00:00,125339.0,47.0,False,47.0
2024-03-07 23:00:00,125373.0,34.0,False,34.0
2024-03-08 00:00:00,125400.0,27.0,False,27.0
2024-03-08 01:00:00,125424.0,24.0,False,24.0
2024-03-08 02:00:00,125446.0,22.0,False,22.0
2024-03-08 03:00:00,125469.0,23.0,False,23.0
2024-03-08 04:00:00,125491.0,22.0,False,22.0
2024-03-08 05:00:00,125513.0,22.0,False,22.0
2024-03-08 06:00:00,125535.0,22.0,False,22.0
2024-03-08 07:00:00,125557.0,22.0,False,22.0
2024-03-08 08:00:00,125582.0,25.0,False,25.0
2024-03-08 09:00:00,125629.0,47.0,False,47.0
2024-03-08 10:00:00,125689.0,60.0,False,60.0
2024-03-08 11:00:00,125757.0,68.0,False,68.0
2024-03-08 12:00:00,125821.0,64.0,False,64.0
2024-03-08 13:00:00,125880.0,59.0,False,59.0
2024-03-08 14:00:00,125937.0,57.0,False,57.0
2024-03-08 15:00:00,126003.0,66.0,False,66.0
2024-03-08 16:00:00,126071.0,68.0,False,68.0
2024-03-08 17:00:00,126131.0,60.0,False,60.0
2024-03-08 18:00:00,126192.0,61.0,False,61.0
2024-03-08 19:00:00,126253.0,61.0,False,61.0
2024-03-08 20:00:00,126304.0,51.0,False,51.0
2024-03-08 21:00:00,126350.0,46.0,False,46.0
2024-03-08 22:00:00,126395.0,45.0,False,45.0
2024-03-08 23:00:00,126427.0,32.0,False,32.0
2024-03-09 00:00:00,126453.0,26.0,False,26.0
2024-03-09 01:00:00,126477.0,24.0,False,24.0
2024-03-09 02:00:00,126502.0,25.0,False,25.0
2024-03-09 03:00:00,126526.0,24.0,False,24.0
2024-03-09 04:00:00,126550.0,24.0,False,24.0
2024-03-09 05:00:00,126574.0,24.0,False,24.0
2024-03-09 06:00:00,126599.0,25.0,False,25.0
2024-03-09 07:00:00,126623.0,24.0,False,24.0
2024-03-09 08:00:00,126648.0,25.0,False,25.0
2024-03-09 09:00:00,126672.0,24.0,False,24.0
2024-03-09 10:00:00,126703.0,31.0,False,31.0
2024-03-09 11:00:00,126735.0,32.0,False,32.0
2024-03-09 12:00:00,126769.0,34.0,False,34.0
2024-03-09 13:00:00,126802.0,33.0,False,33.0
2024-03-09 14:00:00,126842.0,40.0,False,40.0
2024-03-09 15:00:00,126884.0,42.0,False,42.0
2024-03-09 16:00:00,126926.0,42.0,False,42.0
2024-03-09 17:00:00,126968.0,42.0,False,42.0
2024-03-09 18:00:00,127007.0,39.0,False,39.0
2024-03-09 19:00:00,127048.0,41.0,False,41.0
2024-03-09 20:00:00,127091.0,43.0,False,43.0
2024-03-09 21:00:00,127136.0,45.0,False,45.0
2024-03-09 22:00:00,127184.0,48.0,False,48.0
2024-03-09 23:00:00,127221.0,37.0,False,37.0
2024-03-10 00:00:00,127252.0,31.0,False,31.0
2024-03-10 01:00:00,127282.0,30.0,False,30.0
2024-03-10 02:00:00,127311.0,29.0,False,29.0
2024-03-10 03:00:00,127337.0,26.0,False,26.0
2024-03-10 04:00:00,127364.0,27.0,False,27.0
2024-03-10 05:00:00,127391.0,27.0,False,27.0
2024-03-10 06:00:00,127417.0,26.0,False,26.0
2024-03-10 07:00:00,127444.0,27.0,False,27.0
2024-03-10 08:00:00,127469.0,25.0,False,25.0
2024-03-10 09:00:00,127498.0,29.0,False,29.0
2024-03-10 10:00:00,127529.0,31.0,False,31.0
2024-03-10 11:00:00,127562.0,33.0,False,33.0
2024-03-10 12:00:00,127594.0,32.0,False,32.0
2024-03-10 13:00:00,127630.0,36.0,False,36.0
2024-03-10 14:00:00,127665.0,35.0,False,35.0
2024-03-10 15:00:00,127702.0,37.0,False,37.0
2024-03-10 16:00:00,127740.0,38.0,False,38.0
2024-03-10 17:00:00,127783.0,43.0,False,43.0
2024-03-10 18:00:00,127830.0,47.0,False,47.0
2024-03-10 19:00:00,127878.0,48.0,False,48.0
2024-03-10 20:00:00,127924.0,46.0,False,46.0
2024-03-10 21:00:00,127977.0,53.0,False,53.0
2024-03-10 22:00:00,128029.0,52.0,False,52.0
2024-03-10 23:00:00,128082.0,53.0,False,53.0
2024-03-11 00:00:00,128112.0,30.0,False,30.0
2024-03-11 01:00:00,128142.0,30.0,False,30.0
2024-03-11 02:00:00,128166.0,24.0,False,24.0
2024-03-11 03:00:00,128191.0,25.0,False,25.0
2024-03-11 04:00:00,128214.0,23.0,False,23.0
2024-03-11 05:00:00,128241.0,27.0,False,27.0
2024-03-11 06:00:00,128265.0,24.0,False,24.0
2024-03-11 07:00:00,128289.0,24.0,False,24.0
2024-03-11 08:00:00,128315.0,26.0,False,26.0
2024-03-11 09:00:00,128358.0,43.0,False,43.0
2024-03-11 10:00:00,128412.0,54.0,False,54.0
2024-03-11 11:00:00,128470.0,58.0,False,58.0
2024-03-11 12:00:00,128531.0,61.0,False,61.0
2024-03-11 13:00:00,128595.0,64.0,False,64.0
2024-03-11 14:00:00,128662.0,67.0,False,67.0
2024-03-11 15:00:00,128740.0,78.0,False,78.0
2024-03-11 16:00:00,128821.0,81.0,True,54.4
2024-03-11 17:00:00,128909.0,88.0,True,55.2
2024-03-11 18:00:00,128984.0,75.0,False,75.0
2024-03-11 19:00:00,129037.0,53.0,False,53.0
2024-03-11 20:00:00,129086.0,49.0,False,49.0
2024-03-11 21:00:00,129128.0,42.0,False,42.0
2024-03-11 22:00:00,129169.0,41.0,False,41.0
2024-03-11 23:00:00,129206.0,37.0,False,37.0
2024-03-12 00:00:00,129243.0,37.0,False,37.0
2024-03-12 01:00:00,129272.0,29.0,False,29.0
2024-03-12 02:00:00,129299.0,27.0,False,27.0
2024-03-12 03:00:00,129324.0,25.0,False,25.0
2024-03-12 04:00:00,129353.0,29.0,False,29.0
2024-03-12 05:00:00,129379.0,26.0,False,26.0
2024-03-12 06:00:00,129405.0,26.0,False,26.0
2024-03-12 07:00:00,129431.0,26.0,False,26.0
2024-03-12 08:00:00,129462.0,31.0,False,31.0
2024-03-12 09:00:00,129512.0,50.0,False,50.0
2024-03-12 10:00:00,129570.0,58.0,False,58.0
2024-03-12 11:00:00,129632.0,62.0,False,62.0
2024-03-12 12:00:00,129697.0,65.0,False,65.0
2024-03-12 13:00:00,129757.0,60.0,False,60.0
2024-03-12 14:00:00,129814.0,57.0,False,57.0
2024-03-12 15:00:00,129873.0,59.0,False,59.0
2024-03-12 16:00:00,129933.0,60.0,False,60.0
2024-03-12 17:00:00,129993.0,60.0,False,60.0
2024-03-12 18:00:00,130050.0,57.0,False,57.0
2024-03-12 19:00:00,130099.0,49.0,False,49.0
2024-03-12 20:00:00,130142.0,43.0,False,43.0
2024-03-12 21:00:00,130176.0,34.0,False,34.0
2024-03-12 22:00:00,130209.0,33.0,False,33.0
2024-03-12 23:00:00,130236.0,27.0,False,27.0
2024-03-13 00:00:00,130257.0,21.0,False,21.0
2024-03-13 01:00:00,130277.0,20.0,False,20.0
2024-03-13 02:00:00,130296.0,19.0,False,19.0
2024-03-13 03:00:00,130315.0,19.0,False,19.0
2024-03-13 04:00:00,130334.0,19.0,False,19.0
2024-03-13 05:00:00,130353.0,19.0,False,19.0
2024-03-13 06:00:00,130372.0,19.0,False,19.0
2024-03-13 07:00:00,130391.0,19.0,False,19.0
2024-03-13 08:00:00,130412.0,21.0,False,21.0
2024-03-13 09:00:00,130455.0,43.0,False,43.0
2024-03-13 10:00:00,130510.0,55.0,False,55.0
2024-03-13 11:00:00,130573.0,63.0,False,63.0
2024-03-13 12:00:00,130636.0,63.0,False,63.0
2024-03-13 13:00:00,130694.0,58.0,False,58.0
2024-03-13 14:00:00,130745.0,51.0,False,51.0
2024-03-13 15:00:00,130806.0,61.0,False,61.0
2024-03-13 16:00:00,130863.0,57.0,False,57.0
2024-03-13 17:00:00,130922.0,59.0,False,59.0
2024-03-13 18:00:00,130978.0,56.0,False,56.0
2024-03-13 19:00:00,131025.0,47.0,False,47.0
2024-03-13 20:00:00,131068.0,43.0,False,43.0
2024-03-13 21:00:00,131111.0,43.0,False,43.0
2024-03-13 22:00:00,131153.0,42.0,False,42.0
2024-03-13 23:00:00,131187.0,34.0,False,34.0
2024-03-14 00:00:00,131216.0,29.0,False,29.0
2024-03-14 01:00:00,131242.0,26.0,False,26.0
2024-03-14 02:00:00,131269.0,27.0,False,27.0
2024-03-14 03:00:00,131292.0,23.0,False,23.0
2024-03-14 04:00:00,131316.0,24.0,False,24.0
2024-03-14 05:00:00,131339.0,23.0,False,23.0
2024-03-14 06:00:00,131365.0,26.0,False,26.0
2024-03-14 07:00:00,131390.0,25.0,False,25.0
2024-03-14 08:00:00,131417.0,27.0,False,27.0
2024-03-14 09:00:00,131462.0,45.0,False,45.0
2024-03-14 10:00:00,131515.0,53.0,False,53.0
2024-03-14 11:00:00,131581.0,66.0,False,66.0
2024-03-14 12:00:00,131645.0,64.0,False,64.0
2024-03-14 13:00:00,131697.0,52.0,False,52.0
2024-03-14 14:00:00,131750.0,53.0,False,53.0
2024-03-14 15:00:00,131820.0,70.0,False,70.0
2024-03-14 16:00:00,131890.0,70.0,False,70.0
2024-03-14 17:00:00,131955.0,65.0,False,65.0
2024-03-14 18:00:00,132018.0,63.0,False,63.0
2024-03-14 19:00:00,132072.0,54.0,False,54.0
2024-03-14 20:00:00,132125.0,53.0,False,53.0
2024-03-14 21:00:00,132174.0,49.0,False,49.0
2024-03-14 22:00:00,132213.0,39.0,False,39.0
2024-03-14 23:00:00,132253.0,40.0,False,40.0
2024-03-15 00:00:00,132289.0,36.0,False,36.0
2024-03-15 01:00:00,132318.0,29.0,False,29.0
2024-03-15 02:00:00,132346.0,28.0,False,28.0
2024-03-15 03:00:00,132373.0,27.0,False,27.0
2024-03-15 04:00:00,132405.0,32.0,False,32.0
2024-03-15 05:00:00,132432.0,27.0,False,27.0
2024-03-15 06:00:00,132460.0,28.0,False,28.0
2024-03-15 07:00:00,132487.0,27.0,False,27.0
2024-03-15 08:00:00,132518.0,31.0,False,31.0
2024-03-15 09:00:00,132566.0,48.0,False,48.0
2024-03-15 10:00:00,132628.0,62.0,False,62.0
2024-03-15 11:00:00,132696.0,68.0,False,68.0
2024-03-15 12:00:00,132757.0,61.0,False,61.0
2024-03-15 13:00:00,132807.0,50.0,False,50.0
2024-03-15 14:00:00,132860.0,53.0,False,53.0
2024-03-15 15:00:00,132921.0,61.0,False,61.0
2024-03-15 16:00:00,132982.0,61.0,False,61.0
2024-03-15 17:00:00,133034.0,52.0,False,52.0
2024-03-15 18:00:00,133088.0,54.0,False,54.0
2024-03-15 19:00:00,133137.0,49.0,False,49.0
2024-03-15 20:00:00,133184.0,47.0,False,47.0
2024-03-15 21:00:00,133232.0,48.0,False,48.0
2024-03-15 22:00:00,133278.0,46.0,False,46.0
2024-03-15 23:00:00,133317.0,39.0,False,39.0
2024-03-16 00:00:00,133347.0,30.0,False,30.0
2024-03-16 01:00:00,133375.0,28.0,False,28.0
2024-03-16 02:00:00,133402.0,27.0,False,27.0
2024-03-16 03:00:00,133432.0,30.0,False,30.0
2024-03-16 04:00:00,133458.0,26.0,False,26.0
2024-03-16 05:00:00,133484.0,26.0,False,26.0
2024-03-16 06:00:00,133510.0,26.0,False,26.0
2024-03-16 07:00:00,133535.0,25.0,False,25.0
2024-03-16 08:00:00,133561.0,26.0,False,26.0
2024-03-16 09:00:00,133596.0,35.0,False,35.0
2024-03-16 10:00:00,133626.0,30.0,False,30.0
2024-03-16 11:00:00,133658.0,32.0,False,32.0
2024-03-16 12:00:00,133690.0,32.0,False,32.0
2024-03-16 13:00:00,133725.0,35.0,False,35.0
2024-03-16 14:00:00,133761.0,36.0,False,36.0
2024-03-16 15:00:00,133801.0,40.0,False,40.0
2024-03-16 16:00:00,133840.0,39.0,False,39.0
2024-03-16 17:00:00,133881.0,41.0,False,41.0
2024-03-16 18:00:00,133922.0,41.0,False,41.0
2024-03-16 19:00:00,133961.0,39.0,False,39.0
2024-03-16 20:00:00,134002.0,41.0,False,41.0
2024-03-16 21:00:00,134045.0,43.0,False,43.0
2024-03-16 22:00:00,134082.0,37.0,False,37.0
2024-03-16 23:00:00,134116.0,34.0,False,34.0
2024-03-17 00:00:00,134147.0,31.0,False,31.0
2024-03-17 01:00:00,134174.0,27.0,False,27.0
2024-03-17 02:00:00,134204.0,30.0,False,30.0
2024-03-17 03:00:00,134229.0,25.0,False,25.0
2024-03-17 04:00:00,134254.0,25.0,False,25.0
2024-03-17 05:00:00,134279.0,25.0,False,25.0
2024-03-17 06:00:00,134304.0,25.0,False,25.0
2024-03-17 07:00:00,134331.0,27.0,False,27.0
2024-03-17 08:00:00,134360.0,29.0,False,29.0
2024-03-17 09:00:00,134388.0,28.0,False,28.0
2024-03-17 10:00:00,134420.0,32.0,False,32.0
2024-03-17 11:00:00,134455.0,35.0,False,35.0
2024-03-17 12:00:00,134492.0,37.0,False,37.0
2024-03-17 13:00:00,134528.0,36.0,False,36.0
2024-03-17 14:00:00,134569.0,41.0,False,41.0
2024-03-17 15:00:00,134614.0,45.0,False,45.0
2024-03-17 16:00:00,134670.0,56.0,False,56.0
2024-03-17 17:00:00,134731.0,61.0,False,61.0
2024-03-17 18:00:00,134794.0,63.0,False,63.0
2024-03-17 19:00:00,134834.0,40.0,False,40.0
2024-03-17 20:00:00,134871.0,37.0,False,37.0
2024-03-17 21:00:00,134913.0,42.0,False,42.0
2024-03-17 22:00:00,134953.0,40.0,False,40.0
2024-03-17 23:00:00,134991.0,38.0,False,38.0
2024-03-18 00:00:00,135023.0,32.0,False,32.0
2024-03-18 01:00:00,135049.0,26.0,False,26.0
2024-03-18 02:00:00,135075.0,26.0,False,26.0
2024-03-18 03:00:00,135100.0,25.0,False,25.0
2024-03-18 04:00:00,135126.0,26.0,False,26.0
2024-03-18 05:00:00,135153.0,27.0,False,27.0
2024-03-18 06:00:00,135178.0,25.0,False,25.0
2024-03-18 07:00:00,135202.0,24.0,False,24.0
2024-03-18 08:00:00,135229.0,27.0,False,27.0
2024-03-18 09:00:00,135275.0,46.0,False,46.0
2024-03-18 10:00:00,135325.0,50.0,False,50.0
2024-03-18 11:00:00,135382.0,57.0,False,57.0
2024-03-18 12:00:00,135438.0,56.0,False,56.0
2024-03-18 13:00:00,135493.0,55.0,False,55.0
2024-03-18 14:00:00,135549.0,56.0,False,56.0
2024-03-18 15:00:00,135607.0,58.0,False,58.0
2024-03-18 16:00:00,135670.0,63.0,False,63.0
2024-03-18 17:00:00,135737.0,67.0,False,67.0
2024-03-18 18:00:00,135802.0,65.0,False,65.0
2024-03-18 19:00:00,135860.0,58.0,False,58.0
2024-03-18 20:00:00,135913.0,53.0,False,53.0
2024-03-18 21:00:00,135964.0,51.0,False,51.0
2024-03-18 22:00:00,136014.0,50.0,False,50.0
2024-03-18 23:00:00,136060.0,46.0,False,46.0
2024-03-19 00:00:00,136094.0,34.0,False,34.0
2024-03-19 01:00:00,136130.0,36.0,False,36.0
2024-03-19 02:00:00,136157.0,27.0,False,27.0
2024-03-19 03:00:00,136183.0,26.0,False,26.0
2024-03-19 04:00:00,136208.0,25.0,False,25.0
2024-03-19 05:00:00,136234.0,26.0,False,26.0
2024-03-19 06:00:00,136260.0,26.0,False,26.0
2024-03-19 07:00:00,136285.0,25.0,False,25.0
2024-03-19 08:00:00,136313.0,28.0,False,28.0
2024-03-19 09:00:00,136357.0,44.0,False,44.0
2024-03-19 10:00:00,136408.0,51.0,False,51.0
2024-03-19 11:00:00,136470.0,62.0,False,62.0
2024-03-19 12:00:00,136535.0,65.0,False,65.0
2024-03-19 13:00:00,136584.0,49.0,False,49.0
2024-03-19 14:00:00,136627.0,43.0,False,43.0
2024-03-19 15:00:00,136676.0,49.0,False,49.0
2024-03-19 16:00:00,136735.0,59.0,False,59.0
2024-03-19 17:00:00,136791.0,56.0,False,56.0
2024-03-19 18:00:00,136840.0,49.0,False,49.0
2024-03-19 19:00:00,136882.0,42.0,False,42.0
2024-03-19 20:00:00,136919.0,37.0,False,37.0
2024-03-19 21:00:00,136954.0,35.0,False,35.0
2024-03-19 22:00:00,136986.0,32.0,False,32.0
2024-03-19 23:00:00,137015.0,29.0,False,29.0
2024-03-20 00:00:00,137042.0,27.0,False,27.0
2024-03-20 01:00:00,137066.0,24.0,False,24.0
2024-03-20 02:00:00,137089.0,23.0,False,23.0
2024-03-20 03:00:00,137112.0,23.0,False,23.0
2024-03-20 04:00:00,137136.0,24.0,False,24.0
2024-03-20 05:00:00,137159.0,23.0,False,23.0
2024-03-20 06:00:00,137181.0,22.0,False,22.0
2024-03-20 07:00:00,137204.0,23.0,False,23.0
2024-03-20 08:00:00,137230.0,26.0,False,26.0
2024-03-20 09:00:00,137267.0,37.0,False,37.0
2024-03-20 10:00:00,137312.0,45.0,False,45.0
2024-03-20 11:00:00,137361.0,49.0,False,49.0
2024-03-20 12:00:00,137409.0,48.0,False,48.0
2024-03-20 13:00:00,137453.0,44.0,False,44.0
2024-03-20 14:00:00,137495.0,42.0,False,42.0
2024-03-20 15:00:00,137549.0,54.0,False,54.0
2024-03-20 16:00:00,137603.0,54.0,False,54.0
2024-03-20 17:00:00,137654.0,51.0,False,51.0
2024-03-20 18:00:00,137697.0,43.0,False,43.0
2024-03-20 19:00:00,137735.0,38.0,False,38.0
2024-03-20 20:00:00,137771.0,36.0,False,36.0
2024-03-20 21:00:00,137804.0,33.0,False,33.0
2024-03-20 22:00:00,137837.0,33.0,False,33.0
2024-03-20 23:00:00,137871.0,34.0,False,34.0
2024-03-21 00:00:00,137901.0,30.0,False,30.0
2024-03-21 01:00:00,137928.0,27.0,False,27.0
2024-03-21 02:00:00,137957.0,29.0,False,29.0
2024-03-21 03:00:00,137984.0,27.0,False,27.0
2024-03-21 04:00:00,138009.0,25.0,False,25.0
2024-03-21 05:00:00,138034.0,25.0,False,25.0
2024-03-21 06:00:00,138060.0,26.0,False,26.0
2024-03-21 07:00:00,138085.0,25.0,False,25.0
2024-03-21 08:00:00,138115.0,30.0,False,30.0
2024-03-21 09:00:00,138154.0,39.0,False,39.0
2024-03-21 10:00:00,138204.0,50.0,False,50.0
2024-03-21 11:00:00,138266.0,62.0,False,62.0
2024-03-21 12:00:00,138331.0,65.0,False,65.0
2024-03-21 13:00:00,138389.0,58.0,False,58.0
2024-03-21 14:00:00,138451.0,62.0,False,62.0
2024-03-21 15:00:00,138511.0,60.0,False,60.0
2024-03-21 16:00:00,138580.0,69.0,True,57.43
2024-03-21 17:00:00,138654.0,74.0,True,56.14
2024-03-21 18:00:00,138727.0,73.0,True,54.0
2024-03-21 19:00:00,138785.0,58.0,False,58.0
2024-03-21 20:00:00,138832.0,47.0,False,47.0
2024-03-21 21:00:00,138871.0,39.0,False,39.0
2024-03-21 22:00:00,138911.0,40.0,False,40.0
2024-03-21 23:00:00,138947.0,36.0,False,36.0
2024-03-22 00:00:00,138979.0,32.0,False,32.0
2024-03-22 01:00:00,139007.0,28.0,False,28.0
2024-03-22 02:00:00,139036.0,29.0,False,29.0
2024-03-22 03:00:00,139062.0,26.0,False,26.0
2024-03-22 04:00:00,139088.0,26.0,False,26.0
2024-03-22 05:00:00,139114.0,26.0,False,26.0
2024-03-22 06:00:00,139140.0,26.0,False,26.0
2024-03-22 07:00:00,139166.0,26.0,False,26.0
2024-03-22 08:00:00,139199.0,33.0,False,33.0
2024-03-22 09:00:00,139245.0,46.0,False,46.0
2024-03-22 10:00:00,139297.0,52.0,False,52.0
2024-03-22 11:00:00,139359.0,62.0,False,62.0
2024-03-22 12:00:00,139422.0,63.0,False,63.0
2024-03-22 13:00:00,139484.0,62.0,False,62.0
2024-03-22 14:00:00,139544.0,60.0,False,60.0
2024-03-22 15:00:00,139597.0,53.0,False,53.0
2024-03-22 16:00:00,139667.0,70.0,True,55.33
2024-03-22 17:00:00,139750.0,83.0,True,54.67
2024-03-22 18:00:00,139814.0,64.0,False,64.0
2024-03-22 19:00:00,139863.0,49.0,False,49.0
2024-03-22 20:00:00,139906.0,43.0,False,43.0
2024-03-22 21:00:00,139944.0,38.0,False,38.0
2024-03-22 22:00:00,139982.0,38.0,False,38.0
2024-03-22 23:00:00,140018.0,36.0,False,36.0
2024-03-23 00:00:00,140048.0,30.0,False,30.0
2024-03-23 01:00:00,140076.0,28.0,False,28.0
2024-03-23 02:00:00,140104.0,28.0,False,28.0
2024-03-23 03:00:00,140130.0,26.0,False,26.0
2024-03-23 04:00:00,140155.0,25.0,False,25.0
2024-03-23 05:00:00,140180.0,25.0,False,25.0
2024-03-23 06:00:00,140205.0,25.0,False,25.0
2024-03-23 07:00:00,140230.0,25.0,False,25.0
2024-03-23 08:00:00,140259.0,29.0,False,29.0
2024-03-23 09:00:00,140288.0,29.0,False,29.0
2024-03-23 10:00:00,140318.0,30.0,False,30.0
2024-03-23 11:00:00,140350.0,32.0,False,32.0
2024-03-23 12:00:00,140383.0,33.0,False,33.0
2024-03-23 13:00:00,140420.0,37.0,False,37.0
2024-03-23 14:00:00,140458.0,38.0,False,38.0
2024-03-23 15:00:00,140499.0,41.0,False,41.0
2024-03-23 16:00:00,140535.0,36.0,False,36.0
2024-03-23 17:00:00,140572.0,37.0,False,37.0
2024-03-23 18:00:00,140609.0,37.0,False,37.0
2024-03-23 19:00:00,140646.0,37.0,False,37.0
2024-03-23 20:00:00,140682.0,36.0,False,36.0
2024-03-23 21:00:00,140721.0,39.0,False,39.0
2024-03-23 22:00:00,140760.0,39.0,False,39.0
2024-03-23 23:00:00,140794.0,34.0,False,34.0
2024-03-24 00:00:00,140825.0,31.0,False,31.0
2024-03-24 01:00:00,140855.0,30.0,False,30.0
2024-03-24 02:00:00,140881.0,26.0,False,26.0
2024-03-24 03:00:00,140907.0,26.0,False,26.0
2024-03-24 04:00:00,140936.0,29.0,False,29.0
2024-03-24 05:00:00,140961.0,25.0,False,25.0
2024-03-24 06:00:00,140987.0,26.0,False,26.0
2024-03-24 07:00:00,141012.0,25.0,False,25.0
2024-03-24 08:00:00,141039.0,27.0,False,27.0
2024-03-24 09:00:00,141067.0,28.0,False,28.0
2024-03-24 10:00:00,141097.0,30.0,False,30.0
2024-03-24 11:00:00,141134.0,37.0,False,37.0
2024-03-24 12:00:00,141170.0,36.0,False,36.0
2024-03-24 13:00:00,141202.0,32.0,False,32.0
2024-03-24 14:00:00,141233.0,31.0,False,31.0
2024-03-24 15:00:00,141272.0,39.0,False,39.0
2024-03-24 16:00:00,141313.0,41.0,False,41.0
2024-03-24 17:00:00,141359.0,46.0,False,46.0
2024-03-24 18:00:00,141412.0,53.0,False,53.0
2024-03-24 19:00:00,141465.0,53.0,False,53.0
2024-03-24 20:00:00,141516.0,51.0,False,51.0
2024-03-24 21:00:00,141557.0,41.0,False,41.0
2024-03-24 22:00:00,141597.0,40.0,False,40.0
2024-03-24 23:00:00,141634.0,37.0,False,37.0
2024-03-25 00:00:00,141670.0,36.0,False,36.0
2024-03-25 01:00:00,141698.0,28.0,False,28.0
2024-03-25 02:00:00,141724.0,26.0,False,26.0
2024-03-25 03:00:00,141750.0,26.0,False,26.0
2024-03-25 04:00:00,141776.0,26.0,False,26.0
2024-03-25 05:00:00,141802.0,26.0,False,26.0
2024-03-25 06:00:00,141830.0,28.0,False,28.0
2024-03-25 07:00:00,141855.0,25.0,False,25.0
2024-03-25 08:00:00,141885.0,30.0,False,30.0
2024-03-25 09:00:00,141931.0,46.0,False,46.0
2024-03-25 10:00:00,141979.0,48.0,False,48.0
2024-03-25 11:00:00,142038.0,59.0,False,59.0
2024-03-25 12:00:00,142094.0,56.0,False,56.0
2024-03-25 13:00:00,142151.0,57.0,False,57.0
2024-03-25 14:00:00,142209.0,58.0,False,58.0
2024-03-25 15:00:00,142278.0,69.0,False,69.0
2024-03-25 16:00:00,142341.0,63.0,False,63.0
2024-03-25 17:00:00,142400.0,59.0,False,59.0
2024-03-25 18:00:00,142458.0,58.0,False,58.0
2024-03-25 19:00:00,142508.0,50.0,False,50.0
2024-03-25 20:00:00,142552.0,44.0,False,44.0
2024-03-25 21:00:00,142598.0,46.0,False,46.0
2024-03-25 22:00:00,142646.0,48.0,False,48.0
2024-03-25 23:00:00,142685.0,39.0,False,39.0
2024-03-26 00:00:00,142720.0,35.0,False,35.0
2024-03-26 01:00:00,142748.0,28.0,False,28.0
2024-03-26 02:00:00,142774.0,26.0,False,26.0
2024-03-26 03:00:00,142800.0,26.0,False,26.0
2024-03-26 04:00:00,142828.0,28.0,False,28.0
2024-03-26 05:00:00,142853.0,25.0,False,25.0
2024-03-26 06:00:00,142877.0,24.0,False,24.0
2024-03-26 07:00:00,142903.0,26.0,False,26.0
2024-03-26 08:00:00,142933.0,30.0,False,30.0
2024-03-26 09:00:00,142977.0,44.0,False,44.0
2024-03-26 10:00:00,143031.0,54.0,False,54.0
2024-03-26 11:00:00,143095.0,64.0,False,64.0
2024-03-26 12:00:00,143159.0,64.0,False,64.0
2024-03-26 13:00:00,143218.0,59.0,False,59.0
2024-03-26 14:00:00,143272.0,54.0,False,54.0
2024-03-26 15:00:00,143323.0,51.0,False,51.0
2024-03-26 16:00:00,143381.0,58.0,False,58.0
2024-03-26 17:00:00,143449.0,68.0,False,68.0
2024-03-26 18:00:00,143515.0,66.0,False,66.0
2024-03-26 19:00:00,143564.0,49.0,False,49.0
2024-03-26 20:00:00,143607.0,43.0,False,43.0
2024-03-26 21:00:00,143649.0,42.0,False,42.0
2024-03-26 22:00:00,143693.0,44.0,False,44.0
2024-03-26 23:00:00,143725.0,32.0,False,32.0
2024-03-27 00:00:00,143753.0,28.0,False,28.0
2024-03-27 01:00:00,143775.0,22.0,False,22.0
2024-03-27 02:00:00,143795.0,20.0,False,20.0
2024-03-27 03:00:00,143815.0,20.0,False,20.0
2024-03-27 04:00:00,143835.0,20.0,False,20.0
2024-03-27 05:00:00,143855.0,20.0,False,20.0
2024-03-27 06:00:00,143875.0,20.0,False,20.0
2024-03-27 07:00:00,143895.0,20.0,False,20.0
2024-03-27 08:00:00,143919.0,24.0,False,24.0
2024-03-27 09:00:00,143958.0,39.0,False,39.0
2024-03-27 10:00:00,144006.0,48.0,False,48.0
2024-03-27 11:00:00,144063.0,57.0,False,57.0
2024-03-27 12:00:00,144121.0,58.0,False,58.0
2024-03-27 13:00:00,144176.0,55.0,False,55.0
2024-03-27 14:00:00,144229.0,53.0,False,53.0
2024-03-27 15:00:00,144289.0,60.0,False,60.0
2024-03-27 16:00:00,144355.0,66.0,False,66.0
2024-03-27 17:00:00,144418.0,63.0,False,63.0
2024-03-27 18:00:00,144476.0,58.0,False,58.0
2024-03-27 19:00:00,144529.0,53.0,False,53.0
2024-03-27 20:00:00,144577.0,48.0,False,48.0
2024-03-27 21:00:00,144625.0,48.0,False,48.0
2024-03-27 22:00:00,144667.0,42.0,False,42.0
2024-03-27 23:00:00,144704.0,37.0,False,37.0
2024-03-28 00:00:00,144740.0,36.0,False,36.0
2024-03-28 01:00:00,144765.0,25.0,False,25.0
2024-03-28 02:00:00,144789.0,24.0,False,24.0
2024-03-28 03:00:00,144812.0,23.0,False,23.0
2024-03-28 04:00:00,144838.0,26.0,False,26.0
2024-03-28 05:00:00,144861.0,23.0,False,23.0
2024-03-28 06:00:00,144884.0,23.0,False,23.0
2024-03-28 07:00:00,144910.0,26.0,False,26.0
2024-03-28 08:00:00,144938.0,28.0,False,28.0
2024-03-28 09:00:00,144980.0,42.0,False,42.0
2024-03-28 10:00:00,145034.0,54.0,False,54.0
2024-03-28 11:00:00,145096.0,62.0,False,62.0
2024-03-28 12:00:00,145154.0,58.0,False,58.0
2024-03-28 13:00:00,145209.0,55.0,False,55.0
2024-03-28 14:00:00,145266.0,57.0,False,57.0
2024-03-28 15:00:00,145325.0,59.0,False,59.0
2024-03-28 16:00:00,145393.0,68.0,False,68.0
2024-03-28 17:00:00,145467.0,74.0,True,54.6
2024-03-28 18:00:00,145538.0,71.0,False,71.0
2024-03-28 19:00:00,145597.0,59.0,False,59.0
2024-03-28 20:00:00,145650.0,53.0,False,53.0
2024-03-28 21:00:00,145698.0,48.0,False,48.0
2024-03-28 22:00:00,145742.0,44.0,False,44.0
2024-03-28 23:00:00,145786.0,44.0,False,44.0
2024-03-29 00:00:00,145821.0,35.0,False,35.0
2024-03-29 01:00:00,145857.0,36.0,False,36.0
2024-03-29 02:00:00,145887.0,30.0,False,30.0
2024-03-29 03:00:00,145916.0,29.0,False,29.0
2024-03-29 04:00:00,145946.0,30.0,False,30.0
2024-03-29 05:00:00,145977.0,31.0,False,31.0
2024-03-29 06:00:00,146007.0,30.0,False,30.0
2024-03-29 07:00:00,146034.0,27.0,False,27.0
2024-03-29 08:00:00,146071.0,37.0,False,37.0
2024-03-29 09:00:00,146121.0,50.0,False,50.0
2024-03-29 10:00:00,146179.0,58.0,False,58.0
2024-03-29 11:00:00,146242.0,63.0,False,63.0
2024-03-29 12:00:00,146308.0,66.0,False,66.0
2024-03-29 13:00:00,146371.0,63.0,False,63.0
2024-03-29 14:00:00,146432.0,61.0,False,61.0
2024-03-29 15:00:00,146495.0,63.0,False,63.0
2024-03-29 16:00:00,146554.0,59.0,False,59.0
2024-03-29 17:00:00,146608.0,54.0,False,54.0
2024-03-29 18:00:00,146656.0,48.0,False,48.0
2024-03-29 19:00:00,146703.0,47.0,False,47.0
2024-03-29 20:00:00,146747.0,44.0,False,44.0
2024-03-29 21:00:00,146787.0,40.0,False,40.0
2024-03-29 22:00:00,146826.0,39.0,False,39.0
2024-03-29 23:00:00,146864.0,38.0,False,38.0
2024-03-30 00:00:00,146900.0,36.0,False,36.0
2024-03-30 01:00:00,146928.0,28.0,False,28.0
2024-03-30 02:00:00,146958.0,30.0,False,30.0
2024-03-30 03:00:00,146986.0,28.0,False,28.0
2024-03-30 04:00:00,147013.0,27.0,False,27.0
2024-03-30 05:00:00,147038.0,25.0,False,25.0
2024-03-30 06:00:00,147068.0,30.0,False,30.0
2024-03-30 07:00:00,147095.0,27.0,False,27.0
2024-03-30 08:00:00,147122.0,27.0,False,27.0
2024-03-30 09:00:00,147157.0,35.0,False,35.0
2024-03-30 10:00:00,147199.0,42.0,False,42.0
2024-03-30 11:00:00,147243.0,44.0,False,44.0
2024-03-30 12:00:00,147282.0,39.0,False,39.0
2024-03-30 13:00:00,147324.0,42.0,False,42.0
2024-03-30 14:00:00,147371.0,47.0,False,47.0
2024-03-30 15:00:00,147418.0,47.0,False,47.0
2024-03-30 16:00:00,147468.0,50.0,False,50.0
2024-03-30 17:00:00,147524.0,56.0,False,56.0
2024-03-30 18:00:00,147574.0,50.0,False,50.0
2024-03-30 19:00:00,147621.0,47.0,False,47.0
2024-03-30 20:00:00,147664.0,43.0,False,43.0
2024-03-30 21:00:00,147707.0,43.0,False,43.0
2024-03-30 22:00:00,147749.0,42.0,False,42.0
2024-03-30 23:00:00,147781.0,32.0,False,32.0
2024-03-31 00:00:00,147814.0,33.0,False,33.0
2024-03-31 01:00:00,147841.0,27.0,False,27.0
2024-03-31 02:00:00,147867.0,26.0,False,26.0
2024-03-31 03:00:00,147892.0,25.0,False,25.0
2024-03-31 04:00:00,147919.0,27.0,False,27.0
2024-03-31 05:00:00,147944.0,25.0,False,25.0
2024-03-31 06:00:00,147968.0,24.0,False,24.0
2024-03-31 07:00:00,147994.0,26.0,False,26.0
2024-03-31 08:00:00,148022.0,28.0,False,28.0
2024-03-31 09:00:00,148053.0,31.0,False,31.0
2024-03-31 10:00:00,148087.0,34.0,False,34.0
2024-03-31 11:00:00,148122.0,35.0,False,35.0
2024-03-31 12:00:00,148158.0,36.0,False,36.0
2024-03-31 13:00:00,148198.0,40.0,False,40.0
2024-03-31 14:00:00,148240.0,42.0,False,42.0
2024-03-31 15:00:00,148278.0,38.0,False,38.0
2024-03-31 16:00:00,148317.0,39.0,False,39.0
2024-03-31 17:00:00,148352.0,35.0,False,35.0
2024-03-31 18:00:00,148389.0,37.0,False,37.0
2024-03-31 19:00:00,148424.0,35.0,False,35.0
2024-03-31 20:00:00,148462.0,38.0,False,38.0
2024-03-31 21:00:00,148498.0,36.0,False,36.0
2024-03-31 22:00:00,148535.0,37.0,False,37.0
2024-03-31 23:00:00,148570.0,35.0,False,35.0
2024-04-01 00:00:00,148601.0,31.0,False,31.0
2024-04-01 01:00:00,148627.0,26.0,False,26.0
2024-04-01 02:00:00,148651.0,24.0,False,24.0
2024-04-01 03:00:00,148678.0,27.0,False,27.0
2024-04-01 04:00:00,148704.0,26.0,False,26.0
2024-04-01 05:00:00,148729.0,25.0,False,25.0
2024-04-01 06:00:00,148754.0,25.0,False,25.0
2024-04-01 07:00:00,148780.0,26.0,False,26.0
2024-04-01 08:00:00,148808.0,28.0,False,28.0
2024-04-01 09:00:00,148848.0,40.0,False,40.0
2024-04-01 10:00:00,148898.0,50.0,False,50.0
2024-04-01 11:00:00,148951.0,53.0,False,53.0
2024-04-01 12:00:00,149006.0,55.0,False,55.0
2024-04-01 13:00:00,149054.0,48.0,False,48.0
2024-04-01 14:00:00,149103.0,49.0,False,49.0
2024-04-01 15:00:00,149158.0,55.0,False,55.0
2024-04-01 16:00:00,149216.0,58.0,False,58.0
2024-04-01 17:00:00,149281.0,65.0,False,65.0
2024-04-01 18:00:00,149337.0,56.0,False,56.0
2024-04-01 19:00:00,149384.0,47.0,False,47.0
2024-04-01 20:00:00,149429.0,45.0,False,45.0
2024-04-01 21:00:00,149471.0,42.0,False,42.0
2024-04-01 22:00:00,149511.0,40.0,False,40.0
2024-04-01 23:00:00,149548.0,37.0,False,37.0
2024-04-02 00:00:00,149586.0,38.0,False,38.0
2024-04-02 01:00:00,149617.0,31.0,False,31.0
2024-04-02 02:00:00,149646.0,29.0,False,29.0
2024-04-02 03:00:00,149673.0,27.0,False,27.0
2024-04-02 04:00:00,149703.0,30.0,False,30.0
2024-04-02 05:00:00,149731.0,28.0,False,28.0
2024-04-02 06:00:00,149758.0,27.0,False,27.0
2024-04-02 07:00:00,149788.0,30.0,False,30.0
2024-04-02 08:00:00,149818.0,30.0,False,30.0
2024-04-02 09:00:00,149864.0,46.0,False,46.0
2024-04-02 10:00:00,149919.0,55.0,False,55.0
2024-04-02 11:00:00,149979.0,60.0,False,60.0
2024-04-02 12:00:00,150034.0,55.0,False,55.0
2024-04-02 13:00:00,150080.0,46.0,False,46.0
2024-04-02 14:00:00,150132.0,52.0,False,52.0
2024-04-02 15:00:00,150190.0,58.0,False,58.0
2024-04-02 16:00:00,150251.0,61.0,True,56.86
2024-04-02 17:00:00,150317.0,66.0,True,56.83
2024-04-02 18:00:00,150383.0,66.0,True,55.14
2024-04-02 19:00:00,150440.0,57.0,False,57.0
2024-04-02 20:00:00,150493.0,53.0,False,53.0
2024-04-02 21:00:00,150539.0,46.0,False,46.0
2024-04-02 22:00:00,150582.0,43.0,False,43.0
2024-04-02 23:00:00,150624.0,42.0,False,42.0
2024-04-03 00:00:00,150658.0,34.0,False,34.0
2024-04-03 01:00:00,150690.0,32.0,False,32.0
2024-04-03 02:00:00,150718.0,28.0,False,28.0
2024-04-03 03:00:00,150744.0,26.0,False,26.0
2024-04-03 04:00:00,150774.0,30.0,False,30.0
2024-04-03 05:00:00,150801.0,27.0,False,27.0
2024-04-03 06:00:00,150829.0,28.0,False,28.0
2024-04-03 07:00:00,150854.0,25.0,False,25.0
2024-04-03 08:00:00,150887.0,33.0,False,33.0
2024-04-03 09:00:00,150933.0,46.0,False,46.0
2024-04-03 10:00:00,150986.0,53.0,False,53.0
2024-04-03 11:00:00,151046.0,60.0,True,53.43
2024-04-03 12:00:00,151107.0,61.0,True,52.43
2024-04-03 13:00:00,151160.0,53.0,False,53.0
2024-04-03 14:00:00,151211.0,51.0,False,51.0
2024-04-03 15:00:00,151277.0,66.0,True,54.29
2024-04-03 16:00:00,151338.0,61.0,True,56.67
2024-04-03 17:00:00,151396.0,58.0,False,58.0
2024-04-03 18:00:00,151449.0,53.0,False,53.0
2024-04-03 19:00:00,151497.0,48.0,False,48.0
2024-04-03 20:00:00,151540.0,43.0,False,43.0
2024-04-03 21:00:00,151579.0,39.0,False,39.0
2024-04-03 22:00:00,151621.0,42.0,False,42.0
2024-04-03 23:00:00,151662.0,41.0,False,41.0
2024-04-04 00:00:00,151703.0,41.0,False,41.0
2024-04-04 01:00:00,151741.0,38.0,False,38.0
2024-04-04 02:00:00,151772.0,31.0,False,31.0
2024-04-04 03:00:00,151799.0,27.0,False,27.0
2024-04-04 04:00:00,151824.0,25.0,False,25.0
2024-04-04 05:00:00,151852.0,28.0,False,28.0
2024-04-04 06:00:00,151874.0,22.0,False,22.0
2024-04-04 07:00:00,151895.0,21.0,False,21.0
2024-04-04 08:00:00,151918.0,23.0,False,23.0
2024-04-04 09:00:00,151942.0,24.0,False,24.0
2024-04-04 10:00:00,151971.0,29.0,False,29.0
2024-04-04 11:00:00,152002.0,31.0,False,31.0
2024-04-04 12:00:00,152040.0,38.0,False,38.0
2024-04-04 13:00:00,152072.0,32.0,False,32.0
2024-04-04 14:00:00,152105.0,33.0,False,33.0
2024-04-04 15:00:00,152141.0,36.0,False,36.0
2024-04-04 16:00:00,152176.0,35.0,False,35.0
2024-04-04 17:00:00,152210.0,34.0,False,34.0
2024-04-04 18:00:00,152248.0,38.0,False,38.0
2024-04-04 19:00:00,152285.0,37.0,False,37.0
2024-04-04 20:00:00,152322.0,37.0,False,37.0
2024-04-04 21:00:00,152361.0,39.0,False,39.0
2024-04-04 22:00:00,152405.0,44.0,False,44.0
2024-04-04 23:00:00,152451.0,46.0,False,46.0
2024-04-05 00:00:00,152495.0,44.0,False,44.0
2024-04-05 01:00:00,152533.0,38.0,False,38.0
2024-04-05 02:00:00,152564.0,31.0,False,31.0
2024-04-05 03:00:00,152592.0,28.0,False,28.0
2024-04-05 04:00:00,152619.0,27.0,False,27.0
2024-04-05 05:00:00,152649.0,30.0,False,30.0
2024-04-05 06:00:00,152676.0,27.0,False,27.0
2024-04-05 07:00:00,152702.0,26.0,False,26.0
2024-04-05 08:00:00,152730.0,28.0,False,28.0
2024-04-05 09:00:00,152765.0,35.0,False,35.0
2024-04-05 10:00:00,152798.0,33.0,False,33.0
2024-04-05 11:00:00,152831.0,33.0,False,33.0
2024-04-05 12:00:00,152869.0,38.0,False,38.0
2024-04-05 13:00:00,152902.0,33.0,False,33.0
2024-04-05 14:00:00,152933.0,31.0,False,31.0
2024-04-05 15:00:00,152965.0,32.0,False,32.0
2024-04-05 16:00:00,152999.0,34.0,False,34.0
2024-04-05 17:00:00,153034.0,35.0,False,35.0
2024-04-05 18:00:00,153067.0,33.0,False,33.0
2024-04-05 19:00:00,153106.0,39.0,False,39.0
2024-04-05 20:00:00,153145.0,39.0,False,39.0
2024-04-05 21:00:00,153182.0,37.0,False,37.0
2024-04-05 22:00:00,153217.0,35.0,False,35.0
2024-04-05 23:00:00,153254.0,37.0,False,37.0
2024-04-06 00:00:00,153284.0,30.0,False,30.0
2024-04-06 01:00:00,153310.0,26.0,False,26.0
2024-04-06 02:00:00,153336.0,26.0,False,26.0
2024-04-06 03:00:00,153362.0,26.0,False,26.0
2024-04-06 04:00:00,153386.0,24.0,False,24.0
2024-04-06 05:00:00,153409.0,23.0,False,23.0
2024-04-06 06:00:00,153435.0,26.0,False,26.0
2024-04-06 07:00:00,153459.0,24.0,False,24.0
2024-04-06 08:00:00,153484.0,25.0,False,25.0
2024-04-06 09:00:00,153513.0,29.0,False,29.0
2024-04-06 10:00:00,153545.0,32.0,False,32.0
2024-04-06 11:00:00,153580.0,35.0,False,35.0
2024-04-06 12:00:00,153619.0,39.0,False,39.0
2024-04-06 13:00:00,153665.0,46.0,False,46.0
2024-04-06 14:00:00,153712.0,47.0,False,47.0
2024-04-06 15:00:00,153764.0,52.0,False,52.0
2024-04-06 16:00:00,153815.0,51.0,False,51.0
2024-04-06 17:00:00,153873.0,58.0,False,58.0
2024-04-06 18:00:00,153916.0,43.0,False,43.0
2024-04-06 19:00:00,153957.0,41.0,False,41.0
2024-04-06 20:00:00,154000.0,43.0,False,43.0
2024-04-06 21:00:00,154041.0,41.0,False,41.0
2024-04-06 22:00:00,154079.0,38.0,False,38.0
2024-04-06 23:00:00,154114.0,35.0,False,35.0
2024-04-07 00:00:00,154150.0,36.0,False,36.0
2024-04-07 01:00:00,154177.0,27.0,False,27.0
2024-04-07 02:00:00,154201.0,24.0,False,24.0
2024-04-07 03:00:00,154227.0,26.0,False,26.0
2024-04-07 04:00:00,154252.0,25.0,False,25.0
2024-04-07 05:00:00,154277.0,25.0,False,25.0
2024-04-07 06:00:00,154300.0,23.0,False,23.0
2024-04-07 07:00:00,154328.0,28.0,False,28.0
2024-04-07 08:00:00,154355.0,27.0,False,27.0
2024-04-07 09:00:00,154398.0,43.0,False,43.0
2024-04-07 10:00:00,154451.0,53.0,False,53.0
2024-04-07 11:00:00,154510.0,59.0,False,59.0
2024-04-07 12:00:00,154570.0,60.0,False,60.0
2024-04-07 13:00:00,154617.0,47.0,False,47.0
2024-04-07 14:00:00,154664.0,47.0,False,47.0
2024-04-07 15:00:00,154717.0,53.0,False,53.0
2024-04-07 16:00:00,154771.0,54.0,False,54.0
2024-04-07 17:00:00,154827.0,56.0,False,56.0
2024-04-07 18:00:00,154889.0,62.0,False,62.0
2024-04-07 19:00:00,154945.0,56.0,False,56.0
2024-04-07 20:00:00,154999.0,54.0,False,54.0
2024-04-07 21:00:00,155051.0,52.0,False,52.0
2024-04-07 22:00:00,155103.0,52.0,False,52.0
2024-04-07 23:00:00,155149.0,46.0,False,46.0
2024-04-08 00:00:00,155188.0,39.0,False,39.0
2024-04-08 01:00:00,155222.0,34.0,False,34.0
2024-04-08 02:00:00,155251.0,29.0,False,29.0
2024-04-08 03:00:00,155278.0,27.0,False,27.0
2024-04-08 04:00:00,155306.0,28.0,False,28.0
2024-04-08 05:00:00,155332.0,26.0,False,26.0
2024-04-08 06:00:00,155355.0,23.0,False,23.0
2024-04-08 07:00:00,155377.0,22.0,False,22.0
2024-04-08 08:00:00,155403.0,26.0,False,26.0
2024-04-08 09:00:00,155445.0,42.0,False,42.0
2024-04-08 10:00:00,155498.0,53.0,False,53.0
2024-04-08 11:00:00,155554.0,56.0,False,56.0
2024-04-08 12:00:00,155615.0,61.0,False,61.0
2024-04-08 13:00:00,155679.0,64.0,False,64.0
2024-04-08 14:00:00,155730.0,51.0,False,51.0
2024-04-08 15:00:00,155790.0,60.0,False,60.0
2024-04-08 16:00:00,155846.0,56.0,False,56.0
2024-04-08 17:00:00,155903.0,57.0,False,57.0
2024-04-08 18:00:00,155957.0,54.0,False,54.0
2024-04-08 19:00:00,156013.0,56.0,False,56.0
2024-04-08 20:00:00,156078.0,65.0,False,65.0
2024-04-08 21:00:00,156135.0,57.0,False,57.0
2024-04-08 22:00:00,156186.0,51.0,False,51.0
2024-04-08 23:00:00,156230.0,44.0,False,44.0
2024-04-09 00:00:00,156268.0,38.0,False,38.0
2024-04-09 01:00:00,156304.0,36.0,False,36.0
2024-04-09 02:00:00,156335.0,31.0,False,31.0
2024-04-09 03:00:00,156364.0,29.0,False,29.0
2024-04-09 04:00:00,156395.0,31.0,False,31.0
2024-04-09 05:00:00,156426.0,31.0,False,31.0
2024-04-09 06:00:00,156456.0,30.0,False,30.0
2024-04-09 07:00:00,156486.0,30.0,False,30.0
2024-04-09 08:00:00,156530.0,44.0,False,44.0
2024-04-09 09:00:00,156585.0,55.0,False,55.0
2024-04-09 10:00:00,156648.0,63.0,False,63.0
2024-04-09 11:00:00,156716.0,68.0,False,68.0
2024-04-09 12:00:00,156798.0,82.0,True,48.5
2024-04-09 13:00:00,156862.0,64.0,False,64.0
2024-04-09 14:00:00,156911.0,49.0,False,49.0
2024-04-09 15:00:00,156963.0,52.0,False,52.0
2024-04-09 16:00:00,157019.0,56.0,False,56.0
2024-04-09 17:00:00,157075.0,56.0,False,56.0
2024-04-09 18:00:00,157128.0,53.0,False,53.0
2024-04-09 19:00:00,157176.0,48.0,False,48.0
2024-04-09 20:00:00,157223.0,47.0,False,47.0
2024-04-09 21:00:00,157267.0,44.0,False,44.0
2024-04-09 22:00:00,157306.0,39.0,False,39.0
2024-04-09 23:00:00,157352.0,46.0,False,46.0
2024-04-10 00:00:00,157385.0,33.0,False,33.0
2024-04-10 01:00:00,157412.0,27.0,False,27.0
2024-04-10 02:00:00,157438.0,26.0,False,26.0
2024-04-10 03:00:00,157467.0,29.0,False,29.0
2024-04-10 04:00:00,157493.0,26.0,False,26.0
2024-04-10 05:00:00,157519.0,26.0,False,26.0
2024-04-10 06:00:00,157546.0,27.0,False,27.0
2024-04-10 07:00:00,157575.0,29.0,False,29.0
2024-04-10 08:00:00,157606.0,31.0,False,31.0
2024-04-10 09:00:00,157646.0,40.0,False,40.0
2024-04-10 10:00:00,157703.0,57.0,False,57.0
2024-04-10 11:00:00,157764.0,61.0,False,61.0
2024-04-10 12:00:00,157823.0,59.0,False,59.0
2024-04-10 13:00:00,157872.0,49.0,False,49.0
2024-04-10 14:00:00,157922.0,50.0,False,50.0
2024-04-10 15:00:00,157981.0,59.0,False,59.0
2024-04-10 16:00:00,158041.0,60.0,False,60.0
2024-04-10 17:00:00,158105.0,64.0,False,64.0
2024-04-10 18:00:00,158161.0,56.0,False,56.0
2024-04-10 19:00:00,158209.0,48.0,False,48.0
2024-04-10 20:00:00,158256.0,47.0,False,47.0
2024-04-10 21:00:00,158307.0,51.0,False,51.0
2024-04-10 22:00:00,158355.0,48.0,False,48.0
2024-04-10 23:00:00,158395.0,40.0,False,40.0
2024-04-11 00:00:00,158426.0,31.0,False,31.0
2024-04-11 01:00:00,158456.0,30.0,False,30.0
2024-04-11 02:00:00,158483.0,27.0,False,27.0
2024-04-11 03:00:00,158508.0,25.0,False,25.0
2024-04-11 04:00:00,158534.0,26.0,False,26.0
2024-04-11 05:00:00,158561.0,27.0,False,27.0
2024-04-11 06:00:00,158585.0,24.0,False,24.0
2024-04-11 07:00:00,158601.0,16.0,False,16.0
2024-04-11 08:00:00,158640.0,39.0,False,39.0
2024-04-11 09:00:00,158678.0,38.0,False,38.0
2024-04-11 10:00:00,158724.0,46.0,False,46.0
2024-04-11 11:00:00,158777.0,53.0,False,53.0
2024-04-11 12:00:00,158848.0,71.0,False,71.0
2024-04-11 13:00:00,158915.0,67.0,False,67.0
2024-04-11 14:00:00,158987.0,72.0,False,72.0
2024-04-11 15:00:00,159065.0,78.0,True,49.14
2024-04-11 16:00:00,159139.0,74.0,False,74.0
2024-04-11 17:00:00,159214.0,75.0,False,75.0
2024-04-11 18:00:00,159277.0,63.0,False,63.0
2024-04-11 19:00:00,159330.0,53.0,False,53.0
2024-04-11 20:00:00,159380.0,50.0,False,50.0
2024-04-11 21:00:00,159429.0,49.0,False,49.0
2024-04-11 22:00:00,159472.0,43.0,False,43.0
2024-04-11 23:00:00,159516.0,44.0,False,44.0
2024-04-12 00:00:00,159552.0,36.0,False,36.0
2024-04-12 01:00:00,159580.0,28.0,False,28.0
2024-04-12 02:00:00,159606.0,26.0,False,26.0
2024-04-12 03:00:00,159634.0,28.0,False,28.0
2024-04-12 04:00:00,159659.0,25.0,False,25.0
2024-04-12 05:00:00,159684.0,25.0,False,25.0
2024-04-12 06:00:00,159710.0,26.0,False,26.0
2024-04-12 07:00:00,159736.0,26.0,False,26.0
2024-04-12 08:00:00,159763.0,27.0,False,27.0
2024-04-12 09:00:00,159804.0,41.0,False,41.0
2024-04-12 10:00:00,159857.0,53.0,False,53.0
2024-04-12 11:00:00,159915.0,58.0,False,58.0
2024-04-12 12:00:00,159984.0,69.0,False,69.0
2024-04-12 13:00:00,160049.0,65.0,False,65.0
2024-04-12 14:00:00,160123.0,74.0,True,49.57
2024-04-12 15:00:00,160172.0,49.0,False,49.0
2024-04-12 16:00:00,160225.0,53.0,False,53.0
2024-04-12 17:00:00,160278.0,53.0,False,53.0
2024-04-12 18:00:00,160331.0,53.0,False,53.0
2024-04-12 19:00:00,160375.0,44.0,False,44.0
2024-04-12 20:00:00,160409.0,34.0,False,34.0
2024-04-12 21:00:00,160444.0,35.0,False,35.0
2024-04-12 22:00:00,160482.0,38.0,False,38.0
2024-04-12 23:00:00,160516.0,34.0,False,34.0
2024-04-13 00:00:00,160549.0,33.0,False,33.0
2024-04-13 01:00:00,160578.0,29.0,False,29.0
2024-04-13 02:00:00,160604.0,26.0,False,26.0
2024-04-13 03:00:00,160628.0,24.0,False,24.0
2024-04-13 04:00:00,160657.0,29.0,False,29.0
2024-04-13 05:00:00,160681.0,24.0,False,24.0
2024-04-13 06:00:00,160706.0,25.0,False,25.0
2024-04-13 07:00:00,160730.0,24.0,False,24.0
2024-04-13 08:00:00,160759.0,29.0,False,29.0
2024-04-13 09:00:00,160785.0,26.0,False,26.0
2024-04-13 10:00:00,160815.0,30.0,False,30.0
2024-04-13 11:00:00,160848.0,33.0,False,33.0
2024-04-13 12:00:00,160891.0,43.0,False,43.0
2024-04-13 13:00:00,160930.0,39.0,False,39.0
2024-04-13 14:00:00,160973.0,43.0,False,43.0
2024-04-13 15:00:00,161016.0,43.0,False,43.0
2024-04-13 16:00:00,161061.0,45.0,False,45.0
2024-04-13 17:00:00,161104.0,43.0,False,43.0
2024-04-13 18:00:00,161140.0,36.0,False,36.0
2024-04-13 19:00:00,161188.0,48.0,False,48.0
2024-04-13 20:00:00,161227.0,39.0,False,39.0
2024-04-13 21:00:00,161264.0,37.0,False,37.0
2024-04-13 22:00:00,161298.0,34.0,False,34.0
2024-04-13 23:00:00,161334.0,36.0,False,36.0
2024-04-14 00:00:00,161367.0,33.0,False,33.0
2024-04-14 01:00:00,161394.0,27.0,False,27.0
2024-04-14 02:00:00,161419.0,25.0,False,25.0
2024-04-14 03:00:00,161445.0,26.0,False,26.0
2024-04-14 04:00:00,161470.0,25.0,False,25.0
2024-04-14 05:00:00,161493.0,23.0,False,23.0
2024-04-14 06:00:00,161520.0,27.0,False,27.0
2024-04-14 07:00:00,161544.0,24.0,False,24.0
2024-04-14 08:00:00,161570.0,26.0,False,26.0
2024-04-14 09:00:00,161596.0,26.0,False,26.0
2024-04-14 10:00:00,161627.0,31.0,False,31.0
2024-04-14 11:00:00,161659.0,32.0,False,32.0
2024-04-14 12:00:00,161691.0,32.0,False,32.0
2024-04-14 13:00:00,161721.0,30.0,False,30.0
2024-04-14 14:00:00,161755.0,34.0,False,34.0
2024-04-14 15:00:00,161794.0,39.0,False,39.0
2024-04-14 16:00:00,161840.0,46.0,False,46.0
2024-04-14 17:00:00,161891.0,51.0,False,51.0
2024-04-14 18:00:00,161954.0,63.0,False,63.0
2024-04-14 19:00:00,162014.0,60.0,False,60.0
2024-04-14 20:00:00,162059.0,45.0,False,45.0
2024-04-14 21:00:00,162105.0,46.0,False,46.0
2024-04-14 22:00:00,162144.0,39.0,False,39.0
2024-04-14 23:00:00,162177.0,33.0,False,33.0
2024-04-15 00:00:00,162208.0,31.0,False,31.0
2024-04-15 01:00:00,162237.0,29.0,False,29.0
2024-04-15 02:00:00,162260.0,23.0,False,23.0
2024-04-15 03:00:00,162281.0,21.0,False,21.0
2024-04-15 04:00:00,162302.0,21.0,False,21.0
2024-04-15 05:00:00,162327.0,25.0,False,25.0
2024-04-15 06:00:00,162349.0,22.0,False,22.0
2024-04-15 07:00:00,162371.0,22.0,False,22.0
2024-04-15 08:00:00,162396.0,25.0,False,25.0
2024-04-15 09:00:00,162440.0,44.0,False,44.0
2024-04-15 10:00:00,162484.0,44.0,False,44.0
2024-04-15 11:00:00,162531.0,47.0,False,47.0
2024-04-15 12:00:00,162585.0,54.0,False,54.0
2024-04-15 13:00:00,162642.0,57.0,False,57.0
2024-04-15 14:00:00,162707.0,65.0,False,65.0
2024-04-15 15:00:00,162766.0,59.0,False,59.0
2024-04-15 16:00:00,162814.0,48.0,False,48.0
2024-04-15 17:00:00,162864.0,50.0,False,50.0
2024-04-15 18:00:00,162915.0,51.0,False,51.0
2024-04-15 19:00:00,162966.0,51.0,False,51.0
2024-04-15 20:00:00,163016.0,50.0,False,50.0
2024-04-15 21:00:00,163059.0,43.0,False,43.0
2024-04-15 22:00:00,163095.0,36.0,False,36.0
2024-04-15 23:00:00,163128.0,33.0,False,33.0
2024-04-16 00:00:00,163159.0,31.0,False,31.0
2024-04-16 01:00:00,163183.0,24.0,False,24.0
2024-04-16 02:00:00,163206.0,23.0,False,23.0
2024-04-16 03:00:00,163230.0,24.0,False,24.0
2024-04-16 04:00:00,163251.0,21.0,False,21.0
2024-04-16 05:00:00,163273.0,22.0,False,22.0
2024-04-16 06:00:00,163293.0,20.0,False,20.0
2024-04-16 07:00:00,163317.0,24.0,False,24.0
2024-04-16 08:00:00,163343.0,26.0,False,26.0
2024-04-16 09:00:00,163380.0,37.0,False,37.0
2024-04-16 10:00:00,163430.0,50.0,False,50.0
2024-04-16 11:00:00,163494.0,64.0,False,64.0
2024-04-16 12:00:00,163567.0,73.0,True,54.67
2024-04-16 13:00:00,163632.0,65.0,False,65.0
2024-04-16 14:00:00,163676.0,44.0,False,44.0
2024-04-16 15:00:00,163726.0,50.0,False,50.0
2024-04-16 16:00:00,163786.0,60.0,False,60.0
2024-04-16 17:00:00,163854.0,68.0,False,68.0
2024-04-16 18:00:00,163912.0,58.0,False,58.0
2024-04-16 19:00:00,163962.0,50.0,False,50.0
2024-04-16 20:00:00,164006.0,44.0,False,44.0
2024-04-16 21:00:00,164042.0,36.0,False,36.0
2024-04-16 22:00:00,164072.0,30.0,False,30.0
2024-04-16 23:00:00,164101.0,29.0,False,29.0
2024-04-17 00:00:00,164126.0,25.0,False,25.0
2024-04-17 01:00:00,164147.0,21.0,False,21.0
2024-04-17 02:00:00,164167.0,20.0,False,20.0
2024-04-17 03:00:00,164186.0,19.0,False,19.0
2024-04-17 04:00:00,164205.0,19.0,False,19.0
2024-04-17 05:00:00,164224.0,19.0,False,19.0
2024-04-17 06:00:00,164243.0,19.0,False,19.0
2024-04-17 07:00:00,164262.0,19.0,False,19.0
2024-04-17 08:00:00,164285.0,23.0,False,23.0
2024-04-17 09:00:00,164319.0,34.0,False,34.0
2024-04-17 10:00:00,164358.0,39.0,False,39.0
2024-04-17 11:00:00,164399.0,41.0,False,41.0
2024-04-17 12:00:00,164445.0,46.0,False,46.0
2024-04-17 13:00:00,164491.0,46.0,False,46.0
2024-04-17 14:00:00,164537.0,46.0,False,46.0
2024-04-17 15:00:00,164593.0,56.0,False,56.0
2024-04-17 16:00:00,164651.0,58.0,False,58.0
2024-04-17 17:00:00,164708.0,57.0,False,57.0
2024-04-17 18:00:00,164764.0,56.0,False,56.0
2024-04-17 19:00:00,164811.0,47.0,False,47.0
2024-04-17 20:00:00,164860.0,49.0,False,49.0
2024-04-17 21:00:00,164905.0,45.0,False,45.0
2024-04-17 22:00:00,164949.0,44.0,False,44.0
2024-04-17 23:00:00,164985.0,36.0,False,36.0
2024-04-18 00:00:00,165020.0,35.0,False,35.0
2024-04-18 01:00:00,165047.0,27.0,False,27.0
2024-04-18 02:00:00,165071.0,24.0,False,24.0
2024-04-18 03:00:00,165098.0,27.0,False,27.0
2024-04-18 04:00:00,165124.0,26.0,False,26.0
2024-04-18 05:00:00,165149.0,25.0,False,25.0
2024-04-18 06:00:00,165173.0,24.0,False,24.0
2024-04-18 07:00:00,165201.0,28.0,False,28.0
2024-04-18 08:00:00,165231.0,30.0,False,30.0
2024-04-18 09:00:00,165268.0,37.0,False,37.0
2024-04-18 10:00:00,165313.0,45.0,False,45.0
2024-04-18 11:00:00,165367.0,54.0,False,54.0
2024-04-18 12:00:00,165416.0,49.0,False,49.0
2024-04-18 13:00:00,165456.0,40.0,False,40.0
2024-04-18 14:00:00,165501.0,45.0,False,45.0
2024-04-18 15:00:00,165555.0,54.0,False,54.0
2024-04-18 16:00:00,165615.0,60.0,False,60.0
2024-04-18 17:00:00,165671.0,56.0,False,56.0
2024-04-18 18:00:00,165722.0,51.0,False,51.0
2024-04-18 19:00:00,165767.0,45.0,False,45.0
2024-04-18 20:00:00,165807.0,40.0,False,40.0
2024-04-18 21:00:00,165846.0,39.0,False,39.0
2024-04-18 22:00:00,165888.0,42.0,False,42.0
2024-04-18 23:00:00,165925.0,37.0,False,37.0
2024-04-19 00:00:00,165963.0,38.0,False,38.0
2024-04-19 01:00:00,165997.0,34.0,False,34.0
2024-04-19 02:00:00,166032.0,35.0,False,35.0
2024-04-19 03:00:00,166063.0,31.0,False,31.0
2024-04-19 04:00:00,166088.0,25.0,False,25.0
2024-04-19 05:00:00,166112.0,24.0,False,24.0
2024-04-19 06:00:00,166138.0,26.0,False,26.0
2024-04-19 07:00:00,166163.0,25.0,False,25.0
2024-04-19 08:00:00,166189.0,26.0,False,26.0
2024-04-19 09:00:00,166229.0,40.0,False,40.0
2024-04-19 10:00:00,166283.0,54.0,False,54.0
2024-04-19 11:00:00,166340.0,57.0,False,57.0
2024-04-19 12:00:00,166392.0,52.0,False,52.0
2024-04-19 13:00:00,166439.0,47.0,False,47.0
2024-04-19 14:00:00,166480.0,41.0,False,41.0
2024-04-19 15:00:00,166533.0,53.0,False,53.0
2024-04-19 16:00:00,166589.0,56.0,False,56.0
2024-04-19 17:00:00,166652.0,63.0,False,63.0
2024-04-19 18:00:00,166703.0,51.0,False,51.0
2024-04-19 19:00:00,166749.0,46.0,False,46.0
2024-04-19 20:00:00,166790.0,41.0,False,41.0
2024-04-19 21:00:00,166832.0,42.0,False,42.0
2024-04-19 22:00:00,166871.0,39.0,False,39.0
2024-04-19 23:00:00,166906.0,35.0,False,35.0
2024-04-20 00:00:00,166938.0,32.0,False,32.0
2024-04-20 01:00:00,166976.0,38.0,False,38.0
2024-04-20 02:00:00,167014.0,38.0,False,38.0
2024-04-20 03:00:00,167046.0,32.0,False,32.0
2024-04-20 04:00:00,167074.0,28.0,False,28.0
2024-04-20 05:00:00,167103.0,29.0,False,29.0
2024-04-20 06:00:00,167130.0,27.0,False,27.0
2024-04-20 07:00:00,167156.0,26.0,False,26.0
2024-04-20 08:00:00,167185.0,29.0,False,29.0
2024-04-20 09:00:00,167215.0,30.0,False,30.0
2024-04-20 10:00:00,167247.0,32.0,False,32.0
2024-04-20 11:00:00,167281.0,34.0,False,34.0
2024-04-20 12:00:00,167319.0,38.0,False,38.0
2024-04-20 13:00:00,167352.0,33.0,False,33.0
2024-04-20 14:00:00,167386.0,34.0,False,34.0
2024-04-20 15:00:00,167420.0,34.0,False,34.0
2024-04-20 16:00:00,167463.0,43.0,False,43.0
2024-04-20 17:00:00,167503.0,40.0,False,40.0
2024-04-20 18:00:00,167543.0,40.0,False,40.0
2024-04-20 19:00:00,167579.0,36.0,False,36.0
2024-04-20 20:00:00,167622.0,43.0,False,43.0
2024-04-20 21:00:00,167663.0,41.0,False,41.0
2024-04-20 22:00:00,167705.0,42.0,False,42.0
2024-04-20 23:00:00,167742.0,37.0,False,37.0
2024-04-21 00:00:00,167777.0,35.0,False,35.0
2024-04-21 01:00:00,167804.0,27.0,False,27.0
2024-04-21 02:00:00,167828.0,24.0,False,24.0
2024-04-21 03:00:00,167853.0,25.0,False,25.0
2024-04-21 04:00:00,167877.0,24.0,False,24.0
2024-04-21 05:00:00,167901.0,24.0,False,24.0
2024-04-21 06:00:00,167923.0,22.0,False,22.0
2024-04-21 07:00:00,167948.0,25.0,False,25.0
2024-04-21 08:00:00,167974.0,26.0,False,26.0
2024-04-21 09:00:00,168000.0,26.0,False,26.0
2024-04-21 10:00:00,168029.0,29.0,False,29.0
2024-04-21 11:00:00,168070.0,41.0,False,41.0
2024-04-21 12:00:00,168101.0,31.0,False,31.0
2024-04-21 13:00:00,168129.0,28.0,False,28.0
2024-04-21 14:00:00,168156.0,27.0,False,27.0
2024-04-21 15:00:00,168184.0,28.0,False,28.0
2024-04-21 16:00:00,168221.0,37.0,False,37.0
2024-04-21 17:00:00,168258.0,37.0,False,37.0
2024-04-21 18:00:00,168292.0,34.0,False,34.0
2024-04-21 19:00:00,168330.0,38.0,False,38.0
2024-04-21 20:00:00,168365.0,35.0,False,35.0
2024-04-21 21:00:00,168401.0,36.0,False,36.0
2024-04-21 22:00:00,168437.0,36.0,False,36.0
2024-04-21 23:00:00,168471.0,34.0,False,34.0
2024-04-22 00:00:00,168503.0,32.0,False,32.0
2024-04-22 01:00:00,168527.0,24.0,False,24.0
2024-04-22 02:00:00,168552.0,25.0,False,25.0
2024-04-22 03:00:00,168575.0,23.0,False,23.0
2024-04-22 04:00:00,168598.0,23.0,False,23.0
2024-04-22 05:00:00,168620.0,22.0,False,22.0
2024-04-22 06:00:00,168645.0,25.0,False,25.0
2024-04-22 07:00:00,168668.0,23.0,False,23.0
2024-04-22 08:00:00,168695.0,27.0,False,27.0
2024-04-22 09:00:00,168731.0,36.0,False,36.0
2024-04-22 10:00:00,168779.0,48.0,False,48.0
2024-04-22 11:00:00,168833.0,54.0,False,54.0
2024-04-22 12:00:00,168886.0,53.0,False,53.0
2024-04-22 13:00:00,168937.0,51.0,False,51.0
2024-04-22 14:00:00,168989.0,52.0,False,52.0
2024-04-22 15:00:00,169050.0,61.0,False,61.0
2024-04-22 16:00:00,169112.0,62.0,False,62.0
2024-04-22 17:00:00,169165.0,53.0,False,53.0
2024-04-22 18:00:00,169228.0,63.0,False,63.0
2024-04-22 19:00:00,169273.0,45.0,False,45.0
2024-04-22 20:00:00,169313.0,40.0,False,40.0
2024-04-22 21:00:00,169355.0,42.0,False,42.0
2024-04-22 22:00:00,169394.0,39.0,False,39.0
2024-04-22 23:00:00,169429.0,35.0,False,35.0
2024-04-23 00:00:00,169461.0,32.0,False,32.0
2024-04-23 01:00:00,169491.0,30.0,False,30.0
2024-04-23 02:00:00,169515.0,24.0,False,24.0
2024-04-23 03:00:00,169537.0,22.0,False,22.0
2024-04-23 04:00:00,169559.0,22.0,False,22.0
2024-04-23 05:00:00,169583.0,24.0,False,24.0
2024-04-23 06:00:00,169606.0,23.0,False,23.0
2024-04-23 07:00:00,169628.0,22.0,False,22.0
2024-04-23 08:00:00,169655.0,27.0,False,27.0
2024-04-23 09:00:00,169697.0,42.0,False,42.0
2024-04-23 10:00:00,169749.0,52.0,False,52.0
2024-04-23 11:00:00,169804.0,55.0,False,55.0
2024-04-23 12:00:00,169863.0,59.0,False,59.0
2024-04-23 13:00:00,169913.0,50.0,False,50.0
2024-04-23 14:00:00,169967.0,54.0,False,54.0
2024-04-23 15:00:00,170027.0,60.0,False,60.0
2024-04-23 16:00:00,170101.0,74.0,True,53.71
2024-04-23 17:00:00,170172.0,71.0,True,53.43
2024-04-23 18:00:00,170236.0,64.0,False,64.0
2024-04-23 19:00:00,170291.0,55.0,False,55.0
2024-04-23 20:00:00,170342.0,51.0,False,51.0
2024-04-23 21:00:00,170390.0,48.0,False,48.0
2024-04-23 22:00:00,170437.0,47.0,False,47.0
2024-04-23 23:00:00,170477.0,40.0,False,40.0
2024-04-24 00:00:00,170507.0,30.0,False,30.0
2024-04-24 01:00:00,170530.0,23.0,False,23.0
2024-04-24 02:00:00,170550.0,20.0,False,20.0
2024-04-24 03:00:00,170571.0,21.0,False,21.0
2024-04-24 04:00:00,170590.0,19.0,False,19.0
2024-04-24 05:00:00,170611.0,21.0,False,21.0
2024-04-24 06:00:00,170632.0,21.0,False,21.0
2024-04-24 07:00:00,170651.0,19.0,False,19.0
2024-04-24 08:00:00,170675.0,24.0,False,24.0
2024-04-24 09:00:00,170708.0,33.0,False,33.0
2024-04-24 10:00:00,170751.0,43.0,False,43.0
2024-04-24 11:00:00,170798.0,47.0,False,47.0
2024-04-24 12:00:00,170847.0,49.0,False,49.0
2024-04-24 13:00:00,170892.0,45.0,False,45.0
2024-04-24 14:00:00,170938.0,46.0,False,46.0
2024-04-24 15:00:00,170992.0,54.0,False,54.0
2024-04-24 16:00:00,171057.0,65.0,False,65.0
2024-04-24 17:00:00,171128.0,71.0,False,71.0
2024-04-24 18:00:00,171184.0,56.0,False,56.0
2024-04-24 19:00:00,171234.0,50.0,False,50.0
2024-04-24 20:00:00,171284.0,50.0,False,50.0
2024-04-24 21:00:00,171326.0,42.0,False,42.0
2024-04-24 22:00:00,171367.0,41.0,False,41.0
2024-04-24 23:00:00,171406.0,39.0,False,39.0
2024-04-25 00:00:00,171439.0,33.0,False,33.0
2024-04-25 01:00:00,171469.0,30.0,False,30.0
2024-04-25 02:00:00,171497.0,28.0,False,28.0
2024-04-25 03:00:00,171524.0,27.0,False,27.0
2024-04-25 04:00:00,171548.0,24.0,False,24.0
2024-04-25 05:00:00,171577.0,29.0,False,29.0
2024-04-25 06:00:00,171604.0,27.0,False,27.0
2024-04-25 07:00:00,171631.0,27.0,False,27.0
2024-04-25 08:00:00,171660.0,29.0,False,29.0
2024-04-25 09:00:00,171702.0,42.0,False,42.0
2024-04-25 10:00:00,171753.0,51.0,False,51.0
2024-04-25 11:00:00,171806.0,53.0,False,53.0
2024-04-25 12:00:00,171860.0,54.0,False,54.0
2024-04-25 13:00:00,171911.0,51.0,False,51.0
2024-04-25 14:00:00,171962.0,51.0,False,51.0
2024-04-25 15:00:00,172021.0,59.0,False,59.0
2024-04-25 16:00:00,172091.0,70.0,False,70.0
2024-04-25 17:00:00,172159.0,68.0,False,68.0
2024-04-25 18:00:00,172234.0,75.0,False,75.0
2024-04-25 19:00:00,172292.0,58.0,False,58.0
2024-04-25 20:00:00,172347.0,55.0,False,55.0
2024-04-25 21:00:00,172401.0,54.0,False,54.0
2024-04-25 22:00:00,172449.0,48.0,False,48.0
2024-04-25 23:00:00,172490.0,41.0,False,41.0
2024-04-26 00:00:00,172528.0,38.0,False,38.0
2024-04-26 01:00:00,172557.0,29.0,False,29.0
2024-04-26 02:00:00,172583.0,26.0,False,26.0
2024-04-26 03:00:00,172609.0,26.0,False,26.0
2024-04-26 04:00:00,172637.0,28.0,False,28.0
2024-04-26 05:00:00,172662.0,25.0,False,25.0
2024-04-26 06:00:00,172687.0,25.0,False,25.0
2024-04-26 07:00:00,172713.0,26.0,False,26.0
2024-04-26 08:00:00,172742.0,29.0,False,29.0
2024-04-26 09:00:00,172784.0,42.0,False,42.0
2024-04-26 10:00:00,172841.0,57.0,False,57.0
2024-04-26 11:00:00,172912.0,71.0,False,71.0
2024-04-26 12:00:00,172978.0,66.0,False,66.0
2024-04-26 13:00:00,173034.0,56.0,False,56.0
2024-04-26 14:00:00,173092.0,58.0,False,58.0
2024-04-26 15:00:00,173162.0,70.0,False,70.0
2024-04-26 16:00:00,173243.0,81.0,False,81.0
2024-04-26 17:00:00,173323.0,80.0,False,80.0
2024-04-26 18:00:00,173390.0,67.0,False,67.0
2024-04-26 19:00:00,173451.0,61.0,False,61.0
2024-04-26 20:00:00,173504.0,53.0,False,53.0
2024-04-26 21:00:00,173552.0,48.0,False,48.0
2024-04-26 22:00:00,173599.0,47.0,False,47.0
2024-04-26 23:00:00,173640.0,41.0,False,41.0
2024-04-27 00:00:00,173676.0,36.0,False,36.0
2024-04-27 01:00:00,173704.0,28.0,False,28.0
2024-04-27 02:00:00,173733.0,29.0,False,29.0
2024-04-27 03:00:00,173757.0,24.0,False,24.0
2024-04-27 04:00:00,173781.0,24.0,False,24.0
2024-04-27 05:00:00,173804.0,23.0,False,23.0
2024-04-27 06:00:00,173830.0,26.0,False,26.0
2024-04-27 07:00:00,173854.0,24.0,False,24.0
2024-04-27 08:00:00,173878.0,24.0,False,24.0
2024-04-27 09:00:00,173907.0,29.0,False,29.0
2024-04-27 10:00:00,173945.0,38.0,False,38.0
2024-04-27 11:00:00,173996.0,51.0,False,51.0
2024-04-27 12:00:00,174053.0,57.0,False,57.0
2024-04-27 13:00:00,174113.0,60.0,False,60.0
2024-04-27 14:00:00,174173.0,60.0,False,60.0
2024-04-27 15:00:00,174235.0,62.0,False,62.0
2024-04-27 16:00:00,174313.0,78.0,False,78.0
2024-04-27 17:00:00,174385.0,72.0,False,72.0
2024-04-27 18:00:00,174447.0,62.0,False,62.0
2024-04-27 19:00:00,174506.0,59.0,False,59.0
2024-04-27 20:00:00,174565.0,59.0,False,59.0
2024-04-27 21:00:00,174618.0,53.0,False,53.0
2024-04-27 22:00:00,174664.0,46.0,False,46.0
2024-04-27 23:00:00,174707.0,43.0,False,43.0
2024-04-28 00:00:00,174751.0,44.0,False,44.0
2024-04-28 01:00:00,174793.0,42.0,False,42.0
2024-04-28 02:00:00,174829.0,36.0,False,36.0
2024-04-28 03:00:00,174855.0,26.0,False,26.0
2024-04-28 04:00:00,174879.0,24.0,False,24.0
2024-04-28 05:00:00,174907.0,28.0,False,28.0
2024-04-28 06:00:00,174931.0,24.0,False,24.0
2024-04-28 07:00:00,174956.0,25.0,False,25.0
2024-04-28 08:00:00,174984.0,28.0,False,28.0
2024-04-28 09:00:00,175027.0,43.0,False,43.0
2024-04-28 10:00:00,175077.0,50.0,False,50.0
2024-04-28 11:00:00,175137.0,60.0,False,60.0
2024-04-28 12:00:00,175201.0,64.0,False,64.0
2024-04-28 13:00:00,175263.0,62.0,False,62.0
2024-04-28 14:00:00,175321.0,58.0,False,58.0
2024-04-28 15:00:00,175394.0,73.0,False,73.0
2024-04-28 16:00:00,175487.0,93.0,False,93.0
2024-04-28 17:00:00,175573.0,86.0,False,86.0
2024-04-28 18:00:00,175645.0,72.0,False,72.0
2024-04-28 19:00:00,175706.0,61.0,False,61.0
2024-04-28 20:00:00,175765.0,59.0,False,59.0
2024-04-28 21:00:00,175820.0,55.0,False,55.0
2024-04-28 22:00:00,175868.0,48.0,False,48.0
2024-04-28 23:00:00,175910.0,42.0,False,42.0
2024-04-29 00:00:00,175948.0,38.0,False,38.0
2024-04-29 01:00:00,175978.0,30.0,False,30.0
2024-04-29 02:00:00,176004.0,26.0,False,26.0
2024-04-29 03:00:00,176030.0,26.0,False,26.0
2024-04-29 04:00:00,176057.0,27.0,False,27.0
2024-04-29 05:00:00,176082.0,25.0,False,25.0
2024-04-29 06:00:00,176106.0,24.0,False,24.0
2024-04-29 07:00:00,176131.0,25.0,False,25.0
2024-04-29 08:00:00,176158.0,27.0,False,27.0
2024-04-29 09:00:00,176198.0,40.0,False,40.0
2024-04-29 10:00:00,176242.0,44.0,False,44.0
2024-04-29 11:00:00,176296.0,54.0,False,54.0
2024-04-29 12:00:00,176348.0,52.0,False,52.0
2024-04-29 13:00:00,176395.0,47.0,False,47.0
2024-04-29 14:00:00,176444.0,49.0,False,49.0
2024-04-29 15:00:00,176507.0,63.0,False,63.0
2024-04-29 16:00:00,176568.0,61.0,False,61.0
2024-04-29 17:00:00,176622.0,54.0,False,54.0
2024-04-29 18:00:00,176670.0,48.0,False,48.0
2024-04-29 19:00:00,176722.0,52.0,False,52.0
2024-04-29 20:00:00,176771.0,49.0,False,49.0
2024-04-29 21:00:00,176813.0,42.0,False,42.0
2024-04-29 22:00:00,176852.0,39.0,False,39.0
2024-04-29 23:00:00,176890.0,38.0,False,38.0
2024-04-30 00:00:00,176923.0,33.0,False,33.0
2024-04-30 01:00:00,176950.0,27.0,False,27.0
2024-04-30 02:00:00,176975.0,25.0,False,25.0
2024-04-30 03:00:00,177001.0,26.0,False,26.0
2024-04-30 04:00:00,177024.0,23.0,False,23.0
2024-04-30 05:00:00,177046.0,22.0,False,22.0
2024-04-30 06:00:00,177070.0,24.0,False,24.0
2024-04-30 07:00:00,177094.0,24.0,False,24.0
2024-04-30 08:00:00,177120.0,26.0,False,26.0
2024-04-30 09:00:00,177156.0,36.0,False,36.0
2024-04-30 10:00:00,177199.0,43.0,False,43.0
2024-04-30 11:00:00,177245.0,46.0,False,46.0
2024-04-30 12:00:00,177288.0,43.0,False,43.0
2024-04-30 13:00:00,,,False,53.0
2024-04-30 14:00:00,177360.0,,False,53.71
2024-04-30 15:00:00,177406.0,46.0,False,46.0
2024-04-30 16:00:00,177450.0,44.0,False,44.0
2024-04-30 17:00:00,177490.0,40.0,False,40.0
2024-04-30 18:00:00,177532.0,42.0,False,42.0
2024-04-30 19:00:00,177566.0,34.0,False,34.0
2024-04-30 20:00:00,177596.0,30.0,False,30.0
2024-04-30 21:00:00,177626.0,30.0,False,30.0
2024-04-30 22:00:00,177657.0,31.0,False,31.0
2024-04-30 23:00:00,177685.0,28.0,False,28.0
2024-05-01 00:00:00,177710.0,25.0,False,25.0
2024-05-01 01:00:00,177731.0,21.0,False,21.0
2024-05-01 02:00:00,177749.0,18.0,False,18.0
2024-05-01 03:00:00,177766.0,17.0,False,17.0
2024-05-01 04:00:00,177784.0,18.0,False,18.0
2024-05-01 05:00:00,177801.0,17.0,False,17.0
2024-05-01 06:00:00,177818.0,17.0,False,17.0
2024-05-01 07:00:00,177835.0,17.0,False,17.0
2024-05-01 08:00:00,177855.0,20.0,False,20.0
2024-05-01 09:00:00,177879.0,24.0,False,24.0
2024-05-01 10:00:00,177901.0,22.0,False,22.0
2024-05-01 11:00:00,177923.0,22.0,False,22.0
2024-05-01 12:00:00,177946.0,23.0,False,23.0
2024-05-01 13:00:00,177968.0,22.0,False,22.0
2024-05-01 14:00:00,177990.0,22.0,False,22.0
2024-05-01 15:00:00,178016.0,26.0,False,26.0
2024-05-01 16:00:00,178047.0,31.0,False,31.0
2024-05-01 17:00:00,178077.0,30.0,False,30.0
2024-05-01 18:00:00,178106.0,29.0,False,29.0
2024-05-01 19:00:00,178135.0,29.0,False,29.0
2024-05-01 20:00:00,178162.0,27.0,False,27.0
2024-05-01 21:00:00,178188.0,26.0,False,26.0
2024-05-01 22:00:00,178215.0,27.0,False,27.0
2024-05-01 23:00:00,178240.0,25.0,False,25.0
2024-05-02 00:00:00,178265.0,25.0,False,25.0
2024-05-02 01:00:00,178286.0,21.0,False,21.0
2024-05-02 02:00:00,178304.0,18.0,False,18.0
2024-05-02 03:00:00,178322.0,18.0,False,18.0
2024-05-02 04:00:00,178340.0,18.0,False,18.0
2024-05-02 05:00:00,178357.0,17.0,False,17.0
2024-05-02 06:00:00,178374.0,17.0,False,17.0
2024-05-02 07:00:00,178391.0,17.0,False,17.0
2024-05-02 08:00:00,178410.0,19.0,False,19.0
2024-05-02 09:00:00,178431.0,21.0,False,21.0
2024-05-02 10:00:00,178455.0,24.0,False,24.0
2024-05-02 11:00:00,178488.0,33.0,False,33.0
2024-05-02 12:00:00,178523.0,35.0,False,35.0
2024-05-02 13:00:00,178552.0,29.0,False,29.0
2024-05-02 14:00:00,178577.0,25.0,False,25.0
2024-05-02 15:00:00,178605.0,28.0,False,28.0
2024-05-02 16:00:00,178633.0,28.0,False,28.0
2024-05-02 17:00:00,178661.0,28.0,False,28.0
2024-05-02 18:00:00,178692.0,31.0,False,31.0
2024-05-02 19:00:00,178721.0,29.0,False,29.0
2024-05-02 20:00:00,178750.0,29.0,False,29.0
2024-05-02 21:00:00,178780.0,30.0,False,30.0
2024-05-02 22:00:00,178808.0,28.0,False,28.0
2024-05-02 23:00:00,178834.0,26.0,False,26.0
2024-05-03 00:00:00,178856.0,22.0,False,22.0
2024-05-03 01:00:00,178876.0,20.0,False,20.0
2024-05-03 02:00:00,178895.0,19.0,False,19.0
2024-05-03 03:00:00,178913.0,18.0,False,18.0
2024-05-03 04:00:00,178931.0,18.0,False,18.0
2024-05-03 05:00:00,178949.0,18.0,False,18.0
2024-05-03 06:00:00,178967.0,18.0,False,18.0
2024-05-03 07:00:00,178984.0,17.0,False,17.0
2024-05-03 08:00:00,179005.0,21.0,False,21.0
2024-05-03 09:00:00,179027.0,22.0,False,22.0
2024-05-03 10:00:00,179052.0,25.0,False,25.0
2024-05-03 11:00:00,179076.0,24.0,False,24.0
2024-05-03 12:00:00,179102.0,26.0,False,26.0
2024-05-03 13:00:00,179126.0,24.0,False,24.0
2024-05-03 14:00:00,179150.0,24.0,False,24.0
2024-05-03 15:00:00,179177.0,27.0,False,27.0
2024-05-03 16:00:00,179209.0,32.0,False,32.0
2024-05-03 17:00:00,179238.0,29.0,False,29.0
2024-05-03 18:00:00,179270.0,32.0,False,32.0
2024-05-03 19:00:00,179302.0,32.0,False,32.0
2024-05-03 20:00:00,179333.0,31.0,False,31.0
2024-05-03 21:00:00,179364.0,31.0,False,31.0
2024-05-03 22:00:00,179390.0,26.0,False,26.0
2024-05-03 23:00:00,179414.0,24.0,False,24.0
2024-05-04 00:00:00,179437.0,23.0,False,23.0
2024-05-04 01:00:00,179455.0,18.0,False,18.0
2024-05-04 02:00:00,179471.0,16.0,False,16.0
2024-05-04 03:00:00,179488.0,17.0,False,17.0
2024-05-04 04:00:00,179504.0,16.0,False,16.0
2024-05-04 05:00:00,179520.0,16.0,False,16.0
2024-05-04 06:00:00,179536.0,16.0,False,16.0
2024-05-04 07:00:00,179551.0,15.0,False,15.0
2024-05-04 08:00:00,179569.0,18.0,False,18.0
2024-05-04 09:00:00,179590.0,21.0,False,21.0
2024-05-04 10:00:00,179612.0,22.0,False,22.0
2024-05-04 11:00:00,179636.0,24.0,False,24.0
2024-05-04 12:00:00,179661.0,25.0,False,25.0
2024-05-04 13:00:00,179689.0,28.0,False,28.0
2024-05-04 14:00:00,179727.0,38.0,False,38.0
2024-05-04 15:00:00,179769.0,42.0,False,42.0
2024-05-04 16:00:00,179808.0,39.0,False,39.0
2024-05-04 17:00:00,179844.0,36.0,False,36.0
2024-05-04 18:00:00,179874.0,30.0,False,30.0
2024-05-04 19:00:00,179903.0,29.0,False,29.0
2024-05-04 20:00:00,179931.0,28.0,False,28.0
2024-05-04 21:00:00,179959.0,28.0,False,28.0
2024-05-04 22:00:00,179983.0,24.0,False,24.0
2024-05-04 23:00:00,180005.0,22.0,False,22.0
2024-05-05 00:00:00,180027.0,22.0,False,22.0
2024-05-05 01:00:00,180043.0,16.0,False,16.0
2024-05-05 02:00:00,180060.0,17.0,False,17.0
2024-05-05 03:00:00,180076.0,16.0,False,16.0
2024-05-05 04:00:00,180092.0,16.0,False,16.0
2024-05-05 05:00:00,180107.0,15.0,False,15.0
2024-05-05 06:00:00,180123.0,16.0,False,16.0
2024-05-05 07:00:00,180138.0,15.0,False,15.0
2024-05-05 08:00:00,180156.0,18.0,False,18.0
2024-05-05 09:00:00,180176.0,20.0,False,20.0
2024-05-05 10:00:00,180196.0,20.0,False,20.0
2024-05-05 11:00:00,180216.0,20.0,False,20.0
2024-05-05 12:00:00,180238.0,22.0,False,22.0
2024-05-05 13:00:00,180261.0,23.0,False,23.0
2024-05-05 14:00:00,180283.0,22.0,False,22.0
2024-05-05 15:00:00,180307.0,24.0,False,24.0
2024-05-05 16:00:00,180334.0,27.0,False,27.0
2024-05-05 17:00:00,180368.0,34.0,False,34.0
2024-05-05 18:00:00,180403.0,35.0,False,35.0
2024-05-05 19:00:00,180436.0,33.0,False,33.0
2024-05-05 20:00:00,180471.0,35.0,False,35.0
2024-05-05 21:00:00,180501.0,30.0,False,30.0
2024-05-05 22:00:00,180530.0,29.0,False,29.0
2024-05-05 23:00:00,180563.0,33.0,False,33.0
2024-05-06 00:00:00,180596.0,33.0,False,33.0
2024-05-06 01:00:00,180622.0,26.0,False,26.0
2024-05-06 02:00:00,180639.0,17.0,False,17.0
2024-05-06 03:00:00,180654.0,15.0,False,15.0
2024-05-06 04:00:00,180670.0,16.0,False,16.0
2024-05-06 05:00:00,180685.0,15.0,False,15.0
2024-05-06 06:00:00,180701.0,16.0,False,16.0
2024-05-06 07:00:00,180716.0,15.0,False,15.0
2024-05-06 08:00:00,180736.0,20.0,False,20.0
2024-05-06 09:00:00,180770.0,34.0,False,34.0
2024-05-06 10:00:00,180810.0,40.0,False,40.0
2024-05-06 11:00:00,180853.0,43.0,False,43.0
2024-05-06 12:00:00,180901.0,48.0,False,48.0
2024-05-06 13:00:00,180940.0,39.0,False,39.0
2024-05-06 14:00:00,180979.0,39.0,False,39.0
2024-05-06 15:00:00,181018.0,39.0,False,39.0
2024-05-06 16:00:00,181062.0,44.0,False,44.0
2024-05-06 17:00:00,181109.0,47.0,False,47.0
2024-05-06 18:00:00,181158.0,49.0,False,49.0
2024-05-06 19:00:00,181204.0,46.0,False,46.0
2024-05-06 20:00:00,181243.0,39.0,False,39.0
2024-05-06 21:00:00,181277.0,34.0,False,34.0
2024-05-06 22:00:00,181309.0,32.0,False,32.0
2024-05-06 23:00:00,181339.0,30.0,False,30.0
2024-05-07 00:00:00,181367.0,28.0,False,28.0
2024-05-07 01:00:00,181388.0,21.0,False,21.0
2024-05-07 02:00:00,181406.0,18.0,False,18.0
2024-05-07 03:00:00,181425.0,19.0,False,19.0
2024-05-07 04:00:00,181442.0,17.0,False,17.0
2024-05-07 05:00:00,181460.0,18.0,False,18.0
2024-05-07 06:00:00,181478.0,18.0,False,18.0
2024-05-07 07:00:00,181495.0,17.0,False,17.0
2024-05-07 08:00:00,181517.0,22.0,False,22.0
2024-05-07 09:00:00,181549.0,32.0,False,32.0
2024-05-07 10:00:00,181590.0,41.0,False,41.0
2024-05-07 11:00:00,181634.0,44.0,False,44.0
2024-05-07 12:00:00,181679.0,45.0,False,45.0
2024-05-07 13:00:00,181724.0,45.0,False,45.0
2024-05-07 14:00:00,181760.0,36.0,False,36.0
2024-05-07 15:00:00,181802.0,42.0,False,42.0
2024-05-07 16:00:00,181853.0,51.0,False,51.0
2024-05-07 17:00:00,181909.0,56.0,False,56.0
2024-05-07 18:00:00,181969.0,60.0,False,60.0
2024-05-07 19:00:00,182033.0,64.0,False,64.0
2024-05-07 20:00:00,182094.0,61.0,False,61.0
2024-05-07 21:00:00,182133.0,39.0,False,39.0
2024-05-07 22:00:00,182164.0,31.0,False,31.0
2024-05-07 23:00:00,182194.0,30.0,False,30.0
2024-05-08 00:00:00,182219.0,25.0,False,25.0
2024-05-08 01:00:00,182240.0,21.0,False,21.0
2024-05-08 02:00:00,182258.0,18.0,False,18.0
2024-05-08 03:00:00,182275.0,17.0,False,17.0
2024-05-08 04:00:00,182292.0,17.0,False,17.0
2024-05-08 05:00:00,182309.0,17.0,False,17.0
2024-05-08 06:00:00,182326.0,17.0,False,17.0
2024-05-08 07:00:00,182345.0,19.0,False,19.0
2024-05-08 08:00:00,182366.0,21.0,False,21.0
2024-05-08 09:00:00,182403.0,37.0,False,37.0
2024-05-08 10:00:00,182460.0,57.0,False,57.0
2024-05-08 11:00:00,182525.0,65.0,False,65.0
2024-05-08 12:00:00,182596.0,71.0,False,71.0
2024-05-08 13:00:00,182649.0,53.0,False,53.0
2024-05-08 14:00:00,182696.0,47.0,False,47.0
2024-05-08 15:00:00,182753.0,57.0,False,57.0
2024-05-08 16:00:00,182814.0,61.0,False,61.0
2024-05-08 17:00:00,182876.0,62.0,False,62.0
2024-05-08 18:00:00,182943.0,67.0,False,67.0
2024-05-08 19:00:00,183009.0,66.0,False,66.0
2024-05-08 20:00:00,183066.0,57.0,False,57.0
2024-05-08 21:00:00,183105.0,39.0,False,39.0
2024-05-08 22:00:00,183144.0,39.0,False,39.0
2024-05-08 23:00:00,183182.0,38.0,False,38.0
2024-05-09 00:00:00,183213.0,31.0,False,31.0
2024-05-09 01:00:00,183246.0,33.0,False,33.0
2024-05-09 02:00:00,183280.0,34.0,False,34.0
2024-05-09 03:00:00,183309.0,29.0,False,29.0
2024-05-09 04:00:00,183331.0,22.0,False,22.0
2024-05-09 05:00:00,183350.0,19.0,False,19.0
2024-05-09 06:00:00,183368.0,18.0,False,18.0
2024-05-09 07:00:00,183386.0,18.0,False,18.0
2024-05-09 08:00:00,183406.0,20.0,False,20.0
2024-05-09 09:00:00,183443.0,37.0,False,37.0
2024-05-09 10:00:00,183488.0,45.0,False,45.0
2024-05-09 11:00:00,183546.0,58.0,False,58.0
2024-05-09 12:00:00,183615.0,69.0,False,69.0
2024-05-09 13:00:00,183684.0,69.0,False,69.0
2024-05-09 14:00:00,183736.0,52.0,False,52.0
2024-05-09 15:00:00,183791.0,55.0,False,55.0
2024-05-09 16:00:00,183850.0,59.0,False,59.0
2024-05-09 17:00:00,183927.0,77.0,False,77.0
2024-05-09 18:00:00,183997.0,70.0,False,70.0
2024-05-09 19:00:00,184055.0,58.0,False,58.0
2024-05-09 20:00:00,184109.0,54.0,False,54.0
2024-05-09 21:00:00,184156.0,47.0,False,47.0
2024-05-09 22:00:00,184199.0,43.0,False,43.0
2024-05-09 23:00:00,184245.0,46.0,False,46.0
2024-05-10 00:00:00,184293.0,48.0,False,48.0
2024-05-10 01:00:00,184315.0,22.0,False,22.0
2024-05-10 02:00:00,184335.0,20.0,False,20.0
2024-05-10 03:00:00,184354.0,19.0,False,19.0
2024-05-10 04:00:00,184374.0,20.0,False,20.0
2024-05-10 05:00:00,184393.0,19.0,False,19.0
2024-05-10 06:00:00,184411.0,18.0,False,18.0
2024-05-10 07:00:00,184429.0,18.0,False,18.0
2024-05-10 08:00:00,184450.0,21.0,False,21.0
2024-05-10 09:00:00,184484.0,34.0,False,34.0
2024-05-10 10:00:00,184528.0,44.0,False,44.0
2024-05-10 11:00:00,184579.0,51.0,False,51.0
2024-05-10 12:00:00,184631.0,52.0,False,52.0
2024-05-10 13:00:00,184677.0,46.0,False,46.0
2024-05-10 14:00:00,184724.0,47.0,False,47.0
2024-05-10 15:00:00,184784.0,60.0,False,60.0
2024-05-10 16:00:00,184852.0,68.0,False,68.0
2024-05-10 17:00:00,184918.0,66.0,False,66.0
2024-05-10 18:00:00,184984.0,66.0,False,66.0
2024-05-10 19:00:00,185039.0,55.0,False,55.0
2024-05-10 20:00:00,185088.0,49.0,False,49.0
2024-05-10 21:00:00,185129.0,41.0,False,41.0
2024-05-10 22:00:00,185165.0,36.0,False,36.0
2024-05-10 23:00:00,185198.0,33.0,False,33.0
2024-05-11 00:00:00,185226.0,28.0,False,28.0
2024-05-11 01:00:00,185247.0,21.0,False,21.0
2024-05-11 02:00:00,185267.0,20.0,False,20.0
2024-05-11 03:00:00,185287.0,20.0,False,20.0
2024-05-11 04:00:00,185307.0,20.0,False,20.0
2024-05-11 05:00:00,185326.0,19.0,False,19.0
2024-05-11 06:00:00,185346.0,20.0,False,20.0
2024-05-11 07:00:00,185366.0,20.0,False,20.0
2024-05-11 08:00:00,185389.0,23.0,False,23.0
2024-05-11 09:00:00,185422.0,33.0,False,33.0
2024-05-11 10:00:00,185459.0,37.0,False,37.0
2024-05-11 11:00:00,185502.0,43.0,False,43.0
2024-05-11 12:00:00,185549.0,47.0,False,47.0
2024-05-11 13:00:00,185590.0,41.0,False,41.0
2024-05-11 14:00:00,185638.0,48.0,False,48.0
2024-05-11 15:00:00,185690.0,52.0,False,52.0
2024-05-11 16:00:00,185746.0,56.0,False,56.0
2024-05-11 17:00:00,185801.0,55.0,False,55.0
2024-05-11 18:00:00,185848.0,47.0,False,47.0
2024-05-11 19:00:00,185889.0,41.0,False,41.0
2024-05-11 20:00:00,185924.0,35.0,False,35.0
2024-05-11 21:00:00,185959.0,35.0,False,35.0
2024-05-11 22:00:00,185991.0,32.0,False,32.0
2024-05-11 23:00:00,186021.0,30.0,False,30.0
2024-05-12 00:00:00,186046.0,25.0,False,25.0
2024-05-12 01:00:00,186067.0,21.0,False,21.0
2024-05-12 02:00:00,186084.0,17.0,False,17.0
2024-05-12 03:00:00,186101.0,17.0,False,17.0
2024-05-12 04:00:00,186118.0,17.0,False,17.0
2024-05-12 05:00:00,186135.0,17.0,False,17.0
2024-05-12 06:00:00,186151.0,16.0,False,16.0
2024-05-12 07:00:00,186168.0,17.0,False,17.0
2024-05-12 08:00:00,186187.0,19.0,False,19.0
2024-05-12 09:00:00,186211.0,24.0,False,24.0
2024-05-12 10:00:00,186236.0,25.0,False,25.0
2024-05-12 11:00:00,186265.0,29.0,False,29.0
2024-05-12 12:00:00,186295.0,30.0,False,30.0
2024-05-12 13:00:00,186331.0,36.0,False,36.0
2024-05-12 14:00:00,186367.0,36.0,False,36.0
2024-05-12 15:00:00,186406.0,39.0,False,39.0
2024-05-12 16:00:00,186447.0,41.0,False,41.0
2024-05-12 17:00:00,186487.0,40.0,False,40.0
2024-05-12 18:00:00,186529.0,42.0,False,42.0
2024-05-12 19:00:00,186573.0,44.0,False,44.0
2024-05-12 20:00:00,186618.0,45.0,False,45.0
2024-05-12 21:00:00,186657.0,39.0,False,39.0
2024-05-12 22:00:00,186689.0,32.0,False,32.0
2024-05-12 23:00:00,186719.0,30.0,False,30.0
2024-05-13 00:00:00,186746.0,27.0,False,27.0
2024-05-13 01:00:00,186769.0,23.0,False,23.0
2024-05-13 02:00:00,186789.0,20.0,False,20.0
2024-05-13 03:00:00,186808.0,19.0,False,19.0
2024-05-13 04:00:00,186828.0,20.0,False,20.0
2024-05-13 05:00:00,186847.0,19.0,False,19.0
2024-05-13 06:00:00,186866.0,19.0,False,19.0
2024-05-13 07:00:00,186886.0,20.0,False,20.0
2024-05-13 08:00:00,186909.0,23.0,False,23.0
2024-05-13 09:00:00,186944.0,35.0,False,35.0
2024-05-13 10:00:00,186987.0,43.0,False,43.0
2024-05-13 11:00:00,187044.0,57.0,False,57.0
2024-05-13 12:00:00,187109.0,65.0,False,65.0
2024-05-13 13:00:00,187170.0,61.0,False,61.0
2024-05-13 14:00:00,187241.0,71.0,False,71.0
2024-05-13 15:00:00,187302.0,61.0,False,61.0
2024-05-13 16:00:00,187377.0,75.0,False,75.0
2024-05-13 17:00:00,187455.0,78.0,False,78.0
2024-05-13 18:00:00,187528.0,73.0,False,73.0
2024-05-13 19:00:00,187584.0,56.0,False,56.0
2024-05-13 20:00:00,187634.0,50.0,False,50.0
2024-05-13 21:00:00,187681.0,47.0,False,47.0
2024-05-13 22:00:00,187734.0,53.0,False,53.0
2024-05-13 23:00:00,187786.0,52.0,False,52.0
2024-05-14 00:00:00,187836.0,50.0,False,50.0
2024-05-14 01:00:00,187861.0,25.0,False,25.0
2024-05-14 02:00:00,187883.0,22.0,False,22.0
2024-05-14 03:00:00,187904.0,21.0,False,21.0
2024-05-14 04:00:00,187926.0,22.0,False,22.0
2024-05-14 05:00:00,187946.0,20.0,False,20.0
2024-05-14 06:00:00,187966.0,20.0,False,20.0
2024-05-14 07:00:00,187986.0,20.0,False,20.0
2024-05-14 08:00:00,188011.0,25.0,False,25.0
2024-05-14 09:00:00,188056.0,45.0,False,45.0
2024-05-14 10:00:00,188113.0,57.0,False,57.0
2024-05-14 11:00:00,188184.0,71.0,False,71.0
2024-05-14 12:00:00,188256.0,72.0,False,72.0
2024-05-14 13:00:00,188317.0,61.0,False,61.0
2024-05-14 14:00:00,188380.0,63.0,False,63.0
2024-05-14 15:00:00,188456.0,76.0,False,76.0
2024-05-14 16:00:00,188555.0,99.0,False,99.0
2024-05-14 17:00:00,188655.0,100.0,True,62.0
2024-05-14 18:00:00,188737.0,82.0,False,82.0
2024-05-14 19:00:00,188803.0,66.0,False,66.0
2024-05-14 20:00:00,188868.0,65.0,False,65.0
2024-05-14 21:00:00,188936.0,68.0,False,68.0
2024-05-14 22:00:00,188998.0,62.0,False,62.0
2024-05-14 23:00:00,189053.0,55.0,False,55.0
2024-05-15 00:00:00,189087.0,34.0,False,34.0
2024-05-15 01:00:00,189112.0,25.0,False,25.0
2024-05-15 02:00:00,189135.0,23.0,False,23.0
2024-05-15 03:00:00,189156.0,21.0,False,21.0
2024-05-15 04:00:00,189178.0,22.0,False,22.0
2024-05-15 05:00:00,189199.0,21.0,False,21.0
2024-05-15 06:00:00,189220.0,21.0,False,21.0
2024-05-15 07:00:00,189241.0,21.0,False,21.0
2024-05-15 08:00:00,189265.0,24.0,False,24.0
2024-05-15 09:00:00,189305.0,40.0,False,40.0
2024-05-15 10:00:00,189356.0,51.0,False,51.0
2024-05-15 11:00:00,189412.0,56.0,False,56.0
2024-05-15 12:00:00,189475.0,63.0,False,63.0
2024-05-15 13:00:00,189538.0,63.0,False,63.0
2024-05-15 14:00:00,189609.0,71.0,False,71.0
2024-05-15 15:00:00,189701.0,92.0,False,92.0
2024-05-15 16:00:00,189802.0,101.0,False,101.0
2024-05-15 17:00:00,189890.0,88.0,False,88.0
2024-05-15 18:00:00,189970.0,80.0,False,80.0
2024-05-15 19:00:00,190039.0,69.0,False,69.0
2024-05-15 20:00:00,190095.0,56.0,False,56.0
2024-05-15 21:00:00,190146.0,51.0,False,51.0
2024-05-15 22:00:00,190197.0,51.0,False,51.0
2024-05-15 23:00:00,190250.0,53.0,False,53.0
2024-05-16 00:00:00,190294.0,44.0,False,44.0
2024-05-16 01:00:00,190337.0,43.0,False,43.0
2024-05-16 02:00:00,190368.0,31.0,False,31.0
2024-05-16 03:00:00,190389.0,21.0,False,21.0
2024-05-16 04:00:00,190410.0,21.0,False,21.0
2024-05-16 05:00:00,190430.0,20.0,False,20.0
2024-05-16 06:00:00,190451.0,21.0,False,21.0
2024-05-16 07:00:00,190472.0,21.0,False,21.0
2024-05-16 08:00:00,190496.0,24.0,False,24.0
2024-05-16 09:00:00,190537.0,41.0,False,41.0
2024-05-16 10:00:00,190590.0,53.0,False,53.0
2024-05-16 11:00:00,190650.0,60.0,False,60.0
2024-05-16 12:00:00,190711.0,61.0,False,61.0
2024-05-16 13:00:00,190771.0,60.0,False,60.0
2024-05-16 14:00:00,190840.0,69.0,False,69.0
2024-05-16 15:00:00,190927.0,87.0,False,87.0
2024-05-16 16:00:00,191027.0,100.0,False,100.0
2024-05-16 17:00:00,191139.0,112.0,True,67.33
2024-05-16 18:00:00,191229.0,90.0,False,90.0
2024-05-16 19:00:00,191309.0,80.0,False,80.0
2024-05-16 20:00:00,191383.0,74.0,False,74.0
2024-05-16 21:00:00,191440.0,57.0,False,57.0
2024-05-16 22:00:00,191489.0,49.0,False,49.0
2024-05-16 23:00:00,191525.0,36.0,False,36.0
2024-05-17 00:00:00,191560.0,35.0,False,35.0
2024-05-17 01:00:00,191585.0,25.0,False,25.0
2024-05-17 02:00:00,191607.0,22.0,False,22.0
2024-05-17 03:00:00,191627.0,20.0,False,20.0
2024-05-17 04:00:00,191646.0,19.0,False,19.0
2024-05-17 05:00:00,191666.0,20.0,False,20.0
2024-05-17 06:00:00,191686.0,20.0,False,20.0
2024-05-17 07:00:00,191705.0,19.0,False,19.0
2024-05-17 08:00:00,191728.0,23.0,False,23.0
2024-05-17 09:00:00,191764.0,36.0,False,36.0
2024-05-17 10:00:00,191819.0,55.0,False,55.0
2024-05-17 11:00:00,191880.0,61.0,False,61.0
2024-05-17 12:00:00,191949.0,69.0,False,69.0
2024-05-17 13:00:00,192018.0,69.0,False,69.0
2024-05-17 14:00:00,192091.0,73.0,False,73.0
2024-05-17 15:00:00,192176.0,85.0,False,85.0
2024-05-17 16:00:00,192280.0,104.0,False,104.0
2024-05-17 17:00:00,192380.0,100.0,False,100.0
2024-05-17 18:00:00,192466.0,86.0,False,86.0
2024-05-17 19:00:00,192541.0,75.0,False,75.0
2024-05-17 20:00:00,192602.0,61.0,False,61.0
2024-05-17 21:00:00,192659.0,57.0,False,57.0
2024-05-17 22:00:00,192710.0,51.0,False,51.0
2024-05-17 23:00:00,192754.0,44.0,False,44.0
2024-05-18 00:00:00,192798.0,44.0,False,44.0
2024-05-18 01:00:00,192831.0,33.0,False,33.0
2024-05-18 02:00:00,192860.0,29.0,False,29.0
2024-05-18 03:00:00,192889.0,29.0,False,29.0
2024-05-18 04:00:00,192915.0,26.0,False,26.0
2024-05-18 05:00:00,192943.0,28.0,False,28.0
2024-05-18 06:00:00,192971.0,28.0,False,28.0
2024-05-18 07:00:00,192999.0,28.0,False,28.0
2024-05-18 08:00:00,193030.0,31.0,False,31.0
2024-05-18 09:00:00,193061.0,31.0,False,31.0
2024-05-18 10:00:00,193101.0,40.0,False,40.0
2024-05-18 11:00:00,193144.0,43.0,False,43.0
2024-05-18 12:00:00,193200.0,56.0,False,56.0
2024-05-18 13:00:00,193257.0,57.0,False,57.0
2024-05-18 14:00:00,193319.0,62.0,False,62.0
2024-05-18 15:00:00,193383.0,64.0,False,64.0
2024-05-18 16:00:00,193458.0,75.0,False,75.0
2024-05-18 17:00:00,193538.0,80.0,False,80.0
2024-05-18 18:00:00,193607.0,69.0,False,69.0
2024-05-18 19:00:00,193660.0,53.0,False,53.0
2024-05-18 20:00:00,193714.0,54.0,False,54.0
2024-05-18 21:00:00,193763.0,49.0,False,49.0
2024-05-18 22:00:00,193813.0,50.0,False,50.0
2024-05-18 23:00:00,193864.0,51.0,False,51.0
2024-05-19 00:00:00,193908.0,44.0,False,44.0
2024-05-19 01:00:00,193940.0,32.0,False,32.0
2024-05-19 02:00:00,193969.0,29.0,False,29.0
2024-05-19 03:00:00,193996.0,27.0,False,27.0
2024-05-19 04:00:00,194023.0,27.0,False,27.0
2024-05-19 05:00:00,194048.0,25.0,False,25.0
2024-05-19 06:00:00,194076.0,28.0,False,28.0
2024-05-19 07:00:00,194102.0,26.0,False,26.0
2024-05-19 08:00:00,194130.0,28.0,False,28.0
2024-05-19 09:00:00,194161.0,31.0,False,31.0
2024-05-19 10:00:00,194205.0,44.0,False,44.0
2024-05-19 11:00:00,194261.0,56.0,False,56.0
2024-05-19 12:00:00,194316.0,55.0,False,55.0
2024-05-19 13:00:00,194376.0,60.0,False,60.0
2024-05-19 14:00:00,194435.0,59.0,False,59.0
2024-05-19 15:00:00,194495.0,60.0,False,60.0
2024-05-19 16:00:00,194553.0,58.0,False,58.0
2024-05-19 17:00:00,194612.0,59.0,False,59.0
2024-05-19 18:00:00,194669.0,57.0,False,57.0
2024-05-19 19:00:00,194721.0,52.0,False,52.0
2024-05-19 20:00:00,194770.0,49.0,False,49.0
2024-05-19 21:00:00,194818.0,48.0,False,48.0
2024-05-19 22:00:00,194863.0,45.0,False,45.0
2024-05-19 23:00:00,194900.0,37.0,False,37.0
2024-05-20 00:00:00,194935.0,35.0,False,35.0
2024-05-20 01:00:00,194966.0,31.0,False,31.0
2024-05-20 02:00:00,194991.0,25.0,False,25.0
2024-05-20 03:00:00,195017.0,26.0,False,26.0
2024-05-20 04:00:00,195041.0,24.0,False,24.0
2024-05-20 05:00:00,195065.0,24.0,False,24.0
2024-05-20 06:00:00,195089.0,24.0,False,24.0
2024-05-20 07:00:00,195116.0,27.0,False,27.0
2024-05-20 08:00:00,195144.0,28.0,False,28.0
2024-05-20 09:00:00,195191.0,47.0,False,47.0
2024-05-20 10:00:00,195272.0,81.0,False,81.0
2024-05-20 11:00:00,195361.0,89.0,False,89.0
2024-05-20 12:00:00,195458.0,97.0,False,97.0
2024-05-20 13:00:00,195551.0,93.0,False,93.0
2024-05-20 14:00:00,195638.0,87.0,False,87.0
2024-05-20 15:00:00,195732.0,94.0,False,94.0
2024-05-20 16:00:00,195837.0,105.0,False,105.0
2024-05-20 17:00:00,195943.0,106.0,False,106.0
2024-05-20 18:00:00,196044.0,101.0,False,101.0
2024-05-20 19:00:00,196129.0,85.0,False,85.0
2024-05-20 20:00:00,196199.0,70.0,False,70.0
2024-05-20 21:00:00,196257.0,58.0,False,58.0
2024-05-20 22:00:00,196306.0,49.0,False,49.0
2024-05-20 23:00:00,196350.0,44.0,False,44.0
2024-05-21 00:00:00,196390.0,40.0,False,40.0
2024-05-21 01:00:00,196430.0,40.0,False,40.0
2024-05-21 02:00:00,196466.0,36.0,False,36.0
2024-05-21 03:00:00,196500.0,34.0,False,34.0
2024-05-21 04:00:00,196535.0,35.0,False,35.0
2024-05-21 05:00:00,196568.0,33.0,False,33.0
2024-05-21 06:00:00,196599.0,31.0,False,31.0
2024-05-21 07:00:00,196629.0,30.0,False,30.0
2024-05-21 08:00:00,196665.0,36.0,False,36.0
2024-05-21 09:00:00,196719.0,54.0,False,54.0
2024-05-21 10:00:00,196796.0,77.0,False,77.0
2024-05-21 11:00:00,196883.0,87.0,False,87.0
2024-05-21 12:00:00,196972.0,89.0,False,89.0
2024-05-21 13:00:00,197050.0,78.0,False,78.0
2024-05-21 14:00:00,197130.0,80.0,False,80.0
2024-05-21 15:00:00,197225.0,95.0,False,95.0
2024-05-21 16:00:00,197338.0,113.0,False,113.0
2024-05-21 17:00:00,197450.0,112.0,False,112.0
2024-05-21 18:00:00,197545.0,95.0,False,95.0
2024-05-21 19:00:00,197614.0,69.0,False,69.0
2024-05-21 20:00:00,197672.0,58.0,False,58.0
2024-05-21 21:00:00,197723.0,51.0,False,51.0
2024-05-21 22:00:00,197775.0,52.0,False,52.0
2024-05-21 23:00:00,197818.0,43.0,False,43.0
2024-05-22 00:00:00,197857.0,39.0,False,39.0
2024-05-22 01:00:00,197896.0,39.0,False,39.0
2024-05-22 02:00:00,197930.0,34.0,False,34.0
2024-05-22 03:00:00,197962.0,32.0,False,32.0
2024-05-22 04:00:00,197993.0,31.0,False,31.0
2024-05-22 05:00:00,198026.0,33.0,False,33.0
2024-05-22 06:00:00,198057.0,31.0,False,31.0
2024-05-22 07:00:00,198088.0,31.0,False,31.0
2024-05-22 08:00:00,198122.0,34.0,False,34.0
2024-05-22 09:00:00,198175.0,53.0,False,53.0
2024-05-22 10:00:00,198244.0,69.0,False,69.0
2024-05-22 11:00:00,198321.0,77.0,False,77.0
2024-05-22 12:00:00,198399.0,78.0,False,78.0
2024-05-22 13:00:00,198477.0,78.0,False,78.0
2024-05-22 14:00:00,198552.0,75.0,False,75.0
2024-05-22 15:00:00,198642.0,90.0,False,90.0
2024-05-22 16:00:00,198769.0,127.0,True,93.71
2024-05-22 17:00:00,198900.0,131.0,True,90.83
2024-05-22 18:00:00,199034.0,134.0,True,82.57
2024-05-22 19:00:00,199139.0,105.0,False,105.0
2024-05-22 20:00:00,199236.0,97.0,False,97.0
2024-05-22 21:00:00,199316.0,80.0,False,80.0
2024-05-22 22:00:00,199385.0,69.0,False,69.0
2024-05-22 23:00:00,199446.0,61.0,False,61.0
2024-05-23 00:00:00,199510.0,64.0,False,64.0
2024-05-23 01:00:00,199571.0,61.0,False,61.0
2024-05-23 02:00:00,199615.0,44.0,False,44.0
2024-05-23 03:00:00,199660.0,45.0,False,45.0
2024-05-23 04:00:00,199706.0,46.0,False,46.0
2024-05-23 05:00:00,199750.0,44.0,False,44.0
2024-05-23 06:00:00,199789.0,39.0,False,39.0
2024-05-23 07:00:00,199825.0,36.0,False,36.0
2024-05-23 08:00:00,199864.0,39.0,False,39.0
2024-05-23 09:00:00,199925.0,61.0,False,61.0
2024-05-23 10:00:00,200000.0,75.0,False,75.0
2024-05-23 11:00:00,200093.0,93.0,False,93.0
2024-05-23 12:00:00,200191.0,98.0,False,98.0
2024-05-23 13:00:00,200287.0,96.0,False,96.0
2024-05-23 14:00:00,200383.0,96.0,False,96.0
2024-05-23 15:00:00,200478.0,95.0,False,95.0
2024-05-23 16:00:00,200586.0,108.0,False,108.0
2024-05-23 17:00:00,200708.0,122.0,True,91.4
2024-05-23 18:00:00,200820.0,112.0,False,112.0
2024-05-23 19:00:00,200909.0,89.0,False,89.0
2024-05-23 20:00:00,200987.0,78.0,False,78.0
2024-05-23 21:00:00,201061.0,74.0,False,74.0
2024-05-23 22:00:00,201120.0,59.0,False,59.0
2024-05-23 23:00:00,201170.0,50.0,False,50.0
2024-05-24 00:00:00,201214.0,44.0,False,44.0
2024-05-24 01:00:00,201256.0,42.0,False,42.0
2024-05-24 02:00:00,201290.0,34.0,False,34.0
2024-05-24 03:00:00,201323.0,33.0,False,33.0
2024-05-24 04:00:00,201354.0,31.0,False,31.0
2024-05-24 05:00:00,201386.0,32.0,False,32.0
2024-05-24 06:00:00,201418.0,32.0,False,32.0
2024-05-24 07:00:00,201449.0,31.0,False,31.0
2024-05-24 08:00:00,201488.0,39.0,False,39.0
2024-05-24 09:00:00,201556.0,68.0,False,68.0
2024-05-24 10:00:00,201650.0,94.0,False,94.0
2024-05-24 11:00:00,201755.0,105.0,False,105.0
2024-05-24 12:00:00,201876.0,121.0,False,121.0
2024-05-24 13:00:00,201997.0,121.0,False,121.0
2024-05-24 14:00:00,202111.0,114.0,False,114.0
2024-05-24 15:00:00,202228.0,117.0,False,117.0
2024-05-24 16:00:00,202368.0,140.0,False,140.0
2024-05-24 17:00:00,202498.0,130.0,False,130.0
2024-05-24 18:00:00,202600.0,102.0,False,102.0
2024-05-24 19:00:00,202696.0,96.0,False,96.0
2024-05-24 20:00:00,202781.0,85.0,False,85.0
2024-05-24 21:00:00,202851.0,70.0,False,70.0
2024-05-24 22:00:00,202909.0,58.0,False,58.0
2024-05-24 23:00:00,202964.0,55.0,False,55.0
2024-05-25 00:00:00,203009.0,45.0,False,45.0
2024-05-25 01:00:00,203051.0,42.0,False,42.0
2024-05-25 02:00:00,203086.0,35.0,False,35.0
2024-05-25 03:00:00,203122.0,36.0,False,36.0
2024-05-25 04:00:00,203154.0,32.0,False,32.0
2024-05-25 05:00:00,203186.0,32.0,False,32.0
2024-05-25 06:00:00,203217.0,31.0,False,31.0
2024-05-25 07:00:00,203250.0,33.0,False,33.0
2024-05-25 08:00:00,203285.0,35.0,False,35.0
2024-05-25 09:00:00,203326.0,41.0,False,41.0
2024-05-25 10:00:00,203377.0,51.0,False,51.0
2024-05-25 11:00:00,203431.0,54.0,False,54.0
2024-05-25 12:00:00,203492.0,61.0,False,61.0
2024-05-25 13:00:00,203555.0,63.0,False,63.0
2024-05-25 14:00:00,203626.0,71.0,False,71.0
2024-05-25 15:00:00,203695.0,69.0,False,69.0
2024-05-25 16:00:00,203757.0,62.0,False,62.0
2024-05-25 17:00:00,203814.0,57.0,False,57.0
2024-05-25 18:00:00,203870.0,56.0,False,56.0
2024-05-25 19:00:00,203918.0,48.0,False,48.0
2024-05-25 20:00:00,203969.0,51.0,False,51.0
2024-05-25 21:00:00,204015.0,46.0,False,46.0
2024-05-25 22:00:00,204059.0,44.0,False,44.0
2024-05-25 23:00:00,204100.0,41.0,False,41.0
2024-05-26 00:00:00,204137.0,37.0,False,37.0
2024-05-26 01:00:00,204170.0,33.0,False,33.0
2024-05-26 02:00:00,204198.0,28.0,False,28.0
2024-05-26 03:00:00,204224.0,26.0,False,26.0
2024-05-26 04:00:00,204251.0,27.0,False,27.0
2024-05-26 05:00:00,204277.0,26.0,False,26.0
2024-05-26 06:00:00,204302.0,25.0,False,25.0
2024-05-26 07:00:00,204328.0,26.0,False,26.0
2024-05-26 08:00:00,204356.0,28.0,False,28.0
2024-05-26 09:00:00,204397.0,41.0,False,41.0
2024-05-26 10:00:00,204442.0,45.0,False,45.0
2024-05-26 11:00:00,204499.0,57.0,False,57.0
2024-05-26 12:00:00,204560.0,61.0,False,61.0
2024-05-26 13:00:00,204630.0,70.0,False,70.0
2024-05-26 14:00:00,204708.0,78.0,False,78.0
2024-05-26 15:00:00,204795.0,87.0,False,87.0
2024-05-26 16:00:00,204892.0,97.0,False,97.0
2024-05-26 17:00:00,204977.0,85.0,False,85.0
2024-05-26 18:00:00,205056.0,79.0,False,79.0
2024-05-26 19:00:00,205122.0,66.0,False,66.0
2024-05-26 20:00:00,205178.0,56.0,False,56.0
2024-05-26 21:00:00,205241.0,63.0,False,63.0
2024-05-26 22:00:00,205298.0,57.0,False,57.0
2024-05-26 23:00:00,205351.0,53.0,False,53.0
2024-05-27 00:00:00,205395.0,44.0,False,44.0
2024-05-27 01:00:00,205431.0,36.0,False,36.0
2024-05-27 02:00:00,205465.0,34.0,False,34.0
2024-05-27 03:00:00,205496.0,31.0,False,31.0
2024-05-27 04:00:00,205531.0,35.0,False,35.0
2024-05-27 05:00:00,205563.0,32.0,False,32.0
2024-05-27 06:00:00,205595.0,32.0,False,32.0
2024-05-27 07:00:00,205625.0,30.0,False,30.0
2024-05-27 08:00:00,205661.0,36.0,False,36.0
2024-05-27 09:00:00,205713.0,52.0,False,52.0
2024-05-27 10:00:00,205783.0,70.0,False,70.0
2024-05-27 11:00:00,205870.0,87.0,False,87.0
2024-05-27 12:00:00,,,False,86.43
2024-05-27 13:00:00,206026.0,,False,85.57
2024-05-27 14:00:00,206098.0,72.0,False,72.0
2024-05-27 15:00:00,206183.0,85.0,False,85.0
2024-05-27 16:00:00,206284.0,101.0,False,101.0
2024-05-27 17:00:00,206393.0,109.0,False,109.0
2024-05-27 18:00:00,206505.0,112.0,False,112.0
2024-05-27 19:00:00,206599.0,94.0,False,94.0
2024-05-27 20:00:00,206671.0,72.0,False,72.0
2024-05-27 21:00:00,,,False,63.14
2024-05-27 22:00:00,,,False,55.43
2024-05-27 23:00:00,,,False,49.57
2024-05-28 00:00:00,,,False,44.71
2024-05-28 01:00:00,,,False,41.86
2024-05-28 02:00:00,,,False,35.0
2024-05-28 03:00:00,,,False,33.86
2024-05-28 04:00:00,,,False,33.86
2024-05-28 05:00:00,,,False,33.14
2024-05-28 06:00:00,,,False,31.57
2024-05-28 07:00:00,,,False,31.0
2024-05-28 08:00:00,,,False,35.29
2024-05-28 09:00:00,,,False,52.86
2024-05-28 10:00:00,,,False,68.71
2024-05-28 11:00:00,,,False,80.0
2024-05-28 12:00:00,,,False,84.67
2024-05-28 13:00:00,,,False,84.33
2024-05-28 14:00:00,,,False,83.71
2024-05-28 15:00:00,,,False,91.14
2024-05-28 16:00:00,,,False,103.5
2024-05-28 17:00:00,,,False,98.6
2024-05-28 18:00:00,,,False,92.67
2024-05-28 19:00:00,,,False,81.0
2024-05-28 20:00:00,,,False,71.0
2024-05-28 21:00:00,,,False,64.0
2024-05-28 22:00:00,208279.0,,False,56.5
2024-05-28 23:00:00,208325.0,46.0,False,46.0
2024-05-29 00:00:00,208363.0,38.0,False,38.0
2024-05-29 01:00:00,208393.0,30.0,False,30.0
2024-05-29 02:00:00,208425.0,32.0,False,32.0
2024-05-29 03:00:00,208454.0,29.0,False,29.0
2024-05-29 04:00:00,208483.0,29.0,False,29.0
2024-05-29 05:00:00,208512.0,29.0,False,29.0
2024-05-29 06:00:00,208541.0,29.0,False,29.0
2024-05-29 07:00:00,208572.0,31.0,False,31.0
2024-05-29 08:00:00,208604.0,32.0,False,32.0
2024-05-29 09:00:00,208649.0,45.0,False,45.0
2024-05-29 10:00:00,208706.0,57.0,False,57.0
2024-05-29 11:00:00,208769.0,63.0,False,63.0
2024-05-29 12:00:00,208836.0,67.0,False,67.0
2024-05-29 13:00:00,208900.0,64.0,False,64.0
2024-05-29 14:00:00,208959.0,59.0,False,59.0
2024-05-29 15:00:00,209025.0,66.0,False,66.0
2024-05-29 16:00:00,209097.0,72.0,False,72.0
2024-05-29 17:00:00,209174.0,77.0,False,77.0
2024-05-29 18:00:00,209248.0,74.0,False,74.0
2024-05-29 19:00:00,209318.0,70.0,False,70.0
2024-05-29 20:00:00,209388.0,70.0,False,70.0
2024-05-29 21:00:00,209452.0,64.0,False,64.0
2024-05-29 22:00:00,209510.0,58.0,False,58.0
2024-05-29 23:00:00,209550.0,40.0,False,40.0
2024-05-30 00:00:00,209584.0,34.0,False,34.0
2024-05-30 01:00:00,209615.0,31.0,False,31.0
2024-05-30 02:00:00,209643.0,28.0,False,28.0
2024-05-30 03:00:00,209674.0,31.0,False,31.0
2024-05-30 04:00:00,209702.0,28.0,False,28.0
2024-05-30 05:00:00,209730.0,28.0,False,28.0
2024-05-30 06:00:00,209757.0,27.0,False,27.0
2024-05-30 07:00:00,209785.0,28.0,False,28.0
2024-05-30 08:00:00,209817.0,32.0,False,32.0
2024-05-30 09:00:00,209856.0,39.0,False,39.0
2024-05-30 10:00:00,209911.0,55.0,False,55.0
2024-05-30 11:00:00,,,False,76.5
2024-05-30 12:00:00,210053.0,,False,81.6
2024-05-30 13:00:00,210125.0,72.0,False,72.0
2024-05-30 14:00:00,210202.0,77.0,False,77.0
2024-05-30 15:00:00,210287.0,85.0,False,85.0
2024-05-30 16:00:00,,,False,96.67
2024-05-30 17:00:00,210460.0,,False,91.6
2024-05-30 18:00:00,210543.0,83.0,False,83.0
2024-05-30 19:00:00,210610.0,67.0,False,67.0
2024-05-30 20:00:00,210672.0,62.0,False,62.0
2024-05-30 21:00:00,210733.0,61.0,False,61.0
2024-05-30 22:00:00,210791.0,58.0,False,58.0
2024-05-30 23:00:00,210835.0,44.0,False,44.0
2024-05-31 00:00:00,210871.0,36.0,False,36.0
2024-05-31 01:00:00,210904.0,33.0,False,33.0
2024-05-31 02:00:00,210934.0,30.0,False,30.0
2024-05-31 03:00:00,210964.0,30.0,False,30.0
2024-05-31 04:00:00,210992.0,28.0,False,28.0
2024-05-31 05:00:00,211019.0,27.0,False,27.0
2024-05-31 06:00:00,211045.0,26.0,False,26.0
2024-05-31 07:00:00,211073.0,28.0,False,28.0
2024-05-31 08:00:00,211101.0,28.0,False,28.0
2024-05-31 09:00:00,211148.0,47.0,False,47.0
2024-05-31 10:00:00,211222.0,74.0,False,74.0
2024-05-31 11:00:00,211311.0,89.0,False,89.0
2024-05-31 12:00:00,211400.0,89.0,False,89.0
2024-05-31 13:00:00,211474.0,74.0,False,74.0
2024-05-31 14:00:00,,,False,78.5
2024-05-31 15:00:00,211631.0,,False,84.83
2024-05-31 16:00:00,,,False,94.4
2024-05-31 17:00:00,,,False,91.6
2024-05-31 18:00:00,211912.0,,False,84.33
2024-05-31 19:00:00,211972.0,60.0,False,60.0
2024-05-31 20:00:00,212019.0,47.0,False,47.0
2024-05-31 21:00:00,212067.0,48.0,False,48.0
2024-05-31 22:00:00,212116.0,49.0,False,49.0
2024-05-31 23:00:00,212158.0,42.0,False,42.0
2024-06-01 00:00:00,212195.0,37.0,False,37.0
2024-06-01 01:00:00,212227.0,32.0,False,32.0
2024-06-01 02:00:00,212253.0,26.0,False,26.0
2024-06-01 03:00:00,212277.0,24.0,False,24.0
2024-06-01 04:00:00,212299.0,22.0,False,22.0
2024-06-01 05:00:00,212321.0,22.0,False,22.0
2024-06-01 06:00:00,212342.0,21.0,False,21.0
2024-06-01 07:00:00,212364.0,22.0,False,22.0
2024-06-01 08:00:00,212387.0,23.0,False,23.0
2024-06-01 09:00:00,212416.0,29.0,False,29.0
2024-06-01 10:00:00,212452.0,36.0,False,36.0
2024-06-01 11:00:00,212496.0,44.0,False,44.0
2024-06-01 12:00:00,212545.0,49.0,False,49.0
2024-06-01 13:00:00,212595.0,50.0,False,50.0
2024-06-01 14:00:00,212649.0,54.0,False,54.0
2024-06-01 15:00:00,212703.0,54.0,False,54.0
2024-06-01 16:00:00,212767.0,64.0,False,64.0
2024-06-01 17:00:00,212824.0,57.0,False,57.0
2024-06-01 18:00:00,212866.0,42.0,False,42.0
2024-06-01 19:00:00,212909.0,43.0,False,43.0
2024-06-01 20:00:00,212956.0,47.0,False,47.0
2024-06-01 21:00:00,213010.0,54.0,False,54.0
2024-06-01 22:00:00,213058.0,48.0,False,48.0
2024-06-01 23:00:00,213092.0,34.0,False,34.0
2024-06-02 00:00:00,213125.0,33.0,False,33.0
2024-06-02 01:00:00,213152.0,27.0,False,27.0
2024-06-02 02:00:00,,,False,29.67
2024-06-02 03:00:00,213201.0,,False,28.5
2024-06-02 04:00:00,213223.0,22.0,False,22.0
2024-06-02 05:00:00,213244.0,21.0,False,21.0
2024-06-02 06:00:00,213265.0,21.0,False,21.0
2024-06-02 07:00:00,,,False,27.5
2024-06-02 08:00:00,213311.0,,False,29.83
2024-06-02 09:00:00,213347.0,36.0,False,36.0
2024-06-02 10:00:00,213388.0,41.0,False,41.0
2024-06-02 11:00:00,213432.0,44.0,False,44.0
2024-06-02 12:00:00,213479.0,47.0,False,47.0
2024-06-02 13:00:00,213532.0,53.0,False,53.0
2024-06-02 14:00:00,213588.0,56.0,False,56.0
2024-06-02 15:00:00,213649.0,61.0,False,61.0
2024-06-02 16:00:00,213707.0,58.0,False,58.0
2024-06-02 17:00:00,213757.0,50.0,False,50.0
2024-06-02 18:00:00,213808.0,51.0,False,51.0
2024-06-02 19:00:00,213852.0,44.0,False,44.0
2024-06-02 20:00:00,213894.0,42.0,False,42.0
2024-06-02 21:00:00,213931.0,37.0,False,37.0
2024-06-02 22:00:00,213963.0,32.0,False,32.0
2024-06-02 23:00:00,213992.0,29.0,False,29.0
2024-06-03 00:00:00,214019.0,27.0,False,27.0
2024-06-03 01:00:00,214043.0,24.0,False,24.0
2024-06-03 02:00:00,214064.0,21.0,False,21.0
2024-06-03 03:00:00,214085.0,21.0,False,21.0
2024-06-03 04:00:00,214104.0,19.0,False,19.0
2024-06-03 05:00:00,214124.0,20.0,False,20.0
2024-06-03 06:00:00,214142.0,18.0,False,18.0
2024-06-03 07:00:00,214162.0,20.0,False,20.0
2024-06-03 08:00:00,,,False,30.2
2024-06-03 09:00:00,214227.0,,False,41.33
2024-06-03 10:00:00,,,False,55.5
2024-06-03 11:00:00,,,False,65.4
2024-06-03 12:00:00,,,False,63.0
2024-06-03 13:00:00,214466.0,,False,62.6
2024-06-03 14:00:00,214521.0,55.0,False,55.0
2024-06-03 15:00:00,214590.0,69.0,False,69.0
2024-06-03 16:00:00,214667.0,77.0,False,77.0
2024-06-03 17:00:00,214758.0,91.0,False,91.0
2024-06-03 18:00:00,,,False,72.4
2024-06-03 19:00:00,214902.0,,False,63.0
2024-06-03 20:00:00,214956.0,54.0,False,54.0
2024-06-03 21:00:00,215009.0,53.0,False,53.0
2024-06-03 22:00:00,215057.0,48.0,False,48.0
2024-06-03 23:00:00,215095.0,38.0,False,38.0
2024-06-04 00:00:00,215127.0,32.0,False,32.0
2024-06-04 01:00:00,215156.0,29.0,False,29.0
2024-06-04 02:00:00,215183.0,27.0,False,27.0
2024-06-04 03:00:00,215208.0,25.0,False,25.0
2024-06-04 04:00:00,215233.0,25.0,False,25.0
2024-06-04 05:00:00,215258.0,25.0,False,25.0
2024-06-04 06:00:00,215283.0,25.0,False,25.0
2024-06-04 07:00:00,215307.0,24.0,False,24.0
2024-06-04 08:00:00,215336.0,29.0,False,29.0
2024-06-04 09:00:00,215379.0,43.0,False,43.0
2024-06-04 10:00:00,215437.0,58.0,False,58.0
2024-06-04 11:00:00,215500.0,63.0,False,63.0
2024-06-04 12:00:00,215565.0,65.0,False,65.0
2024-06-04 13:00:00,215622.0,57.0,False,57.0
2024-06-04 14:00:00,215678.0,56.0,False,56.0
2024-06-04 15:00:00,215750.0,72.0,False,72.0
2024-06-04 16:00:00,215834.0,84.0,False,84.0
2024-06-04 17:00:00,215909.0,75.0,False,75.0
2024-06-04 18:00:00,215972.0,63.0,False,63.0
2024-06-04 19:00:00,,,False,56.8
2024-06-04 20:00:00,,,False,53.67
2024-06-04 21:00:00,,,False,52.83
2024-06-04 22:00:00,,,False,48.83
2024-06-04 23:00:00,,,False,39.0
2024-06-05 00:00:00,,,False,33.86
2024-06-05 01:00:00,,,False,29.43
2024-06-05 02:00:00,,,False,27.33
2024-06-05 03:00:00,,,False,26.67
2024-06-05 04:00:00,,,False,24.71
2024-06-05 05:00:00,,,False,24.57
2024-06-05 06:00:00,,,False,23.86
2024-06-05 07:00:00,,,False,25.5
2024-06-05 08:00:00,,,False,28.8
2024-06-05 09:00:00,,,False,39.83
2024-06-05 10:00:00,,,False,53.5
2024-06-05 11:00:00,,,False,60.6
2024-06-05 12:00:00,,,False,63.4
2024-06-05 13:00:00,,,False,61.67
2024-06-05 14:00:00,,,False,59.5
2024-06-05 15:00:00,,,False,67.83
2024-06-05 16:00:00,,,False,71.0
2024-06-05 17:00:00,,,False,70.0
2024-06-05 18:00:00,,,False,62.6
2024-06-05 19:00:00,,,False,56.8
2024-06-05 20:00:00,217163.0,,False,53.67
2024-06-05 21:00:00,217211.0,48.0,False,48.0
2024-06-05 22:00:00,217256.0,45.0,False,45.0
2024-06-05 23:00:00,217297.0,41.0,False,41.0
2024-06-06 00:00:00,217335.0,38.0,False,38.0
2024-06-06 01:00:00,217373.0,38.0,False,38.0
2024-06-06 02:00:00,217407.0,34.0,False,34.0
2024-06-06 03:00:00,217438.0,31.0,False,31.0
2024-06-06 04:00:00,217469.0,31.0,False,31.0
2024-06-06 05:00:00,217501.0,32.0,False,32.0
2024-06-06 06:00:00,217532.0,31.0,False,31.0
2024-06-06 07:00:00,217563.0,31.0,False,31.0
2024-06-06 08:00:00,217593.0,30.0,False,30.0
2024-06-06 09:00:00,217633.0,40.0,False,40.0
2024-06-06 10:00:00,217682.0,49.0,False,49.0
2024-06-06 11:00:00,217741.0,59.0,False,59.0
2024-06-06 12:00:00,217799.0,58.0,False,58.0
2024-06-06 13:00:00,217852.0,53.0,False,53.0
2024-06-06 14:00:00,217910.0,58.0,False,58.0
2024-06-06 15:00:00,217976.0,66.0,False,66.0
2024-06-06 16:00:00,218042.0,66.0,False,66.0
2024-06-06 17:00:00,218104.0,62.0,False,62.0
2024-06-06 18:00:00,218163.0,59.0,False,59.0
2024-06-06 19:00:00,218209.0,46.0,False,46.0
2024-06-06 20:00:00,218253.0,44.0,False,44.0
2024-06-06 21:00:00,218293.0,40.0,False,40.0
2024-06-06 22:00:00,218331.0,38.0,False,38.0
2024-06-06 23:00:00,218366.0,35.0,False,35.0
2024-06-07 00:00:00,218394.0,28.0,False,28.0
2024-06-07 01:00:00,218420.0,26.0,False,26.0
2024-06-07 02:00:00,218444.0,24.0,False,24.0
2024-06-07 03:00:00,218467.0,23.0,False,23.0
2024-06-07 04:00:00,218490.0,23.0,False,23.0
2024-06-07 05:00:00,218513.0,23.0,False,23.0
2024-06-07 06:00:00,218535.0,22.0,False,22.0
2024-06-07 07:00:00,218557.0,22.0,False,22.0
2024-06-07 08:00:00,218583.0,26.0,False,26.0
2024-06-07 09:00:00,218623.0,40.0,False,40.0
2024-06-07 10:00:00,218678.0,55.0,False,55.0
2024-06-07 11:00:00,218740.0,62.0,False,62.0
2024-06-07 12:00:00,218804.0,64.0,False,64.0
2024-06-07 13:00:00,218866.0,62.0,False,62.0
2024-06-07 14:00:00,218934.0,68.0,False,68.0
2024-06-07 15:00:00,219013.0,79.0,False,79.0
2024-06-07 16:00:00,219109.0,96.0,False,96.0
2024-06-07 17:00:00,219206.0,97.0,False,97.0
2024-06-07 18:00:00,219278.0,72.0,False,72.0
2024-06-07 19:00:00,219338.0,60.0,False,60.0
2024-06-07 20:00:00,219386.0,48.0,False,48.0
2024-06-07 21:00:00,219432.0,46.0,False,46.0
2024-06-07 22:00:00,219469.0,37.0,False,37.0
2024-06-07 23:00:00,219500.0,31.0,False,31.0
2024-06-08 00:00:00,219529.0,29.0,False,29.0
2024-06-08 01:00:00,219558.0,29.0,False,29.0
2024-06-08 02:00:00,219589.0,31.0,False,31.0
2024-06-08 03:00:00,219619.0,30.0,False,30.0
2024-06-08 04:00:00,219651.0,32.0,False,32.0
2024-06-08 05:00:00,219681.0,30.0,False,30.0
2024-06-08 06:00:00,219710.0,29.0,False,29.0
2024-06-08 07:00:00,219737.0,27.0,False,27.0
2024-06-08 08:00:00,219761.0,24.0,False,24.0
2024-06-08 09:00:00,219791.0,30.0,False,30.0
2024-06-08 10:00:00,219825.0,34.0,False,34.0
2024-06-08 11:00:00,219861.0,36.0,False,36.0
2024-06-08 12:00:00,219893.0,32.0,False,32.0
2024-06-08 13:00:00,219927.0,34.0,False,34.0
2024-06-08 14:00:00,219969.0,42.0,False,42.0
2024-06-08 15:00:00,220013.0,44.0,False,44.0
2024-06-08 16:00:00,220056.0,43.0,False,43.0
2024-06-08 17:00:00,220102.0,46.0,False,46.0
2024-06-08 18:00:00,220150.0,48.0,False,48.0
2024-06-08 19:00:00,220194.0,44.0,False,44.0
2024-06-08 20:00:00,220235.0,41.0,False,41.0
2024-06-08 21:00:00,220282.0,47.0,False,47.0
2024-06-08 22:00:00,220327.0,45.0,False,45.0
2024-06-08 23:00:00,220366.0,39.0,False,39.0
2024-06-09 00:00:00,220400.0,34.0,False,34.0
2024-06-09 01:00:00,220423.0,23.0,False,23.0
2024-06-09 02:00:00,220445.0,22.0,False,22.0
2024-06-09 03:00:00,220466.0,21.0,False,21.0
2024-06-09 04:00:00,220487.0,21.0,False,21.0
2024-06-09 05:00:00,220508.0,21.0,False,21.0
2024-06-09 06:00:00,220529.0,21.0,False,21.0
2024-06-09 07:00:00,220550.0,21.0,False,21.0
2024-06-09 08:00:00,220575.0,25.0,False,25.0
2024-06-09 09:00:00,220605.0,30.0,False,30.0
2024-06-09 10:00:00,220643.0,38.0,False,38.0
2024-06-09 11:00:00,220688.0,45.0,False,45.0
2024-06-09 12:00:00,220734.0,46.0,False,46.0
2024-06-09 13:00:00,220782.0,48.0,False,48.0
2024-06-09 14:00:00,220835.0,53.0,False,53.0
2024-06-09 15:00:00,220892.0,57.0,False,57.0
2024-06-09 16:00:00,220945.0,53.0,False,53.0
2024-06-09 17:00:00,220997.0,52.0,False,52.0
2024-06-09 18:00:00,221046.0,49.0,False,49.0
2024-06-09 19:00:00,221086.0,40.0,False,40.0
2024-06-09 20:00:00,221131.0,45.0,False,45.0
2024-06-09 21:00:00,221177.0,46.0,False,46.0
2024-06-09 22:00:00,221219.0,42.0,False,42.0
2024-06-09 23:00:00,221249.0,30.0,False,30.0
2024-06-10 00:00:00,221276.0,27.0,False,27.0
2024-06-10 01:00:00,221301.0,25.0,False,25.0
2024-06-10 02:00:00,221324.0,23.0,False,23.0
2024-06-10 03:00:00,221345.0,21.0,False,21.0
2024-06-10 04:00:00,221366.0,21.0,False,21.0
2024-06-10 05:00:00,221386.0,20.0,False,20.0
2024-06-10 06:00:00,221406.0,20.0,False,20.0
2024-06-10 07:00:00,221426.0,20.0,False,20.0
2024-06-10 08:00:00,221446.0,20.0,False,20.0
2024-06-10 09:00:00,221472.0,26.0,False,26.0
2024-06-10 10:00:00,221503.0,31.0,False,31.0
2024-06-10 11:00:00,221539.0,36.0,False,36.0
2024-06-10 12:00:00,221582.0,43.0,False,43.0
2024-06-10 13:00:00,221626.0,44.0,False,44.0
2024-06-10 14:00:00,221676.0,50.0,False,50.0
2024-06-10 15:00:00,221723.0,47.0,False,47.0
2024-06-10 16:00:00,221775.0,52.0,False,52.0
2024-06-10 17:00:00,221823.0,48.0,False,48.0
2024-06-10 18:00:00,221864.0,41.0,False,41.0
2024-06-10 19:00:00,221905.0,41.0,False,41.0
2024-06-10 20:00:00,221945.0,40.0,False,40.0
2024-06-10 21:00:00,221984.0,39.0,False,39.0
2024-06-10 22:00:00,222020.0,36.0,False,36.0
2024-06-10 23:00:00,222049.0,29.0,False,29.0
2024-06-11 00:00:00,222077.0,28.0,False,28.0
2024-06-11 01:00:00,222106.0,29.0,False,29.0
2024-06-11 02:00:00,222137.0,31.0,False,31.0
2024-06-11 03:00:00,222166.0,29.0,False,29.0
2024-06-11 04:00:00,222197.0,31.0,False,31.0
2024-06-11 05:00:00,222226.0,29.0,False,29.0
2024-06-11 06:00:00,222254.0,28.0,False,28.0
2024-06-11 07:00:00,222282.0,28.0,False,28.0
2024-06-11 08:00:00,222307.0,25.0,False,25.0
2024-06-11 09:00:00,222357.0,50.0,False,50.0
2024-06-11 10:00:00,222424.0,67.0,False,67.0
2024-06-11 11:00:00,222501.0,77.0,False,77.0
2024-06-11 12:00:00,222588.0,87.0,False,87.0
2024-06-11 13:00:00,222669.0,81.0,False,81.0
2024-06-11 14:00:00,222750.0,81.0,False,81.0
2024-06-11 15:00:00,222841.0,91.0,False,91.0
2024-06-11 16:00:00,222935.0,94.0,False,94.0
2024-06-11 17:00:00,,,False,63.33
2024-06-11 18:00:00,,,False,55.33
2024-06-11 19:00:00,,,False,46.2
2024-06-11 20:00:00,,,False,43.6
2024-06-11 21:00:00,223268.0,,False,44.33
2024-06-11 22:00:00,223323.0,55.0,False,55.0
2024-06-11 23:00:00,223375.0,52.0,False,52.0
2024-06-12 00:00:00,223421.0,46.0,False,46.0
2024-06-12 01:00:00,223459.0,38.0,False,38.0
2024-06-12 02:00:00,223492.0,33.0,False,33.0
2024-06-12 03:00:00,223522.0,30.0,False,30.0
2024-06-12 04:00:00,223548.0,26.0,False,26.0
2024-06-12 05:00:00,223574.0,26.0,False,26.0
2024-06-12 06:00:00,223600.0,26.0,False,26.0
2024-06-12 07:00:00,223625.0,25.0,False,25.0
2024-06-12 08:00:00,223655.0,30.0,False,30.0
2024-06-12 09:00:00,223704.0,49.0,False,49.0
2024-06-12 10:00:00,223768.0,64.0,False,64.0
2024-06-12 11:00:00,,,False,52.5
2024-06-12 12:00:00,223957.0,,False,55.0
2024-06-12 13:00:00,224052.0,95.0,False,95.0
2024-06-12 14:00:00,224156.0,104.0,False,104.0
2024-06-12 15:00:00,224267.0,111.0,False,111.0
2024-06-12 16:00:00,224393.0,126.0,False,126.0
2024-06-12 17:00:00,224506.0,113.0,False,113.0
2024-06-12 18:00:00,224608.0,102.0,False,102.0
2024-06-12 19:00:00,224696.0,88.0,False,88.0
2024-06-12 20:00:00,224765.0,69.0,False,69.0
2024-06-12 21:00:00,224825.0,60.0,False,60.0
2024-06-12 22:00:00,224879.0,54.0,False,54.0
2024-06-12 23:00:00,224927.0,48.0,False,48.0
2024-06-13 00:00:00,224966.0,39.0,False,39.0
2024-06-13 01:00:00,224999.0,33.0,False,33.0
2024-06-13 02:00:00,225032.0,33.0,False,33.0
2024-06-13 03:00:00,225063.0,31.0,False,31.0
2024-06-13 04:00:00,225093.0,30.0,False,30.0
2024-06-13 05:00:00,225123.0,30.0,False,30.0
2024-06-13 06:00:00,225152.0,29.0,False,29.0
2024-06-13 07:00:00,225183.0,31.0,False,31.0
2024-06-13 08:00:00,225220.0,37.0,False,37.0
2024-06-13 09:00:00,225282.0,62.0,False,62.0
2024-06-13 10:00:00,225374.0,92.0,False,92.0
2024-06-13 11:00:00,225485.0,111.0,False,111.0
2024-06-13 12:00:00,225594.0,109.0,False,109.0
2024-06-13 13:00:00,225692.0,98.0,False,98.0
2024-06-13 14:00:00,,,False,65.14
2024-06-13 15:00:00,,,False,70.71
2024-06-13 16:00:00,,,False,75.71
2024-06-13 17:00:00,226173.0,,False,69.67
2024-06-13 18:00:00,226287.0,114.0,False,114.0
2024-06-13 19:00:00,226376.0,89.0,False,89.0
2024-06-13 20:00:00,226458.0,82.0,False,82.0
2024-06-13 21:00:00,226537.0,79.0,False,79.0
2024-06-13 22:00:00,226608.0,71.0,False,71.0
2024-06-13 23:00:00,226667.0,59.0,False,59.0
2024-06-14 00:00:00,226707.0,40.0,False,40.0
2024-06-14 01:00:00,226739.0,32.0,False,32.0
2024-06-14 02:00:00,226769.0,30.0,False,30.0
2024-06-14 03:00:00,226798.0,29.0,False,29.0
2024-06-14 04:00:00,226827.0,29.0,False,29.0
2024-06-14 05:00:00,226856.0,29.0,False,29.0
2024-06-14 06:00:00,226884.0,28.0,False,28.0
2024-06-14 07:00:00,226915.0,31.0,False,31.0
2024-06-14 08:00:00,226950.0,35.0,False,35.0
2024-06-14 09:00:00,227011.0,61.0,False,61.0
2024-06-14 10:00:00,227091.0,80.0,False,80.0
2024-06-14 11:00:00,227183.0,92.0,False,92.0
2024-06-14 12:00:00,227275.0,92.0,False,92.0
2024-06-14 13:00:00,227362.0,87.0,False,87.0
2024-06-14 14:00:00,227459.0,97.0,False,97.0
2024-06-14 15:00:00,227572.0,113.0,False,113.0
2024-06-14 16:00:00,227711.0,139.0,False,139.0
2024-06-14 17:00:00,227850.0,139.0,False,139.0
2024-06-14 18:00:00,227968.0,118.0,False,118.0
2024-06-14 19:00:00,228050.0,82.0,False,82.0
2024-06-14 20:00:00,228115.0,65.0,False,65.0
2024-06-14 21:00:00,228175.0,60.0,False,60.0
2024-06-14 22:00:00,228233.0,58.0,False,58.0
2024-06-14 23:00:00,228284.0,51.0,False,51.0
2024-06-15 00:00:00,228324.0,40.0,False,40.0
2024-06-15 01:00:00,228356.0,32.0,False,32.0
2024-06-15 02:00:00,228387.0,31.0,False,31.0
2024-06-15 03:00:00,228416.0,29.0,False,29.0
2024-06-15 04:00:00,228444.0,28.0,False,28.0
2024-06-15 05:00:00,228472.0,28.0,False,28.0
2024-06-15 06:00:00,228499.0,27.0,False,27.0
2024-06-15 07:00:00,228526.0,27.0,False,27.0
2024-06-15 08:00:00,228554.0,28.0,False,28.0
2024-06-15 09:00:00,228593.0,39.0,False,39.0
2024-06-15 10:00:00,228647.0,54.0,False,54.0
2024-06-15 11:00:00,228706.0,59.0,False,59.0
2024-06-15 12:00:00,228768.0,62.0,False,62.0
2024-06-15 13:00:00,228823.0,55.0,False,55.0
2024-06-15 14:00:00,228883.0,60.0,False,60.0
2024-06-15 15:00:00,228945.0,62.0,False,62.0
2024-06-15 16:00:00,229013.0,68.0,False,68.0
2024-06-15 17:00:00,229083.0,70.0,False,70.0
2024-06-15 18:00:00,229152.0,69.0,False,69.0
2024-06-15 19:00:00,229215.0,63.0,False,63.0
2024-06-15 20:00:00,229274.0,59.0,False,59.0
2024-06-15 21:00:00,229330.0,56.0,False,56.0
2024-06-15 22:00:00,229383.0,53.0,False,53.0
2024-06-15 23:00:00,229433.0,50.0,False,50.0
2024-06-16 00:00:00,229474.0,41.0,False,41.0
2024-06-16 01:00:00,229511.0,37.0,False,37.0
2024-06-16 02:00:00,229544.0,33.0,False,33.0
2024-06-16 03:00:00,229574.0,30.0,False,30.0
2024-06-16 04:00:00,229604.0,30.0,False,30.0
2024-06-16 05:00:00,229632.0,28.0,False,28.0
2024-06-16 06:00:00,229659.0,27.0,False,27.0
2024-06-16 07:00:00,229685.0,26.0,False,26.0
2024-06-16 08:00:00,229711.0,26.0,False,26.0
2024-06-16 09:00:00,229744.0,33.0,False,33.0
2024-06-16 10:00:00,229787.0,43.0,False,43.0
2024-06-16 11:00:00,229831.0,44.0,False,44.0
2024-06-16 12:00:00,229875.0,44.0,False,44.0
2024-06-16 13:00:00,229918.0,43.0,False,43.0
2024-06-16 14:00:00,229960.0,42.0,False,42.0
2024-06-16 15:00:00,230010.0,50.0,False,50.0
2024-06-16 16:00:00,230063.0,53.0,False,53.0
2024-06-16 17:00:00,230123.0,60.0,False,60.0
2024-06-16 18:00:00,230183.0,60.0,False,60.0
2024-06-16 19:00:00,230244.0,61.0,False,61.0
2024-06-16 20:00:00,230294.0,50.0,False,50.0
2024-06-16 21:00:00,230341.0,47.0,False,47.0
2024-06-16 22:00:00,230387.0,46.0,False,46.0
2024-06-16 23:00:00,230425.0,38.0,False,38.0
2024-06-17 00:00:00,230459.0,34.0,False,34.0
2024-06-17 01:00:00,230492.0,33.0,False,33.0
2024-06-17 02:00:00,230520.0,28.0,False,28.0
2024-06-17 03:00:00,230546.0,26.0,False,26.0
2024-06-17 04:00:00,230571.0,25.0,False,25.0
2024-06-17 05:00:00,230596.0,25.0,False,25.0
2024-06-17 06:00:00,230620.0,24.0,False,24.0
2024-06-17 07:00:00,230644.0,24.0,False,24.0
2024-06-17 08:00:00,230670.0,26.0,False,26.0
2024-06-17 09:00:00,230720.0,50.0,False,50.0
2024-06-17 10:00:00,230796.0,76.0,False,76.0
2024-06-17 11:00:00,230877.0,81.0,False,81.0
2024-06-17 12:00:00,230964.0,87.0,False,87.0
2024-06-17 13:00:00,231042.0,78.0,False,78.0
2024-06-17 14:00:00,231133.0,91.0,False,91.0
2024-06-17 15:00:00,231241.0,108.0,False,108.0
2024-06-17 16:00:00,231360.0,119.0,False,119.0
2024-06-17 17:00:00,231481.0,121.0,False,121.0
2024-06-17 18:00:00,231591.0,110.0,False,110.0
2024-06-17 19:00:00,231666.0,75.0,False,75.0
2024-06-17 20:00:00,231730.0,64.0,False,64.0
2024-06-17 21:00:00,231792.0,62.0,False,62.0
2024-06-17 22:00:00,231847.0,55.0,False,55.0
2024-06-17 23:00:00,231889.0,42.0,False,42.0
2024-06-18 00:00:00,231925.0,36.0,False,36.0
2024-06-18 01:00:00,231955.0,30.0,False,30.0
2024-06-18 02:00:00,231985.0,30.0,False,30.0
2024-06-18 03:00:00,232012.0,27.0,False,27.0
2024-06-18 04:00:00,232039.0,27.0,False,27.0
2024-06-18 05:00:00,232067.0,28.0,False,28.0
2024-06-18 06:00:00,232093.0,26.0,False,26.0
2024-06-18 07:00:00,232120.0,27.0,False,27.0
2024-06-18 08:00:00,232151.0,31.0,False,31.0
2024-06-18 09:00:00,232209.0,58.0,False,58.0
2024-06-18 10:00:00,232296.0,87.0,False,87.0
2024-06-18 11:00:00,232396.0,100.0,False,100.0
2024-06-18 12:00:00,232511.0,115.0,False,115.0
2024-06-18 13:00:00,232618.0,107.0,False,107.0
2024-06-18 14:00:00,232733.0,115.0,False,115.0
2024-06-18 15:00:00,232869.0,136.0,True,89.17
2024-06-18 16:00:00,233043.0,174.0,True,99.83
2024-06-18 17:00:00,233179.0,136.0,True,100.6
2024-06-18 18:00:00,233307.0,128.0,True,95.5
2024-06-18 19:00:00,233389.0,82.0,False,82.0
2024-06-18 20:00:00,233450.0,61.0,False,61.0
2024-06-18 21:00:00,233507.0,57.0,False,57.0
2024-06-18 22:00:00,233562.0,55.0,False,55.0
2024-06-18 23:00:00,233609.0,47.0,False,47.0
2024-06-19 00:00:00,233650.0,41.0,False,41.0
2024-06-19 01:00:00,233683.0,33.0,False,33.0
2024-06-19 02:00:00,233713.0,30.0,False,30.0
2024-06-19 03:00:00,233739.0,26.0,False,26.0
2024-06-19 04:00:00,233765.0,26.0,False,26.0
2024-06-19 05:00:00,233790.0,25.0,False,25.0
2024-06-19 06:00:00,233816.0,26.0,False,26.0
2024-06-19 07:00:00,233841.0,25.0,False,25.0
2024-06-19 08:00:00,233871.0,30.0,False,30.0
2024-06-19 09:00:00,233933.0,62.0,False,62.0
2024-06-19 10:00:00,234021.0,88.0,False,88.0
2024-06-19 11:00:00,234126.0,105.0,False,105.0
2024-06-19 12:00:00,234226.0,100.0,False,100.0
2024-06-19 13:00:00,234317.0,91.0,False,91.0
2024-06-19 14:00:00,234422.0,105.0,False,105.0
2024-06-19 15:00:00,234539.0,117.0,False,117.0
2024-06-19 16:00:00,234654.0,115.0,False,115.0
2024-06-19 17:00:00,234767.0,113.0,False,113.0
2024-06-19 18:00:00,234867.0,100.0,False,100.0
2024-06-19 19:00:00,234942.0,75.0,False,75.0
2024-06-19 20:00:00,235004.0,62.0,False,62.0
2024-06-19 21:00:00,235063.0,59.0,False,59.0
2024-06-19 22:00:00,235116.0,53.0,False,53.0
2024-06-19 23:00:00,235163.0,47.0,False,47.0
2024-06-20 00:00:00,235207.0,44.0,False,44.0
2024-06-20 01:00:00,235246.0,39.0,False,39.0
2024-06-20 02:00:00,235282.0,36.0,False,36.0
2024-06-20 03:00:00,235316.0,34.0,False,34.0
2024-06-20 04:00:00,235348.0,32.0,False,32.0
2024-06-20 05:00:00,235380.0,32.0,False,32.0
2024-06-20 06:00:00,235410.0,30.0,False,30.0
2024-06-20 07:00:00,235440.0,30.0,False,30.0
2024-06-20 08:00:00,235474.0,34.0,False,34.0
2024-06-20 09:00:00,235545.0,71.0,False,71.0
2024-06-20 10:00:00,235638.0,93.0,False,93.0
2024-06-20 11:00:00,235739.0,101.0,False,101.0
2024-06-20 12:00:00,235848.0,109.0,False,109.0
2024-06-20 13:00:00,235949.0,101.0,False,101.0
2024-06-20 14:00:00,236058.0,109.0,False,109.0
2024-06-20 15:00:00,236195.0,137.0,False,137.0
2024-06-20 16:00:00,236334.0,139.0,False,139.0
2024-06-20 17:00:00,236471.0,137.0,False,137.0
2024-06-20 18:00:00,236607.0,136.0,False,136.0
2024-06-20 19:00:00,236702.0,95.0,False,95.0
2024-06-20 20:00:00,236778.0,76.0,False,76.0
2024-06-20 21:00:00,236855.0,77.0,False,77.0
2024-06-20 22:00:00,236930.0,75.0,False,75.0
2024-06-20 23:00:00,236999.0,69.0,False,69.0
2024-06-21 00:00:00,237059.0,60.0,False,60.0
2024-06-21 01:00:00,237102.0,43.0,False,43.0
2024-06-21 02:00:00,237130.0,28.0,False,28.0
2024-06-21 03:00:00,237156.0,26.0,False,26.0
2024-06-21 04:00:00,237182.0,26.0,False,26.0
2024-06-21 05:00:00,237207.0,25.0,False,25.0
2024-06-21 06:00:00,237232.0,25.0,False,25.0
2024-06-21 07:00:00,237257.0,25.0,False,25.0
2024-06-21 08:00:00,237285.0,28.0,False,28.0
2024-06-21 09:00:00,237338.0,53.0,False,53.0
2024-06-21 10:00:00,237420.0,82.0,False,82.0
2024-06-21 11:00:00,237513.0,93.0,False,93.0
2024-06-21 12:00:00,237607.0,94.0,False,94.0
2024-06-21 13:00:00,237698.0,91.0,False,91.0
2024-06-21 14:00:00,237809.0,111.0,False,111.0
2024-06-21 15:00:00,237929.0,120.0,False,120.0
2024-06-21 16:00:00,238048.0,119.0,False,119.0
2024-06-21 17:00:00,238168.0,120.0,False,120.0
2024-06-21 18:00:00,238279.0,111.0,False,111.0
2024-06-21 19:00:00,238346.0,67.0,False,67.0
2024-06-21 20:00:00,238401.0,55.0,False,55.0
2024-06-21 21:00:00,238453.0,52.0,False,52.0
2024-06-21 22:00:00,238501.0,48.0,False,48.0
2024-06-21 23:00:00,238553.0,52.0,False,52.0
2024-06-22 00:00:00,238600.0,47.0,False,47.0
2024-06-22 01:00:00,238633.0,33.0,False,33.0
2024-06-22 02:00:00,238661.0,28.0,False,28.0
2024-06-22 03:00:00,238688.0,27.0,False,27.0
2024-06-22 04:00:00,238714.0,26.0,False,26.0
2024-06-22 05:00:00,238741.0,27.0,False,27.0
2024-06-22 06:00:00,238767.0,26.0,False,26.0
2024-06-22 07:00:00,238792.0,25.0,False,25.0
2024-06-22 08:00:00,238821.0,29.0,False,29.0
2024-06-22 09:00:00,238861.0,40.0,False,40.0
2024-06-22 10:00:00,238916.0,55.0,False,55.0
2024-06-22 11:00:00,238973.0,57.0,False,57.0
2024-06-22 12:00:00,239032.0,59.0,False,59.0
2024-06-22 13:00:00,239092.0,60.0,False,60.0
2024-06-22 14:00:00,239160.0,68.0,False,68.0
2024-06-22 15:00:00,239237.0,77.0,False,77.0
2024-06-22 16:00:00,239326.0,89.0,False,89.0
2024-06-22 17:00:00,239417.0,91.0,False,91.0
2024-06-22 18:00:00,239497.0,80.0,False,80.0
2024-06-22 19:00:00,239580.0,83.0,False,83.0
2024-06-22 20:00:00,239657.0,77.0,False,77.0
2024-06-22 21:00:00,239724.0,67.0,False,67.0
2024-06-22 22:00:00,239783.0,59.0,False,59.0
2024-06-22 23:00:00,239832.0,49.0,False,49.0
2024-06-23 00:00:00,239869.0,37.0,False,37.0
2024-06-23 01:00:00,239901.0,32.0,False,32.0
2024-06-23 02:00:00,239930.0,29.0,False,29.0
2024-06-23 03:00:00,239958.0,28.0,False,28.0
2024-06-23 04:00:00,239985.0,27.0,False,27.0
2024-06-23 05:00:00,240012.0,27.0,False,27.0
2024-06-23 06:00:00,240039.0,27.0,False,27.0
2024-06-23 07:00:00,240066.0,27.0,False,27.0
2024-06-23 08:00:00,240094.0,28.0,False,28.0
2024-06-23 09:00:00,240135.0,41.0,False,41.0
2024-06-23 10:00:00,240195.0,60.0,False,60.0
2024-06-23 11:00:00,240256.0,61.0,False,61.0
2024-06-23 12:00:00,240317.0,61.0,False,61.0
2024-06-23 13:00:00,240385.0,68.0,False,68.0
2024-06-23 14:00:00,240452.0,67.0,False,67.0
2024-06-23 15:00:00,240519.0,67.0,False,67.0
2024-06-23 16:00:00,240584.0,65.0,False,65.0
2024-06-23 17:00:00,240646.0,62.0,False,62.0
2024-06-23 18:00:00,240712.0,66.0,False,66.0
2024-06-23 19:00:00,240771.0,59.0,False,59.0
2024-06-23 20:00:00,240826.0,55.0,False,55.0
2024-06-23 21:00:00,240875.0,49.0,False,49.0
2024-06-23 22:00:00,240918.0,43.0,False,43.0
2024-06-23 23:00:00,240954.0,36.0,False,36.0
2024-06-24 00:00:00,240989.0,35.0,False,35.0
2024-06-24 01:00:00,241026.0,37.0,False,37.0
2024-06-24 02:00:00,241063.0,37.0,False,37.0
2024-06-24 03:00:00,241091.0,28.0,False,28.0
2024-06-24 04:00:00,241117.0,26.0,False,26.0
2024-06-24 05:00:00,241143.0,26.0,False,26.0
2024-06-24 06:00:00,241168.0,25.0,False,25.0
2024-06-24 07:00:00,241192.0,24.0,False,24.0
2024-06-24 08:00:00,241220.0,28.0,False,28.0
2024-06-24 09:00:00,241284.0,64.0,False,64.0
2024-06-24 10:00:00,241382.0,98.0,False,98.0
2024-06-24 11:00:00,241492.0,110.0,False,110.0
2024-06-24 12:00:00,241614.0,122.0,False,122.0
2024-06-24 13:00:00,241727.0,113.0,False,113.0
2024-06-24 14:00:00,241841.0,114.0,False,114.0
2024-06-24 15:00:00,241959.0,118.0,False,118.0
2024-06-24 16:00:00,242081.0,122.0,False,122.0
2024-06-24 17:00:00,242200.0,119.0,False,119.0
2024-06-24 18:00:00,242304.0,104.0,False,104.0
2024-06-24 19:00:00,242387.0,83.0,False,83.0
2024-06-24 20:00:00,242453.0,66.0,False,66.0
2024-06-24 21:00:00,242513.0,60.0,False,60.0
2024-06-24 22:00:00,242568.0,55.0,False,55.0
2024-06-24 23:00:00,242616.0,48.0,False,48.0
2024-06-25 00:00:00,242654.0,38.0,False,38.0
2024-06-25 01:00:00,242688.0,34.0,False,34.0
2024-06-25 02:00:00,242720.0,32.0,False,32.0
2024-06-25 03:00:00,242752.0,32.0,False,32.0
2024-06-25 04:00:00,242782.0,30.0,False,30.0
2024-06-25 05:00:00,242812.0,30.0,False,30.0
2024-06-25 06:00:00,242843.0,31.0,False,31.0
2024-06-25 07:00:00,242873.0,30.0,False,30.0
2024-06-25 08:00:00,242910.0,37.0,False,37.0
2024-06-25 09:00:00,242979.0,69.0,False,69.0
2024-06-25 10:00:00,243079.0,100.0,False,100.0
2024-06-25 11:00:00,243199.0,120.0,False,120.0
2024-06-25 12:00:00,243324.0,125.0,False,125.0
2024-06-25 13:00:00,243449.0,125.0,False,125.0
2024-06-25 14:00:00,243575.0,126.0,False,126.0
2024-06-25 15:00:00,243723.0,148.0,True,106.0
2024-06-25 16:00:00,243885.0,162.0,True,108.17
2024-06-25 17:00:00,244040.0,155.0,True,107.0
2024-06-25 18:00:00,244158.0,118.0,False,118.0
2024-06-25 19:00:00,244243.0,85.0,False,85.0
2024-06-25 20:00:00,244307.0,64.0,False,64.0
2024-06-25 21:00:00,244365.0,58.0,False,58.0
2024-06-25 22:00:00,244420.0,55.0,False,55.0
2024-06-25 23:00:00,244466.0,46.0,False,46.0
2024-06-26 00:00:00,244506.0,40.0,False,40.0
2024-06-26 01:00:00,244541.0,35.0,False,35.0
2024-06-26 02:00:00,244573.0,32.0,False,32.0
2024-06-26 03:00:00,244603.0,30.0,False,30.0
2024-06-26 04:00:00,244631.0,28.0,False,28.0
2024-06-26 05:00:00,244659.0,28.0,False,28.0
2024-06-26 06:00:00,244687.0,28.0,False,28.0
2024-06-26 07:00:00,244714.0,27.0,False,27.0
2024-06-26 08:00:00,244746.0,32.0,False,32.0
2024-06-26 09:00:00,244809.0,63.0,False,63.0
2024-06-26 10:00:00,244918.0,109.0,False,109.0
2024-06-26 11:00:00,245036.0,118.0,False,118.0
2024-06-26 12:00:00,245161.0,125.0,False,125.0
2024-06-26 13:00:00,245280.0,119.0,False,119.0
2024-06-26 14:00:00,245395.0,115.0,False,115.0
2024-06-26 15:00:00,245525.0,130.0,True,106.0
2024-06-26 16:00:00,245672.0,147.0,True,108.17
2024-06-26 17:00:00,245806.0,134.0,True,107.0
2024-06-26 18:00:00,245907.0,101.0,False,101.0
2024-06-26 19:00:00,245991.0,84.0,False,84.0
2024-06-26 20:00:00,246056.0,65.0,False,65.0
2024-06-26 21:00:00,246112.0,56.0,False,56.0
2024-06-26 22:00:00,246167.0,55.0,False,55.0
2024-06-26 23:00:00,246223.0,56.0,False,56.0
2024-06-27 00:00:00,246269.0,46.0,False,46.0
2024-06-27 01:00:00,246306.0,37.0,False,37.0
2024-06-27 02:00:00,246339.0,33.0,False,33.0
2024-06-27 03:00:00,246372.0,33.0,False,33.0
2024-06-27 04:00:00,246403.0,31.0,False,31.0
2024-06-27 05:00:00,246434.0,31.0,False,31.0
2024-06-27 06:00:00,246466.0,32.0,False,32.0
2024-06-27 07:00:00,246497.0,31.0,False,31.0
2024-06-27 08:00:00,246534.0,37.0,False,37.0
2024-06-27 09:00:00,246599.0,65.0,False,65.0
2024-06-27 10:00:00,246695.0,96.0,False,96.0
2024-06-27 11:00:00,246809.0,114.0,True,94.29
2024-06-27 12:00:00,246932.0,123.0,True,99.29
2024-06-27 13:00:00,247041.0,109.0,True,96.71
2024-06-27 14:00:00,247139.0,98.0,False,98.0
2024-06-27 15:00:00,247249.0,110.0,True,103.8
2024-06-27 16:00:00,247379.0,130.0,True,106.8
2024-06-27 17:00:00,247500.0,121.0,True,105.8
2024-06-27 18:00:00,247614.0,114.0,True,102.29
2024-06-27 19:00:00,247706.0,92.0,False,92.0
2024-06-27 20:00:00,247782.0,76.0,False,76.0
2024-06-27 21:00:00,247856.0,74.0,False,74.0
2024-06-27 22:00:00,247920.0,64.0,False,64.0
2024-06-27 23:00:00,247978.0,58.0,False,58.0
2024-06-28 00:00:00,248026.0,48.0,False,48.0
2024-06-28 01:00:00,248064.0,38.0,False,38.0
2024-06-28 02:00:00,248099.0,35.0,False,35.0
2024-06-28 03:00:00,248130.0,31.0,False,31.0
2024-06-28 04:00:00,248159.0,29.0,False,29.0
2024-06-28 05:00:00,248187.0,28.0,False,28.0
2024-06-28 06:00:00,248215.0,28.0,False,28.0
2024-06-28 07:00:00,248244.0,29.0,False,29.0
2024-06-28 08:00:00,248278.0,34.0,False,34.0
2024-06-28 09:00:00,248351.0,73.0,False,73.0
2024-06-28 10:00:00,248449.0,98.0,True,85.71
2024-06-28 11:00:00,248567.0,118.0,True,93.17
2024-06-28 12:00:00,248692.0,125.0,True,97.67
2024-06-28 13:00:00,248797.0,105.0,True,96.0
2024-06-28 14:00:00,248895.0,98.0,True,99.86
2024-06-28 15:00:00,249003.0,108.0,True,95.5
2024-06-28 16:00:00,249116.0,113.0,True,98.75
2024-06-28 17:00:00,249234.0,118.0,True,98.0
2024-06-28 18:00:00,249341.0,107.0,True,96.67
2024-06-28 19:00:00,249415.0,74.0,False,74.0
2024-06-28 20:00:00,249471.0,56.0,False,56.0
2024-06-28 21:00:00,249526.0,55.0,False,55.0
2024-06-28 22:00:00,249575.0,49.0,False,49.0
2024-06-28 23:00:00,249621.0,46.0,False,46.0
2024-06-29 00:00:00,249654.0,33.0,False,33.0
2024-06-29 01:00:00,249684.0,30.0,False,30.0
2024-06-29 02:00:00,249711.0,27.0,False,27.0
2024-06-29 03:00:00,249738.0,27.0,False,27.0
2024-06-29 04:00:00,249763.0,25.0,False,25.0
2024-06-29 05:00:00,249787.0,24.0,False,24.0
2024-06-29 06:00:00,249813.0,26.0,False,26.0
2024-06-29 07:00:00,249838.0,25.0,False,25.0
2024-06-29 08:00:00,249866.0,28.0,False,28.0
2024-06-29 09:00:00,249896.0,30.0,False,30.0
2024-06-29 10:00:00,249932.0,36.0,False,36.0
2024-06-29 11:00:00,249985.0,53.0,False,53.0
2024-06-29 12:00:00,250047.0,62.0,False,62.0
2024-06-29 13:00:00,250106.0,59.0,False,59.0
2024-06-29 14:00:00,250160.0,54.0,False,54.0
2024-06-29 15:00:00,250216.0,56.0,False,56.0
2024-06-29 16:00:00,250284.0,68.0,False,68.0
2024-06-29 17:00:00,250357.0,73.0,False,73.0
2024-06-29 18:00:00,250426.0,69.0,False,69.0
2024-06-29 19:00:00,250474.0,48.0,False,48.0
2024-06-29 20:00:00,250520.0,46.0,False,46.0
2024-06-29 21:00:00,250571.0,51.0,False,51.0
2024-06-29 22:00:00,250618.0,47.0,False,47.0
2024-06-29 23:00:00,250661.0,43.0,False,43.0
2024-06-30 00:00:00,250699.0,38.0,False,38.0
2024-06-30 01:00:00,250730.0,31.0,False,31.0
2024-06-30 02:00:00,250759.0,29.0,False,29.0
2024-06-30 03:00:00,250787.0,28.0,False,28.0
2024-06-30 04:00:00,250814.0,27.0,False,27.0
2024-06-30 05:00:00,250840.0,26.0,False,26.0
2024-06-30 06:00:00,250867.0,27.0,False,27.0
2024-06-30 07:00:00,250895.0,28.0,False,28.0
2024-06-30 08:00:00,250923.0,28.0,False,28.0
2024-06-30 09:00:00,250958.0,35.0,False,35.0
2024-06-30 10:00:00,250994.0,36.0,False,36.0
2024-06-30 11:00:00,251032.0,38.0,False,38.0
2024-06-30 12:00:00,251067.0,35.0,False,35.0
2024-06-30 13:00:00,251100.0,33.0,False,33.0
2024-06-30 14:00:00,251135.0,35.0,False,35.0
2024-06-30 15:00:00,251172.0,37.0,False,37.0
2024-06-30 16:00:00,251205.0,33.0,False,33.0
2024-06-30 17:00:00,251239.0,34.0,False,34.0
2024-06-30 18:00:00,251267.0,28.0,False,28.0
2024-06-30 19:00:00,251290.0,23.0,False,23.0
2024-06-30 20:00:00,251311.0,21.0,False,21.0
2024-06-30 21:00:00,251334.0,23.0,False,23.0
2024-06-30 22:00:00,251354.0,20.0,False,20.0
2024-06-30 23:00:00,251371.0,17.0,False,17.0
2024-07-01 00:00:00,251386.0,15.0,False,15.0
2024-07-01 01:00:00,251399.0,13.0,False,13.0
2024-07-01 02:00:00,251411.0,12.0,False,12.0
2024-07-01 03:00:00,251424.0,13.0,False,13.0
2024-07-01 04:00:00,251436.0,12.0,False,12.0
2024-07-01 05:00:00,251448.0,12.0,False,12.0
2024-07-01 06:00:00,251460.0,12.0,False,12.0
2024-07-01 07:00:00,251472.0,12.0,False,12.0
2024-07-01 08:00:00,251490.0,18.0,False,18.0
2024-07-01 09:00:00,251519.0,29.0,False,29.0
2024-07-01 10:00:00,251562.0,43.0,False,43.0
2024-07-01 11:00:00,251613.0,51.0,False,51.0
2024-07-01 12:00:00,251674.0,61.0,False,61.0
2024-07-01 13:00:00,251736.0,62.0,False,62.0
2024-07-01 14:00:00,251798.0,62.0,False,62.0
2024-07-01 15:00:00,251861.0,63.0,False,63.0
2024-07-01 16:00:00,251926.0,65.0,False,65.0
2024-07-01 17:00:00,252003.0,77.0,False,77.0
2024-07-01 18:00:00,252071.0,68.0,False,68.0
2024-07-01 19:00:00,252113.0,42.0,False,42.0
2024-07-01 20:00:00,252145.0,32.0,False,32.0
2024-07-01 21:00:00,252172.0,27.0,False,27.0
2024-07-01 22:00:00,252199.0,27.0,False,27.0
2024-07-01 23:00:00,252219.0,20.0,False,20.0
2024-07-02 00:00:00,252233.0,14.0,False,14.0
2024-07-02 01:00:00,252247.0,14.0,False,14.0
2024-07-02 02:00:00,252260.0,13.0,False,13.0
2024-07-02 03:00:00,252273.0,13.0,False,13.0
2024-07-02 04:00:00,252286.0,13.0,False,13.0
2024-07-02 05:00:00,252299.0,13.0,False,13.0
2024-07-02 06:00:00,252312.0,13.0,False,13.0
2024-07-02 07:00:00,252325.0,13.0,False,13.0
2024-07-02 08:00:00,252339.0,14.0,False,14.0
2024-07-02 09:00:00,252372.0,33.0,False,33.0
2024-07-02 10:00:00,252419.0,47.0,False,47.0
2024-07-02 11:00:00,252472.0,53.0,False,53.0
2024-07-02 12:00:00,252531.0,59.0,False,59.0
2024-07-02 13:00:00,252590.0,59.0,False,59.0
2024-07-02 14:00:00,252651.0,61.0,False,61.0
2024-07-02 15:00:00,252708.0,57.0,False,57.0
2024-07-02 16:00:00,252773.0,65.0,False,65.0
2024-07-02 17:00:00,252842.0,69.0,False,69.0
2024-07-02 18:00:00,252911.0,69.0,False,69.0
2024-07-02 19:00:00,252965.0,54.0,False,54.0
2024-07-02 20:00:00,253008.0,43.0,False,43.0
2024-07-02 21:00:00,253050.0,42.0,False,42.0
2024-07-02 22:00:00,253106.0,56.0,False,56.0
2024-07-02 23:00:00,253143.0,37.0,False,37.0
2024-07-03 00:00:00,253164.0,21.0,False,21.0
2024-07-03 01:00:00,253180.0,16.0,False,16.0
2024-07-03 02:00:00,253197.0,17.0,False,17.0
2024-07-03 03:00:00,253213.0,16.0,False,16.0
2024-07-03 04:00:00,253230.0,17.0,False,17.0
2024-07-03 05:00:00,253246.0,16.0,False,16.0
2024-07-03 06:00:00,253262.0,16.0,False,16.0
2024-07-03 07:00:00,253277.0,15.0,False,15.0
2024-07-03 08:00:00,253294.0,17.0,False,17.0
2024-07-03 09:00:00,253321.0,27.0,False,27.0
2024-07-03 10:00:00,253364.0,43.0,False,43.0
2024-07-03 11:00:00,253418.0,54.0,False,54.0
2024-07-03 12:00:00,253482.0,64.0,False,64.0
2024-07-03 13:00:00,253545.0,63.0,False,63.0
2024-07-03 14:00:00,253600.0,55.0,False,55.0
2024-07-03 15:00:00,253660.0,60.0,False,60.0
2024-07-03 16:00:00,253711.0,51.0,False,51.0
2024-07-03 17:00:00,253759.0,48.0,False,48.0
2024-07-03 18:00:00,253803.0,44.0,False,44.0
2024-07-03 19:00:00,253840.0,37.0,False,37.0
2024-07-03 20:00:00,253867.0,27.0,False,27.0
2024-07-03 21:00:00,253893.0,26.0,False,26.0
2024-07-03 22:00:00,253919.0,26.0,False,26.0
2024-07-03 23:00:00,253939.0,20.0,False,20.0
2024-07-04 00:00:00,253956.0,17.0,False,17.0
2024-07-04 01:00:00,253971.0,15.0,False,15.0
2024-07-04 02:00:00,253986.0,15.0,False,15.0
2024-07-04 03:00:00,254000.0,14.0,False,14.0
2024-07-04 04:00:00,254015.0,15.0,False,15.0
2024-07-04 05:00:00,254030.0,15.0,False,15.0
2024-07-04 06:00:00,254044.0,14.0,False,14.0
2024-07-04 07:00:00,254058.0,14.0,False,14.0
2024-07-04 08:00:00,254075.0,17.0,False,17.0
2024-07-04 09:00:00,254106.0,31.0,False,31.0
2024-07-04 10:00:00,254149.0,43.0,False,43.0
2024-07-04 11:00:00,254197.0,48.0,False,48.0
2024-07-04 12:00:00,254250.0,53.0,False,53.0
2024-07-04 13:00:00,254302.0,52.0,False,52.0
2024-07-04 14:00:00,254358.0,56.0,False,56.0
2024-07-04 15:00:00,254419.0,61.0,False,61.0
2024-07-04 16:00:00,254489.0,70.0,False,70.0
2024-07-04 17:00:00,254562.0,73.0,False,73.0
2024-07-04 18:00:00,254638.0,76.0,False,76.0
2024-07-04 19:00:00,254694.0,56.0,False,56.0
2024-07-04 20:00:00,254737.0,43.0,False,43.0
2024-07-04 21:00:00,254777.0,40.0,False,40.0
2024-07-04 22:00:00,254808.0,31.0,False,31.0
2024-07-04 23:00:00,254831.0,23.0,False,23.0
2024-07-05 00:00:00,254849.0,18.0,False,18.0
2024-07-05 01:00:00,254867.0,18.0,False,18.0
2024-07-05 02:00:00,254883.0,16.0,False,16.0
2024-07-05 03:00:00,254898.0,15.0,False,15.0
2024-07-05 04:00:00,254912.0,14.0,False,14.0
2024-07-05 05:00:00,254926.0,14.0,False,14.0
2024-07-05 06:00:00,254940.0,14.0,False,14.0
2024-07-05 07:00:00,254954.0,14.0,False,14.0
2024-07-05 08:00:00,254968.0,14.0,False,14.0
2024-07-05 09:00:00,254996.0,28.0,False,28.0
2024-07-05 10:00:00,255031.0,35.0,False,35.0
2024-07-05 11:00:00,255071.0,40.0,False,40.0
2024-07-05 12:00:00,255118.0,47.0,False,47.0
2024-07-05 13:00:00,255159.0,41.0,False,41.0
2024-07-05 14:00:00,255202.0,43.0,False,43.0
2024-07-05 15:00:00,255245.0,43.0,False,43.0
2024-07-05 16:00:00,255286.0,41.0,False,41.0
2024-07-05 17:00:00,255326.0,40.0,False,40.0
2024-07-05 18:00:00,255370.0,44.0,False,44.0
2024-07-05 19:00:00,255403.0,33.0,False,33.0
2024-07-05 20:00:00,255428.0,25.0,False,25.0
2024-07-05 21:00:00,255451.0,23.0,False,23.0
2024-07-05 22:00:00,255473.0,22.0,False,22.0
2024-07-05 23:00:00,255498.0,25.0,False,25.0
2024-07-06 00:00:00,255517.0,19.0,False,19.0
2024-07-06 01:00:00,255533.0,16.0,False,16.0
2024-07-06 02:00:00,255547.0,14.0,False,14.0
2024-07-06 03:00:00,255560.0,13.0,False,13.0
2024-07-06 04:00:00,255572.0,12.0,False,12.0
2024-07-06 05:00:00,255585.0,13.0,False,13.0
2024-07-06 06:00:00,255598.0,13.0,False,13.0
2024-07-06 07:00:00,255610.0,12.0,False,12.0
2024-07-06 08:00:00,255625.0,15.0,False,15.0
2024-07-06 09:00:00,255643.0,18.0,False,18.0
2024-07-06 10:00:00,255668.0,25.0,False,25.0
2024-07-06 11:00:00,255706.0,38.0,False,38.0
2024-07-06 12:00:00,255752.0,46.0,False,46.0
2024-07-06 13:00:00,255805.0,53.0,False,53.0
2024-07-06 14:00:00,255852.0,47.0,False,47.0
2024-07-06 15:00:00,255886.0,34.0,False,34.0
2024-07-06 16:00:00,255913.0,27.0,False,27.0
2024-07-06 17:00:00,255936.0,23.0,False,23.0
2024-07-06 18:00:00,255965.0,29.0,False,29.0
2024-07-06 19:00:00,255989.0,24.0,False,24.0
2024-07-06 20:00:00,256014.0,25.0,False,25.0
2024-07-06 21:00:00,256039.0,25.0,False,25.0
2024-07-06 22:00:00,256064.0,25.0,False,25.0
2024-07-06 23:00:00,256088.0,24.0,False,24.0
2024-07-07 00:00:00,256105.0,17.0,False,17.0
2024-07-07 01:00:00,256120.0,15.0,False,15.0
2024-07-07 02:00:00,,,False,16.57
2024-07-07 03:00:00,256165.0,,False,16.0
2024-07-07 04:00:00,256185.0,20.0,False,20.0
2024-07-07 05:00:00,256205.0,20.0,False,20.0
2024-07-07 06:00:00,256224.0,19.0,False,19.0
2024-07-07 07:00:00,256241.0,17.0,False,17.0
2024-07-07 08:00:00,256256.0,15.0,False,15.0
2024-07-07 09:00:00,256273.0,17.0,False,17.0
2024-07-07 10:00:00,256290.0,17.0,False,17.0
2024-07-07 11:00:00,256309.0,19.0,False,19.0
2024-07-07 12:00:00,256335.0,26.0,False,26.0
2024-07-07 13:00:00,256367.0,32.0,False,32.0
2024-07-07 14:00:00,256396.0,29.0,False,29.0
2024-07-07 15:00:00,256428.0,32.0,False,32.0
2024-07-07 16:00:00,256467.0,39.0,False,39.0
2024-07-07 17:00:00,256500.0,33.0,False,33.0
2024-07-07 18:00:00,256536.0,36.0,False,36.0
2024-07-07 19:00:00,256571.0,35.0,False,35.0
2024-07-07 20:00:00,256590.0,19.0,False,19.0
2024-07-07 21:00:00,256608.0,18.0,False,18.0
2024-07-07 22:00:00,256630.0,22.0,False,22.0
2024-07-07 23:00:00,256649.0,19.0,False,19.0
2024-07-08 00:00:00,256669.0,20.0,False,20.0
2024-07-08 01:00:00,256687.0,18.0,False,18.0
2024-07-08 02:00:00,256705.0,18.0,False,18.0
2024-07-08 03:00:00,256718.0,13.0,False,13.0
2024-07-08 04:00:00,256730.0,12.0,False,12.0
2024-07-08 05:00:00,256744.0,14.0,False,14.0
2024-07-08 06:00:00,256757.0,13.0,False,13.0
2024-07-08 07:00:00,256771.0,14.0,False,14.0
2024-07-08 08:00:00,256785.0,14.0,False,14.0
2024-07-08 09:00:00,256809.0,24.0,False,24.0
2024-07-08 10:00:00,256842.0,33.0,False,33.0
2024-07-08 11:00:00,256879.0,37.0,False,37.0
2024-07-08 12:00:00,256920.0,41.0,False,41.0
2024-07-08 13:00:00,256966.0,46.0,False,46.0
2024-07-08 14:00:00,257012.0,46.0,False,46.0
2024-07-08 15:00:00,257058.0,46.0,False,46.0
2024-07-08 16:00:00,257109.0,51.0,False,51.0
2024-07-08 17:00:00,257151.0,42.0,False,42.0
2024-07-08 18:00:00,257190.0,39.0,False,39.0
2024-07-08 19:00:00,257230.0,40.0,False,40.0
2024-07-08 20:00:00,257260.0,30.0,False,30.0
2024-07-08 21:00:00,257282.0,22.0,False,22.0
2024-07-08 22:00:00,257306.0,24.0,False,24.0
2024-07-08 23:00:00,257327.0,21.0,False,21.0
2024-07-09 00:00:00,257344.0,17.0,False,17.0
2024-07-09 01:00:00,257357.0,13.0,False,13.0
2024-07-09 02:00:00,257369.0,12.0,False,12.0
2024-07-09 03:00:00,257381.0,12.0,False,12.0
2024-07-09 04:00:00,257393.0,12.0,False,12.0
2024-07-09 05:00:00,257405.0,12.0,False,12.0
2024-07-09 06:00:00,257417.0,12.0,False,12.0
2024-07-09 07:00:00,257429.0,12.0,False,12.0
2024-07-09 08:00:00,257443.0,14.0,False,14.0
2024-07-09 09:00:00,257463.0,20.0,False,20.0
2024-07-09 10:00:00,257490.0,27.0,False,27.0
2024-07-09 11:00:00,257528.0,38.0,False,38.0
2024-07-09 12:00:00,257569.0,41.0,False,41.0
2024-07-09 13:00:00,257610.0,41.0,False,41.0
2024-07-09 14:00:00,257643.0,33.0,False,33.0
2024-07-09 15:00:00,257680.0,37.0,False,37.0
2024-07-09 16:00:00,257728.0,48.0,False,48.0
2024-07-09 17:00:00,257791.0,63.0,False,63.0
2024-07-09 18:00:00,257842.0,51.0,False,51.0
2024-07-09 19:00:00,257879.0,37.0,False,37.0
2024-07-09 20:00:00,257909.0,30.0,False,30.0
2024-07-09 21:00:00,257934.0,25.0,False,25.0
2024-07-09 22:00:00,257956.0,22.0,False,22.0
2024-07-09 23:00:00,257981.0,25.0,False,25.0
2024-07-10 00:00:00,258000.0,19.0,False,19.0
2024-07-10 01:00:00,258019.0,19.0,False,19.0
2024-07-10 02:00:00,258036.0,17.0,False,17.0
2024-07-10 03:00:00,258049.0,13.0,False,13.0
2024-07-10 04:00:00,258063.0,14.0,False,14.0
2024-07-10 05:00:00,258076.0,13.0,False,13.0
2024-07-10 06:00:00,258089.0,13.0,False,13.0
2024-07-10 07:00:00,258102.0,13.0,False,13.0
2024-07-10 08:00:00,258116.0,14.0,False,14.0
2024-07-10 09:00:00,258140.0,24.0,False,24.0
2024-07-10 10:00:00,258172.0,32.0,False,32.0
2024-07-10 11:00:00,258213.0,41.0,False,41.0
2024-07-10 12:00:00,258264.0,51.0,False,51.0
2024-07-10 13:00:00,258314.0,50.0,False,50.0
2024-07-10 14:00:00,258360.0,46.0,False,46.0
2024-07-10 15:00:00,258414.0,54.0,False,54.0
2024-07-10 16:00:00,258475.0,61.0,True,46.71
2024-07-10 17:00:00,258517.0,42.0,False,42.0
2024-07-10 18:00:00,258560.0,43.0,False,43.0
2024-07-10 19:00:00,258592.0,32.0,False,32.0
2024-07-10 20:00:00,258616.0,24.0,False,24.0
2024-07-10 21:00:00,258638.0,22.0,False,22.0
2024-07-10 22:00:00,258660.0,22.0,False,22.0
2024-07-10 23:00:00,258679.0,19.0,False,19.0
2024-07-11 00:00:00,258695.0,16.0,False,16.0
2024-07-11 01:00:00,258709.0,14.0,False,14.0
2024-07-11 02:00:00,258724.0,15.0,False,15.0
2024-07-11 03:00:00,258737.0,13.0,False,13.0
2024-07-11 04:00:00,258750.0,13.0,False,13.0
2024-07-11 05:00:00,258763.0,13.0,False,13.0
2024-07-11 06:00:00,258777.0,14.0,False,14.0
2024-07-11 07:00:00,258790.0,13.0,False,13.0
2024-07-11 08:00:00,258804.0,14.0,False,14.0
2024-07-11 09:00:00,258830.0,26.0,False,26.0
2024-07-11 10:00:00,258868.0,38.0,False,38.0
2024-07-11 11:00:00,258913.0,45.0,False,45.0
2024-07-11 12:00:00,258965.0,52.0,False,52.0
2024-07-11 13:00:00,259018.0,53.0,False,53.0
2024-07-11 14:00:00,259074.0,56.0,False,56.0
2024-07-11 15:00:00,259137.0,63.0,True,43.86
2024-07-11 16:00:00,259210.0,73.0,True,46.0
2024-07-11 17:00:00,259280.0,70.0,True,45.14
2024-07-11 18:00:00,259357.0,77.0,True,45.43
2024-07-11 19:00:00,259409.0,52.0,False,52.0
2024-07-11 20:00:00,259438.0,29.0,False,29.0
2024-07-11 21:00:00,259465.0,27.0,False,27.0
2024-07-11 22:00:00,259490.0,25.0,False,25.0
2024-07-11 23:00:00,259511.0,21.0,False,21.0
2024-07-12 00:00:00,259527.0,16.0,False,16.0
2024-07-12 01:00:00,259543.0,16.0,False,16.0
2024-07-12 02:00:00,259558.0,15.0,False,15.0
2024-07-12 03:00:00,259573.0,15.0,False,15.0
2024-07-12 04:00:00,259588.0,15.0,False,15.0
2024-07-12 05:00:00,259603.0,15.0,False,15.0
2024-07-12 06:00:00,259618.0,15.0,False,15.0
2024-07-12 07:00:00,259632.0,14.0,False,14.0
2024-07-12 08:00:00,259647.0,15.0,False,15.0
2024-07-12 09:00:00,259671.0,24.0,False,24.0
2024-07-12 10:00:00,259706.0,35.0,False,35.0
2024-07-12 11:00:00,259759.0,53.0,False,53.0
2024-07-12 12:00:00,259819.0,60.0,True,43.43
2024-07-12 13:00:00,259876.0,57.0,True,45.14
2024-07-12 14:00:00,259934.0,58.0,True,42.86
2024-07-12 15:00:00,260003.0,69.0,True,41.0
2024-07-12 16:00:00,260087.0,84.0,True,41.2
2024-07-12 17:00:00,260149.0,62.0,True,40.5
2024-07-12 18:00:00,260206.0,57.0,True,40.33
2024-07-12 19:00:00,260253.0,47.0,False,47.0
2024-07-12 20:00:00,260291.0,38.0,False,38.0
2024-07-12 21:00:00,260323.0,32.0,False,32.0
2024-07-12 22:00:00,260351.0,28.0,False,28.0
2024-07-12 23:00:00,260370.0,19.0,False,19.0
2024-07-13 00:00:00,260385.0,15.0,False,15.0
2024-07-13 01:00:00,260399.0,14.0,False,14.0
2024-07-13 02:00:00,260412.0,13.0,False,13.0
2024-07-13 03:00:00,260424.0,12.0,False,12.0
2024-07-13 04:00:00,260437.0,13.0,False,13.0
2024-07-13 05:00:00,260448.0,11.0,False,11.0
2024-07-13 06:00:00,260461.0,13.0,False,13.0
2024-07-13 07:00:00,260472.0,11.0,False,11.0
2024-07-13 08:00:00,260484.0,12.0,False,12.0
2024-07-13 09:00:00,260499.0,15.0,False,15.0
2024-07-13 10:00:00,260525.0,26.0,False,26.0
2024-07-13 11:00:00,260578.0,53.0,False,53.0
2024-07-13 12:00:00,260632.0,54.0,False,54.0
2024-07-13 13:00:00,260682.0,50.0,False,50.0
2024-07-13 14:00:00,260722.0,40.0,False,40.0
2024-07-13 15:00:00,260758.0,36.0,False,36.0
2024-07-13 16:00:00,260795.0,37.0,False,37.0
2024-07-13 17:00:00,260840.0,45.0,False,45.0
2024-07-13 18:00:00,260884.0,44.0,False,44.0
2024-07-13 19:00:00,260912.0,28.0,False,28.0
2024-07-13 20:00:00,260938.0,26.0,False,26.0
2024-07-13 21:00:00,260963.0,25.0,False,25.0
2024-07-13 22:00:00,260987.0,24.0,False,24.0
2024-07-13 23:00:00,261008.0,21.0,False,21.0
2024-07-14 00:00:00,261024.0,16.0,False,16.0
2024-07-14 01:00:00,261038.0,14.0,False,14.0
2024-07-14 02:00:00,261050.0,12.0,False,12.0
2024-07-14 03:00:00,261063.0,13.0,False,13.0
2024-07-14 04:00:00,261076.0,13.0,False,13.0
2024-07-14 05:00:00,261088.0,12.0,False,12.0
2024-07-14 06:00:00,261101.0,13.0,False,13.0
2024-07-14 07:00:00,261114.0,13.0,False,13.0
2024-07-14 08:00:00,261126.0,12.0,False,12.0
2024-07-14 09:00:00,261141.0,15.0,False,15.0
2024-07-14 10:00:00,261160.0,19.0,False,19.0
2024-07-14 11:00:00,261188.0,28.0,False,28.0
2024-07-14 12:00:00,261215.0,27.0,False,27.0
2024-07-14 13:00:00,261246.0,31.0,False,31.0
2024-07-14 14:00:00,261280.0,34.0,False,34.0
2024-07-14 15:00:00,261315.0,35.0,False,35.0
2024-07-14 16:00:00,261344.0,29.0,False,29.0
2024-07-14 17:00:00,261379.0,35.0,False,35.0
2024-07-14 18:00:00,261408.0,29.0,False,29.0
2024-07-14 19:00:00,261430.0,22.0,False,22.0
2024-07-14 20:00:00,261451.0,21.0,False,21.0
2024-07-14 21:00:00,261469.0,18.0,False,18.0
2024-07-14 22:00:00,261489.0,20.0,False,20.0
2024-07-14 23:00:00,261507.0,18.0,False,18.0
2024-07-15 00:00:00,261521.0,14.0,False,14.0
2024-07-15 01:00:00,261533.0,12.0,False,12.0
2024-07-15 02:00:00,261546.0,13.0,False,13.0
2024-07-15 03:00:00,261557.0,11.0,False,11.0
2024-07-15 04:00:00,261568.0,11.0,False,11.0
2024-07-15 05:00:00,261579.0,11.0,False,11.0
2024-07-15 06:00:00,261590.0,11.0,False,11.0
2024-07-15 07:00:00,261601.0,11.0,False,11.0
2024-07-15 08:00:00,261613.0,12.0,False,12.0
2024-07-15 09:00:00,261631.0,18.0,False,18.0
2024-07-15 10:00:00,261671.0,40.0,False,40.0
2024-07-15 11:00:00,261720.0,49.0,False,49.0
2024-07-15 12:00:00,261776.0,56.0,False,56.0
2024-07-15 13:00:00,261840.0,64.0,True,45.17
2024-07-15 14:00:00,261899.0,59.0,True,42.5
2024-07-15 15:00:00,261961.0,62.0,True,41.6
2024-07-15 16:00:00,262013.0,52.0,False,52.0
2024-07-15 17:00:00,262058.0,45.0,False,45.0
2024-07-15 18:00:00,262103.0,45.0,False,45.0
2024-07-15 19:00:00,262136.0,33.0,False,33.0
2024-07-15 20:00:00,262158.0,22.0,False,22.0
2024-07-15 21:00:00,262181.0,23.0,False,23.0
2024-07-15 22:00:00,262204.0,23.0,False,23.0
2024-07-15 23:00:00,262226.0,22.0,False,22.0
2024-07-16 00:00:00,262242.0,16.0,False,16.0
2024-07-16 01:00:00,262254.0,12.0,False,12.0
2024-07-16 02:00:00,262265.0,11.0,False,11.0
2024-07-16 03:00:00,262275.0,10.0,False,10.0
2024-07-16 04:00:00,262285.0,10.0,False,10.0
2024-07-16 05:00:00,262296.0,11.0,False,11.0
2024-07-16 06:00:00,262306.0,10.0,False,10.0
2024-07-16 07:00:00,262316.0,10.0,False,10.0
2024-07-16 08:00:00,262328.0,12.0,False,12.0
2024-07-16 09:00:00,262348.0,20.0,False,20.0
2024-07-16 10:00:00,262383.0,35.0,False,35.0
2024-07-16 11:00:00,262426.0,43.0,False,43.0
2024-07-16 12:00:00,262473.0,47.0,False,47.0
2024-07-16 13:00:00,262521.0,48.0,False,48.0
2024-07-16 14:00:00,262574.0,53.0,False,53.0
2024-07-16 15:00:00,262635.0,61.0,True,40.5
2024-07-16 16:00:00,262701.0,66.0,True,41.5
2024-07-16 17:00:00,262754.0,53.0,False,53.0
2024-07-16 18:00:00,262797.0,43.0,False,43.0
2024-07-16 19:00:00,262830.0,33.0,False,33.0
2024-07-16 20:00:00,262859.0,29.0,False,29.0
2024-07-16 21:00:00,262890.0,31.0,False,31.0
2024-07-16 22:00:00,262916.0,26.0,False,26.0
2024-07-16 23:00:00,262935.0,19.0,False,19.0
2024-07-17 00:00:00,262950.0,15.0,False,15.0
2024-07-17 01:00:00,262965.0,15.0,False,15.0
2024-07-17 02:00:00,262978.0,13.0,False,13.0
2024-07-17 03:00:00,262991.0,13.0,False,13.0
2024-07-17 04:00:00,263004.0,13.0,False,13.0
2024-07-17 05:00:00,263016.0,12.0,False,12.0
2024-07-17 06:00:00,263029.0,13.0,False,13.0
2024-07-17 07:00:00,263041.0,12.0,False,12.0
2024-07-17 08:00:00,263054.0,13.0,False,13.0
2024-07-17 09:00:00,263071.0,17.0,False,17.0
2024-07-17 10:00:00,263100.0,29.0,False,29.0
2024-07-17 11:00:00,263139.0,39.0,False,39.0
2024-07-17 12:00:00,263181.0,42.0,False,42.0
2024-07-17 13:00:00,263219.0,38.0,False,38.0
2024-07-17 14:00:00,263260.0,41.0,False,41.0
2024-07-17 15:00:00,263318.0,58.0,False,58.0
2024-07-17 16:00:00,263390.0,72.0,True,39.33
2024-07-17 17:00:00,263468.0,78.0,True,44.0
2024-07-17 18:00:00,263549.0,81.0,True,40.8
2024-07-17 19:00:00,263597.0,48.0,False,48.0
2024-07-17 20:00:00,263629.0,32.0,False,32.0
2024-07-17 21:00:00,263657.0,28.0,False,28.0
2024-07-17 22:00:00,263681.0,24.0,False,24.0
2024-07-17 23:00:00,263702.0,21.0,False,21.0
2024-07-18 00:00:00,263716.0,14.0,False,14.0
2024-07-18 01:00:00,263727.0,11.0,False,11.0
2024-07-18 02:00:00,263738.0,11.0,False,11.0
2024-07-18 03:00:00,263750.0,12.0,False,12.0
2024-07-18 04:00:00,263760.0,10.0,False,10.0
2024-07-18 05:00:00,263770.0,10.0,False,10.0
2024-07-18 06:00:00,263780.0,10.0,False,10.0
2024-07-18 07:00:00,263791.0,11.0,False,11.0
2024-07-18 08:00:00,263801.0,10.0,False,10.0
2024-07-18 09:00:00,263819.0,18.0,False,18.0
2024-07-18 10:00:00,263852.0,33.0,False,33.0
2024-07-18 11:00:00,263906.0,54.0,False,54.0
2024-07-18 12:00:00,263968.0,62.0,False,62.0
2024-07-18 13:00:00,264015.0,47.0,False,47.0
2024-07-18 14:00:00,264064.0,49.0,False,49.0
2024-07-18 15:00:00,264117.0,53.0,False,53.0
2024-07-18 16:00:00,264180.0,63.0,False,63.0
2024-07-18 17:00:00,264250.0,70.0,False,70.0
2024-07-18 18:00:00,264298.0,48.0,False,48.0
2024-07-18 19:00:00,264333.0,35.0,False,35.0
2024-07-18 20:00:00,264362.0,29.0,False,29.0
2024-07-18 21:00:00,264389.0,27.0,False,27.0
2024-07-18 22:00:00,264416.0,27.0,False,27.0
2024-07-18 23:00:00,264436.0,20.0,False,20.0
2024-07-19 00:00:00,264450.0,14.0,False,14.0
2024-07-19 01:00:00,264462.0,12.0,False,12.0
2024-07-19 02:00:00,264473.0,11.0,False,11.0
2024-07-19 03:00:00,264485.0,12.0,False,12.0
2024-07-19 04:00:00,264497.0,12.0,False,12.0
2024-07-19 05:00:00,264508.0,11.0,False,11.0
2024-07-19 06:00:00,264519.0,11.0,False,11.0
2024-07-19 07:00:00,264530.0,11.0,False,11.0
2024-07-19 08:00:00,264542.0,12.0,False,12.0
2024-07-19 09:00:00,264562.0,20.0,False,20.0
2024-07-19 10:00:00,264592.0,30.0,False,30.0
2024-07-19 11:00:00,264632.0,40.0,False,40.0
2024-07-19 12:00:00,264674.0,42.0,False,42.0
2024-07-19 13:00:00,264724.0,50.0,False,50.0
2024-07-19 14:00:00,264769.0,45.0,False,45.0
2024-07-19 15:00:00,264815.0,46.0,False,46.0
2024-07-19 16:00:00,264870.0,55.0,False,55.0
2024-07-19 17:00:00,264925.0,55.0,False,55.0
2024-07-19 18:00:00,264976.0,51.0,False,51.0
2024-07-19 19:00:00,265026.0,50.0,False,50.0
2024-07-19 20:00:00,265056.0,30.0,False,30.0
2024-07-19 21:00:00,265082.0,26.0,False,26.0
2024-07-19 22:00:00,265106.0,24.0,False,24.0
2024-07-19 23:00:00,265122.0,16.0,False,16.0
2024-07-20 00:00:00,265133.0,11.0,False,11.0
2024-07-20 01:00:00,265144.0,11.0,False,11.0
2024-07-20 02:00:00,265155.0,11.0,False,11.0
2024-07-20 03:00:00,265166.0,11.0,False,11.0
2024-07-20 04:00:00,265177.0,11.0,False,11.0
2024-07-20 05:00:00,265188.0,11.0,False,11.0
2024-07-20 06:00:00,265199.0,11.0,False,11.0
2024-07-20 07:00:00,265213.0,14.0,False,14.0
2024-07-20 08:00:00,265233.0,20.0,False,20.0
2024-07-20 09:00:00,265261.0,28.0,False,28.0
2024-07-20 10:00:00,265303.0,42.0,False,42.0
2024-07-20 11:00:00,265340.0,37.0,False,37.0
2024-07-20 12:00:00,265374.0,34.0,False,34.0
2024-07-20 13:00:00,265408.0,34.0,False,34.0
2024-07-20 14:00:00,265440.0,32.0,False,32.0
2024-07-20 15:00:00,265469.0,29.0,False,29.0
2024-07-20 16:00:00,265501.0,32.0,False,32.0
2024-07-20 17:00:00,265538.0,37.0,False,37.0
2024-07-20 18:00:00,265576.0,38.0,False,38.0
2024-07-20 19:00:00,265617.0,41.0,False,41.0
2024-07-20 20:00:00,265664.0,47.0,False,47.0
2024-07-20 21:00:00,265704.0,40.0,False,40.0
2024-07-20 22:00:00,265733.0,29.0,False,29.0
2024-07-20 23:00:00,265754.0,21.0,False,21.0
2024-07-21 00:00:00,265767.0,13.0,False,13.0
2024-07-21 01:00:00,265779.0,12.0,False,12.0
2024-07-21 02:00:00,265791.0,12.0,False,12.0
2024-07-21 03:00:00,265802.0,11.0,False,11.0
2024-07-21 04:00:00,265813.0,11.0,False,11.0
2024-07-21 05:00:00,265824.0,11.0,False,11.0
2024-07-21 06:00:00,265835.0,11.0,False,11.0
2024-07-21 07:00:00,265846.0,11.0,False,11.0
2024-07-21 08:00:00,265857.0,11.0,False,11.0
2024-07-21 09:00:00,265870.0,13.0,False,13.0
2024-07-21 10:00:00,265894.0,24.0,False,24.0
2024-07-21 11:00:00,265927.0,33.0,False,33.0
2024-07-21 12:00:00,265963.0,36.0,False,36.0
2024-07-21 13:00:00,266001.0,38.0,False,38.0
2024-07-21 14:00:00,266045.0,44.0,False,44.0
2024-07-21 15:00:00,266097.0,52.0,False,52.0
2024-07-21 16:00:00,266157.0,60.0,False,60.0
2024-07-21 17:00:00,266225.0,68.0,False,68.0
2024-07-21 18:00:00,266299.0,74.0,False,74.0
2024-07-21 19:00:00,266357.0,58.0,False,58.0
2024-07-21 20:00:00,266394.0,37.0,False,37.0
2024-07-21 21:00:00,266423.0,29.0,False,29.0
2024-07-21 22:00:00,266451.0,28.0,False,28.0
2024-07-21 23:00:00,266472.0,21.0,False,21.0
2024-07-22 00:00:00,266489.0,17.0,False,17.0
2024-07-22 01:00:00,266489.0,,False,12.14
2024-07-22 02:00:00,266489.0,,False,11.71
2024-07-22 03:00:00,266489.0,,False,11.43
2024-07-22 04:00:00,266489.0,,False,11.14
2024-07-22 05:00:00,266489.0,,False,11.0
2024-07-22 06:00:00,266489.0,,False,11.0
2024-07-22 07:00:00,266492.0,3.0,False,3.0
2024-07-22 08:00:00,266502.0,10.0,False,10.0
2024-07-22 09:00:00,266523.0,21.0,False,21.0
2024-07-22 10:00:00,266567.0,44.0,False,44.0
2024-07-22 11:00:00,266622.0,55.0,False,55.0
2024-07-22 12:00:00,266681.0,59.0,False,59.0
2024-07-22 13:00:00,266735.0,54.0,False,54.0
2024-07-22 14:00:00,266801.0,66.0,False,66.0
2024-07-22 15:00:00,266868.0,67.0,False,67.0
2024-07-22 16:00:00,266942.0,74.0,False,74.0
2024-07-22 17:00:00,267012.0,70.0,False,70.0
2024-07-22 18:00:00,267074.0,62.0,False,62.0
2024-07-22 19:00:00,267124.0,50.0,False,50.0
2024-07-22 20:00:00,267165.0,41.0,False,41.0
2024-07-22 21:00:00,267205.0,40.0,False,40.0
2024-07-22 22:00:00,267245.0,40.0,False,40.0
2024-07-22 23:00:00,267275.0,30.0,False,30.0
2024-07-23 00:00:00,267298.0,23.0,False,23.0
2024-07-23 01:00:00,267312.0,14.0,False,14.0
2024-07-23 02:00:00,267320.0,8.0,False,8.0
2024-07-23 03:00:00,267329.0,9.0,False,9.0
2024-07-23 04:00:00,267337.0,8.0,False,8.0
2024-07-23 05:00:00,267345.0,8.0,False,8.0
2024-07-23 06:00:00,267353.0,8.0,False,8.0
2024-07-23 07:00:00,267361.0,8.0,False,8.0
2024-07-23 08:00:00,267372.0,11.0,False,11.0
2024-07-23 09:00:00,267388.0,16.0,False,16.0
2024-07-23 10:00:00,267428.0,40.0,False,40.0
2024-07-23 11:00:00,267481.0,53.0,False,53.0
2024-07-23 12:00:00,267534.0,53.0,False,53.0
2024-07-23 13:00:00,267579.0,45.0,False,45.0
2024-07-23 14:00:00,267629.0,50.0,False,50.0
2024-07-23 15:00:00,267698.0,69.0,False,69.0
2024-07-23 16:00:00,267774.0,76.0,False,76.0
2024-07-23 17:00:00,267842.0,68.0,False,68.0
2024-07-23 18:00:00,267901.0,59.0,False,59.0
2024-07-23 19:00:00,267945.0,44.0,False,44.0
2024-07-23 20:00:00,267987.0,42.0,False,42.0
2024-07-23 21:00:00,268029.0,42.0,False,42.0
2024-07-23 22:00:00,268059.0,30.0,False,30.0
2024-07-23 23:00:00,268083.0,24.0,False,24.0
2024-07-24 00:00:00,268097.0,14.0,False,14.0
2024-07-24 01:00:00,268109.0,12.0,False,12.0
2024-07-24 02:00:00,268121.0,12.0,False,12.0
2024-07-24 03:00:00,268132.0,11.0,False,11.0
2024-07-24 04:00:00,268144.0,12.0,False,12.0
2024-07-24 05:00:00,268154.0,10.0,False,10.0
2024-07-24 06:00:00,268166.0,12.0,False,12.0
2024-07-24 07:00:00,268177.0,11.0,False,11.0
2024-07-24 08:00:00,268191.0,14.0,False,14.0
2024-07-24 09:00:00,268213.0,22.0,False,22.0
2024-07-24 10:00:00,268247.0,34.0,False,34.0
2024-07-24 11:00:00,268290.0,43.0,False,43.0
2024-07-24 12:00:00,268330.0,40.0,False,40.0
2024-07-24 13:00:00,268368.0,38.0,False,38.0
2024-07-24 14:00:00,268399.0,31.0,False,31.0
2024-07-24 15:00:00,268440.0,41.0,False,41.0
2024-07-24 16:00:00,268489.0,49.0,False,49.0
2024-07-24 17:00:00,268538.0,49.0,False,49.0
2024-07-24 18:00:00,268582.0,44.0,False,44.0
2024-07-24 19:00:00,268621.0,39.0,False,39.0
2024-07-24 20:00:00,268655.0,34.0,False,34.0
2024-07-24 21:00:00,268683.0,28.0,False,28.0
2024-07-24 22:00:00,268708.0,25.0,False,25.0
2024-07-24 23:00:00,268728.0,20.0,False,20.0
2024-07-25 00:00:00,268744.0,16.0,False,16.0
2024-07-25 01:00:00,268756.0,12.0,False,12.0
2024-07-25 02:00:00,268766.0,10.0,False,10.0
2024-07-25 03:00:00,268777.0,11.0,False,11.0
2024-07-25 04:00:00,268787.0,10.0,False,10.0
2024-07-25 05:00:00,268797.0,10.0,False,10.0
2024-07-25 06:00:00,268808.0,11.0,False,11.0
2024-07-25 07:00:00,268818.0,10.0,False,10.0
2024-07-25 08:00:00,268829.0,11.0,False,11.0
2024-07-25 09:00:00,268849.0,20.0,False,20.0
2024-07-25 10:00:00,268885.0,36.0,False,36.0
2024-07-25 11:00:00,268930.0,45.0,False,45.0
2024-07-25 12:00:00,268978.0,48.0,False,48.0
2024-07-25 13:00:00,269025.0,47.0,False,47.0
2024-07-25 14:00:00,269081.0,56.0,False,56.0
2024-07-25 15:00:00,269147.0,66.0,False,66.0
2024-07-25 16:00:00,269221.0,74.0,False,74.0
2024-07-25 17:00:00,269291.0,70.0,False,70.0
2024-07-25 18:00:00,269355.0,64.0,False,64.0
2024-07-25 19:00:00,269416.0,61.0,False,61.0
2024-07-25 20:00:00,269472.0,56.0,False,56.0
2024-07-25 21:00:00,269510.0,38.0,False,38.0
2024-07-25 22:00:00,269546.0,36.0,False,36.0
2024-07-25 23:00:00,269572.0,26.0,False,26.0
2024-07-26 00:00:00,269588.0,16.0,False,16.0
2024-07-26 01:00:00,269601.0,13.0,False,13.0
2024-07-26 02:00:00,269613.0,12.0,False,12.0
2024-07-26 03:00:00,269626.0,13.0,False,13.0
2024-07-26 04:00:00,269638.0,12.0,False,12.0
2024-07-26 05:00:00,269649.0,11.0,False,11.0
2024-07-26 06:00:00,269661.0,12.0,False,12.0
2024-07-26 07:00:00,269673.0,12.0,False,12.0
2024-07-26 08:00:00,269688.0,15.0,False,15.0
2024-07-26 09:00:00,269716.0,28.0,False,28.0
2024-07-26 10:00:00,269757.0,41.0,False,41.0
2024-07-26 11:00:00,269806.0,49.0,False,49.0
2024-07-26 12:00:00,269856.0,50.0,False,50.0
2024-07-26 13:00:00,269900.0,44.0,False,44.0
2024-07-26 14:00:00,269946.0,46.0,False,46.0
2024-07-26 15:00:00,270007.0,61.0,False,61.0
2024-07-26 16:00:00,270083.0,76.0,True,60.0
2024-07-26 17:00:00,270161.0,78.0,True,59.57
2024-07-26 18:00:00,270222.0,61.0,False,61.0
2024-07-26 19:00:00,270273.0,51.0,False,51.0
2024-07-26 20:00:00,270326.0,53.0,False,53.0
2024-07-26 21:00:00,270382.0,56.0,False,56.0
2024-07-26 22:00:00,270421.0,39.0,False,39.0
2024-07-26 23:00:00,270449.0,28.0,False,28.0
2024-07-27 00:00:00,270464.0,15.0,False,15.0
2024-07-27 01:00:00,270477.0,13.0,False,13.0
2024-07-27 02:00:00,270489.0,12.0,False,12.0
2024-07-27 03:00:00,270502.0,13.0,False,13.0
2024-07-27 04:00:00,270515.0,13.0,False,13.0
2024-07-27 05:00:00,270528.0,13.0,False,13.0
2024-07-27 06:00:00,270541.0,13.0,False,13.0
2024-07-27 07:00:00,270555.0,14.0,False,14.0
2024-07-27 08:00:00,270569.0,14.0,False,14.0
2024-07-27 09:00:00,270588.0,19.0,False,19.0
2024-07-27 10:00:00,270614.0,26.0,False,26.0
2024-07-27 11:00:00,270647.0,33.0,False,33.0
2024-07-27 12:00:00,270683.0,36.0,False,36.0
2024-07-27 13:00:00,270715.0,32.0,False,32.0
2024-07-27 14:00:00,270744.0,29.0,False,29.0
2024-07-27 15:00:00,270775.0,31.0,False,31.0
2024-07-27 16:00:00,270811.0,36.0,False,36.0
2024-07-27 17:00:00,270854.0,43.0,False,43.0
2024-07-27 18:00:00,270901.0,47.0,False,47.0
2024-07-27 19:00:00,270935.0,34.0,False,34.0
2024-07-27 20:00:00,270966.0,31.0,False,31.0
2024-07-27 21:00:00,270994.0,28.0,False,28.0
2024-07-27 22:00:00,271020.0,26.0,False,26.0
2024-07-27 23:00:00,271043.0,23.0,False,23.0
2024-07-28 00:00:00,271061.0,18.0,False,18.0
2024-07-28 01:00:00,271077.0,16.0,False,16.0
2024-07-28 02:00:00,271091.0,14.0,False,14.0
2024-07-28 03:00:00,271105.0,14.0,False,14.0
2024-07-28 04:00:00,271118.0,13.0,False,13.0
2024-07-28 05:00:00,271132.0,14.0,False,14.0
2024-07-28 06:00:00,271145.0,13.0,False,13.0
2024-07-28 07:00:00,271164.0,19.0,False,19.0
2024-07-28 08:00:00,271184.0,20.0,False,20.0
2024-07-28 09:00:00,271210.0,26.0,False,26.0
2024-07-28 10:00:00,271243.0,33.0,False,33.0
2024-07-28 11:00:00,271275.0,32.0,False,32.0
2024-07-28 12:00:00,271308.0,33.0,False,33.0
2024-07-28 13:00:00,271335.0,27.0,False,27.0
2024-07-28 14:00:00,271362.0,27.0,False,27.0
2024-07-28 15:00:00,271391.0,29.0,False,29.0
2024-07-28 16:00:00,271430.0,39.0,False,39.0
2024-07-28 17:00:00,271471.0,41.0,False,41.0
2024-07-28 18:00:00,271512.0,41.0,False,41.0
2024-07-28 19:00:00,271547.0,35.0,False,35.0
2024-07-28 20:00:00,271580.0,33.0,False,33.0
2024-07-28 21:00:00,271604.0,24.0,False,24.0
2024-07-28 22:00:00,271629.0,25.0,False,25.0
2024-07-28 23:00:00,271651.0,22.0,False,22.0
2024-07-29 00:00:00,271668.0,17.0,False,17.0
2024-07-29 01:00:00,271681.0,13.0,False,13.0
2024-07-29 02:00:00,271694.0,13.0,False,13.0
2024-07-29 03:00:00,271704.0,10.0,False,10.0
2024-07-29 04:00:00,271714.0,10.0,False,10.0
2024-07-29 05:00:00,271724.0,10.0,False,10.0
2024-07-29 06:00:00,271733.0,9.0,False,9.0
2024-07-29 07:00:00,271743.0,10.0,False,10.0
2024-07-29 08:00:00,271753.0,10.0,False,10.0
2024-07-29 09:00:00,271776.0,23.0,False,23.0
2024-07-29 10:00:00,271827.0,51.0,False,51.0
2024-07-29 11:00:00,271883.0,56.0,False,56.0
2024-07-29 12:00:00,271936.0,53.0,False,53.0
2024-07-29 13:00:00,271974.0,38.0,False,38.0
2024-07-29 14:00:00,272010.0,36.0,False,36.0
2024-07-29 15:00:00,272049.0,39.0,False,39.0
2024-07-29 16:00:00,272096.0,47.0,False,47.0
2024-07-29 17:00:00,272145.0,49.0,False,49.0
2024-07-29 18:00:00,272188.0,43.0,False,43.0
2024-07-29 19:00:00,272220.0,32.0,False,32.0
2024-07-29 20:00:00,272246.0,26.0,False,26.0
2024-07-29 21:00:00,272267.0,21.0,False,21.0
2024-07-29 22:00:00,272287.0,20.0,False,20.0
2024-07-29 23:00:00,272302.0,15.0,False,15.0
2024-07-30 00:00:00,272315.0,13.0,False,13.0
2024-07-30 01:00:00,272325.0,10.0,False,10.0
2024-07-30 02:00:00,272335.0,10.0,False,10.0
2024-07-30 03:00:00,272345.0,10.0,False,10.0
2024-07-30 04:00:00,272354.0,9.0,False,9.0
2024-07-30 05:00:00,272364.0,10.0,False,10.0
2024-07-30 06:00:00,272374.0,10.0,False,10.0
2024-07-30 07:00:00,272383.0,9.0,False,9.0
2024-07-30 08:00:00,272394.0,11.0,False,11.0
2024-07-30 09:00:00,272409.0,15.0,False,15.0
2024-07-30 10:00:00,272437.0,28.0,False,28.0
2024-07-30 11:00:00,272479.0,42.0,False,42.0
2024-07-30 12:00:00,272527.0,48.0,False,48.0
2024-07-30 13:00:00,272567.0,40.0,False,40.0
2024-07-30 14:00:00,272605.0,38.0,False,38.0
2024-07-30 15:00:00,272646.0,41.0,False,41.0
2024-07-30 16:00:00,272701.0,55.0,False,55.0
2024-07-30 17:00:00,272757.0,56.0,False,56.0
2024-07-30 18:00:00,272810.0,53.0,False,53.0
2024-07-30 19:00:00,272850.0,40.0,False,40.0
2024-07-30 20:00:00,272882.0,32.0,False,32.0
2024-07-30 21:00:00,272912.0,30.0,False,30.0
2024-07-30 22:00:00,272941.0,29.0,False,29.0
2024-07-30 23:00:00,272966.0,25.0,False,25.0
2024-07-31 00:00:00,272986.0,20.0,False,20.0
2024-07-31 01:00:00,272999.0,13.0,False,13.0
2024-07-31 02:00:00,273010.0,11.0,False,11.0
2024-07-31 03:00:00,273021.0,11.0,False,11.0
2024-07-31 04:00:00,273032.0,11.0,False,11.0
2024-07-31 05:00:00,273043.0,11.0,False,11.0
2024-07-31 06:00:00,273054.0,11.0,False,11.0
2024-07-31 07:00:00,273064.0,10.0,False,10.0
2024-07-31 08:00:00,273076.0,12.0,False,12.0
2024-07-31 09:00:00,273096.0,20.0,False,20.0
2024-07-31 10:00:00,273133.0,37.0,False,37.0
2024-07-31 11:00:00,273177.0,44.0,False,44.0
2024-07-31 12:00:00,273225.0,48.0,False,48.0
2024-07-31 13:00:00,273269.0,44.0,False,44.0
2024-07-31 14:00:00,273313.0,44.0,False,44.0
2024-07-31 15:00:00,273360.0,47.0,False,47.0
2024-07-31 16:00:00,273414.0,54.0,False,54.0
2024-07-31 17:00:00,273469.0,55.0,False,55.0
2024-07-31 18:00:00,273521.0,52.0,False,52.0
2024-07-31 19:00:00,273561.0,40.0,False,40.0
2024-07-31 20:00:00,273597.0,36.0,False,36.0
2024-07-31 21:00:00,273626.0,29.0,False,29.0
2024-07-31 22:00:00,273655.0,29.0,False,29.0
2024-07-31 23:00:00,273674.0,19.0,False,19.0
2024-08-01 00:00:00,273689.0,15.0,False,15.0
2024-08-01 01:00:00,273702.0,13.0,False,13.0
2024-08-01 02:00:00,273715.0,13.0,False,13.0
2024-08-01 03:00:00,273727.0,12.0,False,12.0
2024-08-01 04:00:00,273740.0,13.0,False,13.0
2024-08-01 05:00:00,273752.0,12.0,False,12.0
2024-08-01 06:00:00,273765.0,13.0,False,13.0
2024-08-01 07:00:00,273777.0,12.0,False,12.0
2024-08-01 08:00:00,273789.0,12.0,False,12.0
2024-08-01 09:00:00,273812.0,23.0,False,23.0
2024-08-01 10:00:00,273858.0,46.0,False,46.0
2024-08-01 11:00:00,273910.0,52.0,False,52.0
2024-08-01 12:00:00,273967.0,57.0,False,57.0
2024-08-01 13:00:00,274023.0,56.0,False,56.0
2024-08-01 14:00:00,274078.0,55.0,False,55.0
2024-08-01 15:00:00,274144.0,66.0,False,66.0
2024-08-01 16:00:00,274213.0,69.0,False,69.0
2024-08-01 17:00:00,274293.0,80.0,True,52.33
2024-08-01 18:00:00,274369.0,76.0,True,51.57
2024-08-01 19:00:00,274401.0,32.0,False,32.0
2024-08-01 20:00:00,274419.0,18.0,False,18.0
2024-08-01 21:00:00,274436.0,17.0,False,17.0
2024-08-01 22:00:00,274459.0,23.0,False,23.0
2024-08-01 23:00:00,274480.0,21.0,False,21.0
2024-08-02 00:00:00,274496.0,16.0,False,16.0
2024-08-02 01:00:00,274509.0,13.0,False,13.0
2024-08-02 02:00:00,274521.0,12.0,False,12.0
2024-08-02 03:00:00,274532.0,11.0,False,11.0
2024-08-02 04:00:00,274544.0,12.0,False,12.0
2024-08-02 05:00:00,274555.0,11.0,False,11.0
2024-08-02 06:00:00,274566.0,11.0,False,11.0
2024-08-02 07:00:00,274577.0,11.0,False,11.0
2024-08-02 08:00:00,274589.0,12.0,False,12.0
2024-08-02 09:00:00,274607.0,18.0,False,18.0
2024-08-02 10:00:00,274642.0,35.0,False,35.0
2024-08-02 11:00:00,274686.0,44.0,False,44.0
2024-08-02 12:00:00,274735.0,49.0,False,49.0
2024-08-02 13:00:00,274778.0,43.0,False,43.0
2024-08-02 14:00:00,274826.0,48.0,False,48.0
2024-08-02 15:00:00,274881.0,55.0,False,55.0
2024-08-02 16:00:00,274937.0,56.0,False,56.0
2024-08-02 17:00:00,275004.0,67.0,False,67.0
2024-08-02 18:00:00,275065.0,61.0,False,61.0
2024-08-02 19:00:00,275109.0,44.0,False,44.0
2024-08-02 20:00:00,275145.0,36.0,False,36.0
2024-08-02 21:00:00,275178.0,33.0,False,33.0
2024-08-02 22:00:00,275208.0,30.0,False,30.0
2024-08-02 23:00:00,275232.0,24.0,False,24.0
2024-08-03 00:00:00,275248.0,16.0,False,16.0
2024-08-03 01:00:00,275261.0,13.0,False,13.0
2024-08-03 02:00:00,275276.0,15.0,False,15.0
2024-08-03 03:00:00,275290.0,14.0,False,14.0
2024-08-03 04:00:00,275304.0,14.0,False,14.0
2024-08-03 05:00:00,275317.0,13.0,False,13.0
2024-08-03 06:00:00,275329.0,12.0,False,12.0
2024-08-03 07:00:00,275341.0,12.0,False,12.0
2024-08-03 08:00:00,275353.0,12.0,False,12.0
2024-08-03 09:00:00,275368.0,15.0,False,15.0
2024-08-03 10:00:00,275385.0,17.0,False,17.0
2024-08-03 11:00:00,275409.0,24.0,False,24.0
2024-08-03 12:00:00,275439.0,30.0,False,30.0
2024-08-03 13:00:00,275472.0,33.0,False,33.0
2024-08-03 14:00:00,275507.0,35.0,False,35.0
2024-08-03 15:00:00,275540.0,33.0,False,33.0
2024-08-03 16:00:00,275573.0,33.0,False,33.0
2024-08-03 17:00:00,275607.0,34.0,False,34.0
2024-08-03 18:00:00,275641.0,34.0,False,34.0
2024-08-03 19:00:00,275670.0,29.0,False,29.0
2024-08-03 20:00:00,275705.0,35.0,False,35.0
2024-08-03 21:00:00,275748.0,43.0,False,43.0
2024-08-03 22:00:00,275791.0,43.0,False,43.0
2024-08-03 23:00:00,275836.0,45.0,False,45.0
2024-08-04 00:00:00,275863.0,27.0,False,27.0
2024-08-04 01:00:00,275877.0,14.0,False,14.0
2024-08-04 02:00:00,275890.0,13.0,False,13.0
2024-08-04 03:00:00,275904.0,14.0,False,14.0
2024-08-04 04:00:00,275915.0,11.0,False,11.0
2024-08-04 05:00:00,275928.0,13.0,False,13.0
2024-08-04 06:00:00,275940.0,12.0,False,12.0
2024-08-04 07:00:00,275950.0,10.0,False,10.0
2024-08-04 08:00:00,275961.0,11.0,False,11.0
2024-08-04 09:00:00,275974.0,13.0,False,13.0
2024-08-04 10:00:00,275993.0,19.0,False,19.0
2024-08-04 11:00:00,276020.0,27.0,False,27.0
2024-08-04 12:00:00,276051.0,31.0,False,31.0
2024-08-04 13:00:00,276081.0,30.0,False,30.0
2024-08-04 14:00:00,276123.0,42.0,False,42.0
2024-08-04 15:00:00,276180.0,57.0,False,57.0
2024-08-04 16:00:00,276246.0,66.0,False,66.0
2024-08-04 17:00:00,276317.0,71.0,False,71.0
2024-08-04 18:00:00,276366.0,49.0,False,49.0
2024-08-04 19:00:00,276402.0,36.0,False,36.0
2024-08-04 20:00:00,276436.0,34.0,False,34.0
2024-08-04 21:00:00,276470.0,34.0,False,34.0
2024-08-04 22:00:00,276499.0,29.0,False,29.0
2024-08-04 23:00:00,276523.0,24.0,False,24.0
2024-08-05 00:00:00,276543.0,20.0,False,20.0
2024-08-05 01:00:00,276558.0,15.0,False,15.0
2024-08-05 02:00:00,276571.0,13.0,False,13.0
2024-08-05 03:00:00,276583.0,12.0,False,12.0
2024-08-05 04:00:00,276594.0,11.0,False,11.0
2024-08-05 05:00:00,276604.0,10.0,False,10.0
2024-08-05 06:00:00,276615.0,11.0,False,11.0
2024-08-05 07:00:00,276625.0,10.0,False,10.0
2024-08-05 08:00:00,276637.0,12.0,False,12.0
2024-08-05 09:00:00,276657.0,20.0,False,20.0
2024-08-05 10:00:00,276694.0,37.0,False,37.0
2024-08-05 11:00:00,276740.0,46.0,False,46.0
2024-08-05 12:00:00,276789.0,49.0,False,49.0
2024-08-05 13:00:00,276842.0,53.0,False,53.0
2024-08-05 14:00:00,276903.0,61.0,False,61.0
2024-08-05 15:00:00,276966.0,63.0,False,63.0
2024-08-05 16:00:00,277043.0,77.0,False,77.0
2024-08-05 17:00:00,277111.0,68.0,False,68.0
2024-08-05 18:00:00,277175.0,64.0,False,64.0
2024-08-05 19:00:00,277233.0,58.0,False,58.0
2024-08-05 20:00:00,277282.0,49.0,False,49.0
2024-08-05 21:00:00,277322.0,40.0,False,40.0
2024-08-05 22:00:00,277352.0,30.0,False,30.0
2024-08-05 23:00:00,277374.0,22.0,False,22.0
2024-08-06 00:00:00,277389.0,15.0,False,15.0
2024-08-06 01:00:00,277401.0,12.0,False,12.0
2024-08-06 02:00:00,277412.0,11.0,False,11.0
2024-08-06 03:00:00,277423.0,11.0,False,11.0
2024-08-06 04:00:00,277434.0,11.0,False,11.0
2024-08-06 05:00:00,277446.0,12.0,False,12.0
2024-08-06 06:00:00,277457.0,11.0,False,11.0
2024-08-06 07:00:00,277468.0,11.0,False,11.0
2024-08-06 08:00:00,277484.0,16.0,False,16.0
2024-08-06 09:00:00,277516.0,32.0,False,32.0
2024-08-06 10:00:00,277570.0,54.0,False,54.0
2024-08-06 11:00:00,277635.0,65.0,False,65.0
2024-08-06 12:00:00,277699.0,64.0,False,64.0
2024-08-06 13:00:00,277750.0,51.0,False,51.0
2024-08-06 14:00:00,277798.0,48.0,False,48.0
2024-08-06 15:00:00,277848.0,50.0,False,50.0
2024-08-06 16:00:00,277909.0,61.0,False,61.0
2024-08-06 17:00:00,277976.0,67.0,False,67.0
2024-08-06 18:00:00,278045.0,69.0,False,69.0
2024-08-06 19:00:00,278115.0,70.0,False,70.0
2024-08-06 20:00:00,278159.0,44.0,False,44.0
2024-08-06 21:00:00,278200.0,41.0,False,41.0
2024-08-06 22:00:00,278240.0,40.0,False,40.0
2024-08-06 23:00:00,278277.0,37.0,False,37.0
2024-08-07 00:00:00,278307.0,30.0,False,30.0
2024-08-07 01:00:00,278329.0,22.0,False,22.0
2024-08-07 02:00:00,278351.0,22.0,False,22.0
2024-08-07 03:00:00,278369.0,18.0,False,18.0
2024-08-07 04:00:00,278383.0,14.0,False,14.0
2024-08-07 05:00:00,278396.0,13.0,False,13.0
2024-08-07 06:00:00,278409.0,13.0,False,13.0
2024-08-07 07:00:00,278421.0,12.0,False,12.0
2024-08-07 08:00:00,278435.0,14.0,False,14.0
2024-08-07 09:00:00,278461.0,26.0,False,26.0
2024-08-07 10:00:00,278507.0,46.0,False,46.0
2024-08-07 11:00:00,278567.0,60.0,False,60.0
2024-08-07 12:00:00,278634.0,67.0,False,67.0
2024-08-07 13:00:00,278698.0,64.0,False,64.0
2024-08-07 14:00:00,278758.0,60.0,False,60.0
2024-08-07 15:00:00,278818.0,60.0,False,60.0
2024-08-07 16:00:00,278879.0,61.0,False,61.0
2024-08-07 17:00:00,278943.0,64.0,False,64.0
2024-08-07 18:00:00,278998.0,55.0,False,55.0
2024-08-07 19:00:00,279042.0,44.0,False,44.0
2024-08-07 20:00:00,279075.0,33.0,False,33.0
2024-08-07 21:00:00,279106.0,31.0,False,31.0
2024-08-07 22:00:00,279130.0,24.0,False,24.0
2024-08-07 23:00:00,279155.0,25.0,False,25.0
2024-08-08 00:00:00,279180.0,25.0,False,25.0
2024-08-08 01:00:00,279205.0,25.0,False,25.0
2024-08-08 02:00:00,279226.0,21.0,False,21.0
2024-08-08 03:00:00,279242.0,16.0,False,16.0
2024-08-08 04:00:00,279256.0,14.0,False,14.0
2024-08-08 05:00:00,279270.0,14.0,False,14.0
2024-08-08 06:00:00,279284.0,14.0,False,14.0
2024-08-08 07:00:00,279297.0,13.0,False,13.0
2024-08-08 08:00:00,279311.0,14.0,False,14.0
2024-08-08 09:00:00,279333.0,22.0,False,22.0
2024-08-08 10:00:00,279375.0,42.0,False,42.0
2024-08-08 11:00:00,279424.0,49.0,False,49.0
2024-08-08 12:00:00,279479.0,55.0,False,55.0
2024-08-08 13:00:00,279532.0,53.0,False,53.0
2024-08-08 14:00:00,279592.0,60.0,False,60.0
2024-08-08 15:00:00,279656.0,64.0,False,64.0
2024-08-08 16:00:00,279735.0,79.0,True,60.43
2024-08-08 17:00:00,279817.0,82.0,True,61.83
2024-08-08 18:00:00,279877.0,60.0,False,60.0
2024-08-08 19:00:00,279925.0,48.0,False,48.0
2024-08-08 20:00:00,279966.0,41.0,False,41.0
2024-08-08 21:00:00,279996.0,30.0,False,30.0
2024-08-08 22:00:00,280022.0,26.0,False,26.0
2024-08-08 23:00:00,280042.0,20.0,False,20.0
2024-08-09 00:00:00,280058.0,16.0,False,16.0
2024-08-09 01:00:00,280074.0,16.0,False,16.0
2024-08-09 02:00:00,280087.0,13.0,False,13.0
2024-08-09 03:00:00,280099.0,12.0,False,12.0
2024-08-09 04:00:00,280111.0,12.0,False,12.0
2024-08-09 05:00:00,280123.0,12.0,False,12.0
2024-08-09 06:00:00,280135.0,12.0,False,12.0
2024-08-09 07:00:00,280148.0,13.0,False,13.0
2024-08-09 08:00:00,280160.0,12.0,False,12.0
2024-08-09 09:00:00,280179.0,19.0,False,19.0
2024-08-09 10:00:00,280213.0,34.0,False,34.0
2024-08-09 11:00:00,280254.0,41.0,False,41.0
2024-08-09 12:00:00,280300.0,46.0,False,46.0
2024-08-09 13:00:00,280334.0,34.0,False,34.0
2024-08-09 14:00:00,280370.0,36.0,False,36.0
2024-08-09 15:00:00,280413.0,43.0,False,43.0
2024-08-09 16:00:00,280463.0,50.0,False,50.0
2024-08-09 17:00:00,280519.0,56.0,False,56.0
2024-08-09 18:00:00,280573.0,54.0,False,54.0
2024-08-09 19:00:00,280625.0,52.0,False,52.0
2024-08-09 20:00:00,280675.0,50.0,False,50.0
2024-08-09 21:00:00,280704.0,29.0,False,29.0
2024-08-09 22:00:00,280726.0,22.0,False,22.0
2024-08-09 23:00:00,280743.0,17.0,False,17.0
2024-08-10 00:00:00,280757.0,14.0,False,14.0
2024-08-10 01:00:00,280769.0,12.0,False,12.0
2024-08-10 02:00:00,280781.0,12.0,False,12.0
2024-08-10 03:00:00,280793.0,12.0,False,12.0
2024-08-10 04:00:00,280805.0,12.0,False,12.0
2024-08-10 05:00:00,280818.0,13.0,False,13.0
2024-08-10 06:00:00,280829.0,11.0,False,11.0
2024-08-10 07:00:00,280841.0,12.0,False,12.0
2024-08-10 08:00:00,280853.0,12.0,False,12.0
2024-08-10 09:00:00,280871.0,18.0,False,18.0
2024-08-10 10:00:00,280904.0,33.0,False,33.0
2024-08-10 11:00:00,280944.0,40.0,False,40.0
2024-08-10 12:00:00,280978.0,34.0,False,34.0
2024-08-10 13:00:00,281002.0,24.0,False,24.0
2024-08-10 14:00:00,281023.0,21.0,False,21.0
2024-08-10 15:00:00,281054.0,31.0,False,31.0
2024-08-10 16:00:00,281086.0,32.0,False,32.0
2024-08-10 17:00:00,281126.0,40.0,False,40.0
2024-08-10 18:00:00,281173.0,47.0,False,47.0
2024-08-10 19:00:00,281200.0,27.0,False,27.0
2024-08-10 20:00:00,281220.0,20.0,False,20.0
2024-08-10 21:00:00,281240.0,20.0,False,20.0
2024-08-10 22:00:00,281260.0,20.0,False,20.0
2024-08-10 23:00:00,281274.0,14.0,False,14.0
2024-08-11 00:00:00,281287.0,13.0,False,13.0
2024-08-11 01:00:00,281303.0,16.0,False,16.0
2024-08-11 02:00:00,281318.0,15.0,False,15.0
2024-08-11 03:00:00,281333.0,15.0,False,15.0
2024-08-11 04:00:00,281346.0,13.0,False,13.0
2024-08-11 05:00:00,281359.0,13.0,False,13.0
2024-08-11 06:00:00,281371.0,12.0,False,12.0
2024-08-11 07:00:00,281384.0,13.0,False,13.0
2024-08-11 08:00:00,281396.0,12.0,False,12.0
2024-08-11 09:00:00,281413.0,17.0,False,17.0
2024-08-11 10:00:00,281437.0,24.0,False,24.0
2024-08-11 11:00:00,281471.0,34.0,False,34.0
2024-08-11 12:00:00,281507.0,36.0,False,36.0
2024-08-11 13:00:00,281536.0,29.0,False,29.0
2024-08-11 14:00:00,281566.0,30.0,False,30.0
2024-08-11 15:00:00,281601.0,35.0,False,35.0
2024-08-11 16:00:00,281648.0,47.0,False,47.0
2024-08-11 17:00:00,281697.0,49.0,False,49.0
2024-08-11 18:00:00,281750.0,53.0,False,53.0
2024-08-11 19:00:00,281801.0,51.0,False,51.0
2024-08-11 20:00:00,281825.0,24.0,False,24.0
2024-08-11 21:00:00,281851.0,26.0,False,26.0
2024-08-11 22:00:00,281872.0,21.0,False,21.0
2024-08-11 23:00:00,281888.0,16.0,False,16.0
2024-08-12 00:00:00,281900.0,12.0,False,12.0
2024-08-12 01:00:00,281910.0,10.0,False,10.0
2024-08-12 02:00:00,281921.0,11.0,False,11.0
2024-08-12 03:00:00,281932.0,11.0,False,11.0
2024-08-12 04:00:00,281941.0,9.0,False,9.0
2024-08-12 05:00:00,281951.0,10.0,False,10.0
2024-08-12 06:00:00,281960.0,9.0,False,9.0
2024-08-12 07:00:00,281970.0,10.0,False,10.0
2024-08-12 08:00:00,281981.0,11.0,False,11.0
2024-08-12 09:00:00,282001.0,20.0,False,20.0
2024-08-12 10:00:00,282045.0,44.0,False,44.0
2024-08-12 11:00:00,282096.0,51.0,False,51.0
2024-08-12 12:00:00,282144.0,48.0,False,48.0
2024-08-12 13:00:00,282192.0,48.0,False,48.0
2024-08-12 14:00:00,282245.0,53.0,False,53.0
2024-08-12 15:00:00,282306.0,61.0,True,49.43
2024-08-12 16:00:00,282377.0,71.0,True,54.67
2024-08-12 17:00:00,282448.0,71.0,True,57.33
2024-08-12 18:00:00,282518.0,70.0,True,57.43
2024-08-12 19:00:00,282582.0,64.0,True,50.0
2024-08-12 20:00:00,282618.0,36.0,False,36.0
2024-08-12 21:00:00,282647.0,29.0,False,29.0
2024-08-12 22:00:00,282673.0,26.0,False,26.0
2024-08-12 23:00:00,282693.0,20.0,False,20.0
2024-08-13 00:00:00,282707.0,14.0,False,14.0
2024-08-13 01:00:00,282718.0,11.0,False,11.0
2024-08-13 02:00:00,282730.0,12.0,False,12.0
2024-08-13 03:00:00,282741.0,11.0,False,11.0
2024-08-13 04:00:00,282752.0,11.0,False,11.0
2024-08-13 05:00:00,282763.0,11.0,False,11.0
2024-08-13 06:00:00,282773.0,10.0,False,10.0
2024-08-13 07:00:00,282787.0,14.0,False,14.0
2024-08-13 08:00:00,282799.0,12.0,False,12.0
2024-08-13 09:00:00,282820.0,21.0,False,21.0
2024-08-13 10:00:00,282852.0,32.0,False,32.0
2024-08-13 11:00:00,282894.0,42.0,False,42.0
2024-08-13 12:00:00,282944.0,50.0,False,50.0
2024-08-13 13:00:00,282997.0,53.0,False,53.0
2024-08-13 14:00:00,283061.0,64.0,True,44.0
2024-08-13 15:00:00,283121.0,60.0,False,60.0
2024-08-13 16:00:00,283173.0,52.0,False,52.0
2024-08-13 17:00:00,283223.0,50.0,False,50.0
2024-08-13 18:00:00,283263.0,40.0,False,40.0
2024-08-13 19:00:00,283297.0,34.0,False,34.0
2024-08-13 20:00:00,283326.0,29.0,False,29.0
2024-08-13 21:00:00,283353.0,27.0,False,27.0
2024-08-13 22:00:00,283378.0,25.0,False,25.0
2024-08-13 23:00:00,283394.0,16.0,False,16.0
2024-08-14 00:00:00,283406.0,12.0,False,12.0
2024-08-14 01:00:00,283418.0,12.0,False,12.0
2024-08-14 02:00:00,283429.0,11.0,False,11.0
2024-08-14 03:00:00,283440.0,11.0,False,11.0
2024-08-14 04:00:00,283452.0,12.0,False,12.0
2024-08-14 05:00:00,283463.0,11.0,False,11.0
2024-08-14 06:00:00,283474.0,11.0,False,11.0
2024-08-14 07:00:00,283485.0,11.0,False,11.0
2024-08-14 08:00:00,283497.0,12.0,False,12.0
2024-08-14 09:00:00,283522.0,25.0,False,25.0
2024-08-14 10:00:00,283565.0,43.0,False,43.0
2024-08-14 11:00:00,283617.0,52.0,False,52.0
2024-08-14 12:00:00,283664.0,47.0,False,47.0
2024-08-14 13:00:00,283705.0,41.0,False,41.0
2024-08-14 14:00:00,283746.0,41.0,False,41.0
2024-08-14 15:00:00,283787.0,41.0,False,41.0
2024-08-14 16:00:00,283841.0,54.0,False,54.0
2024-08-14 17:00:00,283899.0,58.0,False,58.0
2024-08-14 18:00:00,283952.0,53.0,False,53.0
2024-08-14 19:00:00,283995.0,43.0,False,43.0
2024-08-14 20:00:00,284028.0,33.0,False,33.0
2024-08-14 21:00:00,284055.0,27.0,False,27.0
2024-08-14 22:00:00,284082.0,27.0,False,27.0
2024-08-14 23:00:00,284102.0,20.0,False,20.0
2024-08-15 00:00:00,284117.0,15.0,False,15.0
2024-08-15 01:00:00,284130.0,13.0,False,13.0
2024-08-15 02:00:00,284142.0,12.0,False,12.0
2024-08-15 03:00:00,284154.0,12.0,False,12.0
2024-08-15 04:00:00,284167.0,13.0,False,13.0
2024-08-15 05:00:00,284179.0,12.0,False,12.0
2024-08-15 06:00:00,284189.0,10.0,False,10.0
2024-08-15 07:00:00,284199.0,10.0,False,10.0
2024-08-15 08:00:00,284209.0,10.0,False,10.0
2024-08-15 09:00:00,284231.0,22.0,False,22.0
2024-08-15 10:00:00,284264.0,33.0,False,33.0
2024-08-15 11:00:00,284313.0,49.0,False,49.0
2024-08-15 12:00:00,284366.0,53.0,False,53.0
2024-08-15 13:00:00,284411.0,45.0,False,45.0
2024-08-15 14:00:00,284452.0,41.0,False,41.0
2024-08-15 15:00:00,284494.0,42.0,False,42.0
2024-08-15 16:00:00,284535.0,41.0,False,41.0
2024-08-15 17:00:00,284569.0,34.0,False,34.0
2024-08-15 18:00:00,284601.0,32.0,False,32.0
2024-08-15 19:00:00,284625.0,24.0,False,24.0
2024-08-15 20:00:00,284646.0,21.0,False,21.0
2024-08-15 21:00:00,284669.0,23.0,False,23.0
2024-08-15 22:00:00,284689.0,20.0,False,20.0
2024-08-15 23:00:00,284706.0,17.0,False,17.0
2024-08-16 00:00:00,284718.0,12.0,False,12.0
2024-08-16 01:00:00,284730.0,12.0,False,12.0
2024-08-16 02:00:00,284742.0,12.0,False,12.0
2024-08-16 03:00:00,284754.0,12.0,False,12.0
2024-08-16 04:00:00,284767.0,13.0,False,13.0
2024-08-16 05:00:00,284780.0,13.0,False,13.0
2024-08-16 06:00:00,284791.0,11.0,False,11.0
2024-08-16 07:00:00,284803.0,12.0,False,12.0
2024-08-16 08:00:00,284815.0,12.0,False,12.0
2024-08-16 09:00:00,284838.0,23.0,False,23.0
2024-08-16 10:00:00,284881.0,43.0,False,43.0
2024-08-16 11:00:00,284931.0,50.0,False,50.0
2024-08-16 12:00:00,284985.0,54.0,False,54.0
2024-08-16 13:00:00,285026.0,41.0,False,41.0
2024-08-16 14:00:00,285055.0,29.0,False,29.0
2024-08-16 15:00:00,285088.0,33.0,False,33.0
2024-08-16 16:00:00,285123.0,35.0,False,35.0
2024-08-16 17:00:00,285162.0,39.0,False,39.0
2024-08-16 18:00:00,285201.0,39.0,False,39.0
2024-08-16 19:00:00,285232.0,31.0,False,31.0
2024-08-16 20:00:00,285259.0,27.0,False,27.0
2024-08-16 21:00:00,285291.0,32.0,False,32.0
2024-08-16 22:00:00,285322.0,31.0,False,31.0
2024-08-16 23:00:00,285346.0,24.0,False,24.0
2024-08-17 00:00:00,285363.0,17.0,False,17.0
2024-08-17 01:00:00,285373.0,10.0,False,10.0
2024-08-17 02:00:00,285383.0,10.0,False,10.0
2024-08-17 03:00:00,285393.0,10.0,False,10.0
2024-08-17 04:00:00,285403.0,10.0,False,10.0
2024-08-17 05:00:00,285412.0,9.0,False,9.0
2024-08-17 06:00:00,285422.0,10.0,False,10.0
2024-08-17 07:00:00,285432.0,10.0,False,10.0
2024-08-17 08:00:00,285447.0,15.0,False,15.0
2024-08-17 09:00:00,285466.0,19.0,False,19.0
2024-08-17 10:00:00,285490.0,24.0,False,24.0
2024-08-17 11:00:00,285521.0,31.0,False,31.0
2024-08-17 12:00:00,285554.0,33.0,False,33.0
2024-08-17 13:00:00,285587.0,33.0,False,33.0
2024-08-17 14:00:00,285624.0,37.0,False,37.0
2024-08-17 15:00:00,285665.0,41.0,False,41.0
2024-08-17 16:00:00,285711.0,46.0,False,46.0
2024-08-17 17:00:00,285758.0,47.0,False,47.0
2024-08-17 18:00:00,285806.0,48.0,False,48.0
2024-08-17 19:00:00,285847.0,41.0,False,41.0
2024-08-17 20:00:00,285869.0,22.0,False,22.0
2024-08-17 21:00:00,285890.0,21.0,False,21.0
2024-08-17 22:00:00,285913.0,23.0,False,23.0
2024-08-17 23:00:00,285934.0,21.0,False,21.0
2024-08-18 00:00:00,285955.0,21.0,False,21.0
2024-08-18 01:00:00,285974.0,19.0,False,19.0
2024-08-18 02:00:00,285987.0,13.0,False,13.0
2024-08-18 03:00:00,285998.0,11.0,False,11.0
2024-08-18 04:00:00,286008.0,10.0,False,10.0
2024-08-18 05:00:00,286019.0,11.0,False,11.0
2024-08-18 06:00:00,286030.0,11.0,False,11.0
2024-08-18 07:00:00,286040.0,10.0,False,10.0
2024-08-18 08:00:00,286051.0,11.0,False,11.0
2024-08-18 09:00:00,286068.0,17.0,False,17.0
2024-08-18 10:00:00,286088.0,20.0,False,20.0
2024-08-18 11:00:00,286110.0,22.0,False,22.0
2024-08-18 12:00:00,286134.0,24.0,False,24.0
2024-08-18 13:00:00,286162.0,28.0,False,28.0
2024-08-18 14:00:00,286190.0,28.0,False,28.0
2024-08-18 15:00:00,286221.0,31.0,False,31.0
2024-08-18 16:00:00,286257.0,36.0,False,36.0
2024-08-18 17:00:00,286295.0,38.0,False,38.0
2024-08-18 18:00:00,286334.0,39.0,False,39.0
2024-08-18 19:00:00,286370.0,36.0,False,36.0
2024-08-18 20:00:00,286394.0,24.0,False,24.0
2024-08-18 21:00:00,286425.0,31.0,False,31.0
2024-08-18 22:00:00,286454.0,29.0,False,29.0
2024-08-18 23:00:00,286481.0,27.0,False,27.0
2024-08-19 00:00:00,286496.0,15.0,False,15.0
2024-08-19 01:00:00,286509.0,13.0,False,13.0
2024-08-19 02:00:00,286520.0,11.0,False,11.0
2024-08-19 03:00:00,286532.0,12.0,False,12.0
2024-08-19 04:00:00,286543.0,11.0,False,11.0
2024-08-19 05:00:00,286555.0,12.0,False,12.0
2024-08-19 06:00:00,286566.0,11.0,False,11.0
2024-08-19 07:00:00,286579.0,13.0,False,13.0
2024-08-19 08:00:00,286592.0,13.0,False,13.0
2024-08-19 09:00:00,286618.0,26.0,False,26.0
2024-08-19 10:00:00,286658.0,40.0,False,40.0
2024-08-19 11:00:00,286702.0,44.0,False,44.0
2024-08-19 12:00:00,286752.0,50.0,False,50.0
2024-08-19 13:00:00,286797.0,45.0,False,45.0
2024-08-19 14:00:00,286840.0,43.0,False,43.0
2024-08-19 15:00:00,286890.0,50.0,False,50.0
2024-08-19 16:00:00,286957.0,67.0,False,67.0
2024-08-19 17:00:00,287033.0,76.0,False,76.0
2024-08-19 18:00:00,287116.0,83.0,False,83.0
2024-08-19 19:00:00,287188.0,72.0,False,72.0
2024-08-19 20:00:00,287237.0,49.0,False,49.0
2024-08-19 21:00:00,287270.0,33.0,False,33.0
2024-08-19 22:00:00,287301.0,31.0,False,31.0
2024-08-19 23:00:00,287318.0,17.0,False,17.0
2024-08-20 00:00:00,287331.0,13.0,False,13.0
2024-08-20 01:00:00,287342.0,11.0,False,11.0
2024-08-20 02:00:00,287352.0,10.0,False,10.0
2024-08-20 03:00:00,287362.0,10.0,False,10.0
2024-08-20 04:00:00,287372.0,10.0,False,10.0
2024-08-20 05:00:00,287383.0,11.0,False,11.0
2024-08-20 06:00:00,287393.0,10.0,False,10.0
2024-08-20 07:00:00,287404.0,11.0,False,11.0
2024-08-20 08:00:00,287420.0,16.0,False,16.0
2024-08-20 09:00:00,287424.0,4.0,False,4.0
2024-08-20 10:00:00,287426.0,2.0,False,2.0
2024-08-20 11:00:00,287440.0,14.0,False,14.0
2024-08-20 12:00:00,287461.0,21.0,False,21.0
2024-08-20 13:00:00,287486.0,25.0,False,25.0
2024-08-20 14:00:00,287508.0,22.0,False,22.0
2024-08-20 15:00:00,287532.0,24.0,False,24.0
2024-08-20 16:00:00,287561.0,29.0,False,29.0
2024-08-20 17:00:00,287591.0,30.0,False,30.0
2024-08-20 18:00:00,287620.0,29.0,False,29.0
2024-08-20 19:00:00,287639.0,19.0,False,19.0
2024-08-20 20:00:00,287647.0,8.0,False,8.0
2024-08-20 21:00:00,287647.0,,False,27.71
2024-08-20 22:00:00,287661.0,14.0,False,14.0
2024-08-20 23:00:00,287672.0,11.0,False,11.0
2024-08-21 00:00:00,287679.0,7.0,False,7.0
2024-08-21 01:00:00,287684.0,5.0,False,5.0
2024-08-21 02:00:00,287689.0,5.0,False,5.0
2024-08-21 03:00:00,287695.0,6.0,False,6.0
2024-08-21 04:00:00,287700.0,5.0,False,5.0
2024-08-21 05:00:00,287705.0,5.0,False,5.0
2024-08-21 06:00:00,287710.0,5.0,False,5.0
2024-08-21 07:00:00,287716.0,6.0,False,6.0
2024-08-21 08:00:00,287726.0,10.0,False,10.0
2024-08-21 09:00:00,287742.0,16.0,False,16.0
2024-08-21 10:00:00,287850.0,108.0,False,108.0
2024-08-21 11:00:00,287897.0,47.0,False,47.0
2024-08-21 12:00:00,287947.0,50.0,False,50.0
2024-08-21 13:00:00,287993.0,46.0,False,46.0
2024-08-21 14:00:00,288045.0,52.0,False,52.0
2024-08-21 15:00:00,288099.0,54.0,False,54.0
2024-08-21 16:00:00,288166.0,67.0,False,67.0
2024-08-21 17:00:00,288233.0,67.0,False,67.0
2024-08-21 18:00:00,288286.0,53.0,False,53.0
2024-08-21 19:00:00,288323.0,37.0,False,37.0
2024-08-21 20:00:00,288361.0,38.0,False,38.0
2024-08-21 21:00:00,288400.0,39.0,False,39.0
2024-08-21 22:00:00,288431.0,31.0,False,31.0
2024-08-21 23:00:00,288450.0,19.0,False,19.0
2024-08-22 00:00:00,288463.0,13.0,False,13.0
2024-08-22 01:00:00,288475.0,12.0,False,12.0
2024-08-22 02:00:00,288485.0,10.0,False,10.0
2024-08-22 03:00:00,288497.0,12.0,False,12.0
2024-08-22 04:00:00,288510.0,13.0,False,13.0
2024-08-22 05:00:00,288524.0,14.0,False,14.0
2024-08-22 06:00:00,288541.0,17.0,False,17.0
2024-08-22 07:00:00,288563.0,22.0,False,22.0
2024-08-22 08:00:00,288574.0,11.0,False,11.0
2024-08-22 09:00:00,288590.0,16.0,False,16.0
2024-08-22 10:00:00,288621.0,31.0,False,31.0
2024-08-22 11:00:00,288662.0,41.0,False,41.0
2024-08-22 12:00:00,288711.0,49.0,False,49.0
2024-08-22 13:00:00,288759.0,48.0,False,48.0
2024-08-22 14:00:00,288809.0,50.0,False,50.0
2024-08-22 15:00:00,288863.0,54.0,False,54.0
2024-08-22 16:00:00,288929.0,66.0,False,66.0
2024-08-22 17:00:00,288993.0,64.0,False,64.0
2024-08-22 18:00:00,289043.0,50.0,False,50.0
2024-08-22 19:00:00,289088.0,45.0,False,45.0
2024-08-22 20:00:00,289128.0,40.0,False,40.0
2024-08-22 21:00:00,289172.0,44.0,False,44.0
2024-08-22 22:00:00,289208.0,36.0,False,36.0
2024-08-22 23:00:00,289235.0,27.0,False,27.0
2024-08-23 00:00:00,289254.0,19.0,False,19.0
2024-08-23 01:00:00,289262.0,8.0,False,8.0
2024-08-23 02:00:00,289270.0,8.0,False,8.0
2024-08-23 03:00:00,289278.0,8.0,False,8.0
2024-08-23 04:00:00,289286.0,8.0,False,8.0
2024-08-23 05:00:00,289293.0,7.0,False,7.0
2024-08-23 06:00:00,289301.0,8.0,False,8.0
2024-08-23 07:00:00,289308.0,7.0,False,7.0
2024-08-23 08:00:00,289320.0,12.0,False,12.0
2024-08-23 09:00:00,289340.0,20.0,False,20.0
2024-08-23 10:00:00,289377.0,37.0,False,37.0
2024-08-23 11:00:00,289427.0,50.0,False,50.0
2024-08-23 12:00:00,289480.0,53.0,False,53.0
2024-08-23 13:00:00,289529.0,49.0,False,49.0
2024-08-23 14:00:00,289574.0,45.0,False,45.0
2024-08-23 15:00:00,289627.0,53.0,False,53.0
2024-08-23 16:00:00,289689.0,62.0,False,62.0
2024-08-23 17:00:00,289760.0,71.0,False,71.0
2024-08-23 18:00:00,289823.0,63.0,False,63.0
2024-08-23 19:00:00,289877.0,54.0,False,54.0
2024-08-23 20:00:00,289922.0,45.0,False,45.0
2024-08-23 21:00:00,289959.0,37.0,False,37.0
2024-08-23 22:00:00,289990.0,31.0,False,31.0
2024-08-23 23:00:00,290008.0,18.0,False,18.0
2024-08-24 00:00:00,290017.0,9.0,False,9.0
2024-08-24 01:00:00,290023.0,6.0,False,6.0
2024-08-24 02:00:00,290029.0,6.0,False,6.0
2024-08-24 03:00:00,290034.0,5.0,False,5.0
2024-08-24 04:00:00,290040.0,6.0,False,6.0
2024-08-24 05:00:00,290045.0,5.0,False,5.0
2024-08-24 06:00:00,290050.0,5.0,False,5.0
2024-08-24 07:00:00,290056.0,6.0,False,6.0
2024-08-24 08:00:00,290061.0,5.0,False,5.0
2024-08-24 09:00:00,290071.0,10.0,False,10.0
2024-08-24 10:00:00,290091.0,20.0,False,20.0
2024-08-24 11:00:00,290113.0,22.0,False,22.0
2024-08-24 12:00:00,290136.0,23.0,False,23.0
2024-08-24 13:00:00,290160.0,24.0,False,24.0
2024-08-24 14:00:00,290179.0,19.0,False,19.0
2024-08-24 15:00:00,290201.0,22.0,False,22.0
2024-08-24 16:00:00,290225.0,24.0,False,24.0
2024-08-24 17:00:00,290254.0,29.0,False,29.0
2024-08-24 18:00:00,290285.0,31.0,False,31.0
2024-08-24 19:00:00,290316.0,31.0,False,31.0
2024-08-24 20:00:00,290353.0,37.0,False,37.0
2024-08-24 21:00:00,290395.0,42.0,False,42.0
2024-08-24 22:00:00,290428.0,33.0,False,33.0
2024-08-24 23:00:00,290445.0,17.0,False,17.0
2024-08-25 00:00:00,290461.0,16.0,False,16.0
2024-08-25 01:00:00,290476.0,15.0,False,15.0
2024-08-25 02:00:00,290489.0,13.0,False,13.0
2024-08-25 03:00:00,290495.0,6.0,False,6.0
2024-08-25 04:00:00,290502.0,7.0,False,7.0
2024-08-25 05:00:00,290508.0,6.0,False,6.0
2024-08-25 06:00:00,290514.0,6.0,False,6.0
2024-08-25 07:00:00,290520.0,6.0,False,6.0
2024-08-25 08:00:00,290527.0,7.0,False,7.0
2024-08-25 09:00:00,290541.0,14.0,False,14.0
2024-08-25 10:00:00,290569.0,28.0,False,28.0
2024-08-25 11:00:00,290602.0,33.0,False,33.0
2024-08-25 12:00:00,290632.0,30.0,False,30.0
2024-08-25 13:00:00,290662.0,30.0,False,30.0
2024-08-25 14:00:00,290691.0,29.0,False,29.0
2024-08-25 15:00:00,290719.0,28.0,False,28.0
2024-08-25 16:00:00,290747.0,28.0,False,28.0
2024-08-25 17:00:00,290781.0,34.0,False,34.0
2024-08-25 18:00:00,290813.0,32.0,False,32.0
2024-08-25 19:00:00,290840.0,27.0,False,27.0
2024-08-25 20:00:00,290863.0,23.0,False,23.0
2024-08-25 21:00:00,290895.0,32.0,False,32.0
2024-08-25 22:00:00,290928.0,33.0,False,33.0
2024-08-25 23:00:00,290954.0,26.0,False,26.0
2024-08-26 00:00:00,290973.0,19.0,False,19.0
2024-08-26 01:00:00,290985.0,12.0,False,12.0
2024-08-26 02:00:00,290995.0,10.0,False,10.0
2024-08-26 03:00:00,291005.0,10.0,False,10.0
2024-08-26 04:00:00,291016.0,11.0,False,11.0
2024-08-26 05:00:00,291026.0,10.0,False,10.0
2024-08-26 06:00:00,291035.0,9.0,False,9.0
2024-08-26 07:00:00,291046.0,11.0,False,11.0
2024-08-26 08:00:00,291058.0,12.0,False,12.0
2024-08-26 09:00:00,291081.0,23.0,False,23.0
2024-08-26 10:00:00,291128.0,47.0,False,47.0
2024-08-26 11:00:00,291187.0,59.0,False,59.0
2024-08-26 12:00:00,291248.0,61.0,False,61.0
2024-08-26 13:00:00,291299.0,51.0,False,51.0
2024-08-26 14:00:00,291345.0,46.0,False,46.0
2024-08-26 15:00:00,291404.0,59.0,False,59.0
2024-08-26 16:00:00,291474.0,70.0,True,49.0
2024-08-26 17:00:00,291548.0,74.0,True,53.0
2024-08-26 18:00:00,291627.0,79.0,True,48.71
2024-08-26 19:00:00,291674.0,47.0,False,47.0
2024-08-26 20:00:00,291703.0,29.0,False,29.0
2024-08-26 21:00:00,291734.0,31.0,False,31.0
2024-08-26 22:00:00,291764.0,30.0,False,30.0
2024-08-26 23:00:00,291784.0,20.0,False,20.0
2024-08-27 00:00:00,291800.0,16.0,False,16.0
2024-08-27 01:00:00,291814.0,14.0,False,14.0
2024-08-27 02:00:00,291827.0,13.0,False,13.0
2024-08-27 03:00:00,291841.0,14.0,False,14.0
2024-08-27 04:00:00,291854.0,13.0,False,13.0
2024-08-27 05:00:00,291868.0,14.0,False,14.0
2024-08-27 06:00:00,291881.0,13.0,False,13.0
2024-08-27 07:00:00,291894.0,13.0,False,13.0
2024-08-27 08:00:00,291907.0,13.0,False,13.0
2024-08-27 09:00:00,291931.0,24.0,False,24.0
2024-08-27 10:00:00,291974.0,43.0,False,43.0
2024-08-27 11:00:00,292032.0,58.0,False,58.0
2024-08-27 12:00:00,292094.0,62.0,False,62.0
2024-08-27 13:00:00,292147.0,53.0,False,53.0
2024-08-27 14:00:00,292200.0,53.0,False,53.0
2024-08-27 15:00:00,292254.0,54.0,False,54.0
2024-08-27 16:00:00,292317.0,63.0,False,63.0
2024-08-27 17:00:00,292392.0,75.0,True,49.17
2024-08-27 18:00:00,292458.0,66.0,False,66.0
2024-08-27 19:00:00,292504.0,46.0,False,46.0
2024-08-27 20:00:00,292539.0,35.0,False,35.0
2024-08-27 21:00:00,292571.0,32.0,False,32.0
2024-08-27 22:00:00,292600.0,29.0,False,29.0
2024-08-27 23:00:00,292617.0,17.0,False,17.0
2024-08-28 00:00:00,292631.0,14.0,False,14.0
2024-08-28 01:00:00,292644.0,13.0,False,13.0
2024-08-28 02:00:00,292656.0,12.0,False,12.0
2024-08-28 03:00:00,292668.0,12.0,False,12.0
2024-08-28 04:00:00,292680.0,12.0,False,12.0
2024-08-28 05:00:00,292692.0,12.0,False,12.0
2024-08-28 06:00:00,292704.0,12.0,False,12.0
2024-08-28 07:00:00,292717.0,13.0,False,13.0
2024-08-28 08:00:00,292729.0,12.0,False,12.0
2024-08-28 09:00:00,292750.0,21.0,False,21.0
2024-08-28 10:00:00,292791.0,41.0,False,41.0
2024-08-28 11:00:00,292846.0,55.0,False,55.0
2024-08-28 12:00:00,292902.0,56.0,False,56.0
2024-08-28 13:00:00,292949.0,47.0,False,47.0
2024-08-28 14:00:00,292995.0,46.0,False,46.0
2024-08-28 15:00:00,293045.0,50.0,False,50.0
2024-08-28 16:00:00,293108.0,63.0,False,63.0
2024-08-28 17:00:00,293184.0,76.0,False,76.0
2024-08-28 18:00:00,293255.0,71.0,False,71.0
2024-08-28 19:00:00,293304.0,49.0,False,49.0
2024-08-28 20:00:00,293337.0,33.0,False,33.0
2024-08-28 21:00:00,293366.0,29.0,False,29.0
2024-08-28 22:00:00,293392.0,26.0,False,26.0
2024-08-28 23:00:00,293413.0,21.0,False,21.0
2024-08-29 00:00:00,293430.0,17.0,False,17.0
2024-08-29 01:00:00,293445.0,15.0,False,15.0
2024-08-29 02:00:00,293459.0,14.0,False,14.0
2024-08-29 03:00:00,293472.0,13.0,False,13.0
2024-08-29 04:00:00,293485.0,13.0,False,13.0
2024-08-29 05:00:00,293498.0,13.0,False,13.0
2024-08-29 06:00:00,293510.0,12.0,False,12.0
2024-08-29 07:00:00,293523.0,13.0,False,13.0
2024-08-29 08:00:00,293537.0,14.0,False,14.0
2024-08-29 09:00:00,293564.0,27.0,False,27.0
2024-08-29 10:00:00,293612.0,48.0,False,48.0
2024-08-29 11:00:00,293666.0,54.0,False,54.0
2024-08-29 12:00:00,293723.0,57.0,False,57.0
2024-08-29 13:00:00,293772.0,49.0,False,49.0
2024-08-29 14:00:00,293822.0,50.0,False,50.0
2024-08-29 15:00:00,293883.0,61.0,False,61.0
2024-08-29 16:00:00,293947.0,64.0,False,64.0
2024-08-29 17:00:00,294014.0,67.0,False,67.0
2024-08-29 18:00:00,294088.0,74.0,False,74.0
2024-08-29 19:00:00,294128.0,40.0,False,40.0
2024-08-29 20:00:00,294156.0,28.0,False,28.0
2024-08-29 21:00:00,294186.0,30.0,False,30.0
2024-08-29 22:00:00,294214.0,28.0,False,28.0
2024-08-29 23:00:00,294236.0,22.0,False,22.0
2024-08-30 00:00:00,294249.0,13.0,False,13.0
2024-08-30 01:00:00,294260.0,11.0,False,11.0
2024-08-30 02:00:00,294270.0,10.0,False,10.0
2024-08-30 03:00:00,294280.0,10.0,False,10.0
2024-08-30 04:00:00,294289.0,9.0,False,9.0
2024-08-30 05:00:00,294298.0,9.0,False,9.0
2024-08-30 06:00:00,294308.0,10.0,False,10.0
2024-08-30 07:00:00,294317.0,9.0,False,9.0
2024-08-30 08:00:00,294328.0,11.0,False,11.0
2024-08-30 09:00:00,294358.0,30.0,False,30.0
2024-08-30 10:00:00,294409.0,51.0,False,51.0
2024-08-30 11:00:00,294467.0,58.0,False,58.0
2024-08-30 12:00:00,294529.0,62.0,False,62.0
2024-08-30 13:00:00,294584.0,55.0,False,55.0
2024-08-30 14:00:00,294639.0,55.0,False,55.0
2024-08-30 15:00:00,294695.0,56.0,False,56.0
2024-08-30 16:00:00,294761.0,66.0,False,66.0
2024-08-30 17:00:00,294832.0,71.0,False,71.0
2024-08-30 18:00:00,294900.0,68.0,False,68.0
2024-08-30 19:00:00,294950.0,50.0,False,50.0
2024-08-30 20:00:00,294989.0,39.0,False,39.0
2024-08-30 21:00:00,295024.0,35.0,False,35.0
2024-08-30 22:00:00,295053.0,29.0,False,29.0
2024-08-30 23:00:00,295076.0,23.0,False,23.0
2024-08-31 00:00:00,295093.0,17.0,False,17.0
2024-08-31 01:00:00,295107.0,14.0,False,14.0
2024-08-31 02:00:00,295121.0,14.0,False,14.0
2024-08-31 03:00:00,295135.0,14.0,False,14.0
2024-08-31 04:00:00,295148.0,13.0,False,13.0
2024-08-31 05:00:00,295159.0,11.0,False,11.0
2024-08-31 06:00:00,295171.0,12.0,False,12.0
2024-08-31 07:00:00,295183.0,12.0,False,12.0
2024-08-31 08:00:00,295198.0,15.0,False,15.0
2024-08-31 09:00:00,295228.0,30.0,False,30.0
2024-08-31 10:00:00,295264.0,36.0,False,36.0
2024-08-31 11:00:00,295301.0,37.0,False,37.0
2024-08-31 12:00:00,295341.0,40.0,False,40.0
2024-08-31 13:00:00,295379.0,38.0,False,38.0
2024-08-31 14:00:00,295418.0,39.0,False,39.0
2024-08-31 15:00:00,295462.0,44.0,False,44.0
2024-08-31 16:00:00,295508.0,46.0,False,46.0
2024-08-31 17:00:00,295551.0,43.0,False,43.0
2024-08-31 18:00:00,295593.0,42.0,False,42.0
2024-08-31 19:00:00,295632.0,39.0,False,39.0
2024-08-31 20:00:00,295666.0,34.0,False,34.0
2024-08-31 21:00:00,295702.0,36.0,False,36.0
2024-08-31 22:00:00,295736.0,34.0,False,34.0
2024-08-31 23:00:00,295760.0,24.0,False,24.0
2024-09-01 00:00:00,295775.0,15.0,False,15.0
2024-09-01 01:00:00,295787.0,12.0,False,12.0
2024-09-01 02:00:00,295799.0,12.0,False,12.0
2024-09-01 03:00:00,295811.0,12.0,False,12.0
2024-09-01 04:00:00,295822.0,11.0,False,11.0
2024-09-01 05:00:00,295834.0,12.0,False,12.0
2024-09-01 06:00:00,295845.0,11.0,False,11.0
2024-09-01 07:00:00,295857.0,12.0,False,12.0
2024-09-01 08:00:00,295871.0,14.0,False,14.0
2024-09-01 09:00:00,295899.0,28.0,False,28.0
2024-09-01 10:00:00,295931.0,32.0,False,32.0
2024-09-01 11:00:00,295978.0,47.0,False,47.0
2024-09-01 12:00:00,296024.0,46.0,False,46.0
2024-09-01 13:00:00,296070.0,46.0,False,46.0
2024-09-01 14:00:00,296114.0,44.0,False,44.0
2024-09-01 15:00:00,296163.0,49.0,False,49.0
2024-09-01 16:00:00,296216.0,53.0,False,53.0
2024-09-01 17:00:00,296263.0,47.0,False,47.0
2024-09-01 18:00:00,296306.0,43.0,False,43.0
2024-09-01 19:00:00,296343.0,37.0,False,37.0
2024-09-01 20:00:00,296374.0,31.0,False,31.0
2024-09-01 21:00:00,296416.0,42.0,False,42.0
2024-09-01 22:00:00,296449.0,33.0,False,33.0
2024-09-01 23:00:00,296470.0,21.0,False,21.0
2024-09-02 00:00:00,296488.0,18.0,False,18.0
2024-09-02 01:00:00,296503.0,15.0,False,15.0
2024-09-02 02:00:00,296516.0,13.0,False,13.0
2024-09-02 03:00:00,296531.0,15.0,False,15.0
2024-09-02 04:00:00,296545.0,14.0,False,14.0
2024-09-02 05:00:00,296559.0,14.0,False,14.0
2024-09-02 06:00:00,296573.0,14.0,False,14.0
2024-09-02 07:00:00,296586.0,13.0,False,13.0
2024-09-02 08:00:00,296604.0,18.0,False,18.0
2024-09-02 09:00:00,296652.0,48.0,False,48.0
2024-09-02 10:00:00,296716.0,64.0,False,64.0
2024-09-02 11:00:00,296785.0,69.0,False,69.0
2024-09-02 12:00:00,296855.0,70.0,False,70.0
2024-09-02 13:00:00,296925.0,70.0,False,70.0
2024-09-02 14:00:00,296992.0,67.0,False,67.0
2024-09-02 15:00:00,297065.0,73.0,False,73.0
2024-09-02 16:00:00,297140.0,75.0,False,75.0
2024-09-02 17:00:00,297227.0,87.0,False,87.0
2024-09-02 18:00:00,297308.0,81.0,False,81.0
2024-09-02 19:00:00,297365.0,57.0,False,57.0
2024-09-02 20:00:00,297401.0,36.0,False,36.0
2024-09-02 21:00:00,297438.0,37.0,False,37.0
2024-09-02 22:00:00,297476.0,38.0,False,38.0
2024-09-02 23:00:00,297503.0,27.0,False,27.0
2024-09-03 00:00:00,297519.0,16.0,False,16.0
2024-09-03 01:00:00,297534.0,15.0,False,15.0
2024-09-03 02:00:00,297546.0,12.0,False,12.0
2024-09-03 03:00:00,297560.0,14.0,False,14.0
2024-09-03 04:00:00,297573.0,13.0,False,13.0
2024-09-03 05:00:00,297586.0,13.0,False,13.0
2024-09-03 06:00:00,297598.0,12.0,False,12.0
2024-09-03 07:00:00,297610.0,12.0,False,12.0
2024-09-03 08:00:00,297626.0,16.0,False,16.0
2024-09-03 09:00:00,297665.0,39.0,False,39.0
2024-09-03 10:00:00,297718.0,53.0,False,53.0
2024-09-03 11:00:00,297784.0,66.0,False,66.0
2024-09-03 12:00:00,297853.0,69.0,False,69.0
2024-09-03 13:00:00,297913.0,60.0,False,60.0
2024-09-03 14:00:00,297972.0,59.0,False,59.0
2024-09-03 15:00:00,298040.0,68.0,False,68.0
2024-09-03 16:00:00,298113.0,73.0,False,73.0
2024-09-03 17:00:00,298194.0,81.0,False,81.0
2024-09-03 18:00:00,298269.0,75.0,False,75.0
2024-09-03 19:00:00,298324.0,55.0,False,55.0
2024-09-03 20:00:00,298366.0,42.0,False,42.0
2024-09-03 21:00:00,298406.0,40.0,False,40.0
2024-09-03 22:00:00,298445.0,39.0,False,39.0
2024-09-03 23:00:00,298476.0,31.0,False,31.0
2024-09-04 00:00:00,298500.0,24.0,False,24.0
2024-09-04 01:00:00,298517.0,17.0,False,17.0
2024-09-04 02:00:00,298534.0,17.0,False,17.0
2024-09-04 03:00:00,298550.0,16.0,False,16.0
2024-09-04 04:00:00,298566.0,16.0,False,16.0
2024-09-04 05:00:00,298581.0,15.0,False,15.0
2024-09-04 06:00:00,298596.0,15.0,False,15.0
2024-09-04 07:00:00,298613.0,17.0,False,17.0
2024-09-04 08:00:00,298632.0,19.0,False,19.0
2024-09-04 09:00:00,298676.0,44.0,False,44.0
2024-09-04 10:00:00,298737.0,61.0,False,61.0
2024-09-04 11:00:00,298809.0,72.0,False,72.0
2024-09-04 12:00:00,298881.0,72.0,False,72.0
2024-09-04 13:00:00,,,False,52.14
2024-09-04 14:00:00,,,False,51.43
2024-09-04 15:00:00,299077.0,,False,57.29
2024-09-04 16:00:00,299154.0,77.0,False,77.0
2024-09-04 17:00:00,299242.0,88.0,False,88.0
2024-09-04 18:00:00,299325.0,83.0,False,83.0
2024-09-04 19:00:00,299384.0,59.0,False,59.0
2024-09-04 20:00:00,299427.0,43.0,False,43.0
2024-09-04 21:00:00,299461.0,34.0,False,34.0
2024-09-04 22:00:00,299496.0,35.0,False,35.0
2024-09-04 23:00:00,299524.0,28.0,False,28.0
2024-09-05 00:00:00,299547.0,23.0,False,23.0
2024-09-05 01:00:00,299562.0,15.0,False,15.0
2024-09-05 02:00:00,299575.0,13.0,False,13.0
2024-09-05 03:00:00,299589.0,14.0,False,14.0
2024-09-05 04:00:00,299603.0,14.0,False,14.0
2024-09-05 05:00:00,299616.0,13.0,False,13.0
2024-09-05 06:00:00,299629.0,13.0,False,13.0
2024-09-05 07:00:00,299641.0,12.0,False,12.0
2024-09-05 08:00:00,299655.0,14.0,False,14.0
2024-09-05 09:00:00,299683.0,28.0,False,28.0
2024-09-05 10:00:00,299721.0,38.0,False,38.0
2024-09-05 11:00:00,299763.0,42.0,False,42.0
2024-09-05 12:00:00,299802.0,39.0,False,39.0
2024-09-05 13:00:00,299845.0,43.0,False,43.0
2024-09-05 14:00:00,299891.0,46.0,False,46.0
2024-09-05 15:00:00,299947.0,56.0,False,56.0
2024-09-05 16:00:00,300006.0,59.0,False,59.0
2024-09-05 17:00:00,,,False,69.14
2024-09-05 18:00:00,300130.0,,False,66.57
2024-09-05 19:00:00,300184.0,54.0,False,54.0
2024-09-05 20:00:00,300230.0,46.0,False,46.0
2024-09-05 21:00:00,300258.0,28.0,False,28.0
2024-09-05 22:00:00,300285.0,27.0,False,27.0
2024-09-05 23:00:00,300309.0,24.0,False,24.0
2024-09-06 00:00:00,300328.0,19.0,False,19.0
2024-09-06 01:00:00,300341.0,13.0,False,13.0
2024-09-06 02:00:00,300355.0,14.0,False,14.0
2024-09-06 03:00:00,300369.0,14.0,False,14.0
2024-09-06 04:00:00,300382.0,13.0,False,13.0
2024-09-06 05:00:00,300395.0,13.0,False,13.0
2024-09-06 06:00:00,300408.0,13.0,False,13.0
2024-09-06 07:00:00,300422.0,14.0,False,14.0
2024-09-06 08:00:00,300439.0,17.0,False,17.0
2024-09-06 09:00:00,300474.0,35.0,False,35.0
2024-09-06 10:00:00,300520.0,46.0,False,46.0
2024-09-06 11:00:00,300576.0,56.0,False,56.0
2024-09-06 12:00:00,300644.0,68.0,False,68.0
2024-09-06 13:00:00,300706.0,62.0,False,62.0
2024-09-06 14:00:00,300770.0,64.0,False,64.0
2024-09-06 15:00:00,300833.0,63.0,False,63.0
2024-09-06 16:00:00,300899.0,66.0,False,66.0
2024-09-06 17:00:00,300966.0,67.0,False,67.0
2024-09-06 18:00:00,301027.0,61.0,False,61.0
2024-09-06 19:00:00,301075.0,48.0,False,48.0
2024-09-06 20:00:00,301116.0,41.0,False,41.0
2024-09-06 21:00:00,301156.0,40.0,False,40.0
2024-09-06 22:00:00,301191.0,35.0,False,35.0
2024-09-06 23:00:00,301221.0,30.0,False,30.0
2024-09-07 00:00:00,301249.0,28.0,False,28.0
2024-09-07 01:00:00,301272.0,23.0,False,23.0
2024-09-07 02:00:00,301289.0,17.0,False,17.0
2024-09-07 03:00:00,301306.0,17.0,False,17.0
2024-09-07 04:00:00,301324.0,18.0,False,18.0
2024-09-07 05:00:00,301341.0,17.0,False,17.0
2024-09-07 06:00:00,301358.0,17.0,False,17.0
2024-09-07 07:00:00,301373.0,15.0,False,15.0
2024-09-07 08:00:00,301389.0,16.0,False,16.0
2024-09-07 09:00:00,301410.0,21.0,False,21.0
2024-09-07 10:00:00,301437.0,27.0,False,27.0
2024-09-07 11:00:00,301467.0,30.0,False,30.0
2024-09-07 12:00:00,301490.0,23.0,False,23.0
2024-09-07 13:00:00,301515.0,25.0,False,25.0
2024-09-07 14:00:00,301541.0,26.0,False,26.0
2024-09-07 15:00:00,301569.0,28.0,False,28.0
2024-09-07 16:00:00,301602.0,33.0,False,33.0
2024-09-07 17:00:00,301634.0,32.0,False,32.0
2024-09-07 18:00:00,301666.0,32.0,False,32.0
2024-09-07 19:00:00,301700.0,34.0,False,34.0
2024-09-07 20:00:00,301740.0,40.0,False,40.0
2024-09-07 21:00:00,301782.0,42.0,False,42.0
2024-09-07 22:00:00,301815.0,33.0,False,33.0
2024-09-07 23:00:00,301843.0,28.0,False,28.0
2024-09-08 00:00:00,301864.0,21.0,False,21.0
2024-09-08 01:00:00,301881.0,17.0,False,17.0
2024-09-08 02:00:00,301898.0,17.0,False,17.0
2024-09-08 03:00:00,301913.0,15.0,False,15.0
2024-09-08 04:00:00,301929.0,16.0,False,16.0
2024-09-08 05:00:00,301944.0,15.0,False,15.0
2024-09-08 06:00:00,301956.0,12.0,False,12.0
2024-09-08 07:00:00,301973.0,17.0,False,17.0
2024-09-08 08:00:00,301990.0,17.0,False,17.0
2024-09-08 09:00:00,302012.0,22.0,False,22.0
2024-09-08 10:00:00,302045.0,33.0,False,33.0
2024-09-08 11:00:00,302089.0,44.0,False,44.0
2024-09-08 12:00:00,302139.0,50.0,False,50.0
2024-09-08 13:00:00,302185.0,46.0,False,46.0
2024-09-08 14:00:00,302238.0,53.0,False,53.0
2024-09-08 15:00:00,302296.0,58.0,False,58.0
2024-09-08 16:00:00,302344.0,48.0,False,48.0
2024-09-08 17:00:00,302389.0,45.0,False,45.0
2024-09-08 18:00:00,302431.0,42.0,False,42.0
2024-09-08 19:00:00,302468.0,37.0,False,37.0
2024-09-08 20:00:00,302501.0,33.0,False,33.0
2024-09-08 21:00:00,302538.0,37.0,False,37.0
2024-09-08 22:00:00,302573.0,35.0,False,35.0
2024-09-08 23:00:00,302603.0,30.0,False,30.0
2024-09-09 00:00:00,302624.0,21.0,False,21.0
2024-09-09 01:00:00,302640.0,16.0,False,16.0
2024-09-09 02:00:00,302655.0,15.0,False,15.0
2024-09-09 03:00:00,302670.0,15.0,False,15.0
2024-09-09 04:00:00,302684.0,14.0,False,14.0
2024-09-09 05:00:00,302697.0,13.0,False,13.0
2024-09-09 06:00:00,302709.0,12.0,False,12.0
2024-09-09 07:00:00,302722.0,13.0,False,13.0
2024-09-09 08:00:00,302739.0,17.0,False,17.0
2024-09-09 09:00:00,302787.0,48.0,False,48.0
2024-09-09 10:00:00,302848.0,61.0,False,61.0
2024-09-09 11:00:00,302925.0,77.0,False,77.0
2024-09-09 12:00:00,303007.0,82.0,False,82.0
2024-09-09 13:00:00,,,False,51.0
2024-09-09 14:00:00,303152.0,,False,52.5
2024-09-09 15:00:00,303232.0,80.0,False,80.0
2024-09-09 16:00:00,303308.0,76.0,False,76.0
2024-09-09 17:00:00,303382.0,74.0,False,74.0
2024-09-09 18:00:00,303446.0,64.0,False,64.0
2024-09-09 19:00:00,303489.0,43.0,False,43.0
2024-09-09 20:00:00,303521.0,32.0,False,32.0
2024-09-09 21:00:00,303550.0,29.0,False,29.0
2024-09-09 22:00:00,303579.0,29.0,False,29.0
2024-09-09 23:00:00,303605.0,26.0,False,26.0
2024-09-10 00:00:00,303621.0,16.0,False,16.0
2024-09-10 01:00:00,303634.0,13.0,False,13.0
2024-09-10 02:00:00,303647.0,13.0,False,13.0
2024-09-10 03:00:00,303659.0,12.0,False,12.0
2024-09-10 04:00:00,303671.0,12.0,False,12.0
2024-09-10 05:00:00,303682.0,11.0,False,11.0
2024-09-10 06:00:00,303694.0,12.0,False,12.0
2024-09-10 07:00:00,303707.0,13.0,False,13.0
2024-09-10 08:00:00,303720.0,13.0,False,13.0
2024-09-10 09:00:00,303749.0,29.0,False,29.0
2024-09-10 10:00:00,303785.0,36.0,False,36.0
2024-09-10 11:00:00,303834.0,49.0,False,49.0
2024-09-10 12:00:00,303888.0,54.0,False,54.0
2024-09-10 13:00:00,303940.0,52.0,False,52.0
2024-09-10 14:00:00,303988.0,48.0,False,48.0
2024-09-10 15:00:00,304044.0,56.0,False,56.0
2024-09-10 16:00:00,304110.0,66.0,False,66.0
2024-09-10 17:00:00,304167.0,57.0,False,57.0
2024-09-10 18:00:00,304220.0,53.0,False,53.0
2024-09-10 19:00:00,304260.0,40.0,False,40.0
2024-09-10 20:00:00,304292.0,32.0,False,32.0
2024-09-10 21:00:00,304322.0,30.0,False,30.0
2024-09-10 22:00:00,304350.0,28.0,False,28.0
2024-09-10 23:00:00,304372.0,22.0,False,22.0
2024-09-11 00:00:00,304386.0,14.0,False,14.0
2024-09-11 01:00:00,304399.0,13.0,False,13.0
2024-09-11 02:00:00,304412.0,13.0,False,13.0
2024-09-11 03:00:00,304424.0,12.0,False,12.0
2024-09-11 04:00:00,304437.0,13.0,False,13.0
2024-09-11 05:00:00,304449.0,12.0,False,12.0
2024-09-11 06:00:00,304461.0,12.0,False,12.0
2024-09-11 07:00:00,304473.0,12.0,False,12.0
2024-09-11 08:00:00,304489.0,16.0,False,16.0
2024-09-11 09:00:00,304522.0,33.0,False,33.0
2024-09-11 10:00:00,304564.0,42.0,False,42.0
2024-09-11 11:00:00,,,False,52.86
2024-09-11 12:00:00,,,False,55.43
2024-09-11 13:00:00,304727.0,,False,45.6
2024-09-11 14:00:00,304775.0,48.0,False,48.0
2024-09-11 15:00:00,304830.0,55.0,False,55.0
2024-09-11 16:00:00,,,False,60.71
2024-09-11 17:00:00,304954.0,,False,60.5
2024-09-11 18:00:00,305017.0,63.0,False,63.0
2024-09-11 19:00:00,305072.0,55.0,False,55.0
2024-09-11 20:00:00,305117.0,45.0,False,45.0
2024-09-11 21:00:00,305160.0,43.0,False,43.0
2024-09-11 22:00:00,305198.0,38.0,False,38.0
2024-09-11 23:00:00,305230.0,32.0,False,32.0
2024-09-12 00:00:00,305251.0,21.0,False,21.0
2024-09-12 01:00:00,305266.0,15.0,False,15.0
2024-09-12 02:00:00,,,False,14.57
2024-09-12 03:00:00,305293.0,,False,14.14
2024-09-12 04:00:00,305306.0,13.0,False,13.0
2024-09-12 05:00:00,305319.0,13.0,False,13.0
2024-09-12 06:00:00,305332.0,13.0,False,13.0
2024-09-12 07:00:00,305345.0,13.0,False,13.0
2024-09-12 08:00:00,305361.0,16.0,False,16.0
2024-09-12 09:00:00,305391.0,30.0,False,30.0
2024-09-12 10:00:00,305443.0,52.0,False,52.0
2024-09-12 11:00:00,305499.0,56.0,False,56.0
2024-09-12 12:00:00,305566.0,67.0,False,67.0
2024-09-12 13:00:00,305633.0,67.0,False,67.0
2024-09-12 14:00:00,305701.0,68.0,False,68.0
2024-09-12 15:00:00,305771.0,70.0,False,70.0
2024-09-12 16:00:00,305851.0,80.0,False,80.0
2024-09-12 17:00:00,305930.0,79.0,False,79.0
2024-09-12 18:00:00,306004.0,74.0,False,74.0
2024-09-12 19:00:00,306059.0,55.0,False,55.0
2024-09-12 20:00:00,306101.0,42.0,False,42.0
2024-09-12 21:00:00,306135.0,34.0,False,34.0
2024-09-12 22:00:00,306174.0,39.0,False,39.0
2024-09-12 23:00:00,306208.0,34.0,False,34.0
2024-09-13 00:00:00,306236.0,28.0,False,28.0
2024-09-13 01:00:00,306259.0,23.0,False,23.0
2024-09-13 02:00:00,306277.0,18.0,False,18.0
2024-09-13 03:00:00,306295.0,18.0,False,18.0
2024-09-13 04:00:00,306314.0,19.0,False,19.0
2024-09-13 05:00:00,306334.0,20.0,False,20.0
2024-09-13 06:00:00,306353.0,19.0,False,19.0
2024-09-13 07:00:00,306372.0,19.0,False,19.0
2024-09-13 08:00:00,306393.0,21.0,False,21.0
2024-09-13 09:00:00,306430.0,37.0,False,37.0
2024-09-13 10:00:00,306486.0,56.0,False,56.0
2024-09-13 11:00:00,306557.0,71.0,False,71.0
2024-09-13 12:00:00,306626.0,69.0,False,69.0
2024-09-13 13:00:00,306685.0,59.0,False,59.0
2024-09-13 14:00:00,306739.0,54.0,False,54.0
2024-09-13 15:00:00,306794.0,55.0,False,55.0
2024-09-13 16:00:00,306860.0,66.0,False,66.0
2024-09-13 17:00:00,306931.0,71.0,False,71.0
2024-09-13 18:00:00,306995.0,64.0,False,64.0
2024-09-13 19:00:00,307050.0,55.0,False,55.0
2024-09-13 20:00:00,307096.0,46.0,False,46.0
2024-09-13 21:00:00,307130.0,34.0,False,34.0
2024-09-13 22:00:00,307158.0,28.0,False,28.0
2024-09-13 23:00:00,307180.0,22.0,False,22.0
2024-09-14 00:00:00,307200.0,20.0,False,20.0
2024-09-14 01:00:00,307217.0,17.0,False,17.0
2024-09-14 02:00:00,307237.0,20.0,False,20.0
2024-09-14 03:00:00,307254.0,17.0,False,17.0
2024-09-14 04:00:00,307268.0,14.0,False,14.0
2024-09-14 05:00:00,307284.0,16.0,False,16.0
2024-09-14 06:00:00,307300.0,16.0,False,16.0
2024-09-14 07:00:00,307317.0,17.0,False,17.0
2024-09-14 08:00:00,307335.0,18.0,False,18.0
2024-09-14 09:00:00,307366.0,31.0,False,31.0
2024-09-14 10:00:00,307414.0,48.0,False,48.0
2024-09-14 11:00:00,307471.0,57.0,False,57.0
2024-09-14 12:00:00,307526.0,55.0,False,55.0
2024-09-14 13:00:00,307571.0,45.0,False,45.0
2024-09-14 14:00:00,307624.0,53.0,False,53.0
2024-09-14 15:00:00,307681.0,57.0,False,57.0
2024-09-14 16:00:00,307749.0,68.0,False,68.0
2024-09-14 17:00:00,307817.0,68.0,False,68.0
2024-09-14 18:00:00,307876.0,59.0,False,59.0
2024-09-14 19:00:00,307923.0,47.0,False,47.0
2024-09-14 20:00:00,307965.0,42.0,False,42.0
2024-09-14 21:00:00,308001.0,36.0,False,36.0
2024-09-14 22:00:00,308037.0,36.0,False,36.0
2024-09-14 23:00:00,308068.0,31.0,False,31.0
2024-09-15 00:00:00,308090.0,22.0,False,22.0
2024-09-15 01:00:00,308107.0,17.0,False,17.0
2024-09-15 02:00:00,308123.0,16.0,False,16.0
2024-09-15 03:00:00,308139.0,16.0,False,16.0
2024-09-15 04:00:00,308155.0,16.0,False,16.0
2024-09-15 05:00:00,308171.0,16.0,False,16.0
2024-09-15 06:00:00,308186.0,15.0,False,15.0
2024-09-15 07:00:00,308202.0,16.0,False,16.0
2024-09-15 08:00:00,308219.0,17.0,False,17.0
2024-09-15 09:00:00,308241.0,22.0,False,22.0
2024-09-15 10:00:00,308267.0,26.0,False,26.0
2024-09-15 11:00:00,308298.0,31.0,False,31.0
2024-09-15 12:00:00,308330.0,32.0,False,32.0
2024-09-15 13:00:00,308362.0,32.0,False,32.0
2024-09-15 14:00:00,308393.0,31.0,False,31.0
2024-09-15 15:00:00,308426.0,33.0,False,33.0
2024-09-15 16:00:00,308459.0,33.0,False,33.0
2024-09-15 17:00:00,308491.0,32.0,False,32.0
2024-09-15 18:00:00,308523.0,32.0,False,32.0
2024-09-15 19:00:00,308555.0,32.0,False,32.0
2024-09-15 20:00:00,308581.0,26.0,False,26.0
2024-09-15 21:00:00,308610.0,29.0,False,29.0
2024-09-15 22:00:00,308635.0,25.0,False,25.0
2024-09-15 23:00:00,308652.0,17.0,False,17.0
2024-09-16 00:00:00,308667.0,15.0,False,15.0
2024-09-16 01:00:00,308680.0,13.0,False,13.0
2024-09-16 02:00:00,308693.0,13.0,False,13.0
2024-09-16 03:00:00,308705.0,12.0,False,12.0
2024-09-16 04:00:00,308718.0,13.0,False,13.0
2024-09-16 05:00:00,308730.0,12.0,False,12.0
2024-09-16 06:00:00,308742.0,12.0,False,12.0
2024-09-16 07:00:00,308755.0,13.0,False,13.0
2024-09-16 08:00:00,308768.0,13.0,False,13.0
2024-09-16 09:00:00,308784.0,16.0,False,16.0
2024-09-16 10:00:00,308803.0,19.0,False,19.0
2024-09-16 11:00:00,308828.0,25.0,False,25.0
2024-09-16 12:00:00,308854.0,26.0,False,26.0
2024-09-16 13:00:00,308885.0,31.0,False,31.0
2024-09-16 14:00:00,308918.0,33.0,False,33.0
2024-09-16 15:00:00,308950.0,32.0,False,32.0
2024-09-16 16:00:00,308989.0,39.0,False,39.0
2024-09-16 17:00:00,309031.0,42.0,False,42.0
2024-09-16 18:00:00,309065.0,34.0,False,34.0
2024-09-16 19:00:00,309096.0,31.0,False,31.0
2024-09-16 20:00:00,309124.0,28.0,False,28.0
2024-09-16 21:00:00,309153.0,29.0,False,29.0
2024-09-16 22:00:00,309176.0,23.0,False,23.0
2024-09-16 23:00:00,309196.0,20.0,False,20.0
2024-09-17 00:00:00,309214.0,18.0,False,18.0
2024-09-17 01:00:00,309231.0,17.0,False,17.0
2024-09-17 02:00:00,309249.0,18.0,False,18.0
2024-09-17 03:00:00,309265.0,16.0,False,16.0
2024-09-17 04:00:00,309279.0,14.0,False,14.0
2024-09-17 05:00:00,309291.0,12.0,False,12.0
2024-09-17 06:00:00,309303.0,12.0,False,12.0
2024-09-17 07:00:00,309316.0,13.0,False,13.0
2024-09-17 08:00:00,309331.0,15.0,False,15.0
2024-09-17 09:00:00,309349.0,18.0,False,18.0
2024-09-17 10:00:00,309373.0,24.0,False,24.0
2024-09-17 11:00:00,309404.0,31.0,False,31.0
2024-09-17 12:00:00,309442.0,38.0,False,38.0
2024-09-17 13:00:00,309475.0,33.0,False,33.0
2024-09-17 14:00:00,309508.0,33.0,False,33.0
2024-09-17 15:00:00,309543.0,35.0,False,35.0
2024-09-17 16:00:00,309585.0,42.0,False,42.0
2024-09-17 17:00:00,309631.0,46.0,False,46.0
2024-09-17 18:00:00,309680.0,49.0,False,49.0
2024-09-17 19:00:00,309732.0,52.0,False,52.0
2024-09-17 20:00:00,309764.0,32.0,False,32.0
2024-09-17 21:00:00,309798.0,34.0,False,34.0
2024-09-17 22:00:00,309831.0,33.0,False,33.0
2024-09-17 23:00:00,309854.0,23.0,False,23.0
2024-09-18 00:00:00,309874.0,20.0,False,20.0
2024-09-18 01:00:00,309893.0,19.0,False,19.0
2024-09-18 02:00:00,309912.0,19.0,False,19.0
2024-09-18 03:00:00,309930.0,18.0,False,18.0
2024-09-18 04:00:00,309948.0,18.0,False,18.0
2024-09-18 05:00:00,309966.0,18.0,False,18.0
2024-09-18 06:00:00,309984.0,18.0,False,18.0
2024-09-18 07:00:00,310002.0,18.0,False,18.0
2024-09-18 08:00:00,310023.0,21.0,False,21.0
2024-09-18 09:00:00,310070.0,47.0,False,47.0
2024-09-18 10:00:00,310130.0,60.0,False,60.0
2024-09-18 11:00:00,310195.0,65.0,False,65.0
2024-09-18 12:00:00,310268.0,73.0,False,73.0
2024-09-18 13:00:00,310325.0,57.0,False,57.0
2024-09-18 14:00:00,310382.0,57.0,False,57.0
2024-09-18 15:00:00,310452.0,70.0,False,70.0
2024-09-18 16:00:00,310535.0,83.0,False,83.0
2024-09-18 17:00:00,310615.0,80.0,False,80.0
2024-09-18 18:00:00,310685.0,70.0,False,70.0
2024-09-18 19:00:00,,,False,46.71
2024-09-18 20:00:00,310800.0,,False,37.29
2024-09-18 21:00:00,310853.0,53.0,False,53.0
2024-09-18 22:00:00,310899.0,46.0,False,46.0
2024-09-18 23:00:00,310931.0,32.0,False,32.0
2024-09-19 00:00:00,310956.0,25.0,False,25.0
2024-09-19 01:00:00,310976.0,20.0,False,20.0
2024-09-19 02:00:00,310994.0,18.0,False,18.0
2024-09-19 03:00:00,311011.0,17.0,False,17.0
2024-09-19 04:00:00,311028.0,17.0,False,17.0
2024-09-19 05:00:00,311048.0,20.0,False,20.0
2024-09-19 06:00:00,311065.0,17.0,False,17.0
2024-09-19 07:00:00,311081.0,16.0,False,16.0
2024-09-19 08:00:00,311100.0,19.0,False,19.0
2024-09-19 09:00:00,311148.0,48.0,False,48.0
2024-09-19 10:00:00,311220.0,72.0,False,72.0
2024-09-19 11:00:00,311300.0,80.0,False,80.0
2024-09-19 12:00:00,311377.0,77.0,False,77.0
2024-09-19 13:00:00,311449.0,72.0,False,72.0
2024-09-19 14:00:00,311512.0,63.0,False,63.0
2024-09-19 15:00:00,311589.0,77.0,False,77.0
2024-09-19 16:00:00,311674.0,85.0,False,85.0
2024-09-19 17:00:00,311753.0,79.0,False,79.0
2024-09-19 18:00:00,311831.0,78.0,False,78.0
2024-09-19 19:00:00,311894.0,63.0,False,63.0
2024-09-19 20:00:00,311947.0,53.0,False,53.0
2024-09-19 21:00:00,312003.0,56.0,False,56.0
2024-09-19 22:00:00,312050.0,47.0,False,47.0
2024-09-19 23:00:00,312078.0,28.0,False,28.0
2024-09-20 00:00:00,312099.0,21.0,False,21.0
2024-09-20 01:00:00,312117.0,18.0,False,18.0
2024-09-20 02:00:00,312134.0,17.0,False,17.0
2024-09-20 03:00:00,312151.0,17.0,False,17.0
2024-09-20 04:00:00,312167.0,16.0,False,16.0
2024-09-20 05:00:00,312184.0,17.0,False,17.0
2024-09-20 06:00:00,312200.0,16.0,False,16.0
2024-09-20 07:00:00,312217.0,17.0,False,17.0
2024-09-20 08:00:00,312239.0,22.0,False,22.0
2024-09-20 09:00:00,312282.0,43.0,False,43.0
2024-09-20 10:00:00,312333.0,51.0,False,51.0
2024-09-20 11:00:00,312390.0,57.0,False,57.0
2024-09-20 12:00:00,312443.0,53.0,False,53.0
2024-09-20 13:00:00,312489.0,46.0,False,46.0
2024-09-20 14:00:00,312534.0,45.0,False,45.0
2024-09-20 15:00:00,312586.0,52.0,False,52.0
2024-09-20 16:00:00,312641.0,55.0,False,55.0
2024-09-20 17:00:00,312693.0,52.0,False,52.0
2024-09-20 18:00:00,312738.0,45.0,False,45.0
2024-09-20 19:00:00,312778.0,40.0,False,40.0
2024-09-20 20:00:00,312817.0,39.0,False,39.0
2024-09-20 21:00:00,312856.0,39.0,False,39.0
2024-09-20 22:00:00,312894.0,38.0,False,38.0
2024-09-20 23:00:00,312925.0,31.0,False,31.0
2024-09-21 00:00:00,312950.0,25.0,False,25.0
2024-09-21 01:00:00,312972.0,22.0,False,22.0
2024-09-21 02:00:00,312991.0,19.0,False,19.0
2024-09-21 03:00:00,313011.0,20.0,False,20.0
2024-09-21 04:00:00,313029.0,18.0,False,18.0
2024-09-21 05:00:00,313048.0,19.0,False,19.0
2024-09-21 06:00:00,313066.0,18.0,False,18.0
2024-09-21 07:00:00,313085.0,19.0,False,19.0
2024-09-21 08:00:00,313105.0,20.0,False,20.0
2024-09-21 09:00:00,313138.0,33.0,False,33.0
2024-09-21 10:00:00,313189.0,51.0,False,51.0
2024-09-21 11:00:00,313242.0,53.0,False,53.0
2024-09-21 12:00:00,313295.0,53.0,False,53.0
2024-09-21 13:00:00,313339.0,44.0,False,44.0
2024-09-21 14:00:00,313378.0,39.0,False,39.0
2024-09-21 15:00:00,313418.0,40.0,False,40.0
2024-09-21 16:00:00,313464.0,46.0,False,46.0
2024-09-21 17:00:00,313511.0,47.0,False,47.0
2024-09-21 18:00:00,313565.0,54.0,False,54.0
2024-09-21 19:00:00,313616.0,51.0,False,51.0
2024-09-21 20:00:00,313647.0,31.0,False,31.0
2024-09-21 21:00:00,313677.0,30.0,False,30.0
2024-09-21 22:00:00,313706.0,29.0,False,29.0
2024-09-21 23:00:00,313732.0,26.0,False,26.0
2024-09-22 00:00:00,313756.0,24.0,False,24.0
2024-09-22 01:00:00,313779.0,23.0,False,23.0
2024-09-22 02:00:00,313801.0,22.0,False,22.0
2024-09-22 03:00:00,313823.0,22.0,False,22.0
2024-09-22 04:00:00,313845.0,22.0,False,22.0
2024-09-22 05:00:00,313866.0,21.0,False,21.0
2024-09-22 06:00:00,313887.0,21.0,False,21.0
2024-09-22 07:00:00,313909.0,22.0,False,22.0
2024-09-22 08:00:00,313931.0,22.0,False,22.0
2024-09-22 09:00:00,313955.0,24.0,False,24.0
2024-09-22 10:00:00,313985.0,30.0,False,30.0
2024-09-22 11:00:00,314019.0,34.0,False,34.0
2024-09-22 12:00:00,314055.0,36.0,False,36.0
2024-09-22 13:00:00,314088.0,33.0,False,33.0
2024-09-22 14:00:00,314120.0,32.0,False,32.0
2024-09-22 15:00:00,314158.0,38.0,False,38.0
2024-09-22 16:00:00,314200.0,42.0,False,42.0
2024-09-22 17:00:00,314249.0,49.0,False,49.0
2024-09-22 18:00:00,314301.0,52.0,False,52.0
2024-09-22 19:00:00,314335.0,34.0,False,34.0
2024-09-22 20:00:00,314366.0,31.0,False,31.0
2024-09-22 21:00:00,314395.0,29.0,False,29.0
2024-09-22 22:00:00,314424.0,29.0,False,29.0
2024-09-22 23:00:00,314450.0,26.0,False,26.0
2024-09-23 00:00:00,314471.0,21.0,False,21.0
2024-09-23 01:00:00,314491.0,20.0,False,20.0
2024-09-23 02:00:00,314510.0,19.0,False,19.0
2024-09-23 03:00:00,314528.0,18.0,False,18.0
2024-09-23 04:00:00,314547.0,19.0,False,19.0
2024-09-23 05:00:00,314565.0,18.0,False,18.0
2024-09-23 06:00:00,314583.0,18.0,False,18.0
2024-09-23 07:00:00,314601.0,18.0,False,18.0
2024-09-23 08:00:00,314620.0,19.0,False,19.0
2024-09-23 09:00:00,314651.0,31.0,False,31.0
2024-09-23 10:00:00,314689.0,38.0,False,38.0
2024-09-23 11:00:00,314731.0,42.0,False,42.0
2024-09-23 12:00:00,314776.0,45.0,False,45.0
2024-09-23 13:00:00,314827.0,51.0,False,51.0
2024-09-23 14:00:00,314877.0,50.0,False,50.0
2024-09-23 15:00:00,314942.0,65.0,False,65.0
2024-09-23 16:00:00,315013.0,71.0,False,71.0
2024-09-23 17:00:00,315065.0,52.0,False,52.0
2024-09-23 18:00:00,315126.0,61.0,False,61.0
2024-09-23 19:00:00,315182.0,56.0,False,56.0
2024-09-23 20:00:00,315228.0,46.0,False,46.0
2024-09-23 21:00:00,315269.0,41.0,False,41.0
2024-09-23 22:00:00,315305.0,36.0,False,36.0
2024-09-23 23:00:00,315339.0,34.0,False,34.0
2024-09-24 00:00:00,315368.0,29.0,False,29.0
2024-09-24 01:00:00,315393.0,25.0,False,25.0
2024-09-24 02:00:00,315418.0,25.0,False,25.0
2024-09-24 03:00:00,315443.0,25.0,False,25.0
2024-09-24 04:00:00,315469.0,26.0,False,26.0
2024-09-24 05:00:00,315494.0,25.0,False,25.0
2024-09-24 06:00:00,315517.0,23.0,False,23.0
2024-09-24 07:00:00,315538.0,21.0,False,21.0
2024-09-24 08:00:00,315560.0,22.0,False,22.0
2024-09-24 09:00:00,315590.0,30.0,False,30.0
2024-09-24 10:00:00,315627.0,37.0,False,37.0
2024-09-24 11:00:00,315669.0,42.0,False,42.0
2024-09-24 12:00:00,315717.0,48.0,False,48.0
2024-09-24 13:00:00,315766.0,49.0,False,49.0
2024-09-24 14:00:00,315821.0,55.0,False,55.0
2024-09-24 15:00:00,315892.0,71.0,False,71.0
2024-09-24 16:00:00,315981.0,89.0,False,89.0
2024-09-24 17:00:00,316062.0,81.0,False,81.0
2024-09-24 18:00:00,316124.0,62.0,False,62.0
2024-09-24 19:00:00,316172.0,48.0,False,48.0
2024-09-24 20:00:00,316211.0,39.0,False,39.0
2024-09-24 21:00:00,316250.0,39.0,False,39.0
2024-09-24 22:00:00,316285.0,35.0,False,35.0
2024-09-24 23:00:00,316316.0,31.0,False,31.0
2024-09-25 00:00:00,316342.0,26.0,False,26.0
2024-09-25 01:00:00,316365.0,23.0,False,23.0
2024-09-25 02:00:00,316386.0,21.0,False,21.0
2024-09-25 03:00:00,316407.0,21.0,False,21.0
2024-09-25 04:00:00,316428.0,21.0,False,21.0
2024-09-25 05:00:00,316448.0,20.0,False,20.0
2024-09-25 06:00:00,316469.0,21.0,False,21.0
2024-09-25 07:00:00,316490.0,21.0,False,21.0
2024-09-25 08:00:00,316512.0,22.0,False,22.0
2024-09-25 09:00:00,316549.0,37.0,False,37.0
2024-09-25 10:00:00,316592.0,43.0,False,43.0
2024-09-25 11:00:00,316645.0,53.0,False,53.0
2024-09-25 12:00:00,316696.0,51.0,False,51.0
2024-09-25 13:00:00,316740.0,44.0,False,44.0
2024-09-25 14:00:00,316786.0,46.0,False,46.0
2024-09-25 15:00:00,316833.0,47.0,False,47.0
2024-09-25 16:00:00,,,False,67.29
2024-09-25 17:00:00,316944.0,,False,62.86
2024-09-25 18:00:00,316997.0,53.0,False,53.0
2024-09-25 19:00:00,317043.0,46.0,False,46.0
2024-09-25 20:00:00,317083.0,40.0,False,40.0
2024-09-25 21:00:00,317116.0,33.0,False,33.0
2024-09-25 22:00:00,317146.0,30.0,False,30.0
2024-09-25 23:00:00,317174.0,28.0,False,28.0
2024-09-26 00:00:00,317199.0,25.0,False,25.0
2024-09-26 01:00:00,317222.0,23.0,False,23.0
2024-09-26 02:00:00,317244.0,22.0,False,22.0
2024-09-26 03:00:00,317266.0,22.0,False,22.0
2024-09-26 04:00:00,317287.0,21.0,False,21.0
2024-09-26 05:00:00,317308.0,21.0,False,21.0
2024-09-26 06:00:00,317330.0,22.0,False,22.0
2024-09-26 07:00:00,317351.0,21.0,False,21.0
2024-09-26 08:00:00,317373.0,22.0,False,22.0
2024-09-26 09:00:00,317405.0,32.0,False,32.0
2024-09-26 10:00:00,317444.0,39.0,False,39.0
2024-09-26 11:00:00,317489.0,45.0,False,45.0
2024-09-26 12:00:00,317528.0,39.0,False,39.0
2024-09-26 13:00:00,317562.0,34.0,False,34.0
2024-09-26 14:00:00,317598.0,36.0,False,36.0
2024-09-26 15:00:00,317643.0,45.0,False,45.0
2024-09-26 16:00:00,317699.0,56.0,False,56.0
2024-09-26 17:00:00,317757.0,58.0,False,58.0
2024-09-26 18:00:00,317812.0,55.0,False,55.0
2024-09-26 19:00:00,317855.0,43.0,False,43.0
2024-09-26 20:00:00,317892.0,37.0,False,37.0
2024-09-26 21:00:00,317924.0,32.0,False,32.0
2024-09-26 22:00:00,317954.0,30.0,False,30.0
2024-09-26 23:00:00,317984.0,30.0,False,30.0
2024-09-27 00:00:00,318010.0,26.0,False,26.0
2024-09-27 01:00:00,318031.0,21.0,False,21.0
2024-09-27 02:00:00,318048.0,17.0,False,17.0
2024-09-27 03:00:00,318063.0,15.0,False,15.0
2024-09-27 04:00:00,318078.0,15.0,False,15.0
2024-09-27 05:00:00,318093.0,15.0,False,15.0
2024-09-27 06:00:00,318107.0,14.0,False,14.0
2024-09-27 07:00:00,318122.0,15.0,False,15.0
2024-09-27 08:00:00,318138.0,16.0,False,16.0
2024-09-27 09:00:00,318167.0,29.0,False,29.0
2024-09-27 10:00:00,318202.0,35.0,False,35.0
2024-09-27 11:00:00,318241.0,39.0,False,39.0
2024-09-27 12:00:00,318286.0,45.0,False,45.0
2024-09-27 13:00:00,318325.0,39.0,False,39.0
2024-09-27 14:00:00,318369.0,44.0,False,44.0
2024-09-27 15:00:00,318415.0,46.0,False,46.0
2024-09-27 16:00:00,318471.0,56.0,False,56.0
2024-09-27 17:00:00,318531.0,60.0,False,60.0
2024-09-27 18:00:00,318587.0,56.0,False,56.0
2024-09-27 19:00:00,318634.0,47.0,False,47.0
2024-09-27 20:00:00,318673.0,39.0,False,39.0
2024-09-27 21:00:00,318703.0,30.0,False,30.0
2024-09-27 22:00:00,318732.0,29.0,False,29.0
2024-09-27 23:00:00,318752.0,20.0,False,20.0
2024-09-28 00:00:00,318768.0,16.0,False,16.0
2024-09-28 01:00:00,318784.0,16.0,False,16.0
2024-09-28 02:00:00,318799.0,15.0,False,15.0
2024-09-28 03:00:00,318818.0,19.0,False,19.0
2024-09-28 04:00:00,318842.0,24.0,False,24.0
2024-09-28 05:00:00,318868.0,26.0,False,26.0
2024-09-28 06:00:00,318891.0,23.0,False,23.0
2024-09-28 07:00:00,318914.0,23.0,False,23.0
2024-09-28 08:00:00,318939.0,25.0,False,25.0
2024-09-28 09:00:00,318960.0,21.0,False,21.0
2024-09-28 10:00:00,318987.0,27.0,False,27.0
2024-09-28 11:00:00,319012.0,25.0,False,25.0
2024-09-28 12:00:00,319039.0,27.0,False,27.0
2024-09-28 13:00:00,319064.0,25.0,False,25.0
2024-09-28 14:00:00,319091.0,27.0,False,27.0
2024-09-28 15:00:00,319120.0,29.0,False,29.0
2024-09-28 16:00:00,319154.0,34.0,False,34.0
2024-09-28 17:00:00,319191.0,37.0,False,37.0
2024-09-28 18:00:00,319230.0,39.0,False,39.0
2024-09-28 19:00:00,319267.0,37.0,False,37.0
2024-09-28 20:00:00,319296.0,29.0,False,29.0
2024-09-28 21:00:00,319323.0,27.0,False,27.0
2024-09-28 22:00:00,319349.0,26.0,False,26.0
2024-09-28 23:00:00,319374.0,25.0,False,25.0
2024-09-29 00:00:00,319394.0,20.0,False,20.0
2024-09-29 01:00:00,319411.0,17.0,False,17.0
2024-09-29 02:00:00,319429.0,18.0,False,18.0
2024-09-29 03:00:00,319446.0,17.0,False,17.0
2024-09-29 04:00:00,319462.0,16.0,False,16.0
2024-09-29 05:00:00,319478.0,16.0,False,16.0
2024-09-29 06:00:00,319493.0,15.0,False,15.0
2024-09-29 07:00:00,319509.0,16.0,False,16.0
2024-09-29 08:00:00,319526.0,17.0,False,17.0
2024-09-29 09:00:00,319550.0,24.0,False,24.0
2024-09-29 10:00:00,319578.0,28.0,False,28.0
2024-09-29 11:00:00,319610.0,32.0,False,32.0
2024-09-29 12:00:00,319641.0,31.0,False,31.0
2024-09-29 13:00:00,319674.0,33.0,False,33.0
2024-09-29 14:00:00,319711.0,37.0,False,37.0
2024-09-29 15:00:00,319749.0,38.0,False,38.0
2024-09-29 16:00:00,319791.0,42.0,False,42.0
2024-09-29 17:00:00,319827.0,36.0,False,36.0
2024-09-29 18:00:00,,,False,54.0
2024-09-29 19:00:00,319879.0,,False,44.43
2024-09-29 20:00:00,319903.0,24.0,False,24.0
2024-09-29 21:00:00,319922.0,19.0,False,19.0
2024-09-29 22:00:00,319941.0,19.0,False,19.0
2024-09-29 23:00:00,319958.0,17.0,False,17.0
2024-09-30 00:00:00,319975.0,17.0,False,17.0
2024-09-30 01:00:00,319990.0,15.0,False,15.0
2024-09-30 02:00:00,320006.0,16.0,False,16.0
2024-09-30 03:00:00,320021.0,15.0,False,15.0
2024-09-30 04:00:00,320035.0,14.0,False,14.0
2024-09-30 05:00:00,320050.0,15.0,False,15.0
2024-09-30 06:00:00,320064.0,14.0,False,14.0
2024-09-30 07:00:00,320079.0,15.0,False,15.0
2024-09-30 08:00:00,320096.0,17.0,False,17.0
2024-09-30 09:00:00,320119.0,23.0,False,23.0
2024-09-30 10:00:00,320144.0,25.0,False,25.0
2024-09-30 11:00:00,,,False,39.71
2024-09-30 12:00:00,320197.0,,False,40.86
2024-09-30 13:00:00,320223.0,26.0,False,26.0
2024-09-30 14:00:00,320250.0,27.0,False,27.0
2024-09-30 15:00:00,320281.0,31.0,False,31.0
2024-09-30 16:00:00,320313.0,32.0,False,32.0
2024-09-30 17:00:00,320341.0,28.0,False,28.0
2024-09-30 18:00:00,320365.0,24.0,False,24.0
2024-09-30 19:00:00,320388.0,23.0,False,23.0
2024-09-30 20:00:00,320409.0,21.0,False,21.0
2024-09-30 21:00:00,320428.0,19.0,False,19.0
2024-09-30 22:00:00,320446.0,18.0,False,18.0
2024-09-30 23:00:00,320463.0,17.0,False,17.0
2024-10-01 00:00:00,320478.0,15.0,False,15.0
2024-10-01 01:00:00,320493.0,15.0,False,15.0
2024-10-01 02:00:00,320508.0,15.0,False,15.0
2024-10-01 03:00:00,320522.0,14.0,False,14.0
2024-10-01 04:00:00,320536.0,14.0,False,14.0
2024-10-01 05:00:00,320550.0,14.0,False,14.0
2024-10-01 06:00:00,320563.0,13.0,False,13.0
2024-10-01 07:00:00,320576.0,13.0,False,13.0
2024-10-01 08:00:00,320590.0,14.0,False,14.0
2024-10-01 09:00:00,320606.0,16.0,False,16.0
2024-10-01 10:00:00,320624.0,18.0,False,18.0
2024-10-01 11:00:00,320641.0,17.0,False,17.0
2024-10-01 12:00:00,320659.0,18.0,False,18.0
2024-10-01 13:00:00,320675.0,16.0,False,16.0
2024-10-01 14:00:00,320692.0,17.0,False,17.0
2024-10-01 15:00:00,320710.0,18.0,False,18.0
2024-10-01 16:00:00,320727.0,17.0,False,17.0
2024-10-01 17:00:00,320746.0,19.0,False,19.0
2024-10-01 18:00:00,320767.0,21.0,False,21.0
2024-10-01 19:00:00,320791.0,24.0,False,24.0
2024-10-01 20:00:00,320817.0,26.0,False,26.0
2024-10-01 21:00:00,320841.0,24.0,False,24.0
2024-10-01 22:00:00,320865.0,24.0,False,24.0
2024-10-01 23:00:00,320881.0,16.0,False,16.0
2024-10-02 00:00:00,320898.0,17.0,False,17.0
2024-10-02 01:00:00,320914.0,16.0,False,16.0
2024-10-02 02:00:00,320929.0,15.0,False,15.0
2024-10-02 03:00:00,320941.0,12.0,False,12.0
2024-10-02 04:00:00,320954.0,13.0,False,13.0
2024-10-02 05:00:00,320967.0,13.0,False,13.0
2024-10-02 06:00:00,320980.0,13.0,False,13.0
2024-10-02 07:00:00,320992.0,12.0,False,12.0
2024-10-02 08:00:00,321006.0,14.0,False,14.0
2024-10-02 09:00:00,321021.0,15.0,False,15.0
2024-10-02 10:00:00,321035.0,14.0,False,14.0
2024-10-02 11:00:00,321053.0,18.0,False,18.0
2024-10-02 12:00:00,321073.0,20.0,False,20.0
2024-10-02 13:00:00,321091.0,18.0,False,18.0
2024-10-02 14:00:00,321107.0,16.0,False,16.0
2024-10-02 15:00:00,321123.0,16.0,False,16.0
2024-10-02 16:00:00,321140.0,17.0,False,17.0
2024-10-02 17:00:00,321156.0,16.0,False,16.0
2024-10-02 18:00:00,321176.0,20.0,False,20.0
2024-10-02 19:00:00,321201.0,25.0,False,25.0
2024-10-02 20:00:00,321224.0,23.0,False,23.0
2024-10-02 21:00:00,321248.0,24.0,False,24.0
2024-10-02 22:00:00,321271.0,23.0,False,23.0
2024-10-02 23:00:00,321289.0,18.0,False,18.0
2024-10-03 00:00:00,321305.0,16.0,False,16.0
2024-10-03 01:00:00,321318.0,13.0,False,13.0
2024-10-03 02:00:00,321331.0,13.0,False,13.0
2024-10-03 03:00:00,321343.0,12.0,False,12.0
2024-10-03 04:00:00,321356.0,13.0,False,13.0
2024-10-03 05:00:00,321368.0,12.0,False,12.0
2024-10-03 06:00:00,321380.0,12.0,False,12.0
2024-10-03 07:00:00,321393.0,13.0,False,13.0
2024-10-03 08:00:00,321407.0,14.0,False,14.0
2024-10-03 09:00:00,321421.0,14.0,False,14.0
2024-10-03 10:00:00,321437.0,16.0,False,16.0
2024-10-03 11:00:00,321453.0,16.0,False,16.0
2024-10-03 12:00:00,321471.0,18.0,False,18.0
2024-10-03 13:00:00,321490.0,19.0,False,19.0
2024-10-03 14:00:00,321506.0,16.0,False,16.0
2024-10-03 15:00:00,321524.0,18.0,False,18.0
2024-10-03 16:00:00,321542.0,18.0,False,18.0
2024-10-03 17:00:00,321559.0,17.0,False,17.0
2024-10-03 18:00:00,321577.0,18.0,False,18.0
2024-10-03 19:00:00,321600.0,23.0,False,23.0
2024-10-03 20:00:00,321624.0,24.0,False,24.0
2024-10-03 21:00:00,321648.0,24.0,False,24.0
2024-10-03 22:00:00,321671.0,23.0,False,23.0
2024-10-03 23:00:00,321686.0,15.0,False,15.0
2024-10-04 00:00:00,321702.0,16.0,False,16.0
2024-10-04 01:00:00,321716.0,14.0,False,14.0
2024-10-04 02:00:00,321730.0,14.0,False,14.0
2024-10-04 03:00:00,321743.0,13.0,False,13.0
2024-10-04 04:00:00,321756.0,13.0,False,13.0
2024-10-04 05:00:00,321769.0,13.0,False,13.0
2024-10-04 06:00:00,321782.0,13.0,False,13.0
2024-10-04 07:00:00,321795.0,13.0,False,13.0
2024-10-04 08:00:00,321808.0,13.0,False,13.0
2024-10-04 09:00:00,321822.0,14.0,False,14.0
2024-10-04 10:00:00,321837.0,15.0,False,15.0
2024-10-04 11:00:00,321852.0,15.0,False,15.0
2024-10-04 12:00:00,321869.0,17.0,False,17.0
2024-10-04 13:00:00,321885.0,16.0,False,16.0
2024-10-04 14:00:00,321901.0,16.0,False,16.0
2024-10-04 15:00:00,321918.0,17.0,False,17.0
2024-10-04 16:00:00,321934.0,16.0,False,16.0
2024-10-04 17:00:00,321950.0,16.0,False,16.0
2024-10-04 18:00:00,321966.0,16.0,False,16.0
2024-10-04 19:00:00,321981.0,15.0,False,15.0
2024-10-04 20:00:00,321996.0,15.0,False,15.0
2024-10-04 21:00:00,322010.0,14.0,False,14.0
2024-10-04 22:00:00,322026.0,16.0,False,16.0
2024-10-04 23:00:00,322042.0,16.0,False,16.0
2024-10-05 00:00:00,322058.0,16.0,False,16.0
2024-10-05 01:00:00,322072.0,14.0,False,14.0
2024-10-05 02:00:00,322085.0,13.0,False,13.0
2024-10-05 03:00:00,322098.0,13.0,False,13.0
2024-10-05 04:00:00,322111.0,13.0,False,13.0
2024-10-05 05:00:00,322124.0,13.0,False,13.0
2024-10-05 06:00:00,322137.0,13.0,False,13.0
2024-10-05 07:00:00,322150.0,13.0,False,13.0
2024-10-05 08:00:00,322164.0,14.0,False,14.0
2024-10-05 09:00:00,322178.0,14.0,False,14.0
2024-10-05 10:00:00,322193.0,15.0,False,15.0
2024-10-05 11:00:00,322208.0,15.0,False,15.0
2024-10-05 12:00:00,322223.0,15.0,False,15.0
2024-10-05 13:00:00,322239.0,16.0,False,16.0
2024-10-05 14:00:00,322254.0,15.0,False,15.0
2024-10-05 15:00:00,322269.0,15.0,False,15.0
2024-10-05 16:00:00,322285.0,16.0,False,16.0
2024-10-05 17:00:00,322301.0,16.0,False,16.0
2024-10-05 18:00:00,322320.0,19.0,False,19.0
2024-10-05 19:00:00,322343.0,23.0,False,23.0
2024-10-05 20:00:00,322367.0,24.0,False,24.0
2024-10-05 21:00:00,322390.0,23.0,False,23.0
2024-10-05 22:00:00,322411.0,21.0,False,21.0
2024-10-05 23:00:00,322427.0,16.0,False,16.0
2024-10-06 00:00:00,322442.0,15.0,False,15.0
2024-10-06 01:00:00,322456.0,14.0,False,14.0
2024-10-06 02:00:00,322470.0,14.0,False,14.0
2024-10-06 03:00:00,322483.0,13.0,False,13.0
2024-10-06 04:00:00,322496.0,13.0,False,13.0
2024-10-06 05:00:00,322509.0,13.0,False,13.0
2024-10-06 06:00:00,322522.0,13.0,False,13.0
2024-10-06 07:00:00,322536.0,14.0,False,14.0
2024-10-06 08:00:00,322549.0,13.0,False,13.0
2024-10-06 09:00:00,322563.0,14.0,False,14.0
2024-10-06 10:00:00,322579.0,16.0,False,16.0
2024-10-06 11:00:00,322594.0,15.0,False,15.0
2024-10-06 12:00:00,322610.0,16.0,False,16.0
2024-10-06 13:00:00,322626.0,16.0,False,16.0
2024-10-06 14:00:00,322640.0,14.0,False,14.0
2024-10-06 15:00:00,322655.0,15.0,False,15.0
2024-10-06 16:00:00,322671.0,16.0,False,16.0
2024-10-06 17:00:00,322688.0,17.0,False,17.0
2024-10-06 18:00:00,322705.0,17.0,False,17.0
2024-10-06 19:00:00,322728.0,23.0,False,23.0
2024-10-06 20:00:00,322753.0,25.0,False,25.0
2024-10-06 21:00:00,322777.0,24.0,False,24.0
2024-10-06 22:00:00,322799.0,22.0,False,22.0
2024-10-06 23:00:00,322815.0,16.0,False,16.0
2024-10-07 00:00:00,322830.0,15.0,False,15.0
2024-10-07 01:00:00,322844.0,14.0,False,14.0
2024-10-07 02:00:00,322857.0,13.0,False,13.0
2024-10-07 03:00:00,322870.0,13.0,False,13.0
2024-10-07 04:00:00,322883.0,13.0,False,13.0
2024-10-07 05:00:00,322896.0,13.0,False,13.0
2024-10-07 06:00:00,322909.0,13.0,False,13.0
2024-10-07 07:00:00,322922.0,13.0,False,13.0
2024-10-07 08:00:00,322936.0,14.0,False,14.0
2024-10-07 09:00:00,322951.0,15.0,False,15.0
2024-10-07 10:00:00,322967.0,16.0,False,16.0
2024-10-07 11:00:00,322986.0,19.0,False,19.0
2024-10-07 12:00:00,323004.0,18.0,False,18.0
2024-10-07 13:00:00,323022.0,18.0,False,18.0
2024-10-07 14:00:00,323044.0,22.0,False,22.0
2024-10-07 15:00:00,323068.0,24.0,False,24.0
2024-10-07 16:00:00,323094.0,26.0,False,26.0
2024-10-07 17:00:00,323116.0,22.0,False,22.0
2024-10-07 18:00:00,323133.0,17.0,False,17.0
2024-10-07 19:00:00,323150.0,17.0,False,17.0
2024-10-07 20:00:00,323170.0,20.0,False,20.0
2024-10-07 21:00:00,323189.0,19.0,False,19.0
2024-10-07 22:00:00,323208.0,19.0,False,19.0
2024-10-07 23:00:00,323223.0,15.0,False,15.0
2024-10-08 00:00:00,323239.0,16.0,False,16.0
2024-10-08 01:00:00,323254.0,15.0,False,15.0
2024-10-08 02:00:00,323267.0,13.0,False,13.0
2024-10-08 03:00:00,323280.0,13.0,False,13.0
2024-10-08 04:00:00,323294.0,14.0,False,14.0
2024-10-08 05:00:00,323306.0,12.0,False,12.0
2024-10-08 06:00:00,323319.0,13.0,False,13.0
2024-10-08 07:00:00,323333.0,14.0,False,14.0
2024-10-08 08:00:00,323349.0,16.0,False,16.0
2024-10-08 09:00:00,323375.0,26.0,False,26.0
2024-10-08 10:00:00,323400.0,25.0,False,25.0
2024-10-08 11:00:00,323426.0,26.0,False,26.0
2024-10-08 12:00:00,323454.0,28.0,False,28.0
2024-10-08 13:00:00,,,False,17.0
2024-10-08 14:00:00,323514.0,,False,16.57
2024-10-08 15:00:00,323552.0,38.0,False,38.0
2024-10-08 16:00:00,323591.0,39.0,False,39.0
2024-10-08 17:00:00,323625.0,34.0,False,34.0
2024-10-08 18:00:00,323657.0,32.0,False,32.0
2024-10-08 19:00:00,323679.0,22.0,False,22.0
2024-10-08 20:00:00,323699.0,20.0,False,20.0
2024-10-08 21:00:00,323719.0,20.0,False,20.0
2024-10-08 22:00:00,323739.0,20.0,False,20.0
2024-10-08 23:00:00,323759.0,20.0,False,20.0
2024-10-09 00:00:00,323775.0,16.0,False,16.0
2024-10-09 01:00:00,323790.0,15.0,False,15.0
2024-10-09 02:00:00,323804.0,14.0,False,14.0
2024-10-09 03:00:00,323819.0,15.0,False,15.0
2024-10-09 04:00:00,323833.0,14.0,False,14.0
2024-10-09 05:00:00,323847.0,14.0,False,14.0
2024-10-09 06:00:00,323862.0,15.0,False,15.0
2024-10-09 07:00:00,323876.0,14.0,False,14.0
2024-10-09 08:00:00,323892.0,16.0,False,16.0
2024-10-09 09:00:00,323916.0,24.0,False,24.0
2024-10-09 10:00:00,323943.0,27.0,False,27.0
2024-10-09 11:00:00,323973.0,30.0,False,30.0
2024-10-09 12:00:00,324002.0,29.0,False,29.0
2024-10-09 13:00:00,324029.0,27.0,False,27.0
2024-10-09 14:00:00,324054.0,25.0,False,25.0
2024-10-09 15:00:00,324085.0,31.0,False,31.0
2024-10-09 16:00:00,324113.0,28.0,False,28.0
2024-10-09 17:00:00,324140.0,27.0,False,27.0
2024-10-09 18:00:00,324165.0,25.0,False,25.0
2024-10-09 19:00:00,324186.0,21.0,False,21.0
2024-10-09 20:00:00,324205.0,19.0,False,19.0
2024-10-09 21:00:00,324224.0,19.0,False,19.0
2024-10-09 22:00:00,324243.0,19.0,False,19.0
2024-10-09 23:00:00,324260.0,17.0,False,17.0
2024-10-10 00:00:00,324275.0,15.0,False,15.0
2024-10-10 01:00:00,324288.0,13.0,False,13.0
2024-10-10 02:00:00,324302.0,14.0,False,14.0
2024-10-10 03:00:00,,,False,13.14
2024-10-10 04:00:00,324328.0,,False,13.29
2024-10-10 05:00:00,324341.0,13.0,False,13.0
2024-10-10 06:00:00,324354.0,13.0,False,13.0
2024-10-10 07:00:00,324367.0,13.0,False,13.0
2024-10-10 08:00:00,324383.0,16.0,False,16.0
2024-10-10 09:00:00,324406.0,23.0,False,23.0
2024-10-10 10:00:00,324432.0,26.0,False,26.0
2024-10-10 11:00:00,324457.0,25.0,False,25.0
2024-10-10 12:00:00,324483.0,26.0,False,26.0
2024-10-10 13:00:00,324508.0,25.0,False,25.0
2024-10-10 14:00:00,324533.0,25.0,False,25.0
2024-10-10 15:00:00,324558.0,25.0,False,25.0
2024-10-10 16:00:00,,,False,22.71
2024-10-10 17:00:00,324611.0,,False,21.29
2024-10-10 18:00:00,324639.0,28.0,False,28.0
2024-10-10 19:00:00,324661.0,22.0,False,22.0
2024-10-10 20:00:00,324680.0,19.0,False,19.0
2024-10-10 21:00:00,324699.0,19.0,False,19.0
2024-10-10 22:00:00,324716.0,17.0,False,17.0
2024-10-10 23:00:00,324732.0,16.0,False,16.0
2024-10-11 00:00:00,324745.0,13.0,False,13.0
2024-10-11 01:00:00,324757.0,12.0,False,12.0
2024-10-11 02:00:00,324769.0,12.0,False,12.0
2024-10-11 03:00:00,324781.0,12.0,False,12.0
2024-10-11 04:00:00,324793.0,12.0,False,12.0
2024-10-11 05:00:00,324804.0,11.0,False,11.0
2024-10-11 06:00:00,324815.0,11.0,False,11.0
2024-10-11 07:00:00,324826.0,11.0,False,11.0
2024-10-11 08:00:00,324838.0,12.0,False,12.0
2024-10-11 09:00:00,324858.0,20.0,False,20.0
2024-10-11 10:00:00,324880.0,22.0,False,22.0
2024-10-11 11:00:00,324901.0,21.0,False,21.0
2024-10-11 12:00:00,324923.0,22.0,False,22.0
2024-10-11 13:00:00,324941.0,18.0,False,18.0
2024-10-11 14:00:00,324958.0,17.0,False,17.0
2024-10-11 15:00:00,324980.0,22.0,False,22.0
2024-10-11 16:00:00,325007.0,27.0,False,27.0
2024-10-11 17:00:00,325033.0,26.0,False,26.0
2024-10-11 18:00:00,325057.0,24.0,False,24.0
2024-10-11 19:00:00,325076.0,19.0,False,19.0
2024-10-11 20:00:00,325091.0,15.0,False,15.0
2024-10-11 21:00:00,325107.0,16.0,False,16.0
2024-10-11 22:00:00,325124.0,17.0,False,17.0
2024-10-11 23:00:00,325139.0,15.0,False,15.0
2024-10-12 00:00:00,325152.0,13.0,False,13.0
2024-10-12 01:00:00,325163.0,11.0,False,11.0
2024-10-12 02:00:00,325175.0,12.0,False,12.0
2024-10-12 03:00:00,325186.0,11.0,False,11.0
2024-10-12 04:00:00,325197.0,11.0,False,11.0
2024-10-12 05:00:00,325208.0,11.0,False,11.0
2024-10-12 06:00:00,325220.0,12.0,False,12.0
2024-10-12 07:00:00,325231.0,11.0,False,11.0
2024-10-12 08:00:00,325244.0,13.0,False,13.0
2024-10-12 09:00:00,325265.0,21.0,False,21.0
2024-10-12 10:00:00,325288.0,23.0,False,23.0
2024-10-12 11:00:00,325311.0,23.0,False,23.0
2024-10-12 12:00:00,325335.0,24.0,False,24.0
2024-10-12 13:00:00,325357.0,22.0,False,22.0
2024-10-12 14:00:00,325379.0,22.0,False,22.0
2024-10-12 15:00:00,325406.0,27.0,False,27.0
2024-10-12 16:00:00,325431.0,25.0,False,25.0
2024-10-12 17:00:00,325464.0,33.0,False,33.0
2024-10-12 18:00:00,325501.0,37.0,False,37.0
2024-10-12 19:00:00,325530.0,29.0,False,29.0
2024-10-12 20:00:00,325555.0,25.0,False,25.0
2024-10-12 21:00:00,325576.0,21.0,False,21.0
2024-10-12 22:00:00,325595.0,19.0,False,19.0
2024-10-12 23:00:00,325612.0,17.0,False,17.0
2024-10-13 00:00:00,325626.0,14.0,False,14.0
2024-10-13 01:00:00,325639.0,13.0,False,13.0
2024-10-13 02:00:00,325650.0,11.0,False,11.0
2024-10-13 03:00:00,325662.0,12.0,False,12.0
2024-10-13 04:00:00,325673.0,11.0,False,11.0
2024-10-13 05:00:00,325685.0,12.0,False,12.0
2024-10-13 06:00:00,325697.0,12.0,False,12.0
2024-10-13 07:00:00,325708.0,11.0,False,11.0
2024-10-13 08:00:00,325722.0,14.0,False,14.0
2024-10-13 09:00:00,325735.0,13.0,False,13.0
2024-10-13 10:00:00,325749.0,14.0,False,14.0
2024-10-13 11:00:00,325764.0,15.0,False,15.0
2024-10-13 12:00:00,325785.0,21.0,False,21.0
2024-10-13 13:00:00,325808.0,23.0,False,23.0
2024-10-13 14:00:00,325834.0,26.0,False,26.0
2024-10-13 15:00:00,325860.0,26.0,False,26.0
2024-10-13 16:00:00,325883.0,23.0,False,23.0
2024-10-13 17:00:00,325903.0,20.0,False,20.0
2024-10-13 18:00:00,325924.0,21.0,False,21.0
2024-10-13 19:00:00,325943.0,19.0,False,19.0
2024-10-13 20:00:00,325962.0,19.0,False,19.0
2024-10-13 21:00:00,325979.0,17.0,False,17.0
2024-10-13 22:00:00,325995.0,16.0,False,16.0
2024-10-13 23:00:00,326011.0,16.0,False,16.0
2024-10-14 00:00:00,326025.0,14.0,False,14.0
2024-10-14 01:00:00,326037.0,12.0,False,12.0
2024-10-14 02:00:00,326049.0,12.0,False,12.0
2024-10-14 03:00:00,326060.0,11.0,False,11.0
2024-10-14 04:00:00,326071.0,11.0,False,11.0
2024-10-14 05:00:00,326083.0,12.0,False,12.0
2024-10-14 06:00:00,326094.0,11.0,False,11.0
2024-10-14 07:00:00,326105.0,11.0,False,11.0
2024-10-14 08:00:00,326118.0,13.0,False,13.0
2024-10-14 09:00:00,326138.0,20.0,False,20.0
2024-10-14 10:00:00,326161.0,23.0,False,23.0
2024-10-14 11:00:00,326186.0,25.0,False,25.0
2024-10-14 12:00:00,326213.0,27.0,False,27.0
2024-10-14 13:00:00,326242.0,29.0,False,29.0
2024-10-14 14:00:00,326270.0,28.0,False,28.0
2024-10-14 15:00:00,326315.0,45.0,True,27.57
2024-10-14 16:00:00,326360.0,45.0,True,28.0
2024-10-14 17:00:00,326387.0,27.0,False,27.0
2024-10-14 18:00:00,326411.0,24.0,False,24.0
2024-10-14 19:00:00,326431.0,20.0,False,20.0
2024-10-14 20:00:00,326451.0,20.0,False,20.0
2024-10-14 21:00:00,326470.0,19.0,False,19.0
2024-10-14 22:00:00,326489.0,19.0,False,19.0
2024-10-14 23:00:00,326506.0,17.0,False,17.0
2024-10-15 00:00:00,326520.0,14.0,False,14.0
2024-10-15 01:00:00,326533.0,13.0,False,13.0
2024-10-15 02:00:00,326545.0,12.0,False,12.0
2024-10-15 03:00:00,326557.0,12.0,False,12.0
2024-10-15 04:00:00,326569.0,12.0,False,12.0
2024-10-15 05:00:00,326581.0,12.0,False,12.0
2024-10-15 06:00:00,326593.0,12.0,False,12.0
2024-10-15 07:00:00,326605.0,12.0,False,12.0
2024-10-15 08:00:00,326619.0,14.0,False,14.0
2024-10-15 09:00:00,326642.0,23.0,False,23.0
2024-10-15 10:00:00,326669.0,27.0,False,27.0
2024-10-15 11:00:00,326696.0,27.0,False,27.0
2024-10-15 12:00:00,326726.0,30.0,False,30.0
2024-10-15 13:00:00,326762.0,36.0,True,24.0
2024-10-15 14:00:00,326802.0,40.0,True,23.83
2024-10-15 15:00:00,326854.0,52.0,True,28.17
2024-10-15 16:00:00,326898.0,44.0,True,28.4
2024-10-15 17:00:00,326935.0,37.0,True,27.83
2024-10-15 18:00:00,326974.0,39.0,True,27.29
2024-10-15 19:00:00,327003.0,29.0,False,29.0
2024-10-15 20:00:00,327027.0,24.0,False,24.0
2024-10-15 21:00:00,327051.0,24.0,False,24.0
2024-10-15 22:00:00,327073.0,22.0,False,22.0
2024-10-15 23:00:00,327093.0,20.0,False,20.0
2024-10-16 00:00:00,327112.0,19.0,False,19.0
2024-10-16 01:00:00,327129.0,17.0,False,17.0
2024-10-16 02:00:00,327146.0,17.0,False,17.0
2024-10-16 03:00:00,327162.0,16.0,False,16.0
2024-10-16 04:00:00,327179.0,17.0,False,17.0
2024-10-16 05:00:00,327196.0,17.0,False,17.0
2024-10-16 06:00:00,327212.0,16.0,False,16.0
2024-10-16 07:00:00,327229.0,17.0,False,17.0
2024-10-16 08:00:00,327247.0,18.0,False,18.0
2024-10-16 09:00:00,327273.0,26.0,False,26.0
2024-10-16 10:00:00,327299.0,26.0,False,26.0
2024-10-16 11:00:00,327325.0,26.0,False,26.0
2024-10-16 12:00:00,327353.0,28.0,False,28.0
2024-10-16 13:00:00,327379.0,26.0,False,26.0
2024-10-16 14:00:00,327403.0,24.0,False,24.0
2024-10-16 15:00:00,327430.0,27.0,False,27.0
2024-10-16 16:00:00,327460.0,30.0,False,30.0
2024-10-16 17:00:00,327490.0,30.0,False,30.0
2024-10-16 18:00:00,327516.0,26.0,False,26.0
2024-10-16 19:00:00,327540.0,24.0,False,24.0
2024-10-16 20:00:00,327562.0,22.0,False,22.0
2024-10-16 21:00:00,327584.0,22.0,False,22.0
2024-10-16 22:00:00,327604.0,20.0,False,20.0
2024-10-16 23:00:00,327624.0,20.0,False,20.0
2024-10-17 00:00:00,327643.0,19.0,False,19.0
2024-10-17 01:00:00,327660.0,17.0,False,17.0
2024-10-17 02:00:00,327676.0,16.0,False,16.0
2024-10-17 03:00:00,327691.0,15.0,False,15.0
2024-10-17 04:00:00,327705.0,14.0,False,14.0
2024-10-17 05:00:00,327720.0,15.0,False,15.0
2024-10-17 06:00:00,327735.0,15.0,False,15.0
2024-10-17 07:00:00,327749.0,14.0,False,14.0
2024-10-17 08:00:00,327766.0,17.0,False,17.0
2024-10-17 09:00:00,327790.0,24.0,False,24.0
2024-10-17 10:00:00,327815.0,25.0,False,25.0
2024-10-17 11:00:00,327839.0,24.0,False,24.0
2024-10-17 12:00:00,327863.0,24.0,False,24.0
2024-10-17 13:00:00,327885.0,22.0,False,22.0
2024-10-17 14:00:00,327904.0,19.0,False,19.0
2024-10-17 15:00:00,327929.0,25.0,False,25.0
2024-10-17 16:00:00,327955.0,26.0,False,26.0
2024-10-17 17:00:00,327986.0,31.0,True,27.2
2024-10-17 18:00:00,328016.0,30.0,True,26.67
2024-10-17 19:00:00,328040.0,24.0,False,24.0
2024-10-17 20:00:00,328062.0,22.0,False,22.0
2024-10-17 21:00:00,328084.0,22.0,False,22.0
2024-10-17 22:00:00,328104.0,20.0,False,20.0
2024-10-17 23:00:00,328121.0,17.0,False,17.0
2024-10-18 00:00:00,328136.0,15.0,False,15.0
2024-10-18 01:00:00,328150.0,14.0,False,14.0
2024-10-18 02:00:00,328164.0,14.0,False,14.0
2024-10-18 03:00:00,328178.0,14.0,False,14.0
2024-10-18 04:00:00,328192.0,14.0,False,14.0
2024-10-18 05:00:00,328206.0,14.0,False,14.0
2024-10-18 06:00:00,328219.0,13.0,False,13.0
2024-10-18 07:00:00,328234.0,15.0,False,15.0
2024-10-18 08:00:00,328250.0,16.0,False,16.0
2024-10-18 09:00:00,328271.0,21.0,False,21.0
2024-10-18 10:00:00,328294.0,23.0,False,23.0
2024-10-18 11:00:00,328319.0,25.0,False,25.0
2024-10-18 12:00:00,328343.0,24.0,False,24.0
2024-10-18 13:00:00,328364.0,21.0,False,21.0
2024-10-18 14:00:00,328384.0,20.0,False,20.0
2024-10-18 15:00:00,328409.0,25.0,False,25.0
2024-10-18 16:00:00,328433.0,24.0,False,24.0
2024-10-18 17:00:00,328456.0,23.0,False,23.0
2024-10-18 18:00:00,328476.0,20.0,False,20.0
2024-10-18 19:00:00,328495.0,19.0,False,19.0
2024-10-18 20:00:00,328513.0,18.0,False,18.0
2024-10-18 21:00:00,328529.0,16.0,False,16.0
2024-10-18 22:00:00,328545.0,16.0,False,16.0
2024-10-18 23:00:00,328560.0,15.0,False,15.0
2024-10-19 00:00:00,328574.0,14.0,False,14.0
2024-10-19 01:00:00,328586.0,12.0,False,12.0
2024-10-19 02:00:00,328599.0,13.0,False,13.0
2024-10-19 03:00:00,328611.0,12.0,False,12.0
2024-10-19 04:00:00,328622.0,11.0,False,11.0
2024-10-19 05:00:00,328634.0,12.0,False,12.0
2024-10-19 06:00:00,328646.0,12.0,False,12.0
2024-10-19 07:00:00,328658.0,12.0,False,12.0
2024-10-19 08:00:00,328670.0,12.0,False,12.0
2024-10-19 09:00:00,328683.0,13.0,False,13.0
2024-10-19 10:00:00,328696.0,13.0,False,13.0
2024-10-19 11:00:00,328711.0,15.0,False,15.0
2024-10-19 12:00:00,328728.0,17.0,False,17.0
2024-10-19 13:00:00,328743.0,15.0,False,15.0
2024-10-19 14:00:00,328759.0,16.0,False,16.0
2024-10-19 15:00:00,328775.0,16.0,False,16.0
2024-10-19 16:00:00,328791.0,16.0,False,16.0
2024-10-19 17:00:00,328806.0,15.0,False,15.0
2024-10-19 18:00:00,328822.0,16.0,False,16.0
2024-10-19 19:00:00,328839.0,17.0,False,17.0
2024-10-19 20:00:00,328856.0,17.0,False,17.0
2024-10-19 21:00:00,328879.0,23.0,False,23.0
2024-10-19 22:00:00,328900.0,21.0,False,21.0
2024-10-19 23:00:00,328914.0,14.0,False,14.0
2024-10-20 00:00:00,328927.0,13.0,False,13.0
2024-10-20 01:00:00,328938.0,11.0,False,11.0
2024-10-20 02:00:00,328950.0,12.0,False,12.0
2024-10-20 03:00:00,328961.0,11.0,False,11.0
2024-10-20 04:00:00,328972.0,11.0,False,11.0
2024-10-20 05:00:00,328983.0,11.0,False,11.0
2024-10-20 06:00:00,328993.0,10.0,False,10.0
2024-10-20 07:00:00,329005.0,12.0,False,12.0
2024-10-20 08:00:00,329017.0,12.0,False,12.0
2024-10-20 09:00:00,329029.0,12.0,False,12.0
2024-10-20 10:00:00,329042.0,13.0,False,13.0
2024-10-20 11:00:00,329057.0,15.0,False,15.0
2024-10-20 12:00:00,329072.0,15.0,False,15.0
2024-10-20 13:00:00,329088.0,16.0,False,16.0
2024-10-20 14:00:00,329103.0,15.0,False,15.0
2024-10-20 15:00:00,329118.0,15.0,False,15.0
2024-10-20 16:00:00,329134.0,16.0,False,16.0
2024-10-20 17:00:00,329151.0,17.0,False,17.0
2024-10-20 18:00:00,329169.0,18.0,False,18.0
2024-10-20 19:00:00,329186.0,17.0,False,17.0
2024-10-20 20:00:00,329201.0,15.0,False,15.0
2024-10-20 21:00:00,329215.0,14.0,False,14.0
2024-10-20 22:00:00,329234.0,19.0,False,19.0
2024-10-20 23:00:00,329254.0,20.0,False,20.0
2024-10-21 00:00:00,329270.0,16.0,False,16.0
2024-10-21 01:00:00,329284.0,14.0,False,14.0
2024-10-21 02:00:00,329298.0,14.0,False,14.0
2024-10-21 03:00:00,329312.0,14.0,False,14.0
2024-10-21 04:00:00,329326.0,14.0,False,14.0
2024-10-21 05:00:00,329339.0,13.0,False,13.0
2024-10-21 06:00:00,329353.0,14.0,False,14.0
2024-10-21 07:00:00,329365.0,12.0,False,12.0
2024-10-21 08:00:00,329379.0,14.0,False,14.0
2024-10-21 09:00:00,329403.0,24.0,False,24.0
2024-10-21 10:00:00,329429.0,26.0,False,26.0
2024-10-21 11:00:00,329463.0,34.0,True,22.43
2024-10-21 12:00:00,329496.0,33.0,True,23.57
2024-10-21 13:00:00,329525.0,29.0,False,29.0
2024-10-21 14:00:00,329553.0,28.0,False,28.0
2024-10-21 15:00:00,329586.0,33.0,True,21.6
2024-10-21 16:00:00,329621.0,35.0,True,22.4
2024-10-21 17:00:00,329671.0,50.0,True,22.4
2024-10-21 18:00:00,329729.0,58.0,True,20.8
2024-10-21 19:00:00,329775.0,46.0,True,21.43
2024-10-21 20:00:00,329810.0,35.0,True,19.71
2024-10-21 21:00:00,329836.0,26.0,False,26.0
2024-10-21 22:00:00,329861.0,25.0,False,25.0
2024-10-21 23:00:00,329885.0,24.0,False,24.0
2024-10-22 00:00:00,329904.0,19.0,False,19.0
2024-10-22 01:00:00,329920.0,16.0,False,16.0
2024-10-22 02:00:00,329936.0,16.0,False,16.0
2024-10-22 03:00:00,329953.0,17.0,False,17.0
2024-10-22 04:00:00,329969.0,16.0,False,16.0
2024-10-22 05:00:00,329985.0,16.0,False,16.0
2024-10-22 06:00:00,330001.0,16.0,False,16.0
2024-10-22 07:00:00,330017.0,16.0,False,16.0
2024-10-22 08:00:00,330035.0,18.0,False,18.0
2024-10-22 09:00:00,330061.0,26.0,False,26.0
2024-10-22 10:00:00,330088.0,27.0,False,27.0
2024-10-22 11:00:00,330116.0,28.0,False,28.0
2024-10-22 12:00:00,330143.0,27.0,False,27.0
2024-10-22 13:00:00,330168.0,25.0,False,25.0
2024-10-22 14:00:00,330190.0,22.0,False,22.0
2024-10-22 15:00:00,330230.0,40.0,True,21.6
2024-10-22 16:00:00,330266.0,36.0,True,22.4
2024-10-22 17:00:00,330303.0,37.0,True,21.25
2024-10-22 18:00:00,330338.0,35.0,True,20.0
2024-10-22 19:00:00,330361.0,23.0,False,23.0
2024-10-22 20:00:00,330382.0,21.0,False,21.0
2024-10-22 21:00:00,330401.0,19.0,False,19.0
2024-10-22 22:00:00,330420.0,19.0,False,19.0
2024-10-22 23:00:00,330436.0,16.0,False,16.0
2024-10-23 00:00:00,330448.0,12.0,False,12.0
2024-10-23 01:00:00,330459.0,11.0,False,11.0
2024-10-23 02:00:00,330469.0,10.0,False,10.0
2024-10-23 03:00:00,330480.0,11.0,False,11.0
2024-10-23 04:00:00,330490.0,10.0,False,10.0
2024-10-23 05:00:00,330501.0,11.0,False,11.0
2024-10-23 06:00:00,330511.0,10.0,False,10.0
2024-10-23 07:00:00,330521.0,10.0,False,10.0
2024-10-23 08:00:00,330533.0,12.0,False,12.0
2024-10-23 09:00:00,330553.0,20.0,False,20.0
2024-10-23 10:00:00,330582.0,29.0,False,29.0
2024-10-23 11:00:00,330618.0,36.0,False,36.0
2024-10-23 12:00:00,330653.0,35.0,False,35.0
2024-10-23 13:00:00,330684.0,31.0,False,31.0
2024-10-23 14:00:00,330714.0,30.0,False,30.0
2024-10-23 15:00:00,330746.0,32.0,False,32.0
2024-10-23 16:00:00,330778.0,32.0,False,32.0
2024-10-23 17:00:00,330814.0,36.0,False,36.0
2024-10-23 18:00:00,330847.0,33.0,False,33.0
2024-10-23 19:00:00,330874.0,27.0,False,27.0
2024-10-23 20:00:00,330911.0,37.0,True,19.17
2024-10-23 21:00:00,330952.0,41.0,True,20.29
2024-10-23 22:00:00,330971.0,19.0,False,19.0
2024-10-23 23:00:00,330986.0,15.0,False,15.0
2024-10-24 00:00:00,330998.0,12.0,False,12.0
2024-10-24 01:00:00,331010.0,12.0,False,12.0
2024-10-24 02:00:00,331021.0,11.0,False,11.0
2024-10-24 03:00:00,331032.0,11.0,False,11.0
2024-10-24 04:00:00,331043.0,11.0,False,11.0
2024-10-24 05:00:00,331054.0,11.0,False,11.0
2024-10-24 06:00:00,331065.0,11.0,False,11.0
2024-10-24 07:00:00,331076.0,11.0,False,11.0
2024-10-24 08:00:00,331090.0,14.0,False,14.0
2024-10-24 09:00:00,331114.0,24.0,False,24.0
2024-10-24 10:00:00,331143.0,29.0,False,29.0
2024-10-24 11:00:00,331171.0,28.0,False,28.0
2024-10-24 12:00:00,331201.0,30.0,False,30.0
2024-10-24 13:00:00,331227.0,26.0,False,26.0
2024-10-24 14:00:00,331251.0,24.0,False,24.0
2024-10-24 15:00:00,331277.0,26.0,False,26.0
2024-10-24 16:00:00,331306.0,29.0,False,29.0
2024-10-24 17:00:00,331346.0,40.0,True,22.75
2024-10-24 18:00:00,331384.0,38.0,True,21.75
2024-10-24 19:00:00,331409.0,25.0,False,25.0
2024-10-24 20:00:00,331432.0,23.0,False,23.0
2024-10-24 21:00:00,331453.0,21.0,False,21.0
2024-10-24 22:00:00,331474.0,21.0,False,21.0
2024-10-24 23:00:00,331494.0,20.0,False,20.0
2024-10-25 00:00:00,331512.0,18.0,False,18.0
2024-10-25 01:00:00,331527.0,15.0,False,15.0
2024-10-25 02:00:00,331541.0,14.0,False,14.0
2024-10-25 03:00:00,331555.0,14.0,False,14.0
2024-10-25 04:00:00,331569.0,14.0,False,14.0
2024-10-25 05:00:00,331584.0,15.0,False,15.0
2024-10-25 06:00:00,331599.0,15.0,False,15.0
2024-10-25 07:00:00,331614.0,15.0,False,15.0
2024-10-25 08:00:00,331629.0,15.0,False,15.0
2024-10-25 09:00:00,331651.0,22.0,False,22.0
2024-10-25 10:00:00,331679.0,28.0,False,28.0
2024-10-25 11:00:00,331714.0,35.0,True,24.5
2024-10-25 12:00:00,331746.0,32.0,False,32.0
2024-10-25 13:00:00,331777.0,31.0,False,31.0
2024-10-25 14:00:00,331808.0,31.0,False,31.0
2024-10-25 15:00:00,331846.0,38.0,True,22.8
2024-10-25 16:00:00,331883.0,37.0,True,23.4
2024-10-25 17:00:00,331916.0,33.0,True,22.75
2024-10-25 18:00:00,331947.0,31.0,False,31.0
2024-10-25 19:00:00,331970.0,23.0,False,23.0
2024-10-25 20:00:00,331992.0,22.0,False,22.0
2024-10-25 21:00:00,332014.0,22.0,False,22.0
2024-10-25 22:00:00,332034.0,20.0,False,20.0
2024-10-25 23:00:00,332051.0,17.0,False,17.0
2024-10-26 00:00:00,332065.0,14.0,False,14.0
2024-10-26 01:00:00,332078.0,13.0,False,13.0
2024-10-26 02:00:00,332090.0,12.0,False,12.0
2024-10-26 03:00:00,332101.0,11.0,False,11.0
2024-10-26 04:00:00,332112.0,11.0,False,11.0
2024-10-26 05:00:00,332124.0,12.0,False,12.0
2024-10-26 06:00:00,332135.0,11.0,False,11.0
2024-10-26 07:00:00,332146.0,11.0,False,11.0
2024-10-26 08:00:00,332159.0,13.0,False,13.0
2024-10-26 09:00:00,332175.0,16.0,False,16.0
2024-10-26 10:00:00,332191.0,16.0,False,16.0
2024-10-26 11:00:00,332210.0,19.0,False,19.0
2024-10-26 12:00:00,332227.0,17.0,False,17.0
2024-10-26 13:00:00,332246.0,19.0,False,19.0
2024-10-26 14:00:00,332265.0,19.0,False,19.0
2024-10-26 15:00:00,332285.0,20.0,False,20.0
2024-10-26 16:00:00,332303.0,18.0,False,18.0
2024-10-26 17:00:00,332321.0,18.0,False,18.0
2024-10-26 18:00:00,332340.0,19.0,False,19.0
2024-10-26 19:00:00,332357.0,17.0,False,17.0
2024-10-26 20:00:00,332372.0,15.0,False,15.0
2024-10-26 21:00:00,332388.0,16.0,False,16.0
2024-10-26 22:00:00,332405.0,17.0,False,17.0
2024-10-26 23:00:00,332421.0,16.0,False,16.0
2024-10-27 00:00:00,332437.0,16.0,False,16.0
2024-10-27 01:00:00,332451.0,14.0,False,14.0
2024-10-27 02:00:00,332464.0,13.0,False,13.0
2024-10-27 03:00:00,332477.0,13.0,False,13.0
2024-10-27 04:00:00,332490.0,13.0,False,13.0
2024-10-27 05:00:00,332502.0,12.0,False,12.0
2024-10-27 06:00:00,332513.0,11.0,False,11.0
2024-10-27 07:00:00,332524.0,11.0,False,11.0
2024-10-27 08:00:00,332536.0,12.0,False,12.0
2024-10-27 09:00:00,332549.0,13.0,False,13.0
2024-10-27 10:00:00,332563.0,14.0,False,14.0
2024-10-27 11:00:00,332578.0,15.0,False,15.0
2024-10-27 12:00:00,332594.0,16.0,False,16.0
2024-10-27 13:00:00,332610.0,16.0,False,16.0
2024-10-27 14:00:00,332625.0,15.0,False,15.0
2024-10-27 15:00:00,332642.0,17.0,False,17.0
2024-10-27 16:00:00,332658.0,16.0,False,16.0
2024-10-27 17:00:00,332674.0,16.0,False,16.0
2024-10-27 18:00:00,332690.0,16.0,False,16.0
2024-10-27 19:00:00,332706.0,16.0,False,16.0
2024-10-27 20:00:00,332722.0,16.0,False,16.0
2024-10-27 21:00:00,332739.0,17.0,False,17.0
2024-10-27 22:00:00,332757.0,18.0,False,18.0
2024-10-27 23:00:00,332772.0,15.0,False,15.0
2024-10-28 00:00:00,332785.0,13.0,False,13.0
2024-10-28 01:00:00,332797.0,12.0,False,12.0
2024-10-28 02:00:00,332809.0,12.0,False,12.0
2024-10-28 03:00:00,332820.0,11.0,False,11.0
2024-10-28 04:00:00,332832.0,12.0,False,12.0
2024-10-28 05:00:00,332843.0,11.0,False,11.0
2024-10-28 06:00:00,332855.0,12.0,False,12.0
2024-10-28 07:00:00,332866.0,11.0,False,11.0
2024-10-28 08:00:00,332879.0,13.0,False,13.0
2024-10-28 09:00:00,332900.0,21.0,False,21.0
2024-10-28 10:00:00,332922.0,22.0,False,22.0
2024-10-28 11:00:00,332950.0,28.0,False,28.0
2024-10-28 12:00:00,332977.0,27.0,False,27.0
2024-10-28 13:00:00,333001.0,24.0,False,24.0
2024-10-28 14:00:00,333025.0,24.0,False,24.0
2024-10-28 15:00:00,333058.0,33.0,False,33.0
2024-10-28 16:00:00,333092.0,34.0,False,34.0
2024-10-28 17:00:00,333136.0,44.0,False,44.0
2024-10-28 18:00:00,333169.0,33.0,False,33.0
2024-10-28 19:00:00,333190.0,21.0,False,21.0
2024-10-28 20:00:00,333209.0,19.0,False,19.0
2024-10-28 21:00:00,333229.0,20.0,False,20.0
2024-10-28 22:00:00,333248.0,19.0,False,19.0
2024-10-28 23:00:00,333264.0,16.0,False,16.0
2024-10-29 00:00:00,333278.0,14.0,False,14.0
2024-10-29 01:00:00,333291.0,13.0,False,13.0
2024-10-29 02:00:00,333303.0,12.0,False,12.0
2024-10-29 03:00:00,333315.0,12.0,False,12.0
2024-10-29 04:00:00,333326.0,11.0,False,11.0
2024-10-29 05:00:00,333338.0,12.0,False,12.0
2024-10-29 06:00:00,333350.0,12.0,False,12.0
2024-10-29 07:00:00,333362.0,12.0,False,12.0
2024-10-29 08:00:00,333375.0,13.0,False,13.0
2024-10-29 09:00:00,333395.0,20.0,False,20.0
2024-10-29 10:00:00,333418.0,23.0,False,23.0
2024-10-29 11:00:00,333453.0,35.0,False,35.0
2024-10-29 12:00:00,333492.0,39.0,False,39.0
2024-10-29 13:00:00,333536.0,44.0,False,44.0
2024-10-29 14:00:00,333575.0,39.0,False,39.0
2024-10-29 15:00:00,333628.0,53.0,False,53.0
2024-10-29 16:00:00,333675.0,47.0,False,47.0
2024-10-29 17:00:00,333723.0,48.0,False,48.0
2024-10-29 18:00:00,333762.0,39.0,False,39.0
2024-10-29 19:00:00,,,False,21.71
2024-10-29 20:00:00,333812.0,,False,19.33
2024-10-29 21:00:00,333836.0,24.0,False,24.0
2024-10-29 22:00:00,333863.0,27.0,False,27.0
2024-10-29 23:00:00,333895.0,32.0,False,32.0
2024-10-30 00:00:00,333929.0,34.0,False,34.0
2024-10-30 01:00:00,333959.0,30.0,False,30.0
2024-10-30 02:00:00,333975.0,16.0,False,16.0
2024-10-30 03:00:00,333990.0,15.0,False,15.0
2024-10-30 04:00:00,334005.0,15.0,False,15.0
2024-10-30 05:00:00,334020.0,15.0,False,15.0
2024-10-30 06:00:00,334034.0,14.0,False,14.0
2024-10-30 07:00:00,334049.0,15.0,False,15.0
2024-10-30 08:00:00,334064.0,15.0,False,15.0
2024-10-30 09:00:00,334088.0,24.0,False,24.0
2024-10-30 10:00:00,334118.0,30.0,False,30.0
2024-10-30 11:00:00,334151.0,33.0,False,33.0
2024-10-30 12:00:00,334184.0,33.0,False,33.0
2024-10-30 13:00:00,334212.0,28.0,False,28.0
2024-10-30 14:00:00,334246.0,34.0,False,34.0
2024-10-30 15:00:00,334285.0,39.0,False,39.0
2024-10-30 16:00:00,334324.0,39.0,False,39.0
2024-10-30 17:00:00,334363.0,39.0,False,39.0
2024-10-30 18:00:00,334397.0,34.0,False,34.0
2024-10-30 19:00:00,334422.0,25.0,False,25.0
2024-10-30 20:00:00,334443.0,21.0,False,21.0
2024-10-30 21:00:00,334465.0,22.0,False,22.0
2024-10-30 22:00:00,334487.0,22.0,False,22.0
2024-10-30 23:00:00,334503.0,16.0,False,16.0
2024-10-31 00:00:00,334517.0,14.0,False,14.0
2024-10-31 01:00:00,334528.0,11.0,False,11.0
2024-10-31 02:00:00,334539.0,11.0,False,11.0
2024-10-31 03:00:00,334550.0,11.0,False,11.0
2024-10-31 04:00:00,334561.0,11.0,False,11.0
2024-10-31 05:00:00,334572.0,11.0,False,11.0
2024-10-31 06:00:00,334582.0,10.0,False,10.0
2024-10-31 07:00:00,334593.0,11.0,False,11.0
2024-10-31 08:00:00,334604.0,11.0,False,11.0
2024-10-31 09:00:00,334626.0,22.0,False,22.0
2024-10-31 10:00:00,334652.0,26.0,False,26.0
2024-10-31 11:00:00,334681.0,29.0,False,29.0
2024-10-31 12:00:00,334706.0,25.0,False,25.0
2024-10-31 13:00:00,334730.0,24.0,False,24.0
2024-10-31 14:00:00,334755.0,25.0,False,25.0
2024-10-31 15:00:00,334784.0,29.0,False,29.0
2024-10-31 16:00:00,334812.0,28.0,False,28.0
2024-10-31 17:00:00,334840.0,28.0,False,28.0
2024-10-31 18:00:00,334867.0,27.0,False,27.0
2024-10-31 19:00:00,334891.0,24.0,False,24.0
2024-10-31 20:00:00,334912.0,21.0,False,21.0
2024-10-31 21:00:00,334931.0,19.0,False,19.0
2024-10-31 22:00:00,334949.0,18.0,False,18.0
2024-10-31 23:00:00,334966.0,17.0,False,17.0
2024-11-01 00:00:00,334981.0,15.0,False,15.0
2024-11-01 01:00:00,334995.0,14.0,False,14.0
2024-11-01 02:00:00,335008.0,13.0,False,13.0
2024-11-01 03:00:00,335020.0,12.0,False,12.0
2024-11-01 04:00:00,335033.0,13.0,False,13.0
2024-11-01 05:00:00,335046.0,13.0,False,13.0
2024-11-01 06:00:00,335059.0,13.0,False,13.0
2024-11-01 07:00:00,335072.0,13.0,False,13.0
2024-11-01 08:00:00,335086.0,14.0,False,14.0
2024-11-01 09:00:00,335108.0,22.0,False,22.0
2024-11-01 10:00:00,335134.0,26.0,False,26.0
2024-11-01 11:00:00,335163.0,29.0,False,29.0
2024-11-01 12:00:00,,,False,27.0
2024-11-01 13:00:00,335220.0,,False,26.57
2024-11-01 14:00:00,,,False,26.71
2024-11-01 15:00:00,,,False,31.83
2024-11-01 16:00:00,,,False,30.33
2024-11-01 17:00:00,,,False,32.17
2024-11-01 18:00:00,,,False,28.43
2024-11-01 19:00:00,335486.0,,False,21.0
2024-11-01 20:00:00,335507.0,21.0,False,21.0
2024-11-01 21:00:00,,,False,20.0
2024-11-01 22:00:00,,,False,20.14
2024-11-01 23:00:00,,,False,18.43
2024-11-02 00:00:00,,,False,17.14
2024-11-02 01:00:00,335586.0,,False,15.29
2024-11-02 02:00:00,,,False,12.71
2024-11-02 03:00:00,,,False,12.14
2024-11-02 04:00:00,,,False,12.29
2024-11-02 05:00:00,,,False,12.29
2024-11-02 06:00:00,,,False,11.86
2024-11-02 07:00:00,,,False,12.0
2024-11-02 08:00:00,,,False,13.0
2024-11-02 09:00:00,335678.0,,False,19.71
2024-11-02 10:00:00,,,False,22.43
2024-11-02 11:00:00,,,False,26.86
2024-11-02 12:00:00,335726.0,,False,26.17
2024-11-02 13:00:00,335744.0,18.0,False,18.0
2024-11-02 14:00:00,335760.0,16.0,False,16.0
2024-11-02 15:00:00,335778.0,18.0,False,18.0
2024-11-02 16:00:00,,,False,30.33
2024-11-02 17:00:00,335815.0,,False,32.17
2024-11-02 18:00:00,335836.0,21.0,False,21.0
2024-11-02 19:00:00,335854.0,18.0,False,18.0
2024-11-02 20:00:00,335873.0,19.0,False,19.0
2024-11-02 21:00:00,335894.0,21.0,False,21.0
2024-11-02 22:00:00,335913.0,19.0,False,19.0
2024-11-02 23:00:00,335932.0,19.0,False,19.0
2024-11-03 00:00:00,335948.0,16.0,False,16.0
2024-11-03 01:00:00,335962.0,14.0,False,14.0
2024-11-03 02:00:00,335975.0,13.0,False,13.0
2024-11-03 03:00:00,335988.0,13.0,False,13.0
2024-11-03 04:00:00,336000.0,12.0,False,12.0
2024-11-03 05:00:00,336012.0,12.0,False,12.0
2024-11-03 06:00:00,336024.0,12.0,False,12.0
2024-11-03 07:00:00,336036.0,12.0,False,12.0
2024-11-03 08:00:00,336048.0,12.0,False,12.0
2024-11-03 09:00:00,336061.0,13.0,False,13.0
2024-11-03 10:00:00,336075.0,14.0,False,14.0
2024-11-03 11:00:00,336094.0,19.0,False,19.0
2024-11-03 12:00:00,336120.0,26.0,False,26.0
2024-11-03 13:00:00,336146.0,26.0,False,26.0
2024-11-03 14:00:00,336176.0,30.0,False,30.0
2024-11-03 15:00:00,336210.0,34.0,False,34.0
2024-11-03 16:00:00,336232.0,22.0,False,22.0
2024-11-03 17:00:00,336250.0,18.0,False,18.0
2024-11-03 18:00:00,336270.0,20.0,False,20.0
2024-11-03 19:00:00,336291.0,21.0,False,21.0
2024-11-03 20:00:00,336310.0,19.0,False,19.0
2024-11-03 21:00:00,336328.0,18.0,False,18.0
2024-11-03 22:00:00,336345.0,17.0,False,17.0
2024-11-03 23:00:00,336361.0,16.0,False,16.0
2024-11-04 00:00:00,336377.0,16.0,False,16.0
2024-11-04 01:00:00,336391.0,14.0,False,14.0
2024-11-04 02:00:00,336405.0,14.0,False,14.0
2024-11-04 03:00:00,336418.0,13.0,False,13.0
2024-11-04 04:00:00,336432.0,14.0,False,14.0
2024-11-04 05:00:00,336445.0,13.0,False,13.0
2024-11-04 06:00:00,336458.0,13.0,False,13.0
2024-11-04 07:00:00,336471.0,13.0,False,13.0
2024-11-04 08:00:00,336485.0,14.0,False,14.0
2024-11-04 09:00:00,336510.0,25.0,False,25.0
2024-11-04 10:00:00,336538.0,28.0,False,28.0
2024-11-04 11:00:00,336571.0,33.0,False,33.0
2024-11-04 12:00:00,336612.0,41.0,False,41.0
2024-11-04 13:00:00,336652.0,40.0,False,40.0
2024-11-04 14:00:00,,,False,28.0
2024-11-04 15:00:00,336743.0,,False,34.33
2024-11-04 16:00:00,,,False,34.0
2024-11-04 17:00:00,336826.0,,False,35.4
2024-11-04 18:00:00,336857.0,31.0,False,31.0
2024-11-04 19:00:00,,,False,21.8
2024-11-04 20:00:00,336905.0,,False,20.0
2024-11-04 21:00:00,336927.0,22.0,False,22.0
2024-11-04 22:00:00,336950.0,23.0,False,23.0
2024-11-04 23:00:00,336978.0,28.0,False,28.0
2024-11-05 00:00:00,337002.0,24.0,False,24.0
2024-11-05 01:00:00,337028.0,26.0,False,26.0
2024-11-05 02:00:00,337058.0,30.0,False,30.0
2024-11-05 03:00:00,,,False,12.67
2024-11-05 04:00:00,337085.0,,False,12.67
2024-11-05 05:00:00,337096.0,11.0,False,11.0
2024-11-05 06:00:00,337108.0,12.0,False,12.0
2024-11-05 07:00:00,337119.0,11.0,False,11.0
2024-11-05 08:00:00,337134.0,15.0,False,15.0
2024-11-05 09:00:00,337158.0,24.0,False,24.0
2024-11-05 10:00:00,337185.0,27.0,False,27.0
2024-11-05 11:00:00,337216.0,31.0,False,31.0
2024-11-05 12:00:00,337246.0,30.0,False,30.0
2024-11-05 13:00:00,337274.0,28.0,False,28.0
2024-11-05 14:00:00,337302.0,28.0,False,28.0
2024-11-05 15:00:00,337336.0,34.0,False,34.0
2024-11-05 16:00:00,337378.0,42.0,False,42.0
2024-11-05 17:00:00,337430.0,52.0,False,52.0
2024-11-05 18:00:00,337462.0,32.0,False,32.0
2024-11-05 19:00:00,337485.0,23.0,False,23.0
2024-11-05 20:00:00,337506.0,21.0,False,21.0
2024-11-05 21:00:00,337527.0,21.0,False,21.0
2024-11-05 22:00:00,337546.0,19.0,False,19.0
2024-11-05 23:00:00,337570.0,24.0,False,24.0
2024-11-06 00:00:00,337593.0,23.0,False,23.0
2024-11-06 01:00:00,337621.0,28.0,False,28.0
2024-11-06 02:00:00,,,False,16.17
2024-11-06 03:00:00,,,False,12.8
2024-11-06 04:00:00,337692.0,,False,13.0
2024-11-06 05:00:00,337706.0,14.0,False,14.0
2024-11-06 06:00:00,337719.0,13.0,False,13.0
2024-11-06 07:00:00,337733.0,14.0,False,14.0
2024-11-06 08:00:00,337748.0,15.0,False,15.0
2024-11-06 09:00:00,337774.0,26.0,False,26.0
2024-11-06 10:00:00,337802.0,28.0,False,28.0
2024-11-06 11:00:00,337834.0,32.0,False,32.0
2024-11-06 12:00:00,337864.0,30.0,False,30.0
2024-11-06 13:00:00,337899.0,35.0,False,35.0
2024-11-06 14:00:00,337931.0,32.0,False,32.0
2024-11-06 15:00:00,337976.0,45.0,False,45.0
2024-11-06 16:00:00,,,False,32.75
2024-11-06 17:00:00,338071.0,,False,34.25
2024-11-06 18:00:00,338101.0,30.0,False,30.0
2024-11-06 19:00:00,338127.0,26.0,False,26.0
2024-11-06 20:00:00,338150.0,23.0,False,23.0
2024-11-06 21:00:00,338172.0,22.0,False,22.0
2024-11-06 22:00:00,338195.0,23.0,False,23.0
2024-11-06 23:00:00,338221.0,26.0,False,26.0
2024-11-07 00:00:00,338248.0,27.0,False,27.0
2024-11-07 01:00:00,338277.0,29.0,False,29.0
2024-11-07 02:00:00,338308.0,31.0,False,31.0
2024-11-07 03:00:00,338322.0,14.0,False,14.0
2024-11-07 04:00:00,338335.0,13.0,False,13.0
2024-11-07 05:00:00,338349.0,14.0,False,14.0
2024-11-07 06:00:00,338363.0,14.0,False,14.0
2024-11-07 07:00:00,338376.0,13.0,False,13.0
2024-11-07 08:00:00,338391.0,15.0,False,15.0
2024-11-07 09:00:00,338415.0,24.0,False,24.0
2024-11-07 10:00:00,338447.0,32.0,False,32.0
2024-11-07 11:00:00,338486.0,39.0,False,39.0
2024-11-07 12:00:00,338525.0,39.0,False,39.0
2024-11-07 13:00:00,338561.0,36.0,False,36.0
2024-11-07 14:00:00,338600.0,39.0,False,39.0
2024-11-07 15:00:00,338651.0,51.0,False,51.0
2024-11-07 16:00:00,338702.0,51.0,False,51.0
2024-11-07 17:00:00,338755.0,53.0,False,53.0
2024-11-07 18:00:00,338807.0,52.0,False,52.0
2024-11-07 19:00:00,338843.0,36.0,False,36.0
2024-11-07 20:00:00,338872.0,29.0,False,29.0
2024-11-07 21:00:00,338901.0,29.0,False,29.0
2024-11-07 22:00:00,338930.0,29.0,False,29.0
2024-11-07 23:00:00,338953.0,23.0,False,23.0
2024-11-08 00:00:00,338971.0,18.0,False,18.0
2024-11-08 01:00:00,338987.0,16.0,False,16.0
2024-11-08 02:00:00,339003.0,16.0,False,16.0
2024-11-08 03:00:00,339019.0,16.0,False,16.0
2024-11-08 04:00:00,339035.0,16.0,False,16.0
2024-11-08 05:00:00,339050.0,15.0,False,15.0
2024-11-08 06:00:00,339065.0,15.0,False,15.0
2024-11-08 07:00:00,339080.0,15.0,False,15.0
2024-11-08 08:00:00,339097.0,17.0,False,17.0
2024-11-08 09:00:00,339123.0,26.0,False,26.0
2024-11-08 10:00:00,339153.0,30.0,False,30.0
2024-11-08 11:00:00,339185.0,32.0,False,32.0
2024-11-08 12:00:00,339215.0,30.0,False,30.0
2024-11-08 13:00:00,339245.0,30.0,False,30.0
2024-11-08 14:00:00,339279.0,34.0,False,34.0
2024-11-08 15:00:00,339321.0,42.0,False,42.0
2024-11-08 16:00:00,339369.0,48.0,False,48.0
2024-11-08 17:00:00,339417.0,48.0,False,48.0
2024-11-08 18:00:00,339458.0,41.0,False,41.0
2024-11-08 19:00:00,339489.0,31.0,False,31.0
2024-11-08 20:00:00,339519.0,30.0,False,30.0
2024-11-08 21:00:00,339546.0,27.0,False,27.0
2024-11-08 22:00:00,339569.0,23.0,False,23.0
2024-11-08 23:00:00,339586.0,17.0,False,17.0
2024-11-09 00:00:00,339600.0,14.0,False,14.0
2024-11-09 01:00:00,339612.0,12.0,False,12.0
2024-11-09 02:00:00,339624.0,12.0,False,12.0
2024-11-09 03:00:00,339636.0,12.0,False,12.0
2024-11-09 04:00:00,339647.0,11.0,False,11.0
2024-11-09 05:00:00,339658.0,11.0,False,11.0
2024-11-09 06:00:00,339669.0,11.0,False,11.0
2024-11-09 07:00:00,339680.0,11.0,False,11.0
2024-11-09 08:00:00,339692.0,12.0,False,12.0
2024-11-09 09:00:00,339706.0,14.0,False,14.0
2024-11-09 10:00:00,339725.0,19.0,False,19.0
2024-11-09 11:00:00,339745.0,20.0,False,20.0
2024-11-09 12:00:00,339765.0,20.0,False,20.0
2024-11-09 13:00:00,339785.0,20.0,False,20.0
2024-11-09 14:00:00,339806.0,21.0,False,21.0
2024-11-09 15:00:00,339825.0,19.0,False,19.0
2024-11-09 16:00:00,339844.0,19.0,False,19.0
2024-11-09 17:00:00,339864.0,20.0,False,20.0
2024-11-09 18:00:00,339885.0,21.0,False,21.0
2024-11-09 19:00:00,339908.0,23.0,False,23.0
2024-11-09 20:00:00,339931.0,23.0,False,23.0
2024-11-09 21:00:00,339953.0,22.0,False,22.0
2024-11-09 22:00:00,339971.0,18.0,False,18.0
2024-11-09 23:00:00,339986.0,15.0,False,15.0
2024-11-10 00:00:00,340000.0,14.0,False,14.0
2024-11-10 01:00:00,340013.0,13.0,False,13.0
2024-11-10 02:00:00,340025.0,12.0,False,12.0
2024-11-10 03:00:00,340038.0,13.0,False,13.0
2024-11-10 04:00:00,340050.0,12.0,False,12.0
2024-11-10 05:00:00,340063.0,13.0,False,13.0
2024-11-10 06:00:00,340074.0,11.0,False,11.0
2024-11-10 07:00:00,340086.0,12.0,False,12.0
2024-11-10 08:00:00,340098.0,12.0,False,12.0
2024-11-10 09:00:00,340113.0,15.0,False,15.0
2024-11-10 10:00:00,340132.0,19.0,False,19.0
2024-11-10 11:00:00,340151.0,19.0,False,19.0
2024-11-10 12:00:00,340169.0,18.0,False,18.0
2024-11-10 13:00:00,340187.0,18.0,False,18.0
2024-11-10 14:00:00,340207.0,20.0,False,20.0
2024-11-10 15:00:00,340224.0,17.0,False,17.0
2024-11-10 16:00:00,340241.0,17.0,False,17.0
2024-11-10 17:00:00,340259.0,18.0,False,18.0
2024-11-10 18:00:00,340279.0,20.0,False,20.0
2024-11-10 19:00:00,340301.0,22.0,False,22.0
2024-11-10 20:00:00,340323.0,22.0,False,22.0
2024-11-10 21:00:00,340343.0,20.0,False,20.0
2024-11-10 22:00:00,340363.0,20.0,False,20.0
2024-11-10 23:00:00,340381.0,18.0,False,18.0
2024-11-11 00:00:00,340397.0,16.0,False,16.0
2024-11-11 01:00:00,340413.0,16.0,False,16.0
2024-11-11 02:00:00,340427.0,14.0,False,14.0
2024-11-11 03:00:00,340440.0,13.0,False,13.0
2024-11-11 04:00:00,340454.0,14.0,False,14.0
2024-11-11 05:00:00,340467.0,13.0,False,13.0
2024-11-11 06:00:00,340481.0,14.0,False,14.0
2024-11-11 07:00:00,340494.0,13.0,False,13.0
2024-11-11 08:00:00,340509.0,15.0,False,15.0
2024-11-11 09:00:00,340534.0,25.0,False,25.0
2024-11-11 10:00:00,340565.0,31.0,False,31.0
2024-11-11 11:00:00,340596.0,31.0,False,31.0
2024-11-11 12:00:00,340626.0,30.0,False,30.0
2024-11-11 13:00:00,340654.0,28.0,False,28.0
2024-11-11 14:00:00,340693.0,39.0,True,29.0
2024-11-11 15:00:00,340741.0,48.0,True,34.67
2024-11-11 16:00:00,340800.0,59.0,True,35.4
2024-11-11 17:00:00,340853.0,53.0,True,38.2
2024-11-11 18:00:00,340896.0,43.0,True,32.43
2024-11-11 19:00:00,340929.0,33.0,False,33.0
2024-11-11 20:00:00,340956.0,27.0,False,27.0
2024-11-11 21:00:00,340978.0,22.0,False,22.0
2024-11-11 22:00:00,341001.0,23.0,False,23.0
2024-11-11 23:00:00,341019.0,18.0,False,18.0
2024-11-12 00:00:00,341034.0,15.0,False,15.0
2024-11-12 01:00:00,341049.0,15.0,False,15.0
2024-11-12 02:00:00,341064.0,15.0,False,15.0
2024-11-12 03:00:00,341078.0,14.0,False,14.0
2024-11-12 04:00:00,341093.0,15.0,False,15.0
2024-11-12 05:00:00,341109.0,16.0,False,16.0
2024-11-12 06:00:00,341124.0,15.0,False,15.0
2024-11-12 07:00:00,341138.0,14.0,False,14.0
2024-11-12 08:00:00,341155.0,17.0,False,17.0
2024-11-12 09:00:00,341184.0,29.0,False,29.0
2024-11-12 10:00:00,341215.0,31.0,False,31.0
2024-11-12 11:00:00,341245.0,30.0,False,30.0
2024-11-12 12:00:00,341277.0,32.0,False,32.0
2024-11-12 13:00:00,341305.0,28.0,False,28.0
2024-11-12 14:00:00,341341.0,36.0,False,36.0
2024-11-12 15:00:00,341388.0,47.0,True,34.67
2024-11-12 16:00:00,341446.0,58.0,True,35.4
2024-11-12 17:00:00,341501.0,55.0,True,38.2
2024-11-12 18:00:00,341544.0,43.0,True,32.67
2024-11-12 19:00:00,341583.0,39.0,True,27.71
2024-11-12 20:00:00,341615.0,32.0,False,32.0
2024-11-12 21:00:00,341644.0,29.0,False,29.0
2024-11-12 22:00:00,341667.0,23.0,False,23.0
2024-11-12 23:00:00,341687.0,20.0,False,20.0
2024-11-13 00:00:00,341705.0,18.0,False,18.0
2024-11-13 01:00:00,341720.0,15.0,False,15.0
2024-11-13 02:00:00,341734.0,14.0,False,14.0
2024-11-13 03:00:00,341748.0,14.0,False,14.0
2024-11-13 04:00:00,341762.0,14.0,False,14.0
2024-11-13 05:00:00,341776.0,14.0,False,14.0
2024-11-13 06:00:00,341789.0,13.0,False,13.0
2024-11-13 07:00:00,341803.0,14.0,False,14.0
2024-11-13 08:00:00,341818.0,15.0,False,15.0
2024-11-13 09:00:00,341840.0,22.0,False,22.0
2024-11-13 10:00:00,341873.0,33.0,False,33.0
2024-11-13 11:00:00,341911.0,38.0,False,38.0
2024-11-13 12:00:00,341947.0,36.0,False,36.0
2024-11-13 13:00:00,341986.0,39.0,True,27.86
2024-11-13 14:00:00,342025.0,39.0,True,30.33
2024-11-13 15:00:00,342070.0,45.0,True,34.8
2024-11-13 16:00:00,342121.0,51.0,True,33.75
2024-11-13 17:00:00,342168.0,47.0,True,34.75
2024-11-13 18:00:00,342197.0,29.0,False,29.0
2024-11-13 19:00:00,342220.0,23.0,False,23.0
2024-11-13 20:00:00,342245.0,25.0,False,25.0
2024-11-13 21:00:00,342269.0,24.0,False,24.0
2024-11-13 22:00:00,342292.0,23.0,False,23.0
2024-11-13 23:00:00,342311.0,19.0,False,19.0
2024-11-14 00:00:00,342327.0,16.0,False,16.0
2024-11-14 01:00:00,342343.0,16.0,False,16.0
2024-11-14 02:00:00,342358.0,15.0,False,15.0
2024-11-14 03:00:00,342373.0,15.0,False,15.0
2024-11-14 04:00:00,342387.0,14.0,False,14.0
2024-11-14 05:00:00,342402.0,15.0,False,15.0
2024-11-14 06:00:00,342416.0,14.0,False,14.0
2024-11-14 07:00:00,342431.0,15.0,False,15.0
2024-11-14 08:00:00,342448.0,17.0,False,17.0
2024-11-14 09:00:00,342476.0,28.0,False,28.0
2024-11-14 10:00:00,342511.0,35.0,False,35.0
2024-11-14 11:00:00,342547.0,36.0,False,36.0
2024-11-14 12:00:00,342585.0,38.0,False,38.0
2024-11-14 13:00:00,342617.0,32.0,False,32.0
2024-11-14 14:00:00,342652.0,35.0,False,35.0
2024-11-14 15:00:00,342694.0,42.0,False,42.0
2024-11-14 16:00:00,342738.0,44.0,False,44.0
2024-11-14 17:00:00,342789.0,51.0,True,34.75
2024-11-14 18:00:00,342829.0,40.0,False,40.0
2024-11-14 19:00:00,342855.0,26.0,False,26.0
2024-11-14 20:00:00,342878.0,23.0,False,23.0
2024-11-14 21:00:00,342904.0,26.0,False,26.0
2024-11-14 22:00:00,342929.0,25.0,False,25.0
2024-11-14 23:00:00,342949.0,20.0,False,20.0
2024-11-15 00:00:00,342967.0,18.0,False,18.0
2024-11-15 01:00:00,342982.0,15.0,False,15.0
2024-11-15 02:00:00,342996.0,14.0,False,14.0
2024-11-15 03:00:00,343011.0,15.0,False,15.0
2024-11-15 04:00:00,343026.0,15.0,False,15.0
2024-11-15 05:00:00,343040.0,14.0,False,14.0
2024-11-15 06:00:00,343055.0,15.0,False,15.0
2024-11-15 07:00:00,343070.0,15.0,False,15.0
2024-11-15 08:00:00,343085.0,15.0,False,15.0
2024-11-15 09:00:00,343108.0,23.0,False,23.0
2024-11-15 10:00:00,343141.0,33.0,False,33.0
2024-11-15 11:00:00,343180.0,39.0,False,39.0
2024-11-15 12:00:00,343227.0,47.0,True,29.14
2024-11-15 13:00:00,343277.0,50.0,True,26.0
2024-11-15 14:00:00,343327.0,50.0,True,29.2
2024-11-15 15:00:00,343382.0,55.0,True,30.0
2024-11-15 16:00:00,343418.0,36.0,False,36.0
2024-11-15 17:00:00,343449.0,31.0,False,31.0
2024-11-15 18:00:00,343478.0,29.0,False,29.0
2024-11-15 19:00:00,343504.0,26.0,False,26.0
2024-11-15 20:00:00,343527.0,23.0,False,23.0
2024-11-15 21:00:00,343547.0,20.0,False,20.0
2024-11-15 22:00:00,343568.0,21.0,False,21.0
2024-11-15 23:00:00,343586.0,18.0,False,18.0
2024-11-16 00:00:00,343601.0,15.0,False,15.0
2024-11-16 01:00:00,343615.0,14.0,False,14.0
2024-11-16 02:00:00,343628.0,13.0,False,13.0
2024-11-16 03:00:00,343641.0,13.0,False,13.0
2024-11-16 04:00:00,343654.0,13.0,False,13.0
2024-11-16 05:00:00,343666.0,12.0,False,12.0
2024-11-16 06:00:00,343680.0,14.0,False,14.0
2024-11-16 07:00:00,343693.0,13.0,False,13.0
2024-11-16 08:00:00,343705.0,12.0,False,12.0
2024-11-16 09:00:00,343720.0,15.0,False,15.0
2024-11-16 10:00:00,343736.0,16.0,False,16.0
2024-11-16 11:00:00,343752.0,16.0,False,16.0
2024-11-16 12:00:00,343771.0,19.0,False,19.0
2024-11-16 13:00:00,343792.0,21.0,False,21.0
2024-11-16 14:00:00,343815.0,23.0,False,23.0
2024-11-16 15:00:00,343837.0,22.0,False,22.0
2024-11-16 16:00:00,343859.0,22.0,False,22.0
2024-11-16 17:00:00,343884.0,25.0,False,25.0
2024-11-16 18:00:00,343906.0,22.0,False,22.0
2024-11-16 19:00:00,343930.0,24.0,False,24.0
2024-11-16 20:00:00,343952.0,22.0,False,22.0
2024-11-16 21:00:00,343976.0,24.0,False,24.0
2024-11-16 22:00:00,343998.0,22.0,False,22.0
2024-11-16 23:00:00,344019.0,21.0,False,21.0
2024-11-17 00:00:00,344037.0,18.0,False,18.0
2024-11-17 01:00:00,344051.0,14.0,False,14.0
2024-11-17 02:00:00,344064.0,13.0,False,13.0
2024-11-17 03:00:00,344077.0,13.0,False,13.0
2024-11-17 04:00:00,344089.0,12.0,False,12.0
2024-11-17 05:00:00,344101.0,12.0,False,12.0
2024-11-17 06:00:00,344113.0,12.0,False,12.0
2024-11-17 07:00:00,344126.0,13.0,False,13.0
2024-11-17 08:00:00,344138.0,12.0,False,12.0
2024-11-17 09:00:00,344152.0,14.0,False,14.0
2024-11-17 10:00:00,344169.0,17.0,False,17.0
2024-11-17 11:00:00,344188.0,19.0,False,19.0
2024-11-17 12:00:00,344211.0,23.0,False,23.0
2024-11-17 13:00:00,344233.0,22.0,False,22.0
2024-11-17 14:00:00,344265.0,32.0,False,32.0
2024-11-17 15:00:00,344303.0,38.0,False,38.0
2024-11-17 16:00:00,344345.0,42.0,False,42.0
2024-11-17 17:00:00,344390.0,45.0,False,45.0
2024-11-17 18:00:00,344431.0,41.0,False,41.0
2024-11-17 19:00:00,344454.0,23.0,False,23.0
2024-11-17 20:00:00,344477.0,23.0,False,23.0
2024-11-17 21:00:00,344500.0,23.0,False,23.0
2024-11-17 22:00:00,344521.0,21.0,False,21.0
2024-11-17 23:00:00,344538.0,17.0,False,17.0
2024-11-18 00:00:00,344553.0,15.0,False,15.0
2024-11-18 01:00:00,344565.0,12.0,False,12.0
2024-11-18 02:00:00,344577.0,12.0,False,12.0
2024-11-18 03:00:00,344589.0,12.0,False,12.0
2024-11-18 04:00:00,344601.0,12.0,False,12.0
2024-11-18 05:00:00,344615.0,14.0,False,14.0
2024-11-18 06:00:00,344627.0,12.0,False,12.0
2024-11-18 07:00:00,344639.0,12.0,False,12.0
2024-11-18 08:00:00,344653.0,14.0,False,14.0
2024-11-18 09:00:00,344679.0,26.0,False,26.0
2024-11-18 10:00:00,344717.0,38.0,False,38.0
2024-11-18 11:00:00,344758.0,41.0,False,41.0
2024-11-18 12:00:00,344798.0,40.0,False,40.0
2024-11-18 13:00:00,344836.0,38.0,False,38.0
2024-11-18 14:00:00,344875.0,39.0,False,39.0
2024-11-18 15:00:00,344923.0,48.0,True,34.0
2024-11-18 16:00:00,344976.0,53.0,True,36.0
2024-11-18 17:00:00,345032.0,56.0,True,33.67
2024-11-18 18:00:00,345087.0,55.0,True,32.2
2024-11-18 19:00:00,345135.0,48.0,False,48.0
2024-11-18 20:00:00,345187.0,52.0,True,25.0
2024-11-18 21:00:00,345220.0,33.0,False,33.0
2024-11-18 22:00:00,345246.0,26.0,False,26.0
2024-11-18 23:00:00,345270.0,24.0,False,24.0
2024-11-19 00:00:00,345286.0,16.0,False,16.0
2024-11-19 01:00:00,345302.0,16.0,False,16.0
2024-11-19 02:00:00,345315.0,13.0,False,13.0
2024-11-19 03:00:00,345328.0,13.0,False,13.0
2024-11-19 04:00:00,345342.0,14.0,False,14.0
2024-11-19 05:00:00,345354.0,12.0,False,12.0
2024-11-19 06:00:00,345367.0,13.0,False,13.0
2024-11-19 07:00:00,345380.0,13.0,False,13.0
2024-11-19 08:00:00,345395.0,15.0,False,15.0
2024-11-19 09:00:00,345420.0,25.0,False,25.0
2024-11-19 10:00:00,345456.0,36.0,False,36.0
2024-11-19 11:00:00,345499.0,43.0,False,43.0
2024-11-19 12:00:00,345540.0,41.0,False,41.0
2024-11-19 13:00:00,345587.0,47.0,False,47.0
2024-11-19 14:00:00,345639.0,52.0,True,33.0
2024-11-19 15:00:00,345696.0,57.0,True,34.0
2024-11-19 16:00:00,345758.0,62.0,True,36.0
2024-11-19 17:00:00,345829.0,71.0,True,33.67
2024-11-19 18:00:00,345898.0,69.0,True,32.2
2024-11-19 19:00:00,345961.0,63.0,True,28.33
2024-11-19 20:00:00,346003.0,42.0,False,42.0
2024-11-19 21:00:00,346038.0,35.0,False,35.0
2024-11-19 22:00:00,346070.0,32.0,False,32.0
2024-11-19 23:00:00,346092.0,22.0,False,22.0
2024-11-20 00:00:00,346110.0,18.0,False,18.0
2024-11-20 01:00:00,346125.0,15.0,False,15.0
2024-11-20 02:00:00,346140.0,15.0,False,15.0
2024-11-20 03:00:00,346155.0,15.0,False,15.0
2024-11-20 04:00:00,346170.0,15.0,False,15.0
2024-11-20 05:00:00,346185.0,15.0,False,15.0
2024-11-20 06:00:00,346201.0,16.0,False,16.0
2024-11-20 07:00:00,346216.0,15.0,False,15.0
2024-11-20 08:00:00,346232.0,16.0,False,16.0
2024-11-20 09:00:00,346260.0,28.0,False,28.0
2024-11-20 10:00:00,346298.0,38.0,False,38.0
2024-11-20 11:00:00,346335.0,37.0,False,37.0
2024-11-20 12:00:00,346372.0,37.0,False,37.0
2024-11-20 13:00:00,346408.0,36.0,False,36.0
2024-11-20 14:00:00,346452.0,44.0,False,44.0
2024-11-20 15:00:00,346505.0,53.0,False,53.0
2024-11-20 16:00:00,346571.0,66.0,True,36.0
2024-11-20 17:00:00,346624.0,53.0,False,53.0
2024-11-20 18:00:00,346670.0,46.0,False,46.0
2024-11-20 19:00:00,346710.0,40.0,False,40.0
2024-11-20 20:00:00,346741.0,31.0,False,31.0
2024-11-20 21:00:00,346769.0,28.0,False,28.0
2024-11-20 22:00:00,346794.0,25.0,False,25.0
2024-11-20 23:00:00,346815.0,21.0,False,21.0
2024-11-21 00:00:00,346834.0,19.0,False,19.0
2024-11-21 01:00:00,346849.0,15.0,False,15.0
2024-11-21 02:00:00,346864.0,15.0,False,15.0
2024-11-21 03:00:00,346880.0,16.0,False,16.0
2024-11-21 04:00:00,346894.0,14.0,False,14.0
2024-11-21 05:00:00,346910.0,16.0,False,16.0
2024-11-21 06:00:00,346925.0,15.0,False,15.0
2024-11-21 07:00:00,346941.0,16.0,False,16.0
2024-11-21 08:00:00,346957.0,16.0,False,16.0
2024-11-21 09:00:00,346985.0,28.0,False,28.0
2024-11-21 10:00:00,347020.0,35.0,False,35.0
2024-11-21 11:00:00,347068.0,48.0,False,48.0
2024-11-21 12:00:00,347120.0,52.0,False,52.0
2024-11-21 13:00:00,347177.0,57.0,False,57.0
2024-11-21 14:00:00,347233.0,56.0,False,56.0
2024-11-21 15:00:00,347280.0,47.0,False,47.0
2024-11-21 16:00:00,347326.0,46.0,False,46.0
2024-11-21 17:00:00,347366.0,40.0,False,40.0
2024-11-21 18:00:00,347405.0,39.0,False,39.0
2024-11-21 19:00:00,347431.0,26.0,False,26.0
2024-11-21 20:00:00,347457.0,26.0,False,26.0
2024-11-21 21:00:00,347481.0,24.0,False,24.0
2024-11-21 22:00:00,347504.0,23.0,False,23.0
2024-11-21 23:00:00,347521.0,17.0,False,17.0
2024-11-22 00:00:00,347536.0,15.0,False,15.0
2024-11-22 01:00:00,347548.0,12.0,False,12.0
2024-11-22 02:00:00,347564.0,16.0,False,16.0
2024-11-22 03:00:00,347576.0,12.0,False,12.0
2024-11-22 04:00:00,347589.0,13.0,False,13.0
2024-11-22 05:00:00,347601.0,12.0,False,12.0
2024-11-22 06:00:00,347614.0,13.0,False,13.0
2024-11-22 07:00:00,347627.0,13.0,False,13.0
2024-11-22 08:00:00,347642.0,15.0,False,15.0
2024-11-22 09:00:00,347670.0,28.0,False,28.0
2024-11-22 10:00:00,347711.0,41.0,False,41.0
2024-11-22 11:00:00,347762.0,51.0,False,51.0
2024-11-22 12:00:00,347809.0,47.0,False,47.0
2024-11-22 13:00:00,347850.0,41.0,False,41.0
2024-11-22 14:00:00,347891.0,41.0,False,41.0
2024-11-22 15:00:00,347934.0,43.0,False,43.0
2024-11-22 16:00:00,347980.0,46.0,False,46.0
2024-11-22 17:00:00,348026.0,46.0,False,46.0
2024-11-22 18:00:00,348067.0,41.0,False,41.0
2024-11-22 19:00:00,348099.0,32.0,False,32.0
2024-11-22 20:00:00,348128.0,29.0,False,29.0
2024-11-22 21:00:00,348154.0,26.0,False,26.0
2024-11-22 22:00:00,348177.0,23.0,False,23.0
2024-11-22 23:00:00,348197.0,20.0,False,20.0
2024-11-23 00:00:00,348215.0,18.0,False,18.0
2024-11-23 01:00:00,348229.0,14.0,False,14.0
2024-11-23 02:00:00,348243.0,14.0,False,14.0
2024-11-23 03:00:00,348255.0,12.0,False,12.0
2024-11-23 04:00:00,348268.0,13.0,False,13.0
2024-11-23 05:00:00,348281.0,13.0,False,13.0
2024-11-23 06:00:00,348294.0,13.0,False,13.0
2024-11-23 07:00:00,348307.0,13.0,False,13.0
2024-11-23 08:00:00,348323.0,16.0,False,16.0
2024-11-23 09:00:00,348347.0,24.0,False,24.0
2024-11-23 10:00:00,348379.0,32.0,False,32.0
2024-11-23 11:00:00,348410.0,31.0,False,31.0
2024-11-23 12:00:00,348442.0,32.0,False,32.0
2024-11-23 13:00:00,348467.0,25.0,False,25.0
2024-11-23 14:00:00,348493.0,26.0,False,26.0
2024-11-23 15:00:00,348520.0,27.0,False,27.0
2024-11-23 16:00:00,348550.0,30.0,False,30.0
2024-11-23 17:00:00,348581.0,31.0,False,31.0
2024-11-23 18:00:00,348615.0,34.0,False,34.0
2024-11-23 19:00:00,348643.0,28.0,False,28.0
2024-11-23 20:00:00,348672.0,29.0,False,29.0
2024-11-23 21:00:00,348701.0,29.0,False,29.0
2024-11-23 22:00:00,348726.0,25.0,False,25.0
2024-11-23 23:00:00,348749.0,23.0,False,23.0
2024-11-24 00:00:00,348770.0,21.0,False,21.0
2024-11-24 01:00:00,348782.0,12.0,False,12.0
2024-11-24 02:00:00,348795.0,13.0,False,13.0
2024-11-24 03:00:00,348808.0,13.0,False,13.0
2024-11-24 04:00:00,348821.0,13.0,False,13.0
2024-11-24 05:00:00,348833.0,12.0,False,12.0
2024-11-24 06:00:00,348846.0,13.0,False,13.0
2024-11-24 07:00:00,348859.0,13.0,False,13.0
2024-11-24 08:00:00,348872.0,13.0,False,13.0
2024-11-24 09:00:00,348895.0,23.0,False,23.0
2024-11-24 10:00:00,348922.0,27.0,False,27.0
2024-11-24 11:00:00,348955.0,33.0,False,33.0
2024-11-24 12:00:00,348993.0,38.0,False,38.0
2024-11-24 13:00:00,349026.0,33.0,False,33.0
2024-11-24 14:00:00,349061.0,35.0,False,35.0
2024-11-24 15:00:00,349097.0,36.0,False,36.0
2024-11-24 16:00:00,349133.0,36.0,False,36.0
2024-11-24 17:00:00,349165.0,32.0,False,32.0
2024-11-24 18:00:00,349194.0,29.0,False,29.0
2024-11-24 19:00:00,349222.0,28.0,False,28.0
2024-11-24 20:00:00,349250.0,28.0,False,28.0
2024-11-24 21:00:00,349274.0,24.0,False,24.0
2024-11-24 22:00:00,349297.0,23.0,False,23.0
2024-11-24 23:00:00,349316.0,19.0,False,19.0
2024-11-25 00:00:00,349331.0,15.0,False,15.0
2024-11-25 01:00:00,349345.0,14.0,False,14.0
2024-11-25 02:00:00,349357.0,12.0,False,12.0
2024-11-25 03:00:00,349369.0,12.0,False,12.0
2024-11-25 04:00:00,349381.0,12.0,False,12.0
2024-11-25 05:00:00,349394.0,13.0,False,13.0
2024-11-25 06:00:00,349406.0,12.0,False,12.0
2024-11-25 07:00:00,349418.0,12.0,False,12.0
2024-11-25 08:00:00,349433.0,15.0,False,15.0
2024-11-25 09:00:00,349462.0,29.0,False,29.0
2024-11-25 10:00:00,349498.0,36.0,False,36.0
2024-11-25 11:00:00,349531.0,33.0,False,33.0
2024-11-25 12:00:00,349567.0,36.0,False,36.0
2024-11-25 13:00:00,349603.0,36.0,False,36.0
2024-11-25 14:00:00,349645.0,42.0,False,42.0
2024-11-25 15:00:00,349702.0,57.0,False,57.0
2024-11-25 16:00:00,349758.0,56.0,False,56.0
2024-11-25 17:00:00,349824.0,66.0,True,40.4
2024-11-25 18:00:00,349874.0,50.0,False,50.0
2024-11-25 19:00:00,349915.0,41.0,False,41.0
2024-11-25 20:00:00,349952.0,37.0,False,37.0
2024-11-25 21:00:00,349982.0,30.0,False,30.0
2024-11-25 22:00:00,350006.0,24.0,False,24.0
2024-11-25 23:00:00,350028.0,22.0,False,22.0
2024-11-26 00:00:00,350045.0,17.0,False,17.0
2024-11-26 01:00:00,350061.0,16.0,False,16.0
2024-11-26 02:00:00,350076.0,15.0,False,15.0
2024-11-26 03:00:00,350090.0,14.0,False,14.0
2024-11-26 04:00:00,350104.0,14.0,False,14.0
2024-11-26 05:00:00,350118.0,14.0,False,14.0
2024-11-26 06:00:00,350133.0,15.0,False,15.0
2024-11-26 07:00:00,350147.0,14.0,False,14.0
2024-11-26 08:00:00,350165.0,18.0,False,18.0
2024-11-26 09:00:00,350197.0,32.0,False,32.0
2024-11-26 10:00:00,350235.0,38.0,False,38.0
2024-11-26 11:00:00,350275.0,40.0,False,40.0
2024-11-26 12:00:00,350320.0,45.0,False,45.0
2024-11-26 13:00:00,350363.0,43.0,False,43.0
2024-11-26 14:00:00,350411.0,48.0,False,48.0
2024-11-26 15:00:00,350467.0,56.0,False,56.0
2024-11-26 16:00:00,350525.0,58.0,False,58.0
2024-11-26 17:00:00,350594.0,69.0,True,40.4
2024-11-26 18:00:00,350657.0,63.0,True,39.83
2024-11-26 19:00:00,350695.0,38.0,False,38.0
2024-11-26 20:00:00,350730.0,35.0,False,35.0
2024-11-26 21:00:00,350763.0,33.0,False,33.0
2024-11-26 22:00:00,350795.0,32.0,False,32.0
2024-11-26 23:00:00,350824.0,29.0,False,29.0
2024-11-27 00:00:00,350850.0,26.0,False,26.0
2024-11-27 01:00:00,350870.0,20.0,False,20.0
2024-11-27 02:00:00,350887.0,17.0,False,17.0
2024-11-27 03:00:00,350904.0,17.0,False,17.0
2024-11-27 04:00:00,350922.0,18.0,False,18.0
2024-11-27 05:00:00,350939.0,17.0,False,17.0
2024-11-27 06:00:00,350956.0,17.0,False,17.0
2024-11-27 07:00:00,350973.0,17.0,False,17.0
2024-11-27 08:00:00,350992.0,19.0,False,19.0
2024-11-27 09:00:00,351024.0,32.0,False,32.0
2024-11-27 10:00:00,351069.0,45.0,False,45.0
2024-11-27 11:00:00,351116.0,47.0,False,47.0
2024-11-27 12:00:00,351162.0,46.0,False,46.0
2024-11-27 13:00:00,351202.0,40.0,False,40.0
2024-11-27 14:00:00,351240.0,38.0,False,38.0
2024-11-27 15:00:00,351285.0,45.0,False,45.0
2024-11-27 16:00:00,351329.0,44.0,False,44.0
2024-11-27 17:00:00,351372.0,43.0,False,43.0
2024-11-27 18:00:00,351415.0,43.0,False,43.0
2024-11-27 19:00:00,351446.0,31.0,False,31.0
2024-11-27 20:00:00,351476.0,30.0,False,30.0
2024-11-27 21:00:00,351505.0,29.0,False,29.0
2024-11-27 22:00:00,351533.0,28.0,False,28.0
2024-11-27 23:00:00,351558.0,25.0,False,25.0
2024-11-28 00:00:00,351577.0,19.0,False,19.0
2024-11-28 01:00:00,351594.0,17.0,False,17.0
2024-11-28 02:00:00,351611.0,17.0,False,17.0
2024-11-28 03:00:00,351627.0,16.0,False,16.0
2024-11-28 04:00:00,351643.0,16.0,False,16.0
2024-11-28 05:00:00,351660.0,17.0,False,17.0
2024-11-28 06:00:00,351676.0,16.0,False,16.0
2024-11-28 07:00:00,351693.0,17.0,False,17.0
2024-11-28 08:00:00,351711.0,18.0,False,18.0
2024-11-28 09:00:00,351743.0,32.0,False,32.0
2024-11-28 10:00:00,351786.0,43.0,False,43.0
2024-11-28 11:00:00,351833.0,47.0,False,47.0
2024-11-28 12:00:00,351876.0,43.0,False,43.0
2024-11-28 13:00:00,351916.0,40.0,False,40.0
2024-11-28 14:00:00,351964.0,48.0,False,48.0
2024-11-28 15:00:00,352014.0,50.0,False,50.0
2024-11-28 16:00:00,352070.0,56.0,True,45.14
2024-11-28 17:00:00,352127.0,57.0,True,38.4
2024-11-28 18:00:00,352164.0,37.0,False,37.0
2024-11-28 19:00:00,352196.0,32.0,False,32.0
2024-11-28 20:00:00,352232.0,36.0,False,36.0
2024-11-28 21:00:00,352265.0,33.0,False,33.0
2024-11-28 22:00:00,352294.0,29.0,False,29.0
2024-11-28 23:00:00,352317.0,23.0,False,23.0
2024-11-29 00:00:00,352334.0,17.0,False,17.0
2024-11-29 01:00:00,352350.0,16.0,False,16.0
2024-11-29 02:00:00,352366.0,16.0,False,16.0
2024-11-29 03:00:00,352382.0,16.0,False,16.0
2024-11-29 04:00:00,352398.0,16.0,False,16.0
2024-11-29 05:00:00,352414.0,16.0,False,16.0
2024-11-29 06:00:00,352430.0,16.0,False,16.0
2024-11-29 07:00:00,352445.0,15.0,False,15.0
2024-11-29 08:00:00,352462.0,17.0,False,17.0
2024-11-29 09:00:00,352487.0,25.0,False,25.0
2024-11-29 10:00:00,352518.0,31.0,False,31.0
2024-11-29 11:00:00,352552.0,34.0,False,34.0
2024-11-29 12:00:00,352584.0,32.0,False,32.0
2024-11-29 13:00:00,352615.0,31.0,False,31.0
2024-11-29 14:00:00,352647.0,32.0,False,32.0
2024-11-29 15:00:00,352685.0,38.0,False,38.0
2024-11-29 16:00:00,352723.0,38.0,False,38.0
2024-11-29 17:00:00,352762.0,39.0,False,39.0
2024-11-29 18:00:00,352802.0,40.0,False,40.0
2024-11-29 19:00:00,352832.0,30.0,False,30.0
2024-11-29 20:00:00,352858.0,26.0,False,26.0
2024-11-29 21:00:00,352883.0,25.0,False,25.0
2024-11-29 22:00:00,352908.0,25.0,False,25.0
2024-11-29 23:00:00,352927.0,19.0,False,19.0
2024-11-30 00:00:00,352943.0,16.0,False,16.0
2024-11-30 01:00:00,352957.0,14.0,False,14.0
2024-11-30 02:00:00,352971.0,14.0,False,14.0
2024-11-30 03:00:00,352985.0,14.0,False,14.0
2024-11-30 04:00:00,352997.0,12.0,False,12.0
2024-11-30 05:00:00,353009.0,12.0,False,12.0
2024-11-30 06:00:00,353023.0,14.0,False,14.0
2024-11-30 07:00:00,353035.0,12.0,False,12.0
2024-11-30 08:00:00,353048.0,13.0,False,13.0
2024-11-30 09:00:00,353064.0,16.0,False,16.0
2024-11-30 10:00:00,353081.0,17.0,False,17.0
2024-11-30 11:00:00,353101.0,20.0,False,20.0
2024-11-30 12:00:00,353123.0,22.0,False,22.0
2024-11-30 13:00:00,353144.0,21.0,False,21.0
2024-11-30 14:00:00,353171.0,27.0,False,27.0
2024-11-30 15:00:00,353201.0,30.0,False,30.0
2024-11-30 16:00:00,353234.0,33.0,False,33.0
2024-11-30 17:00:00,353268.0,34.0,False,34.0
2024-11-30 18:00:00,353297.0,29.0,False,29.0
2024-11-30 19:00:00,353325.0,28.0,False,28.0
2024-11-30 20:00:00,353351.0,26.0,False,26.0
2024-11-30 21:00:00,353376.0,25.0,False,25.0
2024-11-30 22:00:00,353400.0,24.0,False,24.0
2024-11-30 23:00:00,353422.0,22.0,False,22.0
2024-12-01 00:00:00,353440.0,18.0,False,18.0
2024-12-01 01:00:00,353453.0,13.0,False,13.0
2024-12-01 02:00:00,353466.0,13.0,False,13.0
2024-12-01 03:00:00,353479.0,13.0,False,13.0
2024-12-01 04:00:00,353492.0,13.0,False,13.0
2024-12-01 05:00:00,353505.0,13.0,False,13.0
2024-12-01 06:00:00,353519.0,14.0,False,14.0
2024-12-01 07:00:00,353533.0,14.0,False,14.0
2024-12-01 08:00:00,353546.0,13.0,False,13.0
2024-12-01 09:00:00,353560.0,14.0,False,14.0
2024-12-01 10:00:00,353577.0,17.0,False,17.0
2024-12-01 11:00:00,353595.0,18.0,False,18.0
2024-12-01 12:00:00,353620.0,25.0,False,25.0
2024-12-01 13:00:00,353647.0,27.0,False,27.0
2024-12-01 14:00:00,353676.0,29.0,False,29.0
2024-12-01 15:00:00,353711.0,35.0,False,35.0
2024-12-01 16:00:00,353750.0,39.0,False,39.0
2024-12-01 17:00:00,353790.0,40.0,False,40.0
2024-12-01 18:00:00,353838.0,48.0,False,48.0
2024-12-01 19:00:00,353878.0,40.0,False,40.0
2024-12-01 20:00:00,353900.0,22.0,False,22.0
2024-12-01 21:00:00,353923.0,23.0,False,23.0
2024-12-01 22:00:00,353944.0,21.0,False,21.0
2024-12-01 23:00:00,353962.0,18.0,False,18.0
2024-12-02 00:00:00,353978.0,16.0,False,16.0
2024-12-02 01:00:00,353992.0,14.0,False,14.0
2024-12-02 02:00:00,354006.0,14.0,False,14.0
2024-12-02 03:00:00,354019.0,13.0,False,13.0
2024-12-02 04:00:00,354032.0,13.0,False,13.0
2024-12-02 05:00:00,354046.0,14.0,False,14.0
2024-12-02 06:00:00,354059.0,13.0,False,13.0
2024-12-02 07:00:00,354073.0,14.0,False,14.0
2024-12-02 08:00:00,354089.0,16.0,False,16.0
2024-12-02 09:00:00,354120.0,31.0,False,31.0
2024-12-02 10:00:00,354163.0,43.0,False,43.0
2024-12-02 11:00:00,354207.0,44.0,False,44.0
2024-12-02 12:00:00,354254.0,47.0,False,47.0
2024-12-02 13:00:00,354292.0,38.0,False,38.0
2024-12-02 14:00:00,354328.0,36.0,False,36.0
2024-12-02 15:00:00,354370.0,42.0,False,42.0
2024-12-02 16:00:00,354416.0,46.0,False,46.0
2024-12-02 17:00:00,354457.0,41.0,False,41.0
2024-12-02 18:00:00,354497.0,40.0,False,40.0
2024-12-02 19:00:00,354530.0,33.0,False,33.0
2024-12-02 20:00:00,354560.0,30.0,False,30.0
2024-12-02 21:00:00,354588.0,28.0,False,28.0
2024-12-02 22:00:00,354613.0,25.0,False,25.0
2024-12-02 23:00:00,354635.0,22.0,False,22.0
2024-12-03 00:00:00,354653.0,18.0,False,18.0
2024-12-03 01:00:00,354672.0,19.0,False,19.0
2024-12-03 02:00:00,354689.0,17.0,False,17.0
2024-12-03 03:00:00,354706.0,17.0,False,17.0
2024-12-03 04:00:00,354723.0,17.0,False,17.0
2024-12-03 05:00:00,354740.0,17.0,False,17.0
2024-12-03 06:00:00,354757.0,17.0,False,17.0
2024-12-03 07:00:00,354774.0,17.0,False,17.0
2024-12-03 08:00:00,354794.0,20.0,False,20.0
2024-12-03 09:00:00,354829.0,35.0,False,35.0
2024-12-03 10:00:00,354876.0,47.0,False,47.0
2024-12-03 11:00:00,354925.0,49.0,False,49.0
2024-12-03 12:00:00,354971.0,46.0,False,46.0
2024-12-03 13:00:00,355022.0,51.0,False,51.0
2024-12-03 14:00:00,355065.0,43.0,False,43.0
2024-12-03 15:00:00,355116.0,51.0,False,51.0
2024-12-03 16:00:00,355170.0,54.0,True,43.0
2024-12-03 17:00:00,355221.0,51.0,False,51.0
2024-12-03 18:00:00,355278.0,57.0,True,39.5
2024-12-03 19:00:00,355335.0,57.0,True,33.14
2024-12-03 20:00:00,355375.0,40.0,False,40.0
2024-12-03 21:00:00,355408.0,33.0,False,33.0
2024-12-03 22:00:00,355439.0,31.0,False,31.0
2024-12-03 23:00:00,355468.0,29.0,False,29.0
2024-12-04 00:00:00,355491.0,23.0,False,23.0
2024-12-04 01:00:00,355510.0,19.0,False,19.0
2024-12-04 02:00:00,355528.0,18.0,False,18.0
2024-12-04 03:00:00,355546.0,18.0,False,18.0
2024-12-04 04:00:00,355564.0,18.0,False,18.0
2024-12-04 05:00:00,355582.0,18.0,False,18.0
2024-12-04 06:00:00,355600.0,18.0,False,18.0
2024-12-04 07:00:00,355619.0,19.0,False,19.0
2024-12-04 08:00:00,355640.0,21.0,False,21.0
2024-12-04 09:00:00,355670.0,30.0,False,30.0
2024-12-04 10:00:00,355707.0,37.0,False,37.0
2024-12-04 11:00:00,355746.0,39.0,False,39.0
2024-12-04 12:00:00,355782.0,36.0,False,36.0
2024-12-04 13:00:00,355814.0,32.0,False,32.0
2024-12-04 14:00:00,355849.0,35.0,False,35.0
2024-12-04 15:00:00,355887.0,38.0,False,38.0
2024-12-04 16:00:00,355930.0,43.0,False,43.0
2024-12-04 17:00:00,355971.0,41.0,False,41.0
2024-12-04 18:00:00,356011.0,40.0,False,40.0
2024-12-04 19:00:00,356046.0,35.0,False,35.0
2024-12-04 20:00:00,356078.0,32.0,False,32.0
2024-12-04 21:00:00,356108.0,30.0,False,30.0
2024-12-04 22:00:00,356137.0,29.0,False,29.0
2024-12-04 23:00:00,356162.0,25.0,False,25.0
2024-12-05 00:00:00,356182.0,20.0,False,20.0
2024-12-05 01:00:00,356200.0,18.0,False,18.0
2024-12-05 02:00:00,356218.0,18.0,False,18.0
2024-12-05 03:00:00,356236.0,18.0,False,18.0
2024-12-05 04:00:00,356253.0,17.0,False,17.0
2024-12-05 05:00:00,356271.0,18.0,False,18.0
2024-12-05 06:00:00,356289.0,18.0,False,18.0
2024-12-05 07:00:00,356306.0,17.0,False,17.0
2024-12-05 08:00:00,356327.0,21.0,False,21.0
2024-12-05 09:00:00,356359.0,32.0,False,32.0
2024-12-05 10:00:00,356397.0,38.0,False,38.0
2024-12-05 11:00:00,356432.0,35.0,False,35.0
2024-12-05 12:00:00,356467.0,35.0,False,35.0
2024-12-05 13:00:00,356502.0,35.0,False,35.0
2024-12-05 14:00:00,356537.0,35.0,False,35.0
2024-12-05 15:00:00,356577.0,40.0,False,40.0
2024-12-05 16:00:00,356616.0,39.0,False,39.0
2024-12-05 17:00:00,356656.0,40.0,False,40.0
2024-12-05 18:00:00,356698.0,42.0,False,42.0
2024-12-05 19:00:00,356731.0,33.0,False,33.0
2024-12-05 20:00:00,356761.0,30.0,False,30.0
2024-12-05 21:00:00,356791.0,30.0,False,30.0
2024-12-05 22:00:00,356822.0,31.0,False,31.0
2024-12-05 23:00:00,356850.0,28.0,False,28.0
2024-12-06 00:00:00,356871.0,21.0,False,21.0
2024-12-06 01:00:00,356890.0,19.0,False,19.0
2024-12-06 02:00:00,356910.0,20.0,False,20.0
2024-12-06 03:00:00,356929.0,19.0,False,19.0
2024-12-06 04:00:00,356947.0,18.0,False,18.0
2024-12-06 05:00:00,356966.0,19.0,False,19.0
2024-12-06 06:00:00,356984.0,18.0,False,18.0
2024-12-06 07:00:00,357003.0,19.0,False,19.0
2024-12-06 08:00:00,357023.0,20.0,False,20.0
2024-12-06 09:00:00,357056.0,33.0,False,33.0
2024-12-06 10:00:00,357095.0,39.0,False,39.0
2024-12-06 11:00:00,357138.0,43.0,False,43.0
2024-12-06 12:00:00,357180.0,42.0,False,42.0
2024-12-06 13:00:00,357222.0,42.0,False,42.0
2024-12-06 14:00:00,357266.0,44.0,False,44.0
2024-12-06 15:00:00,357320.0,54.0,True,39.14
2024-12-06 16:00:00,357371.0,51.0,False,51.0
2024-12-06 17:00:00,357419.0,48.0,False,48.0
2024-12-06 18:00:00,357462.0,43.0,False,43.0
2024-12-06 19:00:00,357494.0,32.0,False,32.0
2024-12-06 20:00:00,357521.0,27.0,False,27.0
2024-12-06 21:00:00,357547.0,26.0,False,26.0
2024-12-06 22:00:00,357571.0,24.0,False,24.0
2024-12-06 23:00:00,357592.0,21.0,False,21.0
2024-12-07 00:00:00,357610.0,18.0,False,18.0
2024-12-07 01:00:00,357626.0,16.0,False,16.0
2024-12-07 02:00:00,357640.0,14.0,False,14.0
2024-12-07 03:00:00,357654.0,14.0,False,14.0
2024-12-07 04:00:00,357667.0,13.0,False,13.0
2024-12-07 05:00:00,357681.0,14.0,False,14.0
2024-12-07 06:00:00,357694.0,13.0,False,13.0
2024-12-07 07:00:00,357708.0,14.0,False,14.0
2024-12-07 08:00:00,357722.0,14.0,False,14.0
2024-12-07 09:00:00,357742.0,20.0,False,20.0
2024-12-07 10:00:00,357768.0,26.0,False,26.0
2024-12-07 11:00:00,357794.0,26.0,False,26.0
2024-12-07 12:00:00,357815.0,21.0,False,21.0
2024-12-07 13:00:00,357837.0,22.0,False,22.0
2024-12-07 14:00:00,357858.0,21.0,False,21.0
2024-12-07 15:00:00,357876.0,18.0,False,18.0
2024-12-07 16:00:00,357895.0,19.0,False,19.0
2024-12-07 17:00:00,357917.0,22.0,False,22.0
2024-12-07 18:00:00,357942.0,25.0,False,25.0
2024-12-07 19:00:00,357969.0,27.0,False,27.0
2024-12-07 20:00:00,357992.0,23.0,False,23.0
2024-12-07 21:00:00,358012.0,20.0,False,20.0
2024-12-07 22:00:00,358032.0,20.0,False,20.0
2024-12-07 23:00:00,358050.0,18.0,False,18.0
2024-12-08 00:00:00,358067.0,17.0,False,17.0
2024-12-08 01:00:00,358082.0,15.0,False,15.0
2024-12-08 02:00:00,358094.0,12.0,False,12.0
2024-12-08 03:00:00,358106.0,12.0,False,12.0
2024-12-08 04:00:00,358117.0,11.0,False,11.0
2024-12-08 05:00:00,358129.0,12.0,False,12.0
2024-12-08 06:00:00,358142.0,13.0,False,13.0
2024-12-08 07:00:00,358153.0,11.0,False,11.0
2024-12-08 08:00:00,358165.0,12.0,False,12.0
2024-12-08 09:00:00,358178.0,13.0,False,13.0
2024-12-08 10:00:00,358204.0,26.0,False,26.0
2024-12-08 11:00:00,358233.0,29.0,False,29.0
2024-12-08 12:00:00,358259.0,26.0,False,26.0
2024-12-08 13:00:00,358276.0,17.0,False,17.0
2024-12-08 14:00:00,358297.0,21.0,False,21.0
2024-12-08 15:00:00,358321.0,24.0,False,24.0
2024-12-08 16:00:00,358344.0,23.0,False,23.0
2024-12-08 17:00:00,358371.0,27.0,False,27.0
2024-12-08 18:00:00,358401.0,30.0,False,30.0
2024-12-08 19:00:00,358431.0,30.0,False,30.0
2024-12-08 20:00:00,358462.0,31.0,False,31.0
2024-12-08 21:00:00,358493.0,31.0,False,31.0
2024-12-08 22:00:00,358522.0,29.0,False,29.0
2024-12-08 23:00:00,358550.0,28.0,False,28.0
2024-12-09 00:00:00,358574.0,24.0,False,24.0
2024-12-09 01:00:00,358594.0,20.0,False,20.0
2024-12-09 02:00:00,358609.0,15.0,False,15.0
2024-12-09 03:00:00,358623.0,14.0,False,14.0
2024-12-09 04:00:00,358638.0,15.0,False,15.0
2024-12-09 05:00:00,358652.0,14.0,False,14.0
2024-12-09 06:00:00,358667.0,15.0,False,15.0
2024-12-09 07:00:00,358683.0,16.0,False,16.0
2024-12-09 08:00:00,358700.0,17.0,False,17.0
2024-12-09 09:00:00,358735.0,35.0,False,35.0
2024-12-09 10:00:00,358787.0,52.0,False,52.0
2024-12-09 11:00:00,358853.0,66.0,True,37.86
2024-12-09 12:00:00,358916.0,63.0,True,36.14
2024-12-09 13:00:00,358975.0,59.0,True,33.86
2024-12-09 14:00:00,359027.0,52.0,False,52.0
2024-12-09 15:00:00,359089.0,62.0,True,35.5
2024-12-09 16:00:00,359151.0,62.0,True,36.83
2024-12-09 17:00:00,359207.0,56.0,True,38.57
2024-12-09 18:00:00,359258.0,51.0,False,51.0
2024-12-09 19:00:00,359300.0,42.0,False,42.0
2024-12-09 20:00:00,359339.0,39.0,False,39.0
2024-12-09 21:00:00,359372.0,33.0,False,33.0
2024-12-09 22:00:00,359402.0,30.0,False,30.0
2024-12-09 23:00:00,359427.0,25.0,False,25.0
2024-12-10 00:00:00,359444.0,17.0,False,17.0
2024-12-10 01:00:00,359459.0,15.0,False,15.0
2024-12-10 02:00:00,359474.0,15.0,False,15.0
2024-12-10 03:00:00,359487.0,13.0,False,13.0
2024-12-10 04:00:00,359501.0,14.0,False,14.0
2024-12-10 05:00:00,359515.0,14.0,False,14.0
2024-12-10 06:00:00,359529.0,14.0,False,14.0
2024-12-10 07:00:00,359544.0,15.0,False,15.0
2024-12-10 08:00:00,359562.0,18.0,False,18.0
2024-12-10 09:00:00,359596.0,34.0,False,34.0
2024-12-10 10:00:00,359640.0,44.0,False,44.0
2024-12-10 11:00:00,359689.0,49.0,False,49.0
2024-12-10 12:00:00,359742.0,53.0,False,53.0
2024-12-10 13:00:00,359796.0,54.0,False,54.0
2024-12-10 14:00:00,359852.0,56.0,False,56.0
2024-12-10 15:00:00,359910.0,58.0,True,34.2
2024-12-10 16:00:00,359964.0,54.0,False,54.0
2024-12-10 17:00:00,360016.0,52.0,False,52.0
2024-12-10 18:00:00,360061.0,45.0,False,45.0
2024-12-10 19:00:00,360096.0,35.0,False,35.0
2024-12-10 20:00:00,360128.0,32.0,False,32.0
2024-12-10 21:00:00,360161.0,33.0,False,33.0
2024-12-10 22:00:00,360192.0,31.0,False,31.0
2024-12-10 23:00:00,360214.0,22.0,False,22.0
2024-12-11 00:00:00,360232.0,18.0,False,18.0
2024-12-11 01:00:00,360246.0,14.0,False,14.0
2024-12-11 02:00:00,360258.0,12.0,False,12.0
2024-12-11 03:00:00,360271.0,13.0,False,13.0
2024-12-11 04:00:00,360283.0,12.0,False,12.0
2024-12-11 05:00:00,360296.0,13.0,False,13.0
2024-12-11 06:00:00,360309.0,13.0,False,13.0
2024-12-11 07:00:00,360321.0,12.0,False,12.0
2024-12-11 08:00:00,360335.0,14.0,False,14.0
2024-12-11 09:00:00,360370.0,35.0,False,35.0
2024-12-11 10:00:00,360409.0,39.0,False,39.0
2024-12-11 11:00:00,360452.0,43.0,False,43.0
2024-12-11 12:00:00,360494.0,42.0,False,42.0
2024-12-11 13:00:00,360526.0,32.0,False,32.0
2024-12-11 14:00:00,360566.0,40.0,False,40.0
2024-12-11 15:00:00,360605.0,39.0,False,39.0
2024-12-11 16:00:00,360644.0,39.0,False,39.0
2024-12-11 17:00:00,360685.0,41.0,False,41.0
2024-12-11 18:00:00,360727.0,42.0,False,42.0
2024-12-11 19:00:00,360761.0,34.0,False,34.0
2024-12-11 20:00:00,360792.0,31.0,False,31.0
2024-12-11 21:00:00,360819.0,27.0,False,27.0
2024-12-11 22:00:00,360847.0,28.0,False,28.0
2024-12-11 23:00:00,360871.0,24.0,False,24.0
2024-12-12 00:00:00,360896.0,25.0,False,25.0
2024-12-12 01:00:00,360916.0,20.0,False,20.0
2024-12-12 02:00:00,360932.0,16.0,False,16.0
2024-12-12 03:00:00,360946.0,14.0,False,14.0
2024-12-12 04:00:00,360961.0,15.0,False,15.0
2024-12-12 05:00:00,360975.0,14.0,False,14.0
2024-12-12 06:00:00,360990.0,15.0,False,15.0
2024-12-12 07:00:00,361005.0,15.0,False,15.0
2024-12-12 08:00:00,361024.0,19.0,False,19.0
2024-12-12 09:00:00,361057.0,33.0,False,33.0
2024-12-12 10:00:00,361096.0,39.0,False,39.0
2024-12-12 11:00:00,361142.0,46.0,False,46.0
2024-12-12 12:00:00,361196.0,54.0,False,54.0
2024-12-12 13:00:00,361243.0,47.0,False,47.0
2024-12-12 14:00:00,361291.0,48.0,False,48.0
2024-12-12 15:00:00,361347.0,56.0,False,56.0
2024-12-12 16:00:00,361406.0,59.0,False,59.0
2024-12-12 17:00:00,361468.0,62.0,True,38.33
2024-12-12 18:00:00,361525.0,57.0,False,57.0
2024-12-12 19:00:00,361574.0,49.0,False,49.0
2024-12-12 20:00:00,361616.0,42.0,False,42.0
2024-12-12 21:00:00,361659.0,43.0,False,43.0
2024-12-12 22:00:00,361695.0,36.0,False,36.0
2024-12-12 23:00:00,361726.0,31.0,False,31.0
2024-12-13 00:00:00,361748.0,22.0,False,22.0
2024-12-13 01:00:00,361767.0,19.0,False,19.0
2024-12-13 02:00:00,361785.0,18.0,False,18.0
2024-12-13 03:00:00,361803.0,18.0,False,18.0
2024-12-13 04:00:00,361823.0,20.0,False,20.0
2024-12-13 05:00:00,361841.0,18.0,False,18.0
2024-12-13 06:00:00,361859.0,18.0,False,18.0
2024-12-13 07:00:00,361878.0,19.0,False,19.0
2024-12-13 08:00:00,361899.0,21.0,False,21.0
2024-12-13 09:00:00,361933.0,34.0,False,34.0
2024-12-13 10:00:00,361985.0,52.0,False,52.0
2024-12-13 11:00:00,362037.0,52.0,False,52.0
2024-12-13 12:00:00,362084.0,47.0,False,47.0
2024-12-13 13:00:00,362129.0,45.0,False,45.0
2024-12-13 14:00:00,362173.0,44.0,False,44.0
2024-12-13 15:00:00,362215.0,42.0,False,42.0
2024-12-13 16:00:00,362265.0,50.0,False,50.0
2024-12-13 17:00:00,362311.0,46.0,False,46.0
2024-12-13 18:00:00,362358.0,47.0,False,47.0
2024-12-13 19:00:00,362390.0,32.0,False,32.0
2024-12-13 20:00:00,362421.0,31.0,False,31.0
2024-12-13 21:00:00,362449.0,28.0,False,28.0
2024-12-13 22:00:00,362478.0,29.0,False,29.0
2024-12-13 23:00:00,362503.0,25.0,False,25.0
2024-12-14 00:00:00,362522.0,19.0,False,19.0
2024-12-14 01:00:00,362537.0,15.0,False,15.0
2024-12-14 02:00:00,362553.0,16.0,False,16.0
2024-12-14 03:00:00,362569.0,16.0,False,16.0
2024-12-14 04:00:00,362584.0,15.0,False,15.0
2024-12-14 05:00:00,362599.0,15.0,False,15.0
2024-12-14 06:00:00,362614.0,15.0,False,15.0
2024-12-14 07:00:00,362629.0,15.0,False,15.0
2024-12-14 08:00:00,362646.0,17.0,False,17.0
2024-12-14 09:00:00,362669.0,23.0,False,23.0
2024-12-14 10:00:00,362690.0,21.0,False,21.0
2024-12-14 11:00:00,362716.0,26.0,False,26.0
2024-12-14 12:00:00,362744.0,28.0,False,28.0
2024-12-14 13:00:00,362772.0,28.0,False,28.0
2024-12-14 14:00:00,362805.0,33.0,False,33.0
2024-12-14 15:00:00,362843.0,38.0,False,38.0
2024-12-14 16:00:00,362883.0,40.0,False,40.0
2024-12-14 17:00:00,362926.0,43.0,False,43.0
2024-12-14 18:00:00,362968.0,42.0,False,42.0
2024-12-14 19:00:00,363005.0,37.0,False,37.0
2024-12-14 20:00:00,363035.0,30.0,False,30.0
2024-12-14 21:00:00,363059.0,24.0,False,24.0
2024-12-14 22:00:00,363085.0,26.0,False,26.0
2024-12-14 23:00:00,363110.0,25.0,False,25.0
2024-12-15 00:00:00,363129.0,19.0,False,19.0
2024-12-15 01:00:00,363145.0,16.0,False,16.0
2024-12-15 02:00:00,363160.0,15.0,False,15.0
2024-12-15 03:00:00,363175.0,15.0,False,15.0
2024-12-15 04:00:00,363190.0,15.0,False,15.0
2024-12-15 05:00:00,363205.0,15.0,False,15.0
2024-12-15 06:00:00,363221.0,16.0,False,16.0
2024-12-15 07:00:00,363235.0,14.0,False,14.0
2024-12-15 08:00:00,363251.0,16.0,False,16.0
2024-12-15 09:00:00,363269.0,18.0,False,18.0
2024-12-15 10:00:00,363285.0,16.0,False,16.0
2024-12-15 11:00:00,363302.0,17.0,False,17.0
2024-12-15 12:00:00,363321.0,19.0,False,19.0
2024-12-15 13:00:00,363341.0,20.0,False,20.0
2024-12-15 14:00:00,363365.0,24.0,False,24.0
2024-12-15 15:00:00,363390.0,25.0,False,25.0
2024-12-15 16:00:00,363412.0,22.0,False,22.0
2024-12-15 17:00:00,363436.0,24.0,False,24.0
2024-12-15 18:00:00,363465.0,29.0,False,29.0
2024-12-15 19:00:00,363494.0,29.0,False,29.0
2024-12-15 20:00:00,363526.0,32.0,False,32.0
2024-12-15 21:00:00,363558.0,32.0,False,32.0
2024-12-15 22:00:00,363584.0,26.0,False,26.0
2024-12-15 23:00:00,363604.0,20.0,False,20.0
2024-12-16 00:00:00,363621.0,17.0,False,17.0
2024-12-16 01:00:00,363638.0,17.0,False,17.0
2024-12-16 02:00:00,363653.0,15.0,False,15.0
2024-12-16 03:00:00,363667.0,14.0,False,14.0
2024-12-16 04:00:00,363681.0,14.0,False,14.0
2024-12-16 05:00:00,363693.0,12.0,False,12.0
2024-12-16 06:00:00,363706.0,13.0,False,13.0
2024-12-16 07:00:00,363718.0,12.0,False,12.0
2024-12-16 08:00:00,363734.0,16.0,False,16.0
2024-12-16 09:00:00,363768.0,34.0,False,34.0
2024-12-16 10:00:00,363814.0,46.0,False,46.0
2024-12-16 11:00:00,363867.0,53.0,False,53.0
2024-12-16 12:00:00,363913.0,46.0,False,46.0
2024-12-16 13:00:00,363959.0,46.0,False,46.0
2024-12-16 14:00:00,364003.0,44.0,False,44.0
2024-12-16 15:00:00,364056.0,53.0,False,53.0
2024-12-16 16:00:00,364114.0,58.0,False,58.0
2024-12-16 17:00:00,364173.0,59.0,False,59.0
2024-12-16 18:00:00,364245.0,72.0,True,44.71
2024-12-16 19:00:00,364297.0,52.0,False,52.0
2024-12-16 20:00:00,364337.0,40.0,False,40.0
2024-12-16 21:00:00,364373.0,36.0,False,36.0
2024-12-16 22:00:00,364408.0,35.0,False,35.0
2024-12-16 23:00:00,364437.0,29.0,False,29.0
2024-12-17 00:00:00,364457.0,20.0,False,20.0
2024-12-17 01:00:00,364473.0,16.0,False,16.0
2024-12-17 02:00:00,364487.0,14.0,False,14.0
2024-12-17 03:00:00,364501.0,14.0,False,14.0
2024-12-17 04:00:00,364515.0,14.0,False,14.0
2024-12-17 05:00:00,364529.0,14.0,False,14.0
2024-12-17 06:00:00,364543.0,14.0,False,14.0
2024-12-17 07:00:00,364557.0,14.0,False,14.0
2024-12-17 08:00:00,364573.0,16.0,False,16.0
2024-12-17 09:00:00,364606.0,33.0,False,33.0
2024-12-17 10:00:00,364643.0,37.0,False,37.0
2024-12-17 11:00:00,364686.0,43.0,False,43.0
2024-12-17 12:00:00,364734.0,48.0,False,48.0
2024-12-17 13:00:00,364783.0,49.0,False,49.0
2024-12-17 14:00:00,364833.0,50.0,False,50.0
2024-12-17 15:00:00,364888.0,55.0,False,55.0
2024-12-17 16:00:00,364956.0,68.0,False,68.0
2024-12-17 17:00:00,365015.0,59.0,False,59.0
2024-12-17 18:00:00,365063.0,48.0,False,48.0
2024-12-17 19:00:00,365103.0,40.0,False,40.0
2024-12-17 20:00:00,365140.0,37.0,False,37.0
2024-12-17 21:00:00,365174.0,34.0,False,34.0
2024-12-17 22:00:00,365204.0,30.0,False,30.0
2024-12-17 23:00:00,365231.0,27.0,False,27.0
2024-12-18 00:00:00,365250.0,19.0,False,19.0
2024-12-18 01:00:00,365267.0,17.0,False,17.0
2024-12-18 02:00:00,365285.0,18.0,False,18.0
2024-12-18 03:00:00,365301.0,16.0,False,16.0
2024-12-18 04:00:00,365315.0,14.0,False,14.0
2024-12-18 05:00:00,365330.0,15.0,False,15.0
2024-12-18 06:00:00,365345.0,15.0,False,15.0
2024-12-18 07:00:00,365359.0,14.0,False,14.0
2024-12-18 08:00:00,365378.0,19.0,False,19.0
2024-12-18 09:00:00,365417.0,39.0,False,39.0
2024-12-18 10:00:00,365460.0,43.0,False,43.0
2024-12-18 11:00:00,365508.0,48.0,False,48.0
2024-12-18 12:00:00,365563.0,55.0,False,55.0
2024-12-18 13:00:00,365611.0,48.0,False,48.0
2024-12-18 14:00:00,365668.0,57.0,False,57.0
2024-12-18 15:00:00,365731.0,63.0,False,63.0
2024-12-18 16:00:00,365805.0,74.0,True,48.0
2024-12-18 17:00:00,365880.0,75.0,True,45.33
2024-12-18 18:00:00,365935.0,55.0,False,55.0
2024-12-18 19:00:00,365977.0,42.0,False,42.0
2024-12-18 20:00:00,366015.0,38.0,False,38.0
2024-12-18 21:00:00,366058.0,43.0,False,43.0
2024-12-18 22:00:00,366098.0,40.0,False,40.0
2024-12-18 23:00:00,366138.0,40.0,False,40.0
2024-12-19 00:00:00,366173.0,35.0,False,35.0
2024-12-19 01:00:00,366203.0,30.0,False,30.0
2024-12-19 02:00:00,366224.0,21.0,False,21.0
2024-12-19 03:00:00,366240.0,16.0,False,16.0
2024-12-19 04:00:00,366255.0,15.0,False,15.0
2024-12-19 05:00:00,366270.0,15.0,False,15.0
2024-12-19 06:00:00,366287.0,17.0,False,17.0
2024-12-19 07:00:00,366308.0,21.0,False,21.0
2024-12-19 08:00:00,366329.0,21.0,False,21.0
2024-12-19 09:00:00,366365.0,36.0,False,36.0
2024-12-19 10:00:00,366408.0,43.0,False,43.0
2024-12-19 11:00:00,366459.0,51.0,False,51.0
2024-12-19 12:00:00,366507.0,48.0,False,48.0
2024-12-19 13:00:00,366550.0,43.0,False,43.0
2024-12-19 14:00:00,366600.0,50.0,False,50.0
2024-12-19 15:00:00,366648.0,48.0,False,48.0
2024-12-19 16:00:00,366693.0,45.0,False,45.0
2024-12-19 17:00:00,366738.0,45.0,False,45.0
2024-12-19 18:00:00,366783.0,45.0,False,45.0
2024-12-19 19:00:00,366822.0,39.0,False,39.0
2024-12-19 20:00:00,366860.0,38.0,False,38.0
2024-12-19 21:00:00,366905.0,45.0,False,45.0
2024-12-19 22:00:00,366946.0,41.0,False,41.0
2024-12-19 23:00:00,366980.0,34.0,False,34.0
2024-12-20 00:00:00,367002.0,22.0,False,22.0
2024-12-20 01:00:00,367017.0,15.0,False,15.0
2024-12-20 02:00:00,367032.0,15.0,False,15.0
2024-12-20 03:00:00,367047.0,15.0,False,15.0
2024-12-20 04:00:00,367063.0,16.0,False,16.0
2024-12-20 05:00:00,367078.0,15.0,False,15.0
2024-12-20 06:00:00,367093.0,15.0,False,15.0
2024-12-20 07:00:00,367108.0,15.0,False,15.0
2024-12-20 08:00:00,367124.0,16.0,False,16.0
2024-12-20 09:00:00,367157.0,33.0,False,33.0
2024-12-20 10:00:00,367201.0,44.0,False,44.0
2024-12-20 11:00:00,367251.0,50.0,False,50.0
2024-12-20 12:00:00,367305.0,54.0,False,54.0
2024-12-20 13:00:00,367351.0,46.0,False,46.0
2024-12-20 14:00:00,367405.0,54.0,False,54.0
2024-12-20 15:00:00,367466.0,61.0,False,61.0
2024-12-20 16:00:00,367536.0,70.0,False,70.0
2024-12-20 17:00:00,367605.0,69.0,False,69.0
2024-12-20 18:00:00,367658.0,53.0,False,53.0
2024-12-20 19:00:00,367703.0,45.0,False,45.0
2024-12-20 20:00:00,367741.0,38.0,False,38.0
2024-12-20 21:00:00,367769.0,28.0,False,28.0
2024-12-20 22:00:00,367794.0,25.0,False,25.0
2024-12-20 23:00:00,367817.0,23.0,False,23.0
2024-12-21 00:00:00,367837.0,20.0,False,20.0
2024-12-21 01:00:00,367850.0,13.0,False,13.0
2024-12-21 02:00:00,367861.0,11.0,False,11.0
2024-12-21 03:00:00,367873.0,12.0,False,12.0
2024-12-21 04:00:00,367885.0,12.0,False,12.0
2024-12-21 05:00:00,367897.0,12.0,False,12.0
2024-12-21 06:00:00,367908.0,11.0,False,11.0
2024-12-21 07:00:00,367920.0,12.0,False,12.0
2024-12-21 08:00:00,367932.0,12.0,False,12.0
2024-12-21 09:00:00,367951.0,19.0,False,19.0
2024-12-21 10:00:00,367973.0,22.0,False,22.0
2024-12-21 11:00:00,367994.0,21.0,False,21.0
2024-12-21 12:00:00,368014.0,20.0,False,20.0
2024-12-21 13:00:00,368038.0,24.0,False,24.0
2024-12-21 14:00:00,368061.0,23.0,False,23.0
2024-12-21 15:00:00,368091.0,30.0,False,30.0
2024-12-21 16:00:00,368123.0,32.0,False,32.0
2024-12-21 17:00:00,368153.0,30.0,False,30.0
2024-12-21 18:00:00,368192.0,39.0,False,39.0
2024-12-21 19:00:00,368228.0,36.0,False,36.0
2024-12-21 20:00:00,368260.0,32.0,False,32.0
2024-12-21 21:00:00,368296.0,36.0,False,36.0
2024-12-21 22:00:00,368331.0,35.0,False,35.0
2024-12-21 23:00:00,368355.0,24.0,False,24.0
2024-12-22 00:00:00,368376.0,21.0,False,21.0
2024-12-22 01:00:00,368391.0,15.0,False,15.0
2024-12-22 02:00:00,368405.0,14.0,False,14.0
2024-12-22 03:00:00,368420.0,15.0,False,15.0
2024-12-22 04:00:00,368435.0,15.0,False,15.0
2024-12-22 05:00:00,368450.0,15.0,False,15.0
2024-12-22 06:00:00,368464.0,14.0,False,14.0
2024-12-22 07:00:00,368480.0,16.0,False,16.0
2024-12-22 08:00:00,368498.0,18.0,False,18.0
2024-12-22 09:00:00,368519.0,21.0,False,21.0
2024-12-22 10:00:00,368544.0,25.0,False,25.0
2024-12-22 11:00:00,368572.0,28.0,False,28.0
2024-12-22 12:00:00,368603.0,31.0,False,31.0
2024-12-22 13:00:00,368639.0,36.0,False,36.0
2024-12-22 14:00:00,368679.0,40.0,False,40.0
2024-12-22 15:00:00,368720.0,41.0,False,41.0
2024-12-22 16:00:00,368763.0,43.0,False,43.0
2024-12-22 17:00:00,368809.0,46.0,False,46.0
2024-12-22 18:00:00,368864.0,55.0,False,55.0
2024-12-22 19:00:00,368914.0,50.0,False,50.0
2024-12-22 20:00:00,368963.0,49.0,False,49.0
2024-12-22 21:00:00,369000.0,37.0,False,37.0
2024-12-22 22:00:00,369030.0,30.0,False,30.0
2024-12-22 23:00:00,369053.0,23.0,False,23.0
2024-12-23 00:00:00,369069.0,16.0,False,16.0
2024-12-23 01:00:00,369083.0,14.0,False,14.0
2024-12-23 02:00:00,369096.0,13.0,False,13.0
2024-12-23 03:00:00,369108.0,12.0,False,12.0
2024-12-23 04:00:00,369121.0,13.0,False,13.0
2024-12-23 05:00:00,369133.0,12.0,False,12.0
2024-12-23 06:00:00,369146.0,13.0,False,13.0
2024-12-23 07:00:00,369160.0,14.0,False,14.0
2024-12-23 08:00:00,369178.0,18.0,False,18.0
2024-12-23 09:00:00,369218.0,40.0,False,40.0
2024-12-23 10:00:00,369276.0,58.0,False,58.0
2024-12-23 11:00:00,369336.0,60.0,False,60.0
2024-12-23 12:00:00,369399.0,63.0,False,63.0
2024-12-23 13:00:00,369457.0,58.0,False,58.0
2024-12-23 14:00:00,369514.0,57.0,False,57.0
2024-12-23 15:00:00,369584.0,70.0,False,70.0
2024-12-23 16:00:00,369665.0,81.0,True,52.67
2024-12-23 17:00:00,369752.0,87.0,True,51.33
2024-12-23 18:00:00,369842.0,90.0,True,49.17
2024-12-23 19:00:00,369911.0,69.0,False,69.0
2024-12-23 20:00:00,369978.0,67.0,False,67.0
2024-12-23 21:00:00,370044.0,66.0,False,66.0
2024-12-23 22:00:00,370095.0,51.0,False,51.0
2024-12-23 23:00:00,370120.0,25.0,False,25.0
2024-12-24 00:00:00,370144.0,24.0,False,24.0
2024-12-24 01:00:00,370163.0,19.0,False,19.0
2024-12-24 02:00:00,370180.0,17.0,False,17.0
2024-12-24 03:00:00,370198.0,18.0,False,18.0
2024-12-24 04:00:00,370215.0,17.0,False,17.0
2024-12-24 05:00:00,370233.0,18.0,False,18.0
2024-12-24 06:00:00,370251.0,18.0,False,18.0
2024-12-24 07:00:00,370270.0,19.0,False,19.0
2024-12-24 08:00:00,370291.0,21.0,False,21.0
2024-12-24 09:00:00,370326.0,35.0,False,35.0
2024-12-24 10:00:00,370367.0,41.0,False,41.0
2024-12-24 11:00:00,370415.0,48.0,False,48.0
2024-12-24 12:00:00,370466.0,51.0,False,51.0
2024-12-24 13:00:00,370511.0,45.0,False,45.0
2024-12-24 14:00:00,370558.0,47.0,False,47.0
2024-12-24 15:00:00,370617.0,59.0,False,59.0
2024-12-24 16:00:00,370673.0,56.0,False,56.0
2024-12-24 17:00:00,370729.0,56.0,False,56.0
2024-12-24 18:00:00,370783.0,54.0,False,54.0
2024-12-24 19:00:00,370834.0,51.0,False,51.0
2024-12-24 20:00:00,370881.0,47.0,False,47.0
2024-12-24 21:00:00,370914.0,33.0,False,33.0
2024-12-24 22:00:00,370944.0,30.0,False,30.0
2024-12-24 23:00:00,370970.0,26.0,False,26.0
2024-12-25 00:00:00,370989.0,19.0,False,19.0
2024-12-25 01:00:00,371007.0,18.0,False,18.0
2024-12-25 02:00:00,371024.0,17.0,False,17.0
2024-12-25 03:00:00,371039.0,15.0,False,15.0
2024-12-25 04:00:00,371055.0,16.0,False,16.0
2024-12-25 05:00:00,371070.0,15.0,False,15.0
2024-12-25 06:00:00,371085.0,15.0,False,15.0
2024-12-25 07:00:00,371103.0,18.0,False,18.0
2024-12-25 08:00:00,371124.0,21.0,False,21.0
2024-12-25 09:00:00,371153.0,29.0,False,29.0
2024-12-25 10:00:00,371193.0,40.0,False,40.0
2024-12-25 11:00:00,371242.0,49.0,False,49.0
2024-12-25 12:00:00,371291.0,49.0,False,49.0
2024-12-25 13:00:00,371335.0,44.0,False,44.0
2024-12-25 14:00:00,371381.0,46.0,False,46.0
2024-12-25 15:00:00,371437.0,56.0,False,56.0
2024-12-25 16:00:00,371493.0,56.0,False,56.0
2024-12-25 17:00:00,371552.0,59.0,False,59.0
2024-12-25 18:00:00,371610.0,58.0,False,58.0
2024-12-25 19:00:00,371669.0,59.0,False,59.0
2024-12-25 20:00:00,371725.0,56.0,False,56.0
2024-12-25 21:00:00,371761.0,36.0,False,36.0
2024-12-25 22:00:00,371794.0,33.0,False,33.0
2024-12-25 23:00:00,371823.0,29.0,False,29.0
2024-12-26 00:00:00,371847.0,24.0,False,24.0
2024-12-26 01:00:00,371866.0,19.0,False,19.0
2024-12-26 02:00:00,371883.0,17.0,False,17.0
2024-12-26 03:00:00,371900.0,17.0,False,17.0
2024-12-26 04:00:00,371916.0,16.0,False,16.0
2024-12-26 05:00:00,371933.0,17.0,False,17.0
2024-12-26 06:00:00,371950.0,17.0,False,17.0
2024-12-26 07:00:00,371968.0,18.0,False,18.0
2024-12-26 08:00:00,371986.0,18.0,False,18.0
2024-12-26 09:00:00,372019.0,33.0,False,33.0
2024-12-26 10:00:00,372065.0,46.0,False,46.0
2024-12-26 11:00:00,372126.0,61.0,False,61.0
2024-12-26 12:00:00,372183.0,57.0,False,57.0
2024-12-26 13:00:00,372239.0,56.0,False,56.0
2024-12-26 14:00:00,372296.0,57.0,False,57.0
2024-12-26 15:00:00,372354.0,58.0,False,58.0
2024-12-26 16:00:00,372418.0,64.0,False,64.0
2024-12-26 17:00:00,372482.0,64.0,False,64.0
2024-12-26 18:00:00,372549.0,67.0,True,50.67
2024-12-26 19:00:00,372608.0,59.0,False,59.0
2024-12-26 20:00:00,372659.0,51.0,False,51.0
2024-12-26 21:00:00,372696.0,37.0,False,37.0
2024-12-26 22:00:00,372728.0,32.0,False,32.0
2024-12-26 23:00:00,372754.0,26.0,False,26.0
2024-12-27 00:00:00,372777.0,23.0,False,23.0
2024-12-27 01:00:00,372798.0,21.0,False,21.0
2024-12-27 02:00:00,372814.0,16.0,False,16.0
2024-12-27 03:00:00,372831.0,17.0,False,17.0
2024-12-27 04:00:00,372848.0,17.0,False,17.0
2024-12-27 05:00:00,372864.0,16.0,False,16.0
2024-12-27 06:00:00,372881.0,17.0,False,17.0
2024-12-27 07:00:00,372900.0,19.0,False,19.0
2024-12-27 08:00:00,372921.0,21.0,False,21.0
2024-12-27 09:00:00,372961.0,40.0,False,40.0
2024-12-27 10:00:00,373016.0,55.0,False,55.0
2024-12-27 11:00:00,373088.0,72.0,True,45.29
2024-12-27 12:00:00,373158.0,70.0,True,46.43
2024-12-27 13:00:00,373211.0,53.0,False,53.0
2024-12-27 14:00:00,373256.0,45.0,False,45.0
2024-12-27 15:00:00,373308.0,52.0,False,52.0
2024-12-27 16:00:00,373363.0,55.0,False,55.0
2024-12-27 17:00:00,373422.0,59.0,False,59.0
2024-12-27 18:00:00,373490.0,68.0,True,51.8
2024-12-27 19:00:00,373546.0,56.0,False,56.0
2024-12-27 20:00:00,373589.0,43.0,False,43.0
2024-12-27 21:00:00,373622.0,33.0,False,33.0
2024-12-27 22:00:00,373651.0,29.0,False,29.0
2024-12-27 23:00:00,373679.0,28.0,False,28.0
2024-12-28 00:00:00,373701.0,22.0,False,22.0
2024-12-28 01:00:00,373723.0,22.0,False,22.0
2024-12-28 02:00:00,373742.0,19.0,False,19.0
2024-12-28 03:00:00,373760.0,18.0,False,18.0
2024-12-28 04:00:00,373777.0,17.0,False,17.0
2024-12-28 05:00:00,373794.0,17.0,False,17.0
2024-12-28 06:00:00,373811.0,17.0,False,17.0
2024-12-28 07:00:00,373830.0,19.0,False,19.0
2024-12-28 08:00:00,373851.0,21.0,False,21.0
2024-12-28 09:00:00,373879.0,28.0,False,28.0
2024-12-28 10:00:00,373915.0,36.0,False,36.0
2024-12-28 11:00:00,373949.0,34.0,False,34.0
2024-12-28 12:00:00,373986.0,37.0,False,37.0
2024-12-28 13:00:00,374014.0,28.0,False,28.0
2024-12-28 14:00:00,374039.0,25.0,False,25.0
2024-12-28 15:00:00,374063.0,24.0,False,24.0
2024-12-28 16:00:00,374092.0,29.0,False,29.0
2024-12-28 17:00:00,374127.0,35.0,False,35.0
2024-12-28 18:00:00,374161.0,34.0,False,34.0
2024-12-28 19:00:00,374205.0,44.0,False,44.0
2024-12-28 20:00:00,374246.0,41.0,False,41.0
2024-12-28 21:00:00,374273.0,27.0,False,27.0
2024-12-28 22:00:00,374298.0,25.0,False,25.0
2024-12-28 23:00:00,374322.0,24.0,False,24.0
2024-12-29 00:00:00,374342.0,20.0,False,20.0
2024-12-29 01:00:00,374358.0,16.0,False,16.0
2024-12-29 02:00:00,374372.0,14.0,False,14.0
2024-12-29 03:00:00,374386.0,14.0,False,14.0
2024-12-29 04:00:00,374400.0,14.0,False,14.0
2024-12-29 05:00:00,374414.0,14.0,False,14.0
2024-12-29 06:00:00,374427.0,13.0,False,13.0
2024-12-29 07:00:00,374444.0,17.0,False,17.0
2024-12-29 08:00:00,374460.0,16.0,False,16.0
2024-12-29 09:00:00,374478.0,18.0,False,18.0
2024-12-29 10:00:00,374500.0,22.0,False,22.0
2024-12-29 11:00:00,374527.0,27.0,False,27.0
2024-12-29 12:00:00,374561.0,34.0,False,34.0
2024-12-29 13:00:00,374594.0,33.0,False,33.0
2024-12-29 14:00:00,374626.0,32.0,False,32.0
2024-12-29 15:00:00,374655.0,29.0,False,29.0
2024-12-29 16:00:00,374682.0,27.0,False,27.0
2024-12-29 17:00:00,374716.0,34.0,False,34.0
2024-12-29 18:00:00,374754.0,38.0,False,38.0
2024-12-29 19:00:00,374794.0,40.0,False,40.0
2024-12-29 20:00:00,374835.0,41.0,False,41.0
2024-12-29 21:00:00,374861.0,26.0,False,26.0
2024-12-29 22:00:00,374886.0,25.0,False,25.0
2024-12-29 23:00:00,374908.0,22.0,False,22.0
2024-12-30 00:00:00,374925.0,17.0,False,17.0
2024-12-30 01:00:00,374940.0,15.0,False,15.0
2024-12-30 02:00:00,374954.0,14.0,False,14.0
2024-12-30 03:00:00,374968.0,14.0,False,14.0
2024-12-30 04:00:00,374982.0,14.0,False,14.0
2024-12-30 05:00:00,374996.0,14.0,False,14.0
2024-12-30 06:00:00,375010.0,14.0,False,14.0
2024-12-30 07:00:00,375026.0,16.0,False,16.0
2024-12-30 08:00:00,375045.0,19.0,False,19.0
2024-12-30 09:00:00,375082.0,37.0,False,37.0
2024-12-30 10:00:00,375132.0,50.0,False,50.0
2024-12-30 11:00:00,375188.0,56.0,False,56.0
2024-12-30 12:00:00,375247.0,59.0,False,59.0
2024-12-30 13:00:00,375293.0,46.0,False,46.0
2024-12-30 14:00:00,375338.0,45.0,False,45.0
2024-12-30 15:00:00,375406.0,68.0,False,68.0
2024-12-30 16:00:00,375466.0,60.0,False,60.0
2024-12-30 17:00:00,375520.0,54.0,False,54.0
2024-12-30 18:00:00,375575.0,55.0,False,55.0
2024-12-30 19:00:00,375620.0,45.0,False,45.0
2024-12-30 20:00:00,375661.0,41.0,False,41.0
2024-12-30 21:00:00,375699.0,38.0,False,38.0
2024-12-30 22:00:00,375735.0,36.0,False,36.0
2024-12-30 23:00:00,375767.0,32.0,False,32.0
2024-12-31 00:00:00,375791.0,24.0,False,24.0
2024-12-31 01:00:00,375808.0,17.0,False,17.0
2024-12-31 02:00:00,375825.0,17.0,False,17.0
2024-12-31 03:00:00,375843.0,18.0,False,18.0
2024-12-31 04:00:00,375861.0,18.0,False,18.0
2024-12-31 05:00:00,375877.0,16.0,False,16.0
2024-12-31 06:00:00,375894.0,17.0,False,17.0
2024-12-31 07:00:00,375912.0,18.0,False,18.0
2024-12-31 08:00:00,375934.0,22.0,False,22.0
2024-12-31 09:00:00,375966.0,32.0,False,32.0
2024-12-31 10:00:00,376008.0,42.0,False,42.0
2024-12-31 11:00:00,376060.0,52.0,False,52.0
2024-12-31 12:00:00,376107.0,47.0,False,47.0
2024-12-31 13:00:00,376156.0,49.0,False,49.0
2024-12-31 14:00:00,376206.0,50.0,False,50.0
2024-12-31 15:00:00,376256.0,50.0,False,50.0
2024-12-31 16:00:00,376308.0,52.0,False,52.0
2024-12-31 17:00:00,376358.0,50.0,False,50.0
2024-12-31 18:00:00,376403.0,45.0,False,45.0
2024-12-31 19:00:00,376446.0,43.0,False,43.0
2024-12-31 20:00:00,376484.0,38.0,False,38.0
2024-12-31 21:00:00,376513.0,29.0,False,29.0
2024-12-31 22:00:00,376537.0,24.0,False,24.0
2024-12-31 23:00:00,376559.0,22.0,False,22.0
