timestamp,load_kwh
2024/1/1 00:00,
2024/1/1 01:00,
2024/1/1 02:00,
2024/1/1 03:00,
2024/1/1 04:00,
2024/1/1 05:00,
2024/1/1 06:00,
2024/1/1 07:00,
2024/1/1 08:00,
2024/1/1 09:00,
2024/1/1 10:00,
2024/1/1 11:00,
2024/1/1 12:00,
2024/1/1 13:00,
2024/1/1 14:00,
2024/1/1 15:00,
2024/1/1 16:00,
2024/1/1 17:00,
2024/1/1 18:00,
2024/1/1 19:00,
2024/1/1 20:00,
2024/1/1 21:00,
2024/1/1 22:00,
2024/1/1 23:00,
2024/1/2 00:00,
2024/1/2 01:00,
2024/1/2 02:00,
2024/1/2 03:00,
2024/1/2 04:00,
2024/1/2 05:00,
2024/1/2 06:00,
2024/1/2 07:00,
2024/1/2 08:00,
2024/1/2 09:00,
2024/1/2 10:00,
2024/1/2 11:00,
2024/1/2 12:00,
2024/1/2 13:00,
2024/1/2 14:00,
2024/1/2 15:00,
2024/1/2 16:00,
2024/1/2 17:00,
2024/1/2 18:00,
2024/1/2 19:00,
2024/1/2 20:00,
2024/1/2 21:00,
2024/1/2 22:00,
2024/1/2 23:00,
2024/1/3 00:00,
2024/1/3 01:00,
2024/1/3 02:00,
2024/1/3 03:00,
2024/1/3 04:00,
2024/1/3 05:00,
2024/1/3 06:00,
2024/1/3 07:00,
2024/1/3 08:00,
2024/1/3 09:00,
2024/1/3 10:00,
2024/1/3 11:00,
2024/1/3 12:00,
2024/1/3 13:00,
2024/1/3 14:00,
2024/1/3 15:00,
2024/1/3 16:00,
2024/1/3 17:00,
2024/1/3 18:00,
2024/1/3 19:00,60272
2024/1/3 20:00,60272
2024/1/3 21:00,60272
2024/1/3 22:00,60272
2024/1/3 23:00,60272
2024/1/4 00:00,60272
2024/1/4 01:00,60272
2024/1/4 02:00,60272
2024/1/4 03:00,60272
2024/1/4 04:00,60272
2024/1/4 05:00,60272
2024/1/4 06:00,60272
2024/1/4 07:00,60272
2024/1/4 08:00,60272
2024/1/4 09:00,60272
2024/1/4 10:00,60272
2024/1/4 11:00,60272
2024/1/4 12:00,60272
2024/1/4 13:00,60272
2024/1/4 14:00,60272
2024/1/4 15:00,60272
2024/1/4 16:00,60272
2024/1/4 17:00,60272
2024/1/4 18:00,60272
2024/1/4 19:00,60272
2024/1/4 20:00,60272
2024/1/4 21:00,60272
2024/1/4 22:00,60272
2024/1/4 23:00,60272
2024/1/5 00:00,60272
2024/1/5 01:00,60272
2024/1/5 02:00,60272
2024/1/5 03:00,60272
2024/1/5 04:00,60272
2024/1/5 05:00,60272
2024/1/5 06:00,60272
2024/1/5 07:00,60272
2024/1/5 08:00,60272
2024/1/5 09:00,60272
2024/1/5 10:00,60272
2024/1/5 11:00,
2024/1/5 12:00,62051
2024/1/5 13:00,62146
2024/1/5 14:00,62232
2024/1/5 15:00,62324
2024/1/5 16:00,62415
2024/1/5 17:00,62487
2024/1/5 18:00,62555
2024/1/5 19:00,62609
2024/1/5 20:00,62665
2024/1/5 21:00,62716
2024/1/5 22:00,62760
2024/1/5 23:00,62799
2024/1/6 00:00,62834
2024/1/6 01:00,62861
2024/1/6 02:00,62887
2024/1/6 03:00,62913
2024/1/6 04:00,62939
2024/1/6 05:00,62965
2024/1/6 06:00,62991
2024/1/6 07:00,63018
2024/1/6 08:00,63045
2024/1/6 09:00,63072
2024/1/6 10:00,63108
2024/1/6 11:00,63152
2024/1/6 12:00,63192
2024/1/6 13:00,63228
2024/1/6 14:00,63266
2024/1/6 15:00,63309
2024/1/6 16:00,63344
2024/1/6 17:00,63383
2024/1/6 18:00,63427
2024/1/6 19:00,63466
2024/1/6 20:00,63503
2024/1/6 21:00,63539
2024/1/6 22:00,63576
2024/1/6 23:00,63609
2024/1/7 00:00,63640
2024/1/7 01:00,63663
2024/1/7 02:00,63684
2024/1/7 03:00,63709
2024/1/7 04:00,63729
2024/1/7 05:00,63750
2024/1/7 06:00,63769
2024/1/7 07:00,63790
2024/1/7 08:00,63812
2024/1/7 09:00,63833
2024/1/7 10:00,63861
2024/1/7 11:00,63896
2024/1/7 12:00,63931
2024/1/7 13:00,63965
2024/1/7 14:00,64001
2024/1/7 15:00,64037
2024/1/7 16:00,64076
2024/1/7 17:00,64121
2024/1/7 18:00,64163
2024/1/7 19:00,64203
2024/1/7 20:00,64245
2024/1/7 21:00,64288
2024/1/7 22:00,64330
2024/1/7 23:00,64373
2024/1/8 00:00,64412
2024/1/8 01:00,64440
2024/1/8 02:00,64464
2024/1/8 03:00,64488
2024/1/8 04:00,64510
2024/1/8 05:00,64533
2024/1/8 06:00,64558
2024/1/8 07:00,64583
2024/1/8 08:00,64611
2024/1/8 09:00,64676
2024/1/8 10:00,64777
2024/1/8 11:00,64878
2024/1/8 12:00,64960
2024/1/8 13:00,65030
2024/1/8 14:00,65105
2024/1/8 15:00,65182
2024/1/8 16:00,65260
2024/1/8 17:00,65348
2024/1/8 18:00,65429
2024/1/8 19:00,65501
2024/1/8 20:00,65569
2024/1/8 21:00,65634
2024/1/8 22:00,65678
2024/1/8 23:00,65718
2024/1/9 00:00,65748
2024/1/9 01:00,65773
2024/1/9 02:00,65798
2024/1/9 03:00,65822
2024/1/9 04:00,65846
2024/1/9 05:00,65870
2024/1/9 06:00,65894
2024/1/9 07:00,65917
2024/1/9 08:00,65941
2024/1/9 09:00,65984
2024/1/9 10:00,66047
2024/1/9 11:00,66111
2024/1/9 12:00,66175
2024/1/9 13:00,66234
2024/1/9 14:00,66294
2024/1/9 15:00,66371
2024/1/9 16:00,66448
2024/1/9 17:00,66527
2024/1/9 18:00,66600
2024/1/9 19:00,66654
2024/1/9 20:00,66701
2024/1/9 21:00,66749
2024/1/9 22:00,66793
2024/1/9 23:00,66829
2024/1/10 00:00,66860
2024/1/10 01:00,66885
2024/1/10 02:00,66908
2024/1/10 03:00,66932
2024/1/10 04:00,66956
2024/1/10 05:00,66979
2024/1/10 06:00,67002
2024/1/10 07:00,67025
2024/1/10 08:00,67052
2024/1/10 09:00,67103
2024/1/10 10:00,67180
2024/1/10 11:00,67273
2024/1/10 12:00,67361
2024/1/10 13:00,67438
2024/1/10 14:00,67521
2024/1/10 15:00,67599
2024/1/10 16:00,67672
2024/1/10 17:00,67747
2024/1/10 18:00,67812
2024/1/10 19:00,67867
2024/1/10 20:00,67920
2024/1/10 21:00,67969
2024/1/10 22:00,68015
2024/1/10 23:00,68057
2024/1/11 00:00,68093
2024/1/11 01:00,68128
2024/1/11 02:00,68162
2024/1/11 03:00,68202
2024/1/11 04:00,68245
2024/1/11 05:00,68271
2024/1/11 06:00,68295
2024/1/11 07:00,68319
2024/1/11 08:00,68348
2024/1/11 09:00,68403
2024/1/11 10:00,68474
2024/1/11 11:00,68559
2024/1/11 12:00,68640
2024/1/11 13:00,68718
2024/1/11 14:00,68801
2024/1/11 15:00,68887
2024/1/11 16:00,68974
2024/1/11 17:00,69054
2024/1/11 18:00,69133
2024/1/11 19:00,69206
2024/1/11 20:00,69258
2024/1/11 21:00,69303
2024/1/11 22:00,69352
2024/1/11 23:00,69390
2024/1/12 00:00,69424
2024/1/12 01:00,69452
2024/1/12 02:00,69478
2024/1/12 03:00,69502
2024/1/12 04:00,69526
2024/1/12 05:00,69550
2024/1/12 06:00,69573
2024/1/12 07:00,69597
2024/1/12 08:00,69627
2024/1/12 09:00,69684
2024/1/12 10:00,69760
2024/1/12 11:00,69840
2024/1/12 12:00,69919
2024/1/12 13:00,69991
2024/1/12 14:00,70063
2024/1/12 15:00,70143
2024/1/12 16:00,70231
2024/1/12 17:00,70321
2024/1/12 18:00,70383
2024/1/12 19:00,70433
2024/1/12 20:00,70477
2024/1/12 21:00,70520
2024/1/12 22:00,70560
2024/1/12 23:00,70593
2024/1/13 00:00,70628
2024/1/13 01:00,70664
2024/1/13 02:00,70697
2024/1/13 03:00,70725
2024/1/13 04:00,70751
2024/1/13 05:00,70771
2024/1/13 06:00,70790
2024/1/13 07:00,70810
2024/1/13 08:00,70830
2024/1/13 09:00,70858
2024/1/13 10:00,70897
2024/1/13 11:00,70951
2024/1/13 12:00,71008
2024/1/13 13:00,71048
2024/1/13 14:00,71085
2024/1/13 15:00,71122
2024/1/13 16:00,71160
2024/1/13 17:00,71199
2024/1/13 18:00,71236
2024/1/13 19:00,71279
2024/1/13 20:00,71326
2024/1/13 21:00,71386
2024/1/13 22:00,71445
2024/1/13 23:00,71488
2024/1/14 00:00,71526
2024/1/14 01:00,71555
2024/1/14 02:00,71576
2024/1/14 03:00,71598
2024/1/14 04:00,71619
2024/1/14 05:00,71640
2024/1/14 06:00,71661
2024/1/14 07:00,71681
2024/1/14 08:00,71704
2024/1/14 09:00,71733
2024/1/14 10:00,71767
2024/1/14 11:00,71806
2024/1/14 12:00,71848
2024/1/14 13:00,71887
2024/1/14 14:00,71923
2024/1/14 15:00,71962
2024/1/14 16:00,71999
2024/1/14 17:00,72038
2024/1/14 18:00,72077
2024/1/14 19:00,72113
2024/1/14 20:00,72153
2024/1/14 21:00,72199
2024/1/14 22:00,72243
2024/1/14 23:00,72294
2024/1/15 00:00,72342
2024/1/15 01:00,72371
2024/1/15 02:00,72393
2024/1/15 03:00,72414
2024/1/15 04:00,72436
2024/1/15 05:00,72459
2024/1/15 06:00,72481
2024/1/15 07:00,72503
2024/1/15 08:00,72527
2024/1/15 09:00,72571
2024/1/15 10:00,72642
2024/1/15 11:00,72726
2024/1/15 12:00,72826
2024/1/15 13:00,72911
2024/1/15 14:00,72992
2024/1/15 15:00,73083
2024/1/15 16:00,73174
2024/1/15 17:00,73268
2024/1/15 18:00,73348
2024/1/15 19:00,73424
2024/1/15 20:00,73497
2024/1/15 21:00,73576
2024/1/15 22:00,73636
2024/1/15 23:00,73684
2024/1/16 00:00,73724
2024/1/16 01:00,73754
2024/1/16 02:00,73782
2024/1/16 03:00,73809
2024/1/16 04:00,73836
2024/1/16 05:00,73860
2024/1/16 06:00,73883
2024/1/16 07:00,73905
2024/1/16 08:00,73933
2024/1/16 09:00,73984
2024/1/16 10:00,74058
2024/1/16 11:00,74139
2024/1/16 12:00,74232
2024/1/16 13:00,74322
2024/1/16 14:00,74403
2024/1/16 15:00,74511
2024/1/16 16:00,74622
2024/1/16 17:00,74703
2024/1/16 18:00,74775
2024/1/16 19:00,74843
2024/1/16 20:00,74905
2024/1/16 21:00,74960
2024/1/16 22:00,75005
2024/1/16 23:00,75045
2024/1/17 00:00,75079
2024/1/17 01:00,75105
2024/1/17 02:00,75128
2024/1/17 03:00,75152
2024/1/17 04:00,75175
2024/1/17 05:00,75198
2024/1/17 06:00,75222
2024/1/17 07:00,75245
2024/1/17 08:00,75273
2024/1/17 09:00,75323
2024/1/17 10:00,75393
2024/1/17 11:00,75476
2024/1/17 12:00,75557
2024/1/17 13:00,75639
2024/1/17 14:00,75734
2024/1/17 15:00,75838
2024/1/17 16:00,75948
2024/1/17 17:00,76054
2024/1/17 18:00,76150
2024/1/17 19:00,76244
2024/1/17 20:00,76320
2024/1/17 21:00,76375
2024/1/17 22:00,76425
2024/1/17 23:00,76471
2024/1/18 00:00,76509
2024/1/18 01:00,76539
2024/1/18 02:00,76567
2024/1/18 03:00,76594
2024/1/18 04:00,76622
2024/1/18 05:00,76651
2024/1/18 06:00,76680
2024/1/18 07:00,76710
2024/1/18 08:00,76742
2024/1/18 09:00,76803
2024/1/18 10:00,76887
2024/1/18 11:00,76985
2024/1/18 12:00,77083
2024/1/18 13:00,77172
2024/1/18 14:00,77262
2024/1/18 15:00,77369
2024/1/18 16:00,77488
2024/1/18 17:00,77602
2024/1/18 18:00,77698
2024/1/18 19:00,77782
2024/1/18 20:00,77850
2024/1/18 21:00,77913
2024/1/18 22:00,77976
2024/1/18 23:00,78034
2024/1/19 00:00,78079
2024/1/19 01:00,78113
2024/1/19 02:00,78141
2024/1/19 03:00,78168
2024/1/19 04:00,78195
2024/1/19 05:00,78221
2024/1/19 06:00,78247
2024/1/19 07:00,78272
2024/1/19 08:00,78303
2024/1/19 09:00,78360
2024/1/19 10:00,78446
2024/1/19 11:00,78549
2024/1/19 12:00,78647
2024/1/19 13:00,78730
2024/1/19 14:00,78811
2024/1/19 15:00,78911
2024/1/19 16:00,79030
2024/1/19 17:00,79159
2024/1/19 18:00,79276
2024/1/19 19:00,79366
2024/1/19 20:00,79443
2024/1/19 21:00,79504
2024/1/19 22:00,79558
2024/1/19 23:00,79602
2024/1/20 00:00,79641
2024/1/20 01:00,79676
2024/1/20 02:00,79717
2024/1/20 03:00,79763
2024/1/20 04:00,79803
2024/1/20 05:00,79832
2024/1/20 06:00,79861
2024/1/20 07:00,79891
2024/1/20 08:00,79921
2024/1/20 09:00,79960
2024/1/20 10:00,80008
2024/1/20 11:00,80058
2024/1/20 12:00,80109
2024/1/20 13:00,80154
2024/1/20 14:00,80208
2024/1/20 15:00,80267
2024/1/20 16:00,80334
2024/1/20 17:00,80405
2024/1/20 18:00,80464
2024/1/20 19:00,80517
2024/1/20 20:00,80569
2024/1/20 21:00,80623
2024/1/20 22:00,80678
2024/1/20 23:00,80723
2024/1/21 00:00,80754
2024/1/21 01:00,80784
2024/1/21 02:00,80810
2024/1/21 03:00,80834
2024/1/21 04:00,80858
2024/1/21 05:00,80882
2024/1/21 06:00,80906
2024/1/21 07:00,80930
2024/1/21 08:00,80955
2024/1/21 09:00,80987
2024/1/21 10:00,81028
2024/1/21 11:00,81074
2024/1/21 12:00,81125
2024/1/21 13:00,81179
2024/1/21 14:00,81234
2024/1/21 15:00,81301
2024/1/21 16:00,81373
2024/1/21 17:00,81452
2024/1/21 18:00,81534
2024/1/21 19:00,81611
2024/1/21 20:00,81673
2024/1/21 21:00,81733
2024/1/21 22:00,81784
2024/1/21 23:00,81826
2024/1/22 00:00,81861
2024/1/22 01:00,81893
2024/1/22 02:00,81919
2024/1/22 03:00,81943
2024/1/22 04:00,81966
2024/1/22 05:00,81987
2024/1/22 06:00,82009
2024/1/22 07:00,82032
2024/1/22 08:00,82055
2024/1/22 09:00,82096
2024/1/22 10:00,82173
2024/1/22 11:00,82270
2024/1/22 12:00,82367
2024/1/22 13:00,82460
2024/1/22 14:00,82557
2024/1/22 15:00,82662
2024/1/22 16:00,82774
2024/1/22 17:00,82872
2024/1/22 18:00,82964
2024/1/22 19:00,83044
2024/1/22 20:00,83116
2024/1/22 21:00,83181
2024/1/22 22:00,83238
2024/1/22 23:00,83283
2024/1/23 00:00,83323
2024/1/23 01:00,83352
2024/1/23 02:00,83380
2024/1/23 03:00,83408
2024/1/23 04:00,83436
2024/1/23 05:00,83463
2024/1/23 06:00,83491
2024/1/23 07:00,83518
2024/1/23 08:00,83549
2024/1/23 09:00,83592
2024/1/23 10:00,83674
2024/1/23 11:00,83763
2024/1/23 12:00,83848
2024/1/23 13:00,83924
2024/1/23 14:00,84001
2024/1/23 15:00,84087
2024/1/23 16:00,84169
2024/1/23 17:00,84255
2024/1/23 18:00,84322
2024/1/23 19:00,84381
2024/1/23 20:00,84441
2024/1/23 21:00,84496
2024/1/23 22:00,84550
2024/1/23 23:00,84601
2024/1/24 00:00,84641
2024/1/24 01:00,84672
2024/1/24 02:00,84700
2024/1/24 03:00,84724
2024/1/24 04:00,84747
2024/1/24 05:00,84771
2024/1/24 06:00,84794
2024/1/24 07:00,84818
2024/1/24 08:00,84845
2024/1/24 09:00,84881
2024/1/24 10:00,84957
2024/1/24 11:00,85043
2024/1/24 12:00,85126
2024/1/24 13:00,85199
2024/1/24 14:00,85275
2024/1/24 15:00,85358
2024/1/24 16:00,85440
2024/1/24 17:00,85537
2024/1/24 18:00,85621
2024/1/24 19:00,85706
2024/1/24 20:00,85778
2024/1/24 21:00,85845
2024/1/24 22:00,85908
2024/1/24 23:00,85965
2024/1/25 00:00,86012
2024/1/25 01:00,86041
2024/1/25 02:00,86071
2024/1/25 03:00,86098
2024/1/25 04:00,86123
2024/1/25 05:00,86147
2024/1/25 06:00,86172
2024/1/25 07:00,86196
2024/1/25 08:00,86224
2024/1/25 09:00,86269
2024/1/25 10:00,86339
2024/1/25 11:00,86420
2024/1/25 12:00,86493
2024/1/25 13:00,86556
2024/1/25 14:00,86620
2024/1/25 15:00,86697
2024/1/25 16:00,86788
2024/1/25 17:00,86877
2024/1/25 18:00,86950
2024/1/25 19:00,87009
2024/1/25 20:00,87070
2024/1/25 21:00,87130
2024/1/25 22:00,87186
2024/1/25 23:00,87235
2024/1/26 00:00,87285
2024/1/26 01:00,87332
2024/1/26 02:00,87373
2024/1/26 03:00,87409
2024/1/26 04:00,87440
2024/1/26 05:00,87469
2024/1/26 06:00,87499
2024/1/26 07:00,87528
2024/1/26 08:00,87558
2024/1/26 09:00,87600
2024/1/26 10:00,87665
2024/1/26 11:00,87740
2024/1/26 12:00,87804
2024/1/26 13:00,87868
2024/1/26 14:00,87931
2024/1/26 15:00,87999
2024/1/26 16:00,88073
2024/1/26 17:00,88151
2024/1/26 18:00,88226
2024/1/26 19:00,88295
2024/1/26 20:00,88367
2024/1/26 21:00,88430
2024/1/26 22:00,88482
2024/1/26 23:00,88529
2024/1/27 00:00,88569
2024/1/27 01:00,88605
2024/1/27 02:00,88642
2024/1/27 03:00,88677
2024/1/27 04:00,88710
2024/1/27 05:00,88736
2024/1/27 06:00,88765
2024/1/27 07:00,88792
2024/1/27 08:00,88819
2024/1/27 09:00,88854
2024/1/27 10:00,88890
2024/1/27 11:00,88935
2024/1/27 12:00,88990
2024/1/27 13:00,89044
2024/1/27 14:00,89105
2024/1/27 15:00,89167
2024/1/27 16:00,89220
2024/1/27 17:00,89272
2024/1/27 18:00,89322
2024/1/27 19:00,89371
2024/1/27 20:00,89417
2024/1/27 21:00,89461
2024/1/27 22:00,89505
2024/1/27 23:00,89548
2024/1/28 00:00,89583
2024/1/28 01:00,89618
2024/1/28 02:00,89655
2024/1/28 03:00,89697
2024/1/28 04:00,89742
2024/1/28 05:00,89775
2024/1/28 06:00,89803
2024/1/28 07:00,89831
2024/1/28 08:00,89858
2024/1/28 09:00,89892
2024/1/28 10:00,89928
2024/1/28 11:00,89973
2024/1/28 12:00,90020
2024/1/28 13:00,90062
2024/1/28 14:00,90109
2024/1/28 15:00,90158
2024/1/28 16:00,90210
2024/1/28 17:00,90257
2024/1/28 18:00,90307
2024/1/28 19:00,90356
2024/1/28 20:00,90410
2024/1/28 21:00,90464
2024/1/28 22:00,90516
2024/1/28 23:00,90574
2024/1/29 00:00,90625
2024/1/29 01:00,90650
2024/1/29 02:00,90679
2024/1/29 03:00,90706
2024/1/29 04:00,90732
2024/1/29 05:00,90757
2024/1/29 06:00,90785
2024/1/29 07:00,90811
2024/1/29 08:00,90839
2024/1/29 09:00,90880
2024/1/29 10:00,90942
2024/1/29 11:00,91002
2024/1/29 12:00,91069
2024/1/29 13:00,91134
2024/1/29 14:00,91194
2024/1/29 15:00,91276
2024/1/29 16:00,91368
2024/1/29 17:00,91445
2024/1/29 18:00,91508
2024/1/29 19:00,91561
2024/1/29 20:00,91613
2024/1/29 21:00,91661
2024/1/29 22:00,91708
2024/1/29 23:00,91753
2024/1/30 00:00,91796
2024/1/30 01:00,91842
2024/1/30 02:00,91888
2024/1/30 03:00,91938
2024/1/30 04:00,91986
2024/1/30 05:00,92020
2024/1/30 06:00,92054
2024/1/30 07:00,92086
2024/1/30 08:00,92121
2024/1/30 09:00,92163
2024/1/30 10:00,92228
2024/1/30 11:00,92309
2024/1/30 12:00,92384
2024/1/30 13:00,92446
2024/1/30 14:00,92507
2024/1/30 15:00,92576
2024/1/30 16:00,92645
2024/1/30 17:00,92715
2024/1/30 18:00,92789
2024/1/30 19:00,92859
2024/1/30 20:00,92929
2024/1/30 21:00,92997
2024/1/30 22:00,93049
2024/1/30 23:00,93090
2024/1/31 00:00,93127
2024/1/31 01:00,93161
2024/1/31 02:00,93197
2024/1/31 03:00,93229
2024/1/31 04:00,93260
2024/1/31 05:00,93291
2024/1/31 06:00,93324
2024/1/31 07:00,93355
2024/1/31 08:00,93387
2024/1/31 09:00,93427
2024/1/31 10:00,93490
2024/1/31 11:00,93566
2024/1/31 12:00,93637
2024/1/31 13:00,93704
2024/1/31 14:00,93765
2024/1/31 15:00,93834
2024/1/31 16:00,93912
2024/1/31 17:00,93994
2024/1/31 18:00,94069
2024/1/31 19:00,94126
2024/1/31 20:00,94182
2024/1/31 21:00,94233
2024/1/31 22:00,94281
2024/1/31 23:00,94333
2024/2/1 00:00,94375
2024/2/1 01:00,94413
2024/2/1 02:00,94453
2024/2/1 03:00,94490
2024/2/1 04:00,94525
2024/2/1 05:00,94558
2024/2/1 06:00,94593
2024/2/1 07:00,94627
2024/2/1 08:00,94661
2024/2/1 09:00,94702
2024/2/1 10:00,94771
2024/2/1 11:00,94845
2024/2/1 12:00,94930
2024/2/1 13:00,95003
2024/2/1 14:00,95082
2024/2/1 15:00,95145
2024/2/1 16:00,95206
2024/2/1 17:00,95270
2024/2/1 18:00,95332
2024/2/1 19:00,95385
2024/2/1 20:00,95433
2024/2/1 21:00,95479
2024/2/1 22:00,95519
2024/2/1 23:00,95555
2024/2/2 00:00,95586
2024/2/2 01:00,95613
2024/2/2 02:00,95637
2024/2/2 03:00,95660
2024/2/2 04:00,95682
2024/2/2 05:00,95707
2024/2/2 06:00,95730
2024/2/2 07:00,95753
2024/2/2 08:00,95777
2024/2/2 09:00,95809
2024/2/2 10:00,95865
2024/2/2 11:00,95940
2024/2/2 12:00,96014
2024/2/2 13:00,96089
2024/2/2 14:00,96155
2024/2/2 15:00,96235
2024/2/2 16:00,96302
2024/2/2 17:00,96368
2024/2/2 18:00,96424
2024/2/2 19:00,96471
2024/2/2 20:00,96511
2024/2/2 21:00,96548
2024/2/2 22:00,96583
2024/2/2 23:00,96626
2024/2/3 00:00,96670
2024/2/3 01:00,96714
2024/2/3 02:00,96740
2024/2/3 03:00,96762
2024/2/3 04:00,96783
2024/2/3 05:00,96804
2024/2/3 06:00,96823
2024/2/3 07:00,96847
2024/2/3 08:00,96867
2024/2/3 09:00,96891
2024/2/3 10:00,96928
2024/2/3 11:00,96975
2024/2/3 12:00,97022
2024/2/3 13:00,97065
2024/2/3 14:00,97111
2024/2/3 15:00,97160
2024/2/3 16:00,97217
2024/2/3 17:00,97286
2024/2/3 18:00,97347
2024/2/3 19:00,97394
2024/2/3 20:00,97442
2024/2/3 21:00,97493
2024/2/3 22:00,97536
2024/2/3 23:00,97578
2024/2/4 00:00,97609
2024/2/4 01:00,97639
2024/2/4 02:00,97665
2024/2/4 03:00,97690
2024/2/4 04:00,97713
2024/2/4 05:00,97738
2024/2/4 06:00,97761
2024/2/4 07:00,97783
2024/2/4 08:00,97806
2024/2/4 09:00,97837
2024/2/4 10:00,97891
2024/2/4 11:00,97960
2024/2/4 12:00,98030
2024/2/4 13:00,98101
2024/2/4 14:00,98168
2024/2/4 15:00,98251
2024/2/4 16:00,98325
2024/2/4 17:00,98389
2024/2/4 18:00,98437
2024/2/4 19:00,98476
2024/2/4 20:00,98521
2024/2/4 21:00,98564
2024/2/4 22:00,98613
2024/2/4 23:00,98659
2024/2/5 00:00,98712
2024/2/5 01:00,98740
2024/2/5 02:00,98764
2024/2/5 03:00,98786
2024/2/5 04:00,98812
2024/2/5 05:00,98835
2024/2/5 06:00,98857
2024/2/5 07:00,98882
2024/2/5 08:00,98906
2024/2/5 09:00,98932
2024/2/5 10:00,98975
2024/2/5 11:00,99039
2024/2/5 12:00,99103
2024/2/5 13:00,99168
2024/2/5 14:00,99231
2024/2/5 15:00,99308
2024/2/5 16:00,99367
2024/2/5 17:00,99423
2024/2/5 18:00,99480
2024/2/5 19:00,99524
2024/2/5 20:00,99562
2024/2/5 21:00,99602
2024/2/5 22:00,99648
2024/2/5 23:00,99686
2024/2/6 00:00,99732
2024/2/6 01:00,99766
2024/2/6 02:00,99793
2024/2/6 03:00,99817
2024/2/6 04:00,99842
2024/2/6 05:00,99868
2024/2/6 06:00,99893
2024/2/6 07:00,99917
2024/2/6 08:00,99941
2024/2/6 09:00,99971
2024/2/6 10:00,100008
2024/2/6 11:00,100053
2024/2/6 12:00,100103
2024/2/6 13:00,100152
2024/2/6 14:00,100196
2024/2/6 15:00,100246
2024/2/6 16:00,100282
2024/2/6 17:00,100315
2024/2/6 18:00,100352
2024/2/6 19:00,100383
2024/2/6 20:00,100412
2024/2/6 21:00,100439
2024/2/6 22:00,100467
2024/2/6 23:00,100489
2024/2/7 00:00,100505
2024/2/7 01:00,100517
2024/2/7 02:00,100530
2024/2/7 03:00,100543
2024/2/7 04:00,100556
2024/2/7 05:00,100568
2024/2/7 06:00,100581
2024/2/7 07:00,100593
2024/2/7 08:00,100606
2024/2/7 09:00,100621
2024/2/7 10:00,100644
2024/2/7 11:00,100670
2024/2/7 12:00,100697
2024/2/7 13:00,100718
2024/2/7 14:00,100735
2024/2/7 15:00,100752
2024/2/7 16:00,100772
2024/2/7 17:00,100799
2024/2/7 18:00,100825
2024/2/7 19:00,100848
2024/2/7 20:00,100869
2024/2/7 21:00,100890
2024/2/7 22:00,100911
2024/2/7 23:00,100929
2024/2/8 00:00,100943
2024/2/8 01:00,100956
2024/2/8 02:00,100969
2024/2/8 03:00,100982
2024/2/8 04:00,100995
2024/2/8 05:00,101008
2024/2/8 06:00,101021
2024/2/8 07:00,101034
2024/2/8 08:00,101047
2024/2/8 09:00,101062
2024/2/8 10:00,101081
2024/2/8 11:00,101099
2024/2/8 12:00,101119
2024/2/8 13:00,101135
2024/2/8 14:00,101152
2024/2/8 15:00,101169
2024/2/8 16:00,101185
2024/2/8 17:00,101205
2024/2/8 18:00,101223
2024/2/8 19:00,101239
2024/2/8 20:00,101254
2024/2/8 21:00,101269
2024/2/8 22:00,101283
2024/2/8 23:00,101298
2024/2/9 00:00,101311
2024/2/9 01:00,101324
2024/2/9 02:00,101335
2024/2/9 03:00,101347
2024/2/9 04:00,101359
2024/2/9 05:00,101371
2024/2/9 06:00,101382
2024/2/9 07:00,101394
2024/2/9 08:00,101406
2024/2/9 09:00,101420
2024/2/9 10:00,101435
2024/2/9 11:00,101455
2024/2/9 12:00,101475
2024/2/9 13:00,101496
2024/2/9 14:00,101516
2024/2/9 15:00,101537
2024/2/9 16:00,101557
2024/2/9 17:00,101580
2024/2/9 18:00,101600
2024/2/9 19:00,101619
2024/2/9 20:00,101639
2024/2/9 21:00,101657
2024/2/9 22:00,101675
2024/2/9 23:00,101692
2024/2/10 00:00,101712
2024/2/10 01:00,101730
2024/2/10 02:00,101746
2024/2/10 03:00,101765
2024/2/10 04:00,101782
2024/2/10 05:00,101798
2024/2/10 06:00,101814
2024/2/10 07:00,101834
2024/2/10 08:00,101850
2024/2/10 09:00,101867
2024/2/10 10:00,101886
2024/2/10 11:00,101907
2024/2/10 12:00,101926
2024/2/10 13:00,101946
2024/2/10 14:00,101967
2024/2/10 15:00,101987
2024/2/10 16:00,102004
2024/2/10 17:00,102022
2024/2/10 18:00,102042
2024/2/10 19:00,102062
2024/2/10 20:00,102082
2024/2/10 21:00,102101
2024/2/10 22:00,102123
2024/2/10 23:00,102140
2024/2/11 00:00,102156
2024/2/11 01:00,102174
2024/2/11 02:00,102193
2024/2/11 03:00,102209
2024/2/11 04:00,102225
2024/2/11 05:00,102242
2024/2/11 06:00,102261
2024/2/11 07:00,102277
2024/2/11 08:00,102293
2024/2/11 09:00,102309
2024/2/11 10:00,102330
2024/2/11 11:00,102346
2024/2/11 12:00,102363
2024/2/11 13:00,102381
2024/2/11 14:00,102401
2024/2/11 15:00,102417
2024/2/11 16:00,102435
2024/2/11 17:00,102452
2024/2/11 18:00,102472
2024/2/11 19:00,102491
2024/2/11 20:00,102511
2024/2/11 21:00,102531
2024/2/11 22:00,102550
2024/2/11 23:00,102567
2024/2/12 00:00,102583
2024/2/12 01:00,102602
2024/2/12 02:00,102619
2024/2/12 03:00,102635
2024/2/12 04:00,102652
2024/2/12 05:00,102671
2024/2/12 06:00,102687
2024/2/12 07:00,102703
2024/2/12 08:00,102719
2024/2/12 09:00,102739
2024/2/12 10:00,102756
2024/2/12 11:00,102773
2024/2/12 12:00,102791
2024/2/12 13:00,102810
2024/2/12 14:00,102828
2024/2/12 15:00,102845
2024/2/12 16:00,102865
2024/2/12 17:00,102883
2024/2/12 18:00,102901
2024/2/12 19:00,102918
2024/2/12 20:00,102939
2024/2/12 21:00,102956
2024/2/12 22:00,102974
2024/2/12 23:00,102992
2024/2/13 00:00,103012
2024/2/13 01:00,103028
2024/2/13 02:00,103045
2024/2/13 03:00,103064
2024/2/13 04:00,103081
2024/2/13 05:00,103098
2024/2/13 06:00,103114
2024/2/13 07:00,103133
2024/2/13 08:00,103145
2024/2/13 09:00,103157
2024/2/13 10:00,103169
2024/2/13 11:00,103185
2024/2/13 12:00,103199
2024/2/13 13:00,103212
2024/2/13 14:00,103226
2024/2/13 15:00,103240
2024/2/13 16:00,103253
2024/2/13 17:00,103267
2024/2/13 18:00,103282
2024/2/13 19:00,103298
2024/2/13 20:00,103314
2024/2/13 21:00,103329
2024/2/13 22:00,103344
2024/2/13 23:00,103360
2024/2/14 00:00,103374
2024/2/14 01:00,103386
2024/2/14 02:00,103399
2024/2/14 03:00,103411
2024/2/14 04:00,103423
2024/2/14 05:00,103435
2024/2/14 06:00,103448
2024/2/14 07:00,103460
2024/2/14 08:00,103472
2024/2/14 09:00,103486
2024/2/14 10:00,103498
2024/2/14 11:00,103513
2024/2/14 12:00,103528
2024/2/14 13:00,103543
2024/2/14 14:00,103557
2024/2/14 15:00,103570
2024/2/14 16:00,103586
2024/2/14 17:00,103602
2024/2/14 18:00,103618
2024/2/14 19:00,103633
2024/2/14 20:00,103648
2024/2/14 21:00,103665
2024/2/14 22:00,103680
2024/2/14 23:00,103696
2024/2/15 00:00,103711
2024/2/15 01:00,103724
2024/2/15 02:00,103737
2024/2/15 03:00,103749
2024/2/15 04:00,103762
2024/2/15 05:00,103774
2024/2/15 06:00,103787
2024/2/15 07:00,103799
2024/2/15 08:00,103812
2024/2/15 09:00,103825
2024/2/15 10:00,103838
2024/2/15 11:00,103854
2024/2/15 12:00,103871
2024/2/15 13:00,103887
2024/2/15 14:00,103901
2024/2/15 15:00,103915
2024/2/15 16:00,103929
2024/2/15 17:00,103944
2024/2/15 18:00,103961
2024/2/15 19:00,103977
2024/2/15 20:00,103993
2024/2/15 21:00,104010
2024/2/15 22:00,104027
2024/2/15 23:00,104043
2024/2/16 00:00,104056
2024/2/16 01:00,104069
2024/2/16 02:00,104082
2024/2/16 03:00,104094
2024/2/16 04:00,104107
2024/2/16 05:00,104120
2024/2/16 06:00,104132
2024/2/16 07:00,104145
2024/2/16 08:00,104157
2024/2/16 09:00,104171
2024/2/16 10:00,104188
2024/2/16 11:00,104208
2024/2/16 12:00,104224
2024/2/16 13:00,104240
2024/2/16 14:00,104255
2024/2/16 15:00,104271
2024/2/16 16:00,104292
2024/2/16 17:00,104312
2024/2/16 18:00,104334
2024/2/16 19:00,104354
2024/2/16 20:00,104374
2024/2/16 21:00,104396
2024/2/16 22:00,104415
2024/2/16 23:00,104433
2024/2/17 00:00,104448
2024/2/17 01:00,104461
2024/2/17 02:00,104474
2024/2/17 03:00,104486
2024/2/17 04:00,104499
2024/2/17 05:00,104512
2024/2/17 06:00,104524
2024/2/17 07:00,104537
2024/2/17 08:00,104551
2024/2/17 09:00,104565
2024/2/17 10:00,104583
2024/2/17 11:00,104602
2024/2/17 12:00,104620
2024/2/17 13:00,104638
2024/2/17 14:00,104656
2024/2/17 15:00,104675
2024/2/17 16:00,104696
2024/2/17 17:00,104716
2024/2/17 18:00,104736
2024/2/17 19:00,104756
2024/2/17 20:00,104774
2024/2/17 21:00,104791
2024/2/17 22:00,104807
2024/2/17 23:00,104824
2024/2/18 00:00,104839
2024/2/18 01:00,104853
2024/2/18 02:00,104866
2024/2/18 03:00,104879
2024/2/18 04:00,104892
2024/2/18 05:00,104904
2024/2/18 06:00,104917
2024/2/18 07:00,104930
2024/2/18 08:00,104942
2024/2/18 09:00,104956
2024/2/18 10:00,104975
2024/2/18 11:00,104992
2024/2/18 12:00,105012
2024/2/18 13:00,105031
2024/2/18 14:00,105051
2024/2/18 15:00,105072
2024/2/18 16:00,105094
2024/2/18 17:00,105122
2024/2/18 18:00,105156
2024/2/18 19:00,105187
2024/2/18 20:00,105212
2024/2/18 21:00,105240
2024/2/18 22:00,105266
2024/2/18 23:00,105289
2024/2/19 00:00,105310
2024/2/19 01:00,105333
2024/2/19 02:00,105352
2024/2/19 03:00,105370
2024/2/19 04:00,105388
2024/2/19 05:00,105409
2024/2/19 06:00,105427
2024/2/19 07:00,105444
2024/2/19 08:00,105463
2024/2/19 09:00,105486
2024/2/19 10:00,105517
2024/2/19 11:00,105565
2024/2/19 12:00,105608
2024/2/19 13:00,105643
2024/2/19 14:00,105674
2024/2/19 15:00,105721
2024/2/19 16:00,105773
2024/2/19 17:00,105823
2024/2/19 18:00,105873
2024/2/19 19:00,105915
2024/2/19 20:00,105957
2024/2/19 21:00,105996
2024/2/19 22:00,106032
2024/2/19 23:00,106062
2024/2/20 00:00,106087
2024/2/20 01:00,106108
2024/2/20 02:00,106130
2024/2/20 03:00,106154
2024/2/20 04:00,106174
2024/2/20 05:00,106194
2024/2/20 06:00,106215
2024/2/20 07:00,106237
2024/2/20 08:00,106258
2024/2/20 09:00,106289
2024/2/20 10:00,106347
2024/2/20 11:00,106423
2024/2/20 12:00,106504
2024/2/20 13:00,106578
2024/2/20 14:00,106659
2024/2/20 15:00,106743
2024/2/20 16:00,106822
2024/2/20 17:00,106901
2024/2/20 18:00,106977
2024/2/20 19:00,107029
2024/2/20 20:00,107073
2024/2/20 21:00,107119
2024/2/20 22:00,107165
2024/2/20 23:00,107202
2024/2/21 00:00,107233
2024/2/21 01:00,107263
2024/2/21 02:00,107290
2024/2/21 03:00,107314
2024/2/21 04:00,107338
2024/2/21 05:00,107365
2024/2/21 06:00,107387
2024/2/21 07:00,107411
2024/2/21 08:00,107435
2024/2/21 09:00,107471
2024/2/21 10:00,107537
2024/2/21 11:00,107616
2024/2/21 12:00,107697
2024/2/21 13:00,107777
2024/2/21 14:00,107849
2024/2/21 15:00,107923
2024/2/21 16:00,108001
2024/2/21 17:00,108080
2024/2/21 18:00,108144
2024/2/21 19:00,108193
2024/2/21 20:00,108236
2024/2/21 21:00,108280
2024/2/21 22:00,108322
2024/2/21 23:00,108359
2024/2/22 00:00,108388
2024/2/22 01:00,108411
2024/2/22 02:00,108432
2024/2/22 03:00,108454
2024/2/22 04:00,108476
2024/2/22 05:00,108497
2024/2/22 06:00,108517
2024/2/22 07:00,108540
2024/2/22 08:00,108563
2024/2/22 09:00,108592
2024/2/22 10:00,108651
2024/2/22 11:00,108731
2024/2/22 12:00,108811
2024/2/22 13:00,108881
2024/2/22 14:00,108951
2024/2/22 15:00,109025
2024/2/22 16:00,109100
2024/2/22 17:00,109169
2024/2/22 18:00,109234
2024/2/22 19:00,109293
2024/2/22 20:00,109347
2024/2/22 21:00,109399
2024/2/22 22:00,109443
2024/2/22 23:00,109484
2024/2/23 00:00,109514
2024/2/23 01:00,109540
2024/2/23 02:00,109561
2024/2/23 03:00,109581
2024/2/23 04:00,109601
2024/2/23 05:00,109623
2024/2/23 06:00,109643
2024/2/23 07:00,109664
2024/2/23 08:00,109685
2024/2/23 09:00,109717
2024/2/23 10:00,109789
2024/2/23 11:00,109880
2024/2/23 12:00,109970
2024/2/23 13:00,110045
2024/2/23 14:00,110123
2024/2/23 15:00,110211
2024/2/23 16:00,110302
2024/2/23 17:00,110390
2024/2/23 18:00,110462
2024/2/23 19:00,110520
2024/2/23 20:00,110574
2024/2/23 21:00,110626
2024/2/23 22:00,110681
2024/2/23 23:00,110729
2024/2/24 00:00,110775
2024/2/24 01:00,110809
2024/2/24 02:00,110838
2024/2/24 03:00,110861
2024/2/24 04:00,110882
2024/2/24 05:00,110903
2024/2/24 06:00,110925
2024/2/24 07:00,110946
2024/2/24 08:00,110969
2024/2/24 09:00,110996
2024/2/24 10:00,111031
2024/2/24 11:00,111070
2024/2/24 12:00,111113
2024/2/24 13:00,111149
2024/2/24 14:00,111184
2024/2/24 15:00,111220
2024/2/24 16:00,111259
2024/2/24 17:00,111299
2024/2/24 18:00,111342
2024/2/24 19:00,111390
2024/2/24 20:00,111440
2024/2/24 21:00,111484
2024/2/24 22:00,111529
2024/2/24 23:00,111570
2024/2/25 00:00,111606
2024/2/25 01:00,111637
2024/2/25 02:00,111663
2024/2/25 03:00,111692
2024/2/25 04:00,111718
2024/2/25 05:00,111743
2024/2/25 06:00,111771
2024/2/25 07:00,111796
2024/2/25 08:00,111822
2024/2/25 09:00,111856
2024/2/25 10:00,111908
2024/2/25 11:00,111965
2024/2/25 12:00,112015
2024/2/25 13:00,112062
2024/2/25 14:00,112107
2024/2/25 15:00,112154
2024/2/25 16:00,112204
2024/2/25 17:00,112254
2024/2/25 18:00,112297
2024/2/25 19:00,112336
2024/2/25 20:00,112381
2024/2/25 21:00,112423
2024/2/25 22:00,112465
2024/2/25 23:00,112506
2024/2/26 00:00,112541
2024/2/26 01:00,112569
2024/2/26 02:00,112595
2024/2/26 03:00,112622
2024/2/26 04:00,112648
2024/2/26 05:00,112673
2024/2/26 06:00,112701
2024/2/26 07:00,112726
2024/2/26 08:00,112759
2024/2/26 09:00,112816
2024/2/26 10:00,112898
2024/2/26 11:00,112995
2024/2/26 12:00,113092
2024/2/26 13:00,113173
2024/2/26 14:00,113251
2024/2/26 15:00,113339
2024/2/26 16:00,113440
2024/2/26 17:00,113538
2024/2/26 18:00,113624
2024/2/26 19:00,113690
2024/2/26 20:00,113748
2024/2/26 21:00,113803
2024/2/26 22:00,113859
2024/2/26 23:00,113912
2024/2/27 00:00,113959
2024/2/27 01:00,114003
2024/2/27 02:00,114040
2024/2/27 03:00,114076
2024/2/27 04:00,114106
2024/2/27 05:00,114137
2024/2/27 06:00,114168
2024/2/27 07:00,114200
2024/2/27 08:00,114235
2024/2/27 09:00,114289
2024/2/27 10:00,114365
2024/2/27 11:00,114450
2024/2/27 12:00,114534
2024/2/27 13:00,114607
2024/2/27 14:00,114676
2024/2/27 15:00,114750
2024/2/27 16:00,114836
2024/2/27 17:00,114924
2024/2/27 18:00,114994
2024/2/27 19:00,115045
2024/2/27 20:00,
2024/2/27 21:00,
2024/2/27 22:00,
2024/2/27 23:00,
2024/2/28 00:00,
2024/2/28 01:00,
2024/2/28 02:00,
2024/2/28 03:00,
2024/2/28 04:00,
2024/2/28 05:00,
2024/2/28 06:00,
2024/2/28 07:00,
2024/2/28 08:00,
2024/2/28 09:00,
2024/2/28 10:00,
2024/2/28 11:00,
2024/2/28 12:00,115814
2024/2/28 13:00,115882
2024/2/28 14:00,115950
2024/2/28 15:00,116035
2024/2/28 16:00,116120
2024/2/28 17:00,116206
2024/2/28 18:00,116285
2024/2/28 19:00,116347
2024/2/28 20:00,116403
2024/2/28 21:00,116455
2024/2/28 22:00,116506
2024/2/28 23:00,116552
2024/2/29 00:00,116588
2024/2/29 01:00,116618
2024/2/29 02:00,116645
2024/2/29 03:00,116672
2024/2/29 04:00,116697
2024/2/29 05:00,116722
2024/2/29 06:00,116750
2024/2/29 07:00,116776
2024/2/29 08:00,116803
2024/2/29 09:00,116859
2024/2/29 10:00,116941
2024/2/29 11:00,117026
2024/2/29 12:00,117112
2024/2/29 13:00,117191
2024/2/29 14:00,117266
2024/2/29 15:00,117354
2024/2/29 16:00,117446
2024/2/29 17:00,117538
2024/2/29 18:00,117621
2024/2/29 19:00,117691
2024/2/29 20:00,117754
2024/2/29 21:00,117817
2024/2/29 22:00,117871
2024/2/29 23:00,117918
2024/3/1 00:00,117962
2024/3/1 01:00,118003
2024/3/1 02:00,118037
2024/3/1 03:00,118067
2024/3/1 04:00,118099
2024/3/1 05:00,118131
2024/3/1 06:00,118162
2024/3/1 07:00,118192
2024/3/1 08:00,118229
2024/3/1 09:00,118286
2024/3/1 10:00,118362
2024/3/1 11:00,118450
2024/3/1 12:00,118549
2024/3/1 13:00,118630
2024/3/1 14:00,118709
2024/3/1 15:00,118792
2024/3/1 16:00,118877
2024/3/1 17:00,118967
2024/3/1 18:00,119046
2024/3/1 19:00,119106
2024/3/1 20:00,119157
2024/3/1 21:00,119203
2024/3/1 22:00,119241
2024/3/1 23:00,119281
2024/3/2 00:00,119311
2024/3/2 01:00,119335
2024/3/2 02:00,119359
2024/3/2 03:00,119386
2024/3/2 04:00,119408
2024/3/2 05:00,119431
2024/3/2 06:00,119455
2024/3/2 07:00,119480
2024/3/2 08:00,119499
2024/3/2 09:00,119521
2024/3/2 10:00,119544
2024/3/2 11:00,119567
2024/3/2 12:00,119591
2024/3/2 13:00,119616
2024/3/2 14:00,119644
2024/3/2 15:00,119673
2024/3/2 16:00,119705
2024/3/2 17:00,119737
2024/3/2 18:00,119771
2024/3/2 19:00,119802
2024/3/2 20:00,119834
2024/3/2 21:00,119865
2024/3/2 22:00,119897
2024/3/2 23:00,119927
2024/3/3 00:00,119954
2024/3/3 01:00,119975
2024/3/3 02:00,119994
2024/3/3 03:00,120011
2024/3/3 04:00,120028
2024/3/3 05:00,120044
2024/3/3 06:00,120061
2024/3/3 07:00,120077
2024/3/3 08:00,120094
2024/3/3 09:00,120113
2024/3/3 10:00,120138
2024/3/3 11:00,120170
2024/3/3 12:00,120205
2024/3/3 13:00,120238
2024/3/3 14:00,120268
2024/3/3 15:00,120297
2024/3/3 16:00,120327
2024/3/3 17:00,120354
2024/3/3 18:00,120387
2024/3/3 19:00,120420
2024/3/3 20:00,120456
2024/3/3 21:00,120492
2024/3/3 22:00,120525
2024/3/3 23:00,120556
2024/3/4 00:00,120586
2024/3/4 01:00,120612
2024/3/4 02:00,120638
2024/3/4 03:00,120663
2024/3/4 04:00,120690
2024/3/4 05:00,120716
2024/3/4 06:00,120741
2024/3/4 07:00,120766
2024/3/4 08:00,120797
2024/3/4 09:00,120846
2024/3/4 10:00,120911
2024/3/4 11:00,120989
2024/3/4 12:00,121065
2024/3/4 13:00,121140
2024/3/4 14:00,121211
2024/3/4 15:00,121294
2024/3/4 16:00,121380
2024/3/4 17:00,121466
2024/3/4 18:00,121535
2024/3/4 19:00,121592
2024/3/4 20:00,121644
2024/3/4 21:00,121695
2024/3/4 22:00,121738
2024/3/4 23:00,121778
2024/3/5 00:00,121815
2024/3/5 01:00,121851
2024/3/5 02:00,121881
2024/3/5 03:00,121910
2024/3/5 04:00,121941
2024/3/5 05:00,121973
2024/3/5 06:00,122002
2024/3/5 07:00,122031
2024/3/5 08:00,122066
2024/3/5 09:00,122124
2024/3/5 10:00,122202
2024/3/5 11:00,122292
2024/3/5 12:00,122370
2024/3/5 13:00,122445
2024/3/5 14:00,122517
2024/3/5 15:00,122596
2024/3/5 16:00,122674
2024/3/5 17:00,122750
2024/3/5 18:00,122825
2024/3/5 19:00,122887
2024/3/5 20:00,122947
2024/3/5 21:00,123005
2024/3/5 22:00,123054
2024/3/5 23:00,123101
2024/3/6 00:00,123139
2024/3/6 01:00,123167
2024/3/6 02:00,123193
2024/3/6 03:00,123218
2024/3/6 04:00,123245
2024/3/6 05:00,123273
2024/3/6 06:00,123297
2024/3/6 07:00,123323
2024/3/6 08:00,123352
2024/3/6 09:00,123403
2024/3/6 10:00,123465
2024/3/6 11:00,123527
2024/3/6 12:00,123590
2024/3/6 13:00,123646
2024/3/6 14:00,123696
2024/3/6 15:00,123755
2024/3/6 16:00,123818
2024/3/6 17:00,123888
2024/3/6 18:00,123949
2024/3/6 19:00,124005
2024/3/6 20:00,124062
2024/3/6 21:00,124126
2024/3/6 22:00,124187
2024/3/6 23:00,124238
2024/3/7 00:00,124282
2024/3/7 01:00,124318
2024/3/7 02:00,124347
2024/3/7 03:00,124376
2024/3/7 04:00,124406
2024/3/7 05:00,124436
2024/3/7 06:00,124463
2024/3/7 07:00,124488
2024/3/7 08:00,124517
2024/3/7 09:00,124563
2024/3/7 10:00,124623
2024/3/7 11:00,124695
2024/3/7 12:00,124762
2024/3/7 13:00,124828
2024/3/7 14:00,124886
2024/3/7 15:00,124948
2024/3/7 16:00,125009
2024/3/7 17:00,125070
2024/3/7 18:00,125125
2024/3/7 19:00,125179
2024/3/7 20:00,125237
2024/3/7 21:00,125292
2024/3/7 22:00,125339
2024/3/7 23:00,125373
2024/3/8 00:00,125400
2024/3/8 01:00,125424
2024/3/8 02:00,125446
2024/3/8 03:00,125469
2024/3/8 04:00,125491
2024/3/8 05:00,125513
2024/3/8 06:00,125535
2024/3/8 07:00,125557
2024/3/8 08:00,125582
2024/3/8 09:00,125629
2024/3/8 10:00,125689
2024/3/8 11:00,125757
2024/3/8 12:00,125821
2024/3/8 13:00,125880
2024/3/8 14:00,125937
2024/3/8 15:00,126003
2024/3/8 16:00,126071
2024/3/8 17:00,126131
2024/3/8 18:00,126192
2024/3/8 19:00,126253
2024/3/8 20:00,126304
2024/3/8 21:00,126350
2024/3/8 22:00,126395
2024/3/8 23:00,126427
2024/3/9 00:00,126453
2024/3/9 01:00,126477
2024/3/9 02:00,126502
2024/3/9 03:00,126526
2024/3/9 04:00,126550
2024/3/9 05:00,126574
2024/3/9 06:00,126599
2024/3/9 07:00,126623
2024/3/9 08:00,126648
2024/3/9 09:00,126672
2024/3/9 10:00,126703
2024/3/9 11:00,126735
2024/3/9 12:00,126769
2024/3/9 13:00,126802
2024/3/9 14:00,126842
2024/3/9 15:00,126884
2024/3/9 16:00,126926
2024/3/9 17:00,126968
2024/3/9 18:00,127007
2024/3/9 19:00,127048
2024/3/9 20:00,127091
2024/3/9 21:00,127136
2024/3/9 22:00,127184
2024/3/9 23:00,127221
2024/3/10 00:00,127252
2024/3/10 01:00,127282
2024/3/10 02:00,127311
2024/3/10 03:00,127337
2024/3/10 04:00,127364
2024/3/10 05:00,127391
2024/3/10 06:00,127417
2024/3/10 07:00,127444
2024/3/10 08:00,127469
2024/3/10 09:00,127498
2024/3/10 10:00,127529
2024/3/10 11:00,127562
2024/3/10 12:00,127594
2024/3/10 13:00,127630
2024/3/10 14:00,127665
2024/3/10 15:00,127702
2024/3/10 16:00,127740
2024/3/10 17:00,127783
2024/3/10 18:00,127830
2024/3/10 19:00,127878
2024/3/10 20:00,127924
2024/3/10 21:00,127977
2024/3/10 22:00,128029
2024/3/10 23:00,128082
2024/3/11 00:00,128112
2024/3/11 01:00,128142
2024/3/11 02:00,128166
2024/3/11 03:00,128191
2024/3/11 04:00,128214
2024/3/11 05:00,128241
2024/3/11 06:00,128265
2024/3/11 07:00,128289
2024/3/11 08:00,128315
2024/3/11 09:00,128358
2024/3/11 10:00,128412
2024/3/11 11:00,128470
2024/3/11 12:00,128531
2024/3/11 13:00,128595
2024/3/11 14:00,128662
2024/3/11 15:00,128740
2024/3/11 16:00,128821
2024/3/11 17:00,128909
2024/3/11 18:00,128984
2024/3/11 19:00,129037
2024/3/11 20:00,129086
2024/3/11 21:00,129128
2024/3/11 22:00,129169
2024/3/11 23:00,129206
2024/3/12 00:00,129243
2024/3/12 01:00,129272
2024/3/12 02:00,129299
2024/3/12 03:00,129324
2024/3/12 04:00,129353
2024/3/12 05:00,129379
2024/3/12 06:00,129405
2024/3/12 07:00,129431
2024/3/12 08:00,129462
2024/3/12 09:00,129512
2024/3/12 10:00,129570
2024/3/12 11:00,129632
2024/3/12 12:00,129697
2024/3/12 13:00,129757
2024/3/12 14:00,129814
2024/3/12 15:00,129873
2024/3/12 16:00,129933
2024/3/12 17:00,129993
2024/3/12 18:00,130050
2024/3/12 19:00,130099
2024/3/12 20:00,130142
2024/3/12 21:00,130176
2024/3/12 22:00,130209
2024/3/12 23:00,130236
2024/3/13 00:00,130257
2024/3/13 01:00,130277
2024/3/13 02:00,130296
2024/3/13 03:00,130315
2024/3/13 04:00,130334
2024/3/13 05:00,130353
2024/3/13 06:00,130372
2024/3/13 07:00,130391
2024/3/13 08:00,130412
2024/3/13 09:00,130455
2024/3/13 10:00,130510
2024/3/13 11:00,130573
2024/3/13 12:00,130636
2024/3/13 13:00,130694
2024/3/13 14:00,130745
2024/3/13 15:00,130806
2024/3/13 16:00,130863
2024/3/13 17:00,130922
2024/3/13 18:00,130978
2024/3/13 19:00,131025
2024/3/13 20:00,131068
2024/3/13 21:00,131111
2024/3/13 22:00,131153
2024/3/13 23:00,131187
2024/3/14 00:00,131216
2024/3/14 01:00,131242
2024/3/14 02:00,131269
2024/3/14 03:00,131292
2024/3/14 04:00,131316
2024/3/14 05:00,131339
2024/3/14 06:00,131365
2024/3/14 07:00,131390
2024/3/14 08:00,131417
2024/3/14 09:00,131462
2024/3/14 10:00,131515
2024/3/14 11:00,131581
2024/3/14 12:00,131645
2024/3/14 13:00,131697
2024/3/14 14:00,131750
2024/3/14 15:00,131820
2024/3/14 16:00,131890
2024/3/14 17:00,131955
2024/3/14 18:00,132018
2024/3/14 19:00,132072
2024/3/14 20:00,132125
2024/3/14 21:00,132174
2024/3/14 22:00,132213
2024/3/14 23:00,132253
2024/3/15 00:00,132289
2024/3/15 01:00,132318
2024/3/15 02:00,132346
2024/3/15 03:00,132373
2024/3/15 04:00,132405
2024/3/15 05:00,132432
2024/3/15 06:00,132460
2024/3/15 07:00,132487
2024/3/15 08:00,132518
2024/3/15 09:00,132566
2024/3/15 10:00,132628
2024/3/15 11:00,132696
2024/3/15 12:00,132757
2024/3/15 13:00,132807
2024/3/15 14:00,132860
2024/3/15 15:00,132921
2024/3/15 16:00,132982
2024/3/15 17:00,133034
2024/3/15 18:00,133088
2024/3/15 19:00,133137
2024/3/15 20:00,133184
2024/3/15 21:00,133232
2024/3/15 22:00,133278
2024/3/15 23:00,133317
2024/3/16 00:00,133347
2024/3/16 01:00,133375
2024/3/16 02:00,133402
2024/3/16 03:00,133432
2024/3/16 04:00,133458
2024/3/16 05:00,133484
2024/3/16 06:00,133510
2024/3/16 07:00,133535
2024/3/16 08:00,133561
2024/3/16 09:00,133596
2024/3/16 10:00,133626
2024/3/16 11:00,133658
2024/3/16 12:00,133690
2024/3/16 13:00,133725
2024/3/16 14:00,133761
2024/3/16 15:00,133801
2024/3/16 16:00,133840
2024/3/16 17:00,133881
2024/3/16 18:00,133922
2024/3/16 19:00,133961
2024/3/16 20:00,134002
2024/3/16 21:00,134045
2024/3/16 22:00,134082
2024/3/16 23:00,134116
2024/3/17 00:00,134147
2024/3/17 01:00,134174
2024/3/17 02:00,134204
2024/3/17 03:00,134229
2024/3/17 04:00,134254
2024/3/17 05:00,134279
2024/3/17 06:00,134304
2024/3/17 07:00,134331
2024/3/17 08:00,134360
2024/3/17 09:00,134388
2024/3/17 10:00,134420
2024/3/17 11:00,134455
2024/3/17 12:00,134492
2024/3/17 13:00,134528
2024/3/17 14:00,134569
2024/3/17 15:00,134614
2024/3/17 16:00,134670
2024/3/17 17:00,134731
2024/3/17 18:00,134794
2024/3/17 19:00,134834
2024/3/17 20:00,134871
2024/3/17 21:00,134913
2024/3/17 22:00,134953
2024/3/17 23:00,134991
2024/3/18 00:00,135023
2024/3/18 01:00,135049
2024/3/18 02:00,135075
2024/3/18 03:00,135100
2024/3/18 04:00,135126
2024/3/18 05:00,135153
2024/3/18 06:00,135178
2024/3/18 07:00,135202
2024/3/18 08:00,135229
2024/3/18 09:00,135275
2024/3/18 10:00,135325
2024/3/18 11:00,135382
2024/3/18 12:00,135438
2024/3/18 13:00,135493
2024/3/18 14:00,135549
2024/3/18 15:00,135607
2024/3/18 16:00,135670
2024/3/18 17:00,135737
2024/3/18 18:00,135802
2024/3/18 19:00,135860
2024/3/18 20:00,135913
2024/3/18 21:00,135964
2024/3/18 22:00,136014
2024/3/18 23:00,136060
2024/3/19 00:00,136094
2024/3/19 01:00,136130
2024/3/19 02:00,136157
2024/3/19 03:00,136183
2024/3/19 04:00,136208
2024/3/19 05:00,136234
2024/3/19 06:00,136260
2024/3/19 07:00,136285
2024/3/19 08:00,136313
2024/3/19 09:00,136357
2024/3/19 10:00,136408
2024/3/19 11:00,136470
2024/3/19 12:00,136535
2024/3/19 13:00,136584
2024/3/19 14:00,136627
2024/3/19 15:00,136676
2024/3/19 16:00,136735
2024/3/19 17:00,136791
2024/3/19 18:00,136840
2024/3/19 19:00,136882
2024/3/19 20:00,136919
2024/3/19 21:00,136954
2024/3/19 22:00,136986
2024/3/19 23:00,137015
2024/3/20 00:00,137042
2024/3/20 01:00,137066
2024/3/20 02:00,137089
2024/3/20 03:00,137112
2024/3/20 04:00,137136
2024/3/20 05:00,137159
2024/3/20 06:00,137181
2024/3/20 07:00,137204
2024/3/20 08:00,137230
2024/3/20 09:00,137267
2024/3/20 10:00,137312
2024/3/20 11:00,137361
2024/3/20 12:00,137409
2024/3/20 13:00,137453
2024/3/20 14:00,137495
2024/3/20 15:00,137549
2024/3/20 16:00,137603
2024/3/20 17:00,137654
2024/3/20 18:00,137697
2024/3/20 19:00,137735
2024/3/20 20:00,137771
2024/3/20 21:00,137804
2024/3/20 22:00,137837
2024/3/20 23:00,137871
2024/3/21 00:00,137901
2024/3/21 01:00,137928
2024/3/21 02:00,137957
2024/3/21 03:00,137984
2024/3/21 04:00,138009
2024/3/21 05:00,138034
2024/3/21 06:00,138060
2024/3/21 07:00,138085
2024/3/21 08:00,138115
2024/3/21 09:00,138154
2024/3/21 10:00,138204
2024/3/21 11:00,138266
2024/3/21 12:00,138331
2024/3/21 13:00,138389
2024/3/21 14:00,138451
2024/3/21 15:00,138511
2024/3/21 16:00,138580
2024/3/21 17:00,138654
2024/3/21 18:00,138727
2024/3/21 19:00,138785
2024/3/21 20:00,138832
2024/3/21 21:00,138871
2024/3/21 22:00,138911
2024/3/21 23:00,138947
2024/3/22 00:00,138979
2024/3/22 01:00,139007
2024/3/22 02:00,139036
2024/3/22 03:00,139062
2024/3/22 04:00,139088
2024/3/22 05:00,139114
2024/3/22 06:00,139140
2024/3/22 07:00,139166
2024/3/22 08:00,139199
2024/3/22 09:00,139245
2024/3/22 10:00,139297
2024/3/22 11:00,139359
2024/3/22 12:00,139422
2024/3/22 13:00,139484
2024/3/22 14:00,139544
2024/3/22 15:00,139597
2024/3/22 16:00,139667
2024/3/22 17:00,139750
2024/3/22 18:00,139814
2024/3/22 19:00,139863
2024/3/22 20:00,139906
2024/3/22 21:00,139944
2024/3/22 22:00,139982
2024/3/22 23:00,140018
2024/3/23 00:00,140048
2024/3/23 01:00,140076
2024/3/23 02:00,140104
2024/3/23 03:00,140130
2024/3/23 04:00,140155
2024/3/23 05:00,140180
2024/3/23 06:00,140205
2024/3/23 07:00,140230
2024/3/23 08:00,140259
2024/3/23 09:00,140288
2024/3/23 10:00,140318
2024/3/23 11:00,140350
2024/3/23 12:00,140383
2024/3/23 13:00,140420
2024/3/23 14:00,140458
2024/3/23 15:00,140499
2024/3/23 16:00,140535
2024/3/23 17:00,140572
2024/3/23 18:00,140609
2024/3/23 19:00,140646
2024/3/23 20:00,140682
2024/3/23 21:00,140721
2024/3/23 22:00,140760
2024/3/23 23:00,140794
2024/3/24 00:00,140825
2024/3/24 01:00,140855
2024/3/24 02:00,140881
2024/3/24 03:00,140907
2024/3/24 04:00,140936
2024/3/24 05:00,140961
2024/3/24 06:00,140987
2024/3/24 07:00,141012
2024/3/24 08:00,141039
2024/3/24 09:00,141067
2024/3/24 10:00,141097
2024/3/24 11:00,141134
2024/3/24 12:00,141170
2024/3/24 13:00,141202
2024/3/24 14:00,141233
2024/3/24 15:00,141272
2024/3/24 16:00,141313
2024/3/24 17:00,141359
2024/3/24 18:00,141412
2024/3/24 19:00,141465
2024/3/24 20:00,141516
2024/3/24 21:00,141557
2024/3/24 22:00,141597
2024/3/24 23:00,141634
2024/3/25 00:00,141670
2024/3/25 01:00,141698
2024/3/25 02:00,141724
2024/3/25 03:00,141750
2024/3/25 04:00,141776
2024/3/25 05:00,141802
2024/3/25 06:00,141830
2024/3/25 07:00,141855
2024/3/25 08:00,141885
2024/3/25 09:00,141931
2024/3/25 10:00,141979
2024/3/25 11:00,142038
2024/3/25 12:00,142094
2024/3/25 13:00,142151
2024/3/25 14:00,142209
2024/3/25 15:00,142278
2024/3/25 16:00,142341
2024/3/25 17:00,142400
2024/3/25 18:00,142458
2024/3/25 19:00,142508
2024/3/25 20:00,142552
2024/3/25 21:00,142598
2024/3/25 22:00,142646
2024/3/25 23:00,142685
2024/3/26 00:00,142720
2024/3/26 01:00,142748
2024/3/26 02:00,142774
2024/3/26 03:00,142800
2024/3/26 04:00,142828
2024/3/26 05:00,142853
2024/3/26 06:00,142877
2024/3/26 07:00,142903
2024/3/26 08:00,142933
2024/3/26 09:00,142977
2024/3/26 10:00,143031
2024/3/26 11:00,143095
2024/3/26 12:00,143159
2024/3/26 13:00,143218
2024/3/26 14:00,143272
2024/3/26 15:00,143323
2024/3/26 16:00,143381
2024/3/26 17:00,143449
2024/3/26 18:00,143515
2024/3/26 19:00,143564
2024/3/26 20:00,143607
2024/3/26 21:00,143649
2024/3/26 22:00,143693
2024/3/26 23:00,143725
2024/3/27 00:00,143753
2024/3/27 01:00,143775
2024/3/27 02:00,143795
2024/3/27 03:00,143815
2024/3/27 04:00,143835
2024/3/27 05:00,143855
2024/3/27 06:00,143875
2024/3/27 07:00,143895
2024/3/27 08:00,143919
2024/3/27 09:00,143958
2024/3/27 10:00,144006
2024/3/27 11:00,144063
2024/3/27 12:00,144121
2024/3/27 13:00,144176
2024/3/27 14:00,144229
2024/3/27 15:00,144289
2024/3/27 16:00,144355
2024/3/27 17:00,144418
2024/3/27 18:00,144476
2024/3/27 19:00,144529
2024/3/27 20:00,144577
2024/3/27 21:00,144625
2024/3/27 22:00,144667
2024/3/27 23:00,144704
2024/3/28 00:00,144740
2024/3/28 01:00,144765
2024/3/28 02:00,144789
2024/3/28 03:00,144812
2024/3/28 04:00,144838
2024/3/28 05:00,144861
2024/3/28 06:00,144884
2024/3/28 07:00,144910
2024/3/28 08:00,144938
2024/3/28 09:00,144980
2024/3/28 10:00,145034
2024/3/28 11:00,145096
2024/3/28 12:00,145154
2024/3/28 13:00,145209
2024/3/28 14:00,145266
2024/3/28 15:00,145325
2024/3/28 16:00,145393
2024/3/28 17:00,145467
2024/3/28 18:00,145538
2024/3/28 19:00,145597
2024/3/28 20:00,145650
2024/3/28 21:00,145698
2024/3/28 22:00,145742
2024/3/28 23:00,145786
2024/3/29 00:00,145821
2024/3/29 01:00,145857
2024/3/29 02:00,145887
2024/3/29 03:00,145916
2024/3/29 04:00,145946
2024/3/29 05:00,145977
2024/3/29 06:00,146007
2024/3/29 07:00,146034
2024/3/29 08:00,146071
2024/3/29 09:00,146121
2024/3/29 10:00,146179
2024/3/29 11:00,146242
2024/3/29 12:00,146308
2024/3/29 13:00,146371
2024/3/29 14:00,146432
2024/3/29 15:00,146495
2024/3/29 16:00,146554
2024/3/29 17:00,146608
2024/3/29 18:00,146656
2024/3/29 19:00,146703
2024/3/29 20:00,146747
2024/3/29 21:00,146787
2024/3/29 22:00,146826
2024/3/29 23:00,146864
2024/3/30 00:00,146900
2024/3/30 01:00,146928
2024/3/30 02:00,146958
2024/3/30 03:00,146986
2024/3/30 04:00,147013
2024/3/30 05:00,147038
2024/3/30 06:00,147068
2024/3/30 07:00,147095
2024/3/30 08:00,147122
2024/3/30 09:00,147157
2024/3/30 10:00,147199
2024/3/30 11:00,147243
2024/3/30 12:00,147282
2024/3/30 13:00,147324
2024/3/30 14:00,147371
2024/3/30 15:00,147418
2024/3/30 16:00,147468
2024/3/30 17:00,147524
2024/3/30 18:00,147574
2024/3/30 19:00,147621
2024/3/30 20:00,147664
2024/3/30 21:00,147707
2024/3/30 22:00,147749
2024/3/30 23:00,147781
2024/3/31 00:00,147814
2024/3/31 01:00,147841
2024/3/31 02:00,147867
2024/3/31 03:00,147892
2024/3/31 04:00,147919
2024/3/31 05:00,147944
2024/3/31 06:00,147968
2024/3/31 07:00,147994
2024/3/31 08:00,148022
2024/3/31 09:00,148053
2024/3/31 10:00,148087
2024/3/31 11:00,148122
2024/3/31 12:00,148158
2024/3/31 13:00,148198
2024/3/31 14:00,148240
2024/3/31 15:00,148278
2024/3/31 16:00,148317
2024/3/31 17:00,148352
2024/3/31 18:00,148389
2024/3/31 19:00,148424
2024/3/31 20:00,148462
2024/3/31 21:00,148498
2024/3/31 22:00,148535
2024/3/31 23:00,148570
2024/4/1 00:00,148601
2024/4/1 01:00,148627
2024/4/1 02:00,148651
2024/4/1 03:00,148678
2024/4/1 04:00,148704
2024/4/1 05:00,148729
2024/4/1 06:00,148754
2024/4/1 07:00,148780
2024/4/1 08:00,148808
2024/4/1 09:00,148848
2024/4/1 10:00,148898
2024/4/1 11:00,148951
2024/4/1 12:00,149006
2024/4/1 13:00,149054
2024/4/1 14:00,149103
2024/4/1 15:00,149158
2024/4/1 16:00,149216
2024/4/1 17:00,149281
2024/4/1 18:00,149337
2024/4/1 19:00,149384
2024/4/1 20:00,149429
2024/4/1 21:00,149471
2024/4/1 22:00,149511
2024/4/1 23:00,149548
2024/4/2 00:00,149586
2024/4/2 01:00,149617
2024/4/2 02:00,149646
2024/4/2 03:00,149673
2024/4/2 04:00,149703
2024/4/2 05:00,149731
2024/4/2 06:00,149758
2024/4/2 07:00,149788
2024/4/2 08:00,149818
2024/4/2 09:00,149864
2024/4/2 10:00,149919
2024/4/2 11:00,149979
2024/4/2 12:00,150034
2024/4/2 13:00,150080
2024/4/2 14:00,150132
2024/4/2 15:00,150190
2024/4/2 16:00,150251
2024/4/2 17:00,150317
2024/4/2 18:00,150383
2024/4/2 19:00,150440
2024/4/2 20:00,150493
2024/4/2 21:00,150539
2024/4/2 22:00,150582
2024/4/2 23:00,150624
2024/4/3 00:00,150658
2024/4/3 01:00,150690
2024/4/3 02:00,150718
2024/4/3 03:00,150744
2024/4/3 04:00,150774
2024/4/3 05:00,150801
2024/4/3 06:00,150829
2024/4/3 07:00,150854
2024/4/3 08:00,150887
2024/4/3 09:00,150933
2024/4/3 10:00,150986
2024/4/3 11:00,151046
2024/4/3 12:00,151107
2024/4/3 13:00,151160
2024/4/3 14:00,151211
2024/4/3 15:00,151277
2024/4/3 16:00,151338
2024/4/3 17:00,151396
2024/4/3 18:00,151449
2024/4/3 19:00,151497
2024/4/3 20:00,151540
2024/4/3 21:00,151579
2024/4/3 22:00,151621
2024/4/3 23:00,151662
2024/4/4 00:00,151703
2024/4/4 01:00,151741
2024/4/4 02:00,151772
2024/4/4 03:00,151799
2024/4/4 04:00,151824
2024/4/4 05:00,151852
2024/4/4 06:00,151874
2024/4/4 07:00,151895
2024/4/4 08:00,151918
2024/4/4 09:00,151942
2024/4/4 10:00,151971
2024/4/4 11:00,152002
2024/4/4 12:00,152040
2024/4/4 13:00,152072
2024/4/4 14:00,152105
2024/4/4 15:00,152141
2024/4/4 16:00,152176
2024/4/4 17:00,152210
2024/4/4 18:00,152248
2024/4/4 19:00,152285
2024/4/4 20:00,152322
2024/4/4 21:00,152361
2024/4/4 22:00,152405
2024/4/4 23:00,152451
2024/4/5 00:00,152495
2024/4/5 01:00,152533
2024/4/5 02:00,152564
2024/4/5 03:00,152592
2024/4/5 04:00,152619
2024/4/5 05:00,152649
2024/4/5 06:00,152676
2024/4/5 07:00,152702
2024/4/5 08:00,152730
2024/4/5 09:00,152765
2024/4/5 10:00,152798
2024/4/5 11:00,152831
2024/4/5 12:00,152869
2024/4/5 13:00,152902
2024/4/5 14:00,152933
2024/4/5 15:00,152965
2024/4/5 16:00,152999
2024/4/5 17:00,153034
2024/4/5 18:00,153067
2024/4/5 19:00,153106
2024/4/5 20:00,153145
2024/4/5 21:00,153182
2024/4/5 22:00,153217
2024/4/5 23:00,153254
2024/4/6 00:00,153284
2024/4/6 01:00,153310
2024/4/6 02:00,153336
2024/4/6 03:00,153362
2024/4/6 04:00,153386
2024/4/6 05:00,153409
2024/4/6 06:00,153435
2024/4/6 07:00,153459
2024/4/6 08:00,153484
2024/4/6 09:00,153513
2024/4/6 10:00,153545
2024/4/6 11:00,153580
2024/4/6 12:00,153619
2024/4/6 13:00,153665
2024/4/6 14:00,153712
2024/4/6 15:00,153764
2024/4/6 16:00,153815
2024/4/6 17:00,153873
2024/4/6 18:00,153916
2024/4/6 19:00,153957
2024/4/6 20:00,154000
2024/4/6 21:00,154041
2024/4/6 22:00,154079
2024/4/6 23:00,154114
2024/4/7 00:00,154150
2024/4/7 01:00,154177
2024/4/7 02:00,154201
2024/4/7 03:00,154227
2024/4/7 04:00,154252
2024/4/7 05:00,154277
2024/4/7 06:00,154300
2024/4/7 07:00,154328
2024/4/7 08:00,154355
2024/4/7 09:00,154398
2024/4/7 10:00,154451
2024/4/7 11:00,154510
2024/4/7 12:00,154570
2024/4/7 13:00,154617
2024/4/7 14:00,154664
2024/4/7 15:00,154717
2024/4/7 16:00,154771
2024/4/7 17:00,154827
2024/4/7 18:00,154889
2024/4/7 19:00,154945
2024/4/7 20:00,154999
2024/4/7 21:00,155051
2024/4/7 22:00,155103
2024/4/7 23:00,155149
2024/4/8 00:00,155188
2024/4/8 01:00,155222
2024/4/8 02:00,155251
2024/4/8 03:00,155278
2024/4/8 04:00,155306
2024/4/8 05:00,155332
2024/4/8 06:00,155355
2024/4/8 07:00,155377
2024/4/8 08:00,155403
2024/4/8 09:00,155445
2024/4/8 10:00,155498
2024/4/8 11:00,155554
2024/4/8 12:00,155615
2024/4/8 13:00,155679
2024/4/8 14:00,155730
2024/4/8 15:00,155790
2024/4/8 16:00,155846
2024/4/8 17:00,155903
2024/4/8 18:00,155957
2024/4/8 19:00,156013
2024/4/8 20:00,156078
2024/4/8 21:00,156135
2024/4/8 22:00,156186
2024/4/8 23:00,156230
2024/4/9 00:00,156268
2024/4/9 01:00,156304
2024/4/9 02:00,156335
2024/4/9 03:00,156364
2024/4/9 04:00,156395
2024/4/9 05:00,156426
2024/4/9 06:00,156456
2024/4/9 07:00,156486
2024/4/9 08:00,156530
2024/4/9 09:00,156585
2024/4/9 10:00,156648
2024/4/9 11:00,156716
2024/4/9 12:00,156798
2024/4/9 13:00,156862
2024/4/9 14:00,156911
2024/4/9 15:00,156963
2024/4/9 16:00,157019
2024/4/9 17:00,157075
2024/4/9 18:00,157128
2024/4/9 19:00,157176
2024/4/9 20:00,157223
2024/4/9 21:00,157267
2024/4/9 22:00,157306
2024/4/9 23:00,157352
2024/4/10 00:00,157385
2024/4/10 01:00,157412
2024/4/10 02:00,157438
2024/4/10 03:00,157467
2024/4/10 04:00,157493
2024/4/10 05:00,157519
2024/4/10 06:00,157546
2024/4/10 07:00,157575
2024/4/10 08:00,157606
2024/4/10 09:00,157646
2024/4/10 10:00,157703
2024/4/10 11:00,157764
2024/4/10 12:00,157823
2024/4/10 13:00,157872
2024/4/10 14:00,157922
2024/4/10 15:00,157981
2024/4/10 16:00,158041
2024/4/10 17:00,158105
2024/4/10 18:00,158161
2024/4/10 19:00,158209
2024/4/10 20:00,158256
2024/4/10 21:00,158307
2024/4/10 22:00,158355
2024/4/10 23:00,158395
2024/4/11 00:00,158426
2024/4/11 01:00,158456
2024/4/11 02:00,158483
2024/4/11 03:00,158508
2024/4/11 04:00,158534
2024/4/11 05:00,158561
2024/4/11 06:00,158585
2024/4/11 07:00,158601
2024/4/11 08:00,158640
2024/4/11 09:00,158678
2024/4/11 10:00,158724
2024/4/11 11:00,158777
2024/4/11 12:00,158848
2024/4/11 13:00,158915
2024/4/11 14:00,158987
2024/4/11 15:00,159065
2024/4/11 16:00,159139
2024/4/11 17:00,159214
2024/4/11 18:00,159277
2024/4/11 19:00,159330
2024/4/11 20:00,159380
2024/4/11 21:00,159429
2024/4/11 22:00,159472
2024/4/11 23:00,159516
2024/4/12 00:00,159552
2024/4/12 01:00,159580
2024/4/12 02:00,159606
2024/4/12 03:00,159634
2024/4/12 04:00,159659
2024/4/12 05:00,159684
2024/4/12 06:00,159710
2024/4/12 07:00,159736
2024/4/12 08:00,159763
2024/4/12 09:00,159804
2024/4/12 10:00,159857
2024/4/12 11:00,159915
2024/4/12 12:00,159984
2024/4/12 13:00,160049
2024/4/12 14:00,160123
2024/4/12 15:00,160172
2024/4/12 16:00,160225
2024/4/12 17:00,160278
2024/4/12 18:00,160331
2024/4/12 19:00,160375
2024/4/12 20:00,160409
2024/4/12 21:00,160444
2024/4/12 22:00,160482
2024/4/12 23:00,160516
2024/4/13 00:00,160549
2024/4/13 01:00,160578
2024/4/13 02:00,160604
2024/4/13 03:00,160628
2024/4/13 04:00,160657
2024/4/13 05:00,160681
2024/4/13 06:00,160706
2024/4/13 07:00,160730
2024/4/13 08:00,160759
2024/4/13 09:00,160785
2024/4/13 10:00,160815
2024/4/13 11:00,160848
2024/4/13 12:00,160891
2024/4/13 13:00,160930
2024/4/13 14:00,160973
2024/4/13 15:00,161016
2024/4/13 16:00,161061
2024/4/13 17:00,161104
2024/4/13 18:00,161140
2024/4/13 19:00,161188
2024/4/13 20:00,161227
2024/4/13 21:00,161264
2024/4/13 22:00,161298
2024/4/13 23:00,161334
2024/4/14 00:00,161367
2024/4/14 01:00,161394
2024/4/14 02:00,161419
2024/4/14 03:00,161445
2024/4/14 04:00,161470
2024/4/14 05:00,161493
2024/4/14 06:00,161520
2024/4/14 07:00,161544
2024/4/14 08:00,161570
2024/4/14 09:00,161596
2024/4/14 10:00,161627
2024/4/14 11:00,161659
2024/4/14 12:00,161691
2024/4/14 13:00,161721
2024/4/14 14:00,161755
2024/4/14 15:00,161794
2024/4/14 16:00,161840
2024/4/14 17:00,161891
2024/4/14 18:00,161954
2024/4/14 19:00,162014
2024/4/14 20:00,162059
2024/4/14 21:00,162105
2024/4/14 22:00,162144
2024/4/14 23:00,162177
2024/4/15 00:00,162208
2024/4/15 01:00,162237
2024/4/15 02:00,162260
2024/4/15 03:00,162281
2024/4/15 04:00,162302
2024/4/15 05:00,162327
2024/4/15 06:00,162349
2024/4/15 07:00,162371
2024/4/15 08:00,162396
2024/4/15 09:00,162440
2024/4/15 10:00,162484
2024/4/15 11:00,162531
2024/4/15 12:00,162585
2024/4/15 13:00,162642
2024/4/15 14:00,162707
2024/4/15 15:00,162766
2024/4/15 16:00,162814
2024/4/15 17:00,162864
2024/4/15 18:00,162915
2024/4/15 19:00,162966
2024/4/15 20:00,163016
2024/4/15 21:00,163059
2024/4/15 22:00,163095
2024/4/15 23:00,163128
2024/4/16 00:00,163159
2024/4/16 01:00,163183
2024/4/16 02:00,163206
2024/4/16 03:00,163230
2024/4/16 04:00,163251
2024/4/16 05:00,163273
2024/4/16 06:00,163293
2024/4/16 07:00,163317
2024/4/16 08:00,163343
2024/4/16 09:00,163380
2024/4/16 10:00,163430
2024/4/16 11:00,163494
2024/4/16 12:00,163567
2024/4/16 13:00,163632
2024/4/16 14:00,163676
2024/4/16 15:00,163726
2024/4/16 16:00,163786
2024/4/16 17:00,163854
2024/4/16 18:00,163912
2024/4/16 19:00,163962
2024/4/16 20:00,164006
2024/4/16 21:00,164042
2024/4/16 22:00,164072
2024/4/16 23:00,164101
2024/4/17 00:00,164126
2024/4/17 01:00,164147
2024/4/17 02:00,164167
2024/4/17 03:00,164186
2024/4/17 04:00,164205
2024/4/17 05:00,164224
2024/4/17 06:00,164243
2024/4/17 07:00,164262
2024/4/17 08:00,164285
2024/4/17 09:00,164319
2024/4/17 10:00,164358
2024/4/17 11:00,164399
2024/4/17 12:00,164445
2024/4/17 13:00,164491
2024/4/17 14:00,164537
2024/4/17 15:00,164593
2024/4/17 16:00,164651
2024/4/17 17:00,164708
2024/4/17 18:00,164764
2024/4/17 19:00,164811
2024/4/17 20:00,164860
2024/4/17 21:00,164905
2024/4/17 22:00,164949
2024/4/17 23:00,164985
2024/4/18 00:00,165020
2024/4/18 01:00,165047
2024/4/18 02:00,165071
2024/4/18 03:00,165098
2024/4/18 04:00,165124
2024/4/18 05:00,165149
2024/4/18 06:00,165173
2024/4/18 07:00,165201
2024/4/18 08:00,165231
2024/4/18 09:00,165268
2024/4/18 10:00,165313
2024/4/18 11:00,165367
2024/4/18 12:00,165416
2024/4/18 13:00,165456
2024/4/18 14:00,165501
2024/4/18 15:00,165555
2024/4/18 16:00,165615
2024/4/18 17:00,165671
2024/4/18 18:00,165722
2024/4/18 19:00,165767
2024/4/18 20:00,165807
2024/4/18 21:00,165846
2024/4/18 22:00,165888
2024/4/18 23:00,165925
2024/4/19 00:00,165963
2024/4/19 01:00,165997
2024/4/19 02:00,166032
2024/4/19 03:00,166063
2024/4/19 04:00,166088
2024/4/19 05:00,166112
2024/4/19 06:00,166138
2024/4/19 07:00,166163
2024/4/19 08:00,166189
2024/4/19 09:00,166229
2024/4/19 10:00,166283
2024/4/19 11:00,166340
2024/4/19 12:00,166392
2024/4/19 13:00,166439
2024/4/19 14:00,166480
2024/4/19 15:00,166533
2024/4/19 16:00,166589
2024/4/19 17:00,166652
2024/4/19 18:00,166703
2024/4/19 19:00,166749
2024/4/19 20:00,166790
2024/4/19 21:00,166832
2024/4/19 22:00,166871
2024/4/19 23:00,166906
2024/4/20 00:00,166938
2024/4/20 01:00,166976
2024/4/20 02:00,167014
2024/4/20 03:00,167046
2024/4/20 04:00,167074
2024/4/20 05:00,167103
2024/4/20 06:00,167130
2024/4/20 07:00,167156
2024/4/20 08:00,167185
2024/4/20 09:00,167215
2024/4/20 10:00,167247
2024/4/20 11:00,167281
2024/4/20 12:00,167319
2024/4/20 13:00,167352
2024/4/20 14:00,167386
2024/4/20 15:00,167420
2024/4/20 16:00,167463
2024/4/20 17:00,167503
2024/4/20 18:00,167543
2024/4/20 19:00,167579
2024/4/20 20:00,167622
2024/4/20 21:00,167663
2024/4/20 22:00,167705
2024/4/20 23:00,167742
2024/4/21 00:00,167777
2024/4/21 01:00,167804
2024/4/21 02:00,167828
2024/4/21 03:00,167853
2024/4/21 04:00,167877
2024/4/21 05:00,167901
2024/4/21 06:00,167923
2024/4/21 07:00,167948
2024/4/21 08:00,167974
2024/4/21 09:00,168000
2024/4/21 10:00,168029
2024/4/21 11:00,168070
2024/4/21 12:00,168101
2024/4/21 13:00,168129
2024/4/21 14:00,168156
2024/4/21 15:00,168184
2024/4/21 16:00,168221
2024/4/21 17:00,168258
2024/4/21 18:00,168292
2024/4/21 19:00,168330
2024/4/21 20:00,168365
2024/4/21 21:00,168401
2024/4/21 22:00,168437
2024/4/21 23:00,168471
2024/4/22 00:00,168503
2024/4/22 01:00,168527
2024/4/22 02:00,168552
2024/4/22 03:00,168575
2024/4/22 04:00,168598
2024/4/22 05:00,168620
2024/4/22 06:00,168645
2024/4/22 07:00,168668
2024/4/22 08:00,168695
2024/4/22 09:00,168731
2024/4/22 10:00,168779
2024/4/22 11:00,168833
2024/4/22 12:00,168886
2024/4/22 13:00,168937
2024/4/22 14:00,168989
2024/4/22 15:00,169050
2024/4/22 16:00,169112
2024/4/22 17:00,169165
2024/4/22 18:00,169228
2024/4/22 19:00,169273
2024/4/22 20:00,169313
2024/4/22 21:00,169355
2024/4/22 22:00,169394
2024/4/22 23:00,169429
2024/4/23 00:00,169461
2024/4/23 01:00,169491
2024/4/23 02:00,169515
2024/4/23 03:00,169537
2024/4/23 04:00,169559
2024/4/23 05:00,169583
2024/4/23 06:00,169606
2024/4/23 07:00,169628
2024/4/23 08:00,169655
2024/4/23 09:00,169697
2024/4/23 10:00,169749
2024/4/23 11:00,169804
2024/4/23 12:00,169863
2024/4/23 13:00,169913
2024/4/23 14:00,169967
2024/4/23 15:00,170027
2024/4/23 16:00,170101
2024/4/23 17:00,170172
2024/4/23 18:00,170236
2024/4/23 19:00,170291
2024/4/23 20:00,170342
2024/4/23 21:00,170390
2024/4/23 22:00,170437
2024/4/23 23:00,170477
2024/4/24 00:00,170507
2024/4/24 01:00,170530
2024/4/24 02:00,170550
2024/4/24 03:00,170571
2024/4/24 04:00,170590
2024/4/24 05:00,170611
2024/4/24 06:00,170632
2024/4/24 07:00,170651
2024/4/24 08:00,170675
2024/4/24 09:00,170708
2024/4/24 10:00,170751
2024/4/24 11:00,170798
2024/4/24 12:00,170847
2024/4/24 13:00,170892
2024/4/24 14:00,170938
2024/4/24 15:00,170992
2024/4/24 16:00,171057
2024/4/24 17:00,171128
2024/4/24 18:00,171184
2024/4/24 19:00,171234
2024/4/24 20:00,171284
2024/4/24 21:00,171326
2024/4/24 22:00,171367
2024/4/24 23:00,171406
2024/4/25 00:00,171439
2024/4/25 01:00,171469
2024/4/25 02:00,171497
2024/4/25 03:00,171524
2024/4/25 04:00,171548
2024/4/25 05:00,171577
2024/4/25 06:00,171604
2024/4/25 07:00,171631
2024/4/25 08:00,171660
2024/4/25 09:00,171702
2024/4/25 10:00,171753
2024/4/25 11:00,171806
2024/4/25 12:00,171860
2024/4/25 13:00,171911
2024/4/25 14:00,171962
2024/4/25 15:00,172021
2024/4/25 16:00,172091
2024/4/25 17:00,172159
2024/4/25 18:00,172234
2024/4/25 19:00,172292
2024/4/25 20:00,172347
2024/4/25 21:00,172401
2024/4/25 22:00,172449
2024/4/25 23:00,172490
2024/4/26 00:00,172528
2024/4/26 01:00,172557
2024/4/26 02:00,172583
2024/4/26 03:00,172609
2024/4/26 04:00,172637
2024/4/26 05:00,172662
2024/4/26 06:00,172687
2024/4/26 07:00,172713
2024/4/26 08:00,172742
2024/4/26 09:00,172784
2024/4/26 10:00,172841
2024/4/26 11:00,172912
2024/4/26 12:00,172978
2024/4/26 13:00,173034
2024/4/26 14:00,173092
2024/4/26 15:00,173162
2024/4/26 16:00,173243
2024/4/26 17:00,173323
2024/4/26 18:00,173390
2024/4/26 19:00,173451
2024/4/26 20:00,173504
2024/4/26 21:00,173552
2024/4/26 22:00,173599
2024/4/26 23:00,173640
2024/4/27 00:00,173676
2024/4/27 01:00,173704
2024/4/27 02:00,173733
2024/4/27 03:00,173757
2024/4/27 04:00,173781
2024/4/27 05:00,173804
2024/4/27 06:00,173830
2024/4/27 07:00,173854
2024/4/27 08:00,173878
2024/4/27 09:00,173907
2024/4/27 10:00,173945
2024/4/27 11:00,173996
2024/4/27 12:00,174053
2024/4/27 13:00,174113
2024/4/27 14:00,174173
2024/4/27 15:00,174235
2024/4/27 16:00,174313
2024/4/27 17:00,174385
2024/4/27 18:00,174447
2024/4/27 19:00,174506
2024/4/27 20:00,174565
2024/4/27 21:00,174618
2024/4/27 22:00,174664
2024/4/27 23:00,174707
2024/4/28 00:00,174751
2024/4/28 01:00,174793
2024/4/28 02:00,174829
2024/4/28 03:00,174855
2024/4/28 04:00,174879
2024/4/28 05:00,174907
2024/4/28 06:00,174931
2024/4/28 07:00,174956
2024/4/28 08:00,174984
2024/4/28 09:00,175027
2024/4/28 10:00,175077
2024/4/28 11:00,175137
2024/4/28 12:00,175201
2024/4/28 13:00,175263
2024/4/28 14:00,175321
2024/4/28 15:00,175394
2024/4/28 16:00,175487
2024/4/28 17:00,175573
2024/4/28 18:00,175645
2024/4/28 19:00,175706
2024/4/28 20:00,175765
2024/4/28 21:00,175820
2024/4/28 22:00,175868
2024/4/28 23:00,175910
2024/4/29 00:00,175948
2024/4/29 01:00,175978
2024/4/29 02:00,176004
2024/4/29 03:00,176030
2024/4/29 04:00,176057
2024/4/29 05:00,176082
2024/4/29 06:00,176106
2024/4/29 07:00,176131
2024/4/29 08:00,176158
2024/4/29 09:00,176198
2024/4/29 10:00,176242
2024/4/29 11:00,176296
2024/4/29 12:00,176348
2024/4/29 13:00,176395
2024/4/29 14:00,176444
2024/4/29 15:00,176507
2024/4/29 16:00,176568
2024/4/29 17:00,176622
2024/4/29 18:00,176670
2024/4/29 19:00,176722
2024/4/29 20:00,176771
2024/4/29 21:00,176813
2024/4/29 22:00,176852
2024/4/29 23:00,176890
2024/4/30 00:00,176923
2024/4/30 01:00,176950
2024/4/30 02:00,176975
2024/4/30 03:00,177001
2024/4/30 04:00,177024
2024/4/30 05:00,177046
2024/4/30 06:00,177070
2024/4/30 07:00,177094
2024/4/30 08:00,177120
2024/4/30 09:00,177156
2024/4/30 10:00,177199
2024/4/30 11:00,177245
2024/4/30 12:00,177288
2024/4/30 13:00,
2024/4/30 14:00,177360
2024/4/30 15:00,177406
2024/4/30 16:00,177450
2024/4/30 17:00,177490
2024/4/30 18:00,177532
2024/4/30 19:00,177566
2024/4/30 20:00,177596
2024/4/30 21:00,177626
2024/4/30 22:00,177657
2024/4/30 23:00,177685
2024/5/1 00:00,177710
2024/5/1 01:00,177731
2024/5/1 02:00,177749
2024/5/1 03:00,177766
2024/5/1 04:00,177784
2024/5/1 05:00,177801
2024/5/1 06:00,177818
2024/5/1 07:00,177835
2024/5/1 08:00,177855
2024/5/1 09:00,177879
2024/5/1 10:00,177901
2024/5/1 11:00,177923
2024/5/1 12:00,177946
2024/5/1 13:00,177968
2024/5/1 14:00,177990
2024/5/1 15:00,178016
2024/5/1 16:00,178047
2024/5/1 17:00,178077
2024/5/1 18:00,178106
2024/5/1 19:00,178135
2024/5/1 20:00,178162
2024/5/1 21:00,178188
2024/5/1 22:00,178215
2024/5/1 23:00,178240
2024/5/2 00:00,178265
2024/5/2 01:00,178286
2024/5/2 02:00,178304
2024/5/2 03:00,178322
2024/5/2 04:00,178340
2024/5/2 05:00,178357
2024/5/2 06:00,178374
2024/5/2 07:00,178391
2024/5/2 08:00,178410
2024/5/2 09:00,178431
2024/5/2 10:00,178455
2024/5/2 11:00,178488
2024/5/2 12:00,178523
2024/5/2 13:00,178552
2024/5/2 14:00,178577
2024/5/2 15:00,178605
2024/5/2 16:00,178633
2024/5/2 17:00,178661
2024/5/2 18:00,178692
2024/5/2 19:00,178721
2024/5/2 20:00,178750
2024/5/2 21:00,178780
2024/5/2 22:00,178808
2024/5/2 23:00,178834
2024/5/3 00:00,178856
2024/5/3 01:00,178876
2024/5/3 02:00,178895
2024/5/3 03:00,178913
2024/5/3 04:00,178931
2024/5/3 05:00,178949
2024/5/3 06:00,178967
2024/5/3 07:00,178984
2024/5/3 08:00,179005
2024/5/3 09:00,179027
2024/5/3 10:00,179052
2024/5/3 11:00,179076
2024/5/3 12:00,179102
2024/5/3 13:00,179126
2024/5/3 14:00,179150
2024/5/3 15:00,179177
2024/5/3 16:00,179209
2024/5/3 17:00,179238
2024/5/3 18:00,179270
2024/5/3 19:00,179302
2024/5/3 20:00,179333
2024/5/3 21:00,179364
2024/5/3 22:00,179390
2024/5/3 23:00,179414
2024/5/4 00:00,179437
2024/5/4 01:00,179455
2024/5/4 02:00,179471
2024/5/4 03:00,179488
2024/5/4 04:00,179504
2024/5/4 05:00,179520
2024/5/4 06:00,179536
2024/5/4 07:00,179551
2024/5/4 08:00,179569
2024/5/4 09:00,179590
2024/5/4 10:00,179612
2024/5/4 11:00,179636
2024/5/4 12:00,179661
2024/5/4 13:00,179689
2024/5/4 14:00,179727
2024/5/4 15:00,179769
2024/5/4 16:00,179808
2024/5/4 17:00,179844
2024/5/4 18:00,179874
2024/5/4 19:00,179903
2024/5/4 20:00,179931
2024/5/4 21:00,179959
2024/5/4 22:00,179983
2024/5/4 23:00,180005
2024/5/5 00:00,180027
2024/5/5 01:00,180043
2024/5/5 02:00,180060
2024/5/5 03:00,180076
2024/5/5 04:00,180092
2024/5/5 05:00,180107
2024/5/5 06:00,180123
2024/5/5 07:00,180138
2024/5/5 08:00,180156
2024/5/5 09:00,180176
2024/5/5 10:00,180196
2024/5/5 11:00,180216
2024/5/5 12:00,180238
2024/5/5 13:00,180261
2024/5/5 14:00,180283
2024/5/5 15:00,180307
2024/5/5 16:00,180334
2024/5/5 17:00,180368
2024/5/5 18:00,180403
2024/5/5 19:00,180436
2024/5/5 20:00,180471
2024/5/5 21:00,180501
2024/5/5 22:00,180530
2024/5/5 23:00,180563
2024/5/6 00:00,180596
2024/5/6 01:00,180622
2024/5/6 02:00,180639
2024/5/6 03:00,180654
2024/5/6 04:00,180670
2024/5/6 05:00,180685
2024/5/6 06:00,180701
2024/5/6 07:00,180716
2024/5/6 08:00,180736
2024/5/6 09:00,180770
2024/5/6 10:00,180810
2024/5/6 11:00,180853
2024/5/6 12:00,180901
2024/5/6 13:00,180940
2024/5/6 14:00,180979
2024/5/6 15:00,181018
2024/5/6 16:00,181062
2024/5/6 17:00,181109
2024/5/6 18:00,181158
2024/5/6 19:00,181204
2024/5/6 20:00,181243
2024/5/6 21:00,181277
2024/5/6 22:00,181309
2024/5/6 23:00,181339
2024/5/7 00:00,181367
2024/5/7 01:00,181388
2024/5/7 02:00,181406
2024/5/7 03:00,181425
2024/5/7 04:00,181442
2024/5/7 05:00,181460
2024/5/7 06:00,181478
2024/5/7 07:00,181495
2024/5/7 08:00,181517
2024/5/7 09:00,181549
2024/5/7 10:00,181590
2024/5/7 11:00,181634
2024/5/7 12:00,181679
2024/5/7 13:00,181724
2024/5/7 14:00,181760
2024/5/7 15:00,181802
2024/5/7 16:00,181853
2024/5/7 17:00,181909
2024/5/7 18:00,181969
2024/5/7 19:00,182033
2024/5/7 20:00,182094
2024/5/7 21:00,182133
2024/5/7 22:00,182164
2024/5/7 23:00,182194
2024/5/8 00:00,182219
2024/5/8 01:00,182240
2024/5/8 02:00,182258
2024/5/8 03:00,182275
2024/5/8 04:00,182292
2024/5/8 05:00,182309
2024/5/8 06:00,182326
2024/5/8 07:00,182345
2024/5/8 08:00,182366
2024/5/8 09:00,182403
2024/5/8 10:00,182460
2024/5/8 11:00,182525
2024/5/8 12:00,182596
2024/5/8 13:00,182649
2024/5/8 14:00,182696
2024/5/8 15:00,182753
2024/5/8 16:00,182814
2024/5/8 17:00,182876
2024/5/8 18:00,182943
2024/5/8 19:00,183009
2024/5/8 20:00,183066
2024/5/8 21:00,183105
2024/5/8 22:00,183144
2024/5/8 23:00,183182
2024/5/9 00:00,183213
2024/5/9 01:00,183246
2024/5/9 02:00,183280
2024/5/9 03:00,183309
2024/5/9 04:00,183331
2024/5/9 05:00,183350
2024/5/9 06:00,183368
2024/5/9 07:00,183386
2024/5/9 08:00,183406
2024/5/9 09:00,183443
2024/5/9 10:00,183488
2024/5/9 11:00,183546
2024/5/9 12:00,183615
2024/5/9 13:00,183684
2024/5/9 14:00,183736
2024/5/9 15:00,183791
2024/5/9 16:00,183850
2024/5/9 17:00,183927
2024/5/9 18:00,183997
2024/5/9 19:00,184055
2024/5/9 20:00,184109
2024/5/9 21:00,184156
2024/5/9 22:00,184199
2024/5/9 23:00,184245
2024/5/10 00:00,184293
2024/5/10 01:00,184315
2024/5/10 02:00,184335
2024/5/10 03:00,184354
2024/5/10 04:00,184374
2024/5/10 05:00,184393
2024/5/10 06:00,184411
2024/5/10 07:00,184429
2024/5/10 08:00,184450
2024/5/10 09:00,184484
2024/5/10 10:00,184528
2024/5/10 11:00,184579
2024/5/10 12:00,184631
2024/5/10 13:00,184677
2024/5/10 14:00,184724
2024/5/10 15:00,184784
2024/5/10 16:00,184852
2024/5/10 17:00,184918
2024/5/10 18:00,184984
2024/5/10 19:00,185039
2024/5/10 20:00,185088
2024/5/10 21:00,185129
2024/5/10 22:00,185165
2024/5/10 23:00,185198
2024/5/11 00:00,185226
2024/5/11 01:00,185247
2024/5/11 02:00,185267
2024/5/11 03:00,185287
2024/5/11 04:00,185307
2024/5/11 05:00,185326
2024/5/11 06:00,185346
2024/5/11 07:00,185366
2024/5/11 08:00,185389
2024/5/11 09:00,185422
2024/5/11 10:00,185459
2024/5/11 11:00,185502
2024/5/11 12:00,185549
2024/5/11 13:00,185590
2024/5/11 14:00,185638
2024/5/11 15:00,185690
2024/5/11 16:00,185746
2024/5/11 17:00,185801
2024/5/11 18:00,185848
2024/5/11 19:00,185889
2024/5/11 20:00,185924
2024/5/11 21:00,185959
2024/5/11 22:00,185991
2024/5/11 23:00,186021
2024/5/12 00:00,186046
2024/5/12 01:00,186067
2024/5/12 02:00,186084
2024/5/12 03:00,186101
2024/5/12 04:00,186118
2024/5/12 05:00,186135
2024/5/12 06:00,186151
2024/5/12 07:00,186168
2024/5/12 08:00,186187
2024/5/12 09:00,186211
2024/5/12 10:00,186236
2024/5/12 11:00,186265
2024/5/12 12:00,186295
2024/5/12 13:00,186331
2024/5/12 14:00,186367
2024/5/12 15:00,186406
2024/5/12 16:00,186447
2024/5/12 17:00,186487
2024/5/12 18:00,186529
2024/5/12 19:00,186573
2024/5/12 20:00,186618
2024/5/12 21:00,186657
2024/5/12 22:00,186689
2024/5/12 23:00,186719
2024/5/13 00:00,186746
2024/5/13 01:00,186769
2024/5/13 02:00,186789
2024/5/13 03:00,186808
2024/5/13 04:00,186828
2024/5/13 05:00,186847
2024/5/13 06:00,186866
2024/5/13 07:00,186886
2024/5/13 08:00,186909
2024/5/13 09:00,186944
2024/5/13 10:00,186987
2024/5/13 11:00,187044
2024/5/13 12:00,187109
2024/5/13 13:00,187170
2024/5/13 14:00,187241
2024/5/13 15:00,187302
2024/5/13 16:00,187377
2024/5/13 17:00,187455
2024/5/13 18:00,187528
2024/5/13 19:00,187584
2024/5/13 20:00,187634
2024/5/13 21:00,187681
2024/5/13 22:00,187734
2024/5/13 23:00,187786
2024/5/14 00:00,187836
2024/5/14 01:00,187861
2024/5/14 02:00,187883
2024/5/14 03:00,187904
2024/5/14 04:00,187926
2024/5/14 05:00,187946
2024/5/14 06:00,187966
2024/5/14 07:00,187986
2024/5/14 08:00,188011
2024/5/14 09:00,188056
2024/5/14 10:00,188113
2024/5/14 11:00,188184
2024/5/14 12:00,188256
2024/5/14 13:00,188317
2024/5/14 14:00,188380
2024/5/14 15:00,188456
2024/5/14 16:00,188555
2024/5/14 17:00,188655
2024/5/14 18:00,188737
2024/5/14 19:00,188803
2024/5/14 20:00,188868
2024/5/14 21:00,188936
2024/5/14 22:00,188998
2024/5/14 23:00,189053
2024/5/15 00:00,189087
2024/5/15 01:00,189112
2024/5/15 02:00,189135
2024/5/15 03:00,189156
2024/5/15 04:00,189178
2024/5/15 05:00,189199
2024/5/15 06:00,189220
2024/5/15 07:00,189241
2024/5/15 08:00,189265
2024/5/15 09:00,189305
2024/5/15 10:00,189356
2024/5/15 11:00,189412
2024/5/15 12:00,189475
2024/5/15 13:00,189538
2024/5/15 14:00,189609
2024/5/15 15:00,189701
2024/5/15 16:00,189802
2024/5/15 17:00,189890
2024/5/15 18:00,189970
2024/5/15 19:00,190039
2024/5/15 20:00,190095
2024/5/15 21:00,190146
2024/5/15 22:00,190197
2024/5/15 23:00,190250
2024/5/16 00:00,190294
2024/5/16 01:00,190337
2024/5/16 02:00,190368
2024/5/16 03:00,190389
2024/5/16 04:00,190410
2024/5/16 05:00,190430
2024/5/16 06:00,190451
2024/5/16 07:00,190472
2024/5/16 08:00,190496
2024/5/16 09:00,190537
2024/5/16 10:00,190590
2024/5/16 11:00,190650
2024/5/16 12:00,190711
2024/5/16 13:00,190771
2024/5/16 14:00,190840
2024/5/16 15:00,190927
2024/5/16 16:00,191027
2024/5/16 17:00,191139
2024/5/16 18:00,191229
2024/5/16 19:00,191309
2024/5/16 20:00,191383
2024/5/16 21:00,191440
2024/5/16 22:00,191489
2024/5/16 23:00,191525
2024/5/17 00:00,191560
2024/5/17 01:00,191585
2024/5/17 02:00,191607
2024/5/17 03:00,191627
2024/5/17 04:00,191646
2024/5/17 05:00,191666
2024/5/17 06:00,191686
2024/5/17 07:00,191705
2024/5/17 08:00,191728
2024/5/17 09:00,191764
2024/5/17 10:00,191819
2024/5/17 11:00,191880
2024/5/17 12:00,191949
2024/5/17 13:00,192018
2024/5/17 14:00,192091
2024/5/17 15:00,192176
2024/5/17 16:00,192280
2024/5/17 17:00,192380
2024/5/17 18:00,192466
2024/5/17 19:00,192541
2024/5/17 20:00,192602
2024/5/17 21:00,192659
2024/5/17 22:00,192710
2024/5/17 23:00,192754
2024/5/18 00:00,192798
2024/5/18 01:00,192831
2024/5/18 02:00,192860
2024/5/18 03:00,192889
2024/5/18 04:00,192915
2024/5/18 05:00,192943
2024/5/18 06:00,192971
2024/5/18 07:00,192999
2024/5/18 08:00,193030
2024/5/18 09:00,193061
2024/5/18 10:00,193101
2024/5/18 11:00,193144
2024/5/18 12:00,193200
2024/5/18 13:00,193257
2024/5/18 14:00,193319
2024/5/18 15:00,193383
2024/5/18 16:00,193458
2024/5/18 17:00,193538
2024/5/18 18:00,193607
2024/5/18 19:00,193660
2024/5/18 20:00,193714
2024/5/18 21:00,193763
2024/5/18 22:00,193813
2024/5/18 23:00,193864
2024/5/19 00:00,193908
2024/5/19 01:00,193940
2024/5/19 02:00,193969
2024/5/19 03:00,193996
2024/5/19 04:00,194023
2024/5/19 05:00,194048
2024/5/19 06:00,194076
2024/5/19 07:00,194102
2024/5/19 08:00,194130
2024/5/19 09:00,194161
2024/5/19 10:00,194205
2024/5/19 11:00,194261
2024/5/19 12:00,194316
2024/5/19 13:00,194376
2024/5/19 14:00,194435
2024/5/19 15:00,194495
2024/5/19 16:00,194553
2024/5/19 17:00,194612
2024/5/19 18:00,194669
2024/5/19 19:00,194721
2024/5/19 20:00,194770
2024/5/19 21:00,194818
2024/5/19 22:00,194863
2024/5/19 23:00,194900
2024/5/20 00:00,194935
2024/5/20 01:00,194966
2024/5/20 02:00,194991
2024/5/20 03:00,195017
2024/5/20 04:00,195041
2024/5/20 05:00,195065
2024/5/20 06:00,195089
2024/5/20 07:00,195116
2024/5/20 08:00,195144
2024/5/20 09:00,195191
2024/5/20 10:00,195272
2024/5/20 11:00,195361
2024/5/20 12:00,195458
2024/5/20 13:00,195551
2024/5/20 14:00,195638
2024/5/20 15:00,195732
2024/5/20 16:00,195837
2024/5/20 17:00,195943
2024/5/20 18:00,196044
2024/5/20 19:00,196129
2024/5/20 20:00,196199
2024/5/20 21:00,196257
2024/5/20 22:00,196306
2024/5/20 23:00,196350
2024/5/21 00:00,196390
2024/5/21 01:00,196430
2024/5/21 02:00,196466
2024/5/21 03:00,196500
2024/5/21 04:00,196535
2024/5/21 05:00,196568
2024/5/21 06:00,196599
2024/5/21 07:00,196629
2024/5/21 08:00,196665
2024/5/21 09:00,196719
2024/5/21 10:00,196796
2024/5/21 11:00,196883
2024/5/21 12:00,196972
2024/5/21 13:00,197050
2024/5/21 14:00,197130
2024/5/21 15:00,197225
2024/5/21 16:00,197338
2024/5/21 17:00,197450
2024/5/21 18:00,197545
2024/5/21 19:00,197614
2024/5/21 20:00,197672
2024/5/21 21:00,197723
2024/5/21 22:00,197775
2024/5/21 23:00,197818
2024/5/22 00:00,197857
2024/5/22 01:00,197896
2024/5/22 02:00,197930
2024/5/22 03:00,197962
2024/5/22 04:00,197993
2024/5/22 05:00,198026
2024/5/22 06:00,198057
2024/5/22 07:00,198088
2024/5/22 08:00,198122
2024/5/22 09:00,198175
2024/5/22 10:00,198244
2024/5/22 11:00,198321
2024/5/22 12:00,198399
2024/5/22 13:00,198477
2024/5/22 14:00,198552
2024/5/22 15:00,198642
2024/5/22 16:00,198769
2024/5/22 17:00,198900
2024/5/22 18:00,199034
2024/5/22 19:00,199139
2024/5/22 20:00,199236
2024/5/22 21:00,199316
2024/5/22 22:00,199385
2024/5/22 23:00,199446
2024/5/23 00:00,199510
2024/5/23 01:00,199571
2024/5/23 02:00,199615
2024/5/23 03:00,199660
2024/5/23 04:00,199706
2024/5/23 05:00,199750
2024/5/23 06:00,199789
2024/5/23 07:00,199825
2024/5/23 08:00,199864
2024/5/23 09:00,199925
2024/5/23 10:00,200000
2024/5/23 11:00,200093
2024/5/23 12:00,200191
2024/5/23 13:00,200287
2024/5/23 14:00,200383
2024/5/23 15:00,200478
2024/5/23 16:00,200586
2024/5/23 17:00,200708
2024/5/23 18:00,200820
2024/5/23 19:00,200909
2024/5/23 20:00,200987
2024/5/23 21:00,201061
2024/5/23 22:00,201120
2024/5/23 23:00,201170
2024/5/24 00:00,201214
2024/5/24 01:00,201256
2024/5/24 02:00,201290
2024/5/24 03:00,201323
2024/5/24 04:00,201354
2024/5/24 05:00,201386
2024/5/24 06:00,201418
2024/5/24 07:00,201449
2024/5/24 08:00,201488
2024/5/24 09:00,201556
2024/5/24 10:00,201650
2024/5/24 11:00,201755
2024/5/24 12:00,201876
2024/5/24 13:00,201997
2024/5/24 14:00,202111
2024/5/24 15:00,202228
2024/5/24 16:00,202368
2024/5/24 17:00,202498
2024/5/24 18:00,202600
2024/5/24 19:00,202696
2024/5/24 20:00,202781
2024/5/24 21:00,202851
2024/5/24 22:00,202909
2024/5/24 23:00,202964
2024/5/25 00:00,203009
2024/5/25 01:00,203051
2024/5/25 02:00,203086
2024/5/25 03:00,203122
2024/5/25 04:00,203154
2024/5/25 05:00,203186
2024/5/25 06:00,203217
2024/5/25 07:00,203250
2024/5/25 08:00,203285
2024/5/25 09:00,203326
2024/5/25 10:00,203377
2024/5/25 11:00,203431
2024/5/25 12:00,203492
2024/5/25 13:00,203555
2024/5/25 14:00,203626
2024/5/25 15:00,203695
2024/5/25 16:00,203757
2024/5/25 17:00,203814
2024/5/25 18:00,203870
2024/5/25 19:00,203918
2024/5/25 20:00,203969
2024/5/25 21:00,204015
2024/5/25 22:00,204059
2024/5/25 23:00,204100
2024/5/26 00:00,204137
2024/5/26 01:00,204170
2024/5/26 02:00,204198
2024/5/26 03:00,204224
2024/5/26 04:00,204251
2024/5/26 05:00,204277
2024/5/26 06:00,204302
2024/5/26 07:00,204328
2024/5/26 08:00,204356
2024/5/26 09:00,204397
2024/5/26 10:00,204442
2024/5/26 11:00,204499
2024/5/26 12:00,204560
2024/5/26 13:00,204630
2024/5/26 14:00,204708
2024/5/26 15:00,204795
2024/5/26 16:00,204892
2024/5/26 17:00,204977
2024/5/26 18:00,205056
2024/5/26 19:00,205122
2024/5/26 20:00,205178
2024/5/26 21:00,205241
2024/5/26 22:00,205298
2024/5/26 23:00,205351
2024/5/27 00:00,205395
2024/5/27 01:00,205431
2024/5/27 02:00,205465
2024/5/27 03:00,205496
2024/5/27 04:00,205531
2024/5/27 05:00,205563
2024/5/27 06:00,205595
2024/5/27 07:00,205625
2024/5/27 08:00,205661
2024/5/27 09:00,205713
2024/5/27 10:00,205783
2024/5/27 11:00,205870
2024/5/27 12:00,
2024/5/27 13:00,206026
2024/5/27 14:00,206098
2024/5/27 15:00,206183
2024/5/27 16:00,206284
2024/5/27 17:00,206393
2024/5/27 18:00,206505
2024/5/27 19:00,206599
2024/5/27 20:00,206671
2024/5/27 21:00,
2024/5/27 22:00,
2024/5/27 23:00,
2024/5/28 00:00,
2024/5/28 01:00,
2024/5/28 02:00,
2024/5/28 03:00,
2024/5/28 04:00,
2024/5/28 05:00,
2024/5/28 06:00,
2024/5/28 07:00,
2024/5/28 08:00,
2024/5/28 09:00,
2024/5/28 10:00,
2024/5/28 11:00,
2024/5/28 12:00,
2024/5/28 13:00,
2024/5/28 14:00,
2024/5/28 15:00,
2024/5/28 16:00,
2024/5/28 17:00,
2024/5/28 18:00,
2024/5/28 19:00,
2024/5/28 20:00,
2024/5/28 21:00,
2024/5/28 22:00,208279
2024/5/28 23:00,208325
2024/5/29 00:00,208363
2024/5/29 01:00,208393
2024/5/29 02:00,208425
2024/5/29 03:00,208454
2024/5/29 04:00,208483
2024/5/29 05:00,208512
2024/5/29 06:00,208541
2024/5/29 07:00,208572
2024/5/29 08:00,208604
2024/5/29 09:00,208649
2024/5/29 10:00,208706
2024/5/29 11:00,208769
2024/5/29 12:00,208836
2024/5/29 13:00,208900
2024/5/29 14:00,208959
2024/5/29 15:00,209025
2024/5/29 16:00,209097
2024/5/29 17:00,209174
2024/5/29 18:00,209248
2024/5/29 19:00,209318
2024/5/29 20:00,209388
2024/5/29 21:00,209452
2024/5/29 22:00,209510
2024/5/29 23:00,209550
2024/5/30 00:00,209584
2024/5/30 01:00,209615
2024/5/30 02:00,209643
2024/5/30 03:00,209674
2024/5/30 04:00,209702
2024/5/30 05:00,209730
2024/5/30 06:00,209757
2024/5/30 07:00,209785
2024/5/30 08:00,209817
2024/5/30 09:00,209856
2024/5/30 10:00,209911
2024/5/30 11:00,
2024/5/30 12:00,210053
2024/5/30 13:00,210125
2024/5/30 14:00,210202
2024/5/30 15:00,210287
2024/5/30 16:00,
2024/5/30 17:00,210460
2024/5/30 18:00,210543
2024/5/30 19:00,210610
2024/5/30 20:00,210672
2024/5/30 21:00,210733
2024/5/30 22:00,210791
2024/5/30 23:00,210835
2024/5/31 00:00,210871
2024/5/31 01:00,210904
2024/5/31 02:00,210934
2024/5/31 03:00,210964
2024/5/31 04:00,210992
2024/5/31 05:00,211019
2024/5/31 06:00,211045
2024/5/31 07:00,211073
2024/5/31 08:00,211101
2024/5/31 09:00,211148
2024/5/31 10:00,211222
2024/5/31 11:00,211311
2024/5/31 12:00,211400
2024/5/31 13:00,211474
2024/5/31 14:00,
2024/5/31 15:00,211631
2024/5/31 16:00,
2024/5/31 17:00,
2024/5/31 18:00,211912
2024/5/31 19:00,211972
2024/5/31 20:00,212019
2024/5/31 21:00,212067
2024/5/31 22:00,212116
2024/5/31 23:00,212158
2024/6/1 00:00,212195
2024/6/1 01:00,212227
2024/6/1 02:00,212253
2024/6/1 03:00,212277
2024/6/1 04:00,212299
2024/6/1 05:00,212321
2024/6/1 06:00,212342
2024/6/1 07:00,212364
2024/6/1 08:00,212387
2024/6/1 09:00,212416
2024/6/1 10:00,212452
2024/6/1 11:00,212496
2024/6/1 12:00,212545
2024/6/1 13:00,212595
2024/6/1 14:00,212649
2024/6/1 15:00,212703
2024/6/1 16:00,212767
2024/6/1 17:00,212824
2024/6/1 18:00,212866
2024/6/1 19:00,212909
2024/6/1 20:00,212956
2024/6/1 21:00,213010
2024/6/1 22:00,213058
2024/6/1 23:00,213092
2024/6/2 00:00,213125
2024/6/2 01:00,213152
2024/6/2 02:00,
2024/6/2 03:00,213201
2024/6/2 04:00,213223
2024/6/2 05:00,213244
2024/6/2 06:00,213265
2024/6/2 07:00,
2024/6/2 08:00,213311
2024/6/2 09:00,213347
2024/6/2 10:00,213388
2024/6/2 11:00,213432
2024/6/2 12:00,213479
2024/6/2 13:00,213532
2024/6/2 14:00,213588
2024/6/2 15:00,213649
2024/6/2 16:00,213707
2024/6/2 17:00,213757
2024/6/2 18:00,213808
2024/6/2 19:00,213852
2024/6/2 20:00,213894
2024/6/2 21:00,213931
2024/6/2 22:00,213963
2024/6/2 23:00,213992
2024/6/3 00:00,214019
2024/6/3 01:00,214043
2024/6/3 02:00,214064
2024/6/3 03:00,214085
2024/6/3 04:00,214104
2024/6/3 05:00,214124
2024/6/3 06:00,214142
2024/6/3 07:00,214162
2024/6/3 08:00,
2024/6/3 09:00,214227
2024/6/3 10:00,
2024/6/3 11:00,
2024/6/3 12:00,
2024/6/3 13:00,214466
2024/6/3 14:00,214521
2024/6/3 15:00,214590
2024/6/3 16:00,214667
2024/6/3 17:00,214758
2024/6/3 18:00,
2024/6/3 19:00,214902
2024/6/3 20:00,214956
2024/6/3 21:00,215009
2024/6/3 22:00,215057
2024/6/3 23:00,215095
2024/6/4 00:00,215127
2024/6/4 01:00,215156
2024/6/4 02:00,215183
2024/6/4 03:00,215208
2024/6/4 04:00,215233
2024/6/4 05:00,215258
2024/6/4 06:00,215283
2024/6/4 07:00,215307
2024/6/4 08:00,215336
2024/6/4 09:00,215379
2024/6/4 10:00,215437
2024/6/4 11:00,215500
2024/6/4 12:00,215565
2024/6/4 13:00,215622
2024/6/4 14:00,215678
2024/6/4 15:00,215750
2024/6/4 16:00,215834
2024/6/4 17:00,215909
2024/6/4 18:00,215972
2024/6/4 19:00,
2024/6/4 20:00,
2024/6/4 21:00,
2024/6/4 22:00,
2024/6/4 23:00,
2024/6/5 00:00,
2024/6/5 01:00,
2024/6/5 02:00,
2024/6/5 03:00,
2024/6/5 04:00,
2024/6/5 05:00,
2024/6/5 06:00,
2024/6/5 07:00,
2024/6/5 08:00,
2024/6/5 09:00,
2024/6/5 10:00,
2024/6/5 11:00,
2024/6/5 12:00,
2024/6/5 13:00,
2024/6/5 14:00,
2024/6/5 15:00,
2024/6/5 16:00,
2024/6/5 17:00,
2024/6/5 18:00,
2024/6/5 19:00,
2024/6/5 20:00,217163
2024/6/5 21:00,217211
2024/6/5 22:00,217256
2024/6/5 23:00,217297
2024/6/6 00:00,217335
2024/6/6 01:00,217373
2024/6/6 02:00,217407
2024/6/6 03:00,217438
2024/6/6 04:00,217469
2024/6/6 05:00,217501
2024/6/6 06:00,217532
2024/6/6 07:00,217563
2024/6/6 08:00,217593
2024/6/6 09:00,217633
2024/6/6 10:00,217682
2024/6/6 11:00,217741
2024/6/6 12:00,217799
2024/6/6 13:00,217852
2024/6/6 14:00,217910
2024/6/6 15:00,217976
2024/6/6 16:00,218042
2024/6/6 17:00,218104
2024/6/6 18:00,218163
2024/6/6 19:00,218209
2024/6/6 20:00,218253
2024/6/6 21:00,218293
2024/6/6 22:00,218331
2024/6/6 23:00,218366
2024/6/7 00:00,218394
2024/6/7 01:00,218420
2024/6/7 02:00,218444
2024/6/7 03:00,218467
2024/6/7 04:00,218490
2024/6/7 05:00,218513
2024/6/7 06:00,218535
2024/6/7 07:00,218557
2024/6/7 08:00,218583
2024/6/7 09:00,218623
2024/6/7 10:00,218678
2024/6/7 11:00,218740
2024/6/7 12:00,218804
2024/6/7 13:00,218866
2024/6/7 14:00,218934
2024/6/7 15:00,219013
2024/6/7 16:00,219109
2024/6/7 17:00,219206
2024/6/7 18:00,219278
2024/6/7 19:00,219338
2024/6/7 20:00,219386
2024/6/7 21:00,219432
2024/6/7 22:00,219469
2024/6/7 23:00,219500
2024/6/8 00:00,219529
2024/6/8 01:00,219558
2024/6/8 02:00,219589
2024/6/8 03:00,219619
2024/6/8 04:00,219651
2024/6/8 05:00,219681
2024/6/8 06:00,219710
2024/6/8 07:00,219737
2024/6/8 08:00,219761
2024/6/8 09:00,219791
2024/6/8 10:00,219825
2024/6/8 11:00,219861
2024/6/8 12:00,219893
2024/6/8 13:00,219927
2024/6/8 14:00,219969
2024/6/8 15:00,220013
2024/6/8 16:00,220056
2024/6/8 17:00,220102
2024/6/8 18:00,220150
2024/6/8 19:00,220194
2024/6/8 20:00,220235
2024/6/8 21:00,220282
2024/6/8 22:00,220327
2024/6/8 23:00,220366
2024/6/9 00:00,220400
2024/6/9 01:00,220423
2024/6/9 02:00,220445
2024/6/9 03:00,220466
2024/6/9 04:00,220487
2024/6/9 05:00,220508
2024/6/9 06:00,220529
2024/6/9 07:00,220550
2024/6/9 08:00,220575
2024/6/9 09:00,220605
2024/6/9 10:00,220643
2024/6/9 11:00,220688
2024/6/9 12:00,220734
2024/6/9 13:00,220782
2024/6/9 14:00,220835
2024/6/9 15:00,220892
2024/6/9 16:00,220945
2024/6/9 17:00,220997
2024/6/9 18:00,221046
2024/6/9 19:00,221086
2024/6/9 20:00,221131
2024/6/9 21:00,221177
2024/6/9 22:00,221219
2024/6/9 23:00,221249
2024/6/10 00:00,221276
2024/6/10 01:00,221301
2024/6/10 02:00,221324
2024/6/10 03:00,221345
2024/6/10 04:00,221366
2024/6/10 05:00,221386
2024/6/10 06:00,221406
2024/6/10 07:00,221426
2024/6/10 08:00,221446
2024/6/10 09:00,221472
2024/6/10 10:00,221503
2024/6/10 11:00,221539
2024/6/10 12:00,221582
2024/6/10 13:00,221626
2024/6/10 14:00,221676
2024/6/10 15:00,221723
2024/6/10 16:00,221775
2024/6/10 17:00,221823
2024/6/10 18:00,221864
2024/6/10 19:00,221905
2024/6/10 20:00,221945
2024/6/10 21:00,221984
2024/6/10 22:00,222020
2024/6/10 23:00,222049
2024/6/11 00:00,222077
2024/6/11 01:00,222106
2024/6/11 02:00,222137
2024/6/11 03:00,222166
2024/6/11 04:00,222197
2024/6/11 05:00,222226
2024/6/11 06:00,222254
2024/6/11 07:00,222282
2024/6/11 08:00,222307
2024/6/11 09:00,222357
2024/6/11 10:00,222424
2024/6/11 11:00,222501
2024/6/11 12:00,222588
2024/6/11 13:00,222669
2024/6/11 14:00,222750
2024/6/11 15:00,222841
2024/6/11 16:00,222935
2024/6/11 17:00,
2024/6/11 18:00,
2024/6/11 19:00,
2024/6/11 20:00,
2024/6/11 21:00,223268
2024/6/11 22:00,223323
2024/6/11 23:00,223375
2024/6/12 00:00,223421
2024/6/12 01:00,223459
2024/6/12 02:00,223492
2024/6/12 03:00,223522
2024/6/12 04:00,223548
2024/6/12 05:00,223574
2024/6/12 06:00,223600
2024/6/12 07:00,223625
2024/6/12 08:00,223655
2024/6/12 09:00,223704
2024/6/12 10:00,223768
2024/6/12 11:00,
2024/6/12 12:00,223957
2024/6/12 13:00,224052
2024/6/12 14:00,224156
2024/6/12 15:00,224267
2024/6/12 16:00,224393
2024/6/12 17:00,224506
2024/6/12 18:00,224608
2024/6/12 19:00,224696
2024/6/12 20:00,224765
2024/6/12 21:00,224825
2024/6/12 22:00,224879
2024/6/12 23:00,224927
2024/6/13 00:00,224966
2024/6/13 01:00,224999
2024/6/13 02:00,225032
2024/6/13 03:00,225063
2024/6/13 04:00,225093
2024/6/13 05:00,225123
2024/6/13 06:00,225152
2024/6/13 07:00,225183
2024/6/13 08:00,225220
2024/6/13 09:00,225282
2024/6/13 10:00,225374
2024/6/13 11:00,225485
2024/6/13 12:00,225594
2024/6/13 13:00,225692
2024/6/13 14:00,
2024/6/13 15:00,
2024/6/13 16:00,
2024/6/13 17:00,226173
2024/6/13 18:00,226287
2024/6/13 19:00,226376
2024/6/13 20:00,226458
2024/6/13 21:00,226537
2024/6/13 22:00,226608
2024/6/13 23:00,226667
2024/6/14 00:00,226707
2024/6/14 01:00,226739
2024/6/14 02:00,226769
2024/6/14 03:00,226798
2024/6/14 04:00,226827
2024/6/14 05:00,226856
2024/6/14 06:00,226884
2024/6/14 07:00,226915
2024/6/14 08:00,226950
2024/6/14 09:00,227011
2024/6/14 10:00,227091
2024/6/14 11:00,227183
2024/6/14 12:00,227275
2024/6/14 13:00,227362
2024/6/14 14:00,227459
2024/6/14 15:00,227572
2024/6/14 16:00,227711
2024/6/14 17:00,227850
2024/6/14 18:00,227968
2024/6/14 19:00,228050
2024/6/14 20:00,228115
2024/6/14 21:00,228175
2024/6/14 22:00,228233
2024/6/14 23:00,228284
2024/6/15 00:00,228324
2024/6/15 01:00,228356
2024/6/15 02:00,228387
2024/6/15 03:00,228416
2024/6/15 04:00,228444
2024/6/15 05:00,228472
2024/6/15 06:00,228499
2024/6/15 07:00,228526
2024/6/15 08:00,228554
2024/6/15 09:00,228593
2024/6/15 10:00,228647
2024/6/15 11:00,228706
2024/6/15 12:00,228768
2024/6/15 13:00,228823
2024/6/15 14:00,228883
2024/6/15 15:00,228945
2024/6/15 16:00,229013
2024/6/15 17:00,229083
2024/6/15 18:00,229152
2024/6/15 19:00,229215
2024/6/15 20:00,229274
2024/6/15 21:00,229330
2024/6/15 22:00,229383
2024/6/15 23:00,229433
2024/6/16 00:00,229474
2024/6/16 01:00,229511
2024/6/16 02:00,229544
2024/6/16 03:00,229574
2024/6/16 04:00,229604
2024/6/16 05:00,229632
2024/6/16 06:00,229659
2024/6/16 07:00,229685
2024/6/16 08:00,229711
2024/6/16 09:00,229744
2024/6/16 10:00,229787
2024/6/16 11:00,229831
2024/6/16 12:00,229875
2024/6/16 13:00,229918
2024/6/16 14:00,229960
2024/6/16 15:00,230010
2024/6/16 16:00,230063
2024/6/16 17:00,230123
2024/6/16 18:00,230183
2024/6/16 19:00,230244
2024/6/16 20:00,230294
2024/6/16 21:00,230341
2024/6/16 22:00,230387
2024/6/16 23:00,230425
2024/6/17 00:00,230459
2024/6/17 01:00,230492
2024/6/17 02:00,230520
2024/6/17 03:00,230546
2024/6/17 04:00,230571
2024/6/17 05:00,230596
2024/6/17 06:00,230620
2024/6/17 07:00,230644
2024/6/17 08:00,230670
2024/6/17 09:00,230720
2024/6/17 10:00,230796
2024/6/17 11:00,230877
2024/6/17 12:00,230964
2024/6/17 13:00,231042
2024/6/17 14:00,231133
2024/6/17 15:00,231241
2024/6/17 16:00,231360
2024/6/17 17:00,231481
2024/6/17 18:00,231591
2024/6/17 19:00,231666
2024/6/17 20:00,231730
2024/6/17 21:00,231792
2024/6/17 22:00,231847
2024/6/17 23:00,231889
2024/6/18 00:00,231925
2024/6/18 01:00,231955
2024/6/18 02:00,231985
2024/6/18 03:00,232012
2024/6/18 04:00,232039
2024/6/18 05:00,232067
2024/6/18 06:00,232093
2024/6/18 07:00,232120
2024/6/18 08:00,232151
2024/6/18 09:00,232209
2024/6/18 10:00,232296
2024/6/18 11:00,232396
2024/6/18 12:00,232511
2024/6/18 13:00,232618
2024/6/18 14:00,232733
2024/6/18 15:00,232869
2024/6/18 16:00,233043
2024/6/18 17:00,233179
2024/6/18 18:00,233307
2024/6/18 19:00,233389
2024/6/18 20:00,233450
2024/6/18 21:00,233507
2024/6/18 22:00,233562
2024/6/18 23:00,233609
2024/6/19 00:00,233650
2024/6/19 01:00,233683
2024/6/19 02:00,233713
2024/6/19 03:00,233739
2024/6/19 04:00,233765
2024/6/19 05:00,233790
2024/6/19 06:00,233816
2024/6/19 07:00,233841
2024/6/19 08:00,233871
2024/6/19 09:00,233933
2024/6/19 10:00,234021
2024/6/19 11:00,234126
2024/6/19 12:00,234226
2024/6/19 13:00,234317
2024/6/19 14:00,234422
2024/6/19 15:00,234539
2024/6/19 16:00,234654
2024/6/19 17:00,234767
2024/6/19 18:00,234867
2024/6/19 19:00,234942
2024/6/19 20:00,235004
2024/6/19 21:00,235063
2024/6/19 22:00,235116
2024/6/19 23:00,235163
2024/6/20 00:00,235207
2024/6/20 01:00,235246
2024/6/20 02:00,235282
2024/6/20 03:00,235316
2024/6/20 04:00,235348
2024/6/20 05:00,235380
2024/6/20 06:00,235410
2024/6/20 07:00,235440
2024/6/20 08:00,235474
2024/6/20 09:00,235545
2024/6/20 10:00,235638
2024/6/20 11:00,235739
2024/6/20 12:00,235848
2024/6/20 13:00,235949
2024/6/20 14:00,236058
2024/6/20 15:00,236195
2024/6/20 16:00,236334
2024/6/20 17:00,236471
2024/6/20 18:00,236607
2024/6/20 19:00,236702
2024/6/20 20:00,236778
2024/6/20 21:00,236855
2024/6/20 22:00,236930
2024/6/20 23:00,236999
2024/6/21 00:00,237059
2024/6/21 01:00,237102
2024/6/21 02:00,237130
2024/6/21 03:00,237156
2024/6/21 04:00,237182
2024/6/21 05:00,237207
2024/6/21 06:00,237232
2024/6/21 07:00,237257
2024/6/21 08:00,237285
2024/6/21 09:00,237338
2024/6/21 10:00,237420
2024/6/21 11:00,237513
2024/6/21 12:00,237607
2024/6/21 13:00,237698
2024/6/21 14:00,237809
2024/6/21 15:00,237929
2024/6/21 16:00,238048
2024/6/21 17:00,238168
2024/6/21 18:00,238279
2024/6/21 19:00,238346
2024/6/21 20:00,238401
2024/6/21 21:00,238453
2024/6/21 22:00,238501
2024/6/21 23:00,238553
2024/6/22 00:00,238600
2024/6/22 01:00,238633
2024/6/22 02:00,238661
2024/6/22 03:00,238688
2024/6/22 04:00,238714
2024/6/22 05:00,238741
2024/6/22 06:00,238767
2024/6/22 07:00,238792
2024/6/22 08:00,238821
2024/6/22 09:00,238861
2024/6/22 10:00,238916
2024/6/22 11:00,238973
2024/6/22 12:00,239032
2024/6/22 13:00,239092
2024/6/22 14:00,239160
2024/6/22 15:00,239237
2024/6/22 16:00,239326
2024/6/22 17:00,239417
2024/6/22 18:00,239497
2024/6/22 19:00,239580
2024/6/22 20:00,239657
2024/6/22 21:00,239724
2024/6/22 22:00,239783
2024/6/22 23:00,239832
2024/6/23 00:00,239869
2024/6/23 01:00,239901
2024/6/23 02:00,239930
2024/6/23 03:00,239958
2024/6/23 04:00,239985
2024/6/23 05:00,240012
2024/6/23 06:00,240039
2024/6/23 07:00,240066
2024/6/23 08:00,240094
2024/6/23 09:00,240135
2024/6/23 10:00,240195
2024/6/23 11:00,240256
2024/6/23 12:00,240317
2024/6/23 13:00,240385
2024/6/23 14:00,240452
2024/6/23 15:00,240519
2024/6/23 16:00,240584
2024/6/23 17:00,240646
2024/6/23 18:00,240712
2024/6/23 19:00,240771
2024/6/23 20:00,240826
2024/6/23 21:00,240875
2024/6/23 22:00,240918
2024/6/23 23:00,240954
2024/6/24 00:00,240989
2024/6/24 01:00,241026
2024/6/24 02:00,241063
2024/6/24 03:00,241091
2024/6/24 04:00,241117
2024/6/24 05:00,241143
2024/6/24 06:00,241168
2024/6/24 07:00,241192
2024/6/24 08:00,241220
2024/6/24 09:00,241284
2024/6/24 10:00,241382
2024/6/24 11:00,241492
2024/6/24 12:00,241614
2024/6/24 13:00,241727
2024/6/24 14:00,241841
2024/6/24 15:00,241959
2024/6/24 16:00,242081
2024/6/24 17:00,242200
2024/6/24 18:00,242304
2024/6/24 19:00,242387
2024/6/24 20:00,242453
2024/6/24 21:00,242513
2024/6/24 22:00,242568
2024/6/24 23:00,242616
2024/6/25 00:00,242654
2024/6/25 01:00,242688
2024/6/25 02:00,242720
2024/6/25 03:00,242752
2024/6/25 04:00,242782
2024/6/25 05:00,242812
2024/6/25 06:00,242843
2024/6/25 07:00,242873
2024/6/25 08:00,242910
2024/6/25 09:00,242979
2024/6/25 10:00,243079
2024/6/25 11:00,243199
2024/6/25 12:00,243324
2024/6/25 13:00,243449
2024/6/25 14:00,243575
2024/6/25 15:00,243723
2024/6/25 16:00,243885
2024/6/25 17:00,244040
2024/6/25 18:00,244158
2024/6/25 19:00,244243
2024/6/25 20:00,244307
2024/6/25 21:00,244365
2024/6/25 22:00,244420
2024/6/25 23:00,244466
2024/6/26 00:00,244506
2024/6/26 01:00,244541
2024/6/26 02:00,244573
2024/6/26 03:00,244603
2024/6/26 04:00,244631
2024/6/26 05:00,244659
2024/6/26 06:00,244687
2024/6/26 07:00,244714
2024/6/26 08:00,244746
2024/6/26 09:00,244809
2024/6/26 10:00,244918
2024/6/26 11:00,245036
2024/6/26 12:00,245161
2024/6/26 13:00,245280
2024/6/26 14:00,245395
2024/6/26 15:00,245525
2024/6/26 16:00,245672
2024/6/26 17:00,245806
2024/6/26 18:00,245907
2024/6/26 19:00,245991
2024/6/26 20:00,246056
2024/6/26 21:00,246112
2024/6/26 22:00,246167
2024/6/26 23:00,246223
2024/6/27 00:00,246269
2024/6/27 01:00,246306
2024/6/27 02:00,246339
2024/6/27 03:00,246372
2024/6/27 04:00,246403
2024/6/27 05:00,246434
2024/6/27 06:00,246466
2024/6/27 07:00,246497
2024/6/27 08:00,246534
2024/6/27 09:00,246599
2024/6/27 10:00,246695
2024/6/27 11:00,246809
2024/6/27 12:00,246932
2024/6/27 13:00,247041
2024/6/27 14:00,247139
2024/6/27 15:00,247249
2024/6/27 16:00,247379
2024/6/27 17:00,247500
2024/6/27 18:00,247614
2024/6/27 19:00,247706
2024/6/27 20:00,247782
2024/6/27 21:00,247856
2024/6/27 22:00,247920
2024/6/27 23:00,247978
2024/6/28 00:00,248026
2024/6/28 01:00,248064
2024/6/28 02:00,248099
2024/6/28 03:00,248130
2024/6/28 04:00,248159
2024/6/28 05:00,248187
2024/6/28 06:00,248215
2024/6/28 07:00,248244
2024/6/28 08:00,248278
2024/6/28 09:00,248351
2024/6/28 10:00,248449
2024/6/28 11:00,248567
2024/6/28 12:00,248692
2024/6/28 13:00,248797
2024/6/28 14:00,248895
2024/6/28 15:00,249003
2024/6/28 16:00,249116
2024/6/28 17:00,249234
2024/6/28 18:00,249341
2024/6/28 19:00,249415
2024/6/28 20:00,249471
2024/6/28 21:00,249526
2024/6/28 22:00,249575
2024/6/28 23:00,249621
2024/6/29 00:00,249654
2024/6/29 01:00,249684
2024/6/29 02:00,249711
2024/6/29 03:00,249738
2024/6/29 04:00,249763
2024/6/29 05:00,249787
2024/6/29 06:00,249813
2024/6/29 07:00,249838
2024/6/29 08:00,249866
2024/6/29 09:00,249896
2024/6/29 10:00,249932
2024/6/29 11:00,249985
2024/6/29 12:00,250047
2024/6/29 13:00,250106
2024/6/29 14:00,250160
2024/6/29 15:00,250216
2024/6/29 16:00,250284
2024/6/29 17:00,250357
2024/6/29 18:00,250426
2024/6/29 19:00,250474
2024/6/29 20:00,250520
2024/6/29 21:00,250571
2024/6/29 22:00,250618
2024/6/29 23:00,250661
2024/6/30 00:00,250699
2024/6/30 01:00,250730
2024/6/30 02:00,250759
2024/6/30 03:00,250787
2024/6/30 04:00,250814
2024/6/30 05:00,250840
2024/6/30 06:00,250867
2024/6/30 07:00,250895
2024/6/30 08:00,250923
2024/6/30 09:00,250958
2024/6/30 10:00,250994
2024/6/30 11:00,251032
2024/6/30 12:00,251067
2024/6/30 13:00,251100
2024/6/30 14:00,251135
2024/6/30 15:00,251172
2024/6/30 16:00,251205
2024/6/30 17:00,251239
2024/6/30 18:00,251267
2024/6/30 19:00,251290
2024/6/30 20:00,251311
2024/6/30 21:00,251334
2024/6/30 22:00,251354
2024/6/30 23:00,251371
2024/7/1 00:00,251386
2024/7/1 01:00,251399
2024/7/1 02:00,251411
2024/7/1 03:00,251424
2024/7/1 04:00,251436
2024/7/1 05:00,251448
2024/7/1 06:00,251460
2024/7/1 07:00,251472
2024/7/1 08:00,251490
2024/7/1 09:00,251519
2024/7/1 10:00,251562
2024/7/1 11:00,251613
2024/7/1 12:00,251674
2024/7/1 13:00,251736
2024/7/1 14:00,251798
2024/7/1 15:00,251861
2024/7/1 16:00,251926
2024/7/1 17:00,252003
2024/7/1 18:00,252071
2024/7/1 19:00,252113
2024/7/1 20:00,252145
2024/7/1 21:00,252172
2024/7/1 22:00,252199
2024/7/1 23:00,252219
2024/7/2 00:00,252233
2024/7/2 01:00,252247
2024/7/2 02:00,252260
2024/7/2 03:00,252273
2024/7/2 04:00,252286
2024/7/2 05:00,252299
2024/7/2 06:00,252312
2024/7/2 07:00,252325
2024/7/2 08:00,252339
2024/7/2 09:00,252372
2024/7/2 10:00,252419
2024/7/2 11:00,252472
2024/7/2 12:00,252531
2024/7/2 13:00,252590
2024/7/2 14:00,252651
2024/7/2 15:00,252708
2024/7/2 16:00,252773
2024/7/2 17:00,252842
2024/7/2 18:00,252911
2024/7/2 19:00,252965
2024/7/2 20:00,253008
2024/7/2 21:00,253050
2024/7/2 22:00,253106
2024/7/2 23:00,253143
2024/7/3 00:00,253164
2024/7/3 01:00,253180
2024/7/3 02:00,253197
2024/7/3 03:00,253213
2024/7/3 04:00,253230
2024/7/3 05:00,253246
2024/7/3 06:00,253262
2024/7/3 07:00,253277
2024/7/3 08:00,253294
2024/7/3 09:00,253321
2024/7/3 10:00,253364
2024/7/3 11:00,253418
2024/7/3 12:00,253482
2024/7/3 13:00,253545
2024/7/3 14:00,253600
2024/7/3 15:00,253660
2024/7/3 16:00,253711
2024/7/3 17:00,253759
2024/7/3 18:00,253803
2024/7/3 19:00,253840
2024/7/3 20:00,253867
2024/7/3 21:00,253893
2024/7/3 22:00,253919
2024/7/3 23:00,253939
2024/7/4 00:00,253956
2024/7/4 01:00,253971
2024/7/4 02:00,253986
2024/7/4 03:00,254000
2024/7/4 04:00,254015
2024/7/4 05:00,254030
2024/7/4 06:00,254044
2024/7/4 07:00,254058
2024/7/4 08:00,254075
2024/7/4 09:00,254106
2024/7/4 10:00,254149
2024/7/4 11:00,254197
2024/7/4 12:00,254250
2024/7/4 13:00,254302
2024/7/4 14:00,254358
2024/7/4 15:00,254419
2024/7/4 16:00,254489
2024/7/4 17:00,254562
2024/7/4 18:00,254638
2024/7/4 19:00,254694
2024/7/4 20:00,254737
2024/7/4 21:00,254777
2024/7/4 22:00,254808
2024/7/4 23:00,254831
2024/7/5 00:00,254849
2024/7/5 01:00,254867
2024/7/5 02:00,254883
2024/7/5 03:00,254898
2024/7/5 04:00,254912
2024/7/5 05:00,254926
2024/7/5 06:00,254940
2024/7/5 07:00,254954
2024/7/5 08:00,254968
2024/7/5 09:00,254996
2024/7/5 10:00,255031
2024/7/5 11:00,255071
2024/7/5 12:00,255118
2024/7/5 13:00,255159
2024/7/5 14:00,255202
2024/7/5 15:00,255245
2024/7/5 16:00,255286
2024/7/5 17:00,255326
2024/7/5 18:00,255370
2024/7/5 19:00,255403
2024/7/5 20:00,255428
2024/7/5 21:00,255451
2024/7/5 22:00,255473
2024/7/5 23:00,255498
2024/7/6 00:00,255517
2024/7/6 01:00,255533
2024/7/6 02:00,255547
2024/7/6 03:00,255560
2024/7/6 04:00,255572
2024/7/6 05:00,255585
2024/7/6 06:00,255598
2024/7/6 07:00,255610
2024/7/6 08:00,255625
2024/7/6 09:00,255643
2024/7/6 10:00,255668
2024/7/6 11:00,255706
2024/7/6 12:00,255752
2024/7/6 13:00,255805
2024/7/6 14:00,255852
2024/7/6 15:00,255886
2024/7/6 16:00,255913
2024/7/6 17:00,255936
2024/7/6 18:00,255965
2024/7/6 19:00,255989
2024/7/6 20:00,256014
2024/7/6 21:00,256039
2024/7/6 22:00,256064
2024/7/6 23:00,256088
2024/7/7 00:00,256105
2024/7/7 01:00,256120
2024/7/7 02:00,
2024/7/7 03:00,256165
2024/7/7 04:00,256185
2024/7/7 05:00,256205
2024/7/7 06:00,256224
2024/7/7 07:00,256241
2024/7/7 08:00,256256
2024/7/7 09:00,256273
2024/7/7 10:00,256290
2024/7/7 11:00,256309
2024/7/7 12:00,256335
2024/7/7 13:00,256367
2024/7/7 14:00,256396
2024/7/7 15:00,256428
2024/7/7 16:00,256467
2024/7/7 17:00,256500
2024/7/7 18:00,256536
2024/7/7 19:00,256571
2024/7/7 20:00,256590
2024/7/7 21:00,256608
2024/7/7 22:00,256630
2024/7/7 23:00,256649
2024/7/8 00:00,256669
2024/7/8 01:00,256687
2024/7/8 02:00,256705
2024/7/8 03:00,256718
2024/7/8 04:00,256730
2024/7/8 05:00,256744
2024/7/8 06:00,256757
2024/7/8 07:00,256771
2024/7/8 08:00,256785
2024/7/8 09:00,256809
2024/7/8 10:00,256842
2024/7/8 11:00,256879
2024/7/8 12:00,256920
2024/7/8 13:00,256966
2024/7/8 14:00,257012
2024/7/8 15:00,257058
2024/7/8 16:00,257109
2024/7/8 17:00,257151
2024/7/8 18:00,257190
2024/7/8 19:00,257230
2024/7/8 20:00,257260
2024/7/8 21:00,257282
2024/7/8 22:00,257306
2024/7/8 23:00,257327
2024/7/9 00:00,257344
2024/7/9 01:00,257357
2024/7/9 02:00,257369
2024/7/9 03:00,257381
2024/7/9 04:00,257393
2024/7/9 05:00,257405
2024/7/9 06:00,257417
2024/7/9 07:00,257429
2024/7/9 08:00,257443
2024/7/9 09:00,257463
2024/7/9 10:00,257490
2024/7/9 11:00,257528
2024/7/9 12:00,257569
2024/7/9 13:00,257610
2024/7/9 14:00,257643
2024/7/9 15:00,257680
2024/7/9 16:00,257728
2024/7/9 17:00,257791
2024/7/9 18:00,257842
2024/7/9 19:00,257879
2024/7/9 20:00,257909
2024/7/9 21:00,257934
2024/7/9 22:00,257956
2024/7/9 23:00,257981
2024/7/10 00:00,258000
2024/7/10 01:00,258019
2024/7/10 02:00,258036
2024/7/10 03:00,258049
2024/7/10 04:00,258063
2024/7/10 05:00,258076
2024/7/10 06:00,258089
2024/7/10 07:00,258102
2024/7/10 08:00,258116
2024/7/10 09:00,258140
2024/7/10 10:00,258172
2024/7/10 11:00,258213
2024/7/10 12:00,258264
2024/7/10 13:00,258314
2024/7/10 14:00,258360
2024/7/10 15:00,258414
2024/7/10 16:00,258475
2024/7/10 17:00,258517
2024/7/10 18:00,258560
2024/7/10 19:00,258592
2024/7/10 20:00,258616
2024/7/10 21:00,258638
2024/7/10 22:00,258660
2024/7/10 23:00,258679
2024/7/11 00:00,258695
2024/7/11 01:00,258709
2024/7/11 02:00,258724
2024/7/11 03:00,258737
2024/7/11 04:00,258750
2024/7/11 05:00,258763
2024/7/11 06:00,258777
2024/7/11 07:00,258790
2024/7/11 08:00,258804
2024/7/11 09:00,258830
2024/7/11 10:00,258868
2024/7/11 11:00,258913
2024/7/11 12:00,258965
2024/7/11 13:00,259018
2024/7/11 14:00,259074
2024/7/11 15:00,259137
2024/7/11 16:00,259210
2024/7/11 17:00,259280
2024/7/11 18:00,259357
2024/7/11 19:00,259409
2024/7/11 20:00,259438
2024/7/11 21:00,259465
2024/7/11 22:00,259490
2024/7/11 23:00,259511
2024/7/12 00:00,259527
2024/7/12 01:00,259543
2024/7/12 02:00,259558
2024/7/12 03:00,259573
2024/7/12 04:00,259588
2024/7/12 05:00,259603
2024/7/12 06:00,259618
2024/7/12 07:00,259632
2024/7/12 08:00,259647
2024/7/12 09:00,259671
2024/7/12 10:00,259706
2024/7/12 11:00,259759
2024/7/12 12:00,259819
2024/7/12 13:00,259876
2024/7/12 14:00,259934
2024/7/12 15:00,260003
2024/7/12 16:00,260087
2024/7/12 17:00,260149
2024/7/12 18:00,260206
2024/7/12 19:00,260253
2024/7/12 20:00,260291
2024/7/12 21:00,260323
2024/7/12 22:00,260351
2024/7/12 23:00,260370
2024/7/13 00:00,260385
2024/7/13 01:00,260399
2024/7/13 02:00,260412
2024/7/13 03:00,260424
2024/7/13 04:00,260437
2024/7/13 05:00,260448
2024/7/13 06:00,260461
2024/7/13 07:00,260472
2024/7/13 08:00,260484
2024/7/13 09:00,260499
2024/7/13 10:00,260525
2024/7/13 11:00,260578
2024/7/13 12:00,260632
2024/7/13 13:00,260682
2024/7/13 14:00,260722
2024/7/13 15:00,260758
2024/7/13 16:00,260795
2024/7/13 17:00,260840
2024/7/13 18:00,260884
2024/7/13 19:00,260912
2024/7/13 20:00,260938
2024/7/13 21:00,260963
2024/7/13 22:00,260987
2024/7/13 23:00,261008
2024/7/14 00:00,261024
2024/7/14 01:00,261038
2024/7/14 02:00,261050
2024/7/14 03:00,261063
2024/7/14 04:00,261076
2024/7/14 05:00,261088
2024/7/14 06:00,261101
2024/7/14 07:00,261114
2024/7/14 08:00,261126
2024/7/14 09:00,261141
2024/7/14 10:00,261160
2024/7/14 11:00,261188
2024/7/14 12:00,261215
2024/7/14 13:00,261246
2024/7/14 14:00,261280
2024/7/14 15:00,261315
2024/7/14 16:00,261344
2024/7/14 17:00,261379
2024/7/14 18:00,261408
2024/7/14 19:00,261430
2024/7/14 20:00,261451
2024/7/14 21:00,261469
2024/7/14 22:00,261489
2024/7/14 23:00,261507
2024/7/15 00:00,261521
2024/7/15 01:00,261533
2024/7/15 02:00,261546
2024/7/15 03:00,261557
2024/7/15 04:00,261568
2024/7/15 05:00,261579
2024/7/15 06:00,261590
2024/7/15 07:00,261601
2024/7/15 08:00,261613
2024/7/15 09:00,261631
2024/7/15 10:00,261671
2024/7/15 11:00,261720
2024/7/15 12:00,261776
2024/7/15 13:00,261840
2024/7/15 14:00,261899
2024/7/15 15:00,261961
2024/7/15 16:00,262013
2024/7/15 17:00,262058
2024/7/15 18:00,262103
2024/7/15 19:00,262136
2024/7/15 20:00,262158
2024/7/15 21:00,262181
2024/7/15 22:00,262204
2024/7/15 23:00,262226
2024/7/16 00:00,262242
2024/7/16 01:00,262254
2024/7/16 02:00,262265
2024/7/16 03:00,262275
2024/7/16 04:00,262285
2024/7/16 05:00,262296
2024/7/16 06:00,262306
2024/7/16 07:00,262316
2024/7/16 08:00,262328
2024/7/16 09:00,262348
2024/7/16 10:00,262383
2024/7/16 11:00,262426
2024/7/16 12:00,262473
2024/7/16 13:00,262521
2024/7/16 14:00,262574
2024/7/16 15:00,262635
2024/7/16 16:00,262701
2024/7/16 17:00,262754
2024/7/16 18:00,262797
2024/7/16 19:00,262830
2024/7/16 20:00,262859
2024/7/16 21:00,262890
2024/7/16 22:00,262916
2024/7/16 23:00,262935
2024/7/17 00:00,262950
2024/7/17 01:00,262965
2024/7/17 02:00,262978
2024/7/17 03:00,262991
2024/7/17 04:00,263004
2024/7/17 05:00,263016
2024/7/17 06:00,263029
2024/7/17 07:00,263041
2024/7/17 08:00,263054
2024/7/17 09:00,263071
2024/7/17 10:00,263100
2024/7/17 11:00,263139
2024/7/17 12:00,263181
2024/7/17 13:00,263219
2024/7/17 14:00,263260
2024/7/17 15:00,263318
2024/7/17 16:00,263390
2024/7/17 17:00,263468
2024/7/17 18:00,263549
2024/7/17 19:00,263597
2024/7/17 20:00,263629
2024/7/17 21:00,263657
2024/7/17 22:00,263681
2024/7/17 23:00,263702
2024/7/18 00:00,263716
2024/7/18 01:00,263727
2024/7/18 02:00,263738
2024/7/18 03:00,263750
2024/7/18 04:00,263760
2024/7/18 05:00,263770
2024/7/18 06:00,263780
2024/7/18 07:00,263791
2024/7/18 08:00,263801
2024/7/18 09:00,263819
2024/7/18 10:00,263852
2024/7/18 11:00,263906
2024/7/18 12:00,263968
2024/7/18 13:00,264015
2024/7/18 14:00,264064
2024/7/18 15:00,264117
2024/7/18 16:00,264180
2024/7/18 17:00,264250
2024/7/18 18:00,264298
2024/7/18 19:00,264333
2024/7/18 20:00,264362
2024/7/18 21:00,264389
2024/7/18 22:00,264416
2024/7/18 23:00,264436
2024/7/19 00:00,264450
2024/7/19 01:00,264462
2024/7/19 02:00,264473
2024/7/19 03:00,264485
2024/7/19 04:00,264497
2024/7/19 05:00,264508
2024/7/19 06:00,264519
2024/7/19 07:00,264530
2024/7/19 08:00,264542
2024/7/19 09:00,264562
2024/7/19 10:00,264592
2024/7/19 11:00,264632
2024/7/19 12:00,264674
2024/7/19 13:00,264724
2024/7/19 14:00,264769
2024/7/19 15:00,264815
2024/7/19 16:00,264870
2024/7/19 17:00,264925
2024/7/19 18:00,264976
2024/7/19 19:00,265026
2024/7/19 20:00,265056
2024/7/19 21:00,265082
2024/7/19 22:00,265106
2024/7/19 23:00,265122
2024/7/20 00:00,265133
2024/7/20 01:00,265144
2024/7/20 02:00,265155
2024/7/20 03:00,265166
2024/7/20 04:00,265177
2024/7/20 05:00,265188
2024/7/20 06:00,265199
2024/7/20 07:00,265213
2024/7/20 08:00,265233
2024/7/20 09:00,265261
2024/7/20 10:00,265303
2024/7/20 11:00,265340
2024/7/20 12:00,265374
2024/7/20 13:00,265408
2024/7/20 14:00,265440
2024/7/20 15:00,265469
2024/7/20 16:00,265501
2024/7/20 17:00,265538
2024/7/20 18:00,265576
2024/7/20 19:00,265617
2024/7/20 20:00,265664
2024/7/20 21:00,265704
2024/7/20 22:00,265733
2024/7/20 23:00,265754
2024/7/21 00:00,265767
2024/7/21 01:00,265779
2024/7/21 02:00,265791
2024/7/21 03:00,265802
2024/7/21 04:00,265813
2024/7/21 05:00,265824
2024/7/21 06:00,265835
2024/7/21 07:00,265846
2024/7/21 08:00,265857
2024/7/21 09:00,265870
2024/7/21 10:00,265894
2024/7/21 11:00,265927
2024/7/21 12:00,265963
2024/7/21 13:00,266001
2024/7/21 14:00,266045
2024/7/21 15:00,266097
2024/7/21 16:00,266157
2024/7/21 17:00,266225
2024/7/21 18:00,266299
2024/7/21 19:00,266357
2024/7/21 20:00,266394
2024/7/21 21:00,266423
2024/7/21 22:00,266451
2024/7/21 23:00,266472
2024/7/22 00:00,266489
2024/7/22 01:00,266489
2024/7/22 02:00,266489
2024/7/22 03:00,266489
2024/7/22 04:00,266489
2024/7/22 05:00,266489
2024/7/22 06:00,266489
2024/7/22 07:00,266492
2024/7/22 08:00,266502
2024/7/22 09:00,266523
2024/7/22 10:00,266567
2024/7/22 11:00,266622
2024/7/22 12:00,266681
2024/7/22 13:00,266735
2024/7/22 14:00,266801
2024/7/22 15:00,266868
2024/7/22 16:00,266942
2024/7/22 17:00,267012
2024/7/22 18:00,267074
2024/7/22 19:00,267124
2024/7/22 20:00,267165
2024/7/22 21:00,267205
2024/7/22 22:00,267245
2024/7/22 23:00,267275
2024/7/23 00:00,267298
2024/7/23 01:00,267312
2024/7/23 02:00,267320
2024/7/23 03:00,267329
2024/7/23 04:00,267337
2024/7/23 05:00,267345
2024/7/23 06:00,267353
2024/7/23 07:00,267361
2024/7/23 08:00,267372
2024/7/23 09:00,267388
2024/7/23 10:00,267428
2024/7/23 11:00,267481
2024/7/23 12:00,267534
2024/7/23 13:00,267579
2024/7/23 14:00,267629
2024/7/23 15:00,267698
2024/7/23 16:00,267774
2024/7/23 17:00,267842
2024/7/23 18:00,267901
2024/7/23 19:00,267945
2024/7/23 20:00,267987
2024/7/23 21:00,268029
2024/7/23 22:00,268059
2024/7/23 23:00,268083
2024/7/24 00:00,268097
2024/7/24 01:00,268109
2024/7/24 02:00,268121
2024/7/24 03:00,268132
2024/7/24 04:00,268144
2024/7/24 05:00,268154
2024/7/24 06:00,268166
2024/7/24 07:00,268177
2024/7/24 08:00,268191
2024/7/24 09:00,268213
2024/7/24 10:00,268247
2024/7/24 11:00,268290
2024/7/24 12:00,268330
2024/7/24 13:00,268368
2024/7/24 14:00,268399
2024/7/24 15:00,268440
2024/7/24 16:00,268489
2024/7/24 17:00,268538
2024/7/24 18:00,268582
2024/7/24 19:00,268621
2024/7/24 20:00,268655
2024/7/24 21:00,268683
2024/7/24 22:00,268708
2024/7/24 23:00,268728
2024/7/25 00:00,268744
2024/7/25 01:00,268756
2024/7/25 02:00,268766
2024/7/25 03:00,268777
2024/7/25 04:00,268787
2024/7/25 05:00,268797
2024/7/25 06:00,268808
2024/7/25 07:00,268818
2024/7/25 08:00,268829
2024/7/25 09:00,268849
2024/7/25 10:00,268885
2024/7/25 11:00,268930
2024/7/25 12:00,268978
2024/7/25 13:00,269025
2024/7/25 14:00,269081
2024/7/25 15:00,269147
2024/7/25 16:00,269221
2024/7/25 17:00,269291
2024/7/25 18:00,269355
2024/7/25 19:00,269416
2024/7/25 20:00,269472
2024/7/25 21:00,269510
2024/7/25 22:00,269546
2024/7/25 23:00,269572
2024/7/26 00:00,269588
2024/7/26 01:00,269601
2024/7/26 02:00,269613
2024/7/26 03:00,269626
2024/7/26 04:00,269638
2024/7/26 05:00,269649
2024/7/26 06:00,269661
2024/7/26 07:00,269673
2024/7/26 08:00,269688
2024/7/26 09:00,269716
2024/7/26 10:00,269757
2024/7/26 11:00,269806
2024/7/26 12:00,269856
2024/7/26 13:00,269900
2024/7/26 14:00,269946
2024/7/26 15:00,270007
2024/7/26 16:00,270083
2024/7/26 17:00,270161
2024/7/26 18:00,270222
2024/7/26 19:00,270273
2024/7/26 20:00,270326
2024/7/26 21:00,270382
2024/7/26 22:00,270421
2024/7/26 23:00,270449
2024/7/27 00:00,270464
2024/7/27 01:00,270477
2024/7/27 02:00,270489
2024/7/27 03:00,270502
2024/7/27 04:00,270515
2024/7/27 05:00,270528
2024/7/27 06:00,270541
2024/7/27 07:00,270555
2024/7/27 08:00,270569
2024/7/27 09:00,270588
2024/7/27 10:00,270614
2024/7/27 11:00,270647
2024/7/27 12:00,270683
2024/7/27 13:00,270715
2024/7/27 14:00,270744
2024/7/27 15:00,270775
2024/7/27 16:00,270811
2024/7/27 17:00,270854
2024/7/27 18:00,270901
2024/7/27 19:00,270935
2024/7/27 20:00,270966
2024/7/27 21:00,270994
2024/7/27 22:00,271020
2024/7/27 23:00,271043
2024/7/28 00:00,271061
2024/7/28 01:00,271077
2024/7/28 02:00,271091
2024/7/28 03:00,271105
2024/7/28 04:00,271118
2024/7/28 05:00,271132
2024/7/28 06:00,271145
2024/7/28 07:00,271164
2024/7/28 08:00,271184
2024/7/28 09:00,271210
2024/7/28 10:00,271243
2024/7/28 11:00,271275
2024/7/28 12:00,271308
2024/7/28 13:00,271335
2024/7/28 14:00,271362
2024/7/28 15:00,271391
2024/7/28 16:00,271430
2024/7/28 17:00,271471
2024/7/28 18:00,271512
2024/7/28 19:00,271547
2024/7/28 20:00,271580
2024/7/28 21:00,271604
2024/7/28 22:00,271629
2024/7/28 23:00,271651
2024/7/29 00:00,271668
2024/7/29 01:00,271681
2024/7/29 02:00,271694
2024/7/29 03:00,271704
2024/7/29 04:00,271714
2024/7/29 05:00,271724
2024/7/29 06:00,271733
2024/7/29 07:00,271743
2024/7/29 08:00,271753
2024/7/29 09:00,271776
2024/7/29 10:00,271827
2024/7/29 11:00,271883
2024/7/29 12:00,271936
2024/7/29 13:00,271974
2024/7/29 14:00,272010
2024/7/29 15:00,272049
2024/7/29 16:00,272096
2024/7/29 17:00,272145
2024/7/29 18:00,272188
2024/7/29 19:00,272220
2024/7/29 20:00,272246
2024/7/29 21:00,272267
2024/7/29 22:00,272287
2024/7/29 23:00,272302
2024/7/30 00:00,272315
2024/7/30 01:00,272325
2024/7/30 02:00,272335
2024/7/30 03:00,272345
2024/7/30 04:00,272354
2024/7/30 05:00,272364
2024/7/30 06:00,272374
2024/7/30 07:00,272383
2024/7/30 08:00,272394
2024/7/30 09:00,272409
2024/7/30 10:00,272437
2024/7/30 11:00,272479
2024/7/30 12:00,272527
2024/7/30 13:00,272567
2024/7/30 14:00,272605
2024/7/30 15:00,272646
2024/7/30 16:00,272701
2024/7/30 17:00,272757
2024/7/30 18:00,272810
2024/7/30 19:00,272850
2024/7/30 20:00,272882
2024/7/30 21:00,272912
2024/7/30 22:00,272941
2024/7/30 23:00,272966
2024/7/31 00:00,272986
2024/7/31 01:00,272999
2024/7/31 02:00,273010
2024/7/31 03:00,273021
2024/7/31 04:00,273032
2024/7/31 05:00,273043
2024/7/31 06:00,273054
2024/7/31 07:00,273064
2024/7/31 08:00,273076
2024/7/31 09:00,273096
2024/7/31 10:00,273133
2024/7/31 11:00,273177
2024/7/31 12:00,273225
2024/7/31 13:00,273269
2024/7/31 14:00,273313
2024/7/31 15:00,273360
2024/7/31 16:00,273414
2024/7/31 17:00,273469
2024/7/31 18:00,273521
2024/7/31 19:00,273561
2024/7/31 20:00,273597
2024/7/31 21:00,273626
2024/7/31 22:00,273655
2024/7/31 23:00,273674
2024/8/1 00:00,273689
2024/8/1 01:00,273702
2024/8/1 02:00,273715
2024/8/1 03:00,273727
2024/8/1 04:00,273740
2024/8/1 05:00,273752
2024/8/1 06:00,273765
2024/8/1 07:00,273777
2024/8/1 08:00,273789
2024/8/1 09:00,273812
2024/8/1 10:00,273858
2024/8/1 11:00,273910
2024/8/1 12:00,273967
2024/8/1 13:00,274023
2024/8/1 14:00,274078
2024/8/1 15:00,274144
2024/8/1 16:00,274213
2024/8/1 17:00,274293
2024/8/1 18:00,274369
2024/8/1 19:00,274401
2024/8/1 20:00,274419
2024/8/1 21:00,274436
2024/8/1 22:00,274459
2024/8/1 23:00,274480
2024/8/2 00:00,274496
2024/8/2 01:00,274509
2024/8/2 02:00,274521
2024/8/2 03:00,274532
2024/8/2 04:00,274544
2024/8/2 05:00,274555
2024/8/2 06:00,274566
2024/8/2 07:00,274577
2024/8/2 08:00,274589
2024/8/2 09:00,274607
2024/8/2 10:00,274642
2024/8/2 11:00,274686
2024/8/2 12:00,274735
2024/8/2 13:00,274778
2024/8/2 14:00,274826
2024/8/2 15:00,274881
2024/8/2 16:00,274937
2024/8/2 17:00,275004
2024/8/2 18:00,275065
2024/8/2 19:00,275109
2024/8/2 20:00,275145
2024/8/2 21:00,275178
2024/8/2 22:00,275208
2024/8/2 23:00,275232
2024/8/3 00:00,275248
2024/8/3 01:00,275261
2024/8/3 02:00,275276
2024/8/3 03:00,275290
2024/8/3 04:00,275304
2024/8/3 05:00,275317
2024/8/3 06:00,275329
2024/8/3 07:00,275341
2024/8/3 08:00,275353
2024/8/3 09:00,275368
2024/8/3 10:00,275385
2024/8/3 11:00,275409
2024/8/3 12:00,275439
2024/8/3 13:00,275472
2024/8/3 14:00,275507
2024/8/3 15:00,275540
2024/8/3 16:00,275573
2024/8/3 17:00,275607
2024/8/3 18:00,275641
2024/8/3 19:00,275670
2024/8/3 20:00,275705
2024/8/3 21:00,275748
2024/8/3 22:00,275791
2024/8/3 23:00,275836
2024/8/4 00:00,275863
2024/8/4 01:00,275877
2024/8/4 02:00,275890
2024/8/4 03:00,275904
2024/8/4 04:00,275915
2024/8/4 05:00,275928
2024/8/4 06:00,275940
2024/8/4 07:00,275950
2024/8/4 08:00,275961
2024/8/4 09:00,275974
2024/8/4 10:00,275993
2024/8/4 11:00,276020
2024/8/4 12:00,276051
2024/8/4 13:00,276081
2024/8/4 14:00,276123
2024/8/4 15:00,276180
2024/8/4 16:00,276246
2024/8/4 17:00,276317
2024/8/4 18:00,276366
2024/8/4 19:00,276402
2024/8/4 20:00,276436
2024/8/4 21:00,276470
2024/8/4 22:00,276499
2024/8/4 23:00,276523
2024/8/5 00:00,276543
2024/8/5 01:00,276558
2024/8/5 02:00,276571
2024/8/5 03:00,276583
2024/8/5 04:00,276594
2024/8/5 05:00,276604
2024/8/5 06:00,276615
2024/8/5 07:00,276625
2024/8/5 08:00,276637
2024/8/5 09:00,276657
2024/8/5 10:00,276694
2024/8/5 11:00,276740
2024/8/5 12:00,276789
2024/8/5 13:00,276842
2024/8/5 14:00,276903
2024/8/5 15:00,276966
2024/8/5 16:00,277043
2024/8/5 17:00,277111
2024/8/5 18:00,277175
2024/8/5 19:00,277233
2024/8/5 20:00,277282
2024/8/5 21:00,277322
2024/8/5 22:00,277352
2024/8/5 23:00,277374
2024/8/6 00:00,277389
2024/8/6 01:00,277401
2024/8/6 02:00,277412
2024/8/6 03:00,277423
2024/8/6 04:00,277434
2024/8/6 05:00,277446
2024/8/6 06:00,277457
2024/8/6 07:00,277468
2024/8/6 08:00,277484
2024/8/6 09:00,277516
2024/8/6 10:00,277570
2024/8/6 11:00,277635
2024/8/6 12:00,277699
2024/8/6 13:00,277750
2024/8/6 14:00,277798
2024/8/6 15:00,277848
2024/8/6 16:00,277909
2024/8/6 17:00,277976
2024/8/6 18:00,278045
2024/8/6 19:00,278115
2024/8/6 20:00,278159
2024/8/6 21:00,278200
2024/8/6 22:00,278240
2024/8/6 23:00,278277
2024/8/7 00:00,278307
2024/8/7 01:00,278329
2024/8/7 02:00,278351
2024/8/7 03:00,278369
2024/8/7 04:00,278383
2024/8/7 05:00,278396
2024/8/7 06:00,278409
2024/8/7 07:00,278421
2024/8/7 08:00,278435
2024/8/7 09:00,278461
2024/8/7 10:00,278507
2024/8/7 11:00,278567
2024/8/7 12:00,278634
2024/8/7 13:00,278698
2024/8/7 14:00,278758
2024/8/7 15:00,278818
2024/8/7 16:00,278879
2024/8/7 17:00,278943
2024/8/7 18:00,278998
2024/8/7 19:00,279042
2024/8/7 20:00,279075
2024/8/7 21:00,279106
2024/8/7 22:00,279130
2024/8/7 23:00,279155
2024/8/8 00:00,279180
2024/8/8 01:00,279205
2024/8/8 02:00,279226
2024/8/8 03:00,279242
2024/8/8 04:00,279256
2024/8/8 05:00,279270
2024/8/8 06:00,279284
2024/8/8 07:00,279297
2024/8/8 08:00,279311
2024/8/8 09:00,279333
2024/8/8 10:00,279375
2024/8/8 11:00,279424
2024/8/8 12:00,279479
2024/8/8 13:00,279532
2024/8/8 14:00,279592
2024/8/8 15:00,279656
2024/8/8 16:00,279735
2024/8/8 17:00,279817
2024/8/8 18:00,279877
2024/8/8 19:00,279925
2024/8/8 20:00,279966
2024/8/8 21:00,279996
2024/8/8 22:00,280022
2024/8/8 23:00,280042
2024/8/9 00:00,280058
2024/8/9 01:00,280074
2024/8/9 02:00,280087
2024/8/9 03:00,280099
2024/8/9 04:00,280111
2024/8/9 05:00,280123
2024/8/9 06:00,280135
2024/8/9 07:00,280148
2024/8/9 08:00,280160
2024/8/9 09:00,280179
2024/8/9 10:00,280213
2024/8/9 11:00,280254
2024/8/9 12:00,280300
2024/8/9 13:00,280334
2024/8/9 14:00,280370
2024/8/9 15:00,280413
2024/8/9 16:00,280463
2024/8/9 17:00,280519
2024/8/9 18:00,280573
2024/8/9 19:00,280625
2024/8/9 20:00,280675
2024/8/9 21:00,280704
2024/8/9 22:00,280726
2024/8/9 23:00,280743
2024/8/10 00:00,280757
2024/8/10 01:00,280769
2024/8/10 02:00,280781
2024/8/10 03:00,280793
2024/8/10 04:00,280805
2024/8/10 05:00,280818
2024/8/10 06:00,280829
2024/8/10 07:00,280841
2024/8/10 08:00,280853
2024/8/10 09:00,280871
2024/8/10 10:00,280904
2024/8/10 11:00,280944
2024/8/10 12:00,280978
2024/8/10 13:00,281002
2024/8/10 14:00,281023
2024/8/10 15:00,281054
2024/8/10 16:00,281086
2024/8/10 17:00,281126
2024/8/10 18:00,281173
2024/8/10 19:00,281200
2024/8/10 20:00,281220
2024/8/10 21:00,281240
2024/8/10 22:00,281260
2024/8/10 23:00,281274
2024/8/11 00:00,281287
2024/8/11 01:00,281303
2024/8/11 02:00,281318
2024/8/11 03:00,281333
2024/8/11 04:00,281346
2024/8/11 05:00,281359
2024/8/11 06:00,281371
2024/8/11 07:00,281384
2024/8/11 08:00,281396
2024/8/11 09:00,281413
2024/8/11 10:00,281437
2024/8/11 11:00,281471
2024/8/11 12:00,281507
2024/8/11 13:00,281536
2024/8/11 14:00,281566
2024/8/11 15:00,281601
2024/8/11 16:00,281648
2024/8/11 17:00,281697
2024/8/11 18:00,281750
2024/8/11 19:00,281801
2024/8/11 20:00,281825
2024/8/11 21:00,281851
2024/8/11 22:00,281872
2024/8/11 23:00,281888
2024/8/12 00:00,281900
2024/8/12 01:00,281910
2024/8/12 02:00,281921
2024/8/12 03:00,281932
2024/8/12 04:00,281941
2024/8/12 05:00,281951
2024/8/12 06:00,281960
2024/8/12 07:00,281970
2024/8/12 08:00,281981
2024/8/12 09:00,282001
2024/8/12 10:00,282045
2024/8/12 11:00,282096
2024/8/12 12:00,282144
2024/8/12 13:00,282192
2024/8/12 14:00,282245
2024/8/12 15:00,282306
2024/8/12 16:00,282377
2024/8/12 17:00,282448
2024/8/12 18:00,282518
2024/8/12 19:00,282582
2024/8/12 20:00,282618
2024/8/12 21:00,282647
2024/8/12 22:00,282673
2024/8/12 23:00,282693
2024/8/13 00:00,282707
2024/8/13 01:00,282718
2024/8/13 02:00,282730
2024/8/13 03:00,282741
2024/8/13 04:00,282752
2024/8/13 05:00,282763
2024/8/13 06:00,282773
2024/8/13 07:00,282787
2024/8/13 08:00,282799
2024/8/13 09:00,282820
2024/8/13 10:00,282852
2024/8/13 11:00,282894
2024/8/13 12:00,282944
2024/8/13 13:00,282997
2024/8/13 14:00,283061
2024/8/13 15:00,283121
2024/8/13 16:00,283173
2024/8/13 17:00,283223
2024/8/13 18:00,283263
2024/8/13 19:00,283297
2024/8/13 20:00,283326
2024/8/13 21:00,283353
2024/8/13 22:00,283378
2024/8/13 23:00,283394
2024/8/14 00:00,283406
2024/8/14 01:00,283418
2024/8/14 02:00,283429
2024/8/14 03:00,283440
2024/8/14 04:00,283452
2024/8/14 05:00,283463
2024/8/14 06:00,283474
2024/8/14 07:00,283485
2024/8/14 08:00,283497
2024/8/14 09:00,283522
2024/8/14 10:00,283565
2024/8/14 11:00,283617
2024/8/14 12:00,283664
2024/8/14 13:00,283705
2024/8/14 14:00,283746
2024/8/14 15:00,283787
2024/8/14 16:00,283841
2024/8/14 17:00,283899
2024/8/14 18:00,283952
2024/8/14 19:00,283995
2024/8/14 20:00,284028
2024/8/14 21:00,284055
2024/8/14 22:00,284082
2024/8/14 23:00,284102
2024/8/15 00:00,284117
2024/8/15 01:00,284130
2024/8/15 02:00,284142
2024/8/15 03:00,284154
2024/8/15 04:00,284167
2024/8/15 05:00,284179
2024/8/15 06:00,284189
2024/8/15 07:00,284199
2024/8/15 08:00,284209
2024/8/15 09:00,284231
2024/8/15 10:00,284264
2024/8/15 11:00,284313
2024/8/15 12:00,284366
2024/8/15 13:00,284411
2024/8/15 14:00,284452
2024/8/15 15:00,284494
2024/8/15 16:00,284535
2024/8/15 17:00,284569
2024/8/15 18:00,284601
2024/8/15 19:00,284625
2024/8/15 20:00,284646
2024/8/15 21:00,284669
2024/8/15 22:00,284689
2024/8/15 23:00,284706
2024/8/16 00:00,284718
2024/8/16 01:00,284730
2024/8/16 02:00,284742
2024/8/16 03:00,284754
2024/8/16 04:00,284767
2024/8/16 05:00,284780
2024/8/16 06:00,284791
2024/8/16 07:00,284803
2024/8/16 08:00,284815
2024/8/16 09:00,284838
2024/8/16 10:00,284881
2024/8/16 11:00,284931
2024/8/16 12:00,284985
2024/8/16 13:00,285026
2024/8/16 14:00,285055
2024/8/16 15:00,285088
2024/8/16 16:00,285123
2024/8/16 17:00,285162
2024/8/16 18:00,285201
2024/8/16 19:00,285232
2024/8/16 20:00,285259
2024/8/16 21:00,285291
2024/8/16 22:00,285322
2024/8/16 23:00,285346
2024/8/17 00:00,285363
2024/8/17 01:00,285373
2024/8/17 02:00,285383
2024/8/17 03:00,285393
2024/8/17 04:00,285403
2024/8/17 05:00,285412
2024/8/17 06:00,285422
2024/8/17 07:00,285432
2024/8/17 08:00,285447
2024/8/17 09:00,285466
2024/8/17 10:00,285490
2024/8/17 11:00,285521
2024/8/17 12:00,285554
2024/8/17 13:00,285587
2024/8/17 14:00,285624
2024/8/17 15:00,285665
2024/8/17 16:00,285711
2024/8/17 17:00,285758
2024/8/17 18:00,285806
2024/8/17 19:00,285847
2024/8/17 20:00,285869
2024/8/17 21:00,285890
2024/8/17 22:00,285913
2024/8/17 23:00,285934
2024/8/18 00:00,285955
2024/8/18 01:00,285974
2024/8/18 02:00,285987
2024/8/18 03:00,285998
2024/8/18 04:00,286008
2024/8/18 05:00,286019
2024/8/18 06:00,286030
2024/8/18 07:00,286040
2024/8/18 08:00,286051
2024/8/18 09:00,286068
2024/8/18 10:00,286088
2024/8/18 11:00,286110
2024/8/18 12:00,286134
2024/8/18 13:00,286162
2024/8/18 14:00,286190
2024/8/18 15:00,286221
2024/8/18 16:00,286257
2024/8/18 17:00,286295
2024/8/18 18:00,286334
2024/8/18 19:00,286370
2024/8/18 20:00,286394
2024/8/18 21:00,286425
2024/8/18 22:00,286454
2024/8/18 23:00,286481
2024/8/19 00:00,286496
2024/8/19 01:00,286509
2024/8/19 02:00,286520
2024/8/19 03:00,286532
2024/8/19 04:00,286543
2024/8/19 05:00,286555
2024/8/19 06:00,286566
2024/8/19 07:00,286579
2024/8/19 08:00,286592
2024/8/19 09:00,286618
2024/8/19 10:00,286658
2024/8/19 11:00,286702
2024/8/19 12:00,286752
2024/8/19 13:00,286797
2024/8/19 14:00,286840
2024/8/19 15:00,286890
2024/8/19 16:00,286957
2024/8/19 17:00,287033
2024/8/19 18:00,287116
2024/8/19 19:00,287188
2024/8/19 20:00,287237
2024/8/19 21:00,287270
2024/8/19 22:00,287301
2024/8/19 23:00,287318
2024/8/20 00:00,287331
2024/8/20 01:00,287342
2024/8/20 02:00,287352
2024/8/20 03:00,287362
2024/8/20 04:00,287372
2024/8/20 05:00,287383
2024/8/20 06:00,287393
2024/8/20 07:00,287404
2024/8/20 08:00,287420
2024/8/20 09:00,287424
2024/8/20 10:00,287426
2024/8/20 11:00,287440
2024/8/20 12:00,287461
2024/8/20 13:00,287486
2024/8/20 14:00,287508
2024/8/20 15:00,287532
2024/8/20 16:00,287561
2024/8/20 17:00,287591
2024/8/20 18:00,287620
2024/8/20 19:00,287639
2024/8/20 20:00,287647
2024/8/20 21:00,287647
2024/8/20 22:00,287661
2024/8/20 23:00,287672
2024/8/21 00:00,287679
2024/8/21 01:00,287684
2024/8/21 02:00,287689
2024/8/21 03:00,287695
2024/8/21 04:00,287700
2024/8/21 05:00,287705
2024/8/21 06:00,287710
2024/8/21 07:00,287716
2024/8/21 08:00,287726
2024/8/21 09:00,287742
2024/8/21 10:00,287850
2024/8/21 11:00,287897
2024/8/21 12:00,287947
2024/8/21 13:00,287993
2024/8/21 14:00,288045
2024/8/21 15:00,288099
2024/8/21 16:00,288166
2024/8/21 17:00,288233
2024/8/21 18:00,288286
2024/8/21 19:00,288323
2024/8/21 20:00,288361
2024/8/21 21:00,288400
2024/8/21 22:00,288431
2024/8/21 23:00,288450
2024/8/22 00:00,288463
2024/8/22 01:00,288475
2024/8/22 02:00,288485
2024/8/22 03:00,288497
2024/8/22 04:00,288510
2024/8/22 05:00,288524
2024/8/22 06:00,288541
2024/8/22 07:00,288563
2024/8/22 08:00,288574
2024/8/22 09:00,288590
2024/8/22 10:00,288621
2024/8/22 11:00,288662
2024/8/22 12:00,288711
2024/8/22 13:00,288759
2024/8/22 14:00,288809
2024/8/22 15:00,288863
2024/8/22 16:00,288929
2024/8/22 17:00,288993
2024/8/22 18:00,289043
2024/8/22 19:00,289088
2024/8/22 20:00,289128
2024/8/22 21:00,289172
2024/8/22 22:00,289208
2024/8/22 23:00,289235
2024/8/23 00:00,289254
2024/8/23 01:00,289262
2024/8/23 02:00,289270
2024/8/23 03:00,289278
2024/8/23 04:00,289286
2024/8/23 05:00,289293
2024/8/23 06:00,289301
2024/8/23 07:00,289308
2024/8/23 08:00,289320
2024/8/23 09:00,289340
2024/8/23 10:00,289377
2024/8/23 11:00,289427
2024/8/23 12:00,289480
2024/8/23 13:00,289529
2024/8/23 14:00,289574
2024/8/23 15:00,289627
2024/8/23 16:00,289689
2024/8/23 17:00,289760
2024/8/23 18:00,289823
2024/8/23 19:00,289877
2024/8/23 20:00,289922
2024/8/23 21:00,289959
2024/8/23 22:00,289990
2024/8/23 23:00,290008
2024/8/24 00:00,290017
2024/8/24 01:00,290023
2024/8/24 02:00,290029
2024/8/24 03:00,290034
2024/8/24 04:00,290040
2024/8/24 05:00,290045
2024/8/24 06:00,290050
2024/8/24 07:00,290056
2024/8/24 08:00,290061
2024/8/24 09:00,290071
2024/8/24 10:00,290091
2024/8/24 11:00,290113
2024/8/24 12:00,290136
2024/8/24 13:00,290160
2024/8/24 14:00,290179
2024/8/24 15:00,290201
2024/8/24 16:00,290225
2024/8/24 17:00,290254
2024/8/24 18:00,290285
2024/8/24 19:00,290316
2024/8/24 20:00,290353
2024/8/24 21:00,290395
2024/8/24 22:00,290428
2024/8/24 23:00,290445
2024/8/25 00:00,290461
2024/8/25 01:00,290476
2024/8/25 02:00,290489
2024/8/25 03:00,290495
2024/8/25 04:00,290502
2024/8/25 05:00,290508
2024/8/25 06:00,290514
2024/8/25 07:00,290520
2024/8/25 08:00,290527
2024/8/25 09:00,290541
2024/8/25 10:00,290569
2024/8/25 11:00,290602
2024/8/25 12:00,290632
2024/8/25 13:00,290662
2024/8/25 14:00,290691
2024/8/25 15:00,290719
2024/8/25 16:00,290747
2024/8/25 17:00,290781
2024/8/25 18:00,290813
2024/8/25 19:00,290840
2024/8/25 20:00,290863
2024/8/25 21:00,290895
2024/8/25 22:00,290928
2024/8/25 23:00,290954
2024/8/26 00:00,290973
2024/8/26 01:00,290985
2024/8/26 02:00,290995
2024/8/26 03:00,291005
2024/8/26 04:00,291016
2024/8/26 05:00,291026
2024/8/26 06:00,291035
2024/8/26 07:00,291046
2024/8/26 08:00,291058
2024/8/26 09:00,291081
2024/8/26 10:00,291128
2024/8/26 11:00,291187
2024/8/26 12:00,291248
2024/8/26 13:00,291299
2024/8/26 14:00,291345
2024/8/26 15:00,291404
2024/8/26 16:00,291474
2024/8/26 17:00,291548
2024/8/26 18:00,291627
2024/8/26 19:00,291674
2024/8/26 20:00,291703
2024/8/26 21:00,291734
2024/8/26 22:00,291764
2024/8/26 23:00,291784
2024/8/27 00:00,291800
2024/8/27 01:00,291814
2024/8/27 02:00,291827
2024/8/27 03:00,291841
2024/8/27 04:00,291854
2024/8/27 05:00,291868
2024/8/27 06:00,291881
2024/8/27 07:00,291894
2024/8/27 08:00,291907
2024/8/27 09:00,291931
2024/8/27 10:00,291974
2024/8/27 11:00,292032
2024/8/27 12:00,292094
2024/8/27 13:00,292147
2024/8/27 14:00,292200
2024/8/27 15:00,292254
2024/8/27 16:00,292317
2024/8/27 17:00,292392
2024/8/27 18:00,292458
2024/8/27 19:00,292504
2024/8/27 20:00,292539
2024/8/27 21:00,292571
2024/8/27 22:00,292600
2024/8/27 23:00,292617
2024/8/28 00:00,292631
2024/8/28 01:00,292644
2024/8/28 02:00,292656
2024/8/28 03:00,292668
2024/8/28 04:00,292680
2024/8/28 05:00,292692
2024/8/28 06:00,292704
2024/8/28 07:00,292717
2024/8/28 08:00,292729
2024/8/28 09:00,292750
2024/8/28 10:00,292791
2024/8/28 11:00,292846
2024/8/28 12:00,292902
2024/8/28 13:00,292949
2024/8/28 14:00,292995
2024/8/28 15:00,293045
2024/8/28 16:00,293108
2024/8/28 17:00,293184
2024/8/28 18:00,293255
2024/8/28 19:00,293304
2024/8/28 20:00,293337
2024/8/28 21:00,293366
2024/8/28 22:00,293392
2024/8/28 23:00,293413
2024/8/29 00:00,293430
2024/8/29 01:00,293445
2024/8/29 02:00,293459
2024/8/29 03:00,293472
2024/8/29 04:00,293485
2024/8/29 05:00,293498
2024/8/29 06:00,293510
2024/8/29 07:00,293523
2024/8/29 08:00,293537
2024/8/29 09:00,293564
2024/8/29 10:00,293612
2024/8/29 11:00,293666
2024/8/29 12:00,293723
2024/8/29 13:00,293772
2024/8/29 14:00,293822
2024/8/29 15:00,293883
2024/8/29 16:00,293947
2024/8/29 17:00,294014
2024/8/29 18:00,294088
2024/8/29 19:00,294128
2024/8/29 20:00,294156
2024/8/29 21:00,294186
2024/8/29 22:00,294214
2024/8/29 23:00,294236
2024/8/30 00:00,294249
2024/8/30 01:00,294260
2024/8/30 02:00,294270
2024/8/30 03:00,294280
2024/8/30 04:00,294289
2024/8/30 05:00,294298
2024/8/30 06:00,294308
2024/8/30 07:00,294317
2024/8/30 08:00,294328
2024/8/30 09:00,294358
2024/8/30 10:00,294409
2024/8/30 11:00,294467
2024/8/30 12:00,294529
2024/8/30 13:00,294584
2024/8/30 14:00,294639
2024/8/30 15:00,294695
2024/8/30 16:00,294761
2024/8/30 17:00,294832
2024/8/30 18:00,294900
2024/8/30 19:00,294950
2024/8/30 20:00,294989
2024/8/30 21:00,295024
2024/8/30 22:00,295053
2024/8/30 23:00,295076
2024/8/31 00:00,295093
2024/8/31 01:00,295107
2024/8/31 02:00,295121
2024/8/31 03:00,295135
2024/8/31 04:00,295148
2024/8/31 05:00,295159
2024/8/31 06:00,295171
2024/8/31 07:00,295183
2024/8/31 08:00,295198
2024/8/31 09:00,295228
2024/8/31 10:00,295264
2024/8/31 11:00,295301
2024/8/31 12:00,295341
2024/8/31 13:00,295379
2024/8/31 14:00,295418
2024/8/31 15:00,295462
2024/8/31 16:00,295508
2024/8/31 17:00,295551
2024/8/31 18:00,295593
2024/8/31 19:00,295632
2024/8/31 20:00,295666
2024/8/31 21:00,295702
2024/8/31 22:00,295736
2024/8/31 23:00,295760
2024/9/1 00:00,295775
2024/9/1 01:00,295787
2024/9/1 02:00,295799
2024/9/1 03:00,295811
2024/9/1 04:00,295822
2024/9/1 05:00,295834
2024/9/1 06:00,295845
2024/9/1 07:00,295857
2024/9/1 08:00,295871
2024/9/1 09:00,295899
2024/9/1 10:00,295931
2024/9/1 11:00,295978
2024/9/1 12:00,296024
2024/9/1 13:00,296070
2024/9/1 14:00,296114
2024/9/1 15:00,296163
2024/9/1 16:00,296216
2024/9/1 17:00,296263
2024/9/1 18:00,296306
2024/9/1 19:00,296343
2024/9/1 20:00,296374
2024/9/1 21:00,296416
2024/9/1 22:00,296449
2024/9/1 23:00,296470
2024/9/2 00:00,296488
2024/9/2 01:00,296503
2024/9/2 02:00,296516
2024/9/2 03:00,296531
2024/9/2 04:00,296545
2024/9/2 05:00,296559
2024/9/2 06:00,296573
2024/9/2 07:00,296586
2024/9/2 08:00,296604
2024/9/2 09:00,296652
2024/9/2 10:00,296716
2024/9/2 11:00,296785
2024/9/2 12:00,296855
2024/9/2 13:00,296925
2024/9/2 14:00,296992
2024/9/2 15:00,297065
2024/9/2 16:00,297140
2024/9/2 17:00,297227
2024/9/2 18:00,297308
2024/9/2 19:00,297365
2024/9/2 20:00,297401
2024/9/2 21:00,297438
2024/9/2 22:00,297476
2024/9/2 23:00,297503
2024/9/3 00:00,297519
2024/9/3 01:00,297534
2024/9/3 02:00,297546
2024/9/3 03:00,297560
2024/9/3 04:00,297573
2024/9/3 05:00,297586
2024/9/3 06:00,297598
2024/9/3 07:00,297610
2024/9/3 08:00,297626
2024/9/3 09:00,297665
2024/9/3 10:00,297718
2024/9/3 11:00,297784
2024/9/3 12:00,297853
2024/9/3 13:00,297913
2024/9/3 14:00,297972
2024/9/3 15:00,298040
2024/9/3 16:00,298113
2024/9/3 17:00,298194
2024/9/3 18:00,298269
2024/9/3 19:00,298324
2024/9/3 20:00,298366
2024/9/3 21:00,298406
2024/9/3 22:00,298445
2024/9/3 23:00,298476
2024/9/4 00:00,298500
2024/9/4 01:00,298517
2024/9/4 02:00,298534
2024/9/4 03:00,298550
2024/9/4 04:00,298566
2024/9/4 05:00,298581
2024/9/4 06:00,298596
2024/9/4 07:00,298613
2024/9/4 08:00,298632
2024/9/4 09:00,298676
2024/9/4 10:00,298737
2024/9/4 11:00,298809
2024/9/4 12:00,298881
2024/9/4 13:00,
2024/9/4 14:00,
2024/9/4 15:00,299077
2024/9/4 16:00,299154
2024/9/4 17:00,299242
2024/9/4 18:00,299325
2024/9/4 19:00,299384
2024/9/4 20:00,299427
2024/9/4 21:00,299461
2024/9/4 22:00,299496
2024/9/4 23:00,299524
2024/9/5 00:00,299547
2024/9/5 01:00,299562
2024/9/5 02:00,299575
2024/9/5 03:00,299589
2024/9/5 04:00,299603
2024/9/5 05:00,299616
2024/9/5 06:00,299629
2024/9/5 07:00,299641
2024/9/5 08:00,299655
2024/9/5 09:00,299683
2024/9/5 10:00,299721
2024/9/5 11:00,299763
2024/9/5 12:00,299802
2024/9/5 13:00,299845
2024/9/5 14:00,299891
2024/9/5 15:00,299947
2024/9/5 16:00,300006
2024/9/5 17:00,
2024/9/5 18:00,300130
2024/9/5 19:00,300184
2024/9/5 20:00,300230
2024/9/5 21:00,300258
2024/9/5 22:00,300285
2024/9/5 23:00,300309
2024/9/6 00:00,300328
2024/9/6 01:00,300341
2024/9/6 02:00,300355
2024/9/6 03:00,300369
2024/9/6 04:00,300382
2024/9/6 05:00,300395
2024/9/6 06:00,300408
2024/9/6 07:00,300422
2024/9/6 08:00,300439
2024/9/6 09:00,300474
2024/9/6 10:00,300520
2024/9/6 11:00,300576
2024/9/6 12:00,300644
2024/9/6 13:00,300706
2024/9/6 14:00,300770
2024/9/6 15:00,300833
2024/9/6 16:00,300899
2024/9/6 17:00,300966
2024/9/6 18:00,301027
2024/9/6 19:00,301075
2024/9/6 20:00,301116
2024/9/6 21:00,301156
2024/9/6 22:00,301191
2024/9/6 23:00,301221
2024/9/7 00:00,301249
2024/9/7 01:00,301272
2024/9/7 02:00,301289
2024/9/7 03:00,301306
2024/9/7 04:00,301324
2024/9/7 05:00,301341
2024/9/7 06:00,301358
2024/9/7 07:00,301373
2024/9/7 08:00,301389
2024/9/7 09:00,301410
2024/9/7 10:00,301437
2024/9/7 11:00,301467
2024/9/7 12:00,301490
2024/9/7 13:00,301515
2024/9/7 14:00,301541
2024/9/7 15:00,301569
2024/9/7 16:00,301602
2024/9/7 17:00,301634
2024/9/7 18:00,301666
2024/9/7 19:00,301700
2024/9/7 20:00,301740
2024/9/7 21:00,301782
2024/9/7 22:00,301815
2024/9/7 23:00,301843
2024/9/8 00:00,301864
2024/9/8 01:00,301881
2024/9/8 02:00,301898
2024/9/8 03:00,301913
2024/9/8 04:00,301929
2024/9/8 05:00,301944
2024/9/8 06:00,301956
2024/9/8 07:00,301973
2024/9/8 08:00,301990
2024/9/8 09:00,302012
2024/9/8 10:00,302045
2024/9/8 11:00,302089
2024/9/8 12:00,302139
2024/9/8 13:00,302185
2024/9/8 14:00,302238
2024/9/8 15:00,302296
2024/9/8 16:00,302344
2024/9/8 17:00,302389
2024/9/8 18:00,302431
2024/9/8 19:00,302468
2024/9/8 20:00,302501
2024/9/8 21:00,302538
2024/9/8 22:00,302573
2024/9/8 23:00,302603
2024/9/9 00:00,302624
2024/9/9 01:00,302640
2024/9/9 02:00,302655
2024/9/9 03:00,302670
2024/9/9 04:00,302684
2024/9/9 05:00,302697
2024/9/9 06:00,302709
2024/9/9 07:00,302722
2024/9/9 08:00,302739
2024/9/9 09:00,302787
2024/9/9 10:00,302848
2024/9/9 11:00,302925
2024/9/9 12:00,303007
2024/9/9 13:00,
2024/9/9 14:00,303152
2024/9/9 15:00,303232
2024/9/9 16:00,303308
2024/9/9 17:00,303382
2024/9/9 18:00,303446
2024/9/9 19:00,303489
2024/9/9 20:00,303521
2024/9/9 21:00,303550
2024/9/9 22:00,303579
2024/9/9 23:00,303605
2024/9/10 00:00,303621
2024/9/10 01:00,303634
2024/9/10 02:00,303647
2024/9/10 03:00,303659
2024/9/10 04:00,303671
2024/9/10 05:00,303682
2024/9/10 06:00,303694
2024/9/10 07:00,303707
2024/9/10 08:00,303720
2024/9/10 09:00,303749
2024/9/10 10:00,303785
2024/9/10 11:00,303834
2024/9/10 12:00,303888
2024/9/10 13:00,303940
2024/9/10 14:00,303988
2024/9/10 15:00,304044
2024/9/10 16:00,304110
2024/9/10 17:00,304167
2024/9/10 18:00,304220
2024/9/10 19:00,304260
2024/9/10 20:00,304292
2024/9/10 21:00,304322
2024/9/10 22:00,304350
2024/9/10 23:00,304372
2024/9/11 00:00,304386
2024/9/11 01:00,304399
2024/9/11 02:00,304412
2024/9/11 03:00,304424
2024/9/11 04:00,304437
2024/9/11 05:00,304449
2024/9/11 06:00,304461
2024/9/11 07:00,304473
2024/9/11 08:00,304489
2024/9/11 09:00,304522
2024/9/11 10:00,304564
2024/9/11 11:00,
2024/9/11 12:00,
2024/9/11 13:00,304727
2024/9/11 14:00,304775
2024/9/11 15:00,304830
2024/9/11 16:00,
2024/9/11 17:00,304954
2024/9/11 18:00,305017
2024/9/11 19:00,305072
2024/9/11 20:00,305117
2024/9/11 21:00,305160
2024/9/11 22:00,305198
2024/9/11 23:00,305230
2024/9/12 00:00,305251
2024/9/12 01:00,305266
2024/9/12 02:00,
2024/9/12 03:00,305293
2024/9/12 04:00,305306
2024/9/12 05:00,305319
2024/9/12 06:00,305332
2024/9/12 07:00,305345
2024/9/12 08:00,305361
2024/9/12 09:00,305391
2024/9/12 10:00,305443
2024/9/12 11:00,305499
2024/9/12 12:00,305566
2024/9/12 13:00,305633
2024/9/12 14:00,305701
2024/9/12 15:00,305771
2024/9/12 16:00,305851
2024/9/12 17:00,305930
2024/9/12 18:00,306004
2024/9/12 19:00,306059
2024/9/12 20:00,306101
2024/9/12 21:00,306135
2024/9/12 22:00,306174
2024/9/12 23:00,306208
2024/9/13 00:00,306236
2024/9/13 01:00,306259
2024/9/13 02:00,306277
2024/9/13 03:00,306295
2024/9/13 04:00,306314
2024/9/13 05:00,306334
2024/9/13 06:00,306353
2024/9/13 07:00,306372
2024/9/13 08:00,306393
2024/9/13 09:00,306430
2024/9/13 10:00,306486
2024/9/13 11:00,306557
2024/9/13 12:00,306626
2024/9/13 13:00,306685
2024/9/13 14:00,306739
2024/9/13 15:00,306794
2024/9/13 16:00,306860
2024/9/13 17:00,306931
2024/9/13 18:00,306995
2024/9/13 19:00,307050
2024/9/13 20:00,307096
2024/9/13 21:00,307130
2024/9/13 22:00,307158
2024/9/13 23:00,307180
2024/9/14 00:00,307200
2024/9/14 01:00,307217
2024/9/14 02:00,307237
2024/9/14 03:00,307254
2024/9/14 04:00,307268
2024/9/14 05:00,307284
2024/9/14 06:00,307300
2024/9/14 07:00,307317
2024/9/14 08:00,307335
2024/9/14 09:00,307366
2024/9/14 10:00,307414
2024/9/14 11:00,307471
2024/9/14 12:00,307526
2024/9/14 13:00,307571
2024/9/14 14:00,307624
2024/9/14 15:00,307681
2024/9/14 16:00,307749
2024/9/14 17:00,307817
2024/9/14 18:00,307876
2024/9/14 19:00,307923
2024/9/14 20:00,307965
2024/9/14 21:00,308001
2024/9/14 22:00,308037
2024/9/14 23:00,308068
2024/9/15 00:00,308090
2024/9/15 01:00,308107
2024/9/15 02:00,308123
2024/9/15 03:00,308139
2024/9/15 04:00,308155
2024/9/15 05:00,308171
2024/9/15 06:00,308186
2024/9/15 07:00,308202
2024/9/15 08:00,308219
2024/9/15 09:00,308241
2024/9/15 10:00,308267
2024/9/15 11:00,308298
2024/9/15 12:00,308330
2024/9/15 13:00,308362
2024/9/15 14:00,308393
2024/9/15 15:00,308426
2024/9/15 16:00,308459
2024/9/15 17:00,308491
2024/9/15 18:00,308523
2024/9/15 19:00,308555
2024/9/15 20:00,308581
2024/9/15 21:00,308610
2024/9/15 22:00,308635
2024/9/15 23:00,308652
2024/9/16 00:00,308667
2024/9/16 01:00,308680
2024/9/16 02:00,308693
2024/9/16 03:00,308705
2024/9/16 04:00,308718
2024/9/16 05:00,308730
2024/9/16 06:00,308742
2024/9/16 07:00,308755
2024/9/16 08:00,308768
2024/9/16 09:00,308784
2024/9/16 10:00,308803
2024/9/16 11:00,308828
2024/9/16 12:00,308854
2024/9/16 13:00,308885
2024/9/16 14:00,308918
2024/9/16 15:00,308950
2024/9/16 16:00,308989
2024/9/16 17:00,309031
2024/9/16 18:00,309065
2024/9/16 19:00,309096
2024/9/16 20:00,309124
2024/9/16 21:00,309153
2024/9/16 22:00,309176
2024/9/16 23:00,309196
2024/9/17 00:00,309214
2024/9/17 01:00,309231
2024/9/17 02:00,309249
2024/9/17 03:00,309265
2024/9/17 04:00,309279
2024/9/17 05:00,309291
2024/9/17 06:00,309303
2024/9/17 07:00,309316
2024/9/17 08:00,309331
2024/9/17 09:00,309349
2024/9/17 10:00,309373
2024/9/17 11:00,309404
2024/9/17 12:00,309442
2024/9/17 13:00,309475
2024/9/17 14:00,309508
2024/9/17 15:00,309543
2024/9/17 16:00,309585
2024/9/17 17:00,309631
2024/9/17 18:00,309680
2024/9/17 19:00,309732
2024/9/17 20:00,309764
2024/9/17 21:00,309798
2024/9/17 22:00,309831
2024/9/17 23:00,309854
2024/9/18 00:00,309874
2024/9/18 01:00,309893
2024/9/18 02:00,309912
2024/9/18 03:00,309930
2024/9/18 04:00,309948
2024/9/18 05:00,309966
2024/9/18 06:00,309984
2024/9/18 07:00,310002
2024/9/18 08:00,310023
2024/9/18 09:00,310070
2024/9/18 10:00,310130
2024/9/18 11:00,310195
2024/9/18 12:00,310268
2024/9/18 13:00,310325
2024/9/18 14:00,310382
2024/9/18 15:00,310452
2024/9/18 16:00,310535
2024/9/18 17:00,310615
2024/9/18 18:00,310685
2024/9/18 19:00,
2024/9/18 20:00,310800
2024/9/18 21:00,310853
2024/9/18 22:00,310899
2024/9/18 23:00,310931
2024/9/19 00:00,310956
2024/9/19 01:00,310976
2024/9/19 02:00,310994
2024/9/19 03:00,311011
2024/9/19 04:00,311028
2024/9/19 05:00,311048
2024/9/19 06:00,311065
2024/9/19 07:00,311081
2024/9/19 08:00,311100
2024/9/19 09:00,311148
2024/9/19 10:00,311220
2024/9/19 11:00,311300
2024/9/19 12:00,311377
2024/9/19 13:00,311449
2024/9/19 14:00,311512
2024/9/19 15:00,311589
2024/9/19 16:00,311674
2024/9/19 17:00,311753
2024/9/19 18:00,311831
2024/9/19 19:00,311894
2024/9/19 20:00,311947
2024/9/19 21:00,312003
2024/9/19 22:00,312050
2024/9/19 23:00,312078
2024/9/20 00:00,312099
2024/9/20 01:00,312117
2024/9/20 02:00,312134
2024/9/20 03:00,312151
2024/9/20 04:00,312167
2024/9/20 05:00,312184
2024/9/20 06:00,312200
2024/9/20 07:00,312217
2024/9/20 08:00,312239
2024/9/20 09:00,312282
2024/9/20 10:00,312333
2024/9/20 11:00,312390
2024/9/20 12:00,312443
2024/9/20 13:00,312489
2024/9/20 14:00,312534
2024/9/20 15:00,312586
2024/9/20 16:00,312641
2024/9/20 17:00,312693
2024/9/20 18:00,312738
2024/9/20 19:00,312778
2024/9/20 20:00,312817
2024/9/20 21:00,312856
2024/9/20 22:00,312894
2024/9/20 23:00,312925
2024/9/21 00:00,312950
2024/9/21 01:00,312972
2024/9/21 02:00,312991
2024/9/21 03:00,313011
2024/9/21 04:00,313029
2024/9/21 05:00,313048
2024/9/21 06:00,313066
2024/9/21 07:00,313085
2024/9/21 08:00,313105
2024/9/21 09:00,313138
2024/9/21 10:00,313189
2024/9/21 11:00,313242
2024/9/21 12:00,313295
2024/9/21 13:00,313339
2024/9/21 14:00,313378
2024/9/21 15:00,313418
2024/9/21 16:00,313464
2024/9/21 17:00,313511
2024/9/21 18:00,313565
2024/9/21 19:00,313616
2024/9/21 20:00,313647
2024/9/21 21:00,313677
2024/9/21 22:00,313706
2024/9/21 23:00,313732
2024/9/22 00:00,313756
2024/9/22 01:00,313779
2024/9/22 02:00,313801
2024/9/22 03:00,313823
2024/9/22 04:00,313845
2024/9/22 05:00,313866
2024/9/22 06:00,313887
2024/9/22 07:00,313909
2024/9/22 08:00,313931
2024/9/22 09:00,313955
2024/9/22 10:00,313985
2024/9/22 11:00,314019
2024/9/22 12:00,314055
2024/9/22 13:00,314088
2024/9/22 14:00,314120
2024/9/22 15:00,314158
2024/9/22 16:00,314200
2024/9/22 17:00,314249
2024/9/22 18:00,314301
2024/9/22 19:00,314335
2024/9/22 20:00,314366
2024/9/22 21:00,314395
2024/9/22 22:00,314424
2024/9/22 23:00,314450
2024/9/23 00:00,314471
2024/9/23 01:00,314491
2024/9/23 02:00,314510
2024/9/23 03:00,314528
2024/9/23 04:00,314547
2024/9/23 05:00,314565
2024/9/23 06:00,314583
2024/9/23 07:00,314601
2024/9/23 08:00,314620
2024/9/23 09:00,314651
2024/9/23 10:00,314689
2024/9/23 11:00,314731
2024/9/23 12:00,314776
2024/9/23 13:00,314827
2024/9/23 14:00,314877
2024/9/23 15:00,314942
2024/9/23 16:00,315013
2024/9/23 17:00,315065
2024/9/23 18:00,315126
2024/9/23 19:00,315182
2024/9/23 20:00,315228
2024/9/23 21:00,315269
2024/9/23 22:00,315305
2024/9/23 23:00,315339
2024/9/24 00:00,315368
2024/9/24 01:00,315393
2024/9/24 02:00,315418
2024/9/24 03:00,315443
2024/9/24 04:00,315469
2024/9/24 05:00,315494
2024/9/24 06:00,315517
2024/9/24 07:00,315538
2024/9/24 08:00,315560
2024/9/24 09:00,315590
2024/9/24 10:00,315627
2024/9/24 11:00,315669
2024/9/24 12:00,315717
2024/9/24 13:00,315766
2024/9/24 14:00,315821
2024/9/24 15:00,315892
2024/9/24 16:00,315981
2024/9/24 17:00,316062
2024/9/24 18:00,316124
2024/9/24 19:00,316172
2024/9/24 20:00,316211
2024/9/24 21:00,316250
2024/9/24 22:00,316285
2024/9/24 23:00,316316
2024/9/25 00:00,316342
2024/9/25 01:00,316365
2024/9/25 02:00,316386
2024/9/25 03:00,316407
2024/9/25 04:00,316428
2024/9/25 05:00,316448
2024/9/25 06:00,316469
2024/9/25 07:00,316490
2024/9/25 08:00,316512
2024/9/25 09:00,316549
2024/9/25 10:00,316592
2024/9/25 11:00,316645
2024/9/25 12:00,316696
2024/9/25 13:00,316740
2024/9/25 14:00,316786
2024/9/25 15:00,316833
2024/9/25 16:00,
2024/9/25 17:00,316944
2024/9/25 18:00,316997
2024/9/25 19:00,317043
2024/9/25 20:00,317083
2024/9/25 21:00,317116
2024/9/25 22:00,317146
2024/9/25 23:00,317174
2024/9/26 00:00,317199
2024/9/26 01:00,317222
2024/9/26 02:00,317244
2024/9/26 03:00,317266
2024/9/26 04:00,317287
2024/9/26 05:00,317308
2024/9/26 06:00,317330
2024/9/26 07:00,317351
2024/9/26 08:00,317373
2024/9/26 09:00,317405
2024/9/26 10:00,317444
2024/9/26 11:00,317489
2024/9/26 12:00,317528
2024/9/26 13:00,317562
2024/9/26 14:00,317598
2024/9/26 15:00,317643
2024/9/26 16:00,317699
2024/9/26 17:00,317757
2024/9/26 18:00,317812
2024/9/26 19:00,317855
2024/9/26 20:00,317892
2024/9/26 21:00,317924
2024/9/26 22:00,317954
2024/9/26 23:00,317984
2024/9/27 00:00,318010
2024/9/27 01:00,318031
2024/9/27 02:00,318048
2024/9/27 03:00,318063
2024/9/27 04:00,318078
2024/9/27 05:00,318093
2024/9/27 06:00,318107
2024/9/27 07:00,318122
2024/9/27 08:00,318138
2024/9/27 09:00,318167
2024/9/27 10:00,318202
2024/9/27 11:00,318241
2024/9/27 12:00,318286
2024/9/27 13:00,318325
2024/9/27 14:00,318369
2024/9/27 15:00,318415
2024/9/27 16:00,318471
2024/9/27 17:00,318531
2024/9/27 18:00,318587
2024/9/27 19:00,318634
2024/9/27 20:00,318673
2024/9/27 21:00,318703
2024/9/27 22:00,318732
2024/9/27 23:00,318752
2024/9/28 00:00,318768
2024/9/28 01:00,318784
2024/9/28 02:00,318799
2024/9/28 03:00,318818
2024/9/28 04:00,318842
2024/9/28 05:00,318868
2024/9/28 06:00,318891
2024/9/28 07:00,318914
2024/9/28 08:00,318939
2024/9/28 09:00,318960
2024/9/28 10:00,318987
2024/9/28 11:00,319012
2024/9/28 12:00,319039
2024/9/28 13:00,319064
2024/9/28 14:00,319091
2024/9/28 15:00,319120
2024/9/28 16:00,319154
2024/9/28 17:00,319191
2024/9/28 18:00,319230
2024/9/28 19:00,319267
2024/9/28 20:00,319296
2024/9/28 21:00,319323
2024/9/28 22:00,319349
2024/9/28 23:00,319374
2024/9/29 00:00,319394
2024/9/29 01:00,319411
2024/9/29 02:00,319429
2024/9/29 03:00,319446
2024/9/29 04:00,319462
2024/9/29 05:00,319478
2024/9/29 06:00,319493
2024/9/29 07:00,319509
2024/9/29 08:00,319526
2024/9/29 09:00,319550
2024/9/29 10:00,319578
2024/9/29 11:00,319610
2024/9/29 12:00,319641
2024/9/29 13:00,319674
2024/9/29 14:00,319711
2024/9/29 15:00,319749
2024/9/29 16:00,319791
2024/9/29 17:00,319827
2024/9/29 18:00,
2024/9/29 19:00,319879
2024/9/29 20:00,319903
2024/9/29 21:00,319922
2024/9/29 22:00,319941
2024/9/29 23:00,319958
2024/9/30 00:00,319975
2024/9/30 01:00,319990
2024/9/30 02:00,320006
2024/9/30 03:00,320021
2024/9/30 04:00,320035
2024/9/30 05:00,320050
2024/9/30 06:00,320064
2024/9/30 07:00,320079
2024/9/30 08:00,320096
2024/9/30 09:00,320119
2024/9/30 10:00,320144
2024/9/30 11:00,
2024/9/30 12:00,320197
2024/9/30 13:00,320223
2024/9/30 14:00,320250
2024/9/30 15:00,320281
2024/9/30 16:00,320313
2024/9/30 17:00,320341
2024/9/30 18:00,320365
2024/9/30 19:00,320388
2024/9/30 20:00,320409
2024/9/30 21:00,320428
2024/9/30 22:00,320446
2024/9/30 23:00,320463
2024/10/1 00:00,320478
2024/10/1 01:00,320493
2024/10/1 02:00,320508
2024/10/1 03:00,320522
2024/10/1 04:00,320536
2024/10/1 05:00,320550
2024/10/1 06:00,320563
2024/10/1 07:00,320576
2024/10/1 08:00,320590
2024/10/1 09:00,320606
2024/10/1 10:00,320624
2024/10/1 11:00,320641
2024/10/1 12:00,320659
2024/10/1 13:00,320675
2024/10/1 14:00,320692
2024/10/1 15:00,320710
2024/10/1 16:00,320727
2024/10/1 17:00,320746
2024/10/1 18:00,320767
2024/10/1 19:00,320791
2024/10/1 20:00,320817
2024/10/1 21:00,320841
2024/10/1 22:00,320865
2024/10/1 23:00,320881
2024/10/2 00:00,320898
2024/10/2 01:00,320914
2024/10/2 02:00,320929
2024/10/2 03:00,320941
2024/10/2 04:00,320954
2024/10/2 05:00,320967
2024/10/2 06:00,320980
2024/10/2 07:00,320992
2024/10/2 08:00,321006
2024/10/2 09:00,321021
2024/10/2 10:00,321035
2024/10/2 11:00,321053
2024/10/2 12:00,321073
2024/10/2 13:00,321091
2024/10/2 14:00,321107
2024/10/2 15:00,321123
2024/10/2 16:00,321140
2024/10/2 17:00,321156
2024/10/2 18:00,321176
2024/10/2 19:00,321201
2024/10/2 20:00,321224
2024/10/2 21:00,321248
2024/10/2 22:00,321271
2024/10/2 23:00,321289
2024/10/3 00:00,321305
2024/10/3 01:00,321318
2024/10/3 02:00,321331
2024/10/3 03:00,321343
2024/10/3 04:00,321356
2024/10/3 05:00,321368
2024/10/3 06:00,321380
2024/10/3 07:00,321393
2024/10/3 08:00,321407
2024/10/3 09:00,321421
2024/10/3 10:00,321437
2024/10/3 11:00,321453
2024/10/3 12:00,321471
2024/10/3 13:00,321490
2024/10/3 14:00,321506
2024/10/3 15:00,321524
2024/10/3 16:00,321542
2024/10/3 17:00,321559
2024/10/3 18:00,321577
2024/10/3 19:00,321600
2024/10/3 20:00,321624
2024/10/3 21:00,321648
2024/10/3 22:00,321671
2024/10/3 23:00,321686
2024/10/4 00:00,321702
2024/10/4 01:00,321716
2024/10/4 02:00,321730
2024/10/4 03:00,321743
2024/10/4 04:00,321756
2024/10/4 05:00,321769
2024/10/4 06:00,321782
2024/10/4 07:00,321795
2024/10/4 08:00,321808
2024/10/4 09:00,321822
2024/10/4 10:00,321837
2024/10/4 11:00,321852
2024/10/4 12:00,321869
2024/10/4 13:00,321885
2024/10/4 14:00,321901
2024/10/4 15:00,321918
2024/10/4 16:00,321934
2024/10/4 17:00,321950
2024/10/4 18:00,321966
2024/10/4 19:00,321981
2024/10/4 20:00,321996
2024/10/4 21:00,322010
2024/10/4 22:00,322026
2024/10/4 23:00,322042
2024/10/5 00:00,322058
2024/10/5 01:00,322072
2024/10/5 02:00,322085
2024/10/5 03:00,322098
2024/10/5 04:00,322111
2024/10/5 05:00,322124
2024/10/5 06:00,322137
2024/10/5 07:00,322150
2024/10/5 08:00,322164
2024/10/5 09:00,322178
2024/10/5 10:00,322193
2024/10/5 11:00,322208
2024/10/5 12:00,322223
2024/10/5 13:00,322239
2024/10/5 14:00,322254
2024/10/5 15:00,322269
2024/10/5 16:00,322285
2024/10/5 17:00,322301
2024/10/5 18:00,322320
2024/10/5 19:00,322343
2024/10/5 20:00,322367
2024/10/5 21:00,322390
2024/10/5 22:00,322411
2024/10/5 23:00,322427
2024/10/6 00:00,322442
2024/10/6 01:00,322456
2024/10/6 02:00,322470
2024/10/6 03:00,322483
2024/10/6 04:00,322496
2024/10/6 05:00,322509
2024/10/6 06:00,322522
2024/10/6 07:00,322536
2024/10/6 08:00,322549
2024/10/6 09:00,322563
2024/10/6 10:00,322579
2024/10/6 11:00,322594
2024/10/6 12:00,322610
2024/10/6 13:00,322626
2024/10/6 14:00,322640
2024/10/6 15:00,322655
2024/10/6 16:00,322671
2024/10/6 17:00,322688
2024/10/6 18:00,322705
2024/10/6 19:00,322728
2024/10/6 20:00,322753
2024/10/6 21:00,322777
2024/10/6 22:00,322799
2024/10/6 23:00,322815
2024/10/7 00:00,322830
2024/10/7 01:00,322844
2024/10/7 02:00,322857
2024/10/7 03:00,322870
2024/10/7 04:00,322883
2024/10/7 05:00,322896
2024/10/7 06:00,322909
2024/10/7 07:00,322922
2024/10/7 08:00,322936
2024/10/7 09:00,322951
2024/10/7 10:00,322967
2024/10/7 11:00,322986
2024/10/7 12:00,323004
2024/10/7 13:00,323022
2024/10/7 14:00,323044
2024/10/7 15:00,323068
2024/10/7 16:00,323094
2024/10/7 17:00,323116
2024/10/7 18:00,323133
2024/10/7 19:00,323150
2024/10/7 20:00,323170
2024/10/7 21:00,323189
2024/10/7 22:00,323208
2024/10/7 23:00,323223
2024/10/8 00:00,323239
2024/10/8 01:00,323254
2024/10/8 02:00,323267
2024/10/8 03:00,323280
2024/10/8 04:00,323294
2024/10/8 05:00,323306
2024/10/8 06:00,323319
2024/10/8 07:00,323333
2024/10/8 08:00,323349
2024/10/8 09:00,323375
2024/10/8 10:00,323400
2024/10/8 11:00,323426
2024/10/8 12:00,323454
2024/10/8 13:00,
2024/10/8 14:00,323514
2024/10/8 15:00,323552
2024/10/8 16:00,323591
2024/10/8 17:00,323625
2024/10/8 18:00,323657
2024/10/8 19:00,323679
2024/10/8 20:00,323699
2024/10/8 21:00,323719
2024/10/8 22:00,323739
2024/10/8 23:00,323759
2024/10/9 00:00,323775
2024/10/9 01:00,323790
2024/10/9 02:00,323804
2024/10/9 03:00,323819
2024/10/9 04:00,323833
2024/10/9 05:00,323847
2024/10/9 06:00,323862
2024/10/9 07:00,323876
2024/10/9 08:00,323892
2024/10/9 09:00,323916
2024/10/9 10:00,323943
2024/10/9 11:00,323973
2024/10/9 12:00,324002
2024/10/9 13:00,324029
2024/10/9 14:00,324054
2024/10/9 15:00,324085
2024/10/9 16:00,324113
2024/10/9 17:00,324140
2024/10/9 18:00,324165
2024/10/9 19:00,324186
2024/10/9 20:00,324205
2024/10/9 21:00,324224
2024/10/9 22:00,324243
2024/10/9 23:00,324260
2024/10/10 00:00,324275
2024/10/10 01:00,324288
2024/10/10 02:00,324302
2024/10/10 03:00,
2024/10/10 04:00,324328
2024/10/10 05:00,324341
2024/10/10 06:00,324354
2024/10/10 07:00,324367
2024/10/10 08:00,324383
2024/10/10 09:00,324406
2024/10/10 10:00,324432
2024/10/10 11:00,324457
2024/10/10 12:00,324483
2024/10/10 13:00,324508
2024/10/10 14:00,324533
2024/10/10 15:00,324558
2024/10/10 16:00,
2024/10/10 17:00,324611
2024/10/10 18:00,324639
2024/10/10 19:00,324661
2024/10/10 20:00,324680
2024/10/10 21:00,324699
2024/10/10 22:00,324716
2024/10/10 23:00,324732
2024/10/11 00:00,324745
2024/10/11 01:00,324757
2024/10/11 02:00,324769
2024/10/11 03:00,324781
2024/10/11 04:00,324793
2024/10/11 05:00,324804
2024/10/11 06:00,324815
2024/10/11 07:00,324826
2024/10/11 08:00,324838
2024/10/11 09:00,324858
2024/10/11 10:00,324880
2024/10/11 11:00,324901
2024/10/11 12:00,324923
2024/10/11 13:00,324941
2024/10/11 14:00,324958
2024/10/11 15:00,324980
2024/10/11 16:00,325007
2024/10/11 17:00,325033
2024/10/11 18:00,325057
2024/10/11 19:00,325076
2024/10/11 20:00,325091
2024/10/11 21:00,325107
2024/10/11 22:00,325124
2024/10/11 23:00,325139
2024/10/12 00:00,325152
2024/10/12 01:00,325163
2024/10/12 02:00,325175
2024/10/12 03:00,325186
2024/10/12 04:00,325197
2024/10/12 05:00,325208
2024/10/12 06:00,325220
2024/10/12 07:00,325231
2024/10/12 08:00,325244
2024/10/12 09:00,325265
2024/10/12 10:00,325288
2024/10/12 11:00,325311
2024/10/12 12:00,325335
2024/10/12 13:00,325357
2024/10/12 14:00,325379
2024/10/12 15:00,325406
2024/10/12 16:00,325431
2024/10/12 17:00,325464
2024/10/12 18:00,325501
2024/10/12 19:00,325530
2024/10/12 20:00,325555
2024/10/12 21:00,325576
2024/10/12 22:00,325595
2024/10/12 23:00,325612
2024/10/13 00:00,325626
2024/10/13 01:00,325639
2024/10/13 02:00,325650
2024/10/13 03:00,325662
2024/10/13 04:00,325673
2024/10/13 05:00,325685
2024/10/13 06:00,325697
2024/10/13 07:00,325708
2024/10/13 08:00,325722
2024/10/13 09:00,325735
2024/10/13 10:00,325749
2024/10/13 11:00,325764
2024/10/13 12:00,325785
2024/10/13 13:00,325808
2024/10/13 14:00,325834
2024/10/13 15:00,325860
2024/10/13 16:00,325883
2024/10/13 17:00,325903
2024/10/13 18:00,325924
2024/10/13 19:00,325943
2024/10/13 20:00,325962
2024/10/13 21:00,325979
2024/10/13 22:00,325995
2024/10/13 23:00,326011
2024/10/14 00:00,326025
2024/10/14 01:00,326037
2024/10/14 02:00,326049
2024/10/14 03:00,326060
2024/10/14 04:00,326071
2024/10/14 05:00,326083
2024/10/14 06:00,326094
2024/10/14 07:00,326105
2024/10/14 08:00,326118
2024/10/14 09:00,326138
2024/10/14 10:00,326161
2024/10/14 11:00,326186
2024/10/14 12:00,326213
2024/10/14 13:00,326242
2024/10/14 14:00,326270
2024/10/14 15:00,326315
2024/10/14 16:00,326360
2024/10/14 17:00,326387
2024/10/14 18:00,326411
2024/10/14 19:00,326431
2024/10/14 20:00,326451
2024/10/14 21:00,326470
2024/10/14 22:00,326489
2024/10/14 23:00,326506
2024/10/15 00:00,326520
2024/10/15 01:00,326533
2024/10/15 02:00,326545
2024/10/15 03:00,326557
2024/10/15 04:00,326569
2024/10/15 05:00,326581
2024/10/15 06:00,326593
2024/10/15 07:00,326605
2024/10/15 08:00,326619
2024/10/15 09:00,326642
2024/10/15 10:00,326669
2024/10/15 11:00,326696
2024/10/15 12:00,326726
2024/10/15 13:00,326762
2024/10/15 14:00,326802
2024/10/15 15:00,326854
2024/10/15 16:00,326898
2024/10/15 17:00,326935
2024/10/15 18:00,326974
2024/10/15 19:00,327003
2024/10/15 20:00,327027
2024/10/15 21:00,327051
2024/10/15 22:00,327073
2024/10/15 23:00,327093
2024/10/16 00:00,327112
2024/10/16 01:00,327129
2024/10/16 02:00,327146
2024/10/16 03:00,327162
2024/10/16 04:00,327179
2024/10/16 05:00,327196
2024/10/16 06:00,327212
2024/10/16 07:00,327229
2024/10/16 08:00,327247
2024/10/16 09:00,327273
2024/10/16 10:00,327299
2024/10/16 11:00,327325
2024/10/16 12:00,327353
2024/10/16 13:00,327379
2024/10/16 14:00,327403
2024/10/16 15:00,327430
2024/10/16 16:00,327460
2024/10/16 17:00,327490
2024/10/16 18:00,327516
2024/10/16 19:00,327540
2024/10/16 20:00,327562
2024/10/16 21:00,327584
2024/10/16 22:00,327604
2024/10/16 23:00,327624
2024/10/17 00:00,327643
2024/10/17 01:00,327660
2024/10/17 02:00,327676
2024/10/17 03:00,327691
2024/10/17 04:00,327705
2024/10/17 05:00,327720
2024/10/17 06:00,327735
2024/10/17 07:00,327749
2024/10/17 08:00,327766
2024/10/17 09:00,327790
2024/10/17 10:00,327815
2024/10/17 11:00,327839
2024/10/17 12:00,327863
2024/10/17 13:00,327885
2024/10/17 14:00,327904
2024/10/17 15:00,327929
2024/10/17 16:00,327955
2024/10/17 17:00,327986
2024/10/17 18:00,328016
2024/10/17 19:00,328040
2024/10/17 20:00,328062
2024/10/17 21:00,328084
2024/10/17 22:00,328104
2024/10/17 23:00,328121
2024/10/18 00:00,328136
2024/10/18 01:00,328150
2024/10/18 02:00,328164
2024/10/18 03:00,328178
2024/10/18 04:00,328192
2024/10/18 05:00,328206
2024/10/18 06:00,328219
2024/10/18 07:00,328234
2024/10/18 08:00,328250
2024/10/18 09:00,328271
2024/10/18 10:00,328294
2024/10/18 11:00,328319
2024/10/18 12:00,328343
2024/10/18 13:00,328364
2024/10/18 14:00,328384
2024/10/18 15:00,328409
2024/10/18 16:00,328433
2024/10/18 17:00,328456
2024/10/18 18:00,328476
2024/10/18 19:00,328495
2024/10/18 20:00,328513
2024/10/18 21:00,328529
2024/10/18 22:00,328545
2024/10/18 23:00,328560
2024/10/19 00:00,328574
2024/10/19 01:00,328586
2024/10/19 02:00,328599
2024/10/19 03:00,328611
2024/10/19 04:00,328622
2024/10/19 05:00,328634
2024/10/19 06:00,328646
2024/10/19 07:00,328658
2024/10/19 08:00,328670
2024/10/19 09:00,328683
2024/10/19 10:00,328696
2024/10/19 11:00,328711
2024/10/19 12:00,328728
2024/10/19 13:00,328743
2024/10/19 14:00,328759
2024/10/19 15:00,328775
2024/10/19 16:00,328791
2024/10/19 17:00,328806
2024/10/19 18:00,328822
2024/10/19 19:00,328839
2024/10/19 20:00,328856
2024/10/19 21:00,328879
2024/10/19 22:00,328900
2024/10/19 23:00,328914
2024/10/20 00:00,328927
2024/10/20 01:00,328938
2024/10/20 02:00,328950
2024/10/20 03:00,328961
2024/10/20 04:00,328972
2024/10/20 05:00,328983
2024/10/20 06:00,328993
2024/10/20 07:00,329005
2024/10/20 08:00,329017
2024/10/20 09:00,329029
2024/10/20 10:00,329042
2024/10/20 11:00,329057
2024/10/20 12:00,329072
2024/10/20 13:00,329088
2024/10/20 14:00,329103
2024/10/20 15:00,329118
2024/10/20 16:00,329134
2024/10/20 17:00,329151
2024/10/20 18:00,329169
2024/10/20 19:00,329186
2024/10/20 20:00,329201
2024/10/20 21:00,329215
2024/10/20 22:00,329234
2024/10/20 23:00,329254
2024/10/21 00:00,329270
2024/10/21 01:00,329284
2024/10/21 02:00,329298
2024/10/21 03:00,329312
2024/10/21 04:00,329326
2024/10/21 05:00,329339
2024/10/21 06:00,329353
2024/10/21 07:00,329365
2024/10/21 08:00,329379
2024/10/21 09:00,329403
2024/10/21 10:00,329429
2024/10/21 11:00,329463
2024/10/21 12:00,329496
2024/10/21 13:00,329525
2024/10/21 14:00,329553
2024/10/21 15:00,329586
2024/10/21 16:00,329621
2024/10/21 17:00,329671
2024/10/21 18:00,329729
2024/10/21 19:00,329775
2024/10/21 20:00,329810
2024/10/21 21:00,329836
2024/10/21 22:00,329861
2024/10/21 23:00,329885
2024/10/22 00:00,329904
2024/10/22 01:00,329920
2024/10/22 02:00,329936
2024/10/22 03:00,329953
2024/10/22 04:00,329969
2024/10/22 05:00,329985
2024/10/22 06:00,330001
2024/10/22 07:00,330017
2024/10/22 08:00,330035
2024/10/22 09:00,330061
2024/10/22 10:00,330088
2024/10/22 11:00,330116
2024/10/22 12:00,330143
2024/10/22 13:00,330168
2024/10/22 14:00,330190
2024/10/22 15:00,330230
2024/10/22 16:00,330266
2024/10/22 17:00,330303
2024/10/22 18:00,330338
2024/10/22 19:00,330361
2024/10/22 20:00,330382
2024/10/22 21:00,330401
2024/10/22 22:00,330420
2024/10/22 23:00,330436
2024/10/23 00:00,330448
2024/10/23 01:00,330459
2024/10/23 02:00,330469
2024/10/23 03:00,330480
2024/10/23 04:00,330490
2024/10/23 05:00,330501
2024/10/23 06:00,330511
2024/10/23 07:00,330521
2024/10/23 08:00,330533
2024/10/23 09:00,330553
2024/10/23 10:00,330582
2024/10/23 11:00,330618
2024/10/23 12:00,330653
2024/10/23 13:00,330684
2024/10/23 14:00,330714
2024/10/23 15:00,330746
2024/10/23 16:00,330778
2024/10/23 17:00,330814
2024/10/23 18:00,330847
2024/10/23 19:00,330874
2024/10/23 20:00,330911
2024/10/23 21:00,330952
2024/10/23 22:00,330971
2024/10/23 23:00,330986
2024/10/24 00:00,330998
2024/10/24 01:00,331010
2024/10/24 02:00,331021
2024/10/24 03:00,331032
2024/10/24 04:00,331043
2024/10/24 05:00,331054
2024/10/24 06:00,331065
2024/10/24 07:00,331076
2024/10/24 08:00,331090
2024/10/24 09:00,331114
2024/10/24 10:00,331143
2024/10/24 11:00,331171
2024/10/24 12:00,331201
2024/10/24 13:00,331227
2024/10/24 14:00,331251
2024/10/24 15:00,331277
2024/10/24 16:00,331306
2024/10/24 17:00,331346
2024/10/24 18:00,331384
2024/10/24 19:00,331409
2024/10/24 20:00,331432
2024/10/24 21:00,331453
2024/10/24 22:00,331474
2024/10/24 23:00,331494
2024/10/25 00:00,331512
2024/10/25 01:00,331527
2024/10/25 02:00,331541
2024/10/25 03:00,331555
2024/10/25 04:00,331569
2024/10/25 05:00,331584
2024/10/25 06:00,331599
2024/10/25 07:00,331614
2024/10/25 08:00,331629
2024/10/25 09:00,331651
2024/10/25 10:00,331679
2024/10/25 11:00,331714
2024/10/25 12:00,331746
2024/10/25 13:00,331777
2024/10/25 14:00,331808
2024/10/25 15:00,331846
2024/10/25 16:00,331883
2024/10/25 17:00,331916
2024/10/25 18:00,331947
2024/10/25 19:00,331970
2024/10/25 20:00,331992
2024/10/25 21:00,332014
2024/10/25 22:00,332034
2024/10/25 23:00,332051
2024/10/26 00:00,332065
2024/10/26 01:00,332078
2024/10/26 02:00,332090
2024/10/26 03:00,332101
2024/10/26 04:00,332112
2024/10/26 05:00,332124
2024/10/26 06:00,332135
2024/10/26 07:00,332146
2024/10/26 08:00,332159
2024/10/26 09:00,332175
2024/10/26 10:00,332191
2024/10/26 11:00,332210
2024/10/26 12:00,332227
2024/10/26 13:00,332246
2024/10/26 14:00,332265
2024/10/26 15:00,332285
2024/10/26 16:00,332303
2024/10/26 17:00,332321
2024/10/26 18:00,332340
2024/10/26 19:00,332357
2024/10/26 20:00,332372
2024/10/26 21:00,332388
2024/10/26 22:00,332405
2024/10/26 23:00,332421
2024/10/27 00:00,332437
2024/10/27 01:00,332451
2024/10/27 02:00,332464
2024/10/27 03:00,332477
2024/10/27 04:00,332490
2024/10/27 05:00,332502
2024/10/27 06:00,332513
2024/10/27 07:00,332524
2024/10/27 08:00,332536
2024/10/27 09:00,332549
2024/10/27 10:00,332563
2024/10/27 11:00,332578
2024/10/27 12:00,332594
2024/10/27 13:00,332610
2024/10/27 14:00,332625
2024/10/27 15:00,332642
2024/10/27 16:00,332658
2024/10/27 17:00,332674
2024/10/27 18:00,332690
2024/10/27 19:00,332706
2024/10/27 20:00,332722
2024/10/27 21:00,332739
2024/10/27 22:00,332757
2024/10/27 23:00,332772
2024/10/28 00:00,332785
2024/10/28 01:00,332797
2024/10/28 02:00,332809
2024/10/28 03:00,332820
2024/10/28 04:00,332832
2024/10/28 05:00,332843
2024/10/28 06:00,332855
2024/10/28 07:00,332866
2024/10/28 08:00,332879
2024/10/28 09:00,332900
2024/10/28 10:00,332922
2024/10/28 11:00,332950
2024/10/28 12:00,332977
2024/10/28 13:00,333001
2024/10/28 14:00,333025
2024/10/28 15:00,333058
2024/10/28 16:00,333092
2024/10/28 17:00,333136
2024/10/28 18:00,333169
2024/10/28 19:00,333190
2024/10/28 20:00,333209
2024/10/28 21:00,333229
2024/10/28 22:00,333248
2024/10/28 23:00,333264
2024/10/29 00:00,333278
2024/10/29 01:00,333291
2024/10/29 02:00,333303
2024/10/29 03:00,333315
2024/10/29 04:00,333326
2024/10/29 05:00,333338
2024/10/29 06:00,333350
2024/10/29 07:00,333362
2024/10/29 08:00,333375
2024/10/29 09:00,333395
2024/10/29 10:00,333418
2024/10/29 11:00,333453
2024/10/29 12:00,333492
2024/10/29 13:00,333536
2024/10/29 14:00,333575
2024/10/29 15:00,333628
2024/10/29 16:00,333675
2024/10/29 17:00,333723
2024/10/29 18:00,333762
2024/10/29 19:00,
2024/10/29 20:00,333812
2024/10/29 21:00,333836
2024/10/29 22:00,333863
2024/10/29 23:00,333895
2024/10/30 00:00,333929
2024/10/30 01:00,333959
2024/10/30 02:00,333975
2024/10/30 03:00,333990
2024/10/30 04:00,334005
2024/10/30 05:00,334020
2024/10/30 06:00,334034
2024/10/30 07:00,334049
2024/10/30 08:00,334064
2024/10/30 09:00,334088
2024/10/30 10:00,334118
2024/10/30 11:00,334151
2024/10/30 12:00,334184
2024/10/30 13:00,334212
2024/10/30 14:00,334246
2024/10/30 15:00,334285
2024/10/30 16:00,334324
2024/10/30 17:00,334363
2024/10/30 18:00,334397
2024/10/30 19:00,334422
2024/10/30 20:00,334443
2024/10/30 21:00,334465
2024/10/30 22:00,334487
2024/10/30 23:00,334503
2024/10/31 00:00,334517
2024/10/31 01:00,334528
2024/10/31 02:00,334539
2024/10/31 03:00,334550
2024/10/31 04:00,334561
2024/10/31 05:00,334572
2024/10/31 06:00,334582
2024/10/31 07:00,334593
2024/10/31 08:00,334604
2024/10/31 09:00,334626
2024/10/31 10:00,334652
2024/10/31 11:00,334681
2024/10/31 12:00,334706
2024/10/31 13:00,334730
2024/10/31 14:00,334755
2024/10/31 15:00,334784
2024/10/31 16:00,334812
2024/10/31 17:00,334840
2024/10/31 18:00,334867
2024/10/31 19:00,334891
2024/10/31 20:00,334912
2024/10/31 21:00,334931
2024/10/31 22:00,334949
2024/10/31 23:00,334966
2024/11/1 00:00,334981
2024/11/1 01:00,334995
2024/11/1 02:00,335008
2024/11/1 03:00,335020
2024/11/1 04:00,335033
2024/11/1 05:00,335046
2024/11/1 06:00,335059
2024/11/1 07:00,335072
2024/11/1 08:00,335086
2024/11/1 09:00,335108
2024/11/1 10:00,335134
2024/11/1 11:00,335163
2024/11/1 12:00,
2024/11/1 13:00,335220
2024/11/1 14:00,
2024/11/1 15:00,
2024/11/1 16:00,
2024/11/1 17:00,
2024/11/1 18:00,
2024/11/1 19:00,335486
2024/11/1 20:00,335507
2024/11/1 21:00,
2024/11/1 22:00,
2024/11/1 23:00,
2024/11/2 00:00,
2024/11/2 01:00,335586
2024/11/2 02:00,
2024/11/2 03:00,
2024/11/2 04:00,
2024/11/2 05:00,
2024/11/2 06:00,
2024/11/2 07:00,
2024/11/2 08:00,
2024/11/2 09:00,335678
2024/11/2 10:00,
2024/11/2 11:00,
2024/11/2 12:00,335726
2024/11/2 13:00,335744
2024/11/2 14:00,335760
2024/11/2 15:00,335778
2024/11/2 16:00,
2024/11/2 17:00,335815
2024/11/2 18:00,335836
2024/11/2 19:00,335854
2024/11/2 20:00,335873
2024/11/2 21:00,335894
2024/11/2 22:00,335913
2024/11/2 23:00,335932
2024/11/3 00:00,335948
2024/11/3 01:00,335962
2024/11/3 02:00,335975
2024/11/3 03:00,335988
2024/11/3 04:00,336000
2024/11/3 05:00,336012
2024/11/3 06:00,336024
2024/11/3 07:00,336036
2024/11/3 08:00,336048
2024/11/3 09:00,336061
2024/11/3 10:00,336075
2024/11/3 11:00,336094
2024/11/3 12:00,336120
2024/11/3 13:00,336146
2024/11/3 14:00,336176
2024/11/3 15:00,336210
2024/11/3 16:00,336232
2024/11/3 17:00,336250
2024/11/3 18:00,336270
2024/11/3 19:00,336291
2024/11/3 20:00,336310
2024/11/3 21:00,336328
2024/11/3 22:00,336345
2024/11/3 23:00,336361
2024/11/4 00:00,336377
2024/11/4 01:00,336391
2024/11/4 02:00,336405
2024/11/4 03:00,336418
2024/11/4 04:00,336432
2024/11/4 05:00,336445
2024/11/4 06:00,336458
2024/11/4 07:00,336471
2024/11/4 08:00,336485
2024/11/4 09:00,336510
2024/11/4 10:00,336538
2024/11/4 11:00,336571
2024/11/4 12:00,336612
2024/11/4 13:00,336652
2024/11/4 14:00,
2024/11/4 15:00,336743
2024/11/4 16:00,
2024/11/4 17:00,336826
2024/11/4 18:00,336857
2024/11/4 19:00,
2024/11/4 20:00,336905
2024/11/4 21:00,336927
2024/11/4 22:00,336950
2024/11/4 23:00,336978
2024/11/5 00:00,337002
2024/11/5 01:00,337028
2024/11/5 02:00,337058
2024/11/5 03:00,
2024/11/5 04:00,337085
2024/11/5 05:00,337096
2024/11/5 06:00,337108
2024/11/5 07:00,337119
2024/11/5 08:00,337134
2024/11/5 09:00,337158
2024/11/5 10:00,337185
2024/11/5 11:00,337216
2024/11/5 12:00,337246
2024/11/5 13:00,337274
2024/11/5 14:00,337302
2024/11/5 15:00,337336
2024/11/5 16:00,337378
2024/11/5 17:00,337430
2024/11/5 18:00,337462
2024/11/5 19:00,337485
2024/11/5 20:00,337506
2024/11/5 21:00,337527
2024/11/5 22:00,337546
2024/11/5 23:00,337570
2024/11/6 00:00,337593
2024/11/6 01:00,337621
2024/11/6 02:00,
2024/11/6 03:00,
2024/11/6 04:00,337692
2024/11/6 05:00,337706
2024/11/6 06:00,337719
2024/11/6 07:00,337733
2024/11/6 08:00,337748
2024/11/6 09:00,337774
2024/11/6 10:00,337802
2024/11/6 11:00,337834
2024/11/6 12:00,337864
2024/11/6 13:00,337899
2024/11/6 14:00,337931
2024/11/6 15:00,337976
2024/11/6 16:00,
2024/11/6 17:00,338071
2024/11/6 18:00,338101
2024/11/6 19:00,338127
2024/11/6 20:00,338150
2024/11/6 21:00,338172
2024/11/6 22:00,338195
2024/11/6 23:00,338221
2024/11/7 00:00,338248
2024/11/7 01:00,338277
2024/11/7 02:00,338308
2024/11/7 03:00,338322
2024/11/7 04:00,338335
2024/11/7 05:00,338349
2024/11/7 06:00,338363
2024/11/7 07:00,338376
2024/11/7 08:00,338391
2024/11/7 09:00,338415
2024/11/7 10:00,338447
2024/11/7 11:00,338486
2024/11/7 12:00,338525
2024/11/7 13:00,338561
2024/11/7 14:00,338600
2024/11/7 15:00,338651
2024/11/7 16:00,338702
2024/11/7 17:00,338755
2024/11/7 18:00,338807
2024/11/7 19:00,338843
2024/11/7 20:00,338872
2024/11/7 21:00,338901
2024/11/7 22:00,338930
2024/11/7 23:00,338953
2024/11/8 00:00,338971
2024/11/8 01:00,338987
2024/11/8 02:00,339003
2024/11/8 03:00,339019
2024/11/8 04:00,339035
2024/11/8 05:00,339050
2024/11/8 06:00,339065
2024/11/8 07:00,339080
2024/11/8 08:00,339097
2024/11/8 09:00,339123
2024/11/8 10:00,339153
2024/11/8 11:00,339185
2024/11/8 12:00,339215
2024/11/8 13:00,339245
2024/11/8 14:00,339279
2024/11/8 15:00,339321
2024/11/8 16:00,339369
2024/11/8 17:00,339417
2024/11/8 18:00,339458
2024/11/8 19:00,339489
2024/11/8 20:00,339519
2024/11/8 21:00,339546
2024/11/8 22:00,339569
2024/11/8 23:00,339586
2024/11/9 00:00,339600
2024/11/9 01:00,339612
2024/11/9 02:00,339624
2024/11/9 03:00,339636
2024/11/9 04:00,339647
2024/11/9 05:00,339658
2024/11/9 06:00,339669
2024/11/9 07:00,339680
2024/11/9 08:00,339692
2024/11/9 09:00,339706
2024/11/9 10:00,339725
2024/11/9 11:00,339745
2024/11/9 12:00,339765
2024/11/9 13:00,339785
2024/11/9 14:00,339806
2024/11/9 15:00,339825
2024/11/9 16:00,339844
2024/11/9 17:00,339864
2024/11/9 18:00,339885
2024/11/9 19:00,339908
2024/11/9 20:00,339931
2024/11/9 21:00,339953
2024/11/9 22:00,339971
2024/11/9 23:00,339986
2024/11/10 00:00,340000
2024/11/10 01:00,340013
2024/11/10 02:00,340025
2024/11/10 03:00,340038
2024/11/10 04:00,340050
2024/11/10 05:00,340063
2024/11/10 06:00,340074
2024/11/10 07:00,340086
2024/11/10 08:00,340098
2024/11/10 09:00,340113
2024/11/10 10:00,340132
2024/11/10 11:00,340151
2024/11/10 12:00,340169
2024/11/10 13:00,340187
2024/11/10 14:00,340207
2024/11/10 15:00,340224
2024/11/10 16:00,340241
2024/11/10 17:00,340259
2024/11/10 18:00,340279
2024/11/10 19:00,340301
2024/11/10 20:00,340323
2024/11/10 21:00,340343
2024/11/10 22:00,340363
2024/11/10 23:00,340381
2024/11/11 00:00,340397
2024/11/11 01:00,340413
2024/11/11 02:00,340427
2024/11/11 03:00,340440
2024/11/11 04:00,340454
2024/11/11 05:00,340467
2024/11/11 06:00,340481
2024/11/11 07:00,340494
2024/11/11 08:00,340509
2024/11/11 09:00,340534
2024/11/11 10:00,340565
2024/11/11 11:00,340596
2024/11/11 12:00,340626
2024/11/11 13:00,340654
2024/11/11 14:00,340693
2024/11/11 15:00,340741
2024/11/11 16:00,340800
2024/11/11 17:00,340853
2024/11/11 18:00,340896
2024/11/11 19:00,340929
2024/11/11 20:00,340956
2024/11/11 21:00,340978
2024/11/11 22:00,341001
2024/11/11 23:00,341019
2024/11/12 00:00,341034
2024/11/12 01:00,341049
2024/11/12 02:00,341064
2024/11/12 03:00,341078
2024/11/12 04:00,341093
2024/11/12 05:00,341109
2024/11/12 06:00,341124
2024/11/12 07:00,341138
2024/11/12 08:00,341155
2024/11/12 09:00,341184
2024/11/12 10:00,341215
2024/11/12 11:00,341245
2024/11/12 12:00,341277
2024/11/12 13:00,341305
2024/11/12 14:00,341341
2024/11/12 15:00,341388
2024/11/12 16:00,341446
2024/11/12 17:00,341501
2024/11/12 18:00,341544
2024/11/12 19:00,341583
2024/11/12 20:00,341615
2024/11/12 21:00,341644
2024/11/12 22:00,341667
2024/11/12 23:00,341687
2024/11/13 00:00,341705
2024/11/13 01:00,341720
2024/11/13 02:00,341734
2024/11/13 03:00,341748
2024/11/13 04:00,341762
2024/11/13 05:00,341776
2024/11/13 06:00,341789
2024/11/13 07:00,341803
2024/11/13 08:00,341818
2024/11/13 09:00,341840
2024/11/13 10:00,341873
2024/11/13 11:00,341911
2024/11/13 12:00,341947
2024/11/13 13:00,341986
2024/11/13 14:00,342025
2024/11/13 15:00,342070
2024/11/13 16:00,342121
2024/11/13 17:00,342168
2024/11/13 18:00,342197
2024/11/13 19:00,342220
2024/11/13 20:00,342245
2024/11/13 21:00,342269
2024/11/13 22:00,342292
2024/11/13 23:00,342311
2024/11/14 00:00,342327
2024/11/14 01:00,342343
2024/11/14 02:00,342358
2024/11/14 03:00,342373
2024/11/14 04:00,342387
2024/11/14 05:00,342402
2024/11/14 06:00,342416
2024/11/14 07:00,342431
2024/11/14 08:00,342448
2024/11/14 09:00,342476
2024/11/14 10:00,342511
2024/11/14 11:00,342547
2024/11/14 12:00,342585
2024/11/14 13:00,342617
2024/11/14 14:00,342652
2024/11/14 15:00,342694
2024/11/14 16:00,342738
2024/11/14 17:00,342789
2024/11/14 18:00,342829
2024/11/14 19:00,342855
2024/11/14 20:00,342878
2024/11/14 21:00,342904
2024/11/14 22:00,342929
2024/11/14 23:00,342949
2024/11/15 00:00,342967
2024/11/15 01:00,342982
2024/11/15 02:00,342996
2024/11/15 03:00,343011
2024/11/15 04:00,343026
2024/11/15 05:00,343040
2024/11/15 06:00,343055
2024/11/15 07:00,343070
2024/11/15 08:00,343085
2024/11/15 09:00,343108
2024/11/15 10:00,343141
2024/11/15 11:00,343180
2024/11/15 12:00,343227
2024/11/15 13:00,343277
2024/11/15 14:00,343327
2024/11/15 15:00,343382
2024/11/15 16:00,343418
2024/11/15 17:00,343449
2024/11/15 18:00,343478
2024/11/15 19:00,343504
2024/11/15 20:00,343527
2024/11/15 21:00,343547
2024/11/15 22:00,343568
2024/11/15 23:00,343586
2024/11/16 00:00,343601
2024/11/16 01:00,343615
2024/11/16 02:00,343628
2024/11/16 03:00,343641
2024/11/16 04:00,343654
2024/11/16 05:00,343666
2024/11/16 06:00,343680
2024/11/16 07:00,343693
2024/11/16 08:00,343705
2024/11/16 09:00,343720
2024/11/16 10:00,343736
2024/11/16 11:00,343752
2024/11/16 12:00,343771
2024/11/16 13:00,343792
2024/11/16 14:00,343815
2024/11/16 15:00,343837
2024/11/16 16:00,343859
2024/11/16 17:00,343884
2024/11/16 18:00,343906
2024/11/16 19:00,343930
2024/11/16 20:00,343952
2024/11/16 21:00,343976
2024/11/16 22:00,343998
2024/11/16 23:00,344019
2024/11/17 00:00,344037
2024/11/17 01:00,344051
2024/11/17 02:00,344064
2024/11/17 03:00,344077
2024/11/17 04:00,344089
2024/11/17 05:00,344101
2024/11/17 06:00,344113
2024/11/17 07:00,344126
2024/11/17 08:00,344138
2024/11/17 09:00,344152
2024/11/17 10:00,344169
2024/11/17 11:00,344188
2024/11/17 12:00,344211
2024/11/17 13:00,344233
2024/11/17 14:00,344265
2024/11/17 15:00,344303
2024/11/17 16:00,344345
2024/11/17 17:00,344390
2024/11/17 18:00,344431
2024/11/17 19:00,344454
2024/11/17 20:00,344477
2024/11/17 21:00,344500
2024/11/17 22:00,344521
2024/11/17 23:00,344538
2024/11/18 00:00,344553
2024/11/18 01:00,344565
2024/11/18 02:00,344577
2024/11/18 03:00,344589
2024/11/18 04:00,344601
2024/11/18 05:00,344615
2024/11/18 06:00,344627
2024/11/18 07:00,344639
2024/11/18 08:00,344653
2024/11/18 09:00,344679
2024/11/18 10:00,344717
2024/11/18 11:00,344758
2024/11/18 12:00,344798
2024/11/18 13:00,344836
2024/11/18 14:00,344875
2024/11/18 15:00,344923
2024/11/18 16:00,344976
2024/11/18 17:00,345032
2024/11/18 18:00,345087
2024/11/18 19:00,345135
2024/11/18 20:00,345187
2024/11/18 21:00,345220
2024/11/18 22:00,345246
2024/11/18 23:00,345270
2024/11/19 00:00,345286
2024/11/19 01:00,345302
2024/11/19 02:00,345315
2024/11/19 03:00,345328
2024/11/19 04:00,345342
2024/11/19 05:00,345354
2024/11/19 06:00,345367
2024/11/19 07:00,345380
2024/11/19 08:00,345395
2024/11/19 09:00,345420
2024/11/19 10:00,345456
2024/11/19 11:00,345499
2024/11/19 12:00,345540
2024/11/19 13:00,345587
2024/11/19 14:00,345639
2024/11/19 15:00,345696
2024/11/19 16:00,345758
2024/11/19 17:00,345829
2024/11/19 18:00,345898
2024/11/19 19:00,345961
2024/11/19 20:00,346003
2024/11/19 21:00,346038
2024/11/19 22:00,346070
2024/11/19 23:00,346092
2024/11/20 00:00,346110
2024/11/20 01:00,346125
2024/11/20 02:00,346140
2024/11/20 03:00,346155
2024/11/20 04:00,346170
2024/11/20 05:00,346185
2024/11/20 06:00,346201
2024/11/20 07:00,346216
2024/11/20 08:00,346232
2024/11/20 09:00,346260
2024/11/20 10:00,346298
2024/11/20 11:00,346335
2024/11/20 12:00,346372
2024/11/20 13:00,346408
2024/11/20 14:00,346452
2024/11/20 15:00,346505
2024/11/20 16:00,346571
2024/11/20 17:00,346624
2024/11/20 18:00,346670
2024/11/20 19:00,346710
2024/11/20 20:00,346741
2024/11/20 21:00,346769
2024/11/20 22:00,346794
2024/11/20 23:00,346815
2024/11/21 00:00,346834
2024/11/21 01:00,346849
2024/11/21 02:00,346864
2024/11/21 03:00,346880
2024/11/21 04:00,346894
2024/11/21 05:00,346910
2024/11/21 06:00,346925
2024/11/21 07:00,346941
2024/11/21 08:00,346957
2024/11/21 09:00,346985
2024/11/21 10:00,347020
2024/11/21 11:00,347068
2024/11/21 12:00,347120
2024/11/21 13:00,347177
2024/11/21 14:00,347233
2024/11/21 15:00,347280
2024/11/21 16:00,347326
2024/11/21 17:00,347366
2024/11/21 18:00,347405
2024/11/21 19:00,347431
2024/11/21 20:00,347457
2024/11/21 21:00,347481
2024/11/21 22:00,347504
2024/11/21 23:00,347521
2024/11/22 00:00,347536
2024/11/22 01:00,347548
2024/11/22 02:00,347564
2024/11/22 03:00,347576
2024/11/22 04:00,347589
2024/11/22 05:00,347601
2024/11/22 06:00,347614
2024/11/22 07:00,347627
2024/11/22 08:00,347642
2024/11/22 09:00,347670
2024/11/22 10:00,347711
2024/11/22 11:00,347762
2024/11/22 12:00,347809
2024/11/22 13:00,347850
2024/11/22 14:00,347891
2024/11/22 15:00,347934
2024/11/22 16:00,347980
2024/11/22 17:00,348026
2024/11/22 18:00,348067
2024/11/22 19:00,348099
2024/11/22 20:00,348128
2024/11/22 21:00,348154
2024/11/22 22:00,348177
2024/11/22 23:00,348197
2024/11/23 00:00,348215
2024/11/23 01:00,348229
2024/11/23 02:00,348243
2024/11/23 03:00,348255
2024/11/23 04:00,348268
2024/11/23 05:00,348281
2024/11/23 06:00,348294
2024/11/23 07:00,348307
2024/11/23 08:00,348323
2024/11/23 09:00,348347
2024/11/23 10:00,348379
2024/11/23 11:00,348410
2024/11/23 12:00,348442
2024/11/23 13:00,348467
2024/11/23 14:00,348493
2024/11/23 15:00,348520
2024/11/23 16:00,348550
2024/11/23 17:00,348581
2024/11/23 18:00,348615
2024/11/23 19:00,348643
2024/11/23 20:00,348672
2024/11/23 21:00,348701
2024/11/23 22:00,348726
2024/11/23 23:00,348749
2024/11/24 00:00,348770
2024/11/24 01:00,348782
2024/11/24 02:00,348795
2024/11/24 03:00,348808
2024/11/24 04:00,348821
2024/11/24 05:00,348833
2024/11/24 06:00,348846
2024/11/24 07:00,348859
2024/11/24 08:00,348872
2024/11/24 09:00,348895
2024/11/24 10:00,348922
2024/11/24 11:00,348955
2024/11/24 12:00,348993
2024/11/24 13:00,349026
2024/11/24 14:00,349061
2024/11/24 15:00,349097
2024/11/24 16:00,349133
2024/11/24 17:00,349165
2024/11/24 18:00,349194
2024/11/24 19:00,349222
2024/11/24 20:00,349250
2024/11/24 21:00,349274
2024/11/24 22:00,349297
2024/11/24 23:00,349316
2024/11/25 00:00,349331
2024/11/25 01:00,349345
2024/11/25 02:00,349357
2024/11/25 03:00,349369
2024/11/25 04:00,349381
2024/11/25 05:00,349394
2024/11/25 06:00,349406
2024/11/25 07:00,349418
2024/11/25 08:00,349433
2024/11/25 09:00,349462
2024/11/25 10:00,349498
2024/11/25 11:00,349531
2024/11/25 12:00,349567
2024/11/25 13:00,349603
2024/11/25 14:00,349645
2024/11/25 15:00,349702
2024/11/25 16:00,349758
2024/11/25 17:00,349824
2024/11/25 18:00,349874
2024/11/25 19:00,349915
2024/11/25 20:00,349952
2024/11/25 21:00,349982
2024/11/25 22:00,350006
2024/11/25 23:00,350028
2024/11/26 00:00,350045
2024/11/26 01:00,350061
2024/11/26 02:00,350076
2024/11/26 03:00,350090
2024/11/26 04:00,350104
2024/11/26 05:00,350118
2024/11/26 06:00,350133
2024/11/26 07:00,350147
2024/11/26 08:00,350165
2024/11/26 09:00,350197
2024/11/26 10:00,350235
2024/11/26 11:00,350275
2024/11/26 12:00,350320
2024/11/26 13:00,350363
2024/11/26 14:00,350411
2024/11/26 15:00,350467
2024/11/26 16:00,350525
2024/11/26 17:00,350594
2024/11/26 18:00,350657
2024/11/26 19:00,350695
2024/11/26 20:00,350730
2024/11/26 21:00,350763
2024/11/26 22:00,350795
2024/11/26 23:00,350824
2024/11/27 00:00,350850
2024/11/27 01:00,350870
2024/11/27 02:00,350887
2024/11/27 03:00,350904
2024/11/27 04:00,350922
2024/11/27 05:00,350939
2024/11/27 06:00,350956
2024/11/27 07:00,350973
2024/11/27 08:00,350992
2024/11/27 09:00,351024
2024/11/27 10:00,351069
2024/11/27 11:00,351116
2024/11/27 12:00,351162
2024/11/27 13:00,351202
2024/11/27 14:00,351240
2024/11/27 15:00,351285
2024/11/27 16:00,351329
2024/11/27 17:00,351372
2024/11/27 18:00,351415
2024/11/27 19:00,351446
2024/11/27 20:00,351476
2024/11/27 21:00,351505
2024/11/27 22:00,351533
2024/11/27 23:00,351558
2024/11/28 00:00,351577
2024/11/28 01:00,351594
2024/11/28 02:00,351611
2024/11/28 03:00,351627
2024/11/28 04:00,351643
2024/11/28 05:00,351660
2024/11/28 06:00,351676
2024/11/28 07:00,351693
2024/11/28 08:00,351711
2024/11/28 09:00,351743
2024/11/28 10:00,351786
2024/11/28 11:00,351833
2024/11/28 12:00,351876
2024/11/28 13:00,351916
2024/11/28 14:00,351964
2024/11/28 15:00,352014
2024/11/28 16:00,352070
2024/11/28 17:00,352127
2024/11/28 18:00,352164
2024/11/28 19:00,352196
2024/11/28 20:00,352232
2024/11/28 21:00,352265
2024/11/28 22:00,352294
2024/11/28 23:00,352317
2024/11/29 00:00,352334
2024/11/29 01:00,352350
2024/11/29 02:00,352366
2024/11/29 03:00,352382
2024/11/29 04:00,352398
2024/11/29 05:00,352414
2024/11/29 06:00,352430
2024/11/29 07:00,352445
2024/11/29 08:00,352462
2024/11/29 09:00,352487
2024/11/29 10:00,352518
2024/11/29 11:00,352552
2024/11/29 12:00,352584
2024/11/29 13:00,352615
2024/11/29 14:00,352647
2024/11/29 15:00,352685
2024/11/29 16:00,352723
2024/11/29 17:00,352762
2024/11/29 18:00,352802
2024/11/29 19:00,352832
2024/11/29 20:00,352858
2024/11/29 21:00,352883
2024/11/29 22:00,352908
2024/11/29 23:00,352927
2024/11/30 00:00,352943
2024/11/30 01:00,352957
2024/11/30 02:00,352971
2024/11/30 03:00,352985
2024/11/30 04:00,352997
2024/11/30 05:00,353009
2024/11/30 06:00,353023
2024/11/30 07:00,353035
2024/11/30 08:00,353048
2024/11/30 09:00,353064
2024/11/30 10:00,353081
2024/11/30 11:00,353101
2024/11/30 12:00,353123
2024/11/30 13:00,353144
2024/11/30 14:00,353171
2024/11/30 15:00,353201
2024/11/30 16:00,353234
2024/11/30 17:00,353268
2024/11/30 18:00,353297
2024/11/30 19:00,353325
2024/11/30 20:00,353351
2024/11/30 21:00,353376
2024/11/30 22:00,353400
2024/11/30 23:00,353422
2024/12/1 00:00,353440
2024/12/1 01:00,353453
2024/12/1 02:00,353466
2024/12/1 03:00,353479
2024/12/1 04:00,353492
2024/12/1 05:00,353505
2024/12/1 06:00,353519
2024/12/1 07:00,353533
2024/12/1 08:00,353546
2024/12/1 09:00,353560
2024/12/1 10:00,353577
2024/12/1 11:00,353595
2024/12/1 12:00,353620
2024/12/1 13:00,353647
2024/12/1 14:00,353676
2024/12/1 15:00,353711
2024/12/1 16:00,353750
2024/12/1 17:00,353790
2024/12/1 18:00,353838
2024/12/1 19:00,353878
2024/12/1 20:00,353900
2024/12/1 21:00,353923
2024/12/1 22:00,353944
2024/12/1 23:00,353962
2024/12/2 00:00,353978
2024/12/2 01:00,353992
2024/12/2 02:00,354006
2024/12/2 03:00,354019
2024/12/2 04:00,354032
2024/12/2 05:00,354046
2024/12/2 06:00,354059
2024/12/2 07:00,354073
2024/12/2 08:00,354089
2024/12/2 09:00,354120
2024/12/2 10:00,354163
2024/12/2 11:00,354207
2024/12/2 12:00,354254
2024/12/2 13:00,354292
2024/12/2 14:00,354328
2024/12/2 15:00,354370
2024/12/2 16:00,354416
2024/12/2 17:00,354457
2024/12/2 18:00,354497
2024/12/2 19:00,354530
2024/12/2 20:00,354560
2024/12/2 21:00,354588
2024/12/2 22:00,354613
2024/12/2 23:00,354635
2024/12/3 00:00,354653
2024/12/3 01:00,354672
2024/12/3 02:00,354689
2024/12/3 03:00,354706
2024/12/3 04:00,354723
2024/12/3 05:00,354740
2024/12/3 06:00,354757
2024/12/3 07:00,354774
2024/12/3 08:00,354794
2024/12/3 09:00,354829
2024/12/3 10:00,354876
2024/12/3 11:00,354925
2024/12/3 12:00,354971
2024/12/3 13:00,355022
2024/12/3 14:00,355065
2024/12/3 15:00,355116
2024/12/3 16:00,355170
2024/12/3 17:00,355221
2024/12/3 18:00,355278
2024/12/3 19:00,355335
2024/12/3 20:00,355375
2024/12/3 21:00,355408
2024/12/3 22:00,355439
2024/12/3 23:00,355468
2024/12/4 00:00,355491
2024/12/4 01:00,355510
2024/12/4 02:00,355528
2024/12/4 03:00,355546
2024/12/4 04:00,355564
2024/12/4 05:00,355582
2024/12/4 06:00,355600
2024/12/4 07:00,355619
2024/12/4 08:00,355640
2024/12/4 09:00,355670
2024/12/4 10:00,355707
2024/12/4 11:00,355746
2024/12/4 12:00,355782
2024/12/4 13:00,355814
2024/12/4 14:00,355849
2024/12/4 15:00,355887
2024/12/4 16:00,355930
2024/12/4 17:00,355971
2024/12/4 18:00,356011
2024/12/4 19:00,356046
2024/12/4 20:00,356078
2024/12/4 21:00,356108
2024/12/4 22:00,356137
2024/12/4 23:00,356162
2024/12/5 00:00,356182
2024/12/5 01:00,356200
2024/12/5 02:00,356218
2024/12/5 03:00,356236
2024/12/5 04:00,356253
2024/12/5 05:00,356271
2024/12/5 06:00,356289
2024/12/5 07:00,356306
2024/12/5 08:00,356327
2024/12/5 09:00,356359
2024/12/5 10:00,356397
2024/12/5 11:00,356432
2024/12/5 12:00,356467
2024/12/5 13:00,356502
2024/12/5 14:00,356537
2024/12/5 15:00,356577
2024/12/5 16:00,356616
2024/12/5 17:00,356656
2024/12/5 18:00,356698
2024/12/5 19:00,356731
2024/12/5 20:00,356761
2024/12/5 21:00,356791
2024/12/5 22:00,356822
2024/12/5 23:00,356850
2024/12/6 00:00,356871
2024/12/6 01:00,356890
2024/12/6 02:00,356910
2024/12/6 03:00,356929
2024/12/6 04:00,356947
2024/12/6 05:00,356966
2024/12/6 06:00,356984
2024/12/6 07:00,357003
2024/12/6 08:00,357023
2024/12/6 09:00,357056
2024/12/6 10:00,357095
2024/12/6 11:00,357138
2024/12/6 12:00,357180
2024/12/6 13:00,357222
2024/12/6 14:00,357266
2024/12/6 15:00,357320
2024/12/6 16:00,357371
2024/12/6 17:00,357419
2024/12/6 18:00,357462
2024/12/6 19:00,357494
2024/12/6 20:00,357521
2024/12/6 21:00,357547
2024/12/6 22:00,357571
2024/12/6 23:00,357592
2024/12/7 00:00,357610
2024/12/7 01:00,357626
2024/12/7 02:00,357640
2024/12/7 03:00,357654
2024/12/7 04:00,357667
2024/12/7 05:00,357681
2024/12/7 06:00,357694
2024/12/7 07:00,357708
2024/12/7 08:00,357722
2024/12/7 09:00,357742
2024/12/7 10:00,357768
2024/12/7 11:00,357794
2024/12/7 12:00,357815
2024/12/7 13:00,357837
2024/12/7 14:00,357858
2024/12/7 15:00,357876
2024/12/7 16:00,357895
2024/12/7 17:00,357917
2024/12/7 18:00,357942
2024/12/7 19:00,357969
2024/12/7 20:00,357992
2024/12/7 21:00,358012
2024/12/7 22:00,358032
2024/12/7 23:00,358050
2024/12/8 00:00,358067
2024/12/8 01:00,358082
2024/12/8 02:00,358094
2024/12/8 03:00,358106
2024/12/8 04:00,358117
2024/12/8 05:00,358129
2024/12/8 06:00,358142
2024/12/8 07:00,358153
2024/12/8 08:00,358165
2024/12/8 09:00,358178
2024/12/8 10:00,358204
2024/12/8 11:00,358233
2024/12/8 12:00,358259
2024/12/8 13:00,358276
2024/12/8 14:00,358297
2024/12/8 15:00,358321
2024/12/8 16:00,358344
2024/12/8 17:00,358371
2024/12/8 18:00,358401
2024/12/8 19:00,358431
2024/12/8 20:00,358462
2024/12/8 21:00,358493
2024/12/8 22:00,358522
2024/12/8 23:00,358550
2024/12/9 00:00,358574
2024/12/9 01:00,358594
2024/12/9 02:00,358609
2024/12/9 03:00,358623
2024/12/9 04:00,358638
2024/12/9 05:00,358652
2024/12/9 06:00,358667
2024/12/9 07:00,358683
2024/12/9 08:00,358700
2024/12/9 09:00,358735
2024/12/9 10:00,358787
2024/12/9 11:00,358853
2024/12/9 12:00,358916
2024/12/9 13:00,358975
2024/12/9 14:00,359027
2024/12/9 15:00,359089
2024/12/9 16:00,359151
2024/12/9 17:00,359207
2024/12/9 18:00,359258
2024/12/9 19:00,359300
2024/12/9 20:00,359339
2024/12/9 21:00,359372
2024/12/9 22:00,359402
2024/12/9 23:00,359427
2024/12/10 00:00,359444
2024/12/10 01:00,359459
2024/12/10 02:00,359474
2024/12/10 03:00,359487
2024/12/10 04:00,359501
2024/12/10 05:00,359515
2024/12/10 06:00,359529
2024/12/10 07:00,359544
2024/12/10 08:00,359562
2024/12/10 09:00,359596
2024/12/10 10:00,359640
2024/12/10 11:00,359689
2024/12/10 12:00,359742
2024/12/10 13:00,359796
2024/12/10 14:00,359852
2024/12/10 15:00,359910
2024/12/10 16:00,359964
2024/12/10 17:00,360016
2024/12/10 18:00,360061
2024/12/10 19:00,360096
2024/12/10 20:00,360128
2024/12/10 21:00,360161
2024/12/10 22:00,360192
2024/12/10 23:00,360214
2024/12/11 00:00,360232
2024/12/11 01:00,360246
2024/12/11 02:00,360258
2024/12/11 03:00,360271
2024/12/11 04:00,360283
2024/12/11 05:00,360296
2024/12/11 06:00,360309
2024/12/11 07:00,360321
2024/12/11 08:00,360335
2024/12/11 09:00,360370
2024/12/11 10:00,360409
2024/12/11 11:00,360452
2024/12/11 12:00,360494
2024/12/11 13:00,360526
2024/12/11 14:00,360566
2024/12/11 15:00,360605
2024/12/11 16:00,360644
2024/12/11 17:00,360685
2024/12/11 18:00,360727
2024/12/11 19:00,360761
2024/12/11 20:00,360792
2024/12/11 21:00,360819
2024/12/11 22:00,360847
2024/12/11 23:00,360871
2024/12/12 00:00,360896
2024/12/12 01:00,360916
2024/12/12 02:00,360932
2024/12/12 03:00,360946
2024/12/12 04:00,360961
2024/12/12 05:00,360975
2024/12/12 06:00,360990
2024/12/12 07:00,361005
2024/12/12 08:00,361024
2024/12/12 09:00,361057
2024/12/12 10:00,361096
2024/12/12 11:00,361142
2024/12/12 12:00,361196
2024/12/12 13:00,361243
2024/12/12 14:00,361291
2024/12/12 15:00,361347
2024/12/12 16:00,361406
2024/12/12 17:00,361468
2024/12/12 18:00,361525
2024/12/12 19:00,361574
2024/12/12 20:00,361616
2024/12/12 21:00,361659
2024/12/12 22:00,361695
2024/12/12 23:00,361726
2024/12/13 00:00,361748
2024/12/13 01:00,361767
2024/12/13 02:00,361785
2024/12/13 03:00,361803
2024/12/13 04:00,361823
2024/12/13 05:00,361841
2024/12/13 06:00,361859
2024/12/13 07:00,361878
2024/12/13 08:00,361899
2024/12/13 09:00,361933
2024/12/13 10:00,361985
2024/12/13 11:00,362037
2024/12/13 12:00,362084
2024/12/13 13:00,362129
2024/12/13 14:00,362173
2024/12/13 15:00,362215
2024/12/13 16:00,362265
2024/12/13 17:00,362311
2024/12/13 18:00,362358
2024/12/13 19:00,362390
2024/12/13 20:00,362421
2024/12/13 21:00,362449
2024/12/13 22:00,362478
2024/12/13 23:00,362503
2024/12/14 00:00,362522
2024/12/14 01:00,362537
2024/12/14 02:00,362553
2024/12/14 03:00,362569
2024/12/14 04:00,362584
2024/12/14 05:00,362599
2024/12/14 06:00,362614
2024/12/14 07:00,362629
2024/12/14 08:00,362646
2024/12/14 09:00,362669
2024/12/14 10:00,362690
2024/12/14 11:00,362716
2024/12/14 12:00,362744
2024/12/14 13:00,362772
2024/12/14 14:00,362805
2024/12/14 15:00,362843
2024/12/14 16:00,362883
2024/12/14 17:00,362926
2024/12/14 18:00,362968
2024/12/14 19:00,363005
2024/12/14 20:00,363035
2024/12/14 21:00,363059
2024/12/14 22:00,363085
2024/12/14 23:00,363110
2024/12/15 00:00,363129
2024/12/15 01:00,363145
2024/12/15 02:00,363160
2024/12/15 03:00,363175
2024/12/15 04:00,363190
2024/12/15 05:00,363205
2024/12/15 06:00,363221
2024/12/15 07:00,363235
2024/12/15 08:00,363251
2024/12/15 09:00,363269
2024/12/15 10:00,363285
2024/12/15 11:00,363302
2024/12/15 12:00,363321
2024/12/15 13:00,363341
2024/12/15 14:00,363365
2024/12/15 15:00,363390
2024/12/15 16:00,363412
2024/12/15 17:00,363436
2024/12/15 18:00,363465
2024/12/15 19:00,363494
2024/12/15 20:00,363526
2024/12/15 21:00,363558
2024/12/15 22:00,363584
2024/12/15 23:00,363604
2024/12/16 00:00,363621
2024/12/16 01:00,363638
2024/12/16 02:00,363653
2024/12/16 03:00,363667
2024/12/16 04:00,363681
2024/12/16 05:00,363693
2024/12/16 06:00,363706
2024/12/16 07:00,363718
2024/12/16 08:00,363734
2024/12/16 09:00,363768
2024/12/16 10:00,363814
2024/12/16 11:00,363867
2024/12/16 12:00,363913
2024/12/16 13:00,363959
2024/12/16 14:00,364003
2024/12/16 15:00,364056
2024/12/16 16:00,364114
2024/12/16 17:00,364173
2024/12/16 18:00,364245
2024/12/16 19:00,364297
2024/12/16 20:00,364337
2024/12/16 21:00,364373
2024/12/16 22:00,364408
2024/12/16 23:00,364437
2024/12/17 00:00,364457
2024/12/17 01:00,364473
2024/12/17 02:00,364487
2024/12/17 03:00,364501
2024/12/17 04:00,364515
2024/12/17 05:00,364529
2024/12/17 06:00,364543
2024/12/17 07:00,364557
2024/12/17 08:00,364573
2024/12/17 09:00,364606
2024/12/17 10:00,364643
2024/12/17 11:00,364686
2024/12/17 12:00,364734
2024/12/17 13:00,364783
2024/12/17 14:00,364833
2024/12/17 15:00,364888
2024/12/17 16:00,364956
2024/12/17 17:00,365015
2024/12/17 18:00,365063
2024/12/17 19:00,365103
2024/12/17 20:00,365140
2024/12/17 21:00,365174
2024/12/17 22:00,365204
2024/12/17 23:00,365231
2024/12/18 00:00,365250
2024/12/18 01:00,365267
2024/12/18 02:00,365285
2024/12/18 03:00,365301
2024/12/18 04:00,365315
2024/12/18 05:00,365330
2024/12/18 06:00,365345
2024/12/18 07:00,365359
2024/12/18 08:00,365378
2024/12/18 09:00,365417
2024/12/18 10:00,365460
2024/12/18 11:00,365508
2024/12/18 12:00,365563
2024/12/18 13:00,365611
2024/12/18 14:00,365668
2024/12/18 15:00,365731
2024/12/18 16:00,365805
2024/12/18 17:00,365880
2024/12/18 18:00,365935
2024/12/18 19:00,365977
2024/12/18 20:00,366015
2024/12/18 21:00,366058
2024/12/18 22:00,366098
2024/12/18 23:00,366138
2024/12/19 00:00,366173
2024/12/19 01:00,366203
2024/12/19 02:00,366224
2024/12/19 03:00,366240
2024/12/19 04:00,366255
2024/12/19 05:00,366270
2024/12/19 06:00,366287
2024/12/19 07:00,366308
2024/12/19 08:00,366329
2024/12/19 09:00,366365
2024/12/19 10:00,366408
2024/12/19 11:00,366459
2024/12/19 12:00,366507
2024/12/19 13:00,366550
2024/12/19 14:00,366600
2024/12/19 15:00,366648
2024/12/19 16:00,366693
2024/12/19 17:00,366738
2024/12/19 18:00,366783
2024/12/19 19:00,366822
2024/12/19 20:00,366860
2024/12/19 21:00,366905
2024/12/19 22:00,366946
2024/12/19 23:00,366980
2024/12/20 00:00,367002
2024/12/20 01:00,367017
2024/12/20 02:00,367032
2024/12/20 03:00,367047
2024/12/20 04:00,367063
2024/12/20 05:00,367078
2024/12/20 06:00,367093
2024/12/20 07:00,367108
2024/12/20 08:00,367124
2024/12/20 09:00,367157
2024/12/20 10:00,367201
2024/12/20 11:00,367251
2024/12/20 12:00,367305
2024/12/20 13:00,367351
2024/12/20 14:00,367405
2024/12/20 15:00,367466
2024/12/20 16:00,367536
2024/12/20 17:00,367605
2024/12/20 18:00,367658
2024/12/20 19:00,367703
2024/12/20 20:00,367741
2024/12/20 21:00,367769
2024/12/20 22:00,367794
2024/12/20 23:00,367817
2024/12/21 00:00,367837
2024/12/21 01:00,367850
2024/12/21 02:00,367861
2024/12/21 03:00,367873
2024/12/21 04:00,367885
2024/12/21 05:00,367897
2024/12/21 06:00,367908
2024/12/21 07:00,367920
2024/12/21 08:00,367932
2024/12/21 09:00,367951
2024/12/21 10:00,367973
2024/12/21 11:00,367994
2024/12/21 12:00,368014
2024/12/21 13:00,368038
2024/12/21 14:00,368061
2024/12/21 15:00,368091
2024/12/21 16:00,368123
2024/12/21 17:00,368153
2024/12/21 18:00,368192
2024/12/21 19:00,368228
2024/12/21 20:00,368260
2024/12/21 21:00,368296
2024/12/21 22:00,368331
2024/12/21 23:00,368355
2024/12/22 00:00,368376
2024/12/22 01:00,368391
2024/12/22 02:00,368405
2024/12/22 03:00,368420
2024/12/22 04:00,368435
2024/12/22 05:00,368450
2024/12/22 06:00,368464
2024/12/22 07:00,368480
2024/12/22 08:00,368498
2024/12/22 09:00,368519
2024/12/22 10:00,368544
2024/12/22 11:00,368572
2024/12/22 12:00,368603
2024/12/22 13:00,368639
2024/12/22 14:00,368679
2024/12/22 15:00,368720
2024/12/22 16:00,368763
2024/12/22 17:00,368809
2024/12/22 18:00,368864
2024/12/22 19:00,368914
2024/12/22 20:00,368963
2024/12/22 21:00,369000
2024/12/22 22:00,369030
2024/12/22 23:00,369053
2024/12/23 00:00,369069
2024/12/23 01:00,369083
2024/12/23 02:00,369096
2024/12/23 03:00,369108
2024/12/23 04:00,369121
2024/12/23 05:00,369133
2024/12/23 06:00,369146
2024/12/23 07:00,369160
2024/12/23 08:00,369178
2024/12/23 09:00,369218
2024/12/23 10:00,369276
2024/12/23 11:00,369336
2024/12/23 12:00,369399
2024/12/23 13:00,369457
2024/12/23 14:00,369514
2024/12/23 15:00,369584
2024/12/23 16:00,369665
2024/12/23 17:00,369752
2024/12/23 18:00,369842
2024/12/23 19:00,369911
2024/12/23 20:00,369978
2024/12/23 21:00,370044
2024/12/23 22:00,370095
2024/12/23 23:00,370120
2024/12/24 00:00,370144
2024/12/24 01:00,370163
2024/12/24 02:00,370180
2024/12/24 03:00,370198
2024/12/24 04:00,370215
2024/12/24 05:00,370233
2024/12/24 06:00,370251
2024/12/24 07:00,370270
2024/12/24 08:00,370291
2024/12/24 09:00,370326
2024/12/24 10:00,370367
2024/12/24 11:00,370415
2024/12/24 12:00,370466
2024/12/24 13:00,370511
2024/12/24 14:00,370558
2024/12/24 15:00,370617
2024/12/24 16:00,370673
2024/12/24 17:00,370729
2024/12/24 18:00,370783
2024/12/24 19:00,370834
2024/12/24 20:00,370881
2024/12/24 21:00,370914
2024/12/24 22:00,370944
2024/12/24 23:00,370970
2024/12/25 00:00,370989
2024/12/25 01:00,371007
2024/12/25 02:00,371024
2024/12/25 03:00,371039
2024/12/25 04:00,371055
2024/12/25 05:00,371070
2024/12/25 06:00,371085
2024/12/25 07:00,371103
2024/12/25 08:00,371124
2024/12/25 09:00,371153
2024/12/25 10:00,371193
2024/12/25 11:00,371242
2024/12/25 12:00,371291
2024/12/25 13:00,371335
2024/12/25 14:00,371381
2024/12/25 15:00,371437
2024/12/25 16:00,371493
2024/12/25 17:00,371552
2024/12/25 18:00,371610
2024/12/25 19:00,371669
2024/12/25 20:00,371725
2024/12/25 21:00,371761
2024/12/25 22:00,371794
2024/12/25 23:00,371823
2024/12/26 00:00,371847
2024/12/26 01:00,371866
2024/12/26 02:00,371883
2024/12/26 03:00,371900
2024/12/26 04:00,371916
2024/12/26 05:00,371933
2024/12/26 06:00,371950
2024/12/26 07:00,371968
2024/12/26 08:00,371986
2024/12/26 09:00,372019
2024/12/26 10:00,372065
2024/12/26 11:00,372126
2024/12/26 12:00,372183
2024/12/26 13:00,372239
2024/12/26 14:00,372296
2024/12/26 15:00,372354
2024/12/26 16:00,372418
2024/12/26 17:00,372482
2024/12/26 18:00,372549
2024/12/26 19:00,372608
2024/12/26 20:00,372659
2024/12/26 21:00,372696
2024/12/26 22:00,372728
2024/12/26 23:00,372754
2024/12/27 00:00,372777
2024/12/27 01:00,372798
2024/12/27 02:00,372814
2024/12/27 03:00,372831
2024/12/27 04:00,372848
2024/12/27 05:00,372864
2024/12/27 06:00,372881
2024/12/27 07:00,372900
2024/12/27 08:00,372921
2024/12/27 09:00,372961
2024/12/27 10:00,373016
2024/12/27 11:00,373088
2024/12/27 12:00,373158
2024/12/27 13:00,373211
2024/12/27 14:00,373256
2024/12/27 15:00,373308
2024/12/27 16:00,373363
2024/12/27 17:00,373422
2024/12/27 18:00,373490
2024/12/27 19:00,373546
2024/12/27 20:00,373589
2024/12/27 21:00,373622
2024/12/27 22:00,373651
2024/12/27 23:00,373679
2024/12/28 00:00,373701
2024/12/28 01:00,373723
2024/12/28 02:00,373742
2024/12/28 03:00,373760
2024/12/28 04:00,373777
2024/12/28 05:00,373794
2024/12/28 06:00,373811
2024/12/28 07:00,373830
2024/12/28 08:00,373851
2024/12/28 09:00,373879
2024/12/28 10:00,373915
2024/12/28 11:00,373949
2024/12/28 12:00,373986
2024/12/28 13:00,374014
2024/12/28 14:00,374039
2024/12/28 15:00,374063
2024/12/28 16:00,374092
2024/12/28 17:00,374127
2024/12/28 18:00,374161
2024/12/28 19:00,374205
2024/12/28 20:00,374246
2024/12/28 21:00,374273
2024/12/28 22:00,374298
2024/12/28 23:00,374322
2024/12/29 00:00,374342
2024/12/29 01:00,374358
2024/12/29 02:00,374372
2024/12/29 03:00,374386
2024/12/29 04:00,374400
2024/12/29 05:00,374414
2024/12/29 06:00,374427
2024/12/29 07:00,374444
2024/12/29 08:00,374460
2024/12/29 09:00,374478
2024/12/29 10:00,374500
2024/12/29 11:00,374527
2024/12/29 12:00,374561
2024/12/29 13:00,374594
2024/12/29 14:00,374626
2024/12/29 15:00,374655
2024/12/29 16:00,374682
2024/12/29 17:00,374716
2024/12/29 18:00,374754
2024/12/29 19:00,374794
2024/12/29 20:00,374835
2024/12/29 21:00,374861
2024/12/29 22:00,374886
2024/12/29 23:00,374908
2024/12/30 00:00,374925
2024/12/30 01:00,374940
2024/12/30 02:00,374954
2024/12/30 03:00,374968
2024/12/30 04:00,374982
2024/12/30 05:00,374996
2024/12/30 06:00,375010
2024/12/30 07:00,375026
2024/12/30 08:00,375045
2024/12/30 09:00,375082
2024/12/30 10:00,375132
2024/12/30 11:00,375188
2024/12/30 12:00,375247
2024/12/30 13:00,375293
2024/12/30 14:00,375338
2024/12/30 15:00,375406
2024/12/30 16:00,375466
2024/12/30 17:00,375520
2024/12/30 18:00,375575
2024/12/30 19:00,375620
2024/12/30 20:00,375661
2024/12/30 21:00,375699
2024/12/30 22:00,375735
2024/12/30 23:00,375767
2024/12/31 00:00,375791
2024/12/31 01:00,375808
2024/12/31 02:00,375825
2024/12/31 03:00,375843
2024/12/31 04:00,375861
2024/12/31 05:00,375877
2024/12/31 06:00,375894
2024/12/31 07:00,375912
2024/12/31 08:00,375934
2024/12/31 09:00,375966
2024/12/31 10:00,376008
2024/12/31 11:00,376060
2024/12/31 12:00,376107
2024/12/31 13:00,376156
2024/12/31 14:00,376206
2024/12/31 15:00,376256
2024/12/31 16:00,376308
2024/12/31 17:00,376358
2024/12/31 18:00,376403
2024/12/31 19:00,376446
2024/12/31 20:00,376484
2024/12/31 21:00,376513
2024/12/31 22:00,376537
2024/12/31 23:00,376559
