timestamp,hourly_kwh_clean,温度(℃),风力(级),风速(km/h),气压(hPa),湿度(%),能见度(km),云量%,是否降水,降水量对数变换,天气状况_中雨,天气状况_中雪,天气状况_多云,天气状况_大雨,天气状况_大雪,天气状况_大雾,天气状况_小雨,天气状况_小雪,天气状况_扬沙,天气状况_晴,天气状况_暴雨,天气状况_暴雪,天气状况_沙尘暴,天气状况_浮尘,天气状况_阴,天气状况_雨,天气状况_雾,天气状况_霾,风向_东北风,风向_东南风,风向_东风,风向_北风,风向_南风,风向_微风,风向_西北风,风向_西南风,风向_西风,风向_静风,is_holiday,hour_sin,hour_cos,day_of_week_sin,day_of_week_cos,month_sin,month_cos
2024-03-15 00:00:00,-0.8746381492897739,-0.1254193957,0.9118195972,0.5029273619,-0.3730476894,-1.1081817969,0.4038099282,2.0922426295,False,-0.1714996949,False,False,False,False,False,False,False,False,False,False,False,False,False,False,True,False,False,False,True,False,False,False,False,False,False,False,False,False,False,0.0,1.0,-0.4338837391,-0.9009688679,0.8660254038,0.5
2024-03-15 01:00:00,-0.8746381492897739,0.023111651,2.3137582136,1.7605325636,-0.3730476894,-1.4266728458,1.3941161869,-0.7802602623,False,-0.1714996949,False,False,False,False,False,False,False,False,False,True,False,False,False,False,False,False,False,False,False,True,False,False,False,False,False,False,False,False,False,0.2588190451,0.9659258263,-0.4338837391,-0.9009688679,0.8660254038,0.5
2024-03-15 02:00:00,-0.8746381492897739,-0.0418706819,0.9118195972,1.7605325636,-0.3730476894,-1.3356754033,1.4942595164,-0.2913235999,False,-0.1714996949,False,False,False,False,False,False,False,False,False,True,False,False,False,False,False,False,False,False,False,False,True,False,False,False,False,False,False,False,False,0.5,0.8660254038,-0.4338837391,-0.9009688679,0.8660254038,0.5
2024-03-15 03:00:00,-1.0097962236084137,-0.1068530148,0.9118195972,1.5090115233,-0.3730476894,-1.3811741245,1.6945461755,0.1670545211,False,-0.1714996949,False,False,True,False,False,False,False,False,False,False,False,False,False,False,False,False,False,False,False,False,True,False,False,False,False,False,False,False,False,0.7071067812,0.7071067812,-0.4338837391,-0.9009688679,0.8660254038,0.5
2024-03-15 04:00:00,-0.8746381492897739,-0.3760655371,2.3137582136,2.012053604,-0.4759517323,-1.1536805182,1.4831324798,-0.2913235999,False,-0.1714996949,False,False,False,False,False,False,False,False,False,True,False,False,False,False,False,False,False,False,True,False,False,False,False,False,False,False,False,False,False,0.8660254038,0.5,-0.4338837391,-0.9009688679,0.8660254038,0.5
2024-03-15 05:00:00,-0.8746381492897739,-0.4688974413,2.3137582136,2.012053604,-0.4759517323,-1.1536805182,1.4831324798,-0.3218821413,False,-0.1714996949,False,False,False,False,False,False,False,False,False,True,False,False,False,False,False,False,False,False,True,False,False,False,False,False,False,False,False,False,False,0.9659258263,0.2588190451,-0.4338837391,-0.9009688679,0.8660254038,0.5
2024-03-15 06:00:00,-1.0097962236084137,-0.4874638221,0.9118195972,1.0059694426,-0.4759517323,-0.8351894692,1.4831324798,-0.6580260967,False,-0.1714996949,False,False,False,False,False,False,False,False,False,True,False,False,False,False,False,False,False,False,True,False,False,False,False,False,False,False,False,False,False,1.0,0.0,-0.4338837391,-0.9009688679,0.8660254038,0.5
2024-03-15 07:00:00,-0.8746381492897739,-0.5153133934,0.9118195972,1.2574904829,-0.4759517323,-0.5621971415,0.6819858436,0.4420813938,False,-0.1714996949,False,False,True,False,False,False,False,False,False,False,False,False,False,False,False,False,False,False,True,False,False,False,False,False,False,False,False,False,False,0.9659258263,-0.2588190451,-0.4338837391,-0.9009688679,0.8660254038,0.5
2024-03-15 08:00:00,-0.6043220006524941,-0.4224814892,2.3137582136,2.5150956847,-0.2701436465,-0.471199699,0.4705721479,0.1670545211,False,-0.1714996949,False,False,True,False,False,False,False,False,False,False,False,False,False,False,False,False,False,False,True,False,False,False,False,False,False,False,False,False,False,0.8660254038,-0.5,-0.4338837391,-0.9009688679,0.8660254038,0.5
2024-03-15 09:00:00,-0.19884777769657447,-0.3389327754,2.3137582136,3.0181377653,-0.2701436465,-0.6531945841,0.1145069762,-0.0774138101,False,-0.1714996949,False,False,False,False,False,False,False,False,False,True,False,False,False,False,False,False,False,False,True,False,False,False,False,False,False,False,False,False,False,0.7071067812,-0.7071067812,-0.4338837391,-0.9009688679,0.8660254038,0.5
2024-03-15 10:00:00,0.0714683709407053,-0.2182512999,2.3137582136,3.0181377653,-0.2701436465,-0.6531945841,0.1145069762,0.4726399352,False,-0.1714996949,False,False,True,False,False,False,False,False,False,False,False,False,False,False,False,False,False,False,True,False,False,False,False,False,False,False,False,False,False,0.5,-0.8660254038,-0.4338837391,-0.9009688679,0.8660254038,0.5
2024-03-15 11:00:00,0.20662644525934518,-0.0790034436,2.3137582136,3.521179846,-0.2701436465,-0.6531945841,-0.1636689391,0.4726399352,False,-0.1714996949,False,False,True,False,False,False,False,False,False,False,False,False,False,False,False,False,False,False,False,False,True,False,False,False,False,False,False,False,False,0.2588190451,-0.9659258263,-0.4338837391,-0.9009688679,0.8660254038,0.5
2024-03-15 12:00:00,0.34178451957798506,0.0416780319,2.3137582136,2.5150956847,-0.2701436465,-0.7896907479,-0.1414148659,0.5948741008,False,-0.1714996949,False,False,True,False,False,False,False,False,False,False,False,False,False,False,False,False,False,False,False,False,True,False,False,False,False,False,False,False,False,0.0,-1.0,-0.4338837391,-0.9009688679,0.8660254038,0.5
2024-03-15 13:00:00,-0.19884777769657447,0.1066603648,2.3137582136,3.521179846,-0.2701436465,-0.7896907479,0.0143636467,0.5948741008,False,-0.1714996949,False,False,True,False,False,False,False,False,False,False,False,False,False,False,False,False,False,False,True,False,False,False,False,False,False,False,False,False,False,-0.2588190451,-0.9659258263,-0.4338837391,-0.9009688679,0.8660254038,0.5
2024-03-15 14:00:00,-0.06368970337793459,0.1902090786,2.3137582136,3.0181377653,-0.3730476894,-1.0171843543,0.0032366101,-0.7497017209,False,-0.1714996949,False,False,False,False,False,False,False,False,False,True,False,False,False,False,False,False,False,False,True,False,False,False,False,False,False,False,False,False,False,-0.5,-0.8660254038,-0.4338837391,-0.9009688679,0.8660254038,0.5
2024-03-15 15:00:00,0.47694259389662497,0.2551914116,2.3137582136,2.012053604,-0.4759517323,-1.0626830756,0.1478880861,-0.8108188037,False,-0.1714996949,False,False,False,False,False,False,False,False,False,True,False,False,False,False,False,False,False,False,True,False,False,False,False,False,False,False,False,False,False,-0.7071067812,-0.7071067812,-0.4338837391,-0.9009688679,0.8660254038,0.5
2024-03-15 16:00:00,0.6121006682152649,0.2737577924,2.3137582136,2.5150956847,-0.4759517323,-1.0626830756,0.1701421593,-0.7802602623,False,-0.1714996949,False,False,False,False,False,False,False,False,False,True,False,False,False,False,False,False,False,False,False,False,True,False,False,False,False,False,False,False,False,-0.8660254038,-0.5,-0.4338837391,-0.9009688679,0.8660254038,0.5
2024-03-15 17:00:00,0.34178451957798506,0.1809258882,2.3137582136,1.7605325636,-0.3730476894,-1.0626830756,0.4594451113,-0.8108188037,False,-0.1714996949,False,False,False,False,False,False,False,False,False,True,False,False,False,False,False,False,False,False,True,False,False,False,False,False,False,False,False,False,False,-0.9659258263,-0.2588190451,-0.4338837391,-0.9009688679,0.8660254038,0.5
2024-03-15 18:00:00,0.47694259389662497,0.1252267457,2.3137582136,1.7605325636,-0.2701436465,-0.971685633,0.0811258664,-0.7497017209,False,-0.1714996949,False,False,False,False,False,False,False,False,False,True,False,False,False,False,False,False,False,False,True,False,False,False,False,False,False,False,False,False,False,-1.0,-0.0,-0.4338837391,-0.9009688679,0.8660254038,0.5
2024-03-15 19:00:00,-0.19884777769657447,0.0602444127,0.9118195972,0.7544484022,-0.1672396036,-0.8351894692,0.1590151227,1.2060449288,False,-0.1714996949,False,False,True,False,False,False,False,False,False,False,False,False,False,False,False,False,False,False,True,False,False,False,False,False,False,False,False,False,False,-0.9659258263,0.2588190451,-0.4338837391,-0.9009688679,0.8660254038,0.5
2024-03-15 20:00:00,-0.06368970337793459,0.0045452702,0.9118195972,0.7544484022,-0.1672396036,-0.8351894692,0.1590151227,1.2060449288,False,-0.1714996949,False,False,True,False,False,False,False,False,False,False,False,False,False,False,False,False,False,False,True,False,False,False,False,False,False,False,False,False,False,-0.8660254038,0.5,-0.4338837391,-0.9009688679,0.8660254038,0.5
2024-03-15 21:00:00,-0.06368970337793459,-0.0325874915,0.9118195972,0.2514063215,0.0385684822,-0.6986933054,-0.1525419025,1.2060449288,False,-0.1714996949,False,False,True,False,False,False,False,False,False,False,False,False,False,False,False,False,False,False,True,False,False,False,False,False,False,False,False,False,False,-0.7071067812,0.7071067812,-0.4338837391,-0.9009688679,0.8660254038,0.5
2024-03-15 22:00:00,-0.06368970337793459,-0.088286634,-0.4901190191,-0.0001147188,0.1414725251,-0.6531945841,-0.2304311588,1.2060449288,False,-0.1714996949,False,False,True,False,False,False,False,False,False,False,False,False,False,False,False,False,False,False,True,False,False,False,False,False,False,False,False,False,False,-0.5,0.8660254038,-0.4338837391,-0.9009688679,0.8660254038,0.5
2024-03-15 23:00:00,-0.739480074971134,-0.088286634,0.9118195972,0.2514063215,0.244376568,-0.5621971415,-0.1859230124,1.144927846,False,-0.1714996949,False,False,True,False,False,False,False,False,False,False,False,False,False,False,False,False,False,False,False,False,False,False,True,False,False,False,False,False,False,-0.2588190451,0.9659258263,-0.4338837391,-0.9009688679,0.8660254038,0.5
2024-03-16 00:00:00,-0.739480074971134,-0.1625521574,-0.4901190191,-0.5031567995,0.1414725251,-0.5166984203,-0.3305744884,1.144927846,False,-0.1714996949,False,False,True,False,False,False,False,False,False,False,False,False,False,False,False,False,False,False,False,True,False,False,False,False,False,False,False,False,True,0.0,1.0,-0.9749279122,-0.222520934,0.8660254038,0.5
2024-03-16 01:00:00,-0.8746381492897739,-0.2461008712,-0.4901190191,-0.2516357592,0.244376568,-0.2892048139,-0.5308611474,-0.8108188037,False,-0.1714996949,False,False,False,False,False,False,False,False,False,True,False,False,False,False,False,False,False,False,False,False,False,False,False,False,True,False,False,False,True,0.2588190451,0.9659258263,-0.9749279122,-0.222520934,0.8660254038,0.5
2024-03-16 02:00:00,-0.8746381492897739,-0.3110832041,0.9118195972,0.7544484022,0.244376568,-0.15270865,-0.5753692939,-0.8108188037,False,-0.1714996949,False,False,False,False,False,False,False,False,False,True,False,False,False,False,False,False,False,False,False,False,False,False,False,False,False,True,False,False,True,0.5,0.8660254038,-0.9749279122,-0.222520934,0.8660254038,0.5
2024-03-16 03:00:00,-0.8746381492897739,-0.3482159658,-0.4901190191,-0.5031567995,0.244376568,-0.0617112075,-0.5864963305,-0.4441163069,False,-0.1714996949,False,False,False,False,False,False,False,False,False,True,False,False,False,False,False,False,False,False,False,False,False,False,True,False,False,False,False,False,True,0.7071067812,0.7071067812,-0.9749279122,-0.222520934,0.8660254038,0.5
2024-03-16 04:00:00,-0.8746381492897739,-0.3203663945,0.9118195972,0.5029273619,0.244376568,-0.15270865,-0.541988184,-0.5969090139,False,-0.1714996949,False,False,False,False,False,False,False,False,False,True,False,False,False,False,False,False,False,False,False,False,False,False,False,False,False,True,False,False,True,0.8660254038,0.5,-0.9749279122,-0.222520934,0.8660254038,0.5
2024-03-16 05:00:00,-0.8746381492897739,-0.3203663945,0.9118195972,1.2574904829,0.244376568,-0.15270865,-0.5531152206,1.6949815913,False,-0.1714996949,False,False,True,False,False,False,False,False,False,False,False,False,False,False,False,False,False,False,False,False,False,False,False,False,False,True,False,False,True,0.9659258263,0.2588190451,-0.9749279122,-0.222520934,0.8660254038,0.5
2024-03-16 06:00:00,-0.8746381492897739,-0.3853487275,-0.4901190191,-0.0001147188,0.3472806109,-0.0162124862,-0.6198774403,-0.1079723515,False,-0.1714996949,False,False,False,False,False,False,False,False,False,True,False,False,False,False,False,False,False,False,False,False,False,False,False,False,False,True,False,False,True,1.0,0.0,-0.9749279122,-0.222520934,0.8660254038,0.5
2024-03-16 07:00:00,-0.739480074971134,-0.4131982987,-0.4901190191,-0.5031567995,0.3472806109,0.0292862351,-0.6643855868,-0.1079723515,False,-0.1714996949,False,False,False,False,False,False,False,False,False,True,False,False,False,False,False,False,False,False,False,False,False,False,False,False,True,False,False,False,True,0.9659258263,-0.2588190451,-0.9749279122,-0.222520934,0.8660254038,0.5
2024-03-16 08:00:00,-0.46916392633385423,-0.3574991562,0.9118195972,0.5029273619,0.4501846538,-0.0162124862,-0.7088937332,0.380964311,False,-0.1714996949,False,False,True,False,False,False,False,False,False,False,False,False,False,False,False,False,False,False,False,False,False,False,False,False,False,True,False,False,True,0.8660254038,-0.5,-0.9749279122,-0.222520934,0.8660254038,0.5
2024-03-16 09:00:00,0.0714683709407053,-0.2368176807,0.9118195972,0.5029273619,0.4501846538,-0.2437060926,-0.68663966,-0.5663504725,False,-0.1714996949,False,False,False,False,False,False,False,False,False,True,False,False,False,False,False,False,False,False,False,False,False,False,False,False,False,True,False,False,True,0.7071067812,-0.7071067812,-0.9749279122,-0.222520934,0.8660254038,0.5
2024-03-16 10:00:00,0.47694259389662497,-0.0418706819,0.9118195972,0.5029273619,0.5530886967,-0.6076958628,-0.6755126234,-0.5663504725,False,-0.1714996949,False,False,False,False,False,False,False,False,True,False,False,False,False,False,False,False,False,False,False,False,False,False,False,False,False,True,False,False,True,0.5,-0.8660254038,-0.9749279122,-0.222520934,0.8660254038,0.5
2024-03-16 11:00:00,0.7472587425339047,0.1345099361,0.9118195972,0.5029273619,0.5530886967,-0.6076958628,-0.6755126234,-0.1079723515,False,-0.1714996949,False,False,False,False,False,False,False,False,True,False,False,False,False,False,False,False,False,False,False,False,False,False,False,False,False,True,False,False,True,0.2588190451,-0.9659258263,-0.9749279122,-0.222520934,0.8660254038,0.5
2024-03-16 12:00:00,0.34178451957798506,0.1902090786,-0.4901190191,-0.0001147188,0.3472806109,-1.3811741245,-0.7534018797,0.3198472282,False,-0.1714996949,False,False,False,False,False,False,False,False,True,False,False,False,False,False,False,False,False,False,False,True,False,False,False,False,False,False,False,False,True,0.0,-1.0,-0.9749279122,-0.222520934,0.8660254038,0.5
2024-03-16 13:00:00,0.0714683709407053,0.2923241732,0.9118195972,1.0059694426,0.244376568,-1.5631690097,-0.7534018797,1.1754863874,False,-0.1714996949,False,False,False,False,False,False,False,False,True,False,False,False,False,False,False,False,False,False,True,False,False,False,False,False,False,False,False,False,True,-0.2588190451,-0.9659258263,-0.9749279122,-0.222520934,0.8660254038,0.5
2024-03-16 14:00:00,0.0714683709407053,0.2459082211,0.9118195972,1.0059694426,0.244376568,-1.7451638948,-0.7422748431,1.4199547187,False,-0.1714996949,False,False,False,False,False,False,False,False,True,False,False,False,False,False,False,False,False,False,False,False,False,False,True,False,False,False,False,False,True,-0.5,-0.8660254038,-0.9749279122,-0.222520934,0.8660254038,0.5
2024-03-16 15:00:00,0.20662644525934518,0.199492269,0.9118195972,1.5090115233,0.1414725251,-1.6996651735,-0.6755126234,2.0922426295,False,-0.1714996949,False,False,False,False,False,False,False,False,True,False,False,False,False,False,False,False,False,False,False,False,False,False,True,False,False,False,False,False,True,-0.7071067812,-0.7071067812,-0.9749279122,-0.222520934,0.8660254038,0.5
2024-03-16 16:00:00,0.0714683709407053,0.1623595074,0.9118195972,1.5090115233,0.1414725251,-1.6996651735,-0.6755126234,2.0922426295,False,-0.1714996949,False,False,False,False,False,False,False,False,True,False,False,False,False,False,False,False,False,False,False,False,False,False,True,False,False,False,False,False,True,-0.8660254038,-0.5,-0.9749279122,-0.222520934,0.8660254038,0.5
2024-03-16 17:00:00,0.0714683709407053,0.1252267457,-0.4901190191,-0.0001147188,0.0385684822,-1.5631690097,-0.9203074289,1.7255401327,False,-0.1714996949,False,False,False,False,False,False,False,False,True,False,False,False,False,False,False,False,False,False,False,False,False,False,False,False,False,True,False,False,True,-0.9659258263,-0.2588190451,-0.9749279122,-0.222520934,0.8660254038,0.5
2024-03-16 18:00:00,0.0714683709407053,0.0695276031,0.9118195972,0.7544484022,0.0385684822,-1.4721715671,-0.9425615021,1.2977205531,False,-0.1714996949,False,False,False,False,False,False,False,False,True,False,False,False,False,False,False,False,False,False,False,False,False,False,False,False,False,False,True,False,True,-1.0,-0.0,-0.9749279122,-0.222520934,0.8660254038,0.5
2024-03-16 19:00:00,0.0714683709407053,0.0138284606,0.9118195972,0.7544484022,0.0385684822,-1.4721715671,-0.9425615021,0.992135139,False,-0.1714996949,False,False,False,False,False,False,False,False,True,False,False,False,False,False,False,False,False,False,False,False,False,False,False,False,False,False,True,False,True,-0.9659258263,0.2588190451,-0.9749279122,-0.222520934,0.8660254038,0.5
2024-03-16 20:00:00,-0.06368970337793459,0.0138284606,-0.4901190191,-0.5031567995,0.1414725251,-1.4266728458,-0.9314344655,1.1143693046,False,-0.1714996949,False,False,False,False,False,False,False,False,True,False,False,False,False,False,False,False,False,False,False,False,False,False,False,False,False,False,True,False,True,-0.8660254038,0.5,-0.9749279122,-0.222520934,0.8660254038,0.5
2024-03-16 21:00:00,0.0714683709407053,-0.0325874915,-1.8920576355,-1.0061988802,0.3472806109,-1.1991792394,-0.9648155754,1.5727474257,False,-0.1714996949,False,False,False,False,False,False,False,False,False,False,False,False,False,True,False,False,False,False,False,False,False,False,False,False,False,False,False,True,True,-0.7071067812,0.7071067812,-0.9749279122,-0.222520934,0.8660254038,0.5
2024-03-16 22:00:00,-0.06368970337793459,-0.0790034436,-0.4901190191,-0.5031567995,0.4501846538,-1.3356754033,-0.9870696486,1.4505132601,False,-0.1714996949,False,False,False,False,False,False,False,False,False,False,False,False,False,True,False,False,False,False,False,False,False,False,False,False,False,True,False,False,True,-0.5,0.8660254038,-0.9749279122,-0.222520934,0.8660254038,0.5
2024-03-16 23:00:00,-0.8746381492897739,-0.0975698244,0.9118195972,0.5029273619,0.4501846538,-1.2446779607,-0.9870696486,1.4199547187,False,-0.1714996949,False,False,False,False,False,False,False,False,True,False,False,False,False,False,False,False,False,False,False,False,False,False,False,False,False,True,False,False,True,-0.2588190451,0.9659258263,-0.9749279122,-0.222520934,0.8660254038,0.5
2024-03-17 00:00:00,-0.8746381492897739,-0.1161362053,0.9118195972,0.5029273619,0.4501846538,-1.2446779607,-0.9870696486,1.5727474257,False,-0.1714996949,False,False,False,False,False,False,False,False,True,False,False,False,False,False,False,False,False,False,False,False,False,False,False,False,False,True,False,False,True,0.0,1.0,-0.7818314825,0.6234898019,0.8660254038,0.5
2024-03-17 01:00:00,-0.8746381492897739,-0.1439857765,-0.4901190191,-0.2516357592,0.5530886967,-1.0171843543,-1.0093237218,2.0005670053,False,-0.1714996949,False,False,False,False,False,False,False,False,False,False,False,False,False,True,False,False,False,False,False,False,False,False,True,False,False,False,False,False,True,0.2588190451,0.9659258263,-0.7818314825,0.6234898019,0.8660254038,0.5
2024-03-17 02:00:00,-0.8746381492897739,-0.1068530148,-0.4901190191,-0.2516357592,0.5530886967,-1.0171843543,-1.0093237218,2.0922426295,False,-0.1714996949,False,False,False,False,False,False,True,False,False,False,False,False,False,False,False,False,False,False,False,False,False,False,True,False,False,False,False,False,True,0.5,0.8660254038,-0.7818314825,0.6234898019,0.8660254038,0.5
2024-03-17 03:00:00,-1.0097962236084137,-0.1068530148,0.9118195972,0.5029273619,0.5530886967,-1.1536805182,-1.0093237218,2.0922426295,False,-0.1714996949,True,False,False,False,False,False,False,False,False,False,False,False,False,False,False,False,False,False,False,False,False,False,False,False,False,True,False,False,True,0.7071067812,0.7071067812,-0.7818314825,0.6234898019,0.8660254038,0.5
2024-03-17 04:00:00,-0.8746381492897739,-0.1625521574,0.9118195972,1.7605325636,0.6559927396,-1.0171843543,-0.831291136,2.0922426295,False,-0.1714996949,True,False,False,False,False,False,False,False,False,False,False,False,False,False,False,False,False,False,False,False,False,False,False,False,False,True,False,False,True,0.8660254038,0.5,-0.7818314825,0.6234898019,0.8660254038,0.5
2024-03-17 05:00:00,-0.8746381492897739,-0.4039151083,0.9118195972,1.7605325636,0.6559927396,-1.0171843543,-0.831291136,2.0922426295,False,-0.1714996949,False,False,False,False,False,False,True,False,False,False,False,False,False,False,False,False,False,False,False,False,False,False,False,False,False,True,False,False,True,0.9659258263,0.2588190451,-0.7818314825,0.6234898019,0.8660254038,0.5
2024-03-17 06:00:00,-1.0097962236084137,-0.4317646796,0.9118195972,0.2514063215,0.7588967825,0.1202836776,-0.5308611474,2.0922426295,False,-0.1714996949,False,False,False,False,False,False,True,False,False,False,False,False,False,False,False,False,False,False,False,False,False,False,False,False,False,True,False,False,True,1.0,0.0,-0.7818314825,0.6234898019,0.8660254038,0.5
2024-03-17 07:00:00,-0.8746381492897739,-0.4874638221,0.9118195972,0.7544484022,0.8618008254,-0.0617112075,-0.2193041222,2.0922426295,False,-0.1714996949,False,False,False,False,False,False,False,False,False,False,False,False,False,True,False,False,False,False,False,False,False,False,True,False,False,False,False,False,True,0.9659258263,-0.2588190451,-0.7818314825,0.6234898019,0.8660254038,0.5
2024-03-17 08:00:00,-0.739480074971134,-0.4596142508,0.9118195972,0.2514063215,0.8618008254,-0.0617112075,-0.0969067194,1.4199547187,False,-0.1714996949,False,False,True,False,False,False,False,False,False,False,False,False,False,False,False,False,False,False,False,False,False,False,False,False,False,True,False,False,True,0.8660254038,-0.5,-0.7818314825,0.6234898019,0.8660254038,0.5
2024-03-17 09:00:00,-0.19884777769657447,-0.4224814892,-0.4901190191,-0.7546778399,0.8618008254,-0.0162124862,-0.2415581954,1.4810718015,False,-0.1714996949,False,False,True,False,False,False,False,False,False,False,False,False,False,False,False,False,False,False,False,False,False,False,False,False,False,False,True,False,True,0.7071067812,-0.7071067812,-0.7818314825,0.6234898019,0.8660254038,0.5
2024-03-17 10:00:00,0.0714683709407053,-0.4224814892,0.9118195972,0.7544484022,0.9647048683,-0.15270865,-0.2415581954,2.0922426295,False,-0.1714996949,False,False,False,False,False,False,False,False,False,False,False,False,False,False,True,False,False,False,False,False,True,False,False,False,False,False,False,False,True,0.5,-0.8660254038,-0.7818314825,0.6234898019,0.8660254038,0.5
2024-03-17 11:00:00,0.20662644525934518,-0.5617293455,0.9118195972,0.7544484022,0.9647048683,-0.15270865,-0.2415581954,2.0922426295,False,-0.1714996949,False,False,False,False,False,False,False,False,False,False,False,False,False,False,True,False,False,False,False,False,True,False,False,False,False,False,False,False,True,0.2588190451,-0.9659258263,-0.7818314825,0.6234898019,0.8660254038,0.5
2024-03-17 12:00:00,0.20662644525934518,-0.5710125359,2.3137582136,2.012053604,0.8618008254,0.5297721691,-0.4529718911,2.0922426295,False,-0.1714996949,False,False,False,False,False,False,False,False,True,False,False,False,False,False,False,False,False,False,False,False,True,False,False,False,False,False,False,False,True,0.0,-1.0,-0.7818314825,0.6234898019,0.8660254038,0.5
2024-03-17 13:00:00,0.20662644525934518,-0.4967470125,2.3137582136,2.2635746443,0.7588967825,0.4387747266,-0.3639555982,2.0922426295,True,0.3366990221,False,False,False,False,False,False,False,False,False,False,False,False,False,False,True,False,False,False,False,False,True,False,False,False,False,False,False,False,True,-0.2588190451,-0.9659258263,-0.7818314825,0.6234898019,0.8660254038,0.5
2024-03-17 14:00:00,0.34178451957798506,-0.4967470125,0.9118195972,1.7605325636,0.6559927396,0.4842734479,-0.3083204151,1.5421888843,False,-0.1714996949,False,False,True,False,False,False,False,False,False,False,False,False,False,False,False,False,False,False,True,False,False,False,False,False,False,False,False,False,True,-0.5,-0.8660254038,-0.7818314825,0.6234898019,0.8660254038,0.5
2024-03-17 15:00:00,0.47694259389662497,-0.552446155,0.9118195972,1.7605325636,0.6559927396,0.4842734479,-0.3083204151,2.0922426295,False,-0.1714996949,False,False,False,False,False,False,False,False,False,False,False,False,False,False,True,False,False,False,True,False,False,False,False,False,False,False,False,False,True,-0.7071067812,-0.7071067812,-0.7818314825,0.6234898019,0.8660254038,0.5
2024-03-17 16:00:00,0.6121006682152649,-0.5245965838,0.9118195972,1.0059694426,0.5530886967,0.5297721691,-0.2971933785,2.0922426295,False,-0.1714996949,False,False,False,False,False,False,False,False,False,False,False,False,False,False,True,False,False,False,True,False,False,False,False,False,False,False,False,False,True,-0.8660254038,-0.5,-0.7818314825,0.6234898019,0.8660254038,0.5
2024-03-17 17:00:00,0.8824168168525446,-0.5338797742,0.9118195972,1.2574904829,0.5530886967,0.3932760053,-0.2415581954,1.7255401327,False,-0.1714996949,False,False,True,False,False,False,False,False,False,False,False,False,False,False,False,False,False,False,True,False,False,False,False,False,False,False,False,False,True,-0.9659258263,-0.2588190451,-0.7818314825,0.6234898019,0.8660254038,0.5
2024-03-17 18:00:00,0.8824168168525446,-0.5617293455,0.9118195972,1.5090115233,0.6559927396,0.3932760053,-0.3083204151,1.1754863874,False,-0.1714996949,False,False,True,False,False,False,False,False,False,False,False,False,False,False,False,False,False,False,True,False,False,False,False,False,False,False,False,False,True,-1.0,-0.0,-0.7818314825,0.6234898019,0.8660254038,0.5
2024-03-17 19:00:00,0.8824168168525446,-0.5802957263,0.9118195972,0.7544484022,0.7588967825,0.7117670542,-0.5308611474,0.9004595148,False,-0.1714996949,False,False,True,False,False,False,False,False,False,False,False,False,False,False,False,False,False,False,True,False,False,False,False,False,False,False,False,False,True,-0.9659258263,0.2588190451,-0.7818314825,0.6234898019,0.8660254038,0.5
2024-03-17 20:00:00,0.7472587425339047,-0.6267116784,0.9118195972,1.0059694426,0.8618008254,1.1212555457,-0.9314344655,1.3282790945,True,0.8006481012,False,False,False,False,False,False,True,False,False,False,False,False,False,False,False,False,False,False,True,False,False,False,False,False,False,False,False,False,True,-0.8660254038,0.5,-0.7818314825,0.6234898019,0.8660254038,0.5
2024-03-17 21:00:00,0.8824168168525446,-0.7195435826,0.9118195972,0.7544484022,0.9647048683,1.3032504309,-1.0872129781,2.0922426295,True,1.2274398817,False,False,False,False,False,False,True,False,False,False,False,False,False,False,False,False,False,False,True,False,False,False,False,False,False,False,False,False,True,-0.7071067812,0.7071067812,-0.7818314825,0.6234898019,0.8660254038,0.5
2024-03-17 22:00:00,0.7472587425339047,-0.7752427251,0.9118195972,0.7544484022,0.9647048683,1.3032504309,-1.0872129781,1.144927846,True,1.2274398817,True,False,False,False,False,False,False,False,False,False,False,False,False,False,False,False,False,False,True,False,False,False,False,False,False,False,False,False,True,-0.5,0.8660254038,-0.7818314825,0.6234898019,0.8660254038,0.5
2024-03-17 23:00:00,-0.739480074971134,-0.8216586772,0.9118195972,0.7544484022,0.9647048683,0.7572657755,-0.2526852321,1.8477742983,False,-0.1714996949,True,False,False,False,False,False,False,False,False,False,False,False,False,False,False,False,False,False,False,False,True,False,False,False,False,False,False,False,True,-0.2588190451,0.9659258263,-0.7818314825,0.6234898019,0.8660254038,0.5
2024-03-18 00:00:00,-0.8746381492897739,-0.8680746294,0.9118195972,1.2574904829,0.9647048683,0.8482632181,-0.2638122687,2.0922426295,True,2.6578370762,True,False,False,False,False,False,False,False,False,False,False,False,False,False,False,False,False,False,False,False,True,False,False,False,False,False,False,False,False,0.0,1.0,0.0,1.0,0.8660254038,0.5
2024-03-18 01:00:00,-1.0097962236084137,-0.8959242006,0.9118195972,1.0059694426,0.9647048683,0.9847593819,-0.2304311588,2.0922426295,True,2.3345835152,True,False,False,False,False,False,False,False,False,False,False,False,False,False,False,False,False,False,True,False,False,False,False,False,False,False,False,False,False,0.2588190451,0.9659258263,0.0,1.0,0.8660254038,0.5
2024-03-18 02:00:00,-0.8746381492897739,-0.8959242006,0.9118195972,1.0059694426,0.9647048683,1.166754267,-0.2415581954,2.0922426295,True,0.8006481012,True,False,False,False,False,False,False,False,False,False,False,False,False,False,False,False,False,False,False,False,False,True,False,False,False,False,False,False,False,0.5,0.8660254038,0.0,1.0,0.8660254038,0.5
2024-03-18 03:00:00,-0.8746381492897739,-0.8959242006,0.9118195972,0.2514063215,0.9647048683,1.0302581032,0.1923962325,2.0922426295,True,0.3366990221,True,False,False,False,False,False,False,False,False,False,False,False,False,False,False,False,False,False,False,False,False,True,False,False,False,False,False,False,False,0.7071067812,0.7071067812,0.0,1.0,0.8660254038,0.5
2024-03-18 04:00:00,-0.8746381492897739,-0.8866410102,-1.8920576355,-1.2577199206,0.9647048683,1.1212555457,-0.0190174631,2.0922426295,True,0.3366990221,False,False,False,False,False,False,False,False,False,False,False,False,False,False,True,False,False,False,False,False,False,False,False,False,False,False,False,True,False,0.8660254038,0.5,0.0,1.0,0.8660254038,0.5
2024-03-18 05:00:00,-1.0097962236084137,-0.8773578198,-0.4901190191,-0.2516357592,0.9647048683,1.0757568245,-0.4418448545,2.0922426295,False,-0.1714996949,False,False,False,False,False,False,False,False,False,False,False,False,False,False,True,False,False,False,False,False,False,False,False,False,False,False,True,False,False,0.9659258263,0.2588190451,0.0,1.0,0.8660254038,0.5
2024-03-18 06:00:00,-0.8746381492897739,-0.8866410102,-0.4901190191,-0.0001147188,0.9647048683,1.0757568245,-0.2304311588,2.0922426295,False,-0.1714996949,False,False,False,False,False,False,False,False,False,False,False,False,False,False,True,False,False,False,False,False,False,False,True,False,False,False,False,False,False,1.0,0.0,0.0,1.0,0.8660254038,0.5
2024-03-18 07:00:00,-0.8746381492897739,-0.8587914389,-0.4901190191,-0.5031567995,1.0676089112,1.1212555457,-0.2971933785,1.6033059671,False,-0.1714996949,False,False,True,False,False,False,False,False,False,False,False,False,False,False,False,False,False,False,False,False,False,False,False,False,False,True,False,False,False,0.9659258263,-0.2588190451,0.0,1.0,0.8660254038,0.5
2024-03-18 08:00:00,-0.6043220006524941,-0.793809106,-0.4901190191,-0.5031567995,1.0676089112,1.1212555457,-0.2971933785,2.0922426295,False,-0.1714996949,False,False,False,False,False,False,False,False,False,False,False,False,False,False,True,False,False,False,False,False,False,False,False,False,False,True,False,False,False,0.8660254038,-0.5,0.0,1.0,0.8660254038,0.5
2024-03-18 09:00:00,0.0714683709407053,-0.7102603922,0.9118195972,0.7544484022,1.1705129541,0.9392606606,-0.341701525,1.8783328397,False,-0.1714996949,False,False,True,False,False,False,False,False,False,False,False,False,False,False,False,False,False,False,False,False,False,False,False,False,False,False,True,False,False,0.7071067812,-0.7071067812,0.0,1.0,0.8660254038,0.5
2024-03-18 10:00:00,0.0714683709407053,-0.5895789167,0.9118195972,0.7544484022,1.1705129541,0.8937619394,-0.3750826348,1.7866572155,False,-0.1714996949,False,False,True,False,False,False,False,False,False,False,False,False,False,False,False,False,False,False,False,False,False,False,False,False,False,True,False,False,False,0.5,-0.8660254038,0.0,1.0,0.8660254038,0.5
2024-03-18 11:00:00,0.20662644525934518,-0.4503310604,0.9118195972,1.5090115233,1.1705129541,0.7117670542,-0.4418448545,0.686549725,False,-0.1714996949,False,False,True,False,False,False,False,False,False,False,False,False,False,False,False,False,False,False,False,False,False,False,False,False,False,True,False,False,False,0.2588190451,-0.9659258263,0.0,1.0,0.8660254038,0.5
2024-03-18 12:00:00,0.0714683709407053,-0.2368176807,0.9118195972,1.7605325636,1.0676089112,0.3022785627,-0.397336708,-0.7497017209,False,-0.1714996949,False,False,False,False,False,False,False,False,False,True,False,False,False,False,False,False,False,False,False,False,False,False,False,False,False,True,False,False,False,0.0,-1.0,0.0,1.0,0.8660254038,0.5
2024-03-18 13:00:00,0.0714683709407053,-0.1161362053,2.3137582136,2.012053604,0.9647048683,-0.5166984203,-0.1636689391,-0.8108188037,False,-0.1714996949,False,False,False,False,False,False,False,False,False,True,False,False,False,False,False,False,False,False,False,False,False,False,False,False,False,True,False,False,False,-0.2588190451,-0.9659258263,0.0,1.0,0.8660254038,0.5
2024-03-18 14:00:00,0.0714683709407053,0.0045452702,2.3137582136,2.012053604,0.8618008254,-1.0626830756,0.3036665987,-0.8108188037,False,-0.1714996949,False,False,False,False,False,False,False,False,False,True,False,False,False,False,False,False,False,False,False,False,False,False,True,False,False,False,False,False,False,-0.5,-0.8660254038,0.0,1.0,0.8660254038,0.5
2024-03-18 15:00:00,0.34178451957798506,0.0045452702,2.3137582136,2.012053604,0.8618008254,-1.0626830756,0.3036665987,-0.8108188037,False,-0.1714996949,False,False,False,False,False,False,False,False,False,True,False,False,False,False,False,False,False,False,False,False,False,False,True,False,False,False,False,False,False,-0.7071067812,-0.7071067812,0.0,1.0,0.8660254038,0.5
2024-03-18 16:00:00,0.34178451957798506,0.1066603648,2.3137582136,2.5150956847,0.5530886967,-1.4266728458,0.4816991845,-0.8108188037,False,-0.1714996949,False,False,False,False,False,False,False,False,False,True,False,False,False,False,False,False,False,False,False,False,False,False,False,False,False,True,False,False,False,-0.8660254038,-0.5,0.0,1.0,0.8660254038,0.5
2024-03-18 17:00:00,0.47694259389662497,0.0973771744,0.9118195972,1.5090115233,0.5530886967,-1.5176702884,0.72649399,-0.8108188037,False,-0.1714996949,False,False,False,False,False,False,False,False,False,True,False,False,False,False,False,False,False,False,False,False,False,False,False,False,False,True,False,False,False,-0.9659258263,-0.2588190451,0.0,1.0,0.8660254038,0.5
2024-03-18 18:00:00,0.47694259389662497,0.0416780319,0.9118195972,1.5090115233,0.6559927396,-1.5631690097,0.8266373195,-0.8108188037,False,-0.1714996949,False,False,False,False,False,False,False,False,False,True,False,False,False,False,False,False,False,False,False,False,False,False,False,False,False,True,False,False,False,-1.0,-0.0,0.0,1.0,0.8660254038,0.5
2024-03-18 19:00:00,-0.06368970337793459,-0.0140211106,0.9118195972,1.2574904829,0.6559927396,-1.5176702884,0.9045265758,-0.8108188037,False,-0.1714996949,False,False,False,False,False,False,False,False,False,True,False,False,False,False,False,False,False,False,False,False,False,False,False,False,False,True,False,False,False,-0.9659258263,0.2588190451,0.0,1.0,0.8660254038,0.5
2024-03-18 20:00:00,0.20662644525934518,-0.1904017286,0.9118195972,1.0059694426,0.7588967825,-1.4266728458,0.72649399,-0.8108188037,False,-0.1714996949,False,False,False,False,False,False,False,False,False,True,False,False,False,False,False,False,False,False,False,False,False,False,False,False,False,False,True,False,False,-0.8660254038,0.5,0.0,1.0,0.8660254038,0.5
2024-03-18 21:00:00,0.0714683709407053,-0.1254193957,0.9118195972,1.2574904829,0.9647048683,-2.0636549437,0.1256340128,1.2977205531,False,-0.1714996949,False,False,True,False,False,False,False,False,False,False,False,False,False,False,False,False,False,False,False,False,False,False,False,False,True,False,False,False,False,-0.7071067812,0.7071067812,0.0,1.0,0.8660254038,0.5
2024-03-18 22:00:00,0.0714683709407053,-0.1068530148,2.3137582136,2.012053604,1.0676089112,-2.2911485501,0.092252903,-0.8108188037,False,-0.1714996949,False,False,False,False,False,False,False,False,False,True,False,False,False,False,False,False,False,False,False,False,False,False,False,False,False,False,True,False,False,-0.5,0.8660254038,0.0,1.0,0.8660254038,0.5
2024-03-18 23:00:00,-0.739480074971134,-0.264667252,0.9118195972,0.7544484022,1.0676089112,-2.2911485501,-0.0301444998,-0.8108188037,False,-0.1714996949,False,False,False,False,False,False,False,False,False,True,False,False,False,False,False,False,False,False,False,False,False,False,False,False,True,False,False,False,False,-0.2588190451,0.9659258263,0.0,1.0,0.8660254038,0.5
2024-03-19 00:00:00,-0.8746381492897739,-0.2739504424,0.9118195972,0.2514063215,1.0676089112,-2.2911485501,-0.1859230124,-0.8108188037,False,-0.1714996949,False,False,False,False,False,False,False,False,False,False,False,False,False,True,False,False,False,False,False,False,False,True,False,False,False,False,False,False,False,0.0,1.0,0.7818314825,0.6234898019,0.8660254038,0.5
2024-03-19 01:00:00,-1.0097962236084137,-0.3296495849,0.9118195972,0.7544484022,1.0676089112,-2.2456498288,-0.2971933785,-0.8108188037,False,-0.1714996949,False,False,False,False,False,False,False,False,False,False,False,False,False,True,False,False,False,False,False,False,False,False,False,False,True,False,False,False,False,0.2588190451,0.9659258263,0.7818314825,0.6234898019,0.8660254038,0.5
2024-03-19 02:00:00,-0.8746381492897739,-0.5245965838,-0.4901190191,-0.2516357592,1.1705129541,-2.1546523863,-0.0635256096,-0.8108188037,False,-0.1714996949,False,False,False,False,False,False,False,False,False,True,False,False,False,False,False,False,False,False,False,False,False,False,False,False,True,False,False,False,False,0.5,0.8660254038,0.7818314825,0.6234898019,0.8660254038,0.5
2024-03-19 03:00:00,-0.8746381492897739,-0.552446155,-0.4901190191,-0.2516357592,1.1705129541,-2.1546523863,-0.0635256096,-0.8108188037,False,-0.1714996949,False,False,False,False,False,False,False,False,False,True,False,False,False,False,False,False,False,False,False,False,False,False,False,False,True,False,False,False,False,0.7071067812,0.7071067812,0.7818314825,0.6234898019,0.8660254038,0.5
2024-03-19 04:00:00,-1.0097962236084137,-0.7473931539,-0.4901190191,-1.0061988802,1.1705129541,-1.790662616,-0.0635256096,-0.8108188037,False,-0.1714996949,False,False,False,False,False,False,False,False,False,True,False,False,False,False,False,False,False,False,False,False,True,False,False,False,False,False,False,False,False,0.8660254038,0.5,0.7818314825,0.6234898019,0.8660254038,0.5
2024-03-19 05:00:00,-0.8746381492897739,-0.8123754868,0.9118195972,0.2514063215,1.1705129541,-1.6996651735,-0.2971933785,-0.8108188037,False,-0.1714996949,False,False,False,False,False,False,False,False,False,True,False,False,False,False,False,False,False,False,False,False,False,False,False,False,True,False,False,False,False,0.9659258263,0.2588190451,0.7818314825,0.6234898019,0.8660254038,0.5
2024-03-19 06:00:00,-0.8746381492897739,-0.905207391,-0.4901190191,-0.2516357592,1.1705129541,-1.290176682,-0.1859230124,-0.8108188037,False,-0.1714996949,False,False,False,False,False,False,False,False,False,False,False,False,False,True,False,False,False,False,False,False,True,False,False,False,False,False,False,False,False,1.0,0.0,0.7818314825,0.6234898019,0.8660254038,0.5
2024-03-19 07:00:00,-0.8746381492897739,-0.970189724,-0.4901190191,-0.2516357592,1.1705129541,-1.290176682,-0.1859230124,-0.8108188037,False,-0.1714996949,False,False,False,False,False,False,False,False,False,False,False,False,False,True,False,False,False,False,False,False,True,False,False,False,False,False,False,False,False,0.9659258263,-0.2588190451,0.7818314825,0.6234898019,0.8660254038,0.5
2024-03-19 08:00:00,-0.6043220006524941,-0.8866410102,-0.4901190191,-0.5031567995,1.3763210399,-1.290176682,-0.2304311588,-0.8108188037,False,-0.1714996949,False,False,False,False,False,False,False,False,False,False,False,False,False,True,False,False,False,False,True,False,False,False,False,False,False,False,False,False,False,0.8660254038,-0.5,0.7818314825,0.6234898019,0.8660254038,0.5
2024-03-19 09:00:00,0.47694259389662497,-0.552446155,0.9118195972,0.2514063215,1.3763210399,-1.4266728458,-0.3750826348,-0.8108188037,False,-0.1714996949,False,False,False,False,False,False,False,False,False,False,False,False,False,True,False,False,False,False,True,False,False,False,False,False,False,False,False,False,False,0.7071067812,-0.7071067812,0.7818314825,0.6234898019,0.8660254038,0.5
2024-03-19 10:00:00,0.6121006682152649,-0.2553840616,0.9118195972,0.7544484022,1.3763210399,-2.0636549437,-0.2638122687,-0.8108188037,False,-0.1714996949,False,False,False,False,False,False,False,False,False,False,False,False,False,True,False,False,False,False,True,False,False,False,False,False,False,False,False,False,False,0.5,-0.8660254038,0.7818314825,0.6234898019,0.8660254038,0.5
2024-03-19 11:00:00,0.6121006682152649,-0.153268967,0.9118195972,1.5090115233,1.273416997,-2.2911485501,0.0032366101,-0.8108188037,False,-0.1714996949,False,False,False,False,False,False,False,False,False,False,False,False,False,True,False,False,False,False,True,False,False,False,False,False,False,False,False,False,False,0.2588190451,-0.9659258263,0.7818314825,0.6234898019,0.8660254038,0.5
2024-03-19 12:00:00,0.6121006682152649,-0.0511538723,0.9118195972,1.0059694426,1.1705129541,-2.3366472714,0.092252903,-0.8108188037,False,-0.1714996949,False,False,False,False,False,False,False,False,False,False,False,False,False,True,False,False,False,False,True,False,False,False,False,False,False,False,False,False,False,0.0,-1.0,0.7818314825,0.6234898019,0.8660254038,0.5
2024-03-19 13:00:00,-0.06368970337793459,0.0695276031,0.9118195972,0.2514063215,1.0676089112,-2.3821459927,0.581842514,-0.8108188037,False,-0.1714996949,False,False,False,False,False,False,False,False,False,True,False,False,False,False,False,False,False,False,False,False,False,False,True,False,False,False,False,False,False,-0.2588190451,-0.9659258263,0.7818314825,0.6234898019,0.8660254038,0.5
2024-03-19 14:00:00,-0.06368970337793459,0.1345099361,0.9118195972,0.2514063215,0.8618008254,-2.4276447139,0.4928262211,-0.8108188037,False,-0.1714996949,False,False,False,False,False,False,False,False,False,True,False,False,False,False,False,False,False,False,False,False,True,False,False,False,False,False,False,False,False,-0.5,-0.8660254038,0.7818314825,0.6234898019,0.8660254038,0.5
2024-03-19 15:00:00,0.0714683709407053,0.2366250307,0.9118195972,0.5029273619,0.6559927396,-2.4731434352,0.3036665987,-0.8108188037,False,-0.1714996949,False,False,False,False,False,False,False,False,False,True,False,False,False,False,False,False,False,False,False,False,True,False,False,False,False,False,False,False,False,-0.7071067812,-0.7071067812,0.7818314825,0.6234898019,0.8660254038,0.5
2024-03-19 16:00:00,0.0714683709407053,0.3294569349,0.9118195972,0.2514063215,0.6559927396,-2.4276447139,0.7710021365,-0.8108188037,False,-0.1714996949,False,False,False,False,False,False,False,False,False,True,False,False,False,False,False,False,False,False,False,False,False,False,True,False,False,False,False,False,False,-0.8660254038,-0.5,0.7818314825,0.6234898019,0.8660254038,0.5
2024-03-19 17:00:00,0.34178451957798506,0.2923241732,-0.4901190191,-0.0001147188,0.5530886967,-2.4276447139,1.1381943448,-0.8108188037,False,-0.1714996949,False,False,False,False,False,False,False,False,False,True,False,False,False,False,False,False,False,False,False,False,True,False,False,False,False,False,False,False,False,-0.9659258263,-0.2588190451,0.7818314825,0.6234898019,0.8660254038,0.5
2024-03-19 18:00:00,0.20662644525934518,0.2273418403,-0.4901190191,-0.0001147188,0.5530886967,-2.4276447139,1.1381943448,-0.8108188037,False,-0.1714996949,False,False,False,False,False,False,False,False,False,True,False,False,False,False,False,False,False,False,False,False,True,False,False,False,False,False,False,False,False,-1.0,-0.0,0.7818314825,0.6234898019,0.8660254038,0.5
2024-03-19 19:00:00,-0.06368970337793459,-0.0511538723,0.9118195972,1.2574904829,0.5530886967,-1.9726575012,0.6931128802,-0.8108188037,False,-0.1714996949,False,False,False,False,False,False,False,False,False,True,False,False,False,False,False,False,False,False,False,False,True,False,False,False,False,False,False,False,False,-0.9659258263,0.2588190451,0.7818314825,0.6234898019,0.8660254038,0.5
2024-03-19 20:00:00,0.0714683709407053,-0.1625521574,0.9118195972,1.2574904829,0.6559927396,-1.790662616,0.526207331,-0.3829992241,False,-0.1714996949,False,False,False,False,False,False,False,False,False,True,False,False,False,False,False,False,False,False,False,False,True,False,False,False,False,False,False,False,False,-0.8660254038,0.5,0.7818314825,0.6234898019,0.8660254038,0.5
2024-03-19 21:00:00,0.0714683709407053,-0.2461008712,0.9118195972,0.2514063215,0.7588967825,-1.6996651735,0.437191038,0.4420813938,False,-0.1714996949,False,False,True,False,False,False,False,False,False,False,False,False,False,False,False,False,False,False,True,False,False,False,False,False,False,False,False,False,False,-0.7071067812,0.7071067812,0.7818314825,0.6234898019,0.8660254038,0.5
2024-03-19 22:00:00,0.0714683709407053,-0.4317646796,-0.4901190191,-0.0001147188,0.8618008254,-1.5631690097,0.2814125254,0.2587301454,False,-0.1714996949,False,False,True,False,False,False,False,False,False,False,False,False,False,False,False,False,False,False,True,False,False,False,False,False,False,False,False,False,False,-0.5,0.8660254038,0.7818314825,0.6234898019,0.8660254038,0.5
2024-03-19 23:00:00,-0.739480074971134,-0.5431629646,-0.4901190191,-0.0001147188,0.8618008254,-1.3356754033,-0.052398573,-0.7497017209,False,-0.1714996949,False,False,False,False,False,False,False,False,False,True,False,False,False,False,False,False,False,False,True,False,False,False,False,False,False,False,False,False,False,-0.2588190451,0.9659258263,0.7818314825,0.6234898019,0.8660254038,0.5
2024-03-20 00:00:00,-0.8746381492897739,-0.5617293455,0.9118195972,0.5029273619,0.8618008254,-1.290176682,-0.1747959758,-0.5969090139,False,-0.1714996949,False,False,False,False,False,False,False,False,False,True,False,False,False,False,False,False,False,False,True,False,False,False,False,False,False,False,False,False,False,0.0,1.0,0.9749279122,-0.222520934,0.8660254038,0.5
2024-03-20 01:00:00,-1.0097962236084137,-0.5988621071,0.9118195972,1.0059694426,0.8618008254,-1.2446779607,-0.1747959758,0.3198472282,False,-0.1714996949,False,False,True,False,False,False,False,False,False,False,False,False,False,False,False,False,False,False,False,False,False,True,False,False,False,False,False,False,False,0.2588190451,0.9659258263,0.9749279122,-0.222520934,0.8660254038,0.5
2024-03-20 02:00:00,-0.8746381492897739,-0.6359948688,2.3137582136,1.7605325636,0.8618008254,-1.2446779607,-0.1302878293,-0.7497017209,False,-0.1714996949,False,False,False,False,False,False,False,False,False,True,False,False,False,False,False,False,False,False,False,False,False,True,False,False,False,False,False,False,False,0.5,0.8660254038,0.9749279122,-0.222520934,0.8660254038,0.5
2024-03-20 03:00:00,-1.0097962236084137,-0.7752427251,-0.4901190191,-1.0061988802,0.8618008254,-1.0171843543,-0.0078904265,-0.4746748483,False,-0.1714996949,False,False,False,False,False,False,False,False,False,True,False,False,False,False,False,False,False,False,True,False,False,False,False,False,False,False,False,False,False,0.7071067812,0.7071067812,0.9749279122,-0.222520934,0.8660254038,0.5
2024-03-20 04:00:00,-0.8746381492897739,-0.8402250581,-0.4901190191,-0.5031567995,0.8618008254,-1.1081817969,-0.3083204151,-0.7802602623,False,-0.1714996949,False,False,False,False,False,False,False,False,False,True,False,False,False,False,False,False,False,False,False,False,False,False,False,False,True,False,False,False,False,0.8660254038,0.5,0.9749279122,-0.222520934,0.8660254038,0.5
2024-03-20 05:00:00,-0.8746381492897739,-0.8587914389,-0.4901190191,-0.2516357592,0.8618008254,-0.971685633,0.0699988298,-0.6580260967,False,-0.1714996949,False,False,False,False,False,False,False,False,False,True,False,False,False,False,False,False,False,False,True,False,False,False,False,False,False,False,False,False,False,0.9659258263,0.2588190451,0.9749279122,-0.222520934,0.8660254038,0.5
2024-03-20 06:00:00,-1.0097962236084137,-0.9423401527,-0.4901190191,-0.5031567995,0.8618008254,-0.9261869118,-0.0301444998,-0.8108188037,False,-0.1714996949,False,False,False,False,False,False,False,False,False,True,False,False,False,False,False,False,False,False,True,False,False,False,False,False,False,False,False,False,False,1.0,0.0,0.9749279122,-0.222520934,0.8660254038,0.5
2024-03-20 07:00:00,-0.8746381492897739,-0.970189724,-0.4901190191,-0.2516357592,0.8618008254,-0.7441920267,0.0811258664,-0.8108188037,False,-0.1714996949,False,False,False,False,False,False,False,False,False,True,False,False,False,False,False,False,False,False,False,False,False,False,False,False,True,False,False,False,False,0.9659258263,-0.2588190451,0.9749279122,-0.222520934,0.8660254038,0.5
2024-03-20 08:00:00,-0.46916392633385423,-0.7659595347,-0.4901190191,-0.2516357592,0.8618008254,-0.7441920267,0.0811258664,-0.8108188037,False,-0.1714996949,False,False,False,False,False,False,False,False,False,True,False,False,False,False,False,False,False,False,False,False,False,False,False,False,True,False,False,False,False,0.8660254038,-0.5,0.9749279122,-0.222520934,0.8660254038,0.5
2024-03-20 09:00:00,1.0175748911711844,-0.5060302029,0.9118195972,1.0059694426,0.9647048683,-1.0626830756,-0.1080337561,-0.8108188037,False,-0.1714996949,False,False,False,False,False,False,False,False,False,True,False,False,False,False,False,False,False,False,True,False,False,False,False,False,False,False,False,False,False,0.7071067812,-0.7071067812,0.9749279122,-0.222520934,0.8660254038,0.5
2024-03-20 10:00:00,0.8824168168525446,-0.2925168233,0.9118195972,1.2574904829,0.9647048683,-1.5176702884,0.1033799396,-0.8108188037,False,-0.1714996949,False,False,False,False,False,False,False,False,False,True,False,False,False,False,False,False,False,False,False,False,True,False,False,False,False,False,False,False,False,0.5,-0.8660254038,0.9749279122,-0.222520934,0.8660254038,0.5
2024-03-20 11:00:00,0.7472587425339047,-0.153268967,0.9118195972,1.5090115233,0.9647048683,-1.6086677309,0.5929695506,-0.8108188037,False,-0.1714996949,False,False,False,False,False,False,False,False,False,True,False,False,False,False,False,False,False,False,False,False,True,False,False,False,False,False,False,False,False,0.2588190451,-0.9659258263,0.9749279122,-0.222520934,0.8660254038,0.5
2024-03-20 12:00:00,0.6121006682152649,-0.0325874915,0.9118195972,1.2574904829,0.7588967825,-1.790662616,0.6040965873,-0.8108188037,False,-0.1714996949,False,False,False,False,False,False,False,False,False,True,False,False,False,False,False,False,False,False,False,False,True,False,False,False,False,False,False,False,False,0.0,-1.0,0.9749279122,-0.222520934,0.8660254038,0.5
2024-03-20 13:00:00,-0.06368970337793459,0.0973771744,0.9118195972,1.2574904829,0.5530886967,-1.8361613373,0.5929695506,-0.8108188037,False,-0.1714996949,False,False,False,False,False,False,False,False,False,True,False,False,False,False,False,False,False,False,False,False,False,True,False,False,False,False,False,False,False,-0.2588190451,-0.9659258263,0.9749279122,-0.222520934,0.8660254038,0.5
2024-03-20 14:00:00,-0.19884777769657447,0.2273418403,0.9118195972,1.0059694426,0.3472806109,-1.8816600586,1.1159402715,-0.8108188037,False,-0.1714996949,False,False,False,False,False,False,False,False,False,True,False,False,False,False,False,False,False,False,True,False,False,False,False,False,False,False,False,False,False,-0.5,-0.8660254038,0.9749279122,-0.222520934,0.8660254038,0.5
2024-03-20 15:00:00,0.47694259389662497,0.2551914116,0.9118195972,1.0059694426,0.1414725251,-1.8361613373,0.5373343676,-0.8108188037,False,-0.1714996949,False,False,False,False,False,False,False,False,False,True,False,False,False,False,False,False,False,False,False,False,True,False,False,False,False,False,False,False,False,-0.7071067812,-0.7071067812,0.9749279122,-0.222520934,0.8660254038,0.5
2024-03-20 16:00:00,0.6121006682152649,0.2830409828,0.9118195972,1.5090115233,0.0385684822,-1.7451638948,0.6374776971,-0.8108188037,False,-0.1714996949,False,False,False,False,False,False,False,False,False,True,False,False,False,False,False,False,False,False,False,False,True,False,False,False,False,False,False,False,False,-0.8660254038,-0.5,0.9749279122,-0.222520934,0.8660254038,0.5
2024-03-20 17:00:00,0.6121006682152649,0.2273418403,2.3137582136,2.012053604,-0.0643355607,-1.7451638948,0.6263506605,-0.8108188037,False,-0.1714996949,False,False,False,False,False,False,False,False,False,True,False,False,False,False,False,False,False,False,False,False,True,False,False,False,False,False,False,False,False,-0.9659258263,-0.2588190451,0.9749279122,-0.222520934,0.8660254038,0.5
2024-03-20 18:00:00,0.7472587425339047,0.1530763169,2.3137582136,1.7605325636,-0.1672396036,-1.6996651735,1.160448418,-0.8108188037,False,-0.1714996949,False,False,False,False,False,False,False,False,False,True,False,False,False,False,False,False,False,False,False,False,True,False,False,False,False,False,False,False,False,-1.0,-0.0,0.9749279122,-0.222520934,0.8660254038,0.5
2024-03-20 19:00:00,0.0714683709407053,0.0323948415,0.9118195972,0.2514063215,-0.1672396036,-1.6086677309,0.8600184294,-0.8108188037,False,-0.1714996949,False,False,False,False,False,False,False,False,False,True,False,False,False,False,False,False,False,False,True,False,False,False,False,False,False,False,False,False,False,-0.9659258263,0.2588190451,0.9749279122,-0.222520934,0.8660254038,0.5
2024-03-20 20:00:00,0.34178451957798506,-0.1254193957,-0.4901190191,-0.0001147188,-0.1672396036,-1.4721715671,0.5707154774,-0.8108188037,False,-0.1714996949,False,False,False,False,False,False,False,False,False,True,False,False,False,False,False,False,False,False,False,False,False,True,False,False,False,False,False,False,False,-0.8660254038,0.5,0.9749279122,-0.222520934,0.8660254038,0.5
2024-03-20 21:00:00,0.20662644525934518,-0.2182512999,-0.4901190191,-0.2516357592,-0.1672396036,-1.3811741245,0.3704288184,-0.5052333897,False,-0.1714996949,False,False,False,False,False,False,False,False,False,True,False,False,False,False,False,False,False,False,False,False,False,True,False,False,False,False,False,False,False,-0.7071067812,0.7071067812,0.9749279122,-0.222520934,0.8660254038,0.5
2024-03-20 22:00:00,0.0714683709407053,-0.2832336328,-0.4901190191,-0.2516357592,-0.1672396036,-1.3811741245,0.3704288184,-0.8108188037,False,-0.1714996949,False,False,False,False,False,False,False,False,False,True,False,False,False,False,False,False,False,False,False,False,False,True,False,False,False,False,False,False,False,-0.5,0.8660254038,0.9749279122,-0.222520934,0.8660254038,0.5
2024-03-20 23:00:00,-0.739480074971134,-0.3296495849,0.9118195972,0.2514063215,-0.1672396036,-1.1536805182,0.0254906833,-0.2913235999,False,-0.1714996949,False,False,False,False,False,False,False,False,False,True,False,False,False,False,False,False,False,False,True,False,False,False,False,False,False,False,False,False,False,-0.2588190451,0.9659258263,0.9749279122,-0.222520934,0.8660254038,0.5
2024-03-21 00:00:00,-0.8746381492897739,-0.2553840616,0.9118195972,0.7544484022,-0.2701436465,-1.3811741245,0.3259206719,1.2977205531,False,-0.1714996949,False,False,True,False,False,False,False,False,False,False,False,False,False,False,False,False,False,False,False,False,True,False,False,False,False,False,False,False,False,0.0,1.0,0.4338837391,-0.9009688679,0.8660254038,0.5
2024-03-21 01:00:00,-0.8746381492897739,-0.3203663945,0.9118195972,0.7544484022,-0.2701436465,-1.3356754033,0.7042399168,2.0922426295,False,-0.1714996949,False,False,False,False,False,False,False,False,False,False,False,False,False,False,True,False,False,False,False,False,True,False,False,False,False,False,False,False,False,0.2588190451,0.9659258263,0.4338837391,-0.9009688679,0.8660254038,0.5
2024-03-21 02:00:00,-0.8746381492897739,-0.4596142508,0.9118195972,0.7544484022,-0.2701436465,-1.3356754033,0.7042399168,1.9394499225,False,-0.1714996949,False,False,False,False,False,False,False,False,False,False,False,False,False,False,True,False,False,False,False,False,True,False,False,False,False,False,False,False,False,0.5,0.8660254038,0.4338837391,-0.9009688679,0.8660254038,0.5
2024-03-21 03:00:00,-1.0097962236084137,-0.4967470125,-0.4901190191,-0.0001147188,-0.4759517323,-1.0626830756,0.4149369648,2.0616840881,False,-0.1714996949,False,False,False,False,False,False,False,False,False,False,False,False,False,False,True,False,False,False,True,False,False,False,False,False,False,False,False,False,False,0.7071067812,0.7071067812,0.4338837391,-0.9009688679,0.8660254038,0.5
2024-03-21 04:00:00,-0.8746381492897739,-0.5802957263,0.9118195972,0.2514063215,-0.5788557752,-0.9261869118,0.526207331,1.8172157569,False,-0.1714996949,False,False,True,False,False,False,False,False,False,False,False,False,False,False,False,False,False,False,False,True,False,False,False,False,False,False,False,False,False,0.8660254038,0.5,0.4338837391,-0.9009688679,0.8660254038,0.5
2024-03-21 05:00:00,-1.0097962236084137,-0.6824108209,-0.4901190191,-0.5031567995,-0.6817598181,-0.7441920267,0.581842514,0.2892886868,False,-0.1714996949,False,False,True,False,False,False,False,False,False,False,False,False,False,False,False,False,False,False,True,False,False,False,False,False,False,False,False,False,False,0.9659258263,0.2588190451,0.4338837391,-0.9009688679,0.8660254038,0.5
2024-03-21 06:00:00,-0.8746381492897739,-0.6916940114,-1.8920576355,-1.2577199206,-0.784663861,-0.6986933054,0.5484614042,-0.2302065171,False,-0.1714996949,False,False,False,False,False,False,False,False,False,True,False,False,False,False,False,False,False,False,False,False,False,False,False,False,False,False,False,True,False,1.0,0.0,0.4338837391,-0.9009688679,0.8660254038,0.5
2024-03-21 07:00:00,-0.8746381492897739,-0.7102603922,-0.4901190191,-0.5031567995,-0.784663861,-0.6531945841,-0.0857796828,-0.4441163069,False,-0.1714996949,False,False,False,False,False,False,False,False,False,True,False,False,False,False,False,False,False,False,False,True,False,False,False,False,False,False,False,False,False,0.9659258263,-0.2588190451,0.4338837391,-0.9009688679,0.8660254038,0.5
2024-03-21 08:00:00,-0.6043220006524941,-0.552446155,-0.4901190191,-0.2516357592,-0.784663861,-0.8351894692,0.1478880861,-0.8108188037,False,-0.1714996949,False,False,False,False,False,False,False,False,False,True,False,False,False,False,False,False,False,False,True,False,False,False,False,False,False,False,False,False,False,0.8660254038,-0.5,0.4338837391,-0.9009688679,0.8660254038,0.5
2024-03-21 09:00:00,0.6121006682152649,-0.2739504424,0.9118195972,0.5029273619,-0.8875679039,-1.0171843543,0.1145069762,-0.8108188037,False,-0.1714996949,False,False,False,False,False,False,False,False,False,True,False,False,False,False,False,False,False,False,True,False,False,False,False,False,False,False,False,False,False,0.7071067812,-0.7071067812,0.4338837391,-0.9009688679,0.8660254038,0.5
2024-03-21 10:00:00,0.47694259389662497,-0.1347025861,0.9118195972,0.7544484022,-0.8875679039,-1.1991792394,0.5039532577,-0.8108188037,False,-0.1714996949,False,False,False,False,False,False,False,False,False,True,False,False,False,False,False,False,False,False,True,False,False,False,False,False,False,False,False,False,False,0.5,-0.8660254038,0.4338837391,-0.9009688679,0.8660254038,0.5
2024-03-21 11:00:00,0.34178451957798506,0.1159435553,0.9118195972,0.2514063215,-0.9904719468,-1.3811741245,0.4260640014,-0.8108188037,False,-0.1714996949,False,False,False,False,False,False,False,False,False,True,False,False,False,False,False,False,False,False,False,False,True,False,False,False,False,False,False,False,False,0.2588190451,-0.9659258263,0.4338837391,-0.9009688679,0.8660254038,0.5
2024-03-21 12:00:00,0.20662644525934518,0.3201737445,0.9118195972,0.2514063215,-1.0933759897,-1.4721715671,0.437191038,-0.8108188037,False,-0.1714996949,False,False,False,False,False,False,False,False,False,True,False,False,False,False,False,False,False,False,False,False,True,False,False,False,False,False,False,False,False,0.0,-1.0,0.4338837391,-0.9009688679,0.8660254038,0.5
2024-03-21 13:00:00,-0.3340058520152144,0.4594216008,0.9118195972,0.2514063215,-1.0933759897,-1.4721715671,0.437191038,-0.8108188037,False,-0.1714996949,False,False,False,False,False,False,False,False,False,True,False,False,False,False,False,False,False,False,False,False,True,False,False,False,False,False,False,False,False,-0.2588190451,-0.9659258263,0.4338837391,-0.9009688679,0.8660254038,0.5
2024-03-21 14:00:00,-0.46916392633385423,0.5986694571,-0.4901190191,-0.0001147188,-1.5049921613,-1.6086677309,0.6708588069,-0.8108188037,False,-0.1714996949,False,False,False,False,False,False,False,False,False,True,False,False,False,False,False,False,False,False,False,False,False,True,False,False,False,False,False,False,False,-0.5,-0.8660254038,0.4338837391,-0.9009688679,0.8660254038,0.5
2024-03-21 15:00:00,0.20662644525934518,0.6822181709,0.9118195972,0.2514063215,-1.6078962042,-1.6541664522,0.8488913928,-0.8108188037,False,-0.1714996949,False,False,False,False,False,False,False,False,False,True,False,False,False,False,False,False,False,False,False,False,False,True,False,False,False,False,False,False,False,-0.7071067812,-0.7071067812,0.4338837391,-0.9009688679,0.8660254038,0.5
2024-03-21 16:00:00,0.20662644525934518,0.7193509326,0.9118195972,0.5029273619,-1.81370429,-1.5631690097,0.5373343676,-0.8108188037,False,-0.1714996949,False,False,False,False,False,False,False,False,False,True,False,False,False,False,False,False,False,False,False,True,False,False,False,False,False,False,False,False,False,-0.8660254038,-0.5,0.4338837391,-0.9009688679,0.8660254038,0.5
2024-03-21 17:00:00,0.0714683709407053,0.6358022188,0.9118195972,0.5029273619,-1.81370429,-1.5631690097,0.5373343676,-0.8108188037,False,-0.1714996949,False,False,False,False,False,False,False,False,False,True,False,False,False,False,False,False,False,False,False,True,False,False,False,False,False,False,False,False,False,-0.9659258263,-0.2588190451,0.4338837391,-0.9009688679,0.8660254038,0.5
2024-03-21 18:00:00,0.20662644525934518,0.5336871242,0.9118195972,0.7544484022,-1.9166083329,-1.4266728458,0.7710021365,-0.7191431795,False,-0.1714996949,False,False,False,False,False,False,False,False,False,True,False,False,False,False,False,False,False,False,False,False,True,False,False,False,False,False,False,False,False,-1.0,-0.0,0.4338837391,-0.9009688679,0.8660254038,0.5
2024-03-21 19:00:00,-0.06368970337793459,0.3851560775,-0.4901190191,-0.0001147188,-1.81370429,-1.290176682,0.6152236239,-0.8108188037,False,-0.1714996949,False,False,False,False,False,False,False,False,False,True,False,False,False,False,False,False,False,False,False,False,True,False,False,False,False,False,False,False,False,-0.9659258263,0.2588190451,0.4338837391,-0.9009688679,0.8660254038,0.5
2024-03-21 20:00:00,-0.06368970337793459,0.2366250307,0.9118195972,0.7544484022,-1.81370429,-1.1081817969,0.5039532577,-0.8108188037,False,-0.1714996949,False,False,False,False,False,False,False,False,False,True,False,False,False,False,False,False,False,False,True,False,False,False,False,False,False,False,False,False,False,-0.8660254038,0.5,0.4338837391,-0.9009688679,0.8660254038,0.5
2024-03-21 21:00:00,0.0714683709407053,0.1066603648,0.9118195972,0.5029273619,-1.7108002471,-0.9261869118,0.3926828916,-0.8108188037,False,-0.1714996949,False,False,False,False,False,False,False,False,False,True,False,False,False,False,False,False,False,False,False,False,True,False,False,False,False,False,False,False,False,-0.7071067812,0.7071067812,0.4338837391,-0.9009688679,0.8660254038,0.5
2024-03-21 22:00:00,-0.06368970337793459,0.0973771744,-0.4901190191,-0.2516357592,-1.6078962042,-0.8351894692,0.3370477085,-0.8108188037,False,-0.1714996949,False,False,False,False,False,False,False,False,False,True,False,False,False,False,False,False,False,False,False,False,False,True,False,False,False,False,False,False,False,-0.5,0.8660254038,0.4338837391,-0.9009688679,0.8660254038,0.5
2024-03-21 23:00:00,-0.739480074971134,-0.0418706819,-0.4901190191,-0.2516357592,-1.6078962042,-0.8351894692,0.3370477085,-0.8108188037,False,-0.1714996949,False,False,False,False,False,False,False,False,False,True,False,False,False,False,False,False,False,False,False,False,False,True,False,False,False,False,False,False,False,-0.2588190451,0.9659258263,0.4338837391,-0.9009688679,0.8660254038,0.5
2024-03-22 00:00:00,-0.8746381492897739,-0.0790034436,0.9118195972,0.2514063215,-1.6078962042,-0.5166984203,-0.1191607927,-0.0468552687,False,-0.1714996949,False,False,False,False,False,False,False,False,False,True,False,False,False,False,False,False,False,False,True,False,False,False,False,False,False,False,False,False,False,0.0,1.0,-0.4338837391,-0.9009688679,0.8660254038,0.5
2024-03-22 01:00:00,-0.8746381492897739,-0.1718353478,0.9118195972,0.2514063215,-1.6078962042,-0.5166984203,-0.1191607927,-0.6580260967,False,-0.1714996949,False,False,False,False,False,False,False,False,False,True,False,False,False,False,False,False,False,False,True,False,False,False,False,False,False,False,False,False,False,0.2588190451,0.9659258263,-0.4338837391,-0.9009688679,0.8660254038,0.5
2024-03-22 02:00:00,-0.8746381492897739,-0.2182512999,-0.4901190191,-0.2516357592,-1.6078962042,-0.2437060926,-0.0969067194,0.4115228524,False,-0.1714996949,False,False,True,False,False,False,False,False,False,False,False,False,False,False,False,False,False,False,True,False,False,False,False,False,False,False,False,False,False,0.5,0.8660254038,-0.4338837391,-0.9009688679,0.8660254038,0.5
2024-03-22 03:00:00,-0.8746381492897739,-0.1996849191,0.9118195972,0.5029273619,-1.5049921613,-0.4257009777,-0.0301444998,0.1364959797,False,-0.1714996949,False,False,True,False,False,False,False,False,False,False,False,False,False,False,False,False,False,False,False,False,False,False,False,False,True,False,False,False,False,0.7071067812,0.7071067812,-0.4338837391,-0.9009688679,0.8660254038,0.5
2024-03-22 04:00:00,-0.8746381492897739,-0.3574991562,-0.4901190191,-0.0001147188,-1.5049921613,-0.3802022564,0.0143636467,-0.2913235999,False,-0.1714996949,False,False,False,False,False,False,False,False,False,True,False,False,False,False,False,False,False,False,False,False,False,False,False,False,False,False,True,False,False,0.8660254038,0.5,-0.4338837391,-0.9009688679,0.8660254038,0.5
2024-03-22 05:00:00,-0.8746381492897739,-0.3110832041,-0.4901190191,-0.0001147188,-1.5049921613,-0.15270865,-0.0301444998,0.5031984766,False,-0.1714996949,False,False,True,False,False,False,False,False,False,False,False,False,False,False,False,False,False,False,False,False,False,False,False,False,False,False,True,False,False,0.9659258263,0.2588190451,-0.4338837391,-0.9009688679,0.8660254038,0.5
2024-03-22 06:00:00,-0.8746381492897739,-0.3946319179,0.9118195972,0.2514063215,-1.4020881184,-0.0162124862,-0.1525419025,-0.7191431795,False,-0.1714996949,False,False,False,False,False,False,False,False,False,True,False,False,False,False,False,False,False,False,True,False,False,False,False,False,False,False,False,False,False,1.0,0.0,-0.4338837391,-0.9009688679,0.8660254038,0.5
2024-03-22 07:00:00,-0.8746381492897739,-0.3760655371,-0.4901190191,-0.5031567995,-1.2991840755,-0.0162124862,-0.1525419025,-0.8108188037,False,-0.1714996949,False,False,False,False,False,False,False,False,False,True,False,False,False,False,False,False,False,False,False,False,True,False,False,False,False,False,False,False,False,0.9659258263,-0.2588190451,-0.4338837391,-0.9009688679,0.8660254038,0.5
2024-03-22 08:00:00,-0.6043220006524941,-0.3203663945,-0.4901190191,-0.0001147188,-1.1962800326,0.0747849564,-0.5086070742,-0.8108188037,False,-0.1714996949,False,False,False,False,False,False,False,False,False,True,False,False,False,False,False,False,False,False,True,False,False,False,False,False,False,False,False,False,False,0.8660254038,-0.5,-0.4338837391,-0.9009688679,0.8660254038,0.5
2024-03-22 09:00:00,-0.3340058520152144,0.0323948415,-0.4901190191,-0.2516357592,-1.0933759897,-0.4257009777,-0.4529718911,-0.8108188037,False,-0.1714996949,False,False,False,False,False,False,False,False,False,True,False,False,False,False,False,False,False,False,False,False,False,True,False,False,False,False,False,False,False,0.7071067812,-0.7071067812,-0.4338837391,-0.9009688679,0.8660254038,0.5
2024-03-22 10:00:00,-0.06368970337793459,0.264474602,0.9118195972,0.2514063215,-1.0933759897,-0.7896907479,-0.4195907813,-0.8108188037,False,-0.1714996949,False,False,False,False,False,False,False,False,False,True,False,False,False,False,False,False,False,False,True,False,False,False,False,False,False,False,False,False,False,0.5,-0.8660254038,-0.4338837391,-0.9009688679,0.8660254038,0.5
2024-03-22 11:00:00,0.20662644525934518,0.4037224583,0.9118195972,1.0059694426,-1.0933759897,-1.5631690097,-0.0857796828,-0.8108188037,False,-0.1714996949,False,False,False,False,False,False,False,False,False,True,False,False,False,False,False,False,False,False,False,False,True,False,False,False,False,False,False,False,False,0.2588190451,-0.9659258263,-0.4338837391,-0.9009688679,0.8660254038,0.5
2024-03-22 12:00:00,0.0714683709407053,0.4872711721,2.3137582136,3.2696588057,-1.1962800326,-2.0636549437,0.0811258664,-0.8108188037,False,-0.1714996949,False,False,False,False,False,False,False,False,False,True,False,False,False,False,False,False,False,False,False,False,True,False,False,False,False,False,False,False,False,0.0,-1.0,-0.4338837391,-0.9009688679,0.8660254038,0.5
2024-03-22 13:00:00,0.0714683709407053,0.6079526476,2.3137582136,2.5150956847,-1.2991840755,-1.790662616,0.0811258664,-0.8108188037,False,-0.1714996949,False,False,False,False,False,False,False,False,True,False,False,False,False,False,False,False,False,False,False,False,True,False,False,False,False,False,False,False,False,-0.2588190451,-0.9659258263,-0.4338837391,-0.9009688679,0.8660254038,0.5
2024-03-22 14:00:00,-0.06368970337793459,0.6543685997,2.3137582136,3.0181377653,-1.4020881184,-1.7451638948,0.1033799396,-0.8108188037,False,-0.1714996949,False,False,False,False,False,False,False,False,False,True,False,False,False,False,False,False,False,False,True,False,False,False,False,False,False,False,False,False,False,-0.5,-0.8660254038,-0.4338837391,-0.9009688679,0.8660254038,0.5
2024-03-22 15:00:00,0.34178451957798506,0.7007845518,2.3137582136,3.521179846,-1.5049921613,-1.790662616,0.1256340128,-0.8108188037,False,-0.1714996949,False,False,False,False,False,False,False,False,True,False,False,False,False,False,False,False,False,False,False,False,True,False,False,False,False,False,False,False,False,-0.7071067812,-0.7071067812,-0.4338837391,-0.9009688679,0.8660254038,0.5
2024-03-22 16:00:00,0.34178451957798506,0.7100677422,2.3137582136,3.521179846,-1.5049921613,-1.790662616,0.1256340128,-0.8108188037,False,-0.1714996949,False,False,False,False,False,False,False,False,True,False,False,False,False,False,False,False,False,False,False,False,True,False,False,False,False,False,False,False,False,-0.8660254038,-0.5,-0.4338837391,-0.9009688679,0.8660254038,0.5
2024-03-22 17:00:00,0.20662644525934518,0.6915013613,2.3137582136,3.0181377653,-1.7108002471,-1.790662616,0.1033799396,-0.8108188037,False,-0.1714996949,False,False,False,False,False,False,False,False,False,True,False,False,False,False,False,False,False,False,False,False,True,False,False,False,False,False,False,False,False,-0.9659258263,-0.2588190451,-0.4338837391,-0.9009688679,0.8660254038,0.5
2024-03-22 18:00:00,0.20662644525934518,0.617235838,2.3137582136,3.0181377653,-1.7108002471,-2.0181562224,0.6597317703,-0.8108188037,False,-0.1714996949,False,False,False,False,False,False,False,False,True,False,False,False,False,False,False,False,False,False,False,False,True,False,False,False,False,False,False,False,False,-1.0,-0.0,-0.4338837391,-0.9009688679,0.8660254038,0.5
2024-03-22 19:00:00,-0.06368970337793459,0.4779879817,0.9118195972,1.2574904829,-1.7108002471,-1.8816600586,0.4816991845,-0.8108188037,False,-0.1714996949,False,False,False,False,False,False,False,False,False,True,False,False,False,False,False,False,False,False,False,False,True,False,False,False,False,False,False,False,False,-0.9659258263,0.2588190451,-0.4338837391,-0.9009688679,0.8660254038,0.5
2024-03-22 20:00:00,0.0714683709407053,0.4315720296,0.9118195972,0.5029273619,-1.7108002471,-1.6541664522,0.2702854888,-0.7191431795,False,-0.1714996949,False,False,False,False,False,False,False,False,False,True,False,False,False,False,False,False,False,False,False,False,True,False,False,False,False,False,False,False,False,-0.8660254038,0.5,-0.4338837391,-0.9009688679,0.8660254038,0.5
2024-03-22 21:00:00,0.0714683709407053,0.2923241732,2.3137582136,2.2635746443,-1.6078962042,-1.3356754033,0.1590151227,1.1143693046,False,-0.1714996949,False,False,True,False,False,False,False,False,False,False,False,False,False,False,False,False,False,False,True,False,False,False,False,False,False,False,False,False,False,-0.7071067812,0.7071067812,-0.4338837391,-0.9009688679,0.8660254038,0.5
2024-03-22 22:00:00,-0.06368970337793459,0.1809258882,2.3137582136,2.766616725,-1.6078962042,-1.290176682,-0.3528285616,-0.7497017209,False,-0.1714996949,False,False,False,False,False,False,False,False,False,True,False,False,False,False,False,False,False,False,True,False,False,False,False,False,False,False,False,False,False,-0.5,0.8660254038,-0.4338837391,-0.9009688679,0.8660254038,0.5
2024-03-22 23:00:00,-0.739480074971134,0.1437931265,2.3137582136,3.0181377653,-1.5049921613,-1.290176682,-0.4195907813,-0.5969090139,False,-0.1714996949,False,False,False,False,False,False,False,False,False,True,False,False,False,False,False,False,False,False,True,False,False,False,False,False,False,False,False,False,False,-0.2588190451,0.9659258263,-0.4338837391,-0.9009688679,0.8660254038,0.5
2024-03-23 00:00:00,-0.8746381492897739,0.0973771744,2.3137582136,3.0181377653,-1.5049921613,-1.290176682,-0.4195907813,-0.4746748483,False,-0.1714996949,False,False,False,False,False,False,False,False,True,False,False,False,False,False,False,False,False,False,True,False,False,False,False,False,False,False,False,False,True,0.0,1.0,-0.9749279122,-0.222520934,0.8660254038,0.5
2024-03-23 01:00:00,-1.0097962236084137,0.0788107936,2.3137582136,2.5150956847,-1.4020881184,-1.1991792394,-0.5642422573,-0.3829992241,False,-0.1714996949,False,False,False,False,False,False,False,False,True,False,False,False,False,False,False,False,False,False,True,False,False,False,False,False,False,False,False,False,True,0.2588190451,0.9659258263,-0.9749279122,-0.222520934,0.8660254038,0.5
2024-03-23 02:00:00,-0.8746381492897739,0.0416780319,3.7156968299,4.2757429671,-1.4020881184,-1.1536805182,-0.5197341108,-0.5357919311,False,-0.1714996949,False,False,False,False,False,False,False,False,False,False,False,False,False,True,False,False,False,False,True,False,False,False,False,False,False,False,False,False,True,0.5,0.8660254038,-0.9749279122,-0.222520934,0.8660254038,0.5
2024-03-23 03:00:00,-1.0097962236084137,-0.0604370627,3.7156968299,5.0303060881,-1.4020881184,-1.1081817969,-0.4974800376,-0.3524406827,False,-0.1714996949,False,False,False,False,False,False,False,False,False,False,False,False,False,True,False,False,False,False,True,False,False,False,False,False,False,False,False,False,True,0.7071067812,0.7071067812,-0.9749279122,-0.222520934,0.8660254038,0.5
2024-03-23 04:00:00,-0.8746381492897739,-0.0790034436,2.3137582136,2.5150956847,-1.4020881184,-1.0171843543,-0.397336708,-0.6885846381,False,-0.1714996949,False,False,False,False,False,False,False,False,False,False,False,False,False,True,False,False,False,False,False,False,True,False,False,False,False,False,False,False,True,0.8660254038,0.5,-0.9749279122,-0.222520934,0.8660254038,0.5
2024-03-23 05:00:00,-0.8746381492897739,-0.1161362053,3.7156968299,4.5272640074,-1.4020881184,-1.0171843543,-0.2860663419,-0.3218821413,False,-0.1714996949,False,False,False,False,False,False,False,False,True,False,False,False,False,False,False,False,False,False,False,False,True,False,False,False,False,False,False,False,True,0.9659258263,0.2588190451,-0.9749279122,-0.222520934,0.8660254038,0.5
2024-03-23 06:00:00,-1.0097962236084137,-0.1347025861,3.7156968299,4.2757429671,-1.2991840755,-0.9261869118,-0.3528285616,-0.6885846381,False,-0.1714996949,False,False,False,False,False,False,False,False,True,False,False,False,False,False,False,False,False,False,False,False,True,False,False,False,False,False,False,False,True,1.0,0.0,-0.9749279122,-0.222520934,0.8660254038,0.5
2024-03-23 07:00:00,-0.8746381492897739,-0.1625521574,2.3137582136,3.2696588057,-1.1962800326,-0.8806881905,-0.197050049,-0.8108188037,False,-0.1714996949,False,False,False,False,False,False,False,False,True,False,False,False,False,False,False,False,False,False,False,False,True,False,False,False,False,False,False,False,True,0.9659258263,-0.2588190451,-0.9749279122,-0.222520934,0.8660254038,0.5
2024-03-23 08:00:00,-0.739480074971134,-0.1439857765,3.7156968299,4.2757429671,-1.0933759897,-0.7896907479,-0.3083204151,-0.5052333897,False,-0.1714996949,False,False,False,False,False,False,False,False,True,False,False,False,False,False,False,False,False,False,True,False,False,False,False,False,False,False,False,False,True,0.8660254038,-0.5,-0.9749279122,-0.222520934,0.8660254038,0.5
2024-03-23 09:00:00,-0.6043220006524941,-0.0790034436,2.3137582136,3.2696588057,-0.9904719468,-0.7441920267,-0.2638122687,0.1976130626,False,-0.1714996949,False,False,True,False,False,False,False,False,False,False,False,False,False,False,False,False,False,False,False,False,True,False,False,False,False,False,False,False,True,0.7071067812,-0.7071067812,-0.9749279122,-0.222520934,0.8660254038,0.5
2024-03-23 10:00:00,-0.46916392633385423,-0.0604370627,3.7156968299,4.0242219267,-0.8875679039,-0.7896907479,-0.2749393053,1.2366034702,False,-0.1714996949,False,False,True,False,False,False,False,False,False,False,False,False,False,False,False,False,False,False,False,False,True,False,False,False,False,False,False,False,True,0.5,-0.8660254038,-0.9749279122,-0.222520934,0.8660254038,0.5
2024-03-23 11:00:00,-0.19884777769657447,-0.0140211106,3.7156968299,4.0242219267,-0.784663861,-0.6531945841,-0.4195907813,2.0922426295,False,-0.1714996949,False,False,False,False,False,False,False,False,False,False,False,False,False,False,True,False,False,False,False,False,True,False,False,False,False,False,False,False,True,0.2588190451,-0.9659258263,-0.9749279122,-0.222520934,0.8660254038,0.5
2024-03-23 12:00:00,-0.06368970337793459,0.0045452702,2.3137582136,3.0181377653,-0.784663861,-0.5621971415,-0.4529718911,2.0922426295,False,-0.1714996949,False,False,False,False,False,False,False,False,False,False,False,False,False,False,True,False,False,False,False,False,True,False,False,False,False,False,False,False,True,0.0,-1.0,-0.9749279122,-0.222520934,0.8660254038,0.5
2024-03-23 13:00:00,-0.19884777769657447,-0.0790034436,0.9118195972,1.7605325636,-0.784663861,-0.3347035351,-0.4418448545,1.4810718015,False,-0.1714996949,False,False,True,False,False,False,False,False,False,False,False,False,False,False,False,False,False,False,False,False,True,False,False,False,False,False,False,False,True,-0.2588190451,-0.9659258263,-0.9749279122,-0.222520934,0.8660254038,0.5
2024-03-23 14:00:00,0.0714683709407053,-0.1068530148,2.3137582136,2.2635746443,-0.784663861,-0.1982073713,-0.397336708,2.0922426295,False,-0.1714996949,False,False,False,False,False,False,False,False,False,False,False,False,False,False,True,False,False,False,False,False,True,False,False,False,False,False,False,False,True,-0.5,-0.8660254038,-0.9749279122,-0.222520934,0.8660254038,0.5
2024-03-23 15:00:00,0.20662644525934518,-0.2182512999,2.3137582136,2.5150956847,-0.784663861,0.1202836776,-0.3083204151,2.0922426295,False,-0.1714996949,False,False,False,False,False,False,False,False,False,False,False,False,False,False,True,False,False,False,False,False,True,False,False,False,False,False,False,False,True,-0.7071067812,-0.7071067812,-0.9749279122,-0.222520934,0.8660254038,0.5
2024-03-23 16:00:00,0.20662644525934518,-0.2925168233,2.3137582136,2.2635746443,-0.6817598181,0.3022785627,-0.197050049,2.0922426295,False,-0.1714996949,False,False,False,False,False,False,False,False,False,False,False,False,False,False,True,False,False,False,False,False,True,False,False,False,False,False,False,False,True,-0.8660254038,-0.5,-0.9749279122,-0.222520934,0.8660254038,0.5
2024-03-23 17:00:00,0.0714683709407053,-0.4131982987,2.3137582136,2.2635746443,-0.6817598181,0.3022785627,-0.197050049,1.8172157569,False,-0.1714996949,False,False,True,False,False,False,False,False,False,False,False,False,False,False,False,False,False,False,False,False,True,False,False,False,False,False,False,False,True,-0.9659258263,-0.2588190451,-0.9749279122,-0.222520934,0.8660254038,0.5
2024-03-23 18:00:00,0.0714683709407053,-0.4688974413,0.9118195972,1.0059694426,-0.4759517323,1.3487491521,-1.3097537104,1.2671620117,False,-0.1714996949,False,False,False,False,False,False,True,False,False,False,False,False,False,False,False,False,False,False,True,False,False,False,False,False,False,False,False,False,True,-1.0,-0.0,-0.9749279122,-0.222520934,0.8660254038,0.5
2024-03-23 19:00:00,0.20662644525934518,-0.4967470125,0.9118195972,0.2514063215,-0.3730476894,1.3942478734,-1.3542618569,0.1059374383,True,1.2274398817,False,False,True,False,False,False,False,False,False,False,False,False,False,False,False,False,False,False,True,False,False,False,False,False,False,False,False,False,True,-0.9659258263,0.2588190451,-0.9749279122,-0.222520934,0.8660254038,0.5
2024-03-23 20:00:00,0.0714683709407053,-0.5060302029,0.9118195972,0.5029273619,-0.3730476894,1.485245316,-1.40989704,0.5031984766,True,1.2274398817,False,False,True,False,False,False,False,False,False,False,False,False,False,False,False,False,False,False,False,False,True,False,False,False,False,False,False,False,True,-0.8660254038,0.5,-0.9749279122,-0.222520934,0.8660254038,0.5
2024-03-23 21:00:00,-0.06368970337793459,-0.5060302029,0.9118195972,0.2514063215,-0.2701436465,1.485245316,-1.2207374175,0.6559911836,True,0.3366990221,False,False,True,False,False,False,False,False,False,False,False,False,False,False,False,False,False,False,True,False,False,False,False,False,False,False,False,False,True,-0.7071067812,0.7071067812,-0.9749279122,-0.222520934,0.8660254038,0.5
2024-03-23 22:00:00,-0.19884777769657447,-0.5338797742,0.9118195972,1.2574904829,-0.1672396036,1.485245316,-1.2763726006,-0.7802602623,True,1.2274398817,False,False,False,False,False,False,False,False,False,True,False,False,False,False,False,False,False,False,False,False,True,False,False,False,False,False,False,False,True,-0.5,0.8660254038,-0.9749279122,-0.222520934,0.8660254038,0.5
2024-03-23 23:00:00,-0.739480074971134,-0.5431629646,0.9118195972,0.2514063215,-0.1672396036,1.4397465947,-1.120594088,1.9394499225,False,-0.1714996949,False,False,False,False,False,False,False,False,False,False,False,False,False,False,True,False,False,False,False,False,True,False,False,False,False,False,False,False,True,-0.2588190451,0.9659258263,-0.9749279122,-0.222520934,0.8660254038,0.5
2024-03-24 00:00:00,-1.0097962236084137,-0.5617293455,0.9118195972,1.2574904829,-0.1672396036,1.3942478734,-1.0983400147,1.7560986741,False,-0.1714996949,False,False,False,False,False,False,False,False,False,False,False,False,False,False,True,False,False,False,True,False,False,False,False,False,False,False,False,False,True,0.0,1.0,-0.7818314825,0.6234898019,0.8660254038,0.5
2024-03-24 01:00:00,-0.8746381492897739,-0.5710125359,2.3137582136,3.2696588057,-0.2701436465,1.485245316,-1.2541185273,2.0922426295,False,-0.1714996949,False,False,False,False,False,False,False,False,False,False,False,False,False,False,True,False,False,False,False,False,True,False,False,False,False,False,False,False,True,0.2588190451,0.9659258263,-0.7818314825,0.6234898019,0.8660254038,0.5
2024-03-24 02:00:00,-0.8746381492897739,-0.5710125359,2.3137582136,1.7605325636,-0.2701436465,1.4397465947,-1.1317211246,2.0005670053,False,-0.1714996949,False,False,False,False,False,False,False,False,False,False,False,False,False,False,True,False,False,False,False,False,True,False,False,False,False,False,False,False,True,0.5,0.8660254038,-0.7818314825,0.6234898019,0.8660254038,0.5
2024-03-24 03:00:00,-1.0097962236084137,-0.5988621071,2.3137582136,2.012053604,-0.3730476894,1.4397465947,-1.1873563077,1.9700084639,False,-0.1714996949,False,False,False,False,False,False,False,False,False,False,False,False,False,False,True,False,False,False,True,False,False,False,False,False,False,False,False,False,True,0.7071067812,0.7071067812,-0.7818314825,0.6234898019,0.8660254038,0.5
2024-03-24 04:00:00,-0.8746381492897739,-0.5988621071,2.3137582136,3.2696588057,-0.3730476894,1.166754267,-0.7200207699,1.5116303429,False,-0.1714996949,False,False,True,False,False,False,False,False,False,False,False,False,False,False,False,False,False,False,False,False,True,False,False,False,False,False,False,False,True,0.8660254038,0.5,-0.7818314825,0.6234898019,0.8660254038,0.5
2024-03-24 05:00:00,-1.0097962236084137,-0.5988621071,2.3137582136,2.5150956847,-0.3730476894,1.1212555457,-0.6310044769,1.5421888843,False,-0.1714996949,False,False,True,False,False,False,False,False,False,False,False,False,False,False,False,False,False,False,True,False,False,False,False,False,False,False,False,False,True,0.9659258263,0.2588190451,-0.7818314825,0.6234898019,0.8660254038,0.5
2024-03-24 06:00:00,-0.8746381492897739,-0.5988621071,2.3137582136,2.2635746443,-0.3730476894,1.1212555457,-0.7311478065,1.7560986741,False,-0.1714996949,False,False,True,False,False,False,False,False,False,False,False,False,False,False,False,False,False,False,False,False,True,False,False,False,False,False,False,False,True,1.0,0.0,-0.7818314825,0.6234898019,0.8660254038,0.5
2024-03-24 07:00:00,-1.0097962236084137,-0.5988621071,2.3137582136,2.2635746443,-0.3730476894,1.1212555457,-0.7311478065,1.3893961773,False,-0.1714996949,False,False,False,False,False,False,True,False,False,False,False,False,False,False,False,False,False,False,False,False,True,False,False,False,False,False,False,False,True,0.9659258263,-0.2588190451,-0.7818314825,0.6234898019,0.8660254038,0.5
2024-03-24 08:00:00,-0.739480074971134,-0.5710125359,0.9118195972,1.7605325636,-0.2701436465,1.0302581032,-0.7200207699,1.8477742983,False,-0.1714996949,True,False,False,False,False,False,False,False,False,False,False,False,False,False,False,False,False,False,True,False,False,False,False,False,False,False,False,False,True,0.8660254038,-0.5,-0.7818314825,0.6234898019,0.8660254038,0.5
2024-03-24 09:00:00,-0.739480074971134,-0.5988621071,2.3137582136,2.2635746443,-0.0643355607,1.166754267,-1.1094670514,2.0922426295,True,3.2508978088,False,False,False,False,False,False,False,False,False,False,False,False,False,False,True,False,False,False,True,False,False,False,False,False,False,False,False,False,True,0.7071067812,-0.7071067812,-0.7818314825,0.6234898019,0.8660254038,0.5
2024-03-24 10:00:00,-0.3340058520152144,-0.5802957263,0.9118195972,0.5029273619,-0.0643355607,1.3487491521,-1.2318644541,2.0922426295,True,3.2508978088,True,False,False,False,False,False,False,False,False,False,False,False,False,False,False,False,False,False,True,False,False,False,False,False,False,False,False,False,True,0.5,-0.8660254038,-0.7818314825,0.6234898019,0.8660254038,0.5
2024-03-24 11:00:00,-0.06368970337793459,-0.5802957263,0.9118195972,0.5029273619,-0.0643355607,1.3487491521,-1.2318644541,2.0922426295,True,3.2508978088,False,False,False,False,False,False,True,False,False,False,False,False,False,False,False,False,False,False,True,False,False,False,False,False,False,False,False,False,True,0.2588190451,-0.9659258263,-0.7818314825,0.6234898019,0.8660254038,0.5
2024-03-24 12:00:00,0.0714683709407053,-0.5802957263,-0.4901190191,-0.7546778399,0.0385684822,1.3942478734,-1.3653888935,2.0922426295,True,5.6863567974,False,False,False,False,False,False,True,False,False,False,False,False,False,False,False,False,False,False,False,False,False,False,False,False,True,False,False,False,True,0.0,-1.0,-0.7818314825,0.6234898019,0.8660254038,0.5
2024-03-24 13:00:00,0.0714683709407053,-0.5988621071,-0.4901190191,-0.5031567995,0.0385684822,1.3942478734,-1.1428481612,2.0922426295,True,1.2274398817,True,False,False,False,False,False,False,False,False,False,False,False,False,False,False,False,False,False,False,False,False,False,False,False,False,True,False,False,True,-0.2588190451,-0.9659258263,-0.7818314825,0.6234898019,0.8660254038,0.5
2024-03-24 14:00:00,0.0714683709407053,-0.617428488,0.9118195972,0.5029273619,0.0385684822,1.3942478734,-1.2429914907,2.0922426295,True,1.9904608443,True,False,False,False,False,False,False,False,False,False,False,False,False,False,False,False,False,False,False,False,False,False,False,False,False,False,True,False,True,-0.5,-0.8660254038,-0.7818314825,0.6234898019,0.8660254038,0.5
2024-03-24 15:00:00,0.0714683709407053,-0.6267116784,-0.4901190191,-0.5031567995,0.0385684822,1.4397465947,-1.2096103809,1.4199547187,True,4.7142090013,False,False,False,False,False,False,True,False,False,False,False,False,False,False,False,False,False,False,False,False,False,False,False,False,True,False,False,False,True,-0.7071067812,-0.7071067812,-0.7818314825,0.6234898019,0.8660254038,0.5
2024-03-24 16:00:00,0.20662644525934518,-0.5617293455,-0.4901190191,-0.2516357592,-0.0643355607,1.485245316,-1.2429914907,1.9394499225,True,3.5243962582,False,False,False,False,False,False,True,False,False,False,False,False,False,False,False,False,False,False,False,False,False,False,False,False,False,True,False,False,True,-0.8660254038,-0.5,-0.7818314825,0.6234898019,0.8660254038,0.5
2024-03-24 17:00:00,-0.06368970337793459,-0.5617293455,0.9118195972,1.2574904829,0.0385684822,1.166754267,1.6945461755,1.8477742983,False,-0.1714996949,False,False,False,False,False,False,True,False,False,False,False,False,False,False,False,False,False,False,False,False,False,False,False,False,False,False,True,False,True,-0.9659258263,-0.2588190451,-0.7818314825,0.6234898019,0.8660254038,0.5
2024-03-24 18:00:00,-0.06368970337793459,-0.6267116784,0.9118195972,0.7544484022,0.0385684822,1.166754267,1.2605917475,2.0922426295,True,0.3366990221,False,False,False,False,False,False,True,False,False,False,False,False,False,False,False,False,False,False,False,False,False,False,False,False,False,False,True,False,True,-1.0,-0.0,-0.7818314825,0.6234898019,0.8660254038,0.5
2024-03-24 19:00:00,0.20662644525934518,-0.6267116784,0.9118195972,1.0059694426,0.1414725251,1.3032504309,0.5150802943,2.0922426295,True,1.9904608443,True,False,False,False,False,False,False,False,False,False,False,False,False,False,False,False,False,False,False,False,False,False,False,False,False,False,True,False,True,-0.9659258263,0.2588190451,-0.7818314825,0.6234898019,0.8660254038,0.5
2024-03-24 20:00:00,0.20662644525934518,-0.6452780593,0.9118195972,1.5090115233,0.244376568,1.2122529883,0.9824158321,1.8172157569,True,1.2274398817,False,False,False,False,False,False,True,False,False,False,False,False,False,False,False,False,False,False,False,False,False,False,False,False,False,True,False,False,True,-0.8660254038,0.5,-0.7818314825,0.6234898019,0.8660254038,0.5
2024-03-24 21:00:00,0.47694259389662497,-0.6824108209,0.9118195972,0.7544484022,0.3472806109,1.3942478734,0.581842514,1.0838107632,True,2.3345835152,False,False,True,False,False,False,False,False,False,False,False,False,False,False,False,False,False,False,False,False,False,False,False,False,False,True,False,False,True,-0.7071067812,0.7071067812,-0.7818314825,0.6234898019,0.8660254038,0.5
2024-03-24 22:00:00,0.20662644525934518,-0.6731276305,-0.4901190191,-0.0001147188,0.3472806109,1.3487491521,1.6945461755,1.0226936804,True,0.3366990221,False,False,True,False,False,False,False,False,False,False,False,False,False,False,False,False,False,False,False,False,False,False,False,False,False,True,False,False,True,-0.5,0.8660254038,-0.7818314825,0.6234898019,0.8660254038,0.5
2024-03-24 23:00:00,-0.739480074971134,-0.7009772018,-0.4901190191,-0.0001147188,0.3472806109,1.3487491521,1.6945461755,1.5116303429,True,0.3366990221,False,False,True,False,False,False,False,False,False,False,False,False,False,False,False,False,False,False,False,False,False,False,False,False,False,True,False,False,True,-0.2588190451,0.9659258263,-0.7818314825,0.6234898019,0.8660254038,0.5
2024-03-25 00:00:00,-0.8746381492897739,-0.7381099635,-0.4901190191,-0.0001147188,0.3472806109,1.3032504309,1.6945461755,0.3504057696,False,-0.1714996949,False,False,True,False,False,False,False,False,False,False,False,False,False,False,False,False,False,False,False,False,False,False,False,False,False,True,False,False,False,0.0,1.0,0.0,1.0,0.8660254038,0.5
2024-03-25 01:00:00,-1.0097962236084137,-0.7195435826,-0.4901190191,-0.5031567995,0.244376568,1.3942478734,1.6945461755,-0.3829992241,False,-0.1714996949,False,False,False,False,False,False,False,False,False,True,False,False,False,False,False,False,False,False,False,False,False,False,False,False,True,False,False,False,False,0.2588190451,0.9659258263,0.0,1.0,0.8660254038,0.5
2024-03-25 02:00:00,-0.8746381492897739,-0.7102603922,-0.4901190191,-0.5031567995,0.244376568,1.3942478734,1.6945461755,-0.3524406827,False,-0.1714996949,False,False,False,False,False,False,False,False,False,True,False,False,False,False,False,False,False,False,False,False,False,False,False,False,True,False,False,False,False,0.5,0.8660254038,0.0,1.0,0.8660254038,0.5
2024-03-25 03:00:00,-0.8746381492897739,-0.7102603922,-0.4901190191,-0.5031567995,0.244376568,1.3942478734,1.6945461755,-0.3524406827,False,-0.1714996949,False,False,False,False,False,False,False,False,False,True,False,False,False,False,False,False,False,False,False,False,False,False,False,False,True,False,False,False,False,0.7071067812,0.7071067812,0.0,1.0,0.8660254038,0.5
2024-03-25 04:00:00,-1.0097962236084137,-0.1811185382,-0.4901190191,-0.2516357592,4.1547301983,1.1212555457,1.6945461755,-0.4441163069,False,-0.1714996949,False,False,False,False,False,False,False,False,False,True,False,False,False,False,False,False,False,False,False,False,False,False,False,False,True,False,False,False,False,0.8660254038,0.5,0.0,1.0,0.8660254038,0.5
2024-03-25 05:00:00,-0.8746381492897739,-0.7195435826,-0.4901190191,-0.5031567995,0.244376568,1.2577517096,1.6945461755,-0.6580260967,False,-0.1714996949,False,False,False,False,False,False,False,False,False,True,False,False,False,False,False,False,False,False,False,False,False,False,True,False,False,False,False,False,False,0.9659258263,0.2588190451,0.0,1.0,0.8660254038,0.5
2024-03-25 06:00:00,-0.8746381492897739,-0.7195435826,-0.4901190191,-0.5031567995,0.244376568,1.2577517096,1.6945461755,-0.3524406827,False,-0.1714996949,False,False,False,False,False,False,False,False,False,True,False,False,False,False,False,False,False,False,False,False,False,False,True,False,False,False,False,False,False,1.0,0.0,0.0,1.0,0.8660254038,0.5
2024-03-25 07:00:00,-0.8746381492897739,-0.7845259156,2.3137582136,2.012053604,4.0518261554,1.1212555457,1.6945461755,-0.4441163069,False,-0.1714996949,False,False,False,False,False,False,False,False,False,True,False,False,False,False,False,False,False,False,False,False,False,False,True,False,False,False,False,False,False,0.9659258263,-0.2588190451,0.0,1.0,0.8660254038,0.5
2024-03-25 08:00:00,-0.46916392633385423,-0.7381099635,-0.4901190191,-0.0001147188,0.4501846538,1.485245316,-0.7867829895,0.3198472282,False,-0.1714996949,False,False,True,False,False,False,False,False,False,False,False,False,False,False,False,False,False,False,True,False,False,False,False,False,False,False,False,False,False,0.8660254038,-0.5,0.0,1.0,0.8660254038,0.5
2024-03-25 09:00:00,-0.06368970337793459,-0.6731276305,-0.4901190191,-0.0001147188,0.4501846538,1.485245316,-0.7867829895,0.4115228524,False,-0.1714996949,False,False,True,False,False,False,False,False,False,False,False,False,False,False,False,False,False,False,True,False,False,False,False,False,False,False,False,False,False,0.7071067812,-0.7071067812,0.0,1.0,0.8660254038,0.5
2024-03-25 10:00:00,0.0714683709407053,-0.44104787,-0.4901190191,-0.0001147188,4.2576342412,1.0302581032,-0.7867829895,-0.5052333897,False,-0.1714996949,False,False,False,False,False,False,False,False,False,True,False,False,False,False,False,False,False,False,True,False,False,False,False,False,False,False,False,False,False,0.5,-0.8660254038,0.0,1.0,0.8660254038,0.5
2024-03-25 11:00:00,0.34178451957798506,-0.2553840616,-0.4901190191,-0.0001147188,0.4501846538,1.485245316,-0.7867829895,-0.8108188037,False,-0.1714996949,False,False,False,False,False,False,False,False,False,True,False,False,False,False,False,False,False,False,True,False,False,False,False,False,False,False,False,False,False,0.2588190451,-0.9659258263,0.0,1.0,0.8660254038,0.5
2024-03-25 12:00:00,0.20662644525934518,-0.1718353478,-0.4901190191,-0.0001147188,0.5530886967,-0.15270865,1.0491780518,-0.8108188037,False,-0.1714996949,False,False,False,False,False,False,False,False,False,True,False,False,False,False,False,False,False,False,False,True,False,False,False,False,False,False,False,False,False,0.0,-1.0,0.0,1.0,0.8660254038,0.5
2024-03-25 13:00:00,-0.19884777769657447,-0.0325874915,0.9118195972,0.7544484022,0.5530886967,-0.2892048139,1.2494647109,-0.8108188037,False,-0.1714996949,False,False,False,False,False,False,False,False,False,True,False,False,False,False,False,False,False,False,False,False,True,False,False,False,False,False,False,False,False,-0.2588190451,-0.9659258263,0.0,1.0,0.8660254038,0.5
2024-03-25 14:00:00,-0.06368970337793459,-0.0325874915,0.9118195972,0.7544484022,0.5530886967,-0.2892048139,1.2494647109,-0.8108188037,False,-0.1714996949,False,False,False,False,False,False,False,False,False,True,False,False,False,False,False,False,False,False,False,False,True,False,False,False,False,False,False,False,False,-0.5,-0.8660254038,0.0,1.0,0.8660254038,0.5
2024-03-25 15:00:00,0.0714683709407053,-0.0325874915,0.9118195972,0.7544484022,0.5530886967,-0.2892048139,1.2494647109,-0.8108188037,False,-0.1714996949,False,False,False,False,False,False,False,False,False,True,False,False,False,False,False,False,False,False,False,False,True,False,False,False,False,False,False,False,False,-0.7071067812,-0.7071067812,0.0,1.0,0.8660254038,0.5
2024-03-25 16:00:00,0.34178451957798506,0.1809258882,0.9118195972,1.0059694426,0.244376568,-0.8351894692,0.5039532577,-0.8108188037,False,-0.1714996949,False,False,False,False,False,False,False,False,False,True,False,False,False,False,False,False,False,False,False,True,False,False,False,False,False,False,False,False,False,-0.8660254038,-0.5,0.0,1.0,0.8660254038,0.5
2024-03-25 17:00:00,0.47694259389662497,0.2087754595,-0.4901190191,-0.2516357592,0.1414725251,-0.8351894692,0.6708588069,-0.8108188037,False,-0.1714996949,False,False,False,False,False,False,False,False,False,True,False,False,False,False,False,False,False,False,False,False,False,True,False,False,False,False,False,False,False,-0.9659258263,-0.2588190451,0.0,1.0,0.8660254038,0.5
2024-03-25 18:00:00,0.34178451957798506,0.1437931265,-0.4901190191,-0.0001147188,0.1414725251,-1.0171843543,0.8933995392,-0.8108188037,False,-0.1714996949,False,False,False,False,False,False,False,False,False,True,False,False,False,False,False,False,False,False,False,False,True,False,False,False,False,False,False,False,False,-1.0,-0.0,0.0,1.0,0.8660254038,0.5
2024-03-25 19:00:00,-0.06368970337793459,-0.1068530148,-0.4901190191,-0.5031567995,0.244376568,-0.7441920267,0.6931128802,-0.8108188037,False,-0.1714996949,False,False,False,False,False,False,False,False,False,True,False,False,False,False,False,False,False,False,False,False,True,False,False,False,False,False,False,False,False,-0.9659258263,0.2588190451,0.0,1.0,0.8660254038,0.5
2024-03-25 20:00:00,0.0714683709407053,-0.1904017286,-0.4901190191,-0.2516357592,0.3472806109,-0.3347035351,0.3481747451,-0.8108188037,False,-0.1714996949,False,False,False,False,False,False,False,False,False,True,False,False,False,False,False,False,False,False,False,False,True,False,False,False,False,False,False,False,False,-0.8660254038,0.5,0.0,1.0,0.8660254038,0.5
2024-03-25 21:00:00,0.20662644525934518,-0.2739504424,0.9118195972,0.2514063215,0.3472806109,-0.1072099288,0.2702854888,-0.6580260967,False,-0.1714996949,False,False,False,False,False,False,False,False,False,True,False,False,False,False,False,False,False,False,True,False,False,False,False,False,False,False,False,False,False,-0.7071067812,0.7071067812,0.0,1.0,0.8660254038,0.5
2024-03-25 22:00:00,-0.06368970337793459,-0.3018000137,-0.4901190191,-0.0001147188,0.4501846538,0.2112811202,-0.0412715364,-0.8108188037,False,-0.1714996949,False,False,False,False,False,False,False,False,False,True,False,False,False,False,False,False,False,False,False,True,False,False,False,False,False,False,False,False,False,-0.5,0.8660254038,0.0,1.0,0.8660254038,0.5
2024-03-25 23:00:00,-0.6043220006524941,-0.4503310604,-0.4901190191,-0.2516357592,0.4501846538,0.347777284,-0.0412715364,-0.6885846381,False,-0.1714996949,False,False,False,False,False,False,False,False,False,True,False,False,False,False,False,False,False,False,False,False,False,False,True,False,False,False,False,False,False,-0.2588190451,0.9659258263,0.0,1.0,0.8660254038,0.5
2024-03-26 00:00:00,-1.0097962236084137,-0.5153133934,-0.4901190191,-0.0001147188,0.4501846538,0.4842734479,-0.3750826348,-0.7191431795,False,-0.1714996949,False,False,False,False,False,False,False,False,False,True,False,False,False,False,False,False,False,False,True,False,False,False,False,False,False,False,False,False,False,0.0,1.0,0.7818314825,0.6234898019,0.8660254038,0.5
2024-03-26 01:00:00,-0.8746381492897739,-0.5710125359,-0.4901190191,-0.0001147188,0.4501846538,0.8027644968,-0.5976233671,0.839342432,False,-0.1714996949,False,False,True,False,False,False,False,False,False,False,False,False,False,False,False,False,False,False,False,False,False,True,False,False,False,False,False,False,False,0.2588190451,0.9659258263,0.7818314825,0.6234898019,0.8660254038,0.5
2024-03-26 02:00:00,-1.0097962236084137,-0.5802957263,0.9118195972,0.2514063215,0.3472806109,0.8027644968,-0.6755126234,0.533757018,False,-0.1714996949,False,False,True,False,False,False,False,False,False,False,False,False,False,False,False,False,False,False,False,False,False,False,False,False,True,False,False,False,False,0.5,0.8660254038,0.7818314825,0.6234898019,0.8660254038,0.5
2024-03-26 03:00:00,-0.8746381492897739,-0.5988621071,-0.4901190191,-0.2516357592,0.4501846538,1.0302581032,-0.8090370628,1.5727474257,False,-0.1714996949,False,False,True,False,False,False,False,False,False,False,False,False,False,False,False,False,False,False,False,False,False,False,False,False,False,False,True,False,False,0.7071067812,0.7071067812,0.7818314825,0.6234898019,0.8660254038,0.5
2024-03-26 04:00:00,-0.8746381492897739,-0.5895789167,0.9118195972,0.5029273619,0.4501846538,0.9392606606,-0.831291136,2.0311255467,False,-0.1714996949,False,False,False,False,False,False,False,False,False,False,False,False,False,False,True,False,False,False,True,False,False,False,False,False,False,False,False,False,False,0.8660254038,0.5,0.7818314825,0.6234898019,0.8660254038,0.5
2024-03-26 05:00:00,-0.8746381492897739,-0.6638444401,-0.4901190191,-0.2516357592,0.3472806109,1.0302581032,-0.9203074289,1.8783328397,False,-0.1714996949,False,False,False,False,False,False,False,False,False,False,False,False,False,False,True,False,False,False,False,False,True,False,False,False,False,False,False,False,False,0.9659258263,0.2588190451,0.7818314825,0.6234898019,0.8660254038,0.5
2024-03-26 06:00:00,-1.0097962236084137,-0.5895789167,0.9118195972,1.2574904829,0.3472806109,0.9847593819,-0.9091803923,1.9088913811,False,-0.1714996949,False,False,False,False,False,False,False,False,False,False,False,False,False,False,True,False,False,False,True,False,False,False,False,False,False,False,False,False,False,1.0,0.0,0.7818314825,0.6234898019,0.8660254038,0.5
2024-03-26 07:00:00,-0.8746381492897739,-0.6081452976,0.9118195972,0.7544484022,0.4501846538,0.8482632181,-0.8090370628,1.9088913811,False,-0.1714996949,False,False,True,False,False,False,False,False,False,False,False,False,False,False,False,False,False,False,False,False,True,False,False,False,False,False,False,False,False,0.9659258263,-0.2588190451,0.7818314825,0.6234898019,0.8660254038,0.5
2024-03-26 08:00:00,-0.6043220006524941,-0.5895789167,0.9118195972,0.2514063215,0.5530886967,0.8482632181,-0.9203074289,1.9394499225,False,-0.1714996949,False,False,False,False,False,False,False,False,False,False,False,False,False,False,True,False,False,False,False,True,False,False,False,False,False,False,False,False,False,0.8660254038,-0.5,0.7818314825,0.6234898019,0.8660254038,0.5
2024-03-26 09:00:00,0.47694259389662497,-0.5153133934,-0.4901190191,-0.0001147188,0.5530886967,0.666268333,-0.5642422573,1.8172157569,False,-0.1714996949,False,False,True,False,False,False,False,False,False,False,False,False,False,False,False,False,False,False,True,False,False,False,False,False,False,False,False,False,False,0.7071067812,-0.7071067812,0.7818314825,0.6234898019,0.8660254038,0.5
2024-03-26 10:00:00,0.7472587425339047,-0.3296495849,0.9118195972,0.7544484022,0.5530886967,0.4842734479,-0.5531152206,1.8477742983,False,-0.1714996949,False,False,True,False,False,False,False,False,False,False,False,False,False,False,False,False,False,False,True,False,False,False,False,False,False,False,False,False,False,0.5,-0.8660254038,0.7818314825,0.6234898019,0.8660254038,0.5
2024-03-26 11:00:00,0.7472587425339047,-0.264667252,0.9118195972,0.2514063215,0.5530886967,0.2567798415,-0.4640989277,2.0922426295,False,-0.1714996949,False,False,False,False,False,False,False,False,False,False,False,False,False,False,True,False,False,False,True,False,False,False,False,False,False,False,False,False,False,0.2588190451,-0.9659258263,0.7818314825,0.6234898019,0.8660254038,0.5
2024-03-26 12:00:00,0.34178451957798506,-0.1904017286,0.9118195972,0.5029273619,0.5530886967,-0.1072099288,-0.0635256096,2.0922426295,False,-0.1714996949,False,False,False,False,False,False,False,False,False,False,False,False,False,False,True,False,False,False,True,False,False,False,False,False,False,False,False,False,False,0.0,-1.0,0.7818314825,0.6234898019,0.8660254038,0.5
2024-03-26 13:00:00,-0.06368970337793459,-0.1254193957,0.9118195972,0.5029273619,0.3472806109,-0.2892048139,-0.0635256096,2.0922426295,False,-0.1714996949,False,False,False,False,False,False,False,False,False,False,False,False,False,False,True,False,False,False,True,False,False,False,False,False,False,False,False,False,False,-0.2588190451,-0.9659258263,0.7818314825,0.6234898019,0.8660254038,0.5
2024-03-26 14:00:00,-0.06368970337793459,-0.1161362053,0.9118195972,0.2514063215,0.244376568,-0.2437060926,-0.1191607927,2.0922426295,False,-0.1714996949,False,False,False,False,False,False,False,False,False,False,False,False,False,False,True,False,False,False,False,True,False,False,False,False,False,False,False,False,False,-0.5,-0.8660254038,0.7818314825,0.6234898019,0.8660254038,0.5
2024-03-26 15:00:00,0.0714683709407053,-0.1068530148,2.3137582136,2.012053604,0.0385684822,-0.2437060926,-0.2526852321,2.0311255467,False,-0.1714996949,False,False,False,False,False,False,False,False,False,False,False,False,False,False,True,False,False,False,False,False,True,False,False,False,False,False,False,False,False,-0.7071067812,-0.7071067812,0.7818314825,0.6234898019,0.8660254038,0.5
2024-03-26 16:00:00,-0.06368970337793459,-0.1625521574,0.9118195972,0.2514063215,0.0385684822,-0.15270865,0.0254906833,1.8172157569,False,-0.1714996949,False,False,True,False,False,False,False,False,False,False,False,False,False,False,False,False,False,False,False,False,True,False,False,False,False,False,False,False,False,-0.8660254038,-0.5,0.7818314825,0.6234898019,0.8660254038,0.5
2024-03-26 17:00:00,0.20662644525934518,-0.1439857765,0.9118195972,0.2514063215,-0.0643355607,-0.15270865,-0.2526852321,2.0922426295,False,-0.1714996949,False,False,False,False,False,False,False,False,False,False,False,False,False,False,True,False,False,False,True,False,False,False,False,False,False,False,False,False,False,-0.9659258263,-0.2588190451,0.7818314825,0.6234898019,0.8660254038,0.5
2024-03-26 18:00:00,0.20662644525934518,-0.1811185382,-0.4901190191,-0.5031567995,-0.0643355607,-0.0617112075,-0.1859230124,1.4505132601,False,-0.1714996949,False,False,True,False,False,False,False,False,False,False,False,False,False,False,False,False,False,False,True,False,False,False,False,False,False,False,False,False,False,-1.0,-0.0,0.7818314825,0.6234898019,0.8660254038,0.5
2024-03-26 19:00:00,-0.06368970337793459,-0.2089681095,-0.4901190191,-0.2516357592,-0.0643355607,0.0292862351,-0.2415581954,0.4115228524,False,-0.1714996949,False,False,True,False,False,False,False,False,False,False,False,False,False,False,False,False,False,False,False,False,False,False,False,False,False,True,False,False,False,-0.9659258263,0.2588190451,0.7818314825,0.6234898019,0.8660254038,0.5
2024-03-26 20:00:00,0.0714683709407053,-0.2275344903,-0.4901190191,-0.2516357592,0.0385684822,0.1202836776,-0.4752259643,-0.8108188037,False,-0.1714996949,False,False,False,False,False,False,False,False,False,True,False,False,False,False,False,False,False,False,False,False,False,False,False,False,False,True,False,False,False,-0.8660254038,0.5,0.7818314825,0.6234898019,0.8660254038,0.5
2024-03-26 21:00:00,0.0714683709407053,-0.264667252,-0.4901190191,-0.5031567995,0.0385684822,0.0747849564,-0.4307178179,0.8087838906,False,-0.1714996949,False,False,True,False,False,False,False,False,False,False,False,False,False,False,False,False,False,False,False,False,False,False,False,False,False,False,True,False,False,-0.7071067812,0.7071067812,0.7818314825,0.6234898019,0.8660254038,0.5
2024-03-26 22:00:00,0.0714683709407053,-0.2832336328,-0.4901190191,-0.0001147188,0.0385684822,0.1202836776,-0.5197341108,0.8087838906,False,-0.1714996949,False,False,True,False,False,False,False,False,False,False,False,False,False,False,False,False,False,False,False,False,False,False,False,False,False,False,True,False,False,-0.5,0.8660254038,0.7818314825,0.6234898019,0.8660254038,0.5
2024-03-26 23:00:00,-0.6043220006524941,-0.3296495849,-0.4901190191,-0.5031567995,-0.0643355607,0.1657823989,-0.5308611474,1.0226936804,False,-0.1714996949,False,False,True,False,False,False,False,False,False,False,False,False,False,False,False,False,False,False,False,False,False,False,False,False,True,False,False,False,False,-0.2588190451,0.9659258263,0.7818314825,0.6234898019,0.8660254038,0.5
2024-03-27 00:00:00,-0.8746381492897739,-0.3760655371,-0.4901190191,-0.2516357592,-0.1672396036,0.3022785627,-0.6087504037,0.6254326422,False,-0.1714996949,False,False,True,False,False,False,False,False,False,False,False,False,False,False,False,False,False,False,False,False,False,False,False,False,False,True,False,False,False,0.0,1.0,0.9749279122,-0.222520934,0.8660254038,0.5
2024-03-27 01:00:00,-1.0097962236084137,-0.4131982987,-1.8920576355,-1.2577199206,-0.1672396036,0.5752708904,-0.6532585502,0.0753788969,False,-0.1714996949,False,False,False,False,False,False,False,False,False,True,False,False,False,False,False,False,False,False,False,False,False,False,False,False,False,False,False,True,False,0.2588190451,0.9659258263,0.9749279122,-0.222520934,0.8660254038,0.5
2024-03-27 02:00:00,-0.8746381492897739,-0.4503310604,0.9118195972,0.5029273619,-0.1672396036,0.5752708904,-0.7645289163,1.5116303429,False,-0.1714996949,False,False,True,False,False,False,False,False,False,False,False,False,False,False,False,False,False,False,False,False,False,False,False,False,True,False,False,False,False,0.5,0.8660254038,0.9749279122,-0.222520934,0.8660254038,0.5
2024-03-27 03:00:00,-0.8746381492897739,-0.4503310604,0.9118195972,0.2514063215,-0.2701436465,0.7117670542,-0.9203074289,1.2671620117,False,-0.1714996949,False,False,True,False,False,False,False,False,False,False,False,False,False,False,False,False,False,False,False,False,False,False,False,False,False,True,False,False,False,0.7071067812,0.7071067812,0.9749279122,-0.222520934,0.8660254038,0.5
2024-03-27 04:00:00,-0.8746381492897739,-0.4874638221,0.9118195972,1.0059694426,-0.2701436465,0.7117670542,-0.8869263191,0.6254326422,False,-0.1714996949,False,False,True,False,False,False,False,False,False,False,False,False,False,False,False,False,False,False,False,False,False,False,False,False,False,True,False,False,False,0.8660254038,0.5,0.9749279122,-0.222520934,0.8660254038,0.5
2024-03-27 05:00:00,-1.0097962236084137,-0.4967470125,0.9118195972,0.2514063215,-0.2701436465,0.8937619394,-1.0204507584,1.4199547187,False,-0.1714996949,False,False,True,False,False,False,False,False,False,False,False,False,False,False,False,False,False,False,False,False,False,False,True,False,False,False,False,False,False,0.9659258263,0.2588190451,0.9749279122,-0.222520934,0.8660254038,0.5
2024-03-27 06:00:00,-0.8746381492897739,-0.44104787,0.9118195972,0.2514063215,-0.2701436465,0.8482632181,-1.0760859415,1.2060449288,False,-0.1714996949,False,False,True,False,False,False,False,False,False,False,False,False,False,False,False,False,False,False,False,False,False,False,False,False,False,True,False,False,False,1.0,0.0,0.9749279122,-0.222520934,0.8660254038,0.5
2024-03-27 07:00:00,-0.8746381492897739,-0.44104787,0.9118195972,0.5029273619,-0.1672396036,0.8027644968,-1.0760859415,1.4199547187,False,-0.1714996949,False,False,True,False,False,False,False,False,False,False,False,False,False,False,False,False,False,False,False,False,False,False,False,False,False,True,False,False,False,0.9659258263,-0.2588190451,0.9749279122,-0.222520934,0.8660254038,0.5
2024-03-27 08:00:00,-0.46916392633385423,-0.4131982987,0.9118195972,0.7544484022,-0.0643355607,0.7117670542,-1.0538318683,1.7560986741,False,-0.1714996949,False,False,False,False,False,False,False,False,False,False,False,False,False,False,True,False,False,False,False,False,False,False,False,False,False,True,False,False,False,0.8660254038,-0.5,0.9749279122,-0.222520934,0.8660254038,0.5
2024-03-27 09:00:00,0.6121006682152649,-0.2182512999,0.9118195972,0.7544484022,-0.0643355607,0.5752708904,-1.0315777951,1.7560986741,False,-0.1714996949,False,False,False,False,False,False,False,False,False,False,False,False,False,False,True,False,False,False,False,False,False,False,False,False,False,True,False,False,False,0.7071067812,-0.7071067812,0.9749279122,-0.222520934,0.8660254038,0.5
2024-03-27 10:00:00,0.7472587425339047,-0.0140211106,0.9118195972,1.5090115233,-0.0643355607,0.0747849564,-0.8757992825,1.0838107632,False,-0.1714996949,False,False,True,False,False,False,False,False,False,False,False,False,False,False,False,False,False,False,False,False,False,False,False,False,False,True,False,False,False,0.5,-0.8660254038,0.9749279122,-0.222520934,0.8660254038,0.5
2024-03-27 11:00:00,0.7472587425339047,0.0973771744,2.3137582136,2.766616725,-0.0643355607,-0.2892048139,-0.5976233671,0.1059374383,False,-0.1714996949,False,False,True,False,False,False,False,False,False,False,False,False,False,False,False,False,False,False,False,False,False,False,False,False,False,True,False,False,False,0.2588190451,-0.9659258263,0.9749279122,-0.222520934,0.8660254038,0.5
2024-03-27 12:00:00,0.6121006682152649,0.264474602,2.3137582136,2.5150956847,-0.0643355607,-0.4257009777,-0.6198774403,0.228171604,False,-0.1714996949,False,False,True,False,False,False,False,False,False,False,False,False,False,False,False,False,False,False,False,False,False,False,False,False,False,True,False,False,False,0.0,-1.0,0.9749279122,-0.222520934,0.8660254038,0.5
2024-03-27 13:00:00,-0.19884777769657447,0.4779879817,0.9118195972,1.7605325636,-0.1672396036,-0.6986933054,-0.4084637447,0.8699009734,False,-0.1714996949,False,False,True,False,False,False,False,False,False,False,False,False,False,False,False,False,False,False,False,False,False,False,False,False,False,True,False,False,False,-0.2588190451,-0.9659258263,0.9749279122,-0.222520934,0.8660254038,0.5
2024-03-27 14:00:00,-0.19884777769657447,0.4872711721,0.9118195972,0.7544484022,-0.2701436465,-1.0626830756,0.9712887955,1.8172157569,False,-0.1714996949,False,False,True,False,False,False,False,False,False,False,False,False,False,False,False,False,False,False,False,False,False,False,False,False,False,True,False,False,False,-0.5,-0.8660254038,0.9749279122,-0.222520934,0.8660254038,0.5
2024-03-27 15:00:00,0.34178451957798506,0.5893862667,0.9118195972,1.5090115233,-0.3730476894,-1.1991792394,0.5150802943,2.0922426295,False,-0.1714996949,False,False,False,False,False,False,False,False,False,False,False,False,False,False,True,False,False,False,False,False,False,False,True,False,False,False,False,False,False,-0.7071067812,-0.7071067812,0.9749279122,-0.222520934,0.8660254038,0.5
2024-03-27 16:00:00,0.47694259389662497,0.4501384104,0.9118195972,1.0059694426,-0.3730476894,-0.9261869118,-0.4640989277,2.0616840881,False,-0.1714996949,False,False,False,False,False,False,False,False,False,False,False,False,False,False,True,False,False,False,False,False,False,False,False,False,False,False,True,False,False,-0.8660254038,-0.5,0.9749279122,-0.222520934,0.8660254038,0.5
2024-03-27 17:00:00,0.6121006682152649,0.4130056487,0.9118195972,1.0059694426,-0.3730476894,-1.1081817969,0.2257773424,1.4810718015,True,0.3366990221,False,False,True,False,False,False,False,False,False,False,False,False,False,False,False,False,False,False,False,False,True,False,False,False,False,False,False,False,False,-0.9659258263,-0.2588190451,0.9749279122,-0.222520934,0.8660254038,0.5
2024-03-27 18:00:00,0.47694259389662497,0.4037224583,0.9118195972,0.2514063215,-0.3730476894,-1.1536805182,0.4928262211,0.8087838906,False,-0.1714996949,False,False,True,False,False,False,False,False,False,False,False,False,False,False,False,False,False,False,False,True,False,False,False,False,False,False,False,False,False,-1.0,-0.0,0.9749279122,-0.222520934,0.8660254038,0.5
2024-03-27 19:00:00,0.0714683709407053,0.3665896966,0.9118195972,0.7544484022,-0.3730476894,-1.1081817969,0.2257773424,1.2366034702,False,-0.1714996949,False,False,True,False,False,False,False,False,False,False,False,False,False,False,False,False,False,False,False,False,False,False,False,False,False,True,False,False,False,-0.9659258263,0.2588190451,0.9749279122,-0.222520934,0.8660254038,0.5
2024-03-27 20:00:00,0.20662644525934518,0.3016073637,0.9118195972,1.2574904829,-0.2701436465,-1.0626830756,-0.2749393053,1.3588376359,False,-0.1714996949,False,False,True,False,False,False,False,False,False,False,False,False,False,False,False,False,False,False,False,False,False,False,False,False,False,True,False,False,False,-0.8660254038,0.5,0.9749279122,-0.222520934,0.8660254038,0.5
2024-03-27 21:00:00,0.20662644525934518,0.1530763169,0.9118195972,1.0059694426,-0.2701436465,-1.1081817969,0.581842514,-0.5052333897,False,-0.1714996949,False,False,False,False,False,False,False,False,False,True,False,False,False,False,False,False,False,False,False,False,False,False,False,False,True,False,False,False,False,-0.7071067812,0.7071067812,0.9749279122,-0.222520934,0.8660254038,0.5
2024-03-27 22:00:00,-0.06368970337793459,0.2273418403,2.3137582136,3.0181377653,-0.1672396036,-1.8816600586,1.6945461755,-0.5052333897,False,-0.1714996949,False,False,False,False,False,False,False,False,False,True,False,False,False,False,False,False,False,False,False,False,False,False,False,False,True,False,False,False,False,-0.5,0.8660254038,0.9749279122,-0.222520934,0.8660254038,0.5
2024-03-27 23:00:00,-0.739480074971134,0.1902090786,2.3137582136,2.2635746443,-0.1672396036,-1.9726575012,1.6945461755,-0.8108188037,False,-0.1714996949,False,False,False,False,False,False,False,False,False,True,False,False,False,False,False,False,False,False,False,False,False,False,False,False,True,False,False,False,False,-0.2588190451,0.9659258263,0.9749279122,-0.222520934,0.8660254038,0.5
2024-03-28 00:00:00,-0.8746381492897739,-0.0140211106,0.9118195972,0.5029273619,-0.0643355607,-1.790662616,1.6945461755,-0.8108188037,False,-0.1714996949,False,False,False,False,False,False,False,False,False,True,False,False,False,False,False,False,False,False,False,False,False,False,False,False,True,False,False,False,False,0.0,1.0,0.4338837391,-0.9009688679,0.8660254038,0.5
2024-03-28 01:00:00,-0.8746381492897739,-0.1439857765,0.9118195972,0.5029273619,-0.0643355607,-1.6086677309,1.6945461755,-0.2302065171,False,-0.1714996949,False,False,False,False,False,False,False,False,False,True,False,False,False,False,False,False,False,False,False,False,False,False,False,False,False,False,True,False,False,0.2588190451,0.9659258263,0.4338837391,-0.9009688679,0.8660254038,0.5
2024-03-28 02:00:00,-0.8746381492897739,-0.1904017286,0.9118195972,1.2574904829,-0.1672396036,-1.5176702884,1.6945461755,-0.6274675553,False,-0.1714996949,False,False,False,False,False,False,False,False,False,True,False,False,False,False,False,False,False,False,False,False,False,False,False,False,False,True,False,False,False,0.5,0.8660254038,0.4338837391,-0.9009688679,0.8660254038,0.5
2024-03-28 03:00:00,-0.8746381492897739,-0.2461008712,0.9118195972,1.0059694426,-0.1672396036,-1.1081817969,1.3718621137,-0.7802602623,False,-0.1714996949,False,False,False,False,False,False,False,False,False,True,False,False,False,False,False,False,False,False,False,False,False,False,False,False,False,True,False,False,False,0.7071067812,0.7071067812,0.4338837391,-0.9009688679,0.8660254038,0.5
2024-03-28 04:00:00,-1.0097962236084137,-0.3760655371,0.9118195972,0.2514063215,-0.2701436465,-1.1536805182,1.6834191389,-0.7191431795,False,-0.1714996949,False,False,False,False,False,False,False,False,False,True,False,False,False,False,False,False,False,False,False,False,False,False,False,False,False,True,False,False,False,0.8660254038,0.5,0.4338837391,-0.9009688679,0.8660254038,0.5
2024-03-28 05:00:00,-0.8746381492897739,-0.3667823466,0.9118195972,0.5029273619,-0.2701436465,-0.971685633,1.6277839558,-0.6885846381,False,-0.1714996949,False,False,False,False,False,False,False,False,False,True,False,False,False,False,False,False,False,False,False,False,False,False,False,False,False,True,False,False,False,0.9659258263,0.2588190451,0.4338837391,-0.9009688679,0.8660254038,0.5
2024-03-28 06:00:00,-0.8746381492897739,-0.3853487275,0.9118195972,0.7544484022,-0.2701436465,-0.971685633,1.2717187841,-0.7802602623,False,-0.1714996949,False,False,False,False,False,False,False,False,False,True,False,False,False,False,False,False,False,False,False,False,False,False,False,False,False,True,False,False,False,1.0,0.0,0.4338837391,-0.9009688679,0.8660254038,0.5
2024-03-28 07:00:00,-0.8746381492897739,-0.4503310604,0.9118195972,1.7605325636,-0.2701436465,-0.8806881905,1.0269239786,-0.8108188037,False,-0.1714996949,False,False,False,False,False,False,False,False,False,True,False,False,False,False,False,False,False,False,False,False,False,False,False,False,False,True,False,False,False,0.9659258263,-0.2588190451,0.4338837391,-0.9009688679,0.8660254038,0.5
2024-03-28 08:00:00,-0.6043220006524941,-0.3853487275,-0.4901190191,-0.2516357592,-0.1672396036,-0.6076958628,0.7932562097,-0.8108188037,False,-0.1714996949,False,False,False,False,False,False,False,False,False,True,False,False,False,False,False,False,False,False,False,False,False,False,False,False,False,True,False,False,False,0.8660254038,-0.5,0.4338837391,-0.9009688679,0.8660254038,0.5
2024-03-28 09:00:00,0.0714683709407053,-0.0790034436,0.9118195972,1.0059694426,-0.1672396036,-1.0626830756,0.871145466,-0.8108188037,False,-0.1714996949,False,False,False,False,False,False,False,False,False,True,False,False,False,False,False,False,False,False,False,False,False,False,False,False,False,True,False,False,False,0.7071067812,-0.7071067812,0.4338837391,-0.9009688679,0.8660254038,0.5
2024-03-28 10:00:00,0.20662644525934518,0.1716426978,0.9118195972,1.2574904829,-0.1672396036,-1.290176682,1.015796942,-0.8108188037,False,-0.1714996949,False,False,False,False,False,False,False,False,False,True,False,False,False,False,False,False,False,False,False,False,False,False,False,False,False,False,True,False,False,0.5,-0.8660254038,0.4338837391,-0.9009688679,0.8660254038,0.5
2024-03-28 11:00:00,-0.19884777769657447,0.3665896966,2.3137582136,3.0181377653,-0.1672396036,-1.6086677309,0.9601617589,-0.8108188037,False,-0.1714996949,False,False,False,False,False,False,False,False,False,True,False,False,False,False,False,False,False,False,False,False,False,False,False,False,False,False,True,False,False,0.2588190451,-0.9659258263,0.4338837391,-0.9009688679,0.8660254038,0.5
2024-03-28 12:00:00,-0.06368970337793459,0.5336871242,0.9118195972,1.7605325636,-0.2701436465,-1.6996651735,1.3496080404,-0.8108188037,False,-0.1714996949,False,False,False,False,False,False,False,False,False,True,False,False,False,False,False,False,False,False,False,False,False,False,False,False,False,True,False,False,False,0.0,-1.0,0.4338837391,-0.9009688679,0.8660254038,0.5
2024-03-28 13:00:00,-0.19884777769657447,0.6543685997,2.3137582136,1.7605325636,-0.3730476894,-1.6541664522,1.2828458207,-0.8108188037,False,-0.1714996949,False,False,False,False,False,False,False,False,False,True,False,False,False,False,False,False,False,False,False,False,False,False,False,False,False,False,True,False,False,-0.2588190451,-0.9659258263,0.4338837391,-0.9009688679,0.8660254038,0.5
2024-03-28 14:00:00,-0.06368970337793459,0.7564836943,2.3137582136,1.7605325636,-0.5788557752,-1.790662616,1.5498946995,-0.8108188037,False,-0.1714996949,False,False,False,False,False,False,False,False,False,True,False,False,False,False,False,False,False,False,False,False,False,False,False,False,False,True,False,False,False,-0.5,-0.8660254038,0.4338837391,-0.9009688679,0.8660254038,0.5
2024-03-28 15:00:00,0.20662644525934518,0.8678819793,0.9118195972,1.7605325636,-0.6817598181,-2.0636549437,1.6945461755,-0.8108188037,False,-0.1714996949,False,False,False,False,False,False,False,False,False,True,False,False,False,False,False,False,False,False,False,False,False,False,False,False,False,True,False,False,False,-0.7071067812,-0.7071067812,0.4338837391,-0.9009688679,0.8660254038,0.5
2024-03-28 16:00:00,0.20662644525934518,0.8678819793,2.3137582136,2.012053604,-0.784663861,-2.1546523863,1.6945461755,-0.8108188037,False,-0.1714996949,False,False,False,False,False,False,False,False,False,True,False,False,False,False,False,False,False,False,False,False,False,False,False,False,False,False,True,False,False,-0.8660254038,-0.5,0.4338837391,-0.9009688679,0.8660254038,0.5
2024-03-28 17:00:00,0.34178451957798506,0.8585987889,2.3137582136,2.012053604,-0.8875679039,-2.109153665,1.6945461755,-0.8108188037,False,-0.1714996949,False,False,False,False,False,False,False,False,False,True,False,False,False,False,False,False,False,False,False,False,False,False,False,False,False,False,True,False,False,-0.9659258263,-0.2588190451,0.4338837391,-0.9009688679,0.8660254038,0.5
2024-03-28 18:00:00,0.47694259389662497,0.793616456,-0.4901190191,-0.0001147188,-0.9904719468,-2.0181562224,1.6945461755,-0.8108188037,False,-0.1714996949,False,False,False,False,False,False,False,False,False,True,False,False,False,False,False,False,False,False,False,False,False,False,False,False,True,False,False,False,False,-1.0,-0.0,0.4338837391,-0.9009688679,0.8660254038,0.5
2024-03-28 19:00:00,0.20662644525934518,0.5615366954,-0.4901190191,-0.2516357592,-0.9904719468,-1.8361613373,1.3718621137,-0.8108188037,False,-0.1714996949,False,False,False,False,False,False,False,False,False,True,False,False,False,False,False,False,False,False,False,False,False,False,False,False,False,True,False,False,False,-0.9659258263,0.2588190451,0.4338837391,-0.9009688679,0.8660254038,0.5
2024-03-28 20:00:00,0.34178451957798506,0.4222888391,0.9118195972,0.7544484022,-0.8875679039,-1.7451638948,0.4149369648,-0.8108188037,False,-0.1714996949,False,False,False,False,False,False,False,False,False,True,False,False,False,False,False,False,False,False,False,False,False,False,True,False,False,False,False,False,False,-0.8660254038,0.5,0.4338837391,-0.9009688679,0.8660254038,0.5
2024-03-28 21:00:00,0.34178451957798506,0.3851560775,-0.4901190191,-0.2516357592,-0.8875679039,-1.6996651735,1.6945461755,-0.8108188037,False,-0.1714996949,False,False,False,False,False,False,False,False,False,True,False,False,False,False,False,False,False,False,False,True,False,False,False,False,False,False,False,False,False,-0.7071067812,0.7071067812,0.4338837391,-0.9009688679,0.8660254038,0.5
2024-03-28 22:00:00,-0.19884777769657447,0.3387401253,0.9118195972,1.0059694426,-0.8875679039,-1.6086677309,1.6945461755,-0.8108188037,False,-0.1714996949,False,False,False,False,False,False,False,False,False,True,False,False,False,False,False,False,False,False,False,False,False,False,True,False,False,False,False,False,False,-0.5,0.8660254038,0.4338837391,-0.9009688679,0.8660254038,0.5
2024-03-28 23:00:00,-0.8746381492897739,0.088093984,0.9118195972,0.2514063215,-0.9904719468,-1.5631690097,-0.4195907813,-0.8108188037,False,-0.1714996949,False,False,False,False,False,False,False,False,False,True,False,False,False,False,False,False,False,False,False,False,False,False,False,False,False,True,False,False,False,-0.2588190451,0.9659258263,0.4338837391,-0.9009688679,0.8660254038,0.5
2024-03-29 00:00:00,-0.8746381492897739,0.0416780319,-0.4901190191,-0.2516357592,-0.9904719468,-1.290176682,0.5595884408,-0.8108188037,False,-0.1714996949,False,False,False,False,False,False,False,False,False,True,False,False,False,False,False,False,False,False,False,False,False,False,False,False,True,False,False,False,False,0.0,1.0,-0.4338837391,-0.9009688679,0.8660254038,0.5
2024-03-29 01:00:00,-0.8746381492897739,-0.0790034436,-0.4901190191,-0.0001147188,-0.9904719468,-1.2446779607,0.092252903,-0.6885846381,False,-0.1714996949,False,False,False,False,False,False,False,False,False,True,False,False,False,False,False,False,False,False,False,False,False,False,False,False,True,False,False,False,False,0.2588190451,0.9659258263,-0.4338837391,-0.9009688679,0.8660254038,0.5
2024-03-29 02:00:00,-1.0097962236084137,-0.2182512999,-0.4901190191,-0.0001147188,-1.0933759897,-1.0171843543,0.9824158321,-0.6274675553,False,-0.1714996949,False,False,False,False,False,False,False,False,False,True,False,False,False,False,False,False,False,False,False,False,False,False,False,False,False,False,True,False,False,0.5,0.8660254038,-0.4338837391,-0.9009688679,0.8660254038,0.5
2024-03-29 03:00:00,-0.8746381492897739,-0.3574991562,-0.4901190191,-0.7546778399,-1.0933759897,-0.6531945841,-0.8424181726,-0.4135577655,False,-0.1714996949,False,False,False,False,False,False,False,False,False,True,False,False,False,False,False,False,False,False,True,False,False,False,False,False,False,False,False,False,False,0.7071067812,0.7071067812,-0.4338837391,-0.9009688679,0.8660254038,0.5
2024-03-29 04:00:00,-1.0097962236084137,-0.3296495849,-0.4901190191,-0.0001147188,-1.0933759897,-0.4257009777,1.0936861983,-0.4746748483,False,-0.1714996949,False,False,False,False,False,False,False,False,False,True,False,False,False,False,False,False,False,False,False,False,False,False,False,False,False,False,True,False,False,0.8660254038,0.5,-0.4338837391,-0.9009688679,0.8660254038,0.5
2024-03-29 05:00:00,-0.8746381492897739,-0.5153133934,-0.4901190191,-0.5031567995,-1.0933759897,-0.5621971415,-1.3320077836,-0.5052333897,False,-0.1714996949,False,False,False,False,False,False,False,False,False,True,False,False,False,False,False,False,False,False,False,False,False,False,False,False,False,True,False,False,False,0.9659258263,0.2588190451,-0.4338837391,-0.9009688679,0.8660254038,0.5
2024-03-29 06:00:00,-0.8746381492897739,-0.4317646796,-0.4901190191,-0.5031567995,-0.9904719468,0.0292862351,0.9156536125,-0.4746748483,False,-0.1714996949,False,False,False,False,False,False,False,False,False,True,False,False,False,False,False,False,False,False,False,False,False,False,False,False,True,False,False,False,False,1.0,0.0,-0.4338837391,-0.9009688679,0.8660254038,0.5
2024-03-29 07:00:00,-1.0097962236084137,-0.3389327754,0.9118195972,0.5029273619,-0.9904719468,-0.5621971415,1.015796942,-0.7497017209,False,-0.1714996949,False,False,False,False,False,False,False,False,False,True,False,False,False,False,False,False,False,False,False,False,False,False,False,False,False,True,False,False,False,0.9659258263,-0.2588190451,-0.4338837391,-0.9009688679,0.8660254038,0.5
2024-03-29 08:00:00,-0.739480074971134,0.0045452702,0.9118195972,1.2574904829,-0.8875679039,-0.6986933054,0.5039532577,-0.8108188037,False,-0.1714996949,False,False,False,False,False,False,False,False,False,True,False,False,False,False,False,False,False,False,False,False,False,False,False,False,False,True,False,False,False,0.8660254038,-0.5,-0.4338837391,-0.9009688679,0.8660254038,0.5
2024-03-29 09:00:00,-0.46916392633385423,0.3294569349,0.9118195972,1.5090115233,-0.8875679039,-1.1081817969,0.7932562097,-0.8108188037,False,-0.1714996949,False,False,False,False,False,False,False,False,False,True,False,False,False,False,False,False,False,False,False,False,False,False,False,False,False,True,False,False,False,0.7071067812,-0.7071067812,-0.4338837391,-0.9009688679,0.8660254038,0.5
2024-03-29 10:00:00,-0.3340058520152144,0.5708198859,0.9118195972,0.7544484022,-0.8875679039,-1.6086677309,1.5944028459,-0.8108188037,False,-0.1714996949,False,False,False,False,False,False,False,False,False,True,False,False,False,False,False,False,False,False,False,False,False,False,False,False,False,False,True,False,False,0.5,-0.8660254038,-0.4338837391,-0.9009688679,0.8660254038,0.5
2024-03-29 11:00:00,0.34178451957798506,0.7657668847,0.9118195972,0.5029273619,-0.8875679039,-1.6541664522,1.5721487727,-0.8108188037,False,-0.1714996949,False,False,False,False,False,False,False,False,False,True,False,False,False,False,False,False,False,False,False,False,False,False,False,False,False,False,True,False,False,0.2588190451,-0.9659258263,-0.4338837391,-0.9009688679,0.8660254038,0.5
2024-03-29 12:00:00,0.47694259389662497,0.9421475027,-0.4901190191,-0.2516357592,-0.9904719468,-1.8816600586,1.6945461755,-0.8108188037,False,-0.1714996949,False,False,False,False,False,False,False,False,False,True,False,False,False,False,False,False,False,False,False,True,False,False,False,False,False,False,False,False,False,0.0,-1.0,-0.4338837391,-0.9009688679,0.8660254038,0.5
2024-03-29 13:00:00,-0.19884777769657447,1.0628289782,0.9118195972,0.7544484022,-1.0933759897,-1.8816600586,1.4942595164,-0.7802602623,False,-0.1714996949,False,False,False,False,False,False,False,False,False,True,False,False,False,False,False,False,False,False,False,False,True,False,False,False,False,False,False,False,False,-0.2588190451,-0.9659258263,-0.4338837391,-0.9009688679,0.8660254038,0.5
2024-03-29 14:00:00,-0.06368970337793459,1.1185281207,0.9118195972,0.7544484022,-1.2991840755,-1.9726575012,1.6277839558,-0.7802602623,False,-0.1714996949,False,False,False,False,False,False,False,False,False,True,False,False,False,False,False,False,False,False,True,False,False,False,False,False,False,False,False,False,False,-0.5,-0.8660254038,-0.4338837391,-0.9009688679,0.8660254038,0.5
2024-03-29 15:00:00,0.47694259389662497,1.1649440728,2.3137582136,1.7605325636,-1.4020881184,-2.0181562224,1.5832758093,-0.4441163069,False,-0.1714996949,False,False,False,False,False,False,False,False,False,True,False,False,False,False,False,False,False,False,False,False,True,False,False,False,False,False,False,False,False,-0.7071067812,-0.7071067812,-0.4338837391,-0.9009688679,0.8660254038,0.5
2024-03-29 16:00:00,0.6121006682152649,1.146377692,2.3137582136,2.012053604,-1.5049921613,-1.9271587799,1.6945461755,-0.3218821413,False,-0.1714996949,False,False,False,False,False,False,False,False,False,True,False,False,False,False,False,False,False,False,False,False,True,False,False,False,False,False,False,False,False,-0.8660254038,-0.5,-0.4338837391,-0.9009688679,0.8660254038,0.5
2024-03-29 17:00:00,0.20662644525934518,1.081395359,2.3137582136,1.7605325636,-1.5049921613,-1.9271587799,1.6945461755,-0.8108188037,False,-0.1714996949,False,False,False,False,False,False,False,False,False,True,False,False,False,False,False,False,False,False,False,False,True,False,False,False,False,False,False,False,False,-0.9659258263,-0.2588190451,-0.4338837391,-0.9009688679,0.8660254038,0.5
2024-03-29 18:00:00,0.0714683709407053,0.9514306931,0.9118195972,0.7544484022,-1.5049921613,-1.7451638948,1.6945461755,-0.8108188037,False,-0.1714996949,False,False,False,False,False,False,False,False,False,True,False,False,False,False,False,False,False,False,False,False,True,False,False,False,False,False,False,False,False,-1.0,-0.0,-0.4338837391,-0.9009688679,0.8660254038,0.5
2024-03-29 19:00:00,0.0714683709407053,0.7379173134,0.9118195972,1.0059694426,-1.5049921613,-1.4266728458,1.0269239786,-0.8108188037,False,-0.1714996949,False,False,False,False,False,False,False,False,False,True,False,False,False,False,False,False,False,False,True,False,False,False,False,False,False,False,False,False,False,-0.9659258263,0.2588190451,-0.4338837391,-0.9009688679,0.8660254038,0.5
2024-03-29 20:00:00,-0.06368970337793459,0.6079526476,0.9118195972,0.7544484022,-1.4020881184,-1.4721715671,1.505386553,-0.8108188037,False,-0.1714996949,False,False,False,False,False,False,False,False,False,True,False,False,False,False,False,False,False,False,False,False,True,False,False,False,False,False,False,False,False,-0.8660254038,0.5,-0.4338837391,-0.9009688679,0.8660254038,0.5
2024-03-29 21:00:00,-0.06368970337793459,0.4594216008,0.9118195972,1.0059694426,-1.1962800326,-1.5631690097,1.4163702601,-0.8108188037,False,-0.1714996949,False,False,False,False,False,False,False,False,False,True,False,False,False,False,False,False,False,False,True,False,False,False,False,False,False,False,False,False,False,-0.7071067812,0.7071067812,-0.4338837391,-0.9009688679,0.8660254038,0.5
2024-03-29 22:00:00,-0.06368970337793459,0.2923241732,0.9118195972,0.5029273619,-1.0933759897,-1.1536805182,0.8266373195,-0.7802602623,False,-0.1714996949,False,False,False,False,False,False,False,False,False,True,False,False,False,False,False,False,False,False,False,False,False,True,False,False,False,False,False,False,False,-0.5,0.8660254038,-0.4338837391,-0.9009688679,0.8660254038,0.5
2024-03-29 23:00:00,-0.8746381492897739,0.3294569349,0.9118195972,1.5090115233,-0.9904719468,-1.2446779607,0.4594451113,-0.5357919311,False,-0.1714996949,False,False,False,False,False,False,False,False,False,True,False,False,False,False,False,False,False,False,False,False,False,True,False,False,False,False,False,False,False,-0.2588190451,0.9659258263,-0.4338837391,-0.9009688679,0.8660254038,0.5
2024-03-30 00:00:00,-0.8746381492897739,0.2180586499,0.9118195972,0.7544484022,-0.9904719468,-1.1991792394,0.4260640014,1.9394499225,False,-0.1714996949,False,False,False,False,False,False,False,False,False,False,False,False,False,False,True,False,False,False,False,False,True,False,False,False,False,False,False,False,True,0.0,1.0,-0.9749279122,-0.222520934,0.8660254038,0.5
2024-03-30 01:00:00,-1.0097962236084137,0.2551914116,0.9118195972,1.2574904829,-0.8875679039,-1.0171843543,0.236904379,-0.3829992241,False,-0.1714996949,False,False,False,False,False,False,False,False,False,True,False,False,False,False,False,False,False,False,False,False,False,False,False,False,False,False,True,False,True,0.2588190451,0.9659258263,-0.9749279122,-0.222520934,0.8660254038,0.5
2024-03-30 02:00:00,-0.8746381492897739,0.1623595074,-0.4901190191,-0.2516357592,-0.784663861,-0.9261869118,0.6819858436,-0.6274675553,False,-0.1714996949,False,False,False,False,False,False,False,False,False,True,False,False,False,False,False,False,False,False,False,False,True,False,False,False,False,False,False,False,True,0.5,0.8660254038,-0.9749279122,-0.222520934,0.8660254038,0.5
2024-03-30 03:00:00,-0.8746381492897739,0.1159435553,-0.4901190191,-0.2516357592,-0.784663861,-0.8351894692,0.4928262211,-0.3218821413,False,-0.1714996949,False,False,False,False,False,False,False,False,False,True,False,False,False,False,False,False,False,False,False,False,False,False,True,False,False,False,False,False,True,0.7071067812,0.7071067812,-0.9749279122,-0.222520934,0.8660254038,0.5
2024-03-30 04:00:00,-1.0097962236084137,0.088093984,0.9118195972,1.0059694426,-0.784663861,-0.9261869118,0.5929695506,-0.4746748483,False,-0.1714996949,False,False,False,False,False,False,False,False,False,True,False,False,False,False,False,False,False,False,False,False,False,False,True,False,False,False,False,False,True,0.8660254038,0.5,-0.9749279122,-0.222520934,0.8660254038,0.5
2024-03-30 05:00:00,-0.8746381492897739,0.023111651,0.9118195972,0.7544484022,-0.6817598181,-0.5621971415,0.4816991845,-0.5969090139,False,-0.1714996949,False,False,False,False,False,False,False,False,False,True,False,False,False,False,False,False,False,False,False,False,False,True,False,False,False,False,False,False,True,0.9659258263,0.2588190451,-0.9749279122,-0.222520934,0.8660254038,0.5
2024-03-30 06:00:00,-1.0097962236084137,0.1159435553,-0.4901190191,-0.0001147188,-0.5788557752,-1.0171843543,0.3704288184,-0.7802602623,False,-0.1714996949,False,False,False,False,False,False,False,False,False,True,False,False,False,False,False,False,False,False,False,False,False,True,False,False,False,False,False,False,True,1.0,0.0,-0.9749279122,-0.222520934,0.8660254038,0.5
2024-03-30 07:00:00,-0.8746381492897739,-0.0140211106,-0.4901190191,-0.0001147188,-0.4759517323,-0.8806881905,0.7153669534,-0.7191431795,False,-0.1714996949,False,False,False,False,False,False,False,False,False,True,False,False,False,False,False,False,False,False,False,False,True,False,False,False,False,False,False,False,True,0.9659258263,-0.2588190451,-0.9749279122,-0.222520934,0.8660254038,0.5
2024-03-30 08:00:00,-0.739480074971134,0.1252267457,0.9118195972,1.0059694426,-0.3730476894,-1.1536805182,0.6374776971,-0.6885846381,False,-0.1714996949,False,False,False,False,False,False,False,False,False,True,False,False,False,False,False,False,False,False,False,False,True,False,False,False,False,False,False,False,True,0.8660254038,-0.5,-0.9749279122,-0.222520934,0.8660254038,0.5
2024-03-30 09:00:00,-0.46916392633385423,0.3108905541,2.3137582136,2.012053604,-0.2701436465,-1.6541664522,0.8488913928,-0.7497017209,False,-0.1714996949,False,False,False,False,False,False,False,False,False,True,False,False,False,False,False,False,False,False,True,False,False,False,False,False,False,False,False,False,True,0.7071067812,-0.7071067812,-0.9749279122,-0.222520934,0.8660254038,0.5
2024-03-30 10:00:00,-0.19884777769657447,0.44085522,0.9118195972,1.0059694426,-0.2701436465,-1.6541664522,1.5610217361,-0.3524406827,False,-0.1714996949,False,False,False,False,False,False,False,False,False,True,False,False,False,False,False,False,False,False,True,False,False,False,False,False,False,False,False,False,True,0.5,-0.8660254038,-0.9749279122,-0.222520934,0.8660254038,0.5
2024-03-30 11:00:00,-0.06368970337793459,0.5708198859,2.3137582136,2.012053604,-0.2701436465,-1.790662616,0.6597317703,0.3198472282,False,-0.1714996949,False,False,True,False,False,False,False,False,False,False,False,False,False,False,False,False,False,False,True,False,False,False,False,False,False,False,False,False,True,0.2588190451,-0.9659258263,-0.9749279122,-0.222520934,0.8660254038,0.5
2024-03-30 12:00:00,-0.19884777769657447,0.5615366954,2.3137582136,1.7605325636,-0.2701436465,-1.9726575012,1.6945461755,1.7255401327,False,-0.1714996949,False,False,True,False,False,False,False,False,False,False,False,False,False,False,False,False,False,False,False,False,True,False,False,False,False,False,False,False,True,0.0,-1.0,-0.9749279122,-0.222520934,0.8660254038,0.5
2024-03-30 13:00:00,-0.06368970337793459,0.6822181709,0.9118195972,1.7605325636,-0.3730476894,-1.9271587799,1.5498946995,1.1143693046,False,-0.1714996949,False,False,True,False,False,False,False,False,False,False,False,False,False,False,False,False,False,False,False,False,True,False,False,False,False,False,False,False,True,-0.2588190451,-0.9659258263,-0.9749279122,-0.222520934,0.8660254038,0.5
2024-03-30 14:00:00,-0.06368970337793459,0.7750500751,-0.4901190191,-0.0001147188,-0.4759517323,-2.0636549437,1.6945461755,0.4726399352,False,-0.1714996949,False,False,True,False,False,False,False,False,False,False,False,False,False,False,False,False,False,False,True,False,False,False,False,False,False,False,False,False,True,-0.5,-0.8660254038,-0.9749279122,-0.222520934,0.8660254038,0.5
2024-03-30 15:00:00,0.0714683709407053,0.7472005039,0.9118195972,1.2574904829,-0.5788557752,-1.9726575012,1.5165135896,-0.5969090139,False,-0.1714996949,False,False,False,False,False,False,False,False,False,True,False,False,False,False,False,False,False,False,False,False,True,False,False,False,False,False,False,False,True,-0.7071067812,-0.7071067812,-0.9749279122,-0.222520934,0.8660254038,0.5
2024-03-30 16:00:00,0.0714683709407053,0.7657668847,0.9118195972,0.7544484022,-0.6817598181,-1.9726575012,1.6945461755,-0.6274675553,False,-0.1714996949,False,False,False,False,False,False,False,False,False,True,False,False,False,False,False,False,False,False,True,False,False,False,False,False,False,False,False,False,True,-0.8660254038,-0.5,-0.9749279122,-0.222520934,0.8660254038,0.5
2024-03-30 17:00:00,-0.06368970337793459,0.7193509326,0.9118195972,1.2574904829,-0.784663861,-1.9271587799,1.4163702601,-0.7191431795,False,-0.1714996949,False,False,False,False,False,False,False,False,False,True,False,False,False,False,False,False,False,False,False,False,True,False,False,False,False,False,False,False,True,-0.9659258263,-0.2588190451,-0.9749279122,-0.222520934,0.8660254038,0.5
2024-03-30 18:00:00,-0.06368970337793459,0.6450854092,0.9118195972,0.7544484022,-0.784663861,-1.8816600586,1.6166569192,-0.7802602623,False,-0.1714996949,False,False,False,False,False,False,False,False,False,True,False,False,False,False,False,False,False,False,True,False,False,False,False,False,False,False,False,False,True,-1.0,-0.0,-0.9749279122,-0.222520934,0.8660254038,0.5
2024-03-30 19:00:00,-0.19884777769657447,0.4779879817,0.9118195972,0.2514063215,-0.784663861,-1.6996651735,1.3384810038,-0.8108188037,False,-0.1714996949,False,False,False,False,False,False,False,False,False,True,False,False,False,False,False,False,False,False,False,False,True,False,False,False,False,False,False,False,True,-0.9659258263,0.2588190451,-0.9749279122,-0.222520934,0.8660254038,0.5
2024-03-30 20:00:00,-0.19884777769657447,0.2273418403,-0.4901190191,-0.0001147188,-0.784663861,-1.3811741245,0.9824158321,-0.8108188037,False,-0.1714996949,False,False,False,False,False,False,False,False,False,True,False,False,False,False,False,False,False,False,False,False,True,False,False,False,False,False,False,False,True,-0.8660254038,0.5,-0.9749279122,-0.222520934,0.8660254038,0.5
2024-03-30 21:00:00,-0.3340058520152144,0.0973771744,-0.4901190191,-0.0001147188,-0.784663861,-1.290176682,1.360735077,-0.8108188037,False,-0.1714996949,False,False,False,False,False,False,False,False,False,True,False,False,False,False,False,False,False,False,False,False,True,False,False,False,False,False,False,False,True,-0.7071067812,0.7071067812,-0.9749279122,-0.222520934,0.8660254038,0.5
2024-03-30 22:00:00,-0.3340058520152144,0.023111651,-0.4901190191,-0.2516357592,-0.6817598181,-1.1991792394,1.0380510152,-0.8108188037,False,-0.1714996949,False,False,False,False,False,False,False,False,False,True,False,False,False,False,False,False,False,False,True,False,False,False,False,False,False,False,False,False,True,-0.5,0.8660254038,-0.9749279122,-0.222520934,0.8660254038,0.5
2024-03-30 23:00:00,-0.8746381492897739,-0.0047379202,-0.4901190191,-0.5031567995,-0.6817598181,-1.0171843543,0.3036665987,0.6254326422,False,-0.1714996949,False,False,True,False,False,False,False,False,False,False,False,False,False,False,False,False,False,False,True,False,False,False,False,False,False,False,False,False,True,-0.2588190451,0.9659258263,-0.9749279122,-0.222520934,0.8660254038,0.5
2024-03-31 00:00:00,-0.8746381492897739,-0.0047379202,0.9118195972,1.2574904829,-0.784663861,-1.1081817969,0.4483180747,-0.6580260967,False,-0.1714996949,False,False,False,False,False,False,False,False,False,True,False,False,False,False,False,False,False,False,False,False,False,True,False,False,False,False,False,False,True,0.0,1.0,-0.7818314825,0.6234898019,0.8660254038,0.5
2024-03-31 01:00:00,-0.8746381492897739,-0.1161362053,-0.4901190191,-0.2516357592,-0.6817598181,-0.8806881905,0.6708588069,-0.8108188037,False,-0.1714996949,False,False,False,False,False,False,False,False,False,True,False,False,False,False,False,False,False,False,True,False,False,False,False,False,False,False,False,False,True,0.2588190451,0.9659258263,-0.7818314825,0.6234898019,0.8660254038,0.5
2024-03-31 02:00:00,-1.0097962236084137,-0.1625521574,0.9118195972,1.2574904829,-0.6817598181,-1.1991792394,1.3718621137,-0.8108188037,False,-0.1714996949,False,False,False,False,False,False,False,False,False,True,False,False,False,False,False,False,False,False,False,False,False,True,False,False,False,False,False,False,True,0.5,0.8660254038,-0.7818314825,0.6234898019,0.8660254038,0.5
2024-03-31 03:00:00,-0.8746381492897739,-0.3018000137,-0.4901190191,-0.2516357592,-0.784663861,-0.7896907479,1.2605917475,-0.7802602623,False,-0.1714996949,False,False,False,False,False,False,False,False,False,True,False,False,False,False,False,False,False,False,False,False,True,False,False,False,False,False,False,False,True,0.7071067812,0.7071067812,-0.7818314825,0.6234898019,0.8660254038,0.5
2024-03-31 04:00:00,-1.0097962236084137,-0.4224814892,-0.4901190191,-0.2516357592,-0.6817598181,-0.6076958628,0.9712887955,-0.8108188037,False,-0.1714996949,False,False,False,False,False,False,False,False,False,True,False,False,False,False,False,False,False,False,True,False,False,False,False,False,False,False,False,False,True,0.8660254038,0.5,-0.7818314825,0.6234898019,0.8660254038,0.5
2024-03-31 05:00:00,-0.8746381492897739,-0.4131982987,-0.4901190191,-1.0061988802,-0.6817598181,-0.5166984203,0.9490347223,-0.8108188037,False,-0.1714996949,False,False,False,False,False,False,False,False,False,True,False,False,False,False,False,False,False,False,True,False,False,False,False,False,False,False,False,False,True,0.9659258263,0.2588190451,-0.7818314825,0.6234898019,0.8660254038,0.5
2024-03-31 06:00:00,-1.0097962236084137,-0.5431629646,-0.4901190191,-0.5031567995,-0.6817598181,-0.3802022564,0.581842514,-0.7802602623,False,-0.1714996949,False,False,False,False,False,False,False,False,False,True,False,False,False,False,False,False,False,False,True,False,False,False,False,False,False,False,False,False,True,1.0,0.0,-0.7818314825,0.6234898019,0.8660254038,0.5
2024-03-31 07:00:00,-0.8746381492897739,-0.4039151083,0.9118195972,0.2514063215,-0.6817598181,-0.5166984203,0.7153669534,-0.8108188037,False,-0.1714996949,False,False,False,False,False,False,False,False,False,True,False,False,False,False,False,False,False,False,False,False,False,False,False,False,True,False,False,False,True,0.9659258263,-0.2588190451,-0.7818314825,0.6234898019,0.8660254038,0.5
2024-03-31 08:00:00,-0.8746381492897739,-0.2089681095,0.9118195972,0.2514063215,-0.5788557752,-0.4257009777,0.1145069762,-0.7191431795,False,-0.1714996949,False,False,False,False,False,False,False,False,False,True,False,False,False,False,False,False,False,False,True,False,False,False,False,False,False,False,False,False,True,0.8660254038,-0.5,-0.7818314825,0.6234898019,0.8660254038,0.5
2024-03-31 09:00:00,-0.6043220006524941,0.0973771744,-0.4901190191,-0.0001147188,-0.5788557752,-0.7441920267,0.0811258664,-0.7802602623,False,-0.1714996949,False,False,False,False,False,False,False,False,False,True,False,False,False,False,False,False,False,False,True,False,False,False,False,False,False,False,False,False,True,0.7071067812,-0.7071067812,-0.7818314825,0.6234898019,0.8660254038,0.5
2024-03-31 10:00:00,-0.19884777769657447,0.2830409828,-0.4901190191,-0.0001147188,-0.5788557752,-1.0626830756,0.1478880861,-0.7191431795,False,-0.1714996949,False,False,False,False,False,False,False,False,False,True,False,False,False,False,False,False,False,False,False,False,False,True,False,False,False,False,False,False,True,0.5,-0.8660254038,-0.7818314825,0.6234898019,0.8660254038,0.5
2024-03-31 11:00:00,-0.19884777769657447,0.44085522,0.9118195972,0.7544484022,-0.5788557752,-1.2446779607,0.1812691959,-0.7802602623,False,-0.1714996949,False,False,False,False,False,False,False,False,False,True,False,False,False,False,False,False,False,False,True,False,False,False,False,False,False,False,False,False,True,0.2588190451,-0.9659258263,-0.7818314825,0.6234898019,0.8660254038,0.5
2024-03-31 12:00:00,-0.06368970337793459,0.5244039338,0.9118195972,1.5090115233,-0.6817598181,-1.290176682,-0.0857796828,-0.7191431795,False,-0.1714996949,False,False,False,False,False,False,False,False,False,True,False,False,False,False,False,False,False,False,True,False,False,False,False,False,False,False,False,False,True,0.0,-1.0,-0.7818314825,0.6234898019,0.8660254038,0.5
2024-03-31 13:00:00,-0.19884777769657447,0.6358022188,0.9118195972,1.7605325636,-0.8875679039,-1.1991792394,-0.0190174631,-0.6580260967,False,-0.1714996949,False,False,False,False,False,False,False,False,False,True,False,False,False,False,False,False,False,False,True,False,False,False,False,False,False,False,False,False,True,-0.2588190451,-0.9659258263,-0.7818314825,0.6234898019,0.8660254038,0.5
2024-03-31 14:00:00,-0.06368970337793459,0.728634123,0.9118195972,1.5090115233,-0.9904719468,-1.4721715671,-0.1302878293,0.9004595148,False,-0.1714996949,False,False,True,False,False,False,False,False,False,False,False,False,False,False,False,False,False,False,False,False,True,False,False,False,False,False,False,False,True,-0.5,-0.8660254038,-0.7818314825,0.6234898019,0.8660254038,0.5
2024-03-31 15:00:00,-0.06368970337793459,0.7750500751,2.3137582136,2.2635746443,-1.1962800326,-1.4721715671,-0.0746526462,-0.7191431795,False,-0.1714996949,False,False,False,False,False,False,False,False,False,True,False,False,False,False,False,False,False,False,False,False,True,False,False,False,False,False,False,False,True,-0.7071067812,-0.7071067812,-0.7818314825,0.6234898019,0.8660254038,0.5
2024-03-31 16:00:00,-0.06368970337793459,0.793616456,3.7156968299,3.7727008864,-1.2991840755,-1.3356754033,0.3147936353,-0.7497017209,False,-0.1714996949,False,False,False,False,False,False,False,False,False,True,False,False,False,False,False,False,False,False,False,False,True,False,False,False,False,False,False,False,True,-0.8660254038,-0.5,-0.7818314825,0.6234898019,0.8660254038,0.5
2024-03-31 17:00:00,-0.06368970337793459,0.793616456,3.7156968299,4.0242219267,-1.4020881184,-1.290176682,0.0699988298,-0.8108188037,False,-0.1714996949,False,False,False,False,False,False,False,False,False,True,False,False,False,False,False,False,False,False,False,False,True,False,False,False,False,False,False,False,True,-0.9659258263,-0.2588190451,-0.7818314825,0.6234898019,0.8660254038,0.5
2024-03-31 18:00:00,-0.06368970337793459,0.7007845518,2.3137582136,2.2635746443,-1.5049921613,-1.1991792394,0.0811258664,-0.8108188037,False,-0.1714996949,False,False,False,False,False,False,False,False,False,True,False,False,False,False,False,False,False,False,False,False,True,False,False,False,False,False,False,False,True,-1.0,-0.0,-0.7818314825,0.6234898019,0.8660254038,0.5
2024-03-31 19:00:00,-0.06368970337793459,0.5801030763,2.3137582136,1.7605325636,-1.5049921613,-1.0171843543,0.1256340128,-0.5969090139,False,-0.1714996949,False,False,False,False,False,False,False,False,False,True,False,False,False,False,False,False,False,False,True,False,False,False,False,False,False,False,False,False,True,-0.9659258263,0.2588190451,-0.7818314825,0.6234898019,0.8660254038,0.5
2024-03-31 20:00:00,-0.06368970337793459,0.4872711721,-0.4901190191,-0.0001147188,-1.4020881184,-0.8351894692,-0.0078904265,-0.6274675553,False,-0.1714996949,False,False,False,False,False,False,False,False,False,True,False,False,False,False,False,False,False,False,True,False,False,False,False,False,False,False,False,False,True,-0.8660254038,0.5,-0.7818314825,0.6234898019,0.8660254038,0.5
2024-03-31 21:00:00,-0.19884777769657447,0.3665896966,0.9118195972,0.2514063215,-1.4020881184,-0.7441920267,-0.2638122687,1.9088913811,False,-0.1714996949,False,False,True,False,False,False,False,False,False,False,False,False,False,False,False,False,False,False,False,False,False,True,False,False,False,False,False,False,True,-0.7071067812,0.7071067812,-0.7818314825,0.6234898019,0.8660254038,0.5
2024-03-31 22:00:00,-0.06368970337793459,0.1530763169,-0.4901190191,-0.2516357592,-1.2991840755,-0.471199699,-0.2860663419,-0.3218821413,False,-0.1714996949,False,False,False,False,False,False,False,False,False,True,False,False,False,False,False,False,False,False,True,False,False,False,False,False,False,False,False,False,True,-0.5,0.8660254038,-0.7818314825,0.6234898019,0.8660254038,0.5
2024-03-31 23:00:00,-0.8746381492897739,0.1530763169,-0.4901190191,-0.0001147188,-1.2991840755,-0.471199699,-0.6198774403,0.380964311,False,-0.1714996949,False,False,True,False,False,False,False,False,False,False,False,False,False,False,False,False,False,False,True,False,False,False,False,False,False,False,False,False,True,-0.2588190451,0.9659258263,-0.7818314825,0.6234898019,0.8660254038,0.5
2024-04-01 00:00:00,-0.8746381492897739,0.1437931265,-0.4901190191,-0.5031567995,-1.2991840755,-0.471199699,-0.5197341108,0.6559911836,False,-0.1714996949,False,False,True,False,False,False,False,False,False,False,False,False,False,False,False,False,False,False,False,False,False,False,False,False,True,False,False,False,False,0.0,1.0,0.0,1.0,1.0,0.0
2024-04-01 01:00:00,-1.0097962236084137,,,,,,,,,,,,,,,,,,,,,,,,,,,,,,,,,,,,,,False,0.2588190451,0.9659258263,0.0,1.0,1.0,0.0
2024-04-01 02:00:00,-0.8746381492897739,0.1530763169,0.9118195972,1.2574904829,-1.4020881184,-0.7896907479,0.2591584522,0.4726399352,False,-0.1714996949,False,False,True,False,False,False,False,False,False,False,False,False,False,False,False,False,False,False,True,False,False,False,False,False,False,False,False,False,False,0.5,0.8660254038,0.0,1.0,1.0,0.0
2024-04-01 03:00:00,-0.8746381492897739,0.0973771744,0.9118195972,1.2574904829,-1.5049921613,-0.5621971415,0.3593017817,-0.0468552687,False,-0.1714996949,False,False,False,False,False,False,False,False,False,True,False,False,False,False,False,False,False,False,True,False,False,False,False,False,False,False,False,False,False,0.7071067812,0.7071067812,0.0,1.0,1.0,0.0
2024-04-01 04:00:00,-1.0097962236084137,0.1159435553,0.9118195972,0.7544484022,-1.5049921613,-0.5166984203,1.0380510152,-0.5052333897,False,-0.1714996949,False,False,False,False,False,False,False,False,False,True,False,False,False,False,False,False,False,False,True,False,False,False,False,False,False,False,False,False,False,0.8660254038,0.5,0.0,1.0,1.0,0.0
2024-04-01 05:00:00,-0.8746381492897739,0.1159435553,0.9118195972,1.0059694426,-1.5049921613,-0.5166984203,1.160448418,-0.5663504725,False,-0.1714996949,False,False,False,False,False,False,False,False,False,True,False,False,False,False,False,False,False,False,True,False,False,False,False,False,False,False,False,False,False,0.9659258263,0.2588190451,0.0,1.0,1.0,0.0
2024-04-01 06:00:00,-1.0097962236084137,0.1066603648,0.9118195972,1.2574904829,-1.5049921613,-0.4257009777,0.8266373195,0.5031984766,False,-0.1714996949,False,False,True,False,False,False,False,False,False,False,False,False,False,False,False,False,False,False,True,False,False,False,False,False,False,False,False,False,False,1.0,0.0,0.0,1.0,1.0,0.0
2024-04-01 07:00:00,-0.8746381492897739,0.1530763169,0.9118195972,1.0059694426,-1.4020881184,-0.3347035351,0.5373343676,0.5948741008,False,-0.1714996949,False,False,True,False,False,False,False,False,False,False,False,False,False,False,False,False,False,False,True,False,False,False,False,False,False,False,False,False,False,0.9659258263,-0.2588190451,0.0,1.0,1.0,0.0
2024-04-01 08:00:00,-0.8746381492897739,0.2551914116,2.3137582136,2.012053604,-1.4020881184,-0.471199699,0.4038099282,0.5948741008,False,-0.1714996949,False,False,True,False,False,False,False,False,False,False,False,False,False,False,False,False,False,False,True,False,False,False,False,False,False,False,False,False,False,0.8660254038,-0.5,0.0,1.0,1.0,0.0
2024-04-01 09:00:00,-0.3340058520152144,0.3201737445,0.9118195972,1.5090115233,-1.2991840755,-0.471199699,0.3147936353,2.0616840881,False,-0.1714996949,False,False,False,False,False,False,False,False,False,False,False,False,False,False,True,False,False,False,True,False,False,False,False,False,False,False,False,False,False,0.7071067812,-0.7071067812,0.0,1.0,1.0,0.0
2024-04-01 10:00:00,-0.19884777769657447,0.4315720296,0.9118195972,1.0059694426,-1.2991840755,-0.4257009777,0.236904379,2.0922426295,False,-0.1714996949,False,False,False,False,False,False,False,False,False,False,False,False,False,False,True,False,False,False,False,False,True,False,False,False,False,False,False,False,False,0.5,-0.8660254038,0.0,1.0,1.0,0.0
2024-04-01 11:00:00,0.20662644525934518,0.5429703146,0.9118195972,1.0059694426,-1.2991840755,-0.6531945841,0.437191038,2.0922426295,False,-0.1714996949,False,False,False,False,False,False,False,False,False,False,False,False,False,False,True,False,False,False,True,False,False,False,False,False,False,False,False,False,False,0.2588190451,-0.9659258263,0.0,1.0,1.0,0.0
2024-04-01 12:00:00,0.20662644525934518,0.5615366954,0.9118195972,1.0059694426,-1.2991840755,-0.6076958628,0.5150802943,2.0922426295,False,-0.1714996949,False,False,False,False,False,False,False,False,False,False,False,False,False,False,True,False,False,False,True,False,False,False,False,False,False,False,False,False,False,0.0,-1.0,0.0,1.0,1.0,0.0
2024-04-01 13:00:00,-0.19884777769657447,0.5986694571,0.9118195972,1.2574904829,-1.4020881184,-0.6531945841,0.5484614042,2.0922426295,False,-0.1714996949,False,False,False,False,False,False,False,False,False,False,False,False,False,False,True,False,False,False,True,False,False,False,False,False,False,False,False,False,False,-0.2588190451,-0.9659258263,0.0,1.0,1.0,0.0
2024-04-01 14:00:00,-0.3340058520152144,0.4872711721,-0.4901190191,-0.2516357592,-1.4020881184,-0.6076958628,0.3147936353,2.0922426295,False,-0.1714996949,True,False,False,False,False,False,False,False,False,False,False,False,False,False,False,False,False,False,False,False,False,False,False,False,False,True,False,False,False,-0.5,-0.8660254038,0.0,1.0,1.0,0.0
2024-04-01 15:00:00,0.0714683709407053,0.1809258882,-0.4901190191,-0.0001147188,-1.4020881184,0.8027644968,-0.6532585502,2.0922426295,True,2.9626086403,True,False,False,False,False,False,False,False,False,False,False,False,False,False,False,False,False,False,False,False,False,False,False,False,False,True,False,False,False,-0.7071067812,-0.7071067812,0.0,1.0,1.0,0.0
2024-04-01 16:00:00,0.0714683709407053,0.1066603648,-0.4901190191,-0.2516357592,-1.4020881184,1.2122529883,-1.0538318683,2.0922426295,True,4.7142090013,True,False,False,False,False,False,False,False,False,False,False,False,False,False,False,False,False,False,False,False,False,False,True,False,False,False,False,False,False,-0.8660254038,-0.5,0.0,1.0,1.0,0.0
2024-04-01 17:00:00,0.47694259389662497,0.0788107936,-0.4901190191,-1.0061988802,-1.2991840755,1.3032504309,-1.2874996372,2.0922426295,True,5.8611937972,False,False,False,False,False,False,True,False,False,False,False,False,False,False,False,False,False,False,False,False,True,False,False,False,False,False,False,False,False,-0.9659258263,-0.2588190451,0.0,1.0,1.0,0.0
2024-04-01 18:00:00,0.47694259389662497,0.0788107936,-0.4901190191,-0.5031567995,-1.2991840755,1.3487491521,-1.320880747,1.6338645085,True,5.1245691795,False,False,False,False,False,False,False,False,False,False,False,False,False,False,True,False,False,False,False,False,True,False,False,False,False,False,False,False,False,-1.0,-0.0,0.0,1.0,1.0,0.0
2024-04-01 19:00:00,-0.06368970337793459,0.0509612223,-0.4901190191,-0.2516357592,-1.2991840755,1.3032504309,-0.8646722458,0.6559911836,True,1.2274398817,False,False,True,False,False,False,False,False,False,False,False,False,False,False,False,False,False,False,False,False,False,False,False,False,False,False,True,False,False,-0.9659258263,0.2588190451,0.0,1.0,1.0,0.0
2024-04-01 20:00:00,0.0714683709407053,0.0509612223,0.9118195972,0.2514063215,-1.1962800326,1.3487491521,-1.0427048317,0.686549725,False,-0.1714996949,False,False,True,False,False,False,False,False,False,False,False,False,False,False,False,False,False,False,False,False,False,False,False,False,False,True,False,False,False,-0.8660254038,0.5,0.0,1.0,1.0,0.0
2024-04-01 21:00:00,0.0714683709407053,0.0602444127,-0.4901190191,-0.0001147188,-1.1962800326,1.2122529883,-0.7422748431,1.2977205531,False,-0.1714996949,False,False,True,False,False,False,False,False,False,False,False,False,False,False,False,False,False,False,False,False,False,False,False,False,False,True,False,False,False,-0.7071067812,0.7071067812,0.0,1.0,1.0,0.0
2024-04-01 22:00:00,-0.06368970337793459,0.0323948415,0.9118195972,0.5029273619,-1.0933759897,1.3487491521,-0.9981966852,0.8699009734,False,-0.1714996949,False,False,True,False,False,False,False,False,False,False,False,False,False,False,False,False,False,False,False,False,False,False,False,False,False,True,False,False,False,-0.5,0.8660254038,0.0,1.0,1.0,0.0
2024-04-01 23:00:00,-0.739480074971134,0.0138284606,-0.4901190191,-0.2516357592,-1.1962800326,1.3487491521,-1.0872129781,2.0922426295,False,-0.1714996949,False,False,False,False,False,False,False,False,False,False,False,False,False,False,True,False,False,False,False,False,False,False,False,False,False,True,False,False,False,-0.2588190451,0.9659258263,0.0,1.0,1.0,0.0
2024-04-02 00:00:00,-0.8746381492897739,0.023111651,-0.4901190191,-0.0001147188,-1.1962800326,1.3487491521,-1.1428481612,0.7171082664,False,-0.1714996949,False,False,True,False,False,False,False,False,False,False,False,False,False,False,False,False,False,False,False,False,False,False,False,False,False,True,False,False,False,0.0,1.0,0.7818314825,0.6234898019,1.0,0.0
2024-04-02 01:00:00,-1.0097962236084137,0.0509612223,0.9118195972,0.5029273619,-1.1962800326,1.3032504309,-1.0983400147,0.533757018,False,-0.1714996949,False,False,True,False,False,False,False,False,False,False,False,False,False,False,False,False,False,False,False,False,False,False,False,False,False,True,False,False,False,0.2588190451,0.9659258263,0.7818314825,0.6234898019,1.0,0.0
2024-04-02 02:00:00,-0.8746381492897739,0.023111651,0.9118195972,0.2514063215,-1.1962800326,1.3487491521,-1.1984833443,0.2587301454,False,-0.1714996949,False,False,True,False,False,False,False,False,False,False,False,False,False,False,False,False,False,False,False,False,False,False,False,False,False,False,True,False,False,0.5,0.8660254038,0.7818314825,0.6234898019,1.0,0.0
2024-04-02 03:00:00,-1.0097962236084137,-0.0140211106,-0.4901190191,-0.0001147188,-1.2991840755,1.2577517096,-1.1651022344,-0.1996479757,False,-0.1714996949,False,False,False,False,False,False,False,False,False,True,False,False,False,False,False,False,False,False,False,False,False,False,False,False,False,True,False,False,False,0.7071067812,0.7071067812,0.7818314825,0.6234898019,1.0,0.0
2024-04-02 04:00:00,-0.8746381492897739,-0.0233043011,0.9118195972,0.2514063215,-1.4020881184,1.3032504309,-1.1984833443,0.3198472282,False,-0.1714996949,False,False,True,False,False,False,False,False,False,False,False,False,False,False,False,False,False,False,False,False,False,False,True,False,False,False,False,False,False,0.8660254038,0.5,0.7818314825,0.6234898019,1.0,0.0
2024-04-02 05:00:00,-1.0097962236084137,-0.0047379202,0.9118195972,0.2514063215,-1.2991840755,1.2577517096,-1.176229271,-0.3829992241,False,-0.1714996949,False,False,False,False,False,False,False,False,False,True,False,False,False,False,False,False,False,False,False,False,False,False,False,False,False,True,False,False,False,0.9659258263,0.2588190451,0.7818314825,0.6234898019,1.0,0.0
2024-04-02 06:00:00,-0.8746381492897739,-0.0418706819,-0.4901190191,-0.5031567995,-1.1962800326,1.2577517096,-1.1984833443,0.0142618141,False,-0.1714996949,False,False,False,False,False,False,False,False,False,True,False,False,False,False,False,False,False,False,False,False,False,False,False,False,False,False,True,False,False,1.0,0.0,0.7818314825,0.6234898019,1.0,0.0
2024-04-02 07:00:00,-0.8746381492897739,-0.0325874915,0.9118195972,0.2514063215,-1.1962800326,1.3487491521,-1.2429914907,1.2671620117,False,-0.1714996949,False,False,True,False,False,False,False,False,False,False,False,False,False,False,False,False,False,False,False,False,False,False,False,False,True,False,False,False,False,0.9659258263,-0.2588190451,0.7818314825,0.6234898019,1.0,0.0
2024-04-02 08:00:00,-0.739480074971134,-0.0233043011,-0.4901190191,-0.5031567995,-1.0933759897,1.3032504309,-1.176229271,2.0922426295,False,-0.1714996949,False,False,False,False,False,False,True,False,False,False,False,False,False,False,False,False,False,False,False,False,False,False,True,False,False,False,False,False,False,0.8660254038,-0.5,0.7818314825,0.6234898019,1.0,0.0
2024-04-02 09:00:00,0.20662644525934518,0.0045452702,-0.4901190191,-0.5031567995,-0.9904719468,1.3032504309,-1.176229271,2.0922426295,False,-0.1714996949,False,False,False,False,False,False,True,False,False,False,False,False,False,False,False,False,False,False,False,False,False,False,True,False,False,False,False,False,False,0.7071067812,-0.7071067812,0.7818314825,0.6234898019,1.0,0.0
2024-04-02 10:00:00,0.47694259389662497,0.0602444127,-0.4901190191,-0.5031567995,-0.9904719468,1.2122529883,-1.1317211246,2.0922426295,False,-0.1714996949,False,False,False,False,False,False,False,False,False,False,False,False,False,False,True,False,False,False,False,False,False,False,True,False,False,False,False,False,False,0.5,-0.8660254038,0.7818314825,0.6234898019,1.0,0.0
2024-04-02 11:00:00,0.6121006682152649,0.1437931265,-0.4901190191,-0.5031567995,-0.9904719468,0.9392606606,-0.6310044769,2.0922426295,False,-0.1714996949,False,False,False,False,False,False,False,False,False,False,False,False,False,False,True,False,False,False,False,False,False,False,False,False,False,False,True,False,False,0.2588190451,-0.9659258263,0.7818314825,0.6234898019,1.0,0.0
2024-04-02 12:00:00,0.6121006682152649,0.2180586499,0.9118195972,0.2514063215,-0.9904719468,0.7572657755,-0.5642422573,2.0922426295,False,-0.1714996949,False,False,False,False,False,False,False,False,False,False,False,False,False,False,True,False,False,False,False,False,False,False,True,False,False,False,False,False,False,0.0,-1.0,0.7818314825,0.6234898019,1.0,0.0
2024-04-02 13:00:00,-0.06368970337793459,0.1902090786,0.9118195972,0.2514063215,-1.0933759897,0.8027644968,-0.5753692939,2.0922426295,False,-0.1714996949,False,False,False,False,False,False,False,False,False,False,False,False,False,False,True,False,False,False,False,False,False,False,False,False,False,False,True,False,False,-0.2588190451,-0.9659258263,0.7818314825,0.6234898019,1.0,0.0
2024-04-02 14:00:00,-0.19884777769657447,0.1623595074,-0.4901190191,-0.0001147188,-1.0933759897,0.9392606606,-0.8090370628,2.0922426295,False,-0.1714996949,False,False,False,False,False,False,True,False,False,False,False,False,False,False,False,False,False,False,False,False,False,False,False,False,False,True,False,False,False,-0.5,-0.8660254038,0.7818314825,0.6234898019,1.0,0.0
2024-04-02 15:00:00,-0.06368970337793459,0.0323948415,0.9118195972,1.7605325636,-1.0933759897,1.1212555457,-1.1873563077,2.0922426295,True,1.9904608443,False,False,False,False,False,False,False,False,False,False,False,False,False,False,True,False,False,False,False,False,False,False,False,False,False,False,True,False,False,-0.7071067812,-0.7071067812,0.7818314825,0.6234898019,1.0,0.0
2024-04-02 16:00:00,0.0714683709407053,0.0509612223,0.9118195972,0.2514063215,-1.0933759897,1.2577517096,-1.2541185273,2.0922426295,True,1.9904608443,False,False,False,False,False,False,True,False,False,False,False,False,False,False,False,False,False,False,False,False,False,False,False,False,False,False,True,False,False,-0.8660254038,-0.5,0.7818314825,0.6234898019,1.0,0.0
2024-04-02 17:00:00,0.20662644525934518,0.088093984,-0.4901190191,-0.2516357592,-0.9904719468,1.2577517096,-1.1873563077,2.0922426295,True,0.3366990221,False,False,False,False,False,False,False,False,False,False,False,False,False,False,True,False,False,False,False,False,False,False,False,False,False,False,True,False,False,-0.9659258263,-0.2588190451,0.7818314825,0.6234898019,1.0,0.0
2024-04-02 18:00:00,0.34178451957798506,0.1345099361,-0.4901190191,-0.0001147188,-0.9904719468,-0.0162124862,-0.1859230124,1.6338645085,False,-0.1714996949,False,False,True,False,False,False,False,False,False,False,False,False,False,False,False,False,False,False,False,False,False,False,False,False,False,True,False,False,False,-1.0,-0.0,0.7818314825,0.6234898019,1.0,0.0
2024-04-02 19:00:00,0.0714683709407053,0.088093984,-0.4901190191,-0.0001147188,-0.8875679039,-0.1072099288,0.2146503058,0.9310180562,False,-0.1714996949,False,False,True,False,False,False,False,False,False,False,False,False,False,False,False,False,False,False,False,False,False,False,False,False,False,True,False,False,False,-0.9659258263,0.2588190451,0.7818314825,0.6234898019,1.0,0.0
2024-04-02 20:00:00,0.20662644525934518,0.0509612223,-0.4901190191,-0.2516357592,-0.784663861,-0.2437060926,0.3147936353,0.3198472282,False,-0.1714996949,False,False,False,False,False,False,True,False,False,False,False,False,False,False,False,False,False,False,False,False,False,False,False,False,True,False,False,False,False,-0.8660254038,0.5,0.7818314825,0.6234898019,1.0,0.0
2024-04-02 21:00:00,0.20662644525934518,-0.0325874915,-0.4901190191,-0.2516357592,-0.5788557752,0.4387747266,-0.2415581954,-0.0774138101,True,0.3366990221,False,False,False,False,False,False,False,False,False,True,False,False,False,False,False,False,False,False,False,False,False,False,False,False,True,False,False,False,False,-0.7071067812,0.7071067812,0.7818314825,0.6234898019,1.0,0.0
2024-04-02 22:00:00,-0.06368970337793459,-0.153268967,-0.4901190191,-0.5031567995,-0.4759517323,0.8027644968,0.4038099282,2.0922426295,True,0.8006481012,False,False,False,False,False,False,True,False,False,False,False,False,False,False,False,False,False,False,True,False,False,False,False,False,False,False,False,False,False,-0.5,0.8660254038,0.7818314825,0.6234898019,1.0,0.0
2024-04-02 23:00:00,-0.739480074971134,-0.0604370627,0.9118195972,0.2514063215,-0.3730476894,0.4387747266,-0.052398573,-0.2913235999,False,-0.1714996949,False,False,False,False,False,False,False,False,False,True,False,False,False,False,False,False,False,False,False,False,False,False,False,False,False,False,True,False,False,-0.2588190451,0.9659258263,0.7818314825,0.6234898019,1.0,0.0
2024-04-03 00:00:00,-0.8746381492897739,-0.1254193957,-0.4901190191,-0.2516357592,-0.3730476894,0.8027644968,0.5373343676,1.4810718015,False,-0.1714996949,False,False,True,False,False,False,False,False,False,False,False,False,False,False,False,False,False,False,False,False,False,False,False,False,False,True,False,False,False,0.0,1.0,0.9749279122,-0.222520934,1.0,0.0
2024-04-03 01:00:00,-1.0097962236084137,-0.0975698244,-0.4901190191,-0.0001147188,-0.3730476894,0.5297721691,0.7153669534,1.4810718015,False,-0.1714996949,False,False,True,False,False,False,False,False,False,False,False,False,False,False,False,False,False,False,False,False,False,False,False,False,False,True,False,False,False,0.2588190451,0.9659258263,0.9749279122,-0.222520934,1.0,0.0
2024-04-03 02:00:00,-0.8746381492897739,-0.1439857765,-0.4901190191,-0.2516357592,-0.3730476894,0.3932760053,1.0603050884,0.0448203555,False,-0.1714996949,False,False,False,False,False,False,False,False,False,True,False,False,False,False,False,False,False,False,False,False,False,False,False,False,False,True,False,False,False,0.5,0.8660254038,0.9749279122,-0.222520934,1.0,0.0
2024-04-03 03:00:00,-0.8746381492897739,-0.2461008712,-0.4901190191,-0.0001147188,-0.4759517323,0.3932760053,1.3718621137,-0.8108188037,False,-0.1714996949,False,False,False,False,False,False,False,False,False,True,False,False,False,False,False,False,False,False,False,False,False,False,False,False,False,True,False,False,False,0.7071067812,0.7071067812,0.9749279122,-0.222520934,1.0,0.0
2024-04-03 04:00:00,-1.0097962236084137,-0.2832336328,-0.4901190191,-0.0001147188,-0.3730476894,0.3022785627,1.6945461755,-0.6580260967,False,-0.1714996949,False,False,False,False,False,False,False,False,False,True,False,False,False,False,False,False,False,False,False,False,False,False,False,False,False,False,True,False,False,0.8660254038,0.5,0.9749279122,-0.222520934,1.0,0.0
2024-04-03 05:00:00,-0.8746381492897739,-0.3853487275,-0.4901190191,-0.2516357592,-0.3730476894,0.666268333,1.6945461755,0.380964311,False,-0.1714996949,False,False,True,False,False,False,False,False,False,False,False,False,False,False,False,False,False,False,False,False,False,False,False,False,False,True,False,False,False,0.9659258263,0.2588190451,0.9749279122,-0.222520934,1.0,0.0
2024-04-03 06:00:00,-1.0097962236084137,-0.3203663945,0.9118195972,0.7544484022,-0.3730476894,0.2112811202,1.6945461755,0.1670545211,False,-0.1714996949,False,False,True,False,False,False,False,False,False,False,False,False,False,False,False,False,False,False,False,False,False,False,False,False,False,False,True,False,False,1.0,0.0,0.9749279122,-0.222520934,1.0,0.0
2024-04-03 07:00:00,-0.8746381492897739,-0.3018000137,-0.4901190191,-0.2516357592,-0.2701436465,0.2112811202,1.505386553,2.0922426295,False,-0.1714996949,False,False,False,False,False,False,False,False,False,False,False,False,False,False,True,False,False,False,False,False,False,False,False,False,False,False,True,False,False,0.9659258263,-0.2588190451,0.9749279122,-0.222520934,1.0,0.0
2024-04-03 08:00:00,-0.46916392633385423,-0.2925168233,-0.4901190191,-0.2516357592,-0.1672396036,0.3022785627,0.9712887955,2.0922426295,False,-0.1714996949,False,False,False,False,False,False,False,False,False,False,False,False,False,False,True,False,False,False,False,False,False,False,False,False,False,False,True,False,False,0.8660254038,-0.5,0.9749279122,-0.222520934,1.0,0.0
2024-04-03 09:00:00,0.6121006682152649,-0.2089681095,-0.4901190191,-0.0001147188,-0.0643355607,0.1202836776,1.015796942,1.9088913811,False,-0.1714996949,False,False,True,False,False,False,False,False,False,False,False,False,False,False,False,False,False,False,False,False,False,False,False,False,False,False,True,False,False,0.7071067812,-0.7071067812,0.9749279122,-0.222520934,1.0,0.0
2024-04-03 10:00:00,0.7472587425339047,-0.1161362053,-0.4901190191,-0.0001147188,-0.0643355607,0.1202836776,0.871145466,1.8783328397,False,-0.1714996949,False,False,True,False,False,False,False,False,False,False,False,False,False,False,False,False,False,False,False,False,False,False,False,False,False,False,True,False,False,0.5,-0.8660254038,0.9749279122,-0.222520934,1.0,0.0
2024-04-03 11:00:00,0.47694259389662497,0.0323948415,-0.4901190191,-0.0001147188,-0.0643355607,-0.1982073713,0.8600184294,1.0838107632,False,-0.1714996949,False,False,True,False,False,False,False,False,False,False,False,False,False,False,False,False,False,False,False,False,False,False,False,False,False,False,True,False,False,0.2588190451,-0.9659258263,0.9749279122,-0.222520934,1.0,0.0
2024-04-03 12:00:00,0.34178451957798506,0.2366250307,-0.4901190191,-0.2516357592,-0.1672396036,-0.471199699,0.3370477085,0.5643155594,False,-0.1714996949,False,False,True,False,False,False,False,False,False,False,False,False,False,False,False,False,False,False,False,True,False,False,False,False,False,False,False,False,False,0.0,-1.0,0.9749279122,-0.222520934,1.0,0.0
2024-04-03 13:00:00,0.0714683709407053,0.1809258882,0.9118195972,0.7544484022,-0.1672396036,-0.5166984203,0.9156536125,1.7560986741,False,-0.1714996949,False,False,True,False,False,False,False,False,False,False,False,False,False,False,False,False,False,False,False,True,False,False,False,False,False,False,False,False,False,-0.2588190451,-0.9659258263,0.9749279122,-0.222520934,1.0,0.0
2024-04-03 14:00:00,-0.06368970337793459,0.199492269,0.9118195972,0.5029273619,-0.2701436465,-0.5621971415,0.4816991845,1.8172157569,False,-0.1714996949,False,False,True,False,False,False,False,False,False,False,False,False,False,False,False,False,False,False,False,True,False,False,False,False,False,False,False,False,False,-0.5,-0.8660254038,0.9749279122,-0.222520934,1.0,0.0
2024-04-03 15:00:00,0.34178451957798506,0.3016073637,0.9118195972,0.7544484022,-0.2701436465,-0.7896907479,0.7042399168,1.2366034702,False,-0.1714996949,False,False,True,False,False,False,False,False,False,False,False,False,False,False,False,False,False,False,False,False,False,False,True,False,False,False,False,False,False,-0.7071067812,-0.7071067812,0.9749279122,-0.222520934,1.0,0.0
2024-04-03 16:00:00,0.34178451957798506,0.375872887,0.9118195972,1.0059694426,-0.3730476894,-1.290176682,1.2717187841,-0.3218821413,False,-0.1714996949,False,False,False,False,False,False,False,False,False,True,False,False,False,False,False,False,False,False,False,True,False,False,False,False,False,False,False,False,False,-0.8660254038,-0.5,0.9749279122,-0.222520934,1.0,0.0
2024-04-03 17:00:00,0.20662644525934518,0.3480233158,0.9118195972,1.7605325636,-0.3730476894,-1.1536805182,1.6389109924,0.1670545211,False,-0.1714996949,False,False,True,False,False,False,False,False,False,False,False,False,False,False,False,False,False,False,False,False,True,False,False,False,False,False,False,False,False,-0.9659258263,-0.2588190451,0.9749279122,-0.222520934,1.0,0.0
2024-04-03 18:00:00,0.34178451957798506,0.2273418403,2.3137582136,2.2635746443,-0.3730476894,-0.9261869118,1.6945461755,0.380964311,False,-0.1714996949,False,False,True,False,False,False,False,False,False,False,False,False,False,False,False,False,False,False,False,False,True,False,False,False,False,False,False,False,False,-1.0,-0.0,0.9749279122,-0.222520934,1.0,0.0
2024-04-03 19:00:00,0.0714683709407053,-0.1347025861,2.3137582136,3.0181377653,-0.2701436465,0.8027644968,-0.8201640994,0.1364959797,False,-0.1714996949,False,False,True,False,False,False,False,False,False,False,False,False,False,False,False,False,False,False,False,False,True,False,False,False,False,False,False,False,False,-0.9659258263,0.2588190451,0.9749279122,-0.222520934,1.0,0.0
2024-04-03 20:00:00,0.0714683709407053,-0.3110832041,2.3137582136,3.521179846,-0.1672396036,0.9392606606,-0.7200207699,-0.6274675553,False,-0.1714996949,False,False,False,False,False,False,False,False,False,True,False,False,False,False,False,False,False,False,False,False,True,False,False,False,False,False,False,False,False,-0.8660254038,0.5,0.9749279122,-0.222520934,1.0,0.0
2024-04-03 21:00:00,0.0714683709407053,-0.3946319179,2.3137582136,3.521179846,-0.0643355607,1.0757568245,-0.9314344655,1.6949815913,False,-0.1714996949,False,False,False,False,False,False,False,False,False,False,False,False,False,False,True,False,False,False,True,False,False,False,False,False,False,False,False,False,False,-0.7071067812,0.7071067812,0.9749279122,-0.222520934,1.0,0.0
2024-04-03 22:00:00,-0.06368970337793459,-0.4131982987,3.7156968299,4.5272640074,0.0385684822,1.0302581032,-0.9536885388,2.0616840881,False,-0.1714996949,False,False,False,False,False,False,False,False,False,False,False,False,False,False,True,False,False,False,False,False,True,False,False,False,False,False,False,False,False,-0.5,0.8660254038,0.9749279122,-0.222520934,1.0,0.0
2024-04-03 23:00:00,-0.739480074971134,-0.44104787,2.3137582136,3.2696588057,0.0385684822,1.0302581032,-0.975942612,-0.1690894343,False,-0.1714996949,False,False,False,False,False,False,False,False,False,True,False,False,False,False,False,False,False,False,True,False,False,False,False,False,False,False,False,False,False,-0.2588190451,0.9659258263,0.9749279122,-0.222520934,1.0,0.0
2024-04-04 00:00:00,-0.8746381492897739,-0.4688974413,2.3137582136,3.2696588057,0.1414725251,0.9392606606,-0.9536885388,0.3198472282,False,-0.1714996949,False,False,True,False,False,False,False,False,False,False,False,False,False,False,False,False,False,False,True,False,False,False,False,False,False,False,False,False,True,0.0,1.0,0.4338837391,-0.9009688679,1.0,0.0
2024-04-04 01:00:00,-0.8746381492897739,-0.4967470125,2.3137582136,2.766616725,0.1414725251,0.8937619394,-0.8980533557,-0.6580260967,False,-0.1714996949,False,False,False,False,False,False,False,False,False,True,False,False,False,False,False,False,False,False,True,False,False,False,False,False,False,False,False,False,True,0.2588190451,0.9659258263,0.4338837391,-0.9009688679,1.0,0.0
2024-04-04 02:00:00,-1.0097962236084137,-0.5338797742,2.3137582136,3.2696588057,0.0385684822,0.9392606606,-0.9648155754,-0.2607650585,False,-0.1714996949,False,False,False,False,False,False,False,False,False,True,False,False,False,False,False,False,False,False,True,False,False,False,False,False,False,False,False,False,True,0.5,0.8660254038,0.4338837391,-0.9009688679,1.0,0.0
2024-04-04 03:00:00,-0.8746381492897739,-0.5431629646,2.3137582136,2.012053604,0.0385684822,0.9392606606,-0.9870696486,0.4420813938,False,-0.1714996949,False,False,True,False,False,False,False,False,False,False,False,False,False,False,False,False,False,False,False,False,True,False,False,False,False,False,False,False,True,0.7071067812,0.7071067812,0.4338837391,-0.9009688679,1.0,0.0
2024-04-04 04:00:00,-0.8746381492897739,-0.552446155,0.9118195972,1.7605325636,0.0385684822,0.9392606606,-0.975942612,0.686549725,False,-0.1714996949,False,False,True,False,False,False,False,False,False,False,False,False,False,False,False,False,False,False,False,False,True,False,False,False,False,False,False,False,True,0.8660254038,0.5,0.4338837391,-0.9009688679,1.0,0.0
2024-04-04 05:00:00,-0.8746381492897739,-0.5895789167,0.9118195972,1.7605325636,0.0385684822,0.9847593819,-1.0204507584,0.9004595148,False,-0.1714996949,False,False,True,False,False,False,False,False,False,False,False,False,False,False,False,False,False,False,False,False,True,False,False,False,False,False,False,False,True,0.9659258263,0.2588190451,0.4338837391,-0.9009688679,1.0,0.0
2024-04-04 06:00:00,-1.0097962236084137,-0.5802957263,0.9118195972,1.0059694426,0.1414725251,0.9392606606,-1.0093237218,2.0005670053,False,-0.1714996949,False,False,False,False,False,False,False,False,False,False,False,False,False,False,True,False,False,False,False,False,True,False,False,False,False,False,False,False,True,1.0,0.0,0.4338837391,-0.9009688679,1.0,0.0
2024-04-04 07:00:00,-0.739480074971134,-0.5895789167,0.9118195972,0.7544484022,0.244376568,0.9392606606,-1.0204507584,2.0922426295,False,-0.1714996949,False,False,False,False,False,False,False,False,False,False,False,False,False,False,True,False,False,False,True,False,False,False,False,False,False,False,False,False,True,0.9659258263,-0.2588190451,0.4338837391,-0.9009688679,1.0,0.0
2024-04-04 08:00:00,-0.6043220006524941,-0.5617293455,0.9118195972,1.0059694426,0.244376568,0.8482632181,-0.9870696486,1.9394499225,False,-0.1714996949,False,False,False,False,False,False,False,False,False,False,False,False,False,False,True,False,False,False,True,False,False,False,False,False,False,False,False,False,True,0.8660254038,-0.5,0.4338837391,-0.9009688679,1.0,0.0
2024-04-04 09:00:00,-0.46916392633385423,-0.5338797742,0.9118195972,0.7544484022,0.3472806109,0.8482632181,-1.0204507584,1.8477742983,False,-0.1714996949,False,False,False,False,False,False,False,False,False,False,False,False,False,False,True,False,False,False,True,False,False,False,False,False,False,False,False,False,True,0.7071067812,-0.7071067812,0.4338837391,-0.9009688679,1.0,0.0
2024-04-04 10:00:00,-0.3340058520152144,-0.4874638221,0.9118195972,0.5029273619,0.3472806109,0.7572657755,-0.9648155754,1.7255401327,False,-0.1714996949,False,False,False,False,False,False,False,False,False,False,False,False,False,False,True,False,False,False,False,False,True,False,False,False,False,False,False,False,True,0.5,-0.8660254038,0.4338837391,-0.9009688679,1.0,0.0
2024-04-04 11:00:00,-0.3340058520152144,-0.4131982987,0.9118195972,0.5029273619,0.4501846538,0.6207696117,-0.9648155754,1.6338645085,False,-0.1714996949,False,False,False,False,False,False,False,False,False,False,False,False,False,False,True,False,False,False,False,False,True,False,False,False,False,False,False,False,True,0.2588190451,-0.9659258263,0.4338837391,-0.9009688679,1.0,0.0
2024-04-04 12:00:00,-0.19884777769657447,-0.264667252,0.9118195972,1.0059694426,0.3472806109,0.347777284,-0.7979100262,1.5421888843,False,-0.1714996949,False,False,True,False,False,False,False,False,False,False,False,False,False,False,False,False,False,False,False,False,True,False,False,False,False,False,False,False,True,0.0,-1.0,0.4338837391,-0.9009688679,1.0,0.0
2024-04-04 13:00:00,-0.19884777769657447,-0.1904017286,0.9118195972,1.0059694426,0.244376568,0.1657823989,-0.6977666966,1.6033059671,False,-0.1714996949,False,False,True,False,False,False,False,False,False,False,False,False,False,False,False,False,False,False,True,False,False,False,False,False,False,False,False,False,True,-0.2588190451,-0.9659258263,0.4338837391,-0.9009688679,1.0,0.0
2024-04-04 14:00:00,-0.19884777769657447,-0.1625521574,0.9118195972,0.5029273619,0.1414725251,0.2567798415,-0.6421315136,1.4199547187,False,-0.1714996949,False,False,True,False,False,False,False,False,False,False,False,False,False,False,False,False,False,False,False,False,True,False,False,False,False,False,False,False,True,-0.5,-0.8660254038,0.4338837391,-0.9009688679,1.0,0.0
2024-04-04 15:00:00,0.0714683709407053,-0.0697202532,0.9118195972,0.5029273619,0.0385684822,-0.0162124862,-0.7422748431,0.7171082664,False,-0.1714996949,False,False,True,False,False,False,False,False,False,False,False,False,False,False,False,False,False,False,False,True,False,False,False,False,False,False,False,False,True,-0.7071067812,-0.7071067812,0.4338837391,-0.9009688679,1.0,0.0
2024-04-04 16:00:00,0.0714683709407053,-0.0325874915,0.9118195972,0.7544484022,0.0385684822,-0.0162124862,-0.7200207699,-0.2913235999,False,-0.1714996949,False,False,False,False,False,False,False,False,False,True,False,False,False,False,False,False,False,False,False,False,True,False,False,False,False,False,False,False,True,-0.8660254038,-0.5,0.4338837391,-0.9009688679,1.0,0.0
2024-04-04 17:00:00,0.20662644525934518,-0.0233043011,0.9118195972,1.2574904829,-0.0643355607,-0.0162124862,-0.7200207699,0.1364959797,False,-0.1714996949,False,False,True,False,False,False,False,False,False,False,False,False,False,False,False,False,False,False,False,False,True,False,False,False,False,False,False,False,True,-0.9659258263,-0.2588190451,0.4338837391,-0.9009688679,1.0,0.0
2024-04-04 18:00:00,0.34178451957798506,-0.0697202532,0.9118195972,1.5090115233,-0.0643355607,0.1202836776,-0.6977666966,-0.7191431795,False,-0.1714996949,False,False,False,False,False,False,False,False,False,True,False,False,False,False,False,False,False,False,True,False,False,False,False,False,False,False,False,False,True,-1.0,-0.0,0.4338837391,-0.9009688679,1.0,0.0
2024-04-04 19:00:00,0.0714683709407053,-0.1439857765,0.9118195972,0.7544484022,-0.0643355607,0.2112811202,-0.6977666966,-0.3524406827,False,-0.1714996949,False,False,False,False,False,False,False,False,False,True,False,False,False,False,False,False,False,False,True,False,False,False,False,False,False,False,False,False,True,-0.9659258263,0.2588190451,0.4338837391,-0.9009688679,1.0,0.0
2024-04-04 20:00:00,-0.06368970337793459,-0.2089681095,-0.4901190191,-0.0001147188,0.0385684822,0.4387747266,-0.831291136,0.5031984766,False,-0.1714996949,False,False,True,False,False,False,False,False,False,False,False,False,False,False,False,False,False,False,True,False,False,False,False,False,False,False,False,False,True,-0.8660254038,0.5,0.4338837391,-0.9009688679,1.0,0.0
2024-04-04 21:00:00,0.20662644525934518,-0.2832336328,-0.4901190191,-0.0001147188,0.0385684822,0.6207696117,-0.9536885388,1.5116303429,False,-0.1714996949,False,False,True,False,False,False,False,False,False,False,False,False,False,False,False,False,False,False,True,False,False,False,False,False,False,False,False,False,True,-0.7071067812,0.7071067812,0.4338837391,-0.9009688679,1.0,0.0
2024-04-04 22:00:00,0.0714683709407053,-0.2739504424,-0.4901190191,-0.0001147188,0.1414725251,0.6207696117,-0.975942612,1.0226936804,False,-0.1714996949,False,False,True,False,False,False,False,False,False,False,False,False,False,False,False,False,False,False,True,False,False,False,False,False,False,False,False,False,True,-0.5,0.8660254038,0.4338837391,-0.9009688679,1.0,0.0
2024-04-04 23:00:00,-0.739480074971134,-0.264667252,2.3137582136,2.012053604,0.1414725251,0.3022785627,-0.5753692939,-0.7802602623,False,-0.1714996949,False,False,False,False,False,False,False,False,False,True,False,False,False,False,False,False,False,False,False,False,True,False,False,False,False,False,False,False,True,-0.2588190451,0.9659258263,0.4338837391,-0.9009688679,1.0,0.0
2024-04-05 00:00:00,-1.0097962236084137,-0.3203663945,2.3137582136,1.7605325636,0.1414725251,0.3022785627,-0.2638122687,1.3282790945,False,-0.1714996949,False,False,True,False,False,False,False,False,False,False,False,False,False,False,False,False,False,False,False,False,True,False,False,False,False,False,False,False,True,0.0,1.0,-0.4338837391,-0.9009688679,1.0,0.0
2024-04-05 01:00:00,-0.8746381492897739,-0.3760655371,2.3137582136,2.2635746443,0.1414725251,0.4387747266,-0.3862096714,0.8087838906,False,-0.1714996949,False,False,True,False,False,False,False,False,False,False,False,False,False,False,False,False,False,False,False,False,True,False,False,False,False,False,False,False,True,0.2588190451,0.9659258263,-0.4338837391,-0.9009688679,1.0,0.0
2024-04-05 02:00:00,-0.8746381492897739,-0.4317646796,2.3137582136,2.2635746443,0.1414725251,0.4842734479,-0.4752259643,1.1754863874,False,-0.1714996949,False,False,True,False,False,False,False,False,False,False,False,False,False,False,False,False,False,False,False,False,True,False,False,False,False,False,False,False,True,0.5,0.8660254038,-0.4338837391,-0.9009688679,1.0,0.0
2024-04-05 03:00:00,-1.0097962236084137,-0.4688974413,0.9118195972,1.7605325636,0.0385684822,0.5752708904,-0.486353001,0.0142618141,False,-0.1714996949,False,False,False,False,False,False,False,False,False,True,False,False,False,False,False,False,False,False,False,False,True,False,False,False,False,False,False,False,True,0.7071067812,0.7071067812,-0.4338837391,-0.9009688679,1.0,0.0
2024-04-05 04:00:00,-0.8746381492897739,-0.5153133934,2.3137582136,2.012053604,0.0385684822,0.6207696117,-0.5642422573,-0.7191431795,False,-0.1714996949,False,False,False,False,False,False,False,False,False,True,False,False,False,False,False,False,False,False,False,False,True,False,False,False,False,False,False,False,True,0.8660254038,0.5,-0.4338837391,-0.9009688679,1.0,0.0
2024-04-05 05:00:00,-0.8746381492897739,-0.5710125359,0.9118195972,1.0059694426,0.0385684822,0.7117670542,-0.7088937332,-0.0162967273,False,-0.1714996949,False,False,False,False,False,False,False,False,False,True,False,False,False,False,False,False,False,False,False,False,True,False,False,False,False,False,False,False,True,0.9659258263,0.2588190451,-0.4338837391,-0.9009688679,1.0,0.0
2024-04-05 06:00:00,-1.0097962236084137,-0.5988621071,0.9118195972,0.7544484022,0.0385684822,0.8027644968,-0.7756559529,2.0922426295,False,-0.1714996949,False,False,False,False,False,False,False,False,False,False,False,False,False,False,True,False,False,False,True,False,False,False,False,False,False,False,False,False,True,1.0,0.0,-0.4338837391,-0.9009688679,1.0,0.0
2024-04-05 07:00:00,-0.8746381492897739,-0.5895789167,0.9118195972,1.2574904829,0.1414725251,0.7572657755,-0.8090370628,2.0922426295,False,-0.1714996949,False,False,False,False,False,False,False,False,False,False,False,False,False,False,True,False,False,False,False,False,True,False,False,False,False,False,False,False,True,0.9659258263,-0.2588190451,-0.4338837391,-0.9009688679,1.0,0.0
2024-04-05 08:00:00,-0.8746381492897739,-0.5338797742,0.9118195972,1.5090115233,0.1414725251,0.666268333,-0.7867829895,1.7560986741,False,-0.1714996949,False,False,True,False,False,False,False,False,False,False,False,False,False,False,False,False,False,False,False,False,True,False,False,False,False,False,False,False,True,0.8660254038,-0.5,-0.4338837391,-0.9009688679,1.0,0.0
2024-04-05 09:00:00,-0.6043220006524941,-0.4317646796,0.9118195972,1.5090115233,0.244376568,0.4842734479,-0.7534018797,1.9700084639,False,-0.1714996949,False,False,False,False,False,False,False,False,False,False,False,False,False,False,True,False,False,False,True,False,False,False,False,False,False,False,False,False,True,0.7071067812,-0.7071067812,-0.4338837391,-0.9009688679,1.0,0.0
2024-04-05 10:00:00,-0.06368970337793459,-0.3296495849,0.9118195972,1.7605325636,0.244376568,0.3022785627,-0.68663966,2.0922426295,False,-0.1714996949,False,False,False,False,False,False,False,False,False,False,False,False,False,False,True,False,False,False,False,False,True,False,False,False,False,False,False,False,True,0.5,-0.8660254038,-0.4338837391,-0.9009688679,1.0,0.0
2024-04-05 11:00:00,-0.06368970337793459,-0.3110832041,2.3137582136,2.2635746443,0.244376568,0.3022785627,-0.7645289163,2.0922426295,False,-0.1714996949,False,False,False,False,False,False,False,False,False,False,False,False,False,False,True,False,False,False,False,False,True,False,False,False,False,False,False,False,True,0.2588190451,-0.9659258263,-0.4338837391,-0.9009688679,1.0,0.0
2024-04-05 12:00:00,-0.06368970337793459,-0.2089681095,0.9118195972,1.5090115233,0.244376568,0.2112811202,-0.6532585502,2.0922426295,False,-0.1714996949,False,False,False,False,False,False,False,False,False,False,False,False,False,False,True,False,False,False,False,False,True,False,False,False,False,False,False,False,True,0.0,-1.0,-0.4338837391,-0.9009688679,1.0,0.0
2024-04-05 13:00:00,-0.06368970337793459,-0.153268967,0.9118195972,1.0059694426,0.1414725251,0.1202836776,-0.6198774403,2.0922426295,False,-0.1714996949,False,False,False,False,False,False,False,False,False,False,False,False,False,False,True,False,False,False,False,False,True,False,False,False,False,False,False,False,True,-0.2588190451,-0.9659258263,-0.4338837391,-0.9009688679,1.0,0.0
2024-04-05 14:00:00,-0.06368970337793459,-0.1347025861,0.9118195972,0.7544484022,0.0385684822,0.0747849564,-0.541988184,2.0922426295,False,-0.1714996949,False,False,False,False,False,False,False,False,False,False,False,False,False,False,True,False,False,False,False,False,True,False,False,False,False,False,False,False,True,-0.5,-0.8660254038,-0.4338837391,-0.9009688679,1.0,0.0
2024-04-05 15:00:00,-0.06368970337793459,-0.0697202532,0.9118195972,0.5029273619,0.0385684822,0.0292862351,-0.9091803923,2.0922426295,False,-0.1714996949,False,False,False,False,False,False,False,False,False,False,False,False,False,False,True,False,False,False,False,True,False,False,False,False,False,False,False,False,True,-0.7071067812,-0.7071067812,-0.4338837391,-0.9009688679,1.0,0.0
2024-04-05 16:00:00,0.0714683709407053,-0.0511538723,0.9118195972,0.5029273619,-0.0643355607,-0.0617112075,-0.4640989277,1.8477742983,False,-0.1714996949,False,False,True,False,False,False,False,False,False,False,False,False,False,False,False,False,False,False,False,False,False,False,False,False,False,True,False,False,True,-0.8660254038,-0.5,-0.4338837391,-0.9009688679,1.0,0.0
2024-04-05 17:00:00,0.0714683709407053,-0.0325874915,0.9118195972,0.2514063215,-0.0643355607,-0.1072099288,-0.6532585502,2.0616840881,False,-0.1714996949,False,False,False,False,False,False,False,False,False,False,False,False,False,False,True,False,False,False,False,False,False,False,False,False,False,False,True,False,True,-0.9659258263,-0.2588190451,-0.4338837391,-0.9009688679,1.0,0.0
2024-04-05 18:00:00,-0.06368970337793459,-0.0790034436,0.9118195972,0.5029273619,-0.0643355607,0.0292862351,-0.7756559529,1.9700084639,False,-0.1714996949,False,False,False,False,False,False,False,False,False,False,False,False,False,False,True,False,False,False,False,False,False,False,False,False,False,False,True,False,True,-1.0,-0.0,-0.4338837391,-0.9009688679,1.0,0.0
2024-04-05 19:00:00,-0.19884777769657447,-0.1161362053,0.9118195972,0.2514063215,0.0385684822,0.1202836776,-0.7756559529,1.2366034702,False,-0.1714996949,False,False,True,False,False,False,False,False,False,False,False,False,False,False,False,False,False,False,False,False,False,False,False,False,False,True,False,False,True,-0.9659258263,0.2588190451,-0.4338837391,-0.9009688679,1.0,0.0
2024-04-05 20:00:00,-0.19884777769657447,-0.1718353478,-0.4901190191,-0.0001147188,0.0385684822,0.2567798415,-0.8424181726,0.5948741008,False,-0.1714996949,False,False,True,False,False,False,False,False,False,False,False,False,False,False,False,False,False,False,False,False,False,False,False,False,False,True,False,False,True,-0.8660254038,0.5,-0.4338837391,-0.9009688679,1.0,0.0
2024-04-05 21:00:00,-0.19884777769657447,-0.2089681095,0.9118195972,0.2514063215,0.1414725251,0.347777284,-0.8980533557,-0.2302065171,False,-0.1714996949,False,False,False,False,False,False,False,False,False,True,False,False,False,False,False,False,False,False,False,False,False,False,False,False,False,True,False,False,True,-0.7071067812,0.7071067812,-0.4338837391,-0.9009688679,1.0,0.0
2024-04-05 22:00:00,-0.19884777769657447,-0.2739504424,-0.4901190191,-0.5031567995,0.244376568,0.4842734479,-1.176229271,-0.2302065171,False,-0.1714996949,False,False,False,False,False,False,False,False,False,False,False,False,False,False,False,False,False,True,False,False,False,False,False,False,False,True,False,False,True,-0.5,0.8660254038,-0.4338837391,-0.9009688679,1.0,0.0
2024-04-05 23:00:00,-0.739480074971134,-0.3482159658,-0.4901190191,-0.0001147188,0.244376568,0.666268333,-1.0760859415,0.1670545211,False,-0.1714996949,False,False,True,False,False,False,False,False,False,False,False,False,False,False,False,False,False,False,False,False,False,False,False,False,False,False,True,False,True,-0.2588190451,0.9659258263,-0.4338837391,-0.9009688679,1.0,0.0
2024-04-06 00:00:00,-1.0097962236084137,-0.3760655371,0.9118195972,0.2514063215,0.244376568,0.7572657755,-1.1317211246,-0.4746748483,False,-0.1714996949,False,False,False,False,False,False,False,False,False,True,False,False,False,False,False,False,False,False,False,False,False,False,False,False,False,False,True,False,True,0.0,1.0,-0.9749279122,-0.222520934,1.0,0.0
2024-04-06 01:00:00,-0.8746381492897739,-0.4688974413,-0.4901190191,-0.5031567995,0.244376568,0.8482632181,-1.1317211246,0.7782253492,False,-0.1714996949,False,False,True,False,False,False,False,False,False,False,False,False,False,False,False,False,False,False,False,False,False,False,True,False,False,False,False,False,True,0.2588190451,0.9659258263,-0.9749279122,-0.222520934,1.0,0.0
2024-04-06 02:00:00,-0.8746381492897739,-0.4317646796,-0.4901190191,-0.0001147188,0.1414725251,0.9392606606,-1.1651022344,0.1364959797,False,-0.1714996949,False,False,True,False,False,False,False,False,False,False,False,False,False,False,False,False,False,False,False,False,False,False,True,False,False,False,False,False,True,0.5,0.8660254038,-0.9749279122,-0.222520934,1.0,0.0
2024-04-06 03:00:00,-0.8746381492897739,-0.4688974413,-0.4901190191,-0.0001147188,0.1414725251,0.9847593819,-1.2096103809,-0.6580260967,False,-0.1714996949,False,False,False,False,False,False,False,False,False,True,False,False,False,False,False,False,False,False,False,False,False,False,False,False,False,True,False,False,True,0.7071067812,0.7071067812,-0.9749279122,-0.222520934,1.0,0.0
2024-04-06 04:00:00,-1.0097962236084137,-0.5988621071,-0.4901190191,-1.0061988802,0.1414725251,1.2577517096,-1.265245564,-0.4746748483,False,-0.1714996949,False,False,False,False,False,False,False,False,False,True,False,False,False,False,False,False,False,False,False,False,False,True,False,False,False,False,False,False,True,0.8660254038,0.5,-0.9749279122,-0.222520934,1.0,0.0
2024-04-06 05:00:00,-0.8746381492897739,-0.5710125359,0.9118195972,0.2514063215,0.1414725251,1.2122529883,-1.265245564,0.4726399352,False,-0.1714996949,False,False,True,False,False,False,False,False,False,False,False,False,False,False,False,False,False,False,False,False,False,False,False,False,True,False,False,False,True,0.9659258263,0.2588190451,-0.9749279122,-0.222520934,1.0,0.0
2024-04-06 06:00:00,-0.8746381492897739,-0.6731276305,-0.4901190191,-0.7546778399,0.244376568,1.3032504309,-1.2763726006,0.4115228524,False,-0.1714996949,False,False,True,False,False,False,False,False,False,False,False,False,False,False,False,False,False,False,False,True,False,False,False,False,False,False,False,False,True,1.0,0.0,-0.9749279122,-0.222520934,1.0,0.0
2024-04-06 07:00:00,-1.0097962236084137,-0.5895789167,-0.4901190191,-0.2516357592,0.244376568,1.2577517096,-1.265245564,1.5727474257,False,-0.1714996949,False,False,True,False,False,False,False,False,False,False,False,False,False,False,False,False,False,False,False,False,False,False,False,False,False,True,False,False,True,0.9659258263,-0.2588190451,-0.9749279122,-0.222520934,1.0,0.0
2024-04-06 08:00:00,-0.739480074971134,-0.4688974413,-0.4901190191,-0.5031567995,0.3472806109,1.1212555457,-1.2318644541,1.8172157569,False,-0.1714996949,False,False,False,False,False,False,False,False,False,False,False,False,False,False,True,False,False,False,False,False,False,False,False,False,False,True,False,False,True,0.8660254038,-0.5,-0.9749279122,-0.222520934,1.0,0.0
2024-04-06 09:00:00,-0.6043220006524941,-0.3667823466,-0.4901190191,-0.0001147188,0.3472806109,0.9392606606,-1.2096103809,-0.0774138101,False,-0.1714996949,False,False,False,False,False,False,False,False,False,True,False,False,False,False,False,False,False,False,True,False,False,False,False,False,False,False,False,False,True,0.7071067812,-0.7071067812,-0.9749279122,-0.222520934,1.0,0.0
2024-04-06 10:00:00,-0.19884777769657447,-0.1347025861,-0.4901190191,-0.2516357592,0.3472806109,0.347777284,-1.1094670514,-0.0774138101,False,-0.1714996949,False,False,False,False,False,False,False,False,False,True,False,False,False,False,False,False,False,False,False,False,True,False,False,False,False,False,False,False,True,0.5,-0.8660254038,-0.9749279122,-0.222520934,1.0,0.0
2024-04-06 11:00:00,-0.06368970337793459,-0.0140211106,0.9118195972,0.5029273619,0.3472806109,-0.1072099288,-0.9981966852,0.0753788969,False,-0.1714996949,False,False,False,False,False,False,False,False,False,True,False,False,False,False,False,False,False,False,False,False,True,False,False,False,False,False,False,False,True,0.2588190451,-0.9659258263,-0.9749279122,-0.222520934,1.0,0.0
2024-04-06 12:00:00,-0.06368970337793459,0.1437931265,-0.4901190191,-0.2516357592,0.244376568,-0.2437060926,-0.8646722458,-0.6580260967,False,-0.1714996949,False,False,False,False,False,False,False,False,False,True,False,False,False,False,False,False,False,False,False,False,False,False,False,False,False,False,True,False,True,0.0,-1.0,-0.9749279122,-0.222520934,1.0,0.0
2024-04-06 13:00:00,-0.19884777769657447,0.3108905541,0.9118195972,0.2514063215,0.1414725251,-0.4257009777,-0.8201640994,-0.0774138101,False,-0.1714996949,False,False,False,False,False,False,False,False,False,True,False,False,False,False,False,False,False,False,False,False,False,False,False,False,False,False,True,False,True,-0.2588190451,-0.9659258263,-0.9749279122,-0.222520934,1.0,0.0
2024-04-06 14:00:00,-0.06368970337793459,0.4130056487,0.9118195972,1.0059694426,0.0385684822,-0.7896907479,-0.7756559529,-0.3524406827,False,-0.1714996949,False,False,False,False,False,False,False,False,False,True,False,False,False,False,False,False,False,False,False,True,False,False,False,False,False,False,False,False,True,-0.5,-0.8660254038,-0.9749279122,-0.222520934,1.0,0.0
2024-04-06 15:00:00,0.0714683709407053,0.4594216008,0.9118195972,1.7605325636,-0.0643355607,-0.8806881905,-0.3862096714,0.4726399352,False,-0.1714996949,False,False,True,False,False,False,False,False,False,False,False,False,False,False,False,False,False,False,False,False,True,False,False,False,False,False,False,False,True,-0.7071067812,-0.7071067812,-0.9749279122,-0.222520934,1.0,0.0
2024-04-06 16:00:00,-0.06368970337793459,0.4130056487,0.9118195972,1.5090115233,-0.1672396036,-0.8351894692,0.0588717932,1.8172157569,False,-0.1714996949,False,False,True,False,False,False,False,False,False,False,False,False,False,False,False,False,False,False,False,False,True,False,False,False,False,False,False,False,True,-0.8660254038,-0.5,-0.9749279122,-0.222520934,1.0,0.0
2024-04-06 17:00:00,0.0714683709407053,0.3851560775,0.9118195972,0.7544484022,-0.2701436465,-1.1081817969,0.5039532577,1.9700084639,False,-0.1714996949,False,False,False,False,False,False,False,False,False,False,False,False,False,False,True,False,False,False,False,False,True,False,False,False,False,False,False,False,True,-0.9659258263,-0.2588190451,-0.9749279122,-0.222520934,1.0,0.0
2024-04-06 18:00:00,-0.06368970337793459,0.3294569349,0.9118195972,0.5029273619,-0.2701436465,-0.8351894692,0.0254906833,1.8783328397,False,-0.1714996949,False,False,True,False,False,False,False,False,False,False,False,False,False,False,False,False,False,False,False,False,True,False,False,False,False,False,False,False,True,-1.0,-0.0,-0.9749279122,-0.222520934,1.0,0.0
2024-04-06 19:00:00,-0.06368970337793459,0.2366250307,0.9118195972,0.5029273619,-0.2701436465,-0.6076958628,-0.1302878293,1.8477742983,False,-0.1714996949,False,False,True,False,False,False,False,False,False,False,False,False,False,False,False,False,False,False,True,False,False,False,False,False,False,False,False,False,True,-0.9659258263,0.2588190451,-0.9749279122,-0.222520934,1.0,0.0
2024-04-06 20:00:00,-0.19884777769657447,0.0509612223,-0.4901190191,-0.5031567995,-0.1672396036,-0.2437060926,-0.1859230124,1.3893961773,False,-0.1714996949,False,False,True,False,False,False,False,False,False,False,False,False,False,False,False,False,False,False,True,False,False,False,False,False,False,False,False,False,True,-0.8660254038,0.5,-0.9749279122,-0.222520934,1.0,0.0
2024-04-06 21:00:00,-0.06368970337793459,0.0045452702,-1.8920576355,-1.2577199206,-0.1672396036,-0.1072099288,-0.341701525,0.839342432,False,-0.1714996949,False,False,True,False,False,False,False,False,False,False,False,False,False,False,False,False,False,False,False,False,False,False,False,False,False,False,False,True,True,-0.7071067812,0.7071067812,-0.9749279122,-0.222520934,1.0,0.0
2024-04-06 22:00:00,-0.06368970337793459,-0.0697202532,-0.4901190191,-0.5031567995,-0.0643355607,0.1202836776,-0.4752259643,-0.7191431795,False,-0.1714996949,False,False,False,False,False,False,False,False,False,True,False,False,False,False,False,False,False,False,False,False,False,False,False,False,False,True,False,False,True,-0.5,0.8660254038,-0.9749279122,-0.222520934,1.0,0.0
2024-04-06 23:00:00,-0.739480074971134,-0.1161362053,-0.4901190191,-0.5031567995,-0.0643355607,0.1657823989,-0.6643855868,-0.1079723515,False,-0.1714996949,False,False,False,False,False,False,False,False,False,True,False,False,False,False,False,False,False,False,False,False,False,True,False,False,False,False,False,False,True,-0.2588190451,0.9659258263,-0.9749279122,-0.222520934,1.0,0.0
2024-04-07 00:00:00,-1.0097962236084137,-0.1904017286,-0.4901190191,-1.0061988802,-0.0643355607,0.4387747266,-0.8201640994,0.228171604,False,-0.1714996949,False,False,True,False,False,False,False,False,False,False,False,False,False,False,False,False,False,False,True,False,False,False,False,False,False,False,False,False,False,0.0,1.0,-0.7818314825,0.6234898019,1.0,0.0
2024-04-07 01:00:00,-0.8746381492897739,-0.1996849191,-0.4901190191,-0.2516357592,-0.0643355607,0.4842734479,-0.8535452092,0.228171604,False,-0.1714996949,False,False,True,False,False,False,False,False,False,False,False,False,False,False,False,False,False,False,False,False,False,False,True,False,False,False,False,False,False,0.2588190451,0.9659258263,-0.7818314825,0.6234898019,1.0,0.0
2024-04-07 02:00:00,-0.8746381492897739,-0.2368176807,-0.4901190191,-0.2516357592,-0.0643355607,0.5752708904,-0.8980533557,1.4810718015,False,-0.1714996949,False,False,True,False,False,False,False,False,False,False,False,False,False,False,False,False,False,False,False,False,False,False,False,False,True,False,False,False,False,0.5,0.8660254038,-0.7818314825,0.6234898019,1.0,0.0
2024-04-07 03:00:00,-1.0097962236084137,-0.264667252,-0.4901190191,-0.5031567995,-0.0643355607,0.666268333,-0.8980533557,1.4505132601,False,-0.1714996949,False,False,True,False,False,False,False,False,False,False,False,False,False,False,False,False,False,False,True,False,False,False,False,False,False,False,False,False,False,0.7071067812,0.7071067812,-0.7818314825,0.6234898019,1.0,0.0
2024-04-07 04:00:00,-0.8746381492897739,-0.2553840616,-0.4901190191,-0.7546778399,-0.1672396036,0.666268333,-0.8869263191,1.1754863874,False,-0.1714996949,False,False,True,False,False,False,False,False,False,False,False,False,False,False,False,False,False,False,True,False,False,False,False,False,False,False,False,False,False,0.8660254038,0.5,-0.7818314825,0.6234898019,1.0,0.0
2024-04-07 05:00:00,-0.8746381492897739,-0.3203663945,-1.8920576355,-1.2577199206,-0.1672396036,0.9392606606,-0.9425615021,0.686549725,False,-0.1714996949,False,False,True,False,False,False,False,False,False,False,False,False,False,False,False,False,False,False,False,False,False,False,False,False,False,False,False,True,False,0.9659258263,0.2588190451,-0.7818314825,0.6234898019,1.0,0.0
2024-04-07 06:00:00,-1.0097962236084137,-0.3946319179,-1.8920576355,-1.0061988802,-0.1672396036,1.1212555457,-0.9648155754,0.0753788969,False,-0.1714996949,False,False,False,False,False,False,False,False,False,True,False,False,False,False,False,False,False,False,False,False,False,False,False,False,False,False,False,True,False,1.0,0.0,-0.7818314825,0.6234898019,1.0,0.0
2024-04-07 07:00:00,-0.8746381492897739,-0.3760655371,-0.4901190191,-0.5031567995,-0.1672396036,0.5752708904,-0.5976233671,-0.6580260967,False,-0.1714996949,False,False,False,False,False,False,False,False,False,True,False,False,False,False,False,False,False,False,True,False,False,False,False,False,False,False,False,False,False,0.9659258263,-0.2588190451,-0.7818314825,0.6234898019,1.0,0.0
2024-04-07 08:00:00,-0.739480074971134,-0.1996849191,-0.4901190191,-0.2516357592,-0.1672396036,0.0747849564,-0.6755126234,-0.7497017209,False,-0.1714996949,False,False,False,False,False,False,False,False,False,True,False,False,False,False,False,False,False,False,False,False,True,False,False,False,False,False,False,False,False,0.8660254038,-0.5,-0.7818314825,0.6234898019,1.0,0.0
2024-04-07 09:00:00,-0.19884777769657447,-0.0325874915,-0.4901190191,-0.0001147188,-0.0643355607,-0.1072099288,-0.6421315136,0.0448203555,False,-0.1714996949,False,False,False,False,False,False,False,False,False,True,False,False,False,False,False,False,False,False,False,False,False,True,False,False,False,False,False,False,False,0.7071067812,-0.7071067812,-0.7818314825,0.6234898019,1.0,0.0
2024-04-07 10:00:00,0.0714683709407053,0.1159435553,0.9118195972,0.5029273619,0.0385684822,-0.1072099288,-0.7534018797,0.3504057696,False,-0.1714996949,False,False,True,False,False,False,False,False,False,False,False,False,False,False,False,False,False,False,False,False,False,False,False,False,True,False,False,False,False,0.5,-0.8660254038,-0.7818314825,0.6234898019,1.0,0.0
2024-04-07 11:00:00,0.20662644525934518,0.3016073637,-0.4901190191,-0.0001147188,0.0385684822,-0.471199699,-0.8090370628,0.7782253492,False,-0.1714996949,False,False,True,False,False,False,False,False,False,False,False,False,False,False,False,False,False,False,True,False,False,False,False,False,False,False,False,False,False,0.2588190451,-0.9659258263,-0.7818314825,0.6234898019,1.0,0.0
2024-04-07 12:00:00,0.20662644525934518,0.4037224583,0.9118195972,0.2514063215,-0.0643355607,-0.6076958628,-0.7534018797,-0.5663504725,False,-0.1714996949,False,False,False,False,False,False,False,False,False,True,False,False,False,False,False,False,False,False,False,False,False,True,False,False,False,False,False,False,False,0.0,-1.0,-0.7818314825,0.6234898019,1.0,0.0
2024-04-07 13:00:00,-0.3340058520152144,0.4687047912,0.9118195972,0.2514063215,-0.1672396036,-0.6986933054,-0.5308611474,0.0142618141,False,-0.1714996949,False,False,False,False,False,False,False,False,False,True,False,False,False,False,False,False,False,False,False,False,False,False,False,False,False,False,True,False,False,-0.2588190451,-0.9659258263,-0.7818314825,0.6234898019,1.0,0.0
2024-04-07 14:00:00,-0.19884777769657447,0.5801030763,-0.4901190191,-0.0001147188,-0.2701436465,-0.8806881905,-0.3750826348,0.8087838906,False,-0.1714996949,False,False,True,False,False,False,False,False,False,False,False,False,False,False,False,False,False,False,True,False,False,False,False,False,False,False,False,False,False,-0.5,-0.8660254038,-0.7818314825,0.6234898019,1.0,0.0
2024-04-07 15:00:00,-0.19884777769657447,0.6265190284,-0.4901190191,-0.2516357592,-0.3730476894,-1.1536805182,0.4928262211,1.4505132601,False,-0.1714996949,False,False,True,False,False,False,False,False,False,False,False,False,False,False,False,False,False,False,False,False,False,False,True,False,False,False,False,False,False,-0.7071067812,-0.7071067812,-0.7818314825,0.6234898019,1.0,0.0
2024-04-07 16:00:00,-0.19884777769657447,0.617235838,0.9118195972,0.7544484022,-0.4759517323,-1.290176682,0.5929695506,1.144927846,False,-0.1714996949,False,False,True,False,False,False,False,False,False,False,False,False,False,False,False,False,False,False,False,True,False,False,False,False,False,False,False,False,False,-0.8660254038,-0.5,-0.7818314825,0.6234898019,1.0,0.0
2024-04-07 17:00:00,0.0714683709407053,0.5615366954,0.9118195972,1.0059694426,-0.3730476894,-1.290176682,0.7932562097,1.0226936804,False,-0.1714996949,False,False,True,False,False,False,False,False,False,False,False,False,False,False,False,False,False,False,False,False,True,False,False,False,False,False,False,False,False,-0.9659258263,-0.2588190451,-0.7818314825,0.6234898019,1.0,0.0
2024-04-07 18:00:00,0.0714683709407053,0.4965543625,0.9118195972,0.2514063215,-0.3730476894,-1.0171843543,0.4816991845,1.4199547187,False,-0.1714996949,False,False,True,False,False,False,False,False,False,False,False,False,False,False,False,False,False,False,False,True,False,False,False,False,False,False,False,False,False,-1.0,-0.0,-0.7818314825,0.6234898019,1.0,0.0
2024-04-07 19:00:00,-0.19884777769657447,0.3851560775,0.9118195972,0.2514063215,-0.3730476894,-0.6531945841,-0.4195907813,1.7255401327,False,-0.1714996949,False,False,True,False,False,False,False,False,False,False,False,False,False,False,False,False,False,False,False,False,False,False,False,False,False,True,False,False,False,-0.9659258263,0.2588190451,-0.7818314825,0.6234898019,1.0,0.0
2024-04-07 20:00:00,-0.06368970337793459,0.2923241732,0.9118195972,0.2514063215,-0.3730476894,-0.5621971415,-0.4640989277,2.0616840881,False,-0.1714996949,False,False,False,False,False,False,False,False,False,False,False,False,False,False,True,False,False,False,False,False,False,False,False,False,False,False,True,False,False,-0.8660254038,0.5,-0.7818314825,0.6234898019,1.0,0.0
2024-04-07 21:00:00,0.0714683709407053,0.2830409828,0.9118195972,0.7544484022,-0.1672396036,-0.7441920267,-0.1080337561,2.0922426295,False,-0.1714996949,False,False,False,False,False,False,False,False,False,False,False,False,False,False,True,False,False,False,False,False,False,False,False,False,False,False,True,False,False,-0.7071067812,0.7071067812,-0.7818314825,0.6234898019,1.0,0.0
2024-04-07 22:00:00,-0.06368970337793459,0.2087754595,-0.4901190191,-0.2516357592,-0.0643355607,-0.5166984203,-0.3528285616,2.0922426295,False,-0.1714996949,False,False,False,False,False,False,False,False,False,False,False,False,False,False,True,False,False,False,False,False,False,False,False,False,False,False,True,False,False,-0.5,0.8660254038,-0.7818314825,0.6234898019,1.0,0.0
2024-04-07 23:00:00,-0.739480074971134,0.1530763169,-0.4901190191,-0.0001147188,-0.0643355607,-0.471199699,-0.4307178179,1.4199547187,False,-0.1714996949,False,False,True,False,False,False,False,False,False,False,False,False,False,False,False,False,False,False,False,False,False,False,False,False,False,False,True,False,False,-0.2588190451,0.9659258263,-0.7818314825,0.6234898019,1.0,0.0
2024-04-08 00:00:00,-1.0097962236084137,0.0788107936,-0.4901190191,-0.0001147188,-0.0643355607,-0.2437060926,-0.3862096714,0.8087838906,False,-0.1714996949,False,False,True,False,False,False,False,False,False,False,False,False,False,False,False,False,False,False,False,False,False,False,True,False,False,False,False,False,False,0.0,1.0,0.0,1.0,1.0,0.0
2024-04-08 01:00:00,-0.8746381492897739,-0.0604370627,-0.4901190191,-0.2516357592,-0.0643355607,0.1202836776,-0.4529718911,-0.4746748483,False,-0.1714996949,False,False,False,False,False,False,False,False,False,True,False,False,False,False,False,False,False,False,False,False,False,False,False,False,False,True,False,False,False,0.2588190451,0.9659258263,0.0,1.0,1.0,0.0
2024-04-08 02:00:00,-1.0097962236084137,-0.1347025861,-0.4901190191,-0.5031567995,-0.0643355607,0.3022785627,-0.6310044769,-0.7802602623,False,-0.1714996949,False,False,False,False,False,False,False,False,False,True,False,False,False,False,False,False,False,False,True,False,False,False,False,False,False,False,False,False,False,0.5,0.8660254038,0.0,1.0,1.0,0.0
2024-04-08 03:00:00,-0.8746381492897739,-0.1625521574,-0.4901190191,-0.5031567995,-0.0643355607,0.347777284,-0.6643855868,-0.7802602623,False,-0.1714996949,False,False,False,False,False,False,False,False,False,True,False,False,False,False,False,False,False,False,False,False,False,False,False,False,False,False,True,False,False,0.7071067812,0.7071067812,0.0,1.0,1.0,0.0
2024-04-08 04:00:00,-0.8746381492897739,-0.2832336328,-0.4901190191,-0.2516357592,-0.0643355607,0.6207696117,-0.68663966,-0.8108188037,False,-0.1714996949,False,False,False,False,False,False,False,False,False,True,False,False,False,False,False,False,False,False,False,False,False,False,False,False,True,False,False,False,False,0.8660254038,0.5,0.0,1.0,1.0,0.0
2024-04-08 05:00:00,-1.0097962236084137,-0.2275344903,0.9118195972,0.2514063215,0.0385684822,0.3932760053,-0.5864963305,-0.8108188037,False,-0.1714996949,False,False,False,False,False,False,False,False,False,True,False,False,False,False,False,False,False,False,True,False,False,False,False,False,False,False,False,False,False,0.9659258263,0.2588190451,0.0,1.0,1.0,0.0
2024-04-08 06:00:00,-0.8746381492897739,-0.2925168233,-0.4901190191,-0.0001147188,0.0385684822,0.7572657755,-0.8424181726,-0.8108188037,False,-0.1714996949,False,False,False,False,False,False,False,False,False,True,False,False,False,False,False,False,False,False,False,True,False,False,False,False,False,False,False,False,False,1.0,0.0,0.0,1.0,1.0,0.0
2024-04-08 07:00:00,-0.8746381492897739,-0.2925168233,-0.4901190191,-0.0001147188,0.0385684822,0.7572657755,-0.8424181726,-0.8108188037,False,-0.1714996949,False,False,False,False,False,False,False,False,False,True,False,False,False,False,False,False,False,False,False,True,False,False,False,False,False,False,False,False,False,0.9659258263,-0.2588190451,0.0,1.0,1.0,0.0
2024-04-08 08:00:00,-0.8746381492897739,-0.1996849191,-0.4901190191,-1.0061988802,0.244376568,0.666268333,-0.8646722458,-0.7497017209,False,-0.1714996949,False,False,False,False,False,False,False,False,False,True,False,False,False,False,False,False,False,False,False,False,False,False,False,False,True,False,False,False,False,0.8660254038,-0.5,0.0,1.0,1.0,0.0
2024-04-08 09:00:00,-0.46916392633385423,-0.1996849191,-0.4901190191,-1.0061988802,0.244376568,0.666268333,-0.8646722458,-0.5969090139,False,-0.1714996949,False,False,False,False,False,False,False,False,False,True,False,False,False,False,False,False,False,False,False,False,False,False,False,False,True,False,False,False,False,0.7071067812,-0.7071067812,0.0,1.0,1.0,0.0
2024-04-08 10:00:00,-0.06368970337793459,0.199492269,-0.4901190191,-0.5031567995,0.3472806109,-0.1072099288,-0.6643855868,-0.8108188037,False,-0.1714996949,False,False,False,False,False,False,False,False,False,True,False,False,False,False,False,False,False,False,False,False,False,True,False,False,False,False,False,False,False,0.5,-0.8660254038,0.0,1.0,1.0,0.0
2024-04-08 11:00:00,0.20662644525934518,0.3480233158,0.9118195972,0.2514063215,0.3472806109,-0.471199699,-0.6087504037,-0.5052333897,False,-0.1714996949,False,False,False,False,False,False,False,False,False,True,False,False,False,False,False,False,False,False,False,False,False,False,True,False,False,False,False,False,False,0.2588190451,-0.9659258263,0.0,1.0,1.0,0.0
2024-04-08 12:00:00,0.20662644525934518,0.5151207433,0.9118195972,0.2514063215,0.244376568,-0.8351894692,-0.68663966,0.0142618141,False,-0.1714996949,False,False,False,False,False,False,False,False,False,True,False,False,False,False,False,False,False,False,False,False,True,False,False,False,False,False,False,False,False,0.0,-1.0,0.0,1.0,1.0,0.0
2024-04-08 13:00:00,-0.19884777769657447,0.6265190284,0.9118195972,0.7544484022,0.1414725251,-1.1081817969,-0.341701525,1.1143693046,False,-0.1714996949,False,False,True,False,False,False,False,False,False,False,False,False,False,False,False,False,False,False,False,False,True,False,False,False,False,False,False,False,False,-0.2588190451,-0.9659258263,0.0,1.0,1.0,0.0
2024-04-08 14:00:00,-0.19884777769657447,0.7379173134,0.9118195972,0.2514063215,0.0385684822,-1.1991792394,-0.1191607927,-0.0774138101,False,-0.1714996949,False,False,False,False,False,False,False,False,False,True,False,False,False,False,False,False,False,False,True,False,False,False,False,False,False,False,False,False,False,-0.5,-0.8660254038,0.0,1.0,1.0,0.0
2024-04-08 15:00:00,-0.06368970337793459,0.7657668847,0.9118195972,1.5090115233,-0.0643355607,-1.1536805182,-0.2415581954,-0.6274675553,False,-0.1714996949,False,False,False,False,False,False,False,False,False,True,False,False,False,False,False,False,False,False,True,False,False,False,False,False,False,False,False,False,False,-0.7071067812,-0.7071067812,0.0,1.0,1.0,0.0
2024-04-08 16:00:00,0.0714683709407053,0.728634123,0.9118195972,1.7605325636,-0.1672396036,-1.290176682,0.4816991845,0.3504057696,False,-0.1714996949,False,False,True,False,False,False,False,False,False,False,False,False,False,False,False,False,False,False,True,False,False,False,False,False,False,False,False,False,False,-0.8660254038,-0.5,0.0,1.0,1.0,0.0
2024-04-08 17:00:00,0.7472587425339047,0.7100677422,2.3137582136,2.012053604,-0.1672396036,-1.4266728458,1.2383376743,-0.3524406827,False,-0.1714996949,False,False,False,False,False,False,False,False,False,True,False,False,False,False,False,False,False,False,False,False,True,False,False,False,False,False,False,False,False,-0.9659258263,-0.2588190451,0.0,1.0,1.0,0.0
2024-04-08 18:00:00,0.47694259389662497,0.6358022188,0.9118195972,1.7605325636,-0.1672396036,-1.290176682,1.015796942,-0.6274675553,False,-0.1714996949,False,False,False,False,False,False,False,False,False,True,False,False,False,False,False,False,False,False,False,False,True,False,False,False,False,False,False,False,False,-1.0,-0.0,0.0,1.0,1.0,0.0
2024-04-08 19:00:00,-0.06368970337793459,0.5151207433,-0.4901190191,-0.0001147188,-0.0643355607,-0.9261869118,0.092252903,-0.2913235999,False,-0.1714996949,False,False,False,False,False,False,False,False,False,True,False,False,False,False,False,False,False,False,True,False,False,False,False,False,False,False,False,False,False,-0.9659258263,0.2588190451,0.0,1.0,1.0,0.0
2024-04-08 20:00:00,0.0714683709407053,0.2830409828,-0.4901190191,-0.2516357592,-0.0643355607,-0.4257009777,-0.197050049,0.8087838906,False,-0.1714996949,False,False,True,False,False,False,False,False,False,False,False,False,False,False,False,False,False,False,True,False,False,False,False,False,False,False,False,False,False,-0.8660254038,0.5,0.0,1.0,1.0,0.0
2024-04-08 21:00:00,0.34178451957798506,0.1716426978,-0.4901190191,-0.0001147188,0.0385684822,-0.2437060926,-0.3862096714,1.2977205531,False,-0.1714996949,False,False,True,False,False,False,False,False,False,False,False,False,False,False,False,False,False,False,True,False,False,False,False,False,False,False,False,False,False,-0.7071067812,0.7071067812,0.0,1.0,1.0,0.0
2024-04-08 22:00:00,0.0714683709407053,0.1345099361,-0.4901190191,-0.2516357592,0.0385684822,-0.15270865,-0.4529718911,2.0922426295,False,-0.1714996949,False,False,False,False,False,False,False,False,False,False,False,False,False,False,True,False,False,False,True,False,False,False,False,False,False,False,False,False,False,-0.5,0.8660254038,0.0,1.0,1.0,0.0
2024-04-08 23:00:00,-0.739480074971134,0.2180586499,-0.4901190191,-0.2516357592,0.0385684822,-0.3347035351,-0.3862096714,0.9004595148,False,-0.1714996949,False,False,True,False,False,False,False,False,False,False,False,False,False,False,False,False,False,False,False,False,True,False,False,False,False,False,False,False,False,-0.2588190451,0.9659258263,0.0,1.0,1.0,0.0
2024-04-09 00:00:00,-0.8746381492897739,0.1066603648,-1.8920576355,-1.0061988802,0.1414725251,-0.1072099288,-0.5197341108,0.533757018,False,-0.1714996949,False,False,True,False,False,False,False,False,False,False,False,False,False,False,False,False,False,False,False,False,False,False,False,False,False,False,False,True,False,0.0,1.0,0.7818314825,0.6234898019,1.0,0.0
2024-04-09 01:00:00,-0.8746381492897739,0.0416780319,-0.4901190191,-0.2516357592,0.1414725251,-0.1072099288,-0.6643855868,0.9004595148,False,-0.1714996949,False,False,True,False,False,False,False,False,False,False,False,False,False,False,False,False,False,False,True,False,False,False,False,False,False,False,False,False,False,0.2588190451,0.9659258263,0.7818314825,0.6234898019,1.0,0.0
2024-04-09 02:00:00,-0.8746381492897739,-0.0325874915,-0.4901190191,-0.5031567995,0.1414725251,-0.15270865,-0.5864963305,0.9615765976,False,-0.1714996949,False,False,True,False,False,False,False,False,False,False,False,False,False,False,False,False,False,False,False,False,False,True,False,False,False,False,False,False,False,0.5,0.8660254038,0.7818314825,0.6234898019,1.0,0.0
2024-04-09 03:00:00,-1.0097962236084137,-0.0697202532,-0.4901190191,-0.2516357592,0.0385684822,-0.2437060926,-0.1191607927,0.4726399352,False,-0.1714996949,False,False,True,False,False,False,False,False,False,False,False,False,False,False,False,False,False,False,False,False,False,False,False,False,True,False,False,False,False,0.7071067812,0.7071067812,0.7818314825,0.6234898019,1.0,0.0
2024-04-09 04:00:00,-0.8746381492897739,-0.1904017286,-0.4901190191,-0.0001147188,0.0385684822,-0.1072099288,-0.0746526462,0.4420813938,False,-0.1714996949,False,False,True,False,False,False,False,False,False,False,False,False,False,False,False,False,False,False,False,False,False,False,False,False,True,False,False,False,False,0.8660254038,0.5,0.7818314825,0.6234898019,1.0,0.0
2024-04-09 05:00:00,-0.8746381492897739,-0.1718353478,-0.4901190191,-0.0001147188,0.0385684822,-0.2437060926,0.1590151227,0.1059374383,False,-0.1714996949,False,False,True,False,False,False,False,False,False,False,False,False,False,False,False,False,False,False,False,False,False,False,False,False,True,False,False,False,False,0.9659258263,0.2588190451,0.7818314825,0.6234898019,1.0,0.0
2024-04-09 06:00:00,-0.8746381492897739,-0.2368176807,-0.4901190191,-0.5031567995,0.1414725251,-0.1982073713,0.2702854888,0.3198472282,False,-0.1714996949,False,False,True,False,False,False,False,False,False,False,False,False,False,False,False,False,False,False,False,False,False,True,False,False,False,False,False,False,False,1.0,0.0,0.7818314825,0.6234898019,1.0,0.0
2024-04-09 07:00:00,-0.8746381492897739,-0.2182512999,0.9118195972,0.5029273619,0.1414725251,-0.15270865,0.2257773424,-0.6885846381,False,-0.1714996949,False,False,False,False,False,False,False,False,False,True,False,False,False,False,False,False,False,False,True,False,False,False,False,False,False,False,False,False,False,0.9659258263,-0.2588190451,0.7818314825,0.6234898019,1.0,0.0
2024-04-09 08:00:00,-0.739480074971134,-0.0047379202,0.9118195972,1.0059694426,0.244376568,-0.5621971415,0.4038099282,-0.3218821413,False,-0.1714996949,False,False,False,False,False,False,False,False,False,True,False,False,False,False,False,False,False,False,True,False,False,False,False,False,False,False,False,False,False,0.8660254038,-0.5,0.7818314825,0.6234898019,1.0,0.0
2024-04-09 09:00:00,0.34178451957798506,0.1902090786,0.9118195972,1.2574904829,0.244376568,-0.9261869118,1.1159402715,-0.3829992241,False,-0.1714996949,False,False,False,False,False,False,False,False,False,True,False,False,False,False,False,False,False,False,True,False,False,False,False,False,False,False,False,False,False,0.7071067812,-0.7071067812,0.7818314825,0.6234898019,1.0,0.0
2024-04-09 10:00:00,0.47694259389662497,0.4501384104,0.9118195972,1.2574904829,0.244376568,-1.1536805182,1.0714321251,0.0142618141,False,-0.1714996949,False,False,False,False,False,False,False,False,False,True,False,False,False,False,False,False,False,False,True,False,False,False,False,False,False,False,False,False,False,0.5,-0.8660254038,0.7818314825,0.6234898019,1.0,0.0
2024-04-09 11:00:00,0.7472587425339047,0.5429703146,0.9118195972,1.2574904829,0.244376568,-1.3811741245,1.2717187841,0.2587301454,False,-0.1714996949,False,False,True,False,False,False,False,False,False,False,False,False,False,False,False,False,False,False,False,False,True,False,False,False,False,False,False,False,False,0.2588190451,-0.9659258263,0.7818314825,0.6234898019,1.0,0.0
2024-04-09 12:00:00,0.7472587425339047,0.6636517901,0.9118195972,1.0059694426,0.1414725251,-1.4266728458,1.2272106377,-0.0162967273,False,-0.1714996949,False,False,False,False,False,False,False,False,False,True,False,False,False,False,False,False,False,False,True,False,False,False,False,False,False,False,False,False,False,0.0,-1.0,0.7818314825,0.6234898019,1.0,0.0
2024-04-09 13:00:00,-0.06368970337793459,0.7750500751,0.9118195972,1.7605325636,-0.0643355607,-1.5631690097,1.6389109924,1.0532522218,False,-0.1714996949,False,False,True,False,False,False,False,False,False,False,False,False,False,False,False,False,False,False,True,False,False,False,False,False,False,False,False,False,False,-0.2588190451,-0.9659258263,0.7818314825,0.6234898019,1.0,0.0
2024-04-09 14:00:00,-0.19884777769657447,0.8678819793,2.3137582136,2.2635746443,-0.1672396036,-1.6996651735,1.6945461755,-0.2607650585,False,-0.1714996949,False,False,False,False,False,False,False,False,False,True,False,False,False,False,False,False,False,False,True,False,False,False,False,False,False,False,False,False,False,-0.5,-0.8660254038,0.7818314825,0.6234898019,1.0,0.0
2024-04-09 15:00:00,-0.19884777769657447,0.8307492177,2.3137582136,2.2635746443,-0.2701436465,-1.5631690097,1.6945461755,1.6644230499,False,-0.1714996949,False,False,True,False,False,False,False,False,False,False,False,False,False,False,False,False,False,False,True,False,False,False,False,False,False,False,False,False,False,-0.7071067812,-0.7071067812,0.7818314825,0.6234898019,1.0,0.0
2024-04-09 16:00:00,0.20662644525934518,0.7564836943,2.3137582136,2.012053604,-0.2701436465,-1.6086677309,1.6945461755,1.7560986741,False,-0.1714996949,False,False,True,False,False,False,False,False,False,False,False,False,False,False,False,False,False,False,False,False,True,False,False,False,False,False,False,False,False,-0.8660254038,-0.5,0.7818314825,0.6234898019,1.0,0.0
2024-04-09 17:00:00,0.47694259389662497,0.7379173134,2.3137582136,2.5150956847,-0.3730476894,-1.6996651735,1.6945461755,1.6338645085,False,-0.1714996949,False,False,True,False,False,False,False,False,False,False,False,False,False,False,False,False,False,False,False,False,True,False,False,False,False,False,False,False,False,-0.9659258263,-0.2588190451,0.7818314825,0.6234898019,1.0,0.0
2024-04-09 18:00:00,0.20662644525934518,0.7100677422,0.9118195972,1.5090115233,-0.2701436465,-1.6086677309,1.6945461755,1.6949815913,False,-0.1714996949,False,False,True,False,False,False,False,False,False,False,False,False,False,False,False,False,False,False,True,False,False,False,False,False,False,False,False,False,False,-1.0,-0.0,0.7818314825,0.6234898019,1.0,0.0
2024-04-09 19:00:00,0.20662644525934518,0.6915013613,0.9118195972,1.2574904829,-0.2701436465,-1.790662616,1.6945461755,1.5727474257,False,-0.1714996949,False,False,True,False,False,False,False,False,False,False,False,False,False,False,False,False,False,False,False,False,False,False,True,False,False,False,False,False,False,-0.9659258263,0.2588190451,0.7818314825,0.6234898019,1.0,0.0
2024-04-09 20:00:00,0.6121006682152649,0.6265190284,0.9118195972,0.5029273619,-0.1672396036,-1.790662616,0.4594451113,1.3893961773,False,-0.1714996949,False,False,True,False,False,False,False,False,False,False,False,False,False,False,False,False,False,False,False,False,True,False,False,False,False,False,False,False,False,-0.8660254038,0.5,0.7818314825,0.6234898019,1.0,0.0
2024-04-09 21:00:00,0.34178451957798506,0.5058375529,-0.4901190191,-0.0001147188,-0.0643355607,-1.6086677309,1.6945461755,0.992135139,False,-0.1714996949,False,False,True,False,False,False,False,False,False,False,False,False,False,False,False,False,False,False,False,False,True,False,False,False,False,False,False,False,False,-0.7071067812,0.7071067812,0.7818314825,0.6234898019,1.0,0.0
2024-04-09 22:00:00,0.20662644525934518,0.4965543625,0.9118195972,1.0059694426,-0.0643355607,-1.6086677309,1.6945461755,1.1143693046,False,-0.1714996949,False,False,True,False,False,False,False,False,False,False,False,False,False,False,False,False,False,False,False,False,True,False,False,False,False,False,False,False,False,-0.5,0.8660254038,0.7818314825,0.6234898019,1.0,0.0
2024-04-09 23:00:00,-0.739480074971134,0.4594216008,2.3137582136,2.012053604,-0.0643355607,-1.5631690097,1.6945461755,0.7171082664,False,-0.1714996949,False,False,True,False,False,False,False,False,False,False,False,False,False,False,False,False,False,False,False,False,False,False,True,False,False,False,False,False,False,-0.2588190451,0.9659258263,0.7818314825,0.6234898019,1.0,0.0
2024-04-10 00:00:00,-1.0097962236084137,0.4130056487,2.3137582136,2.012053604,-0.0643355607,-1.4721715671,1.6945461755,1.2977205531,False,-0.1714996949,False,False,True,False,False,False,False,False,False,False,False,False,False,False,False,False,False,False,False,False,False,False,True,False,False,False,False,False,False,0.0,1.0,0.9749279122,-0.222520934,1.0,0.0
2024-04-10 01:00:00,-0.8746381492897739,0.3387401253,0.9118195972,1.5090115233,0.0385684822,-1.3811741245,1.6945461755,1.1754863874,False,-0.1714996949,False,False,True,False,False,False,False,False,False,False,False,False,False,False,False,False,False,False,False,False,False,False,True,False,False,False,False,False,False,0.2588190451,0.9659258263,0.9749279122,-0.222520934,1.0,0.0
2024-04-10 02:00:00,-1.0097962236084137,0.2923241732,0.9118195972,0.5029273619,-0.0643355607,-1.290176682,1.6945461755,1.8477742983,False,-0.1714996949,False,False,True,False,False,False,False,False,False,False,False,False,False,False,False,False,False,False,False,False,False,False,True,False,False,False,False,False,False,0.5,0.8660254038,0.9749279122,-0.222520934,1.0,0.0
2024-04-10 03:00:00,-0.8746381492897739,0.2459082211,0.9118195972,1.0059694426,-0.0643355607,-1.1991792394,1.6945461755,1.8172157569,False,-0.1714996949,False,False,True,False,False,False,False,False,False,False,False,False,False,False,False,False,False,False,False,False,False,False,False,False,False,True,False,False,False,0.7071067812,0.7071067812,0.9749279122,-0.222520934,1.0,0.0
2024-04-10 04:00:00,-0.8746381492897739,0.2087754595,0.9118195972,0.5029273619,-0.0643355607,-1.1081817969,1.6945461755,1.9394499225,False,-0.1714996949,False,False,False,False,False,False,False,False,False,False,False,False,False,False,True,False,False,False,False,False,False,False,True,False,False,False,False,False,False,0.8660254038,0.5,0.9749279122,-0.222520934,1.0,0.0
2024-04-10 05:00:00,-1.0097962236084137,0.1623595074,0.9118195972,1.0059694426,-0.0643355607,-1.0171843543,1.6945461755,2.0616840881,False,-0.1714996949,False,False,False,False,False,False,False,False,False,False,False,False,False,False,True,False,False,False,False,False,False,False,True,False,False,False,False,False,False,0.9659258263,0.2588190451,0.9749279122,-0.222520934,1.0,0.0
2024-04-10 06:00:00,-0.8746381492897739,0.1159435553,0.9118195972,0.2514063215,-0.0643355607,-0.9261869118,1.6945461755,1.6949815913,False,-0.1714996949,False,False,True,False,False,False,False,False,False,False,False,False,False,False,False,False,False,False,False,False,False,False,True,False,False,False,False,False,False,1.0,0.0,0.9749279122,-0.222520934,1.0,0.0
2024-04-10 07:00:00,-0.8746381492897739,0.0509612223,-0.4901190191,-0.0001147188,0.0385684822,0.1657823989,0.7153669534,1.4810718015,False,-0.1714996949,False,False,True,False,False,False,False,False,False,False,False,False,False,False,False,False,False,False,False,False,False,False,False,False,False,False,True,False,False,0.9659258263,-0.2588190451,0.9749279122,-0.222520934,1.0,0.0
2024-04-10 08:00:00,-0.739480074971134,0.0416780319,-0.4901190191,-0.5031567995,0.0385684822,0.2112811202,0.8488913928,2.0616840881,False,-0.1714996949,False,False,False,False,False,False,False,False,False,False,False,False,False,False,True,False,False,False,False,False,False,False,False,False,False,True,False,False,False,0.8660254038,-0.5,0.9749279122,-0.222520934,1.0,0.0
2024-04-10 09:00:00,0.47694259389662497,0.088093984,-0.4901190191,-0.0001147188,0.1414725251,0.0747849564,0.9824158321,2.0922426295,False,-0.1714996949,False,False,False,False,False,False,False,False,False,False,False,False,False,False,True,False,False,False,False,False,False,False,False,False,False,True,False,False,False,0.7071067812,-0.7071067812,0.9749279122,-0.222520934,1.0,0.0
2024-04-10 10:00:00,0.47694259389662497,0.1159435553,-0.4901190191,-0.0001147188,0.1414725251,-0.1072099288,1.2049565644,2.0922426295,False,-0.1714996949,False,False,False,False,False,False,False,False,False,False,False,False,False,False,True,False,False,False,False,False,False,False,False,False,False,True,False,False,False,0.5,-0.8660254038,0.9749279122,-0.222520934,1.0,0.0
2024-04-10 11:00:00,0.34178451957798506,0.2366250307,2.3137582136,1.7605325636,0.1414725251,-0.3347035351,1.6945461755,1.6949815913,False,-0.1714996949,False,False,True,False,False,False,False,False,False,False,False,False,False,False,False,False,False,False,False,False,False,False,False,False,False,False,True,False,False,0.2588190451,-0.9659258263,0.9749279122,-0.222520934,1.0,0.0
2024-04-10 12:00:00,0.34178451957798506,0.3944392679,0.9118195972,1.0059694426,0.0385684822,-0.5621971415,1.6722921022,0.992135139,False,-0.1714996949,False,False,True,False,False,False,False,False,False,False,False,False,False,False,False,False,False,False,False,False,False,False,False,False,False,True,False,False,False,0.0,-1.0,0.9749279122,-0.222520934,1.0,0.0
2024-04-10 13:00:00,-0.19884777769657447,0.5151207433,0.9118195972,0.7544484022,-0.0643355607,-0.7896907479,1.44975137,0.0753788969,False,-0.1714996949,False,False,False,False,False,False,False,False,False,True,False,False,False,False,False,False,False,False,False,False,False,False,False,False,False,True,False,False,False,-0.2588190451,-0.9659258263,0.9749279122,-0.222520934,1.0,0.0
2024-04-10 14:00:00,-0.06368970337793459,0.5615366954,0.9118195972,0.2514063215,-0.0643355607,-1.0171843543,1.6611650656,-0.0774138101,False,-0.1714996949,False,False,False,False,False,False,False,False,False,True,False,False,False,False,False,False,False,False,False,False,False,False,False,False,False,False,True,False,False,-0.5,-0.8660254038,0.9749279122,-0.222520934,1.0,0.0
2024-04-10 15:00:00,0.20662644525934518,0.6915013613,-0.4901190191,-0.2516357592,-0.1672396036,-1.1081817969,1.6945461755,0.2892886868,False,-0.1714996949,False,False,True,False,False,False,False,False,False,False,False,False,False,False,False,False,False,False,False,False,False,False,False,False,True,False,False,False,False,-0.7071067812,-0.7071067812,0.9749279122,-0.222520934,1.0,0.0
2024-04-10 16:00:00,0.34178451957798506,0.6915013613,0.9118195972,0.2514063215,-0.2701436465,-1.1081817969,1.2605917475,-0.4441163069,False,-0.1714996949,False,False,False,False,False,False,False,False,False,True,False,False,False,False,False,False,False,False,False,False,False,False,False,False,False,False,True,False,False,-0.8660254038,-0.5,0.9749279122,-0.222520934,1.0,0.0
2024-04-10 17:00:00,0.7472587425339047,0.6543685997,0.9118195972,0.5029273619,-0.2701436465,-1.0626830756,1.305099894,-0.6885846381,False,-0.1714996949,False,False,False,False,False,False,False,False,False,True,False,False,False,False,False,False,False,False,False,False,False,False,True,False,False,False,False,False,False,-0.9659258263,-0.2588190451,0.9749279122,-0.222520934,1.0,0.0
2024-04-10 18:00:00,0.6121006682152649,0.6450854092,-0.4901190191,-0.5031567995,-0.2701436465,-1.1536805182,1.5165135896,-0.8108188037,False,-0.1714996949,False,False,False,False,False,False,False,False,False,True,False,False,False,False,False,False,False,False,False,False,False,False,True,False,False,False,False,False,False,-1.0,-0.0,0.9749279122,-0.222520934,1.0,0.0
2024-04-10 19:00:00,0.0714683709407053,0.5151207433,-0.4901190191,-0.5031567995,-0.2701436465,-0.8806881905,1.5944028459,-0.8108188037,False,-0.1714996949,False,False,False,False,False,False,False,False,False,True,False,False,False,False,False,False,False,False,False,False,False,False,True,False,False,False,False,False,False,-0.9659258263,0.2588190451,0.9749279122,-0.222520934,1.0,0.0
2024-04-10 20:00:00,0.20662644525934518,0.4130056487,-0.4901190191,-0.0001147188,-0.2701436465,-0.7441920267,1.4274972967,-0.7802602623,False,-0.1714996949,False,False,False,False,False,False,False,False,False,True,False,False,False,False,False,False,False,False,False,True,False,False,False,False,False,False,False,False,False,-0.8660254038,0.5,0.9749279122,-0.222520934,1.0,0.0
2024-04-10 21:00:00,0.0714683709407053,0.3016073637,-0.4901190191,-0.5031567995,-0.0643355607,-0.5621971415,1.5832758093,-0.8108188037,False,-0.1714996949,False,False,False,False,False,False,False,False,False,True,False,False,False,False,False,False,False,False,False,False,False,False,False,False,False,True,False,False,False,-0.7071067812,0.7071067812,0.9749279122,-0.222520934,1.0,0.0
2024-04-10 22:00:00,0.0714683709407053,0.1252267457,-0.4901190191,-0.2516357592,-0.0643355607,-0.2892048139,1.4720054432,-0.7497017209,False,-0.1714996949,False,False,False,False,False,False,False,False,False,True,False,False,False,False,False,False,False,False,False,False,True,False,False,False,False,False,False,False,False,-0.5,0.8660254038,0.9749279122,-0.222520934,1.0,0.0
2024-04-10 23:00:00,-0.8746381492897739,0.1437931265,-0.4901190191,-0.2516357592,-0.0643355607,-0.3347035351,1.1381943448,-0.8108188037,False,-0.1714996949,False,False,False,False,False,False,False,False,False,True,False,False,False,False,False,False,False,False,False,True,False,False,False,False,False,False,False,False,False,-0.2588190451,0.9659258263,0.9749279122,-0.222520934,1.0,0.0
2024-04-11 00:00:00,-0.8746381492897739,-0.0233043011,-0.4901190191,-0.2516357592,-0.0643355607,0.0292862351,0.9824158321,-0.7802602623,False,-0.1714996949,False,False,False,False,False,False,False,False,False,True,False,False,False,False,False,False,False,False,True,False,False,False,False,False,False,False,False,False,False,0.0,1.0,0.4338837391,-0.9009688679,1.0,0.0
2024-04-11 01:00:00,-0.8746381492897739,-0.1347025861,-0.4901190191,-0.5031567995,-0.0643355607,0.3022785627,0.8933995392,-0.4441163069,False,-0.1714996949,False,False,False,False,False,False,False,False,False,True,False,False,False,False,False,False,False,False,True,False,False,False,False,False,False,False,False,False,False,0.2588190451,0.9659258263,0.4338837391,-0.9009688679,1.0,0.0
2024-04-11 02:00:00,-1.0097962236084137,-0.2275344903,-0.4901190191,-0.7546778399,-0.0643355607,0.4842734479,0.2702854888,0.228171604,False,-0.1714996949,False,False,True,False,False,False,False,False,False,False,False,False,False,False,False,False,False,False,False,False,False,True,False,False,False,False,False,False,False,0.5,0.8660254038,0.4338837391,-0.9009688679,1.0,0.0
2024-04-11 03:00:00,-0.8746381492897739,-0.1904017286,-0.4901190191,-0.7546778399,-0.0643355607,0.3022785627,0.0143636467,1.8783328397,False,-0.1714996949,False,False,True,False,False,False,False,False,False,False,False,False,False,False,False,False,False,False,False,False,False,True,False,False,False,False,False,False,False,0.7071067812,0.7071067812,0.4338837391,-0.9009688679,1.0,0.0
2024-04-11 04:00:00,-0.8746381492897739,-0.2461008712,-0.4901190191,-0.7546778399,-0.1672396036,0.4387747266,-0.0969067194,1.4199547187,False,-0.1714996949,False,False,True,False,False,False,False,False,False,False,False,False,False,False,False,False,False,False,False,False,False,True,False,False,False,False,False,False,False,0.8660254038,0.5,0.4338837391,-0.9009688679,1.0,0.0
2024-04-11 05:00:00,-0.8746381492897739,-0.2832336328,-0.4901190191,-0.5031567995,-0.1672396036,0.6207696117,-0.0190174631,1.5421888843,False,-0.1714996949,False,False,True,False,False,False,False,False,False,False,False,False,False,False,False,False,False,False,False,False,False,False,False,False,True,False,False,False,False,0.9659258263,0.2588190451,0.4338837391,-0.9009688679,1.0,0.0
2024-04-11 06:00:00,-1.0097962236084137,-0.2832336328,-0.4901190191,-0.5031567995,-0.1672396036,0.4387747266,0.0588717932,0.4420813938,False,-0.1714996949,False,False,True,False,False,False,False,False,False,False,False,False,False,False,False,False,False,False,True,False,False,False,False,False,False,False,False,False,False,1.0,0.0,0.4338837391,-0.9009688679,1.0,0.0
2024-04-11 07:00:00,-1.0097962236084137,-0.3018000137,-0.4901190191,-0.2516357592,-0.0643355607,0.5752708904,-0.3639555982,0.5031984766,False,-0.1714996949,False,False,True,False,False,False,False,False,False,False,False,False,False,False,False,False,False,False,True,False,False,False,False,False,False,False,False,False,False,0.9659258263,-0.2588190451,0.4338837391,-0.9009688679,1.0,0.0
2024-04-11 08:00:00,-0.3340058520152144,-0.1439857765,-0.4901190191,-0.0001147188,-0.0643355607,0.2112811202,-0.1747959758,1.1754863874,False,-0.1714996949,False,False,True,False,False,False,False,False,False,False,False,False,False,False,False,False,False,False,True,False,False,False,False,False,False,False,False,False,False,0.8660254038,-0.5,0.4338837391,-0.9009688679,1.0,0.0
2024-04-11 09:00:00,0.7472587425339047,0.023111651,-0.4901190191,-0.2516357592,-0.0643355607,-0.1072099288,-0.0412715364,0.1364959797,False,-0.1714996949,False,False,True,False,False,False,False,False,False,False,False,False,False,False,False,False,False,False,False,False,True,False,False,False,False,False,False,False,False,0.7071067812,-0.7071067812,0.4338837391,-0.9009688679,1.0,0.0
2024-04-11 10:00:00,0.6121006682152649,0.199492269,-0.4901190191,-0.0001147188,-0.0643355607,-0.4257009777,0.0143636467,-0.0468552687,False,-0.1714996949,False,False,False,False,False,False,False,False,False,True,False,False,False,False,False,False,False,False,True,False,False,False,False,False,False,False,False,False,False,0.5,-0.8660254038,0.4338837391,-0.9009688679,1.0,0.0
2024-04-11 11:00:00,0.34178451957798506,0.3665896966,0.9118195972,0.7544484022,-0.0643355607,-0.5621971415,0.1478880861,-0.8108188037,False,-0.1714996949,False,False,False,False,False,False,False,False,False,True,False,False,False,False,False,False,False,False,True,False,False,False,False,False,False,False,False,False,False,0.2588190451,-0.9659258263,0.4338837391,-0.9009688679,1.0,0.0
2024-04-11 12:00:00,0.47694259389662497,0.5244039338,0.9118195972,0.7544484022,-0.1672396036,-0.8806881905,0.6597317703,-0.2302065171,False,-0.1714996949,False,False,False,False,False,False,False,False,False,True,False,False,False,False,False,False,False,False,True,False,False,False,False,False,False,False,False,False,False,0.0,-1.0,0.4338837391,-0.9009688679,1.0,0.0
2024-04-11 13:00:00,-0.19884777769657447,0.6265190284,2.3137582136,2.012053604,-0.2701436465,-0.971685633,1.0603050884,-0.8108188037,False,-0.1714996949,False,False,False,False,False,False,False,False,False,True,False,False,False,False,False,False,False,False,False,False,True,False,False,False,False,False,False,False,False,-0.2588190451,-0.9659258263,0.4338837391,-0.9009688679,1.0,0.0
2024-04-11 14:00:00,-0.19884777769657447,0.7472005039,2.3137582136,2.012053604,-0.3730476894,-1.1991792394,1.6945461755,-0.7497017209,False,-0.1714996949,False,False,False,False,False,False,False,False,False,True,False,False,False,False,False,False,False,False,False,False,True,False,False,False,False,False,False,False,False,-0.5,-0.8660254038,0.4338837391,-0.9009688679,1.0,0.0
2024-04-11 15:00:00,0.20662644525934518,0.8121828368,0.9118195972,1.0059694426,-0.4759517323,-1.4266728458,1.6945461755,-0.7802602623,False,-0.1714996949,False,False,False,False,False,False,False,False,False,True,False,False,False,False,False,False,False,False,False,False,True,False,False,False,False,False,False,False,False,-0.7071067812,-0.7071067812,0.4338837391,-0.9009688679,1.0,0.0
2024-04-11 16:00:00,0.34178451957798506,0.793616456,0.9118195972,1.2574904829,-0.5788557752,-1.2446779607,1.6834191389,-0.8108188037,False,-0.1714996949,False,False,False,False,False,False,False,False,False,True,False,False,False,False,False,False,False,False,True,False,False,False,False,False,False,False,False,False,False,-0.8660254038,-0.5,0.4338837391,-0.9009688679,1.0,0.0
2024-04-11 17:00:00,0.47694259389662497,0.8121828368,0.9118195972,1.2574904829,-0.6817598181,-1.3356754033,1.6945461755,-0.8108188037,False,-0.1714996949,False,False,False,False,False,False,False,False,False,True,False,False,False,False,False,False,False,False,False,False,True,False,False,False,False,False,False,False,False,-0.9659258263,-0.2588190451,0.4338837391,-0.9009688679,1.0,0.0
2024-04-11 18:00:00,0.47694259389662497,0.7379173134,0.9118195972,1.0059694426,-0.6817598181,-1.1536805182,1.6945461755,-0.2913235999,False,-0.1714996949,False,False,False,False,False,False,False,False,False,True,False,False,False,False,False,False,False,False,False,False,True,False,False,False,False,False,False,False,False,-1.0,-0.0,0.4338837391,-0.9009688679,1.0,0.0
2024-04-11 19:00:00,0.0714683709407053,0.6265190284,0.9118195972,0.7544484022,-0.5788557752,-1.1991792394,1.6945461755,0.1976130626,False,-0.1714996949,False,False,True,False,False,False,False,False,False,False,False,False,False,False,False,False,False,False,False,False,True,False,False,False,False,False,False,False,False,-0.9659258263,0.2588190451,0.4338837391,-0.9009688679,1.0,0.0
2024-04-11 20:00:00,0.0714683709407053,0.6265190284,0.9118195972,0.7544484022,-0.5788557752,-1.1991792394,1.6945461755,0.0142618141,False,-0.1714996949,False,False,False,False,False,False,False,False,False,True,False,False,False,False,False,False,False,False,False,False,True,False,False,False,False,False,False,False,False,-0.8660254038,0.5,0.4338837391,-0.9009688679,1.0,0.0
2024-04-11 21:00:00,0.20662644525934518,0.2273418403,0.9118195972,0.2514063215,-0.4759517323,-0.6076958628,1.6945461755,0.4115228524,False,-0.1714996949,False,False,True,False,False,False,False,False,False,False,False,False,False,False,False,False,False,False,True,False,False,False,False,False,False,False,False,False,False,-0.7071067812,0.7071067812,0.4338837391,-0.9009688679,1.0,0.0
2024-04-11 22:00:00,0.0714683709407053,0.1252267457,-0.4901190191,-0.2516357592,-0.3730476894,-0.3802022564,1.3941161869,-0.2302065171,False,-0.1714996949,False,False,False,False,False,False,False,False,False,True,False,False,False,False,False,False,False,False,True,False,False,False,False,False,False,False,False,False,False,-0.5,0.8660254038,0.4338837391,-0.9009688679,1.0,0.0
2024-04-11 23:00:00,-0.6043220006524941,0.0788107936,-0.4901190191,-1.0061988802,-0.3730476894,-0.1982073713,0.6486047337,-0.8108188037,False,-0.1714996949,False,False,False,False,False,False,False,False,False,True,False,False,False,False,False,False,False,False,False,False,False,True,False,False,False,False,False,False,False,-0.2588190451,0.9659258263,0.4338837391,-0.9009688679,1.0,0.0
2024-04-12 00:00:00,-1.0097962236084137,-0.0140211106,-0.4901190191,-0.2516357592,-0.3730476894,-0.0162124862,0.437191038,-0.7802602623,False,-0.1714996949,False,False,False,False,False,False,False,False,False,True,False,False,False,False,False,False,False,False,True,False,False,False,False,False,False,False,False,False,False,0.0,1.0,-0.4338837391,-0.9009688679,1.0,0.0
2024-04-12 01:00:00,-0.8746381492897739,-0.1347025861,-0.4901190191,-0.5031567995,-0.4759517323,0.1657823989,0.526207331,-0.7497017209,False,-0.1714996949,False,False,False,False,False,False,False,False,False,True,False,False,False,False,False,False,False,False,True,False,False,False,False,False,False,False,False,False,False,0.2588190451,0.9659258263,-0.4338837391,-0.9009688679,1.0,0.0
2024-04-12 02:00:00,-0.8746381492897739,-0.153268967,-0.4901190191,-0.2516357592,-0.4759517323,0.2567798415,-0.0301444998,-0.6274675553,False,-0.1714996949,False,False,False,False,False,False,False,False,False,True,False,False,False,False,False,False,False,False,True,False,False,False,False,False,False,False,False,False,False,0.5,0.8660254038,-0.4338837391,-0.9009688679,1.0,0.0
2024-04-12 03:00:00,-0.8746381492897739,-0.088286634,0.9118195972,1.0059694426,-0.4759517323,-0.1982073713,0.8266373195,-0.6274675553,False,-0.1714996949,False,False,False,False,False,False,False,False,False,True,False,False,False,False,False,False,False,False,True,False,False,False,False,False,False,False,False,False,False,0.7071067812,0.7071067812,-0.4338837391,-0.9009688679,1.0,0.0
2024-04-12 04:00:00,-1.0097962236084137,-0.1068530148,0.9118195972,1.2574904829,-0.4759517323,-0.1982073713,1.2272106377,-0.6885846381,False,-0.1714996949,False,False,False,False,False,False,False,False,False,True,False,False,False,False,False,False,False,False,False,False,False,True,False,False,False,False,False,False,False,0.8660254038,0.5,-0.4338837391,-0.9009688679,1.0,0.0
2024-04-12 05:00:00,-0.8746381492897739,-0.2461008712,-0.4901190191,-0.7546778399,-0.4759517323,-0.0162124862,1.2717187841,-0.7497017209,False,-0.1714996949,False,False,False,False,False,False,False,False,False,True,False,False,False,False,False,False,False,False,False,False,False,True,False,False,False,False,False,False,False,0.9659258263,0.2588190451,-0.4338837391,-0.9009688679,1.0,0.0
2024-04-12 06:00:00,-0.8746381492897739,-0.3296495849,-0.4901190191,-0.2516357592,-0.4759517323,0.1657823989,0.8822725026,-0.7802602623,False,-0.1714996949,False,False,False,False,False,False,False,False,False,True,False,False,False,False,False,False,False,False,True,False,False,False,False,False,False,False,False,False,False,1.0,0.0,-0.4338837391,-0.9009688679,1.0,0.0
2024-04-12 07:00:00,-0.8746381492897739,-0.2832336328,-0.4901190191,-0.5031567995,-0.4759517323,0.2112811202,0.8600184294,-0.8108188037,False,-0.1714996949,False,False,False,False,False,False,False,False,False,True,False,False,False,False,False,False,False,False,False,False,False,False,False,False,True,False,False,False,False,0.9659258263,-0.2588190451,-0.4338837391,-0.9009688679,1.0,0.0
2024-04-12 08:00:00,-0.739480074971134,-0.0047379202,-0.4901190191,-0.2516357592,-0.4759517323,-0.0162124862,-0.1636689391,-0.8108188037,False,-0.1714996949,False,False,False,False,False,False,False,False,False,True,False,False,False,False,False,False,False,False,True,False,False,False,False,False,False,False,False,False,False,0.8660254038,-0.5,-0.4338837391,-0.9009688679,1.0,0.0
2024-04-12 09:00:00,-0.19884777769657447,0.1623595074,0.9118195972,0.5029273619,-0.4759517323,-0.4257009777,0.3259206719,-0.8108188037,False,-0.1714996949,False,False,False,False,False,False,False,False,False,True,False,False,False,False,False,False,False,False,True,False,False,False,False,False,False,False,False,False,False,0.7071067812,-0.7071067812,-0.4338837391,-0.9009688679,1.0,0.0
2024-04-12 10:00:00,-0.06368970337793459,0.4130056487,0.9118195972,0.5029273619,-0.4759517323,-0.8351894692,0.4928262211,-0.8108188037,False,-0.1714996949,False,False,False,False,False,False,False,False,False,True,False,False,False,False,False,False,False,False,True,False,False,False,False,False,False,False,False,False,False,0.5,-0.8660254038,-0.4338837391,-0.9009688679,1.0,0.0
2024-04-12 11:00:00,0.34178451957798506,0.5801030763,0.9118195972,1.2574904829,-0.4759517323,-0.8806881905,1.2383376743,-0.8108188037,False,-0.1714996949,False,False,False,False,False,False,False,False,False,True,False,False,False,False,False,False,False,False,False,False,True,False,False,False,False,False,False,False,False,0.2588190451,-0.9659258263,-0.4338837391,-0.9009688679,1.0,0.0
2024-04-12 12:00:00,0.20662644525934518,0.7007845518,2.3137582136,2.012053604,-0.5788557752,-0.971685633,1.0491780518,-0.8108188037,False,-0.1714996949,False,False,False,False,False,False,False,False,False,True,False,False,False,False,False,False,False,False,True,False,False,False,False,False,False,False,False,False,False,0.0,-1.0,-0.4338837391,-0.9009688679,1.0,0.0
2024-04-12 13:00:00,-0.06368970337793459,0.8028996464,2.3137582136,2.2635746443,-0.784663861,-1.0171843543,0.9267806491,-0.8108188037,False,-0.1714996949,False,False,False,False,False,False,False,False,False,True,False,False,False,False,False,False,False,False,True,False,False,False,False,False,False,False,False,False,False,-0.2588190451,-0.9659258263,-0.4338837391,-0.9009688679,1.0,0.0
2024-04-12 14:00:00,-0.19884777769657447,0.9328643123,2.3137582136,3.0181377653,-0.8875679039,-1.1536805182,1.6945461755,-0.8108188037,False,-0.1714996949,False,False,False,False,False,False,False,False,False,True,False,False,False,False,False,False,False,False,True,False,False,False,False,False,False,False,False,False,False,-0.5,-0.8660254038,-0.4338837391,-0.9009688679,1.0,0.0
2024-04-12 15:00:00,0.8824168168525446,1.0164130261,2.3137582136,3.2696588057,-0.9904719468,-1.1081817969,1.6945461755,-0.8108188037,False,-0.1714996949,False,False,False,False,False,False,False,False,False,True,False,False,False,False,False,False,False,False,True,False,False,False,False,False,False,False,False,False,False,-0.7071067812,-0.7071067812,-0.4338837391,-0.9009688679,1.0,0.0
2024-04-12 16:00:00,0.8824168168525446,0.9885634548,3.7156968299,4.5272640074,-1.1962800326,-1.2446779607,1.3496080404,-0.7802602623,False,-0.1714996949,False,False,False,False,False,False,False,False,False,True,False,False,False,False,False,False,False,False,False,False,True,False,False,False,False,False,False,False,False,-0.8660254038,-0.5,-0.4338837391,-0.9009688679,1.0,0.0
2024-04-12 17:00:00,0.8824168168525446,0.9792802644,2.3137582136,3.0181377653,-1.1962800326,-1.290176682,1.6945461755,-0.8108188037,False,-0.1714996949,False,False,False,False,False,False,False,False,False,True,False,False,False,False,False,False,False,False,True,False,False,False,False,False,False,False,False,False,False,-0.9659258263,-0.2588190451,-0.4338837391,-0.9009688679,1.0,0.0
2024-04-12 18:00:00,0.6121006682152649,0.8957315506,2.3137582136,3.0181377653,-1.1962800326,-1.3811741245,1.6945461755,-0.8108188037,False,-0.1714996949,False,False,False,False,False,False,False,False,False,True,False,False,False,False,False,False,False,False,False,False,True,False,False,False,False,False,False,False,False,-1.0,-0.0,-0.4338837391,-0.9009688679,1.0,0.0
2024-04-12 19:00:00,-0.19884777769657447,0.8493155985,2.3137582136,2.012053604,-1.1962800326,-1.4266728458,1.6945461755,-0.8108188037,False,-0.1714996949,False,False,False,False,False,False,False,False,False,True,False,False,False,False,False,False,False,False,False,False,True,False,False,False,False,False,False,False,False,-0.9659258263,0.2588190451,-0.4338837391,-0.9009688679,1.0,0.0
2024-04-12 20:00:00,-0.06368970337793459,0.7100677422,0.9118195972,0.7544484022,-1.1962800326,-1.0626830756,1.6945461755,-0.8108188037,False,-0.1714996949,False,False,False,False,False,False,False,False,False,True,False,False,False,False,False,False,False,False,True,False,False,False,False,False,False,False,False,False,False,-0.8660254038,0.5,-0.4338837391,-0.9009688679,1.0,0.0
2024-04-12 21:00:00,0.0714683709407053,0.5893862667,0.9118195972,0.7544484022,-1.0933759897,-0.9261869118,1.6945461755,2.0922426295,False,-0.1714996949,False,False,False,False,False,False,False,False,False,False,False,False,False,False,True,False,False,False,True,False,False,False,False,False,False,False,False,False,False,-0.7071067812,0.7071067812,-0.4338837391,-0.9009688679,1.0,0.0
2024-04-12 22:00:00,-0.06368970337793459,0.5151207433,0.9118195972,1.0059694426,-1.0933759897,-0.7896907479,1.650038029,-0.8108188037,False,-0.1714996949,False,False,False,False,False,False,False,False,False,True,False,False,False,False,False,False,False,False,False,False,True,False,False,False,False,False,False,False,False,-0.5,0.8660254038,-0.4338837391,-0.9009688679,1.0,0.0
2024-04-12 23:00:00,-0.739480074971134,0.5244039338,0.9118195972,1.7605325636,-1.0933759897,-0.7896907479,1.6945461755,-0.8108188037,False,-0.1714996949,False,False,False,False,False,False,False,False,False,True,False,False,False,False,False,False,False,False,False,False,True,False,False,False,False,False,False,False,False,-0.2588190451,0.9659258263,-0.4338837391,-0.9009688679,1.0,0.0
2024-04-13 00:00:00,-0.8746381492897739,0.3944392679,2.3137582136,1.7605325636,-1.0933759897,-0.6076958628,1.6945461755,-0.7497017209,False,-0.1714996949,False,False,False,False,False,False,False,False,False,True,False,False,False,False,False,False,False,False,True,False,False,False,False,False,False,False,False,False,True,0.0,1.0,-0.9749279122,-0.222520934,1.0,0.0
2024-04-13 01:00:00,-1.0097962236084137,0.3665896966,2.3137582136,2.012053604,-1.0933759897,-0.6076958628,1.6945461755,-0.6885846381,False,-0.1714996949,False,False,False,False,False,False,False,False,False,True,False,False,False,False,False,False,False,False,True,False,False,False,False,False,False,False,False,False,True,0.2588190451,0.9659258263,-0.9749279122,-0.222520934,1.0,0.0
2024-04-13 02:00:00,-0.8746381492897739,0.2830409828,0.9118195972,1.5090115233,-1.0933759897,-0.471199699,1.6945461755,-0.7802602623,False,-0.1714996949,False,False,False,False,False,False,False,False,False,True,False,False,False,False,False,False,False,False,True,False,False,False,False,False,False,False,False,False,True,0.5,0.8660254038,-0.9749279122,-0.222520934,1.0,0.0
2024-04-13 03:00:00,-0.8746381492897739,0.2459082211,0.9118195972,1.5090115233,-1.1962800326,-0.3802022564,1.6945461755,-0.8108188037,False,-0.1714996949,False,False,False,False,False,False,False,False,False,True,False,False,False,False,False,False,False,False,True,False,False,False,False,False,False,False,False,False,True,0.7071067812,0.7071067812,-0.9749279122,-0.222520934,1.0,0.0
2024-04-13 04:00:00,-0.8746381492897739,0.2087754595,0.9118195972,1.5090115233,-1.1962800326,-0.3347035351,1.6945461755,-0.8108188037,False,-0.1714996949,False,False,False,False,False,False,False,False,False,True,False,False,False,False,False,False,False,False,True,False,False,False,False,False,False,False,False,False,True,0.8660254038,0.5,-0.9749279122,-0.222520934,1.0,0.0
2024-04-13 05:00:00,-1.0097962236084137,0.1902090786,0.9118195972,1.7605325636,-1.1962800326,-0.2892048139,1.6945461755,-0.8108188037,False,-0.1714996949,False,False,False,False,False,False,False,False,False,True,False,False,False,False,False,False,False,False,True,False,False,False,False,False,False,False,False,False,True,0.9659258263,0.2588190451,-0.9749279122,-0.222520934,1.0,0.0
2024-04-13 06:00:00,-0.8746381492897739,0.1159435553,0.9118195972,1.2574904829,-1.1962800326,-0.15270865,1.6945461755,-0.8108188037,False,-0.1714996949,False,False,False,False,False,False,False,False,False,True,False,False,False,False,False,False,False,False,True,False,False,False,False,False,False,False,False,False,True,1.0,0.0,-0.9749279122,-0.222520934,1.0,0.0
2024-04-13 07:00:00,-0.739480074971134,0.1530763169,2.3137582136,2.2635746443,-1.1962800326,-0.1982073713,1.6722921022,-0.8108188037,False,-0.1714996949,False,False,False,False,False,False,False,False,False,True,False,False,False,False,False,False,False,False,True,False,False,False,False,False,False,False,False,False,True,0.9659258263,-0.2588190451,-0.9749279122,-0.222520934,1.0,0.0
2024-04-13 08:00:00,-0.8746381492897739,0.199492269,2.3137582136,3.2696588057,-1.1962800326,-0.15270865,1.160448418,-0.8108188037,False,-0.1714996949,False,False,False,False,False,False,False,False,False,True,False,False,False,False,False,False,False,False,True,False,False,False,False,False,False,False,False,False,True,0.8660254038,-0.5,-0.9749279122,-0.222520934,1.0,0.0
2024-04-13 09:00:00,-0.6043220006524941,0.3294569349,2.3137582136,2.2635746443,-1.0933759897,-0.3347035351,1.1159402715,-0.6580260967,False,-0.1714996949,False,False,False,False,False,False,False,False,False,True,False,False,False,False,False,False,False,False,True,False,False,False,False,False,False,False,False,False,True,0.7071067812,-0.7071067812,-0.9749279122,-0.222520934,1.0,0.0
2024-04-13 10:00:00,-0.19884777769657447,0.3665896966,2.3137582136,2.5150956847,-1.0933759897,-0.2892048139,0.6708588069,-0.5969090139,False,-0.1714996949,False,False,False,False,False,False,False,False,False,True,False,False,False,False,False,False,False,False,True,False,False,False,False,False,False,False,False,False,True,0.5,-0.8660254038,-0.9749279122,-0.222520934,1.0,0.0
2024-04-13 11:00:00,0.0714683709407053,0.6358022188,2.3137582136,2.2635746443,-1.1962800326,-0.6076958628,0.5150802943,-0.2302065171,False,-0.1714996949,False,False,False,False,False,False,False,False,False,True,False,False,False,False,False,False,False,False,True,False,False,False,False,False,False,False,False,False,True,0.2588190451,-0.9659258263,-0.9749279122,-0.222520934,1.0,0.0
2024-04-13 12:00:00,0.34178451957798506,0.7750500751,2.3137582136,3.0181377653,-1.1962800326,-0.7441920267,0.6708588069,1.0532522218,False,-0.1714996949,False,False,True,False,False,False,False,False,False,False,False,False,False,False,False,False,False,False,False,False,True,False,False,False,False,False,False,False,True,0.0,-1.0,-0.9749279122,-0.222520934,1.0,0.0
2024-04-13 13:00:00,0.34178451957798506,0.6915013613,2.3137582136,3.2696588057,-1.2991840755,-0.6076958628,0.5039532577,1.0532522218,False,-0.1714996949,False,False,False,False,False,False,False,False,False,False,True,False,False,False,False,False,False,False,True,False,False,False,False,False,False,False,False,False,True,-0.2588190451,-0.9659258263,-0.9749279122,-0.222520934,1.0,0.0
2024-04-13 14:00:00,-0.06368970337793459,0.2830409828,2.3137582136,2.012053604,-1.2991840755,0.5297721691,-0.6087504037,1.4810718015,True,9.2926363424,False,False,True,False,False,False,False,False,False,False,False,False,False,False,False,False,False,False,False,False,False,True,False,False,False,False,False,False,True,-0.5,-0.8660254038,-0.9749279122,-0.222520934,1.0,0.0
2024-04-13 15:00:00,0.34178451957798506,0.1437931265,2.3137582136,2.766616725,-1.2991840755,1.166754267,-0.8869263191,2.0922426295,True,11.112482138,False,False,False,False,False,False,True,False,False,False,False,False,False,False,False,False,False,False,True,False,False,False,False,False,False,False,False,False,True,-0.7071067812,-0.7071067812,-0.9749279122,-0.222520934,1.0,0.0
2024-04-13 16:00:00,0.20662644525934518,0.1716426978,0.9118195972,1.0059694426,-1.2991840755,1.0757568245,-0.7088937332,2.0922426295,True,5.8611937972,False,False,False,False,False,False,True,False,False,False,False,False,False,False,False,False,False,False,False,False,True,False,False,False,False,False,False,False,True,-0.8660254038,-0.5,-0.9749279122,-0.222520934,1.0,0.0
2024-04-13 17:00:00,0.20662644525934518,0.1623595074,0.9118195972,0.2514063215,-1.1962800326,1.2122529883,-0.5197341108,2.0311255467,True,1.6225873512,True,False,False,False,False,False,False,False,False,False,False,False,False,False,False,False,False,False,False,False,False,False,False,False,False,False,True,False,True,-0.9659258263,-0.2588190451,-0.9749279122,-0.222520934,1.0,0.0
2024-04-13 18:00:00,0.20662644525934518,0.1623595074,0.9118195972,0.5029273619,-1.1962800326,1.2122529883,-0.2749393053,1.4810718015,True,0.3366990221,False,False,True,False,False,False,False,False,False,False,False,False,False,False,False,False,False,False,True,False,False,False,False,False,False,False,False,False,True,-1.0,-0.0,-0.9749279122,-0.222520934,1.0,0.0
2024-04-13 19:00:00,0.20662644525934518,0.1345099361,0.9118195972,0.7544484022,-1.1962800326,1.3487491521,-0.6310044769,2.0311255467,True,0.3366990221,True,False,False,False,False,False,False,False,False,False,False,False,False,False,False,False,False,False,False,True,False,False,False,False,False,False,False,False,True,-0.9659258263,0.2588190451,-0.9749279122,-0.222520934,1.0,0.0
2024-04-13 20:00:00,0.0714683709407053,0.1066603648,0.9118195972,0.2514063215,-1.0933759897,1.4397465947,-0.9091803923,2.0922426295,False,-0.1714996949,False,False,False,False,False,False,True,False,False,False,False,False,False,False,False,False,False,False,False,False,False,False,False,False,False,False,True,False,True,-0.8660254038,0.5,-0.9749279122,-0.222520934,1.0,0.0
2024-04-13 21:00:00,-0.06368970337793459,-0.0233043011,2.3137582136,2.5150956847,-0.8875679039,1.4397465947,-1.176229271,2.0922426295,True,13.4637661424,False,False,False,False,False,False,False,False,False,False,False,False,False,False,True,False,False,False,False,False,False,False,False,False,True,False,False,False,True,-0.7071067812,0.7071067812,-0.9749279122,-0.222520934,1.0,0.0
2024-04-13 22:00:00,-0.06368970337793459,-0.0418706819,0.9118195972,0.5029273619,-0.784663861,1.3942478734,1.1938295278,2.0922426295,True,4.0325949752,True,False,False,False,False,False,False,False,False,False,False,False,False,False,False,False,False,False,False,False,False,False,False,False,False,True,False,False,True,-0.5,0.8660254038,-0.9749279122,-0.222520934,1.0,0.0
2024-04-13 23:00:00,-0.739480074971134,-0.0418706819,2.3137582136,2.2635746443,-0.784663861,1.2122529883,0.6152236239,1.4505132601,False,-0.1714996949,False,False,True,False,False,False,False,False,False,False,False,False,False,False,False,False,False,False,False,False,False,False,False,False,False,True,False,False,True,-0.2588190451,0.9659258263,-0.9749279122,-0.222520934,1.0,0.0
2024-04-14 00:00:00,-0.739480074971134,-0.0325874915,0.9118195972,0.7544484022,-0.6817598181,1.166754267,1.2272106377,0.5948741008,False,-0.1714996949,False,False,True,False,False,False,False,False,False,False,False,False,False,False,False,False,False,False,False,False,False,False,False,False,False,False,True,False,True,0.0,1.0,-0.7818314825,0.6234898019,1.0,0.0
2024-04-14 01:00:00,-0.8746381492897739,-0.0511538723,0.9118195972,0.7544484022,-0.6817598181,1.2122529883,0.9935428688,-0.5357919311,False,-0.1714996949,False,False,False,False,False,False,False,False,False,True,False,False,False,False,False,False,False,False,False,False,True,False,False,False,False,False,False,False,True,0.2588190451,0.9659258263,-0.7818314825,0.6234898019,1.0,0.0
2024-04-14 02:00:00,-0.8746381492897739,-0.1439857765,-0.4901190191,-0.7546778399,-0.6817598181,1.4397465947,-1.3097537104,-0.3829992241,False,-0.1714996949,False,False,False,False,False,False,False,False,False,True,False,False,False,False,False,False,False,False,False,False,False,False,True,False,False,False,False,False,True,0.5,0.8660254038,-0.7818314825,0.6234898019,1.0,0.0
2024-04-14 03:00:00,-0.8746381492897739,-0.1996849191,-1.8920576355,-1.0061988802,-0.6817598181,1.485245316,-0.7645289163,-0.5357919311,False,-0.1714996949,False,False,False,False,False,False,False,False,False,True,False,False,False,False,False,False,False,False,False,False,False,False,False,False,False,False,False,True,True,0.7071067812,0.7071067812,-0.7818314825,0.6234898019,1.0,0.0
2024-04-14 04:00:00,-1.0097962236084137,-0.1718353478,-0.4901190191,-0.0001147188,-0.6817598181,1.5307440373,-0.4529718911,-0.7497017209,False,-0.1714996949,False,False,False,False,False,False,False,False,False,True,False,False,False,False,False,False,False,False,False,False,False,False,False,False,False,True,False,False,True,0.8660254038,0.5,-0.7818314825,0.6234898019,1.0,0.0
2024-04-14 05:00:00,-0.8746381492897739,-0.1996849191,-0.4901190191,-0.0001147188,-0.6817598181,1.485245316,-0.4529718911,-0.7191431795,False,-0.1714996949,False,False,False,False,False,False,False,False,False,True,False,False,False,False,False,False,False,False,False,False,False,False,False,False,False,True,False,False,True,0.9659258263,0.2588190451,-0.7818314825,0.6234898019,1.0,0.0
2024-04-14 06:00:00,-0.8746381492897739,-0.2368176807,-0.4901190191,-0.7546778399,-0.6817598181,1.4397465947,-0.6755126234,-0.6885846381,True,0.3366990221,False,False,False,False,False,False,False,False,False,True,False,False,False,False,False,False,False,False,False,False,False,False,False,False,False,False,True,False,True,1.0,0.0,-0.7818314825,0.6234898019,1.0,0.0
2024-04-14 07:00:00,-0.8746381492897739,-0.2553840616,-0.4901190191,-1.0061988802,-0.6817598181,1.5307440373,-0.8869263191,0.1364959797,False,-0.1714996949,False,False,True,False,False,False,False,False,False,False,False,False,False,False,False,False,False,False,False,False,False,False,True,False,False,False,False,False,True,0.9659258263,-0.2588190451,-0.7818314825,0.6234898019,1.0,0.0
2024-04-14 08:00:00,-0.739480074971134,-0.1347025861,-0.4901190191,-0.2516357592,-0.5788557752,1.5307440373,-0.7422748431,-0.6885846381,False,-0.1714996949,False,False,False,False,False,False,False,False,False,True,False,False,False,False,False,False,False,False,False,False,False,False,False,False,True,False,False,False,True,0.8660254038,-0.5,-0.7818314825,0.6234898019,1.0,0.0
2024-04-14 09:00:00,-0.46916392633385423,0.0509612223,-0.4901190191,-0.5031567995,-0.5788557752,1.0302581032,0.0032366101,-0.8108188037,False,-0.1714996949,False,False,False,False,False,False,False,False,False,True,False,False,False,False,False,False,False,False,False,False,False,False,False,False,True,False,False,False,True,0.7071067812,-0.7071067812,-0.7818314825,0.6234898019,1.0,0.0
2024-04-14 10:00:00,0.0714683709407053,0.2366250307,-0.4901190191,-0.2516357592,-0.5788557752,0.5752708904,0.0366177199,-0.8108188037,False,-0.1714996949,False,False,False,False,False,False,False,False,False,True,False,False,False,False,False,False,False,False,False,False,True,False,False,False,False,False,False,False,True,0.5,-0.8660254038,-0.7818314825,0.6234898019,1.0,0.0
2024-04-14 11:00:00,0.20662644525934518,0.3294569349,0.9118195972,0.5029273619,-0.5788557752,0.3022785627,0.2925395621,-0.7802602623,False,-0.1714996949,False,False,False,False,False,False,False,False,False,True,False,False,False,False,False,False,False,False,False,False,False,False,False,False,False,True,False,False,True,0.2588190451,-0.9659258263,-0.7818314825,0.6234898019,1.0,0.0
2024-04-14 12:00:00,0.20662644525934518,0.4594216008,0.9118195972,0.7544484022,-0.6817598181,-0.1072099288,-0.3862096714,-0.8108188037,False,-0.1714996949,False,False,False,False,False,False,False,False,False,True,False,False,False,False,False,False,False,False,True,False,False,False,False,False,False,False,False,False,True,0.0,-1.0,-0.7818314825,0.6234898019,1.0,0.0
2024-04-14 13:00:00,0.20662644525934518,0.5893862667,0.9118195972,0.7544484022,-0.784663861,-0.15270865,0.5373343676,-0.8108188037,False,-0.1714996949,False,False,False,False,False,False,False,False,False,True,False,False,False,False,False,False,False,False,False,False,True,False,False,False,False,False,False,False,True,-0.2588190451,-0.9659258263,-0.7818314825,0.6234898019,1.0,0.0
2024-04-14 14:00:00,0.0714683709407053,0.6450854092,2.3137582136,2.012053604,-0.8875679039,-0.5166984203,1.3273539672,-0.8108188037,False,-0.1714996949,False,False,False,False,False,False,False,False,False,True,False,False,False,False,False,False,False,False,True,False,False,False,False,False,False,False,False,False,True,-0.5,-0.8660254038,-0.7818314825,0.6234898019,1.0,0.0
2024-04-14 15:00:00,0.0714683709407053,0.7472005039,0.9118195972,1.7605325636,-0.8875679039,-0.7896907479,1.5610217361,-0.8108188037,False,-0.1714996949,False,False,False,False,False,False,False,False,False,True,False,False,False,False,False,False,False,False,True,False,False,False,False,False,False,False,False,False,True,-0.7071067812,-0.7071067812,-0.7818314825,0.6234898019,1.0,0.0
2024-04-14 16:00:00,0.34178451957798506,0.7379173134,0.9118195972,1.7605325636,-0.9904719468,-0.5621971415,1.6945461755,-0.8108188037,False,-0.1714996949,False,False,False,False,False,False,False,False,False,True,False,False,False,False,False,False,False,False,False,False,True,False,False,False,False,False,False,False,True,-0.8660254038,-0.5,-0.7818314825,0.6234898019,1.0,0.0
2024-04-14 17:00:00,0.34178451957798506,0.6729349805,0.9118195972,1.2574904829,-0.9904719468,-0.4257009777,1.6945461755,-0.8108188037,False,-0.1714996949,False,False,False,False,False,False,False,False,False,True,False,False,False,False,False,False,False,False,False,False,True,False,False,False,False,False,False,False,True,-0.9659258263,-0.2588190451,-0.7818314825,0.6234898019,1.0,0.0
2024-04-14 18:00:00,0.34178451957798506,0.6079526476,0.9118195972,1.2574904829,-0.9904719468,-0.471199699,1.6945461755,-0.8108188037,False,-0.1714996949,False,False,False,False,False,False,False,False,False,True,False,False,False,False,False,False,False,False,False,False,True,False,False,False,False,False,False,False,True,-1.0,-0.0,-0.7818314825,0.6234898019,1.0,0.0
2024-04-14 19:00:00,0.34178451957798506,0.4965543625,0.9118195972,0.2514063215,-0.9904719468,0.0747849564,1.6834191389,-0.8108188037,False,-0.1714996949,False,False,False,False,False,False,False,False,False,True,False,False,False,False,False,False,False,False,True,False,False,False,False,False,False,False,False,False,True,-0.9659258263,0.2588190451,-0.7818314825,0.6234898019,1.0,0.0
2024-04-14 20:00:00,0.47694259389662497,0.4222888391,0.9118195972,0.7544484022,-0.8875679039,0.3022785627,1.4720054432,-0.4135577655,False,-0.1714996949,False,False,False,False,False,False,False,False,False,True,False,False,False,False,False,False,False,False,True,False,False,False,False,False,False,False,False,False,True,-0.8660254038,0.5,-0.7818314825,0.6234898019,1.0,0.0
2024-04-14 21:00:00,0.34178451957798506,0.3851560775,0.9118195972,0.2514063215,-0.6817598181,0.2567798415,1.5944028459,-0.8108188037,False,-0.1714996949,False,False,False,False,False,False,False,False,False,True,False,False,False,False,False,False,False,False,True,False,False,False,False,False,False,False,False,False,True,-0.7071067812,0.7071067812,-0.7818314825,0.6234898019,1.0,0.0
2024-04-14 22:00:00,-0.06368970337793459,0.2366250307,-0.4901190191,-0.2516357592,-0.6817598181,0.6207696117,0.7598750999,-0.8108188037,False,-0.1714996949,False,False,False,False,False,False,False,False,False,True,False,False,False,False,False,False,False,False,True,False,False,False,False,False,False,False,False,False,True,-0.5,0.8660254038,-0.7818314825,0.6234898019,1.0,0.0
2024-04-14 23:00:00,-0.6043220006524941,0.2273418403,0.9118195972,0.5029273619,-0.6817598181,0.6207696117,0.7932562097,-0.8108188037,False,-0.1714996949,False,False,False,False,False,False,False,False,False,True,False,False,False,False,False,False,False,False,True,False,False,False,False,False,False,False,False,False,True,-0.2588190451,0.9659258263,-0.7818314825,0.6234898019,1.0,0.0
2024-04-15 00:00:00,-1.0097962236084137,0.1530763169,-0.4901190191,-0.2516357592,-0.6817598181,0.8027644968,0.3593017817,-0.3218821413,False,-0.1714996949,False,False,False,False,False,False,False,False,False,True,False,False,False,False,False,False,False,False,False,False,False,True,False,False,False,False,False,False,False,0.0,1.0,0.0,1.0,1.0,0.0
2024-04-15 01:00:00,-0.8746381492897739,0.1345099361,0.9118195972,0.7544484022,-0.6817598181,0.8937619394,0.2591584522,-0.7497017209,False,-0.1714996949,False,False,False,False,False,False,False,False,False,True,False,False,False,False,False,False,False,False,False,False,False,False,False,False,True,False,False,False,False,0.2588190451,0.9659258263,0.0,1.0,1.0,0.0
2024-04-15 02:00:00,-0.8746381492897739,0.0788107936,-0.4901190191,-0.0001147188,-0.6817598181,1.0757568245,-0.0301444998,-0.7191431795,False,-0.1714996949,False,False,False,False,False,False,False,False,False,True,False,False,False,False,False,False,False,False,False,False,False,True,False,False,False,False,False,False,False,0.5,0.8660254038,0.0,1.0,1.0,0.0
2024-04-15 03:00:00,-1.0097962236084137,0.0602444127,-0.4901190191,-0.0001147188,-0.6817598181,1.1212555457,0.0477447565,-0.7497017209,False,-0.1714996949,False,False,False,False,False,False,False,False,False,True,False,False,False,False,False,False,False,False,False,False,False,False,False,False,False,True,False,False,False,0.7071067812,0.7071067812,0.0,1.0,1.0,0.0
2024-04-15 04:00:00,-0.8746381492897739,0.0416780319,-0.4901190191,-0.0001147188,-0.5788557752,1.166754267,-0.1747959758,-0.7191431795,False,-0.1714996949,False,False,False,False,False,False,False,False,False,True,False,False,False,False,False,False,False,False,False,False,False,False,False,False,False,True,False,False,False,0.8660254038,0.5,0.0,1.0,1.0,0.0
2024-04-15 05:00:00,-0.8746381492897739,-0.0418706819,-0.4901190191,-0.5031567995,-0.5788557752,1.3032504309,-0.486353001,-0.4441163069,False,-0.1714996949,False,False,False,False,False,False,False,False,False,True,False,False,False,False,False,False,False,False,False,False,False,False,False,False,False,True,False,False,False,0.9659258263,0.2588190451,0.0,1.0,1.0,0.0
2024-04-15 06:00:00,-1.0097962236084137,0.0045452702,-0.4901190191,-0.0001147188,-0.4759517323,1.2577517096,-0.397336708,-0.1385308929,False,-0.1714996949,False,False,False,False,False,False,False,False,False,True,False,False,False,False,False,False,False,False,False,False,False,False,True,False,False,False,False,False,False,1.0,0.0,0.0,1.0,1.0,0.0
2024-04-15 07:00:00,-0.8746381492897739,-0.0140211106,-1.8920576355,-1.0061988802,-0.3730476894,1.3487491521,-0.3528285616,-0.6274675553,False,-0.1714996949,False,False,False,False,False,False,False,False,False,True,False,False,False,False,False,False,False,False,False,False,False,False,False,False,False,False,False,True,False,0.9659258263,-0.2588190451,0.0,1.0,1.0,0.0
2024-04-15 08:00:00,-0.739480074971134,0.088093984,0.9118195972,0.2514063215,-0.2701436465,1.1212555457,-0.3750826348,-0.6580260967,False,-0.1714996949,False,False,False,False,False,False,False,False,False,True,False,False,False,False,False,False,False,False,False,False,False,True,False,False,False,False,False,False,False,0.8660254038,-0.5,0.0,1.0,1.0,0.0
2024-04-15 09:00:00,-0.19884777769657447,0.2459082211,-0.4901190191,-0.2516357592,-0.1672396036,0.8027644968,-0.7867829895,1.1143693046,False,-0.1714996949,False,False,True,False,False,False,False,False,False,False,False,False,False,False,False,False,False,False,False,False,False,False,False,False,False,True,False,False,False,0.7071067812,-0.7071067812,0.0,1.0,1.0,0.0
2024-04-15 10:00:00,-0.19884777769657447,0.3944392679,-0.4901190191,-0.5031567995,-0.1672396036,0.5752708904,-0.9981966852,1.0226936804,False,-0.1714996949,False,False,True,False,False,False,False,False,False,False,False,False,False,False,False,False,False,False,False,False,True,False,False,False,False,False,False,False,False,0.5,-0.8660254038,0.0,1.0,1.0,0.0
2024-04-15 11:00:00,0.0714683709407053,0.5893862667,0.9118195972,0.5029273619,-0.1672396036,-0.3347035351,-0.1636689391,1.2366034702,False,-0.1714996949,False,False,True,False,False,False,False,False,False,False,False,False,False,False,False,False,False,False,True,False,False,False,False,False,False,False,False,False,False,0.2588190451,-0.9659258263,0.0,1.0,1.0,0.0
2024-04-15 12:00:00,-0.06368970337793459,0.5801030763,0.9118195972,0.5029273619,-0.1672396036,-0.0617112075,0.092252903,1.4199547187,False,-0.1714996949,False,False,True,False,False,False,False,False,False,False,False,False,False,False,False,False,False,False,False,False,True,False,False,False,False,False,False,False,False,0.0,-1.0,0.0,1.0,1.0,0.0
2024-04-15 13:00:00,-0.3340058520152144,0.6636517901,0.9118195972,1.5090115233,-0.1672396036,-0.15270865,-0.1525419025,1.2977205531,False,-0.1714996949,False,False,True,False,False,False,False,False,False,False,False,False,False,False,False,False,False,False,False,False,True,False,False,False,False,False,False,False,False,-0.2588190451,-0.9659258263,0.0,1.0,1.0,0.0
2024-04-15 14:00:00,-0.3340058520152144,0.7193509326,0.9118195972,1.0059694426,-0.1672396036,-0.5166984203,0.3593017817,1.0226936804,False,-0.1714996949,False,False,True,False,False,False,False,False,False,False,False,False,False,False,False,False,False,False,False,False,True,False,False,False,False,False,False,False,False,-0.5,-0.8660254038,0.0,1.0,1.0,0.0
2024-04-15 15:00:00,0.20662644525934518,0.7193509326,0.9118195972,1.2574904829,-0.2701436465,-0.8806881905,1.0269239786,0.1059374383,False,-0.1714996949,False,False,True,False,False,False,False,False,False,False,False,False,False,False,False,False,False,False,False,False,True,False,False,False,False,False,False,False,False,-0.7071067812,-0.7071067812,0.0,1.0,1.0,0.0
2024-04-15 16:00:00,0.0714683709407053,0.7843332655,-0.4901190191,-0.2516357592,-0.3730476894,-1.0626830756,0.6931128802,-0.5663504725,False,-0.1714996949,False,False,False,False,False,False,False,False,False,True,False,False,False,False,False,False,False,False,False,False,True,False,False,False,False,False,False,False,False,-0.8660254038,-0.5,0.0,1.0,1.0,0.0
2024-04-15 17:00:00,0.47694259389662497,0.7193509326,0.9118195972,1.0059694426,-0.3730476894,-1.1991792394,0.6486047337,-0.4441163069,False,-0.1714996949,False,False,False,False,False,False,False,False,False,True,False,False,False,False,False,False,False,False,True,False,False,False,False,False,False,False,False,False,False,-0.9659258263,-0.2588190451,0.0,1.0,1.0,0.0
2024-04-15 18:00:00,0.47694259389662497,0.6543685997,0.9118195972,1.2574904829,-0.3730476894,-1.2446779607,0.7376210266,-0.7497017209,False,-0.1714996949,False,False,False,False,False,False,False,False,False,True,False,False,False,False,False,False,False,False,True,False,False,False,False,False,False,False,False,False,False,-1.0,-0.0,0.0,1.0,1.0,0.0
2024-04-15 19:00:00,0.0714683709407053,0.5429703146,0.9118195972,0.7544484022,-0.3730476894,-1.0626830756,0.6263506605,-0.8108188037,False,-0.1714996949,False,False,False,False,False,False,False,False,False,True,False,False,False,False,False,False,False,False,False,False,True,False,False,False,False,False,False,False,False,-0.9659258263,0.2588190451,0.0,1.0,1.0,0.0
2024-04-15 20:00:00,0.20662644525934518,0.4594216008,0.9118195972,0.2514063215,-0.2701436465,-0.9261869118,0.581842514,-0.6885846381,False,-0.1714996949,False,False,False,False,False,False,False,False,False,True,False,False,False,False,False,False,False,False,True,False,False,False,False,False,False,False,False,False,False,-0.8660254038,0.5,0.0,1.0,1.0,0.0
2024-04-15 21:00:00,0.34178451957798506,0.375872887,0.9118195972,0.7544484022,-0.1672396036,-0.8806881905,0.3926828916,1.1754863874,False,-0.1714996949,False,False,True,False,False,False,False,False,False,False,False,False,False,False,False,False,False,False,False,False,True,False,False,False,False,False,False,False,False,-0.7071067812,0.7071067812,0.0,1.0,1.0,0.0
2024-04-15 22:00:00,0.0714683709407053,0.2180586499,0.9118195972,0.2514063215,-0.1672396036,-0.5166984203,0.5039532577,1.8783328397,False,-0.1714996949,False,False,True,False,False,False,False,False,False,False,False,False,False,False,False,False,False,False,False,False,True,False,False,False,False,False,False,False,False,-0.5,0.8660254038,0.0,1.0,1.0,0.0
2024-04-15 23:00:00,-0.8746381492897739,0.1530763169,-0.4901190191,-0.2516357592,-0.1672396036,-0.0617112075,0.4483180747,1.9700084639,False,-0.1714996949,False,False,False,False,False,False,False,False,False,False,False,False,False,False,True,False,False,False,False,True,False,False,False,False,False,False,False,False,False,-0.2588190451,0.9659258263,0.0,1.0,1.0,0.0
2024-04-16 00:00:00,-0.8746381492897739,-0.0140211106,-0.4901190191,-0.0001147188,-0.1672396036,0.2567798415,0.3704288184,1.1143693046,False,-0.1714996949,False,False,True,False,False,False,False,False,False,False,False,False,False,False,False,False,False,False,False,False,False,True,False,False,False,False,False,False,False,0.0,1.0,0.7818314825,0.6234898019,1.0,0.0
2024-04-16 01:00:00,-0.8746381492897739,-0.0604370627,-0.4901190191,-0.5031567995,-0.1672396036,0.2567798415,0.236904379,1.1754863874,False,-0.1714996949,False,False,True,False,False,False,False,False,False,False,False,False,False,False,False,False,False,False,True,False,False,False,False,False,False,False,False,False,False,0.2588190451,0.9659258263,0.7818314825,0.6234898019,1.0,0.0
2024-04-16 02:00:00,-1.0097962236084137,0.0416780319,0.9118195972,0.5029273619,-0.2701436465,0.0747849564,0.1923962325,1.2977205531,False,-0.1714996949,False,False,True,False,False,False,False,False,False,False,False,False,False,False,False,False,False,False,True,False,False,False,False,False,False,False,False,False,False,0.5,0.8660254038,0.7818314825,0.6234898019,1.0,0.0
2024-04-16 03:00:00,-0.8746381492897739,0.0416780319,-0.4901190191,-0.2516357592,-0.3730476894,0.1202836776,0.1367610495,-0.5052333897,False,-0.1714996949,False,False,False,False,False,False,False,False,False,True,False,False,False,False,False,False,False,False,False,False,False,True,False,False,False,False,False,False,False,0.7071067812,0.7071067812,0.7818314825,0.6234898019,1.0,0.0
2024-04-16 04:00:00,-0.8746381492897739,0.0138284606,0.9118195972,1.0059694426,-0.4759517323,0.1657823989,0.236904379,-0.1079723515,False,-0.1714996949,False,False,False,False,False,False,False,False,False,True,False,False,False,False,False,False,False,False,True,False,False,False,False,False,False,False,False,False,False,0.8660254038,0.5,0.7818314825,0.6234898019,1.0,0.0
2024-04-16 05:00:00,-0.8746381492897739,0.0416780319,-0.4901190191,-0.0001147188,-0.2701436465,-0.2437060926,0.7932562097,0.5031984766,False,-0.1714996949,False,False,True,False,False,False,False,False,False,False,False,False,False,False,False,False,False,False,False,True,False,False,False,False,False,False,False,False,False,0.9659258263,0.2588190451,0.7818314825,0.6234898019,1.0,0.0
2024-04-16 06:00:00,-0.8746381492897739,0.0138284606,0.9118195972,1.0059694426,-0.2701436465,-0.15270865,0.7376210266,1.4199547187,False,-0.1714996949,False,False,True,False,False,False,False,False,False,False,False,False,False,False,False,False,False,False,True,False,False,False,False,False,False,False,False,False,False,1.0,0.0,0.7818314825,0.6234898019,1.0,0.0
2024-04-16 07:00:00,-1.0097962236084137,-0.0047379202,-0.4901190191,-0.0001147188,-0.2701436465,-0.0617112075,0.6263506605,0.4420813938,False,-0.1714996949,False,False,True,False,False,False,False,False,False,False,False,False,False,False,False,False,False,False,False,False,True,False,False,False,False,False,False,False,False,0.9659258263,-0.2588190451,0.7818314825,0.6234898019,1.0,0.0
2024-04-16 08:00:00,-0.6043220006524941,0.0416780319,2.3137582136,2.2635746443,-0.2701436465,-0.5621971415,0.7376210266,0.0448203555,False,-0.1714996949,False,False,False,False,False,False,False,False,False,True,False,False,False,False,False,False,False,False,True,False,False,False,False,False,False,False,False,False,False,0.8660254038,-0.5,0.7818314825,0.6234898019,1.0,0.0
2024-04-16 09:00:00,0.34178451957798506,0.1437931265,2.3137582136,2.766616725,-0.2701436465,-0.8806881905,1.4052432235,1.3282790945,False,-0.1714996949,False,False,True,False,False,False,False,False,False,False,False,False,False,False,False,False,False,False,True,False,False,False,False,False,False,False,False,False,False,0.7071067812,-0.7071067812,0.7818314825,0.6234898019,1.0,0.0
2024-04-16 10:00:00,0.47694259389662497,0.2087754595,2.3137582136,3.2696588057,-0.2701436465,-1.0171843543,1.1381943448,1.9394499225,False,-0.1714996949,False,False,False,False,False,False,False,False,False,False,False,False,False,False,True,False,False,False,True,False,False,False,False,False,False,False,False,False,False,0.5,-0.8660254038,0.7818314825,0.6234898019,1.0,0.0
2024-04-16 11:00:00,0.7472587425339047,0.1809258882,2.3137582136,2.766616725,-0.2701436465,-0.8806881905,1.3273539672,2.0922426295,False,-0.1714996949,False,False,False,False,False,False,False,False,False,False,False,False,False,False,True,False,False,False,False,False,True,False,False,False,False,False,False,False,False,0.2588190451,-0.9659258263,0.7818314825,0.6234898019,1.0,0.0
2024-04-16 12:00:00,0.6121006682152649,0.1902090786,2.3137582136,2.766616725,-0.2701436465,-0.8351894692,1.160448418,2.0922426295,False,-0.1714996949,False,False,False,False,False,False,False,False,False,False,False,False,False,False,True,False,False,False,False,False,True,False,False,False,False,False,False,False,False,0.0,-1.0,0.7818314825,0.6234898019,1.0,0.0
2024-04-16 13:00:00,-0.19884777769657447,0.2366250307,2.3137582136,2.5150956847,-0.2701436465,-0.8806881905,1.1827024912,1.9394499225,False,-0.1714996949,False,False,False,False,False,False,False,False,False,False,False,False,False,False,True,False,False,False,False,False,True,False,False,False,False,False,False,False,False,-0.2588190451,-0.9659258263,0.7818314825,0.6234898019,1.0,0.0
2024-04-16 14:00:00,-0.3340058520152144,0.3016073637,0.9118195972,1.2574904829,-0.3730476894,-0.8351894692,1.0936861983,2.0922426295,False,-0.1714996949,False,False,False,False,False,False,False,False,False,False,False,False,False,False,True,False,False,False,True,False,False,False,False,False,False,False,False,False,False,-0.5,-0.8660254038,0.7818314825,0.6234898019,1.0,0.0
2024-04-16 15:00:00,-0.19884777769657447,0.375872887,0.9118195972,1.7605325636,-0.4759517323,-0.971685633,1.1715754546,2.0922426295,False,-0.1714996949,False,False,False,False,False,False,False,False,False,False,False,False,False,False,True,False,False,False,False,False,True,False,False,False,False,False,False,False,False,-0.7071067812,-0.7071067812,0.7818314825,0.6234898019,1.0,0.0
2024-04-16 16:00:00,-0.06368970337793459,0.3573065062,0.9118195972,0.2514063215,-0.4759517323,-0.6531945841,0.8488913928,2.0922426295,False,-0.1714996949,False,False,False,False,False,False,False,False,False,False,False,False,False,False,True,False,False,False,False,False,True,False,False,False,False,False,False,False,False,-0.8660254038,-0.5,0.7818314825,0.6234898019,1.0,0.0
2024-04-16 17:00:00,0.6121006682152649,0.3294569349,-0.4901190191,-0.0001147188,-0.5788557752,-0.6531945841,0.6486047337,2.0922426295,False,-0.1714996949,False,False,False,False,False,False,False,False,False,False,False,False,False,False,True,False,False,False,False,False,True,False,False,False,False,False,False,False,False,-0.9659258263,-0.2588190451,0.7818314825,0.6234898019,1.0,0.0
2024-04-16 18:00:00,0.47694259389662497,0.2830409828,-0.4901190191,-0.2516357592,-0.4759517323,-0.4257009777,0.6708588069,2.0922426295,False,-0.1714996949,False,False,False,False,False,False,False,False,False,False,False,False,False,False,True,False,False,False,False,False,False,False,True,False,False,False,False,False,False,-1.0,-0.0,0.7818314825,0.6234898019,1.0,0.0
2024-04-16 19:00:00,0.20662644525934518,0.2459082211,-0.4901190191,-0.2516357592,-0.5788557752,-0.2892048139,0.8043832463,1.9088913811,False,-0.1714996949,False,False,True,False,False,False,False,False,False,False,False,False,False,False,False,False,False,False,False,False,False,False,True,False,False,False,False,False,False,-0.9659258263,0.2588190451,0.7818314825,0.6234898019,1.0,0.0
2024-04-16 20:00:00,0.47694259389662497,0.2180586499,-0.4901190191,-0.2516357592,-0.4759517323,-0.2437060926,0.7710021365,2.0922426295,False,-0.1714996949,False,False,False,False,False,False,False,False,False,False,False,False,False,False,True,False,False,False,False,False,False,False,True,False,False,False,False,False,False,-0.8660254038,0.5,0.7818314825,0.6234898019,1.0,0.0
2024-04-16 21:00:00,0.34178451957798506,0.199492269,-0.4901190191,-0.2516357592,-0.4759517323,-0.15270865,0.8155102829,2.0922426295,False,-0.1714996949,False,False,False,False,False,False,False,False,False,False,False,False,False,False,True,False,False,False,False,False,False,False,False,False,False,True,False,False,False,-0.7071067812,0.7071067812,0.7818314825,0.6234898019,1.0,0.0
2024-04-16 22:00:00,0.20662644525934518,0.2087754595,-0.4901190191,-0.0001147188,-0.3730476894,-0.0162124862,0.581842514,2.0616840881,False,-0.1714996949,False,False,False,False,False,False,False,False,False,False,False,False,False,False,True,False,False,False,False,False,False,False,False,False,False,False,True,False,False,-0.5,0.8660254038,0.7818314825,0.6234898019,1.0,0.0
2024-04-16 23:00:00,-0.739480074971134,0.1902090786,-0.4901190191,-0.2516357592,-0.3730476894,-0.0162124862,1.5721487727,1.7560986741,False,-0.1714996949,False,False,True,False,False,False,False,False,False,False,False,False,False,False,False,False,False,False,False,False,False,False,False,False,False,False,True,False,False,-0.2588190451,0.9659258263,0.7818314825,0.6234898019,1.0,0.0
2024-04-17 00:00:00,-0.8746381492897739,0.1066603648,0.9118195972,0.2514063215,-0.3730476894,0.1657823989,0.8933995392,2.0005670053,False,-0.1714996949,False,False,False,False,False,False,False,False,False,False,False,False,False,False,True,False,False,False,False,False,False,False,False,False,False,False,True,False,False,0.0,1.0,0.9749279122,-0.222520934,1.0,0.0
2024-04-17 01:00:00,-1.0097962236084137,0.0416780319,-0.4901190191,-0.2516357592,-0.3730476894,0.3022785627,0.1923962325,1.9088913811,False,-0.1714996949,False,False,True,False,False,False,False,False,False,False,False,False,False,False,False,False,False,False,False,False,False,False,False,False,False,False,True,False,False,0.2588190451,0.9659258263,0.9749279122,-0.222520934,1.0,0.0
2024-04-17 02:00:00,-0.8746381492897739,0.0416780319,-0.4901190191,-0.7546778399,-0.3730476894,0.3022785627,0.437191038,1.0226936804,False,-0.1714996949,False,False,True,False,False,False,False,False,False,False,False,False,False,False,False,False,False,False,False,False,False,True,False,False,False,False,False,False,False,0.5,0.8660254038,0.9749279122,-0.222520934,1.0,0.0
2024-04-17 03:00:00,-0.8746381492897739,0.023111651,-0.4901190191,-0.0001147188,-0.3730476894,0.3932760053,0.3704288184,0.8699009734,False,-0.1714996949,False,False,True,False,False,False,False,False,False,False,False,False,False,False,False,False,False,False,False,False,False,False,False,False,False,True,False,False,False,0.7071067812,0.7071067812,0.9749279122,-0.222520934,1.0,0.0
2024-04-17 04:00:00,-0.739480074971134,-0.0511538723,-0.4901190191,-0.7546778399,-0.4759517323,0.5297721691,0.0699988298,0.533757018,False,-0.1714996949,False,False,True,False,False,False,False,False,False,False,False,False,False,False,False,False,False,False,False,False,False,False,False,False,False,False,True,False,False,0.8660254038,0.5,0.9749279122,-0.222520934,1.0,0.0
2024-04-17 05:00:00,-1.0097962236084137,-0.1161362053,-0.4901190191,-0.5031567995,-0.3730476894,0.8027644968,-0.1080337561,-0.1690894343,False,-0.1714996949,False,False,False,False,False,False,False,False,False,True,False,False,False,False,False,False,False,False,False,False,False,False,False,False,True,False,False,False,False,0.9659258263,0.2588190451,0.9749279122,-0.222520934,1.0,0.0
2024-04-17 06:00:00,-0.8746381492897739,-0.1347025861,-0.4901190191,-0.5031567995,-0.3730476894,0.8937619394,-0.1414148659,0.4115228524,False,-0.1714996949,False,False,True,False,False,False,False,False,False,False,False,False,False,False,False,False,False,False,False,False,False,False,False,False,False,False,True,False,False,1.0,0.0,0.9749279122,-0.222520934,1.0,0.0
2024-04-17 07:00:00,-0.8746381492897739,-0.1811185382,-0.4901190191,-0.7546778399,-0.2701436465,1.0757568245,-0.2860663419,-0.2302065171,False,-0.1714996949,False,False,False,False,False,False,False,False,False,True,False,False,False,False,False,False,False,False,True,False,False,False,False,False,False,False,False,False,False,0.9659258263,-0.2588190451,0.9749279122,-0.222520934,1.0,0.0
2024-04-17 08:00:00,-0.739480074971134,0.0323948415,-0.4901190191,-0.0001147188,-0.2701436465,0.666268333,-0.2193041222,-0.1996479757,False,-0.1714996949,False,False,False,False,False,False,False,False,False,True,False,False,False,False,False,False,False,False,True,False,False,False,False,False,False,False,False,False,False,0.8660254038,-0.5,0.9749279122,-0.222520934,1.0,0.0
2024-04-17 09:00:00,0.20662644525934518,0.1437931265,0.9118195972,0.2514063215,-0.1672396036,0.3932760053,-0.2415581954,0.3198472282,False,-0.1714996949,False,False,True,False,False,False,False,False,False,False,False,False,False,False,False,False,False,False,True,False,False,False,False,False,False,False,False,False,False,0.7071067812,-0.7071067812,0.9749279122,-0.222520934,1.0,0.0
2024-04-17 10:00:00,0.20662644525934518,0.3573065062,-0.4901190191,-0.0001147188,-0.1672396036,-0.1072099288,-0.0301444998,0.3504057696,False,-0.1714996949,False,False,True,False,False,False,False,False,False,False,False,False,False,False,False,False,False,False,False,False,False,True,False,False,False,False,False,False,False,0.5,-0.8660254038,0.9749279122,-0.222520934,1.0,0.0
2024-04-17 11:00:00,0.7472587425339047,0.4222888391,-0.4901190191,-0.0001147188,-0.1672396036,-0.2892048139,-0.1859230124,-0.2302065171,False,-0.1714996949,False,False,False,False,False,False,False,False,False,True,False,False,False,False,False,False,False,False,False,False,False,False,False,False,False,False,True,False,False,0.2588190451,-0.9659258263,0.9749279122,-0.222520934,1.0,0.0
2024-04-17 12:00:00,0.7472587425339047,0.617235838,0.9118195972,0.2514063215,-0.2701436465,-0.6076958628,-0.1302878293,-0.2302065171,False,-0.1714996949,False,False,False,False,False,False,False,False,False,True,False,False,False,False,False,False,False,False,False,True,False,False,False,False,False,False,False,False,False,0.0,-1.0,0.9749279122,-0.222520934,1.0,0.0
2024-04-17 13:00:00,0.0714683709407053,0.6543685997,0.9118195972,0.5029273619,-0.3730476894,-0.8806881905,0.1145069762,0.4115228524,False,-0.1714996949,False,False,True,False,False,False,False,False,False,False,False,False,False,False,False,False,False,False,False,False,False,False,True,False,False,False,False,False,False,-0.2588190451,-0.9659258263,0.9749279122,-0.222520934,1.0,0.0
2024-04-17 14:00:00,0.0714683709407053,0.7750500751,0.9118195972,0.7544484022,-0.4759517323,-0.9261869118,0.4928262211,0.7476668078,False,-0.1714996949,False,False,True,False,False,False,False,False,False,False,False,False,False,False,False,False,False,False,True,False,False,False,False,False,False,False,False,False,False,-0.5,-0.8660254038,0.9749279122,-0.222520934,1.0,0.0
2024-04-17 15:00:00,0.8824168168525446,0.8214660272,0.9118195972,0.2514063215,-0.5788557752,-1.0171843543,1.305099894,0.7171082664,False,-0.1714996949,False,False,True,False,False,False,False,False,False,False,False,False,False,False,False,False,False,False,False,False,True,False,False,False,False,False,False,False,False,-0.7071067812,-0.7071067812,0.9749279122,-0.222520934,1.0,0.0
2024-04-17 16:00:00,0.7472587425339047,0.8585987889,0.9118195972,1.5090115233,-0.6817598181,-0.9261869118,0.9601617589,0.533757018,False,-0.1714996949,False,False,True,False,False,False,False,False,False,False,False,False,False,False,False,False,False,False,False,False,True,False,False,False,False,False,False,False,False,-0.8660254038,-0.5,0.9749279122,-0.222520934,1.0,0.0
2024-04-17 17:00:00,0.6121006682152649,0.8307492177,0.9118195972,1.2574904829,-0.6817598181,-0.7896907479,1.3941161869,-0.1996479757,False,-0.1714996949,False,False,False,False,False,False,False,False,False,True,False,False,False,False,False,False,False,False,False,False,True,False,False,False,False,False,False,False,False,-0.9659258263,-0.2588190451,0.9749279122,-0.222520934,1.0,0.0
2024-04-17 18:00:00,0.7472587425339047,0.7472005039,0.9118195972,1.5090115233,-0.6817598181,-0.5621971415,1.0491780518,-0.6580260967,False,-0.1714996949,False,False,False,False,False,False,False,False,False,True,False,False,False,False,False,False,False,False,True,False,False,False,False,False,False,False,False,False,False,-1.0,-0.0,0.9749279122,-0.222520934,1.0,0.0
2024-04-17 19:00:00,0.34178451957798506,0.6358022188,0.9118195972,1.2574904829,-0.6817598181,-0.4257009777,1.0603050884,-0.8108188037,False,-0.1714996949,False,False,False,False,False,False,False,False,False,True,False,False,False,False,False,False,False,False,False,False,True,False,False,False,False,False,False,False,False,-0.9659258263,0.2588190451,0.9749279122,-0.222520934,1.0,0.0
2024-04-17 20:00:00,0.20662644525934518,0.552253505,0.9118195972,0.7544484022,-0.6817598181,-0.2437060926,0.8266373195,-0.8108188037,False,-0.1714996949,False,False,False,False,False,False,False,False,False,True,False,False,False,False,False,False,False,False,True,False,False,False,False,False,False,False,False,False,False,-0.8660254038,0.5,0.9749279122,-0.222520934,1.0,0.0
2024-04-17 21:00:00,0.20662644525934518,0.4130056487,-0.4901190191,-0.0001147188,-0.5788557752,0.0292862351,0.4594451113,0.1670545211,False,-0.1714996949,False,False,True,False,False,False,False,False,False,False,False,False,False,False,False,False,False,False,True,False,False,False,False,False,False,False,False,False,False,-0.7071067812,0.7071067812,0.9749279122,-0.222520934,1.0,0.0
2024-04-17 22:00:00,0.0714683709407053,0.375872887,0.9118195972,0.7544484022,-0.5788557752,0.0747849564,0.3036665987,0.1670545211,False,-0.1714996949,False,False,True,False,False,False,False,False,False,False,False,False,False,False,False,False,False,False,True,False,False,False,False,False,False,False,False,False,False,-0.5,0.8660254038,0.9749279122,-0.222520934,1.0,0.0
2024-04-17 23:00:00,-0.739480074971134,0.3201737445,-0.4901190191,-0.0001147188,-0.5788557752,0.1202836776,0.1367610495,0.1670545211,False,-0.1714996949,False,False,True,False,False,False,False,False,False,False,False,False,False,False,False,False,False,False,True,False,False,False,False,False,False,False,False,False,False,-0.2588190451,0.9659258263,0.9749279122,-0.222520934,1.0,0.0
2024-04-18 00:00:00,-0.8746381492897739,0.1437931265,-0.4901190191,-0.2516357592,-0.5788557752,0.7572657755,-0.4640989277,2.0922426295,False,-0.1714996949,False,False,False,False,False,False,False,False,False,False,False,False,False,False,True,False,False,False,True,False,False,False,False,False,False,False,False,False,False,0.0,1.0,0.4338837391,-0.9009688679,1.0,0.0
2024-04-18 01:00:00,-0.8746381492897739,0.0602444127,-0.4901190191,-0.5031567995,-0.5788557752,0.9392606606,-0.541988184,-0.8108188037,False,-0.1714996949,False,False,False,False,False,False,False,False,False,True,False,False,False,False,False,False,False,False,True,False,False,False,False,False,False,False,False,False,False,0.2588190451,0.9659258263,0.4338837391,-0.9009688679,1.0,0.0
2024-04-18 02:00:00,-1.0097962236084137,0.0323948415,-0.4901190191,-0.7546778399,-0.6817598181,0.9392606606,-0.6087504037,-0.8108188037,False,-0.1714996949,False,False,False,False,False,False,False,False,False,True,False,False,False,False,False,False,False,False,False,False,False,False,False,False,True,False,False,False,False,0.5,0.8660254038,0.4338837391,-0.9009688679,1.0,0.0
2024-04-18 03:00:00,-0.8746381492897739,0.0138284606,-0.4901190191,-0.0001147188,-0.784663861,0.6207696117,-0.1636689391,-0.8108188037,False,-0.1714996949,False,False,False,False,False,False,False,False,False,True,False,False,False,False,False,False,False,False,False,False,False,True,False,False,False,False,False,False,False,0.7071067812,0.7071067812,0.4338837391,-0.9009688679,1.0,0.0
2024-04-18 04:00:00,-0.8746381492897739,-0.0790034436,-0.4901190191,-0.7546778399,-0.784663861,0.8027644968,-0.1191607927,-0.8108188037,False,-0.1714996949,False,False,False,False,False,False,False,False,False,True,False,False,False,False,False,False,False,False,False,False,True,False,False,False,False,False,False,False,False,0.8660254038,0.5,0.4338837391,-0.9009688679,1.0,0.0
2024-04-18 05:00:00,-1.0097962236084137,-0.0047379202,0.9118195972,0.5029273619,-0.784663861,0.7117670542,-0.3750826348,-0.7497017209,False,-0.1714996949,False,False,False,False,False,False,False,False,False,True,False,False,False,False,False,False,False,False,False,False,True,False,False,False,False,False,False,False,False,0.9659258263,0.2588190451,0.4338837391,-0.9009688679,1.0,0.0
2024-04-18 06:00:00,-0.8746381492897739,-0.0697202532,0.9118195972,0.5029273619,-0.6817598181,0.8027644968,-0.5864963305,-0.7497017209,False,-0.1714996949,False,False,False,False,False,False,False,False,False,True,False,False,False,False,False,False,False,False,False,False,True,False,False,False,False,False,False,False,False,1.0,0.0,0.4338837391,-0.9009688679,1.0,0.0
2024-04-18 07:00:00,-0.8746381492897739,-0.0233043011,-0.4901190191,-0.0001147188,-0.6817598181,0.7572657755,-0.4974800376,-0.7497017209,False,-0.1714996949,False,False,False,False,False,False,False,False,False,True,False,False,False,False,False,False,False,False,True,False,False,False,False,False,False,False,False,False,False,0.9659258263,-0.2588190451,0.4338837391,-0.9009688679,1.0,0.0
2024-04-18 08:00:00,-0.6043220006524941,0.1530763169,0.9118195972,1.7605325636,-0.6817598181,0.3022785627,-0.2971933785,0.686549725,False,-0.1714996949,False,False,True,False,False,False,False,False,False,False,False,False,False,False,False,False,False,False,True,False,False,False,False,False,False,False,False,False,False,0.8660254038,-0.5,0.4338837391,-0.9009688679,1.0,0.0
2024-04-18 09:00:00,0.47694259389662497,0.2737577924,2.3137582136,2.766616725,-0.784663861,0.0747849564,-0.1302878293,-0.7497017209,False,-0.1714996949,False,False,False,False,False,False,False,False,False,True,False,False,False,False,False,False,False,False,False,False,True,False,False,False,False,False,False,False,False,0.7071067812,-0.7071067812,0.4338837391,-0.9009688679,1.0,0.0
2024-04-18 10:00:00,0.6121006682152649,0.4315720296,2.3137582136,3.2696588057,-0.784663861,-0.1982073713,-0.0301444998,-0.7497017209,False,-0.1714996949,False,False,False,False,False,False,False,False,False,True,False,False,False,False,False,False,False,False,True,False,False,False,False,False,False,False,False,False,False,0.5,-0.8660254038,0.4338837391,-0.9009688679,1.0,0.0
2024-04-18 11:00:00,1.0175748911711844,0.5615366954,2.3137582136,3.2696588057,-0.8875679039,-0.1982073713,0.1256340128,-0.8108188037,False,-0.1714996949,False,False,False,False,False,False,False,False,False,True,False,False,False,False,False,False,False,False,False,False,True,False,False,False,False,False,False,False,False,0.2588190451,-0.9659258263,0.4338837391,-0.9009688679,1.0,0.0
2024-04-18 12:00:00,1.0175748911711844,0.6822181709,2.3137582136,3.0181377653,-0.9904719468,-0.2892048139,0.0811258664,-0.8108188037,False,-0.1714996949,False,False,False,False,False,False,False,False,False,True,False,False,False,False,False,False,False,False,False,False,True,False,False,False,False,False,False,False,False,0.0,-1.0,0.4338837391,-0.9009688679,1.0,0.0
2024-04-18 13:00:00,0.20662644525934518,0.8307492177,2.3137582136,3.0181377653,-1.1962800326,-0.471199699,0.1701421593,-0.6885846381,False,-0.1714996949,False,False,False,False,False,False,False,False,False,True,False,False,False,False,False,False,False,False,False,False,True,False,False,False,False,False,False,False,False,-0.2588190451,-0.9659258263,0.4338837391,-0.9009688679,1.0,0.0
2024-04-18 14:00:00,0.47694259389662497,0.8771651698,2.3137582136,3.0181377653,-1.2991840755,-0.6076958628,0.4260640014,0.686549725,False,-0.1714996949,False,False,True,False,False,False,False,False,False,False,False,False,False,False,False,False,False,False,True,False,False,False,False,False,False,False,False,False,False,-0.5,-0.8660254038,0.4338837391,-0.9009688679,1.0,0.0
2024-04-18 15:00:00,1.8285233370830238,0.8400324081,3.7156968299,4.2757429671,-1.4020881184,-0.5621971415,0.6263506605,0.5643155594,False,-0.1714996949,False,False,True,False,False,False,False,False,False,False,False,False,False,False,False,False,False,False,False,False,True,False,False,False,False,False,False,False,False,-0.7071067812,-0.7071067812,0.4338837391,-0.9009688679,1.0,0.0
2024-04-18 16:00:00,1.558207188445744,0.9514306931,3.7156968299,3.7727008864,-1.5049921613,-0.7441920267,1.2605917475,0.3504057696,False,-0.1714996949,False,False,True,False,False,False,False,False,False,False,False,False,False,False,False,False,False,False,False,False,True,False,False,False,False,False,False,False,False,-0.8660254038,-0.5,0.4338837391,-0.9009688679,1.0,0.0
2024-04-18 17:00:00,1.8285233370830238,1.0071298356,2.3137582136,3.521179846,-1.5049921613,-0.8351894692,1.4608784066,2.0616840881,False,-0.1714996949,False,False,False,False,False,False,False,False,False,False,False,False,False,False,True,False,False,False,False,False,True,False,False,False,False,False,False,False,False,-0.9659258263,-0.2588190451,0.4338837391,-0.9009688679,1.0,0.0
2024-04-18 18:00:00,1.4230491141271042,0.9885634548,0.9118195972,1.2574904829,-1.5049921613,-0.971685633,1.6389109924,0.5948741008,False,-0.1714996949,False,False,True,False,False,False,False,False,False,False,False,False,False,False,False,False,False,False,False,False,True,False,False,False,False,False,False,False,False,-1.0,-0.0,0.4338837391,-0.9009688679,1.0,0.0
2024-04-18 19:00:00,0.7472587425339047,0.8585987889,0.9118195972,0.7544484022,-1.5049921613,-0.8806881905,1.6834191389,0.839342432,False,-0.1714996949,False,False,True,False,False,False,False,False,False,False,False,False,False,False,False,False,False,False,False,False,True,False,False,False,False,False,False,False,False,-0.9659258263,0.2588190451,0.4338837391,-0.9009688679,1.0,0.0
2024-04-18 20:00:00,0.6121006682152649,0.8121828368,0.9118195972,1.5090115233,-1.4020881184,-1.5631690097,1.6945461755,1.6338645085,False,-0.1714996949,False,False,True,False,False,False,False,False,False,False,False,False,False,False,False,False,False,False,False,False,True,False,False,False,False,False,False,False,False,-0.8660254038,0.5,0.4338837391,-0.9009688679,1.0,0.0
2024-04-18 21:00:00,0.6121006682152649,0.7564836943,0.9118195972,1.2574904829,-1.4020881184,-1.5631690097,1.6945461755,1.6949815913,False,-0.1714996949,False,False,False,False,False,False,True,False,False,False,False,False,False,False,False,False,False,False,False,False,True,False,False,False,False,False,False,False,False,-0.7071067812,0.7071067812,0.4338837391,-0.9009688679,1.0,0.0
2024-04-18 22:00:00,0.0714683709407053,0.7564836943,0.9118195972,1.7605325636,-1.2991840755,-1.6086677309,1.6945461755,2.0005670053,False,-0.1714996949,False,False,False,False,False,False,False,False,False,False,False,False,False,False,True,False,False,False,False,True,False,False,False,False,False,False,False,False,False,-0.5,0.8660254038,0.4338837391,-0.9009688679,1.0,0.0
2024-04-18 23:00:00,-0.739480074971134,0.6822181709,2.3137582136,2.5150956847,-1.2991840755,-1.5176702884,1.3941161869,2.0922426295,False,-0.1714996949,False,False,False,False,False,False,False,False,False,False,False,False,False,False,True,False,False,False,False,True,False,False,False,False,False,False,False,False,False,-0.2588190451,0.9659258263,0.4338837391,-0.9009688679,1.0,0.0
2024-04-19 00:00:00,-0.8746381492897739,0.5058375529,2.3137582136,2.2635746443,-1.2991840755,-1.1991792394,1.6945461755,2.0922426295,False,-0.1714996949,False,False,False,False,False,False,False,False,False,False,False,False,False,False,True,False,False,False,False,True,False,False,False,False,False,False,False,False,False,0.0,1.0,-0.4338837391,-0.9009688679,1.0,0.0
2024-04-19 01:00:00,-0.8746381492897739,0.4501384104,0.9118195972,0.7544484022,-1.1962800326,-1.1081817969,1.6945461755,2.0922426295,False,-0.1714996949,False,False,False,False,False,False,False,False,False,False,False,False,False,False,True,False,False,False,False,True,False,False,False,False,False,False,False,False,False,0.2588190451,0.9659258263,-0.4338837391,-0.9009688679,1.0,0.0
2024-04-19 02:00:00,-0.8746381492897739,0.3944392679,0.9118195972,1.5090115233,-1.1962800326,-0.971685633,1.6945461755,2.0922426295,False,-0.1714996949,False,False,False,False,False,False,False,False,False,False,False,False,False,False,True,False,False,False,False,False,False,False,True,False,False,False,False,False,False,0.5,0.8660254038,-0.4338837391,-0.9009688679,1.0,0.0
2024-04-19 03:00:00,-0.8746381492897739,0.3387401253,0.9118195972,0.7544484022,-1.1962800326,-0.7896907479,1.6945461755,2.0922426295,False,-0.1714996949,False,False,False,False,False,False,False,False,False,False,False,False,False,False,True,False,False,False,False,True,False,False,False,False,False,False,False,False,False,0.7071067812,0.7071067812,-0.4338837391,-0.9009688679,1.0,0.0
2024-04-19 04:00:00,-0.8746381492897739,0.0973771744,0.9118195972,1.7605325636,-1.1962800326,0.9847593819,-0.9425615021,2.0922426295,True,4.9233358348,False,False,False,False,False,False,True,False,False,False,False,False,False,False,False,False,False,False,False,False,False,False,False,False,False,True,False,False,False,0.8660254038,0.5,-0.4338837391,-0.9009688679,1.0,0.0
2024-04-19 05:00:00,-0.8746381492897739,-0.0418706819,2.3137582136,3.521179846,-0.9904719468,1.2122529883,0.72649399,2.0922426295,True,7.7284909283,False,False,False,False,False,False,True,False,False,False,False,False,False,False,False,False,False,False,False,False,False,False,False,False,False,False,True,False,False,0.9659258263,0.2588190451,-0.4338837391,-0.9009688679,1.0,0.0
2024-04-19 06:00:00,-0.8746381492897739,-0.1347025861,2.3137582136,2.766616725,-0.8875679039,1.3032504309,-0.9091803923,2.0922426295,True,1.9904608443,True,False,False,False,False,False,False,False,False,False,False,False,False,False,False,False,False,False,False,False,False,False,False,False,False,False,True,False,False,1.0,0.0,-0.4338837391,-0.9009688679,1.0,0.0
2024-04-19 07:00:00,-1.0097962236084137,-0.1439857765,2.3137582136,3.0181377653,-0.8875679039,1.3032504309,-0.486353001,1.5116303429,True,5.1245691795,False,False,True,False,False,False,False,False,False,False,False,False,False,False,False,False,False,False,False,False,False,False,False,False,False,True,False,False,False,0.9659258263,-0.2588190451,-0.4338837391,-0.9009688679,1.0,0.0
2024-04-19 08:00:00,-0.739480074971134,-0.088286634,0.9118195972,1.0059694426,-0.784663861,1.166754267,0.1590151227,1.4199547187,True,1.9904608443,False,False,True,False,False,False,False,False,False,False,False,False,False,False,False,False,False,False,False,False,False,False,False,False,False,True,False,False,False,0.8660254038,-0.5,-0.4338837391,-0.9009688679,1.0,0.0
2024-04-19 09:00:00,0.34178451957798506,0.0509612223,0.9118195972,0.7544484022,-0.784663861,0.8937619394,1.0046699054,1.144927846,True,0.8006481012,False,False,True,False,False,False,False,False,False,False,False,False,False,False,False,False,False,False,False,False,False,False,False,False,False,True,False,False,False,0.7071067812,-0.7071067812,-0.4338837391,-0.9009688679,1.0,0.0
2024-04-19 10:00:00,0.34178451957798506,0.2459082211,2.3137582136,2.2635746443,-0.8875679039,0.2112811202,0.9156536125,1.5421888843,False,-0.1714996949,False,False,True,False,False,False,False,False,False,False,False,False,False,False,False,False,False,False,False,False,False,False,False,False,False,False,True,False,False,0.5,-0.8660254038,-0.4338837391,-0.9009688679,1.0,0.0
2024-04-19 11:00:00,0.34178451957798506,0.2459082211,2.3137582136,2.2635746443,-0.8875679039,0.2112811202,0.9156536125,2.0922426295,False,-0.1714996949,False,False,False,False,False,False,False,False,False,False,False,False,False,False,True,False,False,False,False,False,False,False,False,False,False,False,True,False,False,0.2588190451,-0.9659258263,-0.4338837391,-0.9009688679,1.0,0.0
2024-04-19 12:00:00,0.34178451957798506,0.4965543625,0.9118195972,1.2574904829,-0.8875679039,-0.471199699,-0.3305744884,1.9394499225,False,-0.1714996949,False,False,False,False,False,False,False,False,False,False,False,False,False,False,True,False,False,False,False,False,False,False,False,False,False,False,True,False,False,0.0,-1.0,-0.4338837391,-0.9009688679,1.0,0.0
2024-04-19 13:00:00,-0.06368970337793459,0.5615366954,0.9118195972,1.7605325636,-0.9904719468,-0.6986933054,-0.541988184,1.2366034702,False,-0.1714996949,False,False,True,False,False,False,False,False,False,False,False,False,False,False,False,False,False,False,False,False,False,False,False,False,False,False,True,False,False,-0.2588190451,-0.9659258263,-0.4338837391,-0.9009688679,1.0,0.0
2024-04-19 14:00:00,0.0714683709407053,0.7657668847,2.3137582136,3.0181377653,-1.0933759897,-1.1081817969,-0.6755126234,0.0448203555,False,-0.1714996949,False,False,False,False,False,False,False,False,False,True,False,False,False,False,False,False,False,False,False,False,False,False,False,False,False,False,True,False,False,-0.5,-0.8660254038,-0.4338837391,-0.9009688679,1.0,0.0
2024-04-19 15:00:00,0.6121006682152649,0.8400324081,3.7156968299,3.7727008864,-1.1962800326,-1.290176682,-0.541988184,-0.6580260967,False,-0.1714996949,False,False,False,False,False,False,False,False,True,False,False,False,False,False,False,False,False,False,False,False,False,False,False,False,False,False,True,False,False,-0.7071067812,-0.7071067812,-0.4338837391,-0.9009688679,1.0,0.0
2024-04-19 16:00:00,0.7472587425339047,0.8957315506,2.3137582136,3.0181377653,-1.1962800326,-1.5176702884,-0.1414148659,-0.7802602623,False,-0.1714996949,False,False,False,False,False,False,False,False,False,False,False,False,False,True,False,False,False,False,False,False,False,False,False,False,False,False,True,False,False,-0.8660254038,-0.5,-0.4338837391,-0.9009688679,1.0,0.0
2024-04-19 17:00:00,0.7472587425339047,0.9328643123,2.3137582136,2.012053604,-1.2991840755,-1.4721715671,0.3704288184,-0.7802602623,False,-0.1714996949,False,False,False,False,False,False,False,False,False,False,False,False,False,True,False,False,False,False,False,False,False,False,False,False,False,False,True,False,False,-0.9659258263,-0.2588190451,-0.4338837391,-0.9009688679,1.0,0.0
2024-04-19 18:00:00,0.7472587425339047,0.8771651698,2.3137582136,2.5150956847,-1.1962800326,-1.4721715671,0.4260640014,-0.6885846381,False,-0.1714996949,False,False,False,False,False,False,False,False,False,False,False,False,False,True,False,False,False,False,False,False,False,False,False,False,False,False,True,False,False,-1.0,-0.0,-0.4338837391,-0.9009688679,1.0,0.0
2024-04-19 19:00:00,0.34178451957798506,0.7657668847,0.9118195972,1.7605325636,-1.0933759897,-1.4266728458,0.437191038,0.0753788969,False,-0.1714996949,False,False,False,False,False,False,False,False,False,False,False,False,False,True,False,False,False,False,False,False,False,False,False,False,True,False,False,False,False,-0.9659258263,0.2588190451,-0.4338837391,-0.9009688679,1.0,0.0
2024-04-19 20:00:00,0.47694259389662497,0.617235838,0.9118195972,0.7544484022,-0.9904719468,-1.2446779607,0.4260640014,-0.8108188037,False,-0.1714996949,False,False,False,False,False,False,False,False,False,False,False,False,False,True,False,False,False,False,True,False,False,False,False,False,False,False,False,False,False,-0.8660254038,0.5,-0.4338837391,-0.9009688679,1.0,0.0
2024-04-19 21:00:00,0.47694259389662497,0.4965543625,0.9118195972,0.2514063215,-0.8875679039,-0.4257009777,-0.2749393053,1.3282790945,False,-0.1714996949,False,False,True,False,False,False,False,False,False,False,False,False,False,False,False,False,False,False,True,False,False,False,False,False,False,False,False,False,False,-0.7071067812,0.7071067812,-0.4338837391,-0.9009688679,1.0,0.0
2024-04-19 22:00:00,0.0714683709407053,0.4501384104,0.9118195972,0.5029273619,-0.8875679039,-0.6986933054,-0.0746526462,-0.8108188037,False,-0.1714996949,False,False,False,False,False,False,False,False,False,True,False,False,False,False,False,False,False,False,False,False,False,False,False,False,True,False,False,False,False,-0.5,0.8660254038,-0.4338837391,-0.9009688679,1.0,0.0
2024-04-19 23:00:00,-0.739480074971134,0.2366250307,2.3137582136,2.012053604,-0.784663861,0.2112811202,-0.1636689391,-0.8108188037,False,-0.1714996949,False,False,False,False,False,False,False,False,False,True,False,False,False,False,False,False,False,False,True,False,False,False,False,False,False,False,False,False,False,-0.2588190451,0.9659258263,-0.4338837391,-0.9009688679,1.0,0.0
2024-04-20 00:00:00,-1.0097962236084137,0.1066603648,0.9118195972,0.7544484022,-0.6817598181,0.7117670542,-0.1414148659,-0.7802602623,False,-0.1714996949,False,False,False,False,False,False,False,False,False,True,False,False,False,False,False,False,False,False,True,False,False,False,False,False,False,False,False,False,True,0.0,1.0,-0.9749279122,-0.222520934,1.0,0.0
2024-04-20 01:00:00,-0.8746381492897739,0.0509612223,0.9118195972,1.0059694426,-0.6817598181,0.8937619394,-0.2304311588,-0.4135577655,False,-0.1714996949,False,False,False,False,False,False,False,False,False,True,False,False,False,False,False,False,False,False,True,False,False,False,False,False,False,False,False,False,True,0.2588190451,0.9659258263,-0.9749279122,-0.222520934,1.0,0.0
2024-04-20 02:00:00,-1.0097962236084137,0.0138284606,0.9118195972,0.5029273619,-0.784663861,0.9847593819,-0.3083204151,-0.6885846381,False,-0.1714996949,False,False,False,False,False,False,False,False,False,False,False,False,False,True,False,False,False,False,False,False,False,True,False,False,False,False,False,False,True,0.5,0.8660254038,-0.9749279122,-0.222520934,1.0,0.0
2024-04-20 03:00:00,-0.8746381492897739,-0.0604370627,-0.4901190191,-0.2516357592,-0.6817598181,1.0757568245,-0.5086070742,-0.6885846381,False,-0.1714996949,False,False,False,False,False,False,False,False,False,True,False,False,False,False,False,False,False,False,False,False,False,True,False,False,False,False,False,False,True,0.7071067812,0.7071067812,-0.9749279122,-0.222520934,1.0,0.0
2024-04-20 04:00:00,-0.8746381492897739,-0.1718353478,-1.8920576355,-1.2577199206,-0.6817598181,1.3032504309,-0.7311478065,-0.8108188037,False,-0.1714996949,False,False,False,False,False,False,False,False,False,True,False,False,False,False,False,False,False,False,False,False,False,False,False,False,False,False,False,True,True,0.8660254038,0.5,-0.9749279122,-0.222520934,1.0,0.0
2024-04-20 05:00:00,-1.0097962236084137,-0.1718353478,-0.4901190191,-0.0001147188,-0.6817598181,1.1212555457,-0.7200207699,-0.8108188037,False,-0.1714996949,False,False,False,False,False,False,False,False,False,True,False,False,False,False,False,False,False,False,True,False,False,False,False,False,False,False,False,False,True,0.9659258263,0.2588190451,-0.9749279122,-0.222520934,1.0,0.0
2024-04-20 06:00:00,-0.8746381492897739,-0.2553840616,-0.4901190191,-0.5031567995,-0.6817598181,0.8482632181,-0.1080337561,-0.8108188037,False,-0.1714996949,False,False,False,False,False,False,False,False,False,True,False,False,False,False,False,False,False,False,False,False,False,True,False,False,False,False,False,False,True,1.0,0.0,-0.9749279122,-0.222520934,1.0,0.0
2024-04-20 07:00:00,-0.8746381492897739,-0.2368176807,-0.4901190191,-0.2516357592,-0.5788557752,0.6207696117,0.1145069762,-0.6274675553,False,-0.1714996949,False,False,False,False,False,False,False,False,False,True,False,False,False,False,False,False,False,False,True,False,False,False,False,False,False,False,False,False,True,0.9659258263,-0.2588190451,-0.9749279122,-0.222520934,1.0,0.0
2024-04-20 08:00:00,-0.8746381492897739,0.0323948415,-0.4901190191,-0.2516357592,-0.4759517323,0.3932760053,0.2925395621,-0.3218821413,False,-0.1714996949,False,False,False,False,False,False,False,False,False,True,False,False,False,False,False,False,False,False,False,True,False,False,False,False,False,False,False,False,True,0.8660254038,-0.5,-0.9749279122,-0.222520934,1.0,0.0
2024-04-20 09:00:00,-0.3340058520152144,0.1809258882,-0.4901190191,-0.5031567995,-0.4759517323,0.2567798415,-0.2526852321,0.0753788969,False,-0.1714996949,False,False,False,False,False,False,False,False,False,True,False,False,False,False,False,False,False,False,False,False,True,False,False,False,False,False,False,False,True,0.7071067812,-0.7071067812,-0.9749279122,-0.222520934,1.0,0.0
2024-04-20 10:00:00,0.0714683709407053,0.3201737445,0.9118195972,1.2574904829,-0.4759517323,0.1202836776,-0.2860663419,1.8783328397,False,-0.1714996949,False,False,True,False,False,False,False,False,False,False,False,False,False,False,False,False,False,False,True,False,False,False,False,False,False,False,False,False,True,0.5,-0.8660254038,-0.9749279122,-0.222520934,1.0,0.0
2024-04-20 11:00:00,0.20662644525934518,0.3294569349,0.9118195972,1.5090115233,-0.4759517323,-0.1982073713,-0.0857796828,2.0922426295,False,-0.1714996949,False,False,False,False,False,False,False,False,False,False,False,False,False,False,True,False,False,False,False,False,True,False,False,False,False,False,False,False,True,0.2588190451,-0.9659258263,-0.9749279122,-0.222520934,1.0,0.0
2024-04-20 12:00:00,0.34178451957798506,0.4130056487,0.9118195972,0.2514063215,-0.4759517323,-0.4257009777,0.1923962325,2.0922426295,False,-0.1714996949,False,False,False,False,False,False,False,False,False,False,False,False,False,False,True,False,False,False,False,False,True,False,False,False,False,False,False,False,True,0.0,-1.0,-0.9749279122,-0.222520934,1.0,0.0
2024-04-20 13:00:00,-0.06368970337793459,0.4687047912,0.9118195972,1.0059694426,-0.4759517323,-0.6986933054,0.1701421593,2.0922426295,False,-0.1714996949,False,False,False,False,False,False,False,False,False,False,False,False,False,False,True,False,False,False,False,True,False,False,False,False,False,False,False,False,True,-0.2588190451,-0.9659258263,-0.9749279122,-0.222520934,1.0,0.0
2024-04-20 14:00:00,0.20662644525934518,0.5058375529,0.9118195972,0.2514063215,-0.5788557752,-0.8806881905,0.2146503058,2.0922426295,False,-0.1714996949,False,False,False,False,False,False,False,False,False,False,False,False,False,False,True,False,False,False,False,True,False,False,False,False,False,False,False,False,True,-0.5,-0.8660254038,-0.9749279122,-0.222520934,1.0,0.0
2024-04-20 15:00:00,0.47694259389662497,0.5058375529,0.9118195972,0.5029273619,-0.6817598181,-0.6531945841,0.1923962325,2.0922426295,False,-0.1714996949,False,False,False,False,False,False,False,False,False,False,False,False,False,False,True,False,False,False,False,False,True,False,False,False,False,False,False,False,True,-0.7071067812,-0.7071067812,-0.9749279122,-0.222520934,1.0,0.0
2024-04-20 16:00:00,0.47694259389662497,0.4872711721,0.9118195972,0.7544484022,-0.6817598181,-0.6531945841,0.2814125254,2.0922426295,False,-0.1714996949,False,False,False,False,False,False,False,False,False,False,False,False,False,False,True,False,False,False,True,False,False,False,False,False,False,False,False,False,True,-0.8660254038,-0.5,-0.9749279122,-0.222520934,1.0,0.0
2024-04-20 17:00:00,0.34178451957798506,0.4687047912,0.9118195972,0.7544484022,-0.784663861,-0.5166984203,0.2035232691,2.0922426295,False,-0.1714996949,False,False,False,False,False,False,False,False,False,False,False,False,False,False,True,False,False,False,False,False,True,False,False,False,False,False,False,False,True,-0.9659258263,-0.2588190451,-0.9749279122,-0.222520934,1.0,0.0
2024-04-20 18:00:00,0.34178451957798506,0.4130056487,0.9118195972,0.7544484022,-0.784663861,-0.6531945841,0.437191038,1.9700084639,False,-0.1714996949,False,False,False,False,False,False,False,False,False,False,False,False,False,False,True,False,False,False,True,False,False,False,False,False,False,False,False,False,True,-1.0,-0.0,-0.9749279122,-0.222520934,1.0,0.0
2024-04-20 19:00:00,0.20662644525934518,0.3573065062,-0.4901190191,-0.5031567995,-0.784663861,-0.3347035351,0.3704288184,-0.7191431795,False,-0.1714996949,False,False,False,False,False,False,False,False,False,True,False,False,False,False,False,False,False,False,True,False,False,False,False,False,False,False,False,False,True,-0.9659258263,0.2588190451,-0.9749279122,-0.222520934,1.0,0.0
2024-04-20 20:00:00,0.34178451957798506,0.2366250307,-0.4901190191,-0.2516357592,-0.784663861,-0.15270865,0.3370477085,1.2060449288,False,-0.1714996949,False,False,True,False,False,False,False,False,False,False,False,False,False,False,False,False,False,False,True,False,False,False,False,False,False,False,False,False,True,-0.8660254038,0.5,-0.9749279122,-0.222520934,1.0,0.0
2024-04-20 21:00:00,0.0714683709407053,0.199492269,-0.4901190191,-1.0061988802,-0.6817598181,-0.1072099288,0.2146503058,1.2060449288,False,-0.1714996949,False,False,True,False,False,False,False,False,False,False,False,False,False,False,False,False,False,False,False,False,False,False,False,False,True,False,False,False,True,-0.7071067812,0.7071067812,-0.9749279122,-0.222520934,1.0,0.0
2024-04-20 22:00:00,0.0714683709407053,0.0973771744,-1.8920576355,-1.2577199206,-0.5788557752,0.0747849564,-0.197050049,1.2060449288,False,-0.1714996949,False,False,True,False,False,False,False,False,False,False,False,False,False,False,False,False,False,False,False,False,False,False,False,False,False,False,False,True,True,-0.5,0.8660254038,-0.9749279122,-0.222520934,1.0,0.0
2024-04-20 23:00:00,-0.3340058520152144,0.088093984,-1.8920576355,-1.2577199206,-0.5788557752,0.0747849564,0.0254906833,1.2060449288,False,-0.1714996949,False,False,True,False,False,False,False,False,False,False,False,False,False,False,False,False,False,False,False,False,False,False,False,False,False,False,False,True,True,-0.2588190451,0.9659258263,-0.9749279122,-0.222520934,1.0,0.0
2024-04-21 00:00:00,-1.0097962236084137,-0.0047379202,-0.4901190191,-0.5031567995,-0.6817598181,0.3932760053,0.1812691959,0.2892886868,False,-0.1714996949,False,False,True,False,False,False,False,False,False,False,False,False,False,False,False,False,False,False,False,False,False,False,False,False,False,False,True,False,True,0.0,1.0,-0.7818314825,0.6234898019,1.0,0.0
2024-04-21 01:00:00,-0.8746381492897739,-0.0511538723,-0.4901190191,-0.7546778399,-0.6817598181,0.4387747266,0.0588717932,-0.8108188037,False,-0.1714996949,False,False,False,False,False,False,False,False,False,True,False,False,False,False,False,False,False,False,False,False,False,False,False,False,True,False,False,False,True,0.2588190451,0.9659258263,-0.7818314825,0.6234898019,1.0,0.0
2024-04-21 02:00:00,-0.8746381492897739,-0.1254193957,-0.4901190191,-1.0061988802,-0.6817598181,0.9392606606,-0.197050049,-0.8108188037,False,-0.1714996949,False,False,False,False,False,False,False,False,False,True,False,False,False,False,False,False,False,False,False,False,False,False,False,False,True,False,False,False,True,0.5,0.8660254038,-0.7818314825,0.6234898019,1.0,0.0
2024-04-21 03:00:00,-1.0097962236084137,-0.1718353478,-0.4901190191,-1.0061988802,-0.6817598181,0.9847593819,-0.1302878293,-0.8108188037,False,-0.1714996949,False,False,False,False,False,False,False,False,False,True,False,False,False,False,False,False,False,False,False,False,True,False,False,False,False,False,False,False,True,0.7071067812,0.7071067812,-0.7818314825,0.6234898019,1.0,0.0
2024-04-21 04:00:00,-0.8746381492897739,-0.2089681095,-0.4901190191,-0.7546778399,-0.5788557752,1.1212555457,-0.3639555982,-0.4135577655,False,-0.1714996949,False,False,False,False,False,False,False,False,False,True,False,False,False,False,False,False,False,False,False,False,False,False,False,False,True,False,False,False,True,0.8660254038,0.5,-0.7818314825,0.6234898019,1.0,0.0
2024-04-21 05:00:00,-0.8746381492897739,-0.1718353478,-0.4901190191,-0.2516357592,-0.5788557752,0.9392606606,-0.4084637447,-0.3524406827,False,-0.1714996949,False,False,False,False,False,False,False,False,False,True,False,False,False,False,False,False,False,False,True,False,False,False,False,False,False,False,False,False,True,0.9659258263,0.2588190451,-0.7818314825,0.6234898019,1.0,0.0
2024-04-21 06:00:00,-1.0097962236084137,-0.1439857765,-0.4901190191,-0.2516357592,-0.5788557752,0.7572657755,-0.2081770856,-0.8108188037,False,-0.1714996949,False,False,False,False,False,False,False,False,False,True,False,False,False,False,False,False,False,False,True,False,False,False,False,False,False,False,False,False,True,1.0,0.0,-0.7818314825,0.6234898019,1.0,0.0
2024-04-21 07:00:00,-0.8746381492897739,-0.1904017286,-0.4901190191,-0.0001147188,-0.4759517323,0.7572657755,-0.0190174631,-0.4746748483,False,-0.1714996949,False,False,False,False,False,False,False,False,False,True,False,False,False,False,False,False,False,False,False,False,True,False,False,False,False,False,False,False,True,0.9659258263,-0.2588190451,-0.7818314825,0.6234898019,1.0,0.0
2024-04-21 08:00:00,-0.739480074971134,-0.0604370627,-0.4901190191,-0.2516357592,-0.4759517323,0.6207696117,-0.2193041222,-0.5969090139,False,-0.1714996949,False,False,False,False,False,False,False,False,False,True,False,False,False,False,False,False,False,False,False,True,False,False,False,False,False,False,False,False,True,0.8660254038,-0.5,-0.7818314825,0.6234898019,1.0,0.0
2024-04-21 09:00:00,-0.19884777769657447,0.1252267457,0.9118195972,1.0059694426,-0.3730476894,0.1657823989,-0.2860663419,-0.8108188037,False,-0.1714996949,False,False,False,False,False,False,False,False,False,True,False,False,False,False,False,False,False,False,True,False,False,False,False,False,False,False,False,False,True,0.7071067812,-0.7071067812,-0.7818314825,0.6234898019,1.0,0.0
2024-04-21 10:00:00,0.0714683709407053,0.3294569349,0.9118195972,0.2514063215,-0.3730476894,-0.2437060926,0.0699988298,-0.8108188037,False,-0.1714996949,False,False,False,False,False,False,False,False,False,True,False,False,False,False,False,False,False,False,False,False,True,False,False,False,False,False,False,False,True,0.5,-0.8660254038,-0.7818314825,0.6234898019,1.0,0.0
2024-04-21 11:00:00,0.20662644525934518,0.4594216008,0.9118195972,0.2514063215,-0.4759517323,-0.471199699,-0.0301444998,-0.8108188037,False,-0.1714996949,False,False,False,False,False,False,False,False,False,True,False,False,False,False,False,False,False,False,True,False,False,False,False,False,False,False,False,False,True,0.2588190451,-0.9659258263,-0.7818314825,0.6234898019,1.0,0.0
2024-04-21 12:00:00,0.34178451957798506,0.552253505,0.9118195972,1.0059694426,-0.5788557752,-0.471199699,0.1367610495,-0.8108188037,False,-0.1714996949,False,False,False,False,False,False,False,False,False,True,False,False,False,False,False,False,False,False,False,False,False,True,False,False,False,False,False,False,True,0.0,-1.0,-0.7818314825,0.6234898019,1.0,0.0
2024-04-21 13:00:00,0.20662644525934518,0.6636517901,0.9118195972,0.2514063215,-0.6817598181,-0.7441920267,-0.0857796828,-0.8108188037,False,-0.1714996949,False,False,False,False,False,False,False,False,False,True,False,False,False,False,False,False,False,False,False,False,False,True,False,False,False,False,False,False,True,-0.2588190451,-0.9659258263,-0.7818314825,0.6234898019,1.0,0.0
2024-04-21 14:00:00,0.0714683709407053,0.7379173134,0.9118195972,0.5029273619,-0.6817598181,-0.6531945841,-0.1080337561,-0.8108188037,False,-0.1714996949,False,False,False,False,False,False,False,False,False,True,False,False,False,False,False,False,False,False,False,True,False,False,False,False,False,False,False,False,True,-0.5,-0.8660254038,-0.7818314825,0.6234898019,1.0,0.0
2024-04-21 15:00:00,0.0714683709407053,0.8028996464,0.9118195972,0.7544484022,-0.784663861,-0.8806881905,0.4038099282,-0.8108188037,False,-0.1714996949,False,False,False,False,False,False,False,False,False,True,False,False,False,False,False,False,False,False,False,True,False,False,False,False,False,False,False,False,True,-0.7071067812,-0.7071067812,-0.7818314825,0.6234898019,1.0,0.0
2024-04-21 16:00:00,0.20662644525934518,0.8678819793,0.9118195972,0.2514063215,-0.8875679039,-1.1536805182,0.437191038,-0.8108188037,False,-0.1714996949,False,False,False,False,False,False,False,False,False,True,False,False,False,False,False,False,False,False,False,False,True,False,False,False,False,False,False,False,True,-0.8660254038,-0.5,-0.7818314825,0.6234898019,1.0,0.0
2024-04-21 17:00:00,0.0714683709407053,0.8400324081,0.9118195972,0.7544484022,-0.9904719468,-1.1991792394,0.5929695506,-0.8108188037,False,-0.1714996949,False,False,False,False,False,False,False,False,False,True,False,False,False,False,False,False,False,False,False,True,False,False,False,False,False,False,False,False,True,-0.9659258263,-0.2588190451,-0.7818314825,0.6234898019,1.0,0.0
2024-04-21 18:00:00,0.0714683709407053,0.7750500751,0.9118195972,0.7544484022,-0.9904719468,-0.8351894692,0.5484614042,-0.7497017209,False,-0.1714996949,False,False,False,False,False,False,False,False,False,True,False,False,False,False,False,False,False,False,True,False,False,False,False,False,False,False,False,False,True,-1.0,-0.0,-0.7818314825,0.6234898019,1.0,0.0
2024-04-21 19:00:00,0.0714683709407053,0.6265190284,-0.4901190191,-0.0001147188,-0.9904719468,-0.5621971415,0.5039532577,-0.4746748483,False,-0.1714996949,False,False,False,False,False,False,False,False,False,True,False,False,False,False,False,False,False,False,False,False,True,False,False,False,False,False,False,False,True,-0.9659258263,0.2588190451,-0.7818314825,0.6234898019,1.0,0.0
2024-04-21 20:00:00,0.0714683709407053,0.5615366954,0.9118195972,0.2514063215,-0.9904719468,-0.5166984203,0.3593017817,-0.1690894343,False,-0.1714996949,False,False,False,False,False,False,False,False,False,True,False,False,False,False,False,False,False,False,True,False,False,False,False,False,False,False,False,False,True,-0.8660254038,0.5,-0.7818314825,0.6234898019,1.0,0.0
2024-04-21 21:00:00,0.0714683709407053,0.3665896966,0.9118195972,0.2514063215,-0.8875679039,-0.2437060926,0.4816991845,-0.6274675553,False,-0.1714996949,False,False,False,False,False,False,False,False,False,True,False,False,False,False,False,False,False,False,True,False,False,False,False,False,False,False,False,False,True,-0.7071067812,0.7071067812,-0.7818314825,0.6234898019,1.0,0.0
2024-04-21 22:00:00,0.0714683709407053,0.4037224583,0.9118195972,0.7544484022,-0.784663861,-0.3347035351,0.3036665987,-0.8108188037,False,-0.1714996949,False,False,False,False,False,False,False,False,False,True,False,False,False,False,False,False,False,False,True,False,False,False,False,False,False,False,False,False,True,-0.5,0.8660254038,-0.7818314825,0.6234898019,1.0,0.0
2024-04-21 23:00:00,-0.8746381492897739,0.199492269,0.9118195972,0.2514063215,-0.784663861,0.0747849564,0.1145069762,2.0922426295,False,-0.1714996949,False,False,False,False,False,False,False,False,False,False,False,False,False,False,True,False,False,False,True,False,False,False,False,False,False,False,False,False,True,-0.2588190451,0.9659258263,-0.7818314825,0.6234898019,1.0,0.0
2024-04-22 00:00:00,-0.8746381492897739,0.1716426978,-0.4901190191,-0.2516357592,-0.784663861,0.3022785627,-0.0857796828,-0.6274675553,False,-0.1714996949,False,False,False,False,False,False,False,False,False,True,False,False,False,False,False,False,False,False,False,False,False,True,False,False,False,False,False,False,False,0.0,1.0,0.0,1.0,1.0,0.0
2024-04-22 01:00:00,-1.0097962236084137,0.1159435553,-0.4901190191,-0.2516357592,-0.784663861,0.2112811202,-0.1859230124,-0.4441163069,False,-0.1714996949,False,False,False,False,False,False,False,False,False,True,False,False,False,False,False,False,False,False,False,False,False,True,False,False,False,False,False,False,False,0.2588190451,0.9659258263,0.0,1.0,1.0,0.0
2024-04-22 02:00:00,-0.8746381492897739,0.0045452702,-0.4901190191,-1.0061988802,-0.784663861,0.347777284,0.0699988298,-0.6274675553,False,-0.1714996949,False,False,False,False,False,False,False,False,False,True,False,False,False,False,False,False,False,False,True,False,False,False,False,False,False,False,False,False,False,0.5,0.8660254038,0.0,1.0,1.0,0.0
2024-04-22 03:00:00,-0.8746381492897739,0.023111651,0.9118195972,0.2514063215,-0.8875679039,0.2567798415,0.1145069762,-0.1690894343,False,-0.1714996949,False,False,False,False,False,False,False,False,False,True,False,False,False,False,False,False,False,False,True,False,False,False,False,False,False,False,False,False,False,0.7071067812,0.7071067812,0.0,1.0,1.0,0.0
2024-04-22 04:00:00,-1.0097962236084137,-0.0325874915,-0.4901190191,-0.7546778399,-0.8875679039,0.3022785627,0.236904379,-0.1385308929,False,-0.1714996949,False,False,False,False,False,False,False,False,False,True,False,False,False,False,False,False,False,False,False,False,False,True,False,False,False,False,False,False,False,0.8660254038,0.5,0.0,1.0,1.0,0.0
2024-04-22 05:00:00,-0.8746381492897739,-0.0697202532,-0.4901190191,-0.2516357592,-0.8875679039,0.3932760053,0.1033799396,0.3198472282,False,-0.1714996949,False,False,True,False,False,False,False,False,False,False,False,False,False,False,False,False,False,False,False,False,False,False,False,False,True,False,False,False,False,0.9659258263,0.2588190451,0.0,1.0,1.0,0.0
2024-04-22 06:00:00,-1.0097962236084137,-0.1439857765,-0.4901190191,-0.5031567995,-0.784663861,0.6207696117,-0.052398573,0.1364959797,False,-0.1714996949,False,False,True,False,False,False,False,False,False,False,False,False,False,False,False,False,False,False,True,False,False,False,False,False,False,False,False,False,False,1.0,0.0,0.0,1.0,1.0,0.0
2024-04-22 07:00:00,-0.8746381492897739,-0.0418706819,-0.4901190191,-0.7546778399,-0.784663861,0.347777284,-0.0190174631,0.8087838906,False,-0.1714996949,False,False,True,False,False,False,False,False,False,False,False,False,False,False,False,False,False,False,False,False,True,False,False,False,False,False,False,False,False,0.9659258263,-0.2588190451,0.0,1.0,1.0,0.0
2024-04-22 08:00:00,-0.46916392633385423,0.1066603648,-0.4901190191,-0.0001147188,-0.6817598181,-0.0162124862,0.4038099282,0.9310180562,False,-0.1714996949,False,False,True,False,False,False,False,False,False,False,False,False,False,False,False,False,False,False,False,False,False,True,False,False,False,False,False,False,False,0.8660254038,-0.5,0.0,1.0,1.0,0.0
2024-04-22 09:00:00,-0.19884777769657447,0.2923241732,-0.4901190191,-0.2516357592,-0.5788557752,-0.15270865,0.1145069762,0.6559911836,False,-0.1714996949,False,False,True,False,False,False,False,False,False,False,False,False,False,False,False,False,False,False,False,False,False,True,False,False,False,False,False,False,False,0.7071067812,-0.7071067812,0.0,1.0,1.0,0.0
2024-04-22 10:00:00,-0.06368970337793459,0.44085522,-0.4901190191,-0.2516357592,-0.5788557752,-0.1072099288,0.0143636467,1.1754863874,False,-0.1714996949,False,False,True,False,False,False,False,False,False,False,False,False,False,False,False,False,False,False,False,False,False,False,False,False,False,False,True,False,False,0.5,-0.8660254038,0.0,1.0,1.0,0.0
2024-04-22 11:00:00,0.34178451957798506,0.552253505,0.9118195972,0.7544484022,-0.6817598181,-0.4257009777,0.0032366101,0.4115228524,False,-0.1714996949,False,False,True,False,False,False,False,False,False,False,False,False,False,False,False,False,False,False,True,False,False,False,False,False,False,False,False,False,False,0.2588190451,-0.9659258263,0.0,1.0,1.0,0.0
2024-04-22 12:00:00,0.34178451957798506,0.6915013613,-0.4901190191,-0.0001147188,-0.6817598181,-0.6986933054,0.2146503058,0.6559911836,False,-0.1714996949,False,False,True,False,False,False,False,False,False,False,False,False,False,False,False,False,False,False,False,False,False,False,False,False,False,False,True,False,False,0.0,-1.0,0.0,1.0,1.0,0.0
2024-04-22 13:00:00,-0.19884777769657447,0.793616456,-0.4901190191,-0.2516357592,-0.784663861,-0.6986933054,0.2146503058,2.0922426295,False,-0.1714996949,False,False,False,False,False,False,False,False,False,False,False,False,False,False,True,False,False,False,False,False,False,True,False,False,False,False,False,False,False,-0.2588190451,-0.9659258263,0.0,1.0,1.0,0.0
2024-04-22 14:00:00,-0.06368970337793459,0.8585987889,0.9118195972,0.2514063215,-0.9904719468,-0.7441920267,0.3370477085,2.0922426295,False,-0.1714996949,False,False,False,False,False,False,False,False,False,False,False,False,False,False,True,False,False,False,True,False,False,False,False,False,False,False,False,False,False,-0.5,-0.8660254038,0.0,1.0,1.0,0.0
2024-04-22 15:00:00,0.20662644525934518,0.9142979314,-0.4901190191,-0.2516357592,-0.9904719468,-0.8806881905,0.3036665987,1.9700084639,False,-0.1714996949,False,False,False,False,False,False,False,False,False,False,False,False,False,False,True,False,False,False,False,False,True,False,False,False,False,False,False,False,False,-0.7071067812,-0.7071067812,0.0,1.0,1.0,0.0
2024-04-22 16:00:00,0.6121006682152649,0.9792802644,-0.4901190191,-0.2516357592,-0.9904719468,-1.0171843543,0.2814125254,1.8477742983,False,-0.1714996949,False,False,True,False,False,False,False,False,False,False,False,False,False,False,False,False,False,False,True,False,False,False,False,False,False,False,False,False,False,-0.8660254038,-0.5,0.0,1.0,1.0,0.0
2024-04-22 17:00:00,1.2878910398084642,0.905014741,0.9118195972,0.7544484022,-0.9904719468,-1.0626830756,0.9601617589,1.8783328397,False,-0.1714996949,False,False,True,False,False,False,False,False,False,False,False,False,False,False,False,False,False,False,False,False,False,True,False,False,False,False,False,False,False,-0.9659258263,-0.2588190451,0.0,1.0,1.0,0.0
2024-04-22 18:00:00,1.0175748911711844,0.7472005039,2.3137582136,2.012053604,-0.8875679039,-1.3356754033,1.1715754546,1.8783328397,False,-0.1714996949,True,False,False,False,False,False,False,False,False,False,False,False,False,False,False,False,False,False,False,False,False,True,False,False,False,False,False,False,False,-1.0,-0.0,0.0,1.0,1.0,0.0
2024-04-22 19:00:00,0.0714683709407053,0.6265190284,0.9118195972,0.7544484022,-0.8875679039,-1.1536805182,1.6277839558,0.839342432,False,-0.1714996949,False,False,True,False,False,False,False,False,False,False,False,False,False,False,False,False,False,False,False,False,False,True,False,False,False,False,False,False,False,-0.9659258263,0.2588190451,0.0,1.0,1.0,0.0
2024-04-22 20:00:00,0.47694259389662497,0.4501384104,2.3137582136,1.7605325636,-0.5788557752,-0.6986933054,1.6945461755,1.1754863874,False,-0.1714996949,False,False,True,False,False,False,False,False,False,False,False,False,False,False,False,False,False,False,False,False,True,False,False,False,False,False,False,False,False,-0.8660254038,0.5,0.0,1.0,1.0,0.0
2024-04-22 21:00:00,0.20662644525934518,0.3851560775,-0.4901190191,-0.0001147188,-0.3730476894,-0.6531945841,1.6945461755,0.0448203555,False,-0.1714996949,False,False,False,False,False,False,False,False,False,True,False,False,False,False,False,False,False,False,False,False,True,False,False,False,False,False,False,False,False,-0.7071067812,0.7071067812,0.0,1.0,1.0,0.0
2024-04-22 22:00:00,0.20662644525934518,0.3387401253,0.9118195972,1.2574904829,-0.2701436465,-0.471199699,1.6945461755,0.1059374383,False,-0.1714996949,False,False,True,False,False,False,False,False,False,False,False,False,False,False,False,False,False,False,False,False,False,False,True,False,False,False,False,False,False,-0.5,0.8660254038,0.0,1.0,1.0,0.0
2024-04-22 23:00:00,-0.8746381492897739,0.3387401253,0.9118195972,1.0059694426,-0.3730476894,-0.5166984203,1.6945461755,-0.1385308929,False,-0.1714996949,False,False,False,False,False,False,False,False,False,True,False,False,False,False,False,False,False,False,False,False,False,False,False,False,False,True,False,False,False,-0.2588190451,0.9659258263,0.0,1.0,1.0,0.0
2024-04-23 00:00:00,-0.8746381492897739,0.1902090786,0.9118195972,0.7544484022,-0.2701436465,-0.1982073713,1.6945461755,-0.5969090139,False,-0.1714996949,False,False,False,False,False,False,False,False,False,True,False,False,False,False,False,False,False,False,False,False,False,False,False,False,False,False,True,False,False,0.0,1.0,0.7818314825,0.6234898019,1.0,0.0
2024-04-23 01:00:00,-0.8746381492897739,0.1252267457,-0.4901190191,-0.0001147188,-0.2701436465,0.1202836776,1.4608784066,-0.2302065171,False,-0.1714996949,False,False,False,False,False,False,False,False,False,True,False,False,False,False,False,False,False,False,False,False,False,False,False,False,False,False,True,False,False,0.2588190451,0.9659258263,0.7818314825,0.6234898019,1.0,0.0
2024-04-23 02:00:00,-1.0097962236084137,0.1345099361,0.9118195972,0.7544484022,-0.2701436465,-0.0617112075,1.6722921022,0.3504057696,False,-0.1714996949,False,False,True,False,False,False,False,False,False,False,False,False,False,False,False,False,False,False,False,False,False,False,False,False,False,False,True,False,False,0.5,0.8660254038,0.7818314825,0.6234898019,1.0,0.0
2024-04-23 03:00:00,-0.8746381492897739,0.088093984,0.9118195972,0.5029273619,-0.1672396036,-0.0617112075,1.6945461755,-0.6580260967,False,-0.1714996949,False,False,False,False,False,False,False,False,False,True,False,False,False,False,False,False,False,False,False,False,False,False,False,False,False,False,True,False,False,0.7071067812,0.7071067812,0.7818314825,0.6234898019,1.0,0.0
2024-04-23 04:00:00,-1.0097962236084137,0.1437931265,3.7156968299,4.2757429671,-0.0643355607,-1.6541664522,-1.0093237218,-0.4441163069,False,-0.1714996949,False,False,False,False,False,False,False,False,False,True,False,False,False,False,False,False,False,False,True,False,False,False,False,False,False,False,False,False,False,0.8660254038,0.5,0.7818314825,0.6234898019,1.0,0.0
2024-04-23 05:00:00,-0.8746381492897739,0.0602444127,0.9118195972,1.2574904829,-0.0643355607,-1.8361613373,-1.176229271,-0.5052333897,False,-0.1714996949,False,False,False,False,False,False,False,False,True,False,False,False,False,False,False,False,False,False,True,False,False,False,False,False,False,False,False,False,False,0.9659258263,0.2588190451,0.7818314825,0.6234898019,1.0,0.0
2024-04-23 06:00:00,-0.8746381492897739,-0.0047379202,0.9118195972,1.7605325636,0.0385684822,-1.9726575012,-1.1539751978,-0.7802602623,False,-0.1714996949,False,False,False,False,False,False,False,False,True,False,False,False,False,False,False,False,False,False,False,False,False,True,False,False,False,False,False,False,False,1.0,0.0,0.7818314825,0.6234898019,1.0,0.0
2024-04-23 07:00:00,-1.0097962236084137,-0.0604370627,0.9118195972,1.2574904829,0.1414725251,-1.8816600586,-1.0983400147,-0.6580260967,False,-0.1714996949,False,False,False,False,False,False,False,False,True,False,False,False,False,False,False,False,False,False,False,False,False,True,False,False,False,False,False,False,False,0.9659258263,-0.2588190451,0.7818314825,0.6234898019,1.0,0.0
2024-04-23 08:00:00,-0.46916392633385423,-0.0697202532,2.3137582136,3.0181377653,0.1414725251,-1.8361613373,-0.975942612,-0.3829992241,False,-0.1714996949,False,False,False,False,False,False,False,False,True,False,False,False,False,False,False,False,False,False,False,False,False,True,False,False,False,False,False,False,False,0.8660254038,-0.5,0.7818314825,0.6234898019,1.0,0.0
2024-04-23 09:00:00,0.47694259389662497,0.0045452702,0.9118195972,1.5090115233,0.244376568,-1.790662616,-0.5642422573,-0.5357919311,False,-0.1714996949,False,False,False,False,False,False,False,False,True,False,False,False,False,False,False,False,False,False,False,False,False,True,False,False,False,False,False,False,False,0.7071067812,-0.7071067812,0.7818314825,0.6234898019,1.0,0.0
2024-04-23 10:00:00,0.7472587425339047,0.1716426978,0.9118195972,1.0059694426,0.244376568,-1.7451638948,-0.5864963305,-0.7191431795,False,-0.1714996949,False,False,False,False,False,False,False,False,True,False,False,False,False,False,False,False,False,False,False,False,True,False,False,False,False,False,False,False,False,0.5,-0.8660254038,0.7818314825,0.6234898019,1.0,0.0
2024-04-23 11:00:00,0.47694259389662497,0.2551914116,-0.4901190191,-0.0001147188,0.1414725251,-1.790662616,-0.4640989277,-0.7191431795,False,-0.1714996949,False,False,False,False,False,False,False,False,False,False,False,False,False,True,False,False,False,False,False,False,False,True,False,False,False,False,False,False,False,0.2588190451,-0.9659258263,0.7818314825,0.6234898019,1.0,0.0
2024-04-23 12:00:00,0.6121006682152649,0.3294569349,0.9118195972,0.7544484022,0.0385684822,-1.9726575012,-0.4195907813,-0.6274675553,False,-0.1714996949,False,False,False,False,False,False,False,False,False,False,False,False,False,True,False,False,False,False,False,False,False,False,False,False,False,False,True,False,False,0.0,-1.0,0.7818314825,0.6234898019,1.0,0.0
2024-04-23 13:00:00,0.20662644525934518,0.4130056487,0.9118195972,0.7544484022,-0.0643355607,-1.9271587799,-0.4752259643,-0.3829992241,False,-0.1714996949,False,False,False,False,False,False,False,False,False,False,False,False,False,True,False,False,False,False,False,False,False,False,False,False,True,False,False,False,False,-0.2588190451,-0.9659258263,0.7818314825,0.6234898019,1.0,0.0
2024-04-23 14:00:00,-0.06368970337793459,0.4594216008,0.9118195972,0.7544484022,-0.2701436465,-2.1546523863,-0.4307178179,0.3198472282,False,-0.1714996949,False,False,False,False,False,False,False,False,False,False,False,False,False,True,False,False,False,False,False,False,False,False,False,False,False,True,False,False,False,-0.5,-0.8660254038,0.7818314825,0.6234898019,1.0,0.0
2024-04-23 15:00:00,-0.06368970337793459,0.5151207433,0.9118195972,0.7544484022,-0.3730476894,-2.109153665,-0.5753692939,0.686549725,False,-0.1714996949,False,False,False,False,False,False,False,False,True,False,False,False,False,False,False,False,False,False,False,True,False,False,False,False,False,False,False,False,False,-0.7071067812,-0.7071067812,0.7818314825,0.6234898019,1.0,0.0
2024-04-23 16:00:00,0.20662644525934518,0.5429703146,0.9118195972,1.0059694426,-0.5788557752,-1.9271587799,-0.6532585502,-0.5969090139,False,-0.1714996949,False,False,False,False,False,False,False,False,True,False,False,False,False,False,False,False,False,False,False,True,False,False,False,False,False,False,False,False,False,-0.8660254038,-0.5,0.7818314825,0.6234898019,1.0,0.0
2024-04-23 17:00:00,0.47694259389662497,0.5615366954,0.9118195972,0.2514063215,-0.5788557752,-1.9726575012,-0.7422748431,-0.6885846381,False,-0.1714996949,False,False,False,False,False,False,False,False,True,False,False,False,False,False,False,False,False,False,False,True,False,False,False,False,False,False,False,False,False,-0.9659258263,-0.2588190451,0.7818314825,0.6234898019,1.0,0.0
2024-04-23 18:00:00,0.47694259389662497,0.5708198859,-0.4901190191,-0.5031567995,-0.6817598181,-2.0181562224,-0.5197341108,-0.7802602623,False,-0.1714996949,False,False,False,False,False,False,False,False,False,True,False,False,False,False,False,False,False,False,True,False,False,False,False,False,False,False,False,False,False,-1.0,-0.0,0.7818314825,0.6234898019,1.0,0.0
2024-04-23 19:00:00,0.20662644525934518,0.3944392679,0.9118195972,0.5029273619,-0.5788557752,-1.8361613373,-0.4529718911,-0.8108188037,False,-0.1714996949,False,False,False,False,False,False,False,False,False,False,False,False,False,True,False,False,False,False,False,False,True,False,False,False,False,False,False,False,False,-0.9659258263,0.2588190451,0.7818314825,0.6234898019,1.0,0.0
2024-04-23 20:00:00,0.34178451957798506,0.2180586499,0.9118195972,0.5029273619,-0.5788557752,-1.6086677309,-0.4307178179,-0.8108188037,False,-0.1714996949,False,False,False,False,False,False,False,False,False,False,False,False,False,True,False,False,False,False,True,False,False,False,False,False,False,False,False,False,False,-0.8660254038,0.5,0.7818314825,0.6234898019,1.0,0.0
2024-04-23 21:00:00,0.20662644525934518,0.0602444127,0.9118195972,0.2514063215,-0.5788557752,-1.3356754033,-0.486353001,-0.8108188037,False,-0.1714996949,False,False,False,False,False,False,False,False,False,False,False,False,False,True,False,False,False,False,False,False,True,False,False,False,False,False,False,False,False,-0.7071067812,0.7071067812,0.7818314825,0.6234898019,1.0,0.0
2024-04-23 22:00:00,-0.06368970337793459,0.0602444127,0.9118195972,0.5029273619,-0.5788557752,-1.2446779607,-0.4752259643,-0.8108188037,False,-0.1714996949,False,False,False,False,False,False,False,False,False,False,False,False,False,True,False,False,False,False,False,False,True,False,False,False,False,False,False,False,False,-0.5,0.8660254038,0.7818314825,0.6234898019,1.0,0.0
2024-04-23 23:00:00,-0.6043220006524941,-0.0418706819,-0.4901190191,-0.0001147188,-0.5788557752,-1.0171843543,-0.341701525,-0.8108188037,False,-0.1714996949,False,False,False,False,False,False,False,False,False,False,False,False,False,True,False,False,False,False,True,False,False,False,False,False,False,False,False,False,False,-0.2588190451,0.9659258263,0.7818314825,0.6234898019,1.0,0.0
2024-04-24 00:00:00,-1.0097962236084137,-0.2461008712,-0.4901190191,-0.0001147188,-0.5788557752,-0.6076958628,-0.3862096714,-0.8108188037,False,-0.1714996949,False,False,False,False,False,False,False,False,False,False,False,False,False,True,False,False,False,False,True,False,False,False,False,False,False,False,False,False,False,0.0,1.0,0.9749279122,-0.222520934,1.0,0.0
2024-04-24 01:00:00,-0.8746381492897739,-0.2739504424,0.9118195972,0.7544484022,-0.5788557752,-0.6986933054,-0.4752259643,-0.8108188037,False,-0.1714996949,False,False,False,False,False,False,False,False,False,False,False,False,False,True,False,False,False,False,False,False,False,True,False,False,False,False,False,False,False,0.2588190451,0.9659258263,0.9749279122,-0.222520934,1.0,0.0
2024-04-24 02:00:00,-1.0097962236084137,-0.2739504424,0.9118195972,1.0059694426,-0.6817598181,-0.7441920267,-0.2971933785,-0.8108188037,False,-0.1714996949,False,False,False,False,False,False,False,False,False,False,False,False,False,True,False,False,False,False,True,False,False,False,False,False,False,False,False,False,False,0.5,0.8660254038,0.9749279122,-0.222520934,1.0,0.0
2024-04-24 03:00:00,-0.8746381492897739,-0.3389327754,0.9118195972,0.7544484022,-0.6817598181,-0.6076958628,-0.3639555982,-0.8108188037,False,-0.1714996949,False,False,False,False,False,False,False,False,False,False,False,False,False,True,False,False,False,False,True,False,False,False,False,False,False,False,False,False,False,0.7071067812,0.7071067812,0.9749279122,-0.222520934,1.0,0.0
2024-04-24 04:00:00,-0.8746381492897739,-0.4503310604,-0.4901190191,-0.0001147188,-0.6817598181,-0.4257009777,-0.1636689391,-0.8108188037,False,-0.1714996949,False,False,False,False,False,False,False,False,False,True,False,False,False,False,False,False,False,False,True,False,False,False,False,False,False,False,False,False,False,0.8660254038,0.5,0.9749279122,-0.222520934,1.0,0.0
2024-04-24 05:00:00,-1.0097962236084137,-0.5895789167,-0.4901190191,-0.2516357592,-0.6817598181,-0.0162124862,-0.197050049,-0.8108188037,False,-0.1714996949,False,False,False,False,False,False,False,False,False,True,False,False,False,False,False,False,False,False,False,False,False,True,False,False,False,False,False,False,False,0.9659258263,0.2588190451,0.9749279122,-0.222520934,1.0,0.0
2024-04-24 06:00:00,-0.8746381492897739,-0.5988621071,-0.4901190191,-1.0061988802,-0.6817598181,-0.0617112075,-0.1302878293,-0.5663504725,False,-0.1714996949,False,False,False,False,False,False,False,False,False,True,False,False,False,False,False,False,False,False,False,False,False,False,False,False,True,False,False,False,False,1.0,0.0,0.9749279122,-0.222520934,1.0,0.0
2024-04-24 07:00:00,-0.8746381492897739,-0.4967470125,-0.4901190191,-0.5031567995,-0.5788557752,-0.1072099288,-0.3083204151,-0.4746748483,False,-0.1714996949,False,False,False,False,False,False,False,False,False,True,False,False,False,False,False,False,False,False,False,False,False,True,False,False,False,False,False,False,False,0.9659258263,-0.2588190451,0.9749279122,-0.222520934,1.0,0.0
2024-04-24 08:00:00,-0.739480074971134,-0.2275344903,-0.4901190191,-0.0001147188,-0.5788557752,-0.6076958628,-0.2526852321,0.228171604,False,-0.1714996949,False,False,True,False,False,False,False,False,False,False,False,False,False,False,False,False,False,False,True,False,False,False,False,False,False,False,False,False,False,0.8660254038,-0.5,0.9749279122,-0.222520934,1.0,0.0
2024-04-24 09:00:00,-0.06368970337793459,-0.0325874915,-0.4901190191,-0.0001147188,-0.4759517323,-0.7441920267,-0.1414148659,-0.3829992241,False,-0.1714996949,False,False,False,False,False,False,False,False,False,True,False,False,False,False,False,False,False,False,True,False,False,False,False,False,False,False,False,False,False,0.7071067812,-0.7071067812,0.9749279122,-0.222520934,1.0,0.0
2024-04-24 10:00:00,0.0714683709407053,0.1437931265,-0.4901190191,-0.2516357592,-0.5788557752,-0.971685633,-0.0412715364,-0.4135577655,False,-0.1714996949,False,False,False,False,False,False,False,False,False,True,False,False,False,False,False,False,False,False,False,False,True,False,False,False,False,False,False,False,False,0.5,-0.8660254038,0.9749279122,-0.222520934,1.0,0.0
2024-04-24 11:00:00,0.47694259389662497,0.264474602,0.9118195972,1.0059694426,-0.5788557752,-1.1991792394,0.526207331,0.533757018,False,-0.1714996949,False,False,False,False,False,False,False,False,False,False,False,False,False,True,False,False,False,False,False,False,True,False,False,False,False,False,False,False,False,0.2588190451,-0.9659258263,0.9749279122,-0.222520934,1.0,0.0
2024-04-24 12:00:00,0.34178451957798506,0.3573065062,0.9118195972,1.2574904829,-0.6817598181,-1.3356754033,0.581842514,0.2892886868,False,-0.1714996949,False,False,False,False,False,False,False,False,False,False,False,False,False,True,False,False,False,False,False,False,True,False,False,False,False,False,False,False,False,0.0,-1.0,0.9749279122,-0.222520934,1.0,0.0
2024-04-24 13:00:00,-0.19884777769657447,0.4594216008,0.9118195972,0.2514063215,-0.784663861,-1.4266728458,0.6152236239,0.4115228524,False,-0.1714996949,False,False,True,False,False,False,False,False,False,False,False,False,False,False,False,False,False,False,False,False,True,False,False,False,False,False,False,False,False,-0.2588190451,-0.9659258263,0.9749279122,-0.222520934,1.0,0.0
2024-04-24 14:00:00,-0.06368970337793459,0.5151207433,0.9118195972,0.7544484022,-0.8875679039,-1.2446779607,0.8266373195,0.686549725,False,-0.1714996949,False,False,True,False,False,False,False,False,False,False,False,False,False,False,False,False,False,False,False,False,True,False,False,False,False,False,False,False,False,-0.5,-0.8660254038,0.9749279122,-0.222520934,1.0,0.0
2024-04-24 15:00:00,0.47694259389662497,0.4687047912,0.9118195972,0.7544484022,-0.9904719468,-1.1536805182,0.8600184294,0.4726399352,False,-0.1714996949,False,False,True,False,False,False,False,False,False,False,False,False,False,False,False,False,False,False,False,False,False,False,True,False,False,False,False,False,False,-0.7071067812,-0.7071067812,0.9749279122,-0.222520934,1.0,0.0
2024-04-24 16:00:00,0.6121006682152649,0.4594216008,-0.4901190191,-0.2516357592,-0.9904719468,-1.2446779607,0.6819858436,0.4115228524,False,-0.1714996949,False,False,True,False,False,False,False,False,False,False,False,False,False,False,False,False,False,False,False,True,False,False,False,False,False,False,False,False,False,-0.8660254038,-0.5,0.9749279122,-0.222520934,1.0,0.0
2024-04-24 17:00:00,0.20662644525934518,0.4965543625,-0.4901190191,-0.7546778399,-1.0933759897,-1.1536805182,0.8043832463,-0.0774138101,False,-0.1714996949,False,False,False,False,False,False,False,False,False,True,False,False,False,False,False,False,False,False,False,True,False,False,False,False,False,False,False,False,False,-0.9659258263,-0.2588190451,0.9749279122,-0.222520934,1.0,0.0
2024-04-24 18:00:00,0.34178451957798506,0.4779879817,-1.8920576355,-1.0061988802,-1.0933759897,-1.3811741245,0.526207331,0.4115228524,False,-0.1714996949,False,False,True,False,False,False,False,False,False,False,False,False,False,False,False,False,False,False,False,False,False,False,False,False,False,False,False,True,False,-1.0,-0.0,0.9749279122,-0.222520934,1.0,0.0
2024-04-24 19:00:00,-0.06368970337793459,0.4037224583,-0.4901190191,-0.5031567995,-0.9904719468,-1.2446779607,0.8822725026,0.228171604,False,-0.1714996949,False,False,True,False,False,False,False,False,False,False,False,False,False,False,False,False,False,False,False,False,False,False,False,False,False,False,True,False,False,-0.9659258263,0.2588190451,0.9749279122,-0.222520934,1.0,0.0
2024-04-24 20:00:00,0.0714683709407053,0.2273418403,-0.4901190191,-0.2516357592,-0.9904719468,-0.9261869118,0.5707154774,0.4115228524,False,-0.1714996949,False,False,True,False,False,False,False,False,False,False,False,False,False,False,False,False,False,False,False,False,False,True,False,False,False,False,False,False,False,-0.8660254038,0.5,0.9749279122,-0.222520934,1.0,0.0
2024-04-24 21:00:00,0.20662644525934518,0.1716426978,-0.4901190191,-1.0061988802,-0.8875679039,-0.8351894692,0.72649399,-0.0162967273,False,-0.1714996949,False,False,False,False,False,False,False,False,False,True,False,False,False,False,False,False,False,False,True,False,False,False,False,False,False,False,False,False,False,-0.7071067812,0.7071067812,0.9749279122,-0.222520934,1.0,0.0
2024-04-24 22:00:00,0.0714683709407053,0.0973771744,-0.4901190191,-0.2516357592,-0.8875679039,-0.6986933054,0.3926828916,0.228171604,False,-0.1714996949,False,False,True,False,False,False,False,False,False,False,False,False,False,False,False,False,False,False,False,True,False,False,False,False,False,False,False,False,False,-0.5,0.8660254038,0.9749279122,-0.222520934,1.0,0.0
2024-04-24 23:00:00,-0.739480074971134,0.0323948415,-1.8920576355,-1.2577199206,-0.8875679039,-0.4257009777,-0.0746526462,-0.7802602623,False,-0.1714996949,False,False,False,False,False,False,False,False,False,True,False,False,False,False,False,False,False,False,False,False,False,False,False,False,False,False,False,True,False,-0.2588190451,0.9659258263,0.9749279122,-0.222520934,1.0,0.0
2024-04-25 00:00:00,-0.8746381492897739,-0.0604370627,-0.4901190191,-0.5031567995,-0.8875679039,-0.1072099288,-0.0857796828,-0.7802602623,False,-0.1714996949,False,False,False,False,False,False,False,False,False,True,False,False,False,False,False,False,False,False,False,False,True,False,False,False,False,False,False,False,False,0.0,1.0,0.4338837391,-0.9009688679,1.0,0.0
2024-04-25 01:00:00,-0.8746381492897739,-0.1439857765,-0.4901190191,-0.7546778399,-0.8875679039,0.1657823989,0.1033799396,-0.8108188037,False,-0.1714996949,False,False,False,False,False,False,False,False,False,True,False,False,False,False,False,False,False,False,False,False,False,True,False,False,False,False,False,False,False,0.2588190451,0.9659258263,0.4338837391,-0.9009688679,1.0,0.0
2024-04-25 02:00:00,-1.0097962236084137,-0.088286634,0.9118195972,0.2514063215,-0.8875679039,0.0292862351,0.0811258664,-0.8108188037,False,-0.1714996949,False,False,False,False,False,False,False,False,False,True,False,False,False,False,False,False,False,False,False,False,False,False,False,False,False,False,True,False,False,0.5,0.8660254038,0.4338837391,-0.9009688679,1.0,0.0
2024-04-25 03:00:00,-0.8746381492897739,-0.1718353478,-0.4901190191,-0.5031567995,-0.9904719468,0.1657823989,0.1923962325,-0.8108188037,False,-0.1714996949,False,False,False,False,False,False,False,False,False,True,False,False,False,False,False,False,False,False,False,False,False,False,False,False,False,False,True,False,False,0.7071067812,0.7071067812,0.4338837391,-0.9009688679,1.0,0.0
2024-04-25 04:00:00,-0.8746381492897739,-0.2182512999,-0.4901190191,-0.5031567995,-0.9904719468,0.3022785627,0.0366177199,-0.8108188037,False,-0.1714996949,False,False,False,False,False,False,False,False,False,True,False,False,False,False,False,False,False,False,False,False,False,False,False,False,True,False,False,False,False,0.8660254038,0.5,0.4338837391,-0.9009688679,1.0,0.0
2024-04-25 05:00:00,-1.0097962236084137,-0.3018000137,-0.4901190191,-0.2516357592,-0.9904719468,0.5752708904,0.0366177199,-0.5663504725,False,-0.1714996949,False,False,False,False,False,False,False,False,False,True,False,False,False,False,False,False,False,False,False,False,False,False,False,False,False,False,True,False,False,0.9659258263,0.2588190451,0.4338837391,-0.9009688679,1.0,0.0
2024-04-25 06:00:00,-0.8746381492897739,-0.2832336328,-0.4901190191,-0.5031567995,-0.9904719468,0.3932760053,0.2925395621,-0.4135577655,False,-0.1714996949,False,False,False,False,False,False,False,False,False,True,False,False,False,False,False,False,False,False,False,False,False,False,False,False,False,False,True,False,False,1.0,0.0,0.4338837391,-0.9009688679,1.0,0.0
2024-04-25 07:00:00,-0.8746381492897739,-0.1811185382,-0.4901190191,-0.2516357592,-0.9904719468,0.347777284,0.0032366101,-0.6580260967,False,-0.1714996949,False,False,False,False,False,False,False,False,False,True,False,False,False,False,False,False,False,False,False,False,False,False,False,False,False,True,False,False,False,0.9659258263,-0.2588190451,0.4338837391,-0.9009688679,1.0,0.0
2024-04-25 08:00:00,-0.739480074971134,0.0323948415,0.9118195972,0.2514063215,-0.8875679039,0.0292862351,-0.1080337561,-0.7802602623,False,-0.1714996949,False,False,False,False,False,False,False,False,False,True,False,False,False,False,False,False,False,False,False,False,False,False,False,False,False,False,True,False,False,0.8660254038,-0.5,0.4338837391,-0.9009688679,1.0,0.0
2024-04-25 09:00:00,-0.3340058520152144,0.2180586499,0.9118195972,0.7544484022,-0.8875679039,-0.2892048139,0.2591584522,-0.7191431795,False,-0.1714996949,False,False,False,False,False,False,False,False,False,True,False,False,False,False,False,False,False,False,False,False,False,False,True,False,False,False,False,False,False,0.7071067812,-0.7071067812,0.4338837391,-0.9009688679,1.0,0.0
2024-04-25 10:00:00,-0.3340058520152144,0.4501384104,0.9118195972,0.5029273619,-0.8875679039,-0.8806881905,0.2146503058,-0.8108188037,False,-0.1714996949,False,False,False,False,False,False,False,False,False,True,False,False,False,False,False,False,False,False,False,False,False,False,False,False,False,True,False,False,False,0.5,-0.8660254038,0.4338837391,-0.9009688679,1.0,0.0
2024-04-25 11:00:00,0.20662644525934518,0.617235838,0.9118195972,0.2514063215,-0.8875679039,-1.0171843543,0.4928262211,-0.8108188037,False,-0.1714996949,False,False,False,False,False,False,False,False,False,True,False,False,False,False,False,False,False,False,False,False,False,False,False,False,False,False,True,False,False,0.2588190451,-0.9659258263,0.4338837391,-0.9009688679,1.0,0.0
2024-04-25 12:00:00,0.34178451957798506,0.8121828368,0.9118195972,0.5029273619,-0.9904719468,-1.0626830756,0.8600184294,-0.8108188037,False,-0.1714996949,False,False,False,False,False,False,False,False,False,True,False,False,False,False,False,False,False,False,False,False,False,False,False,False,False,True,False,False,False,0.0,-1.0,0.4338837391,-0.9009688679,1.0,0.0
2024-04-25 13:00:00,0.34178451957798506,0.9328643123,0.9118195972,1.0059694426,-1.0933759897,-1.2446779607,1.3718621137,-0.8108188037,False,-0.1714996949,False,False,False,False,False,False,False,False,False,True,False,False,False,False,False,False,False,False,False,False,False,False,False,False,False,False,True,False,False,-0.2588190451,-0.9659258263,0.4338837391,-0.9009688679,1.0,0.0
2024-04-25 14:00:00,0.47694259389662497,1.0999617399,0.9118195972,0.5029273619,-1.1962800326,-1.4721715671,1.6945461755,-0.8108188037,False,-0.1714996949,False,False,False,False,False,False,False,False,False,True,False,False,False,False,False,False,False,False,False,True,False,False,False,False,False,False,False,False,False,-0.5,-0.8660254038,0.4338837391,-0.9009688679,1.0,0.0
2024-04-25 15:00:00,1.6933652627643838,1.1092449303,0.9118195972,0.2514063215,-1.2991840755,-1.4721715671,1.6166569192,-0.8108188037,False,-0.1714996949,False,False,False,False,False,False,False,False,False,True,False,False,False,False,False,False,False,False,False,False,False,False,True,False,False,False,False,False,False,-0.7071067812,-0.7071067812,0.4338837391,-0.9009688679,1.0,0.0
2024-04-25 16:00:00,1.4230491141271042,1.1835104536,-0.4901190191,-0.0001147188,-1.4020881184,-1.6541664522,1.6945461755,-0.8108188037,False,-0.1714996949,False,False,False,False,False,False,False,False,False,True,False,False,False,False,False,False,False,False,False,True,False,False,False,False,False,False,False,False,False,-0.8660254038,-0.5,0.4338837391,-0.9009688679,1.0,0.0
2024-04-25 17:00:00,1.1527329654898244,1.2020768345,0.9118195972,0.2514063215,-1.5049921613,-1.6541664522,1.6945461755,-0.8108188037,False,-0.1714996949,False,False,False,False,False,False,False,False,False,True,False,False,False,False,False,False,False,False,False,True,False,False,False,False,False,False,False,False,False,-0.9659258263,-0.2588190451,0.4338837391,-0.9009688679,1.0,0.0
2024-04-25 18:00:00,0.8824168168525446,1.1185281207,0.9118195972,1.2574904829,-1.4020881184,-1.3811741245,1.6945461755,-0.8108188037,False,-0.1714996949,False,False,False,False,False,False,False,False,False,True,False,False,False,False,False,False,False,False,False,False,True,False,False,False,False,False,False,False,False,-1.0,-0.0,0.4338837391,-0.9009688679,1.0,0.0
2024-04-25 19:00:00,0.6121006682152649,0.9328643123,0.9118195972,0.2514063215,-1.4020881184,-1.1536805182,1.6945461755,-0.8108188037,False,-0.1714996949,False,False,False,False,False,False,False,False,False,True,False,False,False,False,False,False,False,False,False,False,True,False,False,False,False,False,False,False,False,-0.9659258263,0.2588190451,0.4338837391,-0.9009688679,1.0,0.0
2024-04-25 20:00:00,0.7472587425339047,0.6729349805,0.9118195972,0.2514063215,-1.4020881184,-0.7441920267,1.6945461755,-0.8108188037,False,-0.1714996949,False,False,False,False,False,False,False,False,False,True,False,False,False,False,False,False,False,False,False,False,True,False,False,False,False,False,False,False,False,-0.8660254038,0.5,0.4338837391,-0.9009688679,1.0,0.0
2024-04-25 21:00:00,0.6121006682152649,0.552253505,0.9118195972,0.2514063215,-1.2991840755,-0.5166984203,1.4052432235,-0.8108188037,False,-0.1714996949,False,False,False,False,False,False,False,False,False,True,False,False,False,False,False,False,False,False,False,False,True,False,False,False,False,False,False,False,False,-0.7071067812,0.7071067812,0.4338837391,-0.9009688679,1.0,0.0
2024-04-25 22:00:00,0.34178451957798506,0.4965543625,0.9118195972,0.5029273619,-1.2991840755,-0.3802022564,1.3941161869,-0.8108188037,False,-0.1714996949,False,False,False,False,False,False,False,False,False,True,False,False,False,False,False,False,False,False,True,False,False,False,False,False,False,False,False,False,False,-0.5,0.8660254038,0.4338837391,-0.9009688679,1.0,0.0
2024-04-25 23:00:00,-0.8746381492897739,0.3480233158,-0.4901190191,-0.5031567995,-1.2991840755,-0.15270865,1.6277839558,-0.8108188037,False,-0.1714996949,False,False,False,False,False,False,False,False,False,True,False,False,False,False,False,False,False,False,False,False,False,True,False,False,False,False,False,False,False,-0.2588190451,0.9659258263,0.4338837391,-0.9009688679,1.0,0.0
2024-04-26 00:00:00,-0.8746381492897739,0.3016073637,0.9118195972,0.5029273619,-1.2991840755,-0.1072099288,0.6263506605,-0.7802602623,False,-0.1714996949,False,False,False,False,False,False,False,False,False,True,False,False,False,False,False,False,False,False,False,False,False,True,False,False,False,False,False,False,False,0.0,1.0,-0.4338837391,-0.9009688679,1.0,0.0
2024-04-26 01:00:00,-0.8746381492897739,0.1623595074,-0.4901190191,-0.0001147188,-1.2991840755,0.0747849564,0.2925395621,-0.8108188037,False,-0.1714996949,False,False,False,False,False,False,False,False,False,True,False,False,False,False,False,False,False,False,False,False,False,True,False,False,False,False,False,False,False,0.2588190451,0.9659258263,-0.4338837391,-0.9009688679,1.0,0.0
2024-04-26 02:00:00,-1.0097962236084137,0.1902090786,0.9118195972,1.0059694426,-1.2991840755,-0.2892048139,1.305099894,-0.8108188037,False,-0.1714996949,False,False,False,False,False,False,False,False,False,True,False,False,False,False,False,False,False,False,True,False,False,False,False,False,False,False,False,False,False,0.5,0.8660254038,-0.4338837391,-0.9009688679,1.0,0.0
2024-04-26 03:00:00,-0.8746381492897739,0.0973771744,0.9118195972,0.2514063215,-1.4020881184,-0.15270865,1.015796942,-0.8108188037,False,-0.1714996949,False,False,False,False,False,False,False,False,False,True,False,False,False,False,False,False,False,False,True,False,False,False,False,False,False,False,False,False,False,0.7071067812,0.7071067812,-0.4338837391,-0.9009688679,1.0,0.0
2024-04-26 04:00:00,-0.8746381492897739,0.0416780319,0.9118195972,0.2514063215,-1.2991840755,0.0292862351,0.581842514,-0.7802602623,False,-0.1714996949,False,False,False,False,False,False,False,False,False,True,False,False,False,False,False,False,False,False,True,False,False,False,False,False,False,False,False,False,False,0.8660254038,0.5,-0.4338837391,-0.9009688679,1.0,0.0
2024-04-26 05:00:00,-1.0097962236084137,-0.0975698244,0.9118195972,0.2514063215,-1.2991840755,0.2112811202,0.8155102829,-0.8108188037,False,-0.1714996949,False,False,False,False,False,False,False,False,False,True,False,False,False,False,False,False,False,False,True,False,False,False,False,False,False,False,False,False,False,0.9659258263,0.2588190451,-0.4338837391,-0.9009688679,1.0,0.0
2024-04-26 06:00:00,-0.8746381492897739,-0.0325874915,0.9118195972,0.2514063215,-1.2991840755,0.0292862351,1.3384810038,-0.7802602623,False,-0.1714996949,False,False,False,False,False,False,False,False,False,True,False,False,False,False,False,False,False,False,False,False,False,False,False,False,True,False,False,False,False,1.0,0.0,-0.4338837391,-0.9009688679,1.0,0.0
2024-04-26 07:00:00,-0.8746381492897739,0.0045452702,-0.4901190191,-0.5031567995,-1.2991840755,-0.0617112075,1.4052432235,-0.5663504725,False,-0.1714996949,False,False,False,False,False,False,False,False,False,True,False,False,False,False,False,False,False,False,False,False,False,False,False,False,False,False,True,False,False,0.9659258263,-0.2588190451,-0.4338837391,-0.9009688679,1.0,0.0
2024-04-26 08:00:00,-0.739480074971134,0.264474602,0.9118195972,0.2514063215,-1.1962800326,-0.3802022564,1.4386243333,-0.7497017209,False,-0.1714996949,False,False,False,False,False,False,False,False,False,True,False,False,False,False,False,False,False,False,True,False,False,False,False,False,False,False,False,False,False,0.8660254038,-0.5,-0.4338837391,-0.9009688679,1.0,0.0
2024-04-26 09:00:00,-0.3340058520152144,0.4687047912,0.9118195972,0.2514063215,-1.1962800326,-0.5166984203,0.8933995392,-0.8108188037,False,-0.1714996949,False,False,False,False,False,False,False,False,False,True,False,False,False,False,False,False,False,False,False,False,False,True,False,False,False,False,False,False,False,0.7071067812,-0.7071067812,-0.4338837391,-0.9009688679,1.0,0.0
2024-04-26 10:00:00,-0.19884777769657447,0.6265190284,0.9118195972,0.5029273619,-1.1962800326,-0.7441920267,0.6040965873,-0.8108188037,False,-0.1714996949,False,False,False,False,False,False,False,False,False,True,False,False,False,False,False,False,False,False,False,False,False,True,False,False,False,False,False,False,False,0.5,-0.8660254038,-0.4338837391,-0.9009688679,1.0,0.0
2024-04-26 11:00:00,0.0714683709407053,0.8400324081,0.9118195972,0.7544484022,-1.1962800326,-0.8351894692,0.6040965873,-0.8108188037,False,-0.1714996949,False,False,False,False,False,False,False,False,False,True,False,False,False,False,False,False,False,False,True,False,False,False,False,False,False,False,False,False,False,0.2588190451,-0.9659258263,-0.4338837391,-0.9009688679,1.0,0.0
2024-04-26 12:00:00,0.47694259389662497,0.9792802644,0.9118195972,0.5029273619,-1.2991840755,-0.8351894692,0.9379076857,-0.8108188037,False,-0.1714996949,False,False,False,False,False,False,False,False,False,True,False,False,False,False,False,False,False,False,True,False,False,False,False,False,False,False,False,False,False,0.0,-1.0,-0.4338837391,-0.9009688679,1.0,0.0
2024-04-26 13:00:00,0.47694259389662497,1.0349794069,0.9118195972,1.7605325636,-1.4020881184,-0.9261869118,1.3829891503,-0.7802602623,False,-0.1714996949,False,False,False,False,False,False,False,False,False,True,False,False,False,False,False,False,False,False,True,False,False,False,False,False,False,False,False,False,False,-0.2588190451,-0.9659258263,-0.4338837391,-0.9009688679,1.0,0.0
2024-04-26 14:00:00,1.0175748911711844,1.1742272632,0.9118195972,1.7605325636,-1.5049921613,-1.0626830756,1.6945461755,-0.8108188037,False,-0.1714996949,False,False,False,False,False,False,False,False,False,True,False,False,False,False,False,False,False,False,False,False,True,False,False,False,False,False,False,False,False,-0.5,-0.8660254038,-0.4338837391,-0.9009688679,1.0,0.0
2024-04-26 15:00:00,1.0175748911711844,1.2206432153,2.3137582136,2.2635746443,-1.6078962042,-1.290176682,1.6945461755,-0.8108188037,False,-0.1714996949,False,False,False,False,False,False,False,False,False,True,False,False,False,False,False,False,False,False,False,False,True,False,False,False,False,False,False,False,False,-0.7071067812,-0.7071067812,-0.4338837391,-0.9009688679,1.0,0.0
2024-04-26 16:00:00,1.0175748911711844,1.2299264057,2.3137582136,2.766616725,-1.7108002471,-1.3356754033,1.6945461755,-0.8108188037,False,-0.1714996949,False,False,False,False,False,False,False,False,False,True,False,False,False,False,False,False,False,False,True,False,False,False,False,False,False,False,False,False,False,-0.8660254038,-0.5,-0.4338837391,-0.9009688679,1.0,0.0
2024-04-26 17:00:00,1.558207188445744,1.1370945015,2.3137582136,2.5150956847,-1.7108002471,-0.971685633,1.4831324798,-0.7497017209,False,-0.1714996949,False,False,False,False,False,False,False,False,False,True,False,False,False,False,False,False,False,False,False,False,True,False,False,False,False,False,False,False,False,-0.9659258263,-0.2588190451,-0.4338837391,-0.9009688679,1.0,0.0
2024-04-26 18:00:00,1.1527329654898244,1.0999617399,0.9118195972,1.7605325636,-1.7108002471,-0.8806881905,1.6945461755,-0.8108188037,False,-0.1714996949,False,False,False,False,False,False,False,False,False,True,False,False,False,False,False,False,False,False,True,False,False,False,False,False,False,False,False,False,False,-1.0,-0.0,-0.4338837391,-0.9009688679,1.0,0.0
2024-04-26 19:00:00,0.7472587425339047,0.9792802644,0.9118195972,1.0059694426,-1.7108002471,-0.6531945841,1.6945461755,-0.6274675553,False,-0.1714996949,False,False,False,False,False,False,False,False,False,True,False,False,False,False,False,False,False,False,False,False,True,False,False,False,False,False,False,False,False,-0.9659258263,0.2588190451,-0.4338837391,-0.9009688679,1.0,0.0
2024-04-26 20:00:00,0.6121006682152649,0.8493155985,-0.4901190191,-0.0001147188,-1.6078962042,-0.471199699,1.6945461755,0.3504057696,False,-0.1714996949,False,False,True,False,False,False,False,False,False,False,False,False,False,False,False,False,False,False,False,False,True,False,False,False,False,False,False,False,False,-0.8660254038,0.5,-0.4338837391,-0.9009688679,1.0,0.0
2024-04-26 21:00:00,0.47694259389662497,0.7100677422,-0.4901190191,-0.5031567995,-1.5049921613,-0.2892048139,1.6945461755,1.6949815913,False,-0.1714996949,False,False,True,False,False,False,False,False,False,False,False,False,False,False,False,False,False,False,True,False,False,False,False,False,False,False,False,False,False,-0.7071067812,0.7071067812,-0.4338837391,-0.9009688679,1.0,0.0
2024-04-26 22:00:00,0.20662644525934518,0.5893862667,-0.4901190191,-0.5031567995,-1.4020881184,0.0292862351,0.7932562097,1.2366034702,False,-0.1714996949,False,False,True,False,False,False,False,False,False,False,False,False,False,False,False,False,False,False,False,False,False,False,False,False,False,False,True,False,False,-0.5,0.8660254038,-0.4338837391,-0.9009688679,1.0,0.0
2024-04-26 23:00:00,-0.739480074971134,0.5708198859,-0.4901190191,-0.5031567995,-1.4020881184,-0.0162124862,0.4260640014,0.533757018,False,-0.1714996949,False,False,True,False,False,False,False,False,False,False,False,False,False,False,False,False,False,False,False,False,False,False,False,False,True,False,False,False,False,-0.2588190451,0.9659258263,-0.4338837391,-0.9009688679,1.0,0.0
2024-04-27 00:00:00,-0.8746381492897739,0.5429703146,-0.4901190191,-0.0001147188,-1.4020881184,-0.1072099288,0.437191038,0.0142618141,False,-0.1714996949,False,False,False,False,False,False,False,False,False,True,False,False,False,False,False,False,False,False,False,False,False,False,False,False,True,False,False,False,True,0.0,1.0,-0.9749279122,-0.222520934,1.0,0.0
2024-04-27 01:00:00,-0.8746381492897739,0.4130056487,-0.4901190191,-0.0001147188,-1.2991840755,-0.1072099288,0.5595884408,0.0142618141,False,-0.1714996949,False,False,False,False,False,False,False,False,False,True,False,False,False,False,False,False,False,False,False,False,False,True,False,False,False,False,False,False,True,0.2588190451,0.9659258263,-0.9749279122,-0.222520934,1.0,0.0
2024-04-27 02:00:00,-1.0097962236084137,0.5244039338,0.9118195972,1.0059694426,-1.2991840755,-0.3802022564,1.1048132349,0.2892886868,False,-0.1714996949,False,False,True,False,False,False,False,False,False,False,False,False,False,False,False,False,False,False,False,False,False,False,False,False,True,False,False,False,True,0.5,0.8660254038,-0.9749279122,-0.222520934,1.0,0.0
2024-04-27 03:00:00,-0.8746381492897739,0.4779879817,0.9118195972,0.7544484022,-1.2991840755,-0.4257009777,1.6055298826,-0.0468552687,False,-0.1714996949,False,False,False,False,False,False,False,False,False,True,False,False,False,False,False,False,False,False,True,False,False,False,False,False,False,False,False,False,True,0.7071067812,0.7071067812,-0.9749279122,-0.222520934,1.0,0.0
2024-04-27 04:00:00,-1.0097962236084137,0.4315720296,0.9118195972,0.5029273619,-1.1962800326,-0.1982073713,1.4274972967,-0.2607650585,False,-0.1714996949,False,False,False,False,False,False,False,False,False,True,False,False,False,False,False,False,False,False,False,False,False,False,False,False,False,True,False,False,True,0.8660254038,0.5,-0.9749279122,-0.222520934,1.0,0.0
2024-04-27 05:00:00,-0.8746381492897739,0.3108905541,-0.4901190191,-0.5031567995,-1.1962800326,-0.0162124862,1.3162269306,-0.5357919311,False,-0.1714996949,False,False,False,False,False,False,False,False,False,True,False,False,False,False,False,False,False,False,False,False,False,False,True,False,False,False,False,False,True,0.9659258263,0.2588190451,-0.9749279122,-0.222520934,1.0,0.0
2024-04-27 06:00:00,-0.8746381492897739,0.2180586499,-1.8920576355,-1.2577199206,-1.1962800326,0.4387747266,0.7821291731,1.3282790945,False,-0.1714996949,False,False,True,False,False,False,False,False,False,False,False,False,False,False,False,False,False,False,False,False,False,False,False,False,False,False,False,True,True,1.0,0.0,-0.9749279122,-0.222520934,1.0,0.0
2024-04-27 07:00:00,-1.0097962236084137,0.3108905541,-0.4901190191,-0.0001147188,-1.1962800326,0.3022785627,0.5039532577,0.5643155594,False,-0.1714996949,False,False,True,False,False,False,False,False,False,False,False,False,False,False,False,False,False,False,False,False,False,False,False,False,True,False,False,False,True,0.9659258263,-0.2588190451,-0.9749279122,-0.222520934,1.0,0.0
2024-04-27 08:00:00,-0.739480074971134,0.4130056487,-1.8920576355,-1.0061988802,-1.0933759897,0.1202836776,0.5039532577,0.1059374383,False,-0.1714996949,False,False,True,False,False,False,False,False,False,False,False,False,False,False,False,False,False,False,False,False,False,False,False,False,False,False,False,True,True,0.8660254038,-0.5,-0.9749279122,-0.222520934,1.0,0.0
2024-04-27 09:00:00,-0.3340058520152144,0.6079526476,-0.4901190191,-0.0001147188,-1.1962800326,-0.0162124862,0.4149369648,0.1059374383,False,-0.1714996949,False,False,True,False,False,False,False,False,False,False,False,False,False,False,False,False,False,False,True,False,False,False,False,False,False,False,False,False,True,0.7071067812,-0.7071067812,-0.9749279122,-0.222520934,1.0,0.0
2024-04-27 10:00:00,0.6121006682152649,0.7472005039,-0.4901190191,-0.0001147188,-1.0933759897,-0.4257009777,0.7932562097,1.2060449288,False,-0.1714996949,False,False,True,False,False,False,False,False,False,False,False,False,False,False,False,False,False,False,False,False,True,False,False,False,False,False,False,False,True,0.5,-0.8660254038,-0.9749279122,-0.222520934,1.0,0.0
2024-04-27 11:00:00,0.8824168168525446,0.7843332655,0.9118195972,0.5029273619,-1.0933759897,-0.6531945841,0.7710021365,2.0311255467,False,-0.1714996949,False,False,False,False,False,False,False,False,False,False,False,False,False,False,True,False,False,False,True,False,False,False,False,False,False,False,False,False,True,0.2588190451,-0.9659258263,-0.9749279122,-0.222520934,1.0,0.0
2024-04-27 12:00:00,0.7472587425339047,0.8307492177,0.9118195972,1.2574904829,-1.1962800326,-0.5621971415,0.72649399,2.0922426295,False,-0.1714996949,False,False,False,False,False,False,False,False,False,False,False,False,False,False,True,False,False,False,False,False,True,False,False,False,False,False,False,False,True,0.0,-1.0,-0.9749279122,-0.222520934,1.0,0.0
2024-04-27 13:00:00,0.8824168168525446,0.9421475027,0.9118195972,0.7544484022,-1.1962800326,-0.6986933054,0.8600184294,1.4810718015,False,-0.1714996949,False,False,True,False,False,False,False,False,False,False,False,False,False,False,False,False,False,False,False,False,True,False,False,False,False,False,False,False,True,-0.2588190451,-0.9659258263,-0.9749279122,-0.222520934,1.0,0.0
2024-04-27 14:00:00,1.4230491141271042,0.8957315506,2.3137582136,2.5150956847,-1.2991840755,-0.7441920267,1.4831324798,2.0616840881,False,-0.1714996949,False,False,False,False,False,False,False,False,False,False,False,False,False,False,True,False,False,False,True,False,False,False,False,False,False,False,False,False,True,-0.5,-0.8660254038,-0.9749279122,-0.222520934,1.0,0.0
2024-04-27 15:00:00,1.6933652627643838,0.905014741,0.9118195972,0.5029273619,-1.2991840755,-0.6076958628,1.5721487727,2.0922426295,False,-0.1714996949,False,False,False,False,False,False,False,False,False,False,False,False,False,False,True,False,False,False,True,False,False,False,False,False,False,False,False,False,True,-0.7071067812,-0.7071067812,-0.9749279122,-0.222520934,1.0,0.0
2024-04-27 16:00:00,1.2878910398084642,0.9514306931,0.9118195972,0.7544484022,-1.4020881184,-0.6076958628,1.6722921022,2.0922426295,False,-0.1714996949,False,False,False,False,False,False,False,False,False,False,False,False,False,False,True,False,False,False,False,False,True,False,False,False,False,False,False,False,True,-0.8660254038,-0.5,-0.9749279122,-0.222520934,1.0,0.0
2024-04-27 17:00:00,1.1527329654898244,0.9885634548,0.9118195972,1.0059694426,-1.4020881184,-0.6076958628,1.6277839558,1.5727474257,False,-0.1714996949,False,False,True,False,False,False,False,False,False,False,False,False,False,False,False,False,False,False,True,False,False,False,False,False,False,False,False,False,True,-0.9659258263,-0.2588190451,-0.9749279122,-0.222520934,1.0,0.0
2024-04-27 18:00:00,1.1527329654898244,1.0071298356,0.9118195972,1.5090115233,-1.5049921613,-0.6986933054,1.6722921022,0.5948741008,False,-0.1714996949,False,False,True,False,False,False,False,False,False,False,False,False,False,False,False,False,False,False,False,False,True,False,False,False,False,False,False,False,True,-1.0,-0.0,-0.9749279122,-0.222520934,1.0,0.0
2024-04-27 19:00:00,1.0175748911711844,0.9328643123,0.9118195972,1.2574904829,-1.4020881184,-0.5621971415,1.6945461755,0.1364959797,False,-0.1714996949,False,False,True,False,False,False,False,False,False,False,False,False,False,False,False,False,False,False,False,False,True,False,False,False,False,False,False,False,True,-0.9659258263,0.2588190451,-0.9749279122,-0.222520934,1.0,0.0
2024-04-27 20:00:00,1.0175748911711844,0.7750500751,0.9118195972,0.5029273619,-1.4020881184,-0.2892048139,1.6945461755,0.5643155594,False,-0.1714996949,False,False,True,False,False,False,False,False,False,False,False,False,False,False,False,False,False,False,False,False,True,False,False,False,False,False,False,False,True,-0.8660254038,0.5,-0.9749279122,-0.222520934,1.0,0.0
2024-04-27 21:00:00,0.8824168168525446,0.7750500751,0.9118195972,0.7544484022,-1.2991840755,-0.4257009777,1.6945461755,1.2977205531,False,-0.1714996949,False,False,True,False,False,False,False,False,False,False,False,False,False,False,False,False,False,False,False,False,True,False,False,False,False,False,False,False,True,-0.7071067812,0.7071067812,-0.9749279122,-0.222520934,1.0,0.0
2024-04-27 22:00:00,0.47694259389662497,0.6822181709,0.9118195972,1.2574904829,-1.1962800326,-0.2437060926,1.44975137,0.6254326422,False,-0.1714996949,False,False,True,False,False,False,False,False,False,False,False,False,False,False,False,False,False,False,True,False,False,False,False,False,False,False,False,False,True,-0.5,0.8660254038,-0.9749279122,-0.222520934,1.0,0.0
2024-04-27 23:00:00,-0.739480074971134,0.5986694571,0.9118195972,0.7544484022,-1.1962800326,-0.2892048139,1.5165135896,-0.7497017209,False,-0.1714996949,False,False,False,False,False,False,False,False,False,True,False,False,False,False,False,False,False,False,True,False,False,False,False,False,False,False,False,False,True,-0.2588190451,0.9659258263,-0.9749279122,-0.222520934,1.0,0.0
2024-04-28 00:00:00,-0.8746381492897739,0.5151207433,0.9118195972,0.2514063215,-1.1962800326,-0.15270865,1.4163702601,-0.7497017209,False,-0.1714996949,False,False,False,False,False,False,False,False,False,True,False,False,False,False,False,False,False,False,True,False,False,False,False,False,False,False,False,False,False,0.0,1.0,-0.7818314825,0.6234898019,1.0,0.0
2024-04-28 01:00:00,-1.0097962236084137,0.4501384104,0.9118195972,0.2514063215,-1.1962800326,0.0292862351,1.1381943448,-0.5969090139,False,-0.1714996949,False,False,False,False,False,False,False,False,False,True,False,False,False,False,False,False,False,False,True,False,False,False,False,False,False,False,False,False,False,0.2588190451,0.9659258263,-0.7818314825,0.6234898019,1.0,0.0
2024-04-28 02:00:00,-0.8746381492897739,0.3387401253,0.9118195972,0.2514063215,-1.0933759897,0.2112811202,0.5484614042,-0.7191431795,False,-0.1714996949,False,False,False,False,False,False,False,False,False,True,False,False,False,False,False,False,False,False,True,False,False,False,False,False,False,False,False,False,False,0.5,0.8660254038,-0.7818314825,0.6234898019,1.0,0.0
2024-04-28 03:00:00,-1.0097962236084137,0.3108905541,0.9118195972,0.5029273619,-1.0933759897,0.2112811202,0.7042399168,-0.8108188037,False,-0.1714996949,False,False,False,False,False,False,False,False,False,True,False,False,False,False,False,False,False,False,True,False,False,False,False,False,False,False,False,False,False,0.7071067812,0.7071067812,-0.7818314825,0.6234898019,1.0,0.0
2024-04-28 04:00:00,-0.8746381492897739,0.3201737445,0.9118195972,1.2574904829,-1.0933759897,0.2112811202,0.5484614042,-0.8108188037,False,-0.1714996949,False,False,False,False,False,False,False,False,False,True,False,False,False,False,False,False,False,False,True,False,False,False,False,False,False,False,False,False,False,0.8660254038,0.5,-0.7818314825,0.6234898019,1.0,0.0
2024-04-28 05:00:00,-1.0097962236084137,0.2830409828,0.9118195972,1.0059694426,-1.0933759897,0.2567798415,0.4260640014,-0.6885846381,False,-0.1714996949,False,False,False,False,False,False,False,False,False,True,False,False,False,False,False,False,False,False,True,False,False,False,False,False,False,False,False,False,False,0.9659258263,0.2588190451,-0.7818314825,0.6234898019,1.0,0.0
2024-04-28 06:00:00,-0.8746381492897739,0.2459082211,0.9118195972,1.0059694426,-1.0933759897,0.3932760053,0.2035232691,-0.8108188037,False,-0.1714996949,False,False,False,False,False,False,False,False,False,True,False,False,False,False,False,False,False,False,True,False,False,False,False,False,False,False,False,False,False,1.0,0.0,-0.7818314825,0.6234898019,1.0,0.0
2024-04-28 07:00:00,-0.8746381492897739,0.3016073637,0.9118195972,0.2514063215,-0.9904719468,0.4387747266,0.0588717932,-0.6274675553,False,-0.1714996949,False,False,False,False,False,False,False,False,False,True,False,False,False,False,False,False,False,False,True,False,False,False,False,False,False,False,False,False,False,0.9659258263,-0.2588190451,-0.7818314825,0.6234898019,1.0,0.0
2024-04-28 08:00:00,-0.739480074971134,0.4501384104,0.9118195972,1.5090115233,-0.9904719468,0.2112811202,-0.1191607927,-0.5969090139,False,-0.1714996949,False,False,False,False,False,False,False,False,False,True,False,False,False,False,False,False,False,False,True,False,False,False,False,False,False,False,False,False,False,0.8660254038,-0.5,-0.7818314825,0.6234898019,1.0,0.0
2024-04-28 09:00:00,-0.19884777769657447,0.5708198859,2.3137582136,2.012053604,-0.9904719468,0.0292862351,-0.0746526462,-0.5663504725,False,-0.1714996949,False,False,False,False,False,False,False,False,False,True,False,False,False,False,False,False,False,False,True,False,False,False,False,False,False,False,False,False,False,0.7071067812,-0.7071067812,-0.7818314825,0.6234898019,1.0,0.0
2024-04-28 10:00:00,0.34178451957798506,0.6729349805,2.3137582136,2.5150956847,-0.8875679039,-0.0617112075,0.1033799396,-0.6885846381,False,-0.1714996949,False,False,False,False,False,False,False,False,False,True,False,False,False,False,False,False,False,False,True,False,False,False,False,False,False,False,False,False,False,0.5,-0.8660254038,-0.7818314825,0.6234898019,1.0,0.0
2024-04-28 11:00:00,0.20662644525934518,0.8121828368,2.3137582136,2.2635746443,-0.8875679039,-0.3802022564,0.3259206719,-0.7802602623,False,-0.1714996949,False,False,False,False,False,False,False,False,False,True,False,False,False,False,False,False,False,False,False,False,True,False,False,False,False,False,False,False,False,0.2588190451,-0.9659258263,-0.7818314825,0.6234898019,1.0,0.0
2024-04-28 12:00:00,0.47694259389662497,0.9235811219,2.3137582136,2.766616725,-0.9904719468,-0.5621971415,0.5039532577,-0.8108188037,False,-0.1714996949,False,False,False,False,False,False,False,False,False,True,False,False,False,False,False,False,False,False,False,False,True,False,False,False,False,False,False,False,False,0.0,-1.0,-0.7818314825,0.6234898019,1.0,0.0
2024-04-28 13:00:00,0.34178451957798506,1.0721121686,2.3137582136,2.5150956847,-1.0933759897,-0.6986933054,0.9490347223,-0.7497017209,False,-0.1714996949,False,False,False,False,False,False,False,False,False,True,False,False,False,False,False,False,False,False,False,False,True,False,False,False,False,False,False,False,False,-0.2588190451,-0.9659258263,-0.7818314825,0.6234898019,1.0,0.0
2024-04-28 14:00:00,0.8824168168525446,1.081395359,2.3137582136,3.521179846,-1.1962800326,-0.8351894692,1.4608784066,-0.7497017209,False,-0.1714996949,False,False,False,False,False,False,False,False,False,True,False,False,False,False,False,False,False,False,False,False,True,False,False,False,False,False,False,False,False,-0.5,-0.8660254038,-0.7818314825,0.6234898019,1.0,0.0
2024-04-28 15:00:00,1.6933652627643838,1.1370945015,2.3137582136,3.2696588057,-1.2991840755,-0.7441920267,0.8266373195,-0.6885846381,False,-0.1714996949,False,False,False,False,False,False,False,False,False,True,False,False,False,False,False,False,False,False,False,False,True,False,False,False,False,False,False,False,False,-0.7071067812,-0.7071067812,-0.7818314825,0.6234898019,1.0,0.0
2024-04-28 16:00:00,2.2339975600389437,1.1649440728,3.7156968299,3.7727008864,-1.4020881184,-0.9261869118,1.1159402715,-0.2302065171,False,-0.1714996949,False,False,False,False,False,False,False,False,False,True,False,False,False,False,False,False,False,False,True,False,False,False,False,False,False,False,False,False,False,-0.8660254038,-0.5,-0.7818314825,0.6234898019,1.0,0.0
2024-04-28 17:00:00,2.3691556343575835,1.0999617399,3.7156968299,5.0303060881,-1.4020881184,-0.6986933054,0.7710021365,-0.3829992241,False,-0.1714996949,False,False,False,False,False,False,False,False,False,True,False,False,False,False,False,False,False,False,False,False,True,False,False,False,False,False,False,False,False,-0.9659258263,-0.2588190451,-0.7818314825,0.6234898019,1.0,0.0
2024-04-28 18:00:00,2.0988394857203034,0.969997074,3.7156968299,4.5272640074,-1.4020881184,-0.5166984203,0.4816991845,-0.7191431795,False,-0.1714996949,False,False,False,False,False,False,False,False,False,True,False,False,False,False,False,False,False,False,False,False,True,False,False,False,False,False,False,False,False,-1.0,-0.0,-0.7818314825,0.6234898019,1.0,0.0
2024-04-28 19:00:00,1.6933652627643838,0.793616456,3.7156968299,4.0242219267,-1.2991840755,-0.2437060926,0.2035232691,-0.8108188037,False,-0.1714996949,False,False,False,False,False,False,False,False,False,True,False,False,False,False,False,False,False,False,False,False,True,False,False,False,False,False,False,False,False,-0.9659258263,0.2588190451,-0.7818314825,0.6234898019,1.0,0.0
2024-04-28 20:00:00,1.6933652627643838,0.617235838,3.7156968299,4.2757429671,-1.1962800326,-0.0617112075,-0.1636689391,-0.8108188037,False,-0.1714996949,False,False,False,False,False,False,False,False,False,True,False,False,False,False,False,False,False,False,False,False,True,False,False,False,False,False,False,False,False,-0.8660254038,0.5,-0.7818314825,0.6234898019,1.0,0.0
2024-04-28 21:00:00,1.4230491141271042,0.4872711721,3.7156968299,4.0242219267,-1.0933759897,0.0747849564,-0.3305744884,-0.8108188037,False,-0.1714996949,False,False,False,False,False,False,False,False,False,True,False,False,False,False,False,False,False,False,True,False,False,False,False,False,False,False,False,False,False,-0.7071067812,0.7071067812,-0.7818314825,0.6234898019,1.0,0.0
2024-04-28 22:00:00,0.8824168168525446,0.4594216008,2.3137582136,2.5150956847,-0.9904719468,0.0292862351,-0.2415581954,-0.8108188037,False,-0.1714996949,False,False,False,False,False,False,False,False,False,True,False,False,False,False,False,False,False,False,True,False,False,False,False,False,False,False,False,False,False,-0.5,0.8660254038,-0.7818314825,0.6234898019,1.0,0.0
2024-04-28 23:00:00,-0.6043220006524941,0.4501384104,2.3137582136,3.0181377653,-0.9904719468,0.0292862351,-0.0412715364,-0.5052333897,False,-0.1714996949,False,False,False,False,False,False,False,False,False,True,False,False,False,False,False,False,False,False,False,False,True,False,False,False,False,False,False,False,False,-0.2588190451,0.9659258263,-0.7818314825,0.6234898019,1.0,0.0
2024-04-29 00:00:00,-1.0097962236084137,0.3851560775,2.3137582136,3.0181377653,-0.8875679039,0.0747849564,0.0143636467,-0.3829992241,False,-0.1714996949,False,False,False,False,False,False,False,False,False,True,False,False,False,False,False,False,False,False,False,False,True,False,False,False,False,False,False,False,False,0.0,1.0,0.0,1.0,1.0,0.0
2024-04-29 01:00:00,-0.8746381492897739,0.3201737445,2.3137582136,3.0181377653,-0.8875679039,-0.0162124862,0.092252903,-0.8108188037,False,-0.1714996949,False,False,False,False,False,False,False,False,False,True,False,False,False,False,False,False,False,False,True,False,False,False,False,False,False,False,False,False,False,0.2588190451,0.9659258263,0.0,1.0,1.0,0.0
2024-04-29 02:00:00,-1.0097962236084137,0.2830409828,0.9118195972,1.2574904829,-0.8875679039,0.1657823989,0.0366177199,-0.6580260967,False,-0.1714996949,False,False,False,False,False,False,False,False,False,True,False,False,False,False,False,False,False,False,True,False,False,False,False,False,False,False,False,False,False,0.5,0.8660254038,0.0,1.0,1.0,0.0
2024-04-29 03:00:00,-0.8746381492897739,0.2923241732,0.9118195972,1.5090115233,-0.784663861,0.0747849564,-0.0301444998,-0.2302065171,False,-0.1714996949,False,False,False,False,False,False,False,False,False,True,False,False,False,False,False,False,False,False,True,False,False,False,False,False,False,False,False,False,False,0.7071067812,0.7071067812,0.0,1.0,1.0,0.0
2024-04-29 04:00:00,-0.8746381492897739,0.2830409828,0.9118195972,0.7544484022,-0.6817598181,0.0747849564,-0.0301444998,0.7782253492,False,-0.1714996949,False,False,True,False,False,False,False,False,False,False,False,False,False,False,False,False,False,False,False,False,True,False,False,False,False,False,False,False,False,0.8660254038,0.5,0.0,1.0,1.0,0.0
2024-04-29 05:00:00,-1.0097962236084137,0.2273418403,0.9118195972,0.5029273619,-0.5788557752,0.2567798415,-0.2081770856,0.228171604,False,-0.1714996949,False,False,True,False,False,False,False,False,False,False,False,False,False,False,False,False,False,False,False,False,False,False,False,False,False,True,False,False,False,0.9659258263,0.2588190451,0.0,1.0,1.0,0.0
2024-04-29 06:00:00,-0.8746381492897739,0.0416780319,0.9118195972,1.2574904829,-0.4759517323,1.0302581032,-1.0538318683,0.992135139,True,0.8006481012,True,False,False,False,False,False,False,False,False,False,False,False,False,False,False,False,False,False,False,False,False,False,False,False,False,False,True,False,False,1.0,0.0,0.0,1.0,1.0,0.0
2024-04-29 07:00:00,-1.0097962236084137,-0.1068530148,0.9118195972,1.2574904829,-0.2701436465,1.3942478734,-1.2318644541,2.0922426295,True,6.9467937619,True,False,False,False,False,False,False,False,False,False,False,False,False,False,False,False,False,False,False,False,False,True,False,False,False,False,False,False,False,0.9659258263,-0.2588190451,0.0,1.0,1.0,0.0
2024-04-29 08:00:00,-0.739480074971134,-0.1718353478,-0.4901190191,-0.0001147188,-0.1672396036,1.485245316,-1.0315777951,2.0922426295,True,9.0143792574,False,False,False,False,False,False,True,False,False,False,False,False,False,False,False,False,False,False,True,False,False,False,False,False,False,False,False,False,False,0.8660254038,-0.5,0.0,1.0,1.0,0.0
2024-04-29 09:00:00,0.20662644525934518,-0.1625521574,0.9118195972,0.5029273619,-0.0643355607,1.4397465947,0.3147936353,2.0922426295,True,1.9904608443,True,False,False,False,False,False,False,False,False,False,False,False,False,False,False,False,False,False,False,False,False,False,False,False,False,False,True,False,False,0.7071067812,-0.7071067812,0.0,1.0,1.0,0.0
2024-04-29 10:00:00,0.47694259389662497,-0.1996849191,0.9118195972,1.2574904829,0.0385684822,1.4397465947,-1.1317211246,2.0922426295,True,1.9904608443,False,False,False,False,False,False,True,False,False,False,False,False,False,False,False,False,False,False,False,False,False,False,False,False,False,False,True,False,False,0.5,-0.8660254038,0.0,1.0,1.0,0.0
2024-04-29 11:00:00,0.34178451957798506,-0.2182512999,0.9118195972,0.2514063215,0.0385684822,1.485245316,-0.9091803923,2.0922426295,True,2.3345835152,True,False,False,False,False,False,False,False,False,False,False,False,False,False,False,False,False,False,False,False,False,False,False,False,False,False,True,False,False,0.2588190451,-0.9659258263,0.0,1.0,1.0,0.0
2024-04-29 12:00:00,0.34178451957798506,-0.2368176807,0.9118195972,1.0059694426,0.0385684822,1.2577517096,-0.397336708,2.0922426295,True,1.2274398817,False,False,False,False,False,False,True,False,False,False,False,False,False,False,False,False,False,False,True,False,False,False,False,False,False,False,False,False,False,0.0,-1.0,0.0,1.0,1.0,0.0
2024-04-29 13:00:00,-0.3340058520152144,-0.1625521574,-0.4901190191,-0.0001147188,-0.0643355607,1.2122529883,1.4386243333,2.0922426295,False,-0.1714996949,False,False,False,False,False,False,False,False,False,False,False,False,False,False,True,False,False,False,False,False,False,False,False,False,False,False,True,False,False,-0.2588190451,-0.9659258263,0.0,1.0,1.0,0.0
2024-04-29 14:00:00,-0.06368970337793459,-0.1068530148,0.9118195972,1.0059694426,-0.0643355607,0.4842734479,1.6945461755,2.0922426295,False,-0.1714996949,True,False,False,False,False,False,False,False,False,False,False,False,False,False,False,False,False,False,False,False,False,False,False,False,True,False,False,False,False,-0.5,-0.8660254038,0.0,1.0,1.0,0.0
2024-04-29 15:00:00,0.20662644525934518,-0.153268967,0.9118195972,1.2574904829,-0.0643355607,-0.1072099288,1.5944028459,2.0922426295,True,0.3366990221,True,False,False,False,False,False,False,False,False,False,False,False,False,False,False,False,False,False,False,False,False,True,False,False,False,False,False,False,False,-0.7071067812,-0.7071067812,0.0,1.0,1.0,0.0
2024-04-29 16:00:00,0.34178451957798506,-0.2182512999,2.3137582136,1.7605325636,-0.0643355607,-0.2892048139,1.6945461755,2.0922426295,True,0.3366990221,True,False,False,False,False,False,False,False,False,False,False,False,False,False,False,False,False,False,False,False,False,True,False,False,False,False,False,False,False,-0.8660254038,-0.5,0.0,1.0,1.0,0.0
2024-04-29 17:00:00,0.34178451957798506,-0.3574991562,0.9118195972,1.0059694426,0.0385684822,0.2567798415,1.44975137,2.0922426295,True,1.6225873512,True,False,False,False,False,False,False,False,False,False,False,False,False,False,False,False,False,False,False,False,False,False,False,False,True,False,False,False,False,-0.9659258263,-0.2588190451,0.0,1.0,1.0,0.0
2024-04-29 18:00:00,0.20662644525934518,-0.4224814892,0.9118195972,1.2574904829,0.1414725251,0.6207696117,0.6263506605,2.0922426295,True,1.6225873512,True,False,False,False,False,False,False,False,False,False,False,False,False,False,False,False,False,False,False,False,False,False,False,False,True,False,False,False,False,-1.0,-0.0,0.0,1.0,1.0,0.0
2024-04-29 19:00:00,-0.3340058520152144,-0.4688974413,0.9118195972,1.2574904829,0.1414725251,1.2577517096,0.0143636467,2.0922426295,True,2.9626086403,True,False,False,False,False,False,False,False,False,False,False,False,False,False,False,False,False,False,False,False,False,False,False,False,False,False,True,False,False,-0.9659258263,0.2588190451,0.0,1.0,1.0,0.0
2024-04-29 20:00:00,0.0714683709407053,-0.5431629646,0.9118195972,1.5090115233,0.244376568,1.3942478734,-0.0969067194,2.0922426295,True,4.0325949752,True,False,False,False,False,False,False,False,False,False,False,False,False,False,False,False,False,False,False,False,False,False,False,False,False,False,True,False,False,-0.8660254038,0.5,0.0,1.0,1.0,0.0
2024-04-29 21:00:00,0.0714683709407053,-0.5988621071,2.3137582136,1.7605325636,0.3472806109,1.3487491521,-0.2860663419,2.0922426295,True,4.0325949752,True,False,False,False,False,False,False,False,False,False,False,False,False,False,False,False,False,False,False,False,False,False,False,False,False,False,True,False,False,-0.7071067812,0.7071067812,0.0,1.0,1.0,0.0
2024-04-29 22:00:00,-0.06368970337793459,-0.617428488,2.3137582136,2.2635746443,0.4501846538,1.3942478734,-0.3639555982,1.8477742983,True,4.9233358348,True,False,False,False,False,False,False,False,False,False,False,False,False,False,False,False,False,False,False,False,False,False,False,False,False,False,True,False,False,-0.5,0.8660254038,0.0,1.0,1.0,0.0
2024-04-29 23:00:00,-0.8746381492897739,-0.6638444401,2.3137582136,2.5150956847,0.4501846538,1.3942478734,-0.2526852321,1.3893961773,True,4.4965440543,True,False,False,False,False,False,False,False,False,False,False,False,False,False,False,False,False,False,False,False,False,False,False,False,False,False,True,False,False,-0.2588190451,0.9659258263,0.0,1.0,1.0,0.0
2024-04-30 00:00:00,-0.8746381492897739,-0.6731276305,2.3137582136,1.7605325636,0.3472806109,1.4397465947,0.0588717932,1.0838107632,True,2.9626086403,False,False,False,False,False,False,True,False,False,False,False,False,False,False,False,False,False,False,False,False,False,False,False,False,False,True,False,False,False,0.0,1.0,0.7818314825,0.6234898019,1.0,0.0
2024-04-30 01:00:00,-0.739480074971134,-0.6824108209,0.9118195972,1.7605325636,0.3472806109,1.3032504309,1.6945461755,0.6254326422,True,0.8006481012,False,False,False,False,False,False,True,False,False,False,False,False,False,False,False,False,False,False,False,False,False,False,False,False,False,False,True,False,False,0.2588190451,0.9659258263,0.7818314825,0.6234898019,1.0,0.0
2024-04-30 02:00:00,-0.8746381492897739,-0.6638444401,2.3137582136,1.7605325636,0.244376568,1.2122529883,1.6945461755,0.9004595148,True,0.3366990221,False,False,True,False,False,False,False,False,False,False,False,False,False,False,False,False,False,False,False,False,False,False,False,False,False,False,True,False,False,0.5,0.8660254038,0.7818314825,0.6234898019,1.0,0.0
2024-04-30 03:00:00,-0.8746381492897739,-0.6452780593,0.9118195972,1.2574904829,0.1414725251,1.1212555457,1.6945461755,1.1143693046,False,-0.1714996949,False,False,True,False,False,False,False,False,False,False,False,False,False,False,False,False,False,False,False,False,False,False,False,False,False,True,False,False,False,0.7071067812,0.7071067812,0.7818314825,0.6234898019,1.0,0.0
2024-04-30 04:00:00,-1.0097962236084137,-0.6267116784,0.9118195972,1.2574904829,0.1414725251,1.0757568245,1.6945461755,1.5116303429,False,-0.1714996949,False,False,True,False,False,False,False,False,False,False,False,False,False,False,False,False,False,False,False,False,False,False,False,False,False,True,False,False,False,0.8660254038,0.5,0.7818314825,0.6234898019,1.0,0.0
2024-04-30 05:00:00,-0.8746381492897739,-0.5988621071,0.9118195972,0.7544484022,0.1414725251,1.1212555457,1.6945461755,1.5116303429,False,-0.1714996949,False,False,False,False,False,False,True,False,False,False,False,False,False,False,False,False,False,False,False,False,False,False,False,False,False,True,False,False,False,0.9659258263,0.2588190451,0.7818314825,0.6234898019,1.0,0.0
2024-04-30 06:00:00,-0.8746381492897739,-0.617428488,0.9118195972,1.0059694426,0.1414725251,1.2122529883,1.6945461755,1.2671620117,False,-0.1714996949,False,False,False,False,False,False,True,False,False,False,False,False,False,False,False,False,False,False,False,False,False,False,False,False,False,True,False,False,False,1.0,0.0,0.7818314825,0.6234898019,1.0,0.0
2024-04-30 07:00:00,-0.8746381492897739,-0.6081452976,0.9118195972,1.0059694426,0.1414725251,1.2577517096,0.9490347223,1.6033059671,True,0.3366990221,False,False,False,False,False,False,True,False,False,False,False,False,False,False,False,False,False,False,False,False,False,False,False,False,False,True,False,False,False,0.9659258263,-0.2588190451,0.7818314825,0.6234898019,1.0,0.0
2024-04-30 08:00:00,-0.739480074971134,-0.5617293455,0.9118195972,0.7544484022,0.244376568,1.2577517096,0.9712887955,2.0616840881,True,0.3366990221,False,False,False,False,False,False,False,False,False,False,False,False,False,False,True,False,False,False,False,False,False,False,False,False,False,True,False,False,False,0.8660254038,-0.5,0.7818314825,0.6234898019,1.0,0.0
2024-04-30 09:00:00,0.20662644525934518,-0.5153133934,0.9118195972,0.5029273619,0.244376568,1.1212555457,1.4608784066,2.0922426295,False,-0.1714996949,False,False,False,False,False,False,False,False,False,False,False,False,False,False,True,False,False,False,False,False,False,False,False,False,False,True,False,False,False,0.7071067812,-0.7071067812,0.7818314825,0.6234898019,1.0,0.0
2024-04-30 10:00:00,0.0714683709407053,-0.4503310604,0.9118195972,0.7544484022,0.244376568,1.166754267,0.5373343676,2.0922426295,True,0.3366990221,False,False,False,False,False,False,True,False,False,False,False,False,False,False,False,False,False,False,False,False,False,False,False,False,False,True,False,False,False,0.5,-0.8660254038,0.7818314825,0.6234898019,1.0,0.0
2024-04-30 11:00:00,0.20662644525934518,-0.4317646796,0.9118195972,1.2574904829,0.244376568,1.1212555457,0.8933995392,2.0922426295,False,-0.1714996949,False,False,False,False,False,False,False,False,False,False,False,False,False,False,True,False,False,False,False,False,False,False,False,False,False,True,False,False,False,0.2588190451,-0.9659258263,0.7818314825,0.6234898019,1.0,0.0
2024-04-30 12:00:00,0.34178451957798506,-0.3482159658,0.9118195972,0.7544484022,0.244376568,0.8937619394,1.4942595164,2.0922426295,False,-0.1714996949,False,False,False,False,False,False,False,False,False,False,False,False,False,False,True,False,False,False,False,False,False,False,False,False,False,True,False,False,False,0.0,-1.0,0.7818314825,0.6234898019,1.0,0.0
2024-04-30 13:00:00,0.24582228681175064,-0.2461008712,0.9118195972,1.0059694426,0.1414725251,0.5752708904,1.6945461755,2.0922426295,False,-0.1714996949,False,False,False,False,False,False,False,False,False,False,False,False,False,False,True,False,False,False,False,False,False,False,False,False,False,True,False,False,False,-0.2588190451,-0.9659258263,0.7818314825,0.6234898019,1.0,0.0
2024-04-30 14:00:00,0.5161384354490304,-0.1439857765,0.9118195972,0.2514063215,0.1414725251,0.3022785627,1.6945461755,2.0922426295,True,0.3366990221,False,False,False,False,False,False,False,False,False,False,False,False,False,False,True,False,False,False,False,False,False,False,False,False,False,True,False,False,False,-0.5,-0.8660254038,0.7818314825,0.6234898019,1.0,0.0
2024-04-30 15:00:00,-0.06368970337793459,-0.088286634,0.9118195972,0.2514063215,0.0385684822,0.1657823989,1.6945461755,2.0616840881,False,-0.1714996949,False,False,False,False,False,False,False,False,False,False,False,False,False,False,True,False,False,False,False,False,False,False,False,False,False,True,False,False,False,-0.7071067812,-0.7071067812,0.7818314825,0.6234898019,1.0,0.0
2024-04-30 16:00:00,0.0714683709407053,-0.0418706819,0.9118195972,0.2514063215,-0.0643355607,-0.2437060926,1.6945461755,1.1143693046,False,-0.1714996949,False,False,True,False,False,False,False,False,False,False,False,False,False,False,False,False,False,False,False,False,False,False,True,False,False,False,False,False,False,-0.8660254038,-0.5,0.7818314825,0.6234898019,1.0,0.0
2024-04-30 17:00:00,0.34178451957798506,-0.0233043011,0.9118195972,0.2514063215,-0.0643355607,-0.2437060926,1.6945461755,-0.1996479757,False,-0.1714996949,False,False,False,False,False,False,False,False,False,True,False,False,False,False,False,False,False,False,False,True,False,False,False,False,False,False,False,False,False,-0.9659258263,-0.2588190451,0.7818314825,0.6234898019,1.0,0.0
2024-04-30 18:00:00,0.20662644525934518,-0.0140211106,-0.4901190191,-0.2516357592,-0.0643355607,-0.0617112075,1.6945461755,-0.6885846381,False,-0.1714996949,False,False,False,False,False,False,False,False,False,True,False,False,False,False,False,False,False,False,False,False,False,False,True,False,False,False,False,False,False,-1.0,-0.0,0.7818314825,0.6234898019,1.0,0.0
2024-04-30 19:00:00,-0.06368970337793459,-0.0975698244,-0.4901190191,-0.0001147188,-0.0643355607,-0.0162124862,1.6945461755,-0.5663504725,False,-0.1714996949,False,False,False,False,False,False,False,False,False,True,False,False,False,False,False,False,False,False,False,False,False,False,True,False,False,False,False,False,False,-0.9659258263,0.2588190451,0.7818314825,0.6234898019,1.0,0.0
2024-04-30 20:00:00,-0.19884777769657447,-0.3110832041,-0.4901190191,-0.5031567995,-0.0643355607,0.4387747266,1.6945461755,-0.8108188037,False,-0.1714996949,False,False,False,False,False,False,False,False,False,True,False,False,False,False,False,False,False,False,False,True,False,False,False,False,False,False,False,False,False,-0.8660254038,0.5,0.7818314825,0.6234898019,1.0,0.0
2024-04-30 21:00:00,-0.19884777769657447,-0.4131982987,-0.4901190191,-0.2516357592,0.0385684822,0.8937619394,1.4274972967,-0.6580260967,False,-0.1714996949,False,False,False,False,False,False,False,False,False,True,False,False,False,False,False,False,False,False,False,False,True,False,False,False,False,False,False,False,False,-0.7071067812,0.7071067812,0.7818314825,0.6234898019,1.0,0.0
2024-04-30 22:00:00,-0.19884777769657447,-0.4317646796,-0.4901190191,-0.0001147188,0.0385684822,1.0302581032,1.6945461755,-0.6885846381,False,-0.1714996949,False,False,False,False,False,False,False,False,False,True,False,False,False,False,False,False,False,False,False,False,True,False,False,False,False,False,False,False,False,-0.5,0.8660254038,0.7818314825,0.6234898019,1.0,0.0
2024-04-30 23:00:00,-0.8746381492897739,-0.5153133934,-0.4901190191,-0.2516357592,0.0385684822,1.1212555457,1.5832758093,-0.8108188037,False,-0.1714996949,False,False,False,False,False,False,False,False,False,True,False,False,False,False,False,False,False,False,False,True,False,False,False,False,False,False,False,False,False,-0.2588190451,0.9659258263,0.7818314825,0.6234898019,1.0,0.0
2024-05-01 00:00:00,-0.8746381492897739,-0.5153133934,-0.4901190191,-0.5031567995,0.0385684822,1.0302581032,1.1381943448,-0.4441163069,False,-0.1714996949,False,False,False,False,False,False,False,False,False,True,False,False,False,False,False,False,False,False,True,False,False,False,False,False,False,False,False,False,True,0.0,1.0,0.9749279122,-0.222520934,0.8660254038,-0.5
2024-05-01 01:00:00,-1.0097962236084137,-0.5802957263,-0.4901190191,-0.7546778399,0.0385684822,1.3487491521,-0.0635256096,0.3504057696,False,-0.1714996949,False,False,True,False,False,False,False,False,False,False,False,False,False,False,False,False,False,False,False,False,False,False,False,False,True,False,False,False,True,0.2588190451,0.9659258263,0.9749279122,-0.222520934,0.8660254038,-0.5
2024-05-01 02:00:00,-1.0097962236084137,-0.6081452976,-0.4901190191,-0.7546778399,-0.0643355607,1.485245316,-0.5531152206,0.2892886868,False,-0.1714996949,False,False,True,False,False,False,False,False,False,False,False,False,False,False,False,False,False,False,False,False,False,False,True,False,False,False,False,False,True,0.5,0.8660254038,0.9749279122,-0.222520934,0.8660254038,-0.5
2024-05-01 03:00:00,-0.8746381492897739,-0.617428488,-0.4901190191,-0.2516357592,-0.0643355607,1.3942478734,-0.7645289163,0.1059374383,False,-0.1714996949,False,False,True,False,False,False,False,False,False,False,False,False,False,False,False,False,False,False,True,False,False,False,False,False,False,False,False,False,True,0.7071067812,0.7071067812,0.9749279122,-0.222520934,0.8660254038,-0.5
2024-05-01 04:00:00,-1.0097962236084137,-0.6452780593,-0.4901190191,-0.2516357592,-0.1672396036,1.485245316,-0.5531152206,-0.8108188037,False,-0.1714996949,False,False,False,False,False,False,False,False,False,True,False,False,False,False,False,False,False,False,False,False,False,True,False,False,False,False,False,False,True,0.8660254038,0.5,0.9749279122,-0.222520934,0.8660254038,-0.5
2024-05-01 05:00:00,-0.8746381492897739,-0.6452780593,0.9118195972,0.2514063215,-0.0643355607,1.3032504309,-0.4974800376,-0.8108188037,False,-0.1714996949,False,False,False,False,False,False,False,False,False,True,False,False,False,False,False,False,False,False,False,False,False,True,False,False,False,False,False,False,True,0.9659258263,0.2588190451,0.9749279122,-0.222520934,0.8660254038,-0.5
2024-05-01 06:00:00,-1.0097962236084137,-0.7195435826,-0.4901190191,-0.0001147188,-0.0643355607,1.3032504309,-0.5753692939,-0.8108188037,False,-0.1714996949,False,False,False,False,False,False,False,False,False,True,False,False,False,False,False,False,False,False,True,False,False,False,False,False,False,False,False,False,True,1.0,0.0,0.9749279122,-0.222520934,0.8660254038,-0.5
2024-05-01 07:00:00,-1.0097962236084137,-0.6359948688,0.9118195972,0.5029273619,0.0385684822,1.3942478734,-0.6421315136,-0.7497017209,False,-0.1714996949,False,False,False,False,False,False,False,False,False,True,False,False,False,False,False,False,False,False,True,False,False,False,False,False,False,False,False,False,True,0.9659258263,-0.2588190451,0.9749279122,-0.222520934,0.8660254038,-0.5
2024-05-01 08:00:00,-0.739480074971134,-0.4503310604,0.9118195972,0.2514063215,0.0385684822,1.1212555457,-0.68663966,-0.7802602623,False,-0.1714996949,False,False,False,False,False,False,False,False,False,True,False,False,False,False,False,False,False,False,False,False,True,False,False,False,False,False,False,False,True,0.8660254038,-0.5,0.9749279122,-0.222520934,0.8660254038,-0.5
2024-05-01 09:00:00,-0.3340058520152144,-0.2275344903,0.9118195972,0.5029273619,0.0385684822,0.7117670542,-0.5086070742,-0.7802602623,False,-0.1714996949,False,False,False,False,False,False,False,False,False,True,False,False,False,False,False,False,False,False,False,False,True,False,False,False,False,False,False,False,True,0.7071067812,-0.7071067812,0.9749279122,-0.222520934,0.8660254038,-0.5
2024-05-01 10:00:00,-0.46916392633385423,-0.1254193957,0.9118195972,0.7544484022,0.0385684822,0.3932760053,-0.3750826348,-0.5663504725,False,-0.1714996949,False,False,False,False,False,False,False,False,False,True,False,False,False,False,False,False,False,False,True,False,False,False,False,False,False,False,False,False,True,0.5,-0.8660254038,0.9749279122,-0.222520934,0.8660254038,-0.5
2024-05-01 11:00:00,-0.3340058520152144,0.0973771744,0.9118195972,0.7544484022,0.0385684822,0.0747849564,-0.1080337561,-0.0162967273,False,-0.1714996949,False,False,False,False,False,False,False,False,False,True,False,False,False,False,False,False,False,False,True,False,False,False,False,False,False,False,False,False,True,0.2588190451,-0.9659258263,0.9749279122,-0.222520934,0.8660254038,-0.5
2024-05-01 12:00:00,-0.46916392633385423,0.1252267457,0.9118195972,1.0059694426,-0.0643355607,-0.3347035351,0.1923962325,-0.2607650585,False,-0.1714996949,False,False,False,False,False,False,False,False,False,True,False,False,False,False,False,False,False,False,False,False,True,False,False,False,False,False,False,False,True,0.0,-1.0,0.9749279122,-0.222520934,0.8660254038,-0.5
2024-05-01 13:00:00,-0.46916392633385423,0.2180586499,0.9118195972,0.2514063215,-0.1672396036,-0.3802022564,0.2257773424,-0.3524406827,False,-0.1714996949,False,False,False,False,False,False,False,False,False,True,False,False,False,False,False,False,False,False,False,False,True,False,False,False,False,False,False,False,True,-0.2588190451,-0.9659258263,0.9749279122,-0.222520934,0.8660254038,-0.5
2024-05-01 14:00:00,-0.3340058520152144,0.3387401253,0.9118195972,0.2514063215,-0.2701436465,-0.5166984203,0.7042399168,-0.4441163069,False,-0.1714996949,False,False,False,False,False,False,False,False,False,True,False,False,False,False,False,False,False,False,True,False,False,False,False,False,False,False,False,False,True,-0.5,-0.8660254038,0.9749279122,-0.222520934,0.8660254038,-0.5
2024-05-01 15:00:00,-0.46916392633385423,0.3387401253,0.9118195972,1.0059694426,-0.3730476894,-0.6076958628,1.160448418,0.1364959797,False,-0.1714996949,False,False,True,False,False,False,False,False,False,False,False,False,False,False,False,False,False,False,False,False,True,False,False,False,False,False,False,False,True,-0.7071067812,-0.7071067812,0.9749279122,-0.222520934,0.8660254038,-0.5
2024-05-01 16:00:00,-0.3340058520152144,0.3294569349,0.9118195972,0.7544484022,-0.4759517323,-0.4257009777,0.9267806491,1.6033059671,False,-0.1714996949,False,False,True,False,False,False,False,False,False,False,False,False,False,False,False,False,False,False,False,False,True,False,False,False,False,False,False,False,True,-0.8660254038,-0.5,0.9749279122,-0.222520934,0.8660254038,-0.5
2024-05-01 17:00:00,-0.3340058520152144,0.3201737445,0.9118195972,0.7544484022,-0.4759517323,-0.3802022564,1.0380510152,1.4810718015,False,-0.1714996949,False,False,True,False,False,False,False,False,False,False,False,False,False,False,False,False,False,False,False,False,True,False,False,False,False,False,False,False,True,-0.9659258263,-0.2588190451,0.9749279122,-0.222520934,0.8660254038,-0.5
2024-05-01 18:00:00,-0.3340058520152144,0.2366250307,0.9118195972,1.2574904829,-0.3730476894,-0.2892048139,0.9490347223,1.2060449288,False,-0.1714996949,False,False,True,False,False,False,False,False,False,False,False,False,False,False,False,False,False,False,False,False,True,False,False,False,False,False,False,False,True,-1.0,-0.0,0.9749279122,-0.222520934,0.8660254038,-0.5
2024-05-01 19:00:00,-0.3340058520152144,0.1716426978,-0.4901190191,-0.0001147188,-0.3730476894,-0.3347035351,0.9824158321,0.533757018,False,-0.1714996949,False,False,True,False,False,False,False,False,False,False,False,False,False,False,False,False,False,False,True,False,False,False,False,False,False,False,False,False,True,-0.9659258263,0.2588190451,0.9749279122,-0.222520934,0.8660254038,-0.5
2024-05-01 20:00:00,-0.19884777769657447,0.0602444127,-0.4901190191,-0.0001147188,-0.3730476894,0.0292862351,0.6152236239,-0.3829992241,False,-0.1714996949,False,False,False,False,False,False,False,False,False,True,False,False,False,False,False,False,False,False,False,False,True,False,False,False,False,False,False,False,True,-0.8660254038,0.5,0.9749279122,-0.222520934,0.8660254038,-0.5
2024-05-01 21:00:00,-0.06368970337793459,-0.0325874915,-0.4901190191,-0.0001147188,-0.2701436465,0.3022785627,0.3704288184,-0.3829992241,False,-0.1714996949,False,False,False,False,False,False,False,False,False,True,False,False,False,False,False,False,False,False,True,False,False,False,False,False,False,False,False,False,True,-0.7071067812,0.7071067812,0.9749279122,-0.222520934,0.8660254038,-0.5
2024-05-01 22:00:00,-0.19884777769657447,-0.1347025861,-0.4901190191,-0.5031567995,-0.2701436465,0.5297721691,-0.2860663419,0.533757018,False,-0.1714996949,False,False,True,False,False,False,False,False,False,False,False,False,False,False,False,False,False,False,False,False,True,False,False,False,False,False,False,False,True,-0.5,0.8660254038,0.9749279122,-0.222520934,0.8660254038,-0.5
2024-05-01 23:00:00,-0.46916392633385423,-0.153268967,-0.4901190191,-0.2516357592,-0.2701436465,0.5752708904,-0.2526852321,0.5031984766,False,-0.1714996949,False,False,True,False,False,False,False,False,False,False,False,False,False,False,False,False,False,False,True,False,False,False,False,False,False,False,False,False,True,-0.2588190451,0.9659258263,0.9749279122,-0.222520934,0.8660254038,-0.5
2024-05-02 00:00:00,-0.8746381492897739,-0.2275344903,-0.4901190191,-0.2516357592,-0.2701436465,0.8027644968,-0.2304311588,1.0226936804,False,-0.1714996949,False,False,True,False,False,False,False,False,False,False,False,False,False,False,False,False,False,False,True,False,False,False,False,False,False,False,False,False,True,0.0,1.0,0.4338837391,-0.9009688679,0.8660254038,-0.5
2024-05-02 01:00:00,-1.0097962236084137,-0.1811185382,-0.4901190191,-0.0001147188,-0.2701436465,0.5297721691,-0.1859230124,0.1059374383,False,-0.1714996949,False,False,True,False,False,False,False,False,False,False,False,False,False,False,False,False,False,False,False,False,False,True,False,False,False,False,False,False,True,0.2588190451,0.9659258263,0.4338837391,-0.9009688679,0.8660254038,-0.5
2024-05-02 02:00:00,-0.8746381492897739,-0.3574991562,-0.4901190191,-0.2516357592,-0.3730476894,0.8482632181,-0.341701525,0.1976130626,False,-0.1714996949,False,False,True,False,False,False,False,False,False,False,False,False,False,False,False,False,False,False,True,False,False,False,False,False,False,False,False,False,True,0.5,0.8660254038,0.4338837391,-0.9009688679,0.8660254038,-0.5
2024-05-02 03:00:00,-1.0097962236084137,-0.3110832041,0.9118195972,0.5029273619,-0.3730476894,0.5752708904,0.0366177199,0.3504057696,False,-0.1714996949,False,False,True,False,False,False,False,False,False,False,False,False,False,False,False,False,False,False,True,False,False,False,False,False,False,False,False,False,True,0.7071067812,0.7071067812,0.4338837391,-0.9009688679,0.8660254038,-0.5
2024-05-02 04:00:00,-0.8746381492897739,-0.3482159658,0.9118195972,0.7544484022,-0.3730476894,0.7117670542,-0.0635256096,-0.4746748483,False,-0.1714996949,False,False,False,False,False,False,False,False,False,True,False,False,False,False,False,False,False,False,True,False,False,False,False,False,False,False,False,False,True,0.8660254038,0.5,0.4338837391,-0.9009688679,0.8660254038,-0.5
2024-05-02 05:00:00,-1.0097962236084137,-0.4131982987,0.9118195972,0.5029273619,-0.3730476894,0.7572657755,-0.1191607927,-0.4441163069,False,-0.1714996949,False,False,False,False,False,False,False,False,False,True,False,False,False,False,False,False,False,False,True,False,False,False,False,False,False,False,False,False,True,0.9659258263,0.2588190451,0.4338837391,-0.9009688679,0.8660254038,-0.5
2024-05-02 06:00:00,-1.0097962236084137,-0.4131982987,0.9118195972,0.7544484022,-0.3730476894,0.8482632181,-0.3194474517,-0.3829992241,False,-0.1714996949,False,False,False,False,False,False,False,False,False,True,False,False,False,False,False,False,False,False,True,False,False,False,False,False,False,False,False,False,True,1.0,0.0,0.4338837391,-0.9009688679,0.8660254038,-0.5
2024-05-02 07:00:00,-0.739480074971134,-0.2925168233,0.9118195972,1.2574904829,-0.2701436465,0.5752708904,0.1145069762,-0.5663504725,False,-0.1714996949,False,False,False,False,False,False,False,False,False,True,False,False,False,False,False,False,False,False,True,False,False,False,False,False,False,False,False,False,True,0.9659258263,-0.2588190451,0.4338837391,-0.9009688679,0.8660254038,-0.5
2024-05-02 08:00:00,-0.8746381492897739,-0.1811185382,2.3137582136,2.012053604,-0.1672396036,0.2112811202,0.7153669534,0.5643155594,False,-0.1714996949,False,False,True,False,False,False,False,False,False,False,False,False,False,False,False,False,False,False,False,False,True,False,False,False,False,False,False,False,True,0.8660254038,-0.5,0.4338837391,-0.9009688679,0.8660254038,-0.5
2024-05-02 09:00:00,-0.739480074971134,-0.1161362053,2.3137582136,2.2635746443,-0.1672396036,-0.0162124862,1.2494647109,0.5948741008,False,-0.1714996949,False,False,True,False,False,False,False,False,False,False,False,False,False,False,False,False,False,False,False,False,True,False,False,False,False,False,False,False,True,0.7071067812,-0.7071067812,0.4338837391,-0.9009688679,0.8660254038,-0.5
2024-05-02 10:00:00,-0.46916392633385423,0.0509612223,2.3137582136,2.012053604,-0.1672396036,-0.1982073713,1.4274972967,1.6949815913,False,-0.1714996949,False,False,True,False,False,False,False,False,False,False,False,False,False,False,False,False,False,False,False,False,True,False,False,False,False,False,False,False,True,0.5,-0.8660254038,0.4338837391,-0.9009688679,0.8660254038,-0.5
2024-05-02 11:00:00,-0.46916392633385423,0.1252267457,2.3137582136,1.7605325636,-0.1672396036,-0.1982073713,1.5721487727,2.0005670053,False,-0.1714996949,False,False,False,False,False,False,False,False,False,False,False,False,False,False,True,False,False,False,False,False,True,False,False,False,False,False,False,False,True,0.2588190451,-0.9659258263,0.4338837391,-0.9009688679,0.8660254038,-0.5
2024-05-02 12:00:00,-0.3340058520152144,0.1809258882,2.3137582136,2.012053604,-0.1672396036,-0.3347035351,1.6945461755,1.8783328397,False,-0.1714996949,False,False,True,False,False,False,False,False,False,False,False,False,False,False,False,False,False,False,False,False,True,False,False,False,False,False,False,False,True,0.0,-1.0,0.4338837391,-0.9009688679,0.8660254038,-0.5
2024-05-02 13:00:00,-0.3340058520152144,0.2459082211,2.3137582136,1.7605325636,-0.2701436465,-0.3802022564,1.5944028459,2.0922426295,False,-0.1714996949,False,False,False,False,False,False,False,False,False,False,False,False,False,False,True,False,False,False,True,False,False,False,False,False,False,False,False,False,True,-0.2588190451,-0.9659258263,0.4338837391,-0.9009688679,0.8660254038,-0.5
2024-05-02 14:00:00,-0.3340058520152144,0.3108905541,0.9118195972,1.5090115233,-0.3730476894,-0.4257009777,1.6945461755,2.0922426295,False,-0.1714996949,False,False,False,False,False,False,False,False,False,False,False,False,False,False,True,False,False,False,False,False,True,False,False,False,False,False,False,False,True,-0.5,-0.8660254038,0.4338837391,-0.9009688679,0.8660254038,-0.5
2024-05-02 15:00:00,-0.19884777769657447,0.4037224583,-0.4901190191,-0.0001147188,-0.3730476894,-0.5166984203,1.6945461755,2.0922426295,False,-0.1714996949,False,False,False,False,False,False,False,False,False,False,False,False,False,False,True,False,False,False,True,False,False,False,False,False,False,False,False,False,True,-0.7071067812,-0.7071067812,0.4338837391,-0.9009688679,0.8660254038,-0.5
2024-05-02 16:00:00,-0.19884777769657447,0.4222888391,0.9118195972,0.7544484022,-0.4759517323,-0.8351894692,1.6945461755,2.0922426295,False,-0.1714996949,False,False,False,False,False,False,False,False,False,False,False,False,False,False,True,False,False,False,True,False,False,False,False,False,False,False,False,False,True,-0.8660254038,-0.5,0.4338837391,-0.9009688679,0.8660254038,-0.5
2024-05-02 17:00:00,-0.19884777769657447,0.4222888391,-0.4901190191,-0.7546778399,-0.4759517323,-0.6986933054,1.6945461755,2.0922426295,False,-0.1714996949,False,False,False,False,False,False,True,False,False,False,False,False,False,False,False,False,False,False,False,True,False,False,False,False,False,False,False,False,True,-0.9659258263,-0.2588190451,0.4338837391,-0.9009688679,0.8660254038,-0.5
2024-05-02 18:00:00,-0.19884777769657447,0.2737577924,0.9118195972,1.5090115233,-0.4759517323,-0.2437060926,1.6611650656,1.4505132601,False,-0.1714996949,False,False,True,False,False,False,False,False,False,False,False,False,False,False,False,False,False,False,False,False,False,False,False,False,False,True,False,False,True,-1.0,-0.0,0.4338837391,-0.9009688679,0.8660254038,-0.5
2024-05-02 19:00:00,-0.19884777769657447,0.1530763169,0.9118195972,1.2574904829,-0.3730476894,0.0747849564,0.1256340128,1.6949815913,False,-0.1714996949,False,False,True,False,False,False,False,False,False,False,False,False,False,False,False,False,False,False,False,False,False,False,False,False,False,False,True,False,True,-0.9659258263,0.2588190451,0.4338837391,-0.9009688679,0.8660254038,-0.5
2024-05-02 20:00:00,-0.19884777769657447,0.0973771744,-0.4901190191,-0.0001147188,-0.3730476894,0.2112811202,-0.1080337561,1.1754863874,False,-0.1714996949,False,False,True,False,False,False,False,False,False,False,False,False,False,False,False,False,False,False,False,False,False,False,False,False,False,False,True,False,True,-0.8660254038,0.5,0.4338837391,-0.9009688679,0.8660254038,-0.5
2024-05-02 21:00:00,-0.06368970337793459,0.023111651,-0.4901190191,-0.0001147188,-0.2701436465,0.4387747266,-0.3305744884,1.8783328397,False,-0.1714996949,False,False,True,False,False,False,False,False,False,False,False,False,False,False,False,False,False,False,False,False,False,False,False,False,False,False,True,False,True,-0.7071067812,0.7071067812,0.4338837391,-0.9009688679,0.8660254038,-0.5
2024-05-02 22:00:00,-0.19884777769657447,-0.0047379202,-0.4901190191,-0.0001147188,-0.1672396036,0.4842734479,-0.341701525,1.5727474257,False,-0.1714996949,False,False,False,False,False,False,True,False,False,False,False,False,False,False,False,False,False,False,False,False,False,False,False,False,False,False,True,False,True,-0.5,0.8660254038,0.4338837391,-0.9009688679,0.8660254038,-0.5
2024-05-02 23:00:00,-0.8746381492897739,-0.0418706819,-0.4901190191,-0.0001147188,-0.1672396036,0.5752708904,-0.2971933785,1.4505132601,False,-0.1714996949,False,False,True,False,False,False,False,False,False,False,False,False,False,False,False,False,False,False,False,False,False,False,False,False,False,False,True,False,True,-0.2588190451,0.9659258263,0.4338837391,-0.9009688679,0.8660254038,-0.5
2024-05-03 00:00:00,-0.8746381492897739,-0.0511538723,-0.4901190191,-0.5031567995,-0.1672396036,0.8027644968,-0.6755126234,1.6033059671,False,-0.1714996949,False,False,False,False,False,False,True,False,False,False,False,False,False,False,False,False,False,False,False,False,False,False,False,False,False,True,False,False,True,0.0,1.0,-0.4338837391,-0.9009688679,0.8660254038,-0.5
2024-05-03 01:00:00,-0.8746381492897739,-0.0697202532,-0.4901190191,-0.0001147188,-0.1672396036,0.8482632181,-0.7088937332,1.6949815913,False,-0.1714996949,False,False,True,False,False,False,False,False,False,False,False,False,False,False,False,False,False,False,False,False,False,False,False,False,False,True,False,False,True,0.2588190451,0.9659258263,-0.4338837391,-0.9009688679,0.8660254038,-0.5
2024-05-03 02:00:00,-0.8746381492897739,-0.1254193957,-0.4901190191,-0.5031567995,-0.2701436465,1.0302581032,-0.8090370628,1.2366034702,False,-0.1714996949,True,False,False,False,False,False,False,False,False,False,False,False,False,False,False,False,False,False,False,False,False,False,True,False,False,False,False,False,True,0.5,0.8660254038,-0.4338837391,-0.9009688679,0.8660254038,-0.5
2024-05-03 03:00:00,-1.0097962236084137,-0.0233043011,2.3137582136,2.012053604,-0.2701436465,-0.2892048139,1.6945461755,1.0226936804,False,-0.1714996949,False,False,False,False,False,False,True,False,False,False,False,False,False,False,False,False,False,False,False,False,False,False,True,False,False,False,False,False,True,0.7071067812,0.7071067812,-0.4338837391,-0.9009688679,0.8660254038,-0.5
2024-05-03 04:00:00,-0.8746381492897739,-0.1161362053,0.9118195972,0.5029273619,-0.2701436465,0.0292862351,1.6945461755,0.9310180562,False,-0.1714996949,False,False,False,False,False,False,True,False,False,False,False,False,False,False,False,False,False,False,False,True,False,False,False,False,False,False,False,False,True,0.8660254038,0.5,-0.4338837391,-0.9009688679,0.8660254038,-0.5
2024-05-03 05:00:00,-1.0097962236084137,-0.1625521574,0.9118195972,0.5029273619,-0.2701436465,0.3022785627,1.6945461755,0.7782253492,False,-0.1714996949,False,False,False,False,False,False,True,False,False,False,False,False,False,False,False,False,False,False,False,False,True,False,False,False,False,False,False,False,True,0.9659258263,0.2588190451,-0.4338837391,-0.9009688679,0.8660254038,-0.5
2024-05-03 06:00:00,-0.8746381492897739,-0.1811185382,-0.4901190191,-0.5031567995,-0.2701436465,0.4842734479,0.7598750999,1.144927846,False,-0.1714996949,False,False,False,False,False,False,True,False,False,False,False,False,False,False,False,False,False,False,False,False,False,False,True,False,False,False,False,False,True,1.0,0.0,-0.4338837391,-0.9009688679,0.8660254038,-0.5
2024-05-03 07:00:00,-1.0097962236084137,-0.2089681095,-0.4901190191,-0.5031567995,-0.1672396036,0.8482632181,0.8488913928,1.4199547187,False,-0.1714996949,False,False,True,False,False,False,False,False,False,False,False,False,False,False,False,False,False,False,False,False,True,False,False,False,False,False,False,False,True,0.9659258263,-0.2588190451,-0.4338837391,-0.9009688679,0.8660254038,-0.5
2024-05-03 08:00:00,-0.8746381492897739,-0.1904017286,-0.4901190191,-0.0001147188,-0.1672396036,0.8937619394,-0.0412715364,2.0922426295,False,-0.1714996949,False,False,False,False,False,False,True,False,False,False,False,False,False,False,False,False,False,False,False,False,False,True,False,False,False,False,False,False,True,0.8660254038,-0.5,-0.4338837391,-0.9009688679,0.8660254038,-0.5
2024-05-03 09:00:00,-0.6043220006524941,-0.1996849191,-0.4901190191,-0.5031567995,-0.1672396036,1.2122529883,-0.8757992825,2.0922426295,True,0.8006481012,False,False,False,False,False,False,False,False,False,False,False,False,False,False,True,False,False,False,False,False,False,True,False,False,False,False,False,False,True,0.7071067812,-0.7071067812,-0.4338837391,-0.9009688679,0.8660254038,-0.5
2024-05-03 10:00:00,-0.46916392633385423,-0.2182512999,0.9118195972,0.5029273619,-0.0643355607,1.1212555457,-0.541988184,2.0922426295,True,1.6225873512,False,False,False,False,False,False,True,False,False,False,False,False,False,False,False,False,False,False,False,False,True,False,False,False,False,False,False,False,True,0.5,-0.8660254038,-0.4338837391,-0.9009688679,0.8660254038,-0.5
2024-05-03 11:00:00,-0.06368970337793459,-0.2368176807,0.9118195972,1.2574904829,-0.0643355607,1.2577517096,-0.7200207699,2.0922426295,True,2.3345835152,True,False,False,False,False,False,False,False,False,False,False,False,False,False,False,False,False,False,True,False,False,False,False,False,False,False,False,False,True,0.2588190451,-0.9659258263,-0.4338837391,-0.9009688679,0.8660254038,-0.5
2024-05-03 12:00:00,-0.3340058520152144,-0.2739504424,0.9118195972,0.7544484022,-0.0643355607,1.3487491521,-0.7645289163,2.0922426295,True,4.0325949752,True,False,False,False,False,False,False,False,False,False,False,False,False,False,False,False,False,False,False,False,True,False,False,False,False,False,False,False,True,0.0,-1.0,-0.4338837391,-0.9009688679,0.8660254038,-0.5
2024-05-03 13:00:00,-0.3340058520152144,-0.2553840616,0.9118195972,1.5090115233,-0.1672396036,1.3942478734,-1.0204507584,2.0922426295,True,4.9233358348,True,False,False,False,False,False,False,False,False,False,False,False,False,False,False,False,False,False,True,False,False,False,False,False,False,False,False,False,True,-0.2588190451,-0.9659258263,-0.4338837391,-0.9009688679,0.8660254038,-0.5
2024-05-03 14:00:00,-0.06368970337793459,-0.2925168233,0.9118195972,1.2574904829,-0.1672396036,1.3942478734,-1.0315777951,2.0922426295,True,7.3519544752,False,False,False,False,False,False,True,False,False,False,False,False,False,False,False,False,False,False,True,False,False,False,False,False,False,False,False,False,True,-0.5,-0.8660254038,-0.4338837391,-0.9009688679,0.8660254038,-0.5
2024-05-03 15:00:00,-0.06368970337793459,-0.2739504424,0.9118195972,1.5090115233,-0.1672396036,1.4397465947,-1.1317211246,2.0922426295,True,8.3023830935,True,False,False,False,False,False,False,False,False,False,False,False,False,False,False,False,False,False,True,False,False,False,False,False,False,False,False,False,True,-0.7071067812,-0.7071067812,-0.4338837391,-0.9009688679,0.8660254038,-0.5
2024-05-03 16:00:00,-0.06368970337793459,-0.3389327754,2.3137582136,2.5150956847,-0.1672396036,1.4397465947,-1.2986266738,2.0922426295,True,2.6578370762,False,False,False,False,False,False,False,False,False,False,False,False,False,False,True,False,False,False,False,False,True,False,False,False,False,False,False,False,True,-0.8660254038,-0.5,-0.4338837391,-0.9009688679,0.8660254038,-0.5
2024-05-03 17:00:00,-0.06368970337793459,-0.4503310604,2.3137582136,2.2635746443,-0.1672396036,1.3942478734,-0.8201640994,1.9394499225,True,1.2274398817,False,False,False,False,False,False,True,False,False,False,False,False,False,False,False,False,False,False,False,False,True,False,False,False,False,False,False,False,True,-0.9659258263,-0.2588190451,-0.4338837391,-0.9009688679,0.8660254038,-0.5
2024-05-03 18:00:00,-0.06368970337793459,-0.4781806317,2.3137582136,2.5150956847,-0.0643355607,1.3487491521,-0.4529718911,1.4810718015,True,0.8006481012,False,False,False,False,False,False,True,False,False,False,False,False,False,False,False,False,False,False,True,False,False,False,False,False,False,False,False,False,True,-1.0,-0.0,-0.4338837391,-0.9009688679,0.8660254038,-0.5
2024-05-03 19:00:00,-0.19884777769657447,-0.4874638221,2.3137582136,2.012053604,-0.0643355607,1.3487491521,-0.5753692939,1.3893961773,True,0.3366990221,False,False,False,False,False,False,True,False,False,False,False,False,False,False,False,False,False,False,True,False,False,False,False,False,False,False,False,False,True,-0.9659258263,0.2588190451,-0.4338837391,-0.9009688679,0.8660254038,-0.5
2024-05-03 20:00:00,-0.19884777769657447,-0.5153133934,2.3137582136,2.5150956847,-0.0643355607,1.3032504309,-0.6532585502,1.3893961773,True,0.8006481012,False,False,False,False,False,False,True,False,False,False,False,False,False,False,False,False,False,False,True,False,False,False,False,False,False,False,False,False,True,-0.8660254038,0.5,-0.4338837391,-0.9009688679,0.8660254038,-0.5
2024-05-03 21:00:00,-0.06368970337793459,-0.5245965838,0.9118195972,1.5090115233,0.0385684822,1.3487491521,-0.7422748431,1.0532522218,True,1.6225873512,True,False,False,False,False,False,False,False,False,False,False,False,False,False,False,False,False,False,False,False,True,False,False,False,False,False,False,False,True,-0.7071067812,0.7071067812,-0.4338837391,-0.9009688679,0.8660254038,-0.5
2024-05-03 22:00:00,-0.19884777769657447,-0.5338797742,0.9118195972,1.5090115233,0.0385684822,1.4397465947,-0.8424181726,0.9004595148,True,1.6225873512,False,False,False,False,False,False,True,False,False,False,False,False,False,False,False,False,False,False,True,False,False,False,False,False,False,False,False,False,True,-0.5,0.8660254038,-0.4338837391,-0.9009688679,0.8660254038,-0.5
2024-05-03 23:00:00,-0.8746381492897739,-0.5431629646,0.9118195972,1.0059694426,0.0385684822,1.3942478734,-0.4418448545,0.9615765976,True,0.3366990221,False,False,False,False,False,False,True,False,False,False,False,False,False,False,False,False,False,False,False,False,True,False,False,False,False,False,False,False,True,-0.2588190451,0.9659258263,-0.4338837391,-0.9009688679,0.8660254038,-0.5
2024-05-04 00:00:00,-0.8746381492897739,-0.5338797742,0.9118195972,0.7544484022,0.0385684822,1.3487491521,-0.3862096714,1.2977205531,False,-0.1714996949,False,False,True,False,False,False,False,False,False,False,False,False,False,False,False,False,False,False,False,False,True,False,False,False,False,False,False,False,True,0.0,1.0,-0.9749279122,-0.222520934,0.8660254038,-0.5
2024-05-04 01:00:00,-0.8746381492897739,-0.552446155,-0.4901190191,-0.2516357592,-0.0643355607,1.3942478734,-0.9536885388,1.3588376359,True,0.3366990221,False,False,True,False,False,False,False,False,False,False,False,False,False,False,False,False,False,False,False,False,True,False,False,False,False,False,False,False,True,0.2588190451,0.9659258263,-0.9749279122,-0.222520934,0.8660254038,-0.5
2024-05-04 02:00:00,-0.8746381492897739,-0.5617293455,-0.4901190191,-0.2516357592,-0.0643355607,1.485245316,-1.1094670514,0.992135139,True,1.6225873512,False,False,True,False,False,False,False,False,False,False,False,False,False,False,False,False,False,False,True,False,False,False,False,False,False,False,False,False,True,0.5,0.8660254038,-0.9749279122,-0.222520934,0.8660254038,-0.5
2024-05-04 03:00:00,-1.0097962236084137,-0.552446155,-0.4901190191,-1.0061988802,-0.1672396036,1.4397465947,-0.9536885388,0.6559911836,False,-0.1714996949,False,False,True,False,False,False,False,False,False,False,False,False,False,False,False,False,False,False,False,False,True,False,False,False,False,False,False,False,True,0.7071067812,0.7071067812,-0.9749279122,-0.222520934,0.8660254038,-0.5
2024-05-04 04:00:00,-0.8746381492897739,-0.5431629646,-1.8920576355,-1.0061988802,-0.1672396036,1.485245316,-1.1984833443,0.8087838906,True,0.3366990221,False,False,True,False,False,False,False,False,False,False,False,False,False,False,False,False,False,False,False,False,False,False,False,False,False,False,False,True,True,0.8660254038,0.5,-0.9749279122,-0.222520934,0.8660254038,-0.5
2024-05-04 05:00:00,-0.8746381492897739,-0.5431629646,-0.4901190191,-0.2516357592,-0.2701436465,1.4397465947,-0.9536885388,0.9004595148,False,-0.1714996949,False,False,True,False,False,False,False,False,False,False,False,False,False,False,False,False,False,False,False,False,False,False,False,False,False,False,True,False,True,0.9659258263,0.2588190451,-0.9749279122,-0.222520934,0.8660254038,-0.5
2024-05-04 06:00:00,-0.8746381492897739,-0.5431629646,-0.4901190191,-0.5031567995,-0.2701436465,1.4397465947,-0.9425615021,-0.0468552687,False,-0.1714996949,False,False,False,False,False,False,False,False,False,True,False,False,False,False,False,False,False,False,False,False,False,False,False,False,False,True,False,False,True,1.0,0.0,-0.9749279122,-0.222520934,0.8660254038,-0.5
2024-05-04 07:00:00,-1.0097962236084137,-0.5153133934,-0.4901190191,-1.0061988802,-0.1672396036,1.3942478734,-0.9091803923,0.9310180562,False,-0.1714996949,False,False,True,False,False,False,False,False,False,False,False,False,False,False,False,False,False,False,False,False,False,False,False,False,False,True,False,False,True,0.9659258263,-0.2588190451,-0.9749279122,-0.222520934,0.8660254038,-0.5
2024-05-04 08:00:00,-0.8746381492897739,-0.4874638221,-0.4901190191,-0.2516357592,-0.1672396036,1.2122529883,-0.7200207699,1.6644230499,False,-0.1714996949,False,False,True,False,False,False,False,False,False,False,False,False,False,False,False,False,False,False,False,False,False,False,False,False,False,False,True,False,True,0.8660254038,-0.5,-0.9749279122,-0.222520934,0.8660254038,-0.5
2024-05-04 09:00:00,-0.739480074971134,-0.4503310604,-0.4901190191,-0.2516357592,-0.1672396036,1.2122529883,-0.5753692939,2.0616840881,False,-0.1714996949,False,False,False,False,False,False,False,False,False,False,False,False,False,False,True,False,False,False,False,False,False,False,False,False,False,False,True,False,True,0.7071067812,-0.7071067812,-0.9749279122,-0.222520934,0.8660254038,-0.5
2024-05-04 10:00:00,-0.46916392633385423,-0.3203663945,-0.4901190191,-0.0001147188,-0.1672396036,0.8482632181,-0.2860663419,1.7560986741,False,-0.1714996949,False,False,True,False,False,False,False,False,False,False,False,False,False,False,False,False,False,False,True,False,False,False,False,False,False,False,False,False,True,0.5,-0.8660254038,-0.9749279122,-0.222520934,0.8660254038,-0.5
2024-05-04 11:00:00,-0.3340058520152144,-0.2461008712,-0.4901190191,-0.2516357592,-0.2701436465,0.5297721691,-0.1414148659,1.9700084639,False,-0.1714996949,False,False,False,False,False,False,False,False,False,False,False,False,False,False,True,False,False,False,False,False,False,False,True,False,False,False,False,False,True,0.2588190451,-0.9659258263,-0.9749279122,-0.222520934,0.8660254038,-0.5
2024-05-04 12:00:00,-0.3340058520152144,-0.1718353478,0.9118195972,0.2514063215,-0.2701436465,0.5752708904,-0.6310044769,2.0922426295,False,-0.1714996949,False,False,False,False,False,False,False,False,False,False,False,False,False,False,True,False,False,False,False,False,False,False,False,False,False,True,False,False,True,0.0,-1.0,-0.9749279122,-0.222520934,0.8660254038,-0.5
2024-05-04 13:00:00,-0.3340058520152144,-0.0975698244,-0.4901190191,-0.0001147188,-0.3730476894,0.347777284,-0.2081770856,2.0922426295,False,-0.1714996949,False,False,False,False,False,False,False,False,False,False,False,False,False,False,True,False,False,False,False,False,False,False,True,False,False,False,False,False,True,-0.2588190451,-0.9659258263,-0.9749279122,-0.222520934,0.8660254038,-0.5
2024-05-04 14:00:00,-0.06368970337793459,-0.0418706819,-0.4901190191,-0.0001147188,-0.4759517323,0.3022785627,-0.1525419025,2.0922426295,False,-0.1714996949,False,False,False,False,False,False,False,False,False,False,False,False,False,False,True,False,False,False,False,False,False,False,False,False,False,True,False,False,True,-0.5,-0.8660254038,-0.9749279122,-0.222520934,0.8660254038,-0.5
2024-05-04 15:00:00,0.0714683709407053,-0.0140211106,-0.4901190191,-0.0001147188,-0.4759517323,0.2567798415,-0.0190174631,2.0922426295,False,-0.1714996949,False,False,False,False,False,False,False,False,False,False,False,False,False,False,True,False,False,False,False,False,False,False,False,False,False,False,True,False,True,-0.7071067812,-0.7071067812,-0.9749279122,-0.222520934,0.8660254038,-0.5
2024-05-04 16:00:00,-0.06368970337793459,0.023111651,-0.4901190191,-0.2516357592,-0.5788557752,0.1657823989,-0.0969067194,1.8172157569,False,-0.1714996949,False,False,True,False,False,False,False,False,False,False,False,False,False,False,False,False,False,False,False,False,False,False,False,False,False,False,True,False,True,-0.8660254038,-0.5,-0.9749279122,-0.222520934,0.8660254038,-0.5
2024-05-04 17:00:00,0.47694259389662497,0.0323948415,0.9118195972,0.2514063215,-0.5788557752,0.0747849564,0.1923962325,0.839342432,False,-0.1714996949,False,False,True,False,False,False,False,False,False,False,False,False,False,False,False,False,False,False,False,False,False,False,False,False,False,True,False,False,True,-0.9659258263,-0.2588190451,-0.9749279122,-0.222520934,0.8660254038,-0.5
2024-05-04 18:00:00,0.47694259389662497,0.0323948415,-0.4901190191,-0.5031567995,-0.6817598181,0.1202836776,-0.0635256096,0.0142618141,False,-0.1714996949,False,False,False,False,False,False,False,False,False,True,False,False,False,False,False,False,False,False,False,False,False,False,True,False,False,False,False,False,True,-1.0,-0.0,-0.9749279122,-0.222520934,0.8660254038,-0.5
2024-05-04 19:00:00,0.34178451957798506,-0.0140211106,-0.4901190191,-0.0001147188,-0.5788557752,0.2567798415,-0.0746526462,-0.8108188037,False,-0.1714996949,False,False,False,False,False,False,False,False,False,True,False,False,False,False,False,False,False,False,False,False,False,False,False,False,False,True,False,False,True,-0.9659258263,0.2588190451,-0.9749279122,-0.222520934,0.8660254038,-0.5
2024-05-04 20:00:00,0.47694259389662497,-0.153268967,-0.4901190191,-0.5031567995,-0.5788557752,0.5752708904,-0.3194474517,-0.7802602623,False,-0.1714996949,False,False,False,False,False,False,False,False,False,True,False,False,False,False,False,False,False,False,False,False,False,False,False,False,False,False,True,False,True,-0.8660254038,0.5,-0.9749279122,-0.222520934,0.8660254038,-0.5
2024-05-04 21:00:00,0.0714683709407053,-0.153268967,-0.4901190191,-0.0001147188,-0.4759517323,0.5752708904,-0.1191607927,-0.7802602623,False,-0.1714996949,False,False,False,False,False,False,False,False,False,True,False,False,False,False,False,False,False,False,False,False,False,False,False,False,False,False,True,False,True,-0.7071067812,0.7071067812,-0.9749279122,-0.222520934,0.8660254038,-0.5
2024-05-04 22:00:00,-0.19884777769657447,-0.1996849191,-0.4901190191,-0.0001147188,-0.4759517323,0.8027644968,-0.1525419025,-0.6580260967,False,-0.1714996949,False,False,False,False,False,False,False,False,False,True,False,False,False,False,False,False,False,False,False,False,False,False,False,False,False,True,False,False,True,-0.5,0.8660254038,-0.9749279122,-0.222520934,0.8660254038,-0.5
2024-05-04 23:00:00,-0.739480074971134,-0.2739504424,0.9118195972,0.5029273619,-0.4759517323,0.8937619394,-0.3083204151,-0.8108188037,False,-0.1714996949,False,False,False,False,False,False,False,False,False,True,False,False,False,False,False,False,False,False,False,False,False,False,False,False,False,False,True,False,True,-0.2588190451,0.9659258263,-0.9749279122,-0.222520934,0.8660254038,-0.5
2024-05-05 00:00:00,-0.8746381492897739,-0.2832336328,-0.4901190191,-0.2516357592,-0.4759517323,0.9392606606,-0.5753692939,-0.1690894343,False,-0.1714996949,False,False,False,False,False,False,False,False,False,True,False,False,False,False,False,False,False,False,False,False,False,False,False,False,False,False,True,False,True,0.0,1.0,-0.7818314825,0.6234898019,0.8660254038,-0.5
2024-05-05 01:00:00,-1.0097962236084137,-0.2925168233,-0.4901190191,-0.0001147188,-0.4759517323,0.9847593819,-0.7867829895,-0.3829992241,False,-0.1714996949,False,False,False,False,False,False,False,False,False,True,False,False,False,False,False,False,False,False,False,False,False,False,False,False,False,False,True,False,True,0.2588190451,0.9659258263,-0.7818314825,0.6234898019,0.8660254038,-0.5
2024-05-05 02:00:00,-0.8746381492897739,-0.3018000137,0.9118195972,0.2514063215,-0.4759517323,1.0757568245,-0.7200207699,-0.0468552687,False,-0.1714996949,False,False,False,False,False,False,False,False,False,True,False,False,False,False,False,False,False,False,False,False,False,False,False,False,False,True,False,False,True,0.5,0.8660254038,-0.7818314825,0.6234898019,0.8660254038,-0.5
2024-05-05 03:00:00,-0.8746381492897739,-0.3203663945,-0.4901190191,-0.0001147188,-0.5788557752,1.166754267,-0.8201640994,-0.5663504725,False,-0.1714996949,False,False,False,False,False,False,False,False,False,True,False,False,False,False,False,False,False,False,False,False,False,False,False,False,False,True,False,False,True,0.7071067812,0.7071067812,-0.7818314825,0.6234898019,0.8660254038,-0.5
2024-05-05 04:00:00,-0.8746381492897739,-0.3760655371,0.9118195972,0.5029273619,-0.5788557752,1.2577517096,-0.8090370628,-0.3829992241,False,-0.1714996949,False,False,False,False,False,False,False,False,False,True,False,False,False,False,False,False,False,False,False,False,False,False,False,False,False,True,False,False,True,0.8660254038,0.5,-0.7818314825,0.6234898019,0.8660254038,-0.5
2024-05-05 05:00:00,-1.0097962236084137,-0.4224814892,0.9118195972,0.7544484022,-0.5788557752,1.3032504309,-0.6643855868,-0.6885846381,False,-0.1714996949,False,False,False,False,False,False,False,False,False,True,False,False,False,False,False,False,False,False,False,False,False,False,False,False,False,True,False,False,True,0.9659258263,0.2588190451,-0.7818314825,0.6234898019,0.8660254038,-0.5
2024-05-05 06:00:00,-0.8746381492897739,-0.44104787,0.9118195972,1.0059694426,-0.5788557752,1.3487491521,-0.5197341108,-0.6274675553,False,-0.1714996949,False,False,False,False,False,False,False,False,False,True,False,False,False,False,False,False,False,False,False,False,False,False,False,False,False,True,False,False,True,1.0,0.0,-0.7818314825,0.6234898019,0.8660254038,-0.5
2024-05-05 07:00:00,-0.8746381492897739,-0.4131982987,0.9118195972,0.7544484022,-0.4759517323,1.3487491521,-0.5642422573,-0.5052333897,False,-0.1714996949,False,False,False,False,False,False,False,False,False,True,False,False,False,False,False,False,False,False,False,False,False,False,False,False,False,True,False,False,True,0.9659258263,-0.2588190451,-0.7818314825,0.6234898019,0.8660254038,-0.5
2024-05-05 08:00:00,-1.0097962236084137,-0.2832336328,0.9118195972,0.2514063215,-0.4759517323,1.2122529883,-0.4529718911,-0.3829992241,False,-0.1714996949,False,False,False,False,False,False,False,False,False,True,False,False,False,False,False,False,False,False,False,False,False,False,False,False,False,True,False,False,True,0.8660254038,-0.5,-0.7818314825,0.6234898019,0.8660254038,-0.5
2024-05-05 09:00:00,-0.739480074971134,-0.1347025861,0.9118195972,1.2574904829,-0.3730476894,0.8027644968,-0.2081770856,-0.4441163069,False,-0.1714996949,False,False,False,False,False,False,False,False,False,True,False,False,False,False,False,False,False,False,False,False,False,False,False,False,False,False,True,False,True,0.7071067812,-0.7071067812,-0.7818314825,0.6234898019,0.8660254038,-0.5
2024-05-05 10:00:00,-0.19884777769657447,0.0045452702,0.9118195972,1.0059694426,-0.3730476894,0.5297721691,0.0588717932,-0.5357919311,False,-0.1714996949,False,False,False,False,False,False,False,False,False,True,False,False,False,False,False,False,False,False,False,False,False,False,False,False,False,True,False,False,True,0.5,-0.8660254038,-0.7818314825,0.6234898019,0.8660254038,-0.5
2024-05-05 11:00:00,0.0714683709407053,0.1345099361,0.9118195972,1.7605325636,-0.4759517323,0.2112811202,0.5373343676,-0.6885846381,False,-0.1714996949,False,False,False,False,False,False,False,False,False,True,False,False,False,False,False,False,False,False,False,False,False,False,False,False,False,True,False,False,True,0.2588190451,-0.9659258263,-0.7818314825,0.6234898019,0.8660254038,-0.5
2024-05-05 12:00:00,0.0714683709407053,0.3108905541,0.9118195972,1.5090115233,-0.4759517323,-0.0162124862,1.0491780518,-0.8108188037,False,-0.1714996949,False,False,False,False,False,False,False,False,False,True,False,False,False,False,False,False,False,False,False,False,False,False,False,False,False,True,False,False,True,0.0,-1.0,-0.7818314825,0.6234898019,0.8660254038,-0.5
2024-05-05 13:00:00,-0.06368970337793459,0.4315720296,0.9118195972,1.0059694426,-0.4759517323,-0.2892048139,1.0603050884,-0.8108188037,False,-0.1714996949,False,False,False,False,False,False,False,False,False,True,False,False,False,False,False,False,False,False,False,False,False,False,False,False,False,True,False,False,True,-0.2588190451,-0.9659258263,-0.7818314825,0.6234898019,0.8660254038,-0.5
2024-05-05 14:00:00,-0.06368970337793459,0.552253505,0.9118195972,1.0059694426,-0.5788557752,-0.3802022564,1.4052432235,-0.8108188037,False,-0.1714996949,False,False,False,False,False,False,False,False,False,True,False,False,False,False,False,False,False,False,False,False,False,False,False,False,False,True,False,False,True,-0.5,-0.8660254038,-0.7818314825,0.6234898019,0.8660254038,-0.5
2024-05-05 15:00:00,-0.06368970337793459,0.6543685997,0.9118195972,1.0059694426,-0.6817598181,-0.5621971415,1.6945461755,-0.8108188037,False,-0.1714996949,False,False,False,False,False,False,False,False,False,True,False,False,False,False,False,False,False,False,False,False,False,False,False,False,False,True,False,False,True,-0.7071067812,-0.7071067812,-0.7818314825,0.6234898019,0.8660254038,-0.5
2024-05-05 16:00:00,-0.06368970337793459,0.7100677422,0.9118195972,0.5029273619,-0.784663861,-0.7441920267,1.6945461755,-0.8108188037,False,-0.1714996949,False,False,False,False,False,False,False,False,False,True,False,False,False,False,False,False,False,False,False,False,False,False,False,False,False,True,False,False,True,-0.8660254038,-0.5,-0.7818314825,0.6234898019,0.8660254038,-0.5
2024-05-05 17:00:00,-0.06368970337793459,0.7750500751,0.9118195972,0.2514063215,-0.784663861,-0.6986933054,1.6945461755,-0.8108188037,False,-0.1714996949,False,False,False,False,False,False,False,False,False,True,False,False,False,False,False,False,False,False,False,True,False,False,False,False,False,False,False,False,True,-0.9659258263,-0.2588190451,-0.7818314825,0.6234898019,0.8660254038,-0.5
2024-05-05 18:00:00,0.0714683709407053,0.7472005039,-0.4901190191,-0.0001147188,-0.8875679039,-1.0626830756,1.6945461755,-0.8108188037,False,-0.1714996949,False,False,False,False,False,False,False,False,False,True,False,False,False,False,False,False,False,False,False,True,False,False,False,False,False,False,False,False,True,-1.0,-0.0,-0.7818314825,0.6234898019,0.8660254038,-0.5
2024-05-05 19:00:00,-0.06368970337793459,0.6265190284,-0.4901190191,-0.2516357592,-0.8875679039,-0.7441920267,1.6945461755,-0.8108188037,False,-0.1714996949,False,False,False,False,False,False,False,False,False,True,False,False,False,False,False,False,False,False,False,False,False,False,True,False,False,False,False,False,True,-0.9659258263,0.2588190451,-0.7818314825,0.6234898019,0.8660254038,-0.5
2024-05-05 20:00:00,-0.06368970337793459,0.3480233158,-0.4901190191,-0.5031567995,-0.8875679039,-0.3802022564,1.6945461755,-0.8108188037,False,-0.1714996949,False,False,False,False,False,False,False,False,False,True,False,False,False,False,False,False,False,False,False,False,False,True,False,False,False,False,False,False,True,-0.8660254038,0.5,-0.7818314825,0.6234898019,0.8660254038,-0.5
2024-05-05 21:00:00,-0.06368970337793459,0.3201737445,0.9118195972,0.7544484022,-0.784663861,-0.1982073713,1.5610217361,-0.8108188037,False,-0.1714996949,False,False,False,False,False,False,False,False,False,True,False,False,False,False,False,False,False,False,False,False,True,False,False,False,False,False,False,False,True,-0.7071067812,0.7071067812,-0.7818314825,0.6234898019,0.8660254038,-0.5
2024-05-05 22:00:00,-0.06368970337793459,0.2551914116,0.9118195972,0.7544484022,-0.784663861,-0.1072099288,1.6945461755,-0.8108188037,False,-0.1714996949,False,False,False,False,False,False,False,False,False,True,False,False,False,False,False,False,False,False,False,False,True,False,False,False,False,False,False,False,True,-0.5,0.8660254038,-0.7818314825,0.6234898019,0.8660254038,-0.5
2024-05-05 23:00:00,-0.739480074971134,0.1716426978,0.9118195972,1.0059694426,-0.6817598181,0.1202836776,1.6945461755,-0.8108188037,False,-0.1714996949,False,False,False,False,False,False,False,False,False,True,False,False,False,False,False,False,False,False,False,False,False,False,False,False,True,False,False,False,True,-0.2588190451,0.9659258263,-0.7818314825,0.6234898019,0.8660254038,-0.5
2024-05-06 00:00:00,-1.0097962236084137,0.0416780319,-0.4901190191,-0.0001147188,-0.784663861,0.347777284,1.1159402715,-0.8108188037,False,-0.1714996949,False,False,False,False,False,False,False,False,False,True,False,False,False,False,False,False,False,False,True,False,False,False,False,False,False,False,False,False,False,0.0,1.0,0.0,1.0,0.8660254038,-0.5
2024-05-06 01:00:00,-0.8746381492897739,-0.0604370627,0.9118195972,0.2514063215,-0.6817598181,0.8027644968,0.3147936353,-0.8108188037,False,-0.1714996949,False,False,False,False,False,False,False,False,False,True,False,False,False,False,False,False,False,False,True,False,False,False,False,False,False,False,False,False,False,0.2588190451,0.9659258263,0.0,1.0,0.8660254038,-0.5
2024-05-06 02:00:00,-1.0097962236084137,-0.0418706819,0.9118195972,0.7544484022,-0.6817598181,0.8027644968,0.1033799396,-0.8108188037,False,-0.1714996949,False,False,False,False,False,False,False,False,False,True,False,False,False,False,False,False,False,False,True,False,False,False,False,False,False,False,False,False,False,0.5,0.8660254038,0.0,1.0,0.8660254038,-0.5
2024-05-06 03:00:00,-0.8746381492897739,-0.0604370627,0.9118195972,1.0059694426,-0.6817598181,0.7117670542,0.72649399,-0.8108188037,False,-0.1714996949,False,False,False,False,False,False,False,False,False,True,False,False,False,False,False,False,False,False,True,False,False,False,False,False,False,False,False,False,False,0.7071067812,0.7071067812,0.0,1.0,0.8660254038,-0.5
2024-05-06 04:00:00,-0.8746381492897739,-0.0697202532,0.9118195972,1.0059694426,-0.6817598181,0.666268333,1.1270673081,-0.8108188037,False,-0.1714996949,False,False,False,False,False,False,False,False,False,True,False,False,False,False,False,False,False,False,True,False,False,False,False,False,False,False,False,False,False,0.8660254038,0.5,0.0,1.0,0.8660254038,-0.5
2024-05-06 05:00:00,-1.0097962236084137,-0.1811185382,0.9118195972,0.2514063215,-0.5788557752,0.9392606606,0.3926828916,-0.8108188037,False,-0.1714996949,False,False,False,False,False,False,False,False,False,True,False,False,False,False,False,False,False,False,True,False,False,False,False,False,False,False,False,False,False,0.9659258263,0.2588190451,0.0,1.0,0.8660254038,-0.5
2024-05-06 06:00:00,-0.8746381492897739,-0.3203663945,-0.4901190191,-0.7546778399,-0.5788557752,1.3032504309,0.0366177199,-0.8108188037,False,-0.1714996949,False,False,False,False,False,False,False,False,False,True,False,False,False,False,False,False,False,False,False,False,True,False,False,False,False,False,False,False,False,1.0,0.0,0.0,1.0,0.8660254038,-0.5
2024-05-06 07:00:00,-0.8746381492897739,-0.1347025861,-0.4901190191,-1.0061988802,-0.4759517323,1.166754267,-0.0190174631,-0.8108188037,False,-0.1714996949,False,False,False,False,False,False,False,False,False,True,False,False,False,False,False,False,False,False,True,False,False,False,False,False,False,False,False,False,False,0.9659258263,-0.2588190451,0.0,1.0,0.8660254038,-0.5
2024-05-06 08:00:00,-0.739480074971134,0.1159435553,0.9118195972,0.2514063215,-0.3730476894,0.4842734479,0.4594451113,-0.7497017209,False,-0.1714996949,False,False,False,False,False,False,False,False,False,True,False,False,False,False,False,False,False,False,False,False,True,False,False,False,False,False,False,False,False,0.8660254038,-0.5,0.0,1.0,0.8660254038,-0.5
2024-05-06 09:00:00,-0.3340058520152144,0.2366250307,0.9118195972,0.2514063215,-0.2701436465,0.2112811202,0.7042399168,-0.7802602623,False,-0.1714996949,False,False,False,False,False,False,False,False,False,True,False,False,False,False,False,False,False,False,False,True,False,False,False,False,False,False,False,False,False,0.7071067812,-0.7071067812,0.0,1.0,0.8660254038,-0.5
2024-05-06 10:00:00,0.0714683709407053,0.3573065062,0.9118195972,0.2514063215,-0.1672396036,-0.1982073713,1.3829891503,-0.8108188037,False,-0.1714996949,False,False,False,False,False,False,False,False,False,True,False,False,False,False,False,False,False,False,False,False,False,False,True,False,False,False,False,False,False,0.5,-0.8660254038,0.0,1.0,0.8660254038,-0.5
2024-05-06 11:00:00,0.34178451957798506,0.5151207433,-0.4901190191,-0.2516357592,-0.1672396036,-0.5166984203,1.6945461755,-0.8108188037,False,-0.1714996949,False,False,False,False,False,False,False,False,False,True,False,False,False,False,False,False,False,False,False,False,True,False,False,False,False,False,False,False,False,0.2588190451,-0.9659258263,0.0,1.0,0.8660254038,-0.5
2024-05-06 12:00:00,0.20662644525934518,0.6358022188,0.9118195972,0.2514063215,-0.2701436465,-0.6986933054,1.4052432235,-0.8108188037,False,-0.1714996949,False,False,False,False,False,False,False,False,False,True,False,False,False,False,False,False,False,False,False,False,True,False,False,False,False,False,False,False,False,0.0,-1.0,0.0,1.0,0.8660254038,-0.5
2024-05-06 13:00:00,-0.19884777769657447,0.7750500751,0.9118195972,0.2514063215,-0.2701436465,-0.5621971415,1.2272106377,-0.8108188037,False,-0.1714996949,False,False,False,False,False,False,False,False,False,True,False,False,False,False,False,False,False,False,False,False,True,False,False,False,False,False,False,False,False,-0.2588190451,-0.9659258263,0.0,1.0,0.8660254038,-0.5
2024-05-06 14:00:00,0.0714683709407053,0.8214660272,0.9118195972,0.5029273619,-0.2701436465,-0.6076958628,1.6945461755,-0.8108188037,False,-0.1714996949,False,False,False,False,False,False,False,False,False,True,False,False,False,False,False,False,False,False,False,True,False,False,False,False,False,False,False,False,False,-0.5,-0.8660254038,0.0,1.0,0.8660254038,-0.5
2024-05-06 15:00:00,0.47694259389662497,0.905014741,-0.4901190191,-0.2516357592,-0.3730476894,-0.7896907479,1.6945461755,-0.8108188037,False,-0.1714996949,False,False,False,False,False,False,False,False,False,True,False,False,False,False,False,False,False,False,False,False,False,False,True,False,False,False,False,False,False,-0.7071067812,-0.7071067812,0.0,1.0,0.8660254038,-0.5
2024-05-06 16:00:00,0.34178451957798506,0.9328643123,0.9118195972,0.7544484022,-0.4759517323,-1.1991792394,1.6945461755,-0.7497017209,False,-0.1714996949,False,False,False,False,False,False,False,False,False,True,False,False,False,False,False,False,False,False,False,False,False,False,True,False,False,False,False,False,False,-0.8660254038,-0.5,0.0,1.0,0.8660254038,-0.5
2024-05-06 17:00:00,0.47694259389662497,0.9792802644,-0.4901190191,-0.0001147188,-0.4759517323,-1.1536805182,1.6945461755,-0.7802602623,False,-0.1714996949,False,False,False,False,False,False,False,False,False,True,False,False,False,False,False,False,False,False,False,True,False,False,False,False,False,False,False,False,False,-0.9659258263,-0.2588190451,0.0,1.0,0.8660254038,-0.5
2024-05-06 18:00:00,0.6121006682152649,0.9328643123,0.9118195972,0.2514063215,-0.4759517323,-1.1536805182,1.6389109924,-0.8108188037,False,-0.1714996949,False,False,False,False,False,False,False,False,False,True,False,False,False,False,False,False,False,False,False,False,True,False,False,False,False,False,False,False,False,-1.0,-0.0,0.0,1.0,0.8660254038,-0.5
2024-05-06 19:00:00,0.20662644525934518,0.793616456,0.9118195972,0.7544484022,-0.4759517323,-0.7441920267,1.6945461755,-0.8108188037,False,-0.1714996949,False,False,False,False,False,False,False,False,False,True,False,False,False,False,False,False,False,False,False,False,True,False,False,False,False,False,False,False,False,-0.9659258263,0.2588190451,0.0,1.0,0.8660254038,-0.5
2024-05-06 20:00:00,-0.06368970337793459,0.5708198859,0.9118195972,0.2514063215,-0.3730476894,-0.471199699,1.6945461755,-0.8108188037,False,-0.1714996949,False,False,False,False,False,False,False,False,False,True,False,False,False,False,False,False,False,False,False,False,True,False,False,False,False,False,False,False,False,-0.8660254038,0.5,0.0,1.0,0.8660254038,-0.5
2024-05-06 21:00:00,0.20662644525934518,0.5336871242,0.9118195972,1.0059694426,-0.2701436465,-0.2892048139,1.6945461755,-0.8108188037,False,-0.1714996949,False,False,False,False,False,False,False,False,False,True,False,False,False,False,False,False,False,False,False,False,True,False,False,False,False,False,False,False,False,-0.7071067812,0.7071067812,0.0,1.0,0.8660254038,-0.5
2024-05-06 22:00:00,0.20662644525934518,0.4037224583,0.9118195972,0.2514063215,-0.2701436465,-0.15270865,1.6945461755,-0.5969090139,False,-0.1714996949,False,False,False,False,False,False,False,False,False,True,False,False,False,False,False,False,False,False,True,False,False,False,False,False,False,False,False,False,False,-0.5,0.8660254038,0.0,1.0,0.8660254038,-0.5
2024-05-06 23:00:00,-0.739480074971134,0.2737577924,0.9118195972,0.5029273619,-0.1672396036,0.2567798415,1.4274972967,-0.7802602623,False,-0.1714996949,False,False,False,False,False,False,False,False,False,True,False,False,False,False,False,False,False,False,True,False,False,False,False,False,False,False,False,False,False,-0.2588190451,0.9659258263,0.0,1.0,0.8660254038,-0.5
2024-05-07 00:00:00,-1.0097962236084137,0.1530763169,0.9118195972,0.2514063215,-0.1672396036,0.5752708904,0.7042399168,-0.7497017209,False,-0.1714996949,False,False,False,False,False,False,False,False,False,True,False,False,False,False,False,False,False,False,False,False,False,True,False,False,False,False,False,False,False,0.0,1.0,0.7818314825,0.6234898019,0.8660254038,-0.5
2024-05-07 01:00:00,-0.8746381492897739,0.1159435553,-0.4901190191,-0.0001147188,-0.1672396036,0.7117670542,0.1701421593,-0.7497017209,False,-0.1714996949,False,False,False,False,False,False,False,False,False,True,False,False,False,False,False,False,False,False,False,False,False,True,False,False,False,False,False,False,False,0.2588190451,0.9659258263,0.7818314825,0.6234898019,0.8660254038,-0.5
2024-05-07 02:00:00,-0.8746381492897739,-0.0047379202,-0.4901190191,-0.2516357592,-0.0643355607,0.9392606606,0.2035232691,-0.7802602623,False,-0.1714996949,False,False,False,False,False,False,False,False,False,True,False,False,False,False,False,False,False,False,True,False,False,False,False,False,False,False,False,False,False,0.5,0.8660254038,0.7818314825,0.6234898019,0.8660254038,-0.5
2024-05-07 03:00:00,-1.0097962236084137,0.0509612223,0.9118195972,0.2514063215,-0.0643355607,0.9392606606,-0.7867829895,-0.7802602623,False,-0.1714996949,False,False,False,False,False,False,False,False,False,True,False,False,False,False,False,False,False,False,False,False,False,False,True,False,False,False,False,False,False,0.7071067812,0.7071067812,0.7818314825,0.6234898019,0.8660254038,-0.5
2024-05-07 04:00:00,-0.8746381492897739,-0.0140211106,0.9118195972,0.2514063215,-0.0643355607,0.9847593819,-0.2971933785,-0.7191431795,False,-0.1714996949,False,False,False,False,False,False,False,False,False,True,False,False,False,False,False,False,False,False,False,False,False,True,False,False,False,False,False,False,False,0.8660254038,0.5,0.7818314825,0.6234898019,0.8660254038,-0.5
2024-05-07 05:00:00,-1.0097962236084137,-0.0418706819,-0.4901190191,-0.2516357592,0.0385684822,0.9847593819,0.1812691959,-0.7191431795,False,-0.1714996949,False,False,False,False,False,False,False,False,False,True,False,False,False,False,False,False,False,False,False,False,False,False,False,False,True,False,False,False,False,0.9659258263,0.2588190451,0.7818314825,0.6234898019,0.8660254038,-0.5
2024-05-07 06:00:00,-0.8746381492897739,-0.088286634,-0.4901190191,-0.5031567995,0.1414725251,0.9847593819,0.2480314156,-0.6274675553,False,-0.1714996949,False,False,False,False,False,False,False,False,False,True,False,False,False,False,False,False,False,False,False,False,False,False,False,False,True,False,False,False,False,1.0,0.0,0.7818314825,0.6234898019,0.8660254038,-0.5
2024-05-07 07:00:00,-0.8746381492897739,-0.0047379202,-0.4901190191,-0.5031567995,0.1414725251,0.9392606606,-0.4084637447,-0.7802602623,False,-0.1714996949,False,False,False,False,False,False,False,False,False,True,False,False,False,False,False,False,False,False,False,False,True,False,False,False,False,False,False,False,False,0.9659258263,-0.2588190451,0.7818314825,0.6234898019,0.8660254038,-0.5
2024-05-07 08:00:00,-0.739480074971134,0.2180586499,0.9118195972,0.5029273619,0.244376568,0.4387747266,0.0366177199,-0.8108188037,False,-0.1714996949,False,False,False,False,False,False,False,False,False,True,False,False,False,False,False,False,False,False,True,False,False,False,False,False,False,False,False,False,False,0.8660254038,-0.5,0.7818314825,0.6234898019,0.8660254038,-0.5
2024-05-07 09:00:00,0.20662644525934518,0.4222888391,-0.4901190191,-0.2516357592,0.244376568,0.1202836776,-0.68663966,-0.7802602623,False,-0.1714996949,False,False,False,False,False,False,False,False,False,True,False,False,False,False,False,False,False,False,False,False,True,False,False,False,False,False,False,False,False,0.7071067812,-0.7071067812,0.7818314825,0.6234898019,0.8660254038,-0.5
2024-05-07 10:00:00,0.20662644525934518,0.5336871242,0.9118195972,0.7544484022,0.3472806109,-0.3802022564,0.7710021365,-0.7191431795,False,-0.1714996949,False,False,False,False,False,False,False,False,False,True,False,False,False,False,False,False,False,False,False,False,True,False,False,False,False,False,False,False,False,0.5,-0.8660254038,0.7818314825,0.6234898019,0.8660254038,-0.5
2024-05-07 11:00:00,0.6121006682152649,0.6636517901,0.9118195972,0.2514063215,0.244376568,-0.5166984203,0.8822725026,-0.8108188037,False,-0.1714996949,False,False,False,False,False,False,False,False,False,True,False,False,False,False,False,False,False,False,True,False,False,False,False,False,False,False,False,False,False,0.2588190451,-0.9659258263,0.7818314825,0.6234898019,0.8660254038,-0.5
2024-05-07 12:00:00,0.47694259389662497,0.7750500751,0.9118195972,0.7544484022,0.244376568,-0.6531945841,0.7376210266,-0.7802602623,False,-0.1714996949,False,False,False,False,False,False,False,False,False,True,False,False,False,False,False,False,False,False,True,False,False,False,False,False,False,False,False,False,False,0.0,-1.0,0.7818314825,0.6234898019,0.8660254038,-0.5
2024-05-07 13:00:00,0.0714683709407053,0.9235811219,-0.4901190191,-0.2516357592,0.1414725251,-0.6986933054,1.3496080404,-0.7802602623,False,-0.1714996949,False,False,False,False,False,False,False,False,False,True,False,False,False,False,False,False,False,False,False,False,False,False,False,False,True,False,False,False,False,-0.2588190451,-0.9659258263,0.7818314825,0.6234898019,0.8660254038,-0.5
2024-05-07 14:00:00,0.20662644525934518,1.0442625973,0.9118195972,0.2514063215,0.0385684822,-0.971685633,1.6945461755,-0.8108188037,False,-0.1714996949,False,False,False,False,False,False,False,False,False,True,False,False,False,False,False,False,False,False,False,False,True,False,False,False,False,False,False,False,False,-0.5,-0.8660254038,0.7818314825,0.6234898019,0.8660254038,-0.5
2024-05-07 15:00:00,0.47694259389662497,1.1278113111,0.9118195972,0.5029273619,-0.0643355607,-1.2446779607,1.6945461755,-0.7191431795,False,-0.1714996949,False,False,False,False,False,False,False,False,False,True,False,False,False,False,False,False,False,False,True,False,False,False,False,False,False,False,False,False,False,-0.7071067812,-0.7071067812,0.7818314825,0.6234898019,0.8660254038,-0.5
2024-05-07 16:00:00,0.6121006682152649,1.146377692,0.9118195972,0.7544484022,-0.1672396036,-1.2446779607,1.6945461755,-0.7802602623,False,-0.1714996949,False,False,False,False,False,False,False,False,False,True,False,False,False,False,False,False,False,False,True,False,False,False,False,False,False,False,False,False,False,-0.8660254038,-0.5,0.7818314825,0.6234898019,0.8660254038,-0.5
2024-05-07 17:00:00,1.4230491141271042,1.0721121686,0.9118195972,1.0059694426,-0.2701436465,-1.290176682,1.6945461755,-0.6580260967,False,-0.1714996949,False,False,False,False,False,False,False,False,False,True,False,False,False,False,False,False,False,False,True,False,False,False,False,False,False,False,False,False,False,-0.9659258263,-0.2588190451,0.7818314825,0.6234898019,0.8660254038,-0.5
2024-05-07 18:00:00,1.558207188445744,1.0256962165,0.9118195972,0.5029273619,-0.2701436465,-1.1536805182,1.6945461755,0.9310180562,False,-0.1714996949,False,False,True,False,False,False,False,False,False,False,False,False,False,False,False,False,False,False,False,False,True,False,False,False,False,False,False,False,False,-1.0,-0.0,0.7818314825,0.6234898019,0.8660254038,-0.5
2024-05-07 19:00:00,1.0175748911711844,0.7843332655,-0.4901190191,-0.5031567995,-0.1672396036,-0.6076958628,1.6945461755,0.9615765976,False,-0.1714996949,False,False,True,False,False,False,False,False,False,False,False,False,False,False,False,False,False,False,True,False,False,False,False,False,False,False,False,False,False,-0.9659258263,0.2588190451,0.7818314825,0.6234898019,0.8660254038,-0.5
2024-05-07 20:00:00,0.47694259389662497,0.5986694571,0.9118195972,0.2514063215,-0.1672396036,-0.2437060926,1.6834191389,-0.5663504725,False,-0.1714996949,False,False,False,False,False,False,False,False,False,True,False,False,False,False,False,False,False,False,False,False,True,False,False,False,False,False,False,False,False,-0.8660254038,0.5,0.7818314825,0.6234898019,0.8660254038,-0.5
2024-05-07 21:00:00,0.47694259389662497,0.5429703146,0.9118195972,0.2514063215,-0.0643355607,-0.1072099288,1.5165135896,-0.5663504725,False,-0.1714996949,False,False,False,False,False,False,False,False,False,True,False,False,False,False,False,False,False,False,True,False,False,False,False,False,False,False,False,False,False,-0.7071067812,0.7071067812,0.7818314825,0.6234898019,0.8660254038,-0.5
2024-05-07 22:00:00,0.0714683709407053,0.4687047912,-0.4901190191,-0.2516357592,0.0385684822,-0.0162124862,1.6945461755,0.533757018,False,-0.1714996949,False,False,True,False,False,False,False,False,False,False,False,False,False,False,False,False,False,False,False,False,True,False,False,False,False,False,False,False,False,-0.5,0.8660254038,0.7818314825,0.6234898019,0.8660254038,-0.5
2024-05-07 23:00:00,-0.6043220006524941,0.3665896966,-0.4901190191,-0.5031567995,0.0385684822,0.2112811202,1.2939728574,0.7782253492,False,-0.1714996949,False,False,True,False,False,False,False,False,False,False,False,False,False,False,False,False,False,False,False,True,False,False,False,False,False,False,False,False,False,-0.2588190451,0.9659258263,0.7818314825,0.6234898019,0.8660254038,-0.5
2024-05-08 00:00:00,-1.0097962236084137,0.3387401253,-0.4901190191,-0.0001147188,0.0385684822,0.3932760053,0.7487480632,0.992135139,False,-0.1714996949,False,False,True,False,False,False,False,False,False,False,False,False,False,False,False,False,False,False,True,False,False,False,False,False,False,False,False,False,False,0.0,1.0,0.9749279122,-0.222520934,0.8660254038,-0.5
2024-05-08 01:00:00,-0.8746381492897739,0.375872887,0.9118195972,0.2514063215,0.0385684822,-0.1982073713,0.9712887955,1.3893961773,False,-0.1714996949,False,False,True,False,False,False,False,False,False,False,False,False,False,False,False,False,False,False,True,False,False,False,False,False,False,False,False,False,False,0.2588190451,0.9659258263,0.9749279122,-0.222520934,0.8660254038,-0.5
2024-05-08 02:00:00,-0.8746381492897739,0.1809258882,-0.4901190191,-0.5031567995,0.0385684822,0.0747849564,1.6834191389,0.5643155594,False,-0.1714996949,False,False,True,False,False,False,False,False,False,False,False,False,False,False,False,False,False,False,True,False,False,False,False,False,False,False,False,False,False,0.5,0.8660254038,0.9749279122,-0.222520934,0.8660254038,-0.5
2024-05-08 03:00:00,-0.8746381492897739,0.1437931265,-0.4901190191,-0.2516357592,0.0385684822,0.1657823989,1.6945461755,0.1976130626,False,-0.1714996949,False,False,True,False,False,False,False,False,False,False,False,False,False,False,False,False,False,False,True,False,False,False,False,False,False,False,False,False,False,0.7071067812,0.7071067812,0.9749279122,-0.222520934,0.8660254038,-0.5
2024-05-08 04:00:00,-0.8746381492897739,0.1809258882,0.9118195972,1.5090115233,0.0385684822,0.0747849564,1.2383376743,-0.0774138101,False,-0.1714996949,False,False,False,False,False,False,False,False,False,True,False,False,False,False,False,False,False,False,True,False,False,False,False,False,False,False,False,False,False,0.8660254038,0.5,0.9749279122,-0.222520934,0.8660254038,-0.5
2024-05-08 05:00:00,-0.8746381492897739,0.1809258882,2.3137582136,2.012053604,0.0385684822,0.0292862351,0.7598750999,-0.1690894343,False,-0.1714996949,False,False,False,False,False,False,False,False,False,True,False,False,False,False,False,False,False,False,False,False,True,False,False,False,False,False,False,False,False,0.9659258263,0.2588190451,0.9749279122,-0.222520934,0.8660254038,-0.5
2024-05-08 06:00:00,-1.0097962236084137,0.1159435553,0.9118195972,0.7544484022,0.1414725251,0.1202836776,0.6486047337,0.1364959797,False,-0.1714996949,False,False,True,False,False,False,False,False,False,False,False,False,False,False,False,False,False,False,False,False,True,False,False,False,False,False,False,False,False,1.0,0.0,0.9749279122,-0.222520934,0.8660254038,-0.5
2024-05-08 07:00:00,-0.739480074971134,0.199492269,2.3137582136,1.7605325636,0.1414725251,-0.0162124862,0.6486047337,1.5116303429,False,-0.1714996949,False,False,True,False,False,False,False,False,False,False,False,False,False,False,False,False,False,False,False,False,True,False,False,False,False,False,False,False,False,0.9659258263,-0.2588190451,0.9749279122,-0.222520934,0.8660254038,-0.5
2024-05-08 08:00:00,-0.6043220006524941,0.2830409828,2.3137582136,2.012053604,0.244376568,-0.1072099288,0.5929695506,1.0838107632,False,-0.1714996949,False,False,True,False,False,False,False,False,False,False,False,False,False,False,False,False,False,False,False,False,True,False,False,False,False,False,False,False,False,0.8660254038,-0.5,0.9749279122,-0.222520934,0.8660254038,-0.5
2024-05-08 09:00:00,0.0714683709407053,0.375872887,2.3137582136,3.521179846,0.244376568,-0.2437060926,0.4038099282,0.8699009734,False,-0.1714996949,False,False,True,False,False,False,False,False,False,False,False,False,False,False,False,False,False,False,True,False,False,False,False,False,False,False,False,False,False,0.7071067812,-0.7071067812,0.9749279122,-0.222520934,0.8660254038,-0.5
2024-05-08 10:00:00,0.47694259389662497,0.5336871242,2.3137582136,3.0181377653,0.244376568,-0.3802022564,0.7042399168,0.3504057696,True,0.3366990221,False,False,True,False,False,False,False,False,False,False,False,False,False,False,False,False,False,False,False,False,True,False,False,False,False,False,False,False,False,0.5,-0.8660254038,0.9749279122,-0.222520934,0.8660254038,-0.5
2024-05-08 11:00:00,0.6121006682152649,0.6265190284,2.3137582136,2.766616725,0.244376568,-0.471199699,0.5039532577,0.686549725,False,-0.1714996949,False,False,True,False,False,False,False,False,False,False,False,False,False,False,False,False,False,False,False,False,True,False,False,False,False,False,False,False,False,0.2588190451,-0.9659258263,0.9749279122,-0.222520934,0.8660254038,-0.5
2024-05-08 12:00:00,0.47694259389662497,0.7193509326,0.9118195972,1.5090115233,0.1414725251,-0.3802022564,0.4594451113,0.4726399352,False,-0.1714996949,False,False,True,False,False,False,False,False,False,False,False,False,False,False,False,False,False,False,True,False,False,False,False,False,False,False,False,False,False,0.0,-1.0,0.9749279122,-0.222520934,0.8660254038,-0.5
2024-05-08 13:00:00,0.0714683709407053,0.8585987889,0.9118195972,1.5090115233,0.0385684822,-0.5621971415,0.7598750999,-0.5969090139,False,-0.1714996949,False,False,False,False,False,False,False,False,False,True,False,False,False,False,False,False,False,False,True,False,False,False,False,False,False,False,False,False,False,-0.2588190451,-0.9659258263,0.9749279122,-0.222520934,0.8660254038,-0.5
2024-05-08 14:00:00,0.47694259389662497,0.969997074,2.3137582136,2.5150956847,-0.0643355607,-0.6531945841,1.1938295278,-0.3524406827,False,-0.1714996949,False,False,False,False,False,False,False,False,False,True,False,False,False,False,False,False,False,False,False,False,True,False,False,False,False,False,False,False,False,-0.5,-0.8660254038,0.9749279122,-0.222520934,0.8660254038,-0.5
2024-05-08 15:00:00,1.558207188445744,1.0071298356,2.3137582136,2.012053604,-0.0643355607,-0.6986933054,1.2717187841,1.9088913811,False,-0.1714996949,False,False,True,False,False,False,False,False,False,False,False,False,False,False,False,False,False,False,True,False,False,False,False,False,False,False,False,False,False,-0.7071067812,-0.7071067812,0.9749279122,-0.222520934,0.8660254038,-0.5
2024-05-08 16:00:00,1.8285233370830238,0.9792802644,-0.4901190191,-0.0001147188,-0.1672396036,-0.6531945841,1.6277839558,1.9394499225,False,-0.1714996949,False,False,False,False,False,False,False,False,False,False,False,False,False,False,True,False,False,False,True,False,False,False,False,False,False,False,False,False,False,-0.8660254038,-0.5,0.9749279122,-0.222520934,0.8660254038,-0.5
2024-05-08 17:00:00,2.0988394857203034,0.9885634548,0.9118195972,0.2514063215,-0.1672396036,-0.6531945841,1.650038029,1.5421888843,False,-0.1714996949,False,False,True,False,False,False,False,False,False,False,False,False,False,False,False,False,False,False,False,False,False,False,False,False,False,True,False,False,False,-0.9659258263,-0.2588190451,0.9749279122,-0.222520934,0.8660254038,-0.5
2024-05-08 18:00:00,1.2878910398084642,0.793616456,2.3137582136,2.5150956847,-0.1672396036,-0.471199699,0.4149369648,1.3282790945,False,-0.1714996949,False,False,True,False,False,False,False,False,False,False,False,False,False,False,False,False,False,False,False,False,False,False,False,False,False,False,True,False,False,-1.0,-0.0,0.9749279122,-0.222520934,0.8660254038,-0.5
2024-05-08 19:00:00,0.6121006682152649,0.6822181709,0.9118195972,1.2574904829,-0.0643355607,-0.2437060926,0.5373343676,0.9004595148,False,-0.1714996949,False,False,True,False,False,False,False,False,False,False,False,False,False,False,False,False,False,False,False,False,False,False,False,False,False,False,True,False,False,-0.9659258263,0.2588190451,0.9749279122,-0.222520934,0.8660254038,-0.5
2024-05-08 20:00:00,0.6121006682152649,0.5708198859,0.9118195972,1.2574904829,-0.0643355607,0.0292862351,0.3481747451,2.0922426295,False,-0.1714996949,False,False,False,False,False,False,True,False,False,False,False,False,False,False,False,False,False,False,False,False,False,False,False,False,False,False,True,False,False,-0.8660254038,0.5,0.9749279122,-0.222520934,0.8660254038,-0.5
2024-05-08 21:00:00,0.34178451957798506,0.5244039338,0.9118195972,0.7544484022,0.0385684822,0.1202836776,0.5039532577,1.3282790945,False,-0.1714996949,False,False,True,False,False,False,False,False,False,False,False,False,False,False,False,False,False,False,False,False,False,False,False,False,False,True,False,False,False,-0.7071067812,0.7071067812,0.9749279122,-0.222520934,0.8660254038,-0.5
2024-05-08 22:00:00,0.20662644525934518,0.4501384104,0.9118195972,1.2574904829,0.0385684822,0.2567798415,0.3370477085,1.3282790945,False,-0.1714996949,False,False,True,False,False,False,False,False,False,False,False,False,False,False,False,False,False,False,False,False,False,False,False,False,False,True,False,False,False,-0.5,0.8660254038,0.9749279122,-0.222520934,0.8660254038,-0.5
2024-05-08 23:00:00,-0.3340058520152144,0.3944392679,-0.4901190191,-0.0001147188,0.0385684822,0.3932760053,1.160448418,1.3588376359,False,-0.1714996949,False,False,True,False,False,False,False,False,False,False,False,False,False,False,False,False,False,False,False,False,False,False,False,False,False,True,False,False,False,-0.2588190451,0.9659258263,0.9749279122,-0.222520934,0.8660254038,-0.5
2024-05-09 00:00:00,-1.0097962236084137,0.3944392679,0.9118195972,0.7544484022,-0.0643355607,0.4387747266,0.6597317703,1.7255401327,False,-0.1714996949,False,False,True,False,False,False,False,False,False,False,False,False,False,False,False,False,False,False,False,False,False,False,True,False,False,False,False,False,False,0.0,1.0,0.4338837391,-0.9009688679,0.8660254038,-0.5
2024-05-09 01:00:00,-0.8746381492897739,0.3944392679,-0.4901190191,-0.2516357592,-0.0643355607,0.347777284,1.015796942,1.144927846,False,-0.1714996949,False,False,True,False,False,False,False,False,False,False,False,False,False,False,False,False,False,False,False,True,False,False,False,False,False,False,False,False,False,0.2588190451,0.9659258263,0.4338837391,-0.9009688679,0.8660254038,-0.5
2024-05-09 02:00:00,-1.0097962236084137,0.3944392679,-0.4901190191,-0.0001147188,-0.1672396036,0.3022785627,0.9935428688,1.3893961773,False,-0.1714996949,False,False,True,False,False,False,False,False,False,False,False,False,False,False,False,False,False,False,False,False,False,False,True,False,False,False,False,False,False,0.5,0.8660254038,0.4338837391,-0.9009688679,0.8660254038,-0.5
2024-05-09 03:00:00,-0.8746381492897739,0.3387401253,-0.4901190191,-1.0061988802,-0.1672396036,0.4842734479,0.9156536125,0.686549725,False,-0.1714996949,False,False,True,False,False,False,False,False,False,False,False,False,False,False,False,False,False,False,False,False,False,True,False,False,False,False,False,False,False,0.7071067812,0.7071067812,0.4338837391,-0.9009688679,0.8660254038,-0.5
2024-05-09 04:00:00,-0.8746381492897739,0.2830409828,-0.4901190191,-0.2516357592,-0.2701436465,0.7117670542,0.4594451113,1.0838107632,False,-0.1714996949,False,False,True,False,False,False,False,False,False,False,False,False,False,False,False,False,False,False,False,False,False,True,False,False,False,False,False,False,False,0.8660254038,0.5,0.4338837391,-0.9009688679,0.8660254038,-0.5
2024-05-09 05:00:00,-1.0097962236084137,0.2737577924,0.9118195972,0.2514063215,-0.2701436465,0.8027644968,0.2925395621,1.2977205531,False,-0.1714996949,False,False,True,False,False,False,False,False,False,False,False,False,False,False,False,False,False,False,True,False,False,False,False,False,False,False,False,False,False,0.9659258263,0.2588190451,0.4338837391,-0.9009688679,0.8660254038,-0.5
2024-05-09 06:00:00,-0.8746381492897739,0.2459082211,-0.4901190191,-0.2516357592,-0.2701436465,0.8482632181,0.0699988298,1.2977205531,False,-0.1714996949,False,False,False,False,False,False,True,False,False,False,False,False,False,False,False,False,False,False,False,False,False,False,False,False,True,False,False,False,False,1.0,0.0,0.4338837391,-0.9009688679,0.8660254038,-0.5
2024-05-09 07:00:00,-0.8746381492897739,0.2830409828,-0.4901190191,-0.0001147188,-0.1672396036,0.8482632181,0.092252903,1.3282790945,False,-0.1714996949,True,False,False,False,False,False,False,False,False,False,False,False,False,False,False,False,False,False,False,False,False,False,False,False,False,True,False,False,False,0.9659258263,-0.2588190451,0.4338837391,-0.9009688679,0.8660254038,-0.5
2024-05-09 08:00:00,-0.6043220006524941,0.375872887,0.9118195972,0.5029273619,-0.1672396036,0.5297721691,0.8043832463,1.0532522218,False,-0.1714996949,False,False,True,False,False,False,False,False,False,False,False,False,False,False,False,False,False,False,False,False,False,False,False,False,True,False,False,False,False,0.8660254038,-0.5,0.4338837391,-0.9009688679,0.8660254038,-0.5
2024-05-09 09:00:00,0.0714683709407053,0.44085522,0.9118195972,0.5029273619,-0.1672396036,0.4842734479,0.1256340128,1.2977205531,False,-0.1714996949,False,False,True,False,False,False,False,False,False,False,False,False,False,False,False,False,False,False,False,False,False,True,False,False,False,False,False,False,False,0.7071067812,-0.7071067812,0.4338837391,-0.9009688679,0.8660254038,-0.5
2024-05-09 10:00:00,0.20662644525934518,0.5708198859,0.9118195972,0.7544484022,-0.2701436465,0.2112811202,-0.197050049,1.1754863874,False,-0.1714996949,False,False,True,False,False,False,False,False,False,False,False,False,False,False,False,False,False,False,False,False,True,False,False,False,False,False,False,False,False,0.5,-0.8660254038,0.4338837391,-0.9009688679,0.8660254038,-0.5
2024-05-09 11:00:00,0.6121006682152649,0.6450854092,0.9118195972,0.7544484022,-0.2701436465,0.2567798415,-0.2638122687,1.0532522218,False,-0.1714996949,False,False,True,False,False,False,False,False,False,False,False,False,False,False,False,False,False,False,False,False,True,False,False,False,False,False,False,False,False,0.2588190451,-0.9659258263,0.4338837391,-0.9009688679,0.8660254038,-0.5
2024-05-09 12:00:00,0.7472587425339047,0.8493155985,0.9118195972,1.7605325636,-0.3730476894,-0.4257009777,0.4705721479,1.0226936804,False,-0.1714996949,False,False,True,False,False,False,False,False,False,False,False,False,False,False,False,False,False,False,False,False,True,False,False,False,False,False,False,False,False,0.0,-1.0,0.4338837391,-0.9009688679,0.8660254038,-0.5
2024-05-09 13:00:00,0.20662644525934518,1.0349794069,0.9118195972,1.2574904829,-0.4759517323,-0.6531945841,1.1938295278,1.0838107632,False,-0.1714996949,False,False,True,False,False,False,False,False,False,False,False,False,False,False,False,False,False,False,False,False,True,False,False,False,False,False,False,False,False,-0.2588190451,-0.9659258263,0.4338837391,-0.9009688679,0.8660254038,-0.5
2024-05-09 14:00:00,0.34178451957798506,1.0628289782,0.9118195972,1.2574904829,-0.5788557752,-0.7441920267,1.2494647109,-0.0162967273,False,-0.1714996949,False,False,False,False,False,False,False,False,False,True,False,False,False,False,False,False,False,False,False,False,True,False,False,False,False,False,False,False,False,-0.5,-0.8660254038,0.4338837391,-0.9009688679,0.8660254038,-0.5
2024-05-09 15:00:00,1.8285233370830238,1.0721121686,0.9118195972,1.2574904829,-0.6817598181,-0.8351894692,1.6945461755,-0.2607650585,False,-0.1714996949,False,False,False,False,False,False,False,False,False,True,False,False,False,False,False,False,False,False,False,True,False,False,False,False,False,False,False,False,False,-0.7071067812,-0.7071067812,0.4338837391,-0.9009688679,0.8660254038,-0.5
2024-05-09 16:00:00,0.34178451957798506,1.1742272632,0.9118195972,0.2514063215,-0.784663861,-1.1536805182,1.6945461755,-0.5357919311,False,-0.1714996949,False,False,False,False,False,False,False,False,False,True,False,False,False,False,False,False,False,False,False,True,False,False,False,False,False,False,False,False,False,-0.8660254038,-0.5,0.4338837391,-0.9009688679,0.8660254038,-0.5
2024-05-09 17:00:00,1.6933652627643838,1.146377692,0.9118195972,1.0059694426,-0.8875679039,-1.1991792394,1.6945461755,-0.8108188037,False,-0.1714996949,False,False,False,False,False,False,False,False,False,True,False,False,False,False,False,False,False,False,False,True,False,False,False,False,False,False,False,False,False,-0.9659258263,-0.2588190451,0.4338837391,-0.9009688679,0.8660254038,-0.5
2024-05-09 18:00:00,1.4230491141271042,1.0906785494,0.9118195972,1.2574904829,-0.8875679039,-1.2446779607,1.6945461755,-0.8108188037,False,-0.1714996949,False,False,False,False,False,False,False,False,False,True,False,False,False,False,False,False,False,False,False,False,False,False,True,False,False,False,False,False,False,-1.0,-0.0,0.4338837391,-0.9009688679,0.8660254038,-0.5
2024-05-09 19:00:00,1.0175748911711844,0.9885634548,0.9118195972,0.2514063215,-0.8875679039,-1.1536805182,1.6945461755,-0.7802602623,False,-0.1714996949,False,False,False,False,False,False,False,False,False,True,False,False,False,False,False,False,False,False,False,False,False,False,True,False,False,False,False,False,False,-0.9659258263,0.2588190451,0.4338837391,-0.9009688679,0.8660254038,-0.5
2024-05-09 20:00:00,0.6121006682152649,0.8678819793,0.9118195972,1.0059694426,-0.8875679039,-1.1081817969,1.6945461755,-0.7802602623,False,-0.1714996949,False,False,False,False,False,False,False,False,False,True,False,False,False,False,False,False,False,False,False,False,False,False,True,False,False,False,False,False,False,-0.8660254038,0.5,0.4338837391,-0.9009688679,0.8660254038,-0.5
2024-05-09 21:00:00,0.6121006682152649,0.7564836943,0.9118195972,0.5029273619,-0.8875679039,-0.971685633,1.6945461755,2.0922426295,False,-0.1714996949,False,False,False,False,False,False,False,False,False,False,False,False,False,False,True,False,False,False,False,False,False,False,True,False,False,False,False,False,False,-0.7071067812,0.7071067812,0.4338837391,-0.9009688679,0.8660254038,-0.5
2024-05-09 22:00:00,0.34178451957798506,0.6265190284,0.9118195972,0.2514063215,-0.784663861,-0.6986933054,1.6945461755,-0.2607650585,False,-0.1714996949,False,False,False,False,False,False,False,False,False,True,False,False,False,False,False,False,False,False,False,True,False,False,False,False,False,False,False,False,False,-0.5,0.8660254038,0.4338837391,-0.9009688679,0.8660254038,-0.5
2024-05-09 23:00:00,-0.6043220006524941,0.5615366954,-0.4901190191,-0.0001147188,-0.784663861,-0.6531945841,1.6945461755,-0.8108188037,False,-0.1714996949,False,False,False,False,False,False,False,False,False,True,False,False,False,False,False,False,False,False,False,False,False,False,True,False,False,False,False,False,False,-0.2588190451,0.9659258263,0.4338837391,-0.9009688679,0.8660254038,-0.5
2024-05-10 00:00:00,-1.0097962236084137,0.3851560775,-0.4901190191,-0.5031567995,-0.8875679039,-0.3802022564,1.6945461755,0.9615765976,False,-0.1714996949,False,False,True,False,False,False,False,False,False,False,False,False,False,False,False,False,False,False,False,False,False,False,True,False,False,False,False,False,False,0.0,1.0,-0.4338837391,-0.9009688679,0.8660254038,-0.5
2024-05-10 01:00:00,-0.8746381492897739,0.4779879817,-0.4901190191,-0.0001147188,-0.8875679039,-0.5166984203,1.6945461755,-0.8108188037,False,-0.1714996949,False,False,False,False,False,False,False,False,False,True,False,False,False,False,False,False,False,False,False,False,False,False,True,False,False,False,False,False,False,0.2588190451,0.9659258263,-0.4338837391,-0.9009688679,0.8660254038,-0.5
2024-05-10 02:00:00,-1.0097962236084137,0.2830409828,-0.4901190191,-0.7546778399,-0.9904719468,-0.15270865,1.6945461755,-0.8108188037,False,-0.1714996949,False,False,False,False,False,False,False,False,False,True,False,False,False,False,False,False,False,False,False,False,False,False,True,False,False,False,False,False,False,0.5,0.8660254038,-0.4338837391,-0.9009688679,0.8660254038,-0.5
2024-05-10 03:00:00,-0.8746381492897739,0.4130056487,0.9118195972,0.2514063215,-0.9904719468,-0.3347035351,1.6945461755,-0.8108188037,False,-0.1714996949,False,False,False,False,False,False,False,False,False,True,False,False,False,False,False,False,False,False,False,True,False,False,False,False,False,False,False,False,False,0.7071067812,0.7071067812,-0.4338837391,-0.9009688679,0.8660254038,-0.5
2024-05-10 04:00:00,-0.8746381492897739,0.199492269,-0.4901190191,-0.0001147188,-0.9904719468,0.3022785627,1.6945461755,-0.8108188037,False,-0.1714996949,False,False,False,False,False,False,False,False,False,True,False,False,False,False,False,False,False,False,False,False,False,False,False,False,True,False,False,False,False,0.8660254038,0.5,-0.4338837391,-0.9009688679,0.8660254038,-0.5
2024-05-10 05:00:00,-1.0097962236084137,0.1345099361,-0.4901190191,-0.0001147188,-0.9904719468,0.4842734479,1.5832758093,-0.8108188037,False,-0.1714996949,False,False,False,False,False,False,False,False,False,True,False,False,False,False,False,False,False,False,False,False,False,False,False,False,True,False,False,False,False,0.9659258263,0.2588190451,-0.4338837391,-0.9009688679,0.8660254038,-0.5
2024-05-10 06:00:00,-0.8746381492897739,0.0045452702,-1.8920576355,-1.2577199206,-0.9904719468,0.8937619394,1.44975137,-0.8108188037,False,-0.1714996949,False,False,False,False,False,False,False,False,False,True,False,False,False,False,False,False,False,False,False,False,False,False,False,False,False,False,False,True,False,1.0,0.0,-0.4338837391,-0.9009688679,0.8660254038,-0.5
2024-05-10 07:00:00,-0.8746381492897739,0.1716426978,-0.4901190191,-1.0061988802,-0.8875679039,0.7117670542,0.8488913928,-0.7802602623,False,-0.1714996949,False,False,False,False,False,False,False,False,False,True,False,False,False,False,False,False,False,False,False,False,False,False,False,False,False,False,True,False,False,0.9659258263,-0.2588190451,-0.4338837391,-0.9009688679,0.8660254038,-0.5
2024-05-10 08:00:00,-0.46916392633385423,0.3944392679,-0.4901190191,-0.2516357592,-0.784663861,0.1657823989,1.3718621137,-0.7497017209,False,-0.1714996949,False,False,False,False,False,False,False,False,False,True,False,False,False,False,False,False,False,False,False,False,False,True,False,False,False,False,False,False,False,0.8660254038,-0.5,-0.4338837391,-0.9009688679,0.8660254038,-0.5
2024-05-10 09:00:00,0.0714683709407053,0.5429703146,-0.4901190191,-0.0001147188,-0.784663861,-0.1982073713,0.871145466,-0.2607650585,False,-0.1714996949,False,False,False,False,False,False,False,False,False,True,False,False,False,False,False,False,False,False,False,False,False,False,True,False,False,False,False,False,False,0.7071067812,-0.7071067812,-0.4338837391,-0.9009688679,0.8660254038,-0.5
2024-05-10 10:00:00,0.7472587425339047,0.793616456,0.9118195972,0.7544484022,-0.784663861,-0.3802022564,1.6945461755,-0.6274675553,False,-0.1714996949,False,False,False,False,False,False,False,False,False,True,False,False,False,False,False,False,False,False,False,False,False,False,True,False,False,False,False,False,False,0.5,-0.8660254038,-0.4338837391,-0.9009688679,0.8660254038,-0.5
2024-05-10 11:00:00,1.9636814114016636,0.8678819793,2.3137582136,2.012053604,-0.784663861,-0.8351894692,1.6945461755,-0.7802602623,False,-0.1714996949,False,False,False,False,False,False,False,False,False,True,False,False,False,False,False,False,False,False,False,False,False,False,False,False,False,True,False,False,False,0.2588190451,-0.9659258263,-0.4338837391,-0.9009688679,0.8660254038,-0.5
2024-05-10 12:00:00,1.6933652627643838,1.0164130261,0.9118195972,1.7605325636,-0.8875679039,-1.0626830756,1.6945461755,-0.8108188037,False,-0.1714996949,False,False,False,False,False,False,False,False,False,True,False,False,False,False,False,False,False,False,False,False,False,False,False,False,False,False,True,False,False,0.0,-1.0,-0.4338837391,-0.9009688679,0.8660254038,-0.5
2024-05-10 13:00:00,0.34178451957798506,1.0906785494,0.9118195972,1.0059694426,-0.9904719468,-1.1991792394,1.6945461755,-0.8108188037,False,-0.1714996949,False,False,False,False,False,False,False,False,False,True,False,False,False,False,False,False,False,False,False,False,False,False,False,False,False,False,True,False,False,-0.2588190451,-0.9659258263,-0.4338837391,-0.9009688679,0.8660254038,-0.5
2024-05-10 14:00:00,0.6121006682152649,1.1927936441,0.9118195972,1.0059694426,-0.9904719468,-1.3811741245,1.6945461755,-0.8108188037,False,-0.1714996949,False,False,False,False,False,False,False,False,False,True,False,False,False,False,False,False,False,False,False,False,False,False,False,False,False,False,True,False,False,-0.5,-0.8660254038,-0.4338837391,-0.9009688679,0.8660254038,-0.5
2024-05-10 15:00:00,1.4230491141271042,1.2856255483,-0.4901190191,-0.0001147188,-1.0933759897,-1.4266728458,1.6945461755,-0.7802602623,False,-0.1714996949,False,False,False,False,False,False,False,False,False,True,False,False,False,False,False,False,False,False,False,False,False,False,False,False,False,True,False,False,False,-0.7071067812,-0.7071067812,-0.4338837391,-0.9009688679,0.8660254038,-0.5
2024-05-10 16:00:00,1.6933652627643838,1.2856255483,0.9118195972,0.2514063215,-1.0933759897,-1.3356754033,1.6945461755,-0.8108188037,False,-0.1714996949,False,False,False,False,False,False,False,False,False,True,False,False,False,False,False,False,False,False,False,False,False,False,False,False,False,True,False,False,False,-0.8660254038,-0.5,-0.4338837391,-0.9009688679,0.8660254038,-0.5
2024-05-10 17:00:00,2.2339975600389437,1.2949087387,0.9118195972,0.5029273619,-1.1962800326,-1.3356754033,1.6945461755,-0.7802602623,False,-0.1714996949,False,False,False,False,False,False,False,False,False,True,False,False,False,False,False,False,False,False,False,False,False,False,True,False,False,False,False,False,False,-0.9659258263,-0.2588190451,-0.4338837391,-0.9009688679,0.8660254038,-0.5
2024-05-10 18:00:00,2.0988394857203034,1.2856255483,-0.4901190191,-0.0001147188,-1.0933759897,-1.4266728458,1.6945461755,-0.7191431795,False,-0.1714996949,False,False,False,False,False,False,False,False,False,True,False,False,False,False,False,False,False,False,False,False,False,False,False,False,False,True,False,False,False,-1.0,-0.0,-0.4338837391,-0.9009688679,0.8660254038,-0.5
2024-05-10 19:00:00,1.558207188445744,0.3480233158,3.7156968299,5.0303060881,-0.784663861,0.2567798415,-0.4640989277,0.992135139,True,2.6578370762,True,False,False,False,False,False,False,False,False,False,False,False,False,False,False,False,False,False,False,False,False,True,False,False,False,False,False,False,False,-0.9659258263,0.2588190451,-0.4338837391,-0.9009688679,0.8660254038,-0.5
2024-05-10 20:00:00,0.8824168168525446,0.4315720296,2.3137582136,1.7605325636,-0.5788557752,0.2112811202,1.0936861983,0.992135139,True,5.8611937972,True,False,False,False,False,False,False,False,False,False,False,False,False,False,False,False,False,False,True,False,False,False,False,False,False,False,False,False,False,-0.8660254038,0.5,-0.4338837391,-0.9009688679,0.8660254038,-0.5
2024-05-10 21:00:00,0.34178451957798506,0.3201737445,0.9118195972,1.5090115233,-0.3730476894,1.0757568245,-0.4974800376,1.1754863874,True,4.2696140297,False,False,False,False,False,False,True,False,False,False,False,False,False,False,False,False,False,False,False,False,False,False,True,False,False,False,False,False,False,-0.7071067812,0.7071067812,-0.4338837391,-0.9009688679,0.8660254038,-0.5
2024-05-10 22:00:00,-0.06368970337793459,0.2830409828,2.3137582136,3.0181377653,-0.2701436465,0.9392606606,1.2939728574,1.1754863874,True,2.6578370762,False,False,True,False,False,False,False,False,False,False,False,False,False,False,False,False,False,False,False,False,False,False,False,False,False,False,True,False,False,-0.5,0.8660254038,-0.4338837391,-0.9009688679,0.8660254038,-0.5
2024-05-10 23:00:00,-0.3340058520152144,0.264474602,0.9118195972,1.2574904829,-0.2701436465,0.8937619394,1.1270673081,1.144927846,False,-0.1714996949,False,False,True,False,False,False,False,False,False,False,False,False,False,False,False,False,False,False,False,False,False,False,False,False,False,False,True,False,False,-0.2588190451,0.9659258263,-0.4338837391,-0.9009688679,0.8660254038,-0.5
2024-05-11 00:00:00,-0.8746381492897739,0.2087754595,0.9118195972,0.5029273619,-0.1672396036,1.0302581032,1.3941161869,0.2892886868,False,-0.1714996949,False,False,True,False,False,False,False,False,False,False,False,False,False,False,False,False,False,False,False,False,False,False,False,False,False,False,True,False,False,0.0,1.0,-0.9749279122,-0.222520934,0.8660254038,-0.5
2024-05-11 01:00:00,-1.0097962236084137,0.2273418403,0.9118195972,0.5029273619,-0.1672396036,0.8482632181,1.6611650656,0.3198472282,False,-0.1714996949,False,False,True,False,False,False,False,False,False,False,False,False,False,False,False,False,False,False,False,False,False,False,False,False,False,True,False,False,False,0.2588190451,0.9659258263,-0.9749279122,-0.222520934,0.8660254038,-0.5
2024-05-11 02:00:00,-0.8746381492897739,0.2087754595,0.9118195972,1.0059694426,-0.1672396036,1.0302581032,1.5387676629,0.9615765976,False,-0.1714996949,False,False,True,False,False,False,False,False,False,False,False,False,False,False,False,False,False,False,False,False,False,False,False,False,False,True,False,False,False,0.5,0.8660254038,-0.9749279122,-0.222520934,0.8660254038,-0.5
2024-05-11 03:00:00,-0.8746381492897739,0.2459082211,0.9118195972,1.2574904829,-0.1672396036,0.9392606606,1.5387676629,0.2892886868,False,-0.1714996949,False,False,True,False,False,False,False,False,False,False,False,False,False,False,False,False,False,False,False,False,False,False,False,False,False,True,False,False,False,0.7071067812,0.7071067812,-0.9749279122,-0.222520934,0.8660254038,-0.5
2024-05-11 04:00:00,-0.8746381492897739,0.1809258882,-0.4901190191,-0.5031567995,0.0385684822,1.0302581032,1.3829891503,-0.0774138101,False,-0.1714996949,False,False,False,False,False,False,False,False,False,True,False,False,False,False,False,False,False,False,False,False,False,False,True,False,False,False,False,False,False,0.8660254038,0.5,-0.9749279122,-0.222520934,0.8660254038,-0.5
2024-05-11 05:00:00,-1.0097962236084137,0.0973771744,-0.4901190191,-0.0001147188,0.1414725251,1.2577517096,1.0603050884,-0.0162967273,False,-0.1714996949,False,False,False,False,False,False,False,False,False,True,False,False,False,False,False,False,False,False,False,False,True,False,False,False,False,False,False,False,False,0.9659258263,0.2588190451,-0.9749279122,-0.222520934,0.8660254038,-0.5
2024-05-11 06:00:00,-0.8746381492897739,0.1066603648,0.9118195972,0.7544484022,0.244376568,0.347777284,1.3829891503,-0.3829992241,False,-0.1714996949,False,False,False,False,False,False,False,False,False,True,False,False,False,False,False,False,False,False,True,False,False,False,False,False,False,False,False,False,False,1.0,0.0,-0.9749279122,-0.222520934,0.8660254038,-0.5
2024-05-11 07:00:00,-0.8746381492897739,0.1716426978,-0.4901190191,-0.2516357592,0.3472806109,-0.6076958628,0.9935428688,0.5643155594,False,-0.1714996949,False,False,True,False,False,False,False,False,False,False,False,False,False,False,False,False,False,False,False,False,False,True,False,False,False,False,False,False,False,0.9659258263,-0.2588190451,-0.9749279122,-0.222520934,0.8660254038,-0.5
2024-05-11 08:00:00,-0.739480074971134,0.2737577924,-0.4901190191,-0.2516357592,0.4501846538,-0.8351894692,0.7487480632,1.0226936804,False,-0.1714996949,False,False,True,False,False,False,False,False,False,False,False,False,False,False,False,False,False,False,False,False,True,False,False,False,False,False,False,False,False,0.8660254038,-0.5,-0.9749279122,-0.222520934,0.8660254038,-0.5
2024-05-11 09:00:00,-0.6043220006524941,0.2737577924,-0.4901190191,-0.2516357592,0.4501846538,-0.8351894692,0.7487480632,0.1976130626,False,-0.1714996949,False,False,True,False,False,False,False,False,False,False,False,False,False,False,False,False,False,False,False,False,True,False,False,False,False,False,False,False,False,0.7071067812,-0.7071067812,-0.9749279122,-0.222520934,0.8660254038,-0.5
2024-05-11 10:00:00,-0.06368970337793459,0.5151207433,0.9118195972,0.2514063215,0.4501846538,-1.9271587799,1.2828458207,0.0753788969,False,-0.1714996949,False,False,False,False,False,False,False,False,False,True,False,False,False,False,False,False,False,False,False,False,True,False,False,False,False,False,False,False,False,0.5,-0.8660254038,-0.9749279122,-0.222520934,0.8660254038,-0.5
2024-05-11 11:00:00,0.0714683709407053,0.552253505,-0.4901190191,-0.2516357592,0.4501846538,-1.9726575012,1.4720054432,-0.4441163069,False,-0.1714996949,False,False,False,False,False,False,False,False,False,True,False,False,False,False,False,False,False,False,False,False,False,False,False,False,False,False,True,False,False,0.2588190451,-0.9659258263,-0.9749279122,-0.222520934,0.8660254038,-0.5
2024-05-11 12:00:00,0.47694259389662497,0.6079526476,0.9118195972,0.5029273619,0.3472806109,-2.0636549437,1.3273539672,-0.2607650585,False,-0.1714996949,False,False,False,False,False,False,False,False,False,True,False,False,False,False,False,False,False,False,False,False,False,False,False,False,False,True,False,False,False,0.0,-1.0,-0.9749279122,-0.222520934,0.8660254038,-0.5
2024-05-11 13:00:00,0.6121006682152649,0.7100677422,0.9118195972,0.7544484022,0.244376568,-1.9726575012,1.0714321251,0.228171604,False,-0.1714996949,False,False,True,False,False,False,False,False,False,False,False,False,False,False,False,False,False,False,False,False,False,False,False,False,False,True,False,False,False,-0.2588190451,-0.9659258263,-0.9749279122,-0.222520934,0.8660254038,-0.5
2024-05-11 14:00:00,0.47694259389662497,0.7564836943,0.9118195972,0.7544484022,0.1414725251,-2.0636549437,1.4163702601,-0.6885846381,False,-0.1714996949,False,False,False,False,False,False,False,False,False,True,False,False,False,False,False,False,False,False,False,False,False,False,True,False,False,False,False,False,False,-0.5,-0.8660254038,-0.9749279122,-0.222520934,0.8660254038,-0.5
2024-05-11 15:00:00,0.7472587425339047,0.8214660272,0.9118195972,0.2514063215,0.0385684822,-2.2001511075,1.6945461755,-0.7497017209,False,-0.1714996949,False,False,False,False,False,False,False,False,False,True,False,False,False,False,False,False,False,False,False,False,False,False,False,False,False,False,True,False,False,-0.7071067812,-0.7071067812,-0.9749279122,-0.222520934,0.8660254038,-0.5
2024-05-11 16:00:00,0.7472587425339047,0.8864483602,0.9118195972,1.2574904829,-0.0643355607,-2.0181562224,1.4052432235,-0.8108188037,False,-0.1714996949,False,False,False,False,False,False,False,False,False,True,False,False,False,False,False,False,False,False,False,False,False,False,False,False,False,False,True,False,False,-0.8660254038,-0.5,-0.9749279122,-0.222520934,0.8660254038,-0.5
2024-05-11 17:00:00,0.8824168168525446,0.8864483602,0.9118195972,1.2574904829,-0.1672396036,-1.7451638948,1.6055298826,-0.8108188037,False,-0.1714996949,False,False,False,False,False,False,False,False,False,True,False,False,False,False,False,False,False,False,False,False,False,False,False,False,False,True,False,False,False,-0.9659258263,-0.2588190451,-0.9749279122,-0.222520934,0.8660254038,-0.5
2024-05-11 18:00:00,1.0175748911711844,0.8771651698,0.9118195972,0.7544484022,-0.1672396036,-1.7451638948,1.6945461755,-0.8108188037,False,-0.1714996949,False,False,False,False,False,False,False,False,False,True,False,False,False,False,False,False,False,False,False,False,False,False,False,False,False,False,True,False,False,-1.0,-0.0,-0.9749279122,-0.222520934,0.8660254038,-0.5
2024-05-11 19:00:00,0.7472587425339047,0.7472005039,0.9118195972,0.5029273619,-0.1672396036,-1.5631690097,1.6945461755,-0.0774138101,False,-0.1714996949,False,False,False,False,False,False,False,False,False,True,False,False,False,False,False,False,False,False,False,False,False,False,False,False,False,False,True,False,False,-0.9659258263,0.2588190451,-0.9749279122,-0.222520934,0.8660254038,-0.5
2024-05-11 20:00:00,0.7472587425339047,0.552253505,-0.4901190191,-0.0001147188,-0.1672396036,-1.3811741245,1.6945461755,-0.0774138101,False,-0.1714996949,False,False,False,False,False,False,False,False,False,True,False,False,False,False,False,False,False,False,False,False,False,False,False,False,False,False,True,False,False,-0.8660254038,0.5,-0.9749279122,-0.222520934,0.8660254038,-0.5
2024-05-11 21:00:00,0.47694259389662497,0.552253505,0.9118195972,0.5029273619,-0.1672396036,-1.5176702884,1.6945461755,2.0922426295,False,-0.1714996949,False,False,False,False,False,False,False,False,False,False,False,False,False,False,True,False,False,False,False,False,False,False,False,False,False,True,False,False,False,-0.7071067812,0.7071067812,-0.9749279122,-0.222520934,0.8660254038,-0.5
2024-05-11 22:00:00,0.47694259389662497,0.3480233158,-0.4901190191,-0.5031567995,-0.0643355607,-1.1536805182,1.6945461755,2.0922426295,False,-0.1714996949,False,False,False,False,False,False,False,False,False,False,False,False,False,False,True,False,False,False,False,False,False,False,False,False,False,True,False,False,False,-0.5,0.8660254038,-0.9749279122,-0.222520934,0.8660254038,-0.5
2024-05-11 23:00:00,-0.739480074971134,0.3108905541,-0.4901190191,-0.0001147188,-0.0643355607,-1.1536805182,1.6945461755,2.0922426295,False,-0.1714996949,False,False,False,False,False,False,False,False,False,False,False,False,False,False,True,False,False,False,False,False,False,False,True,False,False,False,False,False,False,-0.2588190451,0.9659258263,-0.9749279122,-0.222520934,0.8660254038,-0.5
2024-05-12 00:00:00,-0.8746381492897739,0.088093984,-0.4901190191,-0.2516357592,-0.0643355607,-0.6986933054,1.5276406263,-0.7802602623,False,-0.1714996949,False,False,False,False,False,False,False,False,False,True,False,False,False,False,False,False,False,False,False,False,False,False,False,False,True,False,False,False,True,0.0,1.0,-0.7818314825,0.6234898019,0.8660254038,-0.5
2024-05-12 01:00:00,-0.8746381492897739,0.1159435553,0.9118195972,0.2514063215,-0.0643355607,-0.7441920267,1.5721487727,-0.4135577655,False,-0.1714996949,False,False,False,False,False,False,False,False,False,True,False,False,False,False,False,False,False,False,False,False,False,False,False,False,False,True,False,False,True,0.2588190451,0.9659258263,-0.7818314825,0.6234898019,0.8660254038,-0.5
2024-05-12 02:00:00,-1.0097962236084137,0.0509612223,-0.4901190191,-0.0001147188,-0.0643355607,-0.6076958628,1.6945461755,-0.8108188037,False,-0.1714996949,False,False,False,False,False,False,False,False,False,True,False,False,False,False,False,False,False,False,False,False,False,False,False,False,False,True,False,False,True,0.5,0.8660254038,-0.7818314825,0.6234898019,0.8660254038,-0.5
2024-05-12 03:00:00,-0.8746381492897739,-0.0697202532,-0.4901190191,-0.2516357592,-0.1672396036,-0.1982073713,1.6945461755,-0.8108188037,False,-0.1714996949,False,False,False,False,False,False,False,False,False,True,False,False,False,False,False,False,False,False,False,False,False,False,False,False,True,False,False,False,True,0.7071067812,0.7071067812,-0.7818314825,0.6234898019,0.8660254038,-0.5
2024-05-12 04:00:00,-0.8746381492897739,-0.088286634,-0.4901190191,-0.0001147188,-0.1672396036,-0.2437060926,1.6945461755,-0.8108188037,False,-0.1714996949,False,False,False,False,False,False,False,False,False,True,False,False,False,False,False,False,False,False,False,False,False,False,False,False,False,False,True,False,True,0.8660254038,0.5,-0.7818314825,0.6234898019,0.8660254038,-0.5
2024-05-12 05:00:00,-0.8746381492897739,-0.153268967,-0.4901190191,-0.5031567995,-0.1672396036,-0.0617112075,1.6945461755,-0.8108188037,False,-0.1714996949,False,False,False,False,False,False,False,False,False,True,False,False,False,False,False,False,False,False,False,False,False,False,False,False,False,False,True,False,True,0.9659258263,0.2588190451,-0.7818314825,0.6234898019,0.8660254038,-0.5
2024-05-12 06:00:00,-1.0097962236084137,-0.1439857765,-0.4901190191,-0.0001147188,-0.0643355607,-0.1072099288,1.6945461755,-0.8108188037,False,-0.1714996949,False,False,False,False,False,False,False,False,False,True,False,False,False,False,False,False,False,False,False,False,False,False,False,False,False,True,False,False,True,1.0,0.0,-0.7818314825,0.6234898019,0.8660254038,-0.5
2024-05-12 07:00:00,-0.739480074971134,0.0509612223,0.9118195972,0.2514063215,-0.0643355607,-0.5166984203,1.6945461755,-0.8108188037,False,-0.1714996949,False,False,False,False,False,False,False,False,False,True,False,False,False,False,False,False,False,False,False,False,False,False,False,False,False,False,True,False,True,0.9659258263,-0.2588190451,-0.7818314825,0.6234898019,0.8660254038,-0.5
2024-05-12 08:00:00,-0.8746381492897739,0.1716426978,0.9118195972,0.2514063215,-0.0643355607,-0.471199699,1.5721487727,-0.8108188037,False,-0.1714996949,False,False,False,False,False,False,False,False,False,True,False,False,False,False,False,False,False,False,False,False,False,False,False,False,False,True,False,False,True,0.8660254038,-0.5,-0.7818314825,0.6234898019,0.8660254038,-0.5
2024-05-12 09:00:00,-0.739480074971134,0.3851560775,0.9118195972,1.2574904829,-0.0643355607,-1.0171843543,1.5165135896,-0.8108188037,False,-0.1714996949,False,False,False,False,False,False,False,False,False,True,False,False,False,False,False,False,False,False,False,False,False,False,False,False,False,False,True,False,True,0.7071067812,-0.7071067812,-0.7818314825,0.6234898019,0.8660254038,-0.5
2024-05-12 10:00:00,-0.19884777769657447,0.6636517901,0.9118195972,0.7544484022,-0.0643355607,-1.5631690097,1.6945461755,-0.8108188037,False,-0.1714996949,False,False,False,False,False,False,False,False,False,True,False,False,False,False,False,False,False,False,False,False,False,False,False,False,False,False,True,False,True,0.5,-0.8660254038,-0.7818314825,0.6234898019,0.8660254038,-0.5
2024-05-12 11:00:00,-0.06368970337793459,0.8307492177,0.9118195972,0.2514063215,-0.0643355607,-1.5631690097,1.6945461755,-0.8108188037,False,-0.1714996949,False,False,False,False,False,False,False,False,False,True,False,False,False,False,False,False,False,False,False,False,False,False,False,False,False,True,False,False,True,0.2588190451,-0.9659258263,-0.7818314825,0.6234898019,0.8660254038,-0.5
2024-05-12 12:00:00,0.0714683709407053,0.969997074,0.9118195972,0.7544484022,-0.0643355607,-1.6996651735,1.6945461755,-0.8108188037,False,-0.1714996949,False,False,False,False,False,False,False,False,False,True,False,False,False,False,False,False,False,False,False,False,False,False,False,False,False,True,False,False,True,0.0,-1.0,-0.7818314825,0.6234898019,0.8660254038,-0.5
2024-05-12 13:00:00,0.34178451957798506,1.0349794069,0.9118195972,0.7544484022,-0.1672396036,-1.5631690097,1.6945461755,1.3893961773,False,-0.1714996949,False,False,True,False,False,False,False,False,False,False,False,False,False,False,False,False,False,False,False,False,False,False,False,False,False,False,True,False,True,-0.2588190451,-0.9659258263,-0.7818314825,0.6234898019,0.8660254038,-0.5
2024-05-12 14:00:00,0.6121006682152649,1.1370945015,0.9118195972,0.2514063215,-0.2701436465,-1.6541664522,1.6945461755,-0.8108188037,False,-0.1714996949,False,False,False,False,False,False,False,False,False,True,False,False,False,False,False,False,False,False,False,True,False,False,False,False,False,False,False,False,True,-0.5,-0.8660254038,-0.7818314825,0.6234898019,0.8660254038,-0.5
2024-05-12 15:00:00,0.8824168168525446,1.257775977,0.9118195972,0.5029273619,-0.2701436465,-1.6996651735,1.6945461755,-0.8108188037,False,-0.1714996949,False,False,False,False,False,False,False,False,False,True,False,False,False,False,False,False,False,False,False,False,False,False,False,False,False,False,True,False,True,-0.7071067812,-0.7071067812,-0.7818314825,0.6234898019,0.8660254038,-0.5
2024-05-12 16:00:00,1.1527329654898244,1.2856255483,0.9118195972,0.5029273619,-0.3730476894,-1.790662616,1.6945461755,-0.6274675553,False,-0.1714996949,False,False,False,False,False,False,False,False,False,True,False,False,False,False,False,False,False,False,False,False,True,False,False,False,False,False,False,False,True,-0.8660254038,-0.5,-0.7818314825,0.6234898019,0.8660254038,-0.5
2024-05-12 17:00:00,1.1527329654898244,1.2949087387,0.9118195972,0.2514063215,-0.4759517323,-1.8816600586,1.6945461755,-0.8108188037,False,-0.1714996949,False,False,False,False,False,False,False,False,False,True,False,False,False,False,False,False,False,False,False,True,False,False,False,False,False,False,False,False,True,-0.9659258263,-0.2588190451,-0.7818314825,0.6234898019,0.8660254038,-0.5
2024-05-12 18:00:00,0.8824168168525446,1.2299264057,0.9118195972,1.0059694426,-0.4759517323,-1.8816600586,1.6945461755,-0.8108188037,False,-0.1714996949,False,False,False,False,False,False,False,False,False,True,False,False,False,False,False,False,False,False,False,True,False,False,False,False,False,False,False,False,True,-1.0,-0.0,-0.7818314825,0.6234898019,0.8660254038,-0.5
2024-05-12 19:00:00,0.7472587425339047,1.0906785494,0.9118195972,0.5029273619,-0.4759517323,-1.8361613373,1.6945461755,-0.8108188037,False,-0.1714996949,False,False,False,False,False,False,False,False,False,True,False,False,False,False,False,False,False,False,False,False,True,False,False,False,False,False,False,False,True,-0.9659258263,0.2588190451,-0.7818314825,0.6234898019,0.8660254038,-0.5
2024-05-12 20:00:00,0.6121006682152649,0.9328643123,0.9118195972,0.5029273619,-0.3730476894,-1.6996651735,1.6945461755,-0.8108188037,False,-0.1714996949,False,False,False,False,False,False,False,False,False,True,False,False,False,False,False,False,False,False,False,True,False,False,False,False,False,False,False,False,True,-0.8660254038,0.5,-0.7818314825,0.6234898019,0.8660254038,-0.5
2024-05-12 21:00:00,0.34178451957798506,0.8864483602,0.9118195972,0.7544484022,-0.2701436465,-1.790662616,1.6945461755,-0.8108188037,False,-0.1714996949,False,False,False,False,False,False,False,False,False,True,False,False,False,False,False,False,False,False,False,True,False,False,False,False,False,False,False,False,True,-0.7071067812,0.7071067812,-0.7818314825,0.6234898019,0.8660254038,-0.5
2024-05-12 22:00:00,0.34178451957798506,0.6079526476,0.9118195972,0.2514063215,-0.2701436465,-1.1991792394,1.6945461755,-0.8108188037,False,-0.1714996949,False,False,False,False,False,False,False,False,False,True,False,False,False,False,False,False,False,False,False,True,False,False,False,False,False,False,False,False,True,-0.5,0.8660254038,-0.7818314825,0.6234898019,0.8660254038,-0.5
2024-05-12 23:00:00,-0.8746381492897739,0.3944392679,-0.4901190191,-0.0001147188,-0.1672396036,-0.6986933054,1.5498946995,-0.8108188037,False,-0.1714996949,False,False,False,False,False,False,False,False,False,True,False,False,False,False,False,False,False,False,True,False,False,False,False,False,False,False,False,False,True,-0.2588190451,0.9659258263,-0.7818314825,0.6234898019,0.8660254038,-0.5
2024-05-13 00:00:00,-0.8746381492897739,0.2273418403,-0.4901190191,-0.5031567995,-0.1672396036,-0.3802022564,1.4274972967,-0.6274675553,False,-0.1714996949,False,False,False,False,False,False,False,False,False,True,False,False,False,False,False,False,False,False,False,False,False,True,False,False,False,False,False,False,False,0.0,1.0,0.0,1.0,0.8660254038,-0.5
2024-05-13 01:00:00,-0.8746381492897739,0.1902090786,-0.4901190191,-0.2516357592,-0.1672396036,-0.2437060926,0.871145466,-0.8108188037,False,-0.1714996949,False,False,False,False,False,False,False,False,False,True,False,False,False,False,False,False,False,False,False,False,False,True,False,False,False,False,False,False,False,0.2588190451,0.9659258263,0.0,1.0,0.8660254038,-0.5
2024-05-13 02:00:00,-1.0097962236084137,0.0695276031,-0.4901190191,-0.5031567995,-0.2701436465,-0.0617112075,1.2049565644,-0.8108188037,False,-0.1714996949,False,False,False,False,False,False,False,False,False,True,False,False,False,False,False,False,False,False,False,False,False,True,False,False,False,False,False,False,False,0.5,0.8660254038,0.0,1.0,0.8660254038,-0.5
2024-05-13 03:00:00,-0.8746381492897739,0.0695276031,0.9118195972,1.0059694426,-0.2701436465,-0.0617112075,1.5276406263,-0.8108188037,False,-0.1714996949,False,False,False,False,False,False,False,False,False,True,False,False,False,False,False,False,False,False,True,False,False,False,False,False,False,False,False,False,False,0.7071067812,0.7071067812,0.0,1.0,0.8660254038,-0.5
2024-05-13 04:00:00,-0.8746381492897739,-0.0418706819,-0.4901190191,-0.2516357592,-0.2701436465,-0.0162124862,1.6945461755,-0.8108188037,False,-0.1714996949,False,False,False,False,False,False,False,False,False,True,False,False,False,False,False,False,False,False,True,False,False,False,False,False,False,False,False,False,False,0.8660254038,0.5,0.0,1.0,0.8660254038,-0.5
2024-05-13 05:00:00,-1.0097962236084137,-0.0790034436,-0.4901190191,-0.2516357592,-0.1672396036,0.0747849564,1.2605917475,-0.8108188037,False,-0.1714996949,False,False,False,False,False,False,False,False,False,True,False,False,False,False,False,False,False,False,False,False,False,False,False,False,True,False,False,False,False,0.9659258263,0.2588190451,0.0,1.0,0.8660254038,-0.5
2024-05-13 06:00:00,-0.8746381492897739,-0.1904017286,-0.4901190191,-0.2516357592,-0.1672396036,0.347777284,1.2605917475,-0.8108188037,False,-0.1714996949,False,False,False,False,False,False,False,False,False,True,False,False,False,False,False,False,False,False,True,False,False,False,False,False,False,False,False,False,False,1.0,0.0,0.0,1.0,0.8660254038,-0.5
2024-05-13 07:00:00,-0.8746381492897739,0.0509612223,0.9118195972,0.2514063215,-0.0643355607,0.1202836776,1.1048132349,-0.8108188037,False,-0.1714996949,False,False,False,False,False,False,False,False,False,True,False,False,False,False,False,False,False,False,False,False,True,False,False,False,False,False,False,False,False,0.9659258263,-0.2588190451,0.0,1.0,0.8660254038,-0.5
2024-05-13 08:00:00,-0.739480074971134,0.2551914116,0.9118195972,1.5090115233,-0.0643355607,-0.2892048139,0.6819858436,-0.8108188037,False,-0.1714996949,False,False,False,False,False,False,False,False,False,True,False,False,False,False,False,False,False,False,False,False,True,False,False,False,False,False,False,False,False,0.8660254038,-0.5,0.0,1.0,0.8660254038,-0.5
2024-05-13 09:00:00,-0.3340058520152144,0.3665896966,2.3137582136,2.2635746443,-0.0643355607,-0.5166984203,1.0269239786,-0.8108188037,False,-0.1714996949,False,False,False,False,False,False,False,False,False,True,False,False,False,False,False,False,False,False,False,False,True,False,False,False,False,False,False,False,False,0.7071067812,-0.7071067812,0.0,1.0,0.8660254038,-0.5
2024-05-13 10:00:00,0.20662644525934518,0.5893862667,0.9118195972,1.2574904829,-0.0643355607,-0.8806881905,1.2605917475,-0.8108188037,False,-0.1714996949,False,False,False,False,False,False,False,False,False,True,False,False,False,False,False,False,False,False,False,False,True,False,False,False,False,False,False,False,False,0.5,-0.8660254038,0.0,1.0,0.8660254038,-0.5
2024-05-13 11:00:00,1.4230491141271042,0.7193509326,0.9118195972,0.7544484022,-0.1672396036,-1.0171843543,1.2160836011,-0.8108188037,False,-0.1714996949,False,False,False,False,False,False,False,False,False,True,False,False,False,False,False,False,False,False,False,False,True,False,False,False,False,False,False,False,False,0.2588190451,-0.9659258263,0.0,1.0,0.8660254038,-0.5
2024-05-13 12:00:00,1.4230491141271042,0.8400324081,0.9118195972,0.7544484022,-0.2701436465,-1.2446779607,1.360735077,-0.8108188037,False,-0.1714996949,False,False,False,False,False,False,False,False,False,True,False,False,False,False,False,False,False,False,True,False,False,False,False,False,False,False,False,False,False,0.0,-1.0,0.0,1.0,0.8660254038,-0.5
2024-05-13 13:00:00,0.6121006682152649,0.9978466452,0.9118195972,1.0059694426,-0.3730476894,-1.290176682,1.6945461755,-0.8108188037,False,-0.1714996949,False,False,False,False,False,False,False,False,False,True,False,False,False,False,False,False,False,False,False,False,True,False,False,False,False,False,False,False,False,-0.2588190451,-0.9659258263,0.0,1.0,0.8660254038,-0.5
2024-05-13 14:00:00,1.1527329654898244,1.1185281207,0.9118195972,1.0059694426,-0.4759517323,-1.4721715671,1.6945461755,-0.8108188037,False,-0.1714996949,False,False,False,False,False,False,False,False,False,True,False,False,False,False,False,False,False,False,False,False,True,False,False,False,False,False,False,False,False,-0.5,-0.8660254038,0.0,1.0,0.8660254038,-0.5
2024-05-13 15:00:00,1.6933652627643838,1.1649440728,0.9118195972,1.5090115233,-0.5788557752,-1.3811741245,1.6945461755,-0.8108188037,False,-0.1714996949,False,False,False,False,False,False,False,False,False,True,False,False,False,False,False,False,False,False,False,False,True,False,False,False,False,False,False,False,False,-0.7071067812,-0.7071067812,0.0,1.0,0.8660254038,-0.5
2024-05-13 16:00:00,1.8285233370830238,1.2113600249,0.9118195972,1.5090115233,-0.6817598181,-1.2446779607,1.5276406263,-0.7802602623,False,-0.1714996949,False,False,False,False,False,False,False,False,False,True,False,False,False,False,False,False,False,False,False,False,True,False,False,False,False,False,False,False,False,-0.8660254038,-0.5,0.0,1.0,0.8660254038,-0.5
2024-05-13 17:00:00,1.9636814114016636,1.2020768345,2.3137582136,2.012053604,-0.784663861,-1.4266728458,1.6945461755,-0.1690894343,False,-0.1714996949,False,False,False,False,False,False,False,False,False,True,False,False,False,False,False,False,False,False,False,False,True,False,False,False,False,False,False,False,False,-0.9659258263,-0.2588190451,0.0,1.0,0.8660254038,-0.5
2024-05-13 18:00:00,1.8285233370830238,1.1835104536,0.9118195972,1.5090115233,-0.8875679039,-1.3356754033,1.6945461755,-0.8108188037,False,-0.1714996949,False,False,False,False,False,False,False,False,False,True,False,False,False,False,False,False,False,False,True,False,False,False,False,False,False,False,False,False,False,-1.0,-0.0,0.0,1.0,0.8660254038,-0.5
2024-05-13 19:00:00,1.558207188445744,1.0906785494,0.9118195972,1.0059694426,-0.8875679039,-1.1991792394,1.6945461755,-0.8108188037,False,-0.1714996949,False,False,False,False,False,False,False,False,False,True,False,False,False,False,False,False,False,False,False,False,True,False,False,False,False,False,False,False,False,-0.9659258263,0.2588190451,0.0,1.0,0.8660254038,-0.5
2024-05-13 20:00:00,1.1527329654898244,0.8678819793,-0.4901190191,-0.2516357592,-0.784663861,-0.8351894692,1.6945461755,-0.8108188037,False,-0.1714996949,False,False,False,False,False,False,False,False,False,True,False,False,False,False,False,False,False,False,True,False,False,False,False,False,False,False,False,False,False,-0.8660254038,0.5,0.0,1.0,0.8660254038,-0.5
2024-05-13 21:00:00,1.0175748911711844,0.7007845518,0.9118195972,0.2514063215,-0.784663861,-0.6531945841,1.5832758093,-0.8108188037,False,-0.1714996949,False,False,False,False,False,False,False,False,False,True,False,False,False,False,False,False,False,False,False,False,True,False,False,False,False,False,False,False,False,-0.7071067812,0.7071067812,0.0,1.0,0.8660254038,-0.5
2024-05-13 22:00:00,0.7472587425339047,0.5893862667,0.9118195972,0.2514063215,-0.784663861,-0.5621971415,1.6945461755,-0.8108188037,False,-0.1714996949,False,False,False,False,False,False,False,False,False,True,False,False,False,False,False,False,False,False,False,False,True,False,False,False,False,False,False,False,False,-0.5,0.8660254038,0.0,1.0,0.8660254038,-0.5
2024-05-13 23:00:00,-0.739480074971134,0.4687047912,-0.4901190191,-0.2516357592,-0.784663861,-0.3802022564,1.1715754546,-0.8108188037,False,-0.1714996949,False,False,False,False,False,False,False,False,False,True,False,False,False,False,False,False,False,False,False,False,False,True,False,False,False,False,False,False,False,-0.2588190451,0.9659258263,0.0,1.0,0.8660254038,-0.5
2024-05-14 00:00:00,-0.8746381492897739,0.44085522,-0.4901190191,-0.2516357592,-0.784663861,-0.471199699,0.9712887955,-0.8108188037,False,-0.1714996949,False,False,False,False,False,False,False,False,False,True,False,False,False,False,False,False,False,False,False,False,False,True,False,False,False,False,False,False,False,0.0,1.0,0.7818314825,0.6234898019,0.8660254038,-0.5
2024-05-14 01:00:00,-1.0097962236084137,0.4501384104,0.9118195972,0.7544484022,-0.784663861,-0.7441920267,1.0714321251,-0.7802602623,False,-0.1714996949,False,False,False,False,False,False,False,False,False,True,False,False,False,False,False,False,False,False,False,False,False,True,False,False,False,False,False,False,False,0.2588190451,0.9659258263,0.7818314825,0.6234898019,0.8660254038,-0.5
2024-05-14 02:00:00,-0.8746381492897739,0.3016073637,-0.4901190191,-0.5031567995,-0.784663861,-0.5621971415,1.6945461755,-0.7497017209,False,-0.1714996949,False,False,False,False,False,False,False,False,False,True,False,False,False,False,False,False,False,False,False,False,False,True,False,False,False,False,False,False,False,0.5,0.8660254038,0.7818314825,0.6234898019,0.8660254038,-0.5
2024-05-14 03:00:00,-1.0097962236084137,0.1809258882,-0.4901190191,-0.5031567995,-0.784663861,-0.3802022564,1.6945461755,-0.7497017209,False,-0.1714996949,False,False,False,False,False,False,False,False,False,True,False,False,False,False,False,False,False,False,True,False,False,False,False,False,False,False,False,False,False,0.7071067812,0.7071067812,0.7818314825,0.6234898019,0.8660254038,-0.5
2024-05-14 04:00:00,-0.8746381492897739,0.1345099361,-0.4901190191,-0.2516357592,-0.6817598181,-0.3347035351,1.6945461755,-0.8108188037,False,-0.1714996949,False,False,False,False,False,False,False,False,False,True,False,False,False,False,False,False,False,False,True,False,False,False,False,False,False,False,False,False,False,0.8660254038,0.5,0.7818314825,0.6234898019,0.8660254038,-0.5
2024-05-14 05:00:00,-0.8746381492897739,0.0788107936,-0.4901190191,-0.2516357592,-0.6817598181,-0.2437060926,1.6945461755,-0.7802602623,False,-0.1714996949,False,False,False,False,False,False,False,False,False,True,False,False,False,False,False,False,False,False,True,False,False,False,False,False,False,False,False,False,False,0.9659258263,0.2588190451,0.7818314825,0.6234898019,0.8660254038,-0.5
2024-05-14 06:00:00,-0.8746381492897739,0.0323948415,-0.4901190191,-0.0001147188,-0.5788557752,-0.1982073713,1.6611650656,-0.8108188037,False,-0.1714996949,False,False,False,False,False,False,False,False,False,True,False,False,False,False,False,False,False,False,True,False,False,False,False,False,False,False,False,False,False,1.0,0.0,0.7818314825,0.6234898019,0.8660254038,-0.5
2024-05-14 07:00:00,-1.0097962236084137,0.2366250307,-0.4901190191,-0.2516357592,-0.5788557752,-0.5166984203,1.6945461755,-0.7497017209,False,-0.1714996949,False,False,False,False,False,False,False,False,False,True,False,False,False,False,False,False,False,False,True,False,False,False,False,False,False,False,False,False,False,0.9659258263,-0.2588190451,0.7818314825,0.6234898019,0.8660254038,-0.5
2024-05-14 08:00:00,-0.3340058520152144,0.4687047912,-0.4901190191,-0.2516357592,-0.4759517323,-0.8351894692,1.6945461755,-0.8108188037,False,-0.1714996949,False,False,False,False,False,False,False,False,False,True,False,False,False,False,False,False,False,False,True,False,False,False,False,False,False,False,False,False,False,0.8660254038,-0.5,0.7818314825,0.6234898019,0.8660254038,-0.5
2024-05-14 09:00:00,1.1527329654898244,0.7193509326,-0.4901190191,-0.2516357592,-0.4759517323,-0.7896907479,1.3384810038,-0.8108188037,False,-0.1714996949,False,False,False,False,False,False,False,False,False,True,False,False,False,False,False,False,False,False,True,False,False,False,False,False,False,False,False,False,False,0.7071067812,-0.7071067812,0.7818314825,0.6234898019,0.8660254038,-0.5
2024-05-14 10:00:00,1.558207188445744,0.8864483602,0.9118195972,0.2514063215,-0.4759517323,-0.971685633,1.3829891503,-0.8108188037,False,-0.1714996949,False,False,False,False,False,False,False,False,False,True,False,False,False,False,False,False,False,False,False,True,False,False,False,False,False,False,False,False,False,0.5,-0.8660254038,0.7818314825,0.6234898019,0.8660254038,-0.5
2024-05-14 11:00:00,2.2339975600389437,1.081395359,0.9118195972,0.2514063215,-0.5788557752,-1.2446779607,1.650038029,-0.8108188037,False,-0.1714996949,False,False,False,False,False,False,False,False,False,True,False,False,False,False,False,False,False,False,False,False,True,False,False,False,False,False,False,False,False,0.2588190451,-0.9659258263,0.7818314825,0.6234898019,0.8660254038,-0.5
2024-05-14 12:00:00,2.0988394857203034,1.2670591674,-0.4901190191,-0.0001147188,-0.5788557752,-1.4721715671,1.6945461755,-0.8108188037,False,-0.1714996949,False,False,False,False,False,False,False,False,False,True,False,False,False,False,False,False,False,False,True,False,False,False,False,False,False,False,False,False,False,0.0,-1.0,0.7818314825,0.6234898019,0.8660254038,-0.5
2024-05-14 13:00:00,1.6933652627643838,1.3413246908,-0.4901190191,-0.0001147188,-0.6817598181,-1.8361613373,1.6945461755,-0.8108188037,False,-0.1714996949,False,False,False,False,False,False,False,False,False,True,False,False,False,False,False,False,False,False,True,False,False,False,False,False,False,False,False,False,False,-0.2588190451,-0.9659258263,0.7818314825,0.6234898019,0.8660254038,-0.5
2024-05-14 14:00:00,1.8285233370830238,1.4434397854,0.9118195972,0.2514063215,-0.6817598181,-1.790662616,1.5944028459,-0.7497017209,False,-0.1714996949,False,False,False,False,False,False,False,False,False,True,False,False,False,False,False,False,False,False,False,True,False,False,False,False,False,False,False,False,False,-0.5,-0.8660254038,0.7818314825,0.6234898019,0.8660254038,-0.5
2024-05-14 15:00:00,2.0988394857203034,1.4712893567,0.9118195972,0.2514063215,-0.784663861,-1.790662616,1.6945461755,-0.7802602623,False,-0.1714996949,False,False,False,False,False,False,False,False,False,True,False,False,False,False,False,False,False,False,False,True,False,False,False,False,False,False,False,False,False,-0.7071067812,-0.7071067812,0.7818314825,0.6234898019,0.8660254038,-0.5
2024-05-14 16:00:00,2.6394717829948635,1.5084221184,0.9118195972,1.2574904829,-0.784663861,-1.8816600586,1.6945461755,-0.7191431795,False,-0.1714996949,False,False,False,False,False,False,False,False,False,True,False,False,False,False,False,False,False,False,False,False,True,False,False,False,False,False,False,False,False,-0.8660254038,-0.5,0.7818314825,0.6234898019,0.8660254038,-0.5
2024-05-14 17:00:00,3.1801040802694227,1.5084221184,0.9118195972,1.2574904829,-0.784663861,-1.8361613373,1.6945461755,-0.8108188037,False,-0.1714996949,False,False,False,False,False,False,False,False,False,True,False,False,False,False,False,False,False,False,False,False,True,False,False,False,False,False,False,False,False,-0.9659258263,-0.2588190451,0.7818314825,0.6234898019,0.8660254038,-0.5
2024-05-14 18:00:00,3.4504202289067027,1.4434397854,0.9118195972,0.2514063215,-0.784663861,-1.790662616,1.6945461755,-0.7497017209,False,-0.1714996949,False,False,False,False,False,False,False,False,False,True,False,False,False,False,False,False,False,False,False,True,False,False,False,False,False,False,False,False,False,-1.0,-0.0,0.7818314825,0.6234898019,0.8660254038,-0.5
2024-05-14 19:00:00,3.044946005950783,1.2670591674,-0.4901190191,-0.2516357592,-0.6817598181,-1.6541664522,1.6945461755,-0.8108188037,False,-0.1714996949,False,False,False,False,False,False,False,False,False,True,False,False,False,False,False,False,False,False,False,True,False,False,False,False,False,False,False,False,False,-0.9659258263,0.2588190451,0.7818314825,0.6234898019,0.8660254038,-0.5
2024-05-14 20:00:00,1.6933652627643838,0.9421475027,-0.4901190191,-0.2516357592,-0.5788557752,-1.290176682,1.6945461755,-0.8108188037,False,-0.1714996949,False,False,False,False,False,False,False,False,False,True,False,False,False,False,False,False,False,False,False,False,True,False,False,False,False,False,False,False,False,-0.8660254038,0.5,0.7818314825,0.6234898019,0.8660254038,-0.5
2024-05-14 21:00:00,1.0175748911711844,0.8121828368,-0.4901190191,-0.2516357592,-0.4759517323,-1.1081817969,1.6945461755,-0.8108188037,False,-0.1714996949,False,False,False,False,False,False,False,False,False,True,False,False,False,False,False,False,False,False,False,False,True,False,False,False,False,False,False,False,False,-0.7071067812,0.7071067812,0.7818314825,0.6234898019,0.8660254038,-0.5
2024-05-14 22:00:00,1.2878910398084642,0.793616456,0.9118195972,0.2514063215,-0.4759517323,-0.971685633,1.6945461755,-0.8108188037,False,-0.1714996949,False,False,False,False,False,False,False,False,False,True,False,False,False,False,False,False,False,False,False,False,False,False,True,False,False,False,False,False,False,-0.5,0.8660254038,0.7818314825,0.6234898019,0.8660254038,-0.5
2024-05-14 23:00:00,-0.3340058520152144,0.6729349805,-1.8920576355,-1.2577199206,-0.3730476894,-0.6531945841,0.9379076857,-0.8108188037,False,-0.1714996949,False,False,False,False,False,False,False,False,False,True,False,False,False,False,False,False,False,False,False,False,False,False,False,False,False,False,False,True,False,-0.2588190451,0.9659258263,0.7818314825,0.6234898019,0.8660254038,-0.5
2024-05-15 00:00:00,-1.0097962236084137,0.5893862667,-0.4901190191,-0.5031567995,-0.3730476894,-0.6531945841,-0.6310044769,-0.8108188037,False,-0.1714996949,False,False,False,False,False,False,False,False,False,True,False,False,False,False,False,False,False,False,False,False,False,False,True,False,False,False,False,False,False,0.0,1.0,0.9749279122,-0.222520934,0.8660254038,-0.5
2024-05-15 01:00:00,-0.8746381492897739,0.5708198859,-0.4901190191,-0.2516357592,-0.3730476894,-0.6531945841,-0.4640989277,-0.8108188037,False,-0.1714996949,False,False,False,False,False,False,False,False,False,True,False,False,False,False,False,False,False,False,False,False,False,False,False,False,False,False,True,False,False,0.2588190451,0.9659258263,0.9749279122,-0.222520934,0.8660254038,-0.5
2024-05-15 02:00:00,-1.0097962236084137,0.3480233158,-0.4901190191,-0.7546778399,-0.2701436465,-0.1072099288,0.9824158321,-0.8108188037,False,-0.1714996949,False,False,False,False,False,False,False,False,False,True,False,False,False,False,False,False,False,False,False,False,True,False,False,False,False,False,False,False,False,0.5,0.8660254038,0.9749279122,-0.222520934,0.8660254038,-0.5
2024-05-15 03:00:00,-0.8746381492897739,0.44085522,-0.4901190191,-0.5031567995,-0.2701436465,-0.3802022564,0.9156536125,-0.8108188037,False,-0.1714996949,False,False,False,False,False,False,False,False,False,True,False,False,False,False,False,False,False,False,False,False,False,False,False,False,False,True,False,False,False,0.7071067812,0.7071067812,0.9749279122,-0.222520934,0.8660254038,-0.5
2024-05-15 04:00:00,-0.8746381492897739,0.3016073637,-0.4901190191,-0.2516357592,-0.1672396036,-0.0162124862,0.8933995392,-0.8108188037,False,-0.1714996949,False,False,False,False,False,False,False,False,False,True,False,False,False,False,False,False,False,False,False,False,False,True,False,False,False,False,False,False,False,0.8660254038,0.5,0.9749279122,-0.222520934,0.8660254038,-0.5
2024-05-15 05:00:00,-0.8746381492897739,0.264474602,0.9118195972,0.5029273619,-0.0643355607,-0.0162124862,1.0491780518,-0.8108188037,False,-0.1714996949,False,False,False,False,False,False,False,False,False,True,False,False,False,False,False,False,False,False,True,False,False,False,False,False,False,False,False,False,False,0.9659258263,0.2588190451,0.9749279122,-0.222520934,0.8660254038,-0.5
2024-05-15 06:00:00,-1.0097962236084137,0.2737577924,0.9118195972,0.2514063215,0.1414725251,-0.3347035351,1.6945461755,-0.8108188037,False,-0.1714996949,False,False,False,False,False,False,False,False,False,True,False,False,False,False,False,False,False,False,False,False,True,False,False,False,False,False,False,False,False,1.0,0.0,0.9749279122,-0.222520934,0.8660254038,-0.5
2024-05-15 07:00:00,-0.8746381492897739,0.3387401253,0.9118195972,0.7544484022,0.244376568,-0.1072099288,0.8266373195,-0.8108188037,False,-0.1714996949,False,False,False,False,False,False,False,False,False,True,False,False,False,False,False,False,False,False,True,False,False,False,False,False,False,False,False,False,False,0.9659258263,-0.2588190451,0.9749279122,-0.222520934,0.8660254038,-0.5
2024-05-15 08:00:00,-0.3340058520152144,0.5336871242,2.3137582136,3.521179846,0.4501846538,-0.2437060926,0.4928262211,-0.8108188037,False,-0.1714996949,False,False,False,False,False,False,False,False,False,True,False,False,False,False,False,False,False,False,False,False,True,False,False,False,False,False,False,False,False,0.8660254038,-0.5,0.9749279122,-0.222520934,0.8660254038,-0.5
2024-05-15 09:00:00,1.1527329654898244,0.552253505,3.7156968299,5.2818271285,0.5530886967,-0.7441920267,0.0143636467,-0.6580260967,False,-0.1714996949,False,False,False,False,False,False,False,False,False,True,False,False,False,False,False,False,False,False,False,False,True,False,False,False,False,False,False,False,False,0.7071067812,-0.7071067812,0.9749279122,-0.222520934,0.8660254038,-0.5
2024-05-15 10:00:00,1.558207188445744,0.6822181709,3.7156968299,5.2818271285,0.5530886967,-0.8351894692,0.7153669534,-0.6885846381,False,-0.1714996949,False,False,False,False,False,False,False,False,True,False,False,False,False,False,False,False,False,False,False,False,True,False,False,False,False,False,False,False,False,0.5,-0.8660254038,0.9749279122,-0.222520934,0.8660254038,-0.5
2024-05-15 11:00:00,1.8285233370830238,0.7750500751,3.7156968299,3.7727008864,0.5530886967,-1.0171843543,1.0046699054,-0.8108188037,False,-0.1714996949,False,False,False,False,False,False,False,False,True,False,False,False,False,False,False,False,False,False,False,False,True,False,False,False,False,False,False,False,False,0.2588190451,-0.9659258263,0.9749279122,-0.222520934,0.8660254038,-0.5
2024-05-15 12:00:00,2.2339975600389437,0.8864483602,2.3137582136,3.2696588057,0.5530886967,-1.1081817969,1.3941161869,-0.7802602623,False,-0.1714996949,False,False,False,False,False,False,False,False,False,True,False,False,False,False,False,False,False,False,True,False,False,False,False,False,False,False,False,False,False,0.0,-1.0,0.9749279122,-0.222520934,0.8660254038,-0.5
2024-05-15 13:00:00,1.4230491141271042,0.8957315506,3.7156968299,4.7787850478,0.4501846538,-1.1536805182,1.6945461755,-0.7497017209,False,-0.1714996949,False,False,False,False,False,False,False,False,False,True,False,False,False,False,False,False,False,False,False,False,True,False,False,False,False,False,False,False,False,-0.2588190451,-0.9659258263,0.9749279122,-0.222520934,0.8660254038,-0.5
2024-05-15 14:00:00,1.558207188445744,0.9328643123,3.7156968299,4.5272640074,0.3472806109,-1.3356754033,1.6945461755,-0.7191431795,False,-0.1714996949,False,False,False,False,False,False,False,False,False,True,False,False,False,False,False,False,False,False,False,False,True,False,False,False,False,False,False,False,False,-0.5,-0.8660254038,0.9749279122,-0.222520934,0.8660254038,-0.5
2024-05-15 15:00:00,1.9636814114016636,0.969997074,3.7156968299,4.7787850478,0.244376568,-1.3356754033,1.6945461755,-0.7497017209,False,-0.1714996949,False,False,False,False,False,False,False,False,False,True,False,False,False,False,False,False,False,False,False,False,True,False,False,False,False,False,False,False,False,-0.7071067812,-0.7071067812,0.9749279122,-0.222520934,0.8660254038,-0.5
2024-05-15 16:00:00,2.0988394857203034,0.9978466452,3.7156968299,4.2757429671,0.1414725251,-1.3356754033,1.6945461755,-0.8108188037,False,-0.1714996949,False,False,False,False,False,False,False,False,False,True,False,False,False,False,False,False,False,False,False,False,True,False,False,False,False,False,False,False,False,-0.8660254038,-0.5,0.9749279122,-0.222520934,0.8660254038,-0.5
2024-05-15 17:00:00,2.3691556343575835,0.9607138835,3.7156968299,4.7787850478,0.0385684822,-1.3811741245,1.6945461755,-0.8108188037,False,-0.1714996949,False,False,False,False,False,False,False,False,False,True,False,False,False,False,False,False,False,False,False,False,True,False,False,False,False,False,False,False,False,-0.9659258263,-0.2588190451,0.9749279122,-0.222520934,0.8660254038,-0.5
2024-05-15 18:00:00,2.5043137086762233,0.905014741,2.3137582136,3.521179846,0.0385684822,-1.290176682,1.6945461755,-0.7191431795,False,-0.1714996949,False,False,False,False,False,False,False,False,False,True,False,False,False,False,False,False,False,False,False,False,True,False,False,False,False,False,False,False,False,-1.0,-0.0,0.9749279122,-0.222520934,0.8660254038,-0.5
2024-05-15 19:00:00,1.8285233370830238,0.8214660272,2.3137582136,2.012053604,0.0385684822,-1.1991792394,1.6945461755,2.0922426295,False,-0.1714996949,False,False,False,False,False,False,False,False,False,False,False,False,False,False,True,False,False,False,True,False,False,False,False,False,False,False,False,False,False,-0.9659258263,0.2588190451,0.9749279122,-0.222520934,0.8660254038,-0.5
2024-05-15 20:00:00,1.558207188445744,0.8214660272,2.3137582136,2.012053604,0.0385684822,-1.1991792394,1.6945461755,-0.8108188037,False,-0.1714996949,False,False,False,False,False,False,False,False,False,True,False,False,False,False,False,False,False,False,True,False,False,False,False,False,False,False,False,False,False,-0.8660254038,0.5,0.9749279122,-0.222520934,0.8660254038,-0.5
2024-05-15 21:00:00,1.558207188445744,0.6079526476,2.3137582136,2.012053604,0.0385684822,-0.7896907479,1.6945461755,-0.8108188037,False,-0.1714996949,False,False,False,False,False,False,False,False,False,True,False,False,False,False,False,False,False,False,False,False,True,False,False,False,False,False,False,False,False,-0.7071067812,0.7071067812,0.9749279122,-0.222520934,0.8660254038,-0.5
2024-05-15 22:00:00,0.8824168168525446,0.5615366954,2.3137582136,2.012053604,0.0385684822,-0.8351894692,1.6945461755,0.5031984766,False,-0.1714996949,False,False,True,False,False,False,False,False,False,False,False,False,False,False,False,False,False,False,False,False,True,False,False,False,False,False,False,False,False,-0.5,0.8660254038,0.9749279122,-0.222520934,0.8660254038,-0.5
2024-05-15 23:00:00,-0.6043220006524941,0.4779879817,2.3137582136,2.012053604,0.0385684822,-0.5621971415,1.6945461755,-0.2913235999,False,-0.1714996949,False,False,False,False,False,False,False,False,False,True,False,False,False,False,False,False,False,False,False,False,True,False,False,False,False,False,False,False,False,-0.2588190451,0.9659258263,0.9749279122,-0.222520934,0.8660254038,-0.5
2024-05-16 00:00:00,-1.0097962236084137,0.4037224583,0.9118195972,1.2574904829,0.0385684822,-0.5166984203,1.6945461755,-0.6580260967,False,-0.1714996949,False,False,False,False,False,False,False,False,False,True,False,False,False,False,False,False,False,False,True,False,False,False,False,False,False,False,False,False,False,0.0,1.0,0.4338837391,-0.9009688679,0.8660254038,-0.5
2024-05-16 01:00:00,-0.8746381492897739,0.3665896966,0.9118195972,1.5090115233,-0.0643355607,-0.5621971415,1.6945461755,0.1670545211,False,-0.1714996949,False,False,True,False,False,False,False,False,False,False,False,False,False,False,False,False,False,False,True,False,False,False,False,False,False,False,False,False,False,0.2588190451,0.9659258263,0.4338837391,-0.9009688679,0.8660254038,-0.5
2024-05-16 02:00:00,-0.8746381492897739,0.3108905541,0.9118195972,1.2574904829,-0.0643355607,-0.5621971415,1.6945461755,-0.5969090139,False,-0.1714996949,False,False,False,False,False,False,False,False,False,True,False,False,False,False,False,False,False,False,True,False,False,False,False,False,False,False,False,False,False,0.5,0.8660254038,0.4338837391,-0.9009688679,0.8660254038,-0.5
2024-05-16 03:00:00,-1.0097962236084137,0.2459082211,0.9118195972,1.0059694426,-0.0643355607,-0.471199699,1.6945461755,-0.8108188037,False,-0.1714996949,False,False,False,False,False,False,False,False,False,True,False,False,False,False,False,False,False,False,True,False,False,False,False,False,False,False,False,False,False,0.7071067812,0.7071067812,0.4338837391,-0.9009688679,0.8660254038,-0.5
2024-05-16 04:00:00,-0.8746381492897739,0.2273418403,0.9118195972,0.7544484022,-0.1672396036,-0.5166984203,1.6945461755,-0.7191431795,False,-0.1714996949,False,False,False,False,False,False,False,False,False,True,False,False,False,False,False,False,False,False,True,False,False,False,False,False,False,False,False,False,False,0.8660254038,0.5,0.4338837391,-0.9009688679,0.8660254038,-0.5
2024-05-16 05:00:00,-0.8746381492897739,0.199492269,2.3137582136,1.7605325636,-0.1672396036,-0.6076958628,1.6945461755,-0.5663504725,False,-0.1714996949,False,False,False,False,False,False,False,False,False,True,False,False,False,False,False,False,False,False,False,False,True,False,False,False,False,False,False,False,False,0.9659258263,0.2588190451,0.4338837391,-0.9009688679,0.8660254038,-0.5
2024-05-16 06:00:00,-1.0097962236084137,0.1530763169,0.9118195972,1.2574904829,-0.1672396036,-0.5621971415,1.6945461755,-0.7802602623,False,-0.1714996949,False,False,False,False,False,False,False,False,False,True,False,False,False,False,False,False,False,False,False,False,True,False,False,False,False,False,False,False,False,1.0,0.0,0.4338837391,-0.9009688679,0.8660254038,-0.5
2024-05-16 07:00:00,-0.8746381492897739,0.2180586499,-0.4901190191,-0.0001147188,-0.1672396036,-0.471199699,1.6945461755,-0.8108188037,False,-0.1714996949,False,False,False,False,False,False,False,False,False,True,False,False,False,False,False,False,False,False,True,False,False,False,False,False,False,False,False,False,False,0.9659258263,-0.2588190451,0.4338837391,-0.9009688679,0.8660254038,-0.5
2024-05-16 08:00:00,-0.6043220006524941,0.3665896966,0.9118195972,0.7544484022,-0.1672396036,-0.8351894692,1.6945461755,-0.8108188037,False,-0.1714996949,False,False,False,False,False,False,False,False,False,True,False,False,False,False,False,False,False,False,True,False,False,False,False,False,False,False,False,False,False,0.8660254038,-0.5,0.4338837391,-0.9009688679,0.8660254038,-0.5
2024-05-16 09:00:00,0.7472587425339047,0.4872711721,0.9118195972,1.0059694426,-0.1672396036,-0.971685633,1.6945461755,-0.8108188037,False,-0.1714996949,False,False,False,False,False,False,False,False,False,True,False,False,False,False,False,False,False,False,False,False,True,False,False,False,False,False,False,False,False,0.7071067812,-0.7071067812,0.4338837391,-0.9009688679,0.8660254038,-0.5
2024-05-16 10:00:00,1.1527329654898244,0.6358022188,0.9118195972,0.5029273619,-0.2701436465,-0.971685633,1.6945461755,-0.8108188037,False,-0.1714996949,False,False,False,False,False,False,False,False,False,True,False,False,False,False,False,False,False,False,True,False,False,False,False,False,False,False,False,False,False,0.5,-0.8660254038,0.4338837391,-0.9009688679,0.8660254038,-0.5
2024-05-16 11:00:00,2.0988394857203034,0.8121828368,0.9118195972,0.5029273619,-0.2701436465,-1.0171843543,1.6945461755,-0.8108188037,False,-0.1714996949,False,False,False,False,False,False,False,False,False,True,False,False,False,False,False,False,False,False,False,False,True,False,False,False,False,False,False,False,False,0.2588190451,-0.9659258263,0.4338837391,-0.9009688679,0.8660254038,-0.5
2024-05-16 12:00:00,2.3691556343575835,0.8585987889,0.9118195972,0.7544484022,-0.4759517323,-1.0171843543,1.6945461755,-0.8108188037,False,-0.1714996949,False,False,False,False,False,False,False,False,False,True,False,False,False,False,False,False,False,False,False,True,False,False,False,False,False,False,False,False,False,0.0,-1.0,0.4338837391,-0.9009688679,0.8660254038,-0.5
2024-05-16 13:00:00,2.0988394857203034,1.0349794069,0.9118195972,0.2514063215,-0.5788557752,-1.1536805182,1.6945461755,-0.8108188037,False,-0.1714996949,False,False,False,False,False,False,False,False,False,True,False,False,False,False,False,False,False,False,False,False,False,False,False,False,False,False,True,False,False,-0.2588190451,-0.9659258263,0.4338837391,-0.9009688679,0.8660254038,-0.5
2024-05-16 14:00:00,1.9636814114016636,1.1649440728,0.9118195972,0.5029273619,-0.6817598181,-1.290176682,1.6945461755,-0.8108188037,False,-0.1714996949,False,False,False,False,False,False,False,False,False,True,False,False,False,False,False,False,False,False,False,False,False,False,False,False,False,False,True,False,False,-0.5,-0.8660254038,0.4338837391,-0.9009688679,0.8660254038,-0.5
2024-05-16 15:00:00,2.2339975600389437,1.2670591674,0.9118195972,0.5029273619,-0.8875679039,-1.4721715671,1.6945461755,-0.8108188037,False,-0.1714996949,False,False,False,False,False,False,False,False,False,True,False,False,False,False,False,False,False,False,False,False,False,False,False,False,False,True,False,False,False,-0.7071067812,-0.7071067812,0.4338837391,-0.9009688679,0.8660254038,-0.5
2024-05-16 16:00:00,2.5043137086762233,1.3506078812,0.9118195972,1.0059694426,-0.9904719468,-1.5631690097,1.6945461755,-0.7802602623,False,-0.1714996949,False,False,False,False,False,False,False,False,False,True,False,False,False,False,False,False,False,False,False,False,False,False,False,False,False,False,True,False,False,-0.8660254038,-0.5,0.4338837391,-0.9009688679,0.8660254038,-0.5
2024-05-16 17:00:00,2.5043137086762233,1.3784574525,0.9118195972,1.2574904829,-0.9904719468,-1.5176702884,1.6945461755,-0.7802602623,False,-0.1714996949,False,False,False,False,False,False,False,False,False,True,False,False,False,False,False,False,False,False,False,False,False,False,False,False,False,True,False,False,False,-0.9659258263,-0.2588190451,0.4338837391,-0.9009688679,0.8660254038,-0.5
2024-05-16 18:00:00,2.0988394857203034,1.3506078812,0.9118195972,0.7544484022,-1.0933759897,-1.3811741245,1.6945461755,-0.6274675553,False,-0.1714996949,False,False,False,False,False,False,False,False,False,True,False,False,False,False,False,False,False,False,False,False,False,False,False,False,False,True,False,False,False,-1.0,-0.0,0.4338837391,-0.9009688679,0.8660254038,-0.5
2024-05-16 19:00:00,1.8285233370830238,1.2670591674,-0.4901190191,-0.0001147188,-1.0933759897,-1.3811741245,1.6945461755,-0.7802602623,False,-0.1714996949,False,False,False,False,False,False,False,False,False,True,False,False,False,False,False,False,False,False,False,False,False,False,False,False,False,True,False,False,False,-0.9659258263,0.2588190451,0.4338837391,-0.9009688679,0.8660254038,-0.5
2024-05-16 20:00:00,1.558207188445744,1.1370945015,0.9118195972,0.5029273619,-1.0933759897,-1.2446779607,1.6945461755,0.1059374383,False,-0.1714996949,False,False,True,False,False,False,False,False,False,False,False,False,False,False,False,False,False,False,False,False,False,False,False,False,False,False,True,False,False,-0.8660254038,0.5,0.4338837391,-0.9009688679,0.8660254038,-0.5
2024-05-16 21:00:00,2.0988394857203034,0.9885634548,-0.4901190191,-0.0001147188,-0.9904719468,-1.0171843543,1.3941161869,-0.4135577655,False,-0.1714996949,False,False,False,False,False,False,False,False,False,True,False,False,False,False,False,False,False,False,False,False,False,False,False,False,False,False,True,False,False,-0.7071067812,0.7071067812,0.4338837391,-0.9009688679,0.8660254038,-0.5
2024-05-16 22:00:00,1.4230491141271042,0.8864483602,-0.4901190191,-0.0001147188,-0.9904719468,-0.8806881905,1.6945461755,-0.7802602623,False,-0.1714996949,False,False,False,False,False,False,False,False,False,True,False,False,False,False,False,False,False,False,False,False,False,False,False,False,False,False,True,False,False,-0.5,0.8660254038,0.4338837391,-0.9009688679,0.8660254038,-0.5
2024-05-16 23:00:00,-0.739480074971134,0.8214660272,-0.4901190191,-0.5031567995,-0.9904719468,-0.6986933054,1.6389109924,-0.8108188037,False,-0.1714996949,False,False,False,False,False,False,False,False,False,True,False,False,False,False,False,False,False,False,False,False,False,False,False,False,True,False,False,False,False,-0.2588190451,0.9659258263,0.4338837391,-0.9009688679,0.8660254038,-0.5
2024-05-17 00:00:00,-0.8746381492897739,0.617235838,-0.4901190191,-0.7546778399,-0.8875679039,-0.2892048139,1.4052432235,-0.8108188037,False,-0.1714996949,False,False,False,False,False,False,False,False,False,True,False,False,False,False,False,False,False,False,False,False,False,False,False,False,False,True,False,False,False,0.0,1.0,-0.4338837391,-0.9009688679,0.8660254038,-0.5
2024-05-17 01:00:00,-0.8746381492897739,0.6079526476,0.9118195972,0.2514063215,-0.9904719468,-0.2892048139,1.2605917475,-0.8108188037,False,-0.1714996949,False,False,False,False,False,False,False,False,False,True,False,False,False,False,False,False,False,False,False,False,False,False,False,False,False,False,True,False,False,0.2588190451,0.9659258263,-0.4338837391,-0.9009688679,0.8660254038,-0.5
2024-05-17 02:00:00,-0.8746381492897739,0.5151207433,-0.4901190191,-0.2516357592,-0.9904719468,-0.0617112075,1.6722921022,-0.7802602623,False,-0.1714996949,False,False,False,False,False,False,False,False,False,True,False,False,False,False,False,False,False,False,False,False,False,False,True,False,False,False,False,False,False,0.5,0.8660254038,-0.4338837391,-0.9009688679,0.8660254038,-0.5
2024-05-17 03:00:00,-0.8746381492897739,0.6636517901,0.9118195972,0.5029273619,-0.9904719468,-0.2892048139,1.6277839558,-0.7802602623,False,-0.1714996949,False,False,False,False,False,False,False,False,False,True,False,False,False,False,False,False,False,False,False,False,False,False,True,False,False,False,False,False,False,0.7071067812,0.7071067812,-0.4338837391,-0.9009688679,0.8660254038,-0.5
2024-05-17 04:00:00,-0.8746381492897739,0.4872711721,-0.4901190191,-1.0061988802,-0.9904719468,0.0747849564,1.6389109924,-0.8108188037,False,-0.1714996949,False,False,False,False,False,False,False,False,False,True,False,False,False,False,False,False,False,False,False,False,False,False,False,False,False,False,True,False,False,0.8660254038,0.5,-0.4338837391,-0.9009688679,0.8660254038,-0.5
2024-05-17 05:00:00,-0.8746381492897739,0.5986694571,0.9118195972,0.5029273619,-0.8875679039,-0.15270865,1.5165135896,-0.8108188037,False,-0.1714996949,False,False,False,False,False,False,False,False,False,True,False,False,False,False,False,False,False,False,False,False,False,False,False,False,False,True,False,False,False,0.9659258263,0.2588190451,-0.4338837391,-0.9009688679,0.8660254038,-0.5
2024-05-17 06:00:00,-1.0097962236084137,0.552253505,0.9118195972,0.7544484022,-0.8875679039,-0.1072099288,1.1493213814,-0.8108188037,False,-0.1714996949,False,False,False,False,False,False,False,False,False,True,False,False,False,False,False,False,False,False,False,False,False,False,False,False,False,True,False,False,False,1.0,0.0,-0.4338837391,-0.9009688679,0.8660254038,-0.5
2024-05-17 07:00:00,-0.8746381492897739,0.5708198859,-0.4901190191,-0.2516357592,-0.8875679039,0.0292862351,0.7042399168,-0.8108188037,False,-0.1714996949,False,False,False,False,False,False,False,False,False,True,False,False,False,False,False,False,False,False,False,False,False,False,False,False,False,True,False,False,False,0.9659258263,-0.2588190451,-0.4338837391,-0.9009688679,0.8660254038,-0.5
2024-05-17 08:00:00,-0.3340058520152144,0.6822181709,0.9118195972,1.0059694426,-0.784663861,-0.1072099288,0.6486047337,-0.8108188037,False,-0.1714996949,False,False,False,False,False,False,False,False,False,True,False,False,False,False,False,False,False,False,False,False,False,False,False,False,False,False,True,False,False,0.8660254038,-0.5,-0.4338837391,-0.9009688679,0.8660254038,-0.5
2024-05-17 09:00:00,1.558207188445744,0.8585987889,0.9118195972,0.2514063215,-0.784663861,-0.5621971415,1.1270673081,-0.8108188037,False,-0.1714996949,False,False,False,False,False,False,False,False,False,True,False,False,False,False,False,False,False,False,False,False,False,False,False,False,False,True,False,False,False,0.7071067812,-0.7071067812,-0.4338837391,-0.9009688679,0.8660254038,-0.5
2024-05-17 10:00:00,2.2339975600389437,1.0721121686,0.9118195972,0.7544484022,-0.784663861,-0.7896907479,1.4274972967,-0.8108188037,False,-0.1714996949,False,False,False,False,False,False,False,False,False,True,False,False,False,False,False,False,False,False,False,False,False,False,False,False,False,False,True,False,False,0.5,-0.8660254038,-0.4338837391,-0.9009688679,0.8660254038,-0.5
2024-05-17 11:00:00,2.6394717829948635,1.2484927866,0.9118195972,1.0059694426,-0.8875679039,-1.1081817969,1.6945461755,-0.8108188037,False,-0.1714996949,False,False,False,False,False,False,False,False,False,True,False,False,False,False,False,False,False,False,False,False,False,False,False,False,False,False,True,False,False,0.2588190451,-0.9659258263,-0.4338837391,-0.9009688679,0.8660254038,-0.5
2024-05-17 12:00:00,2.909787931632143,1.4248734046,0.9118195972,0.7544484022,-0.8875679039,-1.290176682,1.6945461755,-0.8108188037,False,-0.1714996949,False,False,False,False,False,False,False,False,False,True,False,False,False,False,False,False,False,False,False,False,False,False,False,False,False,True,False,False,False,0.0,-1.0,-0.4338837391,-0.9009688679,0.8660254038,-0.5
2024-05-17 13:00:00,2.909787931632143,1.5548380705,0.9118195972,1.0059694426,-0.9904719468,-1.3811741245,1.6945461755,-0.7802602623,False,-0.1714996949,False,False,False,False,False,False,False,False,False,True,False,False,False,False,False,False,False,False,False,False,False,False,False,False,False,True,False,False,False,-0.2588190451,-0.9659258263,-0.4338837391,-0.9009688679,0.8660254038,-0.5
2024-05-17 14:00:00,3.5855783032253425,1.6755195459,0.9118195972,0.2514063215,-1.1962800326,-1.6086677309,1.6945461755,-0.8108188037,False,-0.1714996949,False,False,False,False,False,False,False,False,False,True,False,False,False,False,False,False,False,False,False,False,False,False,True,False,False,False,False,False,False,-0.5,-0.8660254038,-0.4338837391,-0.9009688679,0.8660254038,-0.5
2024-05-17 15:00:00,3.5855783032253425,1.7497850693,0.9118195972,0.2514063215,-1.1962800326,-1.8361613373,1.6945461755,-0.8108188037,False,-0.1714996949,False,False,False,False,False,False,False,False,False,True,False,False,False,False,False,False,False,False,False,False,False,False,True,False,False,False,False,False,False,-0.7071067812,-0.7071067812,-0.4338837391,-0.9009688679,0.8660254038,-0.5
2024-05-17 16:00:00,3.4504202289067027,1.7962010214,0.9118195972,0.7544484022,-1.2991840755,-1.9271587799,1.6945461755,-0.6580260967,False,-0.1714996949,False,False,False,False,False,False,False,False,False,True,False,False,False,False,False,False,False,False,True,False,False,False,False,False,False,False,False,False,False,-0.8660254038,-0.5,-0.4338837391,-0.9009688679,0.8660254038,-0.5
2024-05-17 17:00:00,3.7207363775439823,1.7776346406,0.9118195972,0.2514063215,-1.4020881184,-1.790662616,1.6945461755,-0.6580260967,False,-0.1714996949,False,False,False,False,False,False,False,False,False,True,False,False,False,False,False,False,False,False,False,False,True,False,False,False,False,False,False,False,False,-0.9659258263,-0.2588190451,-0.4338837391,-0.9009688679,0.8660254038,-0.5
2024-05-17 18:00:00,2.909787931632143,1.6476699747,0.9118195972,1.0059694426,-1.4020881184,-1.5631690097,1.6945461755,-0.6580260967,False,-0.1714996949,False,False,False,False,False,False,False,False,False,True,False,False,False,False,False,False,False,False,False,False,True,False,False,False,False,False,False,False,False,-1.0,-0.0,-0.4338837391,-0.9009688679,0.8660254038,-0.5
2024-05-17 19:00:00,2.0988394857203034,1.3970238333,0.9118195972,0.2514063215,-1.2991840755,-1.2446779607,1.6945461755,-0.8108188037,False,-0.1714996949,False,False,False,False,False,False,False,False,False,True,False,False,False,False,False,False,False,False,False,False,True,False,False,False,False,False,False,False,False,-0.9659258263,0.2588190451,-0.4338837391,-0.9009688679,0.8660254038,-0.5
2024-05-17 20:00:00,1.4230491141271042,1.1185281207,-0.4901190191,-0.0001147188,-1.2991840755,-0.971685633,1.6945461755,-0.2302065171,False,-0.1714996949,False,False,False,False,False,False,False,False,False,True,False,False,False,False,False,False,False,False,True,False,False,False,False,False,False,False,False,False,False,-0.8660254038,0.5,-0.4338837391,-0.9009688679,0.8660254038,-0.5
2024-05-17 21:00:00,1.4230491141271042,1.0256962165,-0.4901190191,-0.2516357592,-1.1962800326,-0.7441920267,1.6945461755,-0.1079723515,False,-0.1714996949,False,False,False,False,False,False,False,False,False,True,False,False,False,False,False,False,False,False,False,False,True,False,False,False,False,False,False,False,False,-0.7071067812,0.7071067812,-0.4338837391,-0.9009688679,0.8660254038,-0.5
2024-05-17 22:00:00,0.7472587425339047,0.9235811219,-1.8920576355,-1.0061988802,-1.0933759897,-0.6076958628,0.9824158321,-0.1079723515,False,-0.1714996949,False,False,False,False,False,False,False,False,False,True,False,False,False,False,False,False,False,False,False,False,False,False,False,False,False,False,False,True,False,-0.5,0.8660254038,-0.4338837391,-0.9009688679,0.8660254038,-0.5
2024-05-17 23:00:00,-0.6043220006524941,1.0906785494,0.9118195972,0.2514063215,-1.0933759897,-0.8806881905,1.0491780518,-0.1079723515,False,-0.1714996949,False,False,False,False,False,False,False,False,False,True,False,False,False,False,False,False,False,False,False,True,False,False,False,False,False,False,False,False,False,-0.2588190451,0.9659258263,-0.4338837391,-0.9009688679,0.8660254038,-0.5
2024-05-18 00:00:00,-1.0097962236084137,0.8864483602,-0.4901190191,-0.7546778399,-1.0933759897,-0.5166984203,1.6945461755,-0.6885846381,False,-0.1714996949,False,False,False,False,False,False,False,False,False,True,False,False,False,False,False,False,False,False,True,False,False,False,False,False,False,False,False,False,True,0.0,1.0,-0.9749279122,-0.222520934,0.8660254038,-0.5
2024-05-18 01:00:00,-0.8746381492897739,0.7472005039,-0.4901190191,-0.5031567995,-1.0933759897,-0.15270865,0.6263506605,0.7171082664,False,-0.1714996949,False,False,True,False,False,False,False,False,False,False,False,False,False,False,False,False,False,False,True,False,False,False,False,False,False,False,False,False,True,0.2588190451,0.9659258263,-0.9749279122,-0.222520934,0.8660254038,-0.5
2024-05-18 02:00:00,-0.8746381492897739,0.5986694571,-0.4901190191,-0.2516357592,-1.0933759897,-0.15270865,1.0491780518,0.6254326422,False,-0.1714996949,False,False,True,False,False,False,False,False,False,False,False,False,False,False,False,False,False,False,True,False,False,False,False,False,False,False,False,False,True,0.5,0.8660254038,-0.9749279122,-0.222520934,0.8660254038,-0.5
2024-05-18 03:00:00,-1.0097962236084137,0.5336871242,-0.4901190191,-0.2516357592,-1.0933759897,0.0292862351,1.015796942,0.992135139,False,-0.1714996949,False,False,True,False,False,False,False,False,False,False,False,False,False,False,False,False,False,False,True,False,False,False,False,False,False,False,False,False,True,0.7071067812,0.7071067812,-0.9749279122,-0.222520934,0.8660254038,-0.5
2024-05-18 04:00:00,-0.8746381492897739,0.4501384104,-0.4901190191,-1.0061988802,-1.0933759897,0.1657823989,0.7487480632,0.2587301454,False,-0.1714996949,False,False,True,False,False,False,False,False,False,False,False,False,False,False,False,False,False,False,True,False,False,False,False,False,False,False,False,False,True,0.8660254038,0.5,-0.9749279122,-0.222520934,0.8660254038,-0.5
2024-05-18 05:00:00,-1.0097962236084137,0.375872887,-0.4901190191,-0.2516357592,-1.0933759897,0.1202836776,1.1938295278,-0.0774138101,False,-0.1714996949,False,False,False,False,False,False,False,False,False,True,False,False,False,False,False,False,False,False,False,False,True,False,False,False,False,False,False,False,True,0.9659258263,0.2588190451,-0.9749279122,-0.222520934,0.8660254038,-0.5
2024-05-18 06:00:00,-0.8746381492897739,0.4594216008,-0.4901190191,-0.0001147188,-0.9904719468,-0.1982073713,0.9156536125,-0.5663504725,False,-0.1714996949,False,False,False,False,False,False,False,False,False,True,False,False,False,False,False,False,False,False,True,False,False,False,False,False,False,False,False,False,True,1.0,0.0,-0.9749279122,-0.222520934,0.8660254038,-0.5
2024-05-18 07:00:00,-0.8746381492897739,0.4872711721,0.9118195972,0.2514063215,-0.9904719468,-0.2892048139,0.5929695506,-0.8108188037,False,-0.1714996949,False,False,False,False,False,False,False,False,False,True,False,False,False,False,False,False,False,False,True,False,False,False,False,False,False,False,False,False,True,0.9659258263,-0.2588190451,-0.9749279122,-0.222520934,0.8660254038,-0.5
2024-05-18 08:00:00,-0.739480074971134,0.7472005039,0.9118195972,0.5029273619,-0.8875679039,-0.6986933054,0.9935428688,-0.8108188037,False,-0.1714996949,False,False,False,False,False,False,False,False,False,True,False,False,False,False,False,False,False,False,True,False,False,False,False,False,False,False,False,False,True,0.8660254038,-0.5,-0.9749279122,-0.222520934,0.8660254038,-0.5
2024-05-18 09:00:00,0.0714683709407053,0.9142979314,0.9118195972,0.2514063215,-0.8875679039,-0.7441920267,1.2272106377,-0.8108188037,False,-0.1714996949,False,False,False,False,False,False,False,False,False,True,False,False,False,False,False,False,False,False,True,False,False,False,False,False,False,False,False,False,True,0.7071067812,-0.7071067812,-0.9749279122,-0.222520934,0.8660254038,-0.5
2024-05-18 10:00:00,1.0175748911711844,1.0628289782,0.9118195972,0.7544484022,-0.8875679039,-0.8351894692,0.8933995392,-0.8108188037,False,-0.1714996949,False,False,False,False,False,False,False,False,False,True,False,False,False,False,False,False,False,False,True,False,False,False,False,False,False,False,False,False,True,0.5,-0.8660254038,-0.9749279122,-0.222520934,0.8660254038,-0.5
2024-05-18 11:00:00,1.4230491141271042,1.2484927866,0.9118195972,1.0059694426,-0.9904719468,-1.0626830756,1.1827024912,-0.7191431795,False,-0.1714996949,False,False,False,False,False,False,False,False,False,True,False,False,False,False,False,False,False,False,False,False,False,True,False,False,False,False,False,False,True,0.2588190451,-0.9659258263,-0.9749279122,-0.222520934,0.8660254038,-0.5
2024-05-18 12:00:00,1.558207188445744,1.4155902142,0.9118195972,1.0059694426,-0.9904719468,-1.2446779607,1.6055298826,0.4726399352,False,-0.1714996949,False,False,True,False,False,False,False,False,False,False,False,False,False,False,False,False,False,False,True,False,False,False,False,False,False,False,False,False,True,0.0,-1.0,-0.9749279122,-0.222520934,0.8660254038,-0.5
2024-05-18 13:00:00,1.558207188445744,1.5641212609,0.9118195972,0.7544484022,-1.0933759897,-1.290176682,1.5832758093,0.7782253492,False,-0.1714996949,False,False,True,False,False,False,False,False,False,False,False,False,False,False,False,False,False,False,False,False,True,False,False,False,False,False,False,False,True,-0.2588190451,-0.9659258263,-0.9749279122,-0.222520934,0.8660254038,-0.5
2024-05-18 14:00:00,2.5043137086762233,1.5362716896,0.9118195972,1.5090115233,-1.1962800326,-1.1536805182,1.6945461755,0.992135139,False,-0.1714996949,False,False,True,False,False,False,False,False,False,False,False,False,False,False,False,False,False,False,False,False,True,False,False,False,False,False,False,False,True,-0.5,-0.8660254038,-0.9749279122,-0.222520934,0.8660254038,-0.5
2024-05-18 15:00:00,2.5043137086762233,1.5177053088,0.9118195972,1.0059694426,-1.1962800326,-1.2446779607,1.6945461755,0.7782253492,False,-0.1714996949,False,False,True,False,False,False,False,False,False,False,False,False,False,False,False,False,False,False,False,False,True,False,False,False,False,False,False,False,True,-0.7071067812,-0.7071067812,-0.9749279122,-0.222520934,0.8660254038,-0.5
2024-05-18 16:00:00,2.7746298573135033,1.5177053088,0.9118195972,0.5029273619,-1.2991840755,-1.1991792394,1.6945461755,-0.4135577655,False,-0.1714996949,False,False,False,False,False,False,False,False,False,True,False,False,False,False,False,False,False,False,True,False,False,False,False,False,False,False,False,False,True,-0.8660254038,-0.5,-0.9749279122,-0.222520934,0.8660254038,-0.5
2024-05-18 17:00:00,2.6394717829948635,1.6476699747,0.9118195972,1.0059694426,-1.2991840755,-1.790662616,1.6945461755,-0.0774138101,False,-0.1714996949,False,False,False,False,False,False,False,False,False,True,False,False,False,False,False,False,False,False,False,True,False,False,False,False,False,False,False,False,True,-0.9659258263,-0.2588190451,-0.9749279122,-0.222520934,0.8660254038,-0.5
2024-05-18 18:00:00,2.6394717829948635,1.5734044513,0.9118195972,0.5029273619,-1.2991840755,-1.6086677309,1.6945461755,0.0753788969,False,-0.1714996949,False,False,False,False,False,False,False,False,False,True,False,False,False,False,False,False,False,False,False,False,True,False,False,False,False,False,False,False,True,-1.0,-0.0,-0.9749279122,-0.222520934,0.8660254038,-0.5
2024-05-18 19:00:00,2.0988394857203034,1.4248734046,0.9118195972,0.2514063215,-1.2991840755,-1.4721715671,1.6945461755,0.1976130626,False,-0.1714996949,False,False,True,False,False,False,False,False,False,False,False,False,False,False,False,False,False,False,False,False,True,False,False,False,False,False,False,False,True,-0.9659258263,0.2588190451,-0.9749279122,-0.222520934,0.8660254038,-0.5
2024-05-18 20:00:00,2.0988394857203034,1.2949087387,0.9118195972,0.2514063215,-1.1962800326,-1.1991792394,1.6945461755,-0.2607650585,False,-0.1714996949,False,False,False,False,False,False,False,False,False,True,False,False,False,False,False,False,False,False,False,False,True,False,False,False,False,False,False,False,True,-0.8660254038,0.5,-0.9749279122,-0.222520934,0.8660254038,-0.5
2024-05-18 21:00:00,1.8285233370830238,1.1927936441,0.9118195972,0.5029273619,-1.1962800326,-1.1536805182,1.6945461755,1.6949815913,False,-0.1714996949,False,False,True,False,False,False,False,False,False,False,False,False,False,False,False,False,False,False,False,True,False,False,False,False,False,False,False,False,True,-0.7071067812,0.7071067812,-0.9749279122,-0.222520934,0.8660254038,-0.5
2024-05-18 22:00:00,1.558207188445744,1.2206432153,0.9118195972,1.2574904829,-1.0933759897,-1.3356754033,1.6945461755,0.4726399352,False,-0.1714996949,False,False,True,False,False,False,False,False,False,False,False,False,False,False,False,False,False,False,False,True,False,False,False,False,False,False,False,False,True,-0.5,0.8660254038,-0.9749279122,-0.222520934,0.8660254038,-0.5
2024-05-18 23:00:00,-0.46916392633385423,1.146377692,0.9118195972,0.7544484022,-1.0933759897,-1.2446779607,1.6945461755,2.0922426295,False,-0.1714996949,False,False,False,False,False,False,False,False,False,False,False,False,False,False,True,False,False,False,False,False,False,False,True,False,False,False,False,False,True,-0.2588190451,0.9659258263,-0.9749279122,-0.222520934,0.8660254038,-0.5
2024-05-19 00:00:00,-0.8746381492897739,1.1092449303,2.3137582136,2.2635746443,-0.9904719468,-1.2446779607,1.6945461755,-0.5357919311,False,-0.1714996949,False,False,False,False,False,False,False,False,False,True,False,False,False,False,False,False,False,False,False,False,False,False,True,False,False,False,False,False,True,0.0,1.0,-0.7818314825,0.6234898019,0.8660254038,-0.5
2024-05-19 01:00:00,-0.8746381492897739,1.0442625973,0.9118195972,1.5090115233,-0.9904719468,-1.1991792394,1.6945461755,-0.5052333897,False,-0.1714996949,False,False,False,False,False,False,False,False,False,True,False,False,False,False,False,False,False,False,False,False,False,False,True,False,False,False,False,False,True,0.2588190451,0.9659258263,-0.7818314825,0.6234898019,0.8660254038,-0.5
2024-05-19 02:00:00,-0.8746381492897739,0.9421475027,0.9118195972,0.5029273619,-0.9904719468,-1.1081817969,1.6945461755,-0.4135577655,False,-0.1714996949,False,False,False,False,False,False,False,False,False,True,False,False,False,False,False,False,False,False,False,False,False,False,False,False,False,True,False,False,True,0.5,0.8660254038,-0.7818314825,0.6234898019,0.8660254038,-0.5
2024-05-19 03:00:00,-0.8746381492897739,0.9235811219,2.3137582136,2.012053604,-1.0933759897,-1.1081817969,1.6945461755,-0.3829992241,False,-0.1714996949,False,False,False,False,False,False,False,False,False,True,False,False,False,False,False,False,False,False,False,False,False,False,True,False,False,False,False,False,True,0.7071067812,0.7071067812,-0.7818314825,0.6234898019,0.8660254038,-0.5
2024-05-19 04:00:00,-0.8746381492897739,0.8957315506,2.3137582136,3.0181377653,-1.0933759897,-1.0171843543,1.6945461755,-0.2302065171,False,-0.1714996949,False,False,False,False,False,False,False,False,False,True,False,False,False,False,False,False,False,False,False,False,False,False,True,False,False,False,False,False,True,0.8660254038,0.5,-0.7818314825,0.6234898019,0.8660254038,-0.5
2024-05-19 05:00:00,-0.8746381492897739,0.8121828368,0.9118195972,0.5029273619,-0.9904719468,-0.8806881905,1.6945461755,1.0532522218,False,-0.1714996949,False,False,True,False,False,False,False,False,False,False,False,False,False,False,False,False,False,False,False,False,False,False,True,False,False,False,False,False,True,0.9659258263,0.2588190451,-0.7818314825,0.6234898019,0.8660254038,-0.5
2024-05-19 06:00:00,-0.8746381492897739,0.7750500751,0.9118195972,0.2514063215,-0.9904719468,-0.8351894692,1.6945461755,1.2671620117,False,-0.1714996949,False,False,True,False,False,False,False,False,False,False,False,False,False,False,False,False,False,False,False,False,False,False,False,False,False,True,False,False,True,1.0,0.0,-0.7818314825,0.6234898019,0.8660254038,-0.5
2024-05-19 07:00:00,-0.8746381492897739,0.7379173134,0.9118195972,0.2514063215,-0.8875679039,-0.6076958628,1.6945461755,1.4199547187,False,-0.1714996949,False,False,True,False,False,False,False,False,False,False,False,False,False,False,False,False,False,False,False,False,False,False,False,False,False,True,False,False,True,0.9659258263,-0.2588190451,-0.7818314825,0.6234898019,0.8660254038,-0.5
2024-05-19 08:00:00,-0.8746381492897739,0.8214660272,-0.4901190191,-0.0001147188,-0.784663861,-0.7896907479,1.6945461755,-0.1079723515,False,-0.1714996949,False,False,False,False,False,False,False,False,False,True,False,False,False,False,False,False,False,False,False,False,False,False,False,False,False,True,False,False,True,0.8660254038,-0.5,-0.7818314825,0.6234898019,0.8660254038,-0.5
2024-05-19 09:00:00,0.34178451957798506,1.0628289782,0.9118195972,1.5090115233,-0.784663861,-1.1081817969,1.6945461755,-0.1996479757,False,-0.1714996949,False,False,False,False,False,False,False,False,False,True,False,False,False,False,False,False,False,False,False,True,False,False,False,False,False,False,False,False,True,0.7071067812,-0.7071067812,-0.7818314825,0.6234898019,0.8660254038,-0.5
2024-05-19 10:00:00,1.6933652627643838,1.1927936441,0.9118195972,1.2574904829,-0.784663861,-1.3356754033,1.6945461755,0.1059374383,False,-0.1714996949,False,False,True,False,False,False,False,False,False,False,False,False,False,False,False,False,False,False,False,False,False,False,False,False,False,True,False,False,True,0.5,-0.8660254038,-0.7818314825,0.6234898019,0.8660254038,-0.5
2024-05-19 11:00:00,2.0988394857203034,1.2763423578,0.9118195972,1.2574904829,-0.784663861,-1.3811741245,1.6945461755,-0.4441163069,False,-0.1714996949,False,False,False,False,False,False,False,False,False,True,False,False,False,False,False,False,False,False,False,False,False,False,True,False,False,False,False,False,True,0.2588190451,-0.9659258263,-0.7818314825,0.6234898019,0.8660254038,-0.5
2024-05-19 12:00:00,1.6933652627643838,1.1835104536,0.9118195972,1.2574904829,-0.784663861,-1.290176682,1.6945461755,-0.4441163069,False,-0.1714996949,False,False,False,False,False,False,False,False,False,True,False,False,False,False,False,False,False,False,False,False,False,False,False,False,False,False,True,False,True,0.0,-1.0,-0.7818314825,0.6234898019,0.8660254038,-0.5
2024-05-19 13:00:00,1.9636814114016636,1.3691742621,0.9118195972,0.2514063215,-0.8875679039,-1.5176702884,1.6945461755,-0.4746748483,False,-0.1714996949,False,False,False,False,False,False,False,False,False,True,False,False,False,False,False,False,False,False,False,False,False,False,False,False,False,False,True,False,True,-0.2588190451,-0.9659258263,-0.7818314825,0.6234898019,0.8660254038,-0.5
2024-05-19 14:00:00,1.8285233370830238,1.4712893567,0.9118195972,0.2514063215,-0.9904719468,-1.6996651735,1.6945461755,0.4115228524,False,-0.1714996949,False,False,True,False,False,False,False,False,False,False,False,False,False,False,False,False,False,False,False,False,True,False,False,False,False,False,False,False,True,-0.5,-0.8660254038,-0.7818314825,0.6234898019,0.8660254038,-0.5
2024-05-19 15:00:00,2.2339975600389437,1.5177053088,-0.4901190191,-0.0001147188,-0.9904719468,-1.7451638948,1.6945461755,0.5031984766,False,-0.1714996949,False,False,True,False,False,False,False,False,False,False,False,False,False,False,False,False,False,False,False,False,False,False,True,False,False,False,False,False,True,-0.7071067812,-0.7071067812,-0.7818314825,0.6234898019,0.8660254038,-0.5
2024-05-19 16:00:00,2.3691556343575835,1.5548380705,0.9118195972,0.5029273619,-1.0933759897,-1.7451638948,1.6945461755,1.2977205531,False,-0.1714996949,False,False,True,False,False,False,False,False,False,False,False,False,False,False,False,False,False,False,False,False,False,False,False,False,False,False,True,False,True,-0.8660254038,-0.5,-0.7818314825,0.6234898019,0.8660254038,-0.5
2024-05-19 17:00:00,2.2339975600389437,1.4991389279,-0.4901190191,-0.0001147188,-1.0933759897,-1.6996651735,1.6945461755,1.2671620117,False,-0.1714996949,False,False,True,False,False,False,False,False,False,False,False,False,False,False,False,False,False,False,False,False,False,False,False,False,False,False,True,False,True,-0.9659258263,-0.2588190451,-0.7818314825,0.6234898019,0.8660254038,-0.5
2024-05-19 18:00:00,1.9636814114016636,1.5826876417,-0.4901190191,-0.2516357592,-1.0933759897,-1.7451638948,1.6945461755,-0.3829992241,False,-0.1714996949,False,False,False,False,False,False,False,False,False,True,False,False,False,False,False,False,False,False,False,False,False,False,False,False,False,False,True,False,True,-1.0,-0.0,-0.7818314825,0.6234898019,0.8660254038,-0.5
2024-05-19 19:00:00,1.9636814114016636,1.3877406429,-0.4901190191,-0.0001147188,-1.0933759897,-1.4721715671,1.6945461755,-0.4746748483,False,-0.1714996949,False,False,False,False,False,False,False,False,False,True,False,False,False,False,False,False,False,False,False,False,True,False,False,False,False,False,False,False,True,-0.9659258263,0.2588190451,-0.7818314825,0.6234898019,0.8660254038,-0.5
2024-05-19 20:00:00,1.8285233370830238,1.2113600249,-0.4901190191,-0.2516357592,-0.9904719468,-1.2446779607,1.6945461755,-0.5357919311,False,-0.1714996949,False,False,False,False,False,False,False,False,False,True,False,False,False,False,False,False,False,False,False,True,False,False,False,False,False,False,False,False,True,-0.8660254038,0.5,-0.7818314825,0.6234898019,0.8660254038,-0.5
2024-05-19 21:00:00,1.8285233370830238,1.1092449303,-0.4901190191,-0.0001147188,-0.8875679039,-0.9261869118,1.6945461755,-0.7191431795,False,-0.1714996949,False,False,False,False,False,False,False,False,False,True,False,False,False,False,False,False,False,False,False,False,False,False,True,False,False,False,False,False,True,-0.7071067812,0.7071067812,-0.7818314825,0.6234898019,0.8660254038,-0.5
2024-05-19 22:00:00,1.4230491141271042,1.0906785494,0.9118195972,0.5029273619,-0.8875679039,-0.7896907479,1.6945461755,-0.2607650585,False,-0.1714996949,False,False,False,False,False,False,False,False,False,True,False,False,False,False,False,False,False,False,False,True,False,False,False,False,False,False,False,False,True,-0.5,0.8660254038,-0.7818314825,0.6234898019,0.8660254038,-0.5
2024-05-19 23:00:00,-0.3340058520152144,0.9885634548,0.9118195972,0.2514063215,-0.784663861,-0.7441920267,1.6945461755,-0.2913235999,False,-0.1714996949,False,False,False,False,False,False,False,False,False,True,False,False,False,False,False,False,False,False,False,False,False,False,True,False,False,False,False,False,True,-0.2588190451,0.9659258263,-0.7818314825,0.6234898019,0.8660254038,-0.5
2024-05-20 00:00:00,-0.8746381492897739,0.969997074,0.9118195972,1.2574904829,-0.784663861,-0.7441920267,1.6945461755,-0.2302065171,False,-0.1714996949,False,False,False,False,False,False,False,False,False,True,False,False,False,False,False,False,False,False,False,False,False,False,True,False,False,False,False,False,False,0.0,1.0,0.0,1.0,0.8660254038,-0.5
2024-05-20 01:00:00,-0.739480074971134,0.9142979314,0.9118195972,0.5029273619,-0.784663861,-0.7441920267,1.6945461755,0.4420813938,False,-0.1714996949,False,False,True,False,False,False,False,False,False,False,False,False,False,False,False,False,False,False,False,False,False,False,True,False,False,False,False,False,False,0.2588190451,0.9659258263,0.0,1.0,0.8660254038,-0.5
2024-05-20 02:00:00,-0.739480074971134,0.8864483602,0.9118195972,0.2514063215,-0.784663861,-0.971685633,1.6945461755,0.1670545211,False,-0.1714996949,False,False,True,False,False,False,False,False,False,False,False,False,False,False,False,False,False,False,False,True,False,False,False,False,False,False,False,False,False,0.5,0.8660254038,0.0,1.0,0.8660254038,-0.5
2024-05-20 03:00:00,-0.739480074971134,0.8493155985,0.9118195972,1.0059694426,-0.784663861,-1.0171843543,1.6945461755,-0.4441163069,False,-0.1714996949,False,False,False,False,False,False,False,False,False,True,False,False,False,False,False,False,False,False,False,True,False,False,False,False,False,False,False,False,False,0.7071067812,0.7071067812,0.0,1.0,0.8660254038,-0.5
2024-05-20 04:00:00,-0.8746381492897739,0.728634123,0.9118195972,0.2514063215,-0.784663861,-0.5621971415,1.6945461755,-0.0468552687,False,-0.1714996949,False,False,False,False,False,False,False,False,False,True,False,False,False,False,False,False,False,False,False,True,False,False,False,False,False,False,False,False,False,0.8660254038,0.5,0.0,1.0,0.8660254038,-0.5
2024-05-20 05:00:00,-0.739480074971134,0.5058375529,-0.4901190191,-0.0001147188,-0.6817598181,-0.0162124862,1.3273539672,0.5031984766,False,-0.1714996949,False,False,True,False,False,False,False,False,False,False,False,False,False,False,False,False,False,False,False,False,True,False,False,False,False,False,False,False,False,0.9659258263,0.2588190451,0.0,1.0,0.8660254038,-0.5
2024-05-20 06:00:00,-0.739480074971134,0.5615366954,0.9118195972,0.7544484022,-0.5788557752,-0.3347035351,1.6945461755,-0.4746748483,False,-0.1714996949,False,False,False,False,False,False,False,False,False,True,False,False,False,False,False,False,False,False,True,False,False,False,False,False,False,False,False,False,False,1.0,0.0,0.0,1.0,0.8660254038,-0.5
2024-05-20 07:00:00,-0.739480074971134,0.552253505,0.9118195972,0.2514063215,-0.4759517323,-0.1982073713,1.160448418,-0.3218821413,False,-0.1714996949,False,False,False,False,False,False,False,False,False,True,False,False,False,False,False,False,False,False,False,False,False,True,False,False,False,False,False,False,False,0.9659258263,-0.2588190451,0.0,1.0,0.8660254038,-0.5
2024-05-20 08:00:00,-0.46916392633385423,0.8121828368,0.9118195972,0.5029273619,-0.3730476894,-0.471199699,1.2605917475,-0.0468552687,False,-0.1714996949,False,False,False,False,False,False,False,False,False,True,False,False,False,False,False,False,False,False,True,False,False,False,False,False,False,False,False,False,False,0.8660254038,-0.5,0.0,1.0,0.8660254038,-0.5
2024-05-20 09:00:00,1.8285233370830238,0.9514306931,0.9118195972,0.5029273619,-0.3730476894,-0.471199699,1.6389109924,-0.4746748483,False,-0.1714996949,False,False,False,False,False,False,False,False,False,True,False,False,False,False,False,False,False,False,True,False,False,False,False,False,False,False,False,False,False,0.7071067812,-0.7071067812,0.0,1.0,0.8660254038,-0.5
2024-05-20 10:00:00,1.9636814114016636,1.0906785494,-0.4901190191,-0.0001147188,-0.3730476894,-0.7441920267,1.6945461755,-0.6885846381,False,-0.1714996949,False,False,False,False,False,False,False,False,False,True,False,False,False,False,False,False,False,False,False,False,False,True,False,False,False,False,False,False,False,0.5,-0.8660254038,0.0,1.0,0.8660254038,-0.5
2024-05-20 11:00:00,2.2339975600389437,1.1742272632,0.9118195972,1.0059694426,-0.3730476894,-1.0171843543,1.4052432235,-0.6580260967,False,-0.1714996949,False,False,False,False,False,False,False,False,False,True,False,False,False,False,False,False,False,False,False,False,True,False,False,False,False,False,False,False,False,0.2588190451,-0.9659258263,0.0,1.0,0.8660254038,-0.5
2024-05-20 12:00:00,2.0988394857203034,1.2670591674,0.9118195972,1.0059694426,-0.3730476894,-1.1081817969,1.6389109924,-0.1690894343,False,-0.1714996949,False,False,False,False,False,False,False,False,False,True,False,False,False,False,False,False,False,False,False,False,True,False,False,False,False,False,False,False,False,0.0,-1.0,0.0,1.0,0.8660254038,-0.5
2024-05-20 13:00:00,1.6933652627643838,1.3598910716,0.9118195972,1.0059694426,-0.3730476894,-1.3356754033,1.6945461755,0.4420813938,False,-0.1714996949,False,False,True,False,False,False,False,False,False,False,False,False,False,False,False,False,False,False,True,False,False,False,False,False,False,False,False,False,False,-0.2588190451,-0.9659258263,0.0,1.0,0.8660254038,-0.5
2024-05-20 14:00:00,2.0988394857203034,1.32275831,0.9118195972,1.5090115233,-0.4759517323,-1.1536805182,1.6945461755,0.7782253492,False,-0.1714996949,False,False,True,False,False,False,False,False,False,False,False,False,False,False,False,False,False,False,True,False,False,False,False,False,False,False,False,False,False,-0.5,-0.8660254038,0.0,1.0,0.8660254038,-0.5
2024-05-20 15:00:00,1.9636814114016636,1.3598910716,0.9118195972,1.0059694426,-0.4759517323,-1.2446779607,1.6945461755,0.839342432,False,-0.1714996949,False,False,True,False,False,False,False,False,False,False,False,False,False,False,False,False,False,False,True,False,False,False,False,False,False,False,False,False,False,-0.7071067812,-0.7071067812,0.0,1.0,0.8660254038,-0.5
2024-05-20 16:00:00,2.2339975600389437,1.32275831,2.3137582136,2.2635746443,-0.5788557752,-1.1991792394,1.6945461755,0.7476668078,False,-0.1714996949,False,False,True,False,False,False,False,False,False,False,False,False,False,False,False,False,False,False,False,True,False,False,False,False,False,False,False,False,False,-0.8660254038,-0.5,0.0,1.0,0.8660254038,-0.5
2024-05-20 17:00:00,2.5043137086762233,1.2113600249,2.3137582136,2.2635746443,-0.5788557752,-1.0171843543,1.6945461755,1.2977205531,False,-0.1714996949,False,False,True,False,False,False,False,False,False,False,False,False,False,False,False,False,False,False,False,True,False,False,False,False,False,False,False,False,False,-0.9659258263,-0.2588190451,0.0,1.0,0.8660254038,-0.5
2024-05-20 18:00:00,2.2339975600389437,1.0535457878,0.9118195972,0.2514063215,-0.4759517323,-0.9261869118,1.6945461755,1.7560986741,False,-0.1714996949,False,False,True,False,False,False,False,False,False,False,False,False,False,False,False,False,False,False,False,True,False,False,False,False,False,False,False,False,False,-1.0,-0.0,0.0,1.0,0.8660254038,-0.5
2024-05-20 19:00:00,2.0988394857203034,1.0535457878,0.9118195972,0.7544484022,-0.4759517323,-0.971685633,1.6945461755,1.6338645085,False,-0.1714996949,False,False,True,False,False,False,False,False,False,False,False,False,False,False,False,False,False,False,False,False,True,False,False,False,False,False,False,False,False,-0.9659258263,0.2588190451,0.0,1.0,0.8660254038,-0.5
2024-05-20 20:00:00,1.9636814114016636,1.081395359,0.9118195972,1.0059694426,-0.4759517323,-1.4721715671,1.6945461755,-0.3829992241,False,-0.1714996949,False,False,False,False,False,False,False,False,False,True,False,False,False,False,False,False,False,False,False,True,False,False,False,False,False,False,False,False,False,-0.8660254038,0.5,0.0,1.0,0.8660254038,-0.5
2024-05-20 21:00:00,1.8285233370830238,0.9607138835,-0.4901190191,-0.2516357592,-0.3730476894,-1.2446779607,1.6945461755,-0.3829992241,False,-0.1714996949,False,False,False,False,False,False,False,False,False,True,False,False,False,False,False,False,False,False,False,True,False,False,False,False,False,False,False,False,False,-0.7071067812,0.7071067812,0.0,1.0,0.8660254038,-0.5
2024-05-20 22:00:00,1.6933652627643838,0.9607138835,0.9118195972,1.7605325636,-0.3730476894,-1.1991792394,1.6945461755,-0.3829992241,False,-0.1714996949,False,False,False,False,False,False,False,False,False,True,False,False,False,False,False,False,False,False,False,True,False,False,False,False,False,False,False,False,False,-0.5,0.8660254038,0.0,1.0,0.8660254038,-0.5
2024-05-20 23:00:00,-0.3340058520152144,0.8864483602,0.9118195972,0.2514063215,-0.2701436465,-1.1536805182,1.6945461755,-0.7802602623,False,-0.1714996949,False,False,False,False,False,False,False,False,False,True,False,False,False,False,False,False,False,False,False,True,False,False,False,False,False,False,False,False,False,-0.2588190451,0.9659258263,0.0,1.0,0.8660254038,-0.5
2024-05-21 00:00:00,-0.8746381492897739,0.8214660272,0.9118195972,1.0059694426,-0.2701436465,-1.0626830756,1.6945461755,-0.6885846381,False,-0.1714996949,False,False,False,False,False,False,False,False,False,True,False,False,False,False,False,False,False,False,False,False,False,False,True,False,False,False,False,False,False,0.0,1.0,0.7818314825,0.6234898019,0.8660254038,-0.5
2024-05-21 01:00:00,-1.0097962236084137,0.7657668847,0.9118195972,0.2514063215,-0.2701436465,-0.8806881905,1.6945461755,-0.4441163069,False,-0.1714996949,False,False,False,False,False,False,False,False,False,True,False,False,False,False,False,False,False,False,False,True,False,False,False,False,False,False,False,False,False,0.2588190451,0.9659258263,0.7818314825,0.6234898019,0.8660254038,-0.5
2024-05-21 02:00:00,-0.8746381492897739,0.6729349805,0.9118195972,1.5090115233,-0.2701436465,-0.5621971415,1.6945461755,-0.5357919311,False,-0.1714996949,False,False,False,False,False,False,False,False,False,True,False,False,False,False,False,False,False,False,True,False,False,False,False,False,False,False,False,False,False,0.5,0.8660254038,0.7818314825,0.6234898019,0.8660254038,-0.5
2024-05-21 03:00:00,-0.8746381492897739,0.5244039338,0.9118195972,1.2574904829,-0.3730476894,-0.1982073713,1.6945461755,-0.7802602623,False,-0.1714996949,False,False,False,False,False,False,False,False,False,True,False,False,False,False,False,False,False,False,False,False,True,False,False,False,False,False,False,False,False,0.7071067812,0.7071067812,0.7818314825,0.6234898019,0.8660254038,-0.5
2024-05-21 04:00:00,-0.739480074971134,0.4501384104,2.3137582136,2.012053604,-0.2701436465,0.0292862351,1.5387676629,-0.7497017209,False,-0.1714996949,False,False,False,False,False,False,False,False,False,True,False,False,False,False,False,False,False,False,True,False,False,False,False,False,False,False,False,False,False,0.8660254038,0.5,0.7818314825,0.6234898019,0.8660254038,-0.5
2024-05-21 05:00:00,-0.739480074971134,0.3387401253,2.3137582136,2.012053604,-0.2701436465,0.2567798415,0.9379076857,-0.7802602623,False,-0.1714996949,False,False,False,False,False,False,False,False,False,True,False,False,False,False,False,False,False,False,True,False,False,False,False,False,False,False,False,False,False,0.9659258263,0.2588190451,0.7818314825,0.6234898019,0.8660254038,-0.5
2024-05-21 06:00:00,-0.8746381492897739,0.3201737445,2.3137582136,2.012053604,-0.2701436465,0.4387747266,0.6374776971,-0.8108188037,False,-0.1714996949,False,False,False,False,False,False,False,False,False,True,False,False,False,False,False,False,False,False,True,False,False,False,False,False,False,False,False,False,False,1.0,0.0,0.7818314825,0.6234898019,0.8660254038,-0.5
2024-05-21 07:00:00,-0.739480074971134,0.4222888391,0.9118195972,0.7544484022,-0.1672396036,0.3022785627,0.437191038,-0.8108188037,False,-0.1714996949,False,False,False,False,False,False,False,False,False,True,False,False,False,False,False,False,False,False,False,False,True,False,False,False,False,False,False,False,False,0.9659258263,-0.2588190451,0.7818314825,0.6234898019,0.8660254038,-0.5
2024-05-21 08:00:00,-0.46916392633385423,0.5058375529,2.3137582136,2.5150956847,-0.0643355607,0.1202836776,0.5039532577,-0.8108188037,False,-0.1714996949,False,False,False,False,False,False,False,False,False,True,False,False,False,False,False,False,False,False,False,False,True,False,False,False,False,False,False,False,False,0.8660254038,-0.5,0.7818314825,0.6234898019,0.8660254038,-0.5
2024-05-21 09:00:00,0.34178451957798506,0.6543685997,2.3137582136,3.0181377653,-0.0643355607,-0.0617112075,0.6819858436,-0.8108188037,False,-0.1714996949,False,False,False,False,False,False,False,False,False,True,False,False,False,False,False,False,False,False,False,False,True,False,False,False,False,False,False,False,False,0.7071067812,-0.7071067812,0.7818314825,0.6234898019,0.8660254038,-0.5
2024-05-21 10:00:00,1.1527329654898244,0.8214660272,0.9118195972,1.7605325636,-0.0643355607,-0.2892048139,0.5707154774,-0.8108188037,False,-0.1714996949,False,False,False,False,False,False,False,False,False,True,False,False,False,False,False,False,False,False,False,False,True,False,False,False,False,False,False,False,False,0.5,-0.8660254038,0.7818314825,0.6234898019,0.8660254038,-0.5
2024-05-21 11:00:00,1.9636814114016636,0.8214660272,0.9118195972,1.7605325636,-0.0643355607,-0.2892048139,0.5707154774,-0.8108188037,False,-0.1714996949,False,False,False,False,False,False,False,False,False,True,False,False,False,False,False,False,False,False,False,False,True,False,False,False,False,False,False,False,False,0.2588190451,-0.9659258263,0.7818314825,0.6234898019,0.8660254038,-0.5
2024-05-21 12:00:00,1.9636814114016636,1.1185281207,0.9118195972,0.7544484022,-0.1672396036,-1.1536805182,1.5165135896,-0.8108188037,False,-0.1714996949,False,False,False,False,False,False,False,False,False,True,False,False,False,False,False,False,False,False,False,False,True,False,False,False,False,False,False,False,False,0.0,-1.0,0.7818314825,0.6234898019,0.8660254038,-0.5
2024-05-21 13:00:00,1.9636814114016636,1.2484927866,0.9118195972,0.7544484022,-0.2701436465,-1.1991792394,1.5610217361,-0.8108188037,False,-0.1714996949,False,False,False,False,False,False,False,False,False,True,False,False,False,False,False,False,False,False,False,False,True,False,False,False,False,False,False,False,False,-0.2588190451,-0.9659258263,0.7818314825,0.6234898019,0.8660254038,-0.5
2024-05-21 14:00:00,1.9636814114016636,1.3413246908,0.9118195972,1.2574904829,-0.3730476894,-1.3811741245,1.6945461755,-0.8108188037,False,-0.1714996949,False,False,False,False,False,False,False,False,False,True,False,False,False,False,False,False,False,False,True,False,False,False,False,False,False,False,False,False,False,-0.5,-0.8660254038,0.7818314825,0.6234898019,0.8660254038,-0.5
2024-05-21 15:00:00,2.5043137086762233,1.3784574525,2.3137582136,1.7605325636,-0.4759517323,-1.4721715671,1.6945461755,-0.8108188037,False,-0.1714996949,False,False,False,False,False,False,False,False,False,True,False,False,False,False,False,False,False,False,False,False,True,False,False,False,False,False,False,False,False,-0.7071067812,-0.7071067812,0.7818314825,0.6234898019,0.8660254038,-0.5
2024-05-21 16:00:00,2.909787931632143,1.4155902142,2.3137582136,1.7605325636,-0.5788557752,-1.7451638948,1.6945461755,-0.8108188037,False,-0.1714996949,False,False,False,False,False,False,False,False,False,True,False,False,False,False,False,False,False,False,True,False,False,False,False,False,False,False,False,False,False,-0.8660254038,-0.5,0.7818314825,0.6234898019,0.8660254038,-0.5
2024-05-21 17:00:00,3.3152621545880625,1.3970238333,2.3137582136,2.2635746443,-0.5788557752,-1.6541664522,1.6945461755,-0.8108188037,False,-0.1714996949,False,False,False,False,False,False,False,False,False,True,False,False,False,False,False,False,False,False,False,False,True,False,False,False,False,False,False,False,False,-0.9659258263,-0.2588190451,0.7818314825,0.6234898019,0.8660254038,-0.5
2024-05-21 18:00:00,3.1801040802694227,1.3134751195,2.3137582136,2.766616725,-0.5788557752,-1.6086677309,1.6945461755,-0.8108188037,False,-0.1714996949,False,False,False,False,False,False,False,False,False,True,False,False,False,False,False,False,False,False,False,False,True,False,False,False,False,False,False,False,False,-1.0,-0.0,0.7818314825,0.6234898019,0.8660254038,-0.5
2024-05-21 19:00:00,2.0988394857203034,1.2299264057,2.3137582136,2.012053604,-0.5788557752,-1.3356754033,1.6945461755,-0.8108188037,False,-0.1714996949,False,False,False,False,False,False,False,False,False,True,False,False,False,False,False,False,False,False,False,False,True,False,False,False,False,False,False,False,False,-0.9659258263,0.2588190451,0.7818314825,0.6234898019,0.8660254038,-0.5
2024-05-21 20:00:00,2.2339975600389437,1.0999617399,0.9118195972,0.7544484022,-0.5788557752,-1.1991792394,1.6945461755,-0.8108188037,False,-0.1714996949,False,False,False,False,False,False,False,False,False,True,False,False,False,False,False,False,False,False,False,False,True,False,False,False,False,False,False,False,False,-0.8660254038,0.5,0.7818314825,0.6234898019,0.8660254038,-0.5
2024-05-21 21:00:00,2.2339975600389437,0.9792802644,0.9118195972,0.7544484022,-0.4759517323,-1.0626830756,1.6945461755,-0.8108188037,False,-0.1714996949,False,False,False,False,False,False,False,False,False,True,False,False,False,False,False,False,False,False,False,False,True,False,False,False,False,False,False,False,False,-0.7071067812,0.7071067812,0.7818314825,0.6234898019,0.8660254038,-0.5
2024-05-21 22:00:00,1.1527329654898244,0.8864483602,-0.4901190191,-0.5031567995,-0.4759517323,-0.971685633,1.360735077,-0.8108188037,False,-0.1714996949,False,False,False,False,False,False,False,False,False,True,False,False,False,False,False,False,False,False,False,False,True,False,False,False,False,False,False,False,False,-0.5,0.8660254038,0.7818314825,0.6234898019,0.8660254038,-0.5
2024-05-21 23:00:00,-0.739480074971134,0.9142979314,0.9118195972,0.2514063215,-0.3730476894,-1.1536805182,1.6945461755,-0.8108188037,False,-0.1714996949,False,False,False,False,False,False,False,False,False,True,False,False,False,False,False,False,False,False,False,True,False,False,False,False,False,False,False,False,False,-0.2588190451,0.9659258263,0.7818314825,0.6234898019,0.8660254038,-0.5
2024-05-22 00:00:00,-0.8746381492897739,0.8307492177,0.9118195972,0.2514063215,-0.3730476894,-1.0171843543,1.6945461755,-0.8108188037,False,-0.1714996949,False,False,False,False,False,False,False,False,False,True,False,False,False,False,False,False,False,False,False,False,True,False,False,False,False,False,False,False,False,0.0,1.0,0.9749279122,-0.222520934,0.8660254038,-0.5
2024-05-22 01:00:00,-1.0097962236084137,0.6729349805,0.9118195972,0.7544484022,-0.3730476894,-0.7896907479,1.6945461755,-0.7802602623,False,-0.1714996949,False,False,False,False,False,False,False,False,False,True,False,False,False,False,False,False,False,False,True,False,False,False,False,False,False,False,False,False,False,0.2588190451,0.9659258263,0.9749279122,-0.222520934,0.8660254038,-0.5
2024-05-22 02:00:00,-0.8746381492897739,0.5615366954,0.9118195972,1.0059694426,-0.3730476894,-0.6076958628,1.6834191389,-0.8108188037,False,-0.1714996949,False,False,False,False,False,False,False,False,False,True,False,False,False,False,False,False,False,False,True,False,False,False,False,False,False,False,False,False,False,0.5,0.8660254038,0.9749279122,-0.222520934,0.8660254038,-0.5
2024-05-22 03:00:00,-0.8746381492897739,0.4872711721,0.9118195972,1.0059694426,-0.4759517323,-0.471199699,1.6945461755,-0.8108188037,False,-0.1714996949,False,False,False,False,False,False,False,False,False,True,False,False,False,False,False,False,False,False,True,False,False,False,False,False,False,False,False,False,False,0.7071067812,0.7071067812,0.9749279122,-0.222520934,0.8660254038,-0.5
2024-05-22 04:00:00,-1.0097962236084137,0.3201737445,-0.4901190191,-0.0001147188,-0.4759517323,-0.3347035351,1.44975137,-0.8108188037,False,-0.1714996949,False,False,False,False,False,False,False,False,False,True,False,False,False,False,False,False,False,False,True,False,False,False,False,False,False,False,False,False,False,0.8660254038,0.5,0.9749279122,-0.222520934,0.8660254038,-0.5
2024-05-22 05:00:00,-0.8746381492897739,0.2459082211,-0.4901190191,-0.2516357592,-0.3730476894,-0.3347035351,1.6945461755,-0.8108188037,False,-0.1714996949,False,False,False,False,False,False,False,False,False,True,False,False,False,False,False,False,False,False,True,False,False,False,False,False,False,False,False,False,False,0.9659258263,0.2588190451,0.9749279122,-0.222520934,0.8660254038,-0.5
2024-05-22 06:00:00,-0.8746381492897739,0.1716426978,-0.4901190191,-0.7546778399,-0.3730476894,-0.1072099288,1.6945461755,-0.8108188037,False,-0.1714996949,False,False,False,False,False,False,False,False,False,True,False,False,False,False,False,False,False,False,False,False,False,True,False,False,False,False,False,False,False,1.0,0.0,0.9749279122,-0.222520934,0.8660254038,-0.5
2024-05-22 07:00:00,-1.0097962236084137,0.375872887,-0.4901190191,-0.7546778399,-0.3730476894,-0.2892048139,1.3496080404,-0.8108188037,False,-0.1714996949,False,False,False,False,False,False,False,False,False,True,False,False,False,False,False,False,False,False,True,False,False,False,False,False,False,False,False,False,False,0.9659258263,-0.2588190451,0.9749279122,-0.222520934,0.8660254038,-0.5
2024-05-22 08:00:00,-0.3340058520152144,0.5893862667,0.9118195972,1.2574904829,-0.3730476894,-0.6531945841,0.9267806491,-0.8108188037,False,-0.1714996949,False,False,False,False,False,False,False,False,False,True,False,False,False,False,False,False,False,False,False,False,True,False,False,False,False,False,False,False,False,0.8660254038,-0.5,0.9749279122,-0.222520934,0.8660254038,-0.5
2024-05-22 09:00:00,1.4230491141271042,0.6915013613,2.3137582136,2.5150956847,-0.3730476894,-0.7441920267,0.9267806491,-0.8108188037,False,-0.1714996949,False,False,False,False,False,False,False,False,False,True,False,False,False,False,False,False,False,False,False,False,True,False,False,False,False,False,False,False,False,0.7071067812,-0.7071067812,0.9749279122,-0.222520934,0.8660254038,-0.5
2024-05-22 10:00:00,1.9636814114016636,0.8864483602,0.9118195972,1.5090115233,-0.3730476894,-0.9261869118,1.0269239786,-0.8108188037,False,-0.1714996949,False,False,False,False,False,False,False,False,False,True,False,False,False,False,False,False,False,False,False,False,True,False,False,False,False,False,False,False,False,0.5,-0.8660254038,0.9749279122,-0.222520934,0.8660254038,-0.5
2024-05-22 11:00:00,2.2339975600389437,1.081395359,0.9118195972,1.2574904829,-0.3730476894,-1.2446779607,1.6166569192,-0.8108188037,False,-0.1714996949,False,False,False,False,False,False,False,False,False,True,False,False,False,False,False,False,False,False,False,False,True,False,False,False,False,False,False,False,False,0.2588190451,-0.9659258263,0.9749279122,-0.222520934,0.8660254038,-0.5
2024-05-22 12:00:00,2.3691556343575835,1.1835104536,0.9118195972,0.7544484022,-0.4759517323,-1.290176682,1.1493213814,-0.8108188037,False,-0.1714996949,False,False,False,False,False,False,False,False,False,True,False,False,False,False,False,False,False,False,True,False,False,False,False,False,False,False,False,False,False,0.0,-1.0,0.9749279122,-0.222520934,0.8660254038,-0.5
2024-05-22 13:00:00,1.9636814114016636,1.3134751195,0.9118195972,1.5090115233,-0.5788557752,-1.6086677309,1.6945461755,-0.8108188037,False,-0.1714996949,False,False,False,False,False,False,False,False,False,True,False,False,False,False,False,False,False,False,False,False,True,False,False,False,False,False,False,False,False,-0.2588190451,-0.9659258263,0.9749279122,-0.222520934,0.8660254038,-0.5
2024-05-22 14:00:00,2.3691556343575835,1.4063070237,0.9118195972,1.2574904829,-0.6817598181,-1.6541664522,1.6945461755,-0.8108188037,False,-0.1714996949,False,False,False,False,False,False,False,False,False,True,False,False,False,False,False,False,False,False,False,False,True,False,False,False,False,False,False,False,False,-0.5,-0.8660254038,0.9749279122,-0.222520934,0.8660254038,-0.5
2024-05-22 15:00:00,2.6394717829948635,1.4527229758,0.9118195972,1.0059694426,-0.784663861,-1.6541664522,1.6945461755,-0.7497017209,False,-0.1714996949,False,False,False,False,False,False,False,False,False,True,False,False,False,False,False,False,False,False,True,False,False,False,False,False,False,False,False,False,False,-0.7071067812,-0.7071067812,0.9749279122,-0.222520934,0.8660254038,-0.5
2024-05-22 16:00:00,2.5043137086762233,1.4527229758,0.9118195972,1.2574904829,-0.8875679039,-1.6541664522,1.6945461755,-0.3524406827,False,-0.1714996949,False,False,False,False,False,False,False,False,False,True,False,False,False,False,False,False,False,False,False,False,True,False,False,False,False,False,False,False,False,-0.8660254038,-0.5,0.9749279122,-0.222520934,0.8660254038,-0.5
2024-05-22 17:00:00,3.044946005950783,1.4434397854,0.9118195972,1.5090115233,-0.8875679039,-1.6541664522,1.6945461755,-0.6580260967,False,-0.1714996949,False,False,False,False,False,False,False,False,False,True,False,False,False,False,False,False,False,False,False,False,True,False,False,False,False,False,False,False,False,-0.9659258263,-0.2588190451,0.9749279122,-0.222520934,0.8660254038,-0.5
2024-05-22 18:00:00,2.7746298573135033,1.3970238333,2.3137582136,2.2635746443,-0.9904719468,-1.6086677309,1.6945461755,0.4726399352,False,-0.1714996949,False,False,True,False,False,False,False,False,False,False,False,False,False,False,False,False,False,False,False,False,True,False,False,False,False,False,False,False,False,-1.0,-0.0,0.9749279122,-0.222520934,0.8660254038,-0.5
2024-05-22 19:00:00,2.3691556343575835,1.2949087387,0.9118195972,1.7605325636,-0.9904719468,-1.4721715671,1.6945461755,-0.7497017209,False,-0.1714996949,False,False,False,False,False,False,False,False,False,True,False,False,False,False,False,False,False,False,True,False,False,False,False,False,False,False,False,False,False,-0.9659258263,0.2588190451,0.9749279122,-0.222520934,0.8660254038,-0.5
2024-05-22 20:00:00,1.9636814114016636,1.1742272632,0.9118195972,1.2574904829,-0.8875679039,-1.290176682,1.6945461755,-0.8108188037,False,-0.1714996949,False,False,False,False,False,False,False,False,False,True,False,False,False,False,False,False,False,False,False,False,True,False,False,False,False,False,False,False,False,-0.8660254038,0.5,0.9749279122,-0.222520934,0.8660254038,-0.5
2024-05-22 21:00:00,2.3691556343575835,1.0164130261,0.9118195972,0.5029273619,-0.8875679039,-1.0171843543,1.6945461755,2.0922426295,False,-0.1714996949,False,False,False,False,False,False,False,False,False,False,False,False,False,False,True,False,False,False,True,False,False,False,False,False,False,False,False,False,False,-0.7071067812,0.7071067812,0.9749279122,-0.222520934,0.8660254038,-0.5
2024-05-22 22:00:00,1.9636814114016636,0.9142979314,-0.4901190191,-0.0001147188,-0.784663861,-0.7896907479,1.44975137,2.0922426295,False,-0.1714996949,False,False,False,False,False,False,False,False,False,False,False,False,False,False,True,False,False,False,False,True,False,False,False,False,False,False,False,False,False,-0.5,0.8660254038,0.9749279122,-0.222520934,0.8660254038,-0.5
2024-05-22 23:00:00,-0.3340058520152144,0.8028996464,-0.4901190191,-0.2516357592,-0.784663861,-0.6531945841,1.305099894,-0.8108188037,False,-0.1714996949,False,False,False,False,False,False,False,False,False,True,False,False,False,False,False,False,False,False,True,False,False,False,False,False,False,False,False,False,False,-0.2588190451,0.9659258263,0.9749279122,-0.222520934,0.8660254038,-0.5
2024-05-23 00:00:00,-1.0097962236084137,0.6729349805,-0.4901190191,-0.2516357592,-0.784663861,-0.471199699,1.0714321251,-0.8108188037,False,-0.1714996949,False,False,False,False,False,False,False,False,False,True,False,False,False,False,False,False,False,False,True,False,False,False,False,False,False,False,False,False,False,0.0,1.0,0.4338837391,-0.9009688679,0.8660254038,-0.5
2024-05-23 01:00:00,-0.8746381492897739,0.5801030763,-0.4901190191,-0.2516357592,-0.784663861,-0.3802022564,0.9267806491,-0.8108188037,False,-0.1714996949,False,False,False,False,False,False,False,False,False,True,False,False,False,False,False,False,False,False,False,False,False,True,False,False,False,False,False,False,False,0.2588190451,0.9659258263,0.4338837391,-0.9009688679,0.8660254038,-0.5
2024-05-23 02:00:00,-1.0097962236084137,0.5615366954,-0.4901190191,-0.0001147188,-0.784663861,-0.6531945841,1.305099894,-0.7802602623,False,-0.1714996949,False,False,False,False,False,False,False,False,False,True,False,False,False,False,False,False,False,False,False,False,False,False,False,False,True,False,False,False,False,0.5,0.8660254038,0.4338837391,-0.9009688679,0.8660254038,-0.5
2024-05-23 03:00:00,-0.8746381492897739,0.4501384104,-0.4901190191,-0.0001147188,-0.8875679039,-0.6076958628,1.6611650656,-0.8108188037,False,-0.1714996949,False,False,False,False,False,False,False,False,False,True,False,False,False,False,False,False,False,False,False,False,False,True,False,False,False,False,False,False,False,0.7071067812,0.7071067812,0.4338837391,-0.9009688679,0.8660254038,-0.5
2024-05-23 04:00:00,-1.0097962236084137,0.4037224583,-0.4901190191,-0.0001147188,-0.8875679039,-0.6531945841,1.6945461755,-0.7802602623,False,-0.1714996949,False,False,False,False,False,False,False,False,False,True,False,False,False,False,False,False,False,False,False,False,False,True,False,False,False,False,False,False,False,0.8660254038,0.5,0.4338837391,-0.9009688679,0.8660254038,-0.5
2024-05-23 05:00:00,-0.8746381492897739,0.2830409828,-0.4901190191,-0.5031567995,-0.784663861,-0.4257009777,1.6945461755,-0.8108188037,False,-0.1714996949,False,False,False,False,False,False,False,False,False,True,False,False,False,False,False,False,False,False,False,False,False,True,False,False,False,False,False,False,False,0.9659258263,0.2588190451,0.4338837391,-0.9009688679,0.8660254038,-0.5
2024-05-23 06:00:00,-0.8746381492897739,0.2273418403,-0.4901190191,-0.2516357592,-0.784663861,-0.3802022564,1.6945461755,-0.8108188037,False,-0.1714996949,False,False,False,False,False,False,False,False,False,True,False,False,False,False,False,False,False,False,True,False,False,False,False,False,False,False,False,False,False,1.0,0.0,0.4338837391,-0.9009688679,0.8660254038,-0.5
2024-05-23 07:00:00,-0.8746381492897739,0.5058375529,-0.4901190191,-0.0001147188,-0.784663861,-0.5621971415,1.5387676629,-0.8108188037,False,-0.1714996949,False,False,False,False,False,False,False,False,False,True,False,False,False,False,False,False,False,False,True,False,False,False,False,False,False,False,False,False,False,0.9659258263,-0.2588190451,0.4338837391,-0.9009688679,0.8660254038,-0.5
2024-05-23 08:00:00,0.20662644525934518,0.7193509326,0.9118195972,1.0059694426,-0.784663861,-1.0171843543,1.1715754546,-0.7497017209,False,-0.1714996949,False,False,False,False,False,False,False,False,False,True,False,False,False,False,False,False,False,False,False,False,True,False,False,False,False,False,False,False,False,0.8660254038,-0.5,0.4338837391,-0.9009688679,0.8660254038,-0.5
2024-05-23 09:00:00,1.8285233370830238,0.905014741,-0.4901190191,-0.0001147188,-0.6817598181,-1.1081817969,1.6945461755,-0.8108188037,False,-0.1714996949,False,False,False,False,False,False,False,False,False,True,False,False,False,False,False,False,False,False,False,False,True,False,False,False,False,False,False,False,False,0.7071067812,-0.7071067812,0.4338837391,-0.9009688679,0.8660254038,-0.5
2024-05-23 10:00:00,2.2339975600389437,1.0535457878,-0.4901190191,-0.0001147188,-0.784663861,-1.0626830756,1.6945461755,-0.8108188037,False,-0.1714996949,False,False,False,False,False,False,False,False,False,True,False,False,False,False,False,False,False,False,False,True,False,False,False,False,False,False,False,False,False,0.5,-0.8660254038,0.4338837391,-0.9009688679,0.8660254038,-0.5
2024-05-23 11:00:00,1.9636814114016636,1.1835104536,0.9118195972,0.2514063215,-0.784663861,-1.2446779607,1.4274972967,-0.8108188037,False,-0.1714996949,False,False,False,False,False,False,False,False,False,True,False,False,False,False,False,False,False,False,False,False,False,False,False,False,False,True,False,False,False,0.2588190451,-0.9659258263,0.4338837391,-0.9009688679,0.8660254038,-0.5
2024-05-23 12:00:00,2.7746298573135033,1.4155902142,-0.4901190191,-0.2516357592,-0.8875679039,-1.3811741245,1.2717187841,-0.8108188037,False,-0.1714996949,False,False,False,False,False,False,False,False,False,True,False,False,False,False,False,False,False,False,False,False,False,True,False,False,False,False,False,False,False,0.0,-1.0,0.4338837391,-0.9009688679,0.8660254038,-0.5
2024-05-23 13:00:00,2.5043137086762233,1.4805725471,0.9118195972,1.0059694426,-0.9904719468,-1.5631690097,1.6945461755,-0.8108188037,False,-0.1714996949,False,False,False,False,False,False,False,False,False,True,False,False,False,False,False,False,False,False,True,False,False,False,False,False,False,False,False,False,False,-0.2588190451,-0.9659258263,0.4338837391,-0.9009688679,0.8660254038,-0.5
2024-05-23 14:00:00,2.0988394857203034,1.610537213,0.9118195972,0.7544484022,-1.0933759897,-1.7451638948,1.6945461755,-0.8108188037,False,-0.1714996949,False,False,False,False,False,False,False,False,False,True,False,False,False,False,False,False,False,False,True,False,False,False,False,False,False,False,False,False,False,-0.5,-0.8660254038,0.4338837391,-0.9009688679,0.8660254038,-0.5
2024-05-23 15:00:00,2.5043137086762233,1.6662363555,0.9118195972,0.7544484022,-1.1962800326,-1.8816600586,1.6945461755,-0.8108188037,False,-0.1714996949,False,False,False,False,False,False,False,False,False,True,False,False,False,False,False,False,False,False,False,True,False,False,False,False,False,False,False,False,False,-0.7071067812,-0.7071067812,0.4338837391,-0.9009688679,0.8660254038,-0.5
2024-05-23 16:00:00,2.909787931632143,1.7033691172,0.9118195972,0.5029273619,-1.2991840755,-1.790662616,1.6945461755,-0.7191431795,False,-0.1714996949,False,False,False,False,False,False,False,False,False,True,False,False,False,False,False,False,False,False,False,True,False,False,False,False,False,False,False,False,False,-0.8660254038,-0.5,0.4338837391,-0.9009688679,0.8660254038,-0.5
2024-05-23 17:00:00,3.3152621545880625,1.721935498,0.9118195972,0.7544484022,-1.2991840755,-1.6541664522,1.6945461755,-0.6274675553,False,-0.1714996949,False,False,False,False,False,False,False,False,False,True,False,False,False,False,False,False,False,False,False,True,False,False,False,False,False,False,False,False,False,-0.9659258263,-0.2588190451,0.4338837391,-0.9009688679,0.8660254038,-0.5
2024-05-23 18:00:00,2.6394717829948635,1.6012540226,2.3137582136,2.2635746443,-1.4020881184,-1.6996651735,1.6945461755,-0.6274675553,False,-0.1714996949,False,False,False,False,False,False,False,False,False,True,False,False,False,False,False,False,False,False,False,False,True,False,False,False,False,False,False,False,False,-1.0,-0.0,0.4338837391,-0.9009688679,0.8660254038,-0.5
2024-05-23 19:00:00,2.0988394857203034,1.4898557375,2.3137582136,1.7605325636,-1.2991840755,-1.6086677309,1.6945461755,-0.5357919311,False,-0.1714996949,False,False,False,False,False,False,False,False,False,True,False,False,False,False,False,False,False,False,False,False,True,False,False,False,False,False,False,False,False,-0.9659258263,0.2588190451,0.4338837391,-0.9009688679,0.8660254038,-0.5
2024-05-23 20:00:00,1.8285233370830238,1.32275831,0.9118195972,1.0059694426,-1.2991840755,-1.4721715671,1.6945461755,-0.8108188037,False,-0.1714996949,False,False,False,False,False,False,False,False,False,True,False,False,False,False,False,False,False,False,False,False,True,False,False,False,False,False,False,False,False,-0.8660254038,0.5,0.4338837391,-0.9009688679,0.8660254038,-0.5
2024-05-23 21:00:00,1.6933652627643838,1.2392095962,0.9118195972,0.7544484022,-1.1962800326,-1.4721715671,1.6945461755,-0.8108188037,False,-0.1714996949,False,False,False,False,False,False,False,False,False,True,False,False,False,False,False,False,False,False,True,False,False,False,False,False,False,False,False,False,False,-0.7071067812,0.7071067812,0.4338837391,-0.9009688679,0.8660254038,-0.5
2024-05-23 22:00:00,1.558207188445744,1.0906785494,0.9118195972,0.5029273619,-1.1962800326,-1.290176682,1.6945461755,2.0005670053,False,-0.1714996949,False,False,False,False,False,False,False,False,False,False,False,False,False,False,True,False,False,False,False,False,True,False,False,False,False,False,False,False,False,-0.5,0.8660254038,0.4338837391,-0.9009688679,0.8660254038,-0.5
2024-05-23 23:00:00,-0.19884777769657447,1.0535457878,0.9118195972,0.5029273619,-1.1962800326,-1.3356754033,1.6945461755,-0.8108188037,False,-0.1714996949,False,False,False,False,False,False,False,False,False,True,False,False,False,False,False,False,False,False,False,False,True,False,False,False,False,False,False,False,False,-0.2588190451,0.9659258263,0.4338837391,-0.9009688679,0.8660254038,-0.5
2024-05-24 00:00:00,-1.0097962236084137,0.8771651698,-0.4901190191,-0.0001147188,-1.1962800326,-0.971685633,1.6945461755,-0.8108188037,False,-0.1714996949,False,False,False,False,False,False,False,False,False,True,False,False,False,False,False,False,False,False,True,False,False,False,False,False,False,False,False,False,False,0.0,1.0,-0.4338837391,-0.9009688679,0.8660254038,-0.5
2024-05-24 01:00:00,-0.8746381492897739,0.728634123,-0.4901190191,-0.5031567995,-1.1962800326,-0.6531945841,1.44975137,-0.7802602623,False,-0.1714996949,False,False,False,False,False,False,False,False,False,True,False,False,False,False,False,False,False,False,True,False,False,False,False,False,False,False,False,False,False,0.2588190451,0.9659258263,-0.4338837391,-0.9009688679,0.8660254038,-0.5
2024-05-24 02:00:00,-1.0097962236084137,0.7657668847,0.9118195972,0.7544484022,-1.1962800326,-0.8806881905,0.9267806491,-0.7497017209,False,-0.1714996949,False,False,False,False,False,False,False,False,False,True,False,False,False,False,False,False,False,False,False,False,False,True,False,False,False,False,False,False,False,0.5,0.8660254038,-0.4338837391,-0.9009688679,0.8660254038,-0.5
2024-05-24 03:00:00,-0.8746381492897739,0.7100677422,0.9118195972,0.5029273619,-1.1962800326,-0.8806881905,1.6945461755,-0.7802602623,False,-0.1714996949,False,False,False,False,False,False,False,False,False,True,False,False,False,False,False,False,False,False,False,False,False,True,False,False,False,False,False,False,False,0.7071067812,0.7071067812,-0.4338837391,-0.9009688679,0.8660254038,-0.5
2024-05-24 04:00:00,-0.8746381492897739,0.7100677422,0.9118195972,0.5029273619,-1.1962800326,-0.8806881905,1.6945461755,-0.7802602623,False,-0.1714996949,False,False,False,False,False,False,False,False,False,True,False,False,False,False,False,False,False,False,False,False,False,True,False,False,False,False,False,False,False,0.8660254038,0.5,-0.4338837391,-0.9009688679,0.8660254038,-0.5
2024-05-24 05:00:00,-1.0097962236084137,0.5151207433,-0.4901190191,-0.2516357592,-1.0933759897,-0.6531945841,1.6945461755,-0.7802602623,False,-0.1714996949,False,False,False,False,False,False,False,False,False,True,False,False,False,False,False,False,False,False,True,False,False,False,False,False,False,False,False,False,False,0.9659258263,0.2588190451,-0.4338837391,-0.9009688679,0.8660254038,-0.5
2024-05-24 06:00:00,-0.8746381492897739,0.5336871242,0.9118195972,0.5029273619,-1.0933759897,-0.6531945841,1.6945461755,-0.8108188037,False,-0.1714996949,False,False,False,False,False,False,False,False,False,True,False,False,False,False,False,False,False,False,True,False,False,False,False,False,False,False,False,False,False,1.0,0.0,-0.4338837391,-0.9009688679,0.8660254038,-0.5
2024-05-24 07:00:00,-0.8746381492897739,0.7100677422,0.9118195972,1.0059694426,-0.9904719468,-0.8351894692,1.6945461755,-0.8108188037,False,-0.1714996949,False,False,False,False,False,False,False,False,False,True,False,False,False,False,False,False,False,False,True,False,False,False,False,False,False,False,False,False,False,0.9659258263,-0.2588190451,-0.4338837391,-0.9009688679,0.8660254038,-0.5
2024-05-24 08:00:00,-0.06368970337793459,0.8864483602,0.9118195972,1.5090115233,-0.9904719468,-1.0171843543,1.6945461755,-0.8108188037,False,-0.1714996949,False,False,False,False,False,False,False,False,False,True,False,False,False,False,False,False,False,False,True,False,False,False,False,False,False,False,False,False,False,0.8660254038,-0.5,-0.4338837391,-0.9009688679,0.8660254038,-0.5
2024-05-24 09:00:00,2.909787931632143,1.0906785494,0.9118195972,1.2574904829,-0.9904719468,-1.0626830756,1.6834191389,-0.8108188037,False,-0.1714996949,False,False,False,False,False,False,False,False,False,True,False,False,False,False,False,False,False,False,False,False,True,False,False,False,False,False,False,False,False,0.7071067812,-0.7071067812,-0.4338837391,-0.9009688679,0.8660254038,-0.5
2024-05-24 10:00:00,2.6394717829948635,1.2763423578,0.9118195972,1.7605325636,-0.9904719468,-1.1536805182,1.6945461755,-0.8108188037,True,0.8006481012,False,False,False,False,False,False,False,False,False,True,False,False,False,False,False,False,False,False,False,False,True,False,False,False,False,False,False,False,False,0.5,-0.8660254038,-0.4338837391,-0.9009688679,0.8660254038,-0.5
2024-05-24 11:00:00,2.7746298573135033,1.4063070237,0.9118195972,1.7605325636,-0.9904719468,-1.1991792394,1.6277839558,-0.8108188037,False,-0.1714996949,False,False,False,False,False,False,False,False,False,True,False,False,False,False,False,False,False,False,True,False,False,False,False,False,False,False,False,False,False,0.2588190451,-0.9659258263,-0.4338837391,-0.9009688679,0.8660254038,-0.5
2024-05-24 12:00:00,3.4504202289067027,1.5641212609,0.9118195972,1.2574904829,-1.0933759897,-1.3356754033,1.6945461755,-0.8108188037,False,-0.1714996949,False,False,False,False,False,False,False,False,False,True,False,False,False,False,False,False,False,False,False,False,True,False,False,False,False,False,False,False,False,0.0,-1.0,-0.4338837391,-0.9009688679,0.8660254038,-0.5
2024-05-24 13:00:00,2.3691556343575835,1.6569531651,0.9118195972,1.2574904829,-1.1962800326,-1.4266728458,1.6945461755,-0.8108188037,False,-0.1714996949,False,False,False,False,False,False,False,False,False,True,False,False,False,False,False,False,False,False,False,False,True,False,False,False,False,False,False,False,False,-0.2588190451,-0.9659258263,-0.4338837391,-0.9009688679,0.8660254038,-0.5
2024-05-24 14:00:00,3.044946005950783,1.7033691172,2.3137582136,2.012053604,-1.2991840755,-1.5176702884,1.6945461755,-0.8108188037,False,-0.1714996949,False,False,False,False,False,False,False,False,False,True,False,False,False,False,False,False,False,False,True,False,False,False,False,False,False,False,False,False,False,-0.5,-0.8660254038,-0.4338837391,-0.9009688679,0.8660254038,-0.5
2024-05-24 15:00:00,3.1801040802694227,1.7776346406,0.9118195972,1.7605325636,-1.4020881184,-1.5631690097,1.6945461755,-0.8108188037,False,-0.1714996949,False,False,False,False,False,False,False,False,False,True,False,False,False,False,False,False,False,False,False,False,True,False,False,False,False,False,False,False,False,-0.7071067812,-0.7071067812,-0.4338837391,-0.9009688679,0.8660254038,-0.5
2024-05-24 16:00:00,3.1801040802694227,1.8240505927,2.3137582136,2.012053604,-1.5049921613,-1.6541664522,1.6945461755,-0.6885846381,False,-0.1714996949,False,False,False,False,False,False,False,False,False,True,False,False,False,False,False,False,False,False,False,False,True,False,False,False,False,False,False,False,False,-0.8660254038,-0.5,-0.4338837391,-0.9009688679,0.8660254038,-0.5
2024-05-24 17:00:00,3.044946005950783,1.8333337831,0.9118195972,1.2574904829,-1.5049921613,-1.6086677309,1.6945461755,-0.5357919311,False,-0.1714996949,False,False,False,False,False,False,False,False,False,True,False,False,False,False,False,False,False,False,True,False,False,False,False,False,False,False,False,False,False,-0.9659258263,-0.2588190451,-0.4338837391,-0.9009688679,0.8660254038,-0.5
2024-05-24 18:00:00,2.7746298573135033,1.8054842118,0.9118195972,1.7605325636,-1.6078962042,-1.6996651735,1.6945461755,-0.3829992241,False,-0.1714996949,False,False,False,False,False,False,False,False,False,True,False,False,False,False,False,False,False,False,False,False,True,False,False,False,False,False,False,False,False,-1.0,-0.0,-0.4338837391,-0.9009688679,0.8660254038,-0.5
2024-05-24 19:00:00,2.0988394857203034,1.6569531651,0.9118195972,1.5090115233,-1.5049921613,-1.5631690097,1.6945461755,-0.5052333897,False,-0.1714996949,False,False,False,False,False,False,False,False,False,True,False,False,False,False,False,False,False,False,False,True,False,False,False,False,False,False,False,False,False,-0.9659258263,0.2588190451,-0.4338837391,-0.9009688679,0.8660254038,-0.5
2024-05-24 20:00:00,2.0988394857203034,1.5362716896,2.3137582136,2.012053604,-1.5049921613,-1.4721715671,1.6945461755,-0.8108188037,False,-0.1714996949,False,False,False,False,False,False,False,False,False,True,False,False,False,False,False,False,False,False,False,True,False,False,False,False,False,False,False,False,False,-0.8660254038,0.5,-0.4338837391,-0.9009688679,0.8660254038,-0.5
2024-05-24 21:00:00,2.3691556343575835,1.4434397854,2.3137582136,3.2696588057,-1.2991840755,-1.3811741245,1.3718621137,-0.7497017209,False,-0.1714996949,False,False,False,False,False,False,False,False,False,True,False,False,False,False,False,False,False,False,False,False,False,False,True,False,False,False,False,False,False,-0.7071067812,0.7071067812,-0.4338837391,-0.9009688679,0.8660254038,-0.5
2024-05-24 22:00:00,2.0988394857203034,1.3598910716,3.7156968299,3.7727008864,-1.2991840755,-1.290176682,0.5039532577,-0.8108188037,False,-0.1714996949,False,False,False,False,False,False,False,False,False,True,False,False,False,False,False,False,False,False,False,True,False,False,False,False,False,False,False,False,False,-0.5,0.8660254038,-0.4338837391,-0.9009688679,0.8660254038,-0.5
2024-05-24 23:00:00,-0.06368970337793459,1.2763423578,3.7156968299,4.0242219267,-1.1962800326,-1.1536805182,0.2591584522,-0.6885846381,False,-0.1714996949,False,False,False,False,False,False,False,False,False,True,False,False,False,False,False,False,False,False,False,False,False,False,True,False,False,False,False,False,False,-0.2588190451,0.9659258263,-0.4338837391,-0.9009688679,0.8660254038,-0.5
2024-05-25 00:00:00,-0.8746381492897739,1.2206432153,3.7156968299,3.7727008864,-1.0933759897,-1.0171843543,0.1145069762,-0.5663504725,False,-0.1714996949,False,False,False,False,False,False,False,False,False,True,False,False,False,False,False,False,False,False,False,False,False,False,True,False,False,False,False,False,True,0.0,1.0,-0.9749279122,-0.222520934,0.8660254038,-0.5
2024-05-25 01:00:00,-0.8746381492897739,1.1835104536,2.3137582136,2.5150956847,-1.0933759897,-0.971685633,1.360735077,1.0532522218,False,-0.1714996949,False,False,True,False,False,False,False,False,False,False,False,False,False,False,False,False,False,False,False,True,False,False,False,False,False,False,False,False,True,0.2588190451,0.9659258263,-0.9749279122,-0.222520934,0.8660254038,-0.5
2024-05-25 02:00:00,-0.6043220006524941,1.1185281207,0.9118195972,0.2514063215,-1.0933759897,-0.8806881905,1.5944028459,1.6644230499,False,-0.1714996949,False,False,True,False,False,False,False,False,False,False,False,False,False,False,False,False,False,False,False,True,False,False,False,False,False,False,False,False,True,0.5,0.8660254038,-0.9749279122,-0.222520934,0.8660254038,-0.5
2024-05-25 03:00:00,-0.6043220006524941,1.0999617399,0.9118195972,1.0059694426,-1.0933759897,-0.971685633,1.6945461755,0.3504057696,False,-0.1714996949,False,False,True,False,False,False,False,False,False,False,False,False,False,False,False,False,False,False,False,True,False,False,False,False,False,False,False,False,True,0.7071067812,0.7071067812,-0.9749279122,-0.222520934,0.8660254038,-0.5
2024-05-25 04:00:00,-0.739480074971134,0.9328643123,0.9118195972,0.7544484022,-1.1962800326,-0.6076958628,1.360735077,-0.8108188037,False,-0.1714996949,False,False,False,False,False,False,False,False,False,True,False,False,False,False,False,False,False,False,True,False,False,False,False,False,False,False,False,False,True,0.8660254038,0.5,-0.9749279122,-0.222520934,0.8660254038,-0.5
2024-05-25 05:00:00,-0.6043220006524941,0.7843332655,0.9118195972,1.7605325636,-1.1962800326,-0.2437060926,0.6819858436,-0.2913235999,False,-0.1714996949,False,False,False,False,False,False,False,False,False,True,False,False,False,False,False,False,False,False,True,False,False,False,False,False,False,False,False,False,True,0.9659258263,0.2588190451,-0.9749279122,-0.222520934,0.8660254038,-0.5
2024-05-25 06:00:00,-0.739480074971134,0.7100677422,2.3137582136,2.012053604,-1.1962800326,-0.0617112075,0.4260640014,-0.1690894343,False,-0.1714996949,False,False,False,False,False,False,False,False,False,True,False,False,False,False,False,False,False,False,True,False,False,False,False,False,False,False,False,False,True,1.0,0.0,-0.9749279122,-0.222520934,0.8660254038,-0.5
2024-05-25 07:00:00,-0.3340058520152144,0.7750500751,2.3137582136,3.2696588057,-1.0933759897,-0.1072099288,0.236904379,1.3588376359,False,-0.1714996949,False,False,True,False,False,False,False,False,False,False,False,False,False,False,False,False,False,False,True,False,False,False,False,False,False,False,False,False,True,0.9659258263,-0.2588190451,-0.9749279122,-0.222520934,0.8660254038,-0.5
2024-05-25 08:00:00,0.6121006682152649,0.8121828368,0.9118195972,1.5090115233,-1.0933759897,-0.15270865,0.1256340128,0.8699009734,False,-0.1714996949,False,False,True,False,False,False,False,False,False,False,False,False,False,False,False,False,False,False,True,False,False,False,False,False,False,False,False,False,True,0.8660254038,-0.5,-0.9749279122,-0.222520934,0.8660254038,-0.5
2024-05-25 09:00:00,1.6933652627643838,0.8493155985,0.9118195972,1.7605325636,-1.0933759897,-0.1982073713,-0.0301444998,2.0922426295,False,-0.1714996949,False,False,False,False,False,False,False,False,False,False,False,False,False,False,True,False,False,False,True,False,False,False,False,False,False,False,False,False,True,0.7071067812,-0.7071067812,-0.9749279122,-0.222520934,0.8660254038,-0.5
2024-05-25 10:00:00,1.9636814114016636,0.8400324081,2.3137582136,2.2635746443,-1.0933759897,-0.1982073713,-0.197050049,2.0922426295,False,-0.1714996949,False,False,False,False,False,False,True,False,False,False,False,False,False,False,False,False,False,False,True,False,False,False,False,False,False,False,False,False,True,0.5,-0.8660254038,-0.9749279122,-0.222520934,0.8660254038,-0.5
2024-05-25 11:00:00,2.0988394857203034,0.7564836943,0.9118195972,0.7544484022,-0.8875679039,0.2112811202,-0.8424181726,2.0922426295,True,1.2274398817,True,False,False,False,False,False,False,False,False,False,False,False,False,False,False,False,False,False,False,False,False,True,False,False,False,False,False,False,True,0.2588190451,-0.9659258263,-0.9749279122,-0.222520934,0.8660254038,-0.5
2024-05-25 12:00:00,2.3691556343575835,0.5893862667,-0.4901190191,-0.7546778399,-0.784663861,1.0757568245,-1.120594088,2.0922426295,True,5.6863567974,True,False,False,False,False,False,False,False,False,False,False,False,False,False,False,False,False,False,False,False,False,False,False,False,False,True,False,False,True,0.0,-1.0,-0.9749279122,-0.222520934,0.8660254038,-0.5
2024-05-25 13:00:00,1.6933652627643838,0.5058375529,0.9118195972,1.0059694426,-0.784663861,1.2577517096,-1.0760859415,2.0922426295,True,6.1945555143,True,False,False,False,False,False,False,False,False,False,False,False,False,False,False,False,False,False,False,False,False,False,False,False,False,False,True,False,True,-0.2588190451,-0.9659258263,-0.9749279122,-0.222520934,0.8660254038,-0.5
2024-05-25 14:00:00,2.3691556343575835,0.4594216008,-0.4901190191,-0.0001147188,-0.784663861,1.3942478734,-1.176229271,2.0922426295,True,8.1924400074,True,False,False,False,False,False,False,False,False,False,False,False,False,False,False,False,False,False,False,False,False,False,False,False,True,False,False,False,True,-0.5,-0.8660254038,-0.9749279122,-0.222520934,0.8660254038,-0.5
2024-05-25 15:00:00,2.5043137086762233,0.4315720296,-0.4901190191,-0.0001147188,-0.6817598181,1.485245316,-1.176229271,2.0922426295,True,8.9183036714,True,False,False,False,False,False,False,False,False,False,False,False,False,False,False,False,False,False,False,False,False,False,False,False,False,False,True,False,True,-0.7071067812,-0.7071067812,-0.9749279122,-0.222520934,0.8660254038,-0.5
2024-05-25 16:00:00,2.0988394857203034,0.44085522,-0.4901190191,-0.2516357592,-0.784663861,1.485245316,-1.2541185273,2.0922426295,True,6.6585045934,True,False,False,False,False,False,False,False,False,False,False,False,False,False,False,False,False,False,False,True,False,False,False,False,False,False,False,False,True,-0.8660254038,-0.5,-0.9749279122,-0.222520934,0.8660254038,-0.5
2024-05-25 17:00:00,1.9636814114016636,0.44085522,0.9118195972,0.2514063215,-0.8875679039,1.5307440373,-1.2763726006,2.0922426295,True,4.2696140297,True,False,False,False,False,False,False,False,False,False,False,False,False,False,False,False,False,False,False,False,True,False,False,False,False,False,False,False,True,-0.9659258263,-0.2588190451,-0.9749279122,-0.222520934,0.8660254038,-0.5
2024-05-25 18:00:00,2.5043137086762233,0.3944392679,-0.4901190191,-0.0001147188,-0.8875679039,1.5307440373,-1.1651022344,2.0922426295,True,4.0325949752,False,False,False,False,False,False,True,False,False,False,False,False,False,False,False,False,False,False,False,False,True,False,False,False,False,False,False,False,True,-1.0,-0.0,-0.9749279122,-0.222520934,0.8660254038,-0.5
2024-05-25 19:00:00,1.9636814114016636,0.4130056487,-0.4901190191,-0.5031567995,-0.8875679039,1.5307440373,-1.0983400147,2.0922426295,True,0.3366990221,False,False,False,False,False,False,False,False,False,False,False,False,False,False,True,False,False,False,False,False,True,False,False,False,False,False,False,False,True,-0.9659258263,0.2588190451,-0.9749279122,-0.222520934,0.8660254038,-0.5
2024-05-25 20:00:00,1.6933652627643838,0.4222888391,-0.4901190191,-0.0001147188,-0.784663861,1.5307440373,-1.120594088,1.7560986741,False,-0.1714996949,False,False,False,False,False,False,False,False,False,False,False,False,False,False,True,False,False,False,True,False,False,False,False,False,False,False,False,False,True,-0.8660254038,0.5,-0.9749279122,-0.222520934,0.8660254038,-0.5
2024-05-25 21:00:00,0.47694259389662497,0.4130056487,0.9118195972,0.2514063215,-0.8875679039,1.485245316,-1.1428481612,-0.0774138101,False,-0.1714996949,False,False,False,False,False,False,False,False,False,True,False,False,False,False,False,False,False,False,False,False,False,False,True,False,False,False,False,False,True,-0.7071067812,0.7071067812,-0.9749279122,-0.222520934,0.8660254038,-0.5
2024-05-25 22:00:00,0.0714683709407053,0.4037224583,-1.8920576355,-1.2577199206,-0.8875679039,1.5307440373,-1.1873563077,-0.0468552687,False,-0.1714996949,False,False,False,False,False,False,False,False,False,True,False,False,False,False,False,False,False,False,False,False,False,False,False,False,False,False,False,True,True,-0.5,0.8660254038,-0.9749279122,-0.222520934,0.8660254038,-0.5
2024-05-25 23:00:00,-0.3340058520152144,0.4130056487,-0.4901190191,-0.0001147188,-0.784663861,1.485245316,-1.1428481612,0.7171082664,False,-0.1714996949,False,False,True,False,False,False,False,False,False,False,False,False,False,False,False,False,False,False,True,False,False,False,False,False,False,False,False,False,True,-0.2588190451,0.9659258263,-0.9749279122,-0.222520934,0.8660254038,-0.5
2024-05-26 00:00:00,-0.8746381492897739,0.3944392679,-0.4901190191,-0.2516357592,-0.6817598181,1.5307440373,-1.2763726006,2.0616840881,True,0.3366990221,False,False,False,False,False,False,False,False,False,False,False,False,False,False,True,False,False,False,True,False,False,False,False,False,False,False,False,False,True,0.0,1.0,-0.7818314825,0.6234898019,0.8660254038,-0.5
2024-05-26 01:00:00,-0.8746381492897739,0.3944392679,-0.4901190191,-0.5031567995,-0.6817598181,1.5762427585,-1.3653888935,0.7782253492,False,-0.1714996949,False,False,True,False,False,False,False,False,False,False,False,False,False,False,False,False,False,False,False,False,False,False,True,False,False,False,False,False,True,0.2588190451,0.9659258263,-0.7818314825,0.6234898019,0.8660254038,-0.5
2024-05-26 02:00:00,-1.0097962236084137,0.3665896966,-0.4901190191,-1.0061988802,-0.6817598181,1.5762427585,-1.40989704,-0.0162967273,False,-0.1714996949,False,False,False,False,False,False,False,False,False,True,False,False,False,False,False,False,False,False,False,False,False,False,False,False,True,False,False,False,True,0.5,0.8660254038,-0.7818314825,0.6234898019,0.8660254038,-0.5
2024-05-26 03:00:00,-0.8746381492897739,0.3851560775,-0.4901190191,-0.5031567995,-0.6817598181,1.5762427585,-1.3987700033,0.1059374383,False,-0.1714996949,True,False,False,False,False,False,False,False,False,False,False,False,False,False,False,False,False,False,False,False,False,False,False,False,False,False,True,False,True,0.7071067812,0.7071067812,-0.7818314825,0.6234898019,0.8660254038,-0.5
2024-05-26 04:00:00,-0.8746381492897739,0.375872887,-0.4901190191,-0.0001147188,-0.6817598181,1.5762427585,-1.3097537104,0.2587301454,False,-0.1714996949,False,False,True,False,False,False,False,False,False,False,False,False,False,False,False,False,False,False,False,False,False,False,False,False,True,False,False,False,True,0.8660254038,0.5,-0.7818314825,0.6234898019,0.8660254038,-0.5
2024-05-26 05:00:00,-0.8746381492897739,0.3480233158,0.9118195972,0.2514063215,-0.784663861,1.5762427585,-1.2986266738,0.4726399352,False,-0.1714996949,False,False,True,False,False,False,False,False,False,False,False,False,False,False,False,False,False,False,False,False,False,False,False,False,False,False,True,False,True,0.9659258263,0.2588190451,-0.7818314825,0.6234898019,0.8660254038,-0.5
2024-05-26 06:00:00,-0.8746381492897739,0.3573065062,0.9118195972,0.2514063215,-0.784663861,1.5307440373,-1.176229271,-0.4746748483,False,-0.1714996949,False,False,False,False,False,False,False,False,False,True,False,False,False,False,False,False,False,False,False,False,False,False,False,False,False,False,True,False,True,1.0,0.0,-0.7818314825,0.6234898019,0.8660254038,-0.5
2024-05-26 07:00:00,-0.8746381492897739,0.3944392679,-0.4901190191,-0.0001147188,-0.784663861,1.5307440373,-1.0983400147,0.7476668078,False,-0.1714996949,False,False,True,False,False,False,False,False,False,False,False,False,False,False,False,False,False,False,False,False,False,False,False,False,False,True,False,False,True,0.9659258263,-0.2588190451,-0.7818314825,0.6234898019,0.8660254038,-0.5
2024-05-26 08:00:00,-0.739480074971134,0.4965543625,0.9118195972,0.2514063215,-0.784663861,1.3032504309,-0.8090370628,0.8699009734,False,-0.1714996949,False,False,True,False,False,False,False,False,False,False,False,False,False,False,False,False,False,False,False,True,False,False,False,False,False,False,False,False,True,0.8660254038,-0.5,-0.7818314825,0.6234898019,0.8660254038,-0.5
2024-05-26 09:00:00,0.6121006682152649,0.5244039338,0.9118195972,0.2514063215,-0.6817598181,1.0757568245,-0.2081770856,1.144927846,False,-0.1714996949,False,False,True,False,False,False,False,False,False,False,False,False,False,False,False,False,False,False,False,False,False,False,False,False,False,True,False,False,True,0.7071067812,-0.7071067812,-0.7818314825,0.6234898019,0.8660254038,-0.5
2024-05-26 10:00:00,1.6933652627643838,0.6822181709,0.9118195972,1.5090115233,-0.6817598181,0.7117670542,0.0588717932,1.144927846,False,-0.1714996949,False,False,True,False,False,False,False,False,False,False,False,False,False,False,False,False,False,False,False,False,False,False,False,False,False,False,True,False,True,0.5,-0.8660254038,-0.7818314825,0.6234898019,0.8660254038,-0.5
2024-05-26 11:00:00,2.0988394857203034,0.8028996464,0.9118195972,1.5090115233,-0.6817598181,0.3932760053,0.5484614042,-0.5969090139,False,-0.1714996949,False,False,False,False,False,False,False,False,False,True,False,False,False,False,False,False,False,False,False,False,False,False,False,False,False,False,True,False,True,0.2588190451,-0.9659258263,-0.7818314825,0.6234898019,0.8660254038,-0.5
2024-05-26 12:00:00,2.0988394857203034,0.9421475027,-0.4901190191,-0.0001147188,-0.784663861,-0.0162124862,1.015796942,-0.7191431795,False,-0.1714996949,False,False,False,False,False,False,False,False,False,True,False,False,False,False,False,False,False,False,False,False,False,False,False,False,False,False,True,False,True,0.0,-1.0,-0.7818314825,0.6234898019,0.8660254038,-0.5
2024-05-26 13:00:00,1.9636814114016636,1.0535457878,0.9118195972,1.0059694426,-0.784663861,-0.1982073713,0.9935428688,-0.8108188037,False,-0.1714996949,False,False,False,False,False,False,False,False,False,True,False,False,False,False,False,False,False,False,False,False,False,False,True,False,False,False,False,False,True,-0.2588190451,-0.9659258263,-0.7818314825,0.6234898019,0.8660254038,-0.5
2024-05-26 14:00:00,2.0988394857203034,1.1556608824,0.9118195972,1.2574904829,-0.8875679039,-0.5166984203,1.6945461755,-0.8108188037,False,-0.1714996949,False,False,False,False,False,False,False,False,False,True,False,False,False,False,False,False,False,False,False,False,False,False,True,False,False,False,False,False,True,-0.5,-0.8660254038,-0.7818314825,0.6234898019,0.8660254038,-0.5
2024-05-26 15:00:00,2.0988394857203034,1.257775977,0.9118195972,0.2514063215,-0.9904719468,-0.9261869118,1.6945461755,-0.8108188037,False,-0.1714996949,False,False,False,False,False,False,False,False,False,True,False,False,False,False,False,False,False,False,False,True,False,False,False,False,False,False,False,False,True,-0.7071067812,-0.7071067812,-0.7818314825,0.6234898019,0.8660254038,-0.5
2024-05-26 16:00:00,2.2339975600389437,1.3041919291,0.9118195972,0.7544484022,-1.0933759897,-1.1081817969,1.6945461755,-0.8108188037,False,-0.1714996949,False,False,False,False,False,False,False,False,False,True,False,False,False,False,False,False,False,False,False,True,False,False,False,False,False,False,False,False,True,-0.8660254038,-0.5,-0.7818314825,0.6234898019,0.8660254038,-0.5
2024-05-26 17:00:00,2.0988394857203034,1.3784574525,-0.4901190191,-0.2516357592,-1.0933759897,-1.1536805182,1.6945461755,-0.8108188037,False,-0.1714996949,False,False,False,False,False,False,False,False,False,True,False,False,False,False,False,False,False,False,False,True,False,False,False,False,False,False,False,False,True,-0.9659258263,-0.2588190451,-0.7818314825,0.6234898019,0.8660254038,-0.5
2024-05-26 18:00:00,1.6933652627643838,1.257775977,-0.4901190191,-0.0001147188,-1.1962800326,-0.971685633,1.6945461755,-0.5663504725,False,-0.1714996949,False,False,False,False,False,False,False,False,False,True,False,False,False,False,False,False,False,False,False,True,False,False,False,False,False,False,False,False,True,-1.0,-0.0,-0.7818314825,0.6234898019,0.8660254038,-0.5
2024-05-26 19:00:00,1.558207188445744,1.1556608824,-0.4901190191,-0.5031567995,-1.1962800326,-0.7896907479,1.6945461755,-0.5052333897,False,-0.1714996949,False,False,False,False,False,False,False,False,False,True,False,False,False,False,False,False,False,False,False,True,False,False,False,False,False,False,False,False,True,-0.9659258263,0.2588190451,-0.7818314825,0.6234898019,0.8660254038,-0.5
2024-05-26 20:00:00,1.6933652627643838,1.0071298356,-0.4901190191,-0.0001147188,-1.1962800326,-0.5166984203,1.6945461755,-0.7497017209,False,-0.1714996949,False,False,False,False,False,False,False,False,False,True,False,False,False,False,False,False,False,False,False,True,False,False,False,False,False,False,False,False,True,-0.8660254038,0.5,-0.7818314825,0.6234898019,0.8660254038,-0.5
2024-05-26 21:00:00,1.8285233370830238,0.8957315506,-0.4901190191,-0.2516357592,-1.0933759897,-0.3802022564,1.6945461755,-0.2913235999,False,-0.1714996949,False,False,False,False,False,False,False,False,False,True,False,False,False,False,False,False,False,False,False,False,True,False,False,False,False,False,False,False,True,-0.7071067812,0.7071067812,-0.7818314825,0.6234898019,0.8660254038,-0.5
2024-05-26 22:00:00,1.558207188445744,0.7564836943,-0.4901190191,-0.5031567995,-0.9904719468,-0.0162124862,1.5721487727,0.3198472282,False,-0.1714996949,False,False,True,False,False,False,False,False,False,False,False,False,False,False,False,False,False,False,True,False,False,False,False,False,False,False,False,False,True,-0.5,0.8660254038,-0.7818314825,0.6234898019,0.8660254038,-0.5
2024-05-26 23:00:00,-0.46916392633385423,0.7843332655,-0.4901190191,-0.2516357592,-0.9904719468,-0.0617112075,1.6945461755,-0.1690894343,False,-0.1714996949,False,False,False,False,False,False,False,False,False,True,False,False,False,False,False,False,False,False,False,False,True,False,False,False,False,False,False,False,True,-0.2588190451,0.9659258263,-0.7818314825,0.6234898019,0.8660254038,-0.5
2024-05-27 00:00:00,-1.0097962236084137,0.6915013613,-1.8920576355,-1.2577199206,-0.9904719468,0.347777284,1.0825591617,0.1976130626,False,-0.1714996949,False,False,True,False,False,False,False,False,False,False,False,False,False,False,False,False,False,False,False,False,False,False,False,False,False,False,False,True,False,0.0,1.0,0.0,1.0,0.8660254038,-0.5
2024-05-27 01:00:00,-0.8746381492897739,0.6265190284,-1.8920576355,-1.0061988802,-0.9904719468,0.5297721691,0.8043832463,1.144927846,False,-0.1714996949,False,False,True,False,False,False,False,False,False,False,False,False,False,False,False,False,False,False,False,False,False,False,False,False,False,False,False,True,False,0.2588190451,0.9659258263,0.0,1.0,0.8660254038,-0.5
2024-05-27 02:00:00,-0.8746381492897739,0.552253505,-0.4901190191,-1.0061988802,-0.9904719468,0.666268333,0.5484614042,0.686549725,False,-0.1714996949,False,False,True,False,False,False,False,False,False,False,False,False,False,False,False,False,False,False,True,False,False,False,False,False,False,False,False,False,False,0.5,0.8660254038,0.0,1.0,0.8660254038,-0.5
2024-05-27 03:00:00,-1.0097962236084137,0.5615366954,0.9118195972,0.5029273619,-0.9904719468,0.666268333,0.4038099282,-0.7497017209,False,-0.1714996949,False,False,False,False,False,False,False,False,False,True,False,False,False,False,False,False,False,False,False,False,True,False,False,False,False,False,False,False,False,0.7071067812,0.7071067812,0.0,1.0,0.8660254038,-0.5
2024-05-27 04:00:00,-0.8746381492897739,0.5058375529,-0.4901190191,-0.0001147188,-0.9904719468,0.8482632181,0.4149369648,0.5031984766,False,-0.1714996949,False,False,True,False,False,False,False,False,False,False,False,False,False,False,False,False,False,False,True,False,False,False,False,False,False,False,False,False,False,0.8660254038,0.5,0.0,1.0,0.8660254038,-0.5
2024-05-27 05:00:00,-0.8746381492897739,0.4872711721,0.9118195972,1.2574904829,-0.8875679039,0.8937619394,0.1367610495,0.228171604,False,-0.1714996949,False,False,True,False,False,False,False,False,False,False,False,False,False,False,False,False,False,False,True,False,False,False,False,False,False,False,False,False,False,0.9659258263,0.2588190451,0.0,1.0,0.8660254038,-0.5
2024-05-27 06:00:00,-0.8746381492897739,0.4779879817,2.3137582136,2.012053604,-0.8875679039,0.5297721691,0.0366177199,-0.3218821413,False,-0.1714996949,False,False,False,False,False,False,False,False,False,True,False,False,False,False,False,False,False,False,False,False,True,False,False,False,False,False,False,False,False,1.0,0.0,0.0,1.0,0.8660254038,-0.5
2024-05-27 07:00:00,-0.8746381492897739,0.5151207433,2.3137582136,2.2635746443,-0.784663861,0.3022785627,0.1701421593,0.0142618141,False,-0.1714996949,False,False,False,False,False,False,False,False,False,True,False,False,False,False,False,False,False,False,True,False,False,False,False,False,False,False,False,False,False,0.9659258263,-0.2588190451,0.0,1.0,0.8660254038,-0.5
2024-05-27 08:00:00,0.0714683709407053,0.5893862667,2.3137582136,2.766616725,-0.6817598181,0.0747849564,0.1033799396,0.7171082664,False,-0.1714996949,False,False,True,False,False,False,False,False,False,False,False,False,False,False,False,False,False,False,False,False,True,False,False,False,False,False,False,False,False,0.8660254038,-0.5,0.0,1.0,0.8660254038,-0.5
2024-05-27 09:00:00,1.8285233370830238,0.6636517901,3.7156968299,3.7727008864,-0.5788557752,-0.5166984203,1.305099894,0.8699009734,False,-0.1714996949,False,False,True,False,False,False,False,False,False,False,False,False,False,False,False,False,False,False,True,False,False,False,False,False,False,False,False,False,False,0.7071067812,-0.7071067812,0.0,1.0,0.8660254038,-0.5
2024-05-27 10:00:00,2.0988394857203034,0.6636517901,2.3137582136,2.2635746443,-0.5788557752,-0.6986933054,1.6945461755,0.8087838906,False,-0.1714996949,False,False,True,False,False,False,False,False,False,False,False,False,False,False,False,False,False,False,True,False,False,False,False,False,False,False,False,False,False,0.5,-0.8660254038,0.0,1.0,0.8660254038,-0.5
2024-05-27 11:00:00,1.4230491141271042,0.6822181709,2.3137582136,2.2635746443,-0.5788557752,-0.6531945841,1.6945461755,0.6254326422,False,-0.1714996949,False,False,True,False,False,False,False,False,False,False,False,False,False,False,False,False,False,False,True,False,False,False,False,False,False,False,False,False,False,0.2588190451,-0.9659258263,0.0,1.0,0.8660254038,-0.5
2024-05-27 12:00:00,2.446195736719208,0.8585987889,2.3137582136,2.2635746443,-0.6817598181,-0.6076958628,0.7042399168,-0.1996479757,False,-0.1714996949,False,False,False,False,False,False,False,False,False,True,False,False,False,False,False,False,False,False,False,False,True,False,False,False,False,False,False,False,False,0.0,-1.0,0.0,1.0,0.8660254038,-0.5
2024-05-27 13:00:00,2.0217993833586787,1.0164130261,2.3137582136,1.7605325636,-0.784663861,-0.6531945841,0.6708588069,-0.3218821413,False,-0.1714996949,False,False,False,False,False,False,False,False,False,True,False,False,False,False,False,False,False,False,False,False,True,False,False,False,False,False,False,False,False,-0.2588190451,-0.9659258263,0.0,1.0,0.8660254038,-0.5
2024-05-27 14:00:00,1.8285233370830238,1.1092449303,2.3137582136,2.2635746443,-0.8875679039,-0.7441920267,0.9267806491,-0.2913235999,False,-0.1714996949,False,False,False,False,False,False,False,False,False,True,False,False,False,False,False,False,False,False,True,False,False,False,False,False,False,False,False,False,False,-0.5,-0.8660254038,0.0,1.0,0.8660254038,-0.5
2024-05-27 15:00:00,2.5043137086762233,1.0906785494,2.3137582136,2.5150956847,-0.8875679039,-0.6531945841,0.8933995392,-0.2302065171,False,-0.1714996949,False,False,False,False,False,False,False,False,False,True,False,False,False,False,False,False,False,False,False,False,True,False,False,False,False,False,False,False,False,-0.7071067812,-0.7071067812,0.0,1.0,0.8660254038,-0.5
2024-05-27 16:00:00,2.5043137086762233,1.1370945015,2.3137582136,2.5150956847,-0.9904719468,-0.6531945841,0.9824158321,2.0922426295,False,-0.1714996949,False,False,False,False,False,False,False,False,False,False,False,False,False,False,True,False,False,False,False,False,True,False,False,False,False,False,False,False,False,-0.8660254038,-0.5,0.0,1.0,0.8660254038,-0.5
2024-05-27 17:00:00,2.7746298573135033,1.0906785494,2.3137582136,2.766616725,-0.9904719468,-0.7441920267,1.015796942,0.7476668078,False,-0.1714996949,False,False,True,False,False,False,False,False,False,False,False,False,False,False,False,False,False,False,False,False,True,False,False,False,False,False,False,False,False,-0.9659258263,-0.2588190451,0.0,1.0,0.8660254038,-0.5
2024-05-27 18:00:00,2.6394717829948635,1.0442625973,2.3137582136,2.5150956847,-1.0933759897,-0.6531945841,0.8266373195,1.0838107632,False,-0.1714996949,False,False,True,False,False,False,False,False,False,False,False,False,False,False,False,False,False,False,True,False,False,False,False,False,False,False,False,False,False,-1.0,-0.0,0.0,1.0,0.8660254038,-0.5
2024-05-27 19:00:00,2.3691556343575835,0.9792802644,2.3137582136,2.012053604,-1.0933759897,-0.5166984203,0.581842514,-0.8108188037,False,-0.1714996949,False,False,False,False,False,False,False,False,False,True,False,False,False,False,False,False,False,False,False,False,True,False,False,False,False,False,False,False,False,-0.9659258263,0.2588190451,0.0,1.0,0.8660254038,-0.5
2024-05-27 20:00:00,2.0988394857203034,0.8678819793,2.3137582136,2.012053604,-0.9904719468,-0.2892048139,0.6152236239,-0.8108188037,False,-0.1714996949,False,False,False,False,False,False,False,False,False,True,False,False,False,False,False,False,False,False,False,False,True,False,False,False,False,False,False,False,False,-0.8660254038,0.5,0.0,1.0,0.8660254038,-0.5
2024-05-27 21:00:00,1.8285233370830238,0.7843332655,0.9118195972,0.7544484022,-0.9904719468,-0.2437060926,0.6597317703,-0.7802602623,False,-0.1714996949,False,False,False,False,False,False,False,False,False,True,False,False,False,False,False,False,False,False,True,False,False,False,False,False,False,False,False,False,False,-0.7071067812,0.7071067812,0.0,1.0,0.8660254038,-0.5
2024-05-27 22:00:00,1.4419712445317139,0.728634123,0.9118195972,0.2514063215,-0.8875679039,-0.15270865,0.6152236239,-0.8108188037,False,-0.1714996949,False,False,False,False,False,False,False,False,False,True,False,False,False,False,False,False,False,False,False,False,True,False,False,False,False,False,False,False,False,-0.5,0.8660254038,0.0,1.0,0.8660254038,-0.5
2024-05-27 23:00:00,-0.35292798241982387,0.6729349805,0.9118195972,0.2514063215,-0.8875679039,-0.1072099288,0.5929695506,-0.6274675553,False,-0.1714996949,False,False,False,False,False,False,False,False,False,True,False,False,False,False,False,False,False,False,True,False,False,False,False,False,False,False,False,False,False,-0.2588190451,0.9659258263,0.0,1.0,0.8660254038,-0.5
2024-05-28 00:00:00,-0.932756121246789,0.5893862667,0.9118195972,0.5029273619,-0.8875679039,0.1202836776,0.236904379,-0.3829992241,False,-0.1714996949,False,False,False,False,False,False,False,False,False,True,False,False,False,False,False,False,False,False,True,False,False,False,False,False,False,False,False,False,False,0.0,1.0,0.7818314825,0.6234898019,0.8660254038,-0.5
2024-05-28 01:00:00,-0.9138339908421794,0.5336871242,0.9118195972,0.5029273619,-0.8875679039,0.2567798415,-0.1191607927,0.6559911836,False,-0.1714996949,False,False,True,False,False,False,False,False,False,False,False,False,False,False,False,False,False,False,True,False,False,False,False,False,False,False,False,False,False,0.2588190451,0.9659258263,0.7818314825,0.6234898019,0.8660254038,-0.5
2024-05-28 02:00:00,-0.8935602796943836,0.5058375529,0.9118195972,0.2514063215,-0.8875679039,0.3022785627,-0.1525419025,1.0532522218,False,-0.1714996949,False,False,True,False,False,False,False,False,False,False,False,False,False,False,False,False,False,False,True,False,False,False,False,False,False,False,False,False,False,0.5,0.8660254038,0.7818314825,0.6234898019,0.8660254038,-0.5
2024-05-28 03:00:00,-0.8557160188851642,0.4965543625,0.9118195972,1.2574904829,-0.8875679039,-0.0162124862,0.236904379,0.0448203555,False,-0.1714996949,False,False,False,False,False,False,False,False,False,True,False,False,False,False,False,False,False,False,False,False,True,False,False,False,False,False,False,False,False,0.7071067812,0.7071067812,0.7818314825,0.6234898019,0.8660254038,-0.5
2024-05-28 04:00:00,-0.8746381492897739,0.4315720296,0.9118195972,1.5090115233,-0.8875679039,0.1202836776,0.4483180747,-0.0774138101,False,-0.1714996949,False,False,False,False,False,False,False,False,False,True,False,False,False,False,False,False,False,False,False,False,True,False,False,False,False,False,False,False,False,0.8660254038,0.5,0.7818314825,0.6234898019,0.8660254038,-0.5
2024-05-28 05:00:00,-0.8354423077373683,0.375872887,0.9118195972,0.2514063215,-0.8875679039,0.2112811202,0.5929695506,0.4420813938,False,-0.1714996949,False,False,True,False,False,False,False,False,False,False,False,False,False,False,False,False,False,False,True,False,False,False,False,False,False,False,False,False,False,0.9659258263,0.2588190451,0.7818314825,0.6234898019,0.8660254038,-0.5
2024-05-28 06:00:00,-0.8557160188851642,0.3480233158,2.3137582136,2.012053604,-0.8875679039,0.0747849564,0.5595884408,0.380964311,False,-0.1714996949,False,False,True,False,False,False,False,False,False,False,False,False,False,False,False,False,False,False,False,False,True,False,False,False,False,False,False,False,False,1.0,0.0,0.7818314825,0.6234898019,0.8660254038,-0.5
2024-05-28 07:00:00,-0.7975980469281491,0.3573065062,0.9118195972,1.7605325636,-0.784663861,0.0747849564,0.4483180747,0.3504057696,False,-0.1714996949,False,False,True,False,False,False,False,False,False,False,False,False,False,False,False,False,False,False,False,False,True,False,False,False,False,False,False,False,False,0.9659258263,-0.2588190451,0.7818314825,0.6234898019,0.8660254038,-0.5
2024-05-28 08:00:00,-0.10288554493034004,0.4315720296,2.3137582136,3.0181377653,-0.784663861,-0.15270865,0.3259206719,1.0532522218,False,-0.1714996949,False,False,True,False,False,False,False,False,False,False,False,False,False,False,False,False,False,False,False,False,True,False,False,False,False,False,False,False,False,0.8660254038,-0.5,0.7818314825,0.6234898019,0.8660254038,-0.5
2024-05-28 09:00:00,1.5190113468933386,0.5986694571,0.9118195972,1.7605325636,-0.784663861,-0.2892048139,0.8266373195,0.1364959797,False,-0.1714996949,False,False,True,False,False,False,False,False,False,False,False,False,False,False,False,False,False,False,False,False,True,False,False,False,False,False,False,False,False,0.7071067812,-0.7071067812,0.7818314825,0.6234898019,0.8660254038,-0.5
2024-05-28 10:00:00,1.9636814114016636,0.7750500751,2.3137582136,2.2635746443,-0.784663861,-0.5166984203,1.0603050884,1.2977205531,False,-0.1714996949,False,False,True,False,False,False,False,False,False,False,False,False,False,False,False,False,False,False,False,False,True,False,False,False,False,False,False,False,False,0.5,-0.8660254038,0.7818314825,0.6234898019,0.8660254038,-0.5
2024-05-28 11:00:00,2.0799173553156938,0.9142979314,2.3137582136,2.2635746443,-0.8875679039,-0.6076958628,0.9935428688,0.992135139,False,-0.1714996949,False,False,True,False,False,False,False,False,False,False,False,False,False,False,False,False,False,False,False,False,True,False,False,False,False,False,False,False,False,0.2588190451,-0.9659258263,0.7818314825,0.6234898019,0.8660254038,-0.5
2024-05-28 12:00:00,2.5043137086762233,0.9514306931,2.3137582136,2.012053604,-0.9904719468,-0.6986933054,1.4386243333,2.0922426295,False,-0.1714996949,False,False,False,False,False,False,False,False,False,False,False,False,False,False,True,False,False,False,True,False,False,False,False,False,False,False,False,False,False,0.0,-1.0,0.7818314825,0.6234898019,0.8660254038,-0.5
2024-05-28 13:00:00,2.0758626130861346,1.1185281207,2.3137582136,2.766616725,-0.9904719468,-0.8351894692,1.2717187841,2.0311255467,False,-0.1714996949,False,False,False,False,False,False,False,False,False,False,False,False,False,False,True,False,False,False,False,False,True,False,False,False,False,False,False,False,False,-0.2588190451,-0.9659258263,0.7818314825,0.6234898019,0.8660254038,-0.5
2024-05-28 14:00:00,2.2529196904435533,1.1649440728,2.3137582136,2.012053604,-1.0933759897,-1.0171843543,1.505386553,2.0922426295,False,-0.1714996949,False,False,False,False,False,False,False,False,False,False,False,False,False,False,True,False,False,False,False,True,False,False,False,False,False,False,False,False,False,-0.5,-0.8660254038,0.7818314825,0.6234898019,0.8660254038,-0.5
2024-05-28 15:00:00,2.5624316806332383,1.1185281207,0.9118195972,1.7605325636,-1.0933759897,-1.3811741245,1.6945461755,2.0922426295,False,-0.1714996949,False,False,False,False,False,False,False,False,False,False,False,False,False,False,True,False,False,False,False,True,False,False,False,False,False,False,False,False,False,-0.7071067812,-0.7071067812,0.7818314825,0.6234898019,0.8660254038,-0.5
2024-05-28 16:00:00,2.620549652590254,1.0999617399,2.3137582136,2.012053604,-1.1962800326,-1.3356754033,1.6945461755,2.0922426295,False,-0.1714996949,False,False,False,False,False,False,False,False,False,False,False,False,False,False,True,False,False,False,False,True,False,False,False,False,False,False,False,False,False,-0.8660254038,-0.5,0.7818314825,0.6234898019,0.8660254038,-0.5
2024-05-28 17:00:00,2.793551987718113,1.081395359,2.3137582136,1.7605325636,-1.1962800326,-1.4266728458,1.6945461755,2.0922426295,False,-0.1714996949,False,False,False,False,False,False,False,False,False,False,False,False,False,False,True,False,False,False,False,True,False,False,False,False,False,False,False,False,False,-0.9659258263,-0.2588190451,0.7818314825,0.6234898019,0.8660254038,-0.5
2024-05-28 18:00:00,2.6002759414424577,1.0349794069,2.3137582136,2.2635746443,-1.1962800326,-1.5176702884,1.6945461755,2.0922426295,False,-0.1714996949,False,False,False,False,False,False,False,False,False,False,False,False,False,False,True,False,False,False,False,True,False,False,False,False,False,False,False,False,False,-1.0,-0.0,0.7818314825,0.6234898019,0.8660254038,-0.5
2024-05-28 19:00:00,2.0799173553156938,0.9978466452,0.9118195972,1.0059694426,-1.2991840755,-1.5176702884,1.6945461755,2.0922426295,False,-0.1714996949,False,False,False,False,False,False,False,False,False,False,False,False,False,False,True,False,False,False,False,True,False,False,False,False,False,False,False,False,False,-0.9659258263,0.2588190451,0.7818314825,0.6234898019,0.8660254038,-0.5
2024-05-28 20:00:00,1.944759280997054,0.9607138835,0.9118195972,1.2574904829,-1.1962800326,-1.4266728458,1.6945461755,2.0922426295,False,-0.1714996949,False,False,False,False,False,False,False,False,False,False,False,False,False,False,True,False,False,False,False,True,False,False,False,False,False,False,False,False,False,-0.8660254038,0.5,0.7818314825,0.6234898019,0.8660254038,-0.5
2024-05-28 21:00:00,1.8285233370830238,0.9328643123,0.9118195972,1.0059694426,-1.0933759897,-1.4266728458,1.6945461755,2.0922426295,False,-0.1714996949,False,False,False,False,False,False,True,False,False,False,False,False,False,False,False,False,False,False,False,True,False,False,False,False,False,False,False,False,False,-0.7071067812,0.7071067812,0.7818314825,0.6234898019,0.8660254038,-0.5
2024-05-28 22:00:00,1.4000722414929352,0.8957315506,0.9118195972,1.2574904829,-0.9904719468,-1.290176682,1.6945461755,2.0922426295,False,-0.1714996949,False,False,False,False,False,False,True,False,False,False,False,False,False,False,False,False,False,False,False,True,False,False,False,False,False,False,False,False,False,-0.5,0.8660254038,0.7818314825,0.6234898019,0.8660254038,-0.5
2024-05-28 23:00:00,-0.6043220006524941,0.8400324081,2.3137582136,2.2635746443,-0.9904719468,-1.3356754033,1.6945461755,2.0922426295,False,-0.1714996949,False,False,False,False,False,False,False,False,False,False,False,False,False,False,True,False,False,False,False,True,False,False,False,False,False,False,False,False,False,-0.2588190451,0.9659258263,0.7818314825,0.6234898019,0.8660254038,-0.5
2024-05-29 00:00:00,-0.8746381492897739,0.8400324081,2.3137582136,2.2635746443,-0.9904719468,-1.3356754033,1.6945461755,2.0922426295,False,-0.1714996949,False,False,False,False,False,False,False,False,False,False,False,False,False,False,True,False,False,False,False,True,False,False,False,False,False,False,False,False,False,0.0,1.0,0.9749279122,-0.222520934,0.8660254038,-0.5
2024-05-29 01:00:00,-1.0097962236084137,0.7843332655,0.9118195972,1.5090115233,-0.9904719468,-1.290176682,1.6945461755,2.0922426295,False,-0.1714996949,False,False,False,False,False,False,False,False,False,False,False,False,False,False,True,False,False,False,False,True,False,False,False,False,False,False,False,False,False,0.2588190451,0.9659258263,0.9749279122,-0.222520934,0.8660254038,-0.5
2024-05-29 02:00:00,-0.8746381492897739,0.8028996464,0.9118195972,1.2574904829,-1.0933759897,-1.4266728458,1.6945461755,2.0922426295,False,-0.1714996949,False,False,False,False,False,False,False,False,False,False,False,False,False,False,True,False,False,False,False,True,False,False,False,False,False,False,False,False,False,0.5,0.8660254038,0.9749279122,-0.222520934,0.8660254038,-0.5
2024-05-29 03:00:00,-0.8746381492897739,0.7750500751,0.9118195972,1.5090115233,-1.0933759897,-1.3811741245,1.6945461755,2.0922426295,False,-0.1714996949,False,False,False,False,False,False,False,False,False,False,False,False,False,False,True,False,False,False,False,False,True,False,False,False,False,False,False,False,False,0.7071067812,0.7071067812,0.9749279122,-0.222520934,0.8660254038,-0.5
2024-05-29 04:00:00,-0.739480074971134,0.7657668847,0.9118195972,1.2574904829,-1.0933759897,-1.3356754033,1.6945461755,2.0922426295,False,-0.1714996949,False,False,False,False,False,False,False,False,False,False,False,False,False,False,True,False,False,False,False,True,False,False,False,False,False,False,False,False,False,0.8660254038,0.5,0.9749279122,-0.222520934,0.8660254038,-0.5
2024-05-29 05:00:00,-0.8746381492897739,0.7100677422,0.9118195972,0.5029273619,-1.0933759897,-1.1991792394,1.6945461755,2.0922426295,False,-0.1714996949,False,False,False,False,False,False,False,False,False,False,False,False,False,False,True,False,False,False,False,True,False,False,False,False,False,False,False,False,False,0.9659258263,0.2588190451,0.9749279122,-0.222520934,0.8660254038,-0.5
2024-05-29 06:00:00,-0.8746381492897739,0.6265190284,-0.4901190191,-0.2516357592,-1.0933759897,-0.9261869118,1.6945461755,2.0922426295,False,-0.1714996949,False,False,False,False,False,False,True,False,False,False,False,False,False,False,False,False,False,False,True,False,False,False,False,False,False,False,False,False,False,1.0,0.0,0.9749279122,-0.222520934,0.8660254038,-0.5
2024-05-29 07:00:00,-1.0097962236084137,0.617235838,-0.4901190191,-0.0001147188,-0.9904719468,-0.7896907479,1.6945461755,2.0922426295,False,-0.1714996949,False,False,False,False,False,False,True,False,False,False,False,False,False,False,False,False,False,False,True,False,False,False,False,False,False,False,False,False,False,0.9659258263,-0.2588190451,0.9749279122,-0.222520934,0.8660254038,-0.5
2024-05-29 08:00:00,-0.6043220006524941,0.5336871242,0.9118195972,0.7544484022,-0.8875679039,-0.6076958628,1.6945461755,2.0922426295,False,-0.1714996949,False,False,False,False,False,False,True,False,False,False,False,False,False,False,False,False,False,False,False,False,True,False,False,False,False,False,False,False,False,0.8660254038,-0.5,0.9749279122,-0.222520934,0.8660254038,-0.5
2024-05-29 09:00:00,0.34178451957798506,0.4594216008,0.9118195972,1.5090115233,-0.784663861,-0.4257009777,1.6945461755,2.0922426295,False,-0.1714996949,True,False,False,False,False,False,False,False,False,False,False,False,False,False,False,False,False,False,False,False,False,False,True,False,False,False,False,False,False,0.7071067812,-0.7071067812,0.9749279122,-0.222520934,0.8660254038,-0.5
2024-05-29 10:00:00,0.8824168168525446,0.3480233158,0.9118195972,0.2514063215,-0.6817598181,0.0747849564,0.7710021365,2.0922426295,True,0.8006481012,True,False,False,False,False,False,False,False,False,False,False,False,False,False,False,False,False,False,False,False,False,False,True,False,False,False,False,False,False,0.5,-0.8660254038,0.9749279122,-0.222520934,0.8660254038,-0.5
2024-05-29 11:00:00,0.8824168168525446,0.1902090786,0.9118195972,0.2514063215,-0.5788557752,0.8937619394,0.2591584522,2.0922426295,True,3.2508978088,True,False,False,False,False,False,False,False,False,False,False,False,False,False,False,False,False,False,False,False,False,False,True,False,False,False,False,False,False,0.2588190451,-0.9659258263,0.9749279122,-0.222520934,0.8660254038,-0.5
2024-05-29 12:00:00,0.7472587425339047,0.1716426978,-0.4901190191,-0.0001147188,-0.5788557752,1.166754267,-0.6087504037,2.0922426295,True,3.7845478903,True,False,False,False,False,False,False,False,False,False,False,False,False,False,False,False,False,False,False,True,False,False,False,False,False,False,False,False,False,0.0,-1.0,0.9749279122,-0.222520934,0.8660254038,-0.5
2024-05-29 13:00:00,0.20662644525934518,0.1623595074,-0.4901190191,-0.2516357592,-0.5788557752,1.1212555457,-0.1636689391,2.0922426295,True,1.6225873512,True,False,False,False,False,False,False,False,False,False,False,False,False,False,False,False,False,False,False,False,True,False,False,False,False,False,False,False,False,-0.2588190451,-0.9659258263,0.9749279122,-0.222520934,0.8660254038,-0.5
