时间,天气状况,温度(℃),降水量(mm),风向,风力(级),风速(km/h),气压(hPa),湿度(%),能见度(km),云量%
2024-01-01 00:00,晴,4.1,0,北风,1,5,978,50,10,24
2024-01-01 01:00,晴,3.8,0,北风,1,3,978,51,11.8,19
2024-01-01 02:00,晴,3.9,0,东北风,2,11,978,50,14.5,24
2024-01-01 03:00,晴,3.4,0,东北风,2,8,979,54,10.3,17
2024-01-01 04:00,晴,3.6,0,东北风,2,8,979,53,9.2,26
2024-01-01 05:00,多云,3.2,0,东北风,2,6,978,56,8.5,52
2024-01-01 06:00,多云,2.9,0,东北风,2,6,978,58,5.7,60
2024-01-01 07:00,多云,3,0,东北风,2,10,979,55,7.5,53
2024-01-01 08:00,多云,3,0,东北风,1,5,980,56,7.7,41
2024-01-01 09:00,多云,3,0,西北风,1,5,981,56,8,40
2024-01-01 10:00,多云,3,0,南风,1,3,981,60,7.4,41
2024-01-01 11:00,多云,3.6,0,西南风,1,4,981,56,7.5,67
2024-01-01 12:00,多云,4.4,0,西风,2,6,980,54,6.8,79
2024-01-01 13:00,多云,5.5,0,西风,2,8,978,49,7.8,34
2024-01-01 14:00,晴,6.9,0,西南风,2,7,977,43,8.5,19
2024-01-01 15:00,多云,7.9,0,西风,2,9,976,42,11.2,36
2024-01-01 16:00,多云,8.7,0,西南风,2,8,976,41,11.5,58
2024-01-01 17:00,多云,7.8,0,西南风,2,10,976,44,9.8,66
2024-01-01 18:00,多云,6.9,0,西南风,1,5,976,46,10.1,75
2024-01-01 19:00,多云,6.8,0,西风,1,4,976,47,11.8,76
2024-01-01 20:00,阴,6,0,西风,1,3,976,48,12,92
2024-01-01 21:00,阴,5.1,0,西北风,1,5,976,52,9.1,94
2024-01-01 22:00,多云,3.8,0,西北风,1,4,977,55,8.1,83
2024-01-01 23:00,多云,3.1,0,西北风,1,4,977,62,8.4,67
2024-01-02 00:00,晴,2.2,0,东北风,1,5,977,64,7.7,7
2024-01-02 01:00,晴,1.4,0,北风,1,4,976,69,6.8,10
2024-01-02 02:00,,,,,,,,,,
2024-01-02 03:00,,,,,,,,,,
2024-01-02 04:00,,,,,,,,,,
2024-01-02 05:00,,,,,,,,,,
2024-01-02 06:00,,,,,,,,,,
2024-01-02 07:00,,,,,,,,,,
2024-01-02 08:00,晴,0.9,0,西南风,2,8,979,74,5.3,0
2024-01-02 09:00,晴,1.4,0,西南风,2,8,979,74,5.3,0
2024-01-02 10:00,晴,3.7,0,西南风,2,8,980,69,5,0
2024-01-02 11:00,晴,5.5,0,西南风,2,11,981,56,5.7,0
2024-01-02 12:00,晴,7.7,0,西南风,2,11,981,56,5.7,0
2024-01-02 13:00,晴,10.1,0,西南风,3,14,979,42,10,0
2024-01-02 14:00,晴,12.9,0,西南风,3,16,977,34,12.2,0
2024-01-02 15:00,晴,14.2,0,西风,3,14,976,16,27.2,0
2024-01-02 16:00,晴,13,0,西风,4,21,976,16,26.9,0
2024-01-02 17:00,晴,12.2,0,西北风,4,20,976,17,26.4,0
2024-01-02 18:00,晴,10.8,0,西北风,4,20,976,17,26.4,0
2024-01-02 19:00,晴,9.6,0,西风,2,9,978,20,28.8,0
2024-01-02 20:00,晴,8.5,0,西风,2,9,978,20,28.8,0
2024-01-02 21:00,晴,7,0,西北风,2,6,979,25,22.5,0
2024-01-02 22:00,晴,5.9,0,西南风,1,5,979,27,20.9,0
2024-01-02 23:00,晴,5.2,0,南风,1,4,979,33,17.8,0
2024-01-03 00:00,晴,3,0,南风,1,4,979,33,17.8,0
2024-01-03 01:00,晴,2,0,东风,1,4,979,38,18.4,0
2024-01-03 02:00,晴,1.3,0,东北风,1,5,979,45,16.9,0
2024-01-03 03:00,晴,0.3,0,东北风,1,5,979,48,16.5,0
2024-01-03 04:00,晴,-0.1,0,东北风,1,3,979,53,15.8,0
2024-01-03 05:00,晴,-1.2,0,北风,1,3,979,57,16.1,0
2024-01-03 06:00,晴,-1.3,0,北风,1,5,979,51,20.6,0
2024-01-03 07:00,晴,-2.1,0,东北风,1,3,979,51,26.4,0
2024-01-03 08:00,晴,-2.1,0,东北风,1,5,979,57,21.5,0
2024-01-03 09:00,晴,0.7,0,东北风,1,4,979,57,14.6,0
2024-01-03 10:00,晴,3.1,0,东北风,2,7,979,51,12.9,0
2024-01-03 11:00,晴,4.7,0,东北风,2,9,978,39,12.6,0
2024-01-03 12:00,晴,6.3,0,东北风,2,10,977,33,19.8,0
2024-01-03 13:00,晴,7.5,0,东北风,2,12,975,31,21.6,0
2024-01-03 14:00,晴,8.3,0,东北风,2,11,974,29,23.6,0
2024-01-03 15:00,晴,8.8,0,东风,2,12,973,29,21.4,0
2024-01-03 16:00,晴,8.7,0,东风,2,10,972,29,21.4,0
2024-01-03 17:00,晴,7.5,0,东北风,2,11,972,33,19,0
2024-01-03 18:00,晴,6.3,0,东北风,2,7,972,40,14.9,0
2024-01-03 19:00,晴,4.4,0,东北风,2,8,971,44,12.7,0
2024-01-03 20:00,晴,3.1,0,北风,1,3,971,46,13.4,0
2024-01-03 21:00,晴,3.5,0,西北风,2,6,972,49,11.7,0
2024-01-03 22:00,晴,2.8,0,西风,2,6,972,44,13,0
2024-01-03 23:00,晴,1.7,0,西风,1,5,972,49,13.5,0
2024-01-04 00:00,晴,1,0,西风,1,5,972,49,14.4,0
2024-01-04 01:00,晴,2.2,0,西南风,2,7,972,50,13.7,0
2024-01-04 02:00,晴,1.8,0,西南风,2,9,971,55,11.7,0
2024-01-04 03:00,晴,0.3,0,西南风,1,5,971,56,10.6,0
2024-01-04 04:00,晴,1.3,0,西南风,2,9,970,54,9.2,0
2024-01-04 05:00,晴,0.5,0,西南风,1,5,970,59,8.1,0
2024-01-04 06:00,晴,0,0,西南风,1,5,970,60,8,0
2024-01-04 07:00,晴,0.1,0,西南风,2,6,971,61,8.1,0
2024-01-04 08:00,晴,-1,0,西北风,1,5,972,65,7.4,0
2024-01-04 09:00,晴,1.2,0,西南风,2,8,972,59,7.9,0
2024-01-04 10:00,晴,3.9,0,西风,3,14,973,50,9.3,0
2024-01-04 11:00,晴,5.9,0,西南风,2,8,972,44,10.7,0
2024-01-04 12:00,晴,7.8,0,西南风,2,8,971,36,12.3,0
2024-01-04 13:00,晴,10.4,0,南风,2,8,970,32,14.5,0
2024-01-04 14:00,晴,10.9,0,西南风,2,7,969,33,16.3,0
2024-01-04 15:00,晴,12.7,0,西风,1,4,969,30,16.9,0
2024-01-04 16:00,晴,12.2,0,西北风,1,4,968,29,17.3,0
2024-01-04 17:00,晴,10.1,0,静风,0,0,969,29,16.9,0
2024-01-04 18:00,晴,7.5,0,静风,0,0,969,29,16.9,0
2024-01-04 19:00,晴,7.3,0,东北风,1,5,971,45,12.7,0
2024-01-04 20:00,晴,6.3,0,东北风,1,5,971,49,9.2,0
2024-01-04 21:00,晴,4.5,0,北风,1,5,972,55,8.3,0
2024-01-04 22:00,晴,4.2,0,东北风,2,8,973,57,7.5,0
2024-01-04 23:00,晴,2.6,0,东北风,1,3,973,61,7.1,0
2024-01-05 00:00,晴,2.5,0,东北风,1,3,973,61,7.1,0
2024-01-05 01:00,晴,1.5,0,西北风,1,4,974,58,8.5,0
2024-01-05 02:00,晴,1.1,0,西北风,1,4,974,58,8.5,0
2024-01-05 03:00,晴,0.5,0,东北风,1,5,974,60,10.1,0
2024-01-05 04:00,晴,0.2,0,东北风,1,4,974,61,11.9,0
2024-01-05 05:00,晴,0.5,0,西风,1,4,975,58,14.1,0
2024-01-05 06:00,晴,-0.5,0,西北风,1,2,976,64,11.8,0
2024-01-05 07:00,晴,-0.5,0,南风,1,1,977,65,11.6,0
2024-01-05 08:00,晴,-0.3,0,南风,2,8,977,65,7.6,0
2024-01-05 09:00,晴,0.7,0,东北风,1,1,978,67,7.3,0
2024-01-05 10:00,晴,4.1,0,西北风,1,2,979,57,9.5,0
2024-01-05 11:00,晴,5.7,0,西北风,1,2,979,57,9.5,0
2024-01-05 12:00,晴,7.3,0,西南风,1,4,978,52,7.6,0
2024-01-05 13:00,晴,8.4,0,西南风,2,9,976,40,8.1,0
2024-01-05 14:00,晴,9.7,0,南风,2,6,975,35,9.8,0
2024-01-05 15:00,晴,9.6,0,西南风,1,5,974,31,9.9,4
2024-01-05 16:00,晴,9.7,0,西南风,2,7,974,30,11.4,0
2024-01-05 17:00,多云,8.8,0,西风,1,4,974,33,11.3,43
2024-01-05 18:00,多云,8.5,0,西风,2,8,974,32,11,32
2024-01-05 19:00,晴,7.1,0,西风,2,6,975,33,12.5,16
2024-01-05 20:00,晴,6.4,0,西南风,2,6,976,37,13.2,0
2024-01-05 21:00,晴,5.5,0,西南风,2,6,976,39,13.9,0
2024-01-05 22:00,晴,3.3,0,静风,0,1,976,45,13,0
2024-01-05 23:00,晴,2.7,0,西北风,1,3,976,51,10.1,15
2024-01-06 00:00,晴,3.3,0,西北风,1,3,976,50,10.6,19
2024-01-06 01:00,晴,1.6,0,西北风,1,3,977,54,8.9,0
2024-01-06 02:00,晴,0.5,0,西北风,1,3,977,54,8.9,0
2024-01-06 03:00,晴,0.3,0,西风,1,1,977,68,6.7,0
2024-01-06 04:00,晴,-1,0,西北风,1,3,977,59,8.6,0
2024-01-06 05:00,晴,-0.8,0,静风,0,1,977,65,8,0
2024-01-06 06:00,晴,-1.6,0,东北风,1,4,978,72,6,0
2024-01-06 07:00,晴,-1.5,0,东风,2,6,979,69,6.9,0
2024-01-06 08:00,晴,-1.7,0,东北风,2,6,980,70,7,0
2024-01-06 09:00,晴,0,0,东北风,1,5,981,68,7,0
2024-01-06 10:00,晴,4.2,0,东北风,2,7,981,56,7.3,0
2024-01-06 11:00,晴,5.5,0,东风,3,14,981,33,19.2,1
2024-01-06 12:00,晴,6.9,0,东风,3,17,980,25,30,7
2024-01-06 13:00,晴,7.7,0,东北风,3,17,980,20,30,0
2024-01-06 14:00,晴,8,0,东风,3,15,978,20,30,0
2024-01-06 15:00,晴,8.2,0,东北风,3,15,978,20,30,0
2024-01-06 16:00,晴,8,0,东风,3,14,977,20,30,0
2024-01-06 17:00,晴,7.1,0,东风,2,9,978,21,30,0
2024-01-06 18:00,晴,5.8,0,东风,2,9,978,24,30,0
2024-01-06 19:00,晴,5.1,0,东风,2,9,979,26,30,0
2024-01-06 20:00,晴,3.6,0,东风,2,9,979,26,26.4,0
2024-01-06 21:00,晴,2.7,0,东北风,1,5,979,32,24.9,0
2024-01-06 22:00,晴,3,0,东风,2,9,980,28,20.5,0
2024-01-06 23:00,晴,2.9,0,东北风,2,11,980,26,21,0
2024-01-07 00:00,晴,1.4,0,东北风,2,8,980,29,23.8,0
2024-01-07 01:00,晴,1.5,0,东北风,2,9,980,31,27,5
2024-01-07 02:00,晴,1.1,0,东北风,2,9,980,32,27,5
2024-01-07 03:00,多云,1.2,0,东北风,2,8,980,31,28,50
2024-01-07 04:00,多云,0.9,0,东北风,2,6,980,30,30,41
2024-01-07 05:00,晴,0.5,0,东风,2,8,979,29,30,27
2024-01-07 06:00,晴,-0.9,0,东风,2,10,979,35,26.1,9
2024-01-07 07:00,多云,-1.1,0,东风,2,10,979,35,26.1,64
2024-01-07 08:00,晴,-1.3,0,东北风,2,7,980,44,24.9,28
2024-01-07 09:00,多云,-0.4,0,东北风,2,8,980,38,26,44
2024-01-07 10:00,晴,1.4,0,东北风,2,11,980,33,30,23
2024-01-07 11:00,晴,1.3,0,东北风,2,11,980,33,30,20
2024-01-07 12:00,晴,2.9,0,东风,3,13,979,37,18.1,6
2024-01-07 13:00,晴,4.3,0,东风,2,10,978,31,24.5,5
2024-01-07 14:00,晴,4.4,0,东北风,3,13,977,31,20.2,6
2024-01-07 15:00,晴,4.4,0,东风,2,11,976,36,18.2,0
2024-01-07 16:00,晴,4.2,0,东风,2,10,975,36,18.3,0
2024-01-07 17:00,晴,3.4,0,东北风,2,11,975,37,17,0
2024-01-07 18:00,晴,2.3,0,东北风,2,11,975,37,17,0
2024-01-07 19:00,晴,0.8,0,东北风,1,5,976,47,11.8,0
2024-01-07 20:00,晴,0.8,0,北风,1,4,976,50,12.2,0
2024-01-07 21:00,晴,-0.1,0,北风,1,4,976,50,12.2,0
2024-01-07 22:00,晴,0.1,0,西北风,1,3,976,57,10.5,0
2024-01-07 23:00,晴,-0.2,0,西北风,1,3,976,57,10.5,0
2024-01-08 00:00,晴,-0.8,0,东北风,1,1,976,59,9.2,0
2024-01-08 01:00,晴,0,0,南风,1,5,976,54,9.9,0
2024-01-08 02:00,晴,-1.6,0,南风,1,5,976,54,9.9,0
2024-01-08 03:00,晴,-2.4,0,南风,1,3,975,54,9.9,3
2024-01-08 04:00,晴,-2.8,0,静风,0,1,974,66,8.4,6
2024-01-08 05:00,晴,-3.2,0,东北风,1,3,973,71,7.4,2
2024-01-08 06:00,晴,-3.4,0,西北风,1,3,973,74,7.2,2
2024-01-08 07:00,晴,-3.8,0,东北风,1,3,974,70,7.8,0
2024-01-08 08:00,晴,-3.5,0,南风,1,1,974,66,10.4,0
2024-01-08 09:00,晴,-1.7,0,北风,1,1,974,67,7.6,0
2024-01-08 10:00,晴,0.6,0,东北风,1,5,974,55,9.9,0
2024-01-08 11:00,晴,2.8,0,北风,1,5,973,49,10.3,0
2024-01-08 12:00,晴,4.4,0,北风,1,5,973,49,10.3,0
2024-01-08 13:00,晴,5.5,0,东北风,2,6,972,42,11,0
2024-01-08 14:00,晴,6.9,0,东风,2,6,969,35,11.2,0
2024-01-08 15:00,晴,6.9,0,南风,1,5,968,34,10.5,0
2024-01-08 16:00,晴,7.3,0,东北风,1,5,968,32,11.9,0
2024-01-08 17:00,晴,6.7,0,东风,2,8,968,34,11.9,0
2024-01-08 18:00,晴,6.7,0,东风,2,8,968,34,11.9,0
2024-01-08 19:00,晴,3.6,0,东北风,1,3,971,47,10,0
2024-01-08 20:00,晴,3.1,0,西风,1,3,972,48,8.9,0
2024-01-08 21:00,晴,3.1,0,西风,1,3,972,48,8.9,27
2024-01-08 22:00,多云,3.1,0,西风,1,5,974,49,8.6,71
2024-01-08 23:00,多云,2.9,0,西北风,2,6,974,50,8.1,44
2024-01-09 00:00,多云,2.9,0,南风,2,7,974,52,7.8,50
2024-01-09 01:00,多云,3,0,西南风,2,6,975,53,7.5,41
2024-01-09 02:00,晴,3,0,西南风,2,6,975,53,7.5,3
2024-01-09 03:00,晴,2.6,0,西南风,2,7,974,55,6.9,0
2024-01-09 04:00,晴,2.8,0,西南风,2,6,974,54,7.6,2
2024-01-09 05:00,晴,1.8,0,西风,2,6,974,58,6.9,0
2024-01-09 06:00,晴,0.8,0,西北风,1,5,975,61,6.4,0
2024-01-09 07:00,晴,0.1,0,东南风,1,1,975,66,6.3,0
2024-01-09 08:00,晴,0.1,0,东南风,1,1,975,66,6.3,0
2024-01-09 09:00,晴,0.8,0,西南风,2,7,976,66,5.8,0
2024-01-09 10:00,晴,3.6,0,西北风,1,2,977,57,4.6,0
2024-01-09 11:00,晴,7.4,0,西南风,2,8,977,45,6.5,0
2024-01-09 12:00,晴,10.6,0,西南风,2,6,976,30,8.6,0
2024-01-09 13:00,晴,12.7,0,西南风,1,5,974,22,11.4,0
2024-01-09 14:00,晴,14,0,西南风,2,8,973,16,17.1,0
2024-01-09 15:00,晴,14.8,0,西南风,2,6,973,14,23.6,0
2024-01-09 16:00,晴,14.8,0,西南风,2,6,972,14,28.1,0
2024-01-09 17:00,晴,14.2,0,南风,2,6,973,14,26.1,0
2024-01-09 18:00,晴,11.3,0,南风,1,4,973,19,19.1,0
2024-01-09 19:00,晴,9.7,0,西南风,2,6,974,22,21.9,0
2024-01-09 20:00,晴,9,0,东风,2,11,975,26,18,0
2024-01-09 21:00,晴,6.4,0,北风,1,4,976,32,15.2,0
2024-01-09 22:00,晴,6,0,东北风,3,12,977,36,12.6,0
2024-01-09 23:00,晴,6,0,东北风,3,12,977,36,13.6,0
2024-01-10 00:00,晴,5,0,东北风,3,14,978,36,13.6,0
2024-01-10 01:00,晴,4.5,0,东北风,2,11,978,38,21,0
2024-01-10 02:00,晴,4.2,0,东风,2,12,978,39,26,0
2024-01-10 03:00,晴,2.9,0,东北风,2,8,978,43,26,0
2024-01-10 04:00,晴,2.9,0,东北风,2,8,978,43,25.7,0
2024-01-10 05:00,晴,2.1,0,东北风,2,10,977,46,26.9,0
2024-01-10 06:00,晴,1.6,0,东风,2,9,977,48,24.2,0
2024-01-10 07:00,晴,0.7,0,东风,2,6,977,52,24.5,0
2024-01-10 08:00,晴,0.7,0,东风,2,6,977,52,24.5,0
2024-01-10 09:00,晴,1.1,0,东风,1,5,978,54,19.4,0
2024-01-10 10:00,晴,3,0,东北风,2,7,979,45,19.4,0
2024-01-10 11:00,晴,3,0,东北风,2,7,979,45,23.5,0
2024-01-10 12:00,晴,4,0,东风,2,10,978,42,18.1,0
2024-01-10 13:00,晴,6,0,东风,2,7,976,37,18.1,0
2024-01-10 14:00,晴,6.6,0,东风,2,6,974,37,16.7,0
2024-01-10 15:00,晴,6.9,0,东北风,1,4,974,38,14.9,1
2024-01-10 16:00,晴,7.4,0,东风,1,4,973,36,14.8,19
2024-01-10 17:00,多云,6.9,0,东北风,1,3,973,38,14.3,37
2024-01-10 18:00,晴,5.9,0,南风,1,4,973,41,12.9,26
2024-01-10 19:00,多云,5.3,0,南风,1,3,973,44,12.9,49
2024-01-10 20:00,晴,4.5,0,西北风,1,4,974,46,8.3,15
2024-01-10 21:00,晴,3.2,0,西北风,1,3,974,51,8.2,0
2024-01-10 22:00,晴,2.2,0,西风,1,2,974,53,9.7,1
2024-01-10 23:00,晴,3,0,西南风,1,5,974,53,10.6,0
2024-01-11 00:00,晴,1.9,0,西南风,1,5,974,53,10.6,0
2024-01-11 01:00,晴,0.1,0,西北风,1,3,973,59,9.3,0
2024-01-11 02:00,晴,1.4,0,西北风,1,3,973,59,9.3,5
2024-01-11 03:00,晴,1.4,0,西南风,2,6,972,58,7.9,0
2024-01-11 04:00,晴,-0.6,0,西风,1,4,972,65,7.8,0
2024-01-11 05:00,晴,-0.5,0,西北风,1,4,972,67,7.8,0
2024-01-11 06:00,晴,-1.5,0,西北风,1,5,972,65,7.3,0
2024-01-11 07:00,晴,-1.5,0,南风,1,2,972,68,7.7,0
2024-01-11 08:00,晴,-2.1,0,北风,1,5,972,71,7.3,0
2024-01-11 09:00,晴,0.3,0,东北风,1,3,972,70,6.7,0
2024-01-11 10:00,晴,3.5,0,东风,1,3,973,60,7.6,0
2024-01-11 11:00,晴,4.7,0,东风,1,4,973,50,7.1,0
2024-01-11 12:00,晴,7.5,0,西南风,1,5,972,41,9.7,0
2024-01-11 13:00,晴,9.6,0,西南风,1,5,970,37,10.3,0
2024-01-11 14:00,晴,11.2,0,南风,1,4,969,34,9,0
2024-01-11 15:00,晴,11.8,0,东南风,1,4,969,33,8.1,0
2024-01-11 16:00,晴,11.9,0,东风,1,4,968,32,7.7,0
2024-01-11 17:00,晴,10.7,0,东北风,1,5,968,34,8.4,0
2024-01-11 18:00,晴,8,0,东风,1,5,968,41,8.7,0
2024-01-11 19:00,晴,6.5,0,东南风,1,4,969,49,7.8,1
2024-01-11 20:00,晴,5.6,0,东北风,1,5,970,53,9.2,0
2024-01-11 21:00,晴,4.6,0,东南风,1,3,970,54,8.6,0
2024-01-11 22:00,晴,3.3,0,北风,1,1,970,61,5.8,0
2024-01-11 23:00,晴,2.7,0,西北风,1,4,971,62,5.6,0
2024-01-12 00:00,晴,2.2,0,北风,1,5,971,66,5.2,0
2024-01-12 01:00,晴,1.6,0,北风,1,5,971,67,5.1,0
2024-01-12 02:00,晴,0.7,0,北风,1,5,971,67,5.1,0
2024-01-12 03:00,晴,0.3,0,东北风,1,4,971,70,5.2,0
2024-01-12 04:00,晴,0.2,0,西北风,1,3,971,69,5.3,0
2024-01-12 05:00,晴,-0.2,0,东风,1,3,971,73,5.6,0
2024-01-12 06:00,霾,-0.5,0,东南风,1,3,971,73,4.2,0
2024-01-12 07:00,霾,-0.7,0,西北风,1,3,971,79,4.3,0
2024-01-12 08:00,霾,-1.4,0,东风,1,1,971,79,4.4,0
2024-01-12 09:00,晴,0.4,0,东北风,1,4,972,73,6.6,0
2024-01-12 10:00,晴,4,0,北风,1,3,972,68,5.7,0
2024-01-12 11:00,晴,4.6,0,南风,1,4,973,58,4.6,2
2024-01-12 12:00,晴,5.9,0,东北风,2,8,972,50,5.4,3
2024-01-12 13:00,晴,7.9,0,东风,1,3,970,44,5.6,0
2024-01-12 14:00,晴,9.7,0,东北风,2,6,969,39,6.3,0
2024-01-12 15:00,晴,10.5,0,东北风,2,6,969,36,6.3,0
2024-01-12 16:00,晴,10.8,0,东风,1,5,968,36,6.9,0
2024-01-12 17:00,晴,10.1,0,东风,1,4,969,38,7.4,0
2024-01-12 18:00,晴,7.7,0,东风,1,4,969,46,6.9,0
2024-01-12 19:00,晴,6.4,0,东风,1,4,969,51,6.9,0
2024-01-12 20:00,晴,5.6,0,南风,1,1,969,54,6.6,0
2024-01-12 21:00,晴,4.7,0,东风,1,2,969,58,6.5,0
2024-01-12 22:00,晴,3.5,0,东北风,1,4,970,62,4.8,0
2024-01-12 23:00,霾,3.3,0,西北风,1,5,970,62,4.2,0
2024-01-13 00:00,霾,3.3,0,西北风,1,5,970,62,4.2,0
2024-01-13 01:00,霾,2.3,0,西北风,2,6,970,65,3.8,0
2024-01-13 02:00,霾,1.5,0,西北风,1,3,970,67,3.7,0
2024-01-13 03:00,霾,0.9,0,西北风,1,3,970,70,3.1,0
2024-01-13 04:00,霾,-0.1,0,东风,1,3,970,74,2.9,0
2024-01-13 05:00,霾,0.7,0,南风,1,4,970,78,3,0
2024-01-13 06:00,晴,0.1,0,西北风,2,7,971,76,3,0
2024-01-13 07:00,霾,-0.2,0,西北风,1,3,971,73,3.7,0
2024-01-13 08:00,霾,-0.4,0,北风,1,3,971,77,3.8,0
2024-01-13 09:00,霾,-0.1,0,西北风,1,3,972,76,3.1,0
2024-01-13 10:00,霾,2.2,0,静风,0,1,973,70,3.6,0
2024-01-13 11:00,霾,5.6,0,南风,2,6,973,60,3.2,0
2024-01-13 12:00,霾,7.2,0,西风,2,9,972,55,3.1,0
2024-01-13 13:00,霾,8.7,0,西南风,2,6,971,48,3.7,0
2024-01-13 14:00,晴,10.2,0,西南风,2,7,970,41,4.6,0
2024-01-13 15:00,晴,11.4,0,西南风,2,8,969,37,4.8,0
2024-01-13 16:00,晴,11.9,0,西南风,2,7,969,36,4.9,0
2024-01-13 17:00,晴,11.6,0,西南风,2,7,969,37,5.2,1
2024-01-13 18:00,晴,9.8,0,西南风,1,4,970,44,4.6,0
2024-01-13 19:00,晴,9.2,0,西南风,2,8,971,46,4.8,0
2024-01-13 20:00,霾,7.5,0,北风,1,2,972,53,4.1,0
2024-01-13 21:00,霾,7.9,0,西风,2,6,973,51,4.1,0
2024-01-13 22:00,霾,7.2,0,西南风,2,8,973,55,3.9,0
2024-01-13 23:00,霾,5.7,0,西北风,1,3,974,60,3.5,0
2024-01-14 00:00,霾,5,0,东北风,1,3,975,65,3.2,0
2024-01-14 01:00,霾,3.4,0,西北风,1,2,975,71,2.6,9
2024-01-14 02:00,霾,3.4,0,西北风,1,2,975,71,2.6,53
2024-01-14 03:00,霾,2.7,0,西北风,1,4,976,71,2.5,54
2024-01-14 04:00,霾,2.1,0,东南风,1,1,977,74,2.3,11
2024-01-14 05:00,霾,2.1,0,东南风,1,1,977,74,2.3,1
2024-01-14 06:00,雾,1.1,0,东北风,1,5,978,82,1.9,0
2024-01-14 07:00,晴,1.3,0,南风,1,4,979,81,2.2,0
2024-01-14 08:00,晴,1,0,东北风,1,5,980,80,2.1,0
2024-01-14 09:00,霾,1.6,0,西北风,1,2,981,77,2.3,0
2024-01-14 10:00,霾,5.1,0,东北风,1,5,981,52,4.2,0
2024-01-14 11:00,晴,7.3,0,东北风,3,12,982,36,9.5,0
2024-01-14 12:00,晴,7.3,0,东北风,3,12,982,36,9.5,0
2024-01-14 13:00,晴,9.1,0,东北风,3,16,979,32,13.6,0
2024-01-14 14:00,晴,10,0,东北风,2,10,978,32,16.1,1
2024-01-14 15:00,晴,10.6,0,东风,2,11,978,28,18.9,0
2024-01-14 16:00,晴,10.7,0,东风,2,11,978,28,21.2,0
2024-01-14 17:00,晴,10,0,东风,2,8,978,30,18.4,0
2024-01-14 18:00,晴,8.4,0,东风,1,5,978,33,18.4,0
2024-01-14 19:00,晴,7.8,0,东风,2,8,978,35,17,0
2024-01-14 20:00,晴,6.7,0,东北风,2,7,979,39,15,7
2024-01-14 21:00,晴,6.7,0,东北风,2,7,979,39,15,6
2024-01-14 22:00,晴,5.8,0,东北风,2,6,980,42,10.8,9
2024-01-14 23:00,晴,6.1,0,东北风,2,8,981,41,11,1
2024-01-15 00:00,晴,6.1,0,东风,3,19,980,44,7.2,14
2024-01-15 01:00,多云,5,0,东风,4,22,980,53,4.4,55
2024-01-15 02:00,多云,5,0,东风,4,22,980,53,4.4,57
2024-01-15 03:00,霾,4.2,0,东北风,3,14,980,56,4.2,56
2024-01-15 04:00,多云,3.8,0,东风,4,21,980,54,5,67
2024-01-15 05:00,扬沙,3.3,0,东风,4,23,979,54,5.6,84
2024-01-15 06:00,阴,2.7,0,东风,4,24,979,51,7.3,95
2024-01-15 07:00,阴,2.7,0,东风,3,18,979,52,7.9,91
2024-01-15 08:00,小雨,2.7,0,东风,3,18,979,52,7.9,95
2024-01-15 09:00,中雨,2.5,0,东北风,3,19,980,52,7.3,95
2024-01-15 10:00,大雪,0.4,0.2,东风,3,17,981,80,2,95
2024-01-15 11:00,大雪,-0.4,2.4,东风,3,14,981,94,0.8,95
2024-01-15 12:00,阴,-0.3,1.2,东风,3,13,980,95,0.8,95
2024-01-15 13:00,中雪,-0.6,0.7,东风,3,13,979,95,2.2,95
2024-01-15 14:00,小雪,-0.4,0,东北风,3,14,978,94,2.8,92
2024-01-15 15:00,阴,-0.4,0.1,东北风,2,11,978,93,2.5,90
2024-01-15 16:00,多云,-0.3,0.1,东北风,2,9,978,94,2.5,76
2024-01-15 17:00,多云,-0.5,0,东北风,3,14,978,93,3.5,64
2024-01-15 18:00,多云,-0.5,0,东北风,3,14,978,93,3.5,73
2024-01-15 19:00,多云,-0.4,0.2,东北风,3,13,979,92,3.9,78
2024-01-15 20:00,多云,-0.6,0,东风,2,10,979,90,6.2,64
2024-01-15 21:00,多云,-0.6,0,东北风,2,7,979,90,5.7,38
2024-01-15 22:00,多云,-0.7,0,东北风,2,6,980,91,5.4,57
2024-01-15 23:00,多云,-0.7,0,东北风,2,6,980,91,5.4,55
2024-01-16 00:00,多云,-0.6,0,东北风,2,6,979,90,6.5,61
2024-01-16 01:00,,,,,,,,,,
2024-01-16 02:00,,,,,,,,,,
2024-01-16 03:00,,,,,,,,,,
2024-01-16 04:00,,,,,,,,,,
2024-01-16 05:00,,,,,,,,,,
2024-01-16 06:00,,,,,,,,,,
2024-01-16 07:00,,,,,,,,,,
2024-01-16 08:00,晴,-0.6,0,东北风,1,5,978,90,5.2,1
2024-01-16 09:00,多云,-0.5,0,东北风,2,7,978,89,5,38
2024-01-16 10:00,多云,-0.4,0,东北风,2,7,979,88,4.5,64
2024-01-16 11:00,大雪,-0.1,0,北风,1,3,980,88,4,94
2024-01-16 12:00,暴雪,-0.3,0,东风,2,7,978,88,4.1,95
2024-01-16 13:00,中雪,-0.3,0.4,东风,1,3,977,89,1.8,95
2024-01-16 14:00,大雪,-0.4,0.9,东北风,1,5,977,92,1.7,94
2024-01-16 15:00,小雪,-0.4,0,东北风,1,5,976,92,3.4,81
2024-01-16 16:00,大雪,-0.5,0,东北风,1,5,976,92,3.4,70
2024-01-16 17:00,大雪,-0.7,0.3,东风,1,5,976,94,2.6,63
2024-01-16 18:00,大雪,-0.7,0.6,东北风,1,5,977,94,1.5,72
2024-01-16 19:00,中雪,-0.6,0,东北风,1,5,977,95,2.8,77
2024-01-16 20:00,中雪,-0.5,0.2,东北风,1,4,977,95,2.6,66
2024-01-16 21:00,多云,-0.5,0.2,东北风,1,4,977,95,2.6,36
2024-01-16 22:00,晴,-0.5,0.1,东北风,1,4,978,95,3,23
2024-01-16 23:00,多云,-0.5,0,东北风,1,1,978,95,3.1,32
2024-01-17 00:00,晴,-0.5,0,南风,1,4,977,95,3.1,16
2024-01-17 01:00,雾,-0.5,0,南风,1,3,977,96,1.5,19
2024-01-17 02:00,多云,-0.6,0,南风,1,3,977,96,2,34
2024-01-17 03:00,多云,-0.6,0,静风,0,1,976,96,2.1,30
2024-01-17 04:00,多云,-0.5,0,西风,1,3,976,96,2.7,47
2024-01-17 05:00,多云,-0.7,0,西风,1,3,976,96,2.7,70
2024-01-17 06:00,多云,-0.7,0,北风,1,3,976,96,2.6,75
2024-01-17 07:00,多云,-0.6,0,西北风,1,3,976,96,2.5,38
2024-01-17 08:00,晴,-0.3,0,西北风,1,3,976,96,2.6,21
2024-01-17 09:00,晴,0,0,静风,0,0,977,95,2.2,21
2024-01-17 10:00,多云,0.5,0,东北风,1,3,977,94,3.1,56
2024-01-17 11:00,多云,1.1,0,北风,1,2,977,90,3.7,78
2024-01-17 12:00,阴,1.6,0,北风,1,2,977,90,3.7,87
2024-01-17 13:00,阴,1.2,0,东风,1,4,975,88,2.7,93
2024-01-17 14:00,雾,1.3,0,东风,1,5,975,91,1.6,89
2024-01-17 15:00,阴,1.5,0,东南风,2,6,975,88,3,87
2024-01-17 16:00,多云,1.6,0,东风,1,5,975,86,3.6,76
2024-01-17 17:00,晴,1.6,0,南风,1,5,975,87,2,27
2024-01-17 18:00,多云,1.6,0,东北风,1,4,975,87,3.7,68
2024-01-17 19:00,多云,1.3,0,东风,2,6,976,88,3.4,57
2024-01-17 20:00,多云,1,0,南风,1,3,976,90,2.8,61
2024-01-17 21:00,多云,1,0,东北风,1,3,976,91,2.5,66
2024-01-17 22:00,多云,0.5,0,东风,1,4,977,90,2.7,44
2024-01-17 23:00,多云,0.3,0,东北风,1,3,977,92,2.3,63
2024-01-18 00:00,多云,0.6,0,东北风,1,3,977,92,2.5,71
2024-01-18 01:00,多云,0.7,0,南风,1,1,977,92,2.3,45
2024-01-18 02:00,多云,0.8,0,东风,1,3,977,92,2.3,48
2024-01-18 03:00,多云,0.8,0,东北风,1,4,976,92,2.1,48
2024-01-18 04:00,多云,0.6,0,东北风,2,6,976,91,2.4,47
2024-01-18 05:00,多云,0.5,0,东北风,2,6,976,92,2.3,51
2024-01-18 06:00,多云,0.5,0,东北风,2,6,976,91,2.4,59
2024-01-18 07:00,多云,0.3,0,东风,2,9,977,89,2.7,68
2024-01-18 08:00,多云,0.2,0,东风,2,7,977,91,2.4,67
2024-01-18 09:00,多云,0.2,0,东风,2,9,977,91,2.5,53
2024-01-18 10:00,阴,0.2,0,东风,2,12,978,91,2.4,83
2024-01-18 11:00,阴,0.3,0,东风,3,14,978,91,2.2,95
2024-01-18 12:00,阴,0.5,0,东风,3,14,977,92,2.2,95
2024-01-18 13:00,阴,0.5,0,东北风,3,14,976,92,2.2,95
2024-01-18 14:00,雾,0.5,0,东风,3,12,975,94,1.8,95
2024-01-18 15:00,阴,0.5,0,东北风,2,12,975,93,2,95
2024-01-18 16:00,雾,0.6,0,东北风,2,11,975,94,1.8,82
2024-01-18 17:00,多云,0.7,0,东北风,2,10,975,93,2.2,75
2024-01-18 18:00,阴,0.9,0,东北风,2,10,976,91,2.5,82
2024-01-18 19:00,阴,0.9,0,东北风,2,6,976,91,2.3,83
2024-01-18 20:00,阴,0.9,0,东北风,2,6,977,91,2.1,89
2024-01-18 21:00,阴,0.9,0,东北风,1,5,977,91,2.3,85
2024-01-18 22:00,阴,1,0,东北风,1,5,977,91,2.4,89
2024-01-18 23:00,阴,1,0,北风,1,4,977,92,2.5,91
2024-01-19 00:00,阴,0.8,0,东北风,2,9,977,88,3.1,95
2024-01-19 01:00,多云,0.5,0,东北风,2,9,977,87,4.4,78
2024-01-19 02:00,阴,0.3,0,东北风,2,9,976,86,5,81
2024-01-19 03:00,大雪,0.2,0,东北风,2,9,977,86,5,58
2024-01-19 04:00,多云,-0.1,0,东北风,2,8,977,88,3.7,52
2024-01-19 05:00,多云,-0.2,0.2,东北风,2,9,977,92,3.8,64
2024-01-19 06:00,多云,-0.1,0,东北风,2,11,977,90,4.8,71
2024-01-19 07:00,多云,-0.1,0,东北风,2,9,977,88,5.9,74
2024-01-19 08:00,晴,0,0,东北风,2,9,977,88,5.9,21
2024-01-19 09:00,多云,0.2,0,东北风,2,11,978,86,6.7,52
2024-01-19 10:00,多云,0.3,0,东北风,2,9,979,85,6.9,78
2024-01-19 11:00,阴,0.4,0,东风,2,10,979,84,6.8,95
2024-01-19 12:00,阴,0.5,0,东北风,2,9,979,84,6.2,95
2024-01-19 13:00,阴,0.4,0,东北风,2,7,978,87,4.6,95
2024-01-19 14:00,阴,0.3,0,东风,2,7,978,90,3.6,95
2024-01-19 15:00,阴,0.3,0,东北风,2,8,977,90,3.8,92
2024-01-19 16:00,阴,0.4,0,东北风,2,6,978,89,4.4,83
2024-01-19 17:00,多云,0.4,0,东北风,2,6,978,89,4.4,69
2024-01-19 18:00,阴,0.4,0,东风,1,2,979,88,3.2,86
2024-01-19 19:00,阴,0.4,0,西南风,1,3,980,91,3.5,93
2024-01-19 20:00,阴,0.4,0,西北风,1,3,981,90,3.6,89
2024-01-19 21:00,阴,0.6,0,北风,1,5,981,89,4.1,89
2024-01-19 22:00,阴,0.4,0,东北风,1,3,982,89,4,84
2024-01-19 23:00,多云,0.5,0,西风,1,3,982,89,4.1,67
2024-01-20 00:00,多云,0.4,0,西风,1,3,982,89,4.1,75
2024-01-20 01:00,多云,0.4,0,西风,1,4,982,91,3.6,57
2024-01-20 02:00,多云,0.5,0,西风,1,3,981,90,4.1,55
2024-01-20 03:00,多云,0.5,0,西南风,1,5,981,86,4.5,32
2024-01-20 04:00,晴,-0.1,0,西南风,1,5,981,86,4.5,22
2024-01-20 05:00,晴,-0.1,0,西南风,1,4,980,91,3.9,20
2024-01-20 06:00,多云,0.2,0,西南风,2,8,980,91,3.9,46
2024-01-20 07:00,阴,0,0,西南风,2,8,980,91,3.9,89
2024-01-20 08:00,阴,0.3,0,西南风,1,4,980,91,3.6,94
2024-01-20 09:00,多云,0.6,0,北风,1,3,981,92,3.4,53
2024-01-20 10:00,多云,1.2,0,西北风,1,4,981,90,3.7,38
2024-01-20 11:00,多云,2.7,0,北风,1,3,981,84,4.5,58
2024-01-20 12:00,多云,3.6,0,西北风,1,4,980,78,4.1,38
2024-01-20 13:00,霾,4.9,0,东北风,1,3,979,73,3.7,4
2024-01-20 14:00,晴,4.4,0,东风,2,10,978,72,5.4,0
2024-01-20 15:00,晴,4,0,东北风,2,12,978,75,5.3,3
2024-01-20 16:00,晴,3.7,0,东风,3,13,978,76,4.5,2
2024-01-20 17:00,晴,3.1,0,东风,3,14,978,77,4.6,12
2024-01-20 18:00,霾,2.6,0,东北风,2,10,979,81,4.3,61
2024-01-20 19:00,阴,2.4,0,东北风,3,13,980,83,3.6,89
2024-01-20 20:00,阴,2.5,0,东北风,3,13,980,83,3.6,84
2024-01-20 21:00,小雨,2.4,0,东北风,2,6,982,81,3.9,82
2024-01-20 22:00,小雨,2.5,0,东北风,1,5,983,82,3.6,76
2024-01-20 23:00,霾,2.4,0,东北风,2,9,984,78,4.1,78
2024-01-21 00:00,小雨,2.5,0,东北风,2,8,984,75,4.7,82
2024-01-21 01:00,多云,2.5,0,东北风,2,8,984,75,4.7,62
2024-01-21 02:00,多云,2.1,0,东风,2,9,985,64,8.2,57
2024-01-21 03:00,多云,1.9,0,东风,2,9,985,64,10,74
2024-01-21 04:00,多云,1.7,0,东北风,2,7,986,62,14.1,85
2024-01-21 05:00,多云,1.3,0,东风,2,8,986,57,21.1,78
2024-01-21 06:00,多云,0.8,0,东风,1,5,987,53,27.7,40
2024-01-21 07:00,多云,-0.1,0,东风,2,7,988,50,30,38
2024-01-21 08:00,多云,-0.3,0,东风,2,7,988,50,30,54
2024-01-21 09:00,中雪,-0.4,0,东北风,3,13,991,51,29.8,71
2024-01-21 10:00,阴,-0.1,0,东风,3,17,992,48,26,93
2024-01-21 11:00,阴,-0.2,0,东风,3,13,992,46,30,95
2024-01-21 12:00,阴,-0.4,0,东风,3,13,992,46,30,95
2024-01-21 13:00,小雪,-0.3,0,东风,2,12,991,47,30,95
2024-01-21 14:00,中雪,-0.3,0,东风,2,11,991,40,30,95
2024-01-21 15:00,中雪,-0.8,0,东南风,2,10,991,40,30,95
2024-01-21 16:00,阴,-0.6,0,东风,2,6,991,40,30,95
2024-01-21 17:00,阴,-1,0,东风,2,6,991,40,30,93
2024-01-21 18:00,阴,-1.4,0,南风,1,5,992,45,30,95
2024-01-21 19:00,多云,-1.7,0,东风,1,4,993,50,30,76
2024-01-21 20:00,多云,-2,0,东风,2,7,994,53,29.8,58
2024-01-21 21:00,多云,-1.5,0,东风,2,8,995,48,30,59
2024-01-21 22:00,多云,-1.9,0,东风,2,10,995,43,30,70
2024-01-21 23:00,多云,-2.5,0,东风,3,16,996,45,30,77
2024-01-22 00:00,多云,-3.4,0,东风,4,23,996,32,30,42
2024-01-22 01:00,晴,-4.3,0,东北风,3,15,996,36,30,24
2024-01-22 02:00,晴,-5.4,0,东风,3,17,996,38,30,24
2024-01-22 03:00,晴,-5.9,0,东风,3,15,996,39,30,27
2024-01-22 04:00,多云,-6.6,0,东风,3,13,995,40,30,43
2024-01-22 05:00,多云,-7.2,0,东风,2,11,996,43,30,40
2024-01-22 06:00,晴,-7.9,0,东风,2,12,996,42,30,9
2024-01-22 07:00,晴,-8.2,0,东风,2,9,996,44,30,0
2024-01-22 08:00,晴,-8.3,0,东风,2,10,996,46,30,2
2024-01-22 09:00,晴,-7.4,0,东风,3,13,997,40,30,0
2024-01-22 10:00,晴,-6.4,0,东风,3,13,997,39,30,0
2024-01-22 11:00,晴,-6,0,东风,2,12,997,35,30,0
2024-01-22 12:00,晴,-5.3,0,东风,2,10,995,31,30,0
2024-01-22 13:00,晴,-4.5,0,东风,3,14,994,30,30,0
2024-01-22 14:00,晴,-4.3,0,东北风,3,13,993,26,30,0
2024-01-22 15:00,晴,-3.7,0,东风,2,12,992,24,30,0
2024-01-22 16:00,晴,-3.4,0,东风,2,12,992,24,30,0
2024-01-22 17:00,晴,-4.2,0,东风,2,12,991,24,30,0
2024-01-22 18:00,晴,-4.7,0,东北风,2,12,992,29,30,0
2024-01-22 19:00,晴,-5.1,0,东北风,2,6,993,34,30,1
2024-01-22 20:00,晴,-5.2,0,东北风,2,8,993,34,30,10
2024-01-22 21:00,多云,-5.3,0,东北风,2,6,994,33,30,69
2024-01-22 22:00,多云,-5.6,0,东风,2,8,994,36,30,72
2024-01-22 23:00,多云,-5.8,0,东风,2,9,994,44,30,81
2024-01-23 00:00,阴,-6,0,东北风,1,5,994,46,30,95
2024-01-23 01:00,多云,-6,0,东北风,2,8,994,42,30,88
2024-01-23 02:00,多云,-6,0,东北风,2,8,994,42,30,87
2024-01-23 03:00,阴,-5.8,0,东北风,1,4,994,41,30,90
2024-01-23 04:00,阴,-5.8,0,东北风,1,4,994,41,30,94
2024-01-23 05:00,阴,-5.7,0,东北风,1,5,994,41,30,95
2024-01-23 06:00,多云,-6,0,东北风,1,5,994,42,30,79
2024-01-23 07:00,晴,-6.9,0,北风,1,3,994,51,30,22
2024-01-23 08:00,多云,-7.1,0,北风,2,7,995,54,30,64
2024-01-23 09:00,多云,-5.5,0,东北风,2,8,995,41,30,38
2024-01-23 10:00,多云,-4.3,0,东北风,2,7,995,33,30,73
2024-01-23 11:00,多云,-3.4,0,北风,2,7,995,30,30,55
2024-01-23 12:00,多云,-2.5,0,西北风,1,5,995,28,30,67
2024-01-23 13:00,多云,-2.2,0,西北风,1,5,994,30,30,58
2024-01-23 14:00,晴,-0.9,0,西北风,2,9,992,28,30,6
2024-01-23 15:00,晴,-0.3,0,东南风,1,5,992,27,30,0
2024-01-23 16:00,晴,-0.3,0,南风,1,4,991,26,30,0
2024-01-23 17:00,晴,-0.9,0,西南风,1,5,991,26,30,0
2024-01-23 18:00,晴,-1.9,0,西北风,1,2,991,27,30,0
2024-01-23 19:00,晴,-3.1,0,西风,1,2,991,30,30,0
2024-01-23 20:00,晴,-3,0,西风,2,6,992,34,29.6,0
2024-01-23 21:00,晴,-3.4,0,西风,2,8,992,38,29.4,5
2024-01-23 22:00,晴,-3.8,0,西风,2,6,992,40,28.1,21
2024-01-23 23:00,多云,-4.5,0,西风,1,4,992,46,12.8,66
2024-01-24 00:00,多云,-4.2,0,西南风,1,5,992,48,21.7,52
2024-01-24 01:00,多云,-3.9,0,西南风,1,5,992,50,18.2,72
2024-01-24 02:00,多云,-4.3,0,西南风,1,5,992,50,18.2,46
2024-01-24 03:00,晴,-4.7,0,西南风,1,4,992,53,14.7,14
2024-01-24 04:00,晴,-5,0,西南风,2,6,991,59,14.4,3
2024-01-24 05:00,晴,-5.3,0,西南风,1,3,991,59,15.6,11
2024-01-24 06:00,晴,-5.4,0,西南风,2,6,990,60,11.8,25
2024-01-24 07:00,晴,-6,0,西风,1,4,991,64,11.6,0
2024-01-24 08:00,晴,-6.4,0,西风,1,4,991,64,11.6,0
2024-01-24 09:00,晴,-3.9,0,西北风,1,3,991,67,9.5,0
2024-01-24 10:00,晴,-2.4,0,西风,2,6,992,51,9.3,0
2024-01-24 11:00,晴,-0.6,0,南风,2,6,991,39,14.1,0
2024-01-24 12:00,晴,-0.2,0,西南风,2,6,990,35,19.2,4
2024-01-24 13:00,晴,0.5,0,西风,2,7,989,34,19.2,1
2024-01-24 14:00,晴,1.4,0,西南风,2,7,987,30,24.1,2
2024-01-24 15:00,晴,2.5,0,西南风,2,7,987,30,24.1,2
2024-01-24 16:00,晴,2.6,0,北风,1,5,987,28,25.6,1
2024-01-24 17:00,晴,1.3,0,西南风,2,6,986,26,25.9,0
2024-01-24 18:00,晴,0.3,0,西南风,2,6,986,26,25.9,1
2024-01-24 19:00,晴,-0.4,0,西风,2,10,987,37,18.8,11
2024-01-24 20:00,多云,-0.5,0,西风,2,7,987,39,17.9,37
2024-01-24 21:00,多云,-1.1,0,西风,1,4,987,41,15.2,68
2024-01-24 22:00,多云,-1.2,0,西南风,1,5,987,38,19.6,52
2024-01-24 23:00,多云,-1.8,0,西南风,1,5,987,38,19.6,55
2024-01-25 00:00,晴,-2.1,0,西南风,1,5,987,43,17.1,1
2024-01-25 01:00,晴,-3,0,西风,1,5,987,43,20.4,0
2024-01-25 02:00,晴,-4.2,0,西南风,1,3,987,50,15.1,0
2024-01-25 03:00,晴,-3.8,0,西风,1,3,987,54,17,0
2024-01-25 04:00,晴,-3.7,0,西北风,1,5,987,52,14.3,10
2024-01-25 05:00,晴,-4.8,0,西北风,1,5,987,52,14.3,29
2024-01-25 06:00,多云,-5.3,0,北风,1,2,988,65,11.3,43
2024-01-25 07:00,多云,-5.9,0,西风,1,1,988,66,10.3,38
2024-01-25 08:00,晴,-5.4,0,西风,1,1,988,66,10.3,27
2024-01-25 09:00,多云,-3.9,0,西南风,1,3,989,63,8.7,40
2024-01-25 10:00,晴,-2.3,0,西风,1,5,990,64,7.5,26
2024-01-25 11:00,多云,-0.6,0,北风,2,6,990,39,8.9,35
2024-01-25 12:00,晴,0.6,0,西北风,1,5,990,31,17,16
2024-01-25 13:00,晴,1.9,0,西北风,2,8,988,31,22.2,1
2024-01-25 14:00,晴,2.8,0,东南风,1,5,987,24,23.9,0
2024-01-25 15:00,晴,3.6,0,西南风,1,5,986,23,23,0
2024-01-25 16:00,晴,3.4,0,西风,2,7,986,22,26.5,0
2024-01-25 17:00,晴,2.8,0,西南风,2,6,985,20,24.6,3
2024-01-25 18:00,晴,2,0,西风,2,6,986,22,21.3,6
2024-01-25 19:00,多云,1.1,0,西风,1,5,986,25,20.6,30
2024-01-25 20:00,多云,1,0,西风,1,5,987,27,21,35
2024-01-25 21:00,多云,0.7,0,西南风,2,7,987,29,19.6,70
2024-01-25 22:00,多云,0.6,0,西南风,2,7,987,31,15.6,72
2024-01-25 23:00,多云,0.4,0,静风,0,1,988,35,15.1,69
2024-01-26 00:00,多云,-0.3,0,静风,0,1,988,35,15.1,73
2024-01-26 01:00,多云,-1.2,0,西风,1,4,987,37,14.3,40
2024-01-26 02:00,多云,-0.5,0,西南风,2,6,987,41,11.1,84
2024-01-26 03:00,多云,-1.1,0,西南风,1,3,987,47,11.2,82
2024-01-26 04:00,多云,-1.5,0,西北风,1,3,986,47,11.4,87
2024-01-26 05:00,晴,-2.7,0,西北风,1,2,985,50,12.2,29
2024-01-26 06:00,晴,-3.2,0,东北风,1,2,985,59,9.9,4
2024-01-26 07:00,晴,-3.4,0,西北风,1,3,985,57,10.3,10
2024-01-26 08:00,晴,-3.8,0,西北风,1,2,986,61,8.9,29
2024-01-26 09:00,晴,-1.7,0,东南风,1,3,986,56,10.3,0
2024-01-26 10:00,晴,0.6,0,东南风,1,3,986,56,10.3,0
2024-01-26 11:00,晴,1.6,0,北风,2,6,986,41,13,0
2024-01-26 12:00,晴,3.3,0,南风,1,4,985,33,14,0
2024-01-26 13:00,晴,4.4,0,西南风,2,6,984,28,15.1,0
2024-01-26 14:00,晴,4.9,0,西南风,2,6,984,28,15.1,0
2024-01-26 15:00,晴,5,0,南风,2,6,982,23,16.1,0
2024-01-26 16:00,晴,5.6,0,西南风,1,4,982,22,15.4,0
2024-01-26 17:00,晴,4.9,0,西北风,1,2,982,22,15,0
2024-01-26 18:00,晴,2.3,0,西风,1,3,982,25,16.9,0
2024-01-26 19:00,晴,1.7,0,东北风,1,1,983,31,15.8,0
2024-01-26 20:00,晴,1,0,东北风,1,1,983,31,15.8,0
2024-01-26 21:00,晴,0.1,0,东风,1,5,984,41,12,0
2024-01-26 22:00,多云,-0.4,0,西北风,2,8,984,40,10.4,51
2024-01-26 23:00,多云,-1.3,0,东北风,1,3,985,46,8.5,68
2024-01-27 00:00,晴,-0.9,0,西风,1,3,985,44,8.3,28
2024-01-27 01:00,多云,-2.7,0,北风,1,3,986,48,7.6,31
2024-01-27 02:00,晴,-2.5,0,南风,1,4,986,53,7.7,0
2024-01-27 03:00,晴,-2.3,0,南风,1,5,985,57,8.3,0
2024-01-27 04:00,晴,-3.5,0,西风,1,3,985,58,7,0
2024-01-27 05:00,晴,-4.4,0,北风,1,5,985,58,7.1,0
2024-01-27 06:00,晴,-4.6,0,静风,0,1,984,64,7.4,0
2024-01-27 07:00,晴,-4.7,0,东南风,1,3,985,64,9,0
2024-01-27 08:00,晴,-5,0,东风,1,3,985,70,7.5,0
2024-01-27 09:00,晴,-2.5,0,东北风,1,3,986,69,7.1,0
2024-01-27 10:00,晴,1,0,东北风,1,4,986,55,8.1,0
2024-01-27 11:00,晴,2.1,0,东北风,2,6,986,38,13.6,0
2024-01-27 12:00,晴,3.6,0,东风,1,5,986,33,13.6,0
2024-01-27 13:00,晴,4.3,0,东风,1,5,984,29,13.8,0
2024-01-27 14:00,晴,4.9,0,北风,1,3,983,28,13.4,0
2024-01-27 15:00,晴,5.9,0,北风,1,3,983,28,13.4,0
2024-01-27 16:00,晴,6.2,0,北风,1,3,982,24,16.1,0
2024-01-27 17:00,晴,5.7,0,东风,1,4,982,20,26.3,0
2024-01-27 18:00,晴,4.4,0,东风,1,4,982,20,26.3,0
2024-01-27 19:00,晴,2.4,0,东风,1,4,982,41,14.6,0
2024-01-27 20:00,晴,1.1,0,东北风,1,4,983,46,12.8,0
2024-01-27 21:00,晴,0.4,0,东北风,1,4,983,46,12.8,0
2024-01-27 22:00,多云,-0.6,0,东北风,1,1,983,52,10.2,45
2024-01-27 23:00,多云,-1,0,东北风,1,2,984,51,9.4,35
2024-01-28 00:00,晴,-1.4,0,北风,1,5,984,51,8.8,25
2024-01-28 01:00,多云,-2.8,0,东北风,1,4,984,51,7.9,33
2024-01-28 02:00,多云,-2.8,0,东风,1,3,984,53,9.1,34
2024-01-28 03:00,晴,-3.8,0,东风,1,3,984,53,9.1,27
2024-01-28 04:00,晴,-4.2,0,东北风,1,4,983,62,8.6,11
2024-01-28 05:00,晴,-4.8,0,东北风,1,3,982,66,7.7,0
2024-01-28 06:00,晴,-4.4,0,西北风,1,3,982,64,9.2,0
2024-01-28 07:00,晴,-5.5,0,东北风,1,3,982,63,10.3,0
2024-01-28 08:00,晴,-4.9,0,北风,1,3,982,64,11.6,0
2024-01-28 09:00,晴,-2.3,0,北风,1,3,983,59,12.2,0
2024-01-28 10:00,晴,-0.3,0,东北风,1,3,983,53,10.9,0
2024-01-28 11:00,晴,1.5,0,东北风,1,3,983,53,10.9,0
2024-01-28 12:00,晴,3.5,0,东北风,1,5,983,43,10.4,0
2024-01-28 13:00,晴,4.7,0,东风,2,7,980,36,11.1,0
2024-01-28 14:00,晴,5.3,0,东北风,2,10,978,34,12.9,0
2024-01-28 15:00,晴,5.8,0,东风,2,11,977,28,16.3,0
2024-01-28 16:00,晴,5.9,0,东北风,2,10,977,28,16.3,0
2024-01-28 17:00,晴,4.8,0,东风,2,11,977,27,17.9,0
2024-01-28 18:00,晴,3.5,0,东北风,2,7,977,36,17,0
2024-01-28 19:00,晴,2.1,0,东北风,2,8,977,40,15.4,0
2024-01-28 20:00,晴,1.3,0,东北风,2,8,977,40,15.4,0
2024-01-28 21:00,晴,1,0,北风,1,2,978,45,12.6,0
2024-01-28 22:00,晴,0.7,0,西北风,1,4,978,47,11.5,0
2024-01-28 23:00,晴,-0.3,0,西北风,1,4,978,47,10,0
2024-01-29 00:00,晴,-1.2,0,西北风,1,5,977,52,10.7,0
2024-01-29 01:00,晴,-1.8,0,西北风,1,3,977,54,8.6,0
2024-01-29 02:00,晴,-2.4,0,东风,1,4,976,60,7.8,0
2024-01-29 03:00,晴,-3,0,静风,0,1,976,61,8.4,0
2024-01-29 04:00,晴,-3.3,0,北风,1,2,976,64,6.6,0
2024-01-29 05:00,晴,-3.6,0,西北风,1,2,975,64,7,0
2024-01-29 06:00,晴,-4.5,0,东北风,1,4,975,70,6.1,0
2024-01-29 07:00,晴,-4.1,0,西风,1,2,975,73,5.9,0
2024-01-29 08:00,晴,-4.1,0,东风,1,2,975,66,8.1,0
2024-01-29 09:00,晴,-1.7,0,静风,0,1,975,64,7.4,0
2024-01-29 10:00,晴,0.2,0,北风,2,6,975,57,7.4,0
2024-01-29 11:00,晴,2.3,0,北风,1,5,975,49,8,0
2024-01-29 12:00,晴,3.6,0,东北风,2,9,974,40,8.6,0
2024-01-29 13:00,多云,5.4,0,东北风,2,9,974,40,8.6,38
2024-01-29 14:00,多云,5.7,0,东风,2,6,971,34,11.3,35
2024-01-29 15:00,晴,6.4,0,东风,2,6,971,34,11.3,7
2024-01-29 16:00,晴,5.7,0,东风,3,15,969,35,12.8,2
2024-01-29 17:00,晴,5,0,东风,3,14,969,38,11,3
2024-01-29 18:00,晴,4.2,0,东风,3,13,969,44,9.6,2
2024-01-29 19:00,晴,2.3,0,东北风,1,4,970,52,8.9,0
2024-01-29 20:00,晴,2.1,0,东北风,1,5,971,54,8.6,0
2024-01-29 21:00,晴,0.5,0,东北风,1,5,970,57,7.3,0
2024-01-29 22:00,晴,0.4,0,北风,1,3,970,59,7,0
2024-01-29 23:00,晴,0.8,0,西风,2,6,970,58,6.5,0
2024-01-30 00:00,晴,0.1,0,西风,2,6,970,58,6.5,0
2024-01-30 01:00,晴,-0.2,0,西南风,1,3,970,61,6.8,0
2024-01-30 02:00,晴,-0.5,0,西北风,1,4,970,60,6,0
2024-01-30 03:00,晴,-1.2,0,西北风,2,7,970,63,5.4,0
2024-01-30 04:00,晴,-1.4,0,西南风,1,4,971,64,5.9,0
2024-01-30 05:00,晴,-0.3,0,西南风,1,4,971,61,6.6,0
2024-01-30 06:00,晴,-0.5,0,东北风,1,1,972,64,5.3,21
2024-01-30 07:00,多云,0,0,北风,1,3,973,66,4.6,42
2024-01-30 08:00,多云,0.4,0,北风,1,3,973,66,4.6,40
2024-01-30 09:00,霾,0.7,0,西南风,1,4,974,64,3.9,65
2024-01-30 10:00,霾,2.3,0,西南风,1,4,974,64,3.8,48
2024-01-30 11:00,晴,4.9,0,南风,1,4,974,54,4.6,22
2024-01-30 12:00,晴,6.1,0,西南风,1,5,973,46,5,0
2024-01-30 13:00,晴,8.2,0,东风,1,5,972,42,4.9,0
2024-01-30 14:00,晴,9.4,0,东风,1,5,972,42,4.9,0
2024-01-30 15:00,晴,10.1,0,东北风,1,3,971,38,5.1,0
2024-01-30 16:00,晴,10.3,0,东风,2,6,970,34,7.9,0
2024-01-30 17:00,晴,8.5,0,东风,2,9,970,38,7.3,0
2024-01-30 18:00,晴,7.6,0,东风,3,12,970,46,6.3,0
2024-01-30 19:00,晴,5.5,0,东风,3,12,970,46,6.3,0
2024-01-30 20:00,晴,4.9,0,东北风,2,8,971,55,4.8,0
2024-01-30 21:00,晴,3.3,0,东北风,2,9,971,58,4.9,0
2024-01-30 22:00,霾,2.8,0,北风,2,8,972,64,2.5,0
2024-01-30 23:00,霾,1.5,0,北风,2,6,972,67,3.2,0
2024-01-31 00:00,霾,1.2,0,东北风,1,5,972,67,3.4,0
2024-01-31 01:00,霾,0.7,0,东北风,1,5,972,67,3.4,0
2024-01-31 02:00,霾,0,0,东北风,2,6,973,71,3.3,0
2024-01-31 03:00,霾,0.1,0,北风,1,4,972,77,3.1,0
2024-01-31 04:00,霾,0,0,北风,1,3,972,78,2.9,0
2024-01-31 05:00,晴,-1.2,0,东北风,1,4,971,82,2.8,0
2024-01-31 06:00,晴,-1.2,0,东北风,1,4,971,82,2.8,8
2024-01-31 07:00,晴,-0.8,0,南风,1,1,972,83,3,13
2024-01-31 08:00,霾,0.1,0,西风,1,3,973,77,3.2,6
2024-01-31 09:00,霾,0.4,0,北风,1,2,973,75,3.5,21
2024-01-31 10:00,多云,1.3,0,南风,1,3,974,76,3.2,52
2024-01-31 11:00,多云,2.1,0,南风,1,3,974,76,3.2,78
2024-01-31 12:00,霾,2.9,0,东风,1,3,973,70,1.9,90
2024-01-31 13:00,霾,3.4,0,西北风,1,3,972,66,2.6,95
2024-01-31 14:00,霾,3.3,0,北风,2,6,971,67,3,95
2024-01-31 15:00,霾,3.3,0,北风,1,3,971,66,3.3,95
2024-01-31 16:00,霾,3.4,0,东风,1,4,972,68,3,82
2024-01-31 17:00,阴,2.5,0,东风,2,9,972,73,2.7,82
2024-01-31 18:00,小雨,2.4,0,东风,2,9,972,73,2.7,82
2024-01-31 19:00,小雨,2.2,0,东北风,1,5,973,79,2.6,95
2024-01-31 20:00,阴,1.1,0,东风,1,5,975,86,1.8,85
2024-01-31 21:00,雾,0.6,0.8,静风,0,1,975,93,0.6,64
2024-01-31 22:00,雾,0.6,0.1,静风,0,0,976,95,0.6,69
2024-01-31 23:00,雾,0.6,0.1,静风,0,0,976,95,0.6,73
2024-02-01 00:00,雾,0.7,0.1,东北风,1,1,976,96,0.4,82
2024-02-01 01:00,雾,0.8,0,东北风,1,4,977,96,0.5,54
2024-02-01 02:00,雾,0.7,0,东北风,1,4,977,96,0.5,50
2024-02-01 03:00,大雾,0.6,0,东北风,2,8,977,96,0.9,39
2024-02-01 04:00,雾,0.5,0,东北风,2,8,977,95,1.1,26
2024-02-01 05:00,晴,0.3,0,东北风,2,9,977,96,0.8,1
2024-02-01 06:00,晴,0.2,0,东北风,2,8,977,94,1.4,2
2024-02-01 07:00,多云,0.1,0,东北风,2,9,978,93,1.4,68
2024-02-01 08:00,多云,0.2,0,东北风,2,9,978,93,1.4,60
2024-02-01 09:00,多云,0.2,0,东北风,2,9,980,89,2,48
2024-02-01 10:00,多云,0.1,0,东北风,3,13,980,88,2.3,76
2024-02-01 11:00,阴,0.2,0,东北风,3,12,981,85,3.1,95
2024-02-01 12:00,阴,0,0,东风,3,17,980,83,3.7,86
2024-02-01 13:00,阴,0,0,东风,3,17,980,82,4.3,95
2024-02-01 14:00,阴,-0.2,0,东风,3,19,979,80,4.6,95
2024-02-01 15:00,阴,-0.5,0,东北风,3,13,979,80,5.1,95
2024-02-01 16:00,阴,-0.9,0,东风,3,18,979,76,7.1,95
2024-02-01 17:00,多云,-1.3,0,东风,3,18,979,76,7.8,76
2024-02-01 18:00,多云,-1.5,0,东风,4,21,979,75,9.8,71
2024-02-01 19:00,多云,-1.6,0,东风,3,19,980,72,11.2,89
2024-02-01 20:00,多云,-1.8,0,东风,4,20,980,72,12.1,66
2024-02-01 21:00,多云,-1.8,0,东风,3,17,981,72,11.2,82
2024-02-01 22:00,多云,-2,0,东风,3,16,981,71,12.1,77
2024-02-01 23:00,多云,-2.1,0,东风,3,16,981,71,12.1,81
2024-02-02 00:00,多云,-2.1,0,东北风,3,14,980,71,11.6,84
2024-02-02 01:00,多云,-2.3,0,东北风,3,16,979,72,10.6,84
2024-02-02 02:00,多云,-2.4,0,东北风,3,12,979,73,10.6,73
2024-02-02 03:00,多云,-2.5,0,东风,3,17,978,71,10.5,82
2024-02-02 04:00,阴,-2.7,0,东风,3,13,978,72,9.4,95
2024-02-02 05:00,阴,-2.7,0,东北风,2,9,978,73,9.9,95
2024-02-02 06:00,阴,-2.7,0,东北风,2,9,978,73,9.9,90
2024-02-02 07:00,多云,-2.8,0,东风,3,13,978,72,9.9,86
2024-02-02 08:00,多云,-2.9,0,东北风,3,15,978,74,9.6,78
2024-02-02 09:00,大雪,-3.1,0,东北风,3,14,979,75,7.9,83
2024-02-02 10:00,阴,-3.4,0.1,东北风,2,9,979,81,4.3,94
2024-02-02 11:00,阴,-3.3,0.6,东北风,2,11,979,87,2.2,95
2024-02-02 12:00,小雪,-3.1,0.1,东北风,2,12,979,85,4.2,95
2024-02-02 13:00,阴,-3,0.1,东风,3,13,979,85,4.2,95
2024-02-02 14:00,阴,-2.8,0.1,东风,3,13,979,85,4.2,95
2024-02-02 15:00,阴,-2.7,0.1,东北风,2,9,978,84,5,95
2024-02-02 16:00,阴,-2.6,0.1,东北风,2,10,978,83,5.6,95
2024-02-02 17:00,多云,-2.6,0,东北风,2,10,979,84,5.7,71
2024-02-02 18:00,多云,-2.6,0,东北风,2,10,979,84,5.7,53
2024-02-02 19:00,多云,-2.6,0,东北风,2,10,980,83,5.8,78
2024-02-02 20:00,阴,-2.6,0,东北风,1,5,981,84,5.8,84
2024-02-02 21:00,阴,-2.6,0,东北风,2,7,982,86,4.9,91
2024-02-02 22:00,阴,-2.7,0,北风,2,8,983,84,5.1,90
2024-02-02 23:00,阴,-2.7,0,北风,1,5,983,85,5,95
2024-02-03 00:00,阴,-2.9,0.1,东北风,1,3,982,86,4.6,92
2024-02-03 01:00,阴,-2.9,0,东风,1,5,982,85,4.8,86
2024-02-03 02:00,多云,-3.1,0.1,南风,1,3,982,88,3.6,79
2024-02-03 03:00,多云,-3,0,南风,1,3,982,89,3.7,68
2024-02-03 04:00,多云,-3,0,静风,0,1,982,91,3.1,51
2024-02-03 05:00,小雪,-3.1,0,南风,1,2,982,91,3.2,58
2024-02-03 06:00,多云,-3,0,南风,1,2,982,91,3.2,66
2024-02-03 07:00,多云,-3.2,0,东风,1,5,982,92,2.9,71
2024-02-03 08:00,多云,-3.2,0.1,东风,1,4,983,91,3.4,79
2024-02-03 09:00,中雪,-2.9,0,东北风,2,6,983,90,3.8,69
2024-02-03 10:00,中雪,-2.5,0,东北风,2,6,983,90,3.8,89
2024-02-03 11:00,中雪,-2.1,0.1,东风,2,7,983,86,3.9,93
2024-02-03 12:00,阴,-2,0.1,东风,2,8,982,86,4.1,92
2024-02-03 13:00,中雪,-1.5,0.1,东北风,2,6,982,85,4.3,95
2024-02-03 14:00,阴,-1.1,0.1,东北风,2,6,981,82,5.4,86
2024-02-03 15:00,阴,-1.3,0.1,东北风,2,6,981,82,5.4,80
2024-02-03 16:00,多云,-1.2,0.1,东风,2,9,979,82,5.3,55
2024-02-03 17:00,多云,-1.7,0,东北风,2,9,980,82,4.7,65
2024-02-03 18:00,多云,-1.7,0,东北风,2,9,980,82,5,47
2024-02-03 19:00,多云,-1.9,0,东北风,2,10,980,84,4.1,69
2024-02-03 20:00,多云,-1.8,0,东北风,2,8,981,85,4.6,68
2024-02-03 21:00,多云,-2,0,东北风,2,12,981,85,7.8,81
2024-02-03 22:00,多云,-2.1,0,东北风,2,6,981,86,7.1,80
2024-02-03 23:00,多云,-2.2,0,东北风,2,6,980,87,5.6,71
2024-02-04 00:00,中雪,-2.1,0,东北风,2,6,980,88,4.8,74
2024-02-04 01:00,中雪,-2.2,0,东北风,2,12,980,87,4.5,77
2024-02-04 02:00,中雪,-2.2,0,东北风,1,5,979,88,4.7,77
2024-02-04 03:00,阴,-2.3,0,北风,1,5,979,88,4.4,93
2024-02-04 04:00,阴,-2.3,0,东北风,2,8,979,88,5.2,81
2024-02-04 05:00,阴,-2.3,0,东北风,2,6,978,89,4.7,82
2024-02-04 06:00,阴,-2.5,0,东北风,2,6,978,90,2.9,86
2024-02-04 07:00,阴,-2.6,0.1,东北风,2,8,977,92,2.8,80
2024-02-04 08:00,多云,-2.6,0,东北风,2,10,978,92,3,69
2024-02-04 09:00,多云,-2.1,0,东北风,2,7,978,91,3.4,63
2024-02-04 10:00,阴,-1.7,0,东北风,2,9,979,83,5.1,82
2024-02-04 11:00,小雪,-1,0,东北风,2,9,979,78,6.3,83
2024-02-04 12:00,多云,-0.9,0,东北风,2,11,978,75,10.2,81
2024-02-04 13:00,多云,-0.3,0,东北风,2,10,977,72,8.2,80
2024-02-04 14:00,多云,-0.2,0,东风,2,6,976,70,9.4,82
2024-02-04 15:00,多云,-0.4,0,东北风,2,9,976,72,8.4,79
2024-02-04 16:00,多云,-0.5,0,东风,2,7,977,75,8.8,78
2024-02-04 17:00,多云,-0.6,0,东风,3,13,977,77,7.7,68
2024-02-04 18:00,多云,-0.9,0,东北风,3,13,978,76,8.2,71
2024-02-04 19:00,多云,-1.1,0,东北风,3,13,978,76,8.2,83
2024-02-04 20:00,多云,-1.2,0,东北风,2,8,980,77,9.1,58
2024-02-04 21:00,多云,-1.7,0,东北风,2,9,980,78,8.1,75
2024-02-04 22:00,多云,-2.1,0,东北风,2,6,980,77,9.3,84
2024-02-04 23:00,多云,-2.1,0,东北风,2,6,980,77,9.3,74
2024-02-05 00:00,多云,-1.9,0,东北风,2,9,980,77,9.6,47
2024-02-05 01:00,多云,-2.2,0,东北风,1,4,980,79,8.6,37
2024-02-05 02:00,多云,-2.1,0,东北风,2,7,979,83,7.6,55
2024-02-05 03:00,多云,-2.2,0,东北风,2,6,979,78,8.7,76
2024-02-05 04:00,多云,-2.1,0,东北风,2,7,978,79,8.5,73
2024-02-05 05:00,多云,-2,0,东北风,2,6,978,77,8.8,71
2024-02-05 06:00,多云,-2.1,0,东北风,2,10,978,78,8.5,49
2024-02-05 07:00,多云,-2,0,东北风,1,5,979,80,7.6,62
2024-02-05 08:00,多云,-2.1,0,东北风,1,5,979,80,7.6,61
2024-02-05 09:00,多云,-2.1,0,东北风,1,5,980,81,7,66
2024-02-05 10:00,多云,-2,0,东北风,1,5,980,81,7,74
2024-02-05 11:00,阴,-1,0,东北风,2,6,981,81,4.5,85
2024-02-05 12:00,阴,-0.3,0,东风,1,5,981,75,5.7,87
2024-02-05 13:00,阴,0.8,0,西南风,1,4,980,72,6.6,85
2024-02-05 14:00,阴,0.8,0,西南风,2,6,980,72,5.8,81
2024-02-05 15:00,多云,0.8,0,西南风,1,5,980,74,4.7,70
2024-02-05 16:00,多云,-0.2,0,东风,2,10,980,82,3.9,58
2024-02-05 17:00,多云,-0.4,0,南风,1,3,980,88,2,52
2024-02-05 18:00,晴,-0.2,0,静风,0,1,981,84,5,29
2024-02-05 19:00,多云,0,0,南风,1,3,981,81,6.3,52
2024-02-05 20:00,多云,0.1,0,西南风,1,3,982,79,6.1,53
2024-02-05 21:00,多云,0,0,西风,1,4,982,77,5.6,52
2024-02-05 22:00,阴,0.1,0,西风,1,5,982,75,6.3,85
2024-02-05 23:00,阴,0.1,0,西风,1,5,982,75,6.3,82
2024-02-06 00:00,阴,0.1,0,西南风,1,4,982,76,6.2,81
2024-02-06 01:00,多云,0.1,0,西南风,1,5,982,77,5.4,71
2024-02-06 02:00,多云,0.1,0,西南风,1,4,982,76,5.7,69
2024-02-06 03:00,多云,0.1,0,西风,1,4,982,76,5.5,71
2024-02-06 04:00,多云,-0.1,0,西风,1,4,982,77,5.3,39
2024-02-06 05:00,多云,-0.8,0,东北风,1,4,982,80,4.9,40
2024-02-06 06:00,多云,-0.9,0,东风,1,3,981,82,4.7,62
2024-02-06 07:00,多云,-0.8,0,西风,1,5,982,84,4.5,74
2024-02-06 08:00,多云,-1,0,东北风,1,4,982,85,4.1,75
2024-02-06 09:00,多云,-0.3,0,东北风,1,4,983,84,4.2,65
2024-02-06 10:00,多云,0.9,0,东北风,1,4,984,77,4.9,73
2024-02-06 11:00,多云,2.3,0,南风,1,5,984,71,4.6,72
2024-02-06 12:00,多云,3.3,0,西风,1,4,983,65,5.2,71
2024-02-06 13:00,多云,4.2,0,东北风,1,2,982,58,5.5,79
2024-02-06 14:00,多云,4.7,0,东南风,1,3,981,58,6.2,65
2024-02-06 15:00,多云,5,0,南风,2,7,980,56,6.2,51
2024-02-06 16:00,晴,5.2,0,东南风,2,6,980,55,6.6,27
2024-02-06 17:00,多云,4.5,0,东风,2,7,980,56,6.7,37
2024-02-06 18:00,多云,3.3,0,东南风,1,4,980,60,5.7,40
2024-02-06 19:00,阴,2.6,0,东北风,1,1,981,66,6.3,89
2024-02-06 20:00,阴,2.1,0,东南风,1,3,982,69,6.6,87
2024-02-06 21:00,阴,1.8,0,西南风,1,2,982,72,6,87
2024-02-06 22:00,多云,1.2,0,东北风,1,3,982,74,5.7,77
2024-02-06 23:00,多云,0.2,0,东北风,1,3,982,74,5.7,73
2024-02-07 00:00,多云,0,0,西北风,1,4,982,76,4.8,30
2024-02-07 01:00,晴,-0.8,0,北风,1,3,982,84,4,6
2024-02-07 02:00,多云,-1.1,0,北风,1,3,981,87,3.1,44
2024-02-07 03:00,多云,-0.9,0,北风,2,6,981,87,3.3,59
2024-02-07 04:00,阴,-1.7,0,北风,1,4,981,87,3.2,85
2024-02-07 05:00,晴,-1.4,0,北风,1,4,981,87,3.2,21
2024-02-07 06:00,多云,-1.5,0,东北风,2,6,981,89,3,64
2024-02-07 07:00,阴,-1.2,0,东北风,2,6,981,87,3.4,93
2024-02-07 08:00,阴,-0.9,0,东北风,2,6,981,81,4.4,94
2024-02-07 09:00,多云,-0.4,0,东北风,2,9,982,74,5.4,76
2024-02-07 10:00,多云,0.3,0,东北风,2,7,982,70,6,76
2024-02-07 11:00,多云,1.5,0,东风,2,12,982,64,7.1,79
2024-02-07 12:00,多云,2.4,0,东北风,3,14,982,55,8.6,78
2024-02-07 13:00,多云,3.1,0,东北风,2,10,981,50,10.6,66
2024-02-07 14:00,多云,3.7,0,东风,2,10,979,48,11.9,35
2024-02-07 15:00,晴,4.2,0,东北风,2,8,978,43,12.3,11
2024-02-07 16:00,多云,4.1,0,东风,2,7,978,43,13.3,34
2024-02-07 17:00,多云,3.8,0,西南风,1,3,978,42,14.1,55
2024-02-07 18:00,多云,3.4,0,东风,2,6,978,46,12.4,58
2024-02-07 19:00,多云,3,0,东风,1,5,979,46,12.1,71
2024-02-07 20:00,多云,2.5,0,东风,1,5,979,46,12.1,60
2024-02-07 21:00,多云,1.9,0,南风,1,3,980,57,10.7,69
2024-02-07 22:00,多云,1.1,0,南风,1,4,980,56,10.2,61
2024-02-07 23:00,多云,0.8,0,北风,1,2,980,61,8.9,60
2024-02-08 00:00,多云,0.6,0,南风,1,4,979,62,9.5,50
2024-02-08 01:00,多云,0.2,0,西南风,1,5,979,75,5.1,38
2024-02-08 02:00,晴,0.5,0,西风,1,3,979,81,4.5,1
2024-02-08 03:00,晴,0,0,西南风,1,5,978,83,3.7,0
2024-02-08 04:00,晴,-0.1,0,西南风,2,9,978,85,3.1,0
2024-02-08 05:00,晴,-0.4,0,西南风,2,6,978,86,2.9,7
2024-02-08 06:00,晴,-1.3,0,西南风,1,4,978,89,2.6,0
2024-02-08 07:00,晴,-2.1,0,西北风,1,4,978,91,2.3,0
2024-02-08 08:00,晴,-1.9,0,西北风,1,5,978,92,2,0
2024-02-08 09:00,晴,-1.5,0,西风,1,2,979,93,2.4,0
2024-02-08 10:00,晴,2.1,0,西风,1,2,979,93,2.4,0
2024-02-08 11:00,霾,3.3,0,西南风,1,5,979,75,3.4,0
2024-02-08 12:00,霾,4.7,0,西南风,2,7,978,65,4.2,1
2024-02-08 13:00,晴,6.2,0,西风,2,8,977,57,5.9,14
2024-02-08 14:00,晴,6.7,0,西风,2,6,976,51,6.8,8
2024-02-08 15:00,晴,7.1,0,西风,2,9,976,42,8.4,19
2024-02-08 16:00,多云,6.9,0,西南风,2,7,976,42,8.1,36
2024-02-08 17:00,晴,6.6,0,西风,2,6,976,42,9,10
2024-02-08 18:00,晴,5.6,0,西风,2,6,976,46,8.1,12
2024-02-08 19:00,晴,5,0,西风,2,6,977,47,8.6,28
2024-02-08 20:00,多云,4.7,0,西风,2,7,977,49,8.1,32
2024-02-08 21:00,晴,3.3,0,西风,2,7,977,49,8.1,15
2024-02-08 22:00,晴,2.1,0,西风,1,5,979,57,7.5,1
2024-02-08 23:00,晴,1.4,0,西风,1,3,978,65,7,0
2024-02-09 00:00,晴,2,0,西南风,2,8,978,65,5.7,0
2024-02-09 01:00,晴,2.2,0,西南风,2,8,978,64,5.9,0
2024-02-09 02:00,晴,1.5,0,西南风,2,9,978,66,5.4,0
2024-02-09 03:00,晴,1.5,0,西南风,2,9,978,69,4.5,0
2024-02-09 04:00,霾,0.5,0,西南风,2,9,978,73,3.8,0
2024-02-09 05:00,霾,0.9,0,西南风,2,9,978,73,3.8,0
2024-02-09 06:00,霾,0.6,0,西南风,2,8,978,79,3.4,0
2024-02-09 07:00,霾,0.2,0,西南风,2,9,978,79,3.6,0
2024-02-09 08:00,霾,0.5,0,西南风,2,9,978,79,3.6,0
2024-02-09 09:00,晴,2,0,西南风,2,8,980,75,4.6,0
2024-02-09 10:00,晴,3.6,0,西南风,2,8,980,75,4.6,0
2024-02-09 11:00,晴,6.3,0,西南风,2,9,980,59,5.2,0
2024-02-09 12:00,晴,7.8,0,西风,2,12,980,51,7,0
2024-02-09 13:00,晴,11.2,0,西风,2,12,980,51,7,1
2024-02-09 14:00,晴,12.6,0,西南风,3,13,978,41,7,0
2024-02-09 15:00,晴,13.5,0,西南风,2,12,976,28,14.5,0
2024-02-09 16:00,晴,13.9,0,西南风,2,8,975,23,18,0
2024-02-09 17:00,晴,13.7,0,南风,2,6,975,22,20.8,0
2024-02-09 18:00,晴,11.1,0,南风,2,6,975,27,17.2,0
2024-02-09 19:00,晴,9.9,0,西风,1,3,975,34,15.6,0
2024-02-09 20:00,晴,8.5,0,西风,2,9,976,33,11.9,0
2024-02-09 21:00,晴,7.8,0,西北风,2,7,976,37,10.5,0
2024-02-09 22:00,晴,7.7,0,西风,2,6,976,36,7.8,0
2024-02-09 23:00,晴,5.7,0,东北风,1,2,976,45,8.2,0
2024-02-10 00:00,晴,5.4,0,西南风,1,4,977,47,8.4,0
2024-02-10 01:00,晴,5,0,西南风,2,6,977,49,5.7,0
2024-02-10 02:00,霾,5,0,西南风,3,15,978,49,4.3,0
2024-02-10 03:00,霾,5,0,西南风,3,13,978,55,3,1
2024-02-10 04:00,霾,4.6,0,西南风,3,13,977,57,3.4,0
2024-02-10 05:00,霾,4.5,0,南风,2,8,977,61,3.8,4
2024-02-10 06:00,霾,4.4,0,南风,2,9,977,60,3.7,16
2024-02-10 07:00,霾,5.1,0,西南风,1,5,978,61,4,0
2024-02-10 08:00,晴,4.9,0,西南风,3,13,979,58,5.4,5
2024-02-10 09:00,晴,4.5,0,西南风,2,9,980,59,5.2,4
2024-02-10 10:00,晴,7.2,0,西南风,2,12,981,55,4.8,0
2024-02-10 11:00,晴,10.1,0,西南风,3,14,981,41,7.7,8
2024-02-10 12:00,晴,13.9,0,西风,2,11,981,22,10.8,7
2024-02-10 13:00,晴,15.4,0,西北风,3,19,980,17,18.6,0
2024-02-10 14:00,晴,14.9,0,西北风,5,31,979,15,12.4,0
2024-02-10 15:00,晴,15.2,0,西北风,3,16,979,16,20.5,0
2024-02-10 16:00,晴,16,0,北风,2,10,979,15,20.3,0
2024-02-10 17:00,晴,14.9,0,北风,2,10,979,15,20.3,0
2024-02-10 18:00,晴,13.2,0,北风,3,15,979,11,30,0
2024-02-10 19:00,晴,11.5,0,西风,2,6,980,15,30,0
2024-02-10 20:00,晴,10.7,0,西南风,2,6,980,18,26.7,0
2024-02-10 21:00,晴,8.3,0,东北风,2,7,981,23,24,0
2024-02-10 22:00,晴,6.9,0,北风,1,5,981,26,18.9,0
2024-02-10 23:00,晴,4.9,0,北风,1,3,981,33,14.4,0
2024-02-11 00:00,晴,4.1,0,东北风,1,4,981,41,13.5,0
2024-02-11 01:00,晴,2.9,0,东北风,1,5,981,45,14.2,0
2024-02-11 02:00,晴,1.5,0,北风,1,3,981,49,14.4,0
2024-02-11 03:00,晴,0.8,0,西北风,1,3,980,51,20.4,0
2024-02-11 04:00,晴,0.5,0,北风,1,4,980,56,21,0
2024-02-11 05:00,晴,0.4,0,东北风,1,4,979,58,20.3,0
2024-02-11 06:00,晴,0.1,0,东风,1,2,979,61,19.2,0
2024-02-11 07:00,晴,-0.5,0,东风,1,3,979,68,10.7,0
2024-02-11 08:00,晴,0.3,0,北风,1,5,979,66,15.4,0
2024-02-11 09:00,晴,3.3,0,东北风,1,5,980,56,17.8,0
2024-02-11 10:00,晴,5.8,0,东北风,2,7,980,50,18.8,0
2024-02-11 11:00,晴,7.1,0,东风,2,12,979,43,18.5,0
2024-02-11 12:00,晴,8.6,0,东风,2,9,978,39,21.5,0
2024-02-11 13:00,晴,9.8,0,东风,2,9,976,35,21.9,0
2024-02-11 14:00,晴,11,0,东风,2,11,975,32,22,0
2024-02-11 15:00,晴,12.3,0,东北风,2,8,974,29,24.4,0
2024-02-11 16:00,晴,12.4,0,东北风,2,8,974,29,24.4,0
2024-02-11 17:00,晴,12.2,0,东风,2,9,973,28,22.2,0
2024-02-11 18:00,晴,9.8,0,东风,1,5,973,33,19.3,0
2024-02-11 19:00,晴,8.7,0,东风,1,4,973,40,21.5,0
2024-02-11 20:00,晴,7.8,0,北风,1,2,973,45,18.9,0
2024-02-11 21:00,晴,7.4,0,西北风,1,5,974,44,17.9,0
2024-02-11 22:00,晴,6.7,0,西北风,1,4,974,45,14.7,0
2024-02-11 23:00,晴,5.3,0,西北风,1,2,974,51,13.3,0
2024-02-12 00:00,晴,4.6,0,西北风,1,4,974,50,11.7,0
2024-02-12 01:00,晴,4.4,0,西风,1,5,974,51,10.2,0
2024-02-12 02:00,晴,4.8,0,西南风,1,4,973,56,13.4,0
2024-02-12 03:00,晴,3.4,0,南风,1,5,973,53,13,0
2024-02-12 04:00,晴,3,0,西风,1,3,972,59,11.8,0
2024-02-12 05:00,晴,2.4,0,西南风,1,4,972,62,9.7,0
2024-02-12 06:00,晴,1.5,0,西北风,1,3,972,65,8.1,0
2024-02-12 07:00,晴,0.7,0,西北风,1,3,972,65,8.1,0
2024-02-12 08:00,晴,0.9,0,西北风,1,1,972,70,8.9,0
2024-02-12 09:00,晴,3,0,北风,1,2,973,68,7.1,0
2024-02-12 10:00,晴,6.4,0,东北风,1,4,973,55,7.2,0
2024-02-12 11:00,晴,8.9,0,东风,1,4,973,47,7.5,0
2024-02-12 12:00,晴,11.1,0,东南风,1,4,972,41,8.7,0
2024-02-12 13:00,晴,12.1,0,东北风,2,6,971,33,11,0
2024-02-12 14:00,晴,13.9,0,东北风,2,7,969,31,14.8,0
2024-02-12 15:00,晴,14.7,0,东北风,1,4,968,29,12.8,0
2024-02-12 16:00,晴,15,0,东风,2,7,968,29,16.5,0
2024-02-12 17:00,晴,14.6,0,东风,2,8,967,30,16.6,0
2024-02-12 18:00,晴,12.1,0,东风,1,4,968,33,16.5,0
2024-02-12 19:00,晴,10.5,0,东风,1,4,968,41,13.7,0
2024-02-12 20:00,晴,9.9,0,东风,1,5,969,46,12.5,0
2024-02-12 21:00,晴,8.7,0,东北风,2,6,969,49,11,0
2024-02-12 22:00,晴,7.6,0,东南风,1,2,969,54,10.8,0
2024-02-12 23:00,晴,7.6,0,东南风,1,2,969,54,10.8,0
2024-02-13 00:00,晴,6.4,0,北风,1,1,969,56,10.1,0
2024-02-13 01:00,晴,5.3,0,西风,1,5,969,56,7.8,0
2024-02-13 02:00,晴,5.1,0,西北风,1,4,969,62,7.4,0
2024-02-13 03:00,晴,4.4,0,西南风,1,3,969,62,6.9,0
2024-02-13 04:00,晴,3.3,0,北风,1,3,969,63,6.9,0
2024-02-13 05:00,晴,3.1,0,东北风,1,1,968,71,6.2,0
2024-02-13 06:00,晴,2.6,0,西北风,1,3,968,70,6.3,0
2024-02-13 07:00,晴,2.6,0,西北风,2,6,968,68,6.9,0
2024-02-13 08:00,晴,2.4,0,西北风,1,5,968,70,6.7,0
2024-02-13 09:00,晴,5.6,0,西风,1,2,969,68,6.8,0
2024-02-13 10:00,晴,8,0,西北风,1,3,970,55,8.9,0
2024-02-13 11:00,晴,11.2,0,北风,1,3,969,46,12,0
2024-02-13 12:00,晴,12.9,0,西北风,1,4,968,40,13.7,0
2024-02-13 13:00,晴,14.2,0,东南风,1,4,967,37,11.4,0
2024-02-13 14:00,晴,15.9,0,东北风,2,6,966,35,11.7,0
2024-02-13 15:00,晴,16.9,0,东风,1,4,965,32,12.7,0
2024-02-13 16:00,晴,17.3,0,北风,2,6,965,30,14.3,0
2024-02-13 17:00,晴,16.7,0,东北风,1,5,965,30,14.4,0
2024-02-13 18:00,晴,15.6,0,东南风,1,1,965,32,13.5,0
2024-02-13 19:00,晴,12.6,0,东南风,2,6,965,37,13.8,0
2024-02-13 20:00,晴,11.5,0,东风,1,3,966,45,10.8,0
2024-02-13 21:00,晴,10.8,0,东北风,1,4,966,49,8.1,0
2024-02-13 22:00,晴,9.3,0,东北风,1,3,967,55,7.7,0
2024-02-13 23:00,晴,8.8,0,东北风,1,3,968,58,6.5,0
2024-02-14 00:00,晴,8.8,0,东北风,1,3,968,58,6.5,0
2024-02-14 01:00,晴,7.9,0,西北风,1,4,969,61,6.1,0
2024-02-14 02:00,晴,7,0,西风,2,8,969,62,5.3,0
2024-02-14 03:00,晴,6.7,0,西南风,2,6,969,65,5.5,0
2024-02-14 04:00,晴,7.6,0,西南风,2,6,969,61,5.1,0
2024-02-14 05:00,晴,6.9,0,西南风,2,6,969,61,5.1,5
2024-02-14 06:00,多云,5.9,0,西北风,2,8,972,67,5,58
2024-02-14 07:00,多云,6.7,0,西北风,2,8,972,67,5,46
2024-02-14 08:00,多云,6.8,0,西风,2,9,974,67,5.8,63
2024-02-14 09:00,多云,9.8,0,西风,2,11,976,54,9.9,60
2024-02-14 10:00,阴,10.3,0,西南风,2,6,977,44,14.2,92
2024-02-14 11:00,阴,11.2,0,西风,2,6,978,36,22.2,95
2024-02-14 12:00,阴,12.1,0,西南风,1,5,978,34,19.7,95
2024-02-14 13:00,阴,11.9,0,西北风,2,10,978,25,19.2,95
2024-02-14 14:00,阴,12,0,西北风,2,9,979,23,20.3,95
2024-02-14 15:00,多云,9.1,0,西北风,4,20,980,31,18.1,82
2024-02-14 16:00,多云,7.3,0,北风,3,17,981,52,22,82
2024-02-14 17:00,中雨,5.9,0,北风,3,15,982,67,23.3,82
2024-02-14 18:00,中雨,4.7,0.3,北风,2,10,984,80,19.5,86
2024-02-14 19:00,阴,4.3,1,东北风,1,4,984,86,15.3,90
2024-02-14 20:00,阴,4.5,0.1,东南风,1,1,985,88,22.1,95
2024-02-14 21:00,多云,4.2,0,西南风,2,12,985,89,19.5,82
2024-02-14 22:00,多云,4.2,0,西风,2,9,986,90,15.9,76
2024-02-14 23:00,多云,3.9,0,西南风,2,7,986,89,17,84
2024-02-15 00:00,阴,3.8,0,西南风,2,8,986,89,17.2,91
2024-02-15 01:00,多云,3.9,0,西南风,2,8,986,89,17.2,84
2024-02-15 02:00,阴,4,0,西南风,2,6,985,87,19.2,90
2024-02-15 03:00,阴,4,0,西南风,2,8,985,86,18.6,90
2024-02-15 04:00,阴,3.6,0,西南风,2,6,985,87,15.9,90
2024-02-15 05:00,阴,3.4,0,西南风,1,3,985,89,11.5,92
2024-02-15 06:00,阴,3.6,0,西南风,1,4,984,87,13.2,95
2024-02-15 07:00,阴,3.7,0,西南风,1,5,985,86,13.2,95
2024-02-15 08:00,多云,3.1,0,西风,1,5,985,87,12.2,88
2024-02-15 09:00,多云,3.9,0,西风,1,5,985,87,12.2,66
2024-02-15 10:00,晴,5.5,0,西北风,1,4,986,83,12,26
2024-02-15 11:00,晴,7.9,0,西南风,1,4,986,69,15.9,20
2024-02-15 12:00,晴,9.4,0,西北风,1,5,985,60,18.9,0
2024-02-15 13:00,晴,10.9,0,北风,1,4,983,40,22.7,0
2024-02-15 14:00,晴,11.1,0,东南风,2,6,982,29,28.2,0
2024-02-15 15:00,晴,11.9,0,北风,1,5,980,24,30,0
2024-02-15 16:00,晴,12.2,0,北风,1,5,980,24,30,0
2024-02-15 17:00,晴,11.2,0,东北风,2,7,979,21,30,0
2024-02-15 18:00,多云,10.6,0,东北风,2,10,978,32,30,56
2024-02-15 19:00,晴,8.7,0,东北风,2,8,978,35,29.6,29
2024-02-15 20:00,晴,7.3,0,东风,2,8,978,37,26.1,0
2024-02-15 21:00,晴,6.7,0,东北风,2,7,978,45,24.5,0
2024-02-15 22:00,晴,5.5,0,东北风,2,7,977,47,21.5,0
2024-02-15 23:00,晴,3.6,0,北风,2,6,977,54,18.1,0
2024-02-16 00:00,晴,2.8,0,北风,1,5,976,58,16.5,0
2024-02-16 01:00,晴,2.5,0,北风,1,5,976,58,16.5,0
2024-02-16 02:00,晴,2.1,0,北风,1,4,975,59,20.3,0
2024-02-16 03:00,晴,0.8,0,北风,1,4,974,64,22.1,0
2024-02-16 04:00,晴,0.1,0,东北风,1,3,973,67,22.9,0
2024-02-16 05:00,晴,0.6,0,西南风,1,4,972,69,20.6,0
2024-02-16 06:00,晴,0,0,西北风,2,6,972,66,22.9,0
2024-02-16 07:00,晴,-0.5,0,西北风,1,3,971,71,21.8,0
2024-02-16 08:00,晴,-0.4,0,西北风,1,3,971,71,21.8,0
2024-02-16 09:00,晴,3.5,0,东北风,1,3,971,64,19.9,0
2024-02-16 10:00,晴,5.8,0,东北风,1,5,971,50,25.3,0
2024-02-16 11:00,晴,7.4,0,东北风,2,6,970,45,19.4,0
2024-02-16 12:00,晴,9.2,0,东北风,1,5,969,37,24.3,0
2024-02-16 13:00,晴,10.7,0,东风,1,5,967,34,23.8,0
2024-02-16 14:00,晴,12.2,0,东风,1,5,967,34,23.8,0
2024-02-16 15:00,晴,13.2,0,西南风,1,5,964,29,24.2,0
2024-02-16 16:00,晴,13.4,0,东风,2,7,963,30,24.6,0
2024-02-16 17:00,晴,12.5,0,东风,2,7,963,30,24.6,0
2024-02-16 18:00,晴,11.5,0,东风,2,7,962,31,24.6,0
2024-02-16 19:00,晴,9.6,0,东风,1,5,962,42,23.8,0
2024-02-16 20:00,晴,8.9,0,东北风,1,5,962,48,20.7,0
2024-02-16 21:00,晴,6.9,0,东北风,1,5,962,54,18.6,0
2024-02-16 22:00,晴,6,0,北风,1,4,962,57,15.4,0
2024-02-16 23:00,晴,4.9,0,北风,1,4,962,57,15.4,0
2024-02-17 00:00,晴,4.9,0,静风,0,1,961,68,12.3,0
2024-02-17 01:00,晴,4.1,0,北风,1,4,961,69,11.4,0
2024-02-17 02:00,晴,3.4,0,东北风,1,5,960,70,11.4,0
2024-02-17 03:00,晴,2.6,0,北风,1,4,960,70,13.3,0
2024-02-17 04:00,晴,3,0,西风,1,5,959,70,13.5,0
2024-02-17 05:00,晴,2.2,0,西风,1,3,959,72,11.6,0
2024-02-17 06:00,晴,1.4,0,西风,1,3,959,72,11.6,0
2024-02-17 07:00,晴,1.4,0,西北风,1,4,958,75,12,0
2024-02-17 08:00,晴,2,0,西南风,1,4,958,73,12.6,0
2024-02-17 09:00,晴,5.5,0,西北风,1,5,958,66,12.6,0
2024-02-17 10:00,晴,7.8,0,西北风,1,5,958,66,12.6,0
2024-02-17 11:00,晴,10.3,0,东风,1,4,958,54,13.6,0
2024-02-17 12:00,晴,11.3,0,北风,1,5,956,44,16.3,0
2024-02-17 13:00,晴,13.4,0,北风,1,5,955,41,19.7,0
2024-02-17 14:00,晴,13.9,0,东风,2,8,953,38,17.7,0
2024-02-17 15:00,晴,14.9,0,东南风,2,8,952,38,19.1,0
2024-02-17 16:00,晴,14.7,0,东南风,2,8,952,38,19.1,0
2024-02-17 17:00,晴,14.2,0,东风,2,8,951,39,18.4,0
2024-02-17 18:00,晴,12.9,0,东风,2,8,951,39,18.4,0
2024-02-17 19:00,晴,11.7,0,东北风,2,6,952,47,17.2,0
2024-02-17 20:00,晴,10.5,0,东北风,2,6,952,54,14.1,0
2024-02-17 21:00,晴,9.8,0,北风,2,7,953,56,11.5,0
2024-02-17 22:00,晴,8.4,0,东北风,1,3,953,62,10,0
2024-02-17 23:00,晴,8.1,0,东北风,1,1,953,65,9.3,0
2024-02-18 00:00,晴,7.7,0,东北风,1,1,953,65,9.3,0
2024-02-18 01:00,晴,6.7,0,西北风,2,6,953,70,8.5,3
2024-02-18 02:00,晴,6.3,0,北风,1,4,954,71,8,11
2024-02-18 03:00,晴,5.9,0,东北风,1,3,954,74,9.2,0
2024-02-18 04:00,晴,6,0,西风,2,9,955,71,9.1,0
2024-02-18 05:00,晴,6.3,0,西南风,1,5,956,70,11.3,3
2024-02-18 06:00,多云,6.3,0,西南风,2,6,957,71,8.3,54
2024-02-18 07:00,多云,5.8,0,南风,2,9,958,74,7.2,69
2024-02-18 08:00,多云,6.3,0,西南风,3,13,960,70,7.3,50
2024-02-18 09:00,晴,6.9,0,西南风,2,8,962,66,7.4,26
2024-02-18 10:00,阴,8.5,0,西南风,2,8,963,53,5.5,88
2024-02-18 11:00,扬沙,10.2,0,西南风,2,12,965,38,2.6,95
2024-02-18 12:00,扬沙,10.8,0,西南风,2,12,965,38,2.6,95
2024-02-18 13:00,沙尘暴,10.1,0,西北风,2,12,966,23,1.7,95
2024-02-18 14:00,沙尘暴,10.3,0,西南风,2,12,965,23,1.9,92
2024-02-18 15:00,沙尘暴,10.3,0,西风,2,10,966,22,1.8,89
2024-02-18 16:00,沙尘暴,10.2,0,西北风,2,11,967,22,1.8,88
2024-02-18 17:00,沙尘暴,9.5,0,西北风,2,7,967,23,1.8,30
2024-02-18 18:00,扬沙,8.8,0,西风,2,9,968,24,2,48
2024-02-18 19:00,扬沙,8.3,0,西南风,2,9,969,23,2.1,86
2024-02-18 20:00,浮尘,8,0,西南风,2,10,970,24,2.3,83
2024-02-18 21:00,扬沙,7.7,0,西风,2,8,972,26,2.3,32
2024-02-18 22:00,扬沙,7.4,0,西风,2,11,973,25,2.5,57
2024-02-18 23:00,扬沙,7.1,0,西风,2,8,974,25,3.1,92
2024-02-19 00:00,扬沙,6.8,0,西风,2,8,974,25,3.1,20
2024-02-19 01:00,扬沙,6.4,0,西风,2,12,975,22,4.1,74
2024-02-19 02:00,扬沙,6.1,0,西南风,2,10,974,23,4.5,88
2024-02-19 03:00,扬沙,5.7,0,西风,2,10,973,22,4.7,57
2024-02-19 04:00,扬沙,5.6,0,西南风,2,8,973,24,5,42
2024-02-19 05:00,扬沙,5.3,0,西南风,2,8,972,26,5.1,94
2024-02-19 06:00,扬沙,5.2,0,西南风,2,8,972,26,5.1,37
2024-02-19 07:00,浮尘,5.3,0,西南风,1,4,972,29,5.3,85
2024-02-19 08:00,浮尘,5.2,0,南风,2,6,972,30,5.2,19
2024-02-19 09:00,扬沙,5.4,0,东风,2,7,972,28,4.8,43
2024-02-19 10:00,浮尘,5.7,0,东风,2,6,973,27,4.8,95
2024-02-19 11:00,扬沙,5.8,0,东风,2,10,973,27,5.4,95
2024-02-19 12:00,浮尘,5.7,0,东风,3,13,973,24,10.1,95
2024-02-19 13:00,浮尘,5.4,0,东北风,3,14,973,28,10.2,95
2024-02-19 14:00,浮尘,5.4,0,东北风,3,14,973,28,10.2,95
2024-02-19 15:00,扬沙,5.5,0,东风,2,10,971,30,9.1,95
2024-02-19 16:00,扬沙,5,0,东风,3,17,970,31,7.6,94
2024-02-19 17:00,扬沙,5,0,东风,3,17,970,31,7.6,77
2024-02-19 18:00,扬沙,4.7,0,东风,3,14,968,34,7,13
2024-02-19 19:00,扬沙,4.4,0,东北风,3,14,969,36,6.7,70
2024-02-19 20:00,扬沙,4.4,0,东北风,3,14,969,36,6.7,15
2024-02-19 21:00,扬沙,4.2,0,东风,3,13,971,40,6.8,37
2024-02-19 22:00,扬沙,4.2,0,东风,3,13,971,40,6.8,91
2024-02-19 23:00,扬沙,4,0,东风,3,14,971,47,7.4,88
2024-02-20 00:00,扬沙,4,0,东风,3,16,970,59,9.5,76
2024-02-20 01:00,浮尘,2.9,0,东风,4,22,969,66,17.1,67
2024-02-20 02:00,浮尘,2.5,0,东风,4,23,968,67,19.9,95
2024-02-20 03:00,多云,2.3,0,东风,4,23,968,67,23.5,74
2024-02-20 04:00,阴,2,0,东风,4,20,966,66,18.3,95
2024-02-20 05:00,多云,1.8,0,东北风,4,22,966,67,18.1,68
2024-02-20 06:00,多云,1.5,0,东风,4,24,966,66,25.5,34
2024-02-20 07:00,晴,1.4,0,东风,4,25,966,67,26.3,21
2024-02-20 08:00,多云,1.2,0,东风,4,22,967,67,26.5,57
2024-02-20 09:00,阴,0.9,0,东风,4,20,968,68,24.9,91
2024-02-20 10:00,阴,0.9,0,东北风,3,18,968,62,24.9,95
2024-02-20 11:00,阴,0.8,0,东风,4,23,968,61,24.6,95
2024-02-20 12:00,阴,0.2,0,东风,4,28,968,65,15.3,95
2024-02-20 13:00,阴,-0.1,0,东北风,4,24,967,70,16,95
2024-02-20 14:00,阴,-0.3,0,东北风,4,21,967,72,20.7,95
2024-02-20 15:00,阴,-0.5,0,东北风,4,22,967,73,12.7,95
2024-02-20 16:00,阴,-0.6,0.1,东风,4,22,968,71,23.4,92
2024-02-20 17:00,多云,-0.7,0,东风,4,22,969,69,25.1,77
2024-02-20 18:00,晴,-1.2,0,东北风,3,17,971,79,7,11
2024-02-20 19:00,多云,-1.7,0,东风,3,15,973,88,7.5,35
2024-02-20 20:00,多云,-1.9,0,东北风,3,15,975,88,9.5,72
2024-02-20 21:00,多云,-1.9,0.1,东北风,2,9,976,87,18.2,86
2024-02-20 22:00,阴,-2.1,0,东风,2,10,977,90,8.7,95
2024-02-20 23:00,阴,-2.1,0,东风,2,10,977,90,8.7,92
2024-02-21 00:00,多云,-2.2,0.1,东风,2,10,978,91,13.1,85
2024-02-21 01:00,多云,-2.2,0.1,东风,2,10,978,91,13.1,86
2024-02-21 02:00,多云,-2.5,0,东风,2,9,977,89,15.3,54
2024-02-21 03:00,晴,-2.4,0,东北风,2,6,977,91,15,29
2024-02-21 04:00,多云,-2.3,0,东风,2,11,976,89,10.7,47
2024-02-21 05:00,多云,-2.5,0,东北风,2,9,977,88,8.1,66
2024-02-21 06:00,小雪,-2.5,0,东风,2,8,977,91,4.1,91
2024-02-21 07:00,大雪,-2.6,0.1,东北风,2,8,978,91,5.7,92
2024-02-21 08:00,大雪,-2.6,0.1,东北风,2,8,978,91,5.7,95
2024-02-21 09:00,阴,-2.8,0.9,东北风,2,10,981,93,1.2,89
2024-02-21 10:00,阴,-2.6,0.7,东风,2,7,981,93,2.8,89
2024-02-21 11:00,阴,-2,0.2,东风,2,8,981,90,4.3,95
2024-02-21 12:00,阴,-2,0.1,东北风,2,11,981,85,7.9,95
2024-02-21 13:00,阴,-1.6,0,东北风,2,9,980,82,10.7,95
2024-02-21 14:00,阴,-1.6,0.2,东北风,2,12,980,79,8.6,95
2024-02-21 15:00,阴,-1.5,0,东北风,2,9,980,77,10.2,95
2024-02-21 16:00,阴,-1.6,0,东风,3,12,980,75,12.1,95
2024-02-21 17:00,多云,-1.5,0,东北风,2,7,980,79,10.4,77
2024-02-21 18:00,多云,-1.6,0,东北风,2,8,981,77,9.1,60
2024-02-21 19:00,多云,-1.6,0,东北风,2,6,982,78,8.6,88
2024-02-21 20:00,阴,-1.7,0,东风,2,7,983,79,7.7,95
2024-02-21 21:00,阴,-1.8,0,东北风,2,6,984,82,5.6,95
2024-02-21 22:00,阴,-1.8,0,东风,1,5,984,82,7.4,95
2024-02-21 23:00,阴,-2,0,东北风,2,9,984,85,5.8,91
2024-02-22 00:00,多云,-2.2,0,东风,2,6,984,87,5.5,38
2024-02-22 01:00,多云,-2.4,0,东北风,2,7,984,87,6,40
2024-02-22 02:00,阴,-2.5,0,东风,2,10,983,86,6,90
2024-02-22 03:00,阴,-2.8,0,东北风,1,5,983,84,8.2,95
2024-02-22 04:00,多云,-2.8,0,东风,2,10,983,84,7.2,88
2024-02-22 05:00,晴,-2.7,0,东风,2,10,983,84,6.8,22
2024-02-22 06:00,多云,-2.8,0,东北风,2,8,983,84,6.8,48
2024-02-22 07:00,晴,-2.7,0,东北风,2,8,984,86,5.4,27
2024-02-22 08:00,阴,-2.7,0,东北风,2,8,984,86,5.4,82
2024-02-22 09:00,阴,-2.4,0,东风,3,14,985,81,7.7,95
2024-02-22 10:00,阴,-2,0,东北风,3,13,985,78,8.3,95
2024-02-22 11:00,中雪,-1.6,0,东北风,2,10,985,76,9.2,95
2024-02-22 12:00,阴,-1.5,0,东风,3,13,985,72,8.1,95
2024-02-22 13:00,中雪,-1.5,0,东北风,3,13,983,78,7,95
2024-02-22 14:00,阴,-1.4,0.1,东北风,3,13,982,79,4.4,95
2024-02-22 15:00,阴,-1.7,0.2,东北风,2,8,982,85,2.2,95
2024-02-22 16:00,阴,-1.5,0.3,东北风,2,7,982,87,4.6,95
2024-02-22 17:00,阴,-1.4,0.1,东北风,2,7,982,87,4.9,95
2024-02-22 18:00,阴,-1.4,0.1,东北风,2,6,983,86,5.1,94
2024-02-22 19:00,阴,-1.5,0.1,东北风,1,5,983,86,4.9,84
2024-02-22 20:00,多云,-1.6,0.1,东北风,1,3,984,89,4.4,79
2024-02-22 21:00,多云,-1.7,0.1,西北风,2,6,985,90,4.9,74
2024-02-22 22:00,多云,-1.6,0,东北风,2,6,985,89,5.9,68
2024-02-22 23:00,阴,-1.6,0,北风,1,5,986,88,6.9,85
2024-02-23 00:00,阴,-1.5,0,北风,2,6,985,88,5.7,95
2024-02-23 01:00,多云,-1.4,0,东北风,2,7,985,88,5.6,77
2024-02-23 02:00,多云,-1.9,0,东风,2,9,986,89,4.4,30
2024-02-23 03:00,多云,-1.8,0,东北风,2,7,985,89,4.3,54
2024-02-23 04:00,阴,-2.1,0,东风,2,10,984,86,5.2,86
2024-02-23 05:00,阴,-2.3,0,东风,1,5,984,87,5.9,95
2024-02-23 06:00,阴,-2.5,0,东风,2,10,983,85,6.8,94
2024-02-23 07:00,大雪,-2.5,0,东北风,2,7,984,83,8.2,87
2024-02-23 08:00,中雪,-2.5,0.1,东风,2,8,985,84,2.1,85
2024-02-23 09:00,多云,-2.6,0.8,东风,3,13,986,91,1.8,73
2024-02-23 10:00,阴,-2.4,0.2,东风,3,13,986,89,3.4,83
2024-02-23 11:00,阴,-1.9,0,东北风,2,10,986,86,6.2,95
2024-02-23 12:00,阴,-1.5,0,东北风,2,11,986,82,7.7,95
2024-02-23 13:00,阴,-1.5,0,东风,2,12,985,81,7.1,95
2024-02-23 14:00,阴,-1.5,0,东风,2,12,985,81,7.1,95
2024-02-23 15:00,阴,-0.9,0,东北风,2,11,984,77,9.5,95
2024-02-23 16:00,阴,-0.6,0,东风,2,8,984,75,10.8,91
2024-02-23 17:00,多云,-0.5,0,东北风,2,8,983,73,11.3,77
2024-02-23 18:00,多云,-0.9,0,东风,2,6,983,77,10.7,78
2024-02-23 19:00,多云,-1.2,0,东北风,1,5,983,78,10.9,70
2024-02-23 20:00,多云,-1.2,0,东北风,1,5,983,78,10.9,72
2024-02-23 21:00,多云,-1.3,0,东北风,1,5,984,77,10.5,79
2024-02-23 22:00,阴,-1.3,0,东北风,2,6,984,76,12.3,91
2024-02-23 23:00,阴,-1.4,0,东风,1,4,984,75,17.5,93
2024-02-24 00:00,阴,-1.5,0,东北风,1,5,984,75,19.4,95
2024-02-24 01:00,大雪,-1.6,0,南风,1,3,984,78,17.2,83
2024-02-24 02:00,中雪,-1.6,0,南风,1,4,984,79,12.7,80
2024-02-24 03:00,多云,-1.9,0,南风,1,4,983,83,9.3,75
2024-02-24 04:00,多云,-2.2,0.1,南风,1,3,983,86,8.3,66
2024-02-24 05:00,多云,-2.4,0,南风,1,3,983,90,7.4,54
2024-02-24 06:00,晴,-2.6,0,西风,1,3,983,91,6.4,19
2024-02-24 07:00,晴,-2.6,0,西风,1,3,983,91,6.4,12
2024-02-24 08:00,多云,-2.3,0,西风,1,4,983,93,3.5,35
2024-02-24 09:00,多云,-1.3,0,西风,1,4,983,90,4,53
2024-02-24 10:00,多云,-0.5,0,西风,2,9,984,81,4.7,56
2024-02-24 11:00,多云,0.6,0,西风,2,7,984,77,5,67
2024-02-24 12:00,多云,1.3,0,西风,2,10,984,72,5.9,51
2024-02-24 13:00,多云,2.6,0,西南风,2,8,982,64,6.8,30
2024-02-24 14:00,晴,3.9,0,西南风,2,8,981,59,8,18
2024-02-24 15:00,晴,5,0,西南风,2,7,980,53,9,9
2024-02-24 16:00,晴,5.4,0,西南风,2,6,980,51,9.5,4
2024-02-24 17:00,晴,5.2,0,西南风,2,8,980,48,10.3,19
2024-02-24 18:00,晴,4.6,0,西南风,2,6,980,49,10.9,0
2024-02-24 19:00,晴,3.2,0,西南风,1,4,980,57,10.6,0
2024-02-24 20:00,晴,2.5,0,西南风,1,5,981,63,9.1,0
2024-02-24 21:00,晴,2.1,0,南风,1,4,981,65,8.2,0
2024-02-24 22:00,晴,1.8,0,南风,2,6,982,67,6.8,12
2024-02-24 23:00,霾,1.5,0,西风,2,6,982,69,3.8,23
2024-02-25 00:00,晴,1.4,0,西南风,2,7,982,67,5.3,23
2024-02-25 01:00,晴,-0.2,0,东南风,1,3,982,77,4.7,18
2024-02-25 02:00,阴,-0.2,0,南风,1,3,981,79,4.6,82
2024-02-25 03:00,阴,-0.2,0,南风,1,3,981,79,4.6,93
2024-02-25 04:00,多云,-0.2,0,南风,1,4,981,79,6.4,50
2024-02-25 05:00,晴,-1.1,0,东北风,1,4,980,80,5.3,4
2024-02-25 06:00,晴,-1.9,0,北风,1,3,980,87,4.2,2
2024-02-25 07:00,晴,-2.4,0,东北风,1,3,980,88,3.5,0
2024-02-25 08:00,晴,-1.5,0,东北风,2,6,981,83,5.9,0
2024-02-25 09:00,晴,-0.1,0,东北风,1,5,981,76,6.1,2
2024-02-25 10:00,晴,1.5,0,东北风,2,7,981,72,5.8,17
2024-02-25 11:00,多云,2.9,0,东北风,2,9,981,65,6.1,30
2024-02-25 12:00,多云,4.7,0,东北风,2,9,980,56,6.9,43
2024-02-25 13:00,多云,4.7,0,东北风,2,9,980,56,6.9,43
2024-02-25 14:00,多云,5.7,0,东北风,2,12,978,53,7.4,78
2024-02-25 15:00,多云,6.2,0,东北风,3,13,977,52,8.9,85
2024-02-25 16:00,多云,6.5,0,东风,3,13,977,52,8.2,79
2024-02-25 17:00,多云,6,0,东北风,2,10,977,54,7.1,73
2024-02-25 18:00,多云,5.7,0,东风,2,12,978,50,8.8,63
2024-02-25 19:00,多云,5.4,0,东北风,2,7,978,54,7.7,59
2024-02-25 20:00,多云,5.1,0,东北风,1,5,979,56,7.3,52
2024-02-25 21:00,多云,4.2,0,东北风,1,3,980,60,7,67
2024-02-25 22:00,多云,4.1,0,北风,1,3,980,61,6.7,57
2024-02-25 23:00,多云,3.2,0,东北风,1,1,980,64,7,56
2024-02-26 00:00,多云,3.2,0,东北风,1,1,980,64,7,65
2024-02-26 01:00,多云,3.1,0,东北风,1,3,980,63,8,89
2024-02-26 02:00,阴,3.1,0,东北风,1,3,980,63,8,95
2024-02-26 03:00,阴,2.7,0,北风,1,3,979,64,7.6,95
2024-02-26 04:00,阴,2.3,0,北风,1,4,979,67,6.5,80
2024-02-26 05:00,多云,1.9,0,北风,1,2,979,71,6.1,74
2024-02-26 06:00,多云,2.3,0,东北风,2,8,980,68,6.4,68
2024-02-26 07:00,多云,2.1,0,东北风,2,9,980,67,6.9,58
2024-02-26 08:00,多云,2.3,0,东风,2,10,980,69,6.2,51
2024-02-26 09:00,阴,3.1,0,东风,3,14,981,67,6.3,85
2024-02-26 10:00,阴,3.4,0,东北风,3,15,980,67,6.4,95
2024-02-26 11:00,阴,3.8,0,东北风,3,13,980,66,6.3,95
2024-02-26 12:00,阴,4.6,0,东北风,3,13,980,61,6.6,85
2024-02-26 13:00,阴,5.2,0,东北风,3,15,979,58,6.9,95
2024-02-26 14:00,多云,6,0,东风,3,17,978,53,7.8,80
2024-02-26 15:00,多云,6.8,0,东风,3,16,978,51,8.3,68
2024-02-26 16:00,多云,6.8,0,东风,3,16,978,51,8.3,34
2024-02-26 17:00,多云,7.3,0,东风,3,14,978,45,10.4,38
2024-02-26 18:00,多云,7.3,0,东风,3,14,978,45,10.4,46
2024-02-26 19:00,多云,5.9,0,东北风,2,9,979,47,14.2,34
2024-02-26 20:00,多云,5.6,0,东北风,2,9,980,48,14.5,61
2024-02-26 21:00,多云,5.3,0,东北风,2,8,981,49,14.3,66
2024-02-26 22:00,多云,4.9,0,东北风,2,10,981,51,13.2,68
2024-02-26 23:00,多云,4.5,0,东北风,2,12,981,52,12.8,76
2024-02-27 00:00,多云,4.1,0,东风,2,9,981,54,11.9,74
2024-02-27 01:00,多云,3.3,0,东风,2,11,980,58,9.7,41
2024-02-27 02:00,晴,2.4,0,东北风,2,9,980,62,9.2,17
2024-02-27 03:00,晴,1.8,0,东北风,2,8,979,63,8.7,2
2024-02-27 04:00,晴,1.5,0,东北风,2,10,978,65,8.1,0
2024-02-27 05:00,多云,0.9,0,东风,1,5,977,67,7.6,35
2024-02-27 06:00,多云,0.9,0,东风,1,5,977,67,7.6,36
2024-02-27 07:00,晴,0.8,0,东北风,2,10,977,70,6.8,25
2024-02-27 08:00,晴,1.1,0,东风,2,11,977,65,7.6,0
2024-02-27 09:00,晴,1.9,0,东风,3,14,977,61,7.8,0
2024-02-27 10:00,晴,2.7,0,东北风,3,19,976,57,9.1,0
2024-02-27 11:00,晴,4.3,0,东风,3,19,977,54,9.9,0
2024-02-27 12:00,晴,6.2,0,东北风,3,16,976,48,9.8,1
2024-02-27 13:00,晴,7.7,0,东风,3,13,975,44,10.3,2
2024-02-27 14:00,晴,8.5,0,东风,3,12,974,43,10.3,4
2024-02-27 15:00,晴,9,0,东北风,3,13,973,40,11.5,27
2024-02-27 16:00,多云,8.9,0,东北风,2,10,972,41,12.4,72
2024-02-27 17:00,多云,8.5,0,东北风,2,9,972,42,12.4,60
2024-02-27 18:00,多云,8.4,0,东北风,2,6,973,43,12.3,66
2024-02-27 19:00,多云,8.1,0,东风,1,5,974,42,12.7,84
2024-02-27 20:00,阴,7.9,0,西北风,1,4,975,44,13,93
2024-02-27 21:00,多云,6.9,0,西风,2,9,976,55,7,83
2024-02-27 22:00,阴,6.6,0,西南风,1,5,975,56,6.1,95
2024-02-27 23:00,阴,6.4,0,西南风,1,3,975,56,6.5,95
2024-02-28 00:00,阴,6.2,0,西南风,1,4,974,58,6.3,95
2024-02-28 01:00,多云,5.7,0,西北风,1,3,973,60,5.9,62
2024-02-28 02:00,多云,5.9,0,北风,1,4,974,61,5.2,61
2024-02-28 03:00,多云,5.7,0,西南风,1,4,974,63,4.8,71
2024-02-28 04:00,多云,5.8,0,西南风,1,4,974,62,5,71
2024-02-28 05:00,多云,5.6,0,西南风,1,5,974,64,4.7,46
2024-02-28 06:00,霾,5.1,0,西北风,1,4,974,68,4.3,63
2024-02-28 07:00,霾,5,0,西风,1,2,975,68,4.2,73
2024-02-28 08:00,霾,4.6,0,东北风,1,5,975,71,4,56
2024-02-28 09:00,多云,5.3,0,东风,1,5,975,64,5.4,70
2024-02-28 10:00,阴,5.5,0,北风,1,4,976,61,5.6,87
2024-02-28 11:00,阴,6.2,0,东北风,2,10,976,53,9.2,95
2024-02-28 12:00,阴,6.8,0,东北风,2,10,975,50,9.5,95
2024-02-28 13:00,阴,7.1,0,东北风,2,7,974,47,11.1,93
2024-02-28 14:00,阴,8.3,0,东北风,1,5,974,45,10.9,95
2024-02-28 15:00,阴,9.4,0,东北风,1,4,973,43,10,93
2024-02-28 16:00,阴,9,0,东风,2,8,973,45,9.8,90
2024-02-28 17:00,多云,8.8,0,东风,2,6,973,44,10.6,77
2024-02-28 18:00,多云,8.4,0,东风,1,4,974,45,10.5,78
2024-02-28 19:00,阴,8.2,0,北风,1,3,976,47,9.5,95
2024-02-28 20:00,多云,7.7,0,北风,1,5,977,54,7.6,89
2024-02-28 21:00,阴,5.6,0.2,西北风,2,6,978,79,4.6,87
2024-02-28 22:00,阴,5.3,0.4,西北风,1,4,979,84,3.1,84
2024-02-28 23:00,阴,5,0.3,西风,1,4,979,89,2.7,95
2024-02-29 00:00,阴,4.9,0.1,西北风,1,4,980,92,2.2,95
2024-02-29 01:00,阴,4.6,0.2,东北风,2,8,980,89,2.7,95
2024-02-29 02:00,阴,4.2,0.3,东北风,2,9,980,91,2.2,84
2024-02-29 03:00,阴,3.6,0.2,东北风,2,9,980,90,2.9,84
2024-02-29 04:00,阴,3.2,0.1,东北风,2,8,980,90,3.6,95
2024-02-29 05:00,阴,2.9,0,东北风,2,9,979,90,3.4,95
2024-02-29 06:00,阴,2.8,0,东北风,2,6,980,91,3.1,95
2024-02-29 07:00,阴,2.8,0,东北风,2,6,980,91,3.1,90
2024-02-29 08:00,多云,2.7,0,东北风,2,8,980,91,3.3,74
2024-02-29 09:00,多云,2.7,0,东风,2,7,981,93,3.6,71
2024-02-29 10:00,阴,2.9,0,东风,2,10,982,92,3.4,87
2024-02-29 11:00,阴,3.4,0,东风,2,10,982,92,3.4,95
2024-02-29 12:00,阴,4.3,0,东风,2,7,982,86,5.7,95
2024-02-29 13:00,阴,5,0,东风,2,8,981,83,6.1,94
2024-02-29 14:00,阴,5.8,0,东北风,2,7,981,79,6.5,93
2024-02-29 15:00,多云,6.2,0,东北风,3,12,980,72,8.4,88
2024-02-29 16:00,阴,6.3,0,东北风,3,12,980,72,8.4,93
2024-02-29 17:00,多云,6,0,东北风,2,12,980,68,8.9,83
2024-02-29 18:00,多云,2.8,0.4,东北风,3,18,982,86,6.2,74
2024-02-29 19:00,多云,2.1,0.4,东北风,3,18,982,86,6.2,54
2024-02-29 20:00,多云,2.5,0.3,东北风,2,9,984,94,6.1,52
2024-02-29 21:00,多云,3,0,东北风,2,6,985,93,7.9,73
2024-02-29 22:00,多云,3.1,0,东北风,2,6,985,93,7.9,80
2024-02-29 23:00,多云,3.1,0,东风,2,6,985,89,9.3,84
2024-03-01 00:00,阴,3.1,0,东风,1,4,985,91,5.4,95
2024-03-01 01:00,阴,3,0,北风,1,4,985,91,5.8,95
2024-03-01 02:00,阴,3,0,西北风,2,6,985,92,5,95
2024-03-01 03:00,阴,2.7,0,西北风,1,4,984,93,4.8,95
2024-03-01 04:00,阴,2.7,0,西北风,1,2,984,94,3.9,95
2024-03-01 05:00,阴,2.2,0,西北风,1,2,984,94,3.9,95
2024-03-01 06:00,多云,2.2,0,西风,1,4,984,90,6,78
2024-03-01 07:00,多云,2.2,0,西风,1,4,984,92,5.7,68
2024-03-01 08:00,多云,2.3,0,东北风,1,3,984,92,5.5,56
2024-03-01 09:00,多云,2.8,0,北风,1,5,984,88,6.9,69
2024-03-01 10:00,阴,3.4,0,北风,1,5,984,88,6.9,91
2024-03-01 11:00,阴,4.4,0,西北风,1,3,984,67,20,95
2024-03-01 12:00,阴,4.9,0,东风,1,4,983,65,12.1,93
2024-03-01 13:00,多云,6,0,东风,2,6,981,53,19.6,84
2024-03-01 14:00,阴,6.2,0,南风,2,6,980,47,20,93
2024-03-01 15:00,阴,6.1,0,东北风,1,4,979,49,18.9,95
2024-03-01 16:00,阴,6,0,东北风,1,4,979,49,18.9,92
2024-03-01 17:00,阴,5.5,0,西北风,2,7,979,50,20.6,93
2024-03-01 18:00,多云,4.7,0,西风,2,8,980,54,21.8,89
2024-03-01 19:00,阴,3.9,0,西南风,2,9,981,66,16.8,95
2024-03-01 20:00,阴,3.3,0,西南风,2,10,981,79,12.4,93
2024-03-01 21:00,阴,3,0,西南风,2,10,981,79,12.4,92
2024-03-01 22:00,多云,2.5,0,西南风,2,8,982,85,11.5,62
2024-03-01 23:00,晴,2,0,西南风,2,6,982,88,8.5,23
2024-03-02 00:00,晴,1.4,0,西风,2,12,982,88,7.4,0
2024-03-02 01:00,晴,1,0,西风,2,12,982,88,7.4,0
2024-03-02 02:00,晴,0.9,0,南风,2,7,980,92,6.1,0
2024-03-02 03:00,晴,0.9,0,西南风,1,4,979,92,6.1,0
2024-03-02 04:00,晴,0.6,0,西南风,2,6,978,93,4.6,0
2024-03-02 05:00,晴,0,0,西南风,2,7,977,94,4.1,0
2024-03-02 06:00,晴,-0.4,0,西南风,2,6,977,95,2.9,0
2024-03-02 07:00,晴,-1,0,西南风,1,2,977,95,2.9,0
2024-03-02 08:00,晴,-0.8,0,西风,2,6,977,96,3.3,0
2024-03-02 09:00,晴,2.5,0,西风,1,5,977,95,4.5,0
2024-03-02 10:00,晴,4.3,0,西风,1,5,977,95,4.5,0
2024-03-02 11:00,晴,6.4,0,西南风,2,10,977,77,11.6,0
2024-03-02 12:00,晴,7.4,0,西风,2,8,975,48,21.9,0
2024-03-02 13:00,晴,8.8,0,西南风,2,8,973,36,25.5,0
2024-03-02 14:00,晴,9.9,0,西风,2,7,971,33,27.9,0
2024-03-02 15:00,晴,11.1,0,南风,2,7,969,29,28.4,0
2024-03-02 16:00,晴,11.4,0,西北风,2,8,968,27,28.5,0
2024-03-02 17:00,晴,11.1,0,东风,1,4,967,25,29.7,0
2024-03-02 18:00,晴,10.1,0,北风,1,3,967,24,29.2,0
2024-03-02 19:00,晴,7.8,0,北风,1,4,967,30,28.4,0
2024-03-02 20:00,晴,6.9,0,东北风,1,4,967,35,25.3,0
2024-03-02 21:00,晴,6.1,0,东北风,1,5,967,42,20.5,0
2024-03-02 22:00,晴,5.2,0,东北风,1,5,967,42,20.5,1
2024-03-02 23:00,晴,3.7,0,东北风,1,4,967,50,13.6,3
2024-03-03 00:00,晴,3.3,0,北风,2,7,967,55,10.9,0
2024-03-03 01:00,晴,2.4,0,西北风,2,6,967,58,9.6,0
2024-03-03 02:00,晴,1.7,0,东北风,1,4,967,65,10.8,0
2024-03-03 03:00,晴,0.9,0,北风,1,3,967,69,10.7,0
2024-03-03 04:00,晴,0.7,0,南风,1,3,966,70,11.9,0
2024-03-03 05:00,晴,0.3,0,西南风,1,2,966,72,12.2,0
2024-03-03 06:00,晴,-0.3,0,静风,0,1,966,75,11.6,0
2024-03-03 07:00,多云,0.2,0,东南风,1,3,966,75,11.9,38
2024-03-03 08:00,多云,0.4,0,北风,1,1,966,76,10.6,76
2024-03-03 09:00,多云,2.5,0,东北风,1,4,966,69,10.3,73
2024-03-03 10:00,多云,4.8,0,东北风,2,6,966,54,13.3,65
2024-03-03 11:00,多云,6.2,0,东北风,2,9,966,42,17.5,78
2024-03-03 12:00,晴,8,0,东风,2,10,965,38,18.9,2
2024-03-03 13:00,晴,9.8,0,东北风,2,11,963,36,19.4,0
2024-03-03 14:00,晴,10.4,0,东南风,2,10,962,36,19.4,0
2024-03-03 15:00,晴,11.2,0,东风,2,7,960,37,17.8,4
2024-03-03 16:00,晴,10.9,0,东风,2,7,960,37,17.8,4
2024-03-03 17:00,晴,10.7,0,东北风,3,14,959,39,17.1,29
2024-03-03 18:00,多云,10.5,0,东风,3,13,959,41,16.2,31
2024-03-03 19:00,晴,10.5,0,东风,2,8,960,41,16.8,21
2024-03-03 20:00,多云,10.2,0,东风,2,10,960,41,17,77
2024-03-03 21:00,阴,9.8,0,东北风,2,11,960,43,15.5,91
2024-03-03 22:00,多云,9.4,0,东北风,2,8,960,44,14,89
2024-03-03 23:00,多云,8.9,0,东风,2,8,960,46,14.2,89
2024-03-04 00:00,多云,8.4,0,东风,2,8,960,46,14.2,87
2024-03-04 01:00,多云,8.5,0,东北风,2,9,959,48,14.1,77
2024-03-04 02:00,晴,8.5,0,东北风,2,10,958,50,13.5,22
2024-03-04 03:00,晴,8.5,0,东北风,2,10,958,50,13.5,12
2024-03-04 04:00,多云,8.5,0,东北风,2,9,957,56,11.8,46
2024-03-04 05:00,多云,8.5,0,东北风,2,12,958,58,11.1,31
2024-03-04 06:00,晴,8.7,0,东北风,2,10,958,60,11.1,27
2024-03-04 07:00,晴,8.7,0,东北风,2,10,959,59,11.6,25
2024-03-04 08:00,多云,8.9,0,东风,3,13,960,60,11,34
2024-03-04 09:00,多云,9,0,东北风,2,9,960,62,10,71
2024-03-04 10:00,阴,9.2,0,东风,2,9,961,62,9.9,95
2024-03-04 11:00,阴,9.4,0,东北风,2,10,962,62,9.7,95
2024-03-04 12:00,阴,9.6,0,东风,2,10,962,62,9.3,95
2024-03-04 13:00,阴,10,0,东风,2,9,962,61,9.3,95
2024-03-04 14:00,阴,10.2,0,东北风,2,12,961,59,9.7,95
2024-03-04 15:00,阴,10.2,0,东风,2,7,961,58,9.9,95
2024-03-04 16:00,阴,10,0,东风,2,8,961,58,10.2,95
2024-03-04 17:00,阴,9.9,0,东风,2,8,961,59,9.7,95
2024-03-04 18:00,阴,9.5,0,东风,2,6,962,60,9.5,95
2024-03-04 19:00,阴,9.1,0,东北风,2,6,963,60,9.6,95
2024-03-04 20:00,阴,8.7,0,东北风,2,8,965,63,7.9,94
2024-03-04 21:00,多云,8.4,0,东风,2,11,965,64,7.9,68
2024-03-04 22:00,多云,8.2,0,东北风,2,7,967,67,7.6,84
2024-03-04 23:00,多云,8,0,东风,2,7,967,68,7.8,89
2024-03-05 00:00,阴,7.7,0,东风,2,8,967,69,8,95
2024-03-05 01:00,阴,7.5,0,东北风,2,6,967,70,7.7,95
2024-03-05 02:00,多云,7.4,0,东北风,2,6,967,70,7.6,70
2024-03-05 03:00,阴,6.7,0,东北风,2,6,967,70,7.6,95
2024-03-05 04:00,多云,6.4,0,东风,2,7,966,76,5.6,63
2024-03-05 05:00,晴,6.1,0,东风,2,7,966,76,5.6,12
2024-03-05 06:00,阴,6.1,0,东北风,2,6,967,77,5.2,83
2024-03-05 07:00,多云,5.9,0,静风,0,1,968,79,5,75
2024-03-05 08:00,多云,6,0,西北风,1,1,969,80,4.8,39
2024-03-05 09:00,多云,6.7,0,西北风,1,1,969,76,4.9,59
2024-03-05 10:00,阴,7.4,0,南风,1,3,970,72,5.1,90
2024-03-05 11:00,阴,7.7,0,西风,1,3,970,71,5,95
2024-03-05 12:00,阴,8,0,西南风,2,6,970,71,5,95
2024-03-05 13:00,阴,8.9,0,西南风,2,6,970,70,5,95
2024-03-05 14:00,阴,8.9,0,西南风,2,10,969,69,5.2,95
2024-03-05 15:00,阴,9.8,0,西南风,2,12,969,65,5.3,92
2024-03-05 16:00,多云,11.3,0,南风,2,9,968,53,7,78
2024-03-05 17:00,阴,10.8,0,西南风,2,6,969,49,9.7,94
2024-03-05 18:00,多云,10.5,0,南风,1,4,970,45,11.5,89
2024-03-05 19:00,阴,10.3,0,南风,2,6,971,47,11.9,92
2024-03-05 20:00,阴,9.8,0,南风,2,6,971,47,11.9,95
2024-03-05 21:00,阴,9.5,0,东风,2,6,972,53,10.2,91
2024-03-05 22:00,阴,9.7,0,东北风,1,5,974,55,9.1,95
2024-03-05 23:00,阴,9.3,0,东风,2,7,974,58,7.2,95
2024-03-06 00:00,阴,8.4,0,东风,2,7,974,58,7.2,95
2024-03-06 01:00,霾,7.9,0,北风,2,8,975,76,3.9,95
2024-03-06 02:00,霾,7.4,0,西北风,1,4,975,78,3.8,95
2024-03-06 03:00,阴,7.8,0,东北风,1,3,975,68,5.7,87
2024-03-06 04:00,多云,7.3,0,东北风,1,3,975,68,5.7,54
2024-03-06 05:00,多云,6.9,0,北风,1,3,975,52,19.7,55
2024-03-06 06:00,多云,6.4,0,西南风,1,4,976,45,18.4,61
2024-03-06 07:00,多云,5.5,0,东北风,1,5,975,51,21.2,42
2024-03-06 08:00,多云,6.3,0,东北风,1,5,975,51,21.2,64
2024-03-06 09:00,多云,7.4,0,东北风,2,7,977,54,14.9,40
2024-03-06 10:00,多云,9.5,0,东南风,1,4,977,40,26,55
2024-03-06 11:00,晴,10.9,0,东北风,2,8,976,30,30,14
2024-03-06 12:00,多云,12.2,0,东南风,2,6,976,24,30,30
2024-03-06 13:00,晴,12.4,0,西北风,2,6,974,23,30,16
2024-03-06 14:00,晴,12.2,0,东风,2,7,973,24,29.3,2
2024-03-06 15:00,晴,12.7,0,东南风,1,5,972,22,30,8
2024-03-06 16:00,晴,12.7,0,东北风,2,8,971,24,29.2,11
2024-03-06 17:00,晴,12.6,0,东北风,2,8,971,24,29.2,6
2024-03-06 18:00,晴,11.4,0,东南风,1,4,971,25,30,19
2024-03-06 19:00,晴,10.1,0,东北风,1,4,972,29,29.7,24
2024-03-06 20:00,多云,8.7,0,东风,1,4,973,33,24.6,42
2024-03-06 21:00,多云,8.5,0,东风,2,6,973,33,20,60
2024-03-06 22:00,多云,7.3,0,北风,1,5,974,38,24.9,60
2024-03-06 23:00,多云,6.9,0,北风,1,4,975,45,14,60
2024-03-07 00:00,多云,6.5,0,西北风,1,4,975,46,15.8,60
2024-03-07 01:00,多云,6.4,0,西北风,1,3,975,47,14.3,60
2024-03-07 02:00,多云,5.9,0,西南风,1,5,975,47,16.1,60
2024-03-07 03:00,多云,5.8,0,西风,1,4,976,52,14.4,60
2024-03-07 04:00,多云,6.2,0,西南风,2,12,975,50,14.6,60
2024-03-07 05:00,多云,6.5,0,西南风,2,8,975,52,13.7,60
2024-03-07 06:00,多云,5.8,0,西风,1,5,976,53,12.2,60
2024-03-07 07:00,多云,5.5,0,西南风,2,6,977,57,11.6,60
2024-03-07 08:00,多云,6.2,0,西南风,2,6,977,57,11.6,60
2024-03-07 09:00,晴,8.6,0,西南风,2,9,979,56,11.2,20
2024-03-07 10:00,多云,11.3,0,西南风,2,11,980,46,11.9,57
2024-03-07 11:00,多云,12.1,0,西北风,2,12,980,13,20.4,57
2024-03-07 12:00,多云,12.4,0,西北风,2,12,980,13,20.4,57
2024-03-07 13:00,晴,14.3,0,西风,3,13,978,11,25.6,20
2024-03-07 14:00,晴,14.6,0,西风,3,13,978,11,25.6,20
2024-03-07 15:00,晴,14.6,0,西风,4,20,976,10,30,20
2024-03-07 16:00,晴,14.8,0,西北风,3,17,975,9,29.9,0
2024-03-07 17:00,晴,14.6,0,西北风,3,15,975,8,30,20
2024-03-07 18:00,晴,13.7,0,西北风,2,11,975,10,29.7,0
2024-03-07 19:00,晴,11.7,0,西风,2,7,975,13,26,0
2024-03-07 20:00,晴,10.1,0,西南风,2,7,976,15,20.5,0
2024-03-07 21:00,晴,7.8,0,北风,1,3,976,19,22.2,0
2024-03-07 22:00,晴,7.7,0,西风,1,4,977,24,19.7,0
2024-03-07 23:00,晴,7.2,0,西风,1,4,977,24,19.7,0
2024-03-08 00:00,晴,7.5,0,东北风,2,8,977,28,18.2,0
2024-03-08 01:00,晴,5.9,0,东北风,2,10,977,27,18.1,0
2024-03-08 02:00,晴,5.1,0,东北风,2,6,977,30,21,0
2024-03-08 03:00,晴,5.3,0,东北风,2,9,976,30,24.7,0
2024-03-08 04:00,晴,4.7,0,东北风,2,9,976,30,24.7,0
2024-03-08 05:00,晴,3.3,0,东风,3,14,976,31,30,0
2024-03-08 06:00,晴,2.8,0,东风,3,12,976,34,30,0
2024-03-08 07:00,晴,2.6,0,东风,3,12,976,36,30,0
2024-03-08 08:00,晴,4.5,0,东风,3,13,977,32,30,0
2024-03-08 09:00,晴,5.7,0,东风,3,13,977,32,30,0
2024-03-08 10:00,晴,7.3,0,东风,3,15,977,24,30,8
2024-03-08 11:00,晴,9.2,0,东风,3,15,977,24,30,0
2024-03-08 12:00,晴,10.1,0,东北风,3,17,976,22,30,0
2024-03-08 13:00,晴,11.5,0,东风,3,17,974,20,30,0
2024-03-08 14:00,晴,12.5,0,东风,3,17,973,18,30,17
2024-03-08 15:00,晴,13.1,0,东风,3,15,971,17,30,22
2024-03-08 16:00,多云,13.2,0,东北风,2,12,971,18,30,35
2024-03-08 17:00,多云,13.3,0,东北风,2,10,971,19,30,62
2024-03-08 18:00,多云,12.9,0,东风,2,9,971,19,26.4,63
2024-03-08 19:00,多云,11.6,0,东风,1,4,971,21,29.3,42
2024-03-08 20:00,多云,12,0,西北风,1,4,972,23,29.3,37
2024-03-08 21:00,多云,10.7,0,西风,1,5,972,23,25.8,63
2024-03-08 22:00,阴,9.5,0,西风,2,9,973,27,22.8,90
2024-03-08 23:00,阴,9.6,0,西南风,1,4,973,29,22.2,90
2024-03-09 00:00,多云,8.2,0,西南风,1,4,973,31,21,69
2024-03-09 01:00,多云,8,0,西北风,1,4,973,33,16.3,45
2024-03-09 02:00,多云,6.8,0,北风,1,3,973,34,14.7,71
2024-03-09 03:00,晴,7,0,西北风,1,5,973,38,14.2,14
2024-03-09 04:00,多云,5.6,0,东北风,1,2,972,43,13.6,38
2024-03-09 05:00,晴,4.5,0,东北风,1,2,972,43,13.6,5
2024-03-09 06:00,晴,4.1,0,西北风,1,3,972,48,16.1,0
2024-03-09 07:00,晴,3.8,0,东北风,1,3,973,50,15.1,0
2024-03-09 08:00,晴,6.1,0,东北风,1,5,974,48,13.9,3
2024-03-09 09:00,晴,8.4,0,东风,2,8,974,37,17.6,20
2024-03-09 10:00,多云,10,0,东北风,1,4,975,32,19.7,45
2024-03-09 11:00,晴,11.9,0,东北风,2,6,974,30,20.8,26
2024-03-09 12:00,晴,13.1,0,东北风,2,6,973,27,19.8,3
2024-03-09 13:00,晴,14.4,0,东风,1,4,972,25,21.7,1
2024-03-09 14:00,晴,15.4,0,东北风,1,5,971,24,22,0
2024-03-09 15:00,晴,16.9,0,东北风,2,8,970,23,21.8,4
2024-03-09 16:00,晴,17.6,0,东北风,2,8,969,25,24.8,0
2024-03-09 17:00,晴,16.5,0,东北风,2,8,969,25,24.8,0
2024-03-09 18:00,晴,16.1,0,东风,2,8,969,29,21.2,2
2024-03-09 19:00,晴,14.1,0,东北风,1,5,970,33,21.7,0
2024-03-09 20:00,晴,13,0,东北风,2,6,970,37,18.4,0
2024-03-09 21:00,晴,11.5,0,北风,1,5,971,40,15.6,0
2024-03-09 22:00,阴,9.6,0,北风,1,5,971,40,15.6,90
2024-03-09 23:00,晴,9,0,西北风,1,4,972,48,11.5,0
2024-03-10 00:00,晴,9.5,0,西风,1,2,972,48,11.1,0
2024-03-10 01:00,晴,8.3,0,东北风,2,6,972,48,13.1,2
2024-03-10 02:00,晴,7.6,0,东北风,1,4,972,54,11.3,18
2024-03-10 03:00,多云,7.6,0,北风,2,6,972,52,12.7,58
2024-03-10 04:00,多云,6.9,0,东北风,1,2,972,57,12.3,73
2024-03-10 05:00,多云,7.4,0,南风,2,7,972,56,12.7,50
2024-03-10 06:00,多云,7.2,0,北风,1,4,973,59,11.6,70
2024-03-10 07:00,多云,7.1,0,北风,1,5,973,59,11.3,72
2024-03-10 08:00,多云,7.8,0,北风,1,5,973,59,11.3,77
2024-03-10 09:00,阴,8.3,0,西南风,1,3,975,57,10.8,95
2024-03-10 10:00,阴,9.8,0,西南风,1,3,975,57,10.8,95
2024-03-10 11:00,中雨,10.2,0,西北风,1,4,975,52,10,95
2024-03-10 12:00,中雨,9,0,西风,2,12,977,66,7.7,95
2024-03-10 13:00,中雨,9.3,0.8,西南风,2,8,976,85,5.3,95
2024-03-10 14:00,中雨,9.9,0.3,西南风,2,12,975,90,5,95
2024-03-10 15:00,小雨,9.9,0.6,西南风,2,11,976,92,5.5,95
2024-03-10 16:00,小雨,10.5,0.6,西南风,2,11,976,92,5.5,94
2024-03-10 17:00,多云,11.7,0,西南风,2,8,975,73,18.2,66
2024-03-10 18:00,晴,11.3,0,南风,2,6,975,63,23.2,27
2024-03-10 19:00,晴,10.2,0,南风,2,6,975,72,17.8,0
2024-03-10 20:00,晴,9.5,0,南风,2,7,976,74,16.1,0
2024-03-10 21:00,晴,9.3,0,南风,2,7,976,71,16.3,0
2024-03-10 22:00,晴,7.6,0,西风,1,2,976,75,17.2,0
2024-03-10 23:00,晴,7.4,0,西北风,1,5,976,80,12.3,0
2024-03-11 00:00,晴,6.9,0,西南风,1,3,976,83,14.9,1
2024-03-11 01:00,晴,6.5,0,西南风,1,4,975,83,14.9,10
2024-03-11 02:00,晴,6.3,0,西南风,1,4,974,80,13.1,6
2024-03-11 03:00,晴,5.3,0,西北风,1,4,974,82,11.4,0
2024-03-11 04:00,晴,6,0,西南风,2,9,973,79,13.3,0
2024-03-11 05:00,晴,6.4,0,西南风,2,8,973,79,12.9,0
2024-03-11 06:00,晴,6.3,0,西南风,2,11,973,77,14.3,0
2024-03-11 07:00,晴,6.1,0,西南风,2,9,973,76,13.3,0
2024-03-11 08:00,晴,7.4,0,西南风,2,8,973,75,12.8,0
2024-03-11 09:00,晴,9.9,0,西南风,1,5,973,70,13.6,0
2024-03-11 10:00,晴,12.4,0,西南风,2,9,973,55,17.2,0
2024-03-11 11:00,晴,14,0,西风,2,10,973,47,22.5,0
2024-03-11 12:00,晴,17.5,0,西南风,2,8,972,37,22.9,0
2024-03-11 13:00,晴,19.1,0,西风,2,10,970,31,25.2,0
2024-03-11 14:00,晴,20.3,0,西南风,2,12,969,25,25.8,0
2024-03-11 15:00,晴,22,0,西南风,2,9,968,21,27.3,0
2024-03-11 16:00,晴,22.4,0,西南风,2,8,967,17,30,0
2024-03-11 17:00,晴,22.2,0,西南风,2,9,967,17,28.3,0
2024-03-11 18:00,晴,20.9,0,西南风,2,6,967,18,28.7,0
2024-03-11 19:00,晴,18.1,0,东风,2,7,967,24,24.4,0
2024-03-11 20:00,晴,16.3,0,东风,2,8,968,39,19.1,0
2024-03-11 21:00,晴,14.8,0,东北风,1,5,969,42,19.3,0
2024-03-11 22:00,晴,13.5,0,北风,1,4,970,47,7.1,0
2024-03-11 23:00,晴,12.3,0,北风,1,4,971,51,6.7,0
2024-03-12 00:00,晴,12.8,0,北风,1,4,971,51,6.7,0
2024-03-12 01:00,晴,12.4,0,东北风,2,10,972,47,13.5,0
2024-03-12 02:00,晴,11.5,0,东风,3,12,973,39,17.6,1
2024-03-12 03:00,晴,10.6,0,东风,2,9,973,36,23.4,0
2024-03-12 04:00,晴,10.1,0,东风,2,9,973,36,23.4,0
2024-03-12 05:00,晴,8,0,东北风,2,8,974,29,30,1
2024-03-12 06:00,晴,7.1,0,东北风,2,7,975,40,19.1,0
2024-03-12 07:00,晴,7.1,0,东风,1,4,975,34,30,7
2024-03-12 08:00,晴,8.9,0,东风,3,12,975,28,30,0
2024-03-12 09:00,晴,10.6,0,东北风,3,15,976,25,30,0
2024-03-12 10:00,晴,12.2,0,东北风,3,15,976,25,30,0
2024-03-12 11:00,晴,12.9,0,东风,4,23,975,20,30,0
2024-03-12 12:00,晴,14.6,0,东北风,3,18,974,20,29.9,7
2024-03-12 13:00,晴,15.8,0,东风,3,19,972,19,30,18
2024-03-12 14:00,多云,16.3,0,东风,3,19,972,19,30,52
2024-03-12 15:00,多云,16.5,0,东风,4,23,969,19,30,55
2024-03-12 16:00,多云,16.7,0,东北风,3,15,969,19,30,54
2024-03-12 17:00,阴,16.6,0,东风,3,15,968,19,30,93
2024-03-12 18:00,阴,16.3,0,东北风,2,10,968,20,30,95
2024-03-12 19:00,阴,15.6,0,东风,2,8,969,21,28.1,95
2024-03-12 20:00,阴,15.4,0,东北风,2,6,970,21,24.8,95
2024-03-12 21:00,阴,14.5,0,东北风,2,8,970,21,22.9,91
2024-03-12 22:00,多云,14.4,0,东风,2,6,971,21,21.2,88
2024-03-12 23:00,多云,13.6,0,东风,2,6,971,26,17.6,61
2024-03-13 00:00,多云,12,0,东风,2,6,971,26,17.6,75
2024-03-13 01:00,多云,11.9,0,西北风,1,1,971,33,14.4,80
2024-03-13 02:00,阴,11.7,0,西风,1,2,971,33,12.8,95
2024-03-13 03:00,小雨,11.3,0,西北风,1,5,971,36,13.2,95
2024-03-13 04:00,小雨,11.1,0,西风,1,2,971,37,14.5,95
2024-03-13 05:00,阴,10.7,0,西风,1,3,971,41,14.5,95
2024-03-13 06:00,小雨,10.4,0,静风,0,1,971,47,13.4,95
2024-03-13 07:00,阴,10.1,0,静风,0,1,971,47,13.4,94
2024-03-13 08:00,多云,10.6,0,西风,1,3,972,45,14.4,55
2024-03-13 09:00,多云,11.1,0,西风,1,3,972,45,14.4,78
2024-03-13 10:00,阴,11.3,0,西南风,1,5,973,53,11.5,95
2024-03-13 11:00,阴,11.7,0,西风,1,5,973,55,9.5,95
2024-03-13 12:00,阴,13,0,西风,2,6,972,43,12.3,95
2024-03-13 13:00,多云,14.9,0,西风,2,6,972,43,12.3,79
2024-03-13 14:00,多云,15.8,0,西风,3,15,970,37,18.7,32
2024-03-13 15:00,晴,16.7,0,西风,2,11,969,38,19.5,2
2024-03-13 16:00,晴,17.4,0,西南风,2,10,968,38,20.3,0
2024-03-13 17:00,晴,17.6,0,西南风,2,10,968,40,27.1,0
2024-03-13 18:00,晴,16.8,0,西南风,2,7,968,40,30,0
2024-03-13 19:00,晴,14.5,0,东北风,1,3,968,46,28.9,0
2024-03-13 20:00,晴,13.3,0,东风,1,4,969,53,23.5,0
2024-03-13 21:00,晴,12.6,0,东风,3,14,970,53,16.1,0
2024-03-13 22:00,晴,11.9,0,东风,2,12,970,61,10.1,0
2024-03-13 23:00,晴,10.7,0,东北风,2,10,971,62,8.6,0
2024-03-14 00:00,晴,10,0,东北风,2,10,971,65,8.9,0
2024-03-14 01:00,晴,8.7,0,东北风,2,10,971,65,8.9,0
2024-03-14 02:00,晴,7.8,0,东北风,2,6,971,75,6.8,0
2024-03-14 03:00,晴,7.4,0,北风,1,3,970,78,6.8,0
2024-03-14 04:00,晴,7.1,0,东北风,2,8,970,79,6.2,0
2024-03-14 05:00,晴,6.8,0,东南风,1,3,971,83,6.3,0
2024-03-14 06:00,晴,6.3,0,南风,1,4,971,86,4.7,0
2024-03-14 07:00,晴,6.4,0,北风,1,4,972,88,5,0
2024-03-14 08:00,晴,8.7,0,北风,1,4,972,88,5,0
2024-03-14 09:00,晴,10.2,0,东北风,2,6,973,70,6.4,0
2024-03-14 10:00,晴,12.1,0,东风,2,11,973,65,6.6,0
2024-03-14 11:00,晴,13.9,0,东风,2,12,972,56,7,0
2024-03-14 12:00,晴,15.5,0,东北风,3,16,971,52,7.5,0
2024-03-14 13:00,晴,16.5,0,东风,3,16,970,49,9.6,0
2024-03-14 14:00,晴,18.1,0,东风,3,16,970,49,9.6,0
2024-03-14 15:00,晴,18.3,0,东北风,3,17,967,43,11.2,0
2024-03-14 16:00,晴,19.2,0,东风,3,16,966,39,11.6,0
2024-03-14 17:00,晴,19.1,0,东北风,4,21,965,37,15.1,5
2024-03-14 18:00,晴,18.8,0,东北风,4,21,965,37,15.1,5
2024-03-14 19:00,晴,17.8,0,东风,2,11,965,42,13.7,13
2024-03-14 20:00,多云,17,0,东风,2,11,965,42,13.7,58
2024-03-14 21:00,多云,16.1,0,东北风,2,8,965,45,12.5,58
2024-03-14 22:00,多云,15.2,0,东风,2,9,966,37,15.8,74
2024-03-14 23:00,阴,14.2,0,东北风,2,9,966,40,17.3,95
2024-03-15 00:00,阴,15.6,0,东北风,2,7,965,39,18.4,95
2024-03-15 01:00,晴,17.2,0,东南风,3,12,965,32,27.3,1
2024-03-15 02:00,晴,16.5,0,东风,2,12,965,34,28.2,17
2024-03-15 03:00,多云,15.8,0,东风,2,11,965,33,30,32
2024-03-15 04:00,晴,12.9,0,东北风,3,13,964,38,28.1,17
2024-03-15 05:00,晴,11.9,0,东北风,3,13,964,38,28.1,16
2024-03-15 06:00,晴,11.7,0,东北风,2,9,964,45,28.1,5
2024-03-15 07:00,多云,11.4,0,东北风,2,10,964,51,20.9,41
2024-03-15 08:00,多云,12.4,0,东北风,3,15,966,53,19,32
2024-03-15 09:00,晴,13.3,0,东北风,3,17,966,49,15.8,24
2024-03-15 10:00,多云,14.6,0,东北风,3,17,966,49,15.8,42
2024-03-15 11:00,多云,16.1,0,东风,3,19,966,49,13.3,42
2024-03-15 12:00,多云,17.4,0,东风,3,15,966,46,13.5,46
2024-03-15 13:00,多云,18.1,0,东北风,3,19,966,46,14.9,46
2024-03-15 14:00,晴,19,0,东北风,3,17,965,41,14.8,2
2024-03-15 15:00,晴,19.7,0,东北风,3,13,964,40,16.1,0
2024-03-15 16:00,晴,19.9,0,东风,3,15,964,40,16.3,1
2024-03-15 17:00,晴,18.9,0,东北风,3,12,965,40,18.9,0
2024-03-15 18:00,晴,18.3,0,东北风,3,12,966,42,15.5,2
2024-03-15 19:00,多云,17.6,0,东北风,2,8,967,45,16.2,66
2024-03-15 20:00,多云,17,0,东北风,2,8,967,45,16.2,66
2024-03-15 21:00,多云,16.6,0,东北风,2,6,969,48,13.4,66
2024-03-15 22:00,多云,16,0,东北风,1,5,970,49,12.7,66
2024-03-15 23:00,多云,16,0,南风,2,6,971,51,13.1,64
2024-03-16 00:00,多云,15.2,0,东南风,1,3,970,52,11.8,64
2024-03-16 01:00,晴,14.3,0,西北风,1,4,971,57,10,0
2024-03-16 02:00,晴,13.6,0,西南风,2,8,971,60,9.6,0
2024-03-16 03:00,晴,13.2,0,南风,1,3,971,62,9.5,12
2024-03-16 04:00,晴,13.5,0,西南风,2,7,971,60,9.9,7
2024-03-16 05:00,多云,13.5,0,西南风,2,10,971,60,9.8,82
2024-03-16 06:00,晴,12.8,0,西南风,1,5,972,63,9.2,23
2024-03-16 07:00,晴,12.5,0,西北风,1,3,972,64,8.8,23
2024-03-16 08:00,多云,13.1,0,西南风,2,7,973,63,8.4,39
2024-03-16 09:00,晴,14.4,0,西南风,2,7,973,58,8.6,8
2024-03-16 10:00,扬沙,16.5,0,西南风,2,7,974,50,8.7,8
2024-03-16 11:00,扬沙,18.4,0,西南风,2,7,974,50,8.7,23
2024-03-16 12:00,扬沙,19,0,东南风,1,5,972,33,8,37
2024-03-16 13:00,扬沙,20.1,0,东北风,2,9,971,29,8,65
2024-03-16 14:00,扬沙,19.6,0,南风,2,9,971,25,8.1,73
2024-03-16 15:00,扬沙,19.1,0,南风,2,11,970,26,8.7,95
2024-03-16 16:00,扬沙,18.7,0,南风,2,11,970,26,8.7,95
2024-03-16 17:00,扬沙,18.3,0,西南风,1,5,969,29,6.5,83
2024-03-16 18:00,扬沙,17.7,0,西风,2,8,969,31,6.3,69
2024-03-16 19:00,扬沙,17.1,0,西风,2,8,969,31,6.3,59
2024-03-16 20:00,扬沙,17.1,0,西风,1,3,970,32,6.4,63
2024-03-16 21:00,浮尘,16.6,0,静风,0,1,972,37,6.1,78
2024-03-16 22:00,浮尘,16.1,0,西南风,1,3,973,34,5.9,74
2024-03-16 23:00,扬沙,15.9,0,西南风,2,7,973,36,5.9,73
2024-03-17 00:00,扬沙,15.7,0,西南风,2,7,973,36,5.9,78
2024-03-17 01:00,浮尘,15.4,0,南风,1,4,974,41,5.7,92
2024-03-17 02:00,小雨,15.8,0,南风,1,4,974,41,5.7,95
2024-03-17 03:00,中雨,15.8,0,西南风,2,7,974,38,5.7,95
2024-03-17 04:00,中雨,15.2,0,西南风,2,12,975,41,7.3,95
2024-03-17 05:00,小雨,12.6,0,西南风,2,12,975,41,7.3,95
2024-03-17 06:00,小雨,12.3,0,西南风,2,6,976,66,10,95
2024-03-17 07:00,浮尘,11.7,0,南风,2,8,977,62,12.8,95
2024-03-17 08:00,多云,12,0,西南风,2,6,977,62,13.9,73
2024-03-17 09:00,多云,12.4,0,西风,1,2,977,63,12.6,75
2024-03-17 10:00,阴,12.4,0,东风,2,8,978,60,12.6,95
2024-03-17 11:00,阴,10.9,0,东风,2,8,978,60,12.6,95
2024-03-17 12:00,扬沙,10.8,0,东风,3,13,977,75,10.7,95
2024-03-17 13:00,阴,11.6,0.1,东风,3,14,976,73,11.5,95
2024-03-17 14:00,多云,11.6,0,东北风,2,12,975,74,12,77
2024-03-17 15:00,阴,11,0,东北风,2,12,975,74,12,95
2024-03-17 16:00,阴,11.3,0,东北风,2,9,974,75,12.1,95
2024-03-17 17:00,多云,11.2,0,东北风,2,10,974,72,12.6,83
2024-03-17 18:00,多云,10.9,0,东北风,2,11,975,72,12,65
2024-03-17 19:00,多云,10.7,0,东北风,2,8,976,79,10,56
2024-03-17 20:00,小雨,10.2,0.2,东北风,2,9,977,88,6.4,70
2024-03-17 21:00,小雨,9.2,0.3,东北风,2,8,978,92,5,95
2024-03-17 22:00,中雨,8.6,0.3,东北风,2,8,978,92,5,64
2024-03-17 23:00,中雨,8.1,0,东风,2,8,978,80,12.5,87
2024-03-18 00:00,中雨,7.6,0.7,东风,2,10,978,82,12.4,95
2024-03-18 01:00,中雨,7.3,0.6,东北风,2,9,978,85,12.7,95
2024-03-18 02:00,中雨,7.3,0.2,北风,2,9,978,89,12.6,95
2024-03-18 03:00,中雨,7.3,0.1,北风,2,6,978,86,16.5,95
2024-03-18 04:00,阴,7.4,0.1,静风,0,0,978,88,14.6,95
2024-03-18 05:00,阴,7.5,0,西风,1,4,978,87,10.8,95
2024-03-18 06:00,阴,7.4,0,南风,1,5,978,87,12.7,95
2024-03-18 07:00,多云,7.7,0,西南风,1,3,979,88,12.1,79
2024-03-18 08:00,阴,8.4,0,西南风,1,3,979,88,12.1,95
2024-03-18 09:00,多云,9.3,0,西风,2,8,980,84,11.7,88
2024-03-18 10:00,多云,10.6,0,西南风,2,8,980,83,11.4,85
2024-03-18 11:00,多云,12.1,0,西南风,2,11,980,79,10.8,49
2024-03-18 12:00,晴,14.4,0,西南风,2,12,979,70,11.2,2
2024-03-18 13:00,晴,15.7,0,西南风,3,13,978,52,13.3,0
2024-03-18 14:00,晴,17,0,南风,3,13,977,40,17.5,0
2024-03-18 15:00,晴,17,0,南风,3,13,977,40,17.5,0
2024-03-18 16:00,晴,18.1,0,西南风,3,15,974,32,19.1,0
2024-03-18 17:00,晴,18,0,西南风,2,11,974,30,21.3,0
2024-03-18 18:00,晴,17.4,0,西南风,2,11,975,29,22.2,0
2024-03-18 19:00,晴,16.8,0,西南风,2,10,975,30,22.9,0
2024-03-18 20:00,晴,14.9,0,西风,2,9,976,32,21.3,0
2024-03-18 21:00,多云,15.6,0,西北风,2,10,978,18,15.9,69
2024-03-18 22:00,晴,15.8,0,西风,3,13,979,13,15.6,0
2024-03-18 23:00,晴,14.1,0,西北风,2,8,979,13,14.5,0
2024-03-19 00:00,浮尘,14,0,北风,2,6,979,13,13.1,0
2024-03-19 01:00,浮尘,13.4,0,西北风,2,8,979,14,12.1,0
2024-03-19 02:00,晴,11.3,0,西北风,1,4,980,16,14.2,0
2024-03-19 03:00,晴,11,0,西北风,1,4,980,16,14.2,0
2024-03-19 04:00,晴,8.9,0,东风,1,1,980,24,14.2,0
2024-03-19 05:00,晴,8.2,0,西北风,2,6,980,26,12.1,0
2024-03-19 06:00,浮尘,7.2,0,东风,1,4,980,35,13.1,0
2024-03-19 07:00,浮尘,6.5,0,东风,1,4,980,35,13.1,0
2024-03-19 08:00,浮尘,7.4,0,东北风,1,3,982,35,12.7,0
2024-03-19 09:00,浮尘,11,0,东北风,2,6,982,32,11.4,0
2024-03-19 10:00,浮尘,14.2,0,东北风,2,8,982,18,12.4,0
2024-03-19 11:00,浮尘,15.3,0,东北风,2,11,981,13,14.8,0
2024-03-19 12:00,浮尘,16.4,0,东北风,2,9,980,12,15.6,0
2024-03-19 13:00,晴,17.7,0,南风,2,6,979,11,20,0
2024-03-19 14:00,晴,18.4,0,东风,2,6,977,10,19.2,0
2024-03-19 15:00,晴,19.5,0,东风,2,7,975,9,17.5,0
2024-03-19 16:00,晴,20.5,0,南风,2,6,975,10,21.7,0
2024-03-19 17:00,晴,20.1,0,东风,1,5,974,10,25,0
2024-03-19 18:00,晴,19.4,0,东风,1,5,974,10,25,0
2024-03-19 19:00,晴,16.4,0,东风,2,10,974,20,21,0
2024-03-19 20:00,晴,15.2,0,东风,2,10,975,24,19.5,14
2024-03-19 21:00,多云,14.3,0,东北风,2,6,976,26,18.7,41
2024-03-19 22:00,多云,12.3,0,东北风,1,5,977,29,17.3,35
2024-03-19 23:00,晴,11.1,0,东北风,1,5,977,34,14.3,2
2024-03-20 00:00,晴,10.9,0,东北风,2,7,977,35,13.2,7
2024-03-20 01:00,多云,10.5,0,北风,2,9,977,36,13.2,37
2024-03-20 02:00,晴,10.1,0,北风,3,12,977,36,13.6,2
2024-03-20 03:00,晴,8.6,0,东北风,1,1,977,41,14.7,11
2024-03-20 04:00,晴,7.9,0,西北风,1,3,977,39,12,1
2024-03-20 05:00,晴,7.7,0,东北风,1,4,977,42,15.4,5
2024-03-20 06:00,晴,6.8,0,东北风,1,3,977,43,14.5,0
2024-03-20 07:00,晴,6.5,0,西北风,1,4,977,47,15.5,0
2024-03-20 08:00,晴,8.7,0,西北风,1,4,977,47,15.5,0
2024-03-20 09:00,晴,11.5,0,东北风,2,9,978,40,13.8,0
2024-03-20 10:00,晴,13.8,0,东风,2,10,978,30,15.7,0
2024-03-20 11:00,晴,15.3,0,东风,2,11,978,28,20.1,0
2024-03-20 12:00,晴,16.6,0,东风,2,10,976,24,20.2,0
2024-03-20 13:00,晴,18,0,北风,2,10,974,23,20.1,0
2024-03-20 14:00,晴,19.4,0,东北风,2,9,972,22,24.8,0
2024-03-20 15:00,晴,19.7,0,东风,2,9,970,23,19.6,0
2024-03-20 16:00,晴,20,0,东风,2,11,969,25,20.5,0
2024-03-20 17:00,晴,19.4,0,东风,3,13,968,25,20.4,0
2024-03-20 18:00,晴,18.6,0,东风,3,12,967,26,25.2,0
2024-03-20 19:00,晴,17.3,0,东北风,2,6,967,28,22.5,0
2024-03-20 20:00,晴,15.6,0,北风,1,5,967,31,19.9,0
2024-03-20 21:00,晴,14.6,0,北风,1,4,967,33,18.1,10
2024-03-20 22:00,晴,13.9,0,北风,1,4,967,33,18.1,0
2024-03-20 23:00,晴,13.4,0,东北风,2,6,967,38,15,17
2024-03-21 00:00,多云,14.2,0,东风,2,8,966,33,17.7,69
2024-03-21 01:00,阴,13.5,0,东风,2,8,966,34,21.1,95
2024-03-21 02:00,阴,12,0,东风,2,8,966,34,21.1,90
2024-03-21 03:00,阴,11.6,0,东北风,1,5,964,40,18.5,94
2024-03-21 04:00,多云,10.7,0,东南风,2,6,963,43,19.5,86
2024-03-21 05:00,多云,9.6,0,东北风,1,3,962,47,20,36
2024-03-21 06:00,晴,9.5,0,静风,0,0,961,48,19.7,19
2024-03-21 07:00,晴,9.3,0,东南风,1,3,961,49,14,12
2024-03-21 08:00,晴,11,0,东北风,1,4,961,45,16.1,0
2024-03-21 09:00,晴,14,0,东北风,2,7,960,41,15.8,0
2024-03-21 10:00,晴,15.5,0,东北风,2,8,960,37,19.3,0
2024-03-21 11:00,晴,18.2,0,东风,2,6,959,33,18.6,0
2024-03-21 12:00,晴,20.4,0,东风,2,6,958,31,18.7,0
2024-03-21 13:00,晴,21.9,0,东风,2,6,958,31,18.7,0
2024-03-21 14:00,晴,23.4,0,北风,1,5,954,28,20.8,0
2024-03-21 15:00,晴,24.3,0,北风,2,6,953,27,22.4,0
2024-03-21 16:00,晴,24.7,0,东南风,2,7,951,29,19.6,0
2024-03-21 17:00,晴,23.8,0,东南风,2,7,951,29,19.6,0
2024-03-21 18:00,晴,22.7,0,东风,2,8,950,32,21.7,3
2024-03-21 19:00,晴,21.1,0,东风,1,5,951,35,20.3,0
2024-03-21 20:00,晴,19.5,0,东北风,2,8,951,39,19.3,0
2024-03-21 21:00,晴,18.1,0,东风,2,7,952,43,18.3,0
2024-03-21 22:00,晴,18,0,北风,1,4,953,45,17.8,0
2024-03-21 23:00,晴,16.5,0,北风,1,4,953,45,17.8,0
2024-03-22 00:00,晴,16.1,0,东北风,2,6,953,52,13.7,25
2024-03-22 01:00,晴,15.1,0,东北风,2,6,953,52,13.7,5
2024-03-22 02:00,多云,14.6,0,东北风,1,4,953,58,13.9,40
2024-03-22 03:00,多云,14.8,0,西北风,2,7,954,54,14.5,31
2024-03-22 04:00,晴,13.1,0,西风,1,5,954,55,14.9,17
2024-03-22 05:00,多云,13.6,0,西风,1,5,954,60,14.5,43
2024-03-22 06:00,晴,12.7,0,东北风,2,6,955,63,13.4,3
2024-03-22 07:00,晴,12.9,0,东风,1,3,956,63,13.4,0
2024-03-22 08:00,晴,13.5,0,东北风,1,5,957,65,10.2,0
2024-03-22 09:00,晴,17.3,0,北风,1,4,958,54,10.7,0
2024-03-22 10:00,晴,19.8,0,东北风,2,6,958,46,11,0
2024-03-22 11:00,晴,21.3,0,东风,2,9,958,29,14,0
2024-03-22 12:00,晴,22.2,0,东风,3,18,957,18,15.5,0
2024-03-22 13:00,扬沙,23.5,0,东风,3,15,956,24,15.5,0
2024-03-22 14:00,晴,24,0,东北风,3,17,955,25,15.7,0
2024-03-22 15:00,扬沙,24.5,0,东风,3,19,954,24,15.9,0
2024-03-22 16:00,扬沙,24.6,0,东风,3,19,954,24,15.9,0
2024-03-22 17:00,晴,24.4,0,东风,3,17,952,24,15.7,0
2024-03-22 18:00,扬沙,23.6,0,东风,3,17,952,19,20.7,0
2024-03-22 19:00,晴,22.1,0,东风,2,10,952,22,19.1,0
2024-03-22 20:00,晴,21.6,0,东风,2,7,952,27,17.2,3
2024-03-22 21:00,多云,20.1,0,东北风,3,14,953,34,16.2,63
2024-03-22 22:00,晴,18.9,0,东北风,3,16,953,35,11.6,2
2024-03-22 23:00,晴,18.5,0,东北风,3,17,954,35,11,7
2024-03-23 00:00,扬沙,18,0,东北风,3,17,954,35,11,11
2024-03-23 01:00,扬沙,17.8,0,东北风,3,15,955,37,9.7,14
2024-03-23 02:00,浮尘,17.4,0,东北风,4,22,955,38,10.1,9
2024-03-23 03:00,浮尘,16.3,0,东北风,4,25,955,39,10.3,15
2024-03-23 04:00,浮尘,16.1,0,东风,3,15,955,41,11.2,4
2024-03-23 05:00,扬沙,15.7,0,东风,4,23,955,41,12.2,16
2024-03-23 06:00,扬沙,15.5,0,东风,4,22,956,43,11.6,4
2024-03-23 07:00,扬沙,15.2,0,东风,3,18,957,44,13,0
2024-03-23 08:00,扬沙,15.4,0,东北风,4,22,958,46,12,10
2024-03-23 09:00,多云,16.1,0,东风,3,18,959,47,12.4,33
2024-03-23 10:00,多云,16.3,0,东风,4,21,960,46,12.3,67
2024-03-23 11:00,阴,16.8,0,东风,4,21,961,49,11,95
2024-03-23 12:00,阴,17,0,东风,3,17,961,51,10.7,95
2024-03-23 13:00,多云,16.1,0,东风,2,12,961,56,10.8,75
2024-03-23 14:00,阴,15.8,0,东风,3,14,961,59,11.2,95
2024-03-23 15:00,阴,14.6,0,东风,3,15,961,66,12,95
2024-03-23 16:00,阴,13.8,0,东风,3,14,962,70,13,95
2024-03-23 17:00,多云,12.5,0,东风,3,14,962,70,13,86
2024-03-23 18:00,小雨,11.9,0,东北风,2,9,964,93,3,68
2024-03-23 19:00,多云,11.6,0.3,东北风,2,6,965,94,2.6,30
2024-03-23 20:00,多云,11.5,0.3,东风,2,7,965,96,2.1,43
2024-03-23 21:00,多云,11.5,0.1,东北风,2,6,966,96,3.8,48
2024-03-23 22:00,晴,11.2,0.3,东风,2,10,967,96,3.3,1
2024-03-23 23:00,阴,11.1,0,东风,2,6,967,95,4.7,90
2024-03-24 00:00,阴,10.9,0,东北风,2,10,967,94,4.9,84
2024-03-24 01:00,阴,10.8,0,东风,3,18,966,96,3.5,95
2024-03-24 02:00,阴,10.8,0,东风,3,12,966,95,4.6,92
2024-03-24 03:00,阴,10.5,0,东北风,3,13,965,95,4.1,91
2024-03-24 04:00,多云,10.5,0,东风,3,18,965,89,8.3,76
2024-03-24 05:00,多云,10.5,0,东北风,3,15,965,88,9.1,77
2024-03-24 06:00,多云,10.5,0,东风,3,14,965,88,8.2,84
2024-03-24 07:00,小雨,10.5,0,东风,3,14,965,88,8.2,72
2024-03-24 08:00,中雨,10.8,0,东北风,2,12,966,86,8.3,87
2024-03-24 09:00,阴,10.5,0.9,东北风,3,14,968,89,4.8,95
2024-03-24 10:00,中雨,10.7,0.9,东北风,2,7,968,93,3.7,95
2024-03-24 11:00,小雨,10.7,0.9,东北风,2,7,968,93,3.7,95
2024-03-24 12:00,小雨,10.7,2,西北风,1,2,969,94,2.5,95
2024-03-24 13:00,中雨,10.5,0.3,西南风,1,3,969,94,4.5,95
2024-03-24 14:00,中雨,10.3,0.5,西风,2,7,969,94,3.6,95
2024-03-24 15:00,小雨,10.2,1.5,西北风,1,3,969,95,3.9,73
2024-03-24 16:00,小雨,10.9,1,西南风,1,4,968,96,3.6,90
2024-03-24 17:00,小雨,10.9,0,西风,2,10,969,89,30,87
2024-03-24 18:00,小雨,10.2,0.1,西风,2,8,969,89,26.1,95
2024-03-24 19:00,中雨,10.2,0.5,西风,2,9,970,92,19.4,95
2024-03-24 20:00,小雨,10,0.3,西南风,2,11,971,90,23.6,86
2024-03-24 21:00,多云,9.6,0.6,西南风,2,8,972,94,20,62
2024-03-24 22:00,多云,9.7,0.1,西南风,1,5,972,93,30,60
2024-03-24 23:00,多云,9.4,0.1,西南风,1,5,972,93,30,76
2024-03-25 00:00,多云,9,0,西南风,1,5,972,92,30,38
2024-03-25 01:00,晴,9.2,0,西北风,1,3,971,94,30,14
2024-03-25 02:00,晴,9.3,0,西北风,1,3,971,94,30,15
2024-03-25 03:00,晴,9.3,0,西北风,1,3,971,94,30,15
2024-03-25 04:00,晴,15,0,西北风,1,4,1009,88,30,12
2024-03-25 05:00,晴,9.2,0,南风,1,3,971,91,30,5
2024-03-25 06:00,晴,9.2,0,南风,1,3,971,91,30,15
2024-03-25 07:00,晴,8.5,0,南风,3,13,1008,88,30,12
2024-03-25 08:00,多云,9,0,东北风,1,5,973,96,7.7,37
2024-03-25 09:00,多云,9.7,0,东北风,1,5,973,96,7.7,40
2024-03-25 10:00,晴,12.2,0,东北风,1,5,1010,86,7.7,10
2024-03-25 11:00,晴,14.2,0,东北风,1,5,973,96,7.7,0
2024-03-25 12:00,晴,15.1,0,东南风,1,5,974,60,24.2,0
2024-03-25 13:00,晴,16.6,0,东风,2,8,974,57,26,0
2024-03-25 14:00,晴,16.6,0,东风,2,8,974,57,26,0
2024-03-25 15:00,晴,16.6,0,东风,2,8,974,57,26,0
2024-03-25 16:00,晴,18.9,0,东南风,2,9,971,45,19.3,0
2024-03-25 17:00,晴,19.2,0,北风,1,4,970,45,20.8,0
2024-03-25 18:00,晴,18.5,0,东风,1,5,970,41,22.8,0
2024-03-25 19:00,晴,15.8,0,东风,1,3,971,47,21,0
2024-03-25 20:00,晴,14.9,0,东风,1,4,972,56,17.9,0
2024-03-25 21:00,晴,14,0,东北风,2,6,972,61,17.2,5
2024-03-25 22:00,晴,13.7,0,东南风,1,5,973,68,14.4,0
2024-03-25 23:00,晴,12.1,0,南风,1,4,973,71,14.4,4
2024-03-26 00:00,晴,11.4,0,东北风,1,5,973,74,11.4,3
2024-03-26 01:00,多云,10.8,0,北风,1,5,973,81,9.4,54
2024-03-26 02:00,多云,10.7,0,西北风,2,6,972,81,8.7,44
2024-03-26 03:00,多云,10.5,0,西风,1,4,973,86,7.5,78
2024-03-26 04:00,阴,10.6,0,东北风,2,7,973,84,7.3,93
2024-03-26 05:00,阴,9.8,0,东风,1,4,972,86,6.5,88
2024-03-26 06:00,阴,10.6,0,东北风,2,10,972,85,6.6,89
2024-03-26 07:00,多云,10.4,0,东风,2,8,973,82,7.5,89
2024-03-26 08:00,阴,10.6,0,东南风,2,6,974,82,6.5,90
2024-03-26 09:00,多云,11.4,0,东北风,1,5,974,78,9.7,86
2024-03-26 10:00,多云,13.4,0,东北风,2,8,974,74,9.8,87
2024-03-26 11:00,阴,14.1,0,东北风,2,6,974,69,10.6,95
2024-03-26 12:00,阴,14.9,0,东北风,2,7,974,61,14.2,95
2024-03-26 13:00,阴,15.6,0,东北风,2,7,972,57,14.2,95
2024-03-26 14:00,阴,15.7,0,东南风,2,6,971,58,13.7,95
2024-03-26 15:00,阴,15.8,0,东风,3,13,969,58,12.5,93
2024-03-26 16:00,多云,15.2,0,东风,2,6,969,60,15,86
2024-03-26 17:00,阴,15.4,0,东北风,2,6,968,60,12.5,95
2024-03-26 18:00,多云,15,0,东北风,1,3,968,62,13.1,74
2024-03-26 19:00,多云,14.7,0,西南风,1,4,968,64,12.6,40
2024-03-26 20:00,晴,14.5,0,西南风,1,4,969,66,10.5,0
2024-03-26 21:00,多云,14.1,0,西风,1,3,969,65,10.9,53
2024-03-26 22:00,多云,13.9,0,西风,1,5,969,66,10.1,53
2024-03-26 23:00,多云,13.4,0,西北风,1,3,968,67,10,60
2024-03-27 00:00,多云,12.9,0,西南风,1,4,967,70,9.3,47
2024-03-27 01:00,晴,12.5,0,静风,0,0,967,76,8.9,29
2024-03-27 02:00,多云,12.1,0,西北风,2,7,967,76,7.9,76
2024-03-27 03:00,多云,12.1,0,西南风,2,6,966,79,6.5,68
2024-03-27 04:00,多云,11.7,0,西南风,2,9,966,79,6.8,47
2024-03-27 05:00,多云,11.6,0,南风,2,6,966,83,5.6,73
2024-03-27 06:00,多云,12.2,0,西南风,2,6,966,82,5.1,66
2024-03-27 07:00,多云,12.2,0,西南风,2,7,967,81,5.1,73
2024-03-27 08:00,阴,12.5,0,西南风,2,8,968,79,5.3,84
2024-03-27 09:00,阴,14.6,0,西南风,2,8,968,76,5.5,84
2024-03-27 10:00,多云,16.8,0,西南风,2,11,968,65,6.9,62
2024-03-27 11:00,多云,18,0,西南风,3,16,968,57,9.4,30
2024-03-27 12:00,多云,19.8,0,西南风,3,15,968,54,9.2,34
2024-03-27 13:00,多云,22.1,0,西南风,2,12,967,48,11.1,55
2024-03-27 14:00,多云,22.2,0,西南风,2,8,966,40,23.5,86
2024-03-27 15:00,阴,23.3,0,南风,2,11,965,37,19.4,95
2024-03-27 16:00,阴,21.8,0,西风,2,9,965,43,10.6,94
2024-03-27 17:00,多云,21.4,0.1,东风,2,9,965,39,16.8,75
2024-03-27 18:00,多云,21.3,0,东南风,2,6,965,38,19.2,53
2024-03-27 19:00,多云,20.9,0,西南风,2,8,965,39,16.8,67
2024-03-27 20:00,多云,20.2,0,西南风,2,10,966,40,12.3,71
2024-03-27 21:00,晴,18.6,0,西北风,2,9,966,39,20,10
2024-03-27 22:00,晴,19.4,0,西北风,3,17,967,22,30,10
2024-03-27 23:00,晴,19,0,西北风,3,14,967,20,30,0
2024-03-28 00:00,晴,16.8,0,西北风,2,7,968,24,30,0
2024-03-28 01:00,晴,15.4,0,西风,2,7,968,28,30,19
2024-03-28 02:00,晴,14.9,0,西南风,2,10,967,30,30,6
2024-03-28 03:00,晴,14.3,0,西南风,2,9,967,39,27.1,1
2024-03-28 04:00,晴,12.9,0,西南风,2,6,966,38,29.9,3
2024-03-28 05:00,晴,13,0,西南风,2,7,966,42,29.4,4
2024-03-28 06:00,晴,12.8,0,西南风,2,8,966,42,26.2,1
2024-03-28 07:00,晴,12.1,0,西南风,2,12,966,44,24,0
2024-03-28 08:00,晴,12.8,0,西南风,1,4,967,50,21.9,0
2024-03-28 09:00,晴,16.1,0,西南风,2,9,967,40,22.6,0
2024-03-28 10:00,晴,18.8,0,西风,2,10,967,35,23.9,0
2024-03-28 11:00,晴,20.9,0,西风,3,17,967,28,23.4,0
2024-03-28 12:00,晴,22.7,0,西南风,2,12,966,26,26.9,0
2024-03-28 13:00,晴,24,0,西风,3,12,965,27,26.3,0
2024-03-28 14:00,晴,25.1,0,西南风,3,12,963,24,28.7,0
2024-03-28 15:00,晴,26.3,0,西南风,2,12,962,18,30,0
2024-03-28 16:00,晴,26.3,0,西风,3,13,961,16,30,0
2024-03-28 17:00,晴,26.2,0,西风,3,13,960,17,30,0
2024-03-28 18:00,晴,25.5,0,西北风,1,5,959,19,30,0
2024-03-28 19:00,晴,23,0,西南风,1,4,959,23,27.1,0
2024-03-28 20:00,晴,21.5,0,南风,2,8,960,25,18.5,0
2024-03-28 21:00,晴,21.1,0,东南风,1,4,960,26,30,0
2024-03-28 22:00,晴,20.6,0,南风,2,9,960,28,30,0
2024-03-28 23:00,晴,17.9,0,西南风,2,6,959,29,11,0
2024-03-29 00:00,晴,17.4,0,西北风,1,4,959,35,19.8,0
2024-03-29 01:00,晴,16.1,0,西北风,1,5,959,36,15.6,4
2024-03-29 02:00,晴,14.6,0,西风,1,5,958,41,23.6,6
2024-03-29 03:00,晴,13.1,0,东北风,1,2,958,49,7.2,13
2024-03-29 04:00,晴,13.4,0,西风,1,5,958,54,24.6,11
2024-03-29 05:00,晴,11.4,0,西南风,1,3,958,51,2.8,10
2024-03-29 06:00,晴,12.3,0,西北风,1,3,959,64,23,11
2024-03-29 07:00,晴,13.3,0,西南风,2,7,959,51,23.9,2
2024-03-29 08:00,晴,17,0,西南风,2,10,960,48,19.3,0
2024-03-29 09:00,晴,20.5,0,西南风,2,11,960,39,21.9,0
2024-03-29 10:00,晴,23.1,0,西风,2,8,960,28,29.1,0
2024-03-29 11:00,晴,25.2,0,西风,2,7,960,27,28.9,0
2024-03-29 12:00,晴,27.1,0,东南风,1,4,959,22,30,0
2024-03-29 13:00,晴,28.4,0,东风,2,8,958,22,28.2,1
2024-03-29 14:00,晴,29,0,东北风,2,8,956,20,29.4,1
2024-03-29 15:00,晴,29.5,0,东风,3,12,955,19,29,12
2024-03-29 16:00,晴,29.3,0,东风,3,13,954,21,30,16
2024-03-29 17:00,晴,28.6,0,东风,3,12,954,21,30,0
2024-03-29 18:00,晴,27.2,0,东风,2,8,954,25,30,0
2024-03-29 19:00,晴,24.9,0,东北风,2,9,954,32,24,0
2024-03-29 20:00,晴,23.5,0,东风,2,8,955,31,28.3,0
2024-03-29 21:00,晴,21.9,0,东北风,2,9,957,29,27.5,0
2024-03-29 22:00,晴,20.1,0,北风,2,7,958,38,22.2,1
2024-03-29 23:00,晴,20.5,0,北风,2,11,959,36,18.9,9
2024-03-30 00:00,阴,19.3,0,东风,2,8,959,37,18.6,90
2024-03-30 01:00,晴,19.7,0,西风,2,10,960,41,16.9,14
2024-03-30 02:00,晴,18.7,0,东风,1,4,961,43,20.9,6
2024-03-30 03:00,晴,18.2,0,南风,1,4,961,45,19.2,16
2024-03-30 04:00,晴,17.9,0,南风,2,9,961,43,20.1,11
2024-03-30 05:00,晴,17.2,0,北风,2,8,962,51,19.1,7
2024-03-30 06:00,晴,18.2,0,北风,1,5,963,41,18.1,1
2024-03-30 07:00,晴,16.8,0,东风,1,5,964,44,21.2,3
2024-03-30 08:00,晴,18.3,0,东风,2,9,965,38,20.5,4
2024-03-30 09:00,晴,20.3,0,东北风,3,13,966,27,22.4,2
2024-03-30 10:00,晴,21.7,0,东北风,2,9,966,27,28.8,15
2024-03-30 11:00,多云,23.1,0,东北风,3,13,966,24,20.7,37
2024-03-30 12:00,多云,23,0,东风,3,12,966,20,30,83
2024-03-30 13:00,多云,24.3,0,东风,2,12,965,21,28.7,63
2024-03-30 14:00,多云,25.3,0,东北风,1,5,964,18,30,42
2024-03-30 15:00,晴,25,0,东风,2,10,963,20,28.4,7
2024-03-30 16:00,晴,25.2,0,东北风,2,8,962,20,30,6
2024-03-30 17:00,晴,24.7,0,东风,2,10,961,21,27.5,3
2024-03-30 18:00,晴,23.9,0,东北风,2,8,961,22,29.3,1
2024-03-30 19:00,晴,22.1,0,东风,2,6,961,26,26.8,0
2024-03-30 20:00,晴,19.4,0,东风,1,5,961,33,23.6,0
2024-03-30 21:00,晴,18,0,东风,1,5,961,35,27,0
2024-03-30 22:00,晴,17.2,0,东北风,1,4,962,37,24.1,0
2024-03-30 23:00,多云,16.9,0,东北风,1,3,962,41,17.5,47
2024-03-31 00:00,晴,16.9,0,北风,2,10,961,39,18.8,5
2024-03-31 01:00,晴,15.7,0,东北风,1,4,962,44,20.8,0
2024-03-31 02:00,晴,15.2,0,北风,2,10,962,37,27.1,0
2024-03-31 03:00,晴,13.7,0,东风,1,4,961,46,26.1,1
2024-03-31 04:00,晴,12.4,0,东北风,1,4,962,50,23.5,0
2024-03-31 05:00,晴,12.5,0,东北风,1,1,962,52,23.3,0
2024-03-31 06:00,晴,11.1,0,东北风,1,3,962,55,20,1
2024-03-31 07:00,晴,12.6,0,西北风,2,6,962,52,21.2,0
2024-03-31 08:00,晴,14.7,0,东北风,2,6,963,54,15.8,3
2024-03-31 09:00,晴,18,0,东北风,1,5,963,47,15.5,1
2024-03-31 10:00,晴,20,0,北风,1,5,963,40,16.1,3
2024-03-31 11:00,晴,21.7,0,东北风,2,8,963,36,16.4,1
2024-03-31 12:00,晴,22.6,0,东北风,2,11,962,35,14,3
2024-03-31 13:00,晴,23.8,0,东北风,2,12,960,37,14.6,5
2024-03-31 14:00,多云,24.8,0,东风,2,11,959,31,13.6,56
2024-03-31 15:00,晴,25.3,0,东风,3,14,957,31,14.1,3
2024-03-31 16:00,晴,25.5,0,东风,4,20,956,34,17.6,2
2024-03-31 17:00,晴,25.5,0,东风,4,21,955,35,15.4,0
2024-03-31 18:00,晴,24.5,0,东风,3,14,954,37,15.5,0
2024-03-31 19:00,晴,23.2,0,东北风,3,12,954,41,15.9,7
2024-03-31 20:00,晴,22.2,0,东北风,1,5,955,45,14.7,6
2024-03-31 21:00,多云,20.9,0,北风,2,6,955,47,12.4,89
2024-03-31 22:00,晴,18.6,0,东北风,1,4,956,53,12.2,16
2024-03-31 23:00,多云,18.6,0,东北风,1,5,956,53,9.2,39
2024-04-01 00:00,多云,18.5,0,西北风,1,3,956,53,10.1,48
2024-04-01 01:00,,,,,,,,,,
2024-04-01 02:00,多云,18.6,0,东北风,2,10,955,46,17.1,42
2024-04-01 03:00,晴,18,0,东北风,2,10,954,51,18,25
2024-04-01 04:00,晴,18.2,0,东北风,2,8,954,52,24.1,10
2024-04-01 05:00,晴,18.2,0,东北风,2,9,954,52,25.2,8
2024-04-01 06:00,多云,18.1,0,东北风,2,10,954,54,22.2,43
2024-04-01 07:00,多云,18.6,0,东北风,2,9,955,56,19.6,46
2024-04-01 08:00,多云,19.7,0,东北风,3,13,955,53,18.4,46
2024-04-01 09:00,阴,20.4,0,东北风,2,11,956,53,17.6,94
2024-04-01 10:00,阴,21.6,0,东风,2,9,956,54,16.9,95
2024-04-01 11:00,阴,22.8,0,东北风,2,9,956,49,18.7,95
2024-04-01 12:00,阴,23,0,东北风,2,9,956,50,19.4,95
2024-04-01 13:00,阴,23.4,0,东北风,2,10,955,49,19.7,95
2024-04-01 14:00,中雨,22.2,0,西南风,1,4,955,50,17.6,95
2024-04-01 15:00,中雨,18.9,0.8,西南风,1,5,955,81,8.9,95
2024-04-01 16:00,中雨,18.1,1.5,南风,1,4,955,90,5.3,95
2024-04-01 17:00,小雨,17.8,2.1,东风,1,1,956,92,3.2,95
2024-04-01 18:00,阴,17.8,1.7,东风,1,3,956,93,2.9,80
2024-04-01 19:00,多云,17.5,0.3,西风,1,4,956,92,7,48
2024-04-01 20:00,多云,17.5,0,西南风,2,6,957,93,5.4,49
2024-04-01 21:00,多云,17.6,0,西南风,1,5,957,90,8.1,69
2024-04-01 22:00,多云,17.3,0,西南风,2,7,958,93,5.8,55
2024-04-01 23:00,阴,17.1,0,西南风,1,4,957,93,5,95
2024-04-02 00:00,多云,17.2,0,西南风,1,5,957,93,4.5,50
2024-04-02 01:00,多云,17.5,0,西南风,2,7,957,92,4.9,44
2024-04-02 02:00,多云,17.2,0,西风,2,6,957,93,4,35
2024-04-02 03:00,晴,16.8,0,西南风,1,5,956,91,4.3,20
2024-04-02 04:00,多云,16.7,0,南风,2,6,955,92,4,37
2024-04-02 05:00,晴,16.9,0,西南风,2,6,956,91,4.2,14
2024-04-02 06:00,晴,16.5,0,西风,1,3,957,91,4,27
2024-04-02 07:00,多云,16.6,0,西北风,2,6,957,93,3.6,68
2024-04-02 08:00,小雨,16.7,0,南风,1,3,958,92,4.2,95
2024-04-02 09:00,小雨,17,0,南风,1,3,959,92,4.2,95
2024-04-02 10:00,阴,17.6,0,南风,1,3,959,90,4.6,95
2024-04-02 11:00,阴,18.5,0,西风,1,3,959,84,9.1,95
2024-04-02 12:00,阴,19.3,0,南风,2,6,959,80,9.7,95
2024-04-02 13:00,阴,19,0,西风,2,6,958,81,9.6,95
2024-04-02 14:00,小雨,18.7,0,西南风,1,5,958,84,7.5,95
2024-04-02 15:00,阴,17.3,0.5,西风,2,12,958,88,4.1,95
2024-04-02 16:00,小雨,17.5,0.5,西风,2,6,958,91,3.5,95
2024-04-02 17:00,阴,17.9,0.1,西风,1,4,959,91,4.1,95
2024-04-02 18:00,多云,18.4,0,西南风,1,5,959,63,13.1,80
2024-04-02 19:00,多云,17.9,0,西南风,1,5,960,61,16.7,57
2024-04-02 20:00,小雨,17.5,0,西北风,1,4,961,58,17.6,37
2024-04-02 21:00,晴,16.6,0.1,西北风,1,4,963,73,12.6,24
2024-04-02 22:00,小雨,15.3,0.2,东北风,1,3,964,81,18.4,95
2024-04-02 23:00,晴,16.3,0,西风,2,6,965,73,14.3,17
2024-04-03 00:00,多云,15.6,0,西南风,1,4,965,81,19.6,75
2024-04-03 01:00,多云,15.9,0,西南风,1,5,965,75,21.2,75
2024-04-03 02:00,晴,15.4,0,西南风,1,4,965,72,24.3,28
2024-04-03 03:00,晴,14.3,0,西南风,1,5,964,72,27.1,0
2024-04-03 04:00,晴,13.9,0,西风,1,5,965,70,30,5
2024-04-03 05:00,多云,12.8,0,西南风,1,4,965,78,30,39
2024-04-03 06:00,多云,13.5,0,西风,2,8,965,68,30,32
2024-04-03 07:00,阴,13.7,0,西风,1,4,966,68,28.3,95
2024-04-03 08:00,阴,13.8,0,西风,1,4,967,70,23.5,95
2024-04-03 09:00,多云,14.7,0,西风,1,5,968,66,23.9,89
2024-04-03 10:00,多云,15.7,0,西风,1,5,968,66,22.6,88
2024-04-03 11:00,多云,17.3,0,西风,1,5,968,59,22.5,62
2024-04-03 12:00,多云,19.5,0,东南风,1,4,967,53,17.8,45
2024-04-03 13:00,多云,18.9,0,东南风,2,8,967,52,23,84
2024-04-03 14:00,多云,19.1,0,东南风,2,7,966,51,19.1,86
2024-04-03 15:00,多云,20.2,0,南风,2,8,966,46,21.1,67
2024-04-03 16:00,晴,21,0,东南风,2,9,965,35,26.2,16
2024-04-03 17:00,多云,20.7,0,东风,2,12,965,38,29.5,32
2024-04-03 18:00,多云,19.4,0,东风,3,14,965,43,30,39
2024-04-03 19:00,多云,15.5,0,东风,3,17,966,81,7.4,31
2024-04-03 20:00,晴,13.6,0,东风,3,19,967,84,8.3,6
2024-04-03 21:00,阴,12.7,0,东北风,3,19,968,87,6.4,82
2024-04-03 22:00,阴,12.5,0,东风,4,23,969,86,6.2,94
2024-04-03 23:00,晴,12.2,0,东北风,3,18,969,86,6,21
2024-04-04 00:00,多云,11.9,0,东北风,3,18,970,84,6.2,37
2024-04-04 01:00,晴,11.6,0,东北风,3,16,970,83,6.7,5
2024-04-04 02:00,晴,11.2,0,东北风,3,18,969,84,6.1,18
2024-04-04 03:00,多云,11.1,0,东风,3,13,969,84,5.9,41
2024-04-04 04:00,多云,11,0,东风,2,12,969,84,6,49
2024-04-04 05:00,多云,10.6,0,东风,2,12,969,85,5.6,56
2024-04-04 06:00,阴,10.7,0,东风,2,9,970,84,5.7,92
2024-04-04 07:00,阴,10.6,0,东北风,2,8,971,84,5.6,95
2024-04-04 08:00,阴,10.9,0,东北风,2,9,971,82,5.9,90
2024-04-04 09:00,阴,11.2,0,东北风,2,8,972,82,5.6,87
2024-04-04 10:00,阴,11.7,0,东风,2,7,972,80,6.1,83
2024-04-04 11:00,阴,12.5,0,东风,2,7,973,77,6.1,80
2024-04-04 12:00,多云,14.1,0,东风,2,9,972,71,7.6,77
2024-04-04 13:00,多云,14.9,0,东北风,2,9,971,67,8.5,79
2024-04-04 14:00,多云,15.2,0,东风,2,7,970,69,9,73
2024-04-04 15:00,多云,16.2,0,东南风,2,7,969,63,8.1,50
2024-04-04 16:00,晴,16.6,0,东风,2,8,969,63,8.3,17
2024-04-04 17:00,多云,16.7,0,东风,2,10,968,63,8.3,31
2024-04-04 18:00,晴,16.2,0,东北风,2,11,968,66,8.5,3
2024-04-04 19:00,晴,15.4,0,东北风,2,8,968,68,8.5,15
2024-04-04 20:00,多云,14.7,0,东北风,1,5,969,73,7.3,43
2024-04-04 21:00,多云,13.9,0,东北风,1,5,969,77,6.2,76
2024-04-04 22:00,多云,14,0,东北风,1,5,970,77,6,60
2024-04-04 23:00,晴,14.1,0,东风,3,13,970,70,9.6,1
2024-04-05 00:00,多云,13.5,0,东风,3,12,970,70,12.4,70
2024-04-05 01:00,多云,12.9,0,东风,3,14,970,73,11.3,53
2024-04-05 02:00,多云,12.3,0,东风,3,14,970,74,10.5,65
2024-04-05 03:00,晴,11.9,0,东风,2,12,969,76,10.4,27
2024-04-05 04:00,晴,11.4,0,东风,3,13,969,77,9.7,3
2024-04-05 05:00,晴,10.8,0,东风,2,9,969,79,8.4,26
2024-04-05 06:00,阴,10.5,0,东北风,2,8,969,81,7.8,95
2024-04-05 07:00,阴,10.6,0,东风,2,10,970,80,7.5,95
2024-04-05 08:00,多云,11.2,0,东风,2,11,970,78,7.7,84
2024-04-05 09:00,阴,12.3,0,东北风,2,11,971,74,8,91
2024-04-05 10:00,阴,13.4,0,东风,2,12,971,70,8.6,95
2024-04-05 11:00,阴,13.6,0,东风,3,14,971,70,7.9,95
2024-04-05 12:00,阴,14.7,0,东风,2,11,971,68,8.9,95
2024-04-05 13:00,阴,15.3,0,东风,2,9,970,66,9.2,95
2024-04-05 14:00,阴,15.5,0,东风,2,8,969,65,9.9,95
2024-04-05 15:00,阴,16.2,0,东南风,2,7,969,64,6.6,95
2024-04-05 16:00,多云,16.4,0,西南风,2,7,968,62,10.6,87
2024-04-05 17:00,阴,16.6,0,西风,2,6,968,61,8.9,94
2024-04-05 18:00,阴,16.1,0,西风,2,7,968,64,7.8,91
2024-04-05 19:00,多云,15.7,0,西南风,2,6,969,66,7.8,67
2024-04-05 20:00,多云,15.1,0,西南风,1,5,969,69,7.2,46
2024-04-05 21:00,晴,14.7,0,西南风,2,6,970,71,6.7,19
2024-04-05 22:00,霾,14,0,西南风,1,3,971,74,4.2,19
2024-04-05 23:00,多云,13.2,0,西风,1,5,971,78,5.1,32
2024-04-06 00:00,晴,12.9,0,西风,2,6,971,80,4.6,11
2024-04-06 01:00,多云,11.9,0,南风,1,3,971,82,4.6,52
2024-04-06 02:00,多云,12.3,0,南风,1,5,970,84,4.3,31
2024-04-06 03:00,晴,11.9,0,西南风,1,5,970,85,3.9,5
2024-04-06 04:00,晴,10.5,0,北风,1,1,970,91,3.4,11
2024-04-06 05:00,多云,10.8,0,西北风,2,6,970,90,3.4,42
2024-04-06 06:00,多云,9.7,0,东南风,1,2,971,92,3.3,40
2024-04-06 07:00,多云,10.6,0,西南风,1,4,971,91,3.4,78
2024-04-06 08:00,阴,11.9,0,西南风,1,3,972,88,3.7,86
2024-04-06 09:00,晴,13,0,东北风,1,5,972,84,3.9,24
2024-04-06 10:00,晴,15.5,0,东风,1,4,972,71,4.8,24
2024-04-06 11:00,晴,16.8,0,东风,2,7,972,61,5.8,29
2024-04-06 12:00,晴,18.5,0,西风,1,4,971,58,7,5
2024-04-06 13:00,晴,20.3,0,西风,2,6,970,54,7.4,24
2024-04-06 14:00,晴,21.4,0,东南风,2,9,969,46,7.8,15
2024-04-06 15:00,多云,21.9,0,东风,2,12,968,44,11.3,42
2024-04-06 16:00,多云,21.4,0,东风,2,11,967,45,15.3,86
2024-04-06 17:00,阴,21.1,0,东风,2,8,966,39,19.3,91
2024-04-06 18:00,多云,20.5,0,东风,2,7,966,45,15,88
2024-04-06 19:00,多云,19.5,0,东北风,2,7,966,50,13.6,87
2024-04-06 20:00,多云,17.5,0,东北风,1,3,967,58,13.1,72
2024-04-06 21:00,多云,17,0,静风,0,0,967,61,11.7,54
2024-04-06 22:00,晴,16.2,0,西南风,1,3,968,66,10.5,3
2024-04-06 23:00,晴,15.7,0,北风,1,3,968,67,8.8,23
2024-04-07 00:00,多云,14.9,0,东北风,1,1,968,73,7.4,34
2024-04-07 01:00,多云,14.8,0,南风,1,4,968,74,7.1,34
2024-04-07 02:00,多云,14.4,0,西北风,1,4,968,76,6.7,75
2024-04-07 03:00,多云,14.1,0,东北风,1,3,968,78,6.7,74
2024-04-07 04:00,多云,14.2,0,东北风,1,2,967,78,6.8,65
2024-04-07 05:00,多云,13.5,0,静风,0,0,967,84,6.3,49
2024-04-07 06:00,晴,12.7,0,静风,0,1,967,88,6.1,29
2024-04-07 07:00,晴,12.9,0,东北风,1,3,967,76,9.4,5
2024-04-07 08:00,晴,14.8,0,东风,1,4,967,65,8.7,2
2024-04-07 09:00,晴,16.6,0,北风,1,5,968,61,9,28
2024-04-07 10:00,多云,18.2,0,西北风,2,7,969,61,8,38
2024-04-07 11:00,多云,20.2,0,东北风,1,5,969,53,7.5,52
2024-04-07 12:00,晴,21.3,0,北风,2,6,968,50,8,8
2024-04-07 13:00,晴,22,0,西风,2,6,967,48,10,27
2024-04-07 14:00,多云,23.2,0,东北风,1,5,966,44,11.4,53
2024-04-07 15:00,多云,23.7,0,南风,1,4,965,38,19.2,74
2024-04-07 16:00,多云,23.6,0,东南风,2,8,964,35,20.1,64
2024-04-07 17:00,多云,23,0,东风,2,9,965,35,21.9,60
2024-04-07 18:00,多云,22.3,0,东南风,2,6,965,41,19.1,73
2024-04-07 19:00,多云,21.1,0,西南风,2,6,965,49,11,83
2024-04-07 20:00,阴,20.1,0,西风,2,6,965,51,10.6,94
2024-04-07 21:00,阴,20,0,西风,2,8,967,47,13.8,95
2024-04-07 22:00,阴,19.2,0,西风,1,4,968,52,11.6,95
2024-04-07 23:00,多云,18.6,0,西风,1,5,968,53,10.9,73
2024-04-08 00:00,多云,17.8,0,南风,1,5,968,58,11.3,53
2024-04-08 01:00,晴,16.3,0,西南风,1,4,968,66,10.7,11
2024-04-08 02:00,晴,15.5,0,东北风,1,3,968,70,9.1,1
2024-04-08 03:00,晴,15.2,0,西风,1,3,968,71,8.8,1
2024-04-08 04:00,晴,13.9,0,西北风,1,4,968,77,8.6,0
2024-04-08 05:00,晴,14.5,0,东北风,2,6,969,72,9.5,0
2024-04-08 06:00,晴,13.8,0,东南风,1,5,969,80,7.2,0
2024-04-08 07:00,晴,13.8,0,东南风,1,5,969,80,7.2,0
2024-04-08 08:00,晴,14.8,0,西北风,1,1,971,78,7,2
2024-04-08 09:00,晴,14.8,0,西北风,1,1,971,78,7,7
2024-04-08 10:00,晴,19.1,0,北风,1,3,972,61,8.8,0
2024-04-08 11:00,晴,20.7,0,南风,2,6,972,53,9.3,10
2024-04-08 12:00,晴,22.5,0,东风,2,6,971,45,8.6,27
2024-04-08 13:00,多云,23.7,0,东风,2,8,970,39,11.7,63
2024-04-08 14:00,晴,24.9,0,东北风,2,6,969,37,13.7,24
2024-04-08 15:00,晴,25.2,0,东北风,2,11,968,38,12.6,6
2024-04-08 16:00,多云,24.8,0,东北风,2,12,967,35,19.1,38
2024-04-08 17:00,晴,24.6,0,东风,3,13,967,32,25.9,15
2024-04-08 18:00,晴,23.8,0,东风,2,12,967,35,23.9,6
2024-04-08 19:00,晴,22.5,0,东北风,1,5,968,43,15.6,17
2024-04-08 20:00,多云,20,0,东北风,1,4,968,54,13,53
2024-04-08 21:00,多云,18.8,0,东北风,1,5,969,58,11.3,69
2024-04-08 22:00,阴,18.4,0,东北风,1,4,969,60,10.7,95
2024-04-08 23:00,多云,19.3,0,东风,1,4,969,56,11.3,56
2024-04-09 00:00,多云,18.1,0,静风,0,1,970,61,10.1,44
2024-04-09 01:00,多云,17.4,0,东北风,1,4,970,61,8.8,56
2024-04-09 02:00,多云,16.6,0,北风,1,3,970,60,9.5,58
2024-04-09 03:00,多云,16.2,0,西北风,1,4,969,58,13.7,42
2024-04-09 04:00,多云,14.9,0,西北风,1,5,969,61,14.1,41
2024-04-09 05:00,多云,15.1,0,西北风,1,5,969,58,16.2,30
2024-04-09 06:00,多云,14.4,0,北风,1,3,970,59,17.2,37
2024-04-09 07:00,晴,14.6,0,东北风,2,7,970,60,16.8,4
2024-04-09 08:00,晴,16.9,0,东北风,2,9,971,51,18.4,16
2024-04-09 09:00,晴,19,0,东北风,2,10,971,43,24.8,14
2024-04-09 10:00,晴,21.8,0,东北风,2,10,971,38,24.4,27
2024-04-09 11:00,多云,22.8,0,东风,2,10,971,33,26.2,35
2024-04-09 12:00,晴,24.1,0,东北风,2,9,970,32,25.8,26
2024-04-09 13:00,多云,25.3,0,东北风,2,12,968,29,29.5,61
2024-04-09 14:00,晴,26.3,0,东北风,3,14,967,26,30,18
2024-04-09 15:00,多云,25.9,0,东北风,3,14,966,29,30,81
2024-04-09 16:00,多云,25.1,0,东风,3,13,966,28,30,84
2024-04-09 17:00,多云,24.9,0,东风,3,15,965,26,30,80
2024-04-09 18:00,多云,24.6,0,东北风,2,11,966,28,30,82
2024-04-09 19:00,多云,24.4,0,南风,2,10,966,24,30,78
2024-04-09 20:00,多云,23.7,0,东风,2,7,967,24,18.9,72
2024-04-09 21:00,多云,22.4,0,东风,1,5,968,28,30,59
2024-04-09 22:00,多云,22.3,0,东风,2,9,968,28,30,63
2024-04-09 23:00,多云,21.9,0,南风,3,13,968,29,30,50
2024-04-10 00:00,多云,21.4,0,南风,3,13,968,31,30,69
2024-04-10 01:00,多云,20.6,0,南风,2,11,969,33,30,65
2024-04-10 02:00,多云,20.1,0,南风,2,7,968,35,30,87
2024-04-10 03:00,多云,19.6,0,西南风,2,9,968,37,30,86
2024-04-10 04:00,阴,19.2,0,南风,2,7,968,39,30,90
2024-04-10 05:00,阴,18.7,0,南风,2,9,968,41,30,94
2024-04-10 06:00,多云,18.2,0,南风,2,6,968,43,30,82
2024-04-10 07:00,多云,17.5,0,西风,1,5,969,67,21.2,75
2024-04-10 08:00,阴,17.4,0,西南风,1,3,969,68,22.4,94
2024-04-10 09:00,阴,17.9,0,西南风,1,5,970,65,23.6,95
2024-04-10 10:00,阴,18.2,0,西南风,1,5,970,61,25.6,95
2024-04-10 11:00,多云,19.5,0,西风,3,12,970,56,30,82
2024-04-10 12:00,多云,21.2,0,西南风,2,9,969,51,29.8,59
2024-04-10 13:00,晴,22.5,0,西南风,2,8,968,46,27.8,29
2024-04-10 14:00,晴,23,0,西风,2,6,968,41,29.7,24
2024-04-10 15:00,多云,24.4,0,西北风,1,4,967,39,30,36
2024-04-10 16:00,晴,24.4,0,西风,2,6,966,39,26.1,12
2024-04-10 17:00,晴,24,0,南风,2,7,966,40,26.5,4
2024-04-10 18:00,晴,23.9,0,南风,1,3,966,38,28.4,0
2024-04-10 19:00,晴,22.5,0,南风,1,3,966,44,29.1,0
2024-04-10 20:00,晴,21.4,0,东南风,1,5,966,47,27.6,1
2024-04-10 21:00,晴,20.2,0,西南风,1,3,968,51,29,0
2024-04-10 22:00,晴,18.3,0,东风,1,4,968,57,28,2
2024-04-10 23:00,晴,18.5,0,东南风,1,4,968,56,25,0
2024-04-11 00:00,晴,16.7,0,东北风,1,4,968,64,23.6,1
2024-04-11 01:00,晴,15.5,0,东北风,1,3,968,70,22.8,12
2024-04-11 02:00,多云,14.5,0,北风,1,2,968,74,17.2,34
2024-04-11 03:00,多云,14.9,0,北风,1,2,968,70,14.9,88
2024-04-11 04:00,多云,14.3,0,北风,1,2,967,73,13.9,73
2024-04-11 05:00,多云,13.9,0,西北风,1,3,967,77,14.6,77
2024-04-11 06:00,多云,13.9,0,东北风,1,3,967,73,15.3,41
2024-04-11 07:00,多云,13.7,0,东北风,1,4,968,76,11.5,43
2024-04-11 08:00,多云,15.4,0,东北风,1,5,968,68,13.2,65
2024-04-11 09:00,多云,17.2,0,东风,1,4,968,61,14.4,31
2024-04-11 10:00,晴,19.1,0,东北风,1,5,968,54,14.9,25
2024-04-11 11:00,晴,20.9,0,东北风,2,8,968,51,16.1,0
2024-04-11 12:00,晴,22.6,0,东北风,2,8,967,44,20.7,19
2024-04-11 13:00,晴,23.7,0,东风,3,13,966,42,24.3,0
2024-04-11 14:00,晴,25,0,东风,3,13,965,37,30,2
2024-04-11 15:00,晴,25.7,0,东风,2,9,964,32,30,1
2024-04-11 16:00,晴,25.5,0,东北风,2,10,963,36,29.9,0
2024-04-11 17:00,晴,25.7,0,东风,2,10,962,34,30,0
2024-04-11 18:00,晴,24.9,0,东风,2,9,962,38,30,17
2024-04-11 19:00,多云,23.7,0,东风,2,8,963,37,30,33
2024-04-11 20:00,晴,23.7,0,东风,2,8,963,37,30,27
2024-04-11 21:00,多云,19.4,0,东北风,2,6,964,50,30,40
2024-04-11 22:00,晴,18.3,0,东北风,1,4,965,55,27.3,19
2024-04-11 23:00,晴,17.8,0,北风,1,1,965,59,20.6,0
2024-04-12 00:00,晴,16.8,0,东北风,1,4,965,63,18.7,1
2024-04-12 01:00,晴,15.5,0,东北风,1,3,964,67,19.5,2
2024-04-12 02:00,晴,15.3,0,东北风,1,4,964,69,14.5,6
2024-04-12 03:00,晴,16,0,东北风,2,9,964,59,22.2,6
2024-04-12 04:00,晴,15.8,0,北风,2,10,964,59,25.8,4
2024-04-12 05:00,晴,14.3,0,北风,1,2,964,63,26.2,2
2024-04-12 06:00,晴,13.4,0,东北风,1,4,964,67,22.7,1
2024-04-12 07:00,晴,13.9,0,西北风,1,3,964,68,22.5,0
2024-04-12 08:00,晴,16.9,0,东北风,1,4,964,63,13.3,0
2024-04-12 09:00,晴,18.7,0,东北风,2,7,964,54,17.7,0
2024-04-12 10:00,晴,21.4,0,东北风,2,7,964,45,19.2,0
2024-04-12 11:00,晴,23.2,0,东风,2,10,964,44,25.9,0
2024-04-12 12:00,晴,24.5,0,东北风,3,13,963,42,24.2,0
2024-04-12 13:00,晴,25.6,0,东北风,3,14,961,41,23.1,0
2024-04-12 14:00,晴,27,0,东北风,3,17,960,38,30,0
2024-04-12 15:00,晴,27.9,0,东北风,3,18,959,39,30,0
2024-04-12 16:00,晴,27.6,0,东风,4,23,957,36,26.9,1
2024-04-12 17:00,晴,27.5,0,东北风,3,17,957,35,30,0
2024-04-12 18:00,晴,26.6,0,东风,3,17,957,33,30,0
2024-04-12 19:00,晴,26.1,0,东风,3,13,957,32,30,0
2024-04-12 20:00,晴,24.6,0,东北风,2,8,957,40,30,0
2024-04-12 21:00,阴,23.3,0,东北风,2,8,958,43,30,95
2024-04-12 22:00,晴,22.5,0,东风,2,9,958,46,29.6,0
2024-04-12 23:00,晴,22.6,0,东风,2,12,958,46,30,0
2024-04-13 00:00,晴,21.2,0,东北风,3,12,958,50,30,2
2024-04-13 01:00,晴,20.9,0,东北风,3,13,958,50,30,4
2024-04-13 02:00,晴,20,0,东北风,2,11,958,53,30,1
2024-04-13 03:00,晴,19.6,0,东北风,2,11,957,55,30,0
2024-04-13 04:00,晴,19.2,0,东北风,2,11,957,56,30,0
2024-04-13 05:00,晴,19,0,东北风,2,12,957,57,30,0
2024-04-13 06:00,晴,18.2,0,东北风,2,10,957,60,30,0
2024-04-13 07:00,晴,18.6,0,东北风,3,14,957,59,29.8,0
2024-04-13 08:00,晴,19.1,0,东北风,3,18,957,60,25.2,0
2024-04-13 09:00,晴,20.5,0,东北风,3,14,958,56,24.8,5
2024-04-13 10:00,晴,20.9,0,东北风,3,15,958,57,20.8,7
2024-04-13 11:00,晴,23.8,0,东北风,3,14,957,50,19.4,19
2024-04-13 12:00,多云,25.3,0,东风,3,17,957,47,20.8,61
2024-04-13 13:00,暴雨,24.4,0,东北风,3,18,956,50,19.3,61
2024-04-13 14:00,多云,20,4.9,北风,3,13,956,75,9.3,75
2024-04-13 15:00,小雨,18.5,7.3,东北风,3,16,956,89,6.8,95
2024-04-13 16:00,小雨,18.8,2.1,东风,2,9,956,87,8.4,95
2024-04-13 17:00,中雨,18.7,0.4,西风,2,6,957,90,10.1,93
2024-04-13 18:00,多云,18.7,0.1,东北风,2,7,957,90,12.3,75
2024-04-13 19:00,中雨,18.4,0.1,东南风,2,8,957,93,9.1,93
2024-04-13 20:00,小雨,18.1,0,西风,2,6,958,95,6.6,95
2024-04-13 21:00,阴,16.7,11.9,西北风,3,15,960,95,4.2,95
2024-04-13 22:00,中雨,16.5,1.2,西南风,2,7,961,94,25.5,95
2024-04-13 23:00,多云,16.5,0,西南风,3,14,961,90,20.3,74
2024-04-14 00:00,多云,16.6,0,西风,2,8,962,89,25.8,46
2024-04-14 01:00,晴,16.4,0,东风,2,8,962,90,23.7,9
2024-04-14 02:00,晴,15.4,0,南风,1,2,962,95,3,14
2024-04-14 03:00,晴,14.8,0,静风,0,1,962,96,7.9,9
2024-04-14 04:00,晴,15.1,0,西南风,1,5,962,97,10.7,2
2024-04-14 05:00,晴,14.8,0,西南风,1,5,962,96,10.7,3
2024-04-14 06:00,晴,14.4,0.1,西风,1,2,962,95,8.7,4
2024-04-14 07:00,多云,14.2,0,南风,1,1,962,97,6.8,31
2024-04-14 08:00,晴,15.5,0,西北风,1,4,963,97,8.1,4
2024-04-14 09:00,晴,17.5,0,西北风,1,3,963,86,14.8,0
2024-04-14 10:00,晴,19.5,0,东风,1,4,963,76,15.1,0
2024-04-14 11:00,晴,20.5,0,西南风,2,7,963,70,17.4,1
2024-04-14 12:00,晴,21.9,0,东北风,2,8,962,61,11.3,0
2024-04-14 13:00,晴,23.3,0,东风,2,8,961,60,19.6,0
2024-04-14 14:00,晴,23.9,0,东北风,3,13,960,52,26.7,0
2024-04-14 15:00,晴,25,0,东北风,2,12,960,46,28.8,0
2024-04-14 16:00,晴,24.9,0,东风,2,12,959,51,30,0
2024-04-14 17:00,晴,24.2,0,东风,2,10,959,54,30,0
2024-04-14 18:00,晴,23.5,0,东风,2,10,959,53,30,0
2024-04-14 19:00,晴,22.3,0,东北风,2,6,959,65,29.9,0
2024-04-14 20:00,晴,21.5,0,东北风,2,8,960,70,28,13
2024-04-14 21:00,晴,21.1,0,东北风,2,6,962,69,29.1,0
2024-04-14 22:00,晴,19.5,0,东北风,1,4,962,77,21.6,0
2024-04-14 23:00,晴,19.4,0,东北风,2,7,962,77,21.9,0
2024-04-15 00:00,晴,18.6,0,北风,1,4,962,81,18,16
2024-04-15 01:00,晴,18.4,0,西北风,2,8,962,83,17.1,2
2024-04-15 02:00,晴,17.8,0,北风,1,5,962,87,14.5,3
2024-04-15 03:00,晴,17.6,0,西南风,1,5,962,88,15.2,2
2024-04-15 04:00,晴,17.4,0,西南风,1,5,963,89,13.2,3
2024-04-15 05:00,晴,16.5,0,西南风,1,3,963,92,10.4,12
2024-04-15 06:00,晴,17,0,南风,1,5,964,91,11.2,22
2024-04-15 07:00,晴,16.8,0,静风,0,1,965,93,11.6,6
2024-04-15 08:00,晴,17.9,0,北风,2,6,966,88,11.4,5
2024-04-15 09:00,多云,19.6,0,西南风,1,4,967,81,7.7,63
2024-04-15 10:00,多云,21.2,0,东风,1,3,967,76,5.8,60
2024-04-15 11:00,多云,23.3,0,东北风,2,7,967,56,13.3,67
2024-04-15 12:00,多云,23.2,0,东风,2,7,967,62,15.6,73
2024-04-15 13:00,多云,24.1,0,东风,2,11,967,60,13.4,69
2024-04-15 14:00,多云,24.7,0,东风,2,9,967,52,18,60
2024-04-15 15:00,多云,24.7,0,东风,2,10,966,44,24,30
2024-04-15 16:00,晴,25.4,0,东风,1,4,965,40,21,8
2024-04-15 17:00,晴,24.7,0,东北风,2,9,965,37,20.6,12
2024-04-15 18:00,晴,24,0,东北风,2,10,965,36,21.4,2
2024-04-15 19:00,晴,22.8,0,东风,2,8,965,40,20.4,0
2024-04-15 20:00,晴,21.9,0,东北风,2,6,966,43,20,4
2024-04-15 21:00,多云,21,0,东风,2,8,967,44,18.3,65
2024-04-15 22:00,多云,19.3,0,东风,2,6,967,52,19.3,88
2024-04-15 23:00,阴,18.6,0,东南风,1,4,967,62,18.8,91
2024-04-16 00:00,多云,16.8,0,北风,1,5,967,69,18.1,63
2024-04-16 01:00,多云,16.3,0,东北风,1,3,967,69,16.9,65
2024-04-16 02:00,多云,17.4,0,东北风,2,7,966,65,16.5,69
2024-04-16 03:00,晴,17.4,0,北风,1,4,965,66,16,10
2024-04-16 04:00,晴,17.1,0,东北风,2,9,964,67,16.9,23
2024-04-16 05:00,多云,17.4,0,东南风,1,5,966,58,21.9,43
2024-04-16 06:00,多云,17.1,0,东北风,2,9,966,60,21.4,73
2024-04-16 07:00,多云,16.9,0,东风,1,5,966,62,20.4,41
2024-04-16 08:00,晴,17.4,0,东北风,3,14,966,51,21.4,28
2024-04-16 09:00,多云,18.5,0,东北风,3,16,966,44,27.4,70
2024-04-16 10:00,阴,19.2,0,东北风,3,18,966,41,25,90
2024-04-16 11:00,阴,18.9,0,东风,3,16,966,44,26.7,95
2024-04-16 12:00,阴,19,0,东风,3,16,966,45,25.2,95
2024-04-16 13:00,阴,19.5,0,东风,3,15,966,44,25.4,90
2024-04-16 14:00,阴,20.2,0,东北风,2,10,965,45,24.6,95
2024-04-16 15:00,阴,21,0,东风,2,12,964,42,25.3,95
2024-04-16 16:00,阴,20.8,0,东风,2,6,964,49,22.4,95
2024-04-16 17:00,阴,20.5,0,东风,1,5,963,49,20.6,95
2024-04-16 18:00,阴,20,0,南风,1,4,964,54,20.8,95
2024-04-16 19:00,多云,19.6,0,南风,1,4,963,57,22,89
2024-04-16 20:00,阴,19.3,0,南风,1,4,964,58,21.7,95
2024-04-16 21:00,阴,19.1,0,西南风,1,4,964,60,22.1,95
2024-04-16 22:00,阴,19.2,0,西风,1,5,965,63,20,94
2024-04-16 23:00,多云,19,0,西风,1,4,965,63,28.9,84
2024-04-17 00:00,阴,18.1,0,西风,2,6,965,67,22.8,92
2024-04-17 01:00,多云,17.4,0,西风,1,4,965,70,16.5,89
2024-04-17 02:00,多云,17.4,0,北风,1,2,965,70,18.7,60
2024-04-17 03:00,多云,17.2,0,西南风,1,5,965,72,18.1,55
2024-04-17 04:00,多云,16.4,0,西风,1,2,964,75,15.4,44
2024-04-17 05:00,晴,15.7,0,西北风,1,3,965,81,13.8,21
2024-04-17 06:00,多云,15.5,0,西风,1,3,965,83,13.5,40
2024-04-17 07:00,晴,15,0,东北风,1,2,966,87,12.2,19
2024-04-17 08:00,晴,17.3,0,东北风,1,5,966,78,12.8,20
2024-04-17 09:00,多云,18.5,0,东北风,2,6,967,72,12.6,37
2024-04-17 10:00,多云,20.8,0,北风,1,5,967,61,14.5,38
2024-04-17 11:00,晴,21.5,0,西风,1,5,967,57,13.1,19
2024-04-17 12:00,晴,23.6,0,东南风,2,6,966,50,13.6,19
2024-04-17 13:00,多云,24,0,南风,2,7,965,44,15.8,40
2024-04-17 14:00,多云,25.3,0,东北风,2,8,964,43,19.2,51
2024-04-17 15:00,多云,25.8,0,东风,2,6,963,41,26.5,50
2024-04-17 16:00,多云,26.2,0,东风,2,11,962,43,23.4,44
2024-04-17 17:00,晴,25.9,0,东风,2,10,962,46,27.3,20
2024-04-17 18:00,晴,25,0,东北风,2,11,962,51,24.2,5
2024-04-17 19:00,晴,23.8,0,东风,2,10,962,54,24.3,0
2024-04-17 20:00,晴,22.9,0,东北风,2,8,962,58,22.2,0
2024-04-17 21:00,多云,21.4,0,东北风,1,5,963,64,18.9,32
2024-04-17 22:00,多云,21,0,东北风,2,8,963,65,17.5,32
2024-04-17 23:00,多云,20.4,0,东北风,1,5,963,66,16,32
2024-04-18 00:00,阴,18.5,0,东北风,1,4,963,80,10.6,95
2024-04-18 01:00,晴,17.6,0,东北风,1,3,963,84,9.9,0
2024-04-18 02:00,晴,17.3,0,西北风,1,2,962,84,9.3,0
2024-04-18 03:00,晴,17.1,0,北风,1,5,961,77,13.3,0
2024-04-18 04:00,晴,16.1,0,东风,1,2,961,81,13.7,0
2024-04-18 05:00,晴,16.9,0,东风,2,7,961,79,11.4,2
2024-04-18 06:00,晴,16.2,0,东风,2,7,962,81,9.5,2
2024-04-18 07:00,晴,16.7,0,东北风,1,5,962,80,10.3,2
2024-04-18 08:00,多云,18.6,0,东北风,2,12,962,70,12.1,49
2024-04-18 09:00,晴,19.9,0,东风,3,16,961,65,13.6,2
2024-04-18 10:00,晴,21.6,0,东北风,3,18,961,59,14.5,2
2024-04-18 11:00,晴,23,0,东风,3,18,960,59,15.9,0
2024-04-18 12:00,晴,24.3,0,东风,3,17,959,57,15.5,0
2024-04-18 13:00,晴,25.9,0,东风,3,17,957,53,16.3,4
2024-04-18 14:00,多云,26.4,0,东北风,3,17,956,50,18.6,49
2024-04-18 15:00,多云,26,0,东风,4,22,955,51,20.4,45
2024-04-18 16:00,多云,27.2,0,东风,4,20,954,47,26.1,38
2024-04-18 17:00,阴,27.8,0,东风,3,19,954,45,27.9,94
2024-04-18 18:00,多云,27.6,0,东风,2,10,954,42,29.5,46
2024-04-18 19:00,多云,26.2,0,东风,2,8,954,44,29.9,54
2024-04-18 20:00,多云,25.7,0,东风,2,11,955,29,30,80
2024-04-18 21:00,小雨,25.1,0,东风,2,10,955,29,30,82
2024-04-18 22:00,阴,25.1,0,东南风,2,12,956,28,30,92
2024-04-18 23:00,阴,24.3,0,东南风,3,15,956,30,27.3,95
2024-04-19 00:00,阴,22.4,0,东南风,3,14,956,37,30,95
2024-04-19 01:00,阴,21.8,0,东南风,2,8,957,39,30,95
2024-04-19 02:00,阴,21.2,0,南风,2,11,957,42,30,95
2024-04-19 03:00,阴,20.6,0,东南风,2,8,957,46,30,95
2024-04-19 04:00,小雨,18,1.6,西南风,2,12,957,85,6.3,95
2024-04-19 05:00,小雨,16.5,3.4,西风,3,19,959,90,21.3,95
2024-04-19 06:00,中雨,15.5,0.5,西风,3,16,960,92,6.6,95
2024-04-19 07:00,多云,15.4,1.7,西南风,3,17,960,92,10.4,76
2024-04-19 08:00,多云,16,0.5,西南风,2,9,961,89,16.2,73
2024-04-19 09:00,多云,17.5,0.2,西南风,2,8,961,83,23.8,64
2024-04-19 10:00,多云,19.6,0,西风,3,14,960,68,23,77
2024-04-19 11:00,阴,19.6,0,西风,3,14,960,68,23,95
2024-04-19 12:00,阴,22.3,0,西风,2,10,960,53,11.8,90
2024-04-19 13:00,多云,23,0,西风,2,12,959,48,9.9,67
2024-04-19 14:00,晴,25.2,0,西风,3,17,958,39,8.7,28
2024-04-19 15:00,扬沙,26,0,西风,4,20,957,35,9.9,5
2024-04-19 16:00,浮尘,26.6,0,西风,3,17,957,30,13.5,1
2024-04-19 17:00,浮尘,27,0,西风,3,13,956,31,18.1,1
2024-04-19 18:00,浮尘,26.4,0,西风,3,15,957,31,18.6,4
2024-04-19 19:00,浮尘,25.2,0,西北风,2,12,958,32,18.7,29
2024-04-19 20:00,浮尘,23.6,0,东北风,2,8,959,36,18.6,0
2024-04-19 21:00,多云,22.3,0,东北风,2,6,960,54,12.3,70
2024-04-19 22:00,晴,21.8,0,西北风,2,7,960,48,14.1,0
2024-04-19 23:00,晴,19.5,0,东北风,3,13,961,68,13.3,0
2024-04-20 00:00,晴,18.1,0,东北风,2,8,962,79,13.5,1
2024-04-20 01:00,晴,17.5,0,东北风,2,9,962,83,12.7,13
2024-04-20 02:00,浮尘,17.1,0,北风,2,7,961,85,12,4
2024-04-20 03:00,晴,16.3,0,北风,1,4,962,87,10.2,4
2024-04-20 04:00,晴,15.1,0,静风,0,0,962,92,8.2,0
2024-04-20 05:00,晴,15.1,0,东北风,1,5,962,88,8.3,0
2024-04-20 06:00,晴,14.2,0,北风,1,3,962,82,13.8,0
2024-04-20 07:00,晴,14.4,0,东北风,1,4,963,77,15.8,6
2024-04-20 08:00,晴,17.3,0,东南风,1,4,964,72,17.4,16
2024-04-20 09:00,晴,18.9,0,东风,1,3,964,69,12.5,29
2024-04-20 10:00,多云,20.4,0,东北风,2,10,964,66,12.2,88
2024-04-20 11:00,阴,20.5,0,东风,2,11,964,59,14,95
2024-04-20 12:00,阴,21.4,0,东风,2,6,964,54,16.5,95
2024-04-20 13:00,阴,22,0,东南风,2,9,964,48,16.3,95
2024-04-20 14:00,阴,22.4,0,东南风,2,6,963,44,16.7,95
2024-04-20 15:00,阴,22.4,0,东风,2,7,962,49,16.5,95
2024-04-20 16:00,阴,22.2,0,东北风,2,8,962,49,17.3,95
2024-04-20 17:00,阴,22,0,东风,2,8,961,52,16.6,95
2024-04-20 18:00,阴,21.4,0,东北风,2,8,961,49,18.7,91
2024-04-20 19:00,晴,20.8,0,东北风,1,3,961,56,18.1,3
2024-04-20 20:00,多云,19.5,0,东北风,1,4,961,60,17.8,66
2024-04-20 21:00,多云,19.1,0,西北风,1,1,962,61,16.7,66
2024-04-20 22:00,多云,18,0,静风,0,0,963,65,13,66
2024-04-20 23:00,多云,17.9,0,静风,0,0,963,65,15,66
2024-04-21 00:00,多云,16.9,0,西风,1,3,962,72,16.4,36
2024-04-21 01:00,晴,16.4,0,西北风,1,2,962,73,15.3,0
2024-04-21 02:00,晴,15.6,0,西北风,1,1,962,84,13,0
2024-04-21 03:00,晴,15.1,0,东风,1,1,962,85,13.6,0
2024-04-21 04:00,晴,14.7,0,西北风,1,2,963,88,11.5,13
2024-04-21 05:00,晴,15.1,0,东北风,1,4,963,84,11.1,15
2024-04-21 06:00,晴,15.4,0,东北风,1,4,963,80,12.9,0
2024-04-21 07:00,晴,14.9,0,东风,1,5,964,80,14.6,11
2024-04-21 08:00,晴,16.3,0,东南风,1,4,964,77,12.8,7
2024-04-21 09:00,晴,18.3,0,东北风,2,9,965,67,12.2,0
2024-04-21 10:00,晴,20.5,0,东风,2,6,965,58,15.4,0
2024-04-21 11:00,晴,21.9,0,东北风,2,6,964,53,14.5,0
2024-04-21 12:00,晴,22.9,0,北风,2,9,963,53,16,0
2024-04-21 13:00,晴,24.1,0,北风,2,6,962,47,14,0
2024-04-21 14:00,晴,24.9,0,东南风,2,7,962,49,13.8,0
2024-04-21 15:00,晴,25.6,0,东南风,2,8,961,44,18.4,0
2024-04-21 16:00,晴,26.3,0,东风,2,6,960,38,18.7,0
2024-04-21 17:00,晴,26,0,东南风,2,8,959,37,20.1,0
2024-04-21 18:00,晴,25.3,0,东北风,2,8,959,45,19.7,2
2024-04-21 19:00,晴,23.7,0,东风,1,5,959,51,19.3,11
2024-04-21 20:00,晴,23,0,东北风,2,6,959,52,18,21
2024-04-21 21:00,晴,20.9,0,东北风,2,6,960,58,19.1,6
2024-04-21 22:00,晴,21.3,0,东北风,2,8,961,56,17.5,0
2024-04-21 23:00,阴,19.1,0,东北风,2,6,961,65,15.8,95
2024-04-22 00:00,晴,18.8,0,北风,1,4,961,70,14,6
2024-04-22 01:00,晴,18.2,0,北风,1,4,961,68,13.1,12
2024-04-22 02:00,晴,17,0,东北风,1,1,961,71,15.4,6
2024-04-22 03:00,晴,17.2,0,东北风,2,6,960,69,15.8,21
2024-04-22 04:00,晴,16.6,0,北风,1,2,960,70,16.9,22
2024-04-22 05:00,多云,16.2,0,西北风,1,4,960,72,15.7,37
2024-04-22 06:00,多云,15.4,0,东北风,1,3,961,77,14.3,31
2024-04-22 07:00,多云,16.5,0,东风,1,2,961,71,14.6,53
2024-04-22 08:00,多云,18.1,0,北风,1,5,962,63,18.4,57
2024-04-22 09:00,多云,20.1,0,北风,1,4,963,60,15.8,48
2024-04-22 10:00,多云,21.7,0,西风,1,4,963,61,14.9,65
2024-04-22 11:00,多云,22.9,0,东北风,2,8,962,54,14.8,40
2024-04-22 12:00,多云,24.4,0,西风,1,5,962,48,16.7,48
2024-04-22 13:00,阴,25.5,0,北风,1,4,961,48,16.7,95
2024-04-22 14:00,阴,26.2,0,东北风,2,6,959,47,17.8,95
2024-04-22 15:00,阴,26.8,0,东风,1,4,959,44,17.5,91
2024-04-22 16:00,多云,27.5,0,东北风,1,4,959,41,17.3,87
2024-04-22 17:00,多云,26.7,0,北风,2,8,959,40,23.4,88
2024-04-22 18:00,中雨,25,0,北风,3,13,960,34,25.3,88
2024-04-22 19:00,多云,23.7,0,北风,2,8,960,38,29.4,54
2024-04-22 20:00,多云,21.8,0,东风,3,12,963,48,30,65
2024-04-22 21:00,晴,21.1,0,东风,1,5,965,49,30,28
2024-04-22 22:00,多云,20.6,0,南风,2,10,966,53,30,30
2024-04-22 23:00,晴,20.6,0,西南风,2,9,965,52,30,22
2024-04-23 00:00,晴,19,0,西风,2,8,966,59,30,7
2024-04-23 01:00,晴,18.3,0,西风,1,5,966,66,27.9,19
2024-04-23 02:00,多云,18.4,0,西风,2,8,966,62,29.8,38
2024-04-23 03:00,晴,17.9,0,西风,2,7,967,62,30,5
2024-04-23 04:00,晴,18.5,0,东北风,4,22,968,27,5.7,12
2024-04-23 05:00,扬沙,17.6,0,东北风,2,10,968,23,4.2,10
2024-04-23 06:00,扬沙,16.9,0,北风,2,12,969,20,4.4,1
2024-04-23 07:00,扬沙,16.3,0,北风,2,10,970,22,4.9,5
2024-04-23 08:00,扬沙,16.2,0,北风,3,17,970,23,6,14
2024-04-23 09:00,扬沙,17,0,北风,2,11,971,24,9.7,9
2024-04-23 10:00,扬沙,18.8,0,东风,2,9,971,25,9.5,3
2024-04-23 11:00,浮尘,19.7,0,北风,1,5,970,24,10.6,3
2024-04-23 12:00,浮尘,20.5,0,西风,2,8,969,20,11,6
2024-04-23 13:00,浮尘,21.4,0,西北风,2,8,968,21,10.5,14
2024-04-23 14:00,浮尘,21.9,0,西南风,2,8,966,16,10.9,37
2024-04-23 15:00,扬沙,22.5,0,东南风,2,8,965,17,9.6,49
2024-04-23 16:00,扬沙,22.8,0,东南风,2,9,963,21,8.9,7
2024-04-23 17:00,扬沙,23,0,东南风,2,6,963,20,8.1,4
2024-04-23 18:00,晴,23.1,0,东北风,1,3,962,19,10.1,1
2024-04-23 19:00,浮尘,21.2,0,东风,2,7,963,23,10.7,0
2024-04-23 20:00,浮尘,19.3,0,东北风,2,7,963,28,10.9,0
2024-04-23 21:00,浮尘,17.6,0,东风,2,6,963,34,10.4,0
2024-04-23 22:00,浮尘,17.6,0,东风,2,7,963,36,10.5,0
2024-04-23 23:00,浮尘,16.5,0,东北风,1,5,963,41,11.7,0
2024-04-24 00:00,浮尘,14.3,0,东北风,1,5,963,50,11.3,0
2024-04-24 01:00,浮尘,14,0,北风,2,8,963,48,10.5,0
2024-04-24 02:00,浮尘,14,0,东北风,2,9,962,47,12.1,0
2024-04-24 03:00,浮尘,13.3,0,东北风,2,8,962,50,11.5,0
2024-04-24 04:00,晴,12.1,0,东北风,1,5,962,54,13.3,0
2024-04-24 05:00,晴,10.6,0,北风,1,4,962,63,13,0
2024-04-24 06:00,晴,10.5,0,西北风,1,1,962,62,13.6,8
2024-04-24 07:00,晴,11.6,0,北风,1,3,963,61,12,11
2024-04-24 08:00,多云,14.5,0,东北风,1,5,963,50,12.5,34
2024-04-24 09:00,晴,16.6,0,东北风,1,5,964,47,13.5,14
2024-04-24 10:00,晴,18.5,0,东风,1,4,963,42,14.4,13
2024-04-24 11:00,浮尘,19.8,0,东风,2,9,963,37,19.5,44
2024-04-24 12:00,浮尘,20.8,0,东风,2,10,962,34,20,36
2024-04-24 13:00,多云,21.9,0,东风,2,6,961,32,20.3,40
2024-04-24 14:00,多云,22.5,0,东风,2,8,960,36,22.2,49
2024-04-24 15:00,多云,22,0,南风,2,8,959,38,22.5,42
2024-04-24 16:00,多云,21.9,0,东南风,1,4,959,36,20.9,40
2024-04-24 17:00,晴,22.3,0,东南风,1,2,958,38,22,24
2024-04-24 18:00,多云,22.1,0,静风,0,1,958,33,19.5,40
2024-04-24 19:00,多云,21.3,0,西风,1,3,959,36,22.7,34
2024-04-24 20:00,多云,19.4,0,北风,1,4,959,43,19.9,40
2024-04-24 21:00,晴,18.8,0,东北风,1,1,960,45,21.3,26
2024-04-24 22:00,多云,18,0,东南风,1,4,960,48,18.3,34
2024-04-24 23:00,晴,17.3,0,静风,0,0,960,54,14.1,1
2024-04-25 00:00,晴,16.3,0,东风,1,3,960,61,14,1
2024-04-25 01:00,晴,15.4,0,北风,1,2,960,67,15.7,0
2024-04-25 02:00,晴,16,0,西风,2,6,960,64,15.5,0
2024-04-25 03:00,晴,15.1,0,西风,1,3,959,67,16.5,0
2024-04-25 04:00,晴,14.6,0,西北风,1,3,959,70,15.1,0
2024-04-25 05:00,晴,13.7,0,西风,1,4,959,76,15.1,8
2024-04-25 06:00,晴,13.9,0,西风,1,3,959,72,17.4,13
2024-04-25 07:00,晴,15,0,西南风,1,4,959,71,14.8,5
2024-04-25 08:00,晴,17.3,0,西风,2,6,960,64,13.8,1
2024-04-25 09:00,晴,19.3,0,南风,2,8,960,57,17.1,3
2024-04-25 10:00,晴,21.8,0,西南风,2,7,960,44,16.7,0
2024-04-25 11:00,晴,23.6,0,西风,2,6,960,41,19.2,0
2024-04-25 12:00,晴,25.7,0,西南风,2,7,959,40,22.5,0
2024-04-25 13:00,晴,27,0,西风,2,9,958,36,27.1,0
2024-04-25 14:00,晴,28.8,0,东南风,2,7,957,31,30,0
2024-04-25 15:00,晴,28.9,0,南风,2,6,956,31,29.3,0
2024-04-25 16:00,晴,29.7,0,东南风,1,5,955,27,30,0
2024-04-25 17:00,晴,29.9,0,东南风,2,6,954,27,30,0
2024-04-25 18:00,晴,29,0,东风,2,10,955,33,30,0
2024-04-25 19:00,晴,27,0,东风,2,6,955,38,30,0
2024-04-25 20:00,晴,24.2,0,东风,2,6,955,47,30,0
2024-04-25 21:00,晴,22.9,0,东风,2,6,956,52,27.4,0
2024-04-25 22:00,晴,22.3,0,东北风,2,7,956,55,27.3,0
2024-04-25 23:00,晴,20.7,0,北风,1,3,956,60,29.4,0
2024-04-26 00:00,晴,20.2,0,北风,2,7,956,61,20.4,1
2024-04-26 01:00,晴,18.7,0,北风,1,5,956,65,17.4,0
2024-04-26 02:00,晴,19,0,东北风,2,9,956,57,26.5,0
2024-04-26 03:00,晴,18,0,东北风,2,6,955,60,23.9,0
2024-04-26 04:00,晴,17.4,0,东北风,2,6,956,64,20,1
2024-04-26 05:00,晴,15.9,0,东北风,2,6,956,68,22.1,0
2024-04-26 06:00,晴,16.6,0,西北风,2,6,956,64,26.8,1
2024-04-26 07:00,晴,17,0,西风,1,3,956,62,27.4,8
2024-04-26 08:00,晴,19.8,0,东北风,2,6,957,55,27.7,2
2024-04-26 09:00,晴,22,0,北风,2,6,957,52,22.8,0
2024-04-26 10:00,晴,23.7,0,北风,2,7,957,47,20.2,0
2024-04-26 11:00,晴,26,0,东北风,2,8,957,45,20.2,0
2024-04-26 12:00,晴,27.5,0,东北风,2,7,956,45,23.2,0
2024-04-26 13:00,晴,28.1,0,东北风,2,12,955,43,27.2,1
2024-04-26 14:00,晴,29.6,0,东风,2,12,954,40,30,0
2024-04-26 15:00,晴,30.1,0,东风,3,14,953,35,30,0
2024-04-26 16:00,晴,30.2,0,东北风,3,16,952,34,30,0
2024-04-26 17:00,晴,29.2,0,东风,3,15,952,42,28.1,2
2024-04-26 18:00,晴,28.8,0,东北风,2,12,952,44,30,0
2024-04-26 19:00,晴,27.5,0,东风,2,9,952,49,30,6
2024-04-26 20:00,多云,26.1,0,东风,1,5,953,53,30,38
2024-04-26 21:00,多云,24.6,0,东北风,1,3,954,57,30,82
2024-04-26 22:00,多云,23.3,0,西风,1,3,955,64,21.9,67
2024-04-26 23:00,多云,23.1,0,西北风,1,3,955,63,18.6,44
2024-04-27 00:00,晴,22.8,0,西北风,1,5,955,61,18.7,27
2024-04-27 01:00,晴,21.4,0,北风,1,5,956,61,19.8,27
2024-04-27 02:00,多云,22.6,0,西北风,2,9,956,55,24.7,36
2024-04-27 03:00,晴,22.1,0,东北风,2,8,956,54,29.2,25
2024-04-27 04:00,晴,21.6,0,西南风,2,7,957,59,27.6,18
2024-04-27 05:00,晴,20.3,0,南风,1,3,957,63,26.6,9
2024-04-27 06:00,多云,19.3,0,静风,0,0,957,73,21.8,70
2024-04-27 07:00,多云,20.3,0,西北风,1,5,957,70,19.3,45
2024-04-27 08:00,多云,21.4,0,静风,0,1,958,66,19.3,30
2024-04-27 09:00,多云,23.5,0,东北风,1,5,957,63,18.5,30
2024-04-27 10:00,多云,25,0,东风,1,5,958,54,21.9,66
2024-04-27 11:00,阴,25.4,0,东北风,2,7,958,49,21.7,93
2024-04-27 12:00,阴,25.9,0,东风,2,10,957,51,21.3,95
2024-04-27 13:00,多云,27.1,0,东风,2,8,957,48,22.5,75
2024-04-27 14:00,阴,26.6,0,东北风,3,15,956,47,28.1,94
2024-04-27 15:00,阴,26.7,0,东北风,2,7,956,50,28.9,95
2024-04-27 16:00,阴,27.2,0,东风,2,8,955,50,29.8,95
2024-04-27 17:00,多云,27.6,0,东北风,2,9,955,50,29.4,78
2024-04-27 18:00,多云,27.8,0,东风,2,11,954,48,29.8,46
2024-04-27 19:00,多云,27,0,东风,2,10,955,51,30,31
2024-04-27 20:00,多云,25.3,0,东风,2,7,955,57,30,45
2024-04-27 21:00,多云,25.3,0,东风,2,8,956,54,30,69
2024-04-27 22:00,多云,24.3,0,东北风,2,10,957,58,27.8,47
2024-04-27 23:00,晴,23.4,0,东北风,2,8,957,57,28.4,2
2024-04-28 00:00,晴,22.5,0,东北风,2,6,957,60,27.5,2
2024-04-28 01:00,晴,21.8,0,东北风,2,6,957,64,25,7
2024-04-28 02:00,晴,20.6,0,东北风,2,6,958,68,19.7,3
2024-04-28 03:00,晴,20.3,0,东北风,2,7,958,68,21.1,0
2024-04-28 04:00,晴,20.4,0,东北风,2,10,958,68,19.7,0
2024-04-28 05:00,晴,20,0,东北风,2,9,958,69,18.6,4
2024-04-28 06:00,晴,19.6,0,东北风,2,9,958,72,16.6,0
2024-04-28 07:00,晴,20.2,0,东北风,2,6,959,73,15.3,6
2024-04-28 08:00,晴,21.8,0,东北风,2,11,959,68,13.7,7
2024-04-28 09:00,晴,23.1,0,东北风,3,13,959,64,14.1,8
2024-04-28 10:00,晴,24.2,0,东北风,3,15,960,62,15.7,4
2024-04-28 11:00,晴,25.7,0,东风,3,14,960,55,17.7,1
2024-04-28 12:00,晴,26.9,0,东风,3,16,959,51,19.3,0
2024-04-28 13:00,晴,28.5,0,东风,3,15,958,48,23.3,2
2024-04-28 14:00,晴,28.6,0,东风,3,19,957,45,27.9,2
2024-04-28 15:00,晴,29.2,0,东风,3,18,956,47,22.2,4
2024-04-28 16:00,晴,29.5,0,东北风,4,20,955,43,24.8,19
2024-04-28 17:00,晴,28.8,0,东风,4,25,955,48,21.7,14
2024-04-28 18:00,晴,27.4,0,东风,4,23,955,52,19.1,3
2024-04-28 19:00,晴,25.5,0,东风,4,21,956,58,16.6,0
2024-04-28 20:00,晴,23.6,0,东风,4,22,957,62,13.3,0
2024-04-28 21:00,晴,22.2,0,东北风,4,21,958,65,11.8,0
2024-04-28 22:00,晴,21.9,0,东北风,3,15,959,64,12.6,0
2024-04-28 23:00,晴,21.8,0,东风,3,17,959,64,14.4,10
2024-04-29 00:00,晴,21.1,0,东风,3,17,960,65,14.9,14
2024-04-29 01:00,晴,20.4,0,东北风,3,17,960,63,15.6,0
2024-04-29 02:00,晴,20,0,东北风,2,10,960,67,15.1,5
2024-04-29 03:00,晴,20.1,0,东北风,2,11,961,65,14.5,19
2024-04-29 04:00,多云,20,0,东风,2,8,962,65,14.5,52
2024-04-29 05:00,多云,19.4,0,西南风,2,7,963,69,12.9,34
2024-04-29 06:00,中雨,17.4,0.2,西风,2,10,964,86,5.3,59
2024-04-29 07:00,中雨,15.8,2.8,北风,2,10,966,94,3.7,95
2024-04-29 08:00,小雨,15.1,4.6,东北风,1,5,967,96,5.5,95
2024-04-29 09:00,中雨,15.2,0.5,西风,2,7,968,95,17.6,95
2024-04-29 10:00,小雨,14.8,0.5,西风,2,10,969,95,4.6,95
2024-04-29 11:00,中雨,14.6,0.6,西风,2,6,969,96,6.6,95
2024-04-29 12:00,小雨,14.4,0.3,东北风,2,9,969,91,11.2,95
2024-04-29 13:00,阴,15.2,0,西风,1,5,968,90,27.7,95
2024-04-29 14:00,中雨,15.8,0,西北风,2,9,968,74,30,95
2024-04-29 15:00,中雨,15.3,0.1,北风,2,10,968,61,29.1,95
2024-04-29 16:00,中雨,14.6,0.1,北风,3,12,968,57,30,95
2024-04-29 17:00,中雨,13.1,0.4,西北风,2,9,969,69,27.8,95
2024-04-29 18:00,中雨,12.4,0.4,西北风,2,10,970,77,20.4,95
2024-04-29 19:00,中雨,11.9,0.8,西风,2,10,970,91,14.9,95
2024-04-29 20:00,中雨,11.1,1.2,西风,2,11,971,94,13.9,95
2024-04-29 21:00,中雨,10.5,1.2,西风,3,12,972,93,12.2,95
2024-04-29 22:00,中雨,10.3,1.6,西风,3,14,973,94,11.5,87
2024-04-29 23:00,中雨,9.8,1.4,西风,3,15,973,94,12.5,72
2024-04-30 00:00,小雨,9.7,0.8,西南风,3,12,972,95,15.3,62
2024-04-30 01:00,小雨,9.6,0.2,西风,2,12,972,92,30,47
2024-04-30 02:00,多云,9.8,0.1,西风,3,12,971,90,30,56
2024-04-30 03:00,多云,10,0,西南风,2,10,970,88,30,63
2024-04-30 04:00,多云,10.2,0,西南风,2,10,970,87,30,76
2024-04-30 05:00,小雨,10.5,0,西南风,2,8,970,88,30,76
2024-04-30 06:00,小雨,10.3,0,西南风,2,9,970,90,30,68
2024-04-30 07:00,小雨,10.4,0.1,西南风,2,9,970,91,23.3,79
2024-04-30 08:00,阴,10.9,0.1,西南风,2,8,971,91,23.5,94
2024-04-30 09:00,阴,11.4,0,西南风,2,7,971,88,27.9,95
2024-04-30 10:00,小雨,12.1,0.1,西南风,2,8,971,89,19.6,95
2024-04-30 11:00,阴,12.3,0,西南风,2,10,971,88,22.8,95
2024-04-30 12:00,阴,13.2,0,西南风,2,8,971,83,28.2,95
2024-04-30 13:00,阴,14.3,0,西南风,2,9,970,76,30,95
2024-04-30 14:00,阴,15.4,0.1,西南风,2,6,970,70,30,95
2024-04-30 15:00,阴,16,0,西南风,2,6,969,67,30,94
2024-04-30 16:00,多云,16.5,0,南风,2,6,968,58,30,63
2024-04-30 17:00,晴,16.7,0,东南风,2,6,968,58,30,20
2024-04-30 18:00,晴,16.8,0,南风,1,4,968,62,30,4
2024-04-30 19:00,晴,15.9,0,南风,1,5,968,63,30,8
2024-04-30 20:00,晴,13.6,0,东南风,1,3,968,73,30,0
2024-04-30 21:00,晴,12.5,0,东风,1,4,969,83,27.6,5
2024-04-30 22:00,晴,12.3,0,东风,1,5,969,86,30,4
2024-04-30 23:00,晴,11.4,0,东南风,1,4,969,88,29,0
2024-05-01 00:00,晴,11.4,0,东北风,1,3,969,86,25,12
2024-05-01 01:00,多云,10.7,0,西北风,1,2,969,93,14.2,38
2024-05-01 02:00,多云,10.4,0,南风,1,2,968,96,9.8,36
2024-05-01 03:00,多云,10.3,0,东北风,1,4,968,94,7.9,30
2024-05-01 04:00,晴,10,0,北风,1,4,967,96,9.8,0
2024-05-01 05:00,晴,10,0,北风,2,6,968,92,10.3,0
2024-05-01 06:00,晴,9.2,0,东北风,1,5,968,92,9.6,0
2024-05-01 07:00,晴,10.1,0,东北风,2,7,969,94,9,2
2024-05-01 08:00,晴,12.1,0,东风,2,6,969,88,8.6,1
2024-05-01 09:00,晴,14.5,0,东风,2,7,969,79,10.2,1
2024-05-01 10:00,晴,15.6,0,东北风,2,8,969,72,11.4,8
2024-05-01 11:00,晴,18,0,东北风,2,8,969,65,13.8,26
2024-05-01 12:00,晴,18.3,0,东风,2,9,968,56,16.5,18
2024-05-01 13:00,晴,19.3,0,东风,2,6,967,55,16.8,15
2024-05-01 14:00,晴,20.6,0,东北风,2,6,966,52,21.1,12
2024-05-01 15:00,多云,20.6,0,东风,2,9,965,50,25.2,31
2024-05-01 16:00,多云,20.5,0,东风,2,8,964,54,23.1,79
2024-05-01 17:00,多云,20.4,0,东风,2,8,964,55,24.1,75
2024-05-01 18:00,多云,19.5,0,东风,2,10,965,57,23.3,66
2024-05-01 19:00,多云,18.8,0,东北风,1,5,965,56,23.6,44
2024-05-01 20:00,晴,17.6,0,东风,1,5,965,64,20.3,14
2024-05-01 21:00,晴,16.6,0,东北风,1,5,966,70,18.1,14
2024-05-01 22:00,多云,15.5,0,东风,1,3,966,75,12.2,44
2024-05-01 23:00,多云,15.3,0,东北风,1,4,966,76,12.5,43
2024-05-02 00:00,多云,14.5,0,东北风,1,4,966,81,12.7,60
2024-05-02 01:00,多云,15,0,北风,1,5,966,75,13.1,30
2024-05-02 02:00,多云,13.1,0,东北风,1,4,965,82,11.7,33
2024-05-02 03:00,多云,13.6,0,东北风,2,7,965,76,15.1,38
2024-05-02 04:00,晴,13.2,0,东北风,2,8,965,79,14.2,11
2024-05-02 05:00,晴,12.5,0,东北风,2,7,965,80,13.7,12
2024-05-02 06:00,晴,12.5,0,东北风,2,8,965,82,11.9,14
2024-05-02 07:00,晴,13.8,0,东北风,2,10,966,76,15.8,8
2024-05-02 08:00,多云,15,0,东风,3,13,967,68,21.2,45
2024-05-02 09:00,多云,15.7,0,东风,3,14,967,63,26,46
2024-05-02 10:00,多云,17.5,0,东风,3,13,967,59,27.6,82
2024-05-02 11:00,阴,18.3,0,东风,3,12,967,59,28.9,92
2024-05-02 12:00,多云,18.9,0,东风,3,13,967,56,30,88
2024-05-02 13:00,阴,19.6,0,东北风,3,12,966,55,29.1,95
2024-05-02 14:00,阴,20.3,0,东风,2,11,965,54,30,95
2024-05-02 15:00,阴,21.3,0,东北风,1,5,965,52,30,95
2024-05-02 16:00,阴,21.5,0,东北风,2,8,964,45,30,95
2024-05-02 17:00,小雨,21.5,0,东南风,1,2,964,48,30,95
2024-05-02 18:00,多云,19.9,0,西南风,2,11,964,58,29.7,74
2024-05-02 19:00,多云,18.6,0,西风,2,10,965,65,15.9,82
2024-05-02 20:00,多云,18,0,西风,1,5,965,68,13.8,65
2024-05-02 21:00,多云,17.2,0,西风,1,5,966,73,11.8,88
2024-05-02 22:00,小雨,16.9,0,西风,1,5,967,74,11.7,78
2024-05-02 23:00,多云,16.5,0,西风,1,5,967,76,12.1,74
2024-05-03 00:00,小雨,16.4,0,西南风,1,3,967,81,8.7,79
2024-05-03 01:00,多云,16.2,0,西南风,1,5,967,82,8.4,82
2024-05-03 02:00,中雨,15.6,0,南风,1,3,966,86,7.5,67
2024-05-03 03:00,小雨,16.7,0,南风,3,13,966,57,30,60
2024-05-03 04:00,小雨,15.7,0,东南风,2,7,966,64,30,57
2024-05-03 05:00,小雨,15.2,0,东风,2,7,966,70,30,52
2024-05-03 06:00,小雨,15,0,南风,1,3,966,74,21.6,64
2024-05-03 07:00,多云,14.7,0,东风,1,3,967,82,22.4,73
2024-05-03 08:00,小雨,14.9,0,北风,1,5,967,83,14.4,95
2024-05-03 09:00,阴,14.8,0.2,北风,1,3,967,90,6.9,95
2024-05-03 10:00,小雨,14.6,0.4,东风,2,7,968,88,9.9,95
2024-05-03 11:00,中雨,14.4,0.6,东北风,2,10,968,91,8.3,95
2024-05-03 12:00,中雨,14,1.2,东风,2,8,968,93,7.9,95
2024-05-03 13:00,中雨,14.2,1.6,东北风,2,11,967,94,5.6,95
2024-05-03 14:00,小雨,13.8,3.1,东北风,2,10,967,94,5.5,95
2024-05-03 15:00,中雨,14,3.9,东北风,2,11,967,95,4.6,95
2024-05-03 16:00,阴,13.3,0.7,东风,3,15,967,95,3.1,95
2024-05-03 17:00,小雨,12.1,0.3,东风,3,14,967,94,7.4,90
2024-05-03 18:00,小雨,11.8,0.2,东北风,3,15,968,93,10.7,75
2024-05-03 19:00,小雨,11.7,0.1,东北风,3,13,968,93,9.6,72
2024-05-03 20:00,小雨,11.4,0.2,东北风,3,15,968,92,8.9,72
2024-05-03 21:00,中雨,11.3,0.4,东风,2,11,969,93,8.1,61
2024-05-03 22:00,小雨,11.2,0.4,东北风,2,11,969,95,7.2,56
2024-05-03 23:00,小雨,11.1,0.1,东风,2,9,969,94,10.8,58
2024-05-04 00:00,多云,11.2,0,东风,2,8,969,93,11.3,69
2024-05-04 01:00,多云,11,0.1,东风,1,4,968,94,6.2,71
2024-05-04 02:00,多云,10.9,0.4,东北风,1,4,968,96,4.8,59
2024-05-04 03:00,多云,11,0,东风,1,1,967,95,6.2,48
2024-05-04 04:00,多云,11.1,0.1,静风,0,1,967,96,4,53
2024-05-04 05:00,多云,11.1,0,西风,1,4,966,95,6.2,56
2024-05-04 06:00,晴,11.1,0,西南风,1,3,966,95,6.3,25
2024-05-04 07:00,多云,11.4,0,西南风,1,1,967,94,6.6,57
2024-05-04 08:00,多云,11.7,0,西风,1,4,967,90,8.3,81
2024-05-04 09:00,阴,12.1,0,西风,1,4,967,90,9.6,94
2024-05-04 10:00,多云,13.5,0,东北风,1,5,967,82,12.2,84
2024-05-04 11:00,阴,14.3,0,南风,1,4,966,75,13.5,91
2024-05-04 12:00,阴,15.1,0,西南风,2,6,966,76,9.1,95
2024-05-04 13:00,阴,15.9,0,南风,1,5,965,71,12.9,95
2024-05-04 14:00,阴,16.5,0,西南风,1,5,964,70,13.4,95
2024-05-04 15:00,阴,16.8,0,西风,1,5,964,69,14.6,95
2024-05-04 16:00,多云,17.2,0,西风,1,4,963,67,13.9,86
2024-05-04 17:00,多云,17.3,0,西南风,2,6,963,65,16.5,54
2024-05-04 18:00,晴,17.3,0,南风,1,3,962,66,14.2,27
2024-05-04 19:00,晴,16.8,0,西南风,1,5,963,69,14.1,0
2024-05-04 20:00,晴,15.3,0,西风,1,3,963,76,11.9,1
2024-05-04 21:00,晴,15.3,0,西风,1,5,964,76,13.7,1
2024-05-04 22:00,晴,14.8,0,西南风,1,5,964,81,13.4,5
2024-05-04 23:00,晴,14,0,西风,2,7,964,83,12,0
2024-05-05 00:00,晴,13.9,0,西风,1,4,964,84,9.6,21
2024-05-05 01:00,晴,13.8,0,西风,1,5,964,85,7.7,14
2024-05-05 02:00,晴,13.7,0,西南风,2,6,964,87,8.3,25
2024-05-05 03:00,晴,13.5,0,西南风,1,5,963,89,7.4,8
2024-05-05 04:00,晴,12.9,0,西南风,2,7,963,91,7.5,14
2024-05-05 05:00,晴,12.4,0,西南风,2,8,963,92,8.8,4
2024-05-05 06:00,晴,12.2,0,西南风,2,9,963,93,10.1,6
2024-05-05 07:00,晴,12.5,0,西南风,2,8,964,93,9.7,10
2024-05-05 08:00,晴,13.9,0,西南风,2,6,964,90,10.7,14
2024-05-05 09:00,晴,15.5,0,西风,2,10,965,81,12.9,12
2024-05-05 10:00,晴,17,0,西南风,2,9,965,75,15.3,9
2024-05-05 11:00,晴,18.4,0,西南风,2,12,964,68,19.6,4
2024-05-05 12:00,晴,20.3,0,西南风,2,11,964,63,24.2,0
2024-05-05 13:00,晴,21.6,0,西南风,2,9,964,57,24.3,0
2024-05-05 14:00,晴,22.9,0,西南风,2,9,963,55,27.4,0
2024-05-05 15:00,晴,24,0,西南风,2,9,962,51,30,0
2024-05-05 16:00,晴,24.6,0,西南风,2,7,961,47,30,0
2024-05-05 17:00,晴,25.3,0,东南风,2,6,961,48,30,0
2024-05-05 18:00,晴,25,0,东南风,1,5,960,40,30,0
2024-05-05 19:00,晴,23.7,0,南风,1,4,960,47,30,0
2024-05-05 20:00,晴,20.7,0,北风,1,3,960,55,30,0
2024-05-05 21:00,晴,20.4,0,东风,2,8,961,59,28.8,0
2024-05-05 22:00,晴,19.7,0,东风,2,8,961,61,30,0
2024-05-05 23:00,晴,18.8,0,西北风,2,9,962,66,30,0
2024-05-06 00:00,晴,17.4,0,东北风,1,5,961,71,24.8,0
2024-05-06 01:00,晴,16.3,0,东北风,2,6,962,81,17.6,0
2024-05-06 02:00,晴,16.5,0,东北风,2,8,962,81,15.7,0
2024-05-06 03:00,晴,16.3,0,东北风,2,9,962,79,21.3,0
2024-05-06 04:00,晴,16.2,0,东北风,2,9,962,78,24.9,0
2024-05-06 05:00,晴,15,0,东北风,2,6,963,84,18.3,0
2024-05-06 06:00,晴,13.5,0,东风,1,2,963,92,15.1,0
2024-05-06 07:00,晴,15.5,0,东北风,1,1,964,89,14.6,0
2024-05-06 08:00,晴,18.2,0,东风,2,6,965,74,18.9,2
2024-05-06 09:00,晴,19.5,0,东南风,2,6,966,68,21.1,1
2024-05-06 10:00,晴,20.8,0,南风,2,6,967,59,27.2,0
2024-05-06 11:00,晴,22.5,0,东风,1,4,967,52,30,0
2024-05-06 12:00,晴,23.8,0,东风,2,6,966,48,27.4,0
2024-05-06 13:00,晴,25.3,0,东风,2,6,966,51,25.8,0
2024-05-06 14:00,晴,25.8,0,东南风,2,7,966,50,30,0
2024-05-06 15:00,晴,26.7,0,南风,1,4,965,46,30,0
2024-05-06 16:00,晴,27,0,南风,2,8,964,37,30,2
2024-05-06 17:00,晴,27.5,0,东南风,1,5,964,38,30,1
2024-05-06 18:00,晴,27,0,东风,2,6,964,38,29.5,0
2024-05-06 19:00,晴,25.5,0,东风,2,8,964,47,30,0
2024-05-06 20:00,晴,23.1,0,东风,2,6,965,53,30,0
2024-05-06 21:00,晴,22.7,0,东风,2,9,966,57,30,0
2024-05-06 22:00,晴,21.3,0,东北风,2,6,966,60,30,7
2024-05-06 23:00,晴,19.9,0,东北风,2,7,967,69,27.6,1
2024-05-07 00:00,晴,18.6,0,北风,2,6,967,76,21.1,2
2024-05-07 01:00,晴,18.2,0,北风,1,5,967,79,16.3,2
2024-05-07 02:00,晴,16.9,0,东北风,1,4,968,84,16.6,1
2024-05-07 03:00,晴,17.5,0,南风,2,6,968,84,7.7,1
2024-05-07 04:00,晴,16.8,0,北风,2,6,968,85,12.1,3
2024-05-07 05:00,晴,16.5,0,西北风,1,4,969,85,16.4,3
2024-05-07 06:00,晴,16,0,西北风,1,3,970,85,17,6
2024-05-07 07:00,晴,16.9,0,东风,1,3,970,84,11.1,1
2024-05-07 08:00,晴,19.3,0,东北风,2,7,971,73,15.1,0
2024-05-07 09:00,晴,21.5,0,东风,1,4,971,66,8.6,1
2024-05-07 10:00,晴,22.7,0,东风,2,8,972,55,21.7,3
2024-05-07 11:00,晴,24.1,0,东北风,2,6,971,52,22.7,0
2024-05-07 12:00,晴,25.3,0,东北风,2,8,971,49,21.4,1
2024-05-07 13:00,晴,26.9,0,西北风,1,4,970,48,26.9,1
2024-05-07 14:00,晴,28.2,0,东风,2,6,969,42,30,0
2024-05-07 15:00,晴,29.1,0,东北风,2,7,968,36,30,3
2024-05-07 16:00,晴,29.3,0,东北风,2,8,967,36,30,1
2024-05-07 17:00,晴,28.5,0,东北风,2,9,966,35,30,5
2024-05-07 18:00,多云,28,0,东风,2,7,966,38,30,57
2024-05-07 19:00,多云,25.4,0,东北风,1,3,967,50,30,58
2024-05-07 20:00,晴,23.4,0,东风,2,6,967,58,29.9,8
2024-05-07 21:00,晴,22.8,0,东北风,2,6,968,61,28.4,8
2024-05-07 22:00,多云,22,0,东风,1,4,969,63,30,44
2024-05-07 23:00,多云,20.9,0,东南风,1,3,969,68,26.4,52
2024-05-08 00:00,多云,20.6,0,东北风,1,5,969,72,21.5,59
2024-05-08 01:00,多云,21,0,东北风,2,6,969,59,23.5,72
2024-05-08 02:00,多云,18.9,0,东北风,1,3,969,65,29.9,45
2024-05-08 03:00,多云,18.5,0,东北风,1,4,969,67,30,33
2024-05-08 04:00,晴,18.9,0,东北风,2,11,969,65,25.9,24
2024-05-08 05:00,晴,18.9,0,东风,3,13,969,64,21.6,21
2024-05-08 06:00,多云,18.2,0,东风,2,8,970,66,20.6,31
2024-05-08 07:00,多云,19.1,0,东风,3,12,970,63,20.6,76
2024-05-08 08:00,多云,20,0,东风,3,13,971,61,20.1,62
2024-05-08 09:00,多云,21,0,东北风,3,19,971,58,18.4,55
2024-05-08 10:00,多云,22.7,0.1,东风,3,17,971,55,21.1,38
2024-05-08 11:00,多云,23.7,0,东风,3,16,971,53,19.3,49
2024-05-08 12:00,多云,24.7,0,东北风,2,11,970,55,18.9,42
2024-05-08 13:00,晴,26.2,0,东北风,2,11,969,51,21.6,7
2024-05-08 14:00,晴,27.4,0,东风,3,15,968,49,25.5,15
2024-05-08 15:00,多云,27.8,0,东北风,3,13,968,48,26.2,89
2024-05-08 16:00,阴,27.5,0,东北风,1,5,967,49,29.4,90
2024-05-08 17:00,多云,27.6,0,西南风,2,6,967,49,29.6,77
2024-05-08 18:00,多云,25.5,0,西风,3,15,967,53,18.5,70
2024-05-08 19:00,多云,24.3,0,西风,2,10,968,58,19.6,56
2024-05-08 20:00,小雨,23.1,0,西风,2,10,968,64,17.9,95
2024-05-08 21:00,多云,22.6,0,西南风,2,8,969,66,19.3,70
2024-05-08 22:00,多云,21.8,0,西南风,2,10,969,69,17.8,70
2024-05-08 23:00,多云,21.2,0,西南风,1,5,969,72,25.2,71
2024-05-09 00:00,多云,21.2,0,南风,2,8,968,73,20.7,83
2024-05-09 01:00,多云,21.2,0,东南风,1,4,968,71,23.9,64
2024-05-09 02:00,多云,21.2,0,南风,1,5,967,70,23.7,72
2024-05-09 03:00,多云,20.6,0,北风,1,1,967,74,23,49
2024-05-09 04:00,多云,20,0,北风,1,4,966,79,18.9,62
2024-05-09 05:00,多云,19.9,0,东北风,2,6,966,81,17.4,69
2024-05-09 06:00,小雨,19.6,0,西北风,1,4,966,82,15.4,69
2024-05-09 07:00,中雨,20,0,西南风,1,5,967,82,15.6,70
2024-05-09 08:00,多云,21,0,西北风,2,7,967,75,22,61
2024-05-09 09:00,多云,21.7,0,北风,2,7,967,74,15.9,69
2024-05-09 10:00,多云,23.1,0,东风,2,8,966,68,13,65
2024-05-09 11:00,多云,23.9,0,东风,2,8,966,69,12.4,61
2024-05-09 12:00,多云,26.1,0,东风,2,12,965,54,19,60
2024-05-09 13:00,多云,28.1,0,东风,2,10,964,49,25.5,62
2024-05-09 14:00,晴,28.4,0,东风,2,10,963,47,26,26
2024-05-09 15:00,晴,28.5,0,东南风,2,10,962,45,30,18
2024-05-09 16:00,晴,29.6,0,东南风,2,6,961,38,30,9
2024-05-09 17:00,晴,29.3,0,东南风,2,9,960,37,30,0
2024-05-09 18:00,晴,28.7,0,南风,2,10,960,36,30,0
2024-05-09 19:00,晴,27.6,0,南风,2,6,960,38,30,1
2024-05-09 20:00,晴,26.3,0,南风,2,9,960,39,30,1
2024-05-09 21:00,阴,25.1,0,南风,2,7,960,42,30,95
2024-05-09 22:00,晴,23.7,0,东南风,2,6,961,48,30,18
2024-05-09 23:00,晴,23,0,南风,1,5,961,49,30,0
2024-05-10 00:00,多云,21.1,0,南风,1,3,960,55,30,58
2024-05-10 01:00,晴,22.1,0,南风,1,5,960,52,30,0
2024-05-10 02:00,晴,20,0,南风,1,2,959,60,30,0
2024-05-10 03:00,晴,21.4,0,东南风,2,6,959,56,30,0
2024-05-10 04:00,晴,19.1,0,西北风,1,5,959,70,30,0
2024-05-10 05:00,晴,18.4,0,西北风,1,5,959,74,29,0
2024-05-10 06:00,晴,17,0,静风,0,0,959,83,27.8,0
2024-05-10 07:00,晴,18.8,0,西风,1,1,960,79,22.4,1
2024-05-10 08:00,晴,21.2,0,北风,1,4,961,67,27.1,2
2024-05-10 09:00,晴,22.8,0,南风,1,5,961,59,22.6,18
2024-05-10 10:00,晴,25.5,0,南风,2,8,961,55,30,6
2024-05-10 11:00,晴,26.3,0,西南风,3,13,961,45,30,1
2024-05-10 12:00,晴,27.9,0,西风,2,12,960,40,30,0
2024-05-10 13:00,晴,28.7,0,西风,2,9,959,37,30,0
2024-05-10 14:00,晴,29.8,0,西风,2,9,959,33,30,0
2024-05-10 15:00,晴,30.8,0,西南风,1,5,958,32,30,1
2024-05-10 16:00,晴,30.8,0,西南风,2,6,958,34,30,0
2024-05-10 17:00,晴,30.9,0,南风,2,7,957,34,30,1
2024-05-10 18:00,晴,30.8,0,西南风,1,5,958,32,30,3
2024-05-10 19:00,中雨,20.7,0.7,北风,4,25,961,69,10.6,59
2024-05-10 20:00,中雨,21.6,2.1,东北风,3,12,963,68,24.6,59
2024-05-10 21:00,小雨,20.4,1.3,南风,2,11,965,87,10.3,65
2024-05-10 22:00,多云,20,0.7,西风,3,17,966,84,26.4,65
2024-05-10 23:00,多云,19.8,0,西风,2,10,966,83,24.9,64
2024-05-11 00:00,多云,19.2,0,西风,2,7,967,86,27.3,36
2024-05-11 01:00,多云,19.4,0,西南风,2,7,967,82,29.7,37
2024-05-11 02:00,多云,19.2,0,西南风,2,9,967,86,28.6,58
2024-05-11 03:00,多云,19.6,0,西南风,2,10,967,84,28.6,36
2024-05-11 04:00,晴,18.9,0,南风,1,3,969,86,27.2,24
2024-05-11 05:00,晴,18,0,东风,1,5,970,91,24.3,26
2024-05-11 06:00,晴,18.1,0,东北风,2,8,971,71,27.2,14
2024-05-11 07:00,多云,18.8,0,北风,1,4,972,50,23.7,45
2024-05-11 08:00,多云,19.9,0,东风,1,4,973,45,21.5,60
2024-05-11 09:00,多云,19.9,0,东风,1,4,973,45,21.5,33
2024-05-11 10:00,晴,22.5,0,东风,2,6,973,21,26.3,29
2024-05-11 11:00,晴,22.9,0,西风,1,4,973,20,28,12
2024-05-11 12:00,晴,23.5,0,西南风,2,7,972,18,26.7,18
2024-05-11 13:00,多云,24.6,0,西南风,2,8,971,20,24.4,34
2024-05-11 14:00,晴,25.1,0,南风,2,8,970,18,27.5,4
2024-05-11 15:00,晴,25.8,0,西风,2,6,969,15,30,2
2024-05-11 16:00,晴,26.5,0,西风,2,10,968,19,27.4,0
2024-05-11 17:00,晴,26.5,0,西南风,2,10,967,25,29.2,0
2024-05-11 18:00,晴,26.4,0,西风,2,8,967,25,30,0
2024-05-11 19:00,晴,25,0,西风,2,7,967,29,30,24
2024-05-11 20:00,晴,22.9,0,西风,1,5,967,33,30,24
2024-05-11 21:00,阴,22.9,0,西南风,2,7,967,30,30,95
2024-05-11 22:00,阴,20.7,0,西南风,1,3,968,38,30,95
2024-05-11 23:00,阴,20.3,0,南风,1,5,968,38,30,95
2024-05-12 00:00,晴,17.9,0,西北风,1,4,968,48,28.5,1
2024-05-12 01:00,晴,18.2,0,西南风,2,6,968,47,28.9,13
2024-05-12 02:00,晴,17.5,0,西南风,1,5,968,50,30,0
2024-05-12 03:00,晴,16.2,0,西北风,1,4,967,59,30,0
2024-05-12 04:00,晴,16,0,西风,1,5,967,58,30,0
2024-05-12 05:00,晴,15.3,0,西风,1,3,967,62,30,0
2024-05-12 06:00,晴,15.4,0,西南风,1,5,968,61,30,0
2024-05-12 07:00,晴,17.5,0,西风,2,6,968,52,30,0
2024-05-12 08:00,晴,18.8,0,西南风,2,6,968,53,28.9,0
2024-05-12 09:00,晴,21.1,0,西风,2,10,968,41,28.4,0
2024-05-12 10:00,晴,24.1,0,西风,2,8,968,29,30,0
2024-05-12 11:00,晴,25.9,0,西南风,2,6,968,29,30,0
2024-05-12 12:00,晴,27.4,0,西南风,2,8,968,26,30,0
2024-05-12 13:00,多云,28.1,0,西风,2,8,967,29,30,72
2024-05-12 14:00,晴,29.2,0,东南风,2,6,966,27,30,0
2024-05-12 15:00,晴,30.5,0,西风,2,7,966,26,30,0
2024-05-12 16:00,晴,30.8,0,东风,2,7,965,24,30,6
2024-05-12 17:00,晴,30.9,0,东南风,2,6,964,22,30,0
2024-05-12 18:00,晴,30.2,0,东南风,2,9,964,22,30,0
2024-05-12 19:00,晴,28.7,0,东风,2,7,964,23,30,0
2024-05-12 20:00,晴,27,0,东南风,2,7,965,26,30,0
2024-05-12 21:00,晴,26.5,0,东南风,2,8,966,24,30,0
2024-05-12 22:00,晴,23.5,0,东南风,2,6,966,37,30,0
2024-05-12 23:00,晴,21.2,0,东北风,1,5,967,48,28.7,0
2024-05-13 00:00,晴,19.4,0,北风,1,3,967,55,27.6,6
2024-05-13 01:00,晴,19,0,北风,1,4,967,58,22.6,0
2024-05-13 02:00,晴,17.7,0,北风,1,3,966,62,25.6,0
2024-05-13 03:00,晴,17.7,0,东北风,2,9,966,62,28.5,0
2024-05-13 04:00,晴,16.5,0,东北风,1,4,966,63,30,0
2024-05-13 05:00,晴,16.1,0,西北风,1,4,967,65,26.1,0
2024-05-13 06:00,晴,14.9,0,东北风,1,4,967,71,26.1,0
2024-05-13 07:00,晴,17.5,0,东风,2,6,968,66,24.7,0
2024-05-13 08:00,晴,19.7,0,东风,2,11,968,57,20.9,0
2024-05-13 09:00,晴,20.9,0,东风,3,14,968,52,24,0
2024-05-13 10:00,晴,23.3,0,东风,2,10,968,44,26.1,0
2024-05-13 11:00,晴,24.7,0,东风,2,8,967,41,25.7,0
2024-05-13 12:00,晴,26,0,东北风,2,8,966,36,27,0
2024-05-13 13:00,晴,27.7,0,东风,2,9,965,35,30,0
2024-05-13 14:00,晴,29,0,东风,2,9,964,31,30,0
2024-05-13 15:00,晴,29.5,0,东风,2,11,963,33,30,0
2024-05-13 16:00,晴,30,0,东风,2,11,962,36,28.5,1
2024-05-13 17:00,晴,29.9,0,东风,3,13,961,32,30,21
2024-05-13 18:00,晴,29.7,0,东北风,2,11,960,34,30,0
2024-05-13 19:00,晴,28.7,0,东风,2,9,960,37,30,0
2024-05-13 20:00,晴,26.3,0,东北风,1,4,961,45,30,0
2024-05-13 21:00,晴,24.5,0,东风,2,6,961,49,29,0
2024-05-13 22:00,晴,23.3,0,东风,2,6,961,51,30,0
2024-05-13 23:00,晴,22,0,北风,1,4,961,55,25.3,0
2024-05-14 00:00,晴,21.7,0,北风,1,4,961,53,23.5,0
2024-05-14 01:00,晴,21.8,0,北风,2,8,961,47,24.4,1
2024-05-14 02:00,晴,20.2,0,北风,1,3,961,51,30,2
2024-05-14 03:00,晴,18.9,0,东北风,1,3,961,55,30,2
2024-05-14 04:00,晴,18.4,0,东北风,1,4,962,56,30,0
2024-05-14 05:00,晴,17.8,0,东北风,1,4,962,58,30,1
2024-05-14 06:00,晴,17.3,0,东北风,1,5,963,59,29.7,0
2024-05-14 07:00,晴,19.5,0,东北风,1,4,963,52,30,2
2024-05-14 08:00,晴,22,0,东北风,1,4,964,45,30,0
2024-05-14 09:00,晴,24.7,0,东北风,1,4,964,46,26.8,0
2024-05-14 10:00,晴,26.5,0,东南风,2,6,964,42,27.2,0
2024-05-14 11:00,晴,28.6,0,东风,2,6,963,36,29.6,0
2024-05-14 12:00,晴,30.6,0,东北风,1,5,963,31,30,0
2024-05-14 13:00,晴,31.4,0,东北风,1,5,962,23,30,0
2024-05-14 14:00,晴,32.5,0,东南风,2,6,962,24,29.1,2
2024-05-14 15:00,晴,32.8,0,东南风,2,6,961,24,30,1
2024-05-14 16:00,晴,33.2,0,东风,2,10,961,22,30,3
2024-05-14 17:00,晴,33.2,0,东风,2,10,961,23,30,0
2024-05-14 18:00,晴,32.5,0,东南风,2,6,961,24,30,2
2024-05-14 19:00,晴,30.6,0,东南风,1,4,962,27,30,0
2024-05-14 20:00,晴,27.1,0,东风,1,4,963,35,30,0
2024-05-14 21:00,晴,25.7,0,东风,1,4,964,39,30,0
2024-05-14 22:00,晴,25.5,0,南风,2,6,964,42,30,0
2024-05-14 23:00,晴,24.2,0,静风,0,0,965,49,23.2,0
2024-05-15 00:00,晴,23.3,0,南风,1,3,965,49,9.1,0
2024-05-15 01:00,晴,23.1,0,西风,1,4,965,49,10.6,0
2024-05-15 02:00,晴,20.7,0,东风,1,2,966,61,23.6,0
2024-05-15 03:00,晴,21.7,0,西南风,1,3,966,55,23,0
2024-05-15 04:00,晴,20.2,0,北风,1,4,967,63,22.8,0
2024-05-15 05:00,晴,19.8,0,东北风,2,7,968,63,24.2,0
2024-05-15 06:00,晴,19.9,0,东风,2,6,970,56,30,0
2024-05-15 07:00,晴,20.6,0,东北风,2,8,971,61,22.2,0
2024-05-15 08:00,晴,22.7,0,东风,3,19,973,58,19.2,0
2024-05-15 09:00,晴,22.9,0,东风,4,26,974,47,14.9,5
2024-05-15 10:00,扬沙,24.3,0,东风,4,26,974,45,21.2,4
2024-05-15 11:00,扬沙,25.3,0,东风,4,20,974,41,23.8,0
2024-05-15 12:00,晴,26.5,0,东北风,3,18,974,39,27.3,1
2024-05-15 13:00,晴,26.6,0,东风,4,24,973,38,30,2
2024-05-15 14:00,晴,27,0,东风,4,23,972,34,30,3
2024-05-15 15:00,晴,27.4,0,东风,4,24,971,34,30,2
2024-05-15 16:00,晴,27.7,0,东风,4,22,970,34,30,0
2024-05-15 17:00,晴,27.3,0,东风,4,24,969,33,30,0
2024-05-15 18:00,晴,26.7,0,东风,3,19,969,35,30,3
2024-05-15 19:00,阴,25.8,0,东北风,3,13,969,37,30,95
2024-05-15 20:00,晴,25.8,0,东北风,3,13,969,37,30,0
2024-05-15 21:00,晴,23.5,0,东风,3,13,969,46,30,0
2024-05-15 22:00,多云,23,0,东风,3,13,969,45,30,43
2024-05-15 23:00,晴,22.1,0,东风,3,13,969,51,30,17
2024-05-16 00:00,晴,21.3,0,东北风,2,10,969,52,30,5
2024-05-16 01:00,多云,20.9,0,东北风,2,11,968,51,30,32
2024-05-16 02:00,晴,20.3,0,东北风,2,10,968,51,30,7
2024-05-16 03:00,晴,19.6,0,东北风,2,9,968,53,30,0
2024-05-16 04:00,晴,19.4,0,东北风,2,8,967,52,30,3
2024-05-16 05:00,晴,19.1,0,东风,3,12,967,50,30,8
2024-05-16 06:00,晴,18.6,0,东风,2,10,967,51,30,1
2024-05-16 07:00,晴,19.3,0,东北风,1,5,967,53,30,0
2024-05-16 08:00,晴,20.9,0,东北风,2,8,967,45,30,0
2024-05-16 09:00,晴,22.2,0,东风,2,9,967,42,30,0
2024-05-16 10:00,晴,23.8,0,东北风,2,7,966,42,30,0
2024-05-16 11:00,晴,25.7,0,东风,2,7,966,41,30,0
2024-05-16 12:00,晴,26.2,0,东南风,2,8,964,41,30,0
2024-05-16 13:00,晴,28.1,0,西风,2,6,963,38,30,0
2024-05-16 14:00,晴,29.5,0,西风,2,7,962,35,30,0
2024-05-16 15:00,晴,30.6,0,西南风,2,7,960,31,30,0
2024-05-16 16:00,晴,31.5,0,西风,2,9,959,29,30,1
2024-05-16 17:00,晴,31.8,0,西南风,2,10,959,30,30,1
2024-05-16 18:00,晴,31.5,0,西南风,2,8,958,33,30,6
2024-05-16 19:00,晴,30.6,0,西南风,1,5,958,33,30,1
2024-05-16 20:00,多云,29.2,0,西风,2,7,958,36,30,30
2024-05-16 21:00,晴,27.6,0,西风,1,5,959,41,27.3,13
2024-05-16 22:00,晴,26.5,0,西风,1,5,959,44,30,1
2024-05-16 23:00,晴,25.8,0,西北风,1,3,959,48,29.5,0
2024-05-17 00:00,晴,23.6,0,西南风,1,2,960,57,27.4,0
2024-05-17 01:00,晴,23.5,0,西风,2,6,959,57,26.1,0
2024-05-17 02:00,晴,22.5,0,南风,1,4,959,62,29.8,1
2024-05-17 03:00,晴,24.1,0,南风,2,7,959,57,29.4,1
2024-05-17 04:00,晴,22.2,0,西风,1,1,959,65,29.5,0
2024-05-17 05:00,晴,23.4,0,西南风,2,7,960,60,28.4,0
2024-05-17 06:00,晴,22.9,0,西南风,2,8,960,61,25.1,0
2024-05-17 07:00,晴,23.1,0,西南风,1,4,960,64,21.1,0
2024-05-17 08:00,晴,24.3,0,西风,2,9,961,61,20.6,0
2024-05-17 09:00,晴,26.2,0,西南风,2,6,961,51,24.9,0
2024-05-17 10:00,晴,28.5,0,西风,2,8,961,46,27.6,0
2024-05-17 11:00,晴,30.4,0,西风,2,9,960,39,30,0
2024-05-17 12:00,晴,32.3,0,西南风,2,8,960,35,30,0
2024-05-17 13:00,晴,33.7,0,西南风,2,9,959,33,30,1
2024-05-17 14:00,晴,35,0,南风,2,6,957,28,30,0
2024-05-17 15:00,晴,35.8,0,南风,2,6,957,23,30,0
2024-05-17 16:00,晴,36.3,0,东北风,2,8,956,21,30,5
2024-05-17 17:00,晴,36.1,0,东风,2,6,955,24,30,5
2024-05-17 18:00,晴,34.7,0,东风,2,9,955,29,30,5
2024-05-17 19:00,晴,32,0,东风,2,6,956,36,30,0
2024-05-17 20:00,晴,29,0,东北风,1,5,956,42,30,19
2024-05-17 21:00,晴,28,0,东风,1,4,957,47,30,23
2024-05-17 22:00,晴,26.9,0,静风,0,1,958,50,23.6,23
2024-05-17 23:00,晴,28.7,0,东南风,2,6,958,44,24.2,23
2024-05-18 00:00,晴,26.5,0,东北风,1,2,958,52,30,4
2024-05-18 01:00,多云,25,0,东北风,1,3,958,60,20.4,50
2024-05-18 02:00,多云,23.4,0,东北风,1,4,958,60,24.2,47
2024-05-18 03:00,多云,22.7,0,东北风,1,4,958,64,23.9,59
2024-05-18 04:00,多云,21.8,0,东北风,1,1,958,67,21.5,35
2024-05-18 05:00,晴,21,0,东风,1,4,958,66,25.5,24
2024-05-18 06:00,晴,21.9,0,东北风,1,5,959,59,23,8
2024-05-18 07:00,晴,22.2,0,东北风,2,6,959,57,20.1,0
2024-05-18 08:00,晴,25,0,东北风,2,7,960,48,23.7,0
2024-05-18 09:00,晴,26.8,0,东北风,2,6,960,47,25.8,0
2024-05-18 10:00,晴,28.4,0,东北风,2,8,960,45,22.8,0
2024-05-18 11:00,晴,30.4,0,北风,2,9,959,40,25.4,3
2024-05-18 12:00,多云,32.2,0,东北风,2,9,959,36,29.2,42
2024-05-18 13:00,多云,33.8,0,东风,2,8,958,35,29,52
2024-05-18 14:00,多云,33.5,0,东风,2,11,957,38,30,59
2024-05-18 15:00,多云,33.3,0,东风,2,9,957,36,30,52
2024-05-18 16:00,晴,33.3,0,东北风,2,7,956,37,30,13
2024-05-18 17:00,晴,34.7,0,东南风,2,9,956,24,30,24
2024-05-18 18:00,晴,33.9,0,东风,2,7,956,28,30,29
2024-05-18 19:00,多云,32.3,0,东风,2,6,956,31,30,33
2024-05-18 20:00,晴,30.9,0,东风,2,6,957,37,30,18
2024-05-18 21:00,多云,29.8,0,东南风,2,7,957,38,30,82
2024-05-18 22:00,多云,30.1,0,东南风,2,10,958,34,30,42
2024-05-18 23:00,阴,29.3,0,南风,2,8,958,36,30,95
2024-05-19 00:00,晴,28.9,0,南风,3,14,959,36,30,9
2024-05-19 01:00,晴,28.2,0,南风,2,11,959,37,30,10
2024-05-19 02:00,晴,27.1,0,西南风,2,7,959,39,30,13
2024-05-19 03:00,晴,26.9,0,南风,3,13,958,39,30,14
2024-05-19 04:00,晴,26.6,0,南风,3,17,958,41,30,19
2024-05-19 05:00,多云,25.7,0,南风,2,7,959,44,30,61
2024-05-19 06:00,多云,25.3,0,西南风,2,6,959,45,30,68
2024-05-19 07:00,多云,24.9,0,西南风,2,6,960,50,30,73
2024-05-19 08:00,晴,25.8,0,西南风,1,5,961,46,30,23
2024-05-19 09:00,晴,28.4,0,东南风,2,11,961,39,30,20
2024-05-19 10:00,多云,29.8,0,西南风,2,10,961,34,30,30
2024-05-19 11:00,晴,30.7,0,南风,2,10,961,33,30,12
2024-05-19 12:00,晴,29.7,0,西风,2,10,961,35,30,12
2024-05-19 13:00,晴,31.7,0,西风,2,6,960,30,30,11
2024-05-19 14:00,多云,32.8,0,东风,2,6,959,26,30,40
2024-05-19 15:00,多云,33.3,0,南风,1,5,959,25,30,43
2024-05-19 16:00,多云,33.7,0,西风,2,7,958,25,30,69
2024-05-19 17:00,多云,33.1,0,西风,1,5,958,26,30,68
2024-05-19 18:00,晴,34,0,西风,1,4,958,25,30,14
2024-05-19 19:00,晴,31.9,0,东风,1,5,958,31,30,11
2024-05-19 20:00,晴,30,0,东南风,1,4,959,36,30,9
2024-05-19 21:00,晴,28.9,0,南风,1,5,960,43,30,3
2024-05-19 22:00,晴,28.7,0,东南风,2,7,960,46,30,18
2024-05-19 23:00,晴,27.6,0,南风,2,6,961,47,30,17
2024-05-20 00:00,晴,27.4,0,南风,2,10,961,47,30,19
2024-05-20 01:00,多云,26.8,0,南风,2,7,961,47,30,41
2024-05-20 02:00,多云,26.5,0,东南风,2,6,961,42,30,32
2024-05-20 03:00,晴,26.1,0,东南风,2,9,961,41,30,12
2024-05-20 04:00,晴,24.8,0,东南风,2,6,961,51,30,25
2024-05-20 05:00,多云,22.4,0,东风,1,5,962,63,26.7,43
2024-05-20 06:00,晴,23,0,东北风,2,8,963,56,30,11
2024-05-20 07:00,晴,22.9,0,北风,2,6,964,59,25.2,16
2024-05-20 08:00,晴,25.7,0,东北风,2,7,965,53,26.1,25
2024-05-20 09:00,晴,27.2,0,东北风,2,7,965,53,29.5,11
2024-05-20 10:00,晴,28.7,0,北风,1,5,965,47,30,4
2024-05-20 11:00,晴,29.6,0,东风,2,9,965,41,27.4,5
2024-05-20 12:00,晴,30.6,0,东风,2,9,965,39,29.5,21
2024-05-20 13:00,多云,31.6,0,东北风,2,9,965,34,30,41
2024-05-20 14:00,多云,31.2,0,东北风,2,11,964,38,30,52
2024-05-20 15:00,多云,31.6,0,东北风,2,9,964,36,30,54
2024-05-20 16:00,多云,31.2,0,东南风,3,14,963,37,30,51
2024-05-20 17:00,多云,30,0,东南风,3,14,963,41,30,69
2024-05-20 18:00,多云,28.3,0,东南风,2,6,964,43,30,84
2024-05-20 19:00,多云,28.3,0,东风,2,8,964,42,30,80
2024-05-20 20:00,晴,28.6,0,东南风,2,9,964,31,30,14
2024-05-20 21:00,晴,27.3,0,东南风,1,4,965,36,30,14
2024-05-20 22:00,晴,27.3,0,东南风,2,12,965,37,30,14
2024-05-20 23:00,晴,26.5,0,东南风,2,6,966,38,30,1
2024-05-21 00:00,晴,25.8,0,南风,2,9,966,40,30,4
2024-05-21 01:00,晴,25.2,0,东南风,2,6,966,44,30,12
2024-05-21 02:00,晴,24.2,0,东北风,2,11,966,51,30,9
2024-05-21 03:00,晴,22.6,0,东风,2,10,965,59,30,1
2024-05-21 04:00,晴,21.8,0,东北风,3,13,966,64,28.6,2
2024-05-21 05:00,晴,20.6,0,东北风,3,13,966,69,23.2,1
2024-05-21 06:00,晴,20.4,0,东北风,3,13,966,73,20.5,0
2024-05-21 07:00,晴,21.5,0,东风,2,8,967,70,18.7,0
2024-05-21 08:00,晴,22.4,0,东风,3,15,968,66,19.3,0
2024-05-21 09:00,晴,24,0,东风,3,17,968,62,20.9,0
2024-05-21 10:00,晴,25.8,0,东风,2,12,968,57,19.9,0
2024-05-21 11:00,晴,25.8,0,东风,2,12,968,57,19.9,0
2024-05-21 12:00,晴,29,0,东风,2,8,967,38,28.4,0
2024-05-21 13:00,晴,30.4,0,东风,2,8,966,37,28.8,0
2024-05-21 14:00,晴,31.4,0,东北风,2,10,965,33,30,0
2024-05-21 15:00,晴,31.8,0,东风,3,12,964,31,30,0
2024-05-21 16:00,晴,32.2,0,东北风,3,12,963,25,30,0
2024-05-21 17:00,晴,32,0,东风,3,14,963,27,30,0
2024-05-21 18:00,晴,31.1,0,东风,3,16,963,28,30,0
2024-05-21 19:00,晴,30.2,0,东风,3,13,963,34,30,0
2024-05-21 20:00,晴,28.8,0,东风,2,8,963,37,30,0
2024-05-21 21:00,晴,27.5,0,东风,2,8,964,40,30,0
2024-05-21 22:00,晴,26.5,0,东风,1,3,964,42,27,0
2024-05-21 23:00,晴,26.8,0,东南风,2,6,965,38,30,0
2024-05-22 00:00,晴,25.9,0,东风,2,6,965,41,30,0
2024-05-22 01:00,晴,24.2,0,东北风,2,8,965,46,30,1
2024-05-22 02:00,晴,23,0,东北风,2,9,965,50,29.9,0
2024-05-22 03:00,晴,22.2,0,东北风,2,9,964,53,30,0
2024-05-22 04:00,晴,20.4,0,东北风,1,5,964,56,27.8,0
2024-05-22 05:00,晴,19.6,0,东北风,1,4,965,56,30,0
2024-05-22 06:00,晴,18.8,0,北风,1,2,965,61,30,0
2024-05-22 07:00,晴,21,0,东北风,1,2,965,57,26.9,0
2024-05-22 08:00,晴,23.3,0,东风,2,10,965,49,23.1,0
2024-05-22 09:00,晴,24.4,0,东风,3,15,965,47,23.1,0
2024-05-22 10:00,晴,26.5,0,东风,2,11,965,43,24,0
2024-05-22 11:00,晴,28.6,0,东风,2,10,965,36,29.3,0
2024-05-22 12:00,晴,29.7,0,东北风,2,8,964,35,25.1,0
2024-05-22 13:00,晴,31.1,0,东风,2,11,963,28,30,0
2024-05-22 14:00,晴,32.1,0,东风,2,10,962,27,30,0
2024-05-22 15:00,晴,32.6,0,东北风,2,9,961,27,30,2
2024-05-22 16:00,晴,32.6,0,东风,2,10,960,27,30,15
2024-05-22 17:00,晴,32.5,0,东风,2,11,960,27,30,5
2024-05-22 18:00,多云,32,0,东风,3,14,959,28,30,42
2024-05-22 19:00,晴,30.9,0,东北风,2,12,959,31,30,2
2024-05-22 20:00,晴,29.6,0,东风,2,10,960,35,30,0
2024-05-22 21:00,阴,27.9,0,东北风,2,7,960,41,30,95
2024-05-22 22:00,阴,26.8,0,东南风,1,5,961,46,27.8,95
2024-05-22 23:00,晴,25.6,0,东北风,1,4,961,49,26.5,0
2024-05-23 00:00,晴,24.2,0,东北风,1,4,961,53,24.4,0
2024-05-23 01:00,晴,23.2,0,北风,1,4,961,55,23.1,0
2024-05-23 02:00,晴,23,0,西北风,1,5,961,49,26.5,1
2024-05-23 03:00,晴,21.8,0,北风,1,5,960,50,29.7,0
2024-05-23 04:00,晴,21.3,0,北风,1,5,960,49,30,1
2024-05-23 05:00,晴,20,0,北风,1,3,961,54,30,0
2024-05-23 06:00,晴,19.4,0,东北风,1,4,961,55,30,0
2024-05-23 07:00,晴,22.4,0,东北风,1,5,961,51,28.6,0
2024-05-23 08:00,晴,24.7,0,东风,2,9,961,41,25.3,2
2024-05-23 09:00,晴,26.7,0,东风,1,5,962,39,30,0
2024-05-23 10:00,晴,28.3,0,东南风,1,5,961,40,30,0
2024-05-23 11:00,晴,29.7,0,西南风,2,6,961,36,27.6,0
2024-05-23 12:00,晴,32.2,0,北风,1,4,960,33,26.2,0
2024-05-23 13:00,晴,32.9,0,东北风,2,9,959,29,30,0
2024-05-23 14:00,晴,34.3,0,东北风,2,8,958,25,30,0
2024-05-23 15:00,晴,34.9,0,东南风,2,8,957,22,30,0
2024-05-23 16:00,晴,35.3,0,东南风,2,7,956,24,30,3
2024-05-23 17:00,晴,35.5,0,东南风,2,8,956,27,30,6
2024-05-23 18:00,晴,34.2,0,东风,3,14,955,26,30,6
2024-05-23 19:00,晴,33,0,东风,3,12,956,28,30,9
2024-05-23 20:00,晴,31.2,0,东风,2,9,956,31,30,0
2024-05-23 21:00,晴,30.3,0,东北风,2,8,957,31,30,0
2024-05-23 22:00,阴,28.7,0,东风,2,7,957,35,30,92
2024-05-23 23:00,晴,28.3,0,东风,2,7,957,34,30,0
2024-05-24 00:00,晴,26.4,0,东北风,1,5,957,42,30,0
2024-05-24 01:00,晴,24.8,0,东北风,1,3,957,49,27.8,1
2024-05-24 02:00,晴,25.2,0,北风,2,8,957,44,23.1,2
2024-05-24 03:00,晴,24.6,0,北风,2,7,957,44,30,1
2024-05-24 04:00,晴,24.6,0,北风,2,7,957,44,30,1
2024-05-24 05:00,晴,22.5,0,东北风,1,4,958,49,30,1
2024-05-24 06:00,晴,22.7,0,东北风,2,7,958,49,30,0
2024-05-24 07:00,晴,24.6,0,东北风,2,9,959,45,30,0
2024-05-24 08:00,晴,26.5,0,东北风,2,11,959,41,30,0
2024-05-24 09:00,晴,28.7,0,东风,2,10,959,40,29.9,0
2024-05-24 10:00,晴,30.7,0.2,东风,2,12,959,38,30,0
2024-05-24 11:00,晴,32.1,0,东北风,2,12,959,37,29.4,0
2024-05-24 12:00,晴,33.8,0,东风,2,10,958,34,30,0
2024-05-24 13:00,晴,34.8,0,东风,2,10,957,32,30,0
2024-05-24 14:00,晴,35.3,0,东北风,3,13,956,30,30,0
2024-05-24 15:00,晴,36.1,0,东风,2,12,955,29,30,0
2024-05-24 16:00,晴,36.6,0,东风,3,13,954,27,30,4
2024-05-24 17:00,晴,36.7,0,东北风,2,10,954,28,30,9
2024-05-24 18:00,晴,36.4,0,东风,2,12,953,26,30,14
2024-05-24 19:00,晴,34.8,0,东南风,2,11,954,29,30,10
2024-05-24 20:00,晴,33.5,0,东南风,3,13,954,31,30,0
2024-05-24 21:00,晴,32.5,0,南风,3,18,956,33,27.1,2
2024-05-24 22:00,晴,31.6,0,东南风,4,20,956,35,19.3,0
2024-05-24 23:00,晴,30.7,0,南风,4,21,957,38,17.1,4
2024-05-25 00:00,晴,30.1,0,南风,4,20,958,41,15.8,8
2024-05-25 01:00,多云,29.7,0,东南风,3,15,958,42,27,61
2024-05-25 02:00,多云,29,0,东南风,2,6,958,44,29.1,81
2024-05-25 03:00,多云,28.8,0,东南风,2,9,958,42,30,38
2024-05-25 04:00,晴,27,0,东北风,2,8,957,50,27,0
2024-05-25 05:00,晴,25.4,0,东北风,2,12,957,58,20.9,17
2024-05-25 06:00,晴,24.6,0,东北风,3,13,957,62,18.6,21
2024-05-25 07:00,多云,25.3,0,东北风,3,18,958,61,16.9,71
2024-05-25 08:00,多云,25.7,0,东北风,2,11,958,60,15.9,55
2024-05-25 09:00,阴,26.1,0,东北风,2,12,958,59,14.5,95
2024-05-25 10:00,小雨,26,0,东北风,3,14,958,59,13,95
2024-05-25 11:00,中雨,25.1,0.3,北风,2,8,960,68,7.2,95
2024-05-25 12:00,中雨,23.3,2,西南风,1,2,961,87,4.7,95
2024-05-25 13:00,中雨,22.4,2.3,西风,2,9,961,91,5.1,95
2024-05-25 14:00,中雨,21.9,3.8,西北风,1,5,961,94,4.2,95
2024-05-25 15:00,中雨,21.6,4.5,西风,1,5,962,96,4.2,95
2024-05-25 16:00,中雨,21.7,2.6,东南风,1,4,961,96,3.5,95
2024-05-25 17:00,中雨,21.7,1.3,东风,2,6,960,97,3.3,95
2024-05-25 18:00,小雨,21.2,1.2,东风,1,5,960,97,4.3,95
2024-05-25 19:00,阴,21.4,0.1,东风,1,3,960,97,4.9,95
2024-05-25 20:00,阴,21.5,0,东北风,1,5,961,97,4.7,84
2024-05-25 21:00,晴,21.4,0,南风,2,6,960,96,4.5,24
2024-05-25 22:00,晴,21.3,0,静风,0,0,960,97,4.1,25
2024-05-25 23:00,多云,21.4,0,东北风,1,5,961,96,4.5,50
2024-05-26 00:00,阴,21.2,0.1,东北风,1,4,962,97,3.3,94
2024-05-26 01:00,多云,21.2,0,南风,1,3,962,98,2.5,52
2024-05-26 02:00,晴,20.9,0,西北风,1,1,962,98,2.1,26
2024-05-26 03:00,中雨,21.1,0,西风,1,3,962,98,2.2,30
2024-05-26 04:00,多云,21,0,西北风,1,5,962,98,3,35
2024-05-26 05:00,多云,20.7,0,西风,2,6,961,98,3.1,42
2024-05-26 06:00,晴,20.8,0,西风,2,6,961,97,4.2,11
2024-05-26 07:00,多云,21.2,0,西南风,1,5,961,97,4.9,51
2024-05-26 08:00,多云,22.3,0,东南风,2,6,961,92,7.5,55
2024-05-26 09:00,多云,22.6,0,西南风,2,6,962,87,12.9,64
2024-05-26 10:00,多云,24.3,0,西风,2,11,962,79,15.3,64
2024-05-26 11:00,晴,25.6,0,西风,2,11,962,72,19.7,7
2024-05-26 12:00,晴,27.1,0,西风,1,5,961,63,23.9,3
2024-05-26 13:00,晴,28.3,0,南风,2,9,961,59,23.7,0
2024-05-26 14:00,晴,29.4,0,南风,2,10,960,52,30,0
2024-05-26 15:00,晴,30.5,0,东南风,2,6,959,43,30,0
2024-05-26 16:00,晴,31,0,东南风,2,8,958,39,30,0
2024-05-26 17:00,晴,31.8,0,东南风,1,4,958,38,30,0
2024-05-26 18:00,晴,30.5,0,东南风,1,5,957,42,30,8
2024-05-26 19:00,晴,29.4,0,东南风,1,3,957,46,30,10
2024-05-26 20:00,晴,27.8,0,东南风,1,5,957,52,30,2
2024-05-26 21:00,晴,26.6,0,东风,1,4,958,55,30,17
2024-05-26 22:00,多云,25.1,0,东北风,1,3,959,63,28.9,37
2024-05-26 23:00,晴,25.4,0,东风,1,4,959,62,30,21
2024-05-27 00:00,多云,24.4,0,静风,0,0,959,71,24.5,33
2024-05-27 01:00,多云,23.7,0,静风,0,1,959,75,22,64
2024-05-27 02:00,多云,22.9,0,东北风,1,1,959,78,19.7,49
2024-05-27 03:00,晴,23,0,东风,2,7,959,78,18.4,2
2024-05-27 04:00,多云,22.4,0,东北风,1,5,959,82,18.5,43
2024-05-27 05:00,多云,22.2,0,东北风,2,10,960,83,16,34
2024-05-27 06:00,晴,22.1,0,东风,3,13,960,75,15.1,16
2024-05-27 07:00,晴,22.5,0,东北风,3,14,961,70,16.3,27
2024-05-27 08:00,多云,23.3,0,东风,3,16,962,65,15.7,50
2024-05-27 09:00,多云,24.1,0,东北风,4,20,963,52,26.5,55
2024-05-27 10:00,多云,24.1,0,东北风,3,14,963,48,30,53
2024-05-27 11:00,多云,24.3,0,东北风,3,14,963,49,30,47
2024-05-27 12:00,晴,26.2,0,东风,3,14,962,50,21.1,20
2024-05-27 13:00,晴,27.9,0,东风,3,12,961,49,20.8,16
2024-05-27 14:00,晴,28.9,0,东北风,3,14,960,47,23.1,17
2024-05-27 15:00,晴,28.7,0,东风,3,15,960,49,22.8,19
2024-05-27 16:00,阴,29.2,0,东风,3,15,959,49,23.6,95
2024-05-27 17:00,多云,28.7,0,东风,3,16,959,47,23.9,51
2024-05-27 18:00,多云,28.2,0,东北风,3,15,958,49,22.2,62
2024-05-27 19:00,晴,27.5,0,东风,3,13,958,52,20,0
2024-05-27 20:00,晴,26.3,0,东风,3,13,959,57,20.3,0
2024-05-27 21:00,晴,25.4,0,东北风,2,8,959,58,20.7,1
2024-05-27 22:00,晴,24.8,0,东风,2,6,960,60,20.3,0
2024-05-27 23:00,晴,24.2,0,东北风,2,6,960,61,20.1,6
2024-05-28 00:00,晴,23.3,0,东北风,2,7,960,66,16.9,14
2024-05-28 01:00,多云,22.7,0,东北风,2,7,960,69,13.7,48
2024-05-28 02:00,多云,22.4,0,东北风,2,6,960,70,13.4,61
2024-05-28 03:00,晴,22.3,0,东风,2,10,960,63,16.9,28
2024-05-28 04:00,晴,21.6,0,东风,2,11,960,66,18.8,24
2024-05-28 05:00,多云,21,0,东北风,2,6,960,68,20.1,41
2024-05-28 06:00,多云,20.7,0,东风,3,13,960,65,19.8,39
2024-05-28 07:00,多云,20.8,0,东风,2,12,961,65,18.8,38
2024-05-28 08:00,多云,21.6,0,东风,3,17,961,60,17.7,61
2024-05-28 09:00,多云,23.4,0,东风,2,12,961,57,22.2,31
2024-05-28 10:00,多云,25.3,0,东风,3,14,961,52,24.3,69
2024-05-28 11:00,多云,26.8,0,东风,3,14,960,50,23.7,59
2024-05-28 12:00,阴,27.2,0,东北风,3,13,959,48,27.7,95
2024-05-28 13:00,阴,29,0,东风,3,16,959,45,26.2,93
2024-05-28 14:00,阴,29.5,0,东南风,3,13,958,41,28.3,95
2024-05-28 15:00,阴,29,0,东南风,2,12,958,33,30,95
2024-05-28 16:00,阴,28.8,0,东南风,3,13,957,34,30,95
2024-05-28 17:00,阴,28.6,0,东南风,3,12,957,32,30,95
2024-05-28 18:00,阴,28.1,0,东南风,3,14,957,30,30,95
2024-05-28 19:00,阴,27.7,0,东南风,2,9,956,30,30,95
2024-05-28 20:00,阴,27.3,0,东南风,2,10,957,32,30,95
2024-05-28 21:00,小雨,27,0,东南风,2,9,958,32,30,95
2024-05-28 22:00,小雨,26.6,0,东南风,2,10,959,35,30,95
2024-05-28 23:00,阴,26,0,东南风,3,14,959,34,30,95
2024-05-29 00:00,阴,26,0,东南风,3,14,959,34,30,95
2024-05-29 01:00,阴,25.4,0,东南风,2,11,959,35,30,95
2024-05-29 02:00,阴,25.6,0,东南风,2,10,958,32,30,95
2024-05-29 03:00,阴,25.3,0,东风,2,11,958,33,30,95
2024-05-29 04:00,阴,25.2,0,东南风,2,10,958,34,30,95
2024-05-29 05:00,阴,24.6,0,东南风,2,7,958,37,30,95
2024-05-29 06:00,小雨,23.7,0,东北风,1,4,958,43,30,95
2024-05-29 07:00,小雨,23.6,0,东北风,1,5,959,46,30,95
2024-05-29 08:00,小雨,22.7,0,东风,2,8,960,50,30,95
2024-05-29 09:00,中雨,21.9,0,南风,2,11,961,54,30,95
2024-05-29 10:00,中雨,20.7,0.2,南风,2,6,962,65,21.7,95
2024-05-29 11:00,中雨,19,0.9,南风,2,6,963,83,17.1,95
2024-05-29 12:00,中雨,18.8,1.1,东南风,1,5,963,89,9.3,95
2024-05-29 13:00,中雨,18.7,0.4,东风,1,4,963,88,13.3,95
2024-05-29 14:00,小雨,18.6,0.8,东北风,2,6,963,91,7.8,95
2024-05-29 15:00,小雨,17.7,0.8,东风,1,5,963,88,13.5,95
2024-05-29 16:00,小雨,18.1,0.5,西南风,1,1,963,83,17.1,95
2024-05-29 17:00,小雨,17.9,0.5,西风,1,3,963,88,18.4,95
2024-05-29 18:00,阴,17.7,0,西南风,1,4,963,89,18.8,95
2024-05-29 19:00,小雨,17.4,0,西南风,1,5,964,91,23.4,95
2024-05-29 20:00,晴,17.6,0,西南风,1,5,964,92,22,12
2024-05-29 21:00,阴,17.8,0,西南风,1,4,964,93,13.1,95
2024-05-29 22:00,阴,17.7,0,西南风,2,8,965,93,9.3,92
2024-05-29 23:00,阴,17.7,0,西南风,2,8,965,94,12.2,95
2024-05-30 00:00,阴,17.5,0,西南风,2,9,964,96,9.2,95
2024-05-30 01:00,阴,17.6,0,西风,2,8,964,96,10.1,95
2024-05-30 02:00,阴,17.7,0,西南风,2,6,964,96,9.4,94
2024-05-30 03:00,阴,17.9,0,西南风,2,7,964,95,12.7,95
2024-05-30 04:00,阴,18,0,西南风,2,9,963,90,22.9,95
2024-05-30 05:00,阴,17.9,0,西南风,2,7,963,87,30,95
2024-05-30 06:00,阴,17.8,0,西南风,2,8,963,87,30,95
2024-05-30 07:00,阴,18.4,0,西南风,2,6,964,83,30,95
2024-05-30 08:00,多云,19.8,0,西南风,2,11,964,78,30,57
2024-05-30 09:00,多云,21.3,0,西南风,2,7,965,75,30,74
2024-05-30 10:00,多云,23.3,0.1,西南风,2,10,965,66,28.5,35
2024-05-30 11:00,晴,25,0,西风,2,12,964,58,30,2
2024-05-30 12:00,晴,26.4,0,西南风,3,13,964,50,30,4
2024-05-30 13:00,晴,28.3,0,西南风,2,12,963,47,30,0
2024-05-30 14:00,晴,29.8,0,南风,2,12,962,31,30,0
2024-05-30 15:00,晴,30.8,0,西南风,2,11,961,31,28.1,0
2024-05-30 16:00,晴,31.5,0,南风,2,8,961,31,30,0
2024-05-30 17:00,晴,31.6,0,西南风,2,11,960,28,30,0
2024-05-30 18:00,晴,31.1,0,西南风,2,10,960,29,28.8,4
2024-05-30 19:00,晴,30.1,0,西南风,2,7,960,30,28,0
2024-05-30 20:00,晴,27.7,0,西南风,1,5,961,32,29.5,25
2024-05-30 21:00,晴,26.9,0,西南风,1,5,961,33,30,9
2024-05-30 22:00,多云,26.3,0,西南风,1,3,962,35,27.6,83
2024-05-30 23:00,多云,24.5,0,西风,1,4,962,43,29.5,82
2024-05-31 00:00,多云,24.6,0,西风,1,5,962,41,30,81
2024-05-31 01:00,阴,24.7,0,西风,1,5,962,40,30,95
2024-05-31 02:00,阴,24.2,0,西南风,1,5,962,44,30,91
2024-05-31 03:00,多云,22.5,0,西北风,1,1,962,53,30,70
2024-05-31 04:00,多云,22.9,0,西风,1,5,962,50,27.3,66
2024-05-31 05:00,多云,23.3,0,西南风,2,8,963,47,29,84
2024-05-31 06:00,多云,22.5,0,西南风,2,6,963,49,30,42
2024-05-31 07:00,晴,22.7,0,西南风,2,6,964,48,28.5,25
2024-05-31 08:00,晴,24.1,0,西南风,2,6,964,49,26.9,15
2024-05-31 09:00,多云,25.9,0,西南风,2,6,964,42,27.5,83
2024-05-31 10:00,阴,26.8,0,西南风,2,6,964,37,30,90
2024-05-31 11:00,多云,28.6,0,西南风,1,4,964,34,26,63
2024-05-31 12:00,多云,29.1,0,南风,1,4,964,34,26.8,77
2024-05-31 13:00,阴,31,0,南风,1,4,964,30,25.6,95
2024-05-31 14:00,阴,31.7,0,东北风,1,5,963,30,27.1,92
2024-05-31 15:00,阴,31.3,0,东北风,2,11,963,28,24.5,95
2024-05-31 16:00,阴,30.8,0,东北风,1,5,963,29,27.4,95
2024-05-31 17:00,阴,29.6,0,静风,0,1,963,45,24.9,95
2024-05-31 18:00,晴,30.2,0,东南风,1,4,963,41,25.5,8
2024-05-31 19:00,阴,29.3,0,南风,1,4,963,37,24.3,95
2024-05-31 20:00,阴,27,0,静风,0,0,964,43,23.9,95
2024-05-31 21:00,多云,28,0,西南风,2,6,964,45,21.5,83
2024-05-31 22:00,晴,27.3,0,西风,2,6,965,48,20.2,0
2024-05-31 23:00,多云,26.9,0,西风,2,6,965,49,20.8,86
2024-06-01 00:00,多云,24.7,0,南风,1,3,966,82,17,39
2024-06-01 01:00,阴,25.1,0,北风,0,0,966,81,21,20
2024-06-01 02:00,多云,24.2,0,西南风,1,1,966,95,21,0
2024-06-01 03:00,多云,23.7,0,北风,2,11,966,94,23,31
2024-06-01 04:00,阴,23.4,0,北风,2,11,966,92,24,63
2024-06-01 05:00,多云,23,0,北风,0,0,966,99,26,94
2024-06-01 06:00,阴,23.8,0,西南风,1,1,966,93,22,91
2024-06-01 07:00,阴,24.6,0,东南风,1,1,967,79,19,88
2024-06-01 08:00,阴,24.6,0,南风,1,3,968,74,19,85
2024-06-01 09:00,阴,25,0,西北风,1,2,968,65,18,79
2024-06-01 10:00,阴,26.2,0,东北风,1,5,968,54,22,72
2024-06-01 11:00,阴,27,0,西北风,1,3,968,52,22,66
2024-06-01 12:00,阴,27.7,0,西风,1,4,968,53,26,44
2024-06-01 13:00,阴,27.2,0,北风,1,5,968,52,23,22
2024-06-01 14:00,阴,26.4,0,东北风,1,5,967,52,16,0
2024-06-01 15:00,阴,26.1,0,东南风,1,3,967,56,16,29
2024-06-01 16:00,阴,24.9,0,西风,1,4,967,66,14,57
2024-06-01 17:00,阴,22.6,0.6,东南风,1,5,969,86,10,86
2024-06-01 18:00,小雨,20,3.3,东风,1,5,969,100,10,57
2024-06-01 19:00,阴,19.3,1.6,南风,1,4,970,100,8,29
2024-06-01 20:00,阴,19.2,0.9,西南风,1,2,970,100,7,0
2024-06-01 21:00,阴,19,0.5,北风,1,2,971,100,6,26
2024-06-01 22:00,小雨,19.2,0.2,北风,0,0,970,100,3,53
2024-06-01 23:00,小雨,19,0.2,东北风,1,3,971,100,3,79
2024-06-02 00:00,多云,19.1,0,北风,2,6,970,100,2,53
2024-06-02 01:00,阴,18.8,0,西北风,1,2,969,100,2,26
2024-06-02 02:00,阴,18.6,0,西南风,1,1,969,100,2,0
2024-06-02 03:00,阴,18.7,0,东风,1,3,969,100,2,32
2024-06-02 04:00,小雨,18.4,0.5,东北风,1,1,969,100,2,63
2024-06-02 05:00,多云,18.2,0.3,南风,1,1,969,100,2,95
2024-06-02 06:00,多云,18.2,0,西南风,1,3,968,100,2,63
2024-06-02 07:00,多云,18.6,0,西南风,1,2,969,100,3,32
2024-06-02 08:00,多云,18.6,0,东南风,1,2,969,100,2,0
2024-06-02 09:00,多云,18.7,0,西北风,1,5,969,100,3,30
2024-06-02 10:00,阴,19.3,0,北风,1,4,969,100,5,60
2024-06-02 11:00,阴,19.5,0,南风,1,2,969,100,7,90
2024-06-02 12:00,阴,19.9,0,西北风,1,4,968,100,7,91
2024-06-02 13:00,多云,20,0,西北风,1,3,968,100,6,92
2024-06-02 14:00,多云,20.1,0,西南风,1,2,968,100,6,93
2024-06-02 15:00,多云,20,0,西风,1,3,968,100,7,93
2024-06-02 16:00,多云,19.9,0,西北风,1,2,968,100,6,92
2024-06-02 17:00,阴,20.4,0,西风,1,1,967,99,7,92
2024-06-02 18:00,多云,20.7,0,北风,1,3,967,92,7,61
2024-06-02 19:00,阴,20.5,0,西风,1,2,967,99,7,31
2024-06-02 20:00,多云,20.1,0,北风,0,0,968,100,8,0
2024-06-02 21:00,阴,19.8,0,北风,1,3,968,100,7,21
2024-06-02 22:00,多云,19.5,0,东南风,1,2,968,100,6,42
2024-06-02 23:00,多云,19.1,0,南风,1,2,968,100,6,63
2024-06-03 00:00,多云,19,0,西风,1,1,968,100,3,42
2024-06-03 01:00,多云,19.1,0,西北风,1,1,968,100,3,21
2024-06-03 02:00,多云,19.3,0,西北风,1,2,968,100,3,0
2024-06-03 03:00,多云,19.1,0,西北风,1,3,967,100,2,23
2024-06-03 04:00,多云,19.3,0,西北风,1,2,967,100,2,47
2024-06-03 05:00,多云,19.1,0,西北风,1,4,967,100,2,70
2024-06-03 06:00,多云,19,0,西北风,1,4,967,100,1,47
2024-06-03 07:00,多云,19.3,0,西北风,1,3,967,100,1,23
2024-06-03 08:00,多云,20.3,0,南风,1,4,968,100,1,0
2024-06-03 09:00,多云,21.1,0,西风,1,2,967,100,3,24
2024-06-03 10:00,多云,22.7,0,南风,1,1,967,91,5,49
2024-06-03 11:00,阴,23.2,0,东北风,1,3,967,86,5,73
2024-06-03 12:00,阴,24.4,0,东南风,1,5,966,75,7,79
2024-06-03 13:00,阴,25.5,0,南风,1,4,966,73,8,85
2024-06-03 14:00,多云,26,0,西风,1,2,965,72,8,91
2024-06-03 15:00,多云,27.1,0,西风,1,5,964,66,9,91
2024-06-03 16:00,多云,27,0,南风,2,6,964,64,11,92
2024-06-03 17:00,阴,27,0,北风,1,2,963,65,10,92
2024-06-03 18:00,阴,26.6,0,北风,0,0,964,62,8,61
2024-06-03 19:00,阴,25.4,0,西北风,1,3,964,75,9,31
2024-06-03 20:00,阴,24.2,0,北风,0,0,964,83,9,0
2024-06-03 21:00,阴,23.8,0,北风,0,0,965,84,5,26
2024-06-03 22:00,阴,23.4,0,西北风,2,6,965,88,6,53
2024-06-03 23:00,多云,22.6,0,北风,1,1,966,99,6,79
2024-06-04 00:00,阴,22,0,东北风,1,2,966,100,5,53
2024-06-04 01:00,阴,21.4,0,南风,1,1,966,100,5,26
2024-06-04 02:00,阴,21.9,0,西南风,1,2,966,100,5,0
2024-06-04 03:00,阴,21.2,0,南风,1,2,966,100,5,31
2024-06-04 04:00,阴,20.7,0,北风,0,0,966,100,7,61
2024-06-04 05:00,阴,20.3,0,北风,0,0,966,100,7,92
2024-06-04 06:00,阴,20.1,0,西南风,1,3,967,100,7,91
2024-06-04 07:00,阴,20.5,0,南风,1,3,967,95,5,89
2024-06-04 08:00,阴,20.7,0,东风,1,1,967,88,6,88
2024-06-04 09:00,阴,21.1,0,西风,1,2,967,83,6,89
2024-06-04 10:00,阴,21.5,0,东南风,2,6,967,77,22,91
2024-06-04 11:00,阴,21.9,0,南风,1,4,967,70,16,92
2024-06-04 12:00,阴,22.2,0,西风,1,3,967,69,23,61
2024-06-04 13:00,多云,23,0,东北风,1,3,967,66,23,31
2024-06-04 14:00,多云,24.3,0,南风,1,5,966,66,31,0
2024-06-04 15:00,多云,25,0,东北风,1,4,966,62,31,14
2024-06-04 16:00,多云,25.3,0,西风,1,5,966,62,31,28
2024-06-04 17:00,多云,24,0,西南风,1,5,966,63,28,42
2024-06-04 18:00,阴,23.5,0,南风,1,4,966,64,22,32
2024-06-04 19:00,多云,22.6,0,东北风,2,7,966,66,22,22
2024-06-04 20:00,多云,21.6,0,北风,1,3,967,71,27,12
2024-06-04 21:00,多云,21.1,0,西南风,1,5,967,72,27,9
2024-06-04 22:00,晴,20.1,0,东北风,1,1,967,77,29,5
2024-06-04 23:00,晴,19.2,0,东风,1,2,967,86,30,2
2024-06-05 00:00,晴,18.6,0,北风,1,1,967,92,30,1
2024-06-05 01:00,晴,18.6,0,南风,1,4,967,100,18,1
2024-06-05 02:00,晴,17.6,0,北风,2,11,967,100,16,0
2024-06-05 03:00,晴,17.6,0,西北风,1,1,966,100,18,0
2024-06-05 04:00,晴,17.2,0,西南风,1,1,966,100,16,0
2024-06-05 05:00,晴,16.5,0,西南风,1,2,966,100,11,0
2024-06-05 06:00,晴,16.5,0,北风,2,11,966,100,11,0
2024-06-05 07:00,晴,17.7,0,北风,0,0,966,100,7,0
2024-06-05 08:00,晴,19.9,0,北风,1,5,966,93,12,0
2024-06-05 09:00,晴,21.9,0,西南风,1,3,967,82,16,0
2024-06-05 10:00,晴,23.5,0,东南风,1,5,966,73,16,0
2024-06-05 11:00,晴,24.8,0,东北风,1,5,966,69,20,0
2024-06-05 12:00,晴,26.2,0,东南风,1,4,966,63,20,0
2024-06-05 13:00,晴,28.1,0,南风,1,5,965,58,21,0
2024-06-05 14:00,晴,29,0,西南风,1,4,964,55,21,0
2024-06-05 15:00,晴,29.1,0,北风,2,10,963,55,23,0
2024-06-05 16:00,晴,30.3,0,西北风,1,3,962,52,28,0
2024-06-05 17:00,晴,29.4,0,北风,2,11,962,56,30,0
2024-06-05 18:00,晴,30.1,0,东南风,1,5,962,52,30,1
2024-06-05 19:00,晴,29.3,0,西南风,1,2,962,55,23,3
2024-06-05 20:00,晴,26.8,0,西南风,1,3,963,62,23,4
2024-06-05 21:00,晴,25.1,0,西北风,1,1,964,70,23,25
2024-06-05 22:00,晴,23.9,0,西南风,1,1,964,77,21,46
2024-06-05 23:00,多云,23,0,西南风,1,1,965,81,21,67
2024-06-06 00:00,多云,22.4,0,西南风,1,1,965,84,27,72
2024-06-06 01:00,晴,21.6,0,东北风,1,3,965,90,32,77
2024-06-06 02:00,晴,21.9,0,东北风,1,1,964,87,32,82
2024-06-06 03:00,阴,21.7,0,西北风,1,2,964,85,19,66
2024-06-06 04:00,晴,20.7,0,南风,1,2,965,92,18,49
2024-06-06 05:00,多云,20.7,0,西风,1,1,964,89,16,33
2024-06-06 06:00,多云,20.7,0,南风,1,2,964,87,16,50
2024-06-06 07:00,多云,21.2,0,西风,1,3,964,84,17,68
2024-06-06 08:00,多云,21.7,0,东北风,1,5,964,82,16,85
2024-06-06 09:00,阴,22.4,0,东风,2,6,965,76,17,83
2024-06-06 10:00,阴,22.9,0,北风,1,3,965,75,15,82
2024-06-06 11:00,阴,24.5,0,东风,1,2,965,69,17,80
2024-06-06 12:00,阴,25.2,0,北风,2,10,965,69,17,53
2024-06-06 13:00,阴,25.4,0,东风,1,4,965,66,17,27
2024-06-06 14:00,阴,25.4,0,南风,1,2,963,68,16,0
2024-06-06 15:00,阴,25.5,0,北风,1,3,963,66,11,28
2024-06-06 16:00,阴,24.3,0,西南风,1,2,963,84,9,56
2024-06-06 17:00,阴,24.5,0,西北风,1,2,963,83,11,84
2024-06-06 18:00,阴,24.2,0,北风,0,0,963,92,10,56
2024-06-06 19:00,阴,23.9,0,西风,1,3,963,90,10,28
2024-06-06 20:00,阴,23.1,0,北风,0,0,964,93,9,0
2024-06-06 21:00,多云,23,0,南风,1,2,964,92,7,4
2024-06-06 22:00,多云,22.3,0,南风,1,4,965,95,9,7
2024-06-06 23:00,多云,22.1,0,西南风,2,8,965,96,9,11
2024-06-07 00:00,多云,21.9,0,南风,2,6,964,96,8,7
2024-06-07 01:00,多云,21.9,0,西南风,1,4,964,92,7,4
2024-06-07 02:00,阴,21.9,0,南风,1,3,964,92,7,0
2024-06-07 03:00,多云,21.5,0,南风,1,5,964,95,7,26
2024-06-07 04:00,多云,21.2,0,西南风,1,5,964,95,5,51
2024-06-07 05:00,多云,20.9,0,南风,1,5,964,97,5,77
2024-06-07 06:00,阴,20.7,0,南风,1,2,964,100,5,61
2024-06-07 07:00,多云,21.2,0,南风,1,5,964,95,9,46
2024-06-07 08:00,多云,23.4,0,北风,1,2,965,85,12,30
2024-06-07 09:00,多云,24.9,0,西北风,1,4,965,70,17,21
2024-06-07 10:00,多云,25.4,0,南风,2,7,965,68,19,12
2024-06-07 11:00,多云,26.7,0,西北风,2,7,965,68,20,3
2024-06-07 12:00,多云,28,0,南风,2,7,964,63,20,2
2024-06-07 13:00,多云,27.8,0,南风,2,6,964,61,24,1
2024-06-07 14:00,多云,28,0,西南风,1,5,964,63,24,0
2024-06-07 15:00,多云,29.7,0,南风,2,9,963,55,31,12
2024-06-07 16:00,晴,30.7,0,东风,1,5,962,52,32,24
2024-06-07 17:00,晴,29.5,0,西南风,2,6,961,53,29,36
2024-06-07 18:00,晴,30,0,南风,1,3,961,52,24,24
2024-06-07 19:00,晴,29.3,0,西风,1,1,961,54,24,12
2024-06-07 20:00,晴,27.1,0,西南风,1,5,961,59,30,0
2024-06-07 21:00,晴,24.1,0,北风,2,11,962,76,29,3
2024-06-07 22:00,晴,22.6,0,南风,1,2,962,84,28,7
2024-06-07 23:00,晴,23.1,0,西南风,1,3,962,80,27,10
2024-06-08 00:00,多云,24.4,0,西南风,1,2,962,71,29,7
2024-06-08 01:00,多云,23,0,东北风,1,1,963,81,29,3
2024-06-08 02:00,阴,21.4,0,北风,0,0,962,89,29,0
2024-06-08 03:00,多云,20.9,0,北风,2,11,962,98,29,33
2024-06-08 04:00,阴,20.7,0,北风,0,0,963,100,27,65
2024-06-08 05:00,阴,20.9,0,南风,1,2,963,100,28,98
2024-06-08 06:00,阴,20.9,0,北风,2,11,963,100,19,65
2024-06-08 07:00,阴,21.4,0,北风,2,11,964,99,19,33
2024-06-08 08:00,阴,23.1,0,西北风,1,2,965,80,19,0
2024-06-08 09:00,阴,23.6,0,南风,1,1,965,70,13,28
2024-06-08 10:00,阴,24.2,0,北风,1,1,965,77,19,57
2024-06-08 11:00,阴,25.3,0,北风,1,3,965,71,24,85
2024-06-08 12:00,阴,25.2,0,东风,1,2,965,77,22,79
2024-06-08 13:00,阴,25.3,0,南风,1,5,965,75,22,72
2024-06-08 14:00,阴,24.8,0,南风,2,6,965,79,22,66
2024-06-08 15:00,阴,24.6,0,东南风,1,3,965,77,20,68
2024-06-08 16:00,阴,25,0,西北风,1,3,964,73,21,71
2024-06-08 17:00,多云,25.8,0,南风,1,5,963,69,25,73
2024-06-08 18:00,多云,26.3,0,西南风,1,1,963,67,25,49
2024-06-08 19:00,阴,24.9,0,东北风,1,1,963,78,28,24
2024-06-08 20:00,晴,21.5,0,北风,2,11,963,98,31,0
2024-06-08 21:00,晴,20.2,0,北风,2,11,963,100,27,0
2024-06-08 22:00,晴,20.3,0,东北风,1,1,963,100,26,0
2024-06-08 23:00,晴,19.8,0,东南风,1,2,964,100,22,0
2024-06-09 00:00,晴,20,0,东南风,1,2,964,100,14,0
2024-06-09 01:00,晴,19.9,0,北风,2,11,963,100,17,0
2024-06-09 02:00,晴,18.7,0,北风,0,0,963,100,22,0
2024-06-09 03:00,晴,17.8,0,北风,2,11,963,100,22,13
2024-06-09 04:00,多云,17.5,0,东风,1,1,963,100,9,25
2024-06-09 05:00,多云,17.5,0,东南风,1,2,963,100,8,38
2024-06-09 06:00,多云,18.2,0,南风,1,5,964,100,17,25
2024-06-09 07:00,多云,21.1,0,西南风,1,5,964,83,17,13
2024-06-09 08:00,阴,22.2,0,北风,1,2,965,76,19,0
2024-06-09 09:00,阴,22.7,0,西北风,1,5,965,73,23,32
2024-06-09 10:00,阴,24.1,0,北风,1,5,965,67,21,63
2024-06-09 11:00,阴,25.5,0,西北风,2,6,965,60,24,95
2024-06-09 12:00,多云,27.1,0,北风,1,4,964,60,27,94
2024-06-09 13:00,阴,27.3,0,北风,2,6,964,55,27,94
2024-06-09 14:00,阴,28,0,北风,1,3,963,54,27,93
2024-06-09 15:00,阴,28.5,0,西北风,1,4,963,54,28,88
2024-06-09 16:00,阴,29,0,南风,2,7,962,51,21,83
2024-06-09 17:00,阴,28.8,0,西南风,1,3,961,48,23,78
2024-06-09 18:00,晴,29.7,0,东南风,1,3,961,46,27,52
2024-06-09 19:00,晴,27.5,0,南风,1,1,961,53,27,26
2024-06-09 20:00,晴,23.8,0,北风,2,11,961,67,27,0
2024-06-09 21:00,晴,21.8,0,北风,2,11,961,77,23,0
2024-06-09 22:00,晴,21,0,北风,0,0,961,85,26,0
2024-06-09 23:00,晴,20.7,0,南风,1,1,962,86,25,0
2024-06-10 00:00,晴,20.1,0,北风,2,11,961,96,23,0
2024-06-10 01:00,晴,19.8,0,北风,0,0,961,100,23,0
2024-06-10 02:00,晴,19.8,0,西南风,1,1,961,100,23,0
2024-06-10 03:00,晴,19.4,0,北风,2,11,961,100,22,20
2024-06-10 04:00,多云,18.8,0,北风,0,0,961,100,20,40
2024-06-10 05:00,多云,19,0,南风,1,1,961,100,18,60
2024-06-10 06:00,多云,19.6,0,北风,0,0,962,100,18,40
2024-06-10 07:00,多云,21,0,北风,2,11,962,100,16,20
2024-06-10 08:00,阴,24.6,0,东北风,1,1,962,75,12,0
2024-06-10 09:00,阴,26.4,0,西南风,1,2,962,69,19,30
2024-06-10 10:00,阴,28.3,0,西南风,1,4,961,62,21,61
2024-06-10 11:00,多云,29.2,0,西风,1,3,961,58,23,91
2024-06-10 12:00,多云,30.6,0,东风,1,5,960,52,23,92
2024-06-10 13:00,多云,31.7,0,西风,1,4,959,48,28,93
2024-06-10 14:00,阴,31.8,0,西南风,1,2,959,48,28,94
2024-06-10 15:00,阴,32.1,0,北风,1,2,958,47,30,88
2024-06-10 16:00,阴,32.3,0,西北风,1,2,958,49,30,82
2024-06-10 17:00,阴,32.2,0,北风,1,5,958,46,30,76
2024-06-10 18:00,阴,31.7,0,西风,1,3,958,48,29,51
2024-06-10 19:00,阴,29.1,0,北风,2,11,958,71,27,25
2024-06-10 20:00,多云,26.3,0,北风,2,11,958,71,29,0
2024-06-10 21:00,晴,24.4,0,北风,2,11,959,81,27,7
2024-06-10 22:00,多云,23.8,0,北风,1,2,959,86,25,15
2024-06-10 23:00,多云,23.8,0,北风,2,11,960,87,30,22
2024-06-11 00:00,多云,23.1,0,北风,0,0,960,90,30,15
2024-06-11 01:00,晴,22.5,0,南风,1,1,959,94,29,7
2024-06-11 02:00,多云,21.8,0,北风,2,11,959,100,29,0
2024-06-11 03:00,晴,21.7,0,北风,0,0,959,100,26,24
2024-06-11 04:00,多云,21,0,南风,1,1,960,100,19,47
2024-06-11 05:00,多云,21.7,0,东风,1,1,960,100,23,71
2024-06-11 06:00,多云,21.4,0,西北风,1,1,960,100,21,73
2024-06-11 07:00,多云,23.3,0,东南风,1,3,960,93,21,75
2024-06-11 08:00,晴,27.6,0,北风,1,2,960,69,16,77
2024-06-11 09:00,晴,28.9,0,北风,1,4,960,62,24,52
2024-06-11 10:00,多云,30.3,0,南风,1,4,960,58,23,28
2024-06-11 11:00,多云,31.2,0,西北风,1,5,959,55,27,3
2024-06-11 12:00,多云,32.4,0,东北风,1,4,959,52,29,2
2024-06-11 13:00,多云,33.8,0,西风,1,5,958,45,29,1
2024-06-11 14:00,多云,35.1,0,东南风,2,7,957,42,30,0
2024-06-11 15:00,多云,36.2,0,西北风,1,4,957,39,30,0
2024-06-11 16:00,晴,36.5,0,南风,1,5,956,37,29,0
2024-06-11 17:00,晴,34.9,0,南风,1,4,955,38,29,0
2024-06-11 18:00,晴,35.6,0,东北风,1,2,955,44,29,0
2024-06-11 19:00,晴,30.7,0,西北风,1,2,956,60,29,0
2024-06-11 20:00,晴,31.3,0,南风,1,4,956,47,24,0
2024-06-11 21:00,多云,28,0,北风,2,11,956,60,27,0
2024-06-11 22:00,晴,25.7,0,北风,2,11,956,68,23,0
2024-06-11 23:00,晴,25.1,0,北风,0,0,957,66,21,0
2024-06-12 00:00,晴,23.8,0,北风,2,11,957,77,26,0
2024-06-12 01:00,晴,23.6,0,西南风,1,1,957,75,26,0
2024-06-12 02:00,晴,23.2,0,北风,2,11,957,74,26,0
2024-06-12 03:00,晴,22.7,0,北风,0,0,956,76,25,0
2024-06-12 04:00,晴,22.2,0,南风,1,2,957,82,25,0
2024-06-12 05:00,阴,21.7,0,北风,0,0,957,84,24,0
2024-06-12 06:00,晴,21.5,0,北风,0,0,958,86,22,2
2024-06-12 07:00,晴,22.7,0,北风,1,1,958,85,18,3
2024-06-12 08:00,晴,27.9,0,西北风,1,3,958,54,18,5
2024-06-12 09:00,晴,30.4,0,北风,1,3,958,50,25,5
2024-06-12 10:00,晴,31.5,0,北风,1,3,958,47,28,5
2024-06-12 11:00,晴,32.6,0,南风,1,5,957,45,27,5
2024-06-12 12:00,多云,34.4,0,西北风,1,5,956,40,29,3
2024-06-12 13:00,晴,36,0,南风,2,6,955,38,29,2
2024-06-12 14:00,多云,37.5,0,东北风,1,3,955,34,29,0
2024-06-12 15:00,多云,38.7,0,南风,1,3,954,31,30,31
2024-06-12 16:00,多云,38.3,0,东南风,1,4,953,29,29,62
2024-06-12 17:00,多云,36.7,0,西南风,1,2,953,33,29,93
2024-06-12 18:00,阴,33.2,0,北风,0,0,952,47,21,62
2024-06-12 19:00,阴,31.4,0,北风,2,11,952,56,21,31
2024-06-12 20:00,阴,29.3,0,北风,2,11,953,61,17,0
2024-06-12 21:00,阴,27.8,0,西风,1,1,953,64,12,30
2024-06-12 22:00,阴,27.2,0,东南风,1,1,954,64,24,59
2024-06-12 23:00,阴,27.1,0,北风,0,0,954,67,7,89
2024-06-13 00:00,多云,26.3,0,北风,0,0,954,69,12,59
2024-06-13 01:00,阴,25.7,0,北风,2,11,954,78,11,30
2024-06-13 02:00,阴,25.5,0,北风,2,11,954,78,11,0
2024-06-13 03:00,阴,25.3,0,北风,0,0,954,80,15,24
2024-06-13 04:00,多云,25.1,0,北风,0,0,954,77,22,48
2024-06-13 05:00,多云,24.4,0,北风,0,0,954,86,24,72
2024-06-13 06:00,阴,24.7,0,北风,2,11,955,82,24,67
2024-06-13 07:00,多云,27.6,0,西北风,2,6,955,66,19,63
2024-06-13 08:00,阴,30.7,0,北风,1,2,955,59,21,58
2024-06-13 09:00,多云,32.2,0,西风,1,3,955,55,22,61
2024-06-13 10:00,多云,34.1,0,西南风,1,5,955,50,24,63
2024-06-13 11:00,多云,35.6,0,西北风,1,5,954,45,24,66
2024-06-13 12:00,晴,36.9,0,北风,1,5,954,39,27,44
2024-06-13 13:00,多云,38.3,0,西北风,2,8,953,36,29,22
2024-06-13 14:00,多云,40.2,0,南风,2,6,952,31,29,0
2024-06-13 15:00,阴,40.4,0,西北风,1,2,951,29,26,33
2024-06-13 16:00,多云,39.9,0,东南风,1,3,951,33,27,65
2024-06-13 17:00,多云,36.6,0,南风,3,12,952,36,16,98
2024-06-13 18:00,阴,35.5,0,南风,2,11,952,37,28,95
2024-06-13 19:00,阴,34.8,0,西风,1,4,953,37,28,91
2024-06-13 20:00,阴,33.4,0,西北风,2,10,955,42,29,88
2024-06-13 21:00,多云,31.5,0,北风,1,5,955,45,29,83
2024-06-13 22:00,多云,31.3,0,南风,2,7,956,45,30,78
2024-06-13 23:00,多云,31.1,0,东风,1,2,956,46,29,73
2024-06-14 00:00,多云,30.1,0,南风,1,4,956,48,29,70
2024-06-14 01:00,多云,29.3,0,北风,2,11,956,54,30,67
2024-06-14 02:00,多云,28.4,0,南风,1,2,956,54,30,64
2024-06-14 03:00,多云,28.6,0,西北风,1,2,956,52,30,55
2024-06-14 04:00,多云,28.5,0,北风,1,1,956,53,31,46
2024-06-14 05:00,多云,27.4,0,东南风,1,1,956,55,31,37
2024-06-14 06:00,晴,26.7,0,南风,1,4,957,58,30,38
2024-06-14 07:00,多云,27.5,0,东北风,1,4,957,55,30,39
2024-06-14 08:00,多云,27.7,0,南风,1,5,957,57,30,40
2024-06-14 09:00,多云,30,0,南风,2,8,957,54,27,35
2024-06-14 10:00,阴,31.5,0,西北风,2,6,957,50,27,31
2024-06-14 11:00,晴,32.7,0,南风,2,8,957,47,27,26
2024-06-14 12:00,多云,34.9,0,南风,1,3,956,43,30,17
2024-06-14 13:00,晴,36.5,0,西南风,1,3,955,39,30,9
2024-06-14 14:00,多云,37.7,0,西北风,2,6,954,36,29,0
2024-06-14 15:00,晴,38.1,0,西风,2,8,954,34,29,1
2024-06-14 16:00,晴,38.7,0,南风,1,5,954,33,29,2
2024-06-14 17:00,晴,35.9,0,东南风,1,3,954,35,23,3
2024-06-14 18:00,阴,35,0,西北风,1,3,954,38,24,2
2024-06-14 19:00,多云,34.3,0,东南风,1,3,955,39,24,1
2024-06-14 20:00,晴,31.4,0,西南风,1,2,955,45,20,0
2024-06-14 21:00,阴,28.8,0,南风,1,4,956,56,21,1
2024-06-14 22:00,晴,28.5,0,北风,2,11,957,56,21,1
2024-06-14 23:00,晴,26.8,0,北风,0,0,957,64,23,2
2024-06-15 00:00,晴,25.9,0,东北风,1,2,957,68,24,1
2024-06-15 01:00,晴,25.8,0,西南风,1,1,957,64,25,1
2024-06-15 02:00,晴,25.6,0,北风,2,11,957,66,25,0
2024-06-15 03:00,晴,25,0,南风,1,2,957,67,20,0
2024-06-15 04:00,晴,25.5,0,西南风,1,2,957,64,28,0
2024-06-15 05:00,晴,24.1,0,北风,2,11,958,72,26,0
2024-06-15 06:00,晴,23.6,0,西风,1,2,958,76,21,1
2024-06-15 07:00,晴,26,0,北风,0,0,959,68,21,2
2024-06-15 08:00,晴,28.6,0,南风,1,3,959,56,16,3
2024-06-15 09:00,晴,30.2,0,西北风,1,2,959,51,19,22
2024-06-15 10:00,晴,31.8,0,西南风,1,3,959,50,20,42
2024-06-15 11:00,晴,32.7,0,南风,1,4,959,47,21,61
2024-06-15 12:00,多云,33.9,0,东风,2,6,958,44,20,41
2024-06-15 13:00,多云,35.4,0,西南风,1,4,957,43,21,20
2024-06-15 14:00,多云,36.3,0,东北风,1,3,956,43,22,0
2024-06-15 15:00,多云,36.6,0,南风,1,5,955,43,22,31
2024-06-15 16:00,多云,36.9,0,东南风,1,3,954,41,22,61
2024-06-15 17:00,阴,36.3,0,南风,2,6,954,41,22,92
2024-06-15 18:00,阴,35.9,0,北风,1,2,954,43,23,61
2024-06-15 19:00,阴,33.8,0,西风,1,1,955,56,22,31
2024-06-15 20:00,阴,32.5,0,西风,1,1,955,54,23,0
2024-06-15 21:00,阴,30.8,0,西风,1,1,956,61,21,28
2024-06-15 22:00,阴,30.3,0,北风,2,11,957,62,16,55
2024-06-15 23:00,阴,30.2,0,东风,1,1,957,62,20,83
2024-06-16 00:00,阴,30.5,0,南风,1,2,957,59,27,55
2024-06-16 01:00,阴,30.3,0,北风,0,0,957,59,29,28
2024-06-16 02:00,阴,30.9,0,西风,1,1,957,57,29,0
2024-06-16 03:00,阴,29.1,0,南风,1,1,956,66,27,30
2024-06-16 04:00,阴,28.5,0,北风,2,11,957,67,25,59
2024-06-16 05:00,阴,29.1,0,西南风,1,1,958,64,25,89
2024-06-16 06:00,雨,25.9,0,东北风,1,4,959,94,18,59
2024-06-16 07:00,阴,24.9,1.1,西北风,1,3,960,93,14,30
2024-06-16 08:00,阴,24.9,0,西风,1,1,962,100,12,0
2024-06-16 09:00,阴,24.8,0,西北风,2,6,962,99,10,31
2024-06-16 10:00,阴,24.6,0.2,南风,2,7,963,100,15,62
2024-06-16 11:00,小雨,23.6,0.6,南风,2,6,964,100,14,93
2024-06-16 12:00,阴,23.5,1.6,南风,2,8,964,100,7,93
2024-06-16 13:00,小雨,22.5,2.2,南风,2,8,964,100,8,93
2024-06-16 14:00,小雨,22.5,2.2,南风,1,5,964,100,7,93
2024-06-16 15:00,阴,22.7,2.2,南风,1,4,963,100,7,92
2024-06-16 16:00,阴,23.2,0.9,南风,1,2,962,100,10,92
2024-06-16 17:00,阴,23.8,0.9,北风,1,2,962,100,11,91
2024-06-16 18:00,阴,23.8,0,西北风,1,5,962,100,22,61
2024-06-16 19:00,阴,23.6,0,西风,1,4,962,100,16,30
2024-06-16 20:00,阴,23.2,0,西风,1,1,962,100,26,0
2024-06-16 21:00,阴,23.4,0,西风,1,1,962,100,17,1
2024-06-16 22:00,阴,23.4,0,东南风,1,3,963,100,17,1
2024-06-16 23:00,多云,23.3,0,东风,1,2,963,100,10,2
2024-06-17 00:00,多云,22.9,0,西北风,1,2,963,100,11,1
2024-06-17 01:00,多云,22.7,0,东北风,1,3,963,100,9,1
2024-06-17 02:00,多云,22.8,0,西北风,1,3,962,100,9,0
2024-06-17 03:00,多云,22.8,0,南风,1,3,962,100,6,0
2024-06-17 04:00,晴,22,0,北风,1,3,962,100,4,0
2024-06-17 05:00,阴,21,0,西风,1,1,962,100,4,0
2024-06-17 06:00,阴,21.3,0,西风,1,2,963,100,6,0
2024-06-17 07:00,阴,23.1,0,东南风,1,2,963,100,5,0
2024-06-17 08:00,多云,23.4,0,西风,1,2,963,100,5,0
2024-06-17 09:00,多云,24.7,0,东风,1,3,963,100,6,1
2024-06-17 10:00,阴,25.3,0,西北风,1,5,963,96,5,2
2024-06-17 11:00,阴,26.7,0,西北风,1,5,962,84,12,3
2024-06-17 12:00,多云,28.4,0,西北风,1,4,962,75,15,2
2024-06-17 13:00,多云,29.8,0,西南风,1,5,960,68,15,1
2024-06-17 14:00,多云,30.2,0,西南风,2,6,960,66,15,0
2024-06-17 15:00,多云,31.6,0,北风,1,3,958,61,18,1
2024-06-17 16:00,多云,32.4,0,南风,1,4,958,59,20,3
2024-06-17 17:00,晴,31.5,0,南风,1,5,957,61,23,4
2024-06-17 18:00,多云,32.6,0,西风,1,2,956,58,25,3
2024-06-17 19:00,晴,31,0,北风,0,0,957,62,25,2
2024-06-17 20:00,多云,29.7,0,西南风,1,3,957,66,22,1
2024-06-17 21:00,晴,27.9,0,南风,1,1,958,75,21,3
2024-06-17 22:00,晴,27.2,0,西风,1,1,958,74,22,4
2024-06-17 23:00,阴,27.2,0,西南风,1,2,958,71,26,6
2024-06-18 00:00,阴,26.5,0,西南风,1,2,958,73,31,4
2024-06-18 01:00,多云,26.3,0,南风,1,2,958,74,32,2
2024-06-18 02:00,多云,25.8,0,西南风,1,3,958,79,32,0
2024-06-18 03:00,多云,25.9,0,南风,1,1,958,75,28,29
2024-06-18 04:00,多云,25.1,0,东风,1,1,958,79,26,59
2024-06-18 05:00,多云,25.8,0,西南风,1,4,958,75,25,88
2024-06-18 06:00,多云,25.9,0,北风,0,0,958,78,25,85
2024-06-18 07:00,多云,26.4,0,南风,1,2,958,78,24,82
2024-06-18 08:00,阴,27.7,0,东风,1,3,959,72,20,79
2024-06-18 09:00,阴,28.1,0,北风,1,5,958,69,17,72
2024-06-18 10:00,阴,28.4,0,东北风,1,2,958,72,16,66
2024-06-18 11:00,多云,30.2,0,南风,1,4,958,63,16,59
2024-06-18 12:00,多云,31.8,0,西风,2,8,957,58,16,39
2024-06-18 13:00,多云,33.1,0,西南风,2,8,956,57,18,20
2024-06-18 14:00,多云,34.2,0,西风,1,2,955,51,20,0
2024-06-18 15:00,晴,34.5,0,北风,2,11,966,40,22,18
2024-06-18 16:00,多云,35.4,0,西北风,1,3,953,46,25,35
2024-06-18 17:00,晴,34.4,0,西北风,1,5,953,48,26,53
2024-06-18 18:00,晴,34.9,0,南风,1,2,953,48,25,35
2024-06-18 19:00,多云,33.2,0,东风,1,3,953,55,25,18
2024-06-18 20:00,多云,31.6,0,南风,1,2,954,57,27,0
2024-06-18 21:00,多云,30.5,0,西南风,1,3,955,60,25,32
2024-06-18 22:00,多云,30.6,0,西南风,2,6,955,58,27,63
2024-06-18 23:00,多云,29.5,0,西南风,1,2,955,61,29,95
2024-06-19 00:00,阴,28.9,0,西北风,1,3,955,63,29,63
2024-06-19 01:00,阴,28.3,0,西南风,1,1,955,66,30,32
2024-06-19 02:00,多云,28.5,0,西南风,1,1,954,66,30,0
2024-06-19 03:00,阴,27.4,0,西南风,1,3,954,69,29,30
2024-06-19 04:00,阴,26.9,0,南风,1,2,955,70,24,61
2024-06-19 05:00,阴,26.5,0,北风,2,11,955,74,23,91
2024-06-19 06:00,阴,26.6,0,东北风,1,3,955,71,23,88
2024-06-19 07:00,阴,26.7,0,东风,1,4,956,71,20,86
2024-06-19 08:00,阴,27.3,0,北风,1,2,956,71,19,83
2024-06-19 09:00,阴,28.1,0,西风,1,3,956,68,17,87
2024-06-19 10:00,阴,28.8,0,东北风,1,4,956,64,18,91
2024-06-19 11:00,阴,29.8,0,东风,1,2,956,63,19,95
2024-06-19 12:00,阴,30.5,0,西风,1,3,955,61,19,63
2024-06-19 13:00,阴,31.9,0,东北风,2,7,954,57,20,32
2024-06-19 14:00,阴,32.6,0,南风,1,3,954,55,20,0
2024-06-19 15:00,多云,33.4,0,东北风,1,2,953,53,21,24
2024-06-19 16:00,阴,33.6,0,北风,1,2,953,49,24,48
2024-06-19 17:00,多云,34,0,西南风,1,3,952,50,25,72
2024-06-19 18:00,晴,34,0,南风,1,4,952,51,25,49
2024-06-19 19:00,晴,32.6,0,西北风,1,1,952,56,24,27
2024-06-19 20:00,晴,30.9,0,东风,1,2,952,62,26,4
2024-06-19 21:00,晴,30.2,0,西南风,1,2,953,64,26,25
2024-06-19 22:00,晴,29.3,0,西南风,1,1,954,69,30,45
2024-06-19 23:00,晴,28.8,0,西南风,1,2,954,71,28,66
2024-06-20 00:00,晴,28.1,0,北风,0,0,954,74,28,47
2024-06-20 01:00,晴,27.3,0,西南风,1,2,954,76,28,27
2024-06-20 02:00,晴,25.9,0,北风,0,0,953,83,28,8
2024-06-20 03:00,晴,25.3,0,北风,0,0,954,87,27,8
2024-06-20 04:00,晴,25.8,0,北风,1,2,953,86,23,8
2024-06-20 05:00,晴,24.8,0,西北风,1,2,954,91,20,8
2024-06-20 06:00,多云,25.6,0,东风,1,3,954,86,17,30
2024-06-20 07:00,多云,26,0,北风,1,4,955,86,17,52
2024-06-20 08:00,多云,27.5,0,东南风,1,4,955,76,15,74
2024-06-20 09:00,多云,28.8,0,东北风,1,3,955,72,15,80
2024-06-20 10:00,多云,30.3,0,东南风,1,5,954,68,17,85
2024-06-20 11:00,阴,31,0,东风,2,6,954,63,19,91
2024-06-20 12:00,多云,32.5,0,南风,1,5,953,59,19,61
2024-06-20 13:00,多云,33.2,0,西北风,2,6,952,58,19,30
2024-06-20 14:00,多云,34.9,0,北风,2,6,951,54,20,0
2024-06-20 15:00,多云,35.3,0,西北风,1,3,950,53,20,25
2024-06-20 16:00,阴,34.2,0,北风,1,5,950,54,24,50
2024-06-20 17:00,多云,34.2,0,南风,1,2,950,56,20,75
2024-06-20 18:00,多云,33.3,0,北风,1,3,950,55,19,50
2024-06-20 19:00,多云,32.7,0,西南风,1,5,951,57,21,25
2024-06-20 20:00,阴,31.8,0,西风,1,4,952,61,22,0
2024-06-20 21:00,阴,31.3,0,南风,1,2,953,62,22,25
2024-06-20 22:00,阴,30.8,0,东北风,1,2,953,64,27,51
2024-06-20 23:00,阴,30.5,0,东风,1,4,953,65,27,76
2024-06-21 00:00,阴,29.2,0,南风,3,19,954,70,31,79
2024-06-21 01:00,阴,26.7,0,东风,2,6,955,85,30,83
2024-06-21 02:00,阴,24.3,1,南风,2,6,956,93,18,86
2024-06-21 03:00,阴,24.6,0.5,东风,1,5,956,84,11,88
2024-06-21 04:00,阴,24.6,0,东风,1,3,957,82,14,91
2024-06-21 05:00,小雨,22.5,1.1,北风,2,9,958,100,12,93
2024-06-21 06:00,小雨,21.1,0.3,东北风,1,5,958,100,12,95
2024-06-21 07:00,阴,21.6,1.5,南风,1,4,959,100,10,98
2024-06-21 08:00,阴,22.5,0,北风,2,11,960,100,9,100
2024-06-21 09:00,阴,23.3,0.2,南风,2,6,960,100,9,100
2024-06-21 10:00,阴,24.6,0,西南风,2,6,960,90,18,100
2024-06-21 11:00,阴,25.8,0,西南风,1,2,960,83,17,100
2024-06-21 12:00,多云,27.4,0,南风,2,6,959,70,17,67
2024-06-21 13:00,多云,29.6,0,南风,2,9,959,62,26,33
2024-06-21 14:00,晴,30.5,0,西风,2,8,958,57,30,0
2024-06-21 15:00,晴,31.9,0,西风,1,5,957,54,32,1
2024-06-21 16:00,多云,32,0,西南风,1,4,956,55,31,2
2024-06-21 17:00,多云,31.2,0,东南风,1,4,955,53,30,3
2024-06-21 18:00,晴,32,0,东南风,2,8,955,50,29,2
2024-06-21 19:00,晴,31.2,0,南风,2,6,956,52,29,2
2024-06-21 20:00,晴,29.7,0,南风,1,2,956,57,31,1
2024-06-21 21:00,晴,27.8,0,东南风,1,2,956,66,30,14
2024-06-21 22:00,多云,26.9,0,南风,1,2,957,69,30,28
2024-06-21 23:00,多云,26,0,西南风,1,1,957,76,30,41
2024-06-22 00:00,多云,25.7,0,西风,1,1,956,78,27,27
2024-06-22 01:00,多云,25.1,0,西南风,1,1,956,78,27,14
2024-06-22 02:00,多云,24.4,0,东南风,1,2,956,82,27,0
2024-06-22 03:00,多云,23.9,0,北风,2,11,956,88,12,7
2024-06-22 04:00,多云,23.6,0,南风,1,1,956,91,7,14
2024-06-22 05:00,多云,23.7,0,北风,2,11,956,84,26,21
2024-06-22 06:00,多云,23.6,0,北风,0,0,957,92,26,44
2024-06-22 07:00,多云,25.7,0,西北风,1,1,957,87,26,67
2024-06-22 08:00,多云,28.6,0,西北风,1,4,958,59,20,90
2024-06-22 09:00,阴,28.1,0,南风,1,3,958,58,20,90
2024-06-22 10:00,阴,28.2,0,南风,2,8,958,57,26,89
2024-06-22 11:00,阴,30.7,0,东南风,2,7,958,51,22,89
2024-06-22 12:00,多云,32.2,0,西南风,2,10,957,47,22,59
2024-06-22 13:00,晴,33.8,0,南风,1,3,956,44,27,30
2024-06-22 14:00,晴,35.8,0,南风,2,9,955,35,27,0
2024-06-22 15:00,晴,36.5,0,西南风,2,6,955,32,29,0
2024-06-22 16:00,晴,37.1,0,南风,2,6,954,32,30,0
2024-06-22 17:00,晴,35.6,0,西风,1,5,953,34,29,0
2024-06-22 18:00,晴,36.2,0,东风,1,3,953,32,31,0
2024-06-22 19:00,晴,34.8,0,东南风,1,3,954,33,30,1
2024-06-22 20:00,晴,29.9,0,北风,2,11,954,43,30,1
2024-06-22 21:00,阴,29.5,0,南风,1,3,955,40,30,1
2024-06-22 22:00,晴,28.1,0,西南风,1,1,956,43,30,1
2024-06-22 23:00,晴,26.1,0,南风,1,1,956,48,30,1
2024-06-23 00:00,晴,25.1,0,东风,1,1,956,52,26,1
2024-06-23 01:00,晴,24.3,0,南风,1,1,956,53,22,0
2024-06-23 02:00,多云,24,0,北风,2,11,956,62,22,0
2024-06-23 03:00,多云,23.3,0,东北风,1,2,957,67,28,13
2024-06-23 04:00,多云,23.6,0,北风,1,1,957,66,28,26
2024-06-23 05:00,多云,22.8,0,南风,1,1,957,72,32,39
2024-06-23 06:00,多云,22.7,0,北风,0,0,958,74,32,45
2024-06-23 07:00,阴,24,0,北风,0,0,958,82,31,50
2024-06-23 08:00,多云,29.2,0,南风,1,5,958,52,31,56
2024-06-23 09:00,多云,31.2,0,北风,1,5,959,48,22,38
2024-06-23 10:00,多云,31.5,0,西南风,1,5,959,48,24,21
2024-06-23 11:00,多云,32.2,0,西南风,1,3,959,48,26,3
2024-06-23 12:00,晴,33.8,0,东北风,1,3,958,39,27,2
2024-06-23 13:00,多云,34.6,0,北风,1,5,957,40,27,1
2024-06-23 14:00,晴,36.2,0,西南风,1,5,957,35,29,0
2024-06-23 15:00,晴,36.7,0,南风,1,5,956,29,29,7
2024-06-23 16:00,晴,38.1,0,微风,1,1,966,16,29,13
2024-06-23 17:00,多云,37,0,东南风,1,2,955,30,30,20
2024-06-23 18:00,多云,37.1,0,西北风,1,4,955,31,30,13
2024-06-23 19:00,多云,32.4,0,北风,1,1,955,42,27,7
2024-06-23 20:00,多云,29.4,0,北风,2,11,955,50,28,0
2024-06-23 21:00,多云,27.5,0,北风,2,11,956,55,29,9
2024-06-23 22:00,多云,29.3,0,东风,1,3,958,47,28,18
2024-06-23 23:00,多云,28.1,0,西北风,1,2,958,51,26,27
2024-06-24 00:00,阴,29.7,0,西南风,1,2,959,47,25,18
2024-06-24 01:00,阴,29.8,0,东南风,2,6,959,42,26,9
2024-06-24 02:00,阴,29.1,0,西风,1,4,961,44,26,0
2024-06-24 03:00,阴,28.5,0,西北风,1,3,962,44,23,30
2024-06-24 04:00,阴,27.2,0,西南风,1,1,962,49,19,60
2024-06-24 05:00,多云,26.5,0,东南风,1,5,963,48,18,90
2024-06-24 06:00,阴,26.2,0,南风,1,2,964,54,15,88
2024-06-24 07:00,阴,26.6,0,南风,1,2,964,54,15,86
2024-06-24 08:00,阴,27.9,0,东风,1,2,964,47,17,84
2024-06-24 09:00,多云,29.6,0,北风,2,8,964,43,19,80
2024-06-24 10:00,晴,30.2,0,北风,2,6,964,44,26,75
2024-06-24 11:00,晴,31.7,0,南风,1,5,963,43,28,71
2024-06-24 12:00,晴,32.5,0,东风,2,7,963,40,28,47
2024-06-24 13:00,晴,32.9,0,西北风,1,4,962,40,26,24
2024-06-24 14:00,晴,33.8,0,东风,1,3,961,38,26,0
2024-06-24 15:00,晴,34.4,0,东南风,2,7,961,37,25,0
2024-06-24 16:00,晴,35,0,西北风,1,3,960,36,25,0
2024-06-24 17:00,晴,33.8,0,东南风,1,4,960,36,26,0
2024-06-24 18:00,晴,34.4,0,南风,1,4,959,34,26,0
2024-06-24 19:00,晴,32.6,0,西南风,1,1,959,40,22,0
2024-06-24 20:00,晴,29.2,0,北风,2,11,960,51,20,0
2024-06-24 21:00,晴,27.4,0,西南风,1,2,960,52,20,0
2024-06-24 22:00,晴,27.2,0,东风,1,2,961,51,18,0
2024-06-24 23:00,晴,28.3,0,南风,1,2,961,47,26,0
2024-06-25 00:00,晴,26,0,北风,1,2,961,58,26,0
2024-06-25 01:00,晴,25.9,0,东南风,1,1,960,65,27,0
2024-06-25 02:00,晴,27.1,0,东北风,1,1,961,62,25,0
2024-06-25 03:00,晴,26.4,0,西南风,1,1,961,65,14,0
2024-06-25 04:00,晴,25.3,0,北风,1,4,961,66,13,0
2024-06-25 05:00,晴,24.2,0,北风,0,0,962,69,12,0
2024-06-25 06:00,晴,25.1,0,东北风,1,4,962,64,14,0
2024-06-25 07:00,晴,25.6,0,东北风,1,3,963,62,13,0
2024-06-25 08:00,晴,28,0,东南风,1,3,963,56,13,0
2024-06-25 09:00,晴,29.7,0,南风,1,3,963,55,13,0
2024-06-25 10:00,晴,30.8,0,西风,1,3,963,54,16,0
2024-06-25 11:00,晴,31.2,0,北风,2,7,963,52,17,0
2024-06-25 12:00,晴,33.2,0,北风,2,6,962,47,17,0
2024-06-25 13:00,晴,35,0,东南风,1,4,960,47,18,0
2024-06-25 14:00,晴,36,0,东北风,1,3,960,43,17,0
2024-06-25 15:00,晴,37.1,0,西北风,1,4,959,41,20,1
2024-06-25 16:00,晴,37.4,0,北风,2,9,958,38,22,1
2024-06-25 17:00,晴,36.6,0,西北风,1,5,958,41,25,2
2024-06-25 18:00,多云,35.7,0,东风,2,6,958,41,25,6
2024-06-25 19:00,晴,34.6,0,南风,1,4,959,42,25,9
2024-06-25 20:00,多云,33.1,0,西南风,1,5,960,45,27,13
2024-06-25 21:00,晴,32.6,0,西南风,2,7,960,46,31,9
2024-06-25 22:00,晴,31.9,0,南风,1,3,961,50,26,5
2024-06-25 23:00,晴,31.3,0,西南风,1,3,962,52,26,1
2024-06-26 00:00,晴,30.4,0,西南风,2,6,962,57,25,5
2024-06-26 01:00,晴,29.7,0,西南风,1,5,962,60,25,9
2024-06-26 02:00,晴,29.2,0,西南风,2,6,962,62,26,13
2024-06-26 03:00,多云,29.1,0,西北风,1,2,962,61,26,10
2024-06-26 04:00,多云,29,0,南风,1,3,962,61,26,6
2024-06-26 05:00,多云,28.3,0,西南风,1,3,962,63,24,3
2024-06-26 06:00,多云,27.8,0,北风,0,0,963,66,24,3
2024-06-26 07:00,多云,28.5,0,西风,1,3,963,63,18,4
2024-06-26 08:00,多云,29.8,0,北风,1,2,963,60,18,4
2024-06-26 09:00,多云,30.9,0,北风,1,5,964,56,17,33
2024-06-26 10:00,多云,33,0,北风,2,6,963,49,18,61
2024-06-26 11:00,多云,34.3,0,东南风,1,4,963,48,21,90
2024-06-26 12:00,晴,35.4,0,东风,2,8,962,42,25,60
2024-06-26 13:00,晴,36.6,0,东南风,1,4,961,40,25,30
2024-06-26 14:00,多云,37.3,0,北风,2,9,960,38,26,0
2024-06-26 15:00,多云,37.2,0,东风,2,7,960,38,27,1
2024-06-26 16:00,多云,35.7,0,西南风,2,8,959,40,28,3
2024-06-26 17:00,多云,31.5,0,东南风,2,7,960,55,28,4
2024-06-26 18:00,多云,31.9,0.3,东风,2,6,960,49,28,3
2024-06-26 19:00,多云,31.3,0,南风,1,3,960,50,28,1
2024-06-26 20:00,多云,30.6,0,西南风,1,1,961,51,29,0
2024-06-26 21:00,多云,29.9,0,西南风,1,2,962,52,29,0
2024-06-26 22:00,多云,29.1,0,西南风,1,4,962,53,30,0
2024-06-26 23:00,晴,28.9,0,南风,2,6,962,52,31,0
2024-06-27 00:00,多云,27.7,0,西北风,1,1,962,58,29,0
2024-06-27 01:00,多云,27.2,0,西北风,1,1,962,63,30,0
2024-06-27 02:00,阴,26.7,0,南风,1,3,962,62,30,0
2024-06-27 03:00,多云,27.1,0,南风,1,3,961,62,27,9
2024-06-27 04:00,晴,26.8,0,南风,1,3,961,63,27,18
2024-06-27 05:00,晴,26.4,0,西南风,1,3,961,63,23,27
2024-06-27 06:00,晴,25.5,0,西南风,1,1,962,70,23,19
2024-06-27 07:00,晴,26.6,0,西南风,1,1,962,63,20,10
2024-06-27 08:00,晴,29.3,0,东南风,1,4,962,56,16,2
2024-06-27 09:00,晴,30.1,0,西南风,1,4,962,55,18,2
2024-06-27 10:00,多云,32,0,东南风,1,3,961,51,18,2
2024-06-27 11:00,多云,32.9,0,南风,2,7,960,49,18,2
2024-06-27 12:00,多云,33.2,0,东风,1,5,959,46,19,1
2024-06-27 13:00,多云,34.3,0,西南风,1,4,958,47,25,1
2024-06-27 14:00,多云,35.2,0,西风,1,4,957,44,25,0
2024-06-27 15:00,多云,35.6,0,西南风,2,8,957,44,26,26
2024-06-27 16:00,多云,35.1,0,北风,1,5,956,46,27,52
2024-06-27 17:00,阴,34.7,0,南风,1,2,956,45,27,78
2024-06-27 18:00,阴,34,0,北风,1,3,956,47,23,52
2024-06-27 19:00,阴,33.5,0,北风,1,2,956,50,24,26
2024-06-27 20:00,阴,32.2,0,西南风,1,2,956,55,24,0
2024-06-27 21:00,多云,31.8,0,西南风,1,3,957,52,27,7
2024-06-27 22:00,多云,31.2,0,西南风,2,6,957,55,28,15
2024-06-27 23:00,多云,30.2,0,西风,1,5,957,56,29,22
2024-06-28 00:00,多云,29.9,0,东北风,1,4,957,47,29,15
2024-06-28 01:00,晴,29.3,0,西南风,1,3,957,46,29,7
2024-06-28 02:00,晴,28.7,0,南风,1,2,957,46,29,0
2024-06-28 03:00,多云,28,0,东风,1,5,956,48,28,1
2024-06-28 04:00,晴,27.5,0,南风,1,2,956,49,25,1
2024-06-28 05:00,多云,27,0,北风,1,2,957,51,22,2
2024-06-28 06:00,晴,26.6,0,北风,0,0,957,52,16,23
2024-06-28 07:00,多云,26.1,0,北风,1,2,957,54,17,45
2024-06-28 08:00,多云,26.6,0,西风,1,2,957,53,17,66
2024-06-28 09:00,多云,28.3,0,北风,1,4,957,48,17,67
2024-06-28 10:00,晴,29.5,0,西风,1,3,957,44,17,67
2024-06-28 11:00,多云,30.3,0,西北风,1,5,956,43,17,68
2024-06-28 12:00,多云,31.4,0,西南风,2,6,955,39,17,45
2024-06-28 13:00,阴,32.4,0,东南风,1,5,955,38,19,23
2024-06-28 14:00,阴,33,0,东风,1,3,954,36,19,0
2024-06-28 15:00,阴,33.7,0,南风,1,3,953,34,19,20
2024-06-28 16:00,多云,33.5,0,南风,1,3,952,35,20,41
2024-06-28 17:00,多云,33.3,0,西北风,1,3,952,36,20,61
2024-06-28 18:00,多云,33,0,南风,2,6,953,36,18,41
2024-06-28 19:00,多云,32.8,0,东南风,1,1,953,39,18,20
2024-06-28 20:00,晴,32.1,0,北风,1,3,953,40,16,0
2024-06-28 21:00,晴,31.2,0,北风,1,2,953,44,16,0
2024-06-28 22:00,多云,30.2,0,东北风,1,2,954,48,9,0
2024-06-28 23:00,多云,29.4,0,南风,1,3,955,52,12,0
2024-06-29 00:00,阴,29.5,0,北风,1,2,955,50,25,0
2024-06-29 01:00,阴,28.2,0,南风,1,3,955,51,29,0
2024-06-29 02:00,阴,27.4,0,南风,2,7,955,59,29,0
2024-06-29 03:00,晴,27,0,南风,2,6,954,58,34,11
2024-06-29 04:00,晴,26.7,0,南风,2,6,954,59,31,22
2024-06-29 05:00,晴,26,0,南风,1,3,954,60,27,33
2024-06-29 06:00,晴,25.4,0,西南风,1,3,955,63,27,23
2024-06-29 07:00,晴,25,0,东北风,1,2,955,65,20,14
2024-06-29 08:00,晴,25.3,0,西风,1,5,956,65,17,4
2024-06-29 09:00,晴,26.8,0,南风,1,5,955,59,17,13
2024-06-29 10:00,晴,28.8,0,东北风,1,4,955,51,32,23
2024-06-29 11:00,多云,30.7,0,南风,2,6,955,45,27,32
2024-06-29 12:00,多云,32.4,0,西风,1,5,954,39,24,21
2024-06-29 13:00,阴,33.5,0,西北风,2,6,953,35,24,11
2024-06-29 14:00,多云,35,0,西北风,1,5,952,32,25,0
2024-06-29 15:00,多云,36.2,0,西北风,2,7,952,29,27,0
2024-06-29 16:00,多云,37.2,0,南风,1,5,951,26,26,0
2024-06-29 17:00,多云,37.6,0,东风,1,5,951,25,21,0
2024-06-29 18:00,多云,37.6,0,西风,1,3,951,25,21,0
2024-06-29 19:00,晴,37,0,北风,2,11,951,26,21,0
2024-06-29 20:00,晴,35.6,0,北风,2,11,952,30,24,0
2024-06-29 21:00,多云,33.2,0,北风,0,0,952,36,25,0
2024-06-29 22:00,多云,31.5,0,东风,1,2,953,42,28,0
2024-06-29 23:00,多云,31,0,东南风,1,3,954,45,28,0
2024-06-30 00:00,多云,30.3,0,东风,1,1,953,44,25,0
2024-06-30 01:00,多云,29.8,0,北风,0,0,953,44,29,0
2024-06-30 02:00,多云,28.7,0,北风,2,11,953,50,29,0
2024-06-30 03:00,多云,28.1,0,北风,1,3,953,50,22,0
2024-06-30 04:00,晴,27.8,0,北风,2,11,953,55,21,1
2024-06-30 05:00,晴,27.1,0,南风,2,7,953,58,25,1
2024-06-30 06:00,多云,27.1,0,南风,2,7,954,56,25,2
2024-06-30 07:00,多云,26.7,0,西风,1,3,955,58,18,3
2024-06-30 08:00,多云,27.4,0,北风,2,6,955,55,21,4
2024-06-30 09:00,多云,28.7,0,西北风,1,5,955,50,19,4
2024-06-30 10:00,多云,31,0,南风,2,6,955,40,22,3
2024-06-30 11:00,多云,32.2,0,北风,2,7,955,38,26,3
2024-06-30 12:00,多云,33.6,0,西北风,1,5,954,36,26,2
2024-06-30 13:00,多云,35.4,0,西北风,2,7,953,32,27,1
2024-06-30 14:00,多云,36.4,0,西北风,1,3,953,31,29,0
2024-06-30 15:00,多云,36.3,0.4,南风,2,6,953,31,28,20
2024-06-30 16:00,雨,31,1.2,南风,2,6,954,44,21,40
2024-06-30 17:00,多云,27.6,1.1,北风,1,2,955,60,20,60
2024-06-30 18:00,多云,26.5,0.1,南风,1,2,956,70,20,40
2024-06-30 19:00,多云,25.2,4.6,南风,2,6,957,78,11,20
2024-06-30 20:00,多云,23.3,0.6,西南风,2,6,957,90,6,0
2024-06-30 21:00,阴,23.1,0,南风,2,7,958,91,6,30
2024-06-30 22:00,阴,23.2,0,南风,2,6,959,90,13,61
2024-06-30 23:00,阴,23.3,0,南风,2,8,959,90,13,91
2024-07-01 00:00,阴,23.8,0,南风,2,6,959,86,13,89
2024-07-01 01:00,阴,23.7,0,南风,2,9,959,76,25,88
2024-07-01 02:00,阴,22.7,0,北风,2,6,959,77,29,86
2024-07-01 03:00,阴,22.6,0,西风,1,2,959,76,32,85
2024-07-01 04:00,雨,22.6,0,北风,1,3,959,77,24,85
2024-07-01 05:00,小雨,22.3,0,东风,1,4,959,81,19,84
2024-07-01 06:00,小雨,21.6,0.5,北风,0,0,960,87,19,85
2024-07-01 07:00,小雨,20.9,5.5,北风,2,11,960,91,11,87
2024-07-01 08:00,阴,20.4,4.7,南风,1,3,960,95,6,88
2024-07-01 09:00,雨,20.2,1,南风,1,4,961,95,6,80
2024-07-01 10:00,阴,20.2,0,东风,1,2,960,93,14,71
2024-07-01 11:00,阴,20.6,0,东南风,1,3,960,93,14,63
2024-07-01 12:00,阴,21.4,0,东北风,1,3,959,89,16,42
2024-07-01 13:00,雨,22.5,0,西南风,1,4,959,81,28,21
2024-07-01 14:00,阴,23.6,0,东风,1,4,958,75,28,0
2024-07-01 15:00,多云,24.4,0,西风,1,4,957,71,30,17
2024-07-01 16:00,阴,25.7,0,南风,1,4,956,65,30,33
2024-07-01 17:00,多云,27.3,0,北风,1,2,956,58,31,50
2024-07-01 18:00,多云,26.9,0,东北风,1,3,956,56,28,38
2024-07-01 19:00,阴,26.9,0,西南风,1,1,957,56,28,27
2024-07-01 20:00,阴,26.3,0,西南风,1,1,958,59,17,15
2024-07-01 21:00,阴,24.9,0,东北风,1,2,957,72,21,14
2024-07-01 22:00,阴,22.8,0,西风,1,2,957,69,29,13
2024-07-01 23:00,多云,22.4,0,北风,0,0,958,71,32,12
2024-07-02 00:00,晴,21.9,0,南风,2,6,958,76,30,9
2024-07-02 01:00,晴,21.8,0,南风,2,6,957,76,30,6
2024-07-02 02:00,晴,21.7,0,西南风,2,6,957,75,26,3
2024-07-02 03:00,晴,21.2,0,东北风,1,1,957,78,26,2
2024-07-02 04:00,晴,20.6,0,西北风,1,5,957,82,15,2
2024-07-02 05:00,晴,20.3,0,西风,1,2,957,83,15,1
2024-07-02 06:00,晴,20,0,西北风,1,3,957,85,15,1
2024-07-02 07:00,晴,19.8,0,西北风,1,4,958,85,13,2
2024-07-02 08:00,晴,20.6,0,西北风,1,5,958,84,13,2
2024-07-02 09:00,晴,23,0,西北风,1,3,958,71,19,2
2024-07-02 10:00,晴,25.1,0,北风,2,6,957,61,25,2
2024-07-02 11:00,晴,26.6,0,西风,1,4,957,54,25,2
2024-07-02 12:00,晴,28,0,西北风,1,4,956,50,25,1
2024-07-02 13:00,多云,29.6,0,北风,1,4,955,44,25,1
2024-07-02 14:00,阴,31.2,0,西北风,2,6,954,39,27,0
2024-07-02 15:00,晴,32.8,0,西南风,2,6,954,35,29,26
2024-07-02 16:00,多云,33.8,0,东风,1,3,953,32,29,51
2024-07-02 17:00,多云,34,0,东南风,1,1,953,30,26,77
2024-07-02 18:00,多云,34.1,0,东风,1,2,953,31,26,83
2024-07-02 19:00,多云,33.4,0,北风,0,0,953,33,21,90
2024-07-02 20:00,多云,31.9,0,北风,0,0,953,39,23,96
2024-07-02 21:00,多云,30.3,0,北风,2,11,953,45,23,94
2024-07-02 22:00,多云,29.1,0,北风,0,0,954,49,28,93
2024-07-02 23:00,多云,28.7,0,东风,1,1,954,51,31,91
2024-07-03 00:00,多云,27.8,0,西南风,1,4,955,54,32,92
2024-07-03 01:00,阴,27.5,0,北风,2,11,955,53,32,92
2024-07-03 02:00,阴,26,0,北风,1,1,955,54,32,93
2024-07-03 03:00,阴,26.8,0,西南风,1,1,955,59,31,92
2024-07-03 04:00,阴,27.2,0,北风,1,1,957,55,21,92
2024-07-03 05:00,阴,27,0,西风,1,2,958,58,17,91
2024-07-03 06:00,阴,25.2,0,西北风,1,3,958,71,17,89
2024-07-03 07:00,阴,23.5,0,北风,1,2,959,82,19,87
2024-07-03 08:00,阴,23.5,0,东北风,1,3,961,83,19,85
2024-07-03 09:00,阴,23.9,0,西南风,1,3,962,80,10,80
2024-07-03 10:00,阴,23.3,0.5,西北风,1,2,962,86,10,76
2024-07-03 11:00,阴,22.8,0.5,南风,1,1,962,89,8,71
2024-07-03 12:00,小雨,22.4,0.5,西北风,1,3,962,90,11,47
2024-07-03 13:00,阴,23.1,0,西北风,2,6,961,91,11,24
2024-07-03 14:00,阴,23.2,0,北风,1,4,961,89,16,0
2024-07-03 15:00,阴,23.5,0,南风,1,3,961,88,16,30
2024-07-03 16:00,阴,24.1,0,东北风,1,4,961,84,15,61
2024-07-03 17:00,阴,24.1,0,西北风,1,2,960,81,12,91
2024-07-03 18:00,阴,24.2,0,南风,1,4,960,82,12,61
2024-07-03 19:00,阴,24.1,0,西北风,1,1,960,83,9,30
2024-07-03 20:00,多云,24.1,0,北风,0,0,960,84,9,0
2024-07-03 21:00,多云,24,0,东北风,1,3,961,83,9,14
2024-07-03 22:00,多云,23.8,0,北风,1,3,961,84,7,28
2024-07-03 23:00,多云,23.6,0,西北风,1,1,961,85,7,42
2024-07-04 00:00,多云,23.3,0,北风,2,11,960,87,7,28
2024-07-04 01:00,多云,23,0,西北风,2,6,959,88,5,15
2024-07-04 02:00,多云,22.2,0,西北风,1,2,959,92,4,1
2024-07-04 03:00,多云,22.4,0,北风,1,3,959,91,4,1
2024-07-04 04:00,多云,22.3,0,南风,2,6,960,92,6,1
2024-07-04 05:00,多云,22.5,0,西北风,1,1,960,90,6,1
2024-07-04 06:00,多云,22.4,0,西南风,2,6,960,90,6,1
2024-07-04 07:00,多云,22.3,0,南风,1,4,960,89,7,1
2024-07-04 08:00,多云,22.5,0,北风,1,5,960,88,7,1
2024-07-04 09:00,多云,23.4,0,东北风,1,3,960,83,7,1
2024-07-04 10:00,晴,24.4,0,东风,1,3,960,78,9,2
2024-07-04 11:00,晴,25.9,0,西北风,2,6,960,70,11,2
2024-07-04 12:00,晴,27.4,0,东风,2,6,959,65,11,1
2024-07-04 13:00,晴,28.9,0,东南风,1,4,957,57,15,1
2024-07-04 14:00,晴,30.2,0,北风,2,6,956,53,17,0
2024-07-04 15:00,多云,31.4,0,东风,1,4,955,50,23,21
2024-07-04 16:00,晴,32.6,0,东风,1,4,954,46,23,41
2024-07-04 17:00,多云,33.4,0,北风,1,4,953,45,22,62
2024-07-04 18:00,多云,33.6,0,西北风,1,2,953,45,19,41
2024-07-04 19:00,多云,33.7,0,北风,2,11,954,47,19,21
2024-07-04 20:00,多云,32.1,0,西风,1,1,954,53,21,0
2024-07-04 21:00,阴,31.1,0,东北风,1,3,955,56,21,29
2024-07-04 22:00,阴,29.9,0,北风,1,2,955,62,16,57
2024-07-04 23:00,阴,29.2,0,西风,1,1,955,66,19,86
2024-07-05 00:00,阴,28.9,0,南风,1,2,954,67,20,89
2024-07-05 01:00,阴,28.5,0,西南风,1,2,954,66,20,91
2024-07-05 02:00,阴,28.2,0,东北风,1,1,953,62,20,94
2024-07-05 03:00,小雨,27.6,0,东北风,1,3,955,67,17,96
2024-07-05 04:00,小雨,24.6,3.4,南风,1,2,956,90,6,97
2024-07-05 05:00,小雨,23.6,1.6,西北风,2,6,956,93,3,99
2024-07-05 06:00,中雨,23,4.5,东南风,1,3,956,95,4,98
2024-07-05 07:00,中雨,22.5,10.1,东北风,1,2,957,95,4,97
2024-07-05 08:00,大雨,20.2,8.3,西北风,3,12,958,100,2,96
2024-07-05 09:00,阴,20.2,5.9,南风,1,4,958,96,5,94
2024-07-05 10:00,小雨,20,2.1,南风,1,3,958,96,5,92
2024-07-05 11:00,阴,20.1,3.5,北风,1,3,957,96,9,90
2024-07-05 12:00,小雨,20.3,1.3,西南风,2,6,957,96,8,60
2024-07-05 13:00,阴,20.6,0.7,南风,1,4,957,95,6,30
2024-07-05 14:00,阴,20.8,0,西南风,2,6,956,95,6,0
2024-07-05 15:00,阴,22.4,0,北风,1,3,956,88,11,1
2024-07-05 16:00,阴,24.6,0,东南风,1,2,956,74,21,1
2024-07-05 17:00,雨,25.3,0,西南风,1,4,955,72,22,2
2024-07-05 18:00,晴,26.6,0,西风,1,3,954,66,22,3
2024-07-05 19:00,晴,27.1,0,北风,2,11,954,63,19,3
2024-07-05 20:00,晴,26.5,0,南风,1,2,954,66,20,4
2024-07-05 21:00,晴,25.2,0,西南风,1,2,955,73,20,3
2024-07-05 22:00,晴,24.2,0,北风,2,11,955,80,20,2
2024-07-05 23:00,晴,23.8,0,西南风,1,2,955,80,21,1
2024-07-06 00:00,晴,23.2,0,西南风,1,2,955,84,21,1
2024-07-06 01:00,多云,22.9,0,北风,2,11,955,85,20,0
2024-07-06 02:00,阴,22.6,0,北风,2,11,955,83,20,0
2024-07-06 03:00,阴,22,0,南风,1,1,955,87,17,4
2024-07-06 04:00,阴,21.5,0,西南风,1,2,955,88,12,8
2024-07-06 05:00,阴,21.3,0,北风,2,11,955,90,8,12
2024-07-06 06:00,阴,21.1,0,北风,2,11,956,90,8,8
2024-07-06 07:00,阴,20.9,0,北风,0,0,956,91,9,4
2024-07-06 08:00,阴,21.3,0,西风,1,3,957,90,10,0
2024-07-06 09:00,多云,23.9,0,西风,1,2,957,77,14,27
2024-07-06 10:00,多云,26,0,东北风,1,2,957,68,14,55
2024-07-06 11:00,阴,27.7,0,南风,1,3,956,63,18,82
2024-07-06 12:00,多云,28.8,0,东南风,2,6,955,59,21,78
2024-07-06 13:00,多云,29.7,0,北风,2,6,954,58,21,75
2024-07-06 14:00,阴,30.2,0,南风,1,4,954,56,20,71
2024-07-06 15:00,多云,31.4,0,西风,1,4,953,53,24,71
2024-07-06 16:00,阴,32.4,0,北风,2,11,953,53,27,71
2024-07-06 17:00,多云,31.9,0,东南风,1,1,952,55,27,71
2024-07-06 18:00,多云,31.5,0,北风,1,5,952,58,26,47
2024-07-06 19:00,阴,31.5,0,西风,1,2,952,57,22,24
2024-07-06 20:00,阴,31,0,北风,1,1,953,56,20,0
2024-07-06 21:00,阴,29.8,0,东南风,1,3,953,64,20,26
2024-07-06 22:00,多云,28.8,0,西南风,1,2,953,71,17,52
2024-07-06 23:00,多云,28,0,北风,2,11,953,77,18,78
2024-07-07 00:00,阴,28,0,西南风,1,1,953,75,17,52
2024-07-07 01:00,多云,27.5,0,北风,0,0,953,76,17,26
2024-07-07 02:00,阴,26.9,0,北风,2,11,952,79,17,0
2024-07-07 03:00,多云,27,0,北风,0,0,952,77,20,25
2024-07-07 04:00,阴,26.6,0,西南风,1,1,952,78,23,50
2024-07-07 05:00,阴,26.4,0,北风,2,11,953,78,22,75
2024-07-07 06:00,阴,26.2,0,东北风,1,2,953,80,22,72
2024-07-07 07:00,阴,26.1,0,南风,1,3,954,82,20,68
2024-07-07 08:00,多云,26.1,0,南风,1,3,954,82,14,65
2024-07-07 09:00,阴,26,0,东南风,1,3,955,84,10,69
2024-07-07 10:00,小雨,26,0,北风,1,3,955,84,7,74
2024-07-07 11:00,阴,25.7,0.8,北风,1,4,956,87,4,78
2024-07-07 12:00,阴,25.2,1.3,东北风,1,2,955,91,4,52
2024-07-07 13:00,中雨,24.7,2.7,东南风,1,1,956,93,2,26
2024-07-07 14:00,中雨,24.5,3.5,东南风,1,4,956,94,2,0
2024-07-07 15:00,阴,24.4,4.4,东南风,1,5,956,96,2,29
2024-07-07 16:00,中雨,24.4,0.4,东南风,1,2,956,96,3,59
2024-07-07 17:00,阴,24.4,1.4,南风,1,2,956,95,2,88
2024-07-07 18:00,中雨,24.2,3.9,南风,1,2,956,96,3,59
2024-07-07 19:00,中雨,23.7,3.1,西南风,1,1,956,96,3,29
2024-07-07 20:00,阴,23.7,1,东北风,1,3,956,96,3,0
2024-07-07 21:00,中雨,23.7,0.6,西北风,1,2,957,97,4,32
2024-07-07 22:00,阴,23.6,5.5,北风,2,11,957,97,3,64
2024-07-07 23:00,雨,23.5,0.8,东风,1,2,957,97,3,96
2024-07-08 00:00,阴,23.5,0,西南风,1,2,956,97,1,64
2024-07-08 01:00,小雨,23.5,0.5,西北风,1,2,956,97,1,32
2024-07-08 02:00,小雨,23.5,1.7,北风,1,2,956,97,1,0
2024-07-08 03:00,小雨,23.3,3.6,北风,1,4,956,97,1,33
2024-07-08 04:00,小雨,23.1,1.9,东南风,1,1,956,97,2,65
2024-07-08 05:00,小雨,22.9,1.6,北风,0,0,956,97,2,98
2024-07-08 06:00,阴,22.6,1.3,西南风,1,1,956,97,2,99
2024-07-08 07:00,阴,22.6,1.2,西南风,1,1,956,98,2,99
2024-07-08 08:00,小雨,22.8,1.3,西北风,1,4,957,97,2,100
2024-07-08 09:00,小雨,23.6,1.8,北风,0,0,957,98,2,100
2024-07-08 10:00,小雨,23.7,2.7,西北风,1,3,957,98,2,100
2024-07-08 11:00,阴,23.7,2.2,西北风,2,6,957,98,3,100
2024-07-08 12:00,阴,23.7,1.4,西北风,1,3,957,97,2,67
2024-07-08 13:00,阴,23.8,0.5,东北风,1,2,957,97,3,33
2024-07-08 14:00,阴,24,0,东北风,1,4,957,97,2,0
2024-07-08 15:00,阴,24,0.2,微风,1,1,966,97,2,33
2024-07-08 16:00,小雨,24,0.2,北风,0,0,957,97,2,65
2024-07-08 17:00,小雨,24,0.5,西风,1,1,957,96,2,98
2024-07-08 18:00,阴,23.9,0.1,西北风,1,2,957,97,3,65
2024-07-08 19:00,阴,23.8,0,东南风,1,5,958,97,3,33
2024-07-08 20:00,阴,23.8,0,东北风,1,4,958,97,4,0
2024-07-08 21:00,阴,23.7,0,西风,1,1,959,97,4,33
2024-07-08 22:00,阴,23.5,0,西北风,1,4,959,97,5,65
2024-07-08 23:00,阴,23.4,0,微风,0,0,966,97,5,98
2024-07-09 00:00,阴,23.2,0,西北风,1,2,959,97,5,65
2024-07-09 01:00,阴,23,0,西北风,1,1,958,97,4,33
2024-07-09 02:00,阴,22.9,0,西北风,1,3,958,98,3,0
2024-07-09 03:00,阴,22.8,0,北风,0,0,958,97,5,22
2024-07-09 04:00,阴,22.9,0,北风,1,1,959,96,5,45
2024-07-09 05:00,阴,22.9,0,北风,1,4,959,96,2,67
2024-07-09 06:00,阴,22.8,0,西北风,1,1,959,96,2,74
2024-07-09 07:00,阴,22.8,0,东风,1,3,959,96,2,82
2024-07-09 08:00,阴,22.9,0,东北风,1,2,960,96,4,89
2024-07-09 09:00,阴,23.1,0,北风,1,2,960,96,2,90
2024-07-09 10:00,阴,23.3,0,西南风,1,2,960,95,2,90
2024-07-09 11:00,阴,23.7,0,南风,1,2,960,92,6,91
2024-07-09 12:00,阴,24.3,0,西风,1,1,960,88,6,61
2024-07-09 13:00,多云,25,0,北风,1,2,960,85,7,30
2024-07-09 14:00,多云,25.8,0,西南风,1,2,960,79,8,0
2024-07-09 15:00,多云,25.8,0,东风,1,1,960,81,8,28
2024-07-09 16:00,阴,25.8,0,北风,1,2,959,82,8,56
2024-07-09 17:00,阴,26.3,0,西北风,1,3,959,80,7,84
2024-07-09 18:00,阴,26.3,0,西北风,1,3,959,81,7,56
2024-07-09 19:00,多云,26.1,0,西北风,1,1,960,83,8,28
2024-07-09 20:00,多云,25.8,0,北风,2,11,960,84,9,0
2024-07-09 21:00,阴,25.3,0,西南风,1,1,961,86,9,27
2024-07-09 22:00,阴,24.9,0,南风,1,4,960,87,4,54
2024-07-09 23:00,多云,24.7,0,南风,1,3,960,89,4,81
2024-07-10 00:00,阴,24.3,0,北风,2,11,961,90,4,83
2024-07-10 01:00,阴,24,0,北风,2,11,960,92,4,86
2024-07-10 02:00,多云,23.9,0,南风,1,1,961,92,4,88
2024-07-10 03:00,多云,23.8,0,北风,0,0,960,93,4,84
2024-07-10 04:00,多云,23.7,0,南风,1,5,961,92,3,79
2024-07-10 05:00,多云,23.6,0,南风,1,3,960,92,3,75
2024-07-10 06:00,阴,23.4,0,东北风,1,1,961,92,2,74
2024-07-10 07:00,阴,23.4,0,北风,2,11,961,92,2,74
2024-07-10 08:00,阴,23.3,0,南风,1,3,961,95,3,73
2024-07-10 09:00,阴,23.7,0,南风,1,5,961,91,3,81
2024-07-10 10:00,阴,24.1,0,南风,1,2,961,89,6,90
2024-07-10 11:00,阴,25.1,0,西北风,1,5,961,84,6,98
2024-07-10 12:00,阴,25.8,0,西北风,2,6,961,79,12,65
2024-07-10 13:00,阴,26.7,0,西北风,1,2,961,76,12,33
2024-07-10 14:00,阴,26.8,0,东南风,1,2,960,77,10,0
2024-07-10 15:00,阴,26.8,0,北风,2,11,960,79,7,33
2024-07-10 16:00,阴,26.3,0.2,西南风,1,4,960,84,7,65
2024-07-10 17:00,阴,25.8,0,西北风,1,3,959,88,5,98
2024-07-10 18:00,阴,25.7,0,南风,1,2,959,87,4,65
2024-07-10 19:00,阴,25.6,0,北风,1,3,959,87,5,33
2024-07-10 20:00,阴,25.2,0,北风,2,11,959,90,3,0
2024-07-10 21:00,阴,24.8,0,南风,1,4,959,93,3,31
2024-07-10 22:00,小雨,24.5,0.2,北风,0,0,959,93,2,63
2024-07-10 23:00,阴,24.3,0,西北风,1,3,960,94,1,94
2024-07-11 00:00,阴,24.1,0,西北风,1,2,959,95,1,90
2024-07-11 01:00,阴,24,0,西北风,1,2,959,96,1,86
2024-07-11 02:00,多云,23.9,0,北风,2,11,958,96,1,82
2024-07-11 03:00,多云,23.7,0,北风,1,1,959,96,1,76
2024-07-11 04:00,多云,23.4,0,西北风,1,3,959,96,1,69
2024-07-11 05:00,多云,23.2,0,西北风,1,1,959,96,1,63
2024-07-11 06:00,多云,23.2,0,南风,1,2,958,96,1,50
2024-07-11 07:00,多云,23.1,0,南风,1,3,958,96,1,38
2024-07-11 08:00,多云,23,0,南风,1,4,959,96,2,25
2024-07-11 09:00,多云,24,0,西北风,1,4,959,94,3,32
2024-07-11 10:00,多云,24.9,0,西北风,1,5,958,89,7,40
2024-07-11 11:00,多云,26.1,0,西北风,1,2,958,82,11,47
2024-07-11 12:00,多云,28.2,0,东北风,2,6,957,72,11,31
2024-07-11 13:00,多云,29.4,0,西北风,2,6,956,66,13,16
2024-07-11 14:00,多云,30.6,0,西北风,1,4,956,61,13,0
2024-07-11 15:00,多云,31.7,0,北风,1,5,955,57,14,4
2024-07-11 16:00,多云,32.6,0,北风,1,3,954,53,14,8
2024-07-11 17:00,多云,33,0,北风,1,2,954,53,16,12
2024-07-11 18:00,多云,32.7,0,东南风,1,1,954,53,16,9
2024-07-11 19:00,多云,32.5,0,西南风,1,2,954,54,17,7
2024-07-11 20:00,晴,31.5,0,西南风,1,1,954,58,14,4
2024-07-11 21:00,晴,30,0,北风,2,11,955,65,14,4
2024-07-11 22:00,多云,28.6,0,北风,0,0,955,73,10,3
2024-07-11 23:00,晴,27.9,0,西南风,1,2,955,77,10,3
2024-07-12 00:00,晴,27.4,0,东风,1,1,955,81,10,2
2024-07-12 01:00,多云,27.3,0,西北风,1,2,955,81,10,2
2024-07-12 02:00,晴,26.4,0,东南风,1,2,955,84,11,1
2024-07-12 03:00,晴,25.9,0,西风,1,1,955,100,10,2
2024-07-12 04:00,多云,25.7,0,微风,0,0,966,88,9,2
2024-07-12 05:00,多云,25.3,0,微风,0,0,966,87,7,3
2024-07-12 06:00,晴,25.1,0,微风,0,0,966,86,7,3
2024-07-12 07:00,晴,24.6,0,微风,0,0,966,87,4,3
2024-07-12 08:00,雨,25.2,0,微风,0,0,966,80,4,3
2024-07-12 09:00,多云,26,0,西南风,1,5,956,77,7,16
2024-07-12 10:00,多云,28,0,西北风,1,3,955,66,9,30
2024-07-12 11:00,多云,29.4,0,东风,1,5,955,62,12,43
2024-07-12 12:00,多云,31,0,西南风,2,7,954,58,12,34
2024-07-12 13:00,多云,32.2,0,西北风,1,3,954,56,12,25
2024-07-12 14:00,多云,33.4,0,西南风,1,4,953,52,14,16
2024-07-12 15:00,多云,34,0,东风,1,2,952,50,14,12
2024-07-12 16:00,多云,34.9,0,北风,1,4,952,48,16,7
2024-07-12 17:00,多云,34.8,0,北风,1,3,952,48,14,3
2024-07-12 18:00,多云,34.4,0,北风,1,3,952,51,16,17
2024-07-12 19:00,阴,33.7,0,西南风,1,3,952,54,16,30
2024-07-12 20:00,阴,32.6,0,西南风,1,2,952,59,16,44
2024-07-12 21:00,阴,31.6,0,西南风,1,3,953,64,16,51
2024-07-12 22:00,阴,31,0,北风,2,11,953,68,14,58
2024-07-12 23:00,阴,30.5,0,北风,2,11,954,70,10,65
2024-07-13 00:00,阴,29.9,0,北风,1,1,953,75,10,62
2024-07-13 01:00,多云,29.3,0,东南风,1,1,953,78,9,60
2024-07-13 02:00,阴,28.8,0,西北风,1,1,954,80,9,57
2024-07-13 03:00,阴,28.9,0,北风,2,6,954,78,9,57
2024-07-13 04:00,阴,28.8,0,西北风,1,2,954,79,8,58
2024-07-13 05:00,阴,27.6,0,南风,1,5,954,85,4,58
2024-07-13 06:00,阴,26.3,0,西北风,1,2,955,86,4,65
2024-07-13 07:00,阴,25.8,0,西南风,1,3,955,89,5,71
2024-07-13 08:00,小雨,26.1,0,西南风,1,2,955,88,5,78
2024-07-13 09:00,阴,26.7,0,西北风,1,3,955,87,6,83
2024-07-13 10:00,阴,27.3,0,西北风,1,2,955,83,11,88
2024-07-13 11:00,阴,28.2,0,东南风,1,1,955,77,11,93
2024-07-13 12:00,阴,29.7,0,东风,1,1,955,71,11,62
2024-07-13 13:00,阴,30.9,0,西南风,1,3,955,66,9,31
2024-07-13 14:00,阴,31.8,0,西北风,1,5,955,63,9,0
2024-07-13 15:00,阴,31.3,0,北风,1,5,954,66,10,30
2024-07-13 16:00,阴,30.9,0,东北风,1,3,955,67,10,61
2024-07-13 17:00,阴,30.4,0,西北风,2,8,955,70,10,91
2024-07-13 18:00,阴,30.1,0,西北风,1,2,955,72,11,93
2024-07-13 19:00,阴,29.7,0,西风,1,3,955,70,11,95
2024-07-13 20:00,阴,29.5,0,西风,1,1,957,68,10,97
2024-07-13 21:00,阴,28.7,0,南风,1,5,957,71,12,96
2024-07-13 22:00,阴,28.3,0,北风,0,0,957,74,13,95
2024-07-13 23:00,阴,27.8,0,东北风,1,3,958,77,13,94
2024-07-14 00:00,阴,27.5,0,西北风,1,5,958,79,14,92
2024-07-14 01:00,阴,27.1,0,西北风,1,2,957,81,13,89
2024-07-14 02:00,多云,26.7,0,西风,1,2,957,79,13,87
2024-07-14 03:00,阴,26.3,0,东风,1,1,957,82,14,87
2024-07-14 04:00,多云,26.3,0,东北风,1,2,957,80,15,88
2024-07-14 05:00,多云,26.6,0,东北风,1,3,957,79,13,88
2024-07-14 06:00,阴,26.9,0,东北风,1,3,958,72,13,86
2024-07-14 07:00,阴,27,0,北风,0,0,959,70,10,84
2024-07-14 08:00,多云,27.3,0,西南风,1,2,959,68,9,82
2024-07-14 09:00,阴,27.4,0,西北风,1,2,959,69,9,85
2024-07-14 10:00,阴,27.5,0,北风,1,3,959,67,7,89
2024-07-14 11:00,阴,27.5,0,北风,1,4,959,69,10,92
2024-07-14 12:00,阴,27.3,0,西南风,1,2,959,73,10,61
2024-07-14 13:00,阴,27.8,0,北风,2,7,959,74,8,31
2024-07-14 14:00,阴,27.7,0,西风,1,2,959,76,8,0
2024-07-14 15:00,阴,28,0,东南风,1,5,958,75,5,32
2024-07-14 16:00,多云,28.5,0,西南风,1,5,958,72,5,65
2024-07-14 17:00,多云,28.9,0,东南风,1,3,958,70,5,97
2024-07-14 18:00,阴,28.9,0,东南风,2,6,959,69,6,95
2024-07-14 19:00,阴,28.6,0,西风,1,2,959,69,7,94
2024-07-14 20:00,多云,28.2,0,北风,2,7,959,69,6,92
2024-07-14 21:00,阴,27.8,0,北风,1,3,960,70,7,89
2024-07-14 22:00,多云,27.3,0,北风,0,0,960,72,7,86
2024-07-14 23:00,多云,27,0,西南风,1,1,959,74,6,83
2024-07-15 00:00,阴,26.8,0,南风,1,2,959,74,8,86
2024-07-15 01:00,阴,26.7,0,西风,1,1,959,75,12,90
2024-07-15 02:00,阴,26.5,0,北风,1,5,959,78,12,93
2024-07-15 03:00,阴,26.1,0,东风,1,2,959,79,10,91
2024-07-15 04:00,多云,25.8,0,西北风,1,1,959,81,10,88
2024-07-15 05:00,多云,25.5,0,南风,1,2,959,82,7,86
2024-07-15 06:00,阴,25.3,0,东北风,1,4,959,83,6,90
2024-07-15 07:00,阴,25.2,0,东风,1,1,960,84,6,95
2024-07-15 08:00,阴,24.6,0,东南风,1,3,960,89,5,99
2024-07-15 09:00,阴,24.8,0,东南风,1,4,960,88,5,99
2024-07-15 10:00,阴,25.6,0,东风,1,5,960,84,3,98
2024-07-15 11:00,阴,26.7,0,东北风,1,5,959,79,4,98
2024-07-15 12:00,阴,27.2,0,东北风,1,3,959,82,4,65
2024-07-15 13:00,阴,26.6,0,东南风,1,2,959,84,4,33
2024-07-15 14:00,小雨,26.1,0,西南风,1,1,958,88,3,0
2024-07-15 15:00,阴,26.1,0,西南风,1,3,958,89,4,28
2024-07-15 16:00,多云,26.3,0,南风,2,6,958,89,6,56
2024-07-15 17:00,多云,26.5,0,东北风,2,9,958,88,6,84
2024-07-15 18:00,多云,27.3,0,西南风,1,2,958,84,6,56
2024-07-15 19:00,阴,27.7,0,西北风,1,2,958,81,6,28
2024-07-15 20:00,阴,27.3,0,东北风,1,5,959,83,7,0
2024-07-15 21:00,阴,26.9,0,北风,1,4,959,85,7,26
2024-07-15 22:00,阴,26.5,0,北风,0,0,959,86,5,52
2024-07-15 23:00,阴,26.2,0,东北风,1,5,959,87,4,78
2024-07-16 00:00,阴,25.9,0,东南风,1,1,959,88,4,74
2024-07-16 01:00,阴,25.6,0,东南风,1,1,958,88,3,71
2024-07-16 02:00,阴,25.5,0,东风,1,3,958,89,3,67
2024-07-16 03:00,阴,25.2,0,东北风,1,2,958,89,4,72
2024-07-16 04:00,阴,25.1,0,北风,0,0,958,90,3,76
2024-07-16 05:00,阴,25,0,东风,1,2,958,90,3,81
2024-07-16 06:00,阴,24.8,0,西风,1,3,958,91,3,82
2024-07-16 07:00,阴,24.6,0,西北风,1,2,958,92,3,82
2024-07-16 08:00,阴,23.9,0,北风,0,0,959,97,3,83
2024-07-16 09:00,阴,24.6,0,北风,1,2,959,92,3,84
2024-07-16 10:00,阴,24.8,0,北风,1,4,959,92,2,84
2024-07-16 11:00,阴,25,0,北风,1,2,959,93,2,85
2024-07-16 12:00,中雨,25,0,东北风,1,5,959,94,2,57
2024-07-16 13:00,中雨,25.4,0,西风,1,1,959,92,1,28
2024-07-16 14:00,中雨,25.3,0.2,东北风,1,1,958,94,2,0
2024-07-16 15:00,小雨,25,1.6,南风,1,2,958,95,2,26
2024-07-16 16:00,阴,24.8,1.1,东北风,1,4,958,96,2,51
2024-07-16 17:00,阴,24.9,0.7,西风,1,3,957,96,4,77
2024-07-16 18:00,阴,24.9,0,东南风,1,2,957,95,7,51
2024-07-16 19:00,阴,25,0,东南风,1,1,957,95,6,26
2024-07-16 20:00,阴,25,0,东风,1,3,958,95,6,0
2024-07-16 21:00,小雨,24.9,0.1,南风,1,2,959,95,2,31
2024-07-16 22:00,小雨,24.5,6,西南风,1,1,959,96,3,63
2024-07-16 23:00,阴,24.1,0.6,北风,2,11,959,97,3,94
2024-07-17 00:00,中雨,24,0.3,北风,2,11,958,97,2,63
2024-07-17 01:00,中雨,24,2.8,北风,0,0,957,97,2,31
2024-07-17 02:00,中雨,24.1,3.2,北风,0,0,957,97,2,0
2024-07-17 03:00,小雨,24.1,1.8,北风,1,1,957,98,1,33
2024-07-17 04:00,阴,24.1,0,北风,0,0,957,98,3,67
2024-07-17 05:00,阴,23.9,0,东风,1,1,957,98,3,100
2024-07-17 06:00,阴,23.7,0,北风,0,0,958,97,3,100
2024-07-17 07:00,阴,23.7,0,北风,1,3,958,97,3,99
2024-07-17 08:00,阴,23.6,0,西北风,1,2,958,98,2,99
2024-07-17 09:00,中雨,24.1,0,北风,0,0,958,97,3,99
2024-07-17 10:00,中雨,24.4,0,北风,2,11,959,97,6,99
2024-07-17 11:00,阴,24.6,0.2,北风,2,11,958,97,4,99
2024-07-17 12:00,阴,24.6,0.5,西南风,1,2,959,97,4,66
2024-07-17 13:00,小雨,24.8,2.4,西南风,1,3,958,97,4,33
2024-07-17 14:00,阴,24.8,2.4,北风,1,1,958,96,5,0
2024-07-17 15:00,阴,25.2,0.3,南风,1,4,958,96,5,29
2024-07-17 16:00,阴,25.3,0.3,南风,2,7,957,95,5,59
2024-07-17 17:00,阴,25.1,0,西北风,1,5,957,95,6,88
2024-07-17 18:00,阴,24.3,0,南风,1,2,957,97,11,59
2024-07-17 19:00,多云,26.2,0,西南风,1,3,958,87,21,29
2024-07-17 20:00,多云,26.7,0,北风,0,0,958,87,20,0
2024-07-17 21:00,多云,26,0,西南风,1,2,958,90,21,1
2024-07-17 22:00,多云,25.9,0,南风,1,2,958,92,6,2
2024-07-17 23:00,多云,25.4,0,南风,1,2,958,93,6,3
2024-07-18 00:00,多云,25,0,东北风,1,5,958,94,10,2
2024-07-18 01:00,晴,24.7,0,东南风,1,4,958,95,11,1
2024-07-18 02:00,晴,24.4,0,东北风,1,2,958,95,12,0
2024-07-18 03:00,晴,23.9,0,北风,1,1,958,94,14,2
2024-07-18 04:00,多云,23.6,0,南风,1,2,958,94,16,3
2024-07-18 05:00,多云,23.6,0,南风,1,1,959,94,11,5
2024-07-18 06:00,多云,23.5,0,北风,0,0,959,94,5,5
2024-07-18 07:00,阴,23.6,0,东南风,1,2,959,94,6,4
2024-07-18 08:00,阴,23.6,0,北风,1,5,959,98,7,4
2024-07-18 09:00,阴,24.1,0,东南风,1,2,960,93,9,3
2024-07-18 10:00,阴,25.2,0,东南风,1,3,959,89,16,3
2024-07-18 11:00,多云,26.9,0,西南风,1,3,959,82,16,2
2024-07-18 12:00,阴,28.7,0,西风,2,6,958,75,23,1
2024-07-18 13:00,阴,30.3,0,东风,2,6,957,68,24,1
2024-07-18 14:00,多云,31.2,0,北风,1,5,956,65,25,0
2024-07-18 15:00,阴,31.8,0,北风,2,6,956,62,27,28
2024-07-18 16:00,多云,32.4,0,西风,1,4,955,59,25,56
2024-07-18 17:00,多云,32.4,0,北风,2,7,955,60,21,84
2024-07-18 18:00,多云,31.8,0,西南风,1,3,954,64,21,56
2024-07-18 19:00,多云,31.7,0,西南风,1,2,954,65,20,28
2024-07-18 20:00,多云,30.7,0,北风,0,0,954,70,17,0
2024-07-18 21:00,多云,29.8,0,南风,1,1,955,75,16,26
2024-07-18 22:00,多云,29,0,北风,0,0,955,78,14,52
2024-07-18 23:00,多云,28.7,0,北风,0,0,955,79,14,78
2024-07-19 00:00,阴,28.1,0,西南风,1,2,954,82,14,52
2024-07-19 01:00,阴,27.6,0,南风,1,1,954,85,12,26
2024-07-19 02:00,阴,27.6,0,西南风,1,1,953,85,15,0
2024-07-19 03:00,阴,27.2,0,东南风,1,4,953,87,15,25
2024-07-19 04:00,多云,27.1,0,北风,1,2,953,88,13,49
2024-07-19 05:00,多云,26.8,0,东北风,1,1,953,89,17,74
2024-07-19 06:00,阴,26.5,0,南风,1,2,953,89,16,63
2024-07-19 07:00,多云,26.3,0,北风,1,2,953,90,16,52
2024-07-19 08:00,阴,26.6,0,南风,1,3,953,90,13,41
2024-07-19 09:00,阴,26.9,0.1,北风,0,0,954,88,11,39
2024-07-19 10:00,中雨,27,4.9,西南风,1,1,954,90,2,36
2024-07-19 11:00,阴,25.9,3.8,北风,0,0,954,95,2,34
2024-07-19 12:00,雨,25.8,1,南风,1,3,954,96,2,23
2024-07-19 13:00,雨,26,0.7,南风,1,3,953,95,4,11
2024-07-19 14:00,雨,26.2,1.9,北风,2,6,953,94,3,0
2024-07-19 15:00,雨,26.2,2.7,东北风,1,3,953,94,4,33
2024-07-19 16:00,雨,26.1,0.8,北风,2,11,953,94,4,67
2024-07-19 17:00,雨,25.2,0.1,北风,1,2,953,95,9,100
2024-07-19 18:00,多云,25.5,2.4,西南风,1,2,953,94,9,67
2024-07-19 19:00,多云,25.3,2.6,北风,0,0,952,95,8,33
2024-07-19 20:00,阴,25.4,0,北风,0,0,953,95,13,0
2024-07-19 21:00,雨,25,0,东风,1,4,954,95,16,6
2024-07-19 22:00,多云,25,0,南风,1,1,954,96,16,13
2024-07-19 23:00,多云,25.2,0,北风,0,0,954,95,20,19
2024-07-20 00:00,阴,24.9,0,南风,1,2,954,96,20,13
2024-07-20 01:00,阴,25.1,0,北风,2,11,954,96,19,6
2024-07-20 02:00,阴,25.1,0,西风,1,2,954,95,21,0
2024-07-20 03:00,晴,25,0,北风,0,0,954,96,12,0
2024-07-20 04:00,晴,24.9,0,南风,1,2,954,96,6,0
2024-07-20 05:00,晴,24.6,0,东北风,1,2,954,96,4,0
2024-07-20 06:00,晴,24.4,0,北风,0,0,955,97,3,0
2024-07-20 07:00,晴,24.5,0,西风,1,2,956,97,3,0
2024-07-20 08:00,多云,24.8,0,西北风,1,1,956,97,9,0
2024-07-20 09:00,多云,25.7,0,西风,1,5,956,94,10,2
2024-07-20 10:00,多云,26.7,0,东风,1,3,957,88,10,4
2024-07-20 11:00,多云,28.3,0,东北风,1,4,956,80,14,6
2024-07-20 12:00,多云,29.4,0,北风,2,8,956,75,14,4
2024-07-20 13:00,多云,30.4,0,东北风,1,5,956,71,14,3
2024-07-20 14:00,阴,31.4,0,北风,1,4,955,67,15,1
2024-07-20 15:00,阴,31.9,0,西风,1,2,954,65,15,6
2024-07-20 16:00,多云,32.7,0,北风,1,2,954,62,20,11
2024-07-20 17:00,阴,33.2,0,东北风,1,5,954,61,20,16
2024-07-20 18:00,阴,33.2,0,北风,1,1,954,62,20,11
2024-07-20 19:00,阴,32.5,0,东风,1,2,954,66,21,5
2024-07-20 20:00,阴,32,0,南风,1,2,954,68,21,0
2024-07-20 21:00,多云,31.1,0,西南风,1,2,955,72,23,1
2024-07-20 22:00,多云,30.3,0,北风,2,11,955,76,23,1
2024-07-20 23:00,多云,29.5,0,北风,2,11,955,81,15,2
2024-07-21 00:00,多云,29.1,0,西北风,1,2,955,83,17,1
2024-07-21 01:00,多云,28.7,0,北风,0,0,955,86,17,1
2024-07-21 02:00,多云,28.4,0,西北风,1,3,955,86,15,0
2024-07-21 03:00,多云,28.3,0,东南风,1,1,955,87,15,25
2024-07-21 04:00,多云,28,0,南风,1,2,956,89,11,50
2024-07-21 05:00,多云,27.6,0,南风,1,3,956,90,11,75
2024-07-21 06:00,多云,27.2,0,西南风,1,5,956,90,8,50
2024-07-21 07:00,多云,27,0,东南风,1,1,957,90,7,25
2024-07-21 08:00,多云,27.3,0,南风,1,3,957,90,6,0
2024-07-21 09:00,多云,28.3,0,南风,2,7,957,84,9,1
2024-07-21 10:00,多云,30,0,北风,1,2,957,77,10,1
2024-07-21 11:00,多云,31.5,0,西北风,1,5,956,69,15,2
2024-07-21 12:00,多云,33.6,0,东南风,1,3,955,61,18,1
2024-07-21 13:00,多云,34.9,0,西北风,2,6,955,57,22,1
2024-07-21 14:00,多云,35.9,0,西南风,1,1,954,54,22,0
2024-07-21 15:00,多云,37,0,西北风,1,3,954,49,25,7
2024-07-21 16:00,多云,37.5,0,西北风,1,3,953,47,30,13
2024-07-21 17:00,多云,37.4,0,东南风,1,3,953,49,29,20
2024-07-21 18:00,多云,35.9,0,南风,1,2,952,55,29,13
2024-07-21 19:00,多云,35.9,0,北风,0,0,953,54,25,7
2024-07-21 20:00,晴,34.7,0,北风,1,1,954,59,21,0
2024-07-21 21:00,多云,33.1,0,北风,2,11,954,67,21,10
2024-07-21 22:00,多云,32.3,0,南风,1,1,954,72,29,19
2024-07-21 23:00,晴,32,0,北风,2,11,955,74,29,29
2024-07-22 00:00,晴,31.6,0,北风,0,0,954,76,29,19
2024-07-22 01:00,晴,31.1,0,东南风,1,2,955,78,30,10
2024-07-22 02:00,多云,30.6,0,西南风,1,2,954,77,26,0
2024-07-22 03:00,阴,30.1,0,东北风,1,1,954,77,26,15
2024-07-22 04:00,多云,29.4,0,东北风,1,1,954,78,27,30
2024-07-22 05:00,阴,28.9,0,北风,1,3,955,82,27,45
2024-07-22 06:00,阴,28.7,0,西风,1,2,954,82,22,57
2024-07-22 07:00,阴,28.5,0,南风,1,1,955,81,22,68
2024-07-22 08:00,阴,28.3,0,西南风,1,3,955,81,15,80
2024-07-22 09:00,多云,29.8,0,东南风,1,2,955,76,18,71
2024-07-22 10:00,多云,31.8,0,东北风,1,5,955,69,23,62
2024-07-22 11:00,多云,33.4,0,北风,2,6,955,64,23,53
2024-07-22 12:00,多云,34.3,0,东南风,1,5,954,62,25,35
2024-07-22 13:00,阴,34.1,0,西南风,1,5,954,62,25,18
2024-07-22 14:00,阴,33.9,0,东南风,2,6,954,62,26,0
2024-07-22 15:00,阴,33.8,0,北风,2,6,954,62,26,17
2024-07-22 16:00,多云,33,0,东风,1,4,953,64,26,34
2024-07-22 17:00,多云,33.2,0,北风,0,0,952,63,24,51
2024-07-22 18:00,多云,33.2,0,北风,1,3,952,64,25,34
2024-07-22 19:00,多云,33.5,0,西北风,1,2,952,66,25,17
2024-07-22 20:00,多云,32.7,0,南风,1,3,953,70,22,0
2024-07-22 21:00,阴,31.8,0,北风,1,2,953,71,18,25
2024-07-22 22:00,多云,30.9,0,东北风,2,6,954,74,18,50
2024-07-22 23:00,多云,30.4,0,北风,0,0,954,75,27,75
2024-07-23 00:00,多云,29.9,0,南风,1,2,954,76,23,79
2024-07-23 01:00,阴,29.4,0,西风,1,1,953,79,19,82
2024-07-23 02:00,多云,28.9,0,北风,1,1,953,85,18,86
2024-07-23 03:00,阴,28.7,0,东南风,1,2,952,84,18,89
2024-07-23 04:00,阴,28.6,0,西风,1,3,953,83,12,91
2024-07-23 05:00,阴,28.3,0,西南风,1,2,953,81,12,94
2024-07-23 06:00,阴,28.2,0,北风,1,3,953,81,13,94
2024-07-23 07:00,阴,27.9,0,西北风,1,1,953,85,11,94
2024-07-23 08:00,阴,27.1,0,南风,1,3,953,89,11,94
2024-07-23 09:00,阴,28.3,0,南风,1,3,953,85,12,87
2024-07-23 10:00,阴,28.7,0,西南风,1,4,953,83,12,80
2024-07-23 11:00,阴,29,0,北风,1,2,953,83,12,73
2024-07-23 12:00,阴,29.2,0,北风,1,5,954,82,16,49
2024-07-23 13:00,阴,30.4,0,西风,1,2,954,77,16,24
2024-07-23 14:00,阴,30.9,0,西南风,1,2,953,75,16,0
2024-07-23 15:00,阴,30.6,0,北风,1,2,953,76,13,30
2024-07-23 16:00,阴,30.3,0,西北风,1,2,952,78,11,61
2024-07-23 17:00,阴,30.1,0,北风,2,6,952,79,8,91
2024-07-23 18:00,阴,30.6,0,北风,0,0,952,76,8,61
2024-07-23 19:00,阴,30.3,0,南风,1,2,952,78,7,30
2024-07-23 20:00,阴,29.9,0,东北风,1,2,953,81,7,0
2024-07-23 21:00,阴,29.5,0,东北风,1,1,953,82,4,17
2024-07-23 22:00,阴,29.7,0,西北风,1,3,953,81,4,33
2024-07-23 23:00,阴,29.4,0,西风,1,1,953,83,3,50
2024-07-24 00:00,多云,29,0,西北风,1,2,953,86,3,60
2024-07-24 01:00,阴,28.9,0,西北风,1,1,953,87,2,70
2024-07-24 02:00,阴,28.6,0,西风,1,3,952,88,4,80
2024-07-24 03:00,多云,28.6,0,西北风,1,2,952,88,3,82
2024-07-24 04:00,多云,28.2,0,西北风,1,3,953,89,3,83
2024-07-24 05:00,阴,28.1,0,南风,2,6,953,89,4,85
2024-07-24 06:00,阴,27.8,0,西北风,1,3,953,90,4,83
2024-07-24 07:00,阴,27.7,0,西南风,1,5,953,89,4,80
2024-07-24 08:00,阴,27.7,0,微风,1,5,966,88,4,78
2024-07-24 09:00,阴,26.3,0,北风,1,3,954,96,4,75
2024-07-24 10:00,阴,28.5,0,北风,1,4,954,83,7,73
2024-07-24 11:00,阴,29,0,南风,3,12,955,81,11,70
2024-07-24 12:00,阴,27.5,0,南风,1,5,955,79,12,47
2024-07-24 13:00,阴,26.7,0,东南风,2,6,956,73,13,23
2024-07-24 14:00,阴,26.5,0,东风,1,5,956,73,12,0
2024-07-24 15:00,阴,27.6,0,西南风,1,5,956,68,12,31
2024-07-24 16:00,阴,28.6,0,西北风,2,6,956,63,17,61
2024-07-24 17:00,阴,28,0,东南风,2,7,956,65,18,92
2024-07-24 18:00,多云,27.6,0,北风,1,4,956,67,15,61
2024-07-24 19:00,阴,27.1,0,南风,1,3,956,68,15,31
2024-07-24 20:00,多云,27.1,0,西北风,1,3,956,67,16,0
2024-07-24 21:00,多云,27.2,0,东北风,1,2,956,66,16,25
2024-07-24 22:00,多云,26.8,0,东北风,1,2,956,68,16,51
2024-07-24 23:00,阴,26.7,0,东南风,1,4,956,70,16,76
2024-07-25 00:00,多云,26.3,0,北风,0,0,956,72,16,75
2024-07-25 01:00,阴,26.2,0,南风,1,3,956,74,16,75
2024-07-25 02:00,阴,26,0,西南风,1,3,955,74,15,74
2024-07-25 03:00,阴,26,0,南风,2,7,955,74,15,69
2024-07-25 04:00,阴,25.8,0,南风,1,5,955,75,13,63
2024-07-25 05:00,阴,25.8,0,南风,2,6,955,75,12,58
2024-07-25 06:00,阴,25.6,0,南风,1,2,955,75,12,39
2024-07-25 07:00,阴,25.5,0,东风,1,2,956,75,13,19
2024-07-25 08:00,阴,25.6,0,西南风,1,5,956,74,13,0
2024-07-25 09:00,阴,25.7,0,西南风,1,4,956,75,11,1
2024-07-25 10:00,多云,26.7,0,西北风,2,7,956,71,12,2
2024-07-25 11:00,多云,28.8,0,北风,2,7,956,63,16,3
2024-07-25 12:00,多云,30.4,0,北风,2,6,955,58,16,2
2024-07-25 13:00,晴,31.9,0,北风,1,3,955,53,16,1
2024-07-25 14:00,晴,33.2,0,东风,2,7,954,47,17,0
2024-07-25 15:00,晴,34.7,0,东北风,1,5,954,42,20,1
2024-07-25 16:00,晴,35.4,0,北风,2,6,953,38,21,1
2024-07-25 17:00,晴,34.7,0,东风,1,2,953,35,22,2
2024-07-25 18:00,晴,35.6,0,西风,1,4,953,37,16,1
2024-07-25 19:00,晴,36.3,0,东南风,1,2,953,52,16,1
2024-07-25 20:00,晴,33.4,0,北风,0,0,954,49,22,0
2024-07-25 21:00,晴,31.8,0,北风,2,11,954,52,24,16
2024-07-25 22:00,晴,30.5,0,北风,2,11,954,57,20,33
2024-07-25 23:00,晴,29.7,0,南风,1,1,955,59,23,49
2024-07-26 00:00,晴,28.5,0,西北风,1,1,955,63,23,33
2024-07-26 01:00,晴,27.8,0,南风,1,2,954,64,24,16
2024-07-26 02:00,晴,27.3,0,南风,1,1,954,68,25,0
2024-07-26 03:00,晴,26.7,0,南风,1,4,955,74,25,0
2024-07-26 04:00,晴,26.3,0,南风,1,3,955,73,25,0
2024-07-26 05:00,晴,26,0,南风,1,4,955,73,24,0
2024-07-26 06:00,晴,25.8,0,西北风,1,3,956,72,24,0
2024-07-26 07:00,晴,25.4,0,南风,1,3,956,75,25,0
2024-07-26 08:00,晴,25.1,0,西北风,1,3,957,83,21,0
2024-07-26 09:00,晴,27.2,0,北风,2,7,956,66,19,0
2024-07-26 10:00,晴,29,0,北风,1,5,957,59,19,0
2024-07-26 11:00,晴,30.8,0,南风,2,7,956,53,20,0
2024-07-26 12:00,晴,32.2,0,南风,2,6,956,50,18,0
2024-07-26 13:00,晴,33.4,0,西北风,2,9,956,46,21,0
2024-07-26 14:00,晴,34.6,0,西北风,1,3,955,44,21,0
2024-07-26 15:00,晴,35.5,0,西北风,1,4,954,42,21,4
2024-07-26 16:00,晴,36.3,0,东南风,1,5,954,40,22,7
2024-07-26 17:00,晴,36.1,0,西北风,1,2,954,41,22,11
2024-07-26 18:00,阴,35.1,0,东北风,2,6,954,44,20,7
2024-07-26 19:00,多云,34,0,东南风,1,3,955,47,17,4
2024-07-26 20:00,多云,33.4,0,南风,1,2,955,53,17,0
2024-07-26 21:00,多云,32.5,0,南风,1,2,956,59,17,28
2024-07-26 22:00,多云,31.8,0,北风,0,0,957,63,16,55
2024-07-26 23:00,阴,31.3,0,西南风,1,2,957,64,15,83
2024-07-27 00:00,阴,31,0,东风,1,2,957,65,15,55
2024-07-27 01:00,多云,30.5,0,北风,1,3,957,68,15,28
2024-07-27 02:00,阴,29.7,0,东北风,1,2,957,67,13,0
2024-07-27 03:00,阴,29.3,0,北风,1,3,957,72,13,17
2024-07-27 04:00,阴,28.9,0,东北风,1,1,958,73,15,34
2024-07-27 05:00,晴,28.4,0,东北风,1,3,959,75,15,51
2024-07-27 06:00,多云,27.8,0,西南风,1,2,959,79,15,34
2024-07-27 07:00,多云,27.2,0,西北风,1,1,960,81,14,17
2024-07-27 08:00,阴,27.2,0,东风,1,3,960,82,17,0
2024-07-27 09:00,阴,27.8,0,北风,1,3,960,79,15,11
2024-07-27 10:00,多云,29.8,0,西北风,1,4,960,70,14,23
2024-07-27 11:00,多云,30.9,0,东北风,2,10,960,66,14,34
2024-07-27 12:00,多云,32.3,0,东风,2,6,960,59,18,23
2024-07-27 13:00,多云,33,0,西北风,1,3,959,54,18,11
2024-07-27 14:00,阴,33.3,0,西北风,1,1,959,55,24,0
2024-07-27 15:00,阴,32.7,0,东南风,1,5,958,57,24,29
2024-07-27 16:00,阴,33.5,0,北风,1,2,958,54,23,59
2024-07-27 17:00,阴,34,0,北风,1,2,957,50,17,88
2024-07-27 18:00,多云,33.3,0,西南风,1,1,958,54,17,59
2024-07-27 19:00,多云,33,0,北风,1,2,958,55,16,29
2024-07-27 20:00,多云,32.8,0,东南风,1,1,959,58,14,0
2024-07-27 21:00,多云,31.5,0,南风,1,2,959,63,14,20
2024-07-27 22:00,多云,31.2,0,东风,1,2,960,65,12,41
2024-07-27 23:00,阴,31,0,北风,1,3,959,66,11,61
2024-07-28 00:00,多云,30.5,0,南风,1,5,959,68,12,41
2024-07-28 01:00,多云,30,0,南风,2,9,959,69,14,20
2024-07-28 02:00,多云,29.5,0,西南风,1,3,958,68,17,0
2024-07-28 03:00,晴,29,0,东北风,1,2,958,69,12,31
2024-07-28 04:00,多云,28.1,0,西南风,1,2,958,69,15,61
2024-07-28 05:00,多云,27.3,0,北风,2,11,958,71,15,92
2024-07-28 06:00,多云,26.9,0,北风,2,11,959,73,11,61
2024-07-28 07:00,多云,26.8,0,南风,1,4,960,75,11,31
2024-07-28 08:00,多云,26.6,0,北风,2,11,960,76,15,0
2024-07-28 09:00,阴,27.9,0,西北风,1,2,960,72,11,25
2024-07-28 10:00,阴,29.5,0,西北风,1,5,959,63,13,51
2024-07-28 11:00,阴,31,0,西北风,2,6,959,56,14,76
2024-07-28 12:00,阴,32,0,西北风,2,7,959,55,17,51
2024-07-28 13:00,多云,32.7,0,西北风,2,6,958,52,17,25
2024-07-28 14:00,多云,34,0,西北风,2,9,957,48,16,0
2024-07-28 15:00,阴,34.9,0,北风,1,1,957,46,16,29
2024-07-28 16:00,多云,35.7,0,西北风,1,4,956,44,16,57
2024-07-28 17:00,多云,35.4,0,西北风,1,5,956,45,20,86
2024-07-28 18:00,多云,35.6,0,东南风,1,1,956,45,20,57
2024-07-28 19:00,多云,34.6,0,西北风,1,1,956,49,17,29
2024-07-28 20:00,多云,33.8,0,西南风,1,1,957,52,17,0
2024-07-28 21:00,多云,32.7,0,南风,1,1,958,56,12,16
2024-07-28 22:00,多云,31.8,0,西南风,1,1,958,61,13,33
2024-07-28 23:00,多云,31.1,0,西南风,1,1,958,67,13,49
2024-07-29 00:00,多云,30.8,0,北风,1,1,957,69,13,33
2024-07-29 01:00,多云,30.1,0,西北风,1,3,957,70,13,16
2024-07-29 02:00,多云,29.5,0,西北风,1,4,957,72,11,0
2024-07-29 03:00,多云,28.8,0,东南风,1,1,957,72,8,4
2024-07-29 04:00,多云,28.5,0,南风,1,1,957,74,9,9
2024-07-29 05:00,多云,27.9,0,西北风,1,3,957,76,9,13
2024-07-29 06:00,多云,27.7,0,西北风,1,3,958,76,8,9
2024-07-29 07:00,多云,27.3,0,南风,1,2,958,76,8,4
2024-07-29 08:00,多云,27.5,0,西北风,1,5,958,75,10,0
2024-07-29 09:00,多云,28.4,0,西北风,1,2,958,73,11,8
2024-07-29 10:00,阴,28.9,0,东南风,1,4,959,71,8,16
2024-07-29 11:00,阴,27.9,5.5,南风,2,6,959,77,8,24
2024-07-29 12:00,小雨,25,5.5,东风,1,3,958,91,2,16
2024-07-29 13:00,小雨,24,23.1,西南风,1,4,958,94,2,8
2024-07-29 14:00,小雨,23.6,2.2,西风,1,2,959,96,19,0
2024-07-29 15:00,小雨,23.8,0,西北风,1,4,958,95,19,32
2024-07-29 16:00,小雨,23.9,0.8,北风,1,1,958,94,6,63
2024-07-29 17:00,小雨,23.9,0.9,北风,1,2,958,96,5,95
2024-07-29 18:00,阴,23.7,0.6,西北风,1,3,958,96,6,63
2024-07-29 19:00,阴,23.6,0,西北风,1,3,959,96,5,32
2024-07-29 20:00,阴,23.4,0,北风,1,4,959,96,3,0
2024-07-29 21:00,雨,23.7,0,西风,1,3,960,95,3,31
2024-07-29 22:00,阴,23.8,0.3,南风,2,6,959,96,3,61
2024-07-29 23:00,阴,23.7,0.5,东风,1,1,959,96,2,92
2024-07-30 00:00,阴,23.5,0,北风,1,2,959,96,2,61
2024-07-30 01:00,雨,23.3,0,南风,1,2,959,95,3,31
2024-07-30 02:00,阴,23.2,0,南风,1,2,958,96,4,0
2024-07-30 03:00,阴,22.8,0,东风,1,3,958,95,4,28
2024-07-30 04:00,阴,22.7,0,南风,1,2,958,93,4,57
2024-07-30 05:00,阴,22.9,0,北风,1,4,958,94,12,85
2024-07-30 06:00,阴,23,0,南风,1,4,958,93,12,57
2024-07-30 07:00,阴,23,0,南风,1,3,959,94,13,28
2024-07-30 08:00,阴,23.3,0,南风,2,6,959,94,7,0
2024-07-30 09:00,阴,23.6,0,南风,2,6,959,93,9,17
2024-07-30 10:00,晴,24,0,西南风,2,6,959,91,8,35
2024-07-30 11:00,晴,25.4,0,南风,1,4,958,84,15,52
2024-07-30 12:00,阴,26.2,0,南风,1,4,958,80,18,35
2024-07-30 13:00,阴,27.9,0,东北风,1,1,957,72,18,17
2024-07-30 14:00,雨,28.3,0,西风,1,3,957,70,20,0
2024-07-30 15:00,阴,29.6,0,东风,2,7,956,64,23,18
2024-07-30 16:00,阴,30.3,0,西北风,1,4,955,61,21,37
2024-07-30 17:00,阴,31.1,0,西风,1,2,955,59,21,55
2024-07-30 18:00,阴,31,0,东风,1,2,954,57,22,37
2024-07-30 19:00,多云,31,0,南风,1,2,954,59,23,18
2024-07-30 20:00,多云,30,0,西风,1,1,955,65,26,0
2024-07-30 21:00,多云,28.9,0,南风,1,4,955,71,26,8
2024-07-30 22:00,多云,27.9,0,南风,1,3,956,78,14,17
2024-07-30 23:00,多云,27.2,0,北风,0,0,956,83,11,25
2024-07-31 00:00,晴,26.8,0,北风,2,11,956,86,9,17
2024-07-31 01:00,晴,26.1,0,东北风,1,3,956,89,9,8
2024-07-31 02:00,多云,25.6,0,西北风,1,2,956,90,9,0
2024-07-31 03:00,晴,25.3,0,南风,1,2,956,91,8,0
2024-07-31 04:00,晴,24.5,0,西北风,1,4,956,90,6,0
2024-07-31 05:00,晴,24.2,0,北风,2,11,956,87,6,0
2024-07-31 06:00,晴,23.9,0,北风,0,0,956,88,6,0
2024-07-31 07:00,晴,23.7,0,西北风,1,1,956,87,6,0
2024-07-31 08:00,晴,22.9,0,西南风,1,2,957,91,6,0
2024-07-31 09:00,多云,25.7,0,南风,1,3,957,79,11,18
2024-07-31 10:00,多云,27.8,0,西南风,2,7,957,71,11,35
2024-07-31 11:00,多云,29.5,0,南风,1,3,956,64,14,53
2024-07-31 12:00,阴,31.1,0,西北风,1,4,956,58,18,35
2024-07-31 13:00,多云,32.1,0,东风,1,4,955,56,18,18
2024-07-31 14:00,多云,33.6,0,东风,2,7,954,51,19,0
2024-07-31 15:00,晴,35.1,0,西风,1,3,953,48,22,6
2024-07-31 16:00,多云,36.4,0,西南风,1,2,953,43,25,11
2024-07-31 17:00,阴,36.7,0,西北风,1,2,952,40,28,17
2024-07-31 18:00,阴,36,0,南风,1,2,952,43,25,11
2024-07-31 19:00,晴,35,0,北风,2,11,953,48,25,6
2024-07-31 20:00,晴,33.4,0,北风,1,1,953,54,31,0
2024-07-31 21:00,晴,31.3,0,北风,0,0,954,64,24,0
2024-07-31 22:00,晴,30.2,0,西南风,1,2,954,71,24,0
2024-07-31 23:00,晴,29.5,0,南风,1,1,954,74,24,0
2024-08-01 00:00,晴,28.7,0,北风,1,2,954,75,22,0
2024-08-01 01:00,多云,28.1,0,南风,1,4,955,78,19,0
2024-08-01 02:00,晴,28.4,0,东南风,1,3,954,76,21,0
2024-08-01 03:00,晴,28,0,南风,2,9,953,77,22,0
2024-08-01 04:00,晴,27.7,0,西北风,2,6,954,73,23,0
2024-08-01 05:00,多云,27.3,0,北风,0,0,954,75,27,0
2024-08-01 06:00,晴,27.2,0,北风,2,11,955,75,31,0
2024-08-01 07:00,晴,26.6,0,东北风,1,2,955,81,31,0
2024-08-01 08:00,晴,26.7,0,西北风,1,2,955,82,26,0
2024-08-01 09:00,晴,28.3,0,北风,1,3,955,73,19,0
2024-08-01 10:00,晴,30.5,0,东北风,1,3,955,63,17,0
2024-08-01 11:00,晴,32.4,0,东风,1,5,954,57,21,0
2024-08-01 12:00,晴,33.6,0,西北风,1,3,954,54,22,0
2024-08-01 13:00,晴,34.6,0,北风,1,5,953,51,22,0
2024-08-01 14:00,晴,35.9,0,西北风,1,4,953,62,20,0
2024-08-01 15:00,晴,36.2,0,西南风,1,4,952,48,20,1
2024-08-01 16:00,晴,36.9,0,西北风,1,3,951,45,23,2
2024-08-01 17:00,晴,36.8,0,东南风,1,4,951,45,22,3
2024-08-01 18:00,晴,36.2,0,东南风,1,4,951,48,22,2
2024-08-01 19:00,晴,35.4,0,北风,1,5,952,52,22,1
2024-08-01 20:00,晴,34.3,0,东北风,1,1,952,55,22,0
2024-08-01 21:00,晴,33.2,0,西北风,1,2,953,56,20,0
2024-08-01 22:00,晴,32.3,0,南风,1,3,953,60,23,0
2024-08-01 23:00,晴,31.2,0,西南风,1,3,953,67,23,0
2024-08-02 00:00,晴,30.6,0,南风,1,3,953,72,18,0
2024-08-02 01:00,晴,30.2,0,东北风,1,3,953,76,18,0
2024-08-02 02:00,晴,29.8,0,西南风,1,2,953,78,20,0
2024-08-02 03:00,晴,29.2,0,东北风,1,2,953,80,21,1
2024-08-02 04:00,晴,28.7,0,西南风,1,1,953,81,21,1
2024-08-02 05:00,晴,28.3,0,北风,1,4,953,82,16,2
2024-08-02 06:00,晴,27.9,0,南风,1,2,954,82,14,1
2024-08-02 07:00,晴,27.4,0,东风,1,3,955,84,14,1
2024-08-02 08:00,晴,27.7,0,北风,1,5,955,84,10,0
2024-08-02 09:00,多云,28.9,0,西北风,1,4,955,78,12,0
2024-08-02 10:00,多云,30.7,0,北风,1,5,955,71,10,0
2024-08-02 11:00,晴,32.4,0,北风,2,6,955,64,11,0
2024-08-02 12:00,多云,33.8,0,北风,2,8,954,60,13,0
2024-08-02 13:00,多云,35,0,东北风,2,6,954,56,19,0
2024-08-02 14:00,晴,36,0,西北风,1,5,953,52,19,0
2024-08-02 15:00,多云,36.7,0,北风,2,8,953,50,22,2
2024-08-02 16:00,多云,37.2,0,北风,1,5,952,47,24,5
2024-08-02 17:00,多云,37,0,南风,1,4,952,49,24,7
2024-08-02 18:00,多云,36.1,0,东风,1,3,952,53,21,5
2024-08-02 19:00,多云,35.1,0,南风,1,3,953,56,18,2
2024-08-02 20:00,多云,34.5,0,西风,1,1,954,58,17,0
2024-08-02 21:00,多云,33.7,0,西南风,1,1,955,60,19,0
2024-08-02 22:00,晴,32.8,0,西南风,1,1,955,64,18,0
2024-08-02 23:00,晴,32.2,0,南风,1,4,955,67,21,0
2024-08-03 00:00,晴,31.4,0,西南风,1,3,955,69,20,0
2024-08-03 01:00,晴,30.8,0,西南风,1,3,955,69,20,0
2024-08-03 02:00,晴,30.6,0,南风,1,1,955,67,22,0
2024-08-03 03:00,多云,30.2,0,北风,1,2,954,69,22,0
2024-08-03 04:00,多云,30.1,0,北风,1,1,954,67,22,0
2024-08-03 05:00,多云,29.7,0,北风,1,2,956,69,22,0
2024-08-03 06:00,阴,29.6,0,北风,1,4,957,72,23,0
2024-08-03 07:00,多云,29.3,0,东风,1,2,957,75,21,0
2024-08-03 08:00,晴,29.1,0,西北风,1,3,957,79,20,0
2024-08-03 09:00,晴,29.1,0,南风,1,2,958,80,14,4
2024-08-03 10:00,晴,30.1,0,东风,1,3,958,74,12,9
2024-08-03 11:00,晴,30.7,0,西北风,2,6,958,72,15,13
2024-08-03 12:00,多云,32.2,0,北风,1,4,958,66,13,9
2024-08-03 13:00,多云,33.2,0,西北风,1,3,958,63,13,4
2024-08-03 14:00,多云,31.9,0,西北风,2,6,957,69,6,0
2024-08-03 15:00,阴,33.6,0,西北风,2,10,957,60,13,7
2024-08-03 16:00,阴,33.6,0,西北风,2,8,957,59,27,15
2024-08-03 17:00,多云,34,0,南风,1,5,957,55,27,22
2024-08-03 18:00,多云,32.8,0,西风,1,2,957,58,27,15
2024-08-03 19:00,多云,32.3,0,西北风,1,2,958,59,27,7
2024-08-03 20:00,阴,30.9,0,西风,1,1,958,64,27,0
2024-08-03 21:00,阴,30.3,0,西风,1,2,959,65,32,25
2024-08-03 22:00,多云,29.7,0,西北风,1,4,959,67,24,49
2024-08-03 23:00,多云,29.4,0,西北风,2,7,960,68,21,74
2024-08-04 00:00,多云,29.2,0,北风,1,4,959,69,21,49
2024-08-04 01:00,多云,28.7,0,东南风,1,1,959,72,18,25
2024-08-04 02:00,阴,27,0,西风,1,1,959,86,16,0
2024-08-04 03:00,阴,27.3,0,北风,2,11,959,88,16,25
2024-08-04 04:00,阴,27.6,0,西北风,1,2,958,82,17,51
2024-08-04 05:00,阴,27.2,0,西北风,1,3,959,83,15,76
2024-08-04 06:00,阴,27.1,0,西北风,1,3,959,83,15,51
2024-08-04 07:00,阴,26.9,0,西北风,1,2,959,83,13,25
2024-08-04 08:00,阴,25.8,0,东风,1,5,960,91,13,0
2024-08-04 09:00,阴,27.8,0,西北风,2,6,960,81,16,28
2024-08-04 10:00,阴,28.4,0,西北风,1,4,960,78,17,55
2024-08-04 11:00,阴,28.4,0,西北风,1,4,960,79,13,83
2024-08-04 12:00,阴,28.5,0,东南风,1,2,960,79,12,55
2024-08-04 13:00,阴,29.2,0,东南风,1,3,959,75,13,28
2024-08-04 14:00,多云,30.7,0,西南风,1,3,958,70,15,0
2024-08-04 15:00,多云,32.6,0,西南风,1,5,957,62,15,0
2024-08-04 16:00,阴,33.7,0,西北风,1,3,956,57,18,0
2024-08-04 17:00,晴,34.3,0,东南风,1,4,956,54,27,0
2024-08-04 18:00,晴,34.3,0,南风,1,2,955,52,28,0
2024-08-04 19:00,晴,34.1,0,东风,1,2,956,53,28,0
2024-08-04 20:00,晴,33.1,0,东北风,1,2,957,56,27,0
2024-08-04 21:00,晴,31.8,0,西南风,1,2,957,65,25,0
2024-08-04 22:00,晴,30.8,0,北风,1,2,958,71,27,0
2024-08-04 23:00,晴,30,0,西风,1,1,958,75,20,0
2024-08-05 00:00,晴,29.6,0,西风,1,2,958,79,20,0
2024-08-05 01:00,晴,29.3,0,北风,0,0,958,78,15,0
2024-08-05 02:00,晴,28.5,0,北风,1,2,958,80,15,0
2024-08-05 03:00,晴,28.2,0,南风,1,2,957,80,14,0
2024-08-05 04:00,晴,27.6,0,东风,1,4,958,83,10,0
2024-08-05 05:00,晴,27.2,0,北风,0,0,958,82,11,0
2024-08-05 06:00,晴,27,0,南风,1,1,959,83,11,0
2024-08-05 07:00,晴,26.7,0,东南风,1,5,959,86,11,0
2024-08-05 08:00,阴,26.4,0,东北风,1,5,959,91,13,0
2024-08-05 09:00,晴,27.4,0,西北风,1,5,959,84,10,0
2024-08-05 10:00,晴,29.3,0,西南风,1,2,959,77,12,0
2024-08-05 11:00,阴,30.6,0,南风,1,4,959,71,12,0
2024-08-05 12:00,阴,32.1,0,东风,2,6,958,63,14,0
2024-08-05 13:00,多云,33.4,0,东北风,1,5,958,59,15,0
2024-08-05 14:00,多云,34.3,0,西风,1,5,957,55,21,0
2024-08-05 15:00,多云,34.9,0,西北风,1,5,956,53,24,1
2024-08-05 16:00,多云,35.2,0,北风,2,7,955,52,21,2
2024-08-05 17:00,多云,35.3,0,东风,1,3,955,53,21,3
2024-08-05 18:00,晴,35,0,南风,1,3,954,53,19,2
2024-08-05 19:00,晴,34.7,0,北风,2,6,955,54,20,1
2024-08-05 20:00,晴,33.7,0,北风,2,9,956,58,19,0
2024-08-05 21:00,晴,32.8,0,南风,1,1,957,61,18,0
2024-08-05 22:00,晴,32.4,0,南风,1,4,957,62,18,0
2024-08-05 23:00,晴,32,1.4,西南风,1,5,958,61,6,0
2024-08-06 00:00,雨,27.4,10.4,东北风,1,4,959,74,7,0
2024-08-06 01:00,阴,23.5,10.5,北风,2,11,957,91,7,0
2024-08-06 02:00,晴,22.9,0,西北风,1,5,957,97,9,0
2024-08-06 03:00,多云,23.8,0,西北风,1,1,957,96,11,0
2024-08-06 04:00,多云,24.1,0,北风,2,11,957,97,10,0
2024-08-06 05:00,晴,24.4,0,北风,0,0,957,96,8,0
2024-08-06 06:00,晴,24.6,0,西风,1,3,958,96,8,0
2024-08-06 07:00,晴,24.7,0,西风,1,1,958,96,8,0
2024-08-06 08:00,晴,24.8,0,东风,1,3,959,97,6,0
2024-08-06 09:00,阴,26.1,0,东北风,1,5,959,90,8,0
2024-08-06 10:00,阴,27.8,0,东北风,1,4,959,83,11,0
2024-08-06 11:00,多云,30.1,0,东南风,1,5,958,73,11,0
2024-08-06 12:00,多云,31.6,0,北风,2,6,958,64,11,0
2024-08-06 13:00,多云,32.4,0,西南风,1,5,957,61,13,0
2024-08-06 14:00,多云,33.2,0,西北风,1,2,956,60,18,0
2024-08-06 15:00,多云,34.2,0,西风,1,2,955,57,23,1
2024-08-06 16:00,多云,35,0,西北风,1,4,954,55,25,2
2024-08-06 17:00,多云,35.4,0,西北风,1,3,954,56,27,3
2024-08-06 18:00,多云,34.9,0,西南风,1,3,955,57,22,2
2024-08-06 19:00,多云,34.1,0,东风,1,5,955,60,20,1
2024-08-06 20:00,晴,33.2,0,东北风,2,7,955,62,20,0
2024-08-06 21:00,多云,32.5,0,南风,1,3,956,64,18,9
2024-08-06 22:00,多云,31.9,0,南风,1,3,956,67,18,19
2024-08-06 23:00,多云,31.5,0,西北风,1,3,956,70,21,28
2024-08-07 00:00,多云,31.1,0,北风,0,0,956,70,21,19
2024-08-07 01:00,阴,30.6,0,东北风,1,3,956,73,24,9
2024-08-07 02:00,阴,30.1,0,北风,1,3,956,67,36,0
2024-08-07 03:00,阴,29.8,0,东南风,1,2,955,74,21,30
2024-08-07 04:00,阴,29.3,0,东北风,2,6,955,76,27,60
2024-08-07 05:00,阴,29,0,东北风,1,2,955,79,27,90
2024-08-07 06:00,阴,28.7,0,西北风,1,3,955,81,27,60
2024-08-07 07:00,阴,28.2,0,东南风,1,3,956,82,22,30
2024-08-07 08:00,阴,28.1,0,北风,1,5,956,82,29,0
2024-08-07 09:00,多云,28,0,东风,1,2,957,83,15,15
2024-08-07 10:00,多云,29.6,0,西北风,2,6,957,75,15,30
2024-08-07 11:00,多云,30.7,0,南风,1,2,956,71,12,45
2024-08-07 12:00,多云,32,0,西南风,1,3,956,66,13,30
2024-08-07 13:00,多云,33.4,0,北风,2,6,955,62,17,15
2024-08-07 14:00,多云,34,0,东南风,1,4,955,59,17,0
2024-08-07 15:00,多云,34,0,南风,1,5,954,60,18,1
2024-08-07 16:00,多云,33.6,0,西北风,2,10,954,63,18,2
2024-08-07 17:00,阴,32.6,0,东南风,1,3,954,68,16,3
2024-08-07 18:00,阴,32,0,西南风,1,4,954,67,13,2
2024-08-07 19:00,阴,30.5,0.5,西北风,1,5,956,61,13,1
2024-08-07 20:00,阴,28.6,1.4,南风,1,3,956,76,4,0
2024-08-07 21:00,阴,25.3,0,东北风,2,7,957,89,2,25
2024-08-07 22:00,阴,25.1,0,西南风,1,1,957,90,7,49
2024-08-07 23:00,阴,24.7,0,西北风,1,4,956,89,19,74
2024-08-08 00:00,多云,25.1,0,西北风,1,1,957,88,16,49
2024-08-08 01:00,多云,25.2,0,西风,1,2,957,86,12,25
2024-08-08 02:00,多云,25.1,0,西风,1,2,956,91,12,0
2024-08-08 03:00,多云,25.2,0,北风,1,3,956,91,6,5
2024-08-08 04:00,多云,25.4,0,东北风,1,2,956,90,6,9
2024-08-08 05:00,多云,25.5,0,南风,1,2,956,91,6,14
2024-08-08 06:00,多云,25.7,0,东风,1,1,955,91,6,9
2024-08-08 07:00,多云,25.7,0,东风,1,4,956,91,6,5
2024-08-08 08:00,多云,25.9,0,东风,1,3,956,91,9,0
2024-08-08 09:00,多云,26.1,0,南风,1,3,956,88,7,5
2024-08-08 10:00,多云,27.1,0,西北风,1,3,956,84,7,9
2024-08-08 11:00,多云,28.9,0,西北风,1,3,955,77,4,14
2024-08-08 12:00,多云,30.5,0,东北风,1,3,955,72,6,9
2024-08-08 13:00,多云,31.7,0,东北风,1,5,954,69,8,5
2024-08-08 14:00,多云,32.7,0,东北风,1,4,953,65,9,0
2024-08-08 15:00,多云,33.5,0,东风,1,4,952,66,12,13
2024-08-08 16:00,多云,34.7,0,北风,2,9,951,61,12,25
2024-08-08 17:00,多云,35.5,0,东风,1,5,951,60,12,38
2024-08-08 18:00,多云,34.9,0,东北风,2,6,951,62,13,25
2024-08-08 19:00,晴,34.1,0,北风,2,7,951,65,13,13
2024-08-08 20:00,晴,32.8,0,南风,1,2,951,70,14,0
2024-08-08 21:00,多云,31.8,0,南风,1,2,952,75,11,33
2024-08-08 22:00,晴,31.2,0,东南风,1,2,952,76,16,65
2024-08-08 23:00,晴,30.7,0,西北风,1,1,952,76,15,98
2024-08-09 00:00,多云,30.1,0,北风,1,2,952,77,12,65
2024-08-09 01:00,多云,29.6,0,西风,1,2,952,79,12,33
2024-08-09 02:00,多云,29,0,东南风,1,1,951,79,12,0
2024-08-09 03:00,多云,28.7,0,北风,2,11,950,81,12,33
2024-08-09 04:00,多云,28.1,0,西南风,1,4,951,84,7,66
2024-08-09 05:00,阴,28.2,0,西北风,1,4,952,83,10,99
2024-08-09 06:00,阴,27.1,0,西北风,3,13,954,88,9,66
2024-08-09 07:00,阴,26.8,1.9,东风,1,5,956,86,10,33
2024-08-09 08:00,阴,23.5,2.2,东南风,1,4,957,93,4,0
2024-08-09 09:00,阴,23.2,0,东风,1,4,958,92,16,31
2024-08-09 10:00,阴,23.5,0,北风,1,4,958,90,16,63
2024-08-09 11:00,阴,23.8,0,西南风,1,1,958,90,16,94
2024-08-09 12:00,阴,24.7,0,西南风,1,4,958,88,28,63
2024-08-09 13:00,阴,26.4,0,南风,2,7,957,78,28,31
2024-08-09 14:00,阴,28.3,0,北风,1,4,957,67,22,0
2024-08-09 15:00,阴,29.3,0,东北风,1,5,957,61,19,28
2024-08-09 16:00,阴,29.9,0,西北风,1,2,956,58,17,55
2024-08-09 17:00,阴,30.9,0,西南风,1,5,956,51,17,83
2024-08-09 18:00,阴,30.4,0,西北风,1,4,956,54,16,55
2024-08-09 19:00,多云,30.4,0,东风,1,2,957,51,18,28
2024-08-09 20:00,多云,29.7,0,南风,1,3,957,56,18,0
2024-08-09 21:00,多云,28.2,0,北风,1,2,958,63,22,1
2024-08-09 22:00,多云,27.4,0,北风,2,11,958,68,21,3
2024-08-09 23:00,多云,27.2,0,北风,1,2,958,70,22,4
2024-08-10 00:00,晴,26.9,0,北风,2,11,958,71,22,3
2024-08-10 01:00,多云,26.1,0,北风,1,3,958,77,20,1
2024-08-10 02:00,阴,25.7,0,南风,1,3,958,76,19,0
2024-08-10 03:00,阴,26,0,东北风,1,2,958,75,19,6
2024-08-10 04:00,阴,25.9,0,东北风,1,2,958,76,22,13
2024-08-10 05:00,多云,25.9,0,东北风,1,1,959,75,22,19
2024-08-10 06:00,多云,25.7,0,西南风,1,4,959,74,24,13
2024-08-10 07:00,多云,25.5,0,东北风,1,2,960,74,24,6
2024-08-10 08:00,多云,25.6,0,西北风,1,2,960,75,23,0
2024-08-10 09:00,阴,26.5,0,南风,1,3,960,72,20,17
2024-08-10 10:00,阴,28.2,0,东北风,1,3,960,66,15,35
2024-08-10 11:00,阴,30.1,0,西北风,1,2,960,57,11,52
2024-08-10 12:00,阴,31.2,0,北风,2,8,959,51,8,35
2024-08-10 13:00,阴,31.3,0,东北风,2,6,959,51,10,17
2024-08-10 14:00,阴,32,0,西北风,1,5,958,46,10,0
2024-08-10 15:00,阴,31.9,0,北风,1,5,958,48,12,13
2024-08-10 16:00,阴,32.1,0,北风,2,6,957,51,12,27
2024-08-10 17:00,阴,32.7,0,北风,1,2,957,45,12,40
2024-08-10 18:00,阴,32.3,0,东风,1,2,957,46,13,27
2024-08-10 19:00,阴,32.4,0,东风,1,3,957,45,16,13
2024-08-10 20:00,阴,31.5,0,北风,1,2,957,44,17,0
2024-08-10 21:00,阴,30.5,0,东南风,1,1,958,47,17,0
2024-08-10 22:00,阴,30.5,0,北风,1,1,958,47,21,0
2024-08-10 23:00,阴,28.7,0,北风,1,1,958,57,21,0
2024-08-11 00:00,晴,28.7,0,南风,1,5,958,57,21,0
2024-08-11 01:00,多云,28.7,0,西南风,1,1,958,57,21,0
2024-08-11 02:00,多云,28.7,0,西风,1,2,958,57,21,0
2024-08-11 03:00,晴,28.7,0,南风,1,2,958,57,21,0
2024-08-11 04:00,晴,28.7,0,南风,2,6,958,57,21,0
2024-08-11 05:00,晴,28.7,0,南风,1,5,958,57,21,0
2024-08-11 06:00,晴,28.7,0,东北风,1,3,959,57,21,0
2024-08-11 07:00,晴,28.7,0,南风,1,2,959,57,21,0
2024-08-11 08:00,晴,28.7,0,南风,2,8,960,57,21,0
2024-08-11 09:00,晴,28.7,0,东南风,1,4,960,57,21,0
2024-08-11 10:00,晴,28.7,0,西北风,2,6,960,57,21,0
2024-08-11 11:00,晴,29.4,0,南风,1,3,960,52,26,0
2024-08-11 12:00,晴,31.2,0,西北风,2,6,959,46,24,0
2024-08-11 13:00,晴,32.7,0,西北风,2,6,958,39,28,0
2024-08-11 14:00,晴,33.8,0,南风,1,5,957,36,27,0
2024-08-11 15:00,晴,34.7,0,南风,1,4,957,33,30,0
2024-08-11 16:00,晴,35.3,0,南风,1,5,956,32,28,0
2024-08-11 17:00,晴,35.3,0,东北风,1,3,956,33,28,0
2024-08-11 18:00,晴,35.2,0,西北风,1,4,956,33,29,0
2024-08-11 19:00,晴,34.2,0,南风,1,1,956,38,29,0
2024-08-11 20:00,晴,32.8,0,北风,0,0,957,43,29,0
2024-08-11 21:00,晴,30.9,0,东北风,1,3,958,51,31,0
2024-08-11 22:00,晴,29.8,0,北风,1,2,958,56,30,0
2024-08-11 23:00,晴,28.9,0,北风,0,0,958,59,30,0
2024-08-12 00:00,晴,28.2,0,西北风,1,2,958,61,28,0
2024-08-12 01:00,晴,27.3,0,北风,2,11,958,64,23,0
2024-08-12 02:00,晴,26.7,0,西南风,1,2,958,66,18,0
2024-08-12 03:00,晴,26.1,0,西北风,1,2,959,66,22,0
2024-08-12 04:00,晴,25.5,0,东北风,1,1,959,73,26,0
2024-08-12 05:00,晴,24.9,0,西北风,1,2,959,76,26,0
2024-08-12 06:00,晴,24.5,0,西北风,1,2,959,74,26,0
2024-08-12 07:00,晴,24.3,0,南风,1,1,960,76,26,0
2024-08-12 08:00,晴,24.5,0,南风,1,1,960,76,26,0
2024-08-12 09:00,晴,25.9,0,南风,2,6,961,66,21,0
2024-08-12 10:00,晴,28,0,北风,1,3,961,57,23,0
2024-08-12 11:00,晴,29.8,0,西北风,2,6,960,53,25,0
2024-08-12 12:00,晴,31.4,0,东北风,1,3,960,48,25,0
2024-08-12 13:00,晴,32.8,0,南风,2,7,959,44,26,0
2024-08-12 14:00,晴,34.3,0,西北风,1,5,959,39,27,0
2024-08-12 15:00,晴,35.4,0,东南风,2,6,958,34,29,0
2024-08-12 16:00,晴,36,0,东南风,1,5,958,30,30,0
2024-08-12 17:00,晴,36.1,0,西风,1,3,957,31,30,0
2024-08-12 18:00,晴,35.8,0,西南风,1,2,958,29,29,0
2024-08-12 19:00,晴,34.9,0,西风,1,3,958,32,23,0
2024-08-12 20:00,晴,33.3,0,西南风,1,2,959,37,20,0
2024-08-12 21:00,晴,31.6,0,南风,1,2,960,39,21,0
2024-08-12 22:00,晴,30.3,0,西南风,1,2,960,43,21,0
2024-08-12 23:00,晴,29.2,0,西南风,1,2,960,48,30,0
2024-08-13 00:00,晴,28.4,0,西南风,1,2,960,51,30,0
2024-08-13 01:00,晴,27.3,0,北风,0,0,961,56,28,0
2024-08-13 02:00,晴,26.6,0,西风,1,2,961,58,28,0
2024-08-13 03:00,晴,26.1,0,南风,1,2,961,60,27,0
2024-08-13 04:00,晴,25.5,0,北风,0,0,961,61,24,0
2024-08-13 05:00,晴,24.9,0,北风,2,11,962,65,20,0
2024-08-13 06:00,晴,24.6,0,北风,2,11,962,68,14,0
2024-08-13 07:00,晴,24.2,0,西南风,1,1,963,70,10,0
2024-08-13 08:00,晴,24.3,0,东风,1,2,963,71,10,0
2024-08-13 09:00,晴,26.3,0,西风,1,3,963,63,9,5
2024-08-13 10:00,晴,28.7,0,东北风,1,3,963,53,15,9
2024-08-13 11:00,晴,30.1,0,南风,1,3,963,49,18,14
2024-08-13 12:00,晴,31.8,0,北风,1,5,963,44,22,9
2024-08-13 13:00,晴,33,0,东风,1,3,962,40,22,5
2024-08-13 14:00,晴,34.1,0,北风,2,7,961,38,25,0
2024-08-13 15:00,晴,34.9,0,东风,2,6,961,38,27,0
2024-08-13 16:00,阴,35.5,0,西北风,1,5,960,37,28,0
2024-08-13 17:00,晴,35.5,0,东风,1,4,959,37,30,0
2024-08-13 18:00,晴,34.8,0,西南风,1,2,960,39,28,0
2024-08-13 19:00,晴,34.3,0,西风,1,2,960,38,28,0
2024-08-13 20:00,晴,33.1,0,东北风,1,5,961,41,26,0
2024-08-13 21:00,晴,31.6,0,西南风,1,2,962,47,26,0
2024-08-13 22:00,晴,30.4,0,北风,0,0,962,51,22,0
2024-08-13 23:00,晴,29.4,0,西南风,1,2,962,55,23,0
2024-08-14 00:00,晴,29.1,0,北风,0,0,962,54,27,0
2024-08-14 01:00,晴,28.3,0,北风,0,0,962,58,24,0
2024-08-14 02:00,晴,27.9,0,西南风,1,1,962,62,22,0
2024-08-14 03:00,晴,27.4,0,东北风,1,3,962,66,20,0
2024-08-14 04:00,晴,26.7,0,东南风,1,3,963,69,18,0
2024-08-14 05:00,晴,26.1,0,西南风,1,2,963,72,16,0
2024-08-14 06:00,晴,25.6,0,南风,1,2,963,76,17,0
2024-08-14 07:00,晴,25.1,0,西南风,1,2,964,78,14,0
2024-08-14 08:00,晴,25.1,0,北风,1,5,964,78,14,0
2024-08-14 09:00,晴,25.1,0,北风,2,9,964,78,14,0
2024-08-14 10:00,晴,28.5,0,北风,1,5,964,64,15,0
2024-08-14 11:00,多云,30,0,南风,1,4,964,58,15,0
2024-08-14 12:00,多云,31.2,0,南风,1,3,964,56,17,0
2024-08-14 13:00,多云,32.2,0,西南风,1,3,963,52,17,0
2024-08-14 14:00,晴,33.4,0,西北风,2,6,963,50,18,0
2024-08-14 15:00,多云,34,0,西北风,2,6,962,49,21,1
2024-08-14 16:00,多云,34.8,0,东北风,1,1,961,46,22,3
2024-08-14 17:00,多云,34.4,0,东风,2,6,961,47,21,4
2024-08-14 18:00,阴,34,0,东南风,1,1,961,48,20,3
2024-08-14 19:00,阴,32.9,0,西南风,2,8,962,49,19,1
2024-08-14 20:00,多云,30.1,0,南风,1,2,962,57,19,0
2024-08-14 21:00,阴,29.4,0,西南风,1,2,963,58,15,17
2024-08-14 22:00,阴,28.9,0,东风,1,3,963,62,18,35
2024-08-14 23:00,多云,28.4,0,北风,0,0,964,65,20,52
2024-08-15 00:00,多云,27.9,0,北风,2,11,963,69,21,35
2024-08-15 01:00,多云,27.7,0,东风,1,1,963,72,20,17
2024-08-15 02:00,多云,27.5,0,北风,0,0,963,73,20,0
2024-08-15 03:00,多云,27.4,0,东南风,1,2,963,73,19,32
2024-08-15 04:00,多云,27.3,0,北风,1,2,963,72,19,63
2024-08-15 05:00,多云,27.1,0,东北风,1,2,963,72,17,95
2024-08-15 06:00,多云,26.9,0,南风,1,2,963,74,18,63
2024-08-15 07:00,多云,26.5,0,北风,0,0,964,76,18,32
2024-08-15 08:00,阴,26.3,0,东南风,1,3,965,79,15,0
2024-08-15 09:00,多云,26.7,0,南风,1,2,965,78,14,13
2024-08-15 10:00,多云,27,0,东北风,1,5,965,77,11,25
2024-08-15 11:00,多云,27.9,0,南风,1,4,965,73,11,38
2024-08-15 12:00,阴,28.4,0,西北风,2,9,964,72,12,25
2024-08-15 13:00,多云,27.5,0,南风,1,2,964,77,11,13
2024-08-15 14:00,小雨,27.1,0,西北风,2,7,964,80,11,0
2024-08-15 15:00,阴,26.6,3.6,北风,0,0,964,85,5,9
2024-08-15 16:00,阴,25.1,1.1,南风,2,10,964,90,5,19
2024-08-15 17:00,阴,25,0,南风,1,3,964,88,5,28
2024-08-15 18:00,阴,24.6,0,西风,1,3,964,87,18,19
2024-08-15 19:00,阴,25,0,东南风,1,4,964,84,18,9
2024-08-15 20:00,阴,24.9,0,北风,0,0,964,85,16,0
2024-08-15 21:00,阴,24.8,0,南风,1,1,965,85,14,19
2024-08-15 22:00,阴,24.9,0,南风,1,2,965,85,15,38
2024-08-15 23:00,阴,24.8,0,西南风,1,1,965,87,12,57
2024-08-16 00:00,多云,24.7,0,北风,2,11,965,87,16,38
2024-08-16 01:00,多云,24.6,0,北风,2,11,965,87,15,19
2024-08-16 02:00,多云,24.6,0,东南风,1,1,964,87,12,0
2024-08-16 03:00,多云,24.8,0,西北风,1,2,964,87,10,25
2024-08-16 04:00,多云,24.7,0,南风,1,1,964,87,8,51
2024-08-16 05:00,多云,24.6,0,北风,2,11,964,87,8,76
2024-08-16 06:00,多云,24.4,0,北风,2,11,964,87,10,51
2024-08-16 07:00,多云,24.2,0,北风,0,0,965,88,9,25
2024-08-16 08:00,阴,24.3,0,北风,1,3,965,88,9,0
2024-08-16 09:00,多云,25.3,0,北风,1,5,965,82,13,31
2024-08-16 10:00,多云,26.6,0,西风,1,3,965,74,15,61
2024-08-16 11:00,阴,27.3,0,西南风,1,2,965,71,20,92
2024-08-16 12:00,多云,27.9,0,西北风,1,5,964,70,20,61
2024-08-16 13:00,多云,28.7,0,西北风,1,5,964,66,20,31
2024-08-16 14:00,多云,29.6,0,东北风,1,2,963,62,19,0
2024-08-16 15:00,多云,30.5,0,西风,1,5,963,58,20,27
2024-08-16 16:00,阴,31,0,东南风,1,4,962,56,20,53
2024-08-16 17:00,阴,31.6,0,西北风,1,2,961,54,19,80
2024-08-16 18:00,阴,31.1,0,西南风,1,2,961,56,22,53
2024-08-16 19:00,阴,30.9,0,西南风,1,2,962,59,27,27
2024-08-16 20:00,多云,30,0,东南风,1,4,963,64,27,0
2024-08-16 21:00,多云,29.1,0,南风,1,3,963,68,25,29
2024-08-16 22:00,多云,28.6,0,西南风,1,1,964,73,13,59
2024-08-16 23:00,阴,28.2,0,北风,0,0,964,75,13,88
2024-08-17 00:00,阴,27.9,0,北风,1,3,964,77,13,59
2024-08-17 01:00,阴,27.6,0,西北风,1,3,964,79,12,29
2024-08-17 02:00,阴,27.5,0.3,西北风,2,6,965,77,9,0
2024-08-17 03:00,多云,27.1,0.4,北风,2,11,964,83,5,24
2024-08-17 04:00,多云,25.3,2.5,南风,1,3,964,92,5,48
2024-08-17 05:00,多云,24.2,1.6,北风,0,0,964,94,4,72
2024-08-17 06:00,多云,23.2,0,东南风,1,1,964,94,4,48
2024-08-17 07:00,多云,22.9,0,西北风,1,4,965,95,4,24
2024-08-17 08:00,多云,23.2,0,西风,1,2,965,95,4,0
2024-08-17 09:00,阴,24.3,0,北风,0,0,965,94,6,12
2024-08-17 10:00,多云,24.8,0,西南风,1,4,966,91,8,23
2024-08-17 11:00,多云,26.1,0,西风,1,1,965,85,10,35
2024-08-17 12:00,多云,28,0,西北风,2,7,965,75,10,23
2024-08-17 13:00,多云,29.2,0,东南风,1,3,964,69,9,12
2024-08-17 14:00,阴,30.6,0,北风,2,8,963,63,8,0
2024-08-17 15:00,多云,31.1,0,南风,1,3,962,60,11,8
2024-08-17 16:00,阴,32.1,0,南风,1,3,962,57,15,16
2024-08-17 17:00,多云,31.6,0,南风,1,5,962,58,15,24
2024-08-17 18:00,多云,31.2,0,东北风,2,9,962,59,15,16
2024-08-17 19:00,阴,30.6,0,东北风,1,3,963,60,17,8
2024-08-17 20:00,多云,29.7,0,东南风,1,3,963,66,17,0
2024-08-17 21:00,多云,28.4,0,西北风,1,2,964,70,12,14
2024-08-17 22:00,多云,27.8,0,东风,1,3,965,74,11,29
2024-08-17 23:00,多云,27.4,0,南风,1,1,965,77,9,43
2024-08-18 00:00,多云,27,0,东南风,1,2,965,79,10,29
2024-08-18 01:00,阴,25.9,0,东北风,1,2,964,85,10,14
2024-08-18 02:00,多云,24.8,0,南风,1,1,964,85,15,0
2024-08-18 03:00,多云,24.7,0,西北风,1,1,964,85,15,11
2024-08-18 04:00,多云,24.7,0,北风,1,3,964,85,15,22
2024-08-18 05:00,多云,24.4,0,东风,1,1,964,86,11,33
2024-08-18 06:00,多云,24,0,西北风,1,5,964,88,7,22
2024-08-18 07:00,多云,23.9,0,西风,1,2,964,87,7,11
2024-08-18 08:00,多云,24,0,北风,0,0,964,88,8,0
2024-08-18 09:00,多云,24.6,0,南风,1,4,964,84,8,1
2024-08-18 10:00,多云,25.1,0,南风,1,4,965,81,16,3
2024-08-18 11:00,多云,25.9,0,南风,1,4,964,77,16,4
2024-08-18 12:00,多云,28.2,0,东风,1,5,963,66,16,3
2024-08-18 13:00,多云,29.8,0,东风,1,2,962,61,17,1
2024-08-18 14:00,多云,31.1,0,东北风,1,4,961,56,19,0
2024-08-18 15:00,晴,32.1,0,南风,2,6,960,53,18,0
2024-08-18 16:00,多云,33,0,西风,1,3,959,50,16,0
2024-08-18 17:00,晴,33.4,0,东南风,1,5,959,48,16,0
2024-08-18 18:00,晴,33.7,0,东南风,1,1,959,47,16,0
2024-08-18 19:00,晴,32.9,0,西南风,1,2,959,50,17,0
2024-08-18 20:00,晴,31.3,0,南风,1,3,960,56,14,0
2024-08-18 21:00,晴,29.9,0,西南风,1,1,960,62,14,0
2024-08-18 22:00,晴,28.8,0,北风,0,0,961,72,23,0
2024-08-18 23:00,晴,28.6,0,南风,1,3,961,71,23,0
2024-08-19 00:00,晴,27.5,0,北风,1,1,961,75,21,0
2024-08-19 01:00,晴,27,0,北风,0,0,960,78,19,0
2024-08-19 02:00,晴,26.5,0,东风,1,2,960,76,17,0
2024-08-19 03:00,晴,26,0,西风,1,1,960,74,17,0
2024-08-19 04:00,晴,24.9,0,西北风,1,2,959,82,16,0
2024-08-19 05:00,晴,24.4,0,南风,1,3,960,79,10,0
2024-08-19 06:00,阴,24.5,0,南风,1,2,960,72,10,0
2024-08-19 07:00,晴,23.7,0,南风,1,3,960,81,9,0
2024-08-19 08:00,晴,24.2,0,南风,1,5,961,73,10,0
2024-08-19 09:00,晴,24.3,0,南风,1,5,961,75,12,1
2024-08-19 10:00,晴,26.7,0,西北风,1,5,961,66,13,1
2024-08-19 11:00,晴,28.4,0,西北风,2,7,960,60,18,2
2024-08-19 12:00,晴,30,0,北风,1,4,960,54,18,1
2024-08-19 13:00,晴,31.3,0,北风,1,2,959,52,16,1
2024-08-19 14:00,晴,32.8,0,西北风,1,3,958,47,16,0
2024-08-19 15:00,晴,33.8,0,东北风,1,3,957,43,18,0
2024-08-19 16:00,晴,35.2,0,北风,1,3,956,40,18,0
2024-08-19 17:00,晴,35.2,0,南风,1,5,956,40,17,0
2024-08-19 18:00,晴,35.4,0,东南风,1,2,956,39,17,0
2024-08-19 19:00,晴,34,0,东北风,1,5,956,45,18,0
2024-08-19 20:00,晴,32.3,0,北风,0,0,957,51,20,0
2024-08-19 21:00,晴,30.6,0,西南风,1,2,958,60,20,0
2024-08-19 22:00,晴,29.8,0,西风,1,4,958,65,21,0
2024-08-19 23:00,晴,28.8,0,北风,2,11,958,70,19,0
2024-08-20 00:00,晴,28.8,0,北风,2,11,959,66,19,0
2024-08-20 01:00,晴,27.4,0,东南风,1,2,959,72,23,0
2024-08-20 02:00,晴,26.7,0,东北风,1,2,959,73,21,0
2024-08-20 03:00,晴,26.1,0,西南风,1,2,959,74,21,0
2024-08-20 04:00,晴,25.6,0,东北风,1,4,959,78,20,0
2024-08-20 05:00,晴,25.3,0,东风,1,2,959,79,17,0
2024-08-20 06:00,晴,25,0,西风,1,3,959,80,16,0
2024-08-20 07:00,晴,24.6,0,西南风,1,5,960,82,11,0
2024-08-20 08:00,晴,24.9,0,东风,2,6,960,81,11,0
2024-08-20 09:00,小雨,25.8,0,东北风,2,6,961,77,11,10
2024-08-20 10:00,晴,26.8,0,西南风,2,8,960,73,11,21
2024-08-20 11:00,晴,28.8,0,东北风,1,3,960,64,11,31
2024-08-20 12:00,晴,30.4,0,西北风,1,5,959,58,11,21
2024-08-20 13:00,晴,31.5,0,北风,2,6,958,56,10,10
2024-08-20 14:00,晴,32.7,0,西北风,2,7,958,52,12,0
2024-08-20 15:00,晴,33.9,0,西北风,2,7,957,48,16,0
2024-08-20 16:00,晴,34.9,0,东北风,2,7,956,46,16,1
2024-08-20 17:00,晴,34.4,0,东北风,2,8,958,49,18,1
2024-08-20 18:00,阴,32.1,7.2,南风,1,3,958,56,15,1
2024-08-20 19:00,阴,24,2.9,东北风,2,6,960,83,4,0
2024-08-20 20:00,多云,22.9,0,西北风,1,2,960,72,18,0
2024-08-20 21:00,多云,23.2,0,东南风,1,4,960,71,15,0
2024-08-20 22:00,晴,24,0,东北风,2,6,961,69,15,1
2024-08-20 23:00,晴,24.1,0,北风,0,0,962,70,18,1
2024-08-21 00:00,晴,23.4,0,西北风,1,2,962,72,18,1
2024-08-21 01:00,晴,23.4,0,东风,1,2,961,74,16,0
2024-08-21 02:00,阴,22.8,0,西南风,1,5,961,78,15,0
2024-08-21 03:00,晴,22.5,0,东风,1,5,961,80,15,11
2024-08-21 04:00,晴,22.2,0,西南风,1,2,961,82,13,22
2024-08-21 05:00,晴,22.2,0,西北风,1,4,961,83,17,33
2024-08-21 06:00,晴,22.6,0,西北风,1,3,962,81,17,22
2024-08-21 07:00,晴,22.1,0,北风,0,0,962,84,17,11
2024-08-21 08:00,晴,22.5,0,西北风,1,5,961,82,17,0
2024-08-21 09:00,晴,23.3,0,西风,1,4,962,78,20,0
2024-08-21 10:00,晴,25.5,0,西北风,1,2,962,68,17,0
2024-08-21 11:00,晴,26.9,0,东南风,1,3,961,62,15,0
2024-08-21 12:00,晴,28.2,0,东北风,1,4,960,57,15,0
2024-08-21 13:00,晴,29.4,0,西南风,1,4,960,57,17,0
2024-08-21 14:00,多云,30.4,0,南风,2,6,959,54,21,0
2024-08-21 15:00,晴,31.7,0,北风,1,5,958,50,23,0
2024-08-21 16:00,晴,32.7,0,北风,1,3,958,47,25,0
2024-08-21 17:00,晴,33.2,0,南风,1,3,958,45,24,0
2024-08-21 18:00,晴,32.5,0,东南风,1,2,958,50,22,0
2024-08-21 19:00,晴,32.2,0,西风,1,2,958,49,22,0
2024-08-21 20:00,晴,30.8,0,南风,1,1,958,54,22,0
2024-08-21 21:00,晴,29.4,0,西北风,1,1,959,59,21,0
2024-08-21 22:00,晴,28.3,0,北风,0,0,959,65,18,0
2024-08-21 23:00,晴,28.2,0,北风,0,0,959,64,18,0
2024-08-22 00:00,晴,27.2,0,东南风,1,3,959,72,17,0
2024-08-22 01:00,晴,26.9,0,西北风,1,1,959,74,15,0
2024-08-22 02:00,晴,26.5,0,北风,1,4,959,75,14,0
2024-08-22 03:00,晴,26.3,0,北风,1,1,959,76,12,1
2024-08-22 04:00,晴,25.7,0,东南风,1,2,959,78,12,3
2024-08-22 05:00,晴,25.5,0,北风,1,2,959,77,13,4
2024-08-22 06:00,晴,25.2,0,南风,1,4,960,79,12,3
2024-08-22 07:00,晴,24.8,0,北风,1,3,960,80,12,1
2024-08-22 08:00,晴,24.5,0,西风,1,3,961,83,10,0
2024-08-22 09:00,晴,25.8,0,东风,1,3,961,77,16,0
2024-08-22 10:00,多云,27.7,0,西北风,1,4,961,68,16,0
2024-08-22 11:00,晴,29,0,北风,2,7,960,64,14,0
2024-08-22 12:00,多云,30.2,0,北风,2,7,960,59,14,0
2024-08-22 13:00,多云,31.9,0,西风,1,2,959,52,14,0
2024-08-22 14:00,多云,32.9,0,北风,2,6,958,52,15,0
2024-08-22 15:00,晴,33.9,0,东北风,2,8,958,51,19,0
2024-08-22 16:00,多云,34.9,0,西南风,1,4,957,48,18,0
2024-08-22 17:00,晴,35,0,北风,2,7,957,48,20,0
2024-08-22 18:00,晴,34.4,0,南风,1,3,958,49,20,0
2024-08-22 19:00,晴,33.3,0,东北风,2,6,958,52,22,0
2024-08-22 20:00,晴,32.3,0,北风,1,3,959,54,21,0
2024-08-22 21:00,晴,31.4,0,南风,1,1,959,55,19,12
2024-08-22 22:00,晴,30.6,0,北风,0,0,960,59,16,25
2024-08-22 23:00,晴,29.8,0,南风,1,1,960,65,14,37
2024-08-23 00:00,多云,29.8,0,南风,1,3,961,66,14,25
2024-08-23 01:00,阴,29.2,0,北风,0,0,960,69,12,12
2024-08-23 02:00,晴,29.5,0,北风,1,1,960,67,12,0
2024-08-23 03:00,晴,28.8,0,北风,0,0,960,71,8,16
2024-08-23 04:00,晴,27.9,0,北风,1,1,960,75,8,32
2024-08-23 05:00,晴,27.8,0,南风,1,2,961,75,8,48
2024-08-23 06:00,晴,27.2,0,北风,2,11,961,78,7,32
2024-08-23 07:00,晴,26.7,0,东北风,1,5,961,80,7,16
2024-08-23 08:00,晴,26.7,0,北风,0,0,962,80,9,0
2024-08-23 09:00,多云,28.1,0,东风,1,3,962,74,14,0
2024-08-23 10:00,多云,30,0,东南风,1,4,962,65,12,1
2024-08-23 11:00,多云,31.5,0,北风,1,4,962,59,12,1
2024-08-23 12:00,多云,32.2,0,北风,2,6,961,59,13,1
2024-08-23 13:00,多云,33.7,0,北风,1,5,961,51,14,0
2024-08-23 14:00,多云,34.5,0,东风,1,5,960,52,16,0
2024-08-23 15:00,多云,35.7,0,西风,1,5,959,48,15,1
2024-08-23 16:00,多云,36.1,0,北风,1,3,959,50,15,3
2024-08-23 17:00,多云,35.8,0,西北风,1,3,959,52,13,4
2024-08-23 18:00,多云,35,0,西北风,1,3,959,54,13,3
2024-08-23 19:00,多云,33.6,0,南风,1,1,959,58,16,1
2024-08-23 20:00,多云,33.2,0,西北风,1,3,960,57,15,0
2024-08-23 21:00,晴,32.5,0,东北风,1,2,960,61,15,1
2024-08-23 22:00,阴,32,0,北风,0,0,960,64,15,1
2024-08-23 23:00,晴,31.2,0,东北风,1,1,960,69,14,2
2024-08-24 00:00,晴,30.9,0,东北风,1,3,960,70,13,1
2024-08-24 01:00,晴,30.8,0,西南风,1,1,960,71,13,1
2024-08-24 02:00,晴,29.9,0,北风,1,2,961,76,12,0
2024-08-24 03:00,晴,29.3,0,西风,1,1,961,79,12,0
2024-08-24 04:00,晴,28.8,0,北风,1,2,961,83,9,0
2024-08-24 05:00,晴,28.4,0,北风,1,5,961,84,8,0
2024-08-24 06:00,晴,28.4,0,东北风,1,2,962,84,8,0
2024-08-24 07:00,晴,27.7,0,南风,1,2,962,86,7,0
2024-08-24 08:00,晴,27.7,0,东风,1,4,963,85,7,0
2024-08-24 09:00,阴,28.6,0,东北风,1,5,962,80,7,0
2024-08-24 10:00,阴,30,0,东风,1,5,962,76,12,0
2024-08-24 11:00,阴,32,0,东风,1,5,962,67,11,0
2024-08-24 12:00,多云,33.4,0,东北风,1,5,961,61,11,0
2024-08-24 13:00,多云,34.5,0,东风,1,3,960,58,13,0
2024-08-24 14:00,多云,35.8,0,东风,2,8,959,54,15,0
2024-08-24 15:00,多云,37.3,0,东风,2,6,958,50,16,16
2024-08-24 16:00,多云,37.3,0,西风,1,5,958,50,17,31
2024-08-24 17:00,多云,37.5,0,东风,1,5,957,50,16,47
2024-08-24 18:00,多云,37,0,南风,1,2,957,52,15,31
2024-08-24 19:00,多云,36.7,0,东南风,1,4,958,52,15,16
2024-08-24 20:00,晴,35.7,0,东北风,1,1,958,55,15,0
2024-08-24 21:00,晴,34.4,0,西风,1,1,959,58,21,12
2024-08-24 22:00,晴,34.1,0,东南风,1,1,959,57,19,25
2024-08-24 23:00,晴,33.8,0,北风,0,0,959,55,19,37
2024-08-25 00:00,晴,33.1,0,北风,1,3,959,56,17,25
2024-08-25 01:00,晴,32.5,0,东风,1,3,959,58,17,12
2024-08-25 02:00,晴,32,0,北风,1,2,959,59,16,0
2024-08-25 03:00,晴,31.8,0,东北风,1,2,958,62,17,9
2024-08-25 04:00,多云,31.8,0,北风,0,0,958,62,18,18
2024-08-25 05:00,晴,31.4,0,东风,1,2,958,63,20,27
2024-08-25 06:00,晴,31,0,北风,1,2,959,64,20,18
2024-08-25 07:00,晴,30.5,0,北风,1,5,959,66,20,9
2024-08-25 08:00,晴,30.4,0,北风,1,2,960,69,16,0
2024-08-25 09:00,多云,31.2,0,东北风,1,5,960,67,11,23
2024-08-25 10:00,多云,32.5,0,东北风,2,6,960,63,11,45
2024-08-25 11:00,多云,34.8,0,北风,1,4,959,56,16,68
2024-08-25 12:00,多云,36.2,0,北风,1,3,958,50,19,45
2024-08-25 13:00,多云,37.4,0,北风,1,5,957,47,21,23
2024-08-25 14:00,多云,38.2,0,西北风,1,4,957,43,21,0
2024-08-25 15:00,多云,39.1,0,东风,1,5,956,40,23,22
2024-08-25 16:00,阴,39.5,0,西南风,1,5,956,38,27,43
2024-08-25 17:00,多云,38.3,0,西南风,1,3,956,42,28,65
2024-08-25 18:00,多云,37.3,0,东北风,1,2,956,46,25,43
2024-08-25 19:00,阴,35.7,0,东北风,1,2,956,54,25,22
2024-08-25 20:00,多云,34.9,0,西南风,1,3,957,54,25,0
2024-08-25 21:00,多云,34,0,北风,1,2,957,61,24,22
2024-08-25 22:00,多云,33,0,西南风,1,1,958,65,23,44
2024-08-25 23:00,阴,32.5,0,西北风,2,10,958,69,18,66
2024-08-26 00:00,阴,32,0,西北风,1,3,959,72,21,44
2024-08-26 01:00,阴,31.6,0,东北风,1,2,959,64,24,22
2024-08-26 02:00,阴,30.5,0,东风,1,2,960,66,30,0
2024-08-26 03:00,阴,29.8,0.4,北风,0,0,960,66,18,7
2024-08-26 04:00,多云,28.1,0,西南风,1,1,960,74,17,14
2024-08-26 05:00,阴,28.4,0,西北风,1,5,960,70,17,21
2024-08-26 06:00,阴,28,0,西北风,1,3,961,73,19,14
2024-08-26 07:00,多云,26.9,0,西北风,1,3,961,79,19,7
2024-08-26 08:00,阴,26.9,0,西北风,2,7,962,79,19,0
2024-08-26 09:00,阴,26.9,0,南风,1,2,962,79,23,13
2024-08-26 10:00,多云,27.4,0,东风,1,4,963,76,19,25
2024-08-26 11:00,多云,28.5,0,南风,1,3,962,69,28,38
2024-08-26 12:00,多云,30.1,0,西北风,2,10,962,62,29,25
2024-08-26 13:00,多云,31.7,0,西北风,2,7,962,54,30,13
2024-08-26 14:00,多云,32.2,0,西北风,2,6,961,52,30,0
2024-08-26 15:00,多云,32.7,0,西北风,2,6,961,48,30,0
2024-08-26 16:00,多云,32.7,0,北风,1,2,961,48,31,0
2024-08-26 17:00,多云,31.1,0,西风,1,3,961,53,30,0
2024-08-26 18:00,多云,32.4,0,西南风,1,4,961,49,27,0
2024-08-26 19:00,多云,31.6,0,西风,1,5,962,50,27,0
2024-08-26 20:00,多云,31.4,0,西南风,1,3,963,46,27,0
2024-08-26 21:00,多云,30.4,0,东北风,2,9,964,46,27,25
2024-08-26 22:00,多云,29.7,0,北风,2,7,964,49,30,50
2024-08-26 23:00,多云,28.8,0,西北风,1,1,964,49,30,75
2024-08-27 00:00,阴,28,0,西南风,1,3,964,50,32,50
2024-08-27 01:00,晴,27.6,0,西南风,1,1,964,53,32,25
2024-08-27 02:00,多云,26.6,0,南风,1,1,964,57,34,0
2024-08-27 03:00,多云,26.3,0,西南风,1,3,964,60,35,32
2024-08-27 04:00,多云,26.3,0,南风,1,1,964,62,32,64
2024-08-27 05:00,多云,26.3,0,西南风,1,2,964,60,30,96
2024-08-27 06:00,晴,26.1,0,北风,2,11,965,63,30,64
2024-08-27 07:00,晴,25.7,0,北风,1,1,965,65,26,32
2024-08-27 08:00,晴,25.5,0,东北风,1,4,965,68,20,0
2024-08-27 09:00,晴,26.6,0,北风,2,6,966,63,24,0
2024-08-27 10:00,晴,28.3,0,西南风,1,3,966,55,24,0
2024-08-27 11:00,多云,30.1,0,东北风,2,9,966,58,24,0
2024-08-27 12:00,晴,34.1,0,东风,2,6,965,47,23,0
2024-08-27 13:00,晴,30.3,0,东北风,2,7,964,50,23,0
2024-08-27 14:00,晴,30.1,0,西南风,1,4,964,51,30,0
2024-08-27 15:00,阴,36,0,东南风,1,1,963,41,30,0
2024-08-27 16:00,晴,31.4,0,西风,1,5,962,46,30,0
2024-08-27 17:00,晴,31.9,0,西风,1,3,962,46,28,0
2024-08-27 18:00,晴,31.6,0,南风,1,3,962,48,28,0
2024-08-27 19:00,晴,33.9,0,西北风,1,2,962,45,28,0
2024-08-27 20:00,晴,29.7,0,西北风,1,3,963,54,29,0
2024-08-27 21:00,晴,29,0,西南风,1,3,963,56,27,14
2024-08-27 22:00,晴,28.4,0,南风,1,2,964,58,27,27
2024-08-27 23:00,晴,27.6,0,西风,1,1,963,63,23,41
2024-08-28 00:00,晴,27.1,0,东风,1,1,963,65,20,27
2024-08-28 01:00,晴,26.5,0,东南风,1,3,963,68,17,14
2024-08-28 02:00,晴,26.1,0,西南风,1,3,962,71,17,0
2024-08-28 03:00,晴,25.7,0,东风,1,3,962,73,16,0
2024-08-28 04:00,晴,25.3,0,南风,1,4,962,75,18,0
2024-08-28 05:00,晴,24.7,0,北风,1,1,963,78,20,0
2024-08-28 06:00,晴,24.4,0,东北风,1,3,963,79,20,0
2024-08-28 07:00,阴,24,0,东风,2,6,964,80,19,0
2024-08-28 08:00,阴,24.1,0,东北风,1,5,964,79,21,0
2024-08-28 09:00,晴,24.7,0,北风,1,4,964,74,21,2
2024-08-28 10:00,晴,26,0,北风,2,7,964,66,18,4
2024-08-28 11:00,多云,27.8,0,北风,1,4,964,60,19,6
2024-08-28 12:00,多云,29.1,0,东南风,2,6,963,53,19,4
2024-08-28 13:00,阴,30.4,0,北风,2,6,962,49,21,2
2024-08-28 14:00,阴,30.7,0,北风,2,6,962,48,23,0
2024-08-28 15:00,多云,31.7,0,东风,2,7,961,47,23,1
2024-08-28 16:00,多云,32.3,0,东风,1,4,961,47,23,1
2024-08-28 17:00,晴,32.2,0,西风,1,5,960,46,24,2
2024-08-28 18:00,晴,32,0,南风,1,3,960,48,24,1
2024-08-28 19:00,多云,30.9,0,西风,1,1,960,50,28,1
2024-08-28 20:00,阴,30.2,0,西南风,1,4,961,52,29,0
2024-08-28 21:00,阴,29.6,0,南风,1,3,962,54,27,1
2024-08-28 22:00,多云,31.9,0,北风,2,11,962,50,25,3
2024-08-28 23:00,阴,28.6,0,南风,1,3,962,60,21,4
2024-08-29 00:00,阴,27.3,0,南风,1,1,962,69,18,3
2024-08-29 01:00,阴,27.3,0,东风,1,3,962,69,17,1
2024-08-29 02:00,多云,26.8,0,东北风,1,2,962,68,17,0
2024-08-29 03:00,多云,26.2,0,北风,1,5,961,68,14,33
2024-08-29 04:00,多云,25.6,0,西南风,1,2,961,66,14,67
2024-08-29 05:00,阴,25,0,东南风,1,4,962,66,12,100
2024-08-29 06:00,多云,24.7,0,东南风,1,3,962,66,12,67
2024-08-29 07:00,晴,24.4,0,西北风,1,3,962,65,13,33
2024-08-29 08:00,阴,24.4,0,北风,1,4,962,65,16,0
2024-08-29 09:00,阴,25.3,0,西风,1,2,963,62,17,10
2024-08-29 10:00,晴,25.7,0,西南风,1,3,963,61,17,19
2024-08-29 11:00,多云,26.8,0,北风,2,6,962,58,18,29
2024-08-29 12:00,阴,29,0,西北风,2,7,962,52,18,19
2024-08-29 13:00,多云,28.6,0,北风,2,8,961,55,19,10
2024-08-29 14:00,多云,30.7,0,东北风,2,6,960,50,21,0
2024-08-29 15:00,晴,32.1,0,东南风,2,7,959,48,23,14
2024-08-29 16:00,晴,33,0,东北风,2,6,959,47,25,29
2024-08-29 17:00,阴,33.1,0,西北风,1,5,959,48,24,43
2024-08-29 18:00,多云,32.5,0,北风,1,3,959,50,24,29
2024-08-29 19:00,阴,31.7,0,东风,1,4,959,52,24,14
2024-08-29 20:00,多云,31,0,西南风,1,2,960,55,24,0
2024-08-29 21:00,晴,30.4,0,南风,1,1,961,57,21,28
2024-08-29 22:00,晴,29.6,0,西南风,2,6,961,58,15,57
2024-08-29 23:00,阴,28.9,0,西南风,2,7,961,60,9,85
2024-08-30 00:00,晴,28.6,0,西南风,1,4,961,62,21,57
2024-08-30 01:00,晴,28,0,西风,1,2,961,63,20,28
2024-08-30 02:00,晴,27.4,0,西风,1,1,961,66,15,0
2024-08-30 03:00,晴,27,0,西风,1,1,961,66,14,6
2024-08-30 04:00,晴,26.8,0,北风,1,2,960,68,14,13
2024-08-30 05:00,晴,26.4,0,北风,0,0,961,70,15,19
2024-08-30 06:00,晴,26.1,0,东北风,1,4,961,73,13,13
2024-08-30 07:00,阴,25.6,0,东风,1,3,961,75,12,6
2024-08-30 08:00,晴,25.4,0,东南风,1,4,962,79,12,0
2024-08-30 09:00,多云,27,0,北风,1,2,962,72,16,6
2024-08-30 10:00,晴,28.6,0,东南风,1,3,962,64,18,12
2024-08-30 11:00,晴,29.9,0,西北风,1,3,962,60,21,18
2024-08-30 12:00,多云,31.3,0,东北风,2,6,961,55,24,12
2024-08-30 13:00,多云,32.2,0,南风,1,4,960,52,27,6
2024-08-30 14:00,多云,33.4,0,东南风,2,8,960,49,26,0
2024-08-30 15:00,多云,34.4,0,西风,1,4,959,46,26,15
2024-08-30 16:00,多云,34.9,0,东北风,2,6,959,45,26,29
2024-08-30 17:00,晴,34.6,0,西南风,1,4,959,46,25,44
2024-08-30 18:00,晴,34.4,0,东北风,1,3,959,47,24,29
2024-08-30 19:00,晴,33.8,0,南风,1,3,959,47,26,15
2024-08-30 20:00,晴,32.6,0,北风,0,0,960,48,26,0
2024-08-30 21:00,晴,31.4,0,西南风,1,3,960,52,23,0
2024-08-30 22:00,晴,30.7,0,西风,1,3,961,55,20,0
2024-08-30 23:00,多云,30,0,西北风,1,2,961,58,28,0
2024-08-31 00:00,晴,29.4,0,西南风,1,2,960,60,31,0
2024-08-31 01:00,晴,28.9,0,东北风,1,2,960,62,30,0
2024-08-31 02:00,晴,28.6,0,西风,1,1,960,63,29,0
2024-08-31 03:00,晴,29,0,北风,2,11,961,53,29,0
2024-08-31 04:00,晴,29,0,东北风,1,5,961,53,29,0
2024-08-31 05:00,晴,27.6,0,东南风,1,2,961,69,27,0
2024-08-31 06:00,晴,27,0,西南风,1,1,962,71,25,0
2024-08-31 07:00,晴,26.5,0,东南风,1,2,962,75,23,0
2024-08-31 08:00,晴,25.9,0,东南风,1,2,962,78,22,0
2024-08-31 09:00,晴,27.4,0,北风,1,3,962,72,15,0
2024-08-31 10:00,晴,29.4,0,西风,1,1,962,63,18,0
2024-08-31 11:00,晴,31.3,0,西风,1,2,962,57,16,0
2024-08-31 12:00,晴,32.8,0,西风,2,7,961,53,19,0
2024-08-31 13:00,晴,34.1,0,东南风,1,5,960,48,19,0
2024-08-31 14:00,晴,35.3,0,东风,1,3,960,46,22,0
2024-08-31 15:00,晴,30.5,0,北风,2,6,959,51,22,7
2024-08-31 16:00,晴,30.5,0,东南风,1,2,959,51,22,13
2024-08-31 17:00,多云,30.5,0,西北风,1,3,959,51,22,20
2024-08-31 18:00,晴,36,0,东南风,1,1,959,45,19,13
2024-08-31 19:00,晴,35.2,0,南风,1,1,959,48,19,7
2024-08-31 20:00,晴,34.1,0,南风,1,1,960,51,19,0
2024-08-31 21:00,晴,33,0,南风,1,2,960,54,21,6
2024-08-31 22:00,晴,32,0,北风,2,11,961,59,25,11
2024-08-31 23:00,多云,31.4,0,西南风,1,2,961,64,23,17
2024-09-01 00:00,阴,30.9,0,北风,2,11,961,66,22,11
2024-09-01 01:00,阴,30.7,0,北风,0,0,961,68,20,6
2024-09-01 02:00,阴,30.3,0,西风,1,2,961,69,20,0
2024-09-01 03:00,阴,29.3,0,北风,0,0,961,58,20,15
2024-09-01 04:00,阴,29.3,0,西北风,1,3,961,58,20,29
2024-09-01 05:00,晴,29.3,0,西南风,1,3,961,58,20,44
2024-09-01 06:00,阴,29.2,0,南风,1,2,962,72,17,29
2024-09-01 07:00,多云,28.9,0,西南风,1,3,962,72,14,15
2024-09-01 08:00,晴,28.7,0,西北风,1,3,962,70,12,0
2024-09-01 09:00,多云,29.3,0,西风,1,2,963,67,10,0
2024-09-01 10:00,多云,30.7,0,西北风,2,6,963,61,13,0
2024-09-01 11:00,晴,32.4,0,西风,1,5,962,55,16,0
2024-09-01 12:00,晴,33.9,0,南风,1,5,962,49,18,0
2024-09-01 13:00,多云,35.2,0,东风,1,3,961,46,19,0
2024-09-01 14:00,多云,35.6,0,东南风,1,3,960,45,18,0
2024-09-01 15:00,多云,37.2,0,东北风,1,2,959,40,17,0
2024-09-01 16:00,多云,31.8,0,西北风,1,5,959,50,17,0
2024-09-01 17:00,晴,31.8,0,西北风,1,3,959,50,17,0
2024-09-01 18:00,晴,37.8,0,南风,1,3,959,38,19,0
2024-09-01 19:00,多云,36.7,0,北风,1,3,960,42,17,0
2024-09-01 20:00,多云,35.2,0,西南风,1,3,960,48,16,0
2024-09-01 21:00,多云,34.1,0,西风,1,2,961,53,16,2
2024-09-01 22:00,多云,33.1,0,北风,1,2,962,59,16,4
2024-09-01 23:00,阴,32.3,0,东北风,2,6,962,63,17,6
2024-09-02 00:00,阴,31,0,西南风,1,2,962,77,17,4
2024-09-02 01:00,多云,31.3,0,西北风,1,5,962,65,21,2
2024-09-02 02:00,多云,31,0,东北风,1,4,962,67,19,0
2024-09-02 03:00,多云,30.3,0,东风,1,5,962,70,19,5
2024-09-02 04:00,多云,30.8,0,西南风,1,3,962,55,19,10
2024-09-02 05:00,晴,30.8,0,西南风,1,2,962,55,19,15
2024-09-02 06:00,多云,28.7,0,东南风,1,3,963,75,19,10
2024-09-02 07:00,多云,28.1,0,东南风,1,4,964,75,16,5
2024-09-02 08:00,多云,27.7,0,东南风,2,6,964,76,16,0
2024-09-02 09:00,多云,28.1,0,东北风,2,6,965,71,18,31
2024-09-02 10:00,多云,28.4,0,北风,1,4,965,64,18,62
2024-09-02 11:00,多云,28.7,0,西南风,2,6,964,62,18,93
2024-09-02 12:00,多云,29.8,0,东南风,2,6,964,59,20,62
2024-09-02 13:00,多云,31.1,0,东南风,2,6,963,55,15,31
2024-09-02 14:00,多云,31.9,0,东北风,1,4,962,53,16,0
2024-09-02 15:00,多云,30.2,0,北风,2,10,962,97,16,22
2024-09-02 16:00,多云,30.2,0,北风,1,4,961,97,16,44
2024-09-02 17:00,多云,30.2,0,北风,1,5,961,97,16,66
2024-09-02 18:00,多云,31.4,0,东南风,1,5,961,53,19,44
2024-09-02 19:00,多云,30.1,0,东风,1,4,962,57,25,22
2024-09-02 20:00,多云,28.8,0,东风,2,6,962,59,25,0
2024-09-02 21:00,阴,27.8,0,东风,2,7,963,62,25,10
2024-09-02 22:00,多云,27,0,东南风,2,6,963,63,25,19
2024-09-02 23:00,多云,26.5,0,南风,1,2,964,65,25,29
2024-09-03 00:00,多云,25.9,0,西风,1,2,964,67,25,19
2024-09-03 01:00,多云,25.4,0,东北风,1,5,963,70,24,10
2024-09-03 02:00,多云,25,0,南风,2,6,962,71,24,0
2024-09-03 03:00,多云,24.5,0,东北风,1,5,962,72,22,2
2024-09-03 04:00,多云,28.9,0,东南风,1,2,963,55,22,4
2024-09-03 05:00,多云,28.9,0,东北风,1,3,963,55,22,6
2024-09-03 06:00,多云,24,0,西南风,1,2,963,77,18,4
2024-09-03 07:00,多云,23.9,0,东北风,1,3,963,76,15,2
2024-09-03 08:00,多云,23.8,0,西北风,1,5,963,78,20,0
2024-09-03 09:00,阴,24.6,0,南风,1,2,963,74,19,3
2024-09-03 10:00,阴,25.9,0,东北风,1,3,963,69,19,7
2024-09-03 11:00,多云,27.4,0,北风,2,7,962,64,15,10
2024-09-03 12:00,晴,29,0,西风,2,6,960,59,15,7
2024-09-03 13:00,晴,30.5,0,东南风,2,7,959,56,17,3
2024-09-03 14:00,晴,32.5,0,东北风,1,3,957,49,21,0
2024-09-03 15:00,晴,34.3,0,东北风,1,4,956,46,21,5
2024-09-03 16:00,晴,29.8,0,南风,2,8,956,48,21,11
2024-09-03 17:00,晴,29.8,0,北风,1,4,955,48,21,16
2024-09-03 18:00,晴,36.4,0,东北风,1,3,955,42,25,11
2024-09-03 19:00,晴,34.9,0,北风,1,3,956,45,23,5
2024-09-03 20:00,晴,32.3,0,东南风,1,4,956,52,27,0
2024-09-03 21:00,晴,30.7,0,东北风,1,3,957,55,33,0
2024-09-03 22:00,多云,30,0,东北风,1,3,958,57,36,1
2024-09-03 23:00,多云,29.6,0,东北风,1,3,958,58,36,1
2024-09-04 00:00,多云,29.5,0,南风,1,4,958,60,37,1
2024-09-04 01:00,多云,29.2,0,东风,1,5,959,61,40,0
2024-09-04 02:00,多云,29,0,东南风,1,5,959,61,42,0
2024-09-04 03:00,多云,28.1,0,东风,1,3,958,66,31,0
2024-09-04 04:00,多云,28.4,0,东北风,1,2,958,54,31,1
2024-09-04 05:00,多云,28.4,0,北风,1,2,959,54,31,1
2024-09-04 06:00,多云,25.4,0,北风,0,0,959,77,17,1
2024-09-04 07:00,晴,25,0,东南风,1,2,960,78,14,0
2024-09-04 08:00,晴,24.9,0,西北风,1,2,960,79,13,0
2024-09-04 09:00,晴,25.8,0,西风,1,1,961,76,15,0
2024-09-04 10:00,晴,27.4,0,西北风,1,4,960,70,16,0
2024-09-04 11:00,晴,29,0,南风,2,7,960,64,15,0
2024-09-04 12:00,晴,30.4,0,北风,1,3,959,60,15,0
2024-09-04 13:00,阴,31.8,0,西北风,2,6,959,55,17,0
2024-09-04 14:00,阴,32.9,0,西南风,2,9,959,52,19,0
2024-09-04 15:00,阴,33.5,0,南风,1,4,959,50,21,6
2024-09-04 16:00,阴,27.9,0,南风,2,7,959,100,21,13
2024-09-04 17:00,阴,27.9,0,东风,2,6,960,100,21,19
2024-09-04 18:00,多云,32.4,0,西北风,2,6,962,48,20,13
2024-09-04 19:00,多云,28.9,0,西风,2,10,963,52,18,6
2024-09-04 20:00,多云,27.6,0,东风,2,10,965,53,21,0
2024-09-04 21:00,多云,26.8,0,北风,2,6,966,54,27,33
2024-09-04 22:00,阴,26.3,0,南风,1,5,967,55,32,67
2024-09-04 23:00,多云,26.2,0,东南风,1,5,968,55,29,100
2024-09-05 00:00,多云,26,0,东北风,1,5,968,54,30,67
2024-09-05 01:00,多云,25.7,0,东北风,2,7,968,53,29,33
2024-09-05 02:00,多云,25.2,0,南风,1,5,968,55,30,0
2024-09-05 03:00,多云,27.7,0,南风,2,9,969,100,30,25
2024-09-05 04:00,多云,27.7,0,北风,2,7,969,100,30,51
2024-09-05 05:00,晴,27.7,0,东北风,1,2,969,100,30,76
2024-09-05 06:00,多云,23.7,0,东北风,1,4,970,56,31,51
2024-09-05 07:00,多云,23,0,东南风,1,3,970,58,31,25
2024-09-05 08:00,多云,22.4,0,东风,1,3,971,61,30,0
2024-09-05 09:00,多云,22.5,0,北风,1,5,971,60,30,14
2024-09-05 10:00,多云,22.9,0,西南风,2,6,971,59,30,27
2024-09-05 11:00,多云,23.1,0.2,北风,1,5,970,58,31,41
2024-09-05 12:00,阴,23.9,0,南风,2,11,969,56,30,27
2024-09-05 13:00,阴,25.6,0,南风,2,10,968,51,30,14
2024-09-05 14:00,阴,27.4,0,西南风,1,5,967,46,30,0
2024-09-05 15:00,阴,28.6,0,西北风,1,3,967,43,30,0
2024-09-05 16:00,阴,25,0,北风,1,5,966,40,30,0
2024-09-05 17:00,晴,25,0,西风,1,3,965,40,30,0
2024-09-05 18:00,晴,29,0,北风,1,3,965,45,22,0
2024-09-05 19:00,晴,28.4,0,南风,1,2,965,47,20,0
2024-09-05 20:00,晴,27.3,0,北风,0,0,966,51,19,0
2024-09-05 21:00,晴,26.6,0,西北风,1,3,966,55,19,0
2024-09-05 22:00,晴,25.8,0,西北风,1,2,966,59,19,0
2024-09-05 23:00,晴,25.5,0,东南风,1,2,966,62,18,0
2024-09-06 00:00,晴,24.8,0,北风,0,0,966,67,17,0
2024-09-06 01:00,晴,24.3,0,西北风,1,2,966,69,18,0
2024-09-06 02:00,晴,24.2,0,北风,2,11,965,70,17,0
2024-09-06 03:00,晴,25.2,0,西南风,1,2,965,55,17,1
2024-09-06 04:00,晴,25.2,0,北风,0,0,964,55,17,3
2024-09-06 05:00,多云,25.2,0,北风,1,5,964,55,17,4
2024-09-06 06:00,阴,23.2,0,东北风,1,2,965,78,19,3
2024-09-06 07:00,多云,23,0,西风,1,2,965,79,20,1
2024-09-06 08:00,多云,22.9,0,北风,1,3,966,82,17,0
2024-09-06 09:00,多云,23.9,0,西北风,1,3,966,76,20,0
2024-09-06 10:00,晴,25.7,0,西南风,2,6,966,69,19,1
2024-09-06 11:00,晴,27.7,0,西北风,1,5,965,61,21,1
2024-09-06 12:00,晴,29.2,0,西北风,2,7,965,55,22,1
2024-09-06 13:00,晴,31.5,0,东北风,1,5,964,50,23,0
2024-09-06 14:00,晴,32.9,0,西风,2,6,963,47,23,0
2024-09-06 15:00,晴,25.2,0,东风,1,4,962,54,23,2
2024-09-06 16:00,晴,27.6,0,南风,1,3,962,54,23,5
2024-09-06 17:00,晴,27.6,0,南风,1,3,962,54,29,7
2024-09-06 18:00,晴,34.3,0,西风,1,3,962,40,26,5
2024-09-06 19:00,晴,33,0,西北风,1,3,963,44,25,2
2024-09-06 20:00,晴,31.1,0,南风,1,5,964,50,25,0
2024-09-06 21:00,晴,29.6,0,西南风,2,8,965,56,24,0
2024-09-06 22:00,晴,28.8,0,南风,2,8,966,59,20,0
2024-09-06 23:00,晴,28,0,南风,2,9,966,62,13,0
2024-09-07 00:00,晴,27.3,0,西风,1,5,966,64,11,0
2024-09-07 01:00,晴,26.7,0,南风,2,9,967,64,11,0
2024-09-07 02:00,多云,25.7,0,南风,2,9,967,62,12,0
2024-09-07 03:00,多云,24.8,0,南风,3,13,966,62,21,0
2024-09-07 04:00,多云,24.4,0,南风,2,9,966,62,24,0
2024-09-07 05:00,多云,23.6,0,西南风,2,8,967,64,26,0
2024-09-07 06:00,多云,23,0,南风,2,6,967,67,29,0
2024-09-07 07:00,多云,22.8,0,南风,1,5,967,68,30,0
2024-09-07 08:00,多云,22.8,0,南风,1,5,968,68,32,0
2024-09-07 09:00,阴,23.7,0,南风,1,5,968,65,28,0
2024-09-07 10:00,晴,25.4,0,西北风,1,5,967,60,28,0
2024-09-07 11:00,晴,27.1,0,东风,1,2,967,54,29,0
2024-09-07 12:00,晴,28.6,0,南风,2,7,965,51,26,0
2024-09-07 13:00,晴,34.1,0,西南风,1,5,964,52,26,0
2024-09-07 14:00,晴,31.3,0,西南风,2,7,963,46,23,0
2024-09-07 15:00,多云,32.7,0,南风,1,5,962,44,24,12
2024-09-07 16:00,晴,23.7,0,东南风,2,6,962,58,24,23
2024-09-07 17:00,晴,34.2,0,东北风,2,7,962,42,24,35
2024-09-07 18:00,晴,33.6,0,北风,1,5,961,45,25,23
2024-09-07 19:00,晴,32.9,0,北风,1,1,961,49,24,12
2024-09-07 20:00,晴,31.8,0,西北风,1,2,962,50,22,0
2024-09-07 21:00,晴,30.8,0,东南风,1,3,963,52,21,0
2024-09-07 22:00,晴,30,0,西南风,1,1,963,54,21,0
2024-09-07 23:00,多云,29.4,0,西南风,1,4,963,56,30,0
2024-09-08 00:00,多云,29.3,0,西南风,1,5,963,55,34,0
2024-09-08 01:00,多云,29.4,0,西南风,2,6,962,53,36,0
2024-09-08 02:00,多云,29.3,0,南风,2,6,962,54,37,0
2024-09-08 03:00,多云,29.1,0,西北风,1,5,961,56,37,1
2024-09-08 04:00,多云,27.4,0,西南风,2,6,961,55,37,1
2024-09-08 05:00,多云,28.9,0,东风,1,1,962,59,37,2
2024-09-08 06:00,阴,28.9,0,西北风,1,1,962,61,36,1
2024-09-08 07:00,晴,28.5,0,北风,1,3,962,64,33,1
2024-09-08 08:00,晴,28.1,0,北风,1,3,962,67,26,0
2024-09-08 09:00,晴,29.6,0,西南风,1,4,962,62,20,0
2024-09-08 10:00,多云,32.2,0,西南风,2,10,961,54,19,1
2024-09-08 11:00,多云,35,0,南风,2,7,961,42,25,1
2024-09-08 12:00,多云,35,0,南风,3,12,960,39,26,1
2024-09-08 13:00,多云,35.9,0,南风,2,10,960,36,24,0
2024-09-08 14:00,多云,37.4,0,南风,2,8,959,33,27,0
2024-09-08 15:00,多云,37.8,0,南风,2,6,958,32,30,0
2024-09-08 16:00,多云,38.1,0,东南风,2,6,958,31,30,0
2024-09-08 17:00,多云,37.3,0,南风,2,8,958,33,30,0
2024-09-08 18:00,晴,37.2,0,西南风,1,4,958,35,30,0
2024-09-08 19:00,晴,35.4,0,南风,1,4,959,40,29,0
2024-09-08 20:00,阴,34.3,0,西南风,2,8,960,43,28,0
2024-09-08 21:00,阴,33.2,0,西南风,1,5,961,48,29,0
2024-09-08 22:00,晴,32.7,0,南风,2,7,961,50,30,0
2024-09-08 23:00,阴,32.3,0,西南风,1,3,961,52,29,0
2024-09-09 00:00,多云,31.9,0,西北风,1,5,961,53,30,0
2024-09-09 01:00,多云,31.6,0,东风,1,1,961,55,29,0
2024-09-09 02:00,晴,31.1,0,东北风,1,4,961,57,29,0
2024-09-09 03:00,多云,30.6,0,北风,1,3,961,60,30,0
2024-09-09 04:00,多云,31.7,0,北风,2,8,961,51,30,0
2024-09-09 05:00,多云,28.9,0,东风,2,6,961,68,25,0
2024-09-09 06:00,阴,28.5,0,北风,1,3,962,70,22,0
2024-09-09 07:00,阴,28.1,0,东风,1,3,963,73,15,0
2024-09-09 08:00,阴,27.8,0,北风,1,5,963,74,8,0
2024-09-09 09:00,阴,28.1,0,西风,1,1,963,74,7,0
2024-09-09 10:00,多云,28.8,0,西风,1,5,963,72,9,0
2024-09-09 11:00,多云,29.3,0,东风,1,3,963,68,9,0
2024-09-09 12:00,多云,30.6,0,西北风,2,6,963,64,10,0
2024-09-09 13:00,多云,32.6,0,南风,2,8,962,57,11,0
2024-09-09 14:00,多云,32.7,0,北风,2,7,962,57,15,0
2024-09-09 15:00,多云,33.6,0,东北风,2,10,962,54,14,32
2024-09-09 16:00,多云,33.1,0,东南风,2,6,964,30,14,65
2024-09-09 17:00,阴,27.2,0,西南风,2,7,964,56,19,97
2024-09-09 18:00,阴,24.6,0,东北风,2,7,966,62,25,65
2024-09-09 19:00,阴,22.5,0,北风,2,7,967,57,30,32
2024-09-09 20:00,阴,23.8,0,南风,2,8,969,60,31,0
2024-09-09 21:00,阴,23.7,0,东北风,2,6,969,59,32,32
2024-09-09 22:00,阴,23.6,0,南风,2,6,970,58,31,65
2024-09-09 23:00,阴,23.7,0,北风,2,10,970,56,31,97
2024-09-10 00:00,多云,23.7,0,东北风,1,5,970,54,29,65
2024-09-10 01:00,阴,23.3,0,北风,1,2,970,56,23,32
2024-09-10 02:00,阴,21.8,0,西北风,1,5,970,66,18,0
2024-09-10 03:00,阴,21.8,0,北风,1,4,970,65,21,30
2024-09-10 04:00,阴,24.5,0,东北风,1,3,970,85,28,60
2024-09-10 05:00,阴,21.9,0,南风,2,7,971,64,26,90
2024-09-10 06:00,阴,21.7,0,西北风,1,3,971,66,24,60
2024-09-10 07:00,阴,21.6,0,西北风,1,5,971,67,24,30
2024-09-10 08:00,多云,21.9,0,西北风,2,7,971,65,24,0
2024-09-10 09:00,多云,22.2,0,南风,2,6,972,63,21,0
2024-09-10 10:00,晴,23.4,0,西北风,2,7,972,59,21,0
2024-09-10 11:00,阴,24.9,0,西北风,2,8,971,53,22,0
2024-09-10 12:00,晴,25.9,0,北风,2,6,970,50,21,0
2024-09-10 13:00,多云,27,0,东北风,2,9,969,47,22,0
2024-09-10 14:00,阴,28,0,南风,1,5,968,44,22,0
2024-09-10 15:00,阴,24.2,0,东南风,1,2,968,45,22,1
2024-09-10 16:00,多云,24.2,0,西北风,2,9,967,45,20,1
2024-09-10 17:00,晴,28.9,0,北风,1,3,967,42,19,2
2024-09-10 18:00,晴,28.9,0,东北风,1,3,967,44,18,1
2024-09-10 19:00,晴,28.3,0,西南风,1,4,967,46,22,1
2024-09-10 20:00,晴,27.4,0,西风,1,2,968,49,23,0
2024-09-10 21:00,晴,25.2,0,西北风,1,3,970,56,21,3
2024-09-10 22:00,阴,25,0,东风,1,5,970,61,20,5
2024-09-10 23:00,晴,26.4,0,东北风,1,3,970,57,21,8
2024-09-11 00:00,阴,26,0,南风,1,1,970,59,21,5
2024-09-11 01:00,晴,25.7,0,东南风,1,3,970,60,22,3
2024-09-11 02:00,晴,25.4,0,西北风,1,2,969,62,22,0
2024-09-11 03:00,晴,24.9,0,东北风,2,6,969,65,22,8
2024-09-11 04:00,阴,24.3,0,东北风,1,2,969,60,19,15
2024-09-11 05:00,多云,24,0,东南风,1,5,969,71,15,23
2024-09-11 06:00,阴,23.6,0,东风,1,2,970,74,15,15
2024-09-11 07:00,多云,23.3,0,东北风,1,5,971,76,14,8
2024-09-11 08:00,多云,23,0,北风,1,5,971,78,13,0
2024-09-11 09:00,多云,23.7,0,东风,2,9,971,73,15,29
2024-09-11 10:00,多云,25,0,东南风,1,3,970,67,15,59
2024-09-11 11:00,多云,26,0,北风,2,6,970,61,13,88
2024-09-11 12:00,晴,27.2,0,北风,2,7,968,57,10,59
2024-09-11 13:00,晴,28.5,0,北风,2,9,967,54,10,29
2024-09-11 14:00,多云,29.8,0,南风,1,3,967,51,12,0
2024-09-11 15:00,阴,30.9,0,东北风,2,7,966,48,15,1
2024-09-11 16:00,多云,31.4,0,南风,2,6,965,49,17,1
2024-09-11 17:00,阴,23.6,0,东南风,1,2,965,63,17,2
2024-09-11 18:00,晴,31.6,0,南风,1,3,964,50,17,1
2024-09-11 19:00,晴,31.3,0,西风,1,1,965,51,19,1
2024-09-11 20:00,晴,30.9,0,东南风,1,1,965,50,21,0
2024-09-11 21:00,晴,29.8,0,北风,1,5,966,54,20,0
2024-09-11 22:00,晴,29,0,东南风,1,1,966,57,21,0
2024-09-11 23:00,晴,27.9,0,西风,1,2,966,61,24,0
2024-09-12 00:00,晴,27.2,0,东北风,1,2,966,64,21,0
2024-09-12 01:00,晴,26.6,0,北风,1,4,966,67,18,0
2024-09-12 02:00,晴,26,0,南风,1,5,966,69,16,0
2024-09-12 03:00,晴,24.8,0,东北风,2,7,965,70,14,0
2024-09-12 04:00,多云,27.5,0,西南风,1,5,965,59,14,0
2024-09-12 05:00,多云,23.2,0,南风,1,3,966,66,13,0
2024-09-12 06:00,多云,22.5,0,南风,1,5,966,65,12,0
2024-09-12 07:00,多云,22,0,南风,1,4,966,64,11,0
2024-09-12 08:00,多云,22,0,东南风,1,5,966,63,15,0
2024-09-12 09:00,多云,22.4,0,东南风,1,5,966,76,15,0
2024-09-12 10:00,多云,22.4,0,东南风,1,5,966,76,15,1
2024-09-12 11:00,晴,25.9,0,微风,1,1,966,54,19,1
2024-09-12 12:00,晴,27.4,0,东南风,1,5,964,51,24,1
2024-09-12 13:00,晴,29.2,0,南风,2,7,963,47,27,0
2024-09-12 14:00,晴,31,0,东北风,1,3,962,44,26,0
2024-09-12 15:00,晴,32.7,0,东南风,2,7,961,42,27,0
2024-09-12 16:00,多云,24.6,0,东风,2,6,961,54,29,1
2024-09-12 17:00,晴,34,0,西南风,1,4,961,40,28,1
2024-09-12 18:00,晴,33.2,0,西北风,1,3,961,42,26,1
2024-09-12 19:00,晴,32.2,0,西风,1,2,961,44,25,0
2024-09-12 20:00,晴,30.5,0,西风,1,3,962,49,27,0
2024-09-12 21:00,晴,29.1,0,西北风,1,3,963,52,26,0
2024-09-12 22:00,晴,28.4,0,东北风,1,2,963,54,24,0
2024-09-12 23:00,晴,28,0,西南风,1,1,963,55,30,0
2024-09-13 00:00,晴,27.5,0,东风,1,2,963,57,29,0
2024-09-13 01:00,晴,27,0,北风,1,1,963,59,29,0
2024-09-13 02:00,晴,26.2,0,东风,1,3,963,62,26,0
2024-09-13 03:00,晴,25.2,0,南风,1,3,963,65,22,0
2024-09-13 04:00,雨,24.5,0,西风,1,2,963,67,17,0
2024-09-13 05:00,晴,23.8,0,北风,1,2,963,68,16,0
2024-09-13 06:00,晴,23.3,0,西南风,1,1,964,71,18,0
2024-09-13 07:00,晴,23,0,西南风,1,2,965,72,20,0
2024-09-13 08:00,晴,22.8,0,西南风,1,3,965,75,16,0
2024-09-13 09:00,雨,24,0,南风,1,5,965,70,16,0
2024-09-13 10:00,晴,25.9,0,东风,1,5,965,62,22,0
2024-09-13 11:00,晴,27.2,0,东北风,1,3,965,57,20,0
2024-09-13 12:00,晴,28.4,0,西北风,2,7,964,52,19,0
2024-09-13 13:00,阴,29.8,0,西北风,2,7,964,50,20,0
2024-09-13 14:00,阴,30.3,0,西风,2,6,963,48,18,0
2024-09-13 15:00,阴,30.7,0,西北风,1,3,963,48,18,1
2024-09-13 16:00,多云,25.4,0,西北风,2,11,963,56,23,2
2024-09-13 17:00,多云,29.7,0,北风,1,3,963,52,22,3
2024-09-13 18:00,多云,28.4,0,东北风,2,6,963,54,24,2
2024-09-13 19:00,多云,27.3,0,北风,2,6,963,56,28,1
2024-09-13 20:00,多云,26.7,0,南风,2,8,964,57,28,0
2024-09-13 21:00,多云,26.5,0,东北风,1,5,964,55,28,0
2024-09-13 22:00,阴,26.3,0,北风,1,3,964,54,27,0
2024-09-13 23:00,多云,26,0,北风,1,1,964,55,26,0
2024-09-14 00:00,多云,25.6,0,北风,1,3,964,56,25,0
2024-09-14 01:00,多云,25.3,0,南风,1,4,964,55,25,0
2024-09-14 02:00,多云,25.1,0,南风,1,5,963,56,24,0
2024-09-14 03:00,阴,25,0,东南风,1,4,963,56,24,1
2024-09-14 04:00,阴,26.4,0,南风,2,6,963,54,24,3
2024-09-14 05:00,阴,24.7,0,西北风,1,3,963,57,23,4
2024-09-14 06:00,阴,24.6,0,南风,2,6,963,58,22,3
2024-09-14 07:00,晴,24.4,0,南风,1,2,964,59,21,1
2024-09-14 08:00,晴,24.1,0,西南风,1,5,964,60,18,0
2024-09-14 09:00,晴,24.6,0,西南风,1,5,964,59,19,1
2024-09-14 10:00,晴,25.5,0,西北风,2,6,964,56,24,2
2024-09-14 11:00,晴,27.6,0,北风,1,5,963,50,22,3
2024-09-14 12:00,晴,28.9,0,南风,1,3,962,46,23,2
2024-09-14 13:00,多云,30.2,0,东风,2,7,961,42,23,1
2024-09-14 14:00,多云,30.7,0,西风,1,5,960,41,24,0
2024-09-14 15:00,阴,31.5,0,西北风,2,7,959,41,23,1
2024-09-14 16:00,阴,32.4,0,北风,1,4,958,39,23,2
2024-09-14 17:00,阴,24.9,0,北风,1,3,958,52,23,3
2024-09-14 18:00,多云,31.9,0,西北风,2,6,958,43,25,2
2024-09-14 19:00,晴,30.9,0,东南风,1,3,958,47,24,1
2024-09-14 20:00,晴,29.8,0,北风,1,2,959,53,23,0
2024-09-14 21:00,晴,29.3,0,西风,1,3,960,55,25,0
2024-09-14 22:00,多云,28.9,0,西南风,1,2,960,57,24,0
2024-09-14 23:00,多云,28.1,0,北风,1,2,960,60,25,0
2024-09-15 00:00,多云,27.5,0,东北风,1,5,960,63,23,0
2024-09-15 01:00,阴,26.8,0,北风,1,3,960,68,18,0
2024-09-15 02:00,多云,26.3,0,西风,1,3,960,69,16,0
2024-09-15 03:00,多云,25.6,0,西南风,1,2,960,70,17,16
2024-09-15 04:00,多云,27,0,东风,1,5,960,51,13,31
2024-09-15 05:00,阴,24.5,0,东风,1,2,960,72,16,47
2024-09-15 06:00,阴,24.1,0,东风,2,6,961,73,15,31
2024-09-15 07:00,阴,23.7,0,东南风,1,3,961,73,15,16
2024-09-15 08:00,阴,23.3,0,东南风,2,8,962,73,13,0
2024-09-15 09:00,阴,23.5,0,东北风,1,3,963,72,9,0
2024-09-15 10:00,多云,24.7,0,北风,1,5,963,67,11,1
2024-09-15 11:00,多云,25.3,0,南风,1,5,962,63,11,1
2024-09-15 12:00,多云,27.1,0,东北风,2,7,961,57,12,1
2024-09-15 13:00,多云,28.2,0,东北风,2,6,961,54,15,0
2024-09-15 14:00,晴,28.9,0,北风,2,7,960,52,17,0
2024-09-15 15:00,多云,30.6,0,东风,2,8,960,48,20,3
2024-09-15 16:00,阴,27.9,0,东北风,2,10,960,50,20,7
2024-09-15 17:00,晴,32.2,0,北风,1,5,960,44,27,10
2024-09-15 18:00,晴,32.3,0,西北风,1,1,960,44,26,7
2024-09-15 19:00,晴,31.2,0,西风,1,1,961,46,27,3
2024-09-15 20:00,晴,30,0,北风,2,7,962,50,27,0
2024-09-15 21:00,晴,29,0,西北风,1,3,963,53,28,0
2024-09-15 22:00,晴,27.9,0,东北风,2,8,964,56,29,0
2024-09-15 23:00,晴,26.4,0,东南风,1,4,964,59,29,0
2024-09-16 00:00,晴,24.8,0,东南风,2,6,964,61,27,0
2024-09-16 01:00,晴,23.5,0,东北风,2,8,965,63,21,0
2024-09-16 02:00,多云,22.6,0,西风,1,3,965,65,22,0
2024-09-16 03:00,多云,22.1,0,东南风,1,3,965,66,20,1
2024-09-16 04:00,多云,27.2,0,西南风,1,2,965,56,21,1
2024-09-16 05:00,多云,21.4,0,西北风,1,3,966,70,23,2
2024-09-16 06:00,多云,21,0,东南风,1,3,966,73,23,1
2024-09-16 07:00,多云,20.7,0,东北风,2,6,967,74,22,1
2024-09-16 08:00,多云,20.6,0,东南风,2,6,967,74,17,0
2024-09-16 09:00,多云,21.7,0,西南风,1,3,967,69,17,0
2024-09-16 10:00,多云,23.3,0,东风,2,6,969,63,18,0
2024-09-16 11:00,多云,25.2,0,东南风,2,6,968,58,18,0
2024-09-16 12:00,多云,26.7,0,东北风,1,5,967,53,17,1
2024-09-16 13:00,晴,28.1,0,南风,1,5,967,51,18,2
2024-09-16 14:00,晴,29.4,0,东南风,2,6,966,48,18,3
2024-09-16 15:00,晴,30.4,0,西北风,1,3,965,45,21,3
2024-09-16 16:00,多云,23,0,东北风,2,6,965,56,21,3
2024-09-16 17:00,多云,31.8,0,西风,1,2,965,44,20,3
2024-09-16 18:00,多云,31.4,0,西北风,1,1,965,46,22,2
2024-09-16 19:00,多云,30.7,0,西南风,1,2,965,49,26,1
2024-09-16 20:00,多云,29.5,0,西风,1,2,966,53,23,0
2024-09-16 21:00,多云,28.9,0,北风,1,1,967,56,24,0
2024-09-16 22:00,晴,28.1,0,西南风,1,2,967,59,24,0
2024-09-16 23:00,晴,27.6,0,东南风,1,1,967,61,23,0
2024-09-17 00:00,晴,26.9,0,西风,1,2,967,64,21,0
2024-09-17 01:00,晴,26.3,0,南风,1,4,967,67,19,0
2024-09-17 02:00,晴,25.8,0,北风,0,0,967,69,16,0
2024-09-17 03:00,晴,25.1,0,东风,1,1,967,73,16,0
2024-09-17 04:00,晴,25.8,0,东南风,1,2,967,56,15,0
2024-09-17 05:00,晴,24.2,0,东南风,1,5,968,77,13,0
2024-09-17 06:00,晴,24,0,东北风,1,3,968,79,13,0
2024-09-17 07:00,晴,23.5,0,东南风,1,2,969,82,12,0
2024-09-17 08:00,晴,23.3,0,东南风,1,2,969,83,12,0
2024-09-17 09:00,晴,24.3,0,东风,1,4,969,77,13,10
2024-09-17 10:00,晴,26,0,北风,2,6,969,69,12,19
2024-09-17 11:00,晴,27.7,0,北风,1,3,968,62,12,29
2024-09-17 12:00,晴,29.2,0,东北风,2,8,968,56,14,19
2024-09-17 13:00,晴,30.5,0,东北风,2,6,966,51,17,10
2024-09-17 14:00,晴,31.5,0,北风,2,9,965,49,21,0
2024-09-17 15:00,晴,32.5,0,东南风,2,6,964,46,23,1
2024-09-17 16:00,晴,26.4,0,东南风,1,5,964,53,23,3
2024-09-17 17:00,多云,32.7,0,东南风,1,3,964,46,22,4
2024-09-17 18:00,多云,32,0,东南风,1,2,964,49,21,3
2024-09-17 19:00,晴,31.2,0,西北风,1,2,964,50,21,1
2024-09-17 20:00,晴,30.3,0,东南风,1,2,965,53,24,0
2024-09-17 21:00,晴,29.6,0,东南风,1,2,965,56,22,0
2024-09-17 22:00,晴,29,0,南风,1,2,965,59,18,0
2024-09-17 23:00,晴,28.5,0,北风,1,1,965,61,17,0
2024-09-18 00:00,晴,27.7,0,北风,1,5,965,64,17,0
2024-09-18 01:00,晴,27.4,0,南风,1,2,965,65,12,0
2024-09-18 02:00,晴,26.5,0,北风,1,2,965,69,10,0
2024-09-18 03:00,晴,25.9,0,东北风,1,5,965,73,11,0
2024-09-18 04:00,晴,25.7,0,西南风,1,1,965,51,11,0
2024-09-18 05:00,晴,24.7,0,西北风,1,2,965,79,11,0
2024-09-18 06:00,晴,24.4,0,南风,1,1,965,81,11,0
2024-09-18 07:00,晴,23.9,0,南风,1,3,966,83,11,0
2024-09-18 08:00,晴,23.8,0,北风,1,3,966,84,11,0
2024-09-18 09:00,晴,25.1,0,东北风,1,3,967,77,12,0
2024-09-18 10:00,晴,27.2,0,北风,2,6,966,66,15,1
2024-09-18 11:00,晴,29.1,0,东北风,2,6,965,60,14,1
2024-09-18 12:00,晴,30.5,0,东风,1,4,964,54,14,1
2024-09-18 13:00,晴,31.7,0,东风,2,6,963,50,18,0
2024-09-18 14:00,晴,33.1,0,北风,1,4,962,46,23,0
2024-09-18 15:00,晴,34.1,0,东风,1,5,961,43,24,1
2024-09-18 16:00,晴,27.2,0,东北风,1,5,960,55,24,2
2024-09-18 17:00,晴,34.7,0,南风,1,3,960,42,23,3
2024-09-18 18:00,晴,34.6,0,东风,1,5,960,42,23,2
2024-09-18 19:00,晴,33.9,0,西南风,1,4,960,45,28,1
2024-09-18 20:00,晴,32.6,0,东风,1,3,961,50,28,0
2024-09-18 21:00,晴,31.7,0,东南风,1,4,962,54,22,0
2024-09-18 22:00,晴,30.5,0,东南风,1,5,963,58,16,0
2024-09-18 23:00,晴,29.1,0,东南风,1,3,963,63,34,0
2024-09-19 00:00,晴,27.8,0,东南风,1,5,964,67,34,0
2024-09-19 01:00,晴,26.8,0,东南风,1,3,964,70,30,0
2024-09-19 02:00,晴,26.2,0,南风,1,5,964,72,22,0
2024-09-19 03:00,晴,25.6,0,东南风,1,3,964,74,17,4
2024-09-19 04:00,多云,28.1,0,东南风,1,3,964,50,19,7
2024-09-19 05:00,多云,24.8,0,东风,1,3,965,76,22,11
2024-09-19 06:00,多云,24.4,0,西北风,1,3,965,76,20,7
2024-09-19 07:00,多云,24.1,0,东南风,1,3,966,76,18,4
2024-09-19 08:00,多云,23.9,0,北风,1,2,966,77,16,0
2024-09-19 09:00,多云,24.5,0,西风,1,2,967,74,17,13
2024-09-19 10:00,多云,25.7,0,北风,2,10,966,70,20,26
2024-09-19 11:00,晴,27.1,0,南风,1,3,966,65,19,39
2024-09-19 12:00,多云,28.6,0,南风,1,5,965,60,11,26
2024-09-19 13:00,多云,30,0,西北风,1,5,964,56,21,13
2024-09-19 14:00,多云,31.2,0,北风,2,6,963,52,23,0
2024-09-19 15:00,多云,32.3,0,北风,2,6,962,49,23,2
2024-09-19 16:00,多云,26.8,0,东南风,2,6,962,56,24,4
2024-09-19 17:00,多云,33,0,东南风,1,5,962,48,25,6
2024-09-19 18:00,多云,32.5,0,南风,1,4,962,50,29,4
2024-09-19 19:00,多云,31.7,0,西北风,1,5,963,52,31,2
2024-09-19 20:00,阴,30.6,0,东风,2,6,963,57,27,0
2024-09-19 21:00,多云,29.6,0,西北风,1,1,964,58,17,0
2024-09-19 22:00,阴,28.9,0,西风,1,2,964,61,19,0
2024-09-19 23:00,阴,28.1,0,西北风,2,6,965,65,19,0
2024-09-20 00:00,阴,27.4,0,东风,1,5,965,67,20,0
2024-09-20 01:00,阴,26.7,0,北风,1,4,965,70,21,0
2024-09-20 02:00,多云,26.1,0,北风,1,1,965,72,21,0
2024-09-20 03:00,阴,25.6,0,北风,1,3,965,74,21,33
2024-09-20 04:00,多云,27.6,0,西风,1,4,965,60,21,67
2024-09-20 05:00,多云,24.8,0,东风,1,3,965,78,26,100
2024-09-20 06:00,阴,24.9,0,西风,1,1,966,77,27,67
2024-09-20 07:00,阴,24.9,0,西北风,2,6,967,77,27,33
2024-09-20 08:00,阴,24.9,0,东南风,1,4,968,77,21,0
2024-09-20 09:00,阴,25.3,0,东南风,1,5,970,74,15,33
2024-09-20 10:00,多云,23.1,0,北风,1,5,970,76,7,67
2024-09-20 11:00,阴,21.9,0.3,北风,2,9,971,80,13,100
2024-09-20 12:00,阴,21,0,南风,2,7,971,83,17,67
2024-09-20 13:00,多云,21.1,0,西北风,1,5,971,81,10,33
2024-09-20 14:00,阴,21.1,0,西北风,2,7,972,81,19,0
2024-09-20 15:00,阴,21.8,0,东南风,2,6,972,73,24,33
2024-09-20 16:00,阴,22.3,0,东风,1,5,972,76,24,67
2024-09-20 17:00,阴,20,0,东风,1,3,973,84,17,100
2024-09-20 18:00,多云,21.4,0,东北风,1,5,973,73,22,67
2024-09-20 19:00,阴,21.9,0,南风,2,6,973,67,27,33
2024-09-20 20:00,阴,22.6,0,东南风,1,4,973,63,30,0
2024-09-20 21:00,阴,22.9,0,南风,1,4,973,62,30,23
2024-09-20 22:00,多云,22.9,0,东北风,1,3,974,62,31,47
2024-09-20 23:00,多云,23,0,北风,1,2,974,61,31,70
2024-09-21 00:00,多云,22.7,0,东北风,1,3,974,62,31,47
2024-09-21 01:00,多云,22.6,0,东北风,1,1,974,63,31,23
2024-09-21 02:00,阴,22.5,0,西南风,1,2,974,61,30,0
2024-09-21 03:00,多云,22.4,0,西北风,1,4,974,61,30,22
2024-09-21 04:00,多云,23.4,0,北风,1,2,974,42,30,43
2024-09-21 05:00,多云,21.9,0,南风,1,2,974,63,29,65
2024-09-21 06:00,多云,21.8,0,西北风,1,3,974,63,27,43
2024-09-21 07:00,多云,21.8,0,北风,1,3,975,63,24,22
2024-09-21 08:00,多云,21.9,0,西北风,1,5,976,65,30,0
2024-09-21 09:00,阴,22.3,0,西风,1,1,976,63,30,0
2024-09-21 10:00,多云,23.5,0,西北风,1,2,976,56,22,0
2024-09-21 11:00,多云,23.8,0,南风,1,3,976,54,29,0
2024-09-21 12:00,多云,23.8,0,南风,2,8,975,54,30,0
2024-09-21 13:00,多云,24.2,0,南风,1,3,974,52,30,0
2024-09-21 14:00,多云,25.2,0,东北风,2,8,973,48,30,0
2024-09-21 15:00,晴,25.7,0,南风,2,7,972,45,30,3
2024-09-21 16:00,晴,21.6,0,南风,2,7,971,50,30,7
2024-09-21 17:00,多云,21.6,0,北风,1,3,971,50,30,10
2024-09-21 18:00,多云,27,0,北风,0,0,971,39,30,7
2024-09-21 19:00,多云,26,0,北风,0,0,971,42,30,3
2024-09-21 20:00,晴,24.5,0,北风,0,0,972,49,27,0
2024-09-21 21:00,多云,23,0,北风,0,0,973,56,25,4
2024-09-21 22:00,多云,22.3,0,南风,1,3,973,62,25,7
2024-09-21 23:00,阴,22.6,0,南风,1,1,973,59,28,11
2024-09-22 00:00,多云,22.3,0,东南风,1,1,973,59,27,7
2024-09-22 01:00,多云,21.9,0,南风,1,2,973,60,18,4
2024-09-22 02:00,多云,21.3,0,西南风,1,5,973,63,17,0
2024-09-22 03:00,阴,21,0,北风,1,3,974,65,19,1
2024-09-22 04:00,多云,18.4,0,东风,2,6,974,58,19,1
2024-09-22 05:00,多云,20.8,0,北风,2,6,974,57,20,2
2024-09-22 06:00,多云,20.5,0,东南风,1,4,974,52,21,1
2024-09-22 07:00,多云,20.2,0,南风,1,3,975,54,19,1
2024-09-22 08:00,晴,19.6,0,东南风,2,7,976,58,13,0
2024-09-22 09:00,多云,20.3,0,南风,1,4,976,57,10,0
2024-09-22 10:00,多云,20.4,0,北风,1,5,976,56,12,0
2024-09-22 11:00,多云,21.5,0,西北风,1,5,975,56,16,0
2024-09-22 12:00,晴,22.5,0,北风,2,6,974,54,21,0
2024-09-22 13:00,多云,23.8,0,北风,2,7,973,48,21,0
2024-09-22 14:00,多云,24.4,0,东风,2,6,972,46,22,0
2024-09-22 15:00,多云,25.3,0,东北风,2,6,971,44,23,0
2024-09-22 16:00,多云,26.1,0,西风,1,4,971,43,21,0
2024-09-22 17:00,多云,26.4,0,南风,1,2,971,43,24,0
2024-09-22 18:00,多云,26.4,0,东北风,1,1,971,43,22,0
2024-09-22 19:00,多云,25.4,0,南风,1,2,971,45,24,0
2024-09-22 20:00,多云,24.1,0,北风,1,1,972,48,23,0
2024-09-22 21:00,多云,23.6,0,北风,0,0,972,51,20,18
2024-09-22 22:00,多云,22.5,0,北风,1,5,973,55,18,35
2024-09-22 23:00,阴,21.7,0,西南风,1,3,973,59,12,53
2024-09-23 00:00,阴,21.3,0,东北风,1,4,973,62,12,35
2024-09-23 01:00,多云,20.6,0,东风,2,7,973,64,10,18
2024-09-23 02:00,多云,19.9,0,西风,1,1,973,67,11,0
2024-09-23 03:00,多云,19.4,0,北风,2,7,972,69,12,28
2024-09-23 04:00,多云,20.6,0,东南风,1,4,973,48,12,57
2024-09-23 05:00,多云,18.4,0,东风,1,4,973,69,11,85
2024-09-23 06:00,多云,17.9,0,东风,1,5,973,69,11,57
2024-09-23 07:00,多云,17.5,0,北风,1,3,973,70,10,28
2024-09-23 08:00,多云,17.3,0,西南风,1,2,973,71,10,0
2024-09-23 09:00,多云,18.3,0,北风,1,5,974,67,10,6
2024-09-23 10:00,多云,19.7,0,东北风,1,5,974,62,11,11
2024-09-23 11:00,多云,21.7,0,东北风,1,3,973,56,12,17
2024-09-23 12:00,多云,22.8,0,西北风,2,6,972,52,10,11
2024-09-23 13:00,多云,24.3,0,北风,1,3,971,49,12,6
2024-09-23 14:00,多云,25.4,0,东风,2,7,969,46,15,0
2024-09-23 15:00,多云,26.5,0,西北风,1,4,968,43,14,0
2024-09-23 16:00,晴,20.6,0,南风,1,4,968,52,14,0
2024-09-23 17:00,晴,26.9,0,西南风,1,2,967,41,18,0
2024-09-23 18:00,多云,27,0,西南风,1,2,967,41,18,0
2024-09-23 19:00,多云,26.1,0,西南风,1,3,968,43,19,0
2024-09-23 20:00,多云,24.8,0,西北风,1,2,968,47,18,0
2024-09-23 21:00,多云,24,0,北风,1,1,968,49,15,0
2024-09-23 22:00,晴,23,0,南风,1,1,968,53,11,0
2024-09-23 23:00,晴,21.8,0,北风,1,2,969,60,10,0
2024-09-24 00:00,晴,20.8,0,东北风,1,3,969,66,6,0
2024-09-24 01:00,晴,20.5,0,东北风,1,2,969,68,5,0
2024-09-24 02:00,晴,20,0,北风,0,0,968,70,4,0
2024-09-24 03:00,阴,19.5,0,北风,1,3,968,73,4,18
2024-09-24 04:00,多云,21.1,0,北风,0,0,968,50,5,36
2024-09-24 05:00,多云,19,0,东北风,1,2,968,75,5,54
2024-09-24 06:00,晴,18.8,0,东北风,1,1,969,75,4,36
2024-09-24 07:00,多云,18.5,0,北风,2,7,969,75,4,18
2024-09-24 08:00,晴,18.1,0,东北风,1,2,969,75,4,0
2024-09-24 09:00,晴,18.9,0,南风,1,2,969,72,4,0
2024-09-24 10:00,晴,20.6,0,西南风,1,3,969,63,5,0
2024-09-24 11:00,多云,22.2,0,南风,2,7,969,59,6,0
2024-09-24 12:00,多云,24,0,南风,1,5,967,52,6,0
2024-09-24 13:00,阴,25.7,0,南风,1,3,966,47,7,0
2024-09-24 14:00,阴,26.7,0,东北风,1,2,965,44,8,0
2024-09-24 15:00,多云,28,0,西南风,1,2,965,42,10,2
2024-09-24 16:00,多云,20.8,0,西风,1,3,964,53,10,3
2024-09-24 17:00,多云,28.4,0,北风,0,0,964,41,13,5
2024-09-24 18:00,多云,28.1,0,北风,0,0,964,44,13,3
2024-09-24 19:00,多云,27.1,0,北风,0,0,965,49,12,2
2024-09-24 20:00,晴,25.2,0,北风,1,1,966,56,8,0
2024-09-24 21:00,晴,23.8,0,北风,1,1,966,64,7,0
2024-09-24 22:00,晴,23.1,0,北风,0,0,966,68,6,0
2024-09-24 23:00,晴,22.4,0,北风,0,0,967,72,6,0
2024-09-25 00:00,晴,22.2,0,西北风,1,1,967,75,5,0
2024-09-25 01:00,晴,21.6,0,西北风,1,2,967,78,4,0
2024-09-25 02:00,晴,21.3,0,西南风,1,1,966,78,3,0
2024-09-25 03:00,晴,21.3,0,北风,1,1,966,78,3,1
2024-09-25 04:00,多云,22.1,0,西风,1,1,967,58,3,1
2024-09-25 05:00,晴,20,0,西风,1,1,968,82,3,2
2024-09-25 06:00,晴,20.2,0,西南风,2,9,968,81,3,1
2024-09-25 07:00,晴,20,0,南风,2,6,968,80,2,1
2024-09-25 08:00,晴,20.1,0,北风,0,0,969,79,2,0
2024-09-25 09:00,多云,21.1,0,南风,1,1,969,74,3,22
2024-09-25 10:00,晴,23.4,0,西南风,1,5,969,62,6,45
2024-09-25 11:00,晴,25.6,0,南风,2,8,969,53,8,67
2024-09-25 12:00,多云,27.5,0,南风,2,7,967,47,12,45
2024-09-25 13:00,多云,28.3,0,西南风,1,5,966,45,13,22
2024-09-25 14:00,晴,30,0,西北风,2,6,965,39,15,0
2024-09-25 15:00,晴,31.4,0,西北风,1,5,964,37,16,0
2024-09-25 16:00,晴,25.9,0,东南风,1,5,964,48,16,0
2024-09-25 17:00,晴,31.4,0,北风,1,2,964,38,12,0
2024-09-25 18:00,晴,30.3,0,东风,1,3,964,42,9,0
2024-09-25 19:00,晴,28.9,0,东风,1,3,964,46,9,0
2024-09-25 20:00,晴,27.5,0,西北风,1,1,965,51,8,0
2024-09-25 21:00,晴,26.3,0,北风,0,0,966,55,8,21
2024-09-25 22:00,晴,25.5,0,东风,1,3,966,60,6,43
2024-09-25 23:00,晴,25,0,东风,1,5,966,60,7,64
2024-09-26 00:00,晴,24.6,0,西南风,1,2,966,62,5,43
2024-09-26 01:00,晴,23.8,0,西南风,1,2,966,66,4,21
2024-09-26 02:00,多云,23.3,0,北风,0,0,966,70,4,0
2024-09-26 03:00,多云,23.1,0,北风,0,0,965,71,4,30
2024-09-26 04:00,阴,22.7,0,东南风,1,2,966,57,4,59
2024-09-26 05:00,阴,22.9,0,东风,1,2,967,71,4,89
2024-09-26 06:00,阴,22.8,0,南风,2,8,967,69,3,59
2024-09-26 07:00,阴,22.5,0,西北风,1,5,966,70,3,30
2024-09-26 08:00,阴,20.9,0.3,东风,1,4,966,88,2,0
2024-09-26 09:00,晴,21.1,0,北风,1,5,966,88,2,0
2024-09-26 10:00,晴,23.2,0,东北风,1,5,966,75,3,0
2024-09-26 11:00,晴,25.2,0,北风,1,4,966,65,4,0
2024-09-26 12:00,晴,26.8,0,北风,1,3,965,57,8,0
2024-09-26 13:00,晴,28.2,0,西北风,1,3,963,51,9,0
2024-09-26 14:00,晴,29.3,0,南风,1,5,962,45,9,0
2024-09-26 15:00,晴,30.2,0,北风,1,3,962,44,9,10
2024-09-26 16:00,晴,30.2,0,东北风,2,7,961,44,9,19
2024-09-26 17:00,晴,30.3,0,东南风,2,9,961,40,12,29
2024-09-26 18:00,晴,29.7,0,东南风,2,10,962,40,12,19
2024-09-26 19:00,晴,28.6,0,东南风,1,3,962,42,11,10
2024-09-26 20:00,晴,27.6,0,东北风,1,4,962,45,11,0
2024-09-26 21:00,晴,26.8,0,东北风,1,4,963,47,12,0
2024-09-26 22:00,晴,25.7,0,东南风,2,6,964,52,13,0
2024-09-26 23:00,晴,24.7,0,南风,1,3,963,55,12,0
2024-09-27 00:00,晴,23.7,0,东南风,1,2,963,57,12,0
2024-09-27 01:00,晴,23.1,0,东北风,1,2,963,59,11,0
2024-09-27 02:00,晴,22.4,0,西南风,1,3,963,61,9,0
2024-09-27 03:00,晴,21.9,0,西北风,1,2,963,63,8,0
2024-09-27 04:00,晴,24.3,0,东北风,2,7,962,41,8,0
2024-09-27 05:00,晴,20.7,0,东北风,1,3,963,67,7,0
2024-09-27 06:00,晴,20.2,0,东风,1,2,963,70,6,0
2024-09-27 07:00,晴,19.9,0,南风,1,3,963,71,5,0
2024-09-27 08:00,晴,19.6,0,东北风,1,4,964,71,4,0
2024-09-27 09:00,晴,20.2,0,北风,1,5,964,70,4,0
2024-09-27 10:00,晴,21.7,0,北风,2,6,964,65,6,0
2024-09-27 11:00,晴,23.4,0,东南风,2,6,963,59,5,0
2024-09-27 12:00,晴,24.8,0,东北风,2,6,961,54,8,0
2024-09-27 13:00,晴,26.6,0,东南风,1,4,960,49,10,0
2024-09-27 14:00,晴,28.8,0,东南风,2,6,959,44,11,0
2024-09-27 15:00,晴,30.5,0,西北风,1,3,958,41,12,11
2024-09-27 16:00,晴,23.7,0,西北风,1,3,957,47,12,23
2024-09-27 17:00,晴,32.2,0,北风,1,3,957,37,15,34
2024-09-27 18:00,晴,31.8,0,西风,1,2,957,40,16,23
2024-09-27 19:00,多云,30.3,0,西南风,1,3,958,46,17,11
2024-09-27 20:00,晴,29.2,0,东风,2,9,959,48,17,0
2024-09-27 21:00,晴,28.5,0,西风,1,3,960,49,16,0
2024-09-27 22:00,晴,28,0,东风,1,4,961,48,15,0
2024-09-27 23:00,晴,27.6,0,西南风,2,6,960,48,21,0
2024-09-28 00:00,晴,27.5,0,南风,2,6,961,48,21,0
2024-09-28 01:00,晴,27.2,0,北风,2,6,961,48,20,0
2024-09-28 02:00,晴,26.8,0,西风,1,2,961,48,20,0
2024-09-28 03:00,晴,26.4,0,东风,1,2,960,48,21,16
2024-09-28 04:00,晴,25.8,0,东风,1,2,960,48,21,32
2024-09-28 05:00,多云,25.6,0,东南风,1,1,961,53,21,48
2024-09-28 06:00,多云,25.6,0,东北风,1,3,961,53,22,32
2024-09-28 07:00,多云,25.5,0,北风,1,5,962,55,21,16
2024-09-28 08:00,多云,25.2,0,东北风,1,3,962,56,20,0
2024-09-28 09:00,多云,25.5,0,东南风,1,2,963,57,13,6
2024-09-28 10:00,多云,26.1,0,东风,2,6,963,56,10,13
2024-09-28 11:00,多云,26.3,0,东北风,1,5,962,55,13,19
2024-09-28 12:00,多云,27.6,0,东北风,2,7,961,51,13,13
2024-09-28 13:00,多云,30,0,东北风,2,8,960,44,14,6
2024-09-28 14:00,多云,30.8,0,东北风,1,5,960,42,17,0
2024-09-28 15:00,多云,30.8,0,西风,2,6,959,42,19,21
2024-09-28 16:00,多云,24.5,0,西南风,2,6,959,48,19,42
2024-09-28 17:00,阴,29.7,0,西风,2,6,959,44,20,63
2024-09-28 18:00,阴,28.5,0,东北风,1,3,960,47,19,42
2024-09-28 19:00,阴,27,0,西南风,2,8,960,55,11,21
2024-09-28 20:00,阴,26.1,0,西南风,1,4,960,59,15,0
2024-09-28 21:00,阴,26.5,0,西南风,2,6,961,58,17,21
2024-09-28 22:00,阴,27.1,0,西北风,1,4,961,55,19,41
2024-09-28 23:00,阴,27.3,0,东北风,1,5,961,54,17,62
2024-09-29 00:00,多云,27.5,0,北风,1,3,961,53,16,41
2024-09-29 01:00,多云,27.5,0,西北风,1,2,960,53,15,21
2024-09-29 02:00,阴,27.5,0,东北风,1,2,960,53,16,0
2024-09-29 03:00,阴,27.5,0,东北风,1,2,960,53,17,17
2024-09-29 04:00,阴,29.2,0,西北风,1,2,959,47,17,33
2024-09-29 05:00,阴,27.2,0,东北风,1,5,960,54,19,50
2024-09-29 06:00,阴,27,0,东南风,1,1,960,53,19,33
2024-09-29 07:00,阴,27,0,西北风,1,2,962,54,16,17
2024-09-29 08:00,小雨,26.2,0.2,东北风,1,3,964,63,8,0
2024-09-29 09:00,中雨,22.5,1.8,东北风,2,8,968,89,5,30
2024-09-29 10:00,中雨,18.7,2,东南风,2,9,970,89,3,60
2024-09-29 11:00,阴,16.2,2.5,北风,2,6,972,92,7,90
2024-09-29 12:00,小雨,15.7,5.9,北风,3,12,973,94,8,60
2024-09-29 13:00,小雨,15.3,6.2,东风,2,6,974,94,7,30
2024-09-29 14:00,小雨,15.1,7.6,东南风,1,3,974,95,9,0
2024-09-29 15:00,小雨,18,6.5,东风,1,5,975,90,9,33
2024-09-29 16:00,小雨,18.7,4.8,东风,1,5,975,82,9,65
2024-09-29 17:00,小雨,14.4,3.5,东南风,1,5,976,95,11,98
2024-09-29 18:00,小雨,14.2,3.2,北风,2,9,977,94,11,65
2024-09-29 19:00,小雨,14.1,3.2,东北风,1,3,978,95,10,33
2024-09-29 20:00,中雨,13.8,3,东南风,1,2,979,95,10,0
2024-09-29 21:00,小雨,13.8,1.2,北风,1,5,980,95,10,30
2024-09-29 22:00,小雨,13.9,1.6,东北风,1,4,980,95,9,59
2024-09-29 23:00,小雨,13.8,3.9,北风,1,5,980,95,8,89
2024-09-30 00:00,小雨,13.6,3.8,东北风,1,5,979,95,11,59
2024-09-30 01:00,小雨,13.5,4,北风,2,10,979,95,12,30
2024-09-30 02:00,小雨,13.4,3.3,东风,1,3,979,95,12,0
2024-09-30 03:00,小雨,13.1,2.3,东北风,1,3,979,95,11,33
2024-09-30 04:00,小雨,13,1.6,北风,1,3,980,89,11,65
2024-09-30 05:00,小雨,12.9,1.8,东风,1,2,980,95,9,98
2024-09-30 06:00,小雨,12.9,3,东南风,1,2,980,95,7,65
2024-09-30 07:00,阴,12.8,3.7,南风,1,3,981,96,10,33
2024-09-30 08:00,阴,12.6,0.5,东北风,1,1,981,96,10,0
2024-09-30 09:00,阴,13,0.1,西北风,1,3,981,95,15,32
2024-09-30 10:00,阴,13.6,0,西北风,1,5,981,92,25,64
2024-09-30 11:00,阴,14.7,0,西北风,1,3,981,87,28,96
2024-09-30 12:00,多云,16.9,0,北风,1,3,980,75,29,64
2024-09-30 13:00,多云,19,0,西南风,1,3,979,61,30,32
2024-09-30 14:00,小雨,21,0,西北风,2,6,978,46,30,0
2024-09-30 15:00,阴,21.3,0,南风,2,9,977,43,30,28
2024-09-30 16:00,晴,21.3,0,西北风,1,2,977,43,30,56
2024-09-30 17:00,晴,21.7,0,南风,2,6,977,42,29,84
2024-09-30 18:00,晴,21.3,0,东南风,1,3,977,42,30,56
2024-09-30 19:00,晴,20.4,0,西南风,1,2,978,46,30,28
2024-09-30 20:00,晴,19,0,西风,1,1,979,54,30,0
2024-09-30 21:00,晴,18.1,0,北风,1,3,980,59,28,4
2024-09-30 22:00,晴,17.4,0,西北风,1,3,980,62,26,8
2024-09-30 23:00,晴,17.2,0,北风,0,0,981,62,26,12
2024-10-01 00:00,晴,16.3,0,南风,1,3,981,65,28,8
2024-10-01 01:00,晴,15.7,0,南风,1,2,981,64,27,4
2024-10-01 02:00,晴,14.9,0,南风,1,1,981,68,27,0
2024-10-01 03:00,阴,14.4,0,北风,0,0,981,72,28,22
2024-10-01 04:00,阴,15.2,0,西北风,1,2,982,64,29,44
2024-10-01 05:00,阴,15,0,西北风,1,2,982,65,29,66
2024-10-01 06:00,阴,15.3,0,东南风,1,1,982,65,29,44
2024-10-01 07:00,阴,15.3,0,西北风,1,2,982,66,29,22
2024-10-01 08:00,阴,15.1,0.3,东北风,1,1,983,69,29,0
2024-10-01 09:00,阴,15.5,0,西北风,1,5,983,67,28,1
2024-10-01 10:00,阴,16.6,0,西南风,1,4,982,58,29,2
2024-10-01 11:00,阴,18.4,0,西风,1,5,981,42,29,3
2024-10-01 12:00,多云,19.2,0,西风,1,5,980,38,29,2
2024-10-01 13:00,多云,20.7,0,东风,1,5,979,33,29,1
2024-10-01 14:00,阴,21.6,0,西北风,1,5,978,28,29,0
2024-10-01 15:00,多云,21.6,0,东北风,1,4,977,28,29,0
2024-10-01 16:00,晴,22,0,南风,1,2,976,23,29,0
2024-10-01 17:00,晴,21.9,0,南风,2,7,976,22,30,0
2024-10-01 18:00,晴,21,0,西风,1,3,976,26,30,0
2024-10-01 19:00,阴,20,0,东南风,1,1,977,30,30,0
2024-10-01 20:00,多云,18.1,0,北风,0,0,977,40,29,0
2024-10-01 21:00,晴,16.8,0,西南风,1,1,977,47,27,0
2024-10-01 22:00,晴,15.8,0,南风,1,3,978,51,27,0
2024-10-01 23:00,晴,15,0,东南风,1,1,977,53,26,0
2024-10-02 00:00,晴,14.4,0,北风,0,0,977,56,26,0
2024-10-02 01:00,晴,13.7,0,北风,1,1,977,59,25,0
2024-10-02 02:00,晴,13,0,南风,1,1,977,63,24,0
2024-10-02 03:00,晴,12.4,0,西南风,1,1,977,64,24,0
2024-10-02 04:00,晴,12.4,0,北风,0,0,977,64,24,0
2024-10-02 05:00,晴,11.5,0,北风,1,3,978,72,24,0
2024-10-02 06:00,晴,11.1,0,北风,0,0,978,80,22,0
2024-10-02 07:00,晴,10.8,0,西南风,1,2,978,79,22,0
2024-10-02 08:00,晴,10.7,0,西风,1,2,979,80,20,0
2024-10-02 09:00,晴,12.2,0,南风,1,5,979,71,14,0
2024-10-02 10:00,晴,14.9,0,东南风,1,3,979,59,26,0
2024-10-02 11:00,晴,16.8,0,南风,2,6,979,50,26,0
2024-10-02 12:00,晴,18.2,0,西风,1,4,977,46,26,0
2024-10-02 13:00,晴,19.5,0,北风,1,5,976,42,25,0
2024-10-02 14:00,晴,20.6,0,东风,2,9,975,38,25,0
2024-10-02 15:00,晴,21.4,0,东北风,1,4,975,35,25,0
2024-10-02 16:00,晴,21.4,0,北风,1,3,974,35,25,0
2024-10-02 17:00,晴,22.3,0,西风,1,1,974,32,26,0
2024-10-02 18:00,晴,21.6,0,北风,1,1,974,35,25,0
2024-10-02 19:00,晴,19.9,0,北风,0,0,975,43,25,0
2024-10-02 20:00,晴,18.7,0,西风,1,3,975,50,24,0
2024-10-02 21:00,晴,17.9,0,北风,0,0,976,54,21,0
2024-10-02 22:00,晴,16.9,0,西南风,1,2,976,58,17,0
2024-10-02 23:00,晴,16,0,南风,1,1,976,65,17,0
2024-10-03 00:00,晴,15.2,0,东南风,1,1,976,73,15,0
2024-10-03 01:00,晴,14.5,0,西南风,1,2,975,76,13,0
2024-10-03 02:00,晴,14,0,东南风,1,4,975,79,10,0
2024-10-03 03:00,晴,14,0,北风,0,0,975,79,12,0
2024-10-03 04:00,晴,13.4,0,东北风,1,2,975,80,12,0
2024-10-03 05:00,晴,12.4,0,北风,0,0,975,80,13,0
2024-10-03 06:00,晴,11.9,0,东北风,1,4,976,82,14,0
2024-10-03 07:00,晴,11.6,0,西风,1,1,976,84,17,0
2024-10-03 08:00,晴,11.4,0,北风,1,5,976,86,18,0
2024-10-03 09:00,晴,12.7,0,北风,1,5,976,78,16,0
2024-10-03 10:00,晴,14.8,0,西风,1,2,976,65,16,0
2024-10-03 11:00,晴,16.6,0,北风,2,7,975,56,18,0
2024-10-03 12:00,晴,18.3,0,东北风,1,5,974,50,18,0
2024-10-03 13:00,晴,20.1,0,北风,1,5,972,45,19,0
2024-10-03 14:00,晴,21.7,0,西北风,1,4,971,42,20,0
2024-10-03 15:00,晴,21.7,0,北风,1,4,970,42,20,13
2024-10-03 16:00,晴,23,0,西南风,1,3,970,40,20,25
2024-10-03 17:00,晴,24.5,0,北风,1,2,969,36,24,38
2024-10-03 18:00,晴,24.3,0,北风,1,1,969,37,25,25
2024-10-03 19:00,晴,22.7,0,西风,1,2,969,43,29,13
2024-10-03 20:00,晴,21,0,南风,1,3,970,49,29,0
2024-10-03 21:00,晴,20.7,0,西风,1,5,971,49,27,0
2024-10-03 22:00,晴,19.9,0,西南风,1,4,972,52,30,0
2024-10-03 23:00,晴,19.2,0,北风,0,0,972,52,24,0
2024-10-04 00:00,晴,18.5,0,东北风,1,2,973,53,20,0
2024-10-04 01:00,晴,17.9,0,北风,0,0,973,57,14,0
2024-10-04 02:00,晴,16.9,0,西风,1,2,972,59,13,0
2024-10-04 03:00,晴,16.5,0,西北风,1,1,972,61,13,0
2024-10-04 04:00,晴,18.2,0,东风,1,2,972,33,13,0
2024-10-04 05:00,多云,15.4,0,东北风,1,2,972,60,12,0
2024-10-04 06:00,多云,15.2,0,东北风,1,2,973,59,13,0
2024-10-04 07:00,晴,15,0,西风,1,2,973,59,13,0
2024-10-04 08:00,多云,14.4,0,北风,2,6,974,61,16,0
2024-10-04 09:00,多云,15,0,北风,1,2,975,59,19,2
2024-10-04 10:00,多云,16.6,0,东北风,1,1,975,53,16,3
2024-10-04 11:00,多云,17.8,0,西北风,1,4,974,48,19,5
2024-10-04 12:00,多云,18.5,0,东北风,1,5,974,47,21,3
2024-10-04 13:00,阴,19.2,0,东北风,1,4,973,47,21,2
2024-10-04 14:00,阴,19.7,0,西南风,1,4,972,45,21,0
2024-10-04 15:00,多云,20.3,0,东风,1,3,972,44,20,3
2024-10-04 16:00,多云,16.7,0,西北风,1,3,971,50,20,7
2024-10-04 17:00,阴,21.6,0,西北风,1,1,971,41,20,10
2024-10-04 18:00,阴,20.8,0,北风,0,0,972,46,20,7
2024-10-04 19:00,多云,20.2,0,北风,1,1,972,49,20,3
2024-10-04 20:00,多云,19.5,0,北风,0,0,973,52,14,0
2024-10-04 21:00,多云,19.1,0,西风,1,2,973,54,11,23
2024-10-04 22:00,多云,18.6,0,北风,0,0,973,58,9,47
2024-10-04 23:00,多云,18.4,0,北风,0,0,973,61,10,70
2024-10-05 00:00,多云,18.2,0,西北风,1,1,973,62,9,47
2024-10-05 01:00,多云,18.1,0,北风,0,0,973,65,9,23
2024-10-05 02:00,多云,17.9,0,北风,0,0,973,67,8,0
2024-10-05 03:00,多云,17.8,0,北风,0,0,973,68,7,18
2024-10-05 04:00,阴,19.1,0,北风,1,1,973,54,7,37
2024-10-05 05:00,阴,17.5,0,东风,1,3,973,72,7,55
2024-10-05 06:00,多云,17.4,0,北风,0,0,973,72,8,37
2024-10-05 07:00,阴,17.1,0,北风,0,0,974,74,8,18
2024-10-05 08:00,多云,16.9,0,东北风,1,3,974,75,7,0
2024-10-05 09:00,多云,17.4,0,东北风,1,2,975,71,7,22
2024-10-05 10:00,多云,18,0,东北风,1,5,975,68,6,44
2024-10-05 11:00,阴,19,0,北风,1,4,975,62,8,66
2024-10-05 12:00,阴,19.7,0,北风,1,2,974,56,9,44
2024-10-05 13:00,多云,20.1,0,北风,1,3,973,52,11,22
2024-10-05 14:00,阴,20.5,0,西北风,1,5,973,49,12,0
2024-10-05 15:00,阴,20.8,0,西北风,1,3,973,48,12,5
2024-10-05 16:00,阴,20.7,0,北风,1,2,973,49,12,10
2024-10-05 17:00,阴,20.8,0,北风,1,2,973,48,11,15
2024-10-05 18:00,阴,20.4,0,北风,1,1,973,51,10,10
2024-10-05 19:00,阴,19.7,0,北风,0,0,974,55,8,5
2024-10-05 20:00,阴,19.3,0,西风,1,1,974,58,6,0
2024-10-05 21:00,多云,19,0,西北风,1,3,975,62,5,7
2024-10-05 22:00,多云,18.8,0,北风,0,0,975,66,4,13
2024-10-05 23:00,多云,18.6,0,北风,0,0,976,67,4,20
2024-10-06 00:00,多云,18.2,0,西北风,1,2,976,70,4,13
2024-10-06 01:00,多云,17.9,0,西南风,1,3,975,73,4,7
2024-10-06 02:00,晴,17.7,0,南风,1,5,976,73,4,0
2024-10-06 03:00,多云,17,0,南风,1,3,975,76,2,11
2024-10-06 04:00,阴,18.4,0,西南风,1,2,975,53,2,23
2024-10-06 05:00,多云,17.1,0,北风,0,0,976,77,2,34
2024-10-06 06:00,多云,17.1,0,东北风,1,1,976,77,3,23
2024-10-06 07:00,多云,16.8,0,西南风,1,3,976,79,3,11
2024-10-06 08:00,多云,16.8,0,东风,1,2,977,80,3,0
2024-10-06 09:00,多云,17.6,0,西北风,1,5,977,76,3,25
2024-10-06 10:00,阴,18.8,0,西北风,1,3,977,68,4,50
2024-10-06 11:00,多云,19.5,0,西北风,1,3,977,61,4,75
2024-10-06 12:00,多云,20.8,0,西北风,1,5,976,54,5,50
2024-10-06 13:00,阴,22,0,北风,0,0,975,48,5,25
2024-10-06 14:00,多云,22.3,0,西北风,1,4,974,47,6,0
2024-10-06 15:00,多云,22.1,0,北风,1,2,974,50,7,15
2024-10-06 16:00,阴,20.1,0,西风,1,2,974,49,7,31
2024-10-06 17:00,阴,22,0,南风,1,5,974,53,8,46
2024-10-06 18:00,阴,22,0,北风,0,0,975,54,8,31
2024-10-06 19:00,多云,21.1,0,北风,0,0,975,59,8,15
2024-10-06 20:00,多云,20.1,0,西北风,1,2,976,65,7,0
2024-10-06 21:00,多云,19.7,0,北风,0,0,976,70,6,5
2024-10-06 22:00,多云,19.5,0,北风,0,0,977,73,6,10
2024-10-06 23:00,阴,19.2,0,北风,0,0,977,74,7,15
2024-10-07 00:00,多云,19.2,0,北风,1,1,977,74,8,10
2024-10-07 01:00,阴,19,0,北风,0,0,976,74,8,5
2024-10-07 02:00,阴,18.6,0,北风,0,0,976,76,7,0
2024-10-07 03:00,阴,18.3,0,西风,1,1,976,78,5,3
2024-10-07 04:00,阴,18.4,0,北风,0,0,976,68,6,5
2024-10-07 05:00,阴,18.4,0,东南风,1,1,976,77,6,8
2024-10-07 06:00,阴,18.2,0,南风,1,2,977,76,6,5
2024-10-07 07:00,阴,17.8,0,北风,0,0,978,76,6,3
2024-10-07 08:00,阴,17.7,0,北风,0,0,978,77,6,0
2024-10-07 09:00,多云,18,0,东风,1,2,978,76,6,2
2024-10-07 10:00,多云,19.2,0,南风,1,1,978,69,6,5
2024-10-07 11:00,多云,21,0,东风,1,4,978,60,9,7
2024-10-07 12:00,多云,21.8,0,东北风,1,3,977,57,9,5
2024-10-07 13:00,阴,22.9,0,西风,1,3,976,53,10,2
2024-10-07 14:00,多云,23.8,0,北风,1,3,975,52,11,0
2024-10-07 15:00,阴,23.9,0,西北风,1,3,975,52,10,0
2024-10-07 16:00,多云,17.7,0,西风,1,2,975,66,10,0
2024-10-07 17:00,晴,24.1,0,西南风,1,1,975,51,9,0
2024-10-07 18:00,多云,23.6,0,南风,1,1,975,52,8,0
2024-10-07 19:00,晴,22.5,0,南风,1,1,975,58,9,0
2024-10-07 20:00,晴,21.1,0,北风,0,0,975,65,8,0
2024-10-07 21:00,晴,20.7,0,南风,1,1,976,69,6,3
2024-10-07 22:00,晴,20.4,0,北风,0,0,976,70,6,5
2024-10-07 23:00,晴,19.5,0,北风,0,0,976,75,5,8
2024-10-08 00:00,晴,18.7,0,南风,1,1,975,79,4,5
2024-10-08 01:00,晴,18.2,0,东北风,1,1,975,81,3,3
2024-10-08 02:00,晴,17.7,0,东北风,1,5,975,84,3,0
2024-10-08 03:00,晴,17.3,0,东北风,1,5,975,84,2,28
2024-10-08 04:00,阴,16.5,0,东北风,1,1,975,71,2,56
2024-10-08 05:00,阴,16.9,0,北风,1,3,975,84,2,84
2024-10-08 06:00,阴,17,0,北风,2,6,975,83,3,56
2024-10-08 07:00,多云,16.9,0,东风,1,1,975,82,3,28
2024-10-08 08:00,多云,16.8,0,东北风,1,3,976,82,3,0
2024-10-08 09:00,阴,16.9,0,东北风,1,3,976,80,3,1
2024-10-08 10:00,多云,17.7,0,南风,1,4,975,76,3,1
2024-10-08 11:00,晴,19,0,西南风,1,2,975,70,3,2
2024-10-08 12:00,晴,20.6,0,北风,2,7,974,62,3,1
2024-10-08 13:00,阴,21.9,0,北风,1,3,973,58,4,1
2024-10-08 14:00,阴,22.8,0,东风,1,2,973,53,5,0
2024-10-08 15:00,阴,23.1,0,南风,1,2,972,53,6,18
2024-10-08 16:00,阴,18.5,0,西北风,1,2,972,69,6,35
2024-10-08 17:00,阴,21.7,0,东北风,1,2,972,62,4,53
2024-10-08 18:00,阴,21,0.1,南风,1,2,972,65,3,35
2024-10-08 19:00,阴,19.2,0.1,北风,0,0,972,84,2,18
2024-10-08 20:00,阴,18.5,0,北风,1,1,973,90,1,0
2024-10-08 21:00,阴,18.4,0,北风,1,1,973,89,1,3
2024-10-08 22:00,阴,18.4,0,北风,0,0,973,88,1,6
2024-10-08 23:00,阴,18.1,0,南风,1,3,973,88,1,9
2024-10-09 00:00,阴,18.4,0,西南风,1,2,973,84,1,6
2024-10-09 01:00,晴,18.3,0,南风,1,3,972,83,1,3
2024-10-09 02:00,晴,17.5,0,南风,1,2,972,87,0,0
2024-10-09 03:00,晴,17.1,0,北风,0,0,971,89,0,0
2024-10-09 04:00,晴,17.3,0,南风,1,2,971,80,0,1
2024-10-09 05:00,晴,16.3,0,南风,2,6,972,91,0,1
2024-10-09 06:00,晴,16.4,0,西南风,2,6,972,90,0,1
2024-10-09 07:00,晴,15.9,0,西南风,1,5,973,90,1,0
2024-10-09 08:00,晴,15.8,0,北风,1,4,974,88,1,0
2024-10-09 09:00,晴,16.6,0,西风,1,3,974,85,1,1
2024-10-09 10:00,晴,18.5,0,西北风,1,5,974,75,3,1
2024-10-09 11:00,晴,20.7,0,西风,1,3,973,62,5,2
2024-10-09 12:00,晴,22.8,0,北风,1,3,972,52,11,1
2024-10-09 13:00,晴,24,0,西北风,2,9,971,48,16,1
2024-10-09 14:00,晴,25.5,0,西北风,2,7,970,43,20,0
2024-10-09 15:00,晴,26.6,0,西北风,1,3,969,39,23,30
2024-10-09 16:00,多云,19.8,0,西北风,2,7,969,61,23,59
2024-10-09 17:00,阴,26.9,0,东风,1,1,970,29,26,89
2024-10-09 18:00,阴,25.9,0,东北风,1,3,969,32,25,59
2024-10-09 19:00,多云,24.3,0,南风,1,2,970,34,22,30
2024-10-09 20:00,阴,23.2,0,北风,1,1,971,38,19,0
2024-10-09 21:00,阴,21.9,0,东北风,1,1,971,47,20,15
2024-10-09 22:00,多云,21.1,0,北风,0,0,972,51,15,29
2024-10-09 23:00,多云,20.2,0,北风,0,0,972,57,17,44
2024-10-10 00:00,阴,19.3,0,北风,0,0,972,64,16,29
2024-10-10 01:00,阴,18.6,0,北风,0,0,972,67,15,15
2024-10-10 02:00,阴,18.6,0,西南风,1,2,972,67,14,0
2024-10-10 03:00,阴,18.7,0,南风,1,2,972,65,14,23
2024-10-10 04:00,阴,18.3,0,南风,1,2,972,44,14,45
2024-10-10 05:00,阴,18,0,南风,1,3,973,65,16,68
2024-10-10 06:00,多云,17.5,0,北风,0,0,973,67,14,45
2024-10-10 07:00,阴,17.2,0,北风,0,0,973,68,13,23
2024-10-10 08:00,阴,16.3,0,西风,1,1,974,74,14,0
2024-10-10 09:00,晴,17.2,0,西北风,1,4,974,73,11,0
2024-10-10 10:00,多云,19.4,0,南风,2,6,974,58,11,0
2024-10-10 11:00,晴,20.9,0,东风,1,3,973,52,13,0
2024-10-10 12:00,晴,22.6,0,西南风,1,5,972,45,17,0
2024-10-10 13:00,晴,23.9,0,东风,1,5,971,39,20,0
2024-10-10 14:00,晴,25,0,南风,1,3,970,36,23,0
2024-10-10 15:00,晴,25.6,0,北风,1,4,969,35,25,0
2024-10-10 16:00,晴,18.7,0,北风,1,3,969,50,25,0
2024-10-10 17:00,晴,26.1,0,北风,0,0,969,32,27,0
2024-10-10 18:00,晴,25.4,0,北风,0,0,968,33,22,0
2024-10-10 19:00,晴,23.6,0,北风,0,0,969,40,21,0
2024-10-10 20:00,晴,21.4,0,东南风,1,1,969,49,19,0
2024-10-10 21:00,晴,20.1,0,南风,1,1,969,58,17,0
2024-10-10 22:00,晴,19.5,0,北风,1,1,970,60,18,1
2024-10-10 23:00,晴,18.9,0,北风,1,1,970,64,14,1
2024-10-11 00:00,晴,18,0,北风,0,0,970,71,11,1
2024-10-11 01:00,晴,17.2,0,北风,0,0,970,75,11,0
2024-10-11 02:00,晴,16.8,0,西南风,1,1,970,76,10,0
2024-10-11 03:00,晴,16.2,0,北风,0,0,970,77,10,24
2024-10-11 04:00,多云,17.3,0,西北风,1,1,970,56,10,47
2024-10-11 05:00,多云,15.6,0,南风,1,2,970,78,10,71
2024-10-11 06:00,多云,15.4,0,北风,0,0,970,81,9,47
2024-10-11 07:00,多云,15,0,东风,1,3,971,79,9,24
2024-10-11 08:00,多云,14.7,0,南风,1,1,972,79,7,0
2024-10-11 09:00,阴,15.8,0,东风,1,5,972,75,7,28
2024-10-11 10:00,阴,17.1,0,东南风,1,5,972,69,8,55
2024-10-11 11:00,阴,18.3,0,西北风,1,2,972,62,7,83
2024-10-11 12:00,阴,18.9,0,北风,1,5,971,58,8,55
2024-10-11 13:00,阴,19.5,0,西风,1,3,971,55,11,28
2024-10-11 14:00,阴,19.8,0,西北风,1,3,970,54,13,0
2024-10-11 15:00,阴,20.5,0,东南风,1,2,969,50,11,15
2024-10-11 16:00,阴,17.3,0,北风,0,0,969,97,11,29
2024-10-11 17:00,阴,21,0,北风,0,0,969,50,11,44
2024-10-11 18:00,阴,20.4,0,北风,1,1,970,54,9,29
2024-10-11 19:00,阴,19.7,0,西风,1,1,970,58,7,15
2024-10-11 20:00,阴,19.3,0,东北风,1,1,971,61,5,0
2024-10-11 21:00,阴,18.8,0,南风,1,3,971,64,5,32
2024-10-11 22:00,阴,18.4,0,北风,0,0,971,66,5,63
2024-10-11 23:00,阴,18.4,0,北风,0,0,971,67,5,95
2024-10-12 00:00,阴,18.2,0,北风,0,0,971,70,5,63
2024-10-12 01:00,阴,18,0,北风,0,0,971,73,5,32
2024-10-12 02:00,阴,17.8,0,西北风,1,3,970,74,5,0
2024-10-12 03:00,阴,17.7,0,西风,1,1,970,76,4,30
2024-10-12 04:00,阴,20.4,0,西风,1,1,970,65,4,59
2024-10-12 05:00,阴,17.5,0,西北风,1,2,970,76,4,89
2024-10-12 06:00,阴,17.4,0,西风,1,3,971,77,3,59
2024-10-12 07:00,阴,17.4,0,北风,1,2,971,76,3,30
2024-10-12 08:00,阴,17.3,0,北风,0,0,972,77,3,0
2024-10-12 09:00,阴,16.9,0,北风,0,0,972,84,2,11
2024-10-12 10:00,阴,17.4,0,东北风,1,2,972,84,1,23
2024-10-12 11:00,阴,18,0,北风,1,4,972,78,2,34
2024-10-12 12:00,阴,18.6,0,东北风,1,3,971,76,2,23
2024-10-12 13:00,阴,19,0,东北风,2,6,970,73,4,11
2024-10-12 14:00,阴,19.8,0,北风,1,3,969,68,6,0
2024-10-12 15:00,阴,20.6,0,西北风,1,2,969,64,8,22
2024-10-12 16:00,阴,15.7,0,西南风,1,2,969,100,8,43
2024-10-12 17:00,阴,21.1,0,西北风,1,1,969,62,9,65
2024-10-12 18:00,阴,20.8,0,西风,1,4,970,59,8,43
2024-10-12 19:00,阴,20.3,0,西南风,1,4,969,62,7,22
2024-10-12 20:00,阴,19.8,0,西南风,2,6,970,61,6,0
2024-10-12 21:00,阴,19.5,0,东北风,1,2,971,61,4,18
2024-10-12 22:00,阴,19.4,0,西北风,1,2,971,61,4,36
2024-10-12 23:00,阴,19.1,0,东风,1,2,972,62,5,54
2024-10-13 00:00,阴,18.5,0,南风,1,2,971,66,5,36
2024-10-13 01:00,阴,18.3,0,南风,1,2,971,71,5,18
2024-10-13 02:00,阴,17.7,0,南风,1,3,970,75,7,0
2024-10-13 03:00,阴,17.1,0,西南风,1,1,970,78,4,2
2024-10-13 04:00,阴,13.5,0,北风,1,1,970,79,4,4
2024-10-13 05:00,阴,17.1,0,北风,0,0,970,80,3,6
2024-10-13 06:00,多云,16.4,0,南风,1,1,971,82,2,4
2024-10-13 07:00,多云,15.4,0,北风,0,0,971,85,2,2
2024-10-13 08:00,多云,14.9,0,东南风,1,1,971,87,1,0
2024-10-13 09:00,晴,15.4,0,北风,0,0,972,88,1,0
2024-10-13 10:00,晴,17.4,0,南风,2,6,972,77,2,0
2024-10-13 11:00,晴,19.2,0,西北风,1,2,971,67,4,0
2024-10-13 12:00,晴,20.8,0,东南风,1,4,970,61,4,0
2024-10-13 13:00,晴,22.3,0,西北风,1,2,969,56,6,0
2024-10-13 14:00,晴,23.7,0,南风,1,2,968,51,7,0
2024-10-13 15:00,晴,24.3,0,西北风,1,3,967,48,9,0
2024-10-13 16:00,晴,18.6,0,东风,1,2,967,65,11,0
2024-10-13 17:00,晴,24.9,0,北风,1,2,967,46,11,0
2024-10-13 18:00,阴,24.4,0,北风,0,0,967,48,11,0
2024-10-13 19:00,晴,22.8,0,北风,0,0,968,57,13,0
2024-10-13 20:00,晴,20.9,0,南风,1,1,969,65,10,0
2024-10-13 21:00,晴,20.2,0,西南风,1,1,969,69,6,0
2024-10-13 22:00,晴,19.8,0,北风,1,1,969,68,4,0
2024-10-13 23:00,晴,18.9,0,北风,1,1,970,71,3,0
2024-10-14 00:00,晴,18,0,北风,0,0,970,73,3,0
2024-10-14 01:00,晴,17.2,0,北风,0,0,969,76,3,0
2024-10-14 02:00,晴,16.6,0,北风,0,0,970,80,3,0
2024-10-14 03:00,晴,16,0,西南风,1,2,969,82,2,0
2024-10-14 04:00,晴,15.3,0,北风,0,0,969,79,2,0
2024-10-14 05:00,晴,15.4,0,西北风,1,2,969,85,2,0
2024-10-14 06:00,晴,15,0,北风,0,0,969,86,2,0
2024-10-14 07:00,晴,14.7,0,西北风,1,1,970,89,2,0
2024-10-14 08:00,晴,14.5,0,西风,1,1,970,89,2,0
2024-10-14 09:00,晴,15.6,0,东北风,1,3,970,86,2,12
2024-10-14 10:00,晴,17.8,0,北风,2,7,970,76,3,25
2024-10-14 11:00,晴,19.7,0,北风,2,6,970,66,5,37
2024-10-14 12:00,晴,21.4,0,北风,2,6,969,58,5,25
2024-10-14 13:00,晴,23,0,东风,1,3,968,52,4,12
2024-10-14 14:00,晴,24.2,0,东南风,1,3,966,49,7,0
2024-10-14 15:00,晴,24.9,0,东南风,1,2,966,47,8,0
2024-10-14 16:00,晴,18.3,0,西北风,1,1,966,71,8,0
2024-10-14 17:00,晴,25.1,0,北风,1,5,966,47,8,0
2024-10-14 18:00,晴,24.5,0,北风,1,1,966,51,8,0
2024-10-14 19:00,晴,23,0,北风,0,0,967,59,9,0
2024-10-14 20:00,晴,21.1,0,北风,0,0,968,68,6,0
2024-10-14 21:00,晴,19.9,0,北风,0,0,969,75,4,0
2024-10-14 22:00,晴,19.5,0,北风,0,0,969,78,4,0
2024-10-14 23:00,晴,18.8,0,北风,1,1,970,81,3,0
2024-10-15 00:00,晴,18.2,0,北风,0,0,970,83,3,0
2024-10-15 01:00,晴,17.7,0,北风,1,1,969,86,2,0
2024-10-15 02:00,晴,17.5,0,北风,0,0,969,85,2,0
2024-10-15 03:00,晴,16.9,0,北风,0,0,969,88,2,1
2024-10-15 04:00,晴,17,0,西北风,1,2,969,79,2,2
2024-10-15 05:00,晴,16.1,0,北风,0,0,969,90,2,3
2024-10-15 06:00,晴,15.8,0,北风,0,0,970,91,1,2
2024-10-15 07:00,晴,15.7,0,北风,0,0,971,91,1,1
2024-10-15 08:00,晴,15.6,0,北风,0,0,971,92,1,0
2024-10-15 09:00,晴,16.6,0,西风,1,3,972,91,2,0
2024-10-15 10:00,晴,18.9,0,西北风,2,6,972,82,2,0
2024-10-15 11:00,晴,21.1,0,西北风,2,6,971,69,4,0
2024-10-15 12:00,晴,22.9,0,东南风,1,5,970,59,5,1
2024-10-15 13:00,晴,24.4,0,东风,2,6,969,54,5,1
2024-10-15 14:00,晴,25.5,0,北风,1,5,968,50,4,2
2024-10-15 15:00,晴,26.2,0,西南风,1,5,967,47,5,2
2024-10-15 16:00,晴,15.9,0,北风,1,4,967,66,5,2
2024-10-15 17:00,晴,26.2,0,东风,2,6,967,46,7,2
2024-10-15 18:00,晴,25.7,0,东北风,1,2,967,47,8,1
2024-10-15 19:00,晴,24.4,0,南风,1,1,968,51,9,1
2024-10-15 20:00,晴,22.8,0,西南风,1,2,968,59,7,0
2024-10-15 21:00,晴,21.4,0,北风,0,0,968,67,5,0
2024-10-15 22:00,晴,20.2,0,北风,1,1,969,74,4,0
2024-10-15 23:00,晴,19.1,0,东风,1,1,969,80,4,0
2024-10-16 00:00,晴,19.1,0,东北风,1,2,969,78,3,0
2024-10-16 01:00,多云,19.3,0,西南风,2,6,969,74,4,0
2024-10-16 02:00,多云,20.5,0,东北风,1,5,970,65,6,0
2024-10-16 03:00,晴,20.9,0,东南风,1,3,970,62,7,0
2024-10-16 04:00,晴,20.1,0,东风,2,7,970,61,8,0
2024-10-16 05:00,晴,21.1,0,东北风,1,3,970,51,14,0
2024-10-16 06:00,晴,21,0,北风,1,3,970,51,15,0
2024-10-16 07:00,晴,20.6,0,西风,1,1,971,53,14,0
2024-10-16 08:00,晴,20.5,0,北风,0,0,972,54,12,0
2024-10-16 09:00,晴,20.7,0,西风,1,1,972,55,9,3
2024-10-16 10:00,晴,22.5,0,西北风,1,3,972,50,7,5
2024-10-16 11:00,晴,24.8,0,西南风,2,6,971,43,8,8
2024-10-16 12:00,晴,28.3,0,东北风,2,7,970,44,8,5
2024-10-16 13:00,晴,26.9,0,东风,2,6,969,34,17,3
2024-10-16 14:00,晴,27.3,0,西南风,2,6,968,33,18,0
2024-10-16 15:00,多云,27.1,0,西南风,2,6,967,32,21,16
2024-10-16 16:00,多云,20.8,0,北风,1,3,967,57,21,32
2024-10-16 17:00,多云,26.7,0,西南风,1,5,967,32,31,48
2024-10-16 18:00,阴,25.8,0,西风,1,3,967,37,35,32
2024-10-16 19:00,多云,24.7,0,东风,2,6,968,41,31,16
2024-10-16 20:00,多云,23.8,0,西风,1,1,968,44,28,0
2024-10-16 21:00,多云,23.7,0,西风,1,3,968,44,29,19
2024-10-16 22:00,阴,23.4,0,西北风,1,1,969,45,24,37
2024-10-16 23:00,阴,23,0,东南风,1,4,969,46,16,56
2024-10-17 00:00,阴,22.7,0,东北风,1,3,969,50,13,37
2024-10-17 01:00,阴,22.2,0,东风,1,4,969,54,12,19
2024-10-17 02:00,雨,21.5,0,东风,1,1,969,59,8,0
2024-10-17 03:00,阴,19.5,0,东风,1,3,968,80,3,28
2024-10-17 04:00,阴,20.2,0,东风,1,3,968,51,2,55
2024-10-17 05:00,多云,17.6,0,南风,1,3,967,91,2,83
2024-10-17 06:00,阴,17.4,0,南风,1,1,967,91,2,55
2024-10-17 07:00,阴,17.4,0,西南风,1,2,967,91,1,28
2024-10-17 08:00,阴,17.4,0,北风,1,3,968,91,1,0
2024-10-17 09:00,阴,17.6,0,西风,1,2,968,91,1,26
2024-10-17 10:00,阴,17.9,0,北风,1,2,968,91,1,51
2024-10-17 11:00,小雨,18.1,0,东风,1,4,967,91,2,77
2024-10-17 12:00,阴,18.2,0,东南风,1,2,966,91,2,51
2024-10-17 13:00,阴,18,0.6,东风,1,4,965,93,1,26
2024-10-17 14:00,阴,18,0.8,东北风,1,3,965,94,1,0
2024-10-17 15:00,阴,18.4,0.1,北风,0,0,965,100,1,28
2024-10-17 16:00,小雨,16.7,1.1,西南风,1,2,965,75,1,57
2024-10-17 17:00,阴,17.8,0.3,西南风,1,2,965,95,1,85
2024-10-17 18:00,阴,17.8,0,西北风,1,2,965,94,2,57
2024-10-17 19:00,阴,17.9,0,西北风,1,1,965,94,2,28
2024-10-17 20:00,多云,17.7,0,北风,0,0,966,94,1,0
2024-10-17 21:00,多云,17.4,0,北风,0,0,967,95,1,0
2024-10-17 22:00,多云,17,0,西北风,1,2,967,95,0,0
2024-10-17 23:00,阴,16.7,0,东南风,1,1,968,96,0,0
2024-10-18 00:00,多云,16.9,0,南风,1,2,967,96,0,0
2024-10-18 01:00,多云,17.2,0,南风,2,6,967,96,0,0
2024-10-18 02:00,多云,17.2,0,南风,1,3,967,95,0,0
2024-10-18 03:00,多云,16.7,0,南风,1,2,967,96,0,16
2024-10-18 04:00,多云,15.2,0,东南风,1,2,968,98,0,33
2024-10-18 05:00,多云,16.8,0,西南风,1,3,968,96,0,49
2024-10-18 06:00,多云,16.5,0,南风,2,6,969,95,1,33
2024-10-18 07:00,阴,16.3,0,西北风,1,4,970,94,1,16
2024-10-18 08:00,多云,16.2,0,西南风,1,2,970,93,2,0
2024-10-18 09:00,多云,16.4,0,西南风,2,7,971,92,2,1
2024-10-18 10:00,多云,17.1,0,西北风,2,9,972,88,3,2
2024-10-18 11:00,多云,18.6,0,西北风,2,10,972,81,5,3
2024-10-18 12:00,多云,20.3,0,东南风,1,2,971,72,8,2
2024-10-18 13:00,晴,21.7,0,西北风,1,4,971,65,9,1
2024-10-18 14:00,晴,23,0,东风,1,3,971,60,8,0
2024-10-18 15:00,多云,23.6,0,东南风,1,1,970,56,9,12
2024-10-18 16:00,多云,19.2,0,北风,1,3,970,73,9,24
2024-10-18 17:00,晴,23.8,0,南风,1,2,971,54,8,36
2024-10-18 18:00,晴,23.5,0,北风,0,0,971,57,9,24
2024-10-18 19:00,晴,22,0,北风,1,1,972,63,9,12
2024-10-18 20:00,晴,20.3,0,西南风,1,1,973,73,7,0
2024-10-18 21:00,晴,19.6,0,西南风,1,2,974,78,7,1
2024-10-18 22:00,晴,19.3,0,西南风,1,1,974,80,7,2
2024-10-18 23:00,晴,18.7,0,南风,1,1,974,81,6,3
2024-10-19 00:00,晴,18.2,0,西南风,1,2,975,83,5,2
2024-10-19 01:00,晴,17.8,0,东北风,1,2,975,84,5,1
2024-10-19 02:00,多云,17.9,0,西南风,1,2,975,84,7,0
2024-10-19 03:00,多云,17.8,0,西南风,1,3,975,83,6,24
2024-10-19 04:00,晴,19.3,0,西南风,1,2,975,74,6,47
2024-10-19 05:00,多云,17.3,0,南风,1,1,975,85,7,71
2024-10-19 06:00,多云,17.3,0,西南风,1,3,976,85,7,47
2024-10-19 07:00,阴,17,0,西风,1,2,976,87,5,24
2024-10-19 08:00,阴,16.9,0,西风,1,3,976,88,6,0
2024-10-19 09:00,多云,17,0,东南风,1,3,977,86,7,9
2024-10-19 10:00,多云,17.8,0,东风,1,3,977,81,11,19
2024-10-19 11:00,多云,18,0,北风,2,10,976,77,11,28
2024-10-19 12:00,多云,18.4,0,北风,1,5,976,75,9,19
2024-10-19 13:00,多云,18,0,北风,1,5,975,76,12,9
2024-10-19 14:00,多云,18.7,0,东南风,1,4,975,71,18,0
2024-10-19 15:00,阴,18.7,0,东北风,2,9,975,71,21,30
2024-10-19 16:00,阴,19.1,0,东北风,2,10,975,65,21,59
2024-10-19 17:00,阴,17.3,0,东风,2,7,975,64,25,89
2024-10-19 18:00,阴,16.9,0,东北风,2,7,976,64,25,59
2024-10-19 19:00,阴,16.3,0,东南风,1,5,976,64,25,30
2024-10-19 20:00,阴,15.5,0,东南风,2,9,976,64,27,0
2024-10-19 21:00,阴,15,0,东北风,2,8,976,65,28,17
2024-10-19 22:00,阴,14.5,0,东北风,2,6,976,64,28,35
2024-10-19 23:00,阴,13.9,0,西北风,1,3,976,66,29,52
2024-10-20 00:00,阴,13.7,0,东北风,2,6,976,65,24,35
2024-10-20 01:00,阴,12.9,0,东南风,2,6,976,63,23,17
2024-10-20 02:00,阴,12.8,0,西南风,2,6,976,63,28,0
2024-10-20 03:00,晴,12.3,0,东南风,2,11,976,60,31,23
2024-10-20 04:00,晴,14.1,0,东北风,2,8,976,94,33,46
2024-10-20 05:00,晴,11.5,0,北风,2,6,976,62,37,69
2024-10-20 06:00,阴,9.8,0,西北风,2,7,976,64,23,46
2024-10-20 07:00,阴,9.5,0,北风,2,9,977,64,20,23
2024-10-20 08:00,阴,9.1,0,北风,2,6,979,64,29,0
2024-10-20 09:00,阴,9,0,东北风,1,5,980,65,22,26
2024-10-20 10:00,阴,7.8,0.2,北风,2,6,982,81,12,51
2024-10-20 11:00,阴,7.4,0.2,北风,1,5,982,84,9,77
2024-10-20 12:00,多云,7.5,0,南风,1,3,981,87,9,51
2024-10-20 13:00,阴,7.9,0,东南风,1,4,980,85,9,26
2024-10-20 14:00,阴,8.4,0,东风,1,5,978,82,8,0
2024-10-20 15:00,多云,9,0,西南风,1,2,978,80,11,3
2024-10-20 16:00,多云,7.2,0,东风,1,4,978,93,14,5
2024-10-20 17:00,多云,8.9,0,东风,2,6,978,80,15,8
2024-10-20 18:00,多云,8.8,0,西南风,1,1,978,80,15,5
2024-10-20 19:00,多云,8.7,0,东南风,2,6,978,81,13,3
2024-10-20 20:00,多云,8.7,0,北风,1,4,978,82,10,0
2024-10-20 21:00,多云,8.5,0,东风,1,5,979,84,9,14
2024-10-20 22:00,晴,8.3,0,南风,1,4,978,86,9,28
2024-10-20 23:00,晴,8.2,0,东北风,1,5,978,86,7,42
2024-10-21 00:00,晴,8.1,0,东风,1,3,977,87,7,28
2024-10-21 01:00,晴,7.9,0,东南风,1,3,977,89,6,14
2024-10-21 02:00,多云,7.6,0,东风,1,2,976,93,2,0
2024-10-21 03:00,晴,7.5,0,西风,1,5,976,94,2,14
2024-10-21 04:00,晴,7.4,0,东北风,1,5,975,85,2,28
2024-10-21 05:00,晴,7.4,0,西北风,1,2,974,85,2,42
2024-10-21 06:00,多云,7.4,0,西风,1,2,973,93,2,28
2024-10-21 07:00,多云,7.2,0,北风,1,3,973,92,3,14
2024-10-21 08:00,多云,7.3,0,东北风,2,6,973,92,2,0
2024-10-21 09:00,多云,7.5,0,北风,1,2,973,90,2,15
2024-10-21 10:00,多云,7.9,0,西风,1,4,974,88,3,31
2024-10-21 11:00,多云,8.3,0,西北风,1,1,975,85,3,46
2024-10-21 12:00,多云,8.8,0,东北风,1,3,976,80,3,31
2024-10-21 13:00,多云,9.2,0,南风,1,3,976,78,4,15
2024-10-21 14:00,多云,8.8,0,西北风,1,5,975,85,4,0
2024-10-21 15:00,多云,8.8,0,西北风,1,5,976,87,4,13
2024-10-21 16:00,多云,9.2,0,西南风,1,2,976,65,4,25
2024-10-21 17:00,多云,9.9,0,北风,1,3,978,79,6,38
2024-10-21 18:00,多云,10.3,0,北风,0,0,979,78,12,25
2024-10-21 19:00,多云,10.3,0,北风,1,2,980,78,15,13
2024-10-21 20:00,多云,10.5,0,西南风,1,4,981,79,15,0
2024-10-21 21:00,多云,10.5,0,西南风,1,2,983,79,16,25
2024-10-21 22:00,阴,10.5,0,东北风,1,1,983,79,17,49
2024-10-21 23:00,阴,10.6,0,南风,1,3,983,80,22,74
2024-10-22 00:00,阴,10.9,0,西南风,1,5,983,80,20,49
2024-10-22 01:00,阴,10.8,0,南风,1,3,982,82,17,25
2024-10-22 02:00,多云,10.5,0,北风,0,0,982,85,12,0
2024-10-22 03:00,晴,9.8,0,西南风,1,3,982,89,8,0
2024-10-22 04:00,晴,16.3,0,南风,1,4,983,79,8,0
2024-10-22 05:00,晴,16.3,0,南风,1,3,983,79,9,0
2024-10-22 06:00,晴,9,0,南风,1,1,984,91,13,0
2024-10-22 07:00,晴,8.7,0,北风,0,0,984,89,14,0
2024-10-22 08:00,晴,8.1,0,南风,1,3,985,91,10,0
2024-10-22 09:00,晴,8.9,0,北风,1,2,985,90,9,0
2024-10-22 10:00,晴,11.6,0,西北风,1,5,985,71,13,0
2024-10-22 11:00,晴,13.7,0,西北风,2,6,984,57,21,0
2024-10-22 12:00,晴,15.5,0,南风,2,6,983,48,25,0
2024-10-22 13:00,晴,17,0,西风,1,5,981,42,28,0
2024-10-22 14:00,晴,18,0,西南风,1,3,980,34,30,0
2024-10-22 15:00,晴,19,0,南风,1,5,979,30,30,0
2024-10-22 16:00,晴,19,0,西北风,1,1,978,30,29,0
2024-10-22 17:00,晴,18.8,0,北风,0,0,978,26,28,0
2024-10-22 18:00,晴,17.8,0,北风,1,1,978,34,19,0
2024-10-22 19:00,晴,15.4,0,东风,1,1,978,45,18,0
2024-10-22 20:00,晴,13.1,0,北风,0,0,978,59,20,0
2024-10-22 21:00,晴,12.2,0,北风,0,0,978,67,20,0
2024-10-22 22:00,晴,11.8,0,北风,0,0,978,69,22,0
2024-10-22 23:00,晴,10.9,0,西北风,1,2,978,72,23,0
2024-10-23 00:00,晴,10.1,0,北风,0,0,978,80,20,0
2024-10-23 01:00,晴,9.3,0,北风,0,0,978,83,19,0
2024-10-23 02:00,晴,9.1,0,北风,0,0,977,86,19,0
2024-10-23 03:00,晴,8.4,0,北风,1,1,977,87,17,0
2024-10-23 04:00,晴,8.7,0,北风,0,0,976,64,17,0
2024-10-23 05:00,晴,7.6,0,北风,1,1,976,88,18,0
2024-10-23 06:00,晴,7.5,0,北风,0,0,976,87,18,0
2024-10-23 07:00,晴,7.2,0,北风,0,0,976,89,16,0
2024-10-23 08:00,晴,6.9,0,东北风,1,1,977,89,13,0
2024-10-23 09:00,晴,8.3,0,北风,1,2,977,85,10,0
2024-10-23 10:00,晴,10.6,0,东风,1,3,977,76,10,0
2024-10-23 11:00,晴,12.9,0,东北风,1,5,976,62,12,0
2024-10-23 12:00,晴,14.8,0,东风,1,5,975,54,12,0
2024-10-23 13:00,晴,16.3,0,西南风,1,5,974,47,12,0
2024-10-23 14:00,晴,17.8,0,南风,2,7,973,42,13,0
2024-10-23 15:00,晴,18.9,0,西南风,1,5,972,40,12,0
2024-10-23 16:00,晴,12.7,0,南风,1,3,972,62,12,0
2024-10-23 17:00,晴,19.4,0,西北风,1,1,972,40,13,0
2024-10-23 18:00,晴,18.6,0,西北风,1,1,972,46,15,0
2024-10-23 19:00,晴,16.2,0,北风,0,0,972,57,14,0
2024-10-23 20:00,晴,14.5,0,北风,0,0,973,67,12,0
2024-10-23 21:00,晴,13.3,0,北风,0,0,973,79,7,0
2024-10-23 22:00,晴,12.7,0,北风,0,0,973,82,6,0
2024-10-23 23:00,晴,12.1,0,北风,0,0,973,86,6,0
2024-10-24 00:00,晴,11.6,0,北风,0,0,973,89,6,0
2024-10-24 01:00,晴,11.4,0,北风,0,0,973,89,5,0
2024-10-24 02:00,晴,10.8,0,北风,0,0,973,91,6,0
2024-10-24 03:00,晴,10.6,0,北风,0,0,972,91,5,0
2024-10-24 04:00,晴,14,0,北风,0,0,972,65,5,0
2024-10-24 05:00,晴,9.8,0,北风,0,0,972,93,4,0
2024-10-24 06:00,晴,9.7,0,北风,0,0,972,93,4,0
2024-10-24 07:00,晴,9.5,0,东北风,1,2,973,93,3,0
2024-10-24 08:00,晴,9.3,0,南风,1,1,973,94,3,0
2024-10-24 09:00,晴,10.4,0,北风,0,0,973,92,4,0
2024-10-24 10:00,晴,12.5,0,东北风,1,4,973,85,6,0
2024-10-24 11:00,晴,14.9,0,西风,1,2,972,69,5,0
2024-10-24 12:00,晴,16.6,0,北风,1,4,971,58,6,0
2024-10-24 13:00,晴,18.4,0,北风,1,3,969,51,6,0
2024-10-24 14:00,晴,19.6,0,东北风,1,3,968,46,6,0
2024-10-24 15:00,多云,20.5,0,东风,1,3,968,44,6,29
2024-10-24 16:00,阴,11.3,0,北风,0,0,968,69,6,58
2024-10-24 17:00,阴,20.7,0,西南风,1,1,968,45,7,87
2024-10-24 18:00,阴,19.1,0,北风,1,1,968,55,7,58
2024-10-24 19:00,阴,18,0,西南风,1,3,968,62,5,29
2024-10-24 20:00,阴,17.1,0,北风,1,2,968,69,4,0
2024-10-24 21:00,阴,17.3,0,西南风,1,1,970,66,4,14
2024-10-24 22:00,阴,16.9,0,南风,1,4,970,68,4,28
2024-10-24 23:00,阴,17,0,北风,1,2,970,68,3,42
2024-10-25 00:00,阴,15.9,0,北风,0,0,970,74,3,28
2024-10-25 01:00,阴,14.8,0,西风,1,2,970,80,3,14
2024-10-25 02:00,多云,14.6,0,西南风,1,2,970,82,3,0
2024-10-25 03:00,多云,14.6,0,西南风,1,3,970,82,3,6
2024-10-25 04:00,多云,18.7,0,西南风,1,2,971,72,3,11
2024-10-25 05:00,阴,14.5,0,南风,1,1,971,83,4,17
2024-10-25 06:00,多云,14.6,0,西南风,1,2,972,81,4,11
2024-10-25 07:00,多云,14.3,0,东南风,1,1,973,81,5,6
2024-10-25 08:00,多云,14,0,北风,0,0,974,83,5,0
2024-10-25 09:00,多云,14.3,0,南风,1,2,974,83,5,11
2024-10-25 10:00,阴,15.2,0,西南风,1,1,975,78,6,21
2024-10-25 11:00,多云,16.3,0,东南风,1,2,974,72,5,32
2024-10-25 12:00,多云,17.6,0,南风,1,2,974,67,6,21
2024-10-25 13:00,多云,18.6,0,西北风,1,4,973,63,7,11
2024-10-25 14:00,晴,19.5,0,西南风,1,1,972,59,7,0
2024-10-25 15:00,晴,20.6,0,南风,1,5,972,55,6,0
2024-10-25 16:00,晴,16.3,0,南风,1,2,972,87,6,0
2024-10-25 17:00,晴,16.3,0,东北风,1,1,972,87,8,0
2024-10-25 18:00,多云,19.5,0,北风,0,0,973,62,8,0
2024-10-25 19:00,阴,18.6,0,北风,0,0,974,69,7,0
2024-10-25 20:00,阴,17.8,0,北风,0,0,974,73,5,0
2024-10-25 21:00,晴,17.5,0,北风,1,2,975,77,4,1
2024-10-25 22:00,多云,17.3,0,北风,0,0,977,77,4,3
2024-10-25 23:00,多云,17.2,0,南风,1,3,977,79,3,4
2024-10-26 00:00,晴,16.9,0,南风,1,2,977,80,3,3
2024-10-26 01:00,多云,16.9,0,西南风,1,4,977,80,3,1
2024-10-26 02:00,多云,16.7,0,北风,1,5,977,80,3,0
2024-10-26 03:00,阴,17.2,0,东南风,1,1,977,74,4,25
2024-10-26 04:00,多云,15.5,0,南风,1,4,977,91,4,50
2024-10-26 05:00,多云,15.5,0,北风,1,2,977,91,15,75
2024-10-26 06:00,多云,17.1,0,东南风,1,1,977,56,20,50
2024-10-26 07:00,多云,16.9,0,东南风,1,2,978,56,18,25
2024-10-26 08:00,多云,16.7,0,北风,1,1,979,55,24,0
2024-10-26 09:00,阴,16.5,0,北风,1,2,979,58,22,30
2024-10-26 10:00,阴,16.6,0,东南风,1,2,979,59,23,60
2024-10-26 11:00,阴,16.7,0,南风,1,4,979,59,23,90
2024-10-26 12:00,阴,17,0,南风,2,8,978,59,22,60
2024-10-26 13:00,阴,17.2,0,西风,1,3,978,59,19,30
2024-10-26 14:00,阴,17.2,0,西北风,1,3,978,60,16,0
2024-10-26 15:00,阴,16.4,0,北风,1,2,978,71,10,27
2024-10-26 16:00,阴,19.8,0,西风,1,1,979,24,10,53
2024-10-26 17:00,阴,19.8,0,北风,1,2,979,24,10,80
2024-10-26 18:00,阴,14.5,0,南风,1,5,979,84,11,53
2024-10-26 19:00,阴,14,0,南风,1,4,979,87,12,27
2024-10-26 20:00,阴,13.7,0,南风,1,4,980,89,11,0
2024-10-26 21:00,阴,13.7,0,南风,1,3,980,87,10,5
2024-10-26 22:00,阴,13.7,0,南风,1,4,980,86,11,9
2024-10-26 23:00,多云,13.5,0,南风,1,4,980,88,13,14
2024-10-27 00:00,阴,13.5,0,南风,1,3,979,86,11,9
2024-10-27 01:00,阴,13.5,0,西南风,2,7,979,86,15,5
2024-10-27 02:00,阴,13.6,0,南风,1,3,979,84,16,0
2024-10-27 03:00,阴,13.7,0,南风,1,1,978,85,16,2
2024-10-27 04:00,多云,13.7,0,西南风,1,3,977,87,16,3
2024-10-27 05:00,阴,13.7,0,北风,0,0,977,87,12,5
2024-10-27 06:00,晴,12.8,0,西风,1,2,978,86,10,3
2024-10-27 07:00,晴,11.8,0,南风,1,3,978,90,8,2
2024-10-27 08:00,晴,11.5,0,东风,1,1,979,92,7,0
2024-10-27 09:00,晴,12.2,0,西北风,1,3,979,91,7,0
2024-10-27 10:00,晴,14,0,南风,2,9,978,83,9,0
2024-10-27 11:00,晴,16.3,0,南风,2,7,977,67,15,0
2024-10-27 12:00,晴,17.8,0,西北风,1,3,976,58,21,0
2024-10-27 13:00,晴,18.8,0,西风,2,6,975,51,21,0
2024-10-27 14:00,晴,20.3,0,西南风,1,4,974,46,21,0
2024-10-27 15:00,晴,21.2,0,东风,1,2,973,42,20,0
2024-10-27 16:00,晴,15.5,0,南风,1,1,973,60,20,0
2024-10-27 17:00,阴,15.5,0,北风,0,0,973,60,19,0
2024-10-27 18:00,晴,20.2,0,北风,0,0,973,45,19,0
2024-10-27 19:00,晴,17.7,0,北风,0,0,973,58,21,0
2024-10-27 20:00,晴,15.9,0,北风,0,0,974,68,21,0
2024-10-27 21:00,晴,15.3,0,西风,1,1,974,72,25,0
2024-10-27 22:00,多云,14.7,0,北风,0,0,974,75,23,0
2024-10-27 23:00,晴,14.1,0,北风,1,1,974,78,23,0
2024-10-28 00:00,晴,13.4,0,北风,1,1,973,81,21,0
2024-10-28 01:00,晴,12.6,0,北风,1,1,973,82,18,0
2024-10-28 02:00,晴,12.2,0,北风,0,0,973,85,14,0
2024-10-28 03:00,晴,11.8,0,北风,1,1,972,86,13,0
2024-10-28 04:00,晴,12.5,0,北风,0,0,972,71,11,0
2024-10-28 05:00,晴,12.5,0,北风,0,0,972,71,11,0
2024-10-28 06:00,晴,10.5,0,北风,0,0,972,90,9,0
2024-10-28 07:00,晴,10.4,0,北风,0,0,972,91,8,0
2024-10-28 08:00,晴,10.3,0,西北风,1,3,973,90,7,0
2024-10-28 09:00,晴,11.1,0,西北风,1,3,973,91,6,5
2024-10-28 10:00,晴,13.4,0,西北风,1,4,973,81,7,10
2024-10-28 11:00,晴,17.6,0,北风,1,3,972,58,7,15
2024-10-28 12:00,晴,19.1,0,东风,1,4,970,53,8,10
2024-10-28 13:00,晴,20.3,0,北风,1,5,969,50,9,5
2024-10-28 14:00,多云,21.3,0,东风,1,3,968,56,11,0
2024-10-28 15:00,晴,20.6,0,西北风,1,3,967,58,12,0
2024-10-28 16:00,晴,20.2,0,东风,1,4,967,58,12,1
2024-10-28 17:00,晴,19,0,东风,1,2,967,67,14,1
2024-10-28 18:00,晴,16.3,0,北风,0,0,967,87,11,1
2024-10-28 19:00,晴,15.6,0,南风,1,2,968,88,11,0
2024-10-28 20:00,晴,14.7,0,北风,0,0,968,100,8,0
2024-10-28 21:00,晴,13.8,0,西风,1,1,969,100,7,0
2024-10-28 22:00,晴,12.9,0,西北风,1,1,969,100,5,0
2024-10-28 23:00,晴,12.5,0,南风,1,2,969,100,4,0
2024-10-29 00:00,晴,13.2,0,北风,0,0,969,88,3,0
2024-10-29 01:00,晴,12.8,0,北风,0,0,969,89,3,0
2024-10-29 02:00,晴,12.3,0,北风,0,0,969,90,2,0
2024-10-29 03:00,晴,12.3,0,北风,1,1,969,90,2,1
2024-10-29 04:00,晴,12,0,北风,0,0,969,91,2,2
2024-10-29 05:00,晴,11.4,0,西风,1,1,970,93,2,3
2024-10-29 06:00,晴,11.3,0,北风,1,1,970,93,2,2
2024-10-29 07:00,晴,10.9,0,北风,0,0,970,93,2,1
2024-10-29 08:00,晴,11.8,0,北风,0,0,971,92,2,0
2024-10-29 09:00,晴,13.6,0,西北风,1,3,971,85,1,26
2024-10-29 10:00,晴,15.7,0,东北风,2,6,971,74,2,53
2024-10-29 11:00,晴,17.2,0,东北风,1,2,971,67,4,79
2024-10-29 12:00,多云,17.5,0,西北风,1,4,970,66,4,53
2024-10-29 13:00,阴,17.5,0,北风,0,0,969,66,4,26
2024-10-29 14:00,阴,17.2,0,西北风,1,1,969,68,4,0
2024-10-29 15:00,阴,17.2,0,东南风,1,2,968,68,4,30
2024-10-29 16:00,阴,17.9,0,西风,1,2,968,65,4,60
2024-10-29 17:00,多云,17.5,0,东风,1,1,968,69,5,90
2024-10-29 18:00,多云,16.6,0,北风,1,1,969,75,5,60
2024-10-29 19:00,多云,15.5,0,北风,1,1,969,81,4,30
2024-10-29 20:00,多云,15,0,北风,0,0,970,83,2,0
2024-10-29 21:00,多云,14.6,0,西南风,1,1,971,85,2,13
2024-10-29 22:00,晴,14.3,0,北风,1,1,971,86,1,26
2024-10-29 23:00,多云,14.3,0,北风,0,0,971,86,1,39
2024-10-30 00:00,多云,13.5,0,南风,1,3,971,100,1,26
2024-10-30 01:00,阴,14.3,0,北风,1,1,971,100,2,13
2024-10-30 02:00,阴,14.5,0,南风,1,1,971,100,2,0
2024-10-30 03:00,阴,14.5,0,北风,1,1,972,100,2,30
2024-10-30 04:00,阴,14.6,0,北风,0,0,971,100,2,61
2024-10-30 05:00,阴,14.5,0,西南风,1,2,971,100,2,91
2024-10-30 06:00,阴,14.3,0,北风,0,0,972,100,1,61
2024-10-30 07:00,阴,14,0,南风,1,3,973,100,1,30
2024-10-30 08:00,阴,13.8,0,西风,1,2,973,100,0,0
2024-10-30 09:00,小雨,13.9,0,北风,1,1,974,100,0,31
2024-10-30 10:00,小雨,14.1,0,东风,1,3,974,100,0,63
2024-10-30 11:00,阴,14.3,0,西风,1,1,973,100,0,94
2024-10-30 12:00,阴,14.8,0,西北风,1,1,973,100,0,63
2024-10-30 13:00,雨,15.2,0,北风,1,2,973,100,0,31
2024-10-30 14:00,阴,15.1,0,西南风,1,1,972,100,0,0
2024-10-30 15:00,阴,15.2,0,东北风,2,6,972,100,1,11
2024-10-30 16:00,阴,15.4,0,东风,1,4,972,100,1,22
2024-10-30 17:00,多云,15.3,0,西南风,1,3,972,100,1,33
2024-10-30 18:00,阴,14.8,0,西风,1,2,973,100,2,22
2024-10-30 19:00,多云,14.8,0,西风,1,1,973,100,1,11
2024-10-30 20:00,阴,14.7,0,南风,1,2,974,100,1,0
2024-10-30 21:00,阴,14.7,0,西南风,1,1,974,100,1,26
2024-10-30 22:00,阴,14.7,0,南风,1,3,974,100,1,53
2024-10-30 23:00,阴,14.6,0,东风,1,3,974,100,1,79
2024-10-31 00:00,阴,14.5,0,东南风,1,4,974,100,1,53
2024-10-31 01:00,阴,14.2,0,北风,0,0,974,100,1,26
2024-10-31 02:00,阴,14.1,0,北风,1,4,974,100,1,0
2024-10-31 03:00,小雨,13.9,0,南风,1,1,974,100,1,28
2024-10-31 04:00,阴,13.4,0.9,南风,1,3,973,100,1,57
2024-10-31 05:00,阴,13.5,0.2,东南风,1,1,974,100,1,85
2024-10-31 06:00,中雨,13.4,0.2,南风,1,1,974,100,1,57
2024-10-31 07:00,中雨,13,3.4,西北风,1,2,975,100,1,28
2024-10-31 08:00,中雨,12.8,3.8,西风,1,2,976,100,0,0
2024-10-31 09:00,阴,13,4.1,北风,1,2,977,100,0,24
2024-10-31 10:00,阴,13.2,0.8,北风,1,1,977,100,0,48
2024-10-31 11:00,阴,13.5,0.1,北风,1,2,977,100,1,72
2024-10-31 12:00,阴,13.7,0,西北风,1,3,977,100,1,48
2024-10-31 13:00,阴,14.1,0,北风,1,4,976,100,1,24
2024-10-31 14:00,阴,14.2,0,北风,1,2,976,100,2,0
2024-10-31 15:00,阴,14.1,0,东风,1,2,976,100,2,0
2024-10-31 16:00,阴,14.2,0,东风,1,1,976,100,2,1
2024-10-31 17:00,阴,14.2,0,西南风,1,1,976,100,2,1
2024-10-31 18:00,阴,13.9,0,北风,0,0,977,100,2,1
2024-10-31 19:00,阴,12.7,0,北风,1,1,977,100,2,0
2024-10-31 20:00,多云,12.6,0,北风,0,0,978,100,2,0
2024-10-31 21:00,多云,13.1,0,北风,0,0,979,100,1,9
2024-10-31 22:00,多云,13.3,0,北风,0,0,979,100,1,17
2024-10-31 23:00,多云,13.6,0,北风,0,0,979,100,1,26
2024-11-01 00:00,阴,13.7,0,东北风,1,2,979,100,1,17
2024-11-01 01:00,阴,13.8,0,西北风,1,1,979,100,1,9
2024-11-01 02:00,阴,13.6,0,北风,0,0,979,100,1,0
2024-11-01 03:00,阴,13.5,0,北风,0,0,979,100,1,32
2024-11-01 04:00,阴,13.6,0,西南风,1,1,979,100,1,65
2024-11-01 05:00,阴,13.5,0,南风,1,1,978,100,0,97
2024-11-01 06:00,阴,13.5,0,北风,0,0,979,100,0,65
2024-11-01 07:00,阴,13.6,0,北风,0,0,979,100,0,32
2024-11-01 08:00,阴,13.8,0,北风,0,0,980,100,0,0
2024-11-01 09:00,阴,14.1,0,西北风,1,3,980,100,1,24
2024-11-01 10:00,阴,14.5,0,西南风,1,2,980,100,1,49
2024-11-01 11:00,阴,14.9,0,东北风,1,2,980,100,1,73
2024-11-01 12:00,阴,15.3,0,西南风,1,4,979,100,1,49
2024-11-01 13:00,阴,15.6,0,西北风,1,3,978,100,1,24
2024-11-01 14:00,多云,15.7,0,西北风,1,3,978,100,1,0
2024-11-01 15:00,阴,16.1,0,西风,1,4,978,100,2,24
2024-11-01 16:00,多云,16.4,0,西南风,1,1,978,100,2,48
2024-11-01 17:00,多云,16,0,北风,0,0,978,100,3,72
2024-11-01 18:00,多云,15.2,0,西北风,1,1,978,100,3,48
2024-11-01 19:00,阴,13.5,0,北风,0,0,979,100,2,24
2024-11-01 20:00,多云,12.5,0,北风,0,0,979,100,1,0
2024-11-01 21:00,晴,11.9,0,北风,0,0,979,100,1,0
2024-11-01 22:00,晴,11.6,0,北风,1,1,979,100,0,0
2024-11-01 23:00,晴,11.4,0,北风,0,0,979,100,1,0
2024-11-02 00:00,晴,11.1,0,北风,0,0,979,100,0,0
2024-11-02 01:00,晴,10.9,0,北风,0,0,979,100,0,0
2024-11-02 02:00,晴,10.8,0,北风,0,0,979,100,0,0
2024-11-02 03:00,晴,10.9,0,西北风,1,1,979,100,0,0
2024-11-02 04:00,晴,12.4,0,北风,0,0,978,100,0,0
2024-11-02 05:00,晴,12.6,0,北风,0,0,977,100,1,0
2024-11-02 06:00,晴,12.7,0,北风,0,0,978,100,1,0
2024-11-02 07:00,晴,12.6,0,北风,0,0,978,100,1,0
2024-11-02 08:00,晴,12.7,0,北风,0,0,978,100,1,0
2024-11-02 09:00,晴,13.2,0,北风,0,0,979,100,1,33
2024-11-02 10:00,阴,13.6,0,南风,1,4,979,100,1,65
2024-11-02 11:00,多云,14,0,东风,1,1,978,100,2,98
2024-11-02 12:00,多云,14.8,0,西南风,1,2,978,100,2,65
2024-11-02 13:00,多云,14.7,0,西北风,1,3,977,100,3,33
2024-11-02 14:00,多云,15.6,0,西风,1,2,975,100,3,0
2024-11-02 15:00,晴,16.7,0,东南风,1,3,975,97,3,0
2024-11-02 16:00,晴,16.7,0,北风,1,3,974,93,3,1
2024-11-02 17:00,晴,16.1,0,东风,1,4,974,100,5,1
2024-11-02 18:00,晴,15.4,0,东北风,1,3,975,100,6,1
2024-11-02 19:00,多云,15.4,0,东南风,1,3,976,100,5,0
2024-11-02 20:00,多云,15.3,0,东南风,1,4,976,100,3,0
2024-11-02 21:00,晴,15,0,西风,1,1,976,100,3,5
2024-11-02 22:00,阴,14.8,0,南风,1,3,976,100,3,9
2024-11-02 23:00,晴,14.4,0,西南风,1,1,976,100,3,14
2024-11-03 00:00,晴,14.1,0,北风,0,0,976,100,3,9
2024-11-03 01:00,晴,13.9,0,北风,0,0,976,100,3,5
2024-11-03 02:00,晴,13.8,0,北风,0,0,976,100,2,0
2024-11-03 03:00,晴,13.6,0,西南风,1,2,977,100,3,8
2024-11-03 04:00,晴,13.9,0,西南风,1,4,977,100,2,15
2024-11-03 05:00,多云,14.2,0,东南风,1,3,977,100,2,23
2024-11-03 06:00,晴,14.5,0,南风,2,6,977,100,2,15
2024-11-03 07:00,多云,14.4,0,东南风,1,1,978,100,2,8
2024-11-03 08:00,多云,14.4,0,南风,1,2,978,100,2,0
2024-11-03 09:00,阴,14.7,0,北风,0,0,980,100,2,30
2024-11-03 10:00,阴,15.8,0,东南风,1,1,979,100,3,60
2024-11-03 11:00,多云,17.1,0,东北风,1,4,979,92,4,90
2024-11-03 12:00,阴,16.8,0,西北风,1,4,979,94,5,60
2024-11-03 13:00,阴,16.9,0,北风,1,2,978,93,6,30
2024-11-03 14:00,阴,16.1,0,南风,1,1,978,100,8,0
2024-11-03 15:00,阴,16.1,0,北风,1,2,978,100,7,0
2024-11-03 16:00,阴,16.7,0,南风,2,7,978,100,7,1
2024-11-03 17:00,多云,16.4,0,西南风,1,4,979,100,5,1
2024-11-03 18:00,多云,16,0,东南风,1,2,979,100,6,1
2024-11-03 19:00,阴,15.2,0,北风,0,0,980,100,5,0
2024-11-03 20:00,多云,13.9,0,南风,1,1,981,100,4,0
2024-11-03 21:00,晴,12.7,0,西南风,1,1,981,100,3,0
2024-11-03 22:00,晴,12.2,0,西南风,1,1,981,100,3,0
2024-11-03 23:00,晴,11.9,0,南风,1,1,982,100,2,0
2024-11-04 00:00,晴,11.3,0,北风,0,0,982,100,1,0
2024-11-04 01:00,多云,11.6,0,北风,0,0,982,100,2,0
2024-11-04 02:00,阴,12,0,北风,0,0,982,100,1,0
2024-11-04 03:00,阴,12.2,0,北风,0,0,982,100,1,24
2024-11-04 04:00,阴,12.5,0,南风,1,2,982,100,1,48
2024-11-04 05:00,阴,12.1,0,西南风,1,2,981,100,2,72
2024-11-04 06:00,阴,12.4,0,西南风,1,1,981,100,2,48
2024-11-04 07:00,阴,11.9,0,北风,0,0,982,100,2,24
2024-11-04 08:00,阴,12.2,0,西北风,1,1,982,100,2,0
2024-11-04 09:00,阴,13,0,东北风,1,2,983,100,2,15
2024-11-04 10:00,阴,13.2,0,北风,1,2,983,100,2,29
2024-11-04 11:00,阴,14.2,0,西北风,1,5,982,100,5,44
2024-11-04 12:00,多云,15.3,0,北风,1,3,982,87,6,29
2024-11-04 13:00,晴,16.2,0,北风,2,6,980,74,7,15
2024-11-04 14:00,多云,17.1,0,东北风,1,3,979,70,10,0
2024-11-04 15:00,晴,17.9,0,东北风,1,5,978,67,9,0
2024-11-04 16:00,晴,16.3,0,东北风,1,4,978,70,7,1
2024-11-04 17:00,晴,15.8,0,微风,0,0,966,67,8,1
2024-11-04 18:00,晴,13.6,0,微风,1,1,966,86,9,1
2024-11-04 19:00,晴,12.7,0,微风,1,1,966,79,7,0
2024-11-04 20:00,晴,11.7,0,微风,1,1,966,93,7,0
2024-11-04 21:00,晴,10.9,0,微风,0,0,966,100,7,0
2024-11-04 22:00,晴,10.3,0,微风,0,0,966,100,4,0
2024-11-04 23:00,晴,9.8,0,微风,0,0,966,100,2,0
2024-11-05 00:00,晴,9.2,0,微风,0,0,966,100,2,0
2024-11-05 01:00,晴,9,0,微风,1,1,966,100,2,0
2024-11-05 02:00,晴,8.8,0,微风,0,0,966,100,2,0
2024-11-05 03:00,晴,8.3,0,微风,1,1,966,100,4,0
2024-11-05 04:00,晴,8,0,微风,0,0,966,100,4,1
2024-11-05 05:00,晴,7.2,0,微风,1,1,966,97,2,1
2024-11-05 06:00,晴,6.1,0,微风,0,0,966,98,1,1
2024-11-05 07:00,晴,6.5,0,微风,1,1,966,97,2,0
2024-11-05 08:00,晴,5.7,0,微风,0,0,966,98,10,0
2024-11-05 09:00,晴,6.3,0,微风,0,0,966,98,2,0
2024-11-05 10:00,晴,9.1,0,微风,1,1,966,93,3,0
2024-11-05 11:00,晴,15.2,0,西南风,1,3,981,75,5,0
2024-11-05 12:00,晴,16.3,0,南风,2,6,980,69,5,0
2024-11-05 13:00,晴,16.7,0,东北风,1,3,979,66,6,0
2024-11-05 14:00,晴,17.8,0,北风,1,3,978,61,6,0
2024-11-05 15:00,晴,17.8,0,西北风,1,3,977,58,6,0
2024-11-05 16:00,晴,16.7,0,北风,1,5,977,61,7,0
2024-11-05 17:00,晴,16,0,南风,1,2,977,63,8,0
2024-11-05 18:00,晴,13.7,0,西南风,1,2,977,89,8,0
2024-11-05 19:00,晴,12.7,0,北风,0,0,978,94,6,0
2024-11-05 20:00,晴,12.4,0,北风,0,0,978,96,4,0
2024-11-05 21:00,晴,11.5,0,北风,1,1,979,100,4,0
2024-11-05 22:00,晴,10.8,0,东风,1,1,979,100,3,0
2024-11-05 23:00,晴,10.2,0,北风,1,2,979,100,2,0
2024-11-06 00:00,晴,9.6,0,北风,0,0,979,100,2,0
2024-11-06 01:00,晴,8.8,0,北风,0,0,979,100,2,0
2024-11-06 02:00,晴,8.5,0,南风,1,1,979,100,2,0
2024-11-06 03:00,晴,8.5,0,北风,0,0,979,100,1,0
2024-11-06 04:00,晴,8.2,0,西风,1,1,979,100,1,0
2024-11-06 05:00,晴,7.8,0,北风,0,0,979,100,1,0
2024-11-06 06:00,晴,7.9,0,西北风,1,3,979,100,1,0
2024-11-06 07:00,晴,7.5,0,西北风,1,1,979,100,1,0
2024-11-06 08:00,晴,7.8,0,西风,1,1,980,100,1,0
2024-11-06 09:00,晴,10.3,0,南风,1,2,980,100,1,0
2024-11-06 10:00,晴,11.8,0,北风,1,3,980,100,2,0
2024-11-06 11:00,晴,13.7,0,西南风,1,2,980,90,2,0
2024-11-06 12:00,晴,14.9,0,西北风,1,3,979,82,3,0
2024-11-06 13:00,晴,15.9,0,北风,1,3,977,77,4,0
2024-11-06 14:00,晴,16.7,0,东风,1,4,977,70,5,0
2024-11-06 15:00,晴,17.1,0,北风,1,4,976,60,5,8
2024-11-06 16:00,晴,16.6,0,西南风,1,2,976,63,6,17
2024-11-06 17:00,晴,16.2,0,东风,1,1,976,65,6,25
2024-11-06 18:00,晴,14.4,0,北风,0,0,976,80,6,17
2024-11-06 19:00,晴,12.4,0,北风,0,0,976,100,4,8
2024-11-06 20:00,晴,11.4,0,北风,0,0,977,100,3,0
2024-11-06 21:00,晴,10.7,0,西北风,1,1,977,100,2,0
2024-11-06 22:00,晴,10.3,0,西风,1,1,977,100,2,0
2024-11-06 23:00,晴,9.8,0,西风,1,1,977,100,1,0
2024-11-07 00:00,晴,9.4,0,北风,0,0,977,100,1,0
2024-11-07 01:00,晴,9.2,0,北风,1,2,977,100,1,0
2024-11-07 02:00,多云,9.1,0,北风,0,0,977,100,1,0
2024-11-07 03:00,多云,8.7,0,北风,0,0,976,100,1,17
2024-11-07 04:00,多云,8.5,0,东风,1,5,977,100,1,33
2024-11-07 05:00,多云,9.5,0,西北风,1,1,977,100,1,50
2024-11-07 06:00,多云,8.3,0,北风,1,1,978,100,1,33
2024-11-07 07:00,多云,7.7,0,西风,1,2,978,100,1,17
2024-11-07 08:00,多云,7.8,0,西北风,1,1,978,100,1,0
2024-11-07 09:00,多云,10.2,0,东风,1,1,979,100,1,7
2024-11-07 10:00,多云,12,0.1,东北风,1,2,979,89,1,14
2024-11-07 11:00,多云,13.9,0,东南风,1,4,978,81,1,21
2024-11-07 12:00,多云,15,0,东风,2,6,977,75,1,14
2024-11-07 13:00,多云,15.9,0,西北风,1,4,976,75,1,7
2024-11-07 14:00,晴,16.7,0,北风,1,3,975,67,5,0
2024-11-07 15:00,多云,17.4,0,北风,1,4,975,62,5,32
2024-11-07 16:00,多云,16.7,0,东北风,1,3,975,64,5,63
2024-11-07 17:00,多云,16.2,0,北风,1,3,975,66,6,95
2024-11-07 18:00,多云,13.9,0,北风,0,0,975,93,5,63
2024-11-07 19:00,多云,12.5,0,北风,0,0,976,100,4,32
2024-11-07 20:00,多云,11.9,0,北风,1,1,976,100,3,0
2024-11-07 21:00,多云,11.2,0,北风,1,1,976,100,2,20
2024-11-07 22:00,晴,10.6,0,北风,0,0,976,100,2,41
2024-11-07 23:00,晴,10.2,0,北风,0,0,975,100,1,61
2024-11-08 00:00,晴,9.9,0,北风,0,0,975,100,1,41
2024-11-08 01:00,多云,9.9,0,北风,1,2,975,100,1,20
2024-11-08 02:00,多云,10,0,北风,0,0,975,100,1,0
2024-11-08 03:00,多云,9.4,0,西风,1,3,975,100,1,26
2024-11-08 04:00,多云,9.8,0,北风,0,0,974,100,0,51
2024-11-08 05:00,晴,9.2,0,南风,1,1,974,100,1,77
2024-11-08 06:00,晴,8.6,0,西北风,1,2,974,100,0,51
2024-11-08 07:00,多云,8.5,0,西北风,1,3,975,100,1,26
2024-11-08 08:00,多云,9.2,0,西风,1,1,975,100,0,0
2024-11-08 09:00,晴,10.9,0,北风,1,5,975,100,1,0
2024-11-08 10:00,晴,12.4,0,北风,1,3,975,100,1,1
2024-11-08 11:00,晴,14.1,0,西风,1,2,974,90,2,1
2024-11-08 12:00,晴,15.5,0,北风,1,4,973,76,2,1
2024-11-08 13:00,晴,16.4,0.1,西风,1,3,972,70,3,0
2024-11-08 14:00,晴,17,0,西南风,1,2,971,68,4,0
2024-11-08 15:00,多云,17.8,0,西北风,1,3,970,69,4,17
2024-11-08 16:00,晴,17.1,0,北风,0,0,970,71,4,35
2024-11-08 17:00,多云,16.1,0,北风,1,1,970,89,4,52
2024-11-08 18:00,晴,13.9,0,北风,0,0,970,100,4,35
2024-11-08 19:00,晴,12.5,0,西风,1,2,970,100,3,17
2024-11-08 20:00,多云,12.1,0,西北风,1,1,970,100,2,0
2024-11-08 21:00,多云,11.8,0,北风,0,0,971,100,1,21
2024-11-08 22:00,多云,11.6,0,东南风,1,1,971,100,1,43
2024-11-08 23:00,阴,12.3,0,西北风,1,1,971,100,1,64
2024-11-09 00:00,多云,12.2,0,西南风,1,1,970,100,1,43
2024-11-09 01:00,阴,12.5,0,西风,1,2,971,100,1,21
2024-11-09 02:00,阴,13,0,南风,1,2,971,100,2,0
2024-11-09 03:00,阴,12.6,0,西南风,1,2,971,100,2,27
2024-11-09 04:00,阴,12.2,0,南风,1,2,971,100,2,54
2024-11-09 05:00,阴,12,0,南风,1,2,972,100,2,81
2024-11-09 06:00,多云,12,0,东南风,1,2,973,100,2,54
2024-11-09 07:00,阴,12.3,0,西南风,1,1,973,100,2,27
2024-11-09 08:00,阴,12.8,0,西北风,1,1,974,97,5,0
2024-11-09 09:00,多云,13.4,0,西南风,1,2,975,91,2,23
2024-11-09 10:00,多云,14.3,0,东风,1,2,975,87,3,46
2024-11-09 11:00,晴,15.5,0,南风,1,4,975,80,4,69
2024-11-09 12:00,多云,15.7,0,东南风,1,4,974,77,5,46
2024-11-09 13:00,多云,17.3,0,南风,2,6,973,72,6,23
2024-11-09 14:00,晴,17.9,0,北风,1,4,973,69,6,0
2024-11-09 15:00,多云,18,0,南风,1,3,972,67,6,16
2024-11-09 16:00,多云,17.8,0,南风,1,2,972,68,7,32
2024-11-09 17:00,多云,17.7,0,北风,0,0,973,72,7,48
2024-11-09 18:00,多云,15.7,0,北风,0,0,974,91,6,32
2024-11-09 19:00,多云,14.6,0,东南风,1,1,975,100,5,16
2024-11-09 20:00,阴,15.1,0,北风,0,0,975,100,4,0
2024-11-09 21:00,阴,14.9,0,南风,1,3,976,100,3,18
2024-11-09 22:00,阴,15.3,0,南风,1,2,976,96,3,37
2024-11-09 23:00,阴,14.8,0,北风,1,1,975,100,3,55
2024-11-10 00:00,多云,13.9,0,西南风,1,2,975,100,3,37
2024-11-10 01:00,阴,13.7,0,南风,1,1,975,100,2,18
2024-11-10 02:00,多云,12.5,0,北风,1,1,975,100,2,0
2024-11-10 03:00,晴,11.9,0,北风,0,0,975,100,2,0
2024-11-10 04:00,晴,13.2,0.1,北风,0,0,974,100,2,0
2024-11-10 05:00,多云,12.8,0,北风,1,2,974,100,2,0
2024-11-10 06:00,多云,12.6,0,南风,1,1,974,100,2,0
2024-11-10 07:00,多云,12.4,0,北风,1,4,974,100,2,0
2024-11-10 08:00,多云,13.6,0,南风,1,2,975,100,2,0
2024-11-10 09:00,多云,14.7,0,东北风,1,4,976,100,2,3
2024-11-10 10:00,多云,15.1,0,南风,1,2,976,100,2,6
2024-11-10 11:00,多云,17.3,0,东南风,1,2,975,82,3,9
2024-11-10 12:00,多云,18.5,0,西北风,1,2,974,73,4,6
2024-11-10 13:00,多云,18.7,0,东北风,1,4,973,74,4,3
2024-11-10 14:00,阴,19.3,0,北风,2,7,972,69,4,0
2024-11-10 15:00,多云,19.5,0,北风,1,2,972,69,4,1
2024-11-10 16:00,多云,19.2,0,北风,1,5,972,72,4,2
2024-11-10 17:00,多云,18.6,0,北风,1,1,972,75,5,3
2024-11-10 18:00,多云,17,0,北风,0,0,972,99,5,2
2024-11-10 19:00,多云,16.6,0,北风,0,0,973,99,4,1
2024-11-10 20:00,多云,16.4,0,北风,0,0,973,100,3,0
2024-11-10 21:00,多云,15.9,0,南风,1,2,973,100,3,1
2024-11-10 22:00,多云,15.9,0,北风,0,0,973,100,2,1
2024-11-10 23:00,多云,15.5,0,东北风,1,1,974,100,2,2
2024-11-11 00:00,多云,15.5,0,东北风,1,1,973,100,2,1
2024-11-11 01:00,多云,15.7,0,北风,0,0,973,100,2,1
2024-11-11 02:00,多云,15.1,0,西风,1,1,974,100,2,0
2024-11-11 03:00,多云,15.1,0,北风,0,0,973,100,2,8
2024-11-11 04:00,多云,14.8,0,北风,1,1,973,100,2,15
2024-11-11 05:00,晴,15.3,0,南风,1,1,974,100,2,23
2024-11-11 06:00,晴,15,0,东南风,1,2,974,100,2,15
2024-11-11 07:00,多云,15,0,北风,1,3,975,100,2,8
2024-11-11 08:00,阴,14.8,0,东北风,1,2,976,100,2,0
2024-11-11 09:00,多云,15.1,0,西南风,1,2,976,100,2,0
2024-11-11 10:00,多云,15.6,0,北风,1,3,977,100,2,1
2024-11-11 11:00,多云,15.7,0,南风,1,1,976,99,2,1
2024-11-11 12:00,多云,16.1,0,西北风,1,2,976,96,2,1
2024-11-11 13:00,多云,15.9,0,西北风,1,1,975,99,3,0
2024-11-11 14:00,阴,16.1,0,西北风,1,2,974,96,3,0
2024-11-11 15:00,阴,16,0,西北风,1,1,974,100,3,20
2024-11-11 16:00,阴,15.8,0,北风,1,1,974,100,2,39
2024-11-11 17:00,阴,15.5,0,西北风,1,1,974,100,2,59
2024-11-11 18:00,阴,15.7,0,南风,1,2,974,100,2,39
2024-11-11 19:00,阴,15.6,0,西南风,1,3,975,100,2,20
2024-11-11 20:00,阴,15.4,0,东北风,1,1,975,100,2,0
2024-11-11 21:00,阴,15.3,0,北风,0,0,975,100,1,29
2024-11-11 22:00,阴,15,0,北风,0,0,975,100,1,57
2024-11-11 23:00,阴,14.9,0,北风,0,0,975,100,1,86
2024-11-12 00:00,阴,14.7,0,北风,0,0,974,100,1,57
2024-11-12 01:00,阴,14.5,0,南风,1,2,973,100,1,29
2024-11-12 02:00,阴,14.5,0.1,北风,0,0,973,100,1,0
2024-11-12 03:00,阴,14.5,0,北风,0,0,973,100,1,21
2024-11-12 04:00,阴,14.2,0,北风,1,2,972,100,1,42
2024-11-12 05:00,阴,13.7,0,北风,0,0,972,100,1,63
2024-11-12 06:00,阴,13.7,0,西南风,1,1,972,100,1,42
2024-11-12 07:00,阴,13.9,0,南风,1,2,972,100,1,21
2024-11-12 08:00,阴,14,0,北风,1,1,972,100,1,0
2024-11-12 09:00,阴,14.1,0,南风,1,2,973,100,1,32
2024-11-12 10:00,阴,14.4,0,东北风,1,2,973,100,1,64
2024-11-12 11:00,阴,14.6,0,北风,1,5,972,100,1,96
2024-11-12 12:00,多云,14.8,0,东北风,1,4,971,100,1,64
2024-11-12 13:00,阴,14.5,0,北风,1,5,970,100,1,32
2024-11-12 14:00,阴,14.6,0,西北风,1,1,969,100,2,0
2024-11-12 15:00,阴,14.7,0,东风,1,2,969,100,2,28
2024-11-12 16:00,阴,14.8,0,东南风,1,5,969,100,2,55
2024-11-12 17:00,阴,14.4,0,东风,1,3,970,100,1,83
2024-11-12 18:00,阴,14.3,0,北风,1,3,970,100,1,55
2024-11-12 19:00,阴,14.2,0,北风,0,0,970,100,1,28
2024-11-12 20:00,阴,14.3,0,东北风,1,1,970,100,1,0
2024-11-12 21:00,阴,14.3,0,西风,1,1,971,100,1,27
2024-11-12 22:00,阴,14.4,0,西南风,1,3,971,100,1,54
2024-11-12 23:00,阴,14.2,0,西南风,1,2,971,100,1,81
2024-11-13 00:00,阴,14.2,0,北风,0,0,971,100,1,54
2024-11-13 01:00,阴,14.1,0,北风,0,0,970,100,1,27
2024-11-13 02:00,多云,14.1,0,北风,1,4,970,100,1,0
2024-11-13 03:00,多云,14.2,0,北风,1,2,969,100,1,14
2024-11-13 04:00,多云,13.9,0,东风,1,3,969,100,1,29
2024-11-13 05:00,阴,13.8,0,微风,0,0,966,100,1,43
2024-11-13 06:00,阴,13.8,0,微风,0,0,966,100,1,29
2024-11-13 07:00,阴,13.8,0,北风,1,4,969,100,1,14
2024-11-13 08:00,阴,13.8,0,北风,1,4,970,100,1,0
2024-11-13 09:00,阴,13.9,0,东北风,1,3,970,100,1,11
2024-11-13 10:00,阴,14.2,0,西北风,1,2,970,100,1,21
2024-11-13 11:00,阴,14.7,0,北风,1,2,970,100,1,32
2024-11-13 12:00,阴,15.2,0,东北风,1,3,969,100,1,21
2024-11-13 13:00,阴,15.3,0,北风,0,0,969,100,1,11
2024-11-13 14:00,阴,15.3,0,东风,1,3,968,100,2,0
2024-11-13 15:00,阴,15,0,西南风,1,1,968,100,2,28
2024-11-13 16:00,小雨,14.5,1.2,北风,0,0,969,100,2,56
2024-11-13 17:00,小雨,14.1,3.9,北风,1,1,969,100,1,84
2024-11-13 18:00,阴,14,0.6,北风,1,3,969,100,0,56
2024-11-13 19:00,小雨,14.1,0.2,西北风,1,3,970,100,1,28
2024-11-13 20:00,小雨,14,2.2,东北风,1,2,970,100,1,0
2024-11-13 21:00,阴,14,0.4,北风,0,0,971,100,1,20
2024-11-13 22:00,阴,14,0.1,西北风,1,2,971,100,1,40
2024-11-13 23:00,多云,14,0,南风,1,3,971,100,0,60
2024-11-14 00:00,多云,14.1,0,西北风,1,4,971,100,0,40
2024-11-14 01:00,多云,14.1,0,南风,1,4,971,100,0,20
2024-11-14 02:00,多云,14.1,0,北风,1,1,970,100,0,0
2024-11-14 03:00,多云,14,0,南风,1,2,970,100,1,0
2024-11-14 04:00,多云,14,0,西南风,1,3,969,100,1,0
2024-11-14 05:00,多云,14,0,东风,1,2,969,100,1,0
2024-11-14 06:00,多云,13.9,0,北风,0,0,969,100,1,0
2024-11-14 07:00,多云,13.6,0,北风,0,0,969,100,1,0
2024-11-14 08:00,多云,13.7,0,西风,1,1,970,100,1,0
2024-11-14 09:00,多云,14.6,0,南风,1,1,971,100,1,0
2024-11-14 10:00,多云,15.5,0,西风,1,1,971,100,1,0
2024-11-14 11:00,多云,16.3,0,东北风,1,3,970,100,3,0
2024-11-14 12:00,多云,18,0.1,东风,1,4,970,97,4,0
2024-11-14 13:00,多云,17.9,0,西北风,1,5,969,96,5,0
2024-11-14 14:00,多云,17.4,0,西北风,1,5,968,100,6,0
2024-11-14 15:00,多云,16.9,0,东北风,1,4,968,100,6,10
2024-11-14 16:00,多云,16.6,0,西风,1,1,968,100,6,19
2024-11-14 17:00,多云,16.1,0,北风,1,3,969,100,6,29
2024-11-14 18:00,多云,15.9,0,南风,1,2,968,100,5,19
2024-11-14 19:00,多云,15.9,0,北风,1,2,969,100,3,10
2024-11-14 20:00,多云,16,0,东北风,1,1,969,100,3,0
2024-11-14 21:00,多云,15.9,0,北风,0,0,970,100,2,18
2024-11-14 22:00,多云,15.8,0,东北风,1,3,970,100,2,37
2024-11-14 23:00,多云,15.6,0,东北风,1,3,970,100,2,55
2024-11-15 00:00,多云,15.6,0,南风,1,1,969,100,2,37
2024-11-15 01:00,多云,15.1,0,北风,0,0,969,100,2,18
2024-11-15 02:00,多云,15,0,东北风,1,3,969,100,2,0
2024-11-15 03:00,多云,15.1,0,西北风,1,1,969,100,2,33
2024-11-15 04:00,多云,15,0.1,东北风,1,3,968,100,2,66
2024-11-15 05:00,阴,14.8,0,北风,1,4,968,100,2,99
2024-11-15 06:00,多云,14.8,0,西北风,1,3,969,100,2,66
2024-11-15 07:00,多云,14.8,0,西北风,1,1,969,100,2,33
2024-11-15 08:00,阴,15.1,0,西南风,1,3,970,100,1,0
2024-11-15 09:00,阴,15.6,0,北风,1,4,971,100,2,33
2024-11-15 10:00,阴,15.7,0,北风,0,0,971,100,2,65
2024-11-15 11:00,阴,15.4,0,北风,0,0,970,100,3,98
2024-11-15 12:00,阴,15.5,0,东北风,1,3,970,100,3,65
2024-11-15 13:00,阴,15.7,0,东南风,1,2,969,100,4,33
2024-11-15 14:00,阴,15.8,0,西北风,1,5,969,100,4,0
2024-11-15 15:00,阴,15.7,0,北风,1,1,969,100,4,31
2024-11-15 16:00,小雨,14.9,0,北风,0,0,970,100,4,61
2024-11-15 17:00,阴,14.6,3.1,东北风,1,1,970,100,1,92
2024-11-15 18:00,阴,14.5,0.7,东南风,1,3,971,100,1,61
2024-11-15 19:00,阴,14,0.6,东风,1,3,973,100,1,31
2024-11-15 20:00,阴,13.8,0.4,东南风,1,2,973,100,2,0
2024-11-15 21:00,阴,14,0.1,北风,1,2,974,100,3,31
2024-11-15 22:00,小雨,13.6,0,西北风,1,2,976,100,4,62
2024-11-15 23:00,小雨,12.3,1.1,东北风,1,5,978,100,4,93
2024-11-16 00:00,小雨,11.4,2.8,东北风,1,3,977,100,4,62
2024-11-16 01:00,阴,11.4,0.8,西北风,2,6,978,100,4,31
2024-11-16 02:00,小雨,11.6,0,西风,2,6,979,100,6,0
2024-11-16 03:00,阴,10.7,0.6,西南风,1,2,979,100,9,28
2024-11-16 04:00,阴,10.8,0.3,北风,1,3,980,100,9,57
2024-11-16 05:00,阴,10.5,0.5,南风,2,6,980,100,9,85
2024-11-16 06:00,雨,10.7,0.2,北风,0,0,981,100,9,57
2024-11-16 07:00,雨,10.4,0.7,北风,1,1,981,100,11,28
2024-11-16 08:00,阴,10.4,1.3,西北风,2,6,982,100,10,0
2024-11-16 09:00,阴,10.5,0.7,南风,2,6,982,100,8,32
2024-11-16 10:00,阴,10.7,0.1,东南风,1,2,983,100,10,65
2024-11-16 11:00,阴,11.1,0,北风,1,2,982,99,11,97
2024-11-16 12:00,阴,11.5,0,西北风,1,3,982,89,15,65
2024-11-16 13:00,阴,11.3,0,西北风,2,8,982,87,17,32
2024-11-16 14:00,阴,10.4,0.2,南风,1,2,981,80,20,0
2024-11-16 15:00,小雨,9.9,0.8,南风,2,8,981,85,20,29
2024-11-16 16:00,小雨,9.1,1.1,南风,2,6,982,100,12,59
2024-11-16 17:00,小雨,8.5,1.1,西北风,1,3,983,100,10,88
2024-11-16 18:00,阴,8.1,0.9,北风,1,3,984,100,10,59
2024-11-16 19:00,小雨,7.8,1,西北风,1,3,985,100,10,29
2024-11-16 20:00,中雨,7.6,1.3,东南风,1,3,986,100,8,0
2024-11-16 21:00,小雨,7.7,1.3,北风,1,1,987,100,6,24
2024-11-16 22:00,阴,7.4,1.5,西南风,1,3,986,100,6,49
2024-11-16 23:00,阴,7.4,0.6,东南风,1,4,986,100,5,73
2024-11-17 00:00,阴,7.7,0.2,南风,1,5,985,100,10,49
2024-11-17 01:00,阴,7.6,0,东南风,1,1,985,100,10,24
2024-11-17 02:00,阴,7.3,0,东南风,1,3,984,100,15,0
2024-11-17 03:00,阴,7.3,0.1,东风,1,2,983,100,12,11
2024-11-17 04:00,阴,7,0,西南风,1,3,983,100,12,23
2024-11-17 05:00,多云,7,0,西南风,1,1,984,100,14,34
2024-11-17 06:00,多云,7.4,0,东风,1,3,983,100,15,23
2024-11-17 07:00,阴,7.6,0,南风,1,2,983,100,12,11
2024-11-17 08:00,阴,7.8,0,东风,1,4,984,100,10,0
2024-11-17 09:00,多云,8.7,0,东风,1,5,985,100,8,20
2024-11-17 10:00,阴,9.4,0,西北风,1,3,985,90,9,40
2024-11-17 11:00,阴,9.9,0,西南风,1,5,984,95,14,60
2024-11-17 12:00,阴,9.9,0,西风,1,2,984,99,15,40
2024-11-17 13:00,阴,10,0,西风,1,2,983,89,18,20
2024-11-17 14:00,阴,10,0,西南风,1,4,983,89,19,0
2024-11-17 15:00,阴,9.6,0,东南风,2,6,983,91,19,25
2024-11-17 16:00,阴,8.4,0,西南风,2,10,983,95,19,50
2024-11-17 17:00,阴,8,0,南风,1,5,984,100,15,75
2024-11-17 18:00,阴,7.7,0.3,东风,1,5,984,100,16,50
2024-11-17 19:00,阴,7.4,0.7,西南风,1,2,985,100,18,25
2024-11-17 20:00,阴,7.3,0.3,西南风,1,3,986,100,16,0
2024-11-17 21:00,阴,7.5,0.2,北风,1,2,986,100,16,31
2024-11-17 22:00,阴,7.5,0,西北风,2,6,986,100,14,61
2024-11-17 23:00,阴,7,0,西北风,1,4,986,100,18,92
2024-11-18 00:00,阴,6.8,0,西北风,1,3,986,100,18,61
2024-11-18 01:00,阴,6.8,0,西北风,1,5,985,100,12,31
2024-11-18 02:00,阴,6.8,0.1,西风,1,1,985,100,11,0
2024-11-18 03:00,阴,6.8,0,西北风,1,3,984,100,11,22
2024-11-18 04:00,阴,6.8,0,西风,1,3,984,100,9,44
2024-11-18 05:00,阴,6.8,0,西南风,1,1,984,100,8,66
2024-11-18 06:00,小雨,6.6,0.4,西北风,1,3,983,100,7,44
2024-11-18 07:00,小雨,6.5,0.9,西北风,1,2,983,100,5,22
2024-11-18 08:00,小雨,6.6,1.3,西北风,1,2,984,100,5,0
2024-11-18 09:00,小雨,6.9,1.5,北风,1,2,985,100,4,24
2024-11-18 10:00,阴,7.2,1,南风,1,2,985,100,4,47
2024-11-18 11:00,阴,7.5,0.4,西北风,1,1,985,100,4,71
2024-11-18 12:00,阴,8,0,东风,1,3,984,100,5,47
2024-11-18 13:00,阴,8.1,0,北风,2,7,983,100,8,24
2024-11-18 14:00,阴,8.2,0.1,北风,1,5,982,100,8,0
2024-11-18 15:00,阴,8,0,东北风,1,5,982,100,8,3
2024-11-18 16:00,阴,7.7,0,东北风,1,4,982,100,8,7
2024-11-18 17:00,阴,7.5,0,东风,1,5,982,100,15,10
2024-11-18 18:00,阴,7.2,0,南风,1,2,983,100,15,7
2024-11-18 19:00,多云,7,0,东北风,1,5,984,100,14,3
2024-11-18 20:00,多云,6.9,0,东北风,1,2,985,100,15,0
2024-11-18 21:00,多云,6.8,0,东北风,1,3,985,100,16,12
2024-11-18 22:00,阴,6.7,0,东风,1,3,985,100,13,25
2024-11-18 23:00,阴,6.6,0,东北风,1,1,985,100,9,37
2024-11-19 00:00,多云,6.5,0,北风,1,4,985,100,9,25
2024-11-19 01:00,阴,6.4,0,西北风,1,2,985,100,8,12
2024-11-19 02:00,阴,6.3,0,东南风,1,2,985,100,9,0
2024-11-19 03:00,多云,6.2,0,西北风,1,2,984,100,9,25
2024-11-19 04:00,阴,6.2,0,东风,1,3,984,100,9,49
2024-11-19 05:00,阴,6.2,0,东北风,1,3,984,100,8,74
2024-11-19 06:00,多云,6.1,0,北风,1,3,984,100,8,49
2024-11-19 07:00,多云,6.2,0,北风,1,2,985,100,8,25
2024-11-19 08:00,多云,6.5,0,东北风,1,3,985,100,7,0
2024-11-19 09:00,阴,6.6,0,北风,1,4,985,100,7,25
2024-11-19 10:00,阴,6.9,0,北风,1,3,985,100,7,50
2024-11-19 11:00,多云,7.2,0,北风,1,3,985,100,8,75
2024-11-19 12:00,阴,7.5,0,东南风,1,1,984,100,8,50
2024-11-19 13:00,多云,7.7,0,西北风,2,6,983,100,8,25
2024-11-19 14:00,多云,8.4,0,西北风,1,3,982,95,8,0
2024-11-19 15:00,多云,8.6,0,西北风,2,6,982,90,8,16
2024-11-19 16:00,多云,8.6,0,西北风,1,3,982,87,8,33
2024-11-19 17:00,阴,8.5,0,西北风,1,3,982,91,8,49
2024-11-19 18:00,多云,8.4,0,东南风,1,1,983,90,8,33
2024-11-19 19:00,多云,8.3,0,南风,1,2,983,95,8,16
2024-11-19 20:00,多云,7.7,0,北风,0,0,984,100,7,0
2024-11-19 21:00,多云,7.2,0,南风,1,2,984,100,6,11
2024-11-19 22:00,多云,7.4,0,东南风,1,2,984,100,5,21
2024-11-19 23:00,多云,5.6,0,西北风,1,3,984,100,3,32
2024-11-20 00:00,多云,4.9,0,北风,0,0,984,100,1,21
2024-11-20 01:00,多云,5,0,南风,1,3,983,100,1,11
2024-11-20 02:00,多云,6.6,0,南风,1,3,983,100,1,0
2024-11-20 03:00,多云,6,0,西南风,1,2,983,100,1,12
2024-11-20 04:00,多云,6.5,0,西南风,2,6,982,100,1,25
2024-11-20 05:00,多云,5.8,0,南风,1,1,982,100,3,37
2024-11-20 06:00,多云,4.5,0,东南风,1,2,982,100,3,25
2024-11-20 07:00,多云,3.9,0,东风,1,1,982,100,3,12
2024-11-20 08:00,多云,4,0,北风,0,0,983,100,2,0
2024-11-20 09:00,多云,6.5,0,南风,1,5,983,100,2,0
2024-11-20 10:00,晴,8.5,0,南风,2,7,983,95,3,0
2024-11-20 11:00,晴,10.8,0,南风,2,7,983,76,6,0
2024-11-20 12:00,晴,11.4,0,南风,1,5,981,74,8,0
2024-11-20 13:00,晴,12.5,0,西南风,1,2,980,68,9,0
2024-11-20 14:00,晴,13.4,0,西北风,1,5,979,63,11,0
2024-11-20 15:00,多云,13.9,0,南风,1,5,979,63,11,0
2024-11-20 16:00,晴,13.2,0,西南风,1,2,979,64,11,0
2024-11-20 17:00,晴,12.1,0,西北风,1,2,979,75,11,0
2024-11-20 18:00,多云,9.1,0,北风,0,0,979,100,16,0
2024-11-20 19:00,多云,7.8,0,北风,0,0,980,100,10,0
2024-11-20 20:00,多云,7,0,北风,0,0,980,100,7,0
2024-11-20 21:00,多云,6.7,0,西北风,1,2,981,100,5,8
2024-11-20 22:00,多云,6.2,0,北风,0,0,981,100,4,16
2024-11-20 23:00,多云,5.9,0,北风,0,0,981,100,4,24
2024-11-21 00:00,多云,5.7,0,北风,1,1,981,100,3,16
2024-11-21 01:00,晴,5.2,0,西南风,1,1,981,100,3,8
2024-11-21 02:00,晴,5,0,西风,1,1,981,100,3,0
2024-11-21 03:00,晴,5.1,0,西风,1,2,981,100,3,20
2024-11-21 04:00,多云,5.6,0,西风,1,1,980,100,3,40
2024-11-21 05:00,多云,6.7,0,西北风,1,1,980,100,3,60
2024-11-21 06:00,多云,5.6,0,西风,1,2,980,100,3,40
2024-11-21 07:00,多云,5.3,0,西北风,1,1,981,100,3,20
2024-11-21 08:00,多云,4.9,0,西北风,1,3,981,100,3,0
2024-11-21 09:00,多云,7.4,0,南风,1,2,982,100,3,11
2024-11-21 10:00,多云,8.8,0,西北风,2,6,982,98,3,21
2024-11-21 11:00,晴,10.7,0,西北风,1,5,981,82,7,32
2024-11-21 12:00,多云,11.9,0,南风,1,5,980,73,8,21
2024-11-21 13:00,多云,12,0,南风,2,6,979,70,9,11
2024-11-21 14:00,多云,12.9,0,南风,1,1,978,69,10,0
2024-11-21 15:00,多云,12.8,0,西北风,1,3,978,65,10,21
2024-11-21 16:00,阴,12.9,0,东北风,1,3,977,69,10,42
2024-11-21 17:00,多云,12.5,0,东北风,1,1,978,69,10,63
2024-11-21 18:00,多云,10.6,0,西北风,1,2,978,89,10,42
2024-11-21 19:00,晴,8.3,0,北风,0,0,978,100,8,21
2024-11-21 20:00,晴,7.2,0,西北风,1,1,979,100,6,0
2024-11-21 21:00,晴,6.6,0,北风,0,0,979,100,4,0
2024-11-21 22:00,晴,6.3,0,西风,1,1,979,100,4,0
2024-11-21 23:00,晴,5.9,0,南风,1,1,979,100,3,0
2024-11-22 00:00,晴,5.7,0,西风,1,1,979,100,2,0
2024-11-22 01:00,晴,5.8,0,西北风,1,2,979,100,2,0
2024-11-22 02:00,晴,5.1,0,西北风,0,0,979,100,3,0
2024-11-22 03:00,晴,5.1,0,西北风,0,0,979,100,3,0
2024-11-22 04:00,多云,4.8,0,西北风,0,0,979,100,3,0
2024-11-22 05:00,多云,5,0,西南风,1,1,979,100,3,0
2024-11-22 06:00,晴,5.8,0,西南风,1,3,979,100,3,0
2024-11-22 07:00,晴,5.5,0,东南风,1,2,979,100,3,0
2024-11-22 08:00,晴,6.1,0,东风,1,5,980,100,3,0
2024-11-22 09:00,多云,6.9,0,东北风,1,3,980,100,2,0
2024-11-22 10:00,晴,7.8,0,东北风,1,4,980,94,2,1
2024-11-22 11:00,多云,9.7,0,东南风,1,2,979,75,3,1
2024-11-22 12:00,晴,10.4,0,北风,1,5,978,65,6,1
2024-11-22 13:00,多云,11.6,0,西北风,1,2,977,64,6,0
2024-11-22 14:00,多云,11.7,0,北风,1,3,976,63,6,0
2024-11-22 15:00,晴,12.6,0,北风,1,2,976,63,6,1
2024-11-22 16:00,晴,11.7,0,北风,1,4,975,72,6,1
2024-11-22 17:00,晴,10.8,0,北风,0,0,975,82,6,2
2024-11-22 18:00,晴,9,0,北风,1,1,976,100,6,1
2024-11-22 19:00,晴,7.7,0,西南风,0,0,976,100,4,1
2024-11-22 20:00,晴,7.1,0,西南风,1,2,976,100,2,0
2024-11-22 21:00,晴,6.6,0,南风,0,0,977,100,2,12
2024-11-22 22:00,多云,7.9,0,西北风,1,1,977,100,1,23
2024-11-22 23:00,晴,6.5,0,南风,1,2,977,100,1,35
2024-11-23 00:00,晴,6,0,西北风,1,1,978,100,1,23
2024-11-23 01:00,晴,5.5,0,西北风,1,1,977,100,1,12
2024-11-23 02:00,晴,5.5,0,西北风,1,2,977,100,1,0
2024-11-23 03:00,多云,5.3,0,西北风,1,1,977,100,1,12
2024-11-23 04:00,多云,5.5,0,西北风,1,2,977,100,1,25
2024-11-23 05:00,多云,5.7,0,西北风,1,2,977,100,1,37
2024-11-23 06:00,多云,6,0,西北风,1,1,977,100,1,25
2024-11-23 07:00,多云,5.7,0,西北风,1,2,977,100,1,12
2024-11-23 08:00,多云,6.7,0,东北风,1,1,978,100,1,0
2024-11-23 09:00,多云,7.3,0,东北风,1,2,978,100,2,12
2024-11-23 10:00,阴,7.7,0,东风,2,6,978,100,2,23
2024-11-23 11:00,多云,8.9,0,东风,1,3,978,99,2,35
2024-11-23 12:00,多云,8.5,0,东北风,1,3,977,99,3,23
2024-11-23 13:00,阴,8.7,0,北风,1,2,976,100,3,12
2024-11-23 14:00,阴,8.5,0.1,南风,0,0,975,100,3,0
2024-11-23 15:00,阴,8.9,0,西风,1,4,975,100,3,28
2024-11-23 16:00,多云,9.8,0,北风,1,5,974,100,3,57
2024-11-23 17:00,多云,10.5,0,东北风,1,3,975,100,3,85
2024-11-23 18:00,多云,10,0.1,东北风,1,1,975,100,3,57
2024-11-23 19:00,阴,10.3,0,东风,1,2,975,97,3,28
2024-11-23 20:00,阴,10,0,南风,1,1,976,100,3,0
2024-11-23 21:00,阴,9.4,0,西北风,1,4,977,100,3,27
2024-11-23 22:00,阴,9,0,西北风,1,1,977,100,2,54
2024-11-23 23:00,阴,9.2,0,西南风,1,3,977,100,2,81
2024-11-24 00:00,阴,9.1,0,东风,1,2,978,99,2,54
2024-11-24 01:00,多云,8.9,0,西风,1,2,978,100,3,27
2024-11-24 02:00,阴,8.8,0,北风,1,1,978,100,2,0
2024-11-24 03:00,阴,8.4,0,南风,1,1,978,100,2,33
2024-11-24 04:00,阴,8.3,0,南风,1,5,978,100,2,66
2024-11-24 05:00,阴,8.5,0,西北风,1,2,978,100,2,99
2024-11-24 06:00,阴,8.5,0,西北风,1,1,978,100,2,66
2024-11-24 07:00,阴,8.5,0,西北风,1,3,978,100,2,33
2024-11-24 08:00,多云,8.5,0,北风,1,1,979,100,2,0
2024-11-24 09:00,阴,8.3,0,西北风,1,2,980,100,2,31
2024-11-24 10:00,阴,7.4,0.1,西北风,1,3,980,100,2,62
2024-11-24 11:00,阴,7.1,0.2,西北风,1,5,979,100,1,93
2024-11-24 12:00,阴,7,0.2,西北风,1,5,979,100,1,62
2024-11-24 13:00,阴,7.3,0,西北风,1,3,979,100,1,31
2024-11-24 14:00,小雨,7.6,0,西北风,1,2,978,100,1,0
2024-11-24 15:00,阴,7.8,0.6,南风,1,1,978,100,1,20
2024-11-24 16:00,阴,8.2,0.2,南风,1,4,978,100,1,41
2024-11-24 17:00,雨,8.3,0.1,南风,1,1,979,100,1,61
2024-11-24 18:00,小雨,8.1,1.9,北风,2,7,980,100,1,41
2024-11-24 19:00,小雨,7.3,3.4,北风,1,3,981,100,1,20
2024-11-24 20:00,中雨,7.1,3.8,北风,1,5,983,100,2,0
2024-11-24 21:00,小雨,6.9,2.3,北风,1,4,984,100,4,32
2024-11-24 22:00,阴,6.6,1.6,北风,1,4,985,100,4,65
2024-11-24 23:00,阴,5.9,0.4,东南风,1,1,985,100,7,97
2024-11-25 00:00,小雨,5.9,0.8,东北风,1,3,986,100,7,65
2024-11-25 01:00,阴,5.2,1.9,东北风,1,4,986,100,7,32
2024-11-25 02:00,阴,4.8,0.4,西北风,2,6,986,100,8,0
2024-11-25 03:00,阴,4.8,0.1,北风,1,4,986,100,8,9
2024-11-25 04:00,阴,4.9,0,东北风,1,2,985,100,8,17
2024-11-25 05:00,阴,5,0,西北风,1,5,985,100,12,26
2024-11-25 06:00,多云,4.7,0,西北风,2,6,985,100,18,17
2024-11-25 07:00,阴,4.4,0,西北风,1,2,986,100,15,9
2024-11-25 08:00,多云,4,0,北风,1,2,987,100,27,0
2024-11-25 09:00,晴,5.2,0,北风,1,3,987,91,22,0
2024-11-25 10:00,晴,6.6,0.1,西北风,2,7,988,57,17,0
2024-11-25 11:00,晴,8.2,0,西北风,2,10,988,45,19,0
2024-11-25 12:00,晴,8.6,0,西北风,2,8,987,40,27,0
2024-11-25 13:00,晴,9.3,0,西北风,1,3,986,38,29,0
2024-11-25 14:00,晴,10,0,西北风,2,8,985,34,30,0
2024-11-25 15:00,晴,10.2,0,西北风,2,8,985,33,30,0
2024-11-25 16:00,晴,8.8,0,西北风,1,5,984,34,30,1
2024-11-25 17:00,晴,8.4,0,西北风,1,2,984,35,30,1
2024-11-25 18:00,晴,6.5,0,西风,1,1,984,50,21,1
2024-11-25 19:00,晴,6.4,0,南风,1,3,985,47,15,0
2024-11-25 20:00,晴,5.5,0,南风,1,2,985,48,15,0
2024-11-25 21:00,晴,4.5,0,南风,1,1,985,59,16,0
2024-11-25 22:00,晴,2.8,0,西北风,1,3,985,84,20,0
2024-11-25 23:00,晴,2.8,0,西北风,1,1,985,81,25,0
2024-11-26 00:00,晴,1.6,0,西北风,1,3,985,94,23,0
2024-11-26 01:00,晴,0.9,0,北风,1,2,984,100,20,0
2024-11-26 02:00,晴,0.9,0,西南风,1,1,984,100,18,0
2024-11-26 03:00,晴,0.6,0,西南风,1,2,984,100,18,0
2024-11-26 04:00,晴,0.9,0,西风,1,2,984,100,18,0
2024-11-26 05:00,晴,1.4,0,西北风,0,0,984,100,18,0
2024-11-26 06:00,晴,-0.1,0,北风,0,0,984,100,11,0
2024-11-26 07:00,晴,-0.2,0,西北风,1,1,984,100,11,0
2024-11-26 08:00,晴,0.2,0,南风,1,1,984,100,9,0
2024-11-26 09:00,多云,2.1,0,西风,1,4,984,91,10,0
2024-11-26 10:00,晴,3.6,0,西北风,1,3,985,75,13,0
2024-11-26 11:00,晴,5,0,西北风,1,2,984,64,16,0
2024-11-26 12:00,晴,5.9,0.1,西北风,2,7,983,59,21,0
2024-11-26 13:00,多云,7.1,0,南风,2,8,982,47,21,0
2024-11-26 14:00,多云,7.9,0,南风,2,6,980,45,25,0
2024-11-26 15:00,晴,8.8,0,南风,2,7,979,41,25,0
2024-11-26 16:00,晴,8.7,0,南风,1,2,979,41,25,0
2024-11-26 17:00,晴,8.2,0,南风,1,5,979,42,25,0
2024-11-26 18:00,晴,6.3,0,西南风,0,0,980,53,20,1
2024-11-26 19:00,晴,4.8,0,南风,1,2,981,62,19,1
2024-11-26 20:00,晴,3.3,0,西北风,1,2,982,71,15,2
2024-11-26 21:00,晴,5.7,0,西南风,1,3,982,60,15,3
2024-11-26 22:00,晴,3.8,0,南风,1,1,983,77,13,3
2024-11-26 23:00,晴,4.8,0,东风,1,3,984,65,9,4
2024-11-27 00:00,晴,5.2,0.1,东北风,1,3,984,54,8,3
2024-11-27 01:00,晴,6.3,0,北风,1,4,984,34,8,1
2024-11-27 02:00,晴,6.3,0,西风,1,3,985,34,13,0
2024-11-27 03:00,晴,6,0,西北风,1,2,985,31,13,0
2024-11-27 04:00,晴,4.3,0,西北风,1,1,985,38,13,0
2024-11-27 05:00,晴,3.5,0,西北风,1,2,986,43,14,0
2024-11-27 06:00,晴,4,0,西北风,0,0,986,38,14,0
2024-11-27 07:00,晴,3,0,东北风,1,3,986,40,15,0
2024-11-27 08:00,晴,3.3,0,东北风,1,1,987,45,13,0
2024-11-27 09:00,晴,4.7,0,北风,1,2,987,36,16,0
2024-11-27 10:00,晴,6.4,0,北风,2,6,986,34,15,0
2024-11-27 11:00,晴,9.1,0,南风,2,10,986,30,15,0
2024-11-27 12:00,晴,10,0,西北风,2,7,984,29,17,0
2024-11-27 13:00,晴,10.7,0,西风,2,6,982,27,19,0
2024-11-27 14:00,晴,11.9,0,西南风,3,14,981,25,17,0
2024-11-27 15:00,晴,12.2,0,南风,2,7,979,22,17,8
2024-11-27 16:00,晴,11.7,0,西南风,1,5,979,23,17,17
2024-11-27 17:00,晴,10.7,0,南风,1,3,978,27,17,25
2024-11-27 18:00,晴,7.8,0,南风,1,1,978,38,18,17
2024-11-27 19:00,晴,6.5,0,南风,1,1,978,41,18,8
2024-11-27 20:00,晴,4.6,0,南风,1,1,978,62,18,0
2024-11-27 21:00,晴,4.1,0,南风,0,0,981,62,16,0
2024-11-27 22:00,晴,3.5,0,西北风,1,1,982,64,10,0
2024-11-27 23:00,晴,4.1,0,东风,1,1,983,60,8,0
2024-11-28 00:00,晴,5.3,0,东北风,1,1,983,43,9,0
2024-11-28 01:00,晴,4.1,0,北风,1,1,983,56,12,0
2024-11-28 02:00,晴,3.2,0,南风,1,2,984,57,14,0
2024-11-28 03:00,晴,3.4,0,北风,1,1,984,52,14,0
2024-11-28 04:00,晴,3.5,0,北风,1,2,984,49,14,1
2024-11-28 05:00,晴,4.6,0,北风,1,2,985,43,14,1
2024-11-28 06:00,晴,3.4,0,北风,1,2,985,46,10,1
2024-11-28 07:00,晴,2.5,0,北风,1,2,985,51,8,0
2024-11-28 08:00,晴,2.2,0,北风,1,2,986,55,8,0
2024-11-28 09:00,晴,4.8,0,北风,1,3,987,41,11,0
2024-11-28 10:00,晴,7,0,北风,1,3,987,36,9,0
2024-11-28 11:00,晴,10,0,西北风,1,5,986,27,10,0
2024-11-28 12:00,晴,11.1,0,西北风,3,19,985,24,10,0
2024-11-28 13:00,晴,12.4,0,西风,2,7,983,24,10,0
2024-11-28 14:00,晴,13.5,0,南风,2,9,982,24,10,0
2024-11-28 15:00,晴,13.5,0,南风,2,7,982,24,10,1
2024-11-28 16:00,晴,12.6,0,西南风,1,3,981,23,10,3
2024-11-28 17:00,晴,11.4,0,北风,1,2,981,31,13,4
2024-11-28 18:00,晴,7.7,0,东北风,1,1,981,39,15,3
2024-11-28 19:00,晴,5.5,0,东南风,1,1,981,53,13,1
2024-11-28 20:00,晴,4.5,0,南风,0,0,981,63,13,0
2024-11-28 21:00,晴,4,0,南风,1,1,981,66,9,0
2024-11-28 22:00,晴,3.6,0,西风,1,1,981,71,9,0
2024-11-28 23:00,晴,3.1,0,东南风,1,2,981,78,10,0
2024-11-29 00:00,晴,3.6,0,南风,0,0,981,64,10,0
2024-11-29 01:00,晴,3.8,0,东南风,1,2,981,57,10,0
2024-11-29 02:00,晴,3.5,0,西北风,1,1,980,61,11,0
2024-11-29 03:00,晴,2.5,0,西北风,1,3,980,67,11,0
2024-11-29 04:00,晴,3.7,0,南风,1,3,980,59,11,0
2024-11-29 05:00,晴,3.7,0,南风,0,0,980,58,11,0
2024-11-29 06:00,晴,1.9,0,西南风,1,3,980,75,17,0
2024-11-29 07:00,晴,2.5,0,南风,2,6,981,64,16,0
2024-11-29 08:00,晴,3.8,0,南风,1,4,981,59,17,0
2024-11-29 09:00,晴,5.3,0,南风,1,5,981,51,9,0
2024-11-29 10:00,晴,7.8,0,南风,2,7,980,39,11,0
2024-11-29 11:00,晴,11.1,0,南风,2,6,980,33,11,0
2024-11-29 12:00,晴,12.2,0,南风,2,6,978,33,18,0
2024-11-29 13:00,晴,13.4,0,南风,1,5,977,29,18,0
2024-11-29 14:00,晴,14.3,0,南风,2,7,976,25,18,0
2024-11-29 15:00,晴,15.2,0,南风,1,4,975,24,18,19
2024-11-29 16:00,晴,14.3,0,南风,0,0,974,22,18,37
2024-11-29 17:00,晴,11.9,0,西北风,1,2,974,34,18,56
2024-11-29 18:00,晴,8.9,0,南风,0,0,975,45,20,37
2024-11-29 19:00,晴,6.4,0,西南风,0,0,975,56,14,19
2024-11-29 20:00,晴,5.6,0,南风,0,0,976,58,12,0
2024-11-29 21:00,晴,5.2,0,南风,0,0,976,59,14,20
2024-11-29 22:00,晴,5,0,东北风,1,1,976,68,13,40
2024-11-29 23:00,晴,4.8,0,东南风,1,1,976,70,13,60
2024-11-30 00:00,多云,5.4,0,南风,0,0,976,67,10,40
2024-11-30 01:00,晴,5.8,0,南风,1,2,975,63,12,20
2024-11-30 02:00,多云,7.1,0,南风,1,5,974,45,12,0
2024-11-30 03:00,多云,7.1,0,南风,0,0,974,46,12,0
2024-11-30 04:00,多云,6.9,0,西北风,0,0,974,48,12,0
2024-11-30 05:00,多云,5.2,0,北风,1,3,973,58,16,0
2024-11-30 06:00,多云,6.9,0,西南风,2,6,973,50,18,0
2024-11-30 07:00,晴,5.7,0,南风,1,1,973,53,18,0
2024-11-30 08:00,晴,6.7,0,南风,2,7,973,49,14,0
2024-11-30 09:00,晴,8,0,南风,2,8,973,43,10,0
2024-11-30 10:00,晴,8.8,0,南风,1,4,973,40,10,0
2024-11-30 11:00,晴,11.8,0,南风,2,8,972,32,13,0
2024-11-30 12:00,晴,13.3,0,南风,1,3,970,31,22,0
2024-11-30 13:00,晴,14.4,0,南风,2,6,969,28,22,0
2024-11-30 14:00,晴,15.5,0,南风,1,4,968,27,22,0
2024-11-30 15:00,晴,16.5,0,南风,0,0,967,24,22,0
2024-11-30 16:00,晴,15.7,0,南风,0,0,967,25,22,0
2024-11-30 17:00,晴,14.6,0,西南风,0,0,967,32,22,0
2024-11-30 18:00,晴,10.7,0,南风,0,0,967,43,22,0
2024-11-30 19:00,晴,7.8,0,西北风,1,1,967,60,16,0
2024-11-30 20:00,晴,6.7,0,南风,0,0,968,66,12,0
2024-11-30 21:00,晴,6.7,0,南风,1,1,968,61,12,0
2024-11-30 22:00,晴,6.4,0,西南风,0,0,968,65,11,0
2024-11-30 23:00,晴,5.2,0,南风,1,2,968,70,8,0
2024-12-01 00:00,晴,4.8,0,东南风,0,0,968,78,9,0
2024-12-01 01:00,晴,4.3,0,东南风,1,1,968,82,9,0
2024-12-01 02:00,晴,3.8,0,西北风,0,0,968,90,9,0
2024-12-01 03:00,晴,3.3,0,南风,0,0,969,96,9,0
2024-12-01 04:00,晴,3.4,0,东南风,0,0,968,100,9,0
2024-12-01 05:00,晴,3.1,0,东南风,1,1,968,100,8,0
2024-12-01 06:00,晴,2.9,0,南风,1,1,969,99,9,0
2024-12-01 07:00,晴,3,0,东风,1,2,969,100,8,0
2024-12-01 08:00,晴,2.6,0,西南风,1,1,970,100,6,0
2024-12-01 09:00,晴,4.1,0,西风,1,3,970,95,7,0
2024-12-01 10:00,晴,7.8,0,西北风,1,5,970,55,8,0
2024-12-01 11:00,晴,10.6,0,西北风,1,5,969,44,8,0
2024-12-01 12:00,晴,13.3,0,西北风,1,1,966,38,9,0
2024-12-01 13:00,晴,14.3,0,南风,1,1,966,39,10,0
2024-12-01 14:00,晴,15.6,0,西北风,1,1,966,33,12,0
2024-12-01 15:00,晴,17.4,0,西北风,0,0,966,30,12,0
2024-12-01 16:00,晴,16,0,南风,0,0,966,30,12,0
2024-12-01 17:00,晴,11.8,0,东风,1,1,966,52,17,0
2024-12-01 18:00,晴,8.7,0,北风,1,1,966,66,17,0
2024-12-01 19:00,晴,7,0,西北风,0,0,966,71,13,0
2024-12-01 20:00,晴,6,0,西风,1,1,967,82,8,0
2024-12-01 21:00,晴,5.5,0,北风,1,1,967,100,8,0
2024-12-01 22:00,晴,5.3,0,东北风,1,2,968,100,8,0
2024-12-01 23:00,晴,4.9,0,南风,1,1,969,100,7,0
2024-12-02 00:00,晴,4.2,0,西风,1,1,970,100,7,0
2024-12-02 01:00,晴,4.5,0,西北风,1,1,970,100,6,0
2024-12-02 02:00,晴,4.1,0,东南风,0,0,971,100,6,0
2024-12-02 03:00,晴,3,0,北风,0,0,972,100,6,0
2024-12-02 04:00,晴,3.9,0,西北风,0,0,972,100,6,0
2024-12-02 05:00,晴,2.9,0,西北风,1,1,973,100,7,0
2024-12-02 06:00,晴,3.2,0,东风,1,1,973,100,7,0
2024-12-02 07:00,晴,3.2,0,西南风,1,2,974,100,7,0
2024-12-02 08:00,晴,2.7,0,西南风,0,0,975,100,6,0
2024-12-02 09:00,晴,4.3,0,西北风,0,0,975,100,7,21
2024-12-02 10:00,晴,7.1,0,东北风,1,3,976,67,7,43
2024-12-02 11:00,晴,9.4,0,东风,1,4,975,49,9,64
2024-12-02 12:00,晴,11.2,0,北风,1,3,974,43,11,43
2024-12-02 13:00,多云,11.6,0,东北风,2,6,974,35,11,21
2024-12-02 14:00,多云,11.7,0,北风,1,3,973,35,11,0
2024-12-02 15:00,多云,11.7,0,东北风,1,3,973,30,11,20
2024-12-02 16:00,阴,11.7,0,东北风,1,3,973,27,11,39
2024-12-02 17:00,多云,10.6,0,北风,1,3,974,29,11,59
2024-12-02 18:00,多云,9.4,0,北风,1,2,974,40,13,39
2024-12-02 19:00,多云,9.3,0,西北风,1,3,975,50,12,20
2024-12-02 20:00,多云,9.8,0,东北风,1,2,976,40,10,0
2024-12-02 21:00,多云,9.8,0,北风,1,3,976,37,10,16
2024-12-02 22:00,阴,9.7,0,东北风,1,2,977,41,10,33
2024-12-02 23:00,阴,8.7,0,东北风,2,7,977,51,8,49
2024-12-03 00:00,阴,8.6,0,东北风,1,4,977,47,8,33
2024-12-03 01:00,阴,8.2,0,东北风,1,2,977,52,8,16
2024-12-03 02:00,阴,7.9,0,南风,1,2,977,47,8,0
2024-12-03 03:00,多云,8,0,北风,1,1,977,44,8,17
2024-12-03 04:00,多云,6.9,0,东北风,1,2,977,52,8,33
2024-12-03 05:00,阴,6.7,0,东北风,1,3,977,46,9,50
2024-12-03 06:00,多云,6.4,0,北风,1,3,978,46,10,33
2024-12-03 07:00,多云,6.3,0,南风,1,3,978,47,10,17
2024-12-03 08:00,多云,6.1,0,南风,1,5,979,47,11,0
2024-12-03 09:00,晴,6.2,0,东北风,1,3,979,47,11,4
2024-12-03 10:00,晴,6.7,0,北风,1,3,979,45,13,8
2024-12-03 11:00,晴,8.8,0,东北风,1,4,978,41,13,12
2024-12-03 12:00,晴,10.6,0,北风,2,7,977,37,18,8
2024-12-03 13:00,晴,10.8,0,北风,2,7,976,39,18,4
2024-12-03 14:00,阴,11.9,0,北风,1,5,975,33,18,0
2024-12-03 15:00,晴,11.9,0,东北风,1,5,974,32,18,1
2024-12-03 16:00,晴,11.4,0,北风,1,5,974,33,18,3
2024-12-03 17:00,晴,10.9,0,北风,1,3,974,35,18,4
2024-12-03 18:00,晴,9.5,0,北风,1,1,975,40,18,3
2024-12-03 19:00,多云,8.2,0,东风,1,2,976,46,16,1
2024-12-03 20:00,多云,8.3,0,西北风,1,2,977,48,16,0
2024-12-03 21:00,多云,7.6,0,西风,1,1,978,54,14,15
2024-12-03 22:00,多云,8.7,0,北风,1,3,978,49,13,30
2024-12-03 23:00,多云,8.2,0,北风,0,0,978,59,10,45
2024-12-04 00:00,阴,7.8,0,西北风,0,0,979,58,11,30
2024-12-04 01:00,多云,8.3,0,西北风,1,2,979,49,12,15
2024-12-04 02:00,阴,8.3,0,西北风,1,2,979,58,12,0
2024-12-04 03:00,阴,8.3,0,西北风,0,0,979,55,12,24
2024-12-04 04:00,多云,7.6,0,西北风,1,4,978,63,12,47
2024-12-04 05:00,阴,9.3,0,西南风,1,3,978,47,12,71
2024-12-04 06:00,阴,8.9,0,西南风,1,3,979,52,8,47
2024-12-04 07:00,阴,8.4,0,南风,1,2,979,57,7,24
2024-12-04 08:00,阴,8.1,0,西北风,1,4,980,61,8,0
2024-12-04 09:00,阴,8.3,0,西北风,0,0,980,62,9,22
2024-12-04 10:00,阴,9,0,南风,1,5,980,56,9,45
2024-12-04 11:00,阴,9.8,0,南风,1,5,980,50,10,67
2024-12-04 12:00,阴,10.6,2.7,西北风,2,6,979,41,10,45
2024-12-04 13:00,阴,12.1,0,西风,1,5,978,37,11,22
2024-12-04 14:00,多云,12.5,0,南风,1,4,977,34,13,0
2024-12-04 15:00,多云,12.7,0,西北风,2,6,977,32,13,15
2024-12-04 16:00,多云,12.2,0,西北风,1,4,977,33,13,29
2024-12-04 17:00,多云,11.9,0,西北风,1,2,977,32,13,44
2024-12-04 18:00,多云,8.4,0,西北风,0,0,978,48,13,29
2024-12-04 19:00,多云,7.2,0,南风,1,2,979,54,19,15
2024-12-04 20:00,晴,6.5,0,西北风,1,3,979,59,15,0
2024-12-04 21:00,晴,6.4,0,西北风,0,0,980,58,16,1
2024-12-04 22:00,晴,5.3,0,西北风,0,0,980,64,12,1
2024-12-04 23:00,晴,4.4,0,北风,1,1,980,70,7,2
2024-12-05 00:00,晴,6,0,西北风,1,2,980,59,7,1
2024-12-05 01:00,晴,4,0,南风,1,1,980,69,7,1
2024-12-05 02:00,晴,3.5,0,西风,1,3,980,73,7,0
2024-12-05 03:00,晴,5.2,0,西北风,1,1,980,63,7,11
2024-12-05 04:00,多云,3.7,0,西北风,1,3,980,75,7,21
2024-12-05 05:00,阴,3.8,0,西北风,1,3,981,73,7,32
2024-12-05 06:00,多云,3.4,0,西北风,1,2,981,81,9,21
2024-12-05 07:00,阴,4.1,0,西北风,1,3,981,75,8,11
2024-12-05 08:00,阴,3.6,0,西北风,1,2,981,80,8,0
2024-12-05 09:00,阴,5.5,0,西北风,1,4,981,64,8,26
2024-12-05 10:00,阴,7,0,西北风,1,4,981,57,8,52
2024-12-05 11:00,阴,8.7,0,西北风,1,1,980,44,8,78
2024-12-05 12:00,晴,9,0,南风,1,3,979,43,10,52
2024-12-05 13:00,多云,10.8,0,西风,2,8,978,35,15,26
2024-12-05 14:00,多云,10.2,0,南风,2,6,977,38,16,0
2024-12-05 15:00,阴,10.2,0,西北风,1,5,976,38,16,14
2024-12-05 16:00,阴,10.1,0,北风,0,0,976,40,16,27
2024-12-05 17:00,阴,9.8,0,南风,1,3,976,41,16,41
2024-12-05 18:00,阴,8.3,0,西南风,0,0,976,46,16,27
2024-12-05 19:00,多云,6.2,0,西北风,1,3,977,57,14,14
2024-12-05 20:00,晴,5.1,0,西北风,0,0,977,63,13,0
2024-12-05 21:00,晴,4.1,0,西北风,0,0,977,69,9,0
2024-12-05 22:00,晴,3.9,0,西南风,1,1,978,71,9,0
2024-12-05 23:00,晴,3.7,0,西南风,1,2,977,72,9,0
2024-12-06 00:00,晴,3.2,0,南风,1,4,977,74,9,0
2024-12-06 01:00,晴,3.4,0,西北风,1,1,977,81,13,0
2024-12-06 02:00,晴,2.5,0,西北风,0,0,978,93,13,0
2024-12-06 03:00,晴,1.6,0,西北风,1,1,978,100,13,12
2024-12-06 04:00,晴,1.3,0,西北风,0,0,978,100,13,25
2024-12-06 05:00,多云,0.9,0,西北风,0,0,977,100,13,37
2024-12-06 06:00,多云,0.9,0,西北风,1,3,977,100,13,25
2024-12-06 07:00,多云,0.6,0,西北风,1,1,977,100,13,12
2024-12-06 08:00,多云,0.4,0,西北风,0,0,978,100,6,0
2024-12-06 09:00,晴,2.3,0,西北风,1,2,978,100,6,2
2024-12-06 10:00,多云,4.7,0,西北风,1,3,979,79,7,3
2024-12-06 11:00,多云,7.2,0,西北风,1,3,979,61,6,5
2024-12-06 12:00,多云,9,0,西南风,2,8,978,48,7,3
2024-12-06 13:00,多云,9.3,0,西北风,1,3,978,43,11,2
2024-12-06 14:00,晴,11.1,0,南风,1,1,977,39,11,0
2024-12-06 15:00,多云,11.4,0,南风,1,3,976,36,11,0
2024-12-06 16:00,多云,11.2,0,南风,1,4,976,36,11,0
2024-12-06 17:00,晴,10.1,0,西南风,1,3,976,42,11,0
2024-12-06 18:00,晴,7.9,0,西南风,1,1,977,49,11,0
2024-12-06 19:00,晴,5.8,0,南风,0,0,978,61,14,0
2024-12-06 20:00,晴,4.7,0,西北风,1,2,979,69,10,0
2024-12-06 21:00,晴,4,0,西北风,1,1,980,74,8,8
2024-12-06 22:00,晴,3.4,0,西北风,1,1,980,83,8,17
2024-12-06 23:00,晴,3.2,0,东南风,1,1,981,84,5,25
2024-12-07 00:00,晴,2.9,0,北风,1,1,981,90,5,17
2024-12-07 01:00,多云,3,0,南风,1,3,981,83,6,8
2024-12-07 02:00,多云,3.8,0,西北风,0,0,982,78,5,0
2024-12-07 03:00,多云,3.1,0,西南风,1,4,983,82,5,13
2024-12-07 04:00,多云,3.5,0,西北风,0,0,982,75,5,25
2024-12-07 05:00,多云,2.9,0,西北风,1,4,983,82,5,38
2024-12-07 06:00,多云,3.4,0,西北风,1,3,983,80,5,25
2024-12-07 07:00,多云,3.2,0,西风,1,1,984,85,5,13
2024-12-07 08:00,多云,2.9,0,西北风,1,3,985,91,5,0
2024-12-07 09:00,多云,4.6,0,东北风,1,5,986,67,5,1
2024-12-07 10:00,晴,5.2,0,东北风,1,4,987,50,9,2
2024-12-07 11:00,多云,6.9,0,东北风,2,6,987,36,9,3
2024-12-07 12:00,多云,7.5,0,东北风,2,6,985,35,13,2
2024-12-07 13:00,晴,8.8,0,东北风,1,3,984,33,13,1
2024-12-07 14:00,晴,9.6,0,南风,1,3,984,33,16,0
2024-12-07 15:00,多云,9.8,0,北风,1,5,983,32,16,0
2024-12-07 16:00,晴,8.6,0,东南风,1,5,983,32,16,0
2024-12-07 17:00,晴,7.8,0,东北风,1,1,984,36,16,0
2024-12-07 18:00,晴,6.5,0,南风,1,3,984,41,22,0
2024-12-07 19:00,晴,6.8,0,西风,1,1,985,40,17,0
2024-12-07 20:00,多云,6.9,0,北风,1,1,985,39,18,0
2024-12-07 21:00,多云,7.3,0,北风,2,6,986,35,13,2
2024-12-07 22:00,晴,6.9,0,东北风,2,6,986,35,13,5
2024-12-07 23:00,阴,5.4,0,东北风,1,2,986,42,7,7
2024-12-08 00:00,多云,3.8,0,东北风,1,2,986,39,7,5
2024-12-08 01:00,多云,3.1,0,东北风,2,6,986,40,7,2
2024-12-08 02:00,多云,3.2,0,北风,2,7,986,34,10,0
2024-12-08 03:00,多云,3,0,东北风,1,3,986,33,10,16
2024-12-08 04:00,多云,2.7,0,东风,2,6,985,33,10,32
2024-12-08 05:00,多云,2.2,0,东风,1,5,985,35,16,48
2024-12-08 06:00,多云,2.1,0,东风,2,8,984,33,16,32
2024-12-08 07:00,晴,2,0,东北风,1,5,985,30,16,16
2024-12-08 08:00,晴,1.5,0,东北风,1,4,985,32,13,0
2024-12-08 09:00,阴,1.4,0,东风,2,6,986,35,23,23
2024-12-08 10:00,多云,2.1,0,东风,1,3,985,36,23,45
2024-12-08 11:00,多云,3.7,0,北风,1,3,985,34,23,68
2024-12-08 12:00,多云,4.2,0,东北风,2,8,982,39,23,45
2024-12-08 13:00,多云,5.3,0,北风,1,2,981,36,23,23
2024-12-08 14:00,多云,5.1,0,东北风,1,4,980,34,23,0
2024-12-08 15:00,阴,5,0,北风,2,6,980,37,23,13
2024-12-08 16:00,阴,4.6,0,北风,1,3,979,40,23,27
2024-12-08 17:00,多云,4.7,0,北风,1,4,980,37,23,40
2024-12-08 18:00,多云,4.6,0,西北风,1,3,980,35,24,44
2024-12-08 19:00,多云,4.6,0,北风,1,1,981,37,23,49
2024-12-08 20:00,多云,4.6,0,南风,1,4,981,38,19,53
2024-12-08 21:00,多云,4.6,0,西北风,1,3,981,35,17,54
2024-12-08 22:00,多云,4.5,0,东北风,1,2,981,41,17,56
2024-12-08 23:00,多云,4.3,0,西北风,1,2,981,42,16,57
2024-12-09 00:00,多云,4.2,0,西北风,1,3,980,39,13,38
2024-12-09 01:00,多云,4,0,西风,1,3,979,42,13,19
2024-12-09 02:00,阴,3.9,0,西北风,1,2,979,44,13,0
2024-12-09 03:00,多云,2.8,0,西北风,1,2,979,51,13,12
2024-12-09 04:00,多云,1.9,0,西北风,1,1,979,51,13,25
2024-12-09 05:00,多云,3,0,西北风,1,1,978,43,13,37
2024-12-09 06:00,多云,3.5,0,西北风,1,2,978,45,14,25
2024-12-09 07:00,多云,3.5,0,西北风,1,2,979,45,14,12
2024-12-09 08:00,多云,3.7,0,西北风,1,3,979,46,13,0
2024-12-09 09:00,多云,4.2,0,西北风,1,2,979,42,14,2
2024-12-09 10:00,阴,5.2,0,西北风,1,5,979,42,12,5
2024-12-09 11:00,阴,5.6,0,西风,2,7,978,44,12,7
2024-12-09 12:00,晴,6.3,0,南风,1,5,977,43,16,5
2024-12-09 13:00,阴,7,0,西北风,1,2,975,41,16,2
2024-12-09 14:00,阴,6.8,0,西北风,1,5,974,41,17,0
2024-12-09 15:00,多云,6.7,0,西北风,1,2,974,39,17,30
2024-12-09 16:00,多云,6.7,0,西南风,1,3,974,41,17,59
2024-12-09 17:00,多云,6.4,0,西南风,1,3,975,40,17,89
2024-12-09 18:00,多云,6.2,0,西北风,0,0,975,40,17,59
2024-12-09 19:00,多云,5.9,0,西北风,1,2,976,43,15,30
2024-12-09 20:00,多云,5.9,0,西北风,1,2,976,43,12,0
2024-12-09 21:00,多云,5.7,0,西北风,1,5,976,45,12,7
2024-12-09 22:00,多云,5.6,0,西北风,1,2,977,44,11,13
2024-12-09 23:00,多云,5.1,0,西北风,1,5,976,45,10,20
2024-12-10 00:00,多云,5.1,0,西北风,1,1,976,48,10,13
2024-12-10 01:00,多云,5.2,0,西北风,1,1,976,47,10,7
2024-12-10 02:00,多云,5.1,0,西北风,1,3,976,48,10,0
2024-12-10 03:00,多云,5.1,0,西北风,1,3,976,52,10,15
2024-12-10 04:00,阴,4.7,0,西北风,1,3,976,54,10,29
2024-12-10 05:00,多云,4.8,0,西北风,1,4,976,58,10,44
2024-12-10 06:00,阴,5.1,0,西北风,1,1,976,53,10,29
2024-12-10 07:00,阴,4.8,0,西北风,1,4,977,63,9,15
2024-12-10 08:00,阴,4.9,0,西北风,1,2,978,64,9,0
2024-12-10 09:00,阴,4.8,0,西北风,2,6,978,67,8,6
2024-12-10 10:00,多云,5.1,0,南风,2,6,979,66,8,12
2024-12-10 11:00,阴,5.6,0,南风,2,8,979,63,8,18
2024-12-10 12:00,阴,5.9,0,南风,2,6,978,65,9,12
2024-12-10 13:00,阴,6.5,0,南风,1,4,977,62,10,6
2024-12-10 14:00,多云,6.7,0,南风,2,8,977,59,10,0
2024-12-10 15:00,阴,6.6,0,西北风,1,3,977,59,10,11
2024-12-10 16:00,阴,6.9,0,西北风,1,2,978,53,10,21
2024-12-10 17:00,阴,6.8,0,南风,2,6,979,55,10,32
2024-12-10 18:00,阴,6.5,0,南风,1,5,979,59,10,21
2024-12-10 19:00,晴,6.2,0,西北风,1,2,980,61,8,11
2024-12-10 20:00,阴,6.1,0,西北风,1,2,981,65,7,0
2024-12-10 21:00,多云,5.8,0,北风,0,0,981,66,7,13
2024-12-10 22:00,阴,5.5,0,西北风,1,2,982,69,6,25
2024-12-10 23:00,多云,5.7,0,西北风,1,5,982,69,6,38
2024-12-11 00:00,阴,5.4,0,西北风,1,2,982,73,5,25
2024-12-11 01:00,阴,5,0,西北风,1,3,982,74,4,13
2024-12-11 02:00,多云,4.9,0,西南风,1,3,983,76,4,0
2024-12-11 03:00,多云,4.9,0,西北风,1,2,982,75,4,4
2024-12-11 04:00,多云,5,0,西北风,1,3,982,75,4,9
2024-12-11 05:00,多云,4.7,0,西北风,0,0,982,79,4,13
2024-12-11 06:00,阴,4.7,0,西北风,1,3,982,78,5,9
2024-12-11 07:00,阴,4.3,0,西北风,1,4,982,83,5,4
2024-12-11 08:00,阴,3.8,0,西风,1,1,982,87,5,0
2024-12-11 09:00,阴,4.4,0,西风,1,1,981,89,5,3
2024-12-11 10:00,晴,5.5,0,东南风,1,3,982,74,4,6
2024-12-11 11:00,晴,6.7,0,西北风,2,6,981,67,4,9
2024-12-11 12:00,晴,7.9,0,西北风,1,5,979,60,5,6
2024-12-11 13:00,晴,8.7,0,西风,1,2,978,54,5,3
2024-12-11 14:00,晴,8.8,0,东北风,1,5,977,54,6,0
2024-12-11 15:00,晴,9.3,0,东北风,2,6,977,55,6,20
2024-12-11 16:00,晴,8.6,0,北风,1,5,976,55,6,39
2024-12-11 17:00,晴,7.7,0,北风,1,1,977,62,6,59
2024-12-11 18:00,晴,6.9,0,东北风,1,5,978,66,7,39
2024-12-11 19:00,晴,6.4,0,北风,1,2,979,70,5,20
2024-12-11 20:00,晴,5.3,0,北风,1,4,980,73,5,0
2024-12-11 21:00,晴,5.3,0,东北风,1,5,980,68,4,17
2024-12-11 22:00,晴,5.4,0,东北风,1,2,981,67,4,33
2024-12-11 23:00,多云,5.7,0,东南风,0,0,980,64,4,50
2024-12-12 00:00,多云,5.4,0,东北风,1,2,980,68,4,33
2024-12-12 01:00,多云,5.1,0,南风,1,2,980,71,4,17
2024-12-12 02:00,阴,5.2,0,北风,1,3,980,73,4,0
2024-12-12 03:00,多云,5.1,0,北风,1,3,980,70,4,23
2024-12-12 04:00,多云,4.7,0,东北风,1,4,980,71,4,46
2024-12-12 05:00,多云,4.5,0,东北风,1,3,980,72,4,69
2024-12-12 06:00,多云,4.4,0,北风,1,4,980,72,4,46
2024-12-12 07:00,多云,4.5,0,西北风,1,4,981,72,4,23
2024-12-12 08:00,阴,4.2,0,西北风,1,4,982,75,4,0
2024-12-12 09:00,阴,3.9,0,西北风,1,1,983,85,3,11
2024-12-12 10:00,阴,4,0,南风,1,1,983,91,3,23
2024-12-12 11:00,阴,4.4,0,南风,1,5,983,93,2,34
2024-12-12 12:00,阴,4.8,0,西风,2,6,982,91,2,23
2024-12-12 13:00,阴,5.2,0,南风,2,7,982,94,3,11
2024-12-12 14:00,阴,5.5,0,西风,1,3,982,93,2,0
2024-12-12 15:00,阴,6,0,西北风,1,5,982,70,2,21
2024-12-12 16:00,多云,5.6,0,东南风,2,8,983,70,2,43
2024-12-12 17:00,多云,5.8,0,南风,2,6,984,67,2,64
2024-12-12 18:00,多云,5.7,0,西北风,1,3,985,66,8,43
2024-12-12 19:00,多云,5.9,0,西北风,2,6,986,54,8,21
2024-12-12 20:00,多云,5.9,0,西北风,1,5,986,46,8,0
2024-12-12 21:00,阴,5.4,0,西北风,1,3,987,41,9,1
2024-12-12 22:00,晴,4.1,0,西北风,1,5,988,43,12,1
2024-12-12 23:00,晴,3.7,0,西北风,1,3,988,43,15,2
2024-12-13 00:00,晴,3.6,0,西北风,2,6,988,40,17,1
2024-12-13 01:00,晴,3.4,0,西北风,1,4,988,37,19,1
2024-12-13 02:00,晴,2.7,0,西北风,1,2,989,36,20,0
2024-12-13 03:00,晴,1.5,0,西北风,1,1,989,38,20,3
2024-12-13 04:00,晴,1.5,0,西北风,1,3,989,34,20,7
2024-12-13 05:00,晴,-0.2,0,西北风,1,4,989,39,20,10
2024-12-13 06:00,晴,0.6,0,西北风,1,4,989,35,25,7
2024-12-13 07:00,晴,0,0,西北风,1,5,990,38,25,3
2024-12-13 08:00,晴,0.1,0,西北风,1,3,991,38,23,0
2024-12-13 09:00,阴,0.6,0,西北风,2,6,991,37,19,0
2024-12-13 10:00,晴,1.6,0,西北风,2,11,991,35,16,1
2024-12-13 11:00,晴,3.8,0,西北风,2,6,991,29,16,1
2024-12-13 12:00,晴,4.5,0,西北风,1,5,989,26,18,1
2024-12-13 13:00,晴,5.2,0,西南风,2,7,988,23,20,0
2024-12-13 14:00,晴,5.2,0,西北风,1,4,988,23,20,0
2024-12-13 15:00,晴,5.7,0,南风,1,4,987,23,20,0
2024-12-13 16:00,晴,5.6,0,西风,1,3,987,21,20,0
2024-12-13 17:00,晴,4.3,0,西北风,1,2,987,28,20,0
2024-12-13 18:00,晴,2.8,0,南风,1,1,988,29,16,0
2024-12-13 19:00,晴,1.5,0,南风,0,0,989,30,17,0
2024-12-13 20:00,晴,0.6,0,西南风,1,1,990,40,14,0
2024-12-13 21:00,晴,0.2,0,北风,1,3,990,39,20,1
2024-12-13 22:00,晴,0.1,0,西北风,0,0,991,40,20,1
2024-12-13 23:00,晴,0.1,0,西北风,1,1,992,44,23,2
2024-12-14 00:00,多云,1.3,0,西北风,1,1,992,39,27,1
2024-12-14 01:00,多云,1.2,0,南风,1,3,992,48,24,1
2024-12-14 02:00,多云,0.9,0,西北风,1,3,992,48,19,0
2024-12-14 03:00,多云,0.6,0,西北风,1,2,991,51,19,12
2024-12-14 04:00,多云,0,0,西北风,1,2,992,53,19,24
2024-12-14 05:00,多云,-0.4,0,西北风,1,1,991,55,19,36
2024-12-14 06:00,多云,-1.3,0,西北风,1,4,991,59,13,24
2024-12-14 07:00,多云,-0.4,0,西北风,1,4,992,56,11,12
2024-12-14 08:00,多云,-1.2,0,西北风,1,3,993,64,8,0
2024-12-14 09:00,晴,-0.3,0,西北风,1,4,993,55,8,1
2024-12-14 10:00,晴,1.4,0,西北风,2,7,993,46,8,2
2024-12-14 11:00,晴,3.7,0,南风,1,3,992,35,8,3
2024-12-14 12:00,晴,4.4,0,西北风,2,10,991,32,12,2
2024-12-14 13:00,晴,5.9,0,西北风,2,9,989,24,19,1
2024-12-14 14:00,晴,6.4,0,西北风,2,9,988,25,21,0
2024-12-14 15:00,晴,6.5,0,西北风,1,4,987,22,21,11
2024-12-14 16:00,晴,6.2,0,西北风,1,5,987,17,21,23
2024-12-14 17:00,晴,5.7,0,西北风,1,2,987,20,21,34
2024-12-14 18:00,晴,3.7,0,南风,1,3,987,28,15,23
2024-12-14 19:00,晴,1.4,0,北风,0,0,988,33,12,13
2024-12-14 20:00,晴,0.9,0,南风,0,0,988,35,13,2
2024-12-14 21:00,晴,0.8,0,西北风,1,2,988,36,12,1
2024-12-14 22:00,晴,1,0,南风,1,2,987,45,8,1
2024-12-14 23:00,晴,0.8,0,南风,1,1,987,47,10,0
2024-12-15 00:00,晴,-0.2,0,东南风,1,1,987,50,8,0
2024-12-15 01:00,晴,-1.3,0,西南风,0,0,986,55,8,0
2024-12-15 02:00,晴,-1.4,0,西南风,0,0,986,54,7,0
2024-12-15 03:00,晴,-2,0,西南风,1,1,985,52,7,0
2024-12-15 04:00,晴,-2.1,0,西北风,1,1,985,56,7,0
2024-12-15 05:00,晴,-1.1,0,西北风,1,3,985,55,9,0
2024-12-15 06:00,晴,-2.9,0,西北风,0,0,985,68,9,0
2024-12-15 07:00,晴,-3.4,0,西北风,1,3,985,72,8,0
2024-12-15 08:00,晴,-2.9,0,西北风,1,3,985,72,8,0
2024-12-15 09:00,晴,-1.3,0,西北风,1,4,986,63,6,0
2024-12-15 10:00,晴,0.5,0,西北风,1,5,986,55,7,0
2024-12-15 11:00,晴,3.2,0,西北风,2,7,986,44,5,0
2024-12-15 12:00,晴,5,0,西北风,1,5,984,32,13,0
2024-12-15 13:00,晴,6.9,0,南风,1,5,983,27,13,0
2024-12-15 14:00,晴,7.5,0,西南风,2,6,982,24,14,0
2024-12-15 15:00,晴,8.3,0,南风,1,4,982,23,14,0
2024-12-15 16:00,多云,7.4,0,西南风,1,3,982,25,14,0
2024-12-15 17:00,晴,5.9,0,南风,1,2,982,30,14,0
2024-12-15 18:00,晴,3.2,0,西北风,1,1,982,39,20,0
2024-12-15 19:00,晴,1.5,0,西北风,0,0,982,45,17,0
2024-12-15 20:00,晴,0.8,0,西北风,0,0,982,49,11,0
2024-12-15 21:00,晴,0,0,西北风,1,1,981,56,9,0
2024-12-15 22:00,晴,-0.2,0,东北风,1,2,981,59,8,0
2024-12-15 23:00,晴,-0.1,0,东风,1,1,981,56,6,0
2024-12-16 00:00,晴,-0.4,0,南风,1,1,980,58,7,0
2024-12-16 01:00,晴,-1.1,0,东北风,0,0,980,63,9,0
2024-12-16 02:00,晴,-1.8,0,西北风,1,2,979,70,9,0
2024-12-16 03:00,晴,-1.9,0,西北风,1,1,979,70,9,0
2024-12-16 04:00,晴,-2.1,0,西北风,1,1,979,69,9,0
2024-12-16 05:00,晴,-2.5,0,西北风,0,0,978,70,6,0
2024-12-16 06:00,晴,-2.9,0,西北风,1,3,977,73,6,0
2024-12-16 07:00,晴,-3.1,0,西北风,0,0,977,86,6,0
2024-12-16 08:00,晴,-3,0,西北风,1,1,978,81,5,0
2024-12-16 09:00,阴,-0.8,0,南风,1,1,979,57,6,0
2024-12-16 10:00,晴,0.6,0,南风,1,1,978,49,6,0
2024-12-16 11:00,晴,4.5,0,西南风,1,5,978,37,6,0
2024-12-16 12:00,晴,5.4,0,东北风,1,1,966,39,6,0
2024-12-16 13:00,晴,5.5,0,东北风,1,4,975,40,6,0
2024-12-16 14:00,晴,6.4,0,北风,1,3,974,35,9,0
2024-12-16 15:00,晴,7.6,0,东风,1,4,974,30,9,0
2024-12-16 16:00,晴,7.4,0,北风,1,3,974,30,9,0
2024-12-16 17:00,晴,6.2,0,东北风,0,0,974,38,9,0
2024-12-16 18:00,晴,5.2,0,北风,1,1,975,41,11,0
2024-12-16 19:00,晴,2.5,0,北风,1,1,976,50,11,0
2024-12-16 20:00,晴,2.1,0,北风,1,2,976,52,7,0
2024-12-16 21:00,晴,1.4,0,东北风,0,0,977,57,6,0
2024-12-16 22:00,晴,0.9,0,东北风,1,1,977,58,5,0
2024-12-16 23:00,晴,0.5,0,西南风,1,2,977,63,5,0
2024-12-17 00:00,晴,-0.4,0,西北风,1,1,977,75,5,0
2024-12-17 01:00,晴,-0.9,0,西北风,1,4,979,73,4,0
2024-12-17 02:00,晴,-1.1,0,西北风,1,1,979,76,4,0
2024-12-17 03:00,晴,0.2,0,西南风,1,2,980,65,4,0
2024-12-17 04:00,晴,0,0,西南风,1,1,980,66,4,0
2024-12-17 05:00,晴,-0.3,0,南风,0,0,981,66,5,0
2024-12-17 06:00,晴,-0.8,0,西南风,0,0,981,75,5,0
2024-12-17 07:00,晴,-1.3,0,东南风,1,5,982,79,5,0
2024-12-17 08:00,晴,1,0,西南风,1,2,983,59,6,0
2024-12-17 09:00,晴,1.8,0,南风,2,7,984,57,5,0
2024-12-17 10:00,晴,2.8,0,南风,2,7,985,52,5,0
2024-12-17 11:00,晴,4.1,0,南风,1,4,985,48,5,0
2024-12-17 12:00,晴,6.3,0,西南风,2,9,984,38,6,0
2024-12-17 13:00,晴,7.7,0,西南风,1,5,983,35,9,0
2024-12-17 14:00,晴,9.7,0,南风,1,3,982,28,13,0
2024-12-17 15:00,晴,10.7,0,南风,1,4,982,26,13,0
2024-12-17 16:00,晴,11.1,0,南风,1,3,982,23,13,0
2024-12-17 17:00,晴,8.9,0,西南风,0,0,982,30,13,0
2024-12-17 18:00,晴,5.3,0,东南风,1,1,982,36,19,0
2024-12-17 19:00,晴,3.6,0,南风,1,1,983,38,16,0
2024-12-17 20:00,晴,4.7,0,南风,1,2,983,40,9,0
2024-12-17 21:00,晴,5.4,0,南风,1,2,984,36,9,0
2024-12-17 22:00,晴,2.6,0,西南风,1,1,985,47,10,0
2024-12-17 23:00,多云,1.6,0,南风,1,2,985,52,9,0
2024-12-18 00:00,多云,1.4,0,南风,1,2,985,56,10,0
2024-12-18 01:00,多云,1,0,西南风,1,1,985,54,11,0
2024-12-18 02:00,多云,0,0,西南风,1,1,985,59,11,0
2024-12-18 03:00,阴,0.3,0,南风,1,2,985,60,11,1
2024-12-18 04:00,多云,2,0,南风,1,1,985,46,11,1
2024-12-18 05:00,多云,1.2,0,南风,0,0,985,52,11,2
2024-12-18 06:00,阴,0.6,0,南风,1,3,985,56,9,1
2024-12-18 07:00,多云,0,0,西北风,1,3,986,63,8,1
2024-12-18 08:00,多云,0.4,0,南风,1,4,986,57,5,0
2024-12-18 09:00,多云,1,0,南风,1,2,986,55,6,25
2024-12-18 10:00,多云,2.3,0,东南风,2,6,986,42,8,51
2024-12-18 11:00,多云,3.6,0,东风,1,5,986,38,7,76
2024-12-18 12:00,晴,4.7,0,东北风,1,1,966,35,8,51
2024-12-18 13:00,多云,5.3,0,北风,1,5,983,36,9,25
2024-12-18 14:00,多云,5.1,0,北风,2,6,983,37,10,0
2024-12-18 15:00,阴,5.5,0,东北风,2,7,981,35,10,27
2024-12-18 16:00,晴,6,0,东风,1,4,981,36,10,55
2024-12-18 17:00,多云,5.5,0,东北风,1,3,981,38,10,82
2024-12-18 18:00,阴,5.6,0,东风,1,2,982,35,12,55
2024-12-18 19:00,多云,5.1,0,东风,1,3,983,37,12,27
2024-12-18 20:00,阴,5,0,西南风,1,5,983,37,11,0
2024-12-18 21:00,阴,4.4,0,西南风,1,1,983,39,11,21
2024-12-18 22:00,多云,4.3,0,东南风,1,5,984,35,11,41
2024-12-18 23:00,阴,4,0,西北风,1,4,984,36,11,62
2024-12-19 00:00,多云,3.4,0,北风,1,4,983,39,10,41
2024-12-19 01:00,多云,2.7,0,南风,1,1,984,42,10,21
2024-12-19 02:00,多云,2.9,0,东北风,1,4,984,42,9,0
2024-12-19 03:00,多云,2.7,0,东风,1,2,984,43,9,11
2024-12-19 04:00,阴,2.1,0,东北风,1,3,983,45,9,22
2024-12-19 05:00,阴,2.2,0,北风,1,1,983,44,9,33
2024-12-19 06:00,阴,2.2,0,北风,1,2,982,47,9,22
2024-12-19 07:00,阴,2,0,北风,1,5,982,46,10,11
2024-12-19 08:00,阴,2,0,北风,1,2,982,47,9,0
2024-12-19 09:00,晴,2.5,0,北风,1,1,981,48,10,0
2024-12-19 10:00,晴,3,0,东北风,1,4,981,47,10,1
2024-12-19 11:00,晴,4,0,北风,2,7,981,44,11,1
2024-12-19 12:00,晴,5.1,0,东北风,1,1,966,42,12,1
2024-12-19 13:00,晴,5.4,0,西北风,1,3,978,41,13,0
2024-12-19 14:00,晴,6.1,0,北风,1,4,977,40,13,0
2024-12-19 15:00,晴,6.6,0,北风,2,8,976,39,13,0
2024-12-19 16:00,晴,6.9,0,东南风,2,6,977,38,13,0
2024-12-19 17:00,晴,5.6,0,北风,1,2,977,43,13,0
2024-12-19 18:00,晴,4.9,0,东北风,1,3,978,46,12,0
2024-12-19 19:00,晴,3.5,0,东北风,1,1,978,51,12,0
2024-12-19 20:00,晴,2.6,0,南风,1,2,978,53,11,0
2024-12-19 21:00,晴,2.4,0,西南风,1,1,979,53,9,0
2024-12-19 22:00,晴,1.4,0,南风,1,1,979,57,8,0
2024-12-19 23:00,晴,0.6,0,西南风,0,0,979,62,8,0
2024-12-20 00:00,多云,0.3,0,西北风,0,0,978,67,7,0
2024-12-20 01:00,多云,0.3,0,西北风,1,1,978,72,7,0
2024-12-20 02:00,多云,-0.2,0,西北风,1,2,978,74,6,0
2024-12-20 03:00,多云,-0.8,0,西风,1,1,978,81,6,3
2024-12-20 04:00,阴,-0.4,0,西北风,1,2,978,75,6,7
2024-12-20 05:00,多云,-0.5,0,西北风,1,1,978,76,6,10
2024-12-20 06:00,晴,-0.6,0,西北风,0,0,978,78,5,7
2024-12-20 07:00,晴,-1.3,0,西风,1,2,979,91,5,3
2024-12-20 08:00,晴,-0.8,0,南风,1,2,980,77,5,0
2024-12-20 09:00,晴,0,0,南风,0,0,981,71,5,0
2024-12-20 10:00,晴,1.7,0,东风,1,2,981,61,4,0
2024-12-20 11:00,晴,4.6,0,东风,1,5,981,54,5,0
2024-12-20 12:00,晴,5.6,0,南风,0,0,966,51,5,0
2024-12-20 13:00,晴,6.3,0,北风,1,5,979,45,6,0
2024-12-20 14:00,晴,7,0,北风,1,5,978,42,7,0
2024-12-20 15:00,晴,7.4,0,东北风,1,3,977,39,7,0
2024-12-20 16:00,晴,7.5,0,东北风,1,2,977,40,7,0
2024-12-20 17:00,晴,6.2,0,西北风,1,1,978,43,7,0
2024-12-20 18:00,晴,4.4,0,东南风,1,1,979,46,10,0
2024-12-20 19:00,晴,3.8,0,西南风,1,3,980,38,10,0
2024-12-20 20:00,晴,3,0,东北风,1,2,981,40,8,0
2024-12-20 21:00,晴,2.2,0,东北风,1,2,981,40,6,0
2024-12-20 22:00,晴,2,0,东北风,0,0,982,45,5,0
2024-12-20 23:00,晴,3.1,0,东北风,1,4,983,37,5,0
2024-12-21 00:00,晴,2,0,东风,1,2,984,43,5,0
2024-12-21 01:00,晴,1.9,0,北风,1,4,984,43,5,0
2024-12-21 02:00,晴,1.2,0,东风,2,6,984,40,5,0
2024-12-21 03:00,多云,1.3,0,东风,1,5,985,36,5,3
2024-12-21 04:00,多云,1.2,0,东风,2,6,986,32,5,7
2024-12-21 05:00,晴,0.7,0,东风,1,4,986,32,5,10
2024-12-21 06:00,晴,0.4,0,南风,1,5,987,30,8,7
2024-12-21 07:00,晴,-0.1,0,东北风,2,7,987,31,10,3
2024-12-21 08:00,晴,-0.9,0,东南风,1,5,988,32,8,0
2024-12-21 09:00,晴,-0.9,0,东风,1,3,989,28,11,0
2024-12-21 10:00,晴,-0.3,0,东北风,2,6,989,26,11,0
2024-12-21 11:00,晴,1.4,0,东北风,2,7,989,23,17,0
2024-12-21 12:00,晴,2.2,0,东北风,2,6,988,23,20,0
2024-12-21 13:00,晴,2.8,0,北风,1,3,986,23,26,0
2024-12-21 14:00,晴,3.5,0,北风,1,3,985,23,25,0
2024-12-21 15:00,晴,3.7,0,北风,1,5,985,24,24,0
2024-12-21 16:00,晴,3.6,0,西北风,1,5,984,25,24,0
2024-12-21 17:00,晴,2.9,0,西北风,1,5,984,28,24,0
2024-12-21 18:00,晴,2.1,0,北风,1,1,984,29,17,0
2024-12-21 19:00,晴,1.3,0,东北风,1,5,985,33,20,0
2024-12-21 20:00,晴,0.8,0,东北风,1,1,985,33,16,0
2024-12-21 21:00,多云,1.1,0,东北风,2,6,986,30,16,1
2024-12-21 22:00,晴,0.5,0,东北风,1,1,986,32,15,1
2024-12-21 23:00,晴,0.6,0,东北风,1,2,986,32,12,2
2024-12-22 00:00,晴,-0.3,0,北风,1,2,986,36,12,1
2024-12-22 01:00,晴,-0.7,0,南风,0,0,985,36,13,1
2024-12-22 02:00,晴,-1.9,0,南风,1,3,985,46,11,0
2024-12-22 03:00,晴,-1.8,0,北风,1,1,985,44,11,11
2024-12-22 04:00,多云,-1.1,0,北风,1,5,984,42,11,22
2024-12-22 05:00,多云,-0.8,0,北风,1,5,984,37,11,33
2024-12-22 06:00,多云,-1.2,0,北风,1,3,984,39,11,22
2024-12-22 07:00,多云,-1.5,0,西北风,1,1,984,40,12,11
2024-12-22 08:00,多云,-1.6,0,东北风,1,4,985,41,13,0
2024-12-22 09:00,阴,-1.6,0,东南风,1,2,985,42,14,28
2024-12-22 10:00,阴,-1.1,0,北风,1,3,985,41,14,57
2024-12-22 11:00,多云,-0.8,0,北风,1,4,984,38,15,85
2024-12-22 12:00,多云,-0.8,0,北风,2,7,983,40,14,57
2024-12-22 13:00,多云,-0.1,0,西北风,1,5,981,37,13,28
2024-12-22 14:00,多云,0.1,0,北风,1,4,981,36,13,0
2024-12-22 15:00,多云,0.3,0,北风,1,5,981,35,13,28
2024-12-22 16:00,多云,0.5,0,东北风,1,3,980,36,13,55
2024-12-22 17:00,多云,0.7,0,北风,1,1,980,36,13,83
2024-12-22 18:00,多云,0.8,0,西北风,1,5,980,36,18,55
2024-12-22 19:00,阴,0.8,0,东北风,1,1,981,39,19,28
2024-12-22 20:00,阴,0.4,0,西北风,1,4,981,41,15,0
2024-12-22 21:00,阴,0.3,0,西北风,1,1,982,40,14,3
2024-12-22 22:00,多云,0.5,0,西北风,1,3,982,39,15,5
2024-12-22 23:00,晴,0.5,0,西北风,1,4,982,38,14,8
2024-12-23 00:00,晴,0.5,0,西北风,1,3,981,38,13,5
2024-12-23 01:00,晴,0.6,0,西北风,1,5,981,38,13,3
2024-12-23 02:00,晴,0.3,0,北风,1,5,982,38,11,0
2024-12-23 03:00,晴,0.1,0,南风,1,2,981,37,11,19
2024-12-23 04:00,晴,-0.7,0,南风,1,1,982,41,11,37
2024-12-23 05:00,晴,-0.3,0,南风,1,1,981,41,11,56
2024-12-23 06:00,晴,0,0,西北风,0,0,981,39,12,37
2024-12-23 07:00,晴,-0.2,0,南风,1,3,981,48,11,19
2024-12-23 08:00,晴,-0.8,0,南风,1,1,982,47,11,0
2024-12-23 09:00,多云,0,0,南风,1,1,982,45,9,0
2024-12-23 10:00,多云,1.3,0,东风,1,4,983,39,10,0
2024-12-23 11:00,晴,2.5,0,南风,1,5,983,33,10,0
2024-12-23 12:00,晴,3.6,0,西北风,1,1,966,30,12,0
2024-12-23 13:00,晴,4.8,0,南风,2,8,981,30,15,0
2024-12-23 14:00,晴,5.5,0,西南风,1,4,980,28,17,0
2024-12-23 15:00,晴,5.6,0,西北风,2,6,980,29,17,1
2024-12-23 16:00,阴,5.9,0,南风,1,3,980,29,17,1
2024-12-23 17:00,晴,4.9,0,南风,1,1,980,32,17,2
2024-12-23 18:00,晴,3.4,0,西北风,1,1,981,36,17,1
2024-12-23 19:00,晴,2,0,北风,1,2,982,40,14,1
2024-12-23 20:00,晴,1.6,0,西北风,1,3,984,45,11,0
2024-12-23 21:00,晴,3.7,0,西北风,1,2,984,36,11,20
2024-12-23 22:00,多云,4.2,0,南风,1,2,985,34,11,39
2024-12-23 23:00,多云,4.3,0,南风,1,3,985,35,9,59
2024-12-24 00:00,多云,4.1,0,西南风,2,7,985,36,10,39
2024-12-24 01:00,阴,4.2,0,南风,1,5,984,35,10,20
2024-12-24 02:00,多云,4.3,0,南风,1,5,983,35,10,0
2024-12-24 03:00,阴,4.5,0,南风,1,1,983,36,10,11
2024-12-24 04:00,多云,4.4,0,东南风,1,3,982,37,10,23
2024-12-24 05:00,多云,4.5,0,西南风,1,1,981,37,10,34
2024-12-24 06:00,多云,4.1,0,西南风,1,5,982,39,14,23
2024-12-24 07:00,多云,4.2,0,南风,1,3,982,41,11,11
2024-12-24 08:00,阴,4,0,南风,1,2,983,43,10,0
2024-12-24 09:00,阴,4.1,0,西南风,1,2,983,42,10,25
2024-12-24 10:00,多云,4.5,0,南风,1,2,983,40,13,51
2024-12-24 11:00,多云,5.4,0,南风,2,6,983,36,12,76
2024-12-24 12:00,多云,7.1,0,南风,1,5,981,34,14,51
2024-12-24 13:00,多云,7.9,0,南风,2,7,980,29,15,25
2024-12-24 14:00,晴,8.7,0,南风,1,2,978,27,15,0
2024-12-24 15:00,晴,9,0,南风,2,7,977,26,15,0
2024-12-24 16:00,晴,9,0,北风,1,5,977,25,15,0
2024-12-24 17:00,晴,7.6,0,南风,1,1,977,29,15,0
2024-12-24 18:00,晴,4.8,0,西南风,0,0,977,36,15,0
2024-12-24 19:00,晴,3.4,0,南风,0,0,979,40,12,0
2024-12-24 20:00,晴,3,0,西风,0,0,980,46,12,0
2024-12-24 21:00,晴,2,0,西北风,0,0,980,46,9,7
2024-12-24 22:00,晴,1.5,0,西北风,1,2,980,51,10,15
2024-12-24 23:00,晴,1.2,0,南风,1,4,981,54,8,22
2024-12-25 00:00,晴,0.7,0,西北风,0,0,981,60,7,15
2024-12-25 01:00,多云,1,0,西北风,1,1,981,63,6,7
2024-12-25 02:00,多云,1,0,西风,1,2,981,60,6,0
2024-12-25 03:00,多云,2.7,0,东风,1,1,981,51,6,16
2024-12-25 04:00,阴,2.3,0,西风,1,3,980,58,6,31
2024-12-25 05:00,多云,1.8,0,西北风,1,4,981,63,6,47
2024-12-25 06:00,阴,1.4,0,西北风,0,0,981,68,6,31
2024-12-25 07:00,多云,0.6,0,西北风,1,2,982,72,6,16
2024-12-25 08:00,晴,0.4,0,西北风,1,1,982,71,5,0
2024-12-25 09:00,晴,0.8,0,西风,1,2,983,67,4,6
2024-12-25 10:00,晴,3.8,0,西南风,1,5,983,50,5,12
2024-12-25 11:00,晴,6.1,0,南风,1,4,983,38,5,18
2024-12-25 12:00,晴,7.6,0,西南风,2,6,982,35,6,12
2024-12-25 13:00,多云,8.3,0,西风,1,3,981,34,8,6
2024-12-25 14:00,晴,9.6,0,西风,2,10,980,29,9,0
2024-12-25 15:00,晴,9.4,0,西北风,1,5,980,31,9,0
2024-12-25 16:00,晴,9.2,0,西北风,1,2,980,29,9,0
2024-12-25 17:00,晴,8.1,0,西北风,1,1,981,33,9,0
2024-12-25 18:00,晴,5.1,0,西北风,0,0,982,42,11,0
2024-12-25 19:00,晴,3.4,0,西北风,0,0,983,48,9,0
2024-12-25 20:00,晴,2.9,0,南风,1,1,983,49,9,0
2024-12-25 21:00,晴,2.5,0,南风,1,1,984,53,7,29
2024-12-25 22:00,晴,2.3,0,北风,1,1,985,54,5,58
2024-12-25 23:00,晴,2.1,0,南风,1,2,985,58,5,87
2024-12-26 00:00,阴,2.1,0,西南风,1,3,986,60,5,58
2024-12-26 01:00,阴,3.8,0,北风,1,2,985,51,5,29
2024-12-26 02:00,阴,3.3,0,南风,1,1,985,55,5,0
2024-12-26 03:00,阴,2.3,0,西北风,1,2,985,56,5,8
2024-12-26 04:00,多云,2.4,0,西北风,1,3,985,63,5,15
2024-12-26 05:00,多云,2.1,0,北风,0,0,985,59,5,23
2024-12-26 06:00,多云,1.7,0,西南风,1,2,985,63,5,15
2024-12-26 07:00,多云,1.4,0,西风,0,0,986,69,5,8
2024-12-26 08:00,阴,1.1,0,西北风,1,2,986,73,5,0
2024-12-26 09:00,多云,1.1,0,西风,1,2,986,74,4,19
2024-12-26 10:00,多云,3.1,0,东南风,1,2,986,58,4,38
2024-12-26 11:00,多云,4.9,0,北风,1,5,986,50,5,57
2024-12-26 12:00,晴,5.9,0,东北风,1,1,966,39,6,38
2024-12-26 13:00,晴,7,0,北风,1,5,982,31,7,19
2024-12-26 14:00,多云,7.8,0,东北风,2,7,980,27,10,0
2024-12-26 15:00,多云,8.1,0,东北风,2,8,980,27,10,0
2024-12-26 16:00,晴,7.9,0,东北风,1,2,980,26,10,0
2024-12-26 17:00,晴,6.9,0,东北风,1,3,980,29,10,0
2024-12-26 18:00,晴,6.4,0,南风,1,1,981,31,18,0
2024-12-26 19:00,晴,5.7,0,东风,1,2,983,31,17,0
2024-12-26 20:00,晴,3.9,0,东北风,1,3,984,40,17,0
2024-12-26 21:00,晴,3.9,0,西北风,1,2,985,40,13,0
2024-12-26 22:00,晴,2.6,0,西北风,1,1,987,45,10,0
2024-12-26 23:00,晴,1.6,0,西北风,1,1,987,47,9,0
2024-12-27 00:00,晴,1.1,0,东南风,0,0,987,52,10,0
2024-12-27 01:00,晴,2.7,0,南风,1,2,987,47,9,0
2024-12-27 02:00,多云,4.1,0,西南风,1,3,988,40,8,0
2024-12-27 03:00,多云,4.1,0,西南风,1,2,989,44,8,0
2024-12-27 04:00,晴,2.7,0,南风,1,2,988,54,8,0
2024-12-27 05:00,晴,2.5,0,西北风,2,7,988,56,8,0
2024-12-27 06:00,晴,2.1,0,西北风,1,1,990,55,8,0
2024-12-27 07:00,阴,1.6,0,西北风,0,0,991,54,8,0
2024-12-27 08:00,多云,1.8,0,西风,1,3,993,49,7,0
2024-12-27 09:00,阴,3.3,0,西北风,1,5,994,47,7,4
2024-12-27 10:00,阴,4.2,0,西风,1,4,995,37,7,8
2024-12-27 11:00,晴,4.8,0,西北风,1,4,996,30,9,12
2024-12-27 12:00,晴,5.2,0,西北风,2,8,994,26,14,8
2024-12-27 13:00,多云,5.7,0,西风,2,9,993,27,24,4
2024-12-27 14:00,晴,5.9,0,西北风,2,11,992,23,30,0
2024-12-27 15:00,晴,6.4,0,西北风,2,10,992,23,30,1
2024-12-27 16:00,晴,6.1,0,西北风,2,10,992,20,30,3
2024-12-27 17:00,晴,5.1,0,西北风,1,5,992,21,30,4
2024-12-27 18:00,晴,4.1,0,西北风,1,2,993,23,21,3
2024-12-27 19:00,晴,3.3,0,西风,1,4,993,25,15,1
2024-12-27 20:00,晴,2.5,0,西风,1,1,993,25,10,0
2024-12-27 21:00,晴,1.1,0,西北风,1,3,993,31,11,0
2024-12-27 22:00,晴,0.3,0,南风,1,3,993,31,11,0
2024-12-27 23:00,晴,-0.1,0,南风,1,2,993,33,13,0
2024-12-28 00:00,晴,-0.6,0,西北风,1,2,992,34,14,0
2024-12-28 01:00,晴,-1.5,0,西北风,1,2,992,37,13,0
2024-12-28 02:00,晴,-2.1,0,西北风,0,0,991,38,13,0
2024-12-28 03:00,晴,-1.9,0,东北风,0,0,990,42,13,0
2024-12-28 04:00,晴,-2.3,0,西北风,0,0,990,48,13,0
2024-12-28 05:00,晴,-2.9,0,西北风,1,5,989,45,13,0
2024-12-28 06:00,晴,-2.8,0,西北风,1,2,989,46,13,0
2024-12-28 07:00,晴,-3.5,0,西北风,1,2,989,51,11,0
2024-12-28 08:00,晴,-4.3,0,西北风,1,1,989,54,10,0
2024-12-28 09:00,晴,-3.3,0,西北风,1,3,989,56,11,0
2024-12-28 10:00,晴,-0.8,0,东南风,1,3,989,39,11,0
2024-12-28 11:00,晴,2.1,0,东南风,1,2,988,35,12,0
2024-12-28 12:00,晴,4,0,北风,1,5,987,31,14,0
2024-12-28 13:00,晴,4.4,0,西北风,1,5,985,28,13,0
2024-12-28 14:00,晴,5.8,0,北风,1,5,983,26,15,0
2024-12-28 15:00,晴,6.9,0,南风,1,5,982,21,15,0
2024-12-28 16:00,晴,7.1,0,东南风,1,3,981,20,15,0
2024-12-28 17:00,晴,5.1,0,南风,1,1,981,23,15,0
2024-12-28 18:00,晴,2.8,0,西北风,1,1,980,30,20,0
2024-12-28 19:00,晴,1.7,0,南风,1,1,980,36,12,0
2024-12-28 20:00,晴,1.1,0,南风,1,1,980,38,10,0
2024-12-28 21:00,晴,0,0,南风,0,0,981,40,8,0
2024-12-28 22:00,晴,-0.5,0,南风,1,1,980,42,9,0
2024-12-28 23:00,晴,-1.1,0,西南风,1,3,980,42,9,0
2024-12-29 00:00,多云,-0.4,0,西北风,2,6,980,48,7,0
2024-12-29 01:00,阴,-0.3,0,西北风,1,3,980,46,7,0
2024-12-29 02:00,阴,-1.3,0,西风,1,1,979,51,8,0
2024-12-29 03:00,阴,-1,0,西北风,1,1,978,47,8,28
2024-12-29 04:00,阴,-0.2,0,北风,0,0,978,48,8,57
2024-12-29 05:00,多云,-1.3,0,西南风,1,2,979,51,8,85
2024-12-29 06:00,阴,-1.1,0,西北风,1,2,979,50,9,57
2024-12-29 07:00,多云,-0.8,0,西北风,1,4,980,48,8,28
2024-12-29 08:00,多云,-0.5,0,西北风,1,3,981,45,7,0
2024-12-29 09:00,晴,-0.2,0,西北风,2,7,981,48,7,30
2024-12-29 10:00,晴,1.6,0,西南风,2,6,982,38,8,59
2024-12-29 11:00,晴,3.5,0,南风,2,7,981,33,9,89
2024-12-29 12:00,晴,5.7,0,南风,2,6,979,29,11,59
2024-12-29 13:00,晴,6.4,0,南风,1,5,978,28,13,30
2024-12-29 14:00,晴,7.4,0,南风,1,5,977,25,15,0
2024-12-29 15:00,多云,8,0,南风,2,6,976,26,15,9
2024-12-29 16:00,多云,9.9,0,西风,1,4,976,21,15,17
2024-12-29 17:00,晴,7.9,0,南风,1,4,976,22,15,26
2024-12-29 18:00,晴,6.5,0,南风,1,3,977,25,19,17
2024-12-29 19:00,多云,5.4,0,南风,1,1,978,28,14,9
2024-12-29 20:00,多云,4.9,0,南风,0,0,978,30,11,0
2024-12-29 21:00,晴,3,0,南风,1,1,978,34,7,9
2024-12-29 22:00,晴,4.9,0,南风,1,3,978,29,7,18
2024-12-29 23:00,晴,3.5,0,西南风,1,4,979,32,6,27
2024-12-30 00:00,晴,2.6,0,北风,1,1,979,36,7,18
2024-12-30 01:00,多云,3.4,0,南风,1,4,978,34,7,9
2024-12-30 02:00,晴,3.4,0,南风,1,1,979,37,8,0
2024-12-30 03:00,晴,3.1,0,南风,2,6,979,37,8,17
2024-12-30 04:00,晴,3.5,0,西南风,1,3,978,36,8,33
2024-12-30 05:00,多云,2.8,0,南风,1,5,978,40,8,50
2024-12-30 06:00,多云,3.2,0,南风,1,2,979,39,10,33
2024-12-30 07:00,多云,3.6,0,南风,1,5,980,39,11,17
2024-12-30 08:00,多云,4,0,西南风,1,3,980,38,9,0
2024-12-30 09:00,多云,3.2,0,西南风,1,3,981,42,6,6
2024-12-30 10:00,晴,5.5,0,南风,1,4,982,36,6,11
2024-12-30 11:00,晴,8.8,0,南风,1,4,981,30,8,17
2024-12-30 12:00,晴,10,0,南风,2,6,980,23,12,11
2024-12-30 13:00,多云,10.4,0,南风,1,5,979,21,18,6
2024-12-30 14:00,多云,10.7,0,西南风,2,6,979,19,22,0
2024-12-30 15:00,晴,11.9,0,南风,1,3,978,20,22,0
2024-12-30 16:00,晴,12.1,0,南风,1,2,978,21,22,1
2024-12-30 17:00,晴,11.4,0,东南风,1,3,978,22,22,1
2024-12-30 18:00,晴,8.6,0,南风,1,3,979,28,16,1
2024-12-30 19:00,晴,5.9,0,西南风,1,1,979,34,14,0
2024-12-30 20:00,晴,5,0,南风,0,0,980,36,10,0
2024-12-30 21:00,晴,4.9,0,南风,1,1,980,37,13,1
2024-12-30 22:00,晴,4.6,0,南风,1,1,980,34,15,1
2024-12-30 23:00,晴,2.8,0,西南风,1,2,980,42,15,2
2024-12-31 00:00,晴,2.4,0,南风,1,1,980,44,11,1
2024-12-31 01:00,晴,1.6,0,南风,0,0,980,46,17,1
2024-12-31 02:00,晴,1.5,0,西南风,1,2,979,44,17,0
2024-12-31 03:00,晴,0.5,0,西南风,1,1,979,46,17,0
2024-12-31 04:00,晴,1.1,0,东北风,1,1,978,46,17,0
2024-12-31 05:00,晴,0.4,0,东风,1,3,977,48,17,0
2024-12-31 06:00,晴,-0.4,0,南风,1,2,977,53,13,0
2024-12-31 07:00,晴,-0.6,0,东北风,0,0,977,53,14,0
2024-12-31 08:00,晴,-1.3,0,西北风,1,3,977,58,11,0
2024-12-31 09:00,晴,-0.9,0,西北风,1,1,978,61,8,0
2024-12-31 10:00,晴,2,0,西北风,1,4,977,53,8,0
2024-12-31 11:00,晴,4.4,0,西北风,1,5,977,39,8,0
2024-12-31 12:00,晴,6.5,0,西北风,1,4,975,34,8,0
2024-12-31 13:00,晴,8.3,0,东北风,1,2,974,30,9,0
2024-12-31 14:00,晴,9,0,西风,1,3,972,28,10,0
2024-12-31 15:00,晴,10.4,0,西北风,1,4,971,27,10,0
2024-12-31 16:00,晴,10.1,0,北风,1,1,970,24,10,0
2024-12-31 17:00,晴,8.4,0,北风,1,2,970,28,10,0
2024-12-31 18:00,晴,7,0,北风,1,2,971,33,13,0
2024-12-31 19:00,晴,6,0,东风,1,1,971,37,10,0
2024-12-31 20:00,晴,4.1,0,北风,0,0,971,38,9,0
2024-12-31 21:00,晴,2.9,0,西南风,1,1,971,44,9,0
2024-12-31 22:00,晴,2.5,0,西风,1,1,971,48,6,0
2024-12-31 23:00,晴,1.4,0,西北风,1,2,972,54,5,0
