timestamp,load_kwh
2024/1/1 00:00,
2024/1/1 01:00,
2024/1/1 02:00,
2024/1/1 03:00,
2024/1/1 04:00,
2024/1/1 05:00,
2024/1/1 06:00,
2024/1/1 07:00,
2024/1/1 08:00,
2024/1/1 09:00,
2024/1/1 10:00,
2024/1/1 11:00,
2024/1/1 12:00,
2024/1/1 13:00,
2024/1/1 14:00,
2024/1/1 15:00,
2024/1/1 16:00,
2024/1/1 17:00,
2024/1/1 18:00,
2024/1/1 19:00,
2024/1/1 20:00,
2024/1/1 21:00,
2024/1/1 22:00,
2024/1/1 23:00,
2024/1/2 00:00,
2024/1/2 01:00,
2024/1/2 02:00,
2024/1/2 03:00,
2024/1/2 04:00,
2024/1/2 05:00,
2024/1/2 06:00,
2024/1/2 07:00,
2024/1/2 08:00,
2024/1/2 09:00,
2024/1/2 10:00,
2024/1/2 11:00,
2024/1/2 12:00,
2024/1/2 13:00,
2024/1/2 14:00,
2024/1/2 15:00,
2024/1/2 16:00,
2024/1/2 17:00,
2024/1/2 18:00,
2024/1/2 19:00,
2024/1/2 20:00,
2024/1/2 21:00,
2024/1/2 22:00,
2024/1/2 23:00,
2024/1/3 00:00,
2024/1/3 01:00,
2024/1/3 02:00,
2024/1/3 03:00,
2024/1/3 04:00,
2024/1/3 05:00,
2024/1/3 06:00,
2024/1/3 07:00,
2024/1/3 08:00,
2024/1/3 09:00,
2024/1/3 10:00,
2024/1/3 11:00,
2024/1/3 12:00,
2024/1/3 13:00,
2024/1/3 14:00,
2024/1/3 15:00,
2024/1/3 16:00,
2024/1/3 17:00,
2024/1/3 18:00,
2024/1/3 19:00,
2024/1/3 20:00,
2024/1/3 21:00,
2024/1/3 22:00,
2024/1/3 23:00,
2024/1/4 00:00,
2024/1/4 01:00,
2024/1/4 02:00,
2024/1/4 03:00,
2024/1/4 04:00,
2024/1/4 05:00,
2024/1/4 06:00,
2024/1/4 07:00,
2024/1/4 08:00,
2024/1/4 09:00,
2024/1/4 10:00,
2024/1/4 11:00,
2024/1/4 12:00,
2024/1/4 13:00,
2024/1/4 14:00,
2024/1/4 15:00,
2024/1/4 16:00,
2024/1/4 17:00,
2024/1/4 18:00,
2024/1/4 19:00,
2024/1/4 20:00,
2024/1/4 21:00,
2024/1/4 22:00,
2024/1/4 23:00,
2024/1/5 00:00,
2024/1/5 01:00,
2024/1/5 02:00,
2024/1/5 03:00,
2024/1/5 04:00,
2024/1/5 05:00,
2024/1/5 06:00,
2024/1/5 07:00,
2024/1/5 08:00,
2024/1/5 09:00,
2024/1/5 10:00,
2024/1/5 11:00,
2024/1/5 12:00,
2024/1/5 13:00,
2024/1/5 14:00,
2024/1/5 15:00,
2024/1/5 16:00,
2024/1/5 17:00,
2024/1/5 18:00,
2024/1/5 19:00,
2024/1/5 20:00,
2024/1/5 21:00,
2024/1/5 22:00,
2024/1/5 23:00,
2024/1/6 00:00,
2024/1/6 01:00,
2024/1/6 02:00,
2024/1/6 03:00,
2024/1/6 04:00,
2024/1/6 05:00,
2024/1/6 06:00,
2024/1/6 07:00,
2024/1/6 08:00,
2024/1/6 09:00,
2024/1/6 10:00,
2024/1/6 11:00,
2024/1/6 12:00,
2024/1/6 13:00,
2024/1/6 14:00,
2024/1/6 15:00,
2024/1/6 16:00,
2024/1/6 17:00,
2024/1/6 18:00,
2024/1/6 19:00,
2024/1/6 20:00,
2024/1/6 21:00,
2024/1/6 22:00,
2024/1/6 23:00,
2024/1/7 00:00,
2024/1/7 01:00,
2024/1/7 02:00,
2024/1/7 03:00,
2024/1/7 04:00,
2024/1/7 05:00,
2024/1/7 06:00,
2024/1/7 07:00,
2024/1/7 08:00,
2024/1/7 09:00,
2024/1/7 10:00,
2024/1/7 11:00,
2024/1/7 12:00,
2024/1/7 13:00,
2024/1/7 14:00,
2024/1/7 15:00,
2024/1/7 16:00,
2024/1/7 17:00,
2024/1/7 18:00,
2024/1/7 19:00,
2024/1/7 20:00,
2024/1/7 21:00,
2024/1/7 22:00,
2024/1/7 23:00,
2024/1/8 00:00,
2024/1/8 01:00,
2024/1/8 02:00,
2024/1/8 03:00,
2024/1/8 04:00,
2024/1/8 05:00,
2024/1/8 06:00,
2024/1/8 07:00,
2024/1/8 08:00,
2024/1/8 09:00,
2024/1/8 10:00,
2024/1/8 11:00,
2024/1/8 12:00,
2024/1/8 13:00,
2024/1/8 14:00,
2024/1/8 15:00,
2024/1/8 16:00,
2024/1/8 17:00,
2024/1/8 18:00,
2024/1/8 19:00,
2024/1/8 20:00,
2024/1/8 21:00,
2024/1/8 22:00,
2024/1/8 23:00,
2024/1/9 00:00,
2024/1/9 01:00,
2024/1/9 02:00,
2024/1/9 03:00,
2024/1/9 04:00,
2024/1/9 05:00,
2024/1/9 06:00,
2024/1/9 07:00,
2024/1/9 08:00,
2024/1/9 09:00,
2024/1/9 10:00,
2024/1/9 11:00,
2024/1/9 12:00,
2024/1/9 13:00,
2024/1/9 14:00,
2024/1/9 15:00,
2024/1/9 16:00,
2024/1/9 17:00,
2024/1/9 18:00,
2024/1/9 19:00,
2024/1/9 20:00,
2024/1/9 21:00,
2024/1/9 22:00,
2024/1/9 23:00,
2024/1/10 00:00,
2024/1/10 01:00,
2024/1/10 02:00,
2024/1/10 03:00,
2024/1/10 04:00,
2024/1/10 05:00,
2024/1/10 06:00,
2024/1/10 07:00,
2024/1/10 08:00,
2024/1/10 09:00,
2024/1/10 10:00,
2024/1/10 11:00,
2024/1/10 12:00,
2024/1/10 13:00,
2024/1/10 14:00,
2024/1/10 15:00,11211
2024/1/10 16:00,11230
2024/1/10 17:00,11247
2024/1/10 18:00,11266
2024/1/10 19:00,11286
2024/1/10 20:00,11307
2024/1/10 21:00,11330
2024/1/10 22:00,11352
2024/1/10 23:00,11357
2024/1/11 00:00,11361
2024/1/11 01:00,11367
2024/1/11 02:00,11373
2024/1/11 03:00,11380
2024/1/11 04:00,11386
2024/1/11 05:00,11393
2024/1/11 06:00,11399
2024/1/11 07:00,11406
2024/1/11 08:00,11412
2024/1/11 09:00,11423
2024/1/11 10:00,11440
2024/1/11 11:00,11455
2024/1/11 12:00,11470
2024/1/11 13:00,11483
2024/1/11 14:00,11496
2024/1/11 15:00,11509
2024/1/11 16:00,11523
2024/1/11 17:00,11537
2024/1/11 18:00,11550
2024/1/11 19:00,11563
2024/1/11 20:00,11580
2024/1/11 21:00,11603
2024/1/11 22:00,11621
2024/1/11 23:00,11627
2024/1/12 00:00,11629
2024/1/12 01:00,11632
2024/1/12 02:00,11635
2024/1/12 03:00,11638
2024/1/12 04:00,11641
2024/1/12 05:00,11644
2024/1/12 06:00,11647
2024/1/12 07:00,11651
2024/1/12 08:00,11654
2024/1/12 09:00,11661
2024/1/12 10:00,11678
2024/1/12 11:00,11694
2024/1/12 12:00,11713
2024/1/12 13:00,11730
2024/1/12 14:00,11745
2024/1/12 15:00,11760
2024/1/12 16:00,11778
2024/1/12 17:00,11795
2024/1/12 18:00,11813
2024/1/12 19:00,11834
2024/1/12 20:00,11855
2024/1/12 21:00,11874
2024/1/12 22:00,11892
2024/1/12 23:00,11897
2024/1/13 00:00,11900
2024/1/13 01:00,11903
2024/1/13 02:00,11905
2024/1/13 03:00,11908
2024/1/13 04:00,11911
2024/1/13 05:00,11913
2024/1/13 06:00,11917
2024/1/13 07:00,11920
2024/1/13 08:00,11925
2024/1/13 09:00,11941
2024/1/13 10:00,11958
2024/1/13 11:00,11977
2024/1/13 12:00,11993
2024/1/13 13:00,12008
2024/1/13 14:00,12024
2024/1/13 15:00,12041
2024/1/13 16:00,12058
2024/1/13 17:00,12081
2024/1/13 18:00,12100
2024/1/13 19:00,12119
2024/1/13 20:00,12139
2024/1/13 21:00,12159
2024/1/13 22:00,12177
2024/1/13 23:00,12184
2024/1/14 00:00,12186
2024/1/14 01:00,12189
2024/1/14 02:00,12191
2024/1/14 03:00,12194
2024/1/14 04:00,12196
2024/1/14 05:00,12199
2024/1/14 06:00,12201
2024/1/14 07:00,12205
2024/1/14 08:00,12208
2024/1/14 09:00,12214
2024/1/14 10:00,12223
2024/1/14 11:00,12235
2024/1/14 12:00,12246
2024/1/14 13:00,12254
2024/1/14 14:00,12263
2024/1/14 15:00,12276
2024/1/14 16:00,12295
2024/1/14 17:00,12314
2024/1/14 18:00,12332
2024/1/14 19:00,12350
2024/1/14 20:00,12366
2024/1/14 21:00,12383
2024/1/14 22:00,12401
2024/1/14 23:00,12406
2024/1/15 00:00,12409
2024/1/15 01:00,12411
2024/1/15 02:00,12414
2024/1/15 03:00,12417
2024/1/15 04:00,12419
2024/1/15 05:00,12422
2024/1/15 06:00,12425
2024/1/15 07:00,12428
2024/1/15 08:00,12433
2024/1/15 09:00,12447
2024/1/15 10:00,12471
2024/1/15 11:00,12497
2024/1/15 12:00,12522
2024/1/15 13:00,12543
2024/1/15 14:00,12568
2024/1/15 15:00,12595
2024/1/15 16:00,12625
2024/1/15 17:00,12654
2024/1/15 18:00,12677
2024/1/15 19:00,12698
2024/1/15 20:00,12721
2024/1/15 21:00,12742
2024/1/15 22:00,12762
2024/1/15 23:00,12769
2024/1/16 00:00,12776
2024/1/16 01:00,12786
2024/1/16 02:00,12795
2024/1/16 03:00,12805
2024/1/16 04:00,12809
2024/1/16 05:00,12811
2024/1/16 06:00,12814
2024/1/16 07:00,12817
2024/1/16 08:00,12820
2024/1/16 09:00,12828
2024/1/16 10:00,12847
2024/1/16 11:00,12869
2024/1/16 12:00,12893
2024/1/16 13:00,12916
2024/1/16 14:00,12946
2024/1/16 15:00,12979
2024/1/16 16:00,13012
2024/1/16 17:00,13043
2024/1/16 18:00,13073
2024/1/16 19:00,13098
2024/1/16 20:00,13125
2024/1/16 21:00,13149
2024/1/16 22:00,13171
2024/1/16 23:00,13179
2024/1/17 00:00,13182
2024/1/17 01:00,13191
2024/1/17 02:00,13201
2024/1/17 03:00,13211
2024/1/17 04:00,13220
2024/1/17 05:00,13230
2024/1/17 06:00,13236
2024/1/17 07:00,13243
2024/1/17 08:00,13250
2024/1/17 09:00,13259
2024/1/17 10:00,13267
2024/1/17 11:00,13283
2024/1/17 12:00,13298
2024/1/17 13:00,13320
2024/1/17 14:00,13348
2024/1/17 15:00,13374
2024/1/17 16:00,13400
2024/1/17 17:00,13428
2024/1/17 18:00,13453
2024/1/17 19:00,13476
2024/1/17 20:00,13499
2024/1/17 21:00,13521
2024/1/17 22:00,13537
2024/1/17 23:00,13543
2024/1/18 00:00,13546
2024/1/18 01:00,13548
2024/1/18 02:00,13551
2024/1/18 03:00,13554
2024/1/18 04:00,13557
2024/1/18 05:00,13559
2024/1/18 06:00,13562
2024/1/18 07:00,13565
2024/1/18 08:00,13568
2024/1/18 09:00,13572
2024/1/18 10:00,13587
2024/1/18 11:00,13610
2024/1/18 12:00,13634
2024/1/18 13:00,13660
2024/1/18 14:00,13692
2024/1/18 15:00,13726
2024/1/18 16:00,13761
2024/1/18 17:00,13796
2024/1/18 18:00,13829
2024/1/18 19:00,13859
2024/1/18 20:00,13893
2024/1/18 21:00,13924
2024/1/18 22:00,13952
2024/1/18 23:00,13963
2024/1/19 00:00,13966
2024/1/19 01:00,13969
2024/1/19 02:00,13972
2024/1/19 03:00,13975
2024/1/19 04:00,13979
2024/1/19 05:00,13982
2024/1/19 06:00,13985
2024/1/19 07:00,13988
2024/1/19 08:00,13994
2024/1/19 09:00,14006
2024/1/19 10:00,14030
2024/1/19 11:00,14060
2024/1/19 12:00,14092
2024/1/19 13:00,14125
2024/1/19 14:00,14163
2024/1/19 15:00,14200
2024/1/19 16:00,14240
2024/1/19 17:00,14276
2024/1/19 18:00,14309
2024/1/19 19:00,14342
2024/1/19 20:00,14375
2024/1/19 21:00,14405
2024/1/19 22:00,14422
2024/1/19 23:00,14431
2024/1/20 00:00,14433
2024/1/20 01:00,14436
2024/1/20 02:00,14438
2024/1/20 03:00,14441
2024/1/20 04:00,14444
2024/1/20 05:00,14446
2024/1/20 06:00,14449
2024/1/20 07:00,14452
2024/1/20 08:00,14455
2024/1/20 09:00,14459
2024/1/20 10:00,14466
2024/1/20 11:00,14475
2024/1/20 12:00,14482
2024/1/20 13:00,14489
2024/1/20 14:00,14497
2024/1/20 15:00,14505
2024/1/20 16:00,14514
2024/1/20 17:00,14526
2024/1/20 18:00,14541
2024/1/20 19:00,14556
2024/1/20 20:00,14568
2024/1/20 21:00,14576
2024/1/20 22:00,14582
2024/1/20 23:00,14585
2024/1/21 00:00,14588
2024/1/21 01:00,14592
2024/1/21 02:00,14595
2024/1/21 03:00,14599
2024/1/21 04:00,14602
2024/1/21 05:00,14606
2024/1/21 06:00,14609
2024/1/21 07:00,14613
2024/1/21 08:00,14617
2024/1/21 09:00,14629
2024/1/21 10:00,14642
2024/1/21 11:00,14660
2024/1/21 12:00,14675
2024/1/21 13:00,14690
2024/1/21 14:00,14704
2024/1/21 15:00,14718
2024/1/21 16:00,14734
2024/1/21 17:00,14751
2024/1/21 18:00,14767
2024/1/21 19:00,14783
2024/1/21 20:00,14800
2024/1/21 21:00,14811
2024/1/21 22:00,14815
2024/1/21 23:00,14818
2024/1/22 00:00,14821
2024/1/22 01:00,14823
2024/1/22 02:00,14826
2024/1/22 03:00,14829
2024/1/22 04:00,14832
2024/1/22 05:00,14835
2024/1/22 06:00,14838
2024/1/22 07:00,14841
2024/1/22 08:00,14844
2024/1/22 09:00,14847
2024/1/22 10:00,14853
2024/1/22 11:00,14869
2024/1/22 12:00,14881
2024/1/22 13:00,14893
2024/1/22 14:00,14905
2024/1/22 15:00,14927
2024/1/22 16:00,14946
2024/1/22 17:00,14970
2024/1/22 18:00,14990
2024/1/22 19:00,15008
2024/1/22 20:00,15031
2024/1/22 21:00,15054
2024/1/22 22:00,15061
2024/1/22 23:00,15065
2024/1/23 00:00,15069
2024/1/23 01:00,15073
2024/1/23 02:00,15077
2024/1/23 03:00,15081
2024/1/23 04:00,15085
2024/1/23 05:00,15089
2024/1/23 06:00,15093
2024/1/23 07:00,15097
2024/1/23 08:00,15101
2024/1/23 09:00,15106
2024/1/23 10:00,15115
2024/1/23 11:00,15132
2024/1/23 12:00,15149
2024/1/23 13:00,15163
2024/1/23 14:00,15176
2024/1/23 15:00,15189
2024/1/23 16:00,15204
2024/1/23 17:00,15223
2024/1/23 18:00,15242
2024/1/23 19:00,15260
2024/1/23 20:00,15278
2024/1/23 21:00,15292
2024/1/23 22:00,15295
2024/1/23 23:00,15298
2024/1/24 00:00,15301
2024/1/24 01:00,15304
2024/1/24 02:00,15306
2024/1/24 03:00,15309
2024/1/24 04:00,15311
2024/1/24 05:00,15314
2024/1/24 06:00,15316
2024/1/24 07:00,15319
2024/1/24 08:00,15322
2024/1/24 09:00,15325
2024/1/24 10:00,15329
2024/1/24 11:00,15333
2024/1/24 12:00,15338
2024/1/24 13:00,15342
2024/1/24 14:00,15347
2024/1/24 15:00,15362
2024/1/24 16:00,15380
2024/1/24 17:00,15397
2024/1/24 18:00,15412
2024/1/24 19:00,15427
2024/1/24 20:00,15442
2024/1/24 21:00,15457
2024/1/24 22:00,15461
2024/1/24 23:00,15463
2024/1/25 00:00,15465
2024/1/25 01:00,15468
2024/1/25 02:00,15470
2024/1/25 03:00,15473
2024/1/25 04:00,15475
2024/1/25 05:00,15477
2024/1/25 06:00,15480
2024/1/25 07:00,15482
2024/1/25 08:00,15485
2024/1/25 09:00,15492
2024/1/25 10:00,15506
2024/1/25 11:00,15518
2024/1/25 12:00,15529
2024/1/25 13:00,15541
2024/1/25 14:00,15552
2024/1/25 15:00,15563
2024/1/25 16:00,15574
2024/1/25 17:00,15587
2024/1/25 18:00,15603
2024/1/25 19:00,15618
2024/1/25 20:00,15632
2024/1/25 21:00,15645
2024/1/25 22:00,15648
2024/1/25 23:00,15650
2024/1/26 00:00,15652
2024/1/26 01:00,15654
2024/1/26 02:00,15656
2024/1/26 03:00,15659
2024/1/26 04:00,15661
2024/1/26 05:00,15663
2024/1/26 06:00,15665
2024/1/26 07:00,15667
2024/1/26 08:00,15669
2024/1/26 09:00,15676
2024/1/26 10:00,15688
2024/1/26 11:00,15699
2024/1/26 12:00,15712
2024/1/26 13:00,15725
2024/1/26 14:00,15738
2024/1/26 15:00,15753
2024/1/26 16:00,15767
2024/1/26 17:00,15782
2024/1/26 18:00,15795
2024/1/26 19:00,15810
2024/1/26 20:00,15825
2024/1/26 21:00,15841
2024/1/26 22:00,15846
2024/1/26 23:00,15848
2024/1/27 00:00,15850
2024/1/27 01:00,15852
2024/1/27 02:00,15854
2024/1/27 03:00,15856
2024/1/27 04:00,15858
2024/1/27 05:00,15860
2024/1/27 06:00,15862
2024/1/27 07:00,15864
2024/1/27 08:00,15867
2024/1/27 09:00,15870
2024/1/27 10:00,15882
2024/1/27 11:00,15892
2024/1/27 12:00,15903
2024/1/27 13:00,15913
2024/1/27 14:00,15926
2024/1/27 15:00,15940
2024/1/27 16:00,15956
2024/1/27 17:00,15972
2024/1/27 18:00,15986
2024/1/27 19:00,16000
2024/1/27 20:00,16014
2024/1/27 21:00,16028
2024/1/27 22:00,16031
2024/1/27 23:00,16033
2024/1/28 00:00,16035
2024/1/28 01:00,16037
2024/1/28 02:00,16039
2024/1/28 03:00,16041
2024/1/28 04:00,16043
2024/1/28 05:00,16045
2024/1/28 06:00,16047
2024/1/28 07:00,16049
2024/1/28 08:00,16051
2024/1/28 09:00,16053
2024/1/28 10:00,16064
2024/1/28 11:00,16078
2024/1/28 12:00,16091
2024/1/28 13:00,16103
2024/1/28 14:00,16117
2024/1/28 15:00,16130
2024/1/28 16:00,16143
2024/1/28 17:00,16156
2024/1/28 18:00,16169
2024/1/28 19:00,16182
2024/1/28 20:00,16195
2024/1/28 21:00,16208
2024/1/28 22:00,16212
2024/1/28 23:00,16214
2024/1/29 00:00,16217
2024/1/29 01:00,16219
2024/1/29 02:00,16222
2024/1/29 03:00,16224
2024/1/29 04:00,16227
2024/1/29 05:00,16229
2024/1/29 06:00,16232
2024/1/29 07:00,16235
2024/1/29 08:00,16237
2024/1/29 09:00,16240
2024/1/29 10:00,16249
2024/1/29 11:00,16262
2024/1/29 12:00,16281
2024/1/29 13:00,16290
2024/1/29 14:00,16302
2024/1/29 15:00,16315
2024/1/29 16:00,16328
2024/1/29 17:00,16342
2024/1/29 18:00,16355
2024/1/29 19:00,16369
2024/1/29 20:00,16383
2024/1/29 21:00,16396
2024/1/29 22:00,16400
2024/1/29 23:00,16402
2024/1/30 00:00,16404
2024/1/30 01:00,16406
2024/1/30 02:00,16408
2024/1/30 03:00,16411
2024/1/30 04:00,16413
2024/1/30 05:00,16415
2024/1/30 06:00,16417
2024/1/30 07:00,16419
2024/1/30 08:00,16421
2024/1/30 09:00,16424
2024/1/30 10:00,16428
2024/1/30 11:00,16440
2024/1/30 12:00,16451
2024/1/30 13:00,16462
2024/1/30 14:00,16473
2024/1/30 15:00,16483
2024/1/30 16:00,16494
2024/1/30 17:00,16505
2024/1/30 18:00,16516
2024/1/30 19:00,16527
2024/1/30 20:00,16538
2024/1/30 21:00,16547
2024/1/30 22:00,16549
2024/1/30 23:00,16551
2024/1/31 00:00,16553
2024/1/31 01:00,16555
2024/1/31 02:00,16557
2024/1/31 03:00,16559
2024/1/31 04:00,16561
2024/1/31 05:00,16563
2024/1/31 06:00,16565
2024/1/31 07:00,16567
2024/1/31 08:00,16569
2024/1/31 09:00,16571
2024/1/31 10:00,16577
2024/1/31 11:00,16592
2024/1/31 12:00,16607
2024/1/31 13:00,16621
2024/1/31 14:00,16633
2024/1/31 15:00,16647
2024/1/31 16:00,16662
2024/1/31 17:00,16675
2024/1/31 18:00,16689
2024/1/31 19:00,16701
2024/1/31 20:00,16715
2024/1/31 21:00,16727
2024/1/31 22:00,16730
2024/1/31 23:00,16732
2024/2/1 00:00,16734
2024/2/1 01:00,16736
2024/2/1 02:00,16738
2024/2/1 03:00,16740
2024/2/1 04:00,16742
2024/2/1 05:00,16744
2024/2/1 06:00,16746
2024/2/1 07:00,16748
2024/2/1 08:00,16751
2024/2/1 09:00,16754
2024/2/1 10:00,16756
2024/2/1 11:00,16761
2024/2/1 12:00,16773
2024/2/1 13:00,16784
2024/2/1 14:00,16796
2024/2/1 15:00,16809
2024/2/1 16:00,16825
2024/2/1 17:00,16842
2024/2/1 18:00,16858
2024/2/1 19:00,16873
2024/2/1 20:00,16886
2024/2/1 21:00,16897
2024/2/1 22:00,16899
2024/2/1 23:00,16901
2024/2/2 00:00,16903
2024/2/2 01:00,16905
2024/2/2 02:00,16907
2024/2/2 03:00,16909
2024/2/2 04:00,16912
2024/2/2 05:00,16914
2024/2/2 06:00,16916
2024/2/2 07:00,16918
2024/2/2 08:00,16920
2024/2/2 09:00,16922
2024/2/2 10:00,16925
2024/2/2 11:00,16927
2024/2/2 12:00,16934
2024/2/2 13:00,16946
2024/2/2 14:00,16952
2024/2/2 15:00,16964
2024/2/2 16:00,16983
2024/2/2 17:00,17001
2024/2/2 18:00,17019
2024/2/2 19:00,17035
2024/2/2 20:00,17050
2024/2/2 21:00,17062
2024/2/2 22:00,17064
2024/2/2 23:00,17066
2024/2/3 00:00,17068
2024/2/3 01:00,17070
2024/2/3 02:00,17072
2024/2/3 03:00,17074
2024/2/3 04:00,17076
2024/2/3 05:00,17078
2024/2/3 06:00,17080
2024/2/3 07:00,17082
2024/2/3 08:00,17085
2024/2/3 09:00,17087
2024/2/3 10:00,17096
2024/2/3 11:00,17109
2024/2/3 12:00,17121
2024/2/3 13:00,17128
2024/2/3 14:00,17134
2024/2/3 15:00,17149
2024/2/3 16:00,17166
2024/2/3 17:00,17182
2024/2/3 18:00,17197
2024/2/3 19:00,17214
2024/2/3 20:00,17229
2024/2/3 21:00,17242
2024/2/3 22:00,17244
2024/2/3 23:00,17246
2024/2/4 00:00,17247
2024/2/4 01:00,17251
2024/2/4 02:00,17254
2024/2/4 03:00,17258
2024/2/4 04:00,17262
2024/2/4 05:00,17265
2024/2/4 06:00,17269
2024/2/4 07:00,17273
2024/2/4 08:00,17277
2024/2/4 09:00,17280
2024/2/4 10:00,17290
2024/2/4 11:00,17303
2024/2/4 12:00,17316
2024/2/4 13:00,17328
2024/2/4 14:00,17340
2024/2/4 15:00,17354
2024/2/4 16:00,17367
2024/2/4 17:00,17381
2024/2/4 18:00,17395
2024/2/4 19:00,17409
2024/2/4 20:00,17423
2024/2/4 21:00,17436
2024/2/4 22:00,17438
2024/2/4 23:00,17440
2024/2/5 00:00,17443
2024/2/5 01:00,17446
2024/2/5 02:00,17450
2024/2/5 03:00,17454
2024/2/5 04:00,17458
2024/2/5 05:00,17461
2024/2/5 06:00,17465
2024/2/5 07:00,17469
2024/2/5 08:00,17471
2024/2/5 09:00,17473
2024/2/5 10:00,17484
2024/2/5 11:00,17497
2024/2/5 12:00,17511
2024/2/5 13:00,17524
2024/2/5 14:00,17537
2024/2/5 15:00,17549
2024/2/5 16:00,17562
2024/2/5 17:00,17575
2024/2/5 18:00,17587
2024/2/5 19:00,17599
2024/2/5 20:00,17611
2024/2/5 21:00,17619
2024/2/5 22:00,17621
2024/2/5 23:00,17623
2024/2/6 00:00,17626
2024/2/6 01:00,17630
2024/2/6 02:00,17634
2024/2/6 03:00,17637
2024/2/6 04:00,17641
2024/2/6 05:00,17645
2024/2/6 06:00,17648
2024/2/6 07:00,17652
2024/2/6 08:00,17655
2024/2/6 09:00,17657
2024/2/6 10:00,17671
2024/2/6 11:00,17684
2024/2/6 12:00,17700
2024/2/6 13:00,17715
2024/2/6 14:00,17726
2024/2/6 15:00,17737
2024/2/6 16:00,17748
2024/2/6 17:00,17761
2024/2/6 18:00,17774
2024/2/6 19:00,17784
2024/2/6 20:00,17789
2024/2/6 21:00,17791
2024/2/6 22:00,17793
2024/2/6 23:00,17795
2024/2/7 00:00,17798
2024/2/7 01:00,17800
2024/2/7 02:00,17802
2024/2/7 03:00,17804
2024/2/7 04:00,17806
2024/2/7 05:00,17808
2024/2/7 06:00,17810
2024/2/7 07:00,17812
2024/2/7 08:00,17815
2024/2/7 09:00,17817
2024/2/7 10:00,17829
2024/2/7 11:00,17843
2024/2/7 12:00,17858
2024/2/7 13:00,17871
2024/2/7 14:00,17882
2024/2/7 15:00,17893
2024/2/7 16:00,17905
2024/2/7 17:00,17917
2024/2/7 18:00,17928
2024/2/7 19:00,17938
2024/2/7 20:00,17943
2024/2/7 21:00,17946
2024/2/7 22:00,17949
2024/2/7 23:00,17951
2024/2/8 00:00,17952
2024/2/8 01:00,17955
2024/2/8 02:00,17956
2024/2/8 03:00,17958
2024/2/8 04:00,17960
2024/2/8 05:00,17962
2024/2/8 06:00,17964
2024/2/8 07:00,17966
2024/2/8 08:00,17968
2024/2/8 09:00,17971
2024/2/8 10:00,17983
2024/2/8 11:00,17996
2024/2/8 12:00,18007
2024/2/8 13:00,18017
2024/2/8 14:00,18028
2024/2/8 15:00,18038
2024/2/8 16:00,18048
2024/2/8 17:00,18058
2024/2/8 18:00,18068
2024/2/8 19:00,18077
2024/2/8 20:00,18086
2024/2/8 21:00,18094
2024/2/8 22:00,18102
2024/2/8 23:00,18110
2024/2/9 00:00,18118
2024/2/9 01:00,18126
2024/2/9 02:00,18134
2024/2/9 03:00,18142
2024/2/9 04:00,18150
2024/2/9 05:00,18158
2024/2/9 06:00,18167
2024/2/9 07:00,18174
2024/2/9 08:00,18176
2024/2/9 09:00,18178
2024/2/9 10:00,18190
2024/2/9 11:00,18201
2024/2/9 12:00,18210
2024/2/9 13:00,18220
2024/2/9 14:00,18229
2024/2/9 15:00,18238
2024/2/9 16:00,18244
2024/2/9 17:00,18246
2024/2/9 18:00,18248
2024/2/9 19:00,18249
2024/2/9 20:00,18251
2024/2/9 21:00,18253
2024/2/9 22:00,18255
2024/2/9 23:00,18257
2024/2/10 00:00,18260
2024/2/10 01:00,18262
2024/2/10 02:00,18264
2024/2/10 03:00,18266
2024/2/10 04:00,18268
2024/2/10 05:00,18270
2024/2/10 06:00,18272
2024/2/10 07:00,18274
2024/2/10 08:00,18276
2024/2/10 09:00,18277
2024/2/10 10:00,18279
2024/2/10 11:00,18281
2024/2/10 12:00,18283
2024/2/10 13:00,18285
2024/2/10 14:00,18287
2024/2/10 15:00,18289
2024/2/10 16:00,18290
2024/2/10 17:00,18292
2024/2/10 18:00,18294
2024/2/10 19:00,18296
2024/2/10 20:00,18298
2024/2/10 21:00,18300
2024/2/10 22:00,18301
2024/2/10 23:00,18303
2024/2/11 00:00,18305
2024/2/11 01:00,18307
2024/2/11 02:00,18309
2024/2/11 03:00,18311
2024/2/11 04:00,18313
2024/2/11 05:00,18315
2024/2/11 06:00,18317
2024/2/11 07:00,18319
2024/2/11 08:00,18321
2024/2/11 09:00,18323
2024/2/11 10:00,18325
2024/2/11 11:00,18327
2024/2/11 12:00,18329
2024/2/11 13:00,18331
2024/2/11 14:00,18332
2024/2/11 15:00,18334
2024/2/11 16:00,18336
2024/2/11 17:00,18338
2024/2/11 18:00,18340
2024/2/11 19:00,18341
2024/2/11 20:00,18343
2024/2/11 21:00,18345
2024/2/11 22:00,18347
2024/2/11 23:00,18349
2024/2/12 00:00,18351
2024/2/12 01:00,18353
2024/2/12 02:00,18355
2024/2/12 03:00,18357
2024/2/12 04:00,18359
2024/2/12 05:00,18361
2024/2/12 06:00,18363
2024/2/12 07:00,18365
2024/2/12 08:00,18366
2024/2/12 09:00,18368
2024/2/12 10:00,18370
2024/2/12 11:00,18372
2024/2/12 12:00,18374
2024/2/12 13:00,18376
2024/2/12 14:00,18378
2024/2/12 15:00,18380
2024/2/12 16:00,18382
2024/2/12 17:00,18384
2024/2/12 18:00,18387
2024/2/12 19:00,18389
2024/2/12 20:00,18390
2024/2/12 21:00,18392
2024/2/12 22:00,18394
2024/2/12 23:00,18396
2024/2/13 00:00,18398
2024/2/13 01:00,18400
2024/2/13 02:00,18402
2024/2/13 03:00,18404
2024/2/13 04:00,18406
2024/2/13 05:00,18408
2024/2/13 06:00,18410
2024/2/13 07:00,18412
2024/2/13 08:00,18413
2024/2/13 09:00,18416
2024/2/13 10:00,18422
2024/2/13 11:00,18430
2024/2/13 12:00,18438
2024/2/13 13:00,18445
2024/2/13 14:00,18452
2024/2/13 15:00,18458
2024/2/13 16:00,18464
2024/2/13 17:00,18467
2024/2/13 18:00,18474
2024/2/13 19:00,18483
2024/2/13 20:00,18493
2024/2/13 21:00,18496
2024/2/13 22:00,18497
2024/2/13 23:00,18499
2024/2/14 00:00,18501
2024/2/14 01:00,18503
2024/2/14 02:00,18505
2024/2/14 03:00,18507
2024/2/14 04:00,18509
2024/2/14 05:00,18510
2024/2/14 06:00,18512
2024/2/14 07:00,18514
2024/2/14 08:00,18516
2024/2/14 09:00,18518
2024/2/14 10:00,18521
2024/2/14 11:00,18523
2024/2/14 12:00,18526
2024/2/14 13:00,18533
2024/2/14 14:00,18541
2024/2/14 15:00,18547
2024/2/14 16:00,18556
2024/2/14 17:00,18564
2024/2/14 18:00,18570
2024/2/14 19:00,18578
2024/2/14 20:00,18583
2024/2/14 21:00,18586
2024/2/14 22:00,18588
2024/2/14 23:00,18590
2024/2/15 00:00,18592
2024/2/15 01:00,18594
2024/2/15 02:00,18596
2024/2/15 03:00,18598
2024/2/15 04:00,18600
2024/2/15 05:00,18601
2024/2/15 06:00,18603
2024/2/15 07:00,18605
2024/2/15 08:00,18607
2024/2/15 09:00,18609
2024/2/15 10:00,18611
2024/2/15 11:00,18613
2024/2/15 12:00,18615
2024/2/15 13:00,18617
2024/2/15 14:00,18619
2024/2/15 15:00,18620
2024/2/15 16:00,18624
2024/2/15 17:00,18628
2024/2/15 18:00,18630
2024/2/15 19:00,18632
2024/2/15 20:00,18634
2024/2/15 21:00,18636
2024/2/15 22:00,18638
2024/2/15 23:00,18640
2024/2/16 00:00,18641
2024/2/16 01:00,18643
2024/2/16 02:00,18645
2024/2/16 03:00,18647
2024/2/16 04:00,18649
2024/2/16 05:00,18651
2024/2/16 06:00,18653
2024/2/16 07:00,18655
2024/2/16 08:00,18657
2024/2/16 09:00,18659
2024/2/16 10:00,18661
2024/2/16 11:00,18663
2024/2/16 12:00,18665
2024/2/16 13:00,18667
2024/2/16 14:00,18669
2024/2/16 15:00,18672
2024/2/16 16:00,18675
2024/2/16 17:00,18678
2024/2/16 18:00,18681
2024/2/16 19:00,18683
2024/2/16 20:00,18685
2024/2/16 21:00,18687
2024/2/16 22:00,18689
2024/2/16 23:00,18691
2024/2/17 00:00,18693
2024/2/17 01:00,18695
2024/2/17 02:00,18697
2024/2/17 03:00,18699
2024/2/17 04:00,18701
2024/2/17 05:00,18703
2024/2/17 06:00,18705
2024/2/17 07:00,18707
2024/2/17 08:00,18709
2024/2/17 09:00,18711
2024/2/17 10:00,18713
2024/2/17 11:00,18716
2024/2/17 12:00,18720
2024/2/17 13:00,18724
2024/2/17 14:00,18726
2024/2/17 15:00,18730
2024/2/17 16:00,18734
2024/2/17 17:00,18738
2024/2/17 18:00,18744
2024/2/17 19:00,18756
2024/2/17 20:00,18768
2024/2/17 21:00,18778
2024/2/17 22:00,18780
2024/2/17 23:00,18782
2024/2/18 00:00,18784
2024/2/18 01:00,18786
2024/2/18 02:00,18788
2024/2/18 03:00,18790
2024/2/18 04:00,18792
2024/2/18 05:00,18794
2024/2/18 06:00,18796
2024/2/18 07:00,18799
2024/2/18 08:00,18801
2024/2/18 09:00,18803
2024/2/18 10:00,18805
2024/2/18 11:00,18809
2024/2/18 12:00,18817
2024/2/18 13:00,18824
2024/2/18 14:00,18831
2024/2/18 15:00,18838
2024/2/18 16:00,18846
2024/2/18 17:00,18854
2024/2/18 18:00,18862
2024/2/18 19:00,18868
2024/2/18 20:00,18874
2024/2/18 21:00,18876
2024/2/18 22:00,18878
2024/2/18 23:00,18880
2024/2/19 00:00,18882
2024/2/19 01:00,18884
2024/2/19 02:00,18886
2024/2/19 03:00,18888
2024/2/19 04:00,18890
2024/2/19 05:00,18892
2024/2/19 06:00,18894
2024/2/19 07:00,18895
2024/2/19 08:00,18897
2024/2/19 09:00,18897
2024/2/19 10:00,18897
2024/2/19 11:00,18897
2024/2/19 12:00,18897
2024/2/19 13:00,18897
2024/2/19 14:00,18897
2024/2/19 15:00,18897
2024/2/19 16:00,18897
2024/2/19 17:00,18897
2024/2/19 18:00,18897
2024/2/19 19:00,18897
2024/2/19 20:00,18897
2024/2/19 21:00,18897
2024/2/19 22:00,18897
2024/2/19 23:00,18897
2024/2/20 00:00,18897
2024/2/20 01:00,18897
2024/2/20 02:00,18897
2024/2/20 03:00,18897
2024/2/20 04:00,18897
2024/2/20 05:00,18897
2024/2/20 06:00,18897
2024/2/20 07:00,18897
2024/2/20 08:00,18897
2024/2/20 09:00,18897
2024/2/20 10:00,18897
2024/2/20 11:00,18897
2024/2/20 12:00,18897
2024/2/20 13:00,18897
2024/2/20 14:00,18897
2024/2/20 15:00,18897
2024/2/20 16:00,18897
2024/2/20 17:00,18897
2024/2/20 18:00,18897
2024/2/20 19:00,18897
2024/2/20 20:00,18897
2024/2/20 21:00,18897
2024/2/20 22:00,18897
2024/2/20 23:00,18897
2024/2/21 00:00,18897
2024/2/21 01:00,18897
2024/2/21 02:00,18897
2024/2/21 03:00,18897
2024/2/21 04:00,18897
2024/2/21 05:00,18897
2024/2/21 06:00,18897
2024/2/21 07:00,18897
2024/2/21 08:00,18897
2024/2/21 09:00,18897
2024/2/21 10:00,18897
2024/2/21 11:00,18897
2024/2/21 12:00,18897
2024/2/21 13:00,18897
2024/2/21 14:00,18897
2024/2/21 15:00,18897
2024/2/21 16:00,18897
2024/2/21 17:00,18897
2024/2/21 18:00,18897
2024/2/21 19:00,
2024/2/21 20:00,
2024/2/21 21:00,
2024/2/21 22:00,
2024/2/21 23:00,
2024/2/22 00:00,
2024/2/22 01:00,
2024/2/22 02:00,
2024/2/22 03:00,
2024/2/22 04:00,
2024/2/22 05:00,
2024/2/22 06:00,
2024/2/22 07:00,
2024/2/22 08:00,
2024/2/22 09:00,
2024/2/22 10:00,
2024/2/22 11:00,
2024/2/22 12:00,
2024/2/22 13:00,
2024/2/22 14:00,
2024/2/22 15:00,
2024/2/22 16:00,
2024/2/22 17:00,
2024/2/22 18:00,
2024/2/22 19:00,
2024/2/22 20:00,
2024/2/22 21:00,
2024/2/22 22:00,
2024/2/22 23:00,
2024/2/23 00:00,
2024/2/23 01:00,
2024/2/23 02:00,
2024/2/23 03:00,
2024/2/23 04:00,
2024/2/23 05:00,
2024/2/23 06:00,
2024/2/23 07:00,
2024/2/23 08:00,
2024/2/23 09:00,
2024/2/23 10:00,
2024/2/23 11:00,
2024/2/23 12:00,
2024/2/23 13:00,
2024/2/23 14:00,
2024/2/23 15:00,
2024/2/23 16:00,
2024/2/23 17:00,
2024/2/23 18:00,
2024/2/23 19:00,
2024/2/23 20:00,
2024/2/23 21:00,
2024/2/23 22:00,
2024/2/23 23:00,
2024/2/24 00:00,
2024/2/24 01:00,
2024/2/24 02:00,
2024/2/24 03:00,
2024/2/24 04:00,
2024/2/24 05:00,
2024/2/24 06:00,
2024/2/24 07:00,
2024/2/24 08:00,
2024/2/24 09:00,
2024/2/24 10:00,
2024/2/24 11:00,
2024/2/24 12:00,
2024/2/24 13:00,
2024/2/24 14:00,
2024/2/24 15:00,
2024/2/24 16:00,
2024/2/24 17:00,
2024/2/24 18:00,
2024/2/24 19:00,
2024/2/24 20:00,
2024/2/24 21:00,
2024/2/24 22:00,
2024/2/24 23:00,
2024/2/25 00:00,
2024/2/25 01:00,
2024/2/25 02:00,
2024/2/25 03:00,
2024/2/25 04:00,
2024/2/25 05:00,
2024/2/25 06:00,
2024/2/25 07:00,
2024/2/25 08:00,
2024/2/25 09:00,
2024/2/25 10:00,
2024/2/25 11:00,
2024/2/25 12:00,
2024/2/25 13:00,
2024/2/25 14:00,
2024/2/25 15:00,
2024/2/25 16:00,
2024/2/25 17:00,
2024/2/25 18:00,
2024/2/25 19:00,
2024/2/25 20:00,
2024/2/25 21:00,
2024/2/25 22:00,
2024/2/25 23:00,
2024/2/26 00:00,
2024/2/26 01:00,
2024/2/26 02:00,
2024/2/26 03:00,
2024/2/26 04:00,
2024/2/26 05:00,
2024/2/26 06:00,
2024/2/26 07:00,
2024/2/26 08:00,
2024/2/26 09:00,
2024/2/26 10:00,
2024/2/26 11:00,
2024/2/26 12:00,
2024/2/26 13:00,
2024/2/26 14:00,
2024/2/26 15:00,
2024/2/26 16:00,
2024/2/26 17:00,
2024/2/26 18:00,
2024/2/26 19:00,
2024/2/26 20:00,
2024/2/26 21:00,
2024/2/26 22:00,
2024/2/26 23:00,
2024/2/27 00:00,
2024/2/27 01:00,
2024/2/27 02:00,
2024/2/27 03:00,
2024/2/27 04:00,
2024/2/27 05:00,
2024/2/27 06:00,
2024/2/27 07:00,
2024/2/27 08:00,
2024/2/27 09:00,
2024/2/27 10:00,
2024/2/27 11:00,
2024/2/27 12:00,
2024/2/27 13:00,
2024/2/27 14:00,
2024/2/27 15:00,
2024/2/27 16:00,
2024/2/27 17:00,
2024/2/27 18:00,
2024/2/27 19:00,
2024/2/27 20:00,
2024/2/27 21:00,
2024/2/27 22:00,
2024/2/27 23:00,
2024/2/28 00:00,
2024/2/28 01:00,
2024/2/28 02:00,
2024/2/28 03:00,
2024/2/28 04:00,
2024/2/28 05:00,
2024/2/28 06:00,
2024/2/28 07:00,
2024/2/28 08:00,
2024/2/28 09:00,
2024/2/28 10:00,
2024/2/28 11:00,
2024/2/28 12:00,
2024/2/28 13:00,
2024/2/28 14:00,
2024/2/28 15:00,
2024/2/28 16:00,
2024/2/28 17:00,
2024/2/28 18:00,
2024/2/28 19:00,
2024/2/28 20:00,
2024/2/28 21:00,
2024/2/28 22:00,
2024/2/28 23:00,
2024/2/29 00:00,
2024/2/29 01:00,
2024/2/29 02:00,
2024/2/29 03:00,
2024/2/29 04:00,
2024/2/29 05:00,
2024/2/29 06:00,
2024/2/29 07:00,
2024/2/29 08:00,
2024/2/29 09:00,
2024/2/29 10:00,
2024/2/29 11:00,
2024/2/29 12:00,
2024/2/29 13:00,
2024/2/29 14:00,
2024/2/29 15:00,
2024/2/29 16:00,
2024/2/29 17:00,
2024/2/29 18:00,
2024/2/29 19:00,
2024/2/29 20:00,
2024/2/29 21:00,
2024/2/29 22:00,
2024/2/29 23:00,
2024/3/1 00:00,
2024/3/1 01:00,
2024/3/1 02:00,
2024/3/1 03:00,
2024/3/1 04:00,
2024/3/1 05:00,
2024/3/1 06:00,
2024/3/1 07:00,
2024/3/1 08:00,
2024/3/1 09:00,
2024/3/1 10:00,
2024/3/1 11:00,
2024/3/1 12:00,
2024/3/1 13:00,
2024/3/1 14:00,
2024/3/1 15:00,
2024/3/1 16:00,
2024/3/1 17:00,
2024/3/1 18:00,
2024/3/1 19:00,
2024/3/1 20:00,
2024/3/1 21:00,
2024/3/1 22:00,
2024/3/1 23:00,
2024/3/2 00:00,
2024/3/2 01:00,
2024/3/2 02:00,
2024/3/2 03:00,
2024/3/2 04:00,
2024/3/2 05:00,
2024/3/2 06:00,
2024/3/2 07:00,
2024/3/2 08:00,
2024/3/2 09:00,
2024/3/2 10:00,
2024/3/2 11:00,
2024/3/2 12:00,
2024/3/2 13:00,
2024/3/2 14:00,
2024/3/2 15:00,
2024/3/2 16:00,
2024/3/2 17:00,
2024/3/2 18:00,
2024/3/2 19:00,
2024/3/2 20:00,
2024/3/2 21:00,
2024/3/2 22:00,
2024/3/2 23:00,
2024/3/3 00:00,
2024/3/3 01:00,
2024/3/3 02:00,
2024/3/3 03:00,
2024/3/3 04:00,
2024/3/3 05:00,
2024/3/3 06:00,
2024/3/3 07:00,
2024/3/3 08:00,
2024/3/3 09:00,
2024/3/3 10:00,
2024/3/3 11:00,
2024/3/3 12:00,
2024/3/3 13:00,
2024/3/3 14:00,
2024/3/3 15:00,
2024/3/3 16:00,
2024/3/3 17:00,
2024/3/3 18:00,
2024/3/3 19:00,
2024/3/3 20:00,
2024/3/3 21:00,
2024/3/3 22:00,
2024/3/3 23:00,
2024/3/4 00:00,
2024/3/4 01:00,
2024/3/4 02:00,
2024/3/4 03:00,
2024/3/4 04:00,
2024/3/4 05:00,
2024/3/4 06:00,
2024/3/4 07:00,
2024/3/4 08:00,
2024/3/4 09:00,
2024/3/4 10:00,
2024/3/4 11:00,
2024/3/4 12:00,
2024/3/4 13:00,
2024/3/4 14:00,
2024/3/4 15:00,
2024/3/4 16:00,
2024/3/4 17:00,
2024/3/4 18:00,
2024/3/4 19:00,
2024/3/4 20:00,
2024/3/4 21:00,
2024/3/4 22:00,
2024/3/4 23:00,
2024/3/5 00:00,
2024/3/5 01:00,
2024/3/5 02:00,
2024/3/5 03:00,
2024/3/5 04:00,
2024/3/5 05:00,
2024/3/5 06:00,
2024/3/5 07:00,
2024/3/5 08:00,
2024/3/5 09:00,
2024/3/5 10:00,
2024/3/5 11:00,
2024/3/5 12:00,
2024/3/5 13:00,
2024/3/5 14:00,
2024/3/5 15:00,
2024/3/5 16:00,
2024/3/5 17:00,
2024/3/5 18:00,23014
2024/3/5 19:00,23037
2024/3/5 20:00,23060
2024/3/5 21:00,23083
2024/3/5 22:00,23105
2024/3/5 23:00,23113
2024/3/6 00:00,23116
2024/3/6 01:00,23119
2024/3/6 02:00,23121
2024/3/6 03:00,23124
2024/3/6 04:00,23127
2024/3/6 05:00,23129
2024/3/6 06:00,23132
2024/3/6 07:00,23135
2024/3/6 08:00,23139
2024/3/6 09:00,23152
2024/3/6 10:00,23172
2024/3/6 11:00,23189
2024/3/6 12:00,23206
2024/3/6 13:00,23216
2024/3/6 14:00,23226
2024/3/6 15:00,23242
2024/3/6 16:00,23256
2024/3/6 17:00,23270
2024/3/6 18:00,23285
2024/3/6 19:00,23295
2024/3/6 20:00,23306
2024/3/6 21:00,23320
2024/3/6 22:00,23333
2024/3/6 23:00,23337
2024/3/7 00:00,23340
2024/3/7 01:00,23344
2024/3/7 02:00,23347
2024/3/7 03:00,23350
2024/3/7 04:00,23353
2024/3/7 05:00,23357
2024/3/7 06:00,23360
2024/3/7 07:00,23363
2024/3/7 08:00,23370
2024/3/7 09:00,23385
2024/3/7 10:00,23401
2024/3/7 11:00,23416
2024/3/7 12:00,23429
2024/3/7 13:00,23438
2024/3/7 14:00,23446
2024/3/7 15:00,23458
2024/3/7 16:00,23470
2024/3/7 17:00,23482
2024/3/7 18:00,23501
2024/3/7 19:00,23517
2024/3/7 20:00,23539
2024/3/7 21:00,23559
2024/3/7 22:00,23579
2024/3/7 23:00,23585
2024/3/8 00:00,23588
2024/3/8 01:00,23590
2024/3/8 02:00,23593
2024/3/8 03:00,23596
2024/3/8 04:00,23599
2024/3/8 05:00,23601
2024/3/8 06:00,23604
2024/3/8 07:00,23607
2024/3/8 08:00,23611
2024/3/8 09:00,23617
2024/3/8 10:00,23626
2024/3/8 11:00,23637
2024/3/8 12:00,23648
2024/3/8 13:00,23661
2024/3/8 14:00,23677
2024/3/8 15:00,23696
2024/3/8 16:00,23715
2024/3/8 17:00,23734
2024/3/8 18:00,23753
2024/3/8 19:00,23770
2024/3/8 20:00,23788
2024/3/8 21:00,23806
2024/3/8 22:00,23824
2024/3/8 23:00,23829
2024/3/9 00:00,23832
2024/3/9 01:00,23835
2024/3/9 02:00,23838
2024/3/9 03:00,23840
2024/3/9 04:00,23843
2024/3/9 05:00,23846
2024/3/9 06:00,23848
2024/3/9 07:00,23852
2024/3/9 08:00,23855
2024/3/9 09:00,23861
2024/3/9 10:00,23869
2024/3/9 11:00,23878
2024/3/9 12:00,23887
2024/3/9 13:00,23895
2024/3/9 14:00,23904
2024/3/9 15:00,23914
2024/3/9 16:00,23925
2024/3/9 17:00,23935
2024/3/9 18:00,23945
2024/3/9 19:00,23954
2024/3/9 20:00,23964
2024/3/9 21:00,23976
2024/3/9 22:00,23988
2024/3/9 23:00,23992
2024/3/10 00:00,23995
2024/3/10 01:00,23997
2024/3/10 02:00,24000
2024/3/10 03:00,24005
2024/3/10 04:00,24010
2024/3/10 05:00,24015
2024/3/10 06:00,24019
2024/3/10 07:00,24025
2024/3/10 08:00,24027
2024/3/10 09:00,24032
2024/3/10 10:00,24038
2024/3/10 11:00,24046
2024/3/10 12:00,24056
2024/3/10 13:00,24069
2024/3/10 14:00,24081
2024/3/10 15:00,24094
2024/3/10 16:00,24111
2024/3/10 17:00,24127
2024/3/10 18:00,24143
2024/3/10 19:00,24159
2024/3/10 20:00,24175
2024/3/10 21:00,24188
2024/3/10 22:00,24203
2024/3/10 23:00,24210
2024/3/11 00:00,24213
2024/3/11 01:00,24216
2024/3/11 02:00,24218
2024/3/11 03:00,24221
2024/3/11 04:00,24223
2024/3/11 05:00,24226
2024/3/11 06:00,24229
2024/3/11 07:00,24232
2024/3/11 08:00,24237
2024/3/11 09:00,24248
2024/3/11 10:00,24261
2024/3/11 11:00,24276
2024/3/11 12:00,24291
2024/3/11 13:00,24302
2024/3/11 14:00,24313
2024/3/11 15:00,24326
2024/3/11 16:00,24339
2024/3/11 17:00,24353
2024/3/11 18:00,24368
2024/3/11 19:00,24376
2024/3/11 20:00,24387
2024/3/11 21:00,24397
2024/3/11 22:00,24407
2024/3/11 23:00,24411
2024/3/12 00:00,24414
2024/3/12 01:00,24417
2024/3/12 02:00,24419
2024/3/12 03:00,24422
2024/3/12 04:00,24425
2024/3/12 05:00,24428
2024/3/12 06:00,24430
2024/3/12 07:00,24433
2024/3/12 08:00,24439
2024/3/12 09:00,24453
2024/3/12 10:00,24469
2024/3/12 11:00,24484
2024/3/12 12:00,24499
2024/3/12 13:00,24507
2024/3/12 14:00,24515
2024/3/12 15:00,24525
2024/3/12 16:00,24535
2024/3/12 17:00,24547
2024/3/12 18:00,24561
2024/3/12 19:00,24573
2024/3/12 20:00,24587
2024/3/12 21:00,24600
2024/3/12 22:00,24613
2024/3/12 23:00,24617
2024/3/13 00:00,24620
2024/3/13 01:00,24622
2024/3/13 02:00,24625
2024/3/13 03:00,24628
2024/3/13 04:00,24631
2024/3/13 05:00,24633
2024/3/13 06:00,24636
2024/3/13 07:00,24639
2024/3/13 08:00,24644
2024/3/13 09:00,24657
2024/3/13 10:00,24671
2024/3/13 11:00,24685
2024/3/13 12:00,24699
2024/3/13 13:00,24707
2024/3/13 14:00,24717
2024/3/13 15:00,24731
2024/3/13 16:00,24744
2024/3/13 17:00,24758
2024/3/13 18:00,24772
2024/3/13 19:00,24781
2024/3/13 20:00,24792
2024/3/13 21:00,24802
2024/3/13 22:00,24812
2024/3/13 23:00,24816
2024/3/14 00:00,24819
2024/3/14 01:00,24822
2024/3/14 02:00,24825
2024/3/14 03:00,24827
2024/3/14 04:00,24830
2024/3/14 05:00,24833
2024/3/14 06:00,24836
2024/3/14 07:00,24839
2024/3/14 08:00,24845
2024/3/14 09:00,24857
2024/3/14 10:00,24871
2024/3/14 11:00,24883
2024/3/14 12:00,24895
2024/3/14 13:00,24905
2024/3/14 14:00,24915
2024/3/14 15:00,24928
2024/3/14 16:00,24942
2024/3/14 17:00,24956
2024/3/14 18:00,24969
2024/3/14 19:00,24979
2024/3/14 20:00,24990
2024/3/14 21:00,25001
2024/3/14 22:00,25011
2024/3/14 23:00,25015
2024/3/15 00:00,25018
2024/3/15 01:00,25021
2024/3/15 02:00,25024
2024/3/15 03:00,25026
2024/3/15 04:00,25029
2024/3/15 05:00,25032
2024/3/15 06:00,25034
2024/3/15 07:00,25037
2024/3/15 08:00,25042
2024/3/15 09:00,25050
2024/3/15 10:00,25060
2024/3/15 11:00,25071
2024/3/15 12:00,25083
2024/3/15 13:00,25091
2024/3/15 14:00,25100
2024/3/15 15:00,25113
2024/3/15 16:00,25127
2024/3/15 17:00,25139
2024/3/15 18:00,25152
2024/3/15 19:00,25160
2024/3/15 20:00,25169
2024/3/15 21:00,25178
2024/3/15 22:00,25187
2024/3/15 23:00,25191
2024/3/16 00:00,25195
2024/3/16 01:00,25198
2024/3/16 02:00,25201
2024/3/16 03:00,25204
2024/3/16 04:00,25207
2024/3/16 05:00,25210
2024/3/16 06:00,25213
2024/3/16 07:00,25217
2024/3/16 08:00,25223
2024/3/16 09:00,25233
2024/3/16 10:00,25246
2024/3/16 11:00,25261
2024/3/16 12:00,25273
2024/3/16 13:00,25283
2024/3/16 14:00,25293
2024/3/16 15:00,25304
2024/3/16 16:00,25314
2024/3/16 17:00,25324
2024/3/16 18:00,25334
2024/3/16 19:00,25344
2024/3/16 20:00,25353
2024/3/16 21:00,25363
2024/3/16 22:00,25372
2024/3/16 23:00,25375
2024/3/17 00:00,25378
2024/3/17 01:00,25381
2024/3/17 02:00,25384
2024/3/17 03:00,25386
2024/3/17 04:00,25389
2024/3/17 05:00,25392
2024/3/17 06:00,25394
2024/3/17 07:00,25397
2024/3/17 08:00,25401
2024/3/17 09:00,25409
2024/3/17 10:00,25419
2024/3/17 11:00,25430
2024/3/17 12:00,25441
2024/3/17 13:00,25452
2024/3/17 14:00,25464
2024/3/17 15:00,25477
2024/3/17 16:00,25491
2024/3/17 17:00,25507
2024/3/17 18:00,25523
2024/3/17 19:00,25539
2024/3/17 20:00,25554
2024/3/17 21:00,25570
2024/3/17 22:00,25585
2024/3/17 23:00,25589
2024/3/18 00:00,25592
2024/3/18 01:00,25594
2024/3/18 02:00,25597
2024/3/18 03:00,25600
2024/3/18 04:00,25603
2024/3/18 05:00,25605
2024/3/18 06:00,25608
2024/3/18 07:00,25611
2024/3/18 08:00,25616
2024/3/18 09:00,25626
2024/3/18 10:00,25636
2024/3/18 11:00,25647
2024/3/18 12:00,25657
2024/3/18 13:00,25667
2024/3/18 14:00,25677
2024/3/18 15:00,25689
2024/3/18 16:00,25701
2024/3/18 17:00,25714
2024/3/18 18:00,25727
2024/3/18 19:00,25736
2024/3/18 20:00,25747
2024/3/18 21:00,25757
2024/3/18 22:00,25767
2024/3/18 23:00,25771
2024/3/19 00:00,25774
2024/3/19 01:00,25776
2024/3/19 02:00,25779
2024/3/19 03:00,25782
2024/3/19 04:00,25784
2024/3/19 05:00,25787
2024/3/19 06:00,25790
2024/3/19 07:00,25793
2024/3/19 08:00,25798
2024/3/19 09:00,25811
2024/3/19 10:00,25825
2024/3/19 11:00,25839
2024/3/19 12:00,25853
2024/3/19 13:00,25862
2024/3/19 14:00,25871
2024/3/19 15:00,25881
2024/3/19 16:00,25891
2024/3/19 17:00,25903
2024/3/19 18:00,25914
2024/3/19 19:00,25923
2024/3/19 20:00,25933
2024/3/19 21:00,25943
2024/3/19 22:00,25953
2024/3/19 23:00,25957
2024/3/20 00:00,25960
2024/3/20 01:00,25962
2024/3/20 02:00,25965
2024/3/20 03:00,25967
2024/3/20 04:00,25970
2024/3/20 05:00,25973
2024/3/20 06:00,25975
2024/3/20 07:00,25978
2024/3/20 08:00,25984
2024/3/20 09:00,26001
2024/3/20 10:00,26017
2024/3/20 11:00,26032
2024/3/20 12:00,26046
2024/3/20 13:00,26055
2024/3/20 14:00,26063
2024/3/20 15:00,26076
2024/3/20 16:00,26090
2024/3/20 17:00,26104
2024/3/20 18:00,26119
2024/3/20 19:00,26129
2024/3/20 20:00,26141
2024/3/20 21:00,26152
2024/3/20 22:00,26162
2024/3/20 23:00,26166
2024/3/21 00:00,26169
2024/3/21 01:00,26172
2024/3/21 02:00,26175
2024/3/21 03:00,26177
2024/3/21 04:00,26180
2024/3/21 05:00,26182
2024/3/21 06:00,26185
2024/3/21 07:00,26188
2024/3/21 08:00,26193
2024/3/21 09:00,26207
2024/3/21 10:00,26220
2024/3/21 11:00,26232
2024/3/21 12:00,26243
2024/3/21 13:00,26250
2024/3/21 14:00,26256
2024/3/21 15:00,26267
2024/3/21 16:00,26278
2024/3/21 17:00,26288
2024/3/21 18:00,26299
2024/3/21 19:00,26308
2024/3/21 20:00,26317
2024/3/21 21:00,26327
2024/3/21 22:00,26336
2024/3/21 23:00,26340
2024/3/22 00:00,26343
2024/3/22 01:00,26346
2024/3/22 02:00,26349
2024/3/22 03:00,26352
2024/3/22 04:00,26355
2024/3/22 05:00,26358
2024/3/22 06:00,26361
2024/3/22 07:00,26364
2024/3/22 08:00,26369
2024/3/22 09:00,26376
2024/3/22 10:00,26385
2024/3/22 11:00,26396
2024/3/22 12:00,26406
2024/3/22 13:00,26416
2024/3/22 14:00,26425
2024/3/22 15:00,26437
2024/3/22 16:00,26449
2024/3/22 17:00,26460
2024/3/22 18:00,26471
2024/3/22 19:00,26480
2024/3/22 20:00,26490
2024/3/22 21:00,26500
2024/3/22 22:00,26509
2024/3/22 23:00,26513
2024/3/23 00:00,26516
2024/3/23 01:00,26518
2024/3/23 02:00,26521
2024/3/23 03:00,26523
2024/3/23 04:00,26526
2024/3/23 05:00,26529
2024/3/23 06:00,26531
2024/3/23 07:00,26534
2024/3/23 08:00,26538
2024/3/23 09:00,26543
2024/3/23 10:00,26549
2024/3/23 11:00,26557
2024/3/23 12:00,26566
2024/3/23 13:00,26574
2024/3/23 14:00,26584
2024/3/23 15:00,26595
2024/3/23 16:00,26606
2024/3/23 17:00,26616
2024/3/23 18:00,26626
2024/3/23 19:00,26637
2024/3/23 20:00,26647
2024/3/23 21:00,26656
2024/3/23 22:00,26664
2024/3/23 23:00,26668
2024/3/24 00:00,26670
2024/3/24 01:00,26673
2024/3/24 02:00,26676
2024/3/24 03:00,26678
2024/3/24 04:00,26681
2024/3/24 05:00,26683
2024/3/24 06:00,26686
2024/3/24 07:00,26688
2024/3/24 08:00,26692
2024/3/24 09:00,26696
2024/3/24 10:00,26703
2024/3/24 11:00,26712
2024/3/24 12:00,26722
2024/3/24 13:00,26732
2024/3/24 14:00,26742
2024/3/24 15:00,26752
2024/3/24 16:00,26763
2024/3/24 17:00,26772
2024/3/24 18:00,26781
2024/3/24 19:00,26792
2024/3/24 20:00,26803
2024/3/24 21:00,26816
2024/3/24 22:00,26827
2024/3/24 23:00,26831
2024/3/25 00:00,26834
2024/3/25 01:00,26836
2024/3/25 02:00,26839
2024/3/25 03:00,26842
2024/3/25 04:00,26844
2024/3/25 05:00,26847
2024/3/25 06:00,26850
2024/3/25 07:00,26853
2024/3/25 08:00,26859
2024/3/25 09:00,26868
2024/3/25 10:00,26878
2024/3/25 11:00,26890
2024/3/25 12:00,26901
2024/3/25 13:00,26909
2024/3/25 14:00,26918
2024/3/25 15:00,26928
2024/3/25 16:00,26940
2024/3/25 17:00,26953
2024/3/25 18:00,26965
2024/3/25 19:00,26974
2024/3/25 20:00,26984
2024/3/25 21:00,26995
2024/3/25 22:00,27004
2024/3/25 23:00,27009
2024/3/26 00:00,27011
2024/3/26 01:00,27014
2024/3/26 02:00,27016
2024/3/26 03:00,27019
2024/3/26 04:00,27022
2024/3/26 05:00,27025
2024/3/26 06:00,27027
2024/3/26 07:00,27030
2024/3/26 08:00,27035
2024/3/26 09:00,27048
2024/3/26 10:00,27063
2024/3/26 11:00,27078
2024/3/26 12:00,27090
2024/3/26 13:00,27099
2024/3/26 14:00,27108
2024/3/26 15:00,27118
2024/3/26 16:00,27127
2024/3/26 17:00,27138
2024/3/26 18:00,27149
2024/3/26 19:00,27158
2024/3/26 20:00,27168
2024/3/26 21:00,27178
2024/3/26 22:00,27188
2024/3/26 23:00,27193
2024/3/27 00:00,27196
2024/3/27 01:00,27198
2024/3/27 02:00,27201
2024/3/27 03:00,27204
2024/3/27 04:00,27207
2024/3/27 05:00,27209
2024/3/27 06:00,27212
2024/3/27 07:00,27215
2024/3/27 08:00,27221
2024/3/27 09:00,27235
2024/3/27 10:00,27250
2024/3/27 11:00,27265
2024/3/27 12:00,27279
2024/3/27 13:00,27287
2024/3/27 14:00,27295
2024/3/27 15:00,27307
2024/3/27 16:00,27320
2024/3/27 17:00,27334
2024/3/27 18:00,27347
2024/3/27 19:00,27357
2024/3/27 20:00,27368
2024/3/27 21:00,27379
2024/3/27 22:00,27388
2024/3/27 23:00,27392
2024/3/28 00:00,27395
2024/3/28 01:00,27398
2024/3/28 02:00,27401
2024/3/28 03:00,27404
2024/3/28 04:00,27406
2024/3/28 05:00,27409
2024/3/28 06:00,27412
2024/3/28 07:00,27415
2024/3/28 08:00,27420
2024/3/28 09:00,27430
2024/3/28 10:00,27441
2024/3/28 11:00,27449
2024/3/28 12:00,27458
2024/3/28 13:00,27466
2024/3/28 14:00,27475
2024/3/28 15:00,27486
2024/3/28 16:00,27497
2024/3/28 17:00,27509
2024/3/28 18:00,27522
2024/3/28 19:00,27533
2024/3/28 20:00,27545
2024/3/28 21:00,27557
2024/3/28 22:00,27565
2024/3/28 23:00,27568
2024/3/29 00:00,27571
2024/3/29 01:00,27574
2024/3/29 02:00,27576
2024/3/29 03:00,27579
2024/3/29 04:00,27581
2024/3/29 05:00,27584
2024/3/29 06:00,27587
2024/3/29 07:00,27589
2024/3/29 08:00,27593
2024/3/29 09:00,27599
2024/3/29 10:00,27606
2024/3/29 11:00,27618
2024/3/29 12:00,27631
2024/3/29 13:00,27639
2024/3/29 14:00,27648
2024/3/29 15:00,27661
2024/3/29 16:00,27675
2024/3/29 17:00,27686
2024/3/29 18:00,27696
2024/3/29 19:00,27706
2024/3/29 20:00,27715
2024/3/29 21:00,27724
2024/3/29 22:00,27733
2024/3/29 23:00,27736
2024/3/30 00:00,27739
2024/3/30 01:00,27741
2024/3/30 02:00,27744
2024/3/30 03:00,27747
2024/3/30 04:00,27749
2024/3/30 05:00,27752
2024/3/30 06:00,27754
2024/3/30 07:00,27757
2024/3/30 08:00,27761
2024/3/30 09:00,27767
2024/3/30 10:00,27775
2024/3/30 11:00,27784
2024/3/30 12:00,27792
2024/3/30 13:00,27801
2024/3/30 14:00,27810
2024/3/30 15:00,27820
2024/3/30 16:00,27830
2024/3/30 17:00,27839
2024/3/30 18:00,27848
2024/3/30 19:00,27856
2024/3/30 20:00,27864
2024/3/30 21:00,27871
2024/3/30 22:00,27878
2024/3/30 23:00,27881
2024/3/31 00:00,27884
2024/3/31 01:00,27887
2024/3/31 02:00,27889
2024/3/31 03:00,27892
2024/3/31 04:00,27894
2024/3/31 05:00,27897
2024/3/31 06:00,27899
2024/3/31 07:00,27902
2024/3/31 08:00,27905
2024/3/31 09:00,27910
2024/3/31 10:00,27918
2024/3/31 11:00,27926
2024/3/31 12:00,27935
2024/3/31 13:00,27943
2024/3/31 14:00,27952
2024/3/31 15:00,27961
2024/3/31 16:00,27970
2024/3/31 17:00,27979
2024/3/31 18:00,27988
2024/3/31 19:00,27997
2024/3/31 20:00,28006
2024/3/31 21:00,28014
2024/3/31 22:00,28023
2024/3/31 23:00,28026
2024/4/1 00:00,28029
2024/4/1 01:00,28031
2024/4/1 02:00,28034
2024/4/1 03:00,28037
2024/4/1 04:00,28039
2024/4/1 05:00,28042
2024/4/1 06:00,28044
2024/4/1 07:00,28047
2024/4/1 08:00,28050
2024/4/1 09:00,28057
2024/4/1 10:00,28065
2024/4/1 11:00,28076
2024/4/1 12:00,28087
2024/4/1 13:00,28095
2024/4/1 14:00,28102
2024/4/1 15:00,28112
2024/4/1 16:00,28122
2024/4/1 17:00,28135
2024/4/1 18:00,28148
2024/4/1 19:00,28157
2024/4/1 20:00,28167
2024/4/1 21:00,28177
2024/4/1 22:00,28186
2024/4/1 23:00,28190
2024/4/2 00:00,28193
2024/4/2 01:00,28195
2024/4/2 02:00,28198
2024/4/2 03:00,28200
2024/4/2 04:00,28203
2024/4/2 05:00,28205
2024/4/2 06:00,28208
2024/4/2 07:00,28211
2024/4/2 08:00,28215
2024/4/2 09:00,28226
2024/4/2 10:00,28239
2024/4/2 11:00,28253
2024/4/2 12:00,28267
2024/4/2 13:00,28276
2024/4/2 14:00,28284
2024/4/2 15:00,28293
2024/4/2 16:00,28303
2024/4/2 17:00,28314
2024/4/2 18:00,28326
2024/4/2 19:00,28336
2024/4/2 20:00,28347
2024/4/2 21:00,28358
2024/4/2 22:00,28367
2024/4/2 23:00,28371
2024/4/3 00:00,28374
2024/4/3 01:00,28376
2024/4/3 02:00,28379
2024/4/3 03:00,28382
2024/4/3 04:00,28384
2024/4/3 05:00,28387
2024/4/3 06:00,28389
2024/4/3 07:00,28392
2024/4/3 08:00,28398
2024/4/3 09:00,28412
2024/4/3 10:00,28427
2024/4/3 11:00,28440
2024/4/3 12:00,28452
2024/4/3 13:00,28462
2024/4/3 14:00,28471
2024/4/3 15:00,28483
2024/4/3 16:00,28495
2024/4/3 17:00,28506
2024/4/3 18:00,28518
2024/4/3 19:00,28528
2024/4/3 20:00,28538
2024/4/3 21:00,28548
2024/4/3 22:00,28557
2024/4/3 23:00,28561
2024/4/4 00:00,28564
2024/4/4 01:00,28567
2024/4/4 02:00,28569
2024/4/4 03:00,28572
2024/4/4 04:00,28575
2024/4/4 05:00,28578
2024/4/4 06:00,28580
2024/4/4 07:00,28584
2024/4/4 08:00,28589
2024/4/4 09:00,28595
2024/4/4 10:00,28602
2024/4/4 11:00,28609
2024/4/4 12:00,28617
2024/4/4 13:00,28625
2024/4/4 14:00,28633
2024/4/4 15:00,28643
2024/4/4 16:00,28653
2024/4/4 17:00,28664
2024/4/4 18:00,28676
2024/4/4 19:00,28686
2024/4/4 20:00,28695
2024/4/4 21:00,28706
2024/4/4 22:00,28716
2024/4/4 23:00,28720
2024/4/5 00:00,28722
2024/4/5 01:00,28725
2024/4/5 02:00,28728
2024/4/5 03:00,28730
2024/4/5 04:00,28733
2024/4/5 05:00,28736
2024/4/5 06:00,28738
2024/4/5 07:00,28741
2024/4/5 08:00,28744
2024/4/5 09:00,28749
2024/4/5 10:00,28758
2024/4/5 11:00,28767
2024/4/5 12:00,28776
2024/4/5 13:00,28785
2024/4/5 14:00,28794
2024/4/5 15:00,28803
2024/4/5 16:00,28813
2024/4/5 17:00,28823
2024/4/5 18:00,28832
2024/4/5 19:00,28840
2024/4/5 20:00,28848
2024/4/5 21:00,28856
2024/4/5 22:00,28864
2024/4/5 23:00,28868
2024/4/6 00:00,28870
2024/4/6 01:00,28873
2024/4/6 02:00,28876
2024/4/6 03:00,28879
2024/4/6 04:00,28881
2024/4/6 05:00,28884
2024/4/6 06:00,28887
2024/4/6 07:00,28889
2024/4/6 08:00,28893
2024/4/6 09:00,28898
2024/4/6 10:00,28906
2024/4/6 11:00,28915
2024/4/6 12:00,28924
2024/4/6 13:00,28932
2024/4/6 14:00,28941
2024/4/6 15:00,28951
2024/4/6 16:00,28960
2024/4/6 17:00,28970
2024/4/6 18:00,28979
2024/4/6 19:00,28988
2024/4/6 20:00,28996
2024/4/6 21:00,29005
2024/4/6 22:00,29014
2024/4/6 23:00,29018
2024/4/7 00:00,29020
2024/4/7 01:00,29023
2024/4/7 02:00,29026
2024/4/7 03:00,29028
2024/4/7 04:00,29031
2024/4/7 05:00,29034
2024/4/7 06:00,29036
2024/4/7 07:00,29039
2024/4/7 08:00,29043
2024/4/7 09:00,29051
2024/4/7 10:00,29061
2024/4/7 11:00,29072
2024/4/7 12:00,29083
2024/4/7 13:00,29090
2024/4/7 14:00,29098
2024/4/7 15:00,29106
2024/4/7 16:00,29114
2024/4/7 17:00,29124
2024/4/7 18:00,29134
2024/4/7 19:00,29142
2024/4/7 20:00,29151
2024/4/7 21:00,29161
2024/4/7 22:00,29170
2024/4/7 23:00,29174
2024/4/8 00:00,29176
2024/4/8 01:00,29179
2024/4/8 02:00,29181
2024/4/8 03:00,29184
2024/4/8 04:00,29187
2024/4/8 05:00,29189
2024/4/8 06:00,29192
2024/4/8 07:00,29195
2024/4/8 08:00,29198
2024/4/8 09:00,29204
2024/4/8 10:00,29213
2024/4/8 11:00,29224
2024/4/8 12:00,29235
2024/4/8 13:00,29243
2024/4/8 14:00,29251
2024/4/8 15:00,29260
2024/4/8 16:00,29270
2024/4/8 17:00,29285
2024/4/8 18:00,29298
2024/4/8 19:00,29307
2024/4/8 20:00,29317
2024/4/8 21:00,29329
2024/4/8 22:00,29339
2024/4/8 23:00,29343
2024/4/9 00:00,29346
2024/4/9 01:00,29349
2024/4/9 02:00,29352
2024/4/9 03:00,29354
2024/4/9 04:00,29357
2024/4/9 05:00,29360
2024/4/9 06:00,29363
2024/4/9 07:00,29366
2024/4/9 08:00,29370
2024/4/9 09:00,29382
2024/4/9 10:00,29395
2024/4/9 11:00,29410
2024/4/9 12:00,29425
2024/4/9 13:00,29434
2024/4/9 14:00,29442
2024/4/9 15:00,29450
2024/4/9 16:00,29461
2024/4/9 17:00,29474
2024/4/9 18:00,29485
2024/4/9 19:00,29496
2024/4/9 20:00,29510
2024/4/9 21:00,29522
2024/4/9 22:00,29533
2024/4/9 23:00,29537
2024/4/10 00:00,29539
2024/4/10 01:00,29542
2024/4/10 02:00,29544
2024/4/10 03:00,29547
2024/4/10 04:00,29550
2024/4/10 05:00,29552
2024/4/10 06:00,29555
2024/4/10 07:00,29558
2024/4/10 08:00,29562
2024/4/10 09:00,29575
2024/4/10 10:00,29588
2024/4/10 11:00,29600
2024/4/10 12:00,29612
2024/4/10 13:00,29620
2024/4/10 14:00,29629
2024/4/10 15:00,29640
2024/4/10 16:00,29652
2024/4/10 17:00,29667
2024/4/10 18:00,29681
2024/4/10 19:00,29691
2024/4/10 20:00,29702
2024/4/10 21:00,29712
2024/4/10 22:00,29722
2024/4/10 23:00,29725
2024/4/11 00:00,29728
2024/4/11 01:00,29731
2024/4/11 02:00,29733
2024/4/11 03:00,29736
2024/4/11 04:00,29739
2024/4/11 05:00,29742
2024/4/11 06:00,29744
2024/4/11 07:00,29746
2024/4/11 08:00,29753
2024/4/11 09:00,29768
2024/4/11 10:00,29782
2024/4/11 11:00,29794
2024/4/11 12:00,29807
2024/4/11 13:00,29815
2024/4/11 14:00,29823
2024/4/11 15:00,29834
2024/4/11 16:00,29846
2024/4/11 17:00,29859
2024/4/11 18:00,29872
2024/4/11 19:00,29882
2024/4/11 20:00,29892
2024/4/11 21:00,29903
2024/4/11 22:00,29913
2024/4/11 23:00,29918
2024/4/12 00:00,29920
2024/4/12 01:00,29923
2024/4/12 02:00,29926
2024/4/12 03:00,29929
2024/4/12 04:00,29931
2024/4/12 05:00,29934
2024/4/12 06:00,29937
2024/4/12 07:00,29940
2024/4/12 08:00,29944
2024/4/12 09:00,29952
2024/4/12 10:00,29961
2024/4/12 11:00,29973
2024/4/12 12:00,29984
2024/4/12 13:00,29993
2024/4/12 14:00,30001
2024/4/12 15:00,30017
2024/4/12 16:00,30033
2024/4/12 17:00,30049
2024/4/12 18:00,30063
2024/4/12 19:00,30071
2024/4/12 20:00,30080
2024/4/12 21:00,30090
2024/4/12 22:00,30099
2024/4/12 23:00,30103
2024/4/13 00:00,30106
2024/4/13 01:00,30108
2024/4/13 02:00,30111
2024/4/13 03:00,30114
2024/4/13 04:00,30117
2024/4/13 05:00,30119
2024/4/13 06:00,30122
2024/4/13 07:00,30126
2024/4/13 08:00,30129
2024/4/13 09:00,30134
2024/4/13 10:00,30142
2024/4/13 11:00,30152
2024/4/13 12:00,30164
2024/4/13 13:00,30176
2024/4/13 14:00,30185
2024/4/13 15:00,30197
2024/4/13 16:00,30208
2024/4/13 17:00,30219
2024/4/13 18:00,30230
2024/4/13 19:00,30241
2024/4/13 20:00,30251
2024/4/13 21:00,30260
2024/4/13 22:00,30269
2024/4/13 23:00,30273
2024/4/14 00:00,30277
2024/4/14 01:00,30280
2024/4/14 02:00,30283
2024/4/14 03:00,30286
2024/4/14 04:00,30288
2024/4/14 05:00,30291
2024/4/14 06:00,30294
2024/4/14 07:00,30297
2024/4/14 08:00,30301
2024/4/14 09:00,30307
2024/4/14 10:00,30317
2024/4/14 11:00,30328
2024/4/14 12:00,30339
2024/4/14 13:00,30350
2024/4/14 14:00,30360
2024/4/14 15:00,30370
2024/4/14 16:00,30382
2024/4/14 17:00,30394
2024/4/14 18:00,30406
2024/4/14 19:00,30418
2024/4/14 20:00,30431
2024/4/14 21:00,30443
2024/4/14 22:00,30452
2024/4/14 23:00,30457
2024/4/15 00:00,30459
2024/4/15 01:00,30462
2024/4/15 02:00,30465
2024/4/15 03:00,30467
2024/4/15 04:00,30470
2024/4/15 05:00,30473
2024/4/15 06:00,30475
2024/4/15 07:00,30478
2024/4/15 08:00,30482
2024/4/15 09:00,30490
2024/4/15 10:00,30498
2024/4/15 11:00,30508
2024/4/15 12:00,30517
2024/4/15 13:00,30524
2024/4/15 14:00,30531
2024/4/15 15:00,30542
2024/4/15 16:00,30552
2024/4/15 17:00,30565
2024/4/15 18:00,30578
2024/4/15 19:00,30588
2024/4/15 20:00,30599
2024/4/15 21:00,30611
2024/4/15 22:00,30621
2024/4/15 23:00,30624
2024/4/16 00:00,30627
2024/4/16 01:00,30630
2024/4/16 02:00,30632
2024/4/16 03:00,30635
2024/4/16 04:00,30638
2024/4/16 05:00,30641
2024/4/16 06:00,30644
2024/4/16 07:00,30646
2024/4/16 08:00,30651
2024/4/16 09:00,30663
2024/4/16 10:00,30676
2024/4/16 11:00,30691
2024/4/16 12:00,30705
2024/4/16 13:00,30713
2024/4/16 14:00,30720
2024/4/16 15:00,30728
2024/4/16 16:00,30737
2024/4/16 17:00,30751
2024/4/16 18:00,30764
2024/4/16 19:00,30775
2024/4/16 20:00,30788
2024/4/16 21:00,30800
2024/4/16 22:00,30811
2024/4/16 23:00,30815
2024/4/17 00:00,30818
2024/4/17 01:00,30820
2024/4/17 02:00,30823
2024/4/17 03:00,30826
2024/4/17 04:00,30830
2024/4/17 05:00,30832
2024/4/17 06:00,30835
2024/4/17 07:00,30838
2024/4/17 08:00,30842
2024/4/17 09:00,30853
2024/4/17 10:00,30864
2024/4/17 11:00,30879
2024/4/17 12:00,30894
2024/4/17 13:00,30904
2024/4/17 14:00,30914
2024/4/17 15:00,30930
2024/4/17 16:00,30945
2024/4/17 17:00,30959
2024/4/17 18:00,30974
2024/4/17 19:00,30986
2024/4/17 20:00,30997
2024/4/17 21:00,31008
2024/4/17 22:00,31018
2024/4/17 23:00,31022
2024/4/18 00:00,31025
2024/4/18 01:00,31028
2024/4/18 02:00,31030
2024/4/18 03:00,31033
2024/4/18 04:00,31036
2024/4/18 05:00,31038
2024/4/18 06:00,31041
2024/4/18 07:00,31044
2024/4/18 08:00,31049
2024/4/18 09:00,31062
2024/4/18 10:00,31076
2024/4/18 11:00,31093
2024/4/18 12:00,31110
2024/4/18 13:00,31121
2024/4/18 14:00,31134
2024/4/18 15:00,31157
2024/4/18 16:00,31178
2024/4/18 17:00,31201
2024/4/18 18:00,31221
2024/4/18 19:00,31236
2024/4/18 20:00,31250
2024/4/18 21:00,31264
2024/4/18 22:00,31274
2024/4/18 23:00,31278
2024/4/19 00:00,31281
2024/4/19 01:00,31284
2024/4/19 02:00,31287
2024/4/19 03:00,31290
2024/4/19 04:00,31293
2024/4/19 05:00,31296
2024/4/19 06:00,31299
2024/4/19 07:00,31301
2024/4/19 08:00,31305
2024/4/19 09:00,31317
2024/4/19 10:00,31329
2024/4/19 11:00,31341
2024/4/19 12:00,31353
2024/4/19 13:00,31362
2024/4/19 14:00,31372
2024/4/19 15:00,31386
2024/4/19 16:00,31401
2024/4/19 17:00,31416
2024/4/19 18:00,31431
2024/4/19 19:00,31443
2024/4/19 20:00,31456
2024/4/19 21:00,31469
2024/4/19 22:00,31479
2024/4/19 23:00,31483
2024/4/20 00:00,31485
2024/4/20 01:00,31488
2024/4/20 02:00,31490
2024/4/20 03:00,31493
2024/4/20 04:00,31496
2024/4/20 05:00,31498
2024/4/20 06:00,31501
2024/4/20 07:00,31504
2024/4/20 08:00,31507
2024/4/20 09:00,31514
2024/4/20 10:00,31524
2024/4/20 11:00,31535
2024/4/20 12:00,31547
2024/4/20 13:00,31556
2024/4/20 14:00,31567
2024/4/20 15:00,31580
2024/4/20 16:00,31593
2024/4/20 17:00,31605
2024/4/20 18:00,31617
2024/4/20 19:00,31628
2024/4/20 20:00,31640
2024/4/20 21:00,31650
2024/4/20 22:00,31660
2024/4/20 23:00,31667
2024/4/21 00:00,31669
2024/4/21 01:00,31672
2024/4/21 02:00,31675
2024/4/21 03:00,31677
2024/4/21 04:00,31680
2024/4/21 05:00,31683
2024/4/21 06:00,31685
2024/4/21 07:00,31688
2024/4/21 08:00,31692
2024/4/21 09:00,31700
2024/4/21 10:00,31710
2024/4/21 11:00,31721
2024/4/21 12:00,31733
2024/4/21 13:00,31744
2024/4/21 14:00,31754
2024/4/21 15:00,31764
2024/4/21 16:00,31775
2024/4/21 17:00,31785
2024/4/21 18:00,31795
2024/4/21 19:00,31805
2024/4/21 20:00,31815
2024/4/21 21:00,31825
2024/4/21 22:00,31835
2024/4/21 23:00,31838
2024/4/22 00:00,31841
2024/4/22 01:00,31843
2024/4/22 02:00,31846
2024/4/22 03:00,31849
2024/4/22 04:00,31851
2024/4/22 05:00,31854
2024/4/22 06:00,31856
2024/4/22 07:00,31859
2024/4/22 08:00,31865
2024/4/22 09:00,31873
2024/4/22 10:00,31882
2024/4/22 11:00,31894
2024/4/22 12:00,31906
2024/4/22 13:00,31914
2024/4/22 14:00,31923
2024/4/22 15:00,31934
2024/4/22 16:00,31948
2024/4/22 17:00,31967
2024/4/22 18:00,31984
2024/4/22 19:00,31994
2024/4/22 20:00,32007
2024/4/22 21:00,32018
2024/4/22 22:00,32029
2024/4/22 23:00,32032
2024/4/23 00:00,32035
2024/4/23 01:00,32038
2024/4/23 02:00,32040
2024/4/23 03:00,32043
2024/4/23 04:00,32045
2024/4/23 05:00,32048
2024/4/23 06:00,32051
2024/4/23 07:00,32053
2024/4/23 08:00,32059
2024/4/23 09:00,32072
2024/4/23 10:00,32087
2024/4/23 11:00,32100
2024/4/23 12:00,32114
2024/4/23 13:00,32125
2024/4/23 14:00,32134
2024/4/23 15:00,32143
2024/4/23 16:00,32154
2024/4/23 17:00,32167
2024/4/23 18:00,32180
2024/4/23 19:00,32191
2024/4/23 20:00,32203
2024/4/23 21:00,32214
2024/4/23 22:00,32223
2024/4/23 23:00,32228
2024/4/24 00:00,32230
2024/4/24 01:00,32233
2024/4/24 02:00,32235
2024/4/24 03:00,32238
2024/4/24 04:00,32241
2024/4/24 05:00,32243
2024/4/24 06:00,32246
2024/4/24 07:00,32249
2024/4/24 08:00,32253
2024/4/24 09:00,32262
2024/4/24 10:00,32272
2024/4/24 11:00,32285
2024/4/24 12:00,32297
2024/4/24 13:00,32305
2024/4/24 14:00,32314
2024/4/24 15:00,32327
2024/4/24 16:00,32341
2024/4/24 17:00,32352
2024/4/24 18:00,32364
2024/4/24 19:00,32373
2024/4/24 20:00,32383
2024/4/24 21:00,32394
2024/4/24 22:00,32404
2024/4/24 23:00,32408
2024/4/25 00:00,32411
2024/4/25 01:00,32414
2024/4/25 02:00,32416
2024/4/25 03:00,32419
2024/4/25 04:00,32422
2024/4/25 05:00,32424
2024/4/25 06:00,32427
2024/4/25 07:00,32430
2024/4/25 08:00,32434
2024/4/25 09:00,32441
2024/4/25 10:00,32448
2024/4/25 11:00,32459
2024/4/25 12:00,32471
2024/4/25 13:00,32483
2024/4/25 14:00,32496
2024/4/25 15:00,32518
2024/4/25 16:00,32538
2024/4/25 17:00,32556
2024/4/25 18:00,32572
2024/4/25 19:00,32586
2024/4/25 20:00,32601
2024/4/25 21:00,32615
2024/4/25 22:00,32627
2024/4/25 23:00,32630
2024/4/26 00:00,32633
2024/4/26 01:00,32636
2024/4/26 02:00,32638
2024/4/26 03:00,32641
2024/4/26 04:00,32644
2024/4/26 05:00,32646
2024/4/26 06:00,32649
2024/4/26 07:00,32652
2024/4/26 08:00,32656
2024/4/26 09:00,32663
2024/4/26 10:00,32671
2024/4/26 11:00,32681
2024/4/26 12:00,32694
2024/4/26 13:00,32707
2024/4/26 14:00,32724
2024/4/26 15:00,32741
2024/4/26 16:00,32758
2024/4/26 17:00,32779
2024/4/26 18:00,32797
2024/4/26 19:00,32812
2024/4/26 20:00,32826
2024/4/26 21:00,32839
2024/4/26 22:00,32850
2024/4/26 23:00,32854
2024/4/27 00:00,32857
2024/4/27 01:00,32860
2024/4/27 02:00,32862
2024/4/27 03:00,32865
2024/4/27 04:00,32867
2024/4/27 05:00,32870
2024/4/27 06:00,32873
2024/4/27 07:00,32875
2024/4/27 08:00,32879
2024/4/27 09:00,32886
2024/4/27 10:00,32900
2024/4/27 11:00,32916
2024/4/27 12:00,32931
2024/4/27 13:00,32947
2024/4/27 14:00,32967
2024/4/27 15:00,32989
2024/4/27 16:00,33008
2024/4/27 17:00,33026
2024/4/27 18:00,33044
2024/4/27 19:00,33061
2024/4/27 20:00,33078
2024/4/27 21:00,33094
2024/4/27 22:00,33107
2024/4/27 23:00,33111
2024/4/28 00:00,33114
2024/4/28 01:00,33116
2024/4/28 02:00,33119
2024/4/28 03:00,33121
2024/4/28 04:00,33124
2024/4/28 05:00,33126
2024/4/28 06:00,33129
2024/4/28 07:00,33132
2024/4/28 08:00,33136
2024/4/28 09:00,33144
2024/4/28 10:00,33156
2024/4/28 11:00,33167
2024/4/28 12:00,33180
2024/4/28 13:00,33192
2024/4/28 14:00,33208
2024/4/28 15:00,33230
2024/4/28 16:00,33256
2024/4/28 17:00,33283
2024/4/28 18:00,33308
2024/4/28 19:00,33330
2024/4/28 20:00,33352
2024/4/28 21:00,33372
2024/4/28 22:00,33388
2024/4/28 23:00,33393
2024/4/29 00:00,33395
2024/4/29 01:00,33398
2024/4/29 02:00,33400
2024/4/29 03:00,33403
2024/4/29 04:00,33406
2024/4/29 05:00,33408
2024/4/29 06:00,33411
2024/4/29 07:00,33413
2024/4/29 08:00,33417
2024/4/29 09:00,33428
2024/4/29 10:00,33441
2024/4/29 11:00,33453
2024/4/29 12:00,33465
2024/4/29 13:00,33472
2024/4/29 14:00,33481
2024/4/29 15:00,33492
2024/4/29 16:00,33504
2024/4/29 17:00,33516
2024/4/29 18:00,33527
2024/4/29 19:00,33534
2024/4/29 20:00,33544
2024/4/29 21:00,33554
2024/4/29 22:00,33563
2024/4/29 23:00,33566
2024/4/30 00:00,33569
2024/4/30 01:00,33573
2024/4/30 02:00,33576
2024/4/30 03:00,33579
2024/4/30 04:00,33581
2024/4/30 05:00,33584
2024/4/30 06:00,33587
2024/4/30 07:00,33590
2024/4/30 08:00,33594
2024/4/30 09:00,33605
2024/4/30 10:00,33615
2024/4/30 11:00,33626
2024/4/30 12:00,33638
2024/4/30 13:00,
2024/4/30 14:00,33654
2024/4/30 15:00,33663
2024/4/30 16:00,33673
2024/4/30 17:00,33685
2024/4/30 18:00,33696
2024/4/30 19:00,33705
2024/4/30 20:00,33713
2024/4/30 21:00,33721
2024/4/30 22:00,33729
2024/4/30 23:00,33732
2024/5/1 00:00,33735
2024/5/1 01:00,33737
2024/5/1 02:00,33739
2024/5/1 03:00,33742
2024/5/1 04:00,33744
2024/5/1 05:00,33747
2024/5/1 06:00,33749
2024/5/1 07:00,33751
2024/5/1 08:00,33755
2024/5/1 09:00,33762
2024/5/1 10:00,33768
2024/5/1 11:00,33775
2024/5/1 12:00,33781
2024/5/1 13:00,33787
2024/5/1 14:00,33794
2024/5/1 15:00,33800
2024/5/1 16:00,33807
2024/5/1 17:00,33814
2024/5/1 18:00,33821
2024/5/1 19:00,33828
2024/5/1 20:00,33836
2024/5/1 21:00,33845
2024/5/1 22:00,33853
2024/5/1 23:00,33859
2024/5/2 00:00,33862
2024/5/2 01:00,33864
2024/5/2 02:00,33867
2024/5/2 03:00,33869
2024/5/2 04:00,33872
2024/5/2 05:00,33874
2024/5/2 06:00,33876
2024/5/2 07:00,33880
2024/5/2 08:00,33883
2024/5/2 09:00,33887
2024/5/2 10:00,33893
2024/5/2 11:00,33899
2024/5/2 12:00,33906
2024/5/2 13:00,33913
2024/5/2 14:00,33920
2024/5/2 15:00,33928
2024/5/2 16:00,33936
2024/5/2 17:00,33944
2024/5/2 18:00,33952
2024/5/2 19:00,33960
2024/5/2 20:00,33968
2024/5/2 21:00,33977
2024/5/2 22:00,33985
2024/5/2 23:00,33988
2024/5/3 00:00,33991
2024/5/3 01:00,33994
2024/5/3 02:00,33997
2024/5/3 03:00,33999
2024/5/3 04:00,34002
2024/5/3 05:00,34004
2024/5/3 06:00,34007
2024/5/3 07:00,34009
2024/5/3 08:00,34012
2024/5/3 09:00,34017
2024/5/3 10:00,34023
2024/5/3 11:00,34032
2024/5/3 12:00,34039
2024/5/3 13:00,34046
2024/5/3 14:00,34055
2024/5/3 15:00,34064
2024/5/3 16:00,34073
2024/5/3 17:00,34082
2024/5/3 18:00,34091
2024/5/3 19:00,34099
2024/5/3 20:00,34107
2024/5/3 21:00,34116
2024/5/3 22:00,34124
2024/5/3 23:00,34127
2024/5/4 00:00,34130
2024/5/4 01:00,34133
2024/5/4 02:00,34136
2024/5/4 03:00,34138
2024/5/4 04:00,34141
2024/5/4 05:00,34144
2024/5/4 06:00,34147
2024/5/4 07:00,34149
2024/5/4 08:00,34152
2024/5/4 09:00,34156
2024/5/4 10:00,34162
2024/5/4 11:00,34169
2024/5/4 12:00,34176
2024/5/4 13:00,34183
2024/5/4 14:00,34192
2024/5/4 15:00,34202
2024/5/4 16:00,34211
2024/5/4 17:00,34224
2024/5/4 18:00,34237
2024/5/4 19:00,34249
2024/5/4 20:00,34262
2024/5/4 21:00,34272
2024/5/4 22:00,34280
2024/5/4 23:00,34284
2024/5/5 00:00,34287
2024/5/5 01:00,34289
2024/5/5 02:00,34292
2024/5/5 03:00,34295
2024/5/5 04:00,34298
2024/5/5 05:00,34300
2024/5/5 06:00,34303
2024/5/5 07:00,34306
2024/5/5 08:00,34308
2024/5/5 09:00,34312
2024/5/5 10:00,34320
2024/5/5 11:00,34330
2024/5/5 12:00,34340
2024/5/5 13:00,34349
2024/5/5 14:00,34358
2024/5/5 15:00,34367
2024/5/5 16:00,34376
2024/5/5 17:00,34385
2024/5/5 18:00,34395
2024/5/5 19:00,34404
2024/5/5 20:00,34413
2024/5/5 21:00,34422
2024/5/5 22:00,34431
2024/5/5 23:00,34435
2024/5/6 00:00,34437
2024/5/6 01:00,34440
2024/5/6 02:00,34442
2024/5/6 03:00,34445
2024/5/6 04:00,34448
2024/5/6 05:00,34450
2024/5/6 06:00,34453
2024/5/6 07:00,34456
2024/5/6 08:00,34460
2024/5/6 09:00,34467
2024/5/6 10:00,34477
2024/5/6 11:00,34489
2024/5/6 12:00,34500
2024/5/6 13:00,34508
2024/5/6 14:00,34518
2024/5/6 15:00,34531
2024/5/6 16:00,34543
2024/5/6 17:00,34556
2024/5/6 18:00,34570
2024/5/6 19:00,34581
2024/5/6 20:00,34590
2024/5/6 21:00,34601
2024/5/6 22:00,34612
2024/5/6 23:00,34616
2024/5/7 00:00,34618
2024/5/7 01:00,34621
2024/5/7 02:00,34624
2024/5/7 03:00,34626
2024/5/7 04:00,34629
2024/5/7 05:00,34631
2024/5/7 06:00,34634
2024/5/7 07:00,34637
2024/5/7 08:00,34641
2024/5/7 09:00,34652
2024/5/7 10:00,34663
2024/5/7 11:00,34677
2024/5/7 12:00,34690
2024/5/7 13:00,34700
2024/5/7 14:00,34711
2024/5/7 15:00,34724
2024/5/7 16:00,34738
2024/5/7 17:00,34758
2024/5/7 18:00,34779
2024/5/7 19:00,34796
2024/5/7 20:00,34809
2024/5/7 21:00,34822
2024/5/7 22:00,34832
2024/5/7 23:00,34837
2024/5/8 00:00,34839
2024/5/8 01:00,34842
2024/5/8 02:00,34845
2024/5/8 03:00,34848
2024/5/8 04:00,34851
2024/5/8 05:00,34854
2024/5/8 06:00,34856
2024/5/8 07:00,34860
2024/5/8 08:00,34865
2024/5/8 09:00,34875
2024/5/8 10:00,34888
2024/5/8 11:00,34902
2024/5/8 12:00,34915
2024/5/8 13:00,34925
2024/5/8 14:00,34938
2024/5/8 15:00,34959
2024/5/8 16:00,34982
2024/5/8 17:00,35007
2024/5/8 18:00,35026
2024/5/8 19:00,35040
2024/5/8 20:00,35054
2024/5/8 21:00,35066
2024/5/8 22:00,35077
2024/5/8 23:00,35084
2024/5/9 00:00,35086
2024/5/9 01:00,35089
2024/5/9 02:00,35091
2024/5/9 03:00,35094
2024/5/9 04:00,35097
2024/5/9 05:00,35099
2024/5/9 06:00,35102
2024/5/9 07:00,35105
2024/5/9 08:00,35110
2024/5/9 09:00,35120
2024/5/9 10:00,35131
2024/5/9 11:00,35145
2024/5/9 12:00,35160
2024/5/9 13:00,35171
2024/5/9 14:00,35183
2024/5/9 15:00,35206
2024/5/9 16:00,35235
2024/5/9 17:00,35257
2024/5/9 18:00,35277
2024/5/9 19:00,35294
2024/5/9 20:00,35308
2024/5/9 21:00,35322
2024/5/9 22:00,35334
2024/5/9 23:00,35339
2024/5/10 00:00,35341
2024/5/10 01:00,35344
2024/5/10 02:00,35346
2024/5/10 03:00,35349
2024/5/10 04:00,35352
2024/5/10 05:00,35354
2024/5/10 06:00,35357
2024/5/10 07:00,35360
2024/5/10 08:00,35366
2024/5/10 09:00,35376
2024/5/10 10:00,35391
2024/5/10 11:00,35415
2024/5/10 12:00,35437
2024/5/10 13:00,35449
2024/5/10 14:00,35463
2024/5/10 15:00,35483
2024/5/10 16:00,35505
2024/5/10 17:00,35531
2024/5/10 18:00,35556
2024/5/10 19:00,35577
2024/5/10 20:00,35593
2024/5/10 21:00,35605
2024/5/10 22:00,35614
2024/5/10 23:00,35621
2024/5/11 00:00,35624
2024/5/11 01:00,35626
2024/5/11 02:00,35629
2024/5/11 03:00,35632
2024/5/11 04:00,35635
2024/5/11 05:00,35637
2024/5/11 06:00,35640
2024/5/11 07:00,35643
2024/5/11 08:00,35647
2024/5/11 09:00,35652
2024/5/11 10:00,35661
2024/5/11 11:00,35671
2024/5/11 12:00,35684
2024/5/11 13:00,35698
2024/5/11 14:00,35711
2024/5/11 15:00,35726
2024/5/11 16:00,35741
2024/5/11 17:00,35757
2024/5/11 18:00,35774
2024/5/11 19:00,35789
2024/5/11 20:00,35804
2024/5/11 21:00,35817
2024/5/11 22:00,35830
2024/5/11 23:00,35834
2024/5/12 00:00,35837
2024/5/12 01:00,35840
2024/5/12 02:00,35842
2024/5/12 03:00,35845
2024/5/12 04:00,35848
2024/5/12 05:00,35851
2024/5/12 06:00,35853
2024/5/12 07:00,35857
2024/5/12 08:00,35860
2024/5/12 09:00,35864
2024/5/12 10:00,35872
2024/5/12 11:00,35881
2024/5/12 12:00,35891
2024/5/12 13:00,35903
2024/5/12 14:00,35917
2024/5/12 15:00,35933
2024/5/12 16:00,35951
2024/5/12 17:00,35969
2024/5/12 18:00,35985
2024/5/12 19:00,36000
2024/5/12 20:00,36014
2024/5/12 21:00,36026
2024/5/12 22:00,36038
2024/5/12 23:00,36041
2024/5/13 00:00,36044
2024/5/13 01:00,36047
2024/5/13 02:00,36049
2024/5/13 03:00,36052
2024/5/13 04:00,36055
2024/5/13 05:00,36057
2024/5/13 06:00,36060
2024/5/13 07:00,36063
2024/5/13 08:00,36067
2024/5/13 09:00,36074
2024/5/13 10:00,36085
2024/5/13 11:00,36105
2024/5/13 12:00,36125
2024/5/13 13:00,36139
2024/5/13 14:00,36157
2024/5/13 15:00,36179
2024/5/13 16:00,36202
2024/5/13 17:00,36226
2024/5/13 18:00,36249
2024/5/13 19:00,36270
2024/5/13 20:00,36288
2024/5/13 21:00,36305
2024/5/13 22:00,36320
2024/5/13 23:00,36324
2024/5/14 00:00,36327
2024/5/14 01:00,36329
2024/5/14 02:00,36332
2024/5/14 03:00,36334
2024/5/14 04:00,36337
2024/5/14 05:00,36340
2024/5/14 06:00,36343
2024/5/14 07:00,36345
2024/5/14 08:00,36352
2024/5/14 09:00,36370
2024/5/14 10:00,36391
2024/5/14 11:00,36417
2024/5/14 12:00,36442
2024/5/14 13:00,36464
2024/5/14 14:00,36487
2024/5/14 15:00,36512
2024/5/14 16:00,36541
2024/5/14 17:00,36574
2024/5/14 18:00,36609
2024/5/14 19:00,36641
2024/5/14 20:00,36663
2024/5/14 21:00,36680
2024/5/14 22:00,36699
2024/5/14 23:00,36706
2024/5/15 00:00,36708
2024/5/15 01:00,36711
2024/5/15 02:00,36713
2024/5/15 03:00,36716
2024/5/15 04:00,36719
2024/5/15 05:00,36722
2024/5/15 06:00,36724
2024/5/15 07:00,36727
2024/5/15 08:00,36734
2024/5/15 09:00,36752
2024/5/15 10:00,36773
2024/5/15 11:00,36796
2024/5/15 12:00,36822
2024/5/15 13:00,36842
2024/5/15 14:00,36863
2024/5/15 15:00,36887
2024/5/15 16:00,36912
2024/5/15 17:00,36939
2024/5/15 18:00,36967
2024/5/15 19:00,36990
2024/5/15 20:00,37011
2024/5/15 21:00,37032
2024/5/15 22:00,37048
2024/5/15 23:00,37053
2024/5/16 00:00,37055
2024/5/16 01:00,37058
2024/5/16 02:00,37061
2024/5/16 03:00,37063
2024/5/16 04:00,37066
2024/5/16 05:00,37069
2024/5/16 06:00,37071
2024/5/16 07:00,37074
2024/5/16 08:00,37079
2024/5/16 09:00,37094
2024/5/16 10:00,37112
2024/5/16 11:00,37137
2024/5/16 12:00,37164
2024/5/16 13:00,37189
2024/5/16 14:00,37213
2024/5/16 15:00,37239
2024/5/16 16:00,37267
2024/5/16 17:00,37295
2024/5/16 18:00,37320
2024/5/16 19:00,37343
2024/5/16 20:00,37364
2024/5/16 21:00,37389
2024/5/16 22:00,37409
2024/5/16 23:00,37413
2024/5/17 00:00,37416
2024/5/17 01:00,37419
2024/5/17 02:00,37422
2024/5/17 03:00,37425
2024/5/17 04:00,37428
2024/5/17 05:00,37431
2024/5/17 06:00,37433
2024/5/17 07:00,37436
2024/5/17 08:00,37443
2024/5/17 09:00,37464
2024/5/17 10:00,37490
2024/5/17 11:00,37519
2024/5/17 12:00,37550
2024/5/17 13:00,37581
2024/5/17 14:00,37617
2024/5/17 15:00,37653
2024/5/17 16:00,37688
2024/5/17 17:00,37725
2024/5/17 18:00,37756
2024/5/17 19:00,37781
2024/5/17 20:00,37801
2024/5/17 21:00,37821
2024/5/17 22:00,37836
2024/5/17 23:00,37841
2024/5/18 00:00,37843
2024/5/18 01:00,37846
2024/5/18 02:00,37849
2024/5/18 03:00,37851
2024/5/18 04:00,37854
2024/5/18 05:00,37856
2024/5/18 06:00,37859
2024/5/18 07:00,37862
2024/5/18 08:00,37866
2024/5/18 09:00,37876
2024/5/18 10:00,37893
2024/5/18 11:00,37913
2024/5/18 12:00,37934
2024/5/18 13:00,37955
2024/5/18 14:00,37983
2024/5/18 15:00,38011
2024/5/18 16:00,38041
2024/5/18 17:00,38070
2024/5/18 18:00,38099
2024/5/18 19:00,38124
2024/5/18 20:00,38149
2024/5/18 21:00,38172
2024/5/18 22:00,38193
2024/5/18 23:00,38199
2024/5/19 00:00,38202
2024/5/19 01:00,38205
2024/5/19 02:00,38208
2024/5/19 03:00,38211
2024/5/19 04:00,38214
2024/5/19 05:00,38217
2024/5/19 06:00,38220
2024/5/19 07:00,38223
2024/5/19 08:00,38226
2024/5/19 09:00,38238
2024/5/19 10:00,38260
2024/5/19 11:00,38285
2024/5/19 12:00,38307
2024/5/19 13:00,38331
2024/5/19 14:00,38354
2024/5/19 15:00,38380
2024/5/19 16:00,38407
2024/5/19 17:00,38433
2024/5/19 18:00,38457
2024/5/19 19:00,38481
2024/5/19 20:00,38504
2024/5/19 21:00,38527
2024/5/19 22:00,38547
2024/5/19 23:00,38554
2024/5/20 00:00,38557
2024/5/20 01:00,38561
2024/5/20 02:00,38565
2024/5/20 03:00,38569
2024/5/20 04:00,38572
2024/5/20 05:00,38576
2024/5/20 06:00,38580
2024/5/20 07:00,38584
2024/5/20 08:00,38590
2024/5/20 09:00,38613
2024/5/20 10:00,38637
2024/5/20 11:00,38663
2024/5/20 12:00,38688
2024/5/20 13:00,38710
2024/5/20 14:00,38735
2024/5/20 15:00,38759
2024/5/20 16:00,38785
2024/5/20 17:00,38813
2024/5/20 18:00,38839
2024/5/20 19:00,38864
2024/5/20 20:00,38888
2024/5/20 21:00,38911
2024/5/20 22:00,38933
2024/5/20 23:00,38940
2024/5/21 00:00,38943
2024/5/21 01:00,38945
2024/5/21 02:00,38948
2024/5/21 03:00,38951
2024/5/21 04:00,38955
2024/5/21 05:00,38959
2024/5/21 06:00,38962
2024/5/21 07:00,38966
2024/5/21 08:00,38972
2024/5/21 09:00,38984
2024/5/21 10:00,39002
2024/5/21 11:00,39026
2024/5/21 12:00,39050
2024/5/21 13:00,39074
2024/5/21 14:00,39098
2024/5/21 15:00,39126
2024/5/21 16:00,39157
2024/5/21 17:00,39191
2024/5/21 18:00,39224
2024/5/21 19:00,39249
2024/5/21 20:00,39275
2024/5/21 21:00,39301
2024/5/21 22:00,39319
2024/5/21 23:00,39323
2024/5/22 00:00,39326
2024/5/22 01:00,39328
2024/5/22 02:00,39331
2024/5/22 03:00,39334
2024/5/22 04:00,39336
2024/5/22 05:00,39339
2024/5/22 06:00,39342
2024/5/22 07:00,39344
2024/5/22 08:00,39351
2024/5/22 09:00,39371
2024/5/22 10:00,39395
2024/5/22 11:00,39421
2024/5/22 12:00,39448
2024/5/22 13:00,39472
2024/5/22 14:00,39499
2024/5/22 15:00,39528
2024/5/22 16:00,39556
2024/5/22 17:00,39588
2024/5/22 18:00,39618
2024/5/22 19:00,39645
2024/5/22 20:00,39669
2024/5/22 21:00,39696
2024/5/22 22:00,39720
2024/5/22 23:00,39727
2024/5/23 00:00,39729
2024/5/23 01:00,39732
2024/5/23 02:00,39734
2024/5/23 03:00,39737
2024/5/23 04:00,39739
2024/5/23 05:00,39742
2024/5/23 06:00,39745
2024/5/23 07:00,39748
2024/5/23 08:00,39759
2024/5/23 09:00,39782
2024/5/23 10:00,39808
2024/5/23 11:00,39832
2024/5/23 12:00,39862
2024/5/23 13:00,39890
2024/5/23 14:00,39915
2024/5/23 15:00,39943
2024/5/23 16:00,39974
2024/5/23 17:00,40008
2024/5/23 18:00,40037
2024/5/23 19:00,40062
2024/5/23 20:00,40085
2024/5/23 21:00,40107
2024/5/23 22:00,40128
2024/5/23 23:00,40136
2024/5/24 00:00,40138
2024/5/24 01:00,40141
2024/5/24 02:00,40143
2024/5/24 03:00,40146
2024/5/24 04:00,40149
2024/5/24 05:00,40151
2024/5/24 06:00,40154
2024/5/24 07:00,40157
2024/5/24 08:00,40166
2024/5/24 09:00,40197
2024/5/24 10:00,40226
2024/5/24 11:00,40256
2024/5/24 12:00,40291
2024/5/24 13:00,40318
2024/5/24 14:00,40350
2024/5/24 15:00,40383
2024/5/24 16:00,40416
2024/5/24 17:00,40448
2024/5/24 18:00,40478
2024/5/24 19:00,40503
2024/5/24 20:00,40528
2024/5/24 21:00,40555
2024/5/24 22:00,40580
2024/5/24 23:00,40589
2024/5/25 00:00,40592
2024/5/25 01:00,40595
2024/5/25 02:00,40600
2024/5/25 03:00,40605
2024/5/25 04:00,40609
2024/5/25 05:00,40614
2024/5/25 06:00,40618
2024/5/25 07:00,40625
2024/5/25 08:00,40639
2024/5/25 09:00,40661
2024/5/25 10:00,40685
2024/5/25 11:00,40710
2024/5/25 12:00,40737
2024/5/25 13:00,40759
2024/5/25 14:00,40786
2024/5/25 15:00,40814
2024/5/25 16:00,40839
2024/5/25 17:00,40863
2024/5/25 18:00,40891
2024/5/25 19:00,40915
2024/5/25 20:00,40937
2024/5/25 21:00,40950
2024/5/25 22:00,40960
2024/5/25 23:00,40967
2024/5/26 00:00,40970
2024/5/26 01:00,40973
2024/5/26 02:00,40975
2024/5/26 03:00,40978
2024/5/26 04:00,40981
2024/5/26 05:00,40984
2024/5/26 06:00,40987
2024/5/26 07:00,40990
2024/5/26 08:00,40994
2024/5/26 09:00,41008
2024/5/26 10:00,41030
2024/5/26 11:00,41055
2024/5/26 12:00,41080
2024/5/26 13:00,41104
2024/5/26 14:00,41129
2024/5/26 15:00,41154
2024/5/26 16:00,41180
2024/5/26 17:00,41205
2024/5/26 18:00,41227
2024/5/26 19:00,41248
2024/5/26 20:00,41270
2024/5/26 21:00,41293
2024/5/26 22:00,41314
2024/5/26 23:00,41320
2024/5/27 00:00,41322
2024/5/27 01:00,41325
2024/5/27 02:00,41328
2024/5/27 03:00,41330
2024/5/27 04:00,41333
2024/5/27 05:00,41336
2024/5/27 06:00,41339
2024/5/27 07:00,41342
2024/5/27 08:00,41352
2024/5/27 09:00,41375
2024/5/27 10:00,41400
2024/5/27 11:00,41420
2024/5/27 12:00,
2024/5/27 13:00,41466
2024/5/27 14:00,41489
2024/5/27 15:00,41517
2024/5/27 16:00,41545
2024/5/27 17:00,41575
2024/5/27 18:00,41604
2024/5/27 19:00,41631
2024/5/27 20:00,41656
2024/5/27 21:00,
2024/5/27 22:00,
2024/5/27 23:00,
2024/5/28 00:00,
2024/5/28 01:00,
2024/5/28 02:00,
2024/5/28 03:00,
2024/5/28 04:00,
2024/5/28 05:00,
2024/5/28 06:00,
2024/5/28 07:00,
2024/5/28 08:00,
2024/5/28 09:00,
2024/5/28 10:00,
2024/5/28 11:00,
2024/5/28 12:00,
2024/5/28 13:00,
2024/5/28 14:00,
2024/5/28 15:00,
2024/5/28 16:00,
2024/5/28 17:00,
2024/5/28 18:00,
2024/5/28 19:00,
2024/5/28 20:00,
2024/5/28 21:00,
2024/5/28 22:00,42100
2024/5/28 23:00,42105
2024/5/29 00:00,42108
2024/5/29 01:00,42110
2024/5/29 02:00,42113
2024/5/29 03:00,42116
2024/5/29 04:00,42120
2024/5/29 05:00,42123
2024/5/29 06:00,42126
2024/5/29 07:00,42128
2024/5/29 08:00,42133
2024/5/29 09:00,42145
2024/5/29 10:00,42161
2024/5/29 11:00,42177
2024/5/29 12:00,42192
2024/5/29 13:00,42203
2024/5/29 14:00,42216
2024/5/29 15:00,42230
2024/5/29 16:00,42247
2024/5/29 17:00,42263
2024/5/29 18:00,42279
2024/5/29 19:00,42293
2024/5/29 20:00,42307
2024/5/29 21:00,42324
2024/5/29 22:00,42340
2024/5/29 23:00,42345
2024/5/30 00:00,42348
2024/5/30 01:00,42351
2024/5/30 02:00,42354
2024/5/30 03:00,42358
2024/5/30 04:00,42361
2024/5/30 05:00,42364
2024/5/30 06:00,42367
2024/5/30 07:00,42370
2024/5/30 08:00,42375
2024/5/30 09:00,42384
2024/5/30 10:00,42399
2024/5/30 11:00,
2024/5/30 12:00,42434
2024/5/30 13:00,42452
2024/5/30 14:00,42471
2024/5/30 15:00,42493
2024/5/30 16:00,
2024/5/30 17:00,42544
2024/5/30 18:00,42571
2024/5/30 19:00,42593
2024/5/30 20:00,42614
2024/5/30 21:00,42634
2024/5/30 22:00,42651
2024/5/30 23:00,42661
2024/5/31 00:00,42664
2024/5/31 01:00,42666
2024/5/31 02:00,42669
2024/5/31 03:00,42672
2024/5/31 04:00,42675
2024/5/31 05:00,42677
2024/5/31 06:00,42680
2024/5/31 07:00,42683
2024/5/31 08:00,42689
2024/5/31 09:00,42704
2024/5/31 10:00,42724
2024/5/31 11:00,42749
2024/5/31 12:00,42775
2024/5/31 13:00,42799
2024/5/31 14:00,
2024/5/31 15:00,42849
2024/5/31 16:00,
2024/5/31 17:00,
2024/5/31 18:00,42928
2024/5/31 19:00,42951
2024/5/31 20:00,42972
2024/5/31 21:00,42992
2024/5/31 22:00,43011
2024/5/31 23:00,43020
2024/6/1 00:00,43023
2024/6/1 01:00,43026
2024/6/1 02:00,43028
2024/6/1 03:00,43031
2024/6/1 04:00,43034
2024/6/1 05:00,43037
2024/6/1 06:00,43040
2024/6/1 07:00,43043
2024/6/1 08:00,43049
2024/6/1 09:00,43058
2024/6/1 10:00,43074
2024/6/1 11:00,43091
2024/6/1 12:00,43109
2024/6/1 13:00,43126
2024/6/1 14:00,43145
2024/6/1 15:00,43166
2024/6/1 16:00,43186
2024/6/1 17:00,43203
2024/6/1 18:00,43217
2024/6/1 19:00,43230
2024/6/1 20:00,43243
2024/6/1 21:00,43256
2024/6/1 22:00,43269
2024/6/1 23:00,43277
2024/6/2 00:00,43280
2024/6/2 01:00,43283
2024/6/2 02:00,
2024/6/2 03:00,43289
2024/6/2 04:00,43292
2024/6/2 05:00,43295
2024/6/2 06:00,43298
2024/6/2 07:00,
2024/6/2 08:00,43304
2024/6/2 09:00,43312
2024/6/2 10:00,43322
2024/6/2 11:00,43333
2024/6/2 12:00,43345
2024/6/2 13:00,43356
2024/6/2 14:00,43367
2024/6/2 15:00,43380
2024/6/2 16:00,43395
2024/6/2 17:00,43410
2024/6/2 18:00,43424
2024/6/2 19:00,43437
2024/6/2 20:00,43449
2024/6/2 21:00,43459
2024/6/2 22:00,43469
2024/6/2 23:00,43475
2024/6/3 00:00,43478
2024/6/3 01:00,43482
2024/6/3 02:00,43485
2024/6/3 03:00,43488
2024/6/3 04:00,43490
2024/6/3 05:00,43493
2024/6/3 06:00,43496
2024/6/3 07:00,43498
2024/6/3 08:00,
2024/6/3 09:00,43513
2024/6/3 10:00,
2024/6/3 11:00,
2024/6/3 12:00,
2024/6/3 13:00,43567
2024/6/3 14:00,43582
2024/6/3 15:00,43601
2024/6/3 16:00,43625
2024/6/3 17:00,43647
2024/6/3 18:00,
2024/6/3 19:00,43685
2024/6/3 20:00,43703
2024/6/3 21:00,43723
2024/6/3 22:00,43741
2024/6/3 23:00,43749
2024/6/4 00:00,43752
2024/6/4 01:00,43755
2024/6/4 02:00,43757
2024/6/4 03:00,43761
2024/6/4 04:00,43764
2024/6/4 05:00,43767
2024/6/4 06:00,43769
2024/6/4 07:00,43772
2024/6/4 08:00,43776
2024/6/4 09:00,43785
2024/6/4 10:00,43798
2024/6/4 11:00,43811
2024/6/4 12:00,43824
2024/6/4 13:00,43835
2024/6/4 14:00,43845
2024/6/4 15:00,43858
2024/6/4 16:00,43874
2024/6/4 17:00,43893
2024/6/4 18:00,43915
2024/6/4 19:00,
2024/6/4 20:00,
2024/6/4 21:00,
2024/6/4 22:00,
2024/6/4 23:00,
2024/6/5 00:00,
2024/6/5 01:00,
2024/6/5 02:00,
2024/6/5 03:00,
2024/6/5 04:00,
2024/6/5 05:00,
2024/6/5 06:00,
2024/6/5 07:00,
2024/6/5 08:00,
2024/6/5 09:00,
2024/6/5 10:00,
2024/6/5 11:00,
2024/6/5 12:00,
2024/6/5 13:00,
2024/6/5 14:00,
2024/6/5 15:00,
2024/6/5 16:00,
2024/6/5 17:00,
2024/6/5 18:00,
2024/6/5 19:00,
2024/6/5 20:00,44239
2024/6/5 21:00,44259
2024/6/5 22:00,44278
2024/6/5 23:00,44286
2024/6/6 00:00,44289
2024/6/6 01:00,44291
2024/6/6 02:00,44294
2024/6/6 03:00,44297
2024/6/6 04:00,44299
2024/6/6 05:00,44302
2024/6/6 06:00,44305
2024/6/6 07:00,44307
2024/6/6 08:00,44313
2024/6/6 09:00,44326
2024/6/6 10:00,44343
2024/6/6 11:00,44359
2024/6/6 12:00,44375
2024/6/6 13:00,44393
2024/6/6 14:00,44411
2024/6/6 15:00,44431
2024/6/6 16:00,44453
2024/6/6 17:00,44475
2024/6/6 18:00,44495
2024/6/6 19:00,44510
2024/6/6 20:00,44525
2024/6/6 21:00,44540
2024/6/6 22:00,44552
2024/6/6 23:00,44558
2024/6/7 00:00,44561
2024/6/7 01:00,44564
2024/6/7 02:00,44567
2024/6/7 03:00,44570
2024/6/7 04:00,44573
2024/6/7 05:00,44576
2024/6/7 06:00,44579
2024/6/7 07:00,44582
2024/6/7 08:00,44587
2024/6/7 09:00,44604
2024/6/7 10:00,44625
2024/6/7 11:00,44648
2024/6/7 12:00,44674
2024/6/7 13:00,44692
2024/6/7 14:00,44710
2024/6/7 15:00,44729
2024/6/7 16:00,44751
2024/6/7 17:00,44772
2024/6/7 18:00,44791
2024/6/7 19:00,44807
2024/6/7 20:00,44823
2024/6/7 21:00,44838
2024/6/7 22:00,44852
2024/6/7 23:00,44859
2024/6/8 00:00,44861
2024/6/8 01:00,44864
2024/6/8 02:00,44867
2024/6/8 03:00,44869
2024/6/8 04:00,44872
2024/6/8 05:00,44875
2024/6/8 06:00,44878
2024/6/8 07:00,44881
2024/6/8 08:00,44886
2024/6/8 09:00,44898
2024/6/8 10:00,44914
2024/6/8 11:00,44929
2024/6/8 12:00,44944
2024/6/8 13:00,44957
2024/6/8 14:00,44970
2024/6/8 15:00,44984
2024/6/8 16:00,45001
2024/6/8 17:00,45019
2024/6/8 18:00,45033
2024/6/8 19:00,45047
2024/6/8 20:00,45063
2024/6/8 21:00,45079
2024/6/8 22:00,45095
2024/6/8 23:00,45102
2024/6/9 00:00,45105
2024/6/9 01:00,45108
2024/6/9 02:00,45110
2024/6/9 03:00,45113
2024/6/9 04:00,45116
2024/6/9 05:00,45118
2024/6/9 06:00,45121
2024/6/9 07:00,45124
2024/6/9 08:00,45127
2024/6/9 09:00,45137
2024/6/9 10:00,45150
2024/6/9 11:00,45166
2024/6/9 12:00,45183
2024/6/9 13:00,45198
2024/6/9 14:00,45215
2024/6/9 15:00,45235
2024/6/9 16:00,45255
2024/6/9 17:00,45275
2024/6/9 18:00,45292
2024/6/9 19:00,45308
2024/6/9 20:00,45325
2024/6/9 21:00,45341
2024/6/9 22:00,45356
2024/6/9 23:00,45364
2024/6/10 00:00,45366
2024/6/10 01:00,45369
2024/6/10 02:00,45372
2024/6/10 03:00,45374
2024/6/10 04:00,45377
2024/6/10 05:00,45380
2024/6/10 06:00,45382
2024/6/10 07:00,45385
2024/6/10 08:00,45390
2024/6/10 09:00,45399
2024/6/10 10:00,45413
2024/6/10 11:00,45433
2024/6/10 12:00,45453
2024/6/10 13:00,45473
2024/6/10 14:00,45494
2024/6/10 15:00,45517
2024/6/10 16:00,45541
2024/6/10 17:00,45565
2024/6/10 18:00,45585
2024/6/10 19:00,45604
2024/6/10 20:00,45624
2024/6/10 21:00,45643
2024/6/10 22:00,45660
2024/6/10 23:00,45667
2024/6/11 00:00,45670
2024/6/11 01:00,45672
2024/6/11 02:00,45675
2024/6/11 03:00,45678
2024/6/11 04:00,45681
2024/6/11 05:00,45683
2024/6/11 06:00,45686
2024/6/11 07:00,45690
2024/6/11 08:00,45696
2024/6/11 09:00,45715
2024/6/11 10:00,45739
2024/6/11 11:00,45761
2024/6/11 12:00,45784
2024/6/11 13:00,45812
2024/6/11 14:00,45840
2024/6/11 15:00,45871
2024/6/11 16:00,45903
2024/6/11 17:00,
2024/6/11 18:00,
2024/6/11 19:00,
2024/6/11 20:00,
2024/6/11 21:00,46049
2024/6/11 22:00,46069
2024/6/11 23:00,46077
2024/6/12 00:00,46080
2024/6/12 01:00,46083
2024/6/12 02:00,46085
2024/6/12 03:00,46088
2024/6/12 04:00,46091
2024/6/12 05:00,46093
2024/6/12 06:00,46096
2024/6/12 07:00,46099
2024/6/12 08:00,46109
2024/6/12 09:00,46138
2024/6/12 10:00,46167
2024/6/12 11:00,
2024/6/12 12:00,46228
2024/6/12 13:00,46252
2024/6/12 14:00,46281
2024/6/12 15:00,46316
2024/6/12 16:00,46354
2024/6/12 17:00,46391
2024/6/12 18:00,46424
2024/6/12 19:00,46452
2024/6/12 20:00,46475
2024/6/12 21:00,46501
2024/6/12 22:00,46524
2024/6/12 23:00,46534
2024/6/13 00:00,46537
2024/6/13 01:00,46541
2024/6/13 02:00,46544
2024/6/13 03:00,46548
2024/6/13 04:00,46551
2024/6/13 05:00,46554
2024/6/13 06:00,46558
2024/6/13 07:00,46561
2024/6/13 08:00,46572
2024/6/13 09:00,46605
2024/6/13 10:00,46638
2024/6/13 11:00,46672
2024/6/13 12:00,46709
2024/6/13 13:00,46738
2024/6/13 14:00,
2024/6/13 15:00,
2024/6/13 16:00,
2024/6/13 17:00,46892
2024/6/13 18:00,46927
2024/6/13 19:00,46958
2024/6/13 20:00,46986
2024/6/13 21:00,47014
2024/6/13 22:00,47040
2024/6/13 23:00,47050
2024/6/14 00:00,47054
2024/6/14 01:00,47056
2024/6/14 02:00,47059
2024/6/14 03:00,47062
2024/6/14 04:00,47065
2024/6/14 05:00,47068
2024/6/14 06:00,47071
2024/6/14 07:00,47074
2024/6/14 08:00,47080
2024/6/14 09:00,47098
2024/6/14 10:00,47132
2024/6/14 11:00,47168
2024/6/14 12:00,47203
2024/6/14 13:00,47229
2024/6/14 14:00,47257
2024/6/14 15:00,47287
2024/6/14 16:00,47321
2024/6/14 17:00,47354
2024/6/14 18:00,47364
2024/6/14 19:00,47374
2024/6/14 20:00,47376
2024/6/14 21:00,47379
2024/6/14 22:00,47382
2024/6/14 23:00,47384
2024/6/15 00:00,47387
2024/6/15 01:00,47389
2024/6/15 02:00,47392
2024/6/15 03:00,47395
2024/6/15 04:00,47397
2024/6/15 05:00,47400
2024/6/15 06:00,47403
2024/6/15 07:00,47405
2024/6/15 08:00,47408
2024/6/15 09:00,47411
2024/6/15 10:00,47414
2024/6/15 11:00,47417
2024/6/15 12:00,47420
2024/6/15 13:00,47422
2024/6/15 14:00,47436
2024/6/15 15:00,47477
2024/6/15 16:00,47523
2024/6/15 17:00,47564
2024/6/15 18:00,47599
2024/6/15 19:00,47625
2024/6/15 20:00,47654
2024/6/15 21:00,47685
2024/6/15 22:00,47712
2024/6/15 23:00,47722
2024/6/16 00:00,47725
2024/6/16 01:00,47728
2024/6/16 02:00,47731
2024/6/16 03:00,47734
2024/6/16 04:00,47737
2024/6/16 05:00,47740
2024/6/16 06:00,47742
2024/6/16 07:00,47745
2024/6/16 08:00,47750
2024/6/16 09:00,47778
2024/6/16 10:00,47813
2024/6/16 11:00,47847
2024/6/16 12:00,47875
2024/6/16 13:00,47901
2024/6/16 14:00,47927
2024/6/16 15:00,47952
2024/6/16 16:00,47976
2024/6/16 17:00,48000
2024/6/16 18:00,48020
2024/6/16 19:00,48041
2024/6/16 20:00,48061
2024/6/16 21:00,48080
2024/6/16 22:00,48099
2024/6/16 23:00,48109
2024/6/17 00:00,48112
2024/6/17 01:00,48116
2024/6/17 02:00,48119
2024/6/17 03:00,48122
2024/6/17 04:00,48126
2024/6/17 05:00,48129
2024/6/17 06:00,48132
2024/6/17 07:00,48136
2024/6/17 08:00,48141
2024/6/17 09:00,48155
2024/6/17 10:00,48178
2024/6/17 11:00,48208
2024/6/17 12:00,48235
2024/6/17 13:00,48251
2024/6/17 14:00,48268
2024/6/17 15:00,48294
2024/6/17 16:00,48327
2024/6/17 17:00,48360
2024/6/17 18:00,48392
2024/6/17 19:00,48419
2024/6/17 20:00,48443
2024/6/17 21:00,48466
2024/6/17 22:00,48490
2024/6/17 23:00,48500
2024/6/18 00:00,48503
2024/6/18 01:00,48505
2024/6/18 02:00,48508
2024/6/18 03:00,48511
2024/6/18 04:00,48513
2024/6/18 05:00,48516
2024/6/18 06:00,48519
2024/6/18 07:00,48522
2024/6/18 08:00,48528
2024/6/18 09:00,48550
2024/6/18 10:00,48576
2024/6/18 11:00,48606
2024/6/18 12:00,48635
2024/6/18 13:00,48663
2024/6/18 14:00,48693
2024/6/18 15:00,48724
2024/6/18 16:00,48755
2024/6/18 17:00,48788
2024/6/18 18:00,48817
2024/6/18 19:00,48844
2024/6/18 20:00,48871
2024/6/18 21:00,48896
2024/6/18 22:00,48917
2024/6/18 23:00,48925
2024/6/19 00:00,48928
2024/6/19 01:00,48930
2024/6/19 02:00,48933
2024/6/19 03:00,48936
2024/6/19 04:00,48939
2024/6/19 05:00,48942
2024/6/19 06:00,48944
2024/6/19 07:00,48948
2024/6/19 08:00,48955
2024/6/19 09:00,48969
2024/6/19 10:00,48991
2024/6/19 11:00,49017
2024/6/19 12:00,49043
2024/6/19 13:00,49068
2024/6/19 14:00,49094
2024/6/19 15:00,49125
2024/6/19 16:00,49154
2024/6/19 17:00,49186
2024/6/19 18:00,49217
2024/6/19 19:00,49244
2024/6/19 20:00,49271
2024/6/19 21:00,49299
2024/6/19 22:00,49326
2024/6/19 23:00,49335
2024/6/20 00:00,49339
2024/6/20 01:00,49343
2024/6/20 02:00,49347
2024/6/20 03:00,49351
2024/6/20 04:00,49355
2024/6/20 05:00,49359
2024/6/20 06:00,49363
2024/6/20 07:00,49368
2024/6/20 08:00,49379
2024/6/20 09:00,49397
2024/6/20 10:00,49419
2024/6/20 11:00,49443
2024/6/20 12:00,49465
2024/6/20 13:00,49489
2024/6/20 14:00,49515
2024/6/20 15:00,49547
2024/6/20 16:00,49580
2024/6/20 17:00,49612
2024/6/20 18:00,49642
2024/6/20 19:00,49667
2024/6/20 20:00,49692
2024/6/20 21:00,49716
2024/6/20 22:00,49740
2024/6/20 23:00,49748
2024/6/21 00:00,49751
2024/6/21 01:00,49755
2024/6/21 02:00,49758
2024/6/21 03:00,49762
2024/6/21 04:00,49766
2024/6/21 05:00,49769
2024/6/21 06:00,49773
2024/6/21 07:00,49776
2024/6/21 08:00,49781
2024/6/21 09:00,49794
2024/6/21 10:00,49814
2024/6/21 11:00,49840
2024/6/21 12:00,49866
2024/6/21 13:00,49888
2024/6/21 14:00,49909
2024/6/21 15:00,49936
2024/6/21 16:00,49963
2024/6/21 17:00,49991
2024/6/21 18:00,50015
2024/6/21 19:00,50039
2024/6/21 20:00,50062
2024/6/21 21:00,50084
2024/6/21 22:00,50105
2024/6/21 23:00,50112
2024/6/22 00:00,50115
2024/6/22 01:00,50119
2024/6/22 02:00,50122
2024/6/22 03:00,50125
2024/6/22 04:00,50128
2024/6/22 05:00,50132
2024/6/22 06:00,50136
2024/6/22 07:00,50141
2024/6/22 08:00,50150
2024/6/22 09:00,50166
2024/6/22 10:00,50187
2024/6/22 11:00,50208
2024/6/22 12:00,50231
2024/6/22 13:00,50253
2024/6/22 14:00,50279
2024/6/22 15:00,50306
2024/6/22 16:00,50333
2024/6/22 17:00,50361
2024/6/22 18:00,50388
2024/6/22 19:00,50413
2024/6/22 20:00,50436
2024/6/22 21:00,50458
2024/6/22 22:00,50479
2024/6/22 23:00,50485
2024/6/23 00:00,50489
2024/6/23 01:00,50493
2024/6/23 02:00,50496
2024/6/23 03:00,50500
2024/6/23 04:00,50504
2024/6/23 05:00,50508
2024/6/23 06:00,50512
2024/6/23 07:00,50515
2024/6/23 08:00,50520
2024/6/23 09:00,50531
2024/6/23 10:00,50554
2024/6/23 11:00,50581
2024/6/23 12:00,50607
2024/6/23 13:00,50633
2024/6/23 14:00,50662
2024/6/23 15:00,50691
2024/6/23 16:00,50721
2024/6/23 17:00,50752
2024/6/23 18:00,50781
2024/6/23 19:00,50808
2024/6/23 20:00,50834
2024/6/23 21:00,50859
2024/6/23 22:00,50883
2024/6/23 23:00,50891
2024/6/24 00:00,50895
2024/6/24 01:00,50899
2024/6/24 02:00,50904
2024/6/24 03:00,50908
2024/6/24 04:00,50912
2024/6/24 05:00,50916
2024/6/24 06:00,50920
2024/6/24 07:00,50924
2024/6/24 08:00,50934
2024/6/24 09:00,50945
2024/6/24 10:00,50967
2024/6/24 11:00,50994
2024/6/24 12:00,51022
2024/6/24 13:00,51050
2024/6/24 14:00,51080
2024/6/24 15:00,51110
2024/6/24 16:00,51140
2024/6/24 17:00,51170
2024/6/24 18:00,51199
2024/6/24 19:00,51227
2024/6/24 20:00,51254
2024/6/24 21:00,51281
2024/6/24 22:00,51306
2024/6/24 23:00,51317
2024/6/25 00:00,51321
2024/6/25 01:00,51325
2024/6/25 02:00,51328
2024/6/25 03:00,51332
2024/6/25 04:00,51336
2024/6/25 05:00,51340
2024/6/25 06:00,51344
2024/6/25 07:00,51348
2024/6/25 08:00,51356
2024/6/25 09:00,51372
2024/6/25 10:00,51396
2024/6/25 11:00,51421
2024/6/25 12:00,51445
2024/6/25 13:00,51471
2024/6/25 14:00,51498
2024/6/25 15:00,51526
2024/6/25 16:00,51559
2024/6/25 17:00,51592
2024/6/25 18:00,51623
2024/6/25 19:00,51653
2024/6/25 20:00,51682
2024/6/25 21:00,51710
2024/6/25 22:00,51737
2024/6/25 23:00,51746
2024/6/26 00:00,51749
2024/6/26 01:00,51753
2024/6/26 02:00,51756
2024/6/26 03:00,51760
2024/6/26 04:00,51763
2024/6/26 05:00,51767
2024/6/26 06:00,51770
2024/6/26 07:00,51774
2024/6/26 08:00,51779
2024/6/26 09:00,51803
2024/6/26 10:00,51828
2024/6/26 11:00,51861
2024/6/26 12:00,51893
2024/6/26 13:00,51923
2024/6/26 14:00,51953
2024/6/26 15:00,51990
2024/6/26 16:00,52031
2024/6/26 17:00,52069
2024/6/26 18:00,52100
2024/6/26 19:00,52130
2024/6/26 20:00,52159
2024/6/26 21:00,52187
2024/6/26 22:00,52214
2024/6/26 23:00,52223
2024/6/27 00:00,52227
2024/6/27 01:00,52230
2024/6/27 02:00,52233
2024/6/27 03:00,52237
2024/6/27 04:00,52241
2024/6/27 05:00,52244
2024/6/27 06:00,52248
2024/6/27 07:00,52251
2024/6/27 08:00,52257
2024/6/27 09:00,52272
2024/6/27 10:00,52296
2024/6/27 11:00,52324
2024/6/27 12:00,52349
2024/6/27 13:00,52375
2024/6/27 14:00,52402
2024/6/27 15:00,52434
2024/6/27 16:00,52470
2024/6/27 17:00,52510
2024/6/27 18:00,52545
2024/6/27 19:00,52577
2024/6/27 20:00,52608
2024/6/27 21:00,52637
2024/6/27 22:00,52665
2024/6/27 23:00,52675
2024/6/28 00:00,52679
2024/6/28 01:00,52683
2024/6/28 02:00,52687
2024/6/28 03:00,52690
2024/6/28 04:00,52694
2024/6/28 05:00,52698
2024/6/28 06:00,52702
2024/6/28 07:00,52705
2024/6/28 08:00,52709
2024/6/28 09:00,52730
2024/6/28 10:00,52761
2024/6/28 11:00,52790
2024/6/28 12:00,52819
2024/6/28 13:00,52854
2024/6/28 14:00,52890
2024/6/28 15:00,52924
2024/6/28 16:00,52959
2024/6/28 17:00,52994
2024/6/28 18:00,53027
2024/6/28 19:00,53055
2024/6/28 20:00,53081
2024/6/28 21:00,53109
2024/6/28 22:00,53135
2024/6/28 23:00,53142
2024/6/29 00:00,53145
2024/6/29 01:00,53149
2024/6/29 02:00,53152
2024/6/29 03:00,53155
2024/6/29 04:00,53159
2024/6/29 05:00,53162
2024/6/29 06:00,53166
2024/6/29 07:00,53169
2024/6/29 08:00,53174
2024/6/29 09:00,53196
2024/6/29 10:00,53226
2024/6/29 11:00,53257
2024/6/29 12:00,53288
2024/6/29 13:00,53316
2024/6/29 14:00,
2024/6/29 15:00,53376
2024/6/29 16:00,53410
2024/6/29 17:00,53444
2024/6/29 18:00,53476
2024/6/29 19:00,53507
2024/6/29 20:00,53536
2024/6/29 21:00,53564
2024/6/29 22:00,53589
2024/6/29 23:00,53599
2024/6/30 00:00,53602
2024/6/30 01:00,53605
2024/6/30 02:00,53609
2024/6/30 03:00,53612
2024/6/30 04:00,53615
2024/6/30 05:00,53619
2024/6/30 06:00,53622
2024/6/30 07:00,53627
2024/6/30 08:00,53634
2024/6/30 09:00,53653
2024/6/30 10:00,53679
2024/6/30 11:00,53708
2024/6/30 12:00,53739
2024/6/30 13:00,53769
2024/6/30 14:00,
2024/6/30 15:00,53841
2024/6/30 16:00,53870
2024/6/30 17:00,53898
2024/6/30 18:00,53923
2024/6/30 19:00,53947
2024/6/30 20:00,53971
2024/6/30 21:00,53994
2024/6/30 22:00,54015
2024/6/30 23:00,54022
2024/7/1 00:00,54026
2024/7/1 01:00,54029
2024/7/1 02:00,54033
2024/7/1 03:00,54037
2024/7/1 04:00,54040
2024/7/1 05:00,54043
2024/7/1 06:00,54047
2024/7/1 07:00,54050
2024/7/1 08:00,54055
2024/7/1 09:00,54069
2024/7/1 10:00,54090
2024/7/1 11:00,54110
2024/7/1 12:00,54129
2024/7/1 13:00,54150
2024/7/1 14:00,
2024/7/1 15:00,54194
2024/7/1 16:00,54219
2024/7/1 17:00,54244
2024/7/1 18:00,54267
2024/7/1 19:00,54289
2024/7/1 20:00,54313
2024/7/1 21:00,54335
2024/7/1 22:00,54356
2024/7/1 23:00,54361
2024/7/2 00:00,54365
2024/7/2 01:00,54368
2024/7/2 02:00,54371
2024/7/2 03:00,54374
2024/7/2 04:00,54378
2024/7/2 05:00,54381
2024/7/2 06:00,54384
2024/7/2 07:00,54388
2024/7/2 08:00,54392
2024/7/2 09:00,54409
2024/7/2 10:00,54431
2024/7/2 11:00,54455
2024/7/2 12:00,54480
2024/7/2 13:00,54505
2024/7/2 14:00,
2024/7/2 15:00,54558
2024/7/2 16:00,54586
2024/7/2 17:00,54615
2024/7/2 18:00,54642
2024/7/2 19:00,54666
2024/7/2 20:00,54690
2024/7/2 21:00,54713
2024/7/2 22:00,54732
2024/7/2 23:00,54737
2024/7/3 00:00,54740
2024/7/3 01:00,54743
2024/7/3 02:00,54746
2024/7/3 03:00,54749
2024/7/3 04:00,54752
2024/7/3 05:00,54754
2024/7/3 06:00,54757
2024/7/3 07:00,54760
2024/7/3 08:00,54766
2024/7/3 09:00,54781
2024/7/3 10:00,54798
2024/7/3 11:00,54818
2024/7/3 12:00,54838
2024/7/3 13:00,54857
2024/7/3 14:00,54876
2024/7/3 15:00,54893
2024/7/3 16:00,54914
2024/7/3 17:00,54934
2024/7/3 18:00,54953
2024/7/3 19:00,54971
2024/7/3 20:00,54989
2024/7/3 21:00,55007
2024/7/3 22:00,55023
2024/7/3 23:00,55028
2024/7/4 00:00,55031
2024/7/4 01:00,55034
2024/7/4 02:00,55037
2024/7/4 03:00,55040
2024/7/4 04:00,55042
2024/7/4 05:00,55045
2024/7/4 06:00,55048
2024/7/4 07:00,55051
2024/7/4 08:00,55055
2024/7/4 09:00,55067
2024/7/4 10:00,55085
2024/7/4 11:00,55108
2024/7/4 12:00,55130
2024/7/4 13:00,55152
2024/7/4 14:00,55175
2024/7/4 15:00,55202
2024/7/4 16:00,55229
2024/7/4 17:00,55257
2024/7/4 18:00,55284
2024/7/4 19:00,55307
2024/7/4 20:00,55330
2024/7/4 21:00,55353
2024/7/4 22:00,55374
2024/7/4 23:00,55381
2024/7/5 00:00,55385
2024/7/5 01:00,55389
2024/7/5 02:00,55393
2024/7/5 03:00,55397
2024/7/5 04:00,55400
2024/7/5 05:00,55404
2024/7/5 06:00,55407
2024/7/5 07:00,55411
2024/7/5 08:00,55415
2024/7/5 09:00,55427
2024/7/5 10:00,55442
2024/7/5 11:00,55456
2024/7/5 12:00,55472
2024/7/5 13:00,55487
2024/7/5 14:00,55500
2024/7/5 15:00,55519
2024/7/5 16:00,55540
2024/7/5 17:00,55562
2024/7/5 18:00,55583
2024/7/5 19:00,55604
2024/7/5 20:00,55624
2024/7/5 21:00,55644
2024/7/5 22:00,55663
2024/7/5 23:00,55668
2024/7/6 00:00,55672
2024/7/6 01:00,55675
2024/7/6 02:00,55679
2024/7/6 03:00,55682
2024/7/6 04:00,55686
2024/7/6 05:00,55690
2024/7/6 06:00,55693
2024/7/6 07:00,55697
2024/7/6 08:00,55706
2024/7/6 09:00,55726
2024/7/6 10:00,55748
2024/7/6 11:00,55773
2024/7/6 12:00,55801
2024/7/6 13:00,55830
2024/7/6 14:00,55857
2024/7/6 15:00,55889
2024/7/6 16:00,55923
2024/7/6 17:00,55954
2024/7/6 18:00,55986
2024/7/6 19:00,56011
2024/7/6 20:00,56034
2024/7/6 21:00,56056
2024/7/6 22:00,56075
2024/7/6 23:00,56084
2024/7/7 00:00,56090
2024/7/7 01:00,56095
2024/7/7 02:00,
2024/7/7 03:00,56105
2024/7/7 04:00,56111
2024/7/7 05:00,56116
2024/7/7 06:00,56121
2024/7/7 07:00,56127
2024/7/7 08:00,56134
2024/7/7 09:00,56149
2024/7/7 10:00,56168
2024/7/7 11:00,56190
2024/7/7 12:00,56211
2024/7/7 13:00,56232
2024/7/7 14:00,56255
2024/7/7 15:00,56277
2024/7/7 16:00,56303
2024/7/7 17:00,56328
2024/7/7 18:00,56353
2024/7/7 19:00,56373
2024/7/7 20:00,56394
2024/7/7 21:00,56414
2024/7/7 22:00,56429
2024/7/7 23:00,56434
2024/7/8 00:00,56438
2024/7/8 01:00,56442
2024/7/8 02:00,56446
2024/7/8 03:00,56450
2024/7/8 04:00,56454
2024/7/8 05:00,56458
2024/7/8 06:00,56462
2024/7/8 07:00,56466
2024/7/8 08:00,56473
2024/7/8 09:00,56488
2024/7/8 10:00,56510
2024/7/8 11:00,56532
2024/7/8 12:00,56554
2024/7/8 13:00,56575
2024/7/8 14:00,56594
2024/7/8 15:00,56618
2024/7/8 16:00,56641
2024/7/8 17:00,56662
2024/7/8 18:00,56681
2024/7/8 19:00,56701
2024/7/8 20:00,56720
2024/7/8 21:00,56739
2024/7/8 22:00,56756
2024/7/8 23:00,56761
2024/7/9 00:00,56765
2024/7/9 01:00,56769
2024/7/9 02:00,56773
2024/7/9 03:00,56777
2024/7/9 04:00,56780
2024/7/9 05:00,56784
2024/7/9 06:00,56787
2024/7/9 07:00,56791
2024/7/9 08:00,56795
2024/7/9 09:00,56810
2024/7/9 10:00,56831
2024/7/9 11:00,56854
2024/7/9 12:00,56878
2024/7/9 13:00,56900
2024/7/9 14:00,56920
2024/7/9 15:00,56942
2024/7/9 16:00,56968
2024/7/9 17:00,56995
2024/7/9 18:00,57022
2024/7/9 19:00,57046
2024/7/9 20:00,57067
2024/7/9 21:00,57086
2024/7/9 22:00,57104
2024/7/9 23:00,57110
2024/7/10 00:00,57114
2024/7/10 01:00,57118
2024/7/10 02:00,57122
2024/7/10 03:00,57126
2024/7/10 04:00,57129
2024/7/10 05:00,57133
2024/7/10 06:00,57137
2024/7/10 07:00,57141
2024/7/10 08:00,57147
2024/7/10 09:00,57160
2024/7/10 10:00,57180
2024/7/10 11:00,57201
2024/7/10 12:00,57225
2024/7/10 13:00,57246
2024/7/10 14:00,57269
2024/7/10 15:00,57293
2024/7/10 16:00,57320
2024/7/10 17:00,57347
2024/7/10 18:00,57373
2024/7/10 19:00,57395
2024/7/10 20:00,57417
2024/7/10 21:00,57436
2024/7/10 22:00,57453
2024/7/10 23:00,57460
2024/7/11 00:00,57463
2024/7/11 01:00,57467
2024/7/11 02:00,57471
2024/7/11 03:00,57475
2024/7/11 04:00,57479
2024/7/11 05:00,57483
2024/7/11 06:00,57486
2024/7/11 07:00,57490
2024/7/11 08:00,57499
2024/7/11 09:00,57513
2024/7/11 10:00,57538
2024/7/11 11:00,57562
2024/7/11 12:00,57588
2024/7/11 13:00,57612
2024/7/11 14:00,57637
2024/7/11 15:00,57663
2024/7/11 16:00,57690
2024/7/11 17:00,57718
2024/7/11 18:00,57744
2024/7/11 19:00,57768
2024/7/11 20:00,57782
2024/7/11 21:00,57798
2024/7/11 22:00,57813
2024/7/11 23:00,57821
2024/7/12 00:00,57824
2024/7/12 01:00,57828
2024/7/12 02:00,57831
2024/7/12 03:00,57835
2024/7/12 04:00,57838
2024/7/12 05:00,57842
2024/7/12 06:00,57846
2024/7/12 07:00,57849
2024/7/12 08:00,57855
2024/7/12 09:00,57885
2024/7/12 10:00,57920
2024/7/12 11:00,57951
2024/7/12 12:00,57978
2024/7/12 13:00,58012
2024/7/12 14:00,58040
2024/7/12 15:00,58071
2024/7/12 16:00,58103
2024/7/12 17:00,58135
2024/7/12 18:00,58166
2024/7/12 19:00,58193
2024/7/12 20:00,58221
2024/7/12 21:00,58249
2024/7/12 22:00,58273
2024/7/12 23:00,58280
2024/7/13 00:00,58284
2024/7/13 01:00,58287
2024/7/13 02:00,58291
2024/7/13 03:00,58295
2024/7/13 04:00,58298
2024/7/13 05:00,58302
2024/7/13 06:00,58305
2024/7/13 07:00,58309
2024/7/13 08:00,58315
2024/7/13 09:00,58332
2024/7/13 10:00,58355
2024/7/13 11:00,58377
2024/7/13 12:00,58400
2024/7/13 13:00,58423
2024/7/13 14:00,58444
2024/7/13 15:00,58468
2024/7/13 16:00,58492
2024/7/13 17:00,58517
2024/7/13 18:00,58540
2024/7/13 19:00,58563
2024/7/13 20:00,58582
2024/7/13 21:00,58602
2024/7/13 22:00,58622
2024/7/13 23:00,58628
2024/7/14 00:00,58632
2024/7/14 01:00,58636
2024/7/14 02:00,58640
2024/7/14 03:00,58645
2024/7/14 04:00,58649
2024/7/14 05:00,58653
2024/7/14 06:00,58657
2024/7/14 07:00,58661
2024/7/14 08:00,58665
2024/7/14 09:00,58687
2024/7/14 10:00,58716
2024/7/14 11:00,58744
2024/7/14 12:00,58771
2024/7/14 13:00,58797
2024/7/14 14:00,58819
2024/7/14 15:00,58845
2024/7/14 16:00,58872
2024/7/14 17:00,58898
2024/7/14 18:00,58923
2024/7/14 19:00,58943
2024/7/14 20:00,58965
2024/7/14 21:00,58990
2024/7/14 22:00,59012
2024/7/14 23:00,59017
2024/7/15 00:00,59021
2024/7/15 01:00,59025
2024/7/15 02:00,59029
2024/7/15 03:00,59033
2024/7/15 04:00,59037
2024/7/15 05:00,59040
2024/7/15 06:00,59044
2024/7/15 07:00,59048
2024/7/15 08:00,59054
2024/7/15 09:00,59071
2024/7/15 10:00,59092
2024/7/15 11:00,59113
2024/7/15 12:00,59135
2024/7/15 13:00,59154
2024/7/15 14:00,59174
2024/7/15 15:00,59199
2024/7/15 16:00,59223
2024/7/15 17:00,59248
2024/7/15 18:00,59274
2024/7/15 19:00,59299
2024/7/15 20:00,59322
2024/7/15 21:00,59343
2024/7/15 22:00,59361
2024/7/15 23:00,59366
2024/7/16 00:00,59370
2024/7/16 01:00,59374
2024/7/16 02:00,59378
2024/7/16 03:00,59382
2024/7/16 04:00,59386
2024/7/16 05:00,59389
2024/7/16 06:00,59393
2024/7/16 07:00,59396
2024/7/16 08:00,59402
2024/7/16 09:00,59419
2024/7/16 10:00,59441
2024/7/16 11:00,59463
2024/7/16 12:00,59485
2024/7/16 13:00,59503
2024/7/16 14:00,59522
2024/7/16 15:00,59547
2024/7/16 16:00,59573
2024/7/16 17:00,59602
2024/7/16 18:00,59628
2024/7/16 19:00,59647
2024/7/16 20:00,59668
2024/7/16 21:00,59687
2024/7/16 22:00,59706
2024/7/16 23:00,59709
2024/7/17 00:00,59714
2024/7/17 01:00,59718
2024/7/17 02:00,59722
2024/7/17 03:00,59726
2024/7/17 04:00,59730
2024/7/17 05:00,59734
2024/7/17 06:00,59738
2024/7/17 07:00,59742
2024/7/17 08:00,59748
2024/7/17 09:00,59766
2024/7/17 10:00,59789
2024/7/17 11:00,59810
2024/7/17 12:00,59831
2024/7/17 13:00,59847
2024/7/17 14:00,59865
2024/7/17 15:00,59889
2024/7/17 16:00,59913
2024/7/17 17:00,59937
2024/7/17 18:00,59959
2024/7/17 19:00,59979
2024/7/17 20:00,59999
2024/7/17 21:00,60020
2024/7/17 22:00,60037
2024/7/17 23:00,60040
2024/7/18 00:00,60043
2024/7/18 01:00,60046
2024/7/18 02:00,60049
2024/7/18 03:00,60052
2024/7/18 04:00,60056
2024/7/18 05:00,60059
2024/7/18 06:00,60062
2024/7/18 07:00,60065
2024/7/18 08:00,60071
2024/7/18 09:00,60085
2024/7/18 10:00,60103
2024/7/18 11:00,60123
2024/7/18 12:00,60143
2024/7/18 13:00,60166
2024/7/18 14:00,60194
2024/7/18 15:00,60225
2024/7/18 16:00,60254
2024/7/18 17:00,60284
2024/7/18 18:00,60312
2024/7/18 19:00,60334
2024/7/18 20:00,60358
2024/7/18 21:00,60383
2024/7/18 22:00,60402
2024/7/18 23:00,60407
2024/7/19 00:00,60412
2024/7/19 01:00,60415
2024/7/19 02:00,60418
2024/7/19 03:00,60421
2024/7/19 04:00,60424
2024/7/19 05:00,60427
2024/7/19 06:00,60431
2024/7/19 07:00,60434
2024/7/19 08:00,60441
2024/7/19 09:00,60455
2024/7/19 10:00,60473
2024/7/19 11:00,60493
2024/7/19 12:00,60514
2024/7/19 13:00,60531
2024/7/19 14:00,60550
2024/7/19 15:00,60574
2024/7/19 16:00,60599
2024/7/19 17:00,60624
2024/7/19 18:00,60644
2024/7/19 19:00,60661
2024/7/19 20:00,60679
2024/7/19 21:00,60697
2024/7/19 22:00,60712
2024/7/19 23:00,60715
2024/7/20 00:00,60718
2024/7/20 01:00,60722
2024/7/20 02:00,60726
2024/7/20 03:00,60729
2024/7/20 04:00,60733
2024/7/20 05:00,60736
2024/7/20 06:00,60739
2024/7/20 07:00,60742
2024/7/20 08:00,60749
2024/7/20 09:00,60765
2024/7/20 10:00,60788
2024/7/20 11:00,60810
2024/7/20 12:00,60833
2024/7/20 13:00,60854
2024/7/20 14:00,60876
2024/7/20 15:00,60896
2024/7/20 16:00,60919
2024/7/20 17:00,60943
2024/7/20 18:00,60965
2024/7/20 19:00,60984
2024/7/20 20:00,61001
2024/7/20 21:00,61018
2024/7/20 22:00,61033
2024/7/20 23:00,61037
2024/7/21 00:00,61041
2024/7/21 01:00,61044
2024/7/21 02:00,61048
2024/7/21 03:00,61051
2024/7/21 04:00,61054
2024/7/21 05:00,61057
2024/7/21 06:00,61060
2024/7/21 07:00,61064
2024/7/21 08:00,61072
2024/7/21 09:00,61087
2024/7/21 10:00,61107
2024/7/21 11:00,61127
2024/7/21 12:00,61149
2024/7/21 13:00,61173
2024/7/21 14:00,61200
2024/7/21 15:00,61229
2024/7/21 16:00,61258
2024/7/21 17:00,61285
2024/7/21 18:00,61308
2024/7/21 19:00,61329
2024/7/21 20:00,61347
2024/7/21 21:00,61348
2024/7/21 22:00,61348
2024/7/21 23:00,61348
2024/7/22 00:00,61348
2024/7/22 01:00,61348
2024/7/22 02:00,61348
2024/7/22 03:00,61348
2024/7/22 04:00,61348
2024/7/22 05:00,61348
2024/7/22 06:00,61348
2024/7/22 07:00,61348
2024/7/22 08:00,61348
2024/7/22 09:00,61372
2024/7/22 10:00,61402
2024/7/22 11:00,61430
2024/7/22 12:00,61459
2024/7/22 13:00,61485
2024/7/22 14:00,61517
2024/7/22 15:00,61551
2024/7/22 16:00,61581
2024/7/22 17:00,61611
2024/7/22 18:00,61641
2024/7/22 19:00,61668
2024/7/22 20:00,61693
2024/7/22 21:00,61717
2024/7/22 22:00,61737
2024/7/22 23:00,61741
2024/7/23 00:00,61747
2024/7/23 01:00,61751
2024/7/23 02:00,61755
2024/7/23 03:00,61760
2024/7/23 04:00,61764
2024/7/23 05:00,61768
2024/7/23 06:00,61772
2024/7/23 07:00,61776
2024/7/23 08:00,61786
2024/7/23 09:00,61810
2024/7/23 10:00,61834
2024/7/23 11:00,61857
2024/7/23 12:00,61879
2024/7/23 13:00,61900
2024/7/23 14:00,61927
2024/7/23 15:00,61956
2024/7/23 16:00,61983
2024/7/23 17:00,62011
2024/7/23 18:00,62037
2024/7/23 19:00,62057
2024/7/23 20:00,62076
2024/7/23 21:00,62094
2024/7/23 22:00,62110
2024/7/23 23:00,62114
2024/7/24 00:00,62118
2024/7/24 01:00,62122
2024/7/24 02:00,62126
2024/7/24 03:00,62131
2024/7/24 04:00,62135
2024/7/24 05:00,62138
2024/7/24 06:00,62142
2024/7/24 07:00,62146
2024/7/24 08:00,62158
2024/7/24 09:00,62181
2024/7/24 10:00,62208
2024/7/24 11:00,62229
2024/7/24 12:00,62251
2024/7/24 13:00,62271
2024/7/24 14:00,62293
2024/7/24 15:00,62318
2024/7/24 16:00,62343
2024/7/24 17:00,62367
2024/7/24 18:00,62389
2024/7/24 19:00,62409
2024/7/24 20:00,62429
2024/7/24 21:00,62449
2024/7/24 22:00,62464
2024/7/24 23:00,62468
2024/7/25 00:00,62472
2024/7/25 01:00,62475
2024/7/25 02:00,62479
2024/7/25 03:00,62483
2024/7/25 04:00,62487
2024/7/25 05:00,62491
2024/7/25 06:00,62494
2024/7/25 07:00,62497
2024/7/25 08:00,62504
2024/7/25 09:00,62522
2024/7/25 10:00,62543
2024/7/25 11:00,62568
2024/7/25 12:00,62592
2024/7/25 13:00,62615
2024/7/25 14:00,62643
2024/7/25 15:00,62673
2024/7/25 16:00,62702
2024/7/25 17:00,62731
2024/7/25 18:00,62757
2024/7/25 19:00,62779
2024/7/25 20:00,62800
2024/7/25 21:00,62820
2024/7/25 22:00,62839
2024/7/25 23:00,62844
2024/7/26 00:00,62848
2024/7/26 01:00,62851
2024/7/26 02:00,62854
2024/7/26 03:00,62858
2024/7/26 04:00,62861
2024/7/26 05:00,62865
2024/7/26 06:00,62868
2024/7/26 07:00,62871
2024/7/26 08:00,62878
2024/7/26 09:00,62896
2024/7/26 10:00,62918
2024/7/26 11:00,62942
2024/7/26 12:00,62966
2024/7/26 13:00,62990
2024/7/26 14:00,63018
2024/7/26 15:00,63050
2024/7/26 16:00,63081
2024/7/26 17:00,63111
2024/7/26 18:00,63139
2024/7/26 19:00,63161
2024/7/26 20:00,63183
2024/7/26 21:00,63205
2024/7/26 22:00,63223
2024/7/26 23:00,63227
2024/7/27 00:00,63230
2024/7/27 01:00,63234
2024/7/27 02:00,63237
2024/7/27 03:00,63241
2024/7/27 04:00,63244
2024/7/27 05:00,63247
2024/7/27 06:00,63250
2024/7/27 07:00,63253
2024/7/27 08:00,63263
2024/7/27 09:00,63286
2024/7/27 10:00,63313
2024/7/27 11:00,63341
2024/7/27 12:00,63371
2024/7/27 13:00,63402
2024/7/27 14:00,63435
2024/7/27 15:00,63469
2024/7/27 16:00,63505
2024/7/27 17:00,63538
2024/7/27 18:00,63568
2024/7/27 19:00,63594
2024/7/27 20:00,63620
2024/7/27 21:00,63645
2024/7/27 22:00,63663
2024/7/27 23:00,63666
2024/7/28 00:00,63670
2024/7/28 01:00,63674
2024/7/28 02:00,63678
2024/7/28 03:00,63682
2024/7/28 04:00,63686
2024/7/28 05:00,63690
2024/7/28 06:00,63694
2024/7/28 07:00,63698
2024/7/28 08:00,63706
2024/7/28 09:00,63722
2024/7/28 10:00,63747
2024/7/28 11:00,63773
2024/7/28 12:00,63799
2024/7/28 13:00,63824
2024/7/28 14:00,63850
2024/7/28 15:00,63877
2024/7/28 16:00,63905
2024/7/28 17:00,63933
2024/7/28 18:00,63959
2024/7/28 19:00,63982
2024/7/28 20:00,64003
2024/7/28 21:00,64026
2024/7/28 22:00,64045
2024/7/28 23:00,64049
2024/7/29 00:00,64053
2024/7/29 01:00,64056
2024/7/29 02:00,64060
2024/7/29 03:00,64063
2024/7/29 04:00,64067
2024/7/29 05:00,64070
2024/7/29 06:00,64074
2024/7/29 07:00,64077
2024/7/29 08:00,64084
2024/7/29 09:00,64105
2024/7/29 10:00,64129
2024/7/29 11:00,64153
2024/7/29 12:00,64175
2024/7/29 13:00,64196
2024/7/29 14:00,64220
2024/7/29 15:00,64244
2024/7/29 16:00,64270
2024/7/29 17:00,64295
2024/7/29 18:00,64317
2024/7/29 19:00,64335
2024/7/29 20:00,64354
2024/7/29 21:00,64372
2024/7/29 22:00,64386
2024/7/29 23:00,64391
2024/7/30 00:00,64395
2024/7/30 01:00,64398
2024/7/30 02:00,64402
2024/7/30 03:00,64406
2024/7/30 04:00,64410
2024/7/30 05:00,64413
2024/7/30 06:00,64417
2024/7/30 07:00,64420
2024/7/30 08:00,64426
2024/7/30 09:00,64443
2024/7/30 10:00,64459
2024/7/30 11:00,64479
2024/7/30 12:00,64499
2024/7/30 13:00,64517
2024/7/30 14:00,64542
2024/7/30 15:00,64568
2024/7/30 16:00,64594
2024/7/30 17:00,64619
2024/7/30 18:00,64645
2024/7/30 19:00,64666
2024/7/30 20:00,64685
2024/7/30 21:00,64706
2024/7/30 22:00,64725
2024/7/30 23:00,64730
2024/7/31 00:00,64734
2024/7/31 01:00,64738
2024/7/31 02:00,64742
2024/7/31 03:00,64746
2024/7/31 04:00,64750
2024/7/31 05:00,64754
2024/7/31 06:00,64757
2024/7/31 07:00,64761
2024/7/31 08:00,64768
2024/7/31 09:00,64789
2024/7/31 10:00,64813
2024/7/31 11:00,64837
2024/7/31 12:00,64861
2024/7/31 13:00,64887
2024/7/31 14:00,64919
2024/7/31 15:00,64949
2024/7/31 16:00,64980
2024/7/31 17:00,65010
2024/7/31 18:00,65040
2024/7/31 19:00,65064
2024/7/31 20:00,65086
2024/7/31 21:00,65108
2024/7/31 22:00,65127
2024/7/31 23:00,65132
2024/8/1 00:00,65136
2024/8/1 01:00,65140
2024/8/1 02:00,65144
2024/8/1 03:00,65148
2024/8/1 04:00,65152
2024/8/1 05:00,65157
2024/8/1 06:00,65161
2024/8/1 07:00,65164
2024/8/1 08:00,65177
2024/8/1 09:00,65200
2024/8/1 10:00,65227
2024/8/1 11:00,65255
2024/8/1 12:00,65286
2024/8/1 13:00,65315
2024/8/1 14:00,65349
2024/8/1 15:00,65387
2024/8/1 16:00,65424
2024/8/1 17:00,65458
2024/8/1 18:00,65489
2024/8/1 19:00,
2024/8/1 20:00,65535
2024/8/1 21:00,65556
2024/8/1 22:00,65573
2024/8/1 23:00,65577
2024/8/2 00:00,65581
2024/8/2 01:00,65585
2024/8/2 02:00,65589
2024/8/2 03:00,65594
2024/8/2 04:00,65598
2024/8/2 05:00,65602
2024/8/2 06:00,65606
2024/8/2 07:00,65610
2024/8/2 08:00,65619
2024/8/2 09:00,65654
2024/8/2 10:00,65688
2024/8/2 11:00,65720
2024/8/2 12:00,65753
2024/8/2 13:00,65787
2024/8/2 14:00,65819
2024/8/2 15:00,65855
2024/8/2 16:00,65890
2024/8/2 17:00,65923
2024/8/2 18:00,65953
2024/8/2 19:00,65979
2024/8/2 20:00,66003
2024/8/2 21:00,66027
2024/8/2 22:00,66048
2024/8/2 23:00,66053
2024/8/3 00:00,66057
2024/8/3 01:00,66061
2024/8/3 02:00,66065
2024/8/3 03:00,66068
2024/8/3 04:00,66072
2024/8/3 05:00,66076
2024/8/3 06:00,66079
2024/8/3 07:00,66083
2024/8/3 08:00,66092
2024/8/3 09:00,66118
2024/8/3 10:00,66146
2024/8/3 11:00,66179
2024/8/3 12:00,66213
2024/8/3 13:00,66241
2024/8/3 14:00,66271
2024/8/3 15:00,66302
2024/8/3 16:00,66332
2024/8/3 17:00,66362
2024/8/3 18:00,66391
2024/8/3 19:00,66415
2024/8/3 20:00,66437
2024/8/3 21:00,66460
2024/8/3 22:00,66478
2024/8/3 23:00,66483
2024/8/4 00:00,66488
2024/8/4 01:00,66493
2024/8/4 02:00,66497
2024/8/4 03:00,66502
2024/8/4 04:00,66506
2024/8/4 05:00,66511
2024/8/4 06:00,66515
2024/8/4 07:00,66519
2024/8/4 08:00,66525
2024/8/4 09:00,66550
2024/8/4 10:00,66575
2024/8/4 11:00,66598
2024/8/4 12:00,66619
2024/8/4 13:00,66643
2024/8/4 14:00,66667
2024/8/4 15:00,66693
2024/8/4 16:00,66719
2024/8/4 17:00,66744
2024/8/4 18:00,66769
2024/8/4 19:00,66792
2024/8/4 20:00,66814
2024/8/4 21:00,66836
2024/8/4 22:00,66853
2024/8/4 23:00,66856
2024/8/5 00:00,66860
2024/8/5 01:00,66864
2024/8/5 02:00,66868
2024/8/5 03:00,66872
2024/8/5 04:00,66876
2024/8/5 05:00,66880
2024/8/5 06:00,66884
2024/8/5 07:00,66887
2024/8/5 08:00,66897
2024/8/5 09:00,66925
2024/8/5 10:00,66958
2024/8/5 11:00,66988
2024/8/5 12:00,67016
2024/8/5 13:00,67044
2024/8/5 14:00,67077
2024/8/5 15:00,67110
2024/8/5 16:00,67141
2024/8/5 17:00,67173
2024/8/5 18:00,67204
2024/8/5 19:00,67229
2024/8/5 20:00,67255
2024/8/5 21:00,67278
2024/8/5 22:00,67298
2024/8/5 23:00,67301
2024/8/6 00:00,67305
2024/8/6 01:00,67309
2024/8/6 02:00,67312
2024/8/6 03:00,67316
2024/8/6 04:00,67319
2024/8/6 05:00,67323
2024/8/6 06:00,67326
2024/8/6 07:00,67330
2024/8/6 08:00,67340
2024/8/6 09:00,67367
2024/8/6 10:00,67396
2024/8/6 11:00,67424
2024/8/6 12:00,67453
2024/8/6 13:00,67478
2024/8/6 14:00,67506
2024/8/6 15:00,67535
2024/8/6 16:00,67564
2024/8/6 17:00,67595
2024/8/6 18:00,67626
2024/8/6 19:00,67653
2024/8/6 20:00,67676
2024/8/6 21:00,67700
2024/8/6 22:00,67721
2024/8/6 23:00,67728
2024/8/7 00:00,67732
2024/8/7 01:00,67736
2024/8/7 02:00,67741
2024/8/7 03:00,67745
2024/8/7 04:00,67750
2024/8/7 05:00,67754
2024/8/7 06:00,67758
2024/8/7 07:00,67762
2024/8/7 08:00,67772
2024/8/7 09:00,67804
2024/8/7 10:00,67841
2024/8/7 11:00,67874
2024/8/7 12:00,67909
2024/8/7 13:00,67937
2024/8/7 14:00,67965
2024/8/7 15:00,67997
2024/8/7 16:00,68031
2024/8/7 17:00,68064
2024/8/7 18:00,68092
2024/8/7 19:00,68115
2024/8/7 20:00,68138
2024/8/7 21:00,68161
2024/8/7 22:00,68180
2024/8/7 23:00,68184
2024/8/8 00:00,68189
2024/8/8 01:00,68193
2024/8/8 02:00,68197
2024/8/8 03:00,68200
2024/8/8 04:00,68204
2024/8/8 05:00,68208
2024/8/8 06:00,68212
2024/8/8 07:00,68216
2024/8/8 08:00,68227
2024/8/8 09:00,68256
2024/8/8 10:00,68284
2024/8/8 11:00,68312
2024/8/8 12:00,68342
2024/8/8 13:00,68372
2024/8/8 14:00,68402
2024/8/8 15:00,68436
2024/8/8 16:00,68469
2024/8/8 17:00,68502
2024/8/8 18:00,68534
2024/8/8 19:00,68559
2024/8/8 20:00,68583
2024/8/8 21:00,68606
2024/8/8 22:00,68624
2024/8/8 23:00,68628
2024/8/9 00:00,68632
2024/8/9 01:00,68636
2024/8/9 02:00,68641
2024/8/9 03:00,68645
2024/8/9 04:00,68649
2024/8/9 05:00,68653
2024/8/9 06:00,68657
2024/8/9 07:00,68660
2024/8/9 08:00,68672
2024/8/9 09:00,68696
2024/8/9 10:00,68722
2024/8/9 11:00,68746
2024/8/9 12:00,68770
2024/8/9 13:00,68792
2024/8/9 14:00,68815
2024/8/9 15:00,68842
2024/8/9 16:00,68869
2024/8/9 17:00,68896
2024/8/9 18:00,68921
2024/8/9 19:00,68942
2024/8/9 20:00,68962
2024/8/9 21:00,68985
2024/8/9 22:00,69003
2024/8/9 23:00,69007
2024/8/10 00:00,69011
2024/8/10 01:00,69015
2024/8/10 02:00,69019
2024/8/10 03:00,69023
2024/8/10 04:00,69027
2024/8/10 05:00,69031
2024/8/10 06:00,69035
2024/8/10 07:00,69038
2024/8/10 08:00,69050
2024/8/10 09:00,69072
2024/8/10 10:00,69100
2024/8/10 11:00,69127
2024/8/10 12:00,69153
2024/8/10 13:00,69176
2024/8/10 14:00,69198
2024/8/10 15:00,69219
2024/8/10 16:00,69241
2024/8/10 17:00,69263
2024/8/10 18:00,69284
2024/8/10 19:00,69304
2024/8/10 20:00,69325
2024/8/10 21:00,69344
2024/8/10 22:00,69360
2024/8/10 23:00,69364
2024/8/11 00:00,69368
2024/8/11 01:00,69371
2024/8/11 02:00,69375
2024/8/11 03:00,69379
2024/8/11 04:00,69382
2024/8/11 05:00,69386
2024/8/11 06:00,69389
2024/8/11 07:00,69393
2024/8/11 08:00,69402
2024/8/11 09:00,69424
2024/8/11 10:00,69448
2024/8/11 11:00,69473
2024/8/11 12:00,69498
2024/8/11 13:00,69523
2024/8/11 14:00,69550
2024/8/11 15:00,69576
2024/8/11 16:00,69603
2024/8/11 17:00,69626
2024/8/11 18:00,69650
2024/8/11 19:00,69673
2024/8/11 20:00,69695
2024/8/11 21:00,69718
2024/8/11 22:00,69736
2024/8/11 23:00,69741
2024/8/12 00:00,69745
2024/8/12 01:00,69749
2024/8/12 02:00,69753
2024/8/12 03:00,69757
2024/8/12 04:00,69760
2024/8/12 05:00,69764
2024/8/12 06:00,69768
2024/8/12 07:00,69771
2024/8/12 08:00,69782
2024/8/12 09:00,69808
2024/8/12 10:00,69837
2024/8/12 11:00,69866
2024/8/12 12:00,69896
2024/8/12 13:00,69923
2024/8/12 14:00,69955
2024/8/12 15:00,69989
2024/8/12 16:00,70022
2024/8/12 17:00,70054
2024/8/12 18:00,70083
2024/8/12 19:00,70107
2024/8/12 20:00,70130
2024/8/12 21:00,70153
2024/8/12 22:00,70170
2024/8/12 23:00,70174
2024/8/13 00:00,70178
2024/8/13 01:00,70182
2024/8/13 02:00,70186
2024/8/13 03:00,70191
2024/8/13 04:00,70195
2024/8/13 05:00,70199
2024/8/13 06:00,70203
2024/8/13 07:00,70206
2024/8/13 08:00,70219
2024/8/13 09:00,70247
2024/8/13 10:00,70277
2024/8/13 11:00,70308
2024/8/13 12:00,70340
2024/8/13 13:00,70368
2024/8/13 14:00,70394
2024/8/13 15:00,70428
2024/8/13 16:00,70463
2024/8/13 17:00,70496
2024/8/13 18:00,70526
2024/8/13 19:00,70550
2024/8/13 20:00,70575
2024/8/13 21:00,70600
2024/8/13 22:00,70621
2024/8/13 23:00,70625
2024/8/14 00:00,70629
2024/8/14 01:00,70633
2024/8/14 02:00,70637
2024/8/14 03:00,70642
2024/8/14 04:00,70646
2024/8/14 05:00,70650
2024/8/14 06:00,70653
2024/8/14 07:00,70657
2024/8/14 08:00,70668
2024/8/14 09:00,70686
2024/8/14 10:00,70708
2024/8/14 11:00,70741
2024/8/14 12:00,70768
2024/8/14 13:00,70798
2024/8/14 14:00,70829
2024/8/14 15:00,70864
2024/8/14 16:00,70902
2024/8/14 17:00,70936
2024/8/14 18:00,70970
2024/8/14 19:00,70998
2024/8/14 20:00,71022
2024/8/14 21:00,71048
2024/8/14 22:00,71067
2024/8/14 23:00,71070
2024/8/15 00:00,71074
2024/8/15 01:00,71078
2024/8/15 02:00,71081
2024/8/15 03:00,71085
2024/8/15 04:00,71089
2024/8/15 05:00,71093
2024/8/15 06:00,71096
2024/8/15 07:00,71100
2024/8/15 08:00,71110
2024/8/15 09:00,71131
2024/8/15 10:00,71158
2024/8/15 11:00,71185
2024/8/15 12:00,71209
2024/8/15 13:00,71233
2024/8/15 14:00,71258
2024/8/15 15:00,71282
2024/8/15 16:00,71306
2024/8/15 17:00,71329
2024/8/15 18:00,71350
2024/8/15 19:00,71365
2024/8/15 20:00,71380
2024/8/15 21:00,71396
2024/8/15 22:00,71410
2024/8/15 23:00,71413
2024/8/16 00:00,71416
2024/8/16 01:00,71419
2024/8/16 02:00,71422
2024/8/16 03:00,71425
2024/8/16 04:00,71429
2024/8/16 05:00,71432
2024/8/16 06:00,71435
2024/8/16 07:00,71438
2024/8/16 08:00,71446
2024/8/16 09:00,71469
2024/8/16 10:00,71495
2024/8/16 11:00,71519
2024/8/16 12:00,71542
2024/8/16 13:00,71564
2024/8/16 14:00,71587
2024/8/16 15:00,71611
2024/8/16 16:00,71636
2024/8/16 17:00,71661
2024/8/16 18:00,71685
2024/8/16 19:00,71705
2024/8/16 20:00,71724
2024/8/16 21:00,71743
2024/8/16 22:00,71757
2024/8/16 23:00,71760
2024/8/17 00:00,71763
2024/8/17 01:00,71766
2024/8/17 02:00,71770
2024/8/17 03:00,71773
2024/8/17 04:00,71776
2024/8/17 05:00,71780
2024/8/17 06:00,71783
2024/8/17 07:00,71786
2024/8/17 08:00,71796
2024/8/17 09:00,71816
2024/8/17 10:00,71837
2024/8/17 11:00,71858
2024/8/17 12:00,71881
2024/8/17 13:00,71901
2024/8/17 14:00,71922
2024/8/17 15:00,71946
2024/8/17 16:00,71970
2024/8/17 17:00,71993
2024/8/17 18:00,72015
2024/8/17 19:00,72032
2024/8/17 20:00,72049
2024/8/17 21:00,72065
2024/8/17 22:00,72079
2024/8/17 23:00,72084
2024/8/18 00:00,72087
2024/8/18 01:00,72091
2024/8/18 02:00,72094
2024/8/18 03:00,72098
2024/8/18 04:00,72101
2024/8/18 05:00,72104
2024/8/18 06:00,72107
2024/8/18 07:00,72110
2024/8/18 08:00,72115
2024/8/18 09:00,72128
2024/8/18 10:00,72147
2024/8/18 11:00,72166
2024/8/18 12:00,72187
2024/8/18 13:00,72208
2024/8/18 14:00,72230
2024/8/18 15:00,72250
2024/8/18 16:00,72271
2024/8/18 17:00,72292
2024/8/18 18:00,72313
2024/8/18 19:00,72332
2024/8/18 20:00,72352
2024/8/18 21:00,72371
2024/8/18 22:00,72387
2024/8/18 23:00,72390
2024/8/19 00:00,72393
2024/8/19 01:00,72396
2024/8/19 02:00,72399
2024/8/19 03:00,72402
2024/8/19 04:00,72406
2024/8/19 05:00,72409
2024/8/19 06:00,72412
2024/8/19 07:00,72415
2024/8/19 08:00,72424
2024/8/19 09:00,72446
2024/8/19 10:00,72471
2024/8/19 11:00,72495
2024/8/19 12:00,72522
2024/8/19 13:00,72545
2024/8/19 14:00,72570
2024/8/19 15:00,72599
2024/8/19 16:00,72626
2024/8/19 17:00,72653
2024/8/19 18:00,72680
2024/8/19 19:00,72702
2024/8/19 20:00,72724
2024/8/19 21:00,72742
2024/8/19 22:00,72758
2024/8/19 23:00,72761
2024/8/20 00:00,72764
2024/8/20 01:00,72769
2024/8/20 02:00,72773
2024/8/20 03:00,72776
2024/8/20 04:00,72779
2024/8/20 05:00,72782
2024/8/20 06:00,72785
2024/8/20 07:00,72788
2024/8/20 08:00,72793
2024/8/20 09:00,72794
2024/8/20 10:00,72794
2024/8/20 11:00,72794
2024/8/20 12:00,72794
2024/8/20 13:00,72794
2024/8/20 14:00,72794
2024/8/20 15:00,72794
2024/8/20 16:00,72794
2024/8/20 17:00,72794
2024/8/20 18:00,72794
2024/8/20 19:00,72794
2024/8/20 20:00,72794
2024/8/20 21:00,
2024/8/20 22:00,72801
2024/8/20 23:00,72804
2024/8/21 00:00,72807
2024/8/21 01:00,72809
2024/8/21 02:00,72812
2024/8/21 03:00,72815
2024/8/21 04:00,72817
2024/8/21 05:00,72819
2024/8/21 06:00,72821
2024/8/21 07:00,72824
2024/8/21 08:00,72831
2024/8/21 09:00,72854
2024/8/21 10:00,72879
2024/8/21 11:00,72904
2024/8/21 12:00,72929
2024/8/21 13:00,72954
2024/8/21 14:00,72977
2024/8/21 15:00,73004
2024/8/21 16:00,73030
2024/8/21 17:00,73057
2024/8/21 18:00,73083
2024/8/21 19:00,73106
2024/8/21 20:00,73127
2024/8/21 21:00,73149
2024/8/21 22:00,73166
2024/8/21 23:00,73169
2024/8/22 00:00,73172
2024/8/22 01:00,73175
2024/8/22 02:00,73179
2024/8/22 03:00,73182
2024/8/22 04:00,73185
2024/8/22 05:00,73188
2024/8/22 06:00,73191
2024/8/22 07:00,73194
2024/8/22 08:00,73203
2024/8/22 09:00,73225
2024/8/22 10:00,73251
2024/8/22 11:00,73280
2024/8/22 12:00,73308
2024/8/22 13:00,73333
2024/8/22 14:00,73360
2024/8/22 15:00,73390
2024/8/22 16:00,73421
2024/8/22 17:00,73453
2024/8/22 18:00,73482
2024/8/22 19:00,73508
2024/8/22 20:00,73532
2024/8/22 21:00,73554
2024/8/22 22:00,73572
2024/8/22 23:00,73576
2024/8/23 00:00,73580
2024/8/23 01:00,73583
2024/8/23 02:00,73586
2024/8/23 03:00,73590
2024/8/23 04:00,73593
2024/8/23 05:00,73597
2024/8/23 06:00,73600
2024/8/23 07:00,73605
2024/8/23 08:00,73614
2024/8/23 09:00,73638
2024/8/23 10:00,73665
2024/8/23 11:00,73692
2024/8/23 12:00,73721
2024/8/23 13:00,73747
2024/8/23 14:00,73772
2024/8/23 15:00,73798
2024/8/23 16:00,73824
2024/8/23 17:00,73850
2024/8/23 18:00,73876
2024/8/23 19:00,73901
2024/8/23 20:00,73927
2024/8/23 21:00,73948
2024/8/23 22:00,73963
2024/8/23 23:00,73967
2024/8/24 00:00,73970
2024/8/24 01:00,73974
2024/8/24 02:00,73977
2024/8/24 03:00,73980
2024/8/24 04:00,73984
2024/8/24 05:00,73987
2024/8/24 06:00,73990
2024/8/24 07:00,73996
2024/8/24 08:00,74007
2024/8/24 09:00,74034
2024/8/24 10:00,74066
2024/8/24 11:00,74097
2024/8/24 12:00,74128
2024/8/24 13:00,74156
2024/8/24 14:00,74183
2024/8/24 15:00,74211
2024/8/24 16:00,74239
2024/8/24 17:00,74269
2024/8/24 18:00,74297
2024/8/24 19:00,74324
2024/8/24 20:00,74350
2024/8/24 21:00,74372
2024/8/24 22:00,74390
2024/8/24 23:00,74393
2024/8/25 00:00,74396
2024/8/25 01:00,74401
2024/8/25 02:00,74404
2024/8/25 03:00,74407
2024/8/25 04:00,74411
2024/8/25 05:00,74414
2024/8/25 06:00,74417
2024/8/25 07:00,74420
2024/8/25 08:00,74427
2024/8/25 09:00,74452
2024/8/25 10:00,74483
2024/8/25 11:00,74513
2024/8/25 12:00,74544
2024/8/25 13:00,74577
2024/8/25 14:00,74608
2024/8/25 15:00,74640
2024/8/25 16:00,74670
2024/8/25 17:00,74702
2024/8/25 18:00,74729
2024/8/25 19:00,74753
2024/8/25 20:00,74777
2024/8/25 21:00,74801
2024/8/25 22:00,74823
2024/8/25 23:00,74827
2024/8/26 00:00,74831
2024/8/26 01:00,74835
2024/8/26 02:00,74839
2024/8/26 03:00,74842
2024/8/26 04:00,74846
2024/8/26 05:00,74850
2024/8/26 06:00,74854
2024/8/26 07:00,74857
2024/8/26 08:00,74864
2024/8/26 09:00,74895
2024/8/26 10:00,74926
2024/8/26 11:00,74955
2024/8/26 12:00,74985
2024/8/26 13:00,75011
2024/8/26 14:00,75037
2024/8/26 15:00,75065
2024/8/26 16:00,75089
2024/8/26 17:00,75113
2024/8/26 18:00,75138
2024/8/26 19:00,75162
2024/8/26 20:00,75186
2024/8/26 21:00,75210
2024/8/26 22:00,75229
2024/8/26 23:00,75233
2024/8/27 00:00,75237
2024/8/27 01:00,75241
2024/8/27 02:00,75245
2024/8/27 03:00,75248
2024/8/27 04:00,75252
2024/8/27 05:00,75255
2024/8/27 06:00,75260
2024/8/27 07:00,75267
2024/8/27 08:00,75276
2024/8/27 09:00,75301
2024/8/27 10:00,75327
2024/8/27 11:00,75355
2024/8/27 12:00,75380
2024/8/27 13:00,75403
2024/8/27 14:00,75422
2024/8/27 15:00,75443
2024/8/27 16:00,75463
2024/8/27 17:00,75484
2024/8/27 18:00,75506
2024/8/27 19:00,75528
2024/8/27 20:00,75550
2024/8/27 21:00,75572
2024/8/27 22:00,75591
2024/8/27 23:00,75594
2024/8/28 00:00,75597
2024/8/28 01:00,75600
2024/8/28 02:00,75604
2024/8/28 03:00,75607
2024/8/28 04:00,75610
2024/8/28 05:00,75614
2024/8/28 06:00,75617
2024/8/28 07:00,75620
2024/8/28 08:00,75629
2024/8/28 09:00,75653
2024/8/28 10:00,75678
2024/8/28 11:00,75705
2024/8/28 12:00,75736
2024/8/28 13:00,75762
2024/8/28 14:00,75789
2024/8/28 15:00,75814
2024/8/28 16:00,75841
2024/8/28 17:00,75867
2024/8/28 18:00,75893
2024/8/28 19:00,75917
2024/8/28 20:00,75941
2024/8/28 21:00,75965
2024/8/28 22:00,75986
2024/8/28 23:00,75990
2024/8/29 00:00,75993
2024/8/29 01:00,75997
2024/8/29 02:00,76000
2024/8/29 03:00,76003
2024/8/29 04:00,76007
2024/8/29 05:00,76010
2024/8/29 06:00,76014
2024/8/29 07:00,76017
2024/8/29 08:00,76024
2024/8/29 09:00,76041
2024/8/29 10:00,76062
2024/8/29 11:00,76085
2024/8/29 12:00,76112
2024/8/29 13:00,76138
2024/8/29 14:00,76164
2024/8/29 15:00,76189
2024/8/29 16:00,76219
2024/8/29 17:00,76245
2024/8/29 18:00,76275
2024/8/29 19:00,76303
2024/8/29 20:00,76330
2024/8/29 21:00,76357
2024/8/29 22:00,76377
2024/8/29 23:00,76381
2024/8/30 00:00,76385
2024/8/30 01:00,76389
2024/8/30 02:00,76394
2024/8/30 03:00,76398
2024/8/30 04:00,76402
2024/8/30 05:00,76406
2024/8/30 06:00,76410
2024/8/30 07:00,76414
2024/8/30 08:00,76426
2024/8/30 09:00,76443
2024/8/30 10:00,76467
2024/8/30 11:00,76493
2024/8/30 12:00,76518
2024/8/30 13:00,76545
2024/8/30 14:00,76573
2024/8/30 15:00,76603
2024/8/30 16:00,76636
2024/8/30 17:00,76668
2024/8/30 18:00,76699
2024/8/30 19:00,76725
2024/8/30 20:00,76751
2024/8/30 21:00,76776
2024/8/30 22:00,76794
2024/8/30 23:00,76799
2024/8/31 00:00,76802
2024/8/31 01:00,76805
2024/8/31 02:00,76808
2024/8/31 03:00,76812
2024/8/31 04:00,76815
2024/8/31 05:00,76818
2024/8/31 06:00,76822
2024/8/31 07:00,76825
2024/8/31 08:00,76837
2024/8/31 09:00,76857
2024/8/31 10:00,76878
2024/8/31 11:00,76902
2024/8/31 12:00,76931
2024/8/31 13:00,76960
2024/8/31 14:00,76989
2024/8/31 15:00,77018
2024/8/31 16:00,77044
2024/8/31 17:00,77073
2024/8/31 18:00,77100
2024/8/31 19:00,77126
2024/8/31 20:00,77155
2024/8/31 21:00,77183
2024/8/31 22:00,77207
2024/8/31 23:00,77211
2024/9/1 00:00,77215
2024/9/1 01:00,77218
2024/9/1 02:00,77221
2024/9/1 03:00,77224
2024/9/1 04:00,77228
2024/9/1 05:00,77231
2024/9/1 06:00,77235
2024/9/1 07:00,77238
2024/9/1 08:00,77251
2024/9/1 09:00,77272
2024/9/1 10:00,77306
2024/9/1 11:00,77338
2024/9/1 12:00,77374
2024/9/1 13:00,77407
2024/9/1 14:00,77441
2024/9/1 15:00,77475
2024/9/1 16:00,77508
2024/9/1 17:00,77541
2024/9/1 18:00,77574
2024/9/1 19:00,77606
2024/9/1 20:00,77637
2024/9/1 21:00,77668
2024/9/1 22:00,77698
2024/9/1 23:00,77704
2024/9/2 00:00,77708
2024/9/2 01:00,77712
2024/9/2 02:00,77715
2024/9/2 03:00,77719
2024/9/2 04:00,77722
2024/9/2 05:00,77726
2024/9/2 06:00,77730
2024/9/2 07:00,77733
2024/9/2 08:00,77745
2024/9/2 09:00,77781
2024/9/2 10:00,77821
2024/9/2 11:00,77861
2024/9/2 12:00,77903
2024/9/2 13:00,77938
2024/9/2 14:00,77969
2024/9/2 15:00,78009
2024/9/2 16:00,78047
2024/9/2 17:00,78084
2024/9/2 18:00,78119
2024/9/2 19:00,78148
2024/9/2 20:00,78178
2024/9/2 21:00,78207
2024/9/2 22:00,78234
2024/9/2 23:00,78242
2024/9/3 00:00,78246
2024/9/3 01:00,78251
2024/9/3 02:00,78255
2024/9/3 03:00,78259
2024/9/3 04:00,78263
2024/9/3 05:00,78268
2024/9/3 06:00,78272
2024/9/3 07:00,78277
2024/9/3 08:00,78288
2024/9/3 09:00,78331
2024/9/3 10:00,78372
2024/9/3 11:00,78413
2024/9/3 12:00,78455
2024/9/3 13:00,78491
2024/9/3 14:00,78525
2024/9/3 15:00,78568
2024/9/3 16:00,78614
2024/9/3 17:00,78660
2024/9/3 18:00,78703
2024/9/3 19:00,78737
2024/9/3 20:00,78767
2024/9/3 21:00,78795
2024/9/3 22:00,78823
2024/9/3 23:00,78832
2024/9/4 00:00,78838
2024/9/4 01:00,78843
2024/9/4 02:00,78849
2024/9/4 03:00,78853
2024/9/4 04:00,78857
2024/9/4 05:00,78861
2024/9/4 06:00,78865
2024/9/4 07:00,78870
2024/9/4 08:00,78884
2024/9/4 09:00,78913
2024/9/4 10:00,78952
2024/9/4 11:00,78991
2024/9/4 12:00,79029
2024/9/4 13:00,
2024/9/4 14:00,
2024/9/4 15:00,79141
2024/9/4 16:00,79184
2024/9/4 17:00,79230
2024/9/4 18:00,79269
2024/9/4 19:00,79301
2024/9/4 20:00,79329
2024/9/4 21:00,79357
2024/9/4 22:00,79380
2024/9/4 23:00,79387
2024/9/5 00:00,79391
2024/9/5 01:00,79395
2024/9/5 02:00,79399
2024/9/5 03:00,79403
2024/9/5 04:00,79407
2024/9/5 05:00,79411
2024/9/5 06:00,79414
2024/9/5 07:00,79418
2024/9/5 08:00,79427
2024/9/5 09:00,79454
2024/9/5 10:00,79479
2024/9/5 11:00,79502
2024/9/5 12:00,79526
2024/9/5 13:00,79551
2024/9/5 14:00,79577
2024/9/5 15:00,79605
2024/9/5 16:00,79634
2024/9/5 17:00,
2024/9/5 18:00,79690
2024/9/5 19:00,79716
2024/9/5 20:00,79741
2024/9/5 21:00,79767
2024/9/5 22:00,79792
2024/9/5 23:00,79799
2024/9/6 00:00,79803
2024/9/6 01:00,79806
2024/9/6 02:00,79809
2024/9/6 03:00,79812
2024/9/6 04:00,79815
2024/9/6 05:00,79819
2024/9/6 06:00,79822
2024/9/6 07:00,79825
2024/9/6 08:00,79831
2024/9/6 09:00,79854
2024/9/6 10:00,79883
2024/9/6 11:00,79916
2024/9/6 12:00,79952
2024/9/6 13:00,79985
2024/9/6 14:00,80014
2024/9/6 15:00,80055
2024/9/6 16:00,80103
2024/9/6 17:00,80150
2024/9/6 18:00,80191
2024/9/6 19:00,80223
2024/9/6 20:00,80249
2024/9/6 21:00,80273
2024/9/6 22:00,80297
2024/9/6 23:00,80304
2024/9/7 00:00,80307
2024/9/7 01:00,80311
2024/9/7 02:00,80315
2024/9/7 03:00,80318
2024/9/7 04:00,80322
2024/9/7 05:00,80325
2024/9/7 06:00,80329
2024/9/7 07:00,80333
2024/9/7 08:00,80341
2024/9/7 09:00,80364
2024/9/7 10:00,80392
2024/9/7 11:00,80420
2024/9/7 12:00,80448
2024/9/7 13:00,80477
2024/9/7 14:00,80504
2024/9/7 15:00,80534
2024/9/7 16:00,80565
2024/9/7 17:00,80595
2024/9/7 18:00,80619
2024/9/7 19:00,80647
2024/9/7 20:00,80674
2024/9/7 21:00,80698
2024/9/7 22:00,80724
2024/9/7 23:00,80731
2024/9/8 00:00,80734
2024/9/8 01:00,80738
2024/9/8 02:00,80741
2024/9/8 03:00,80745
2024/9/8 04:00,80749
2024/9/8 05:00,80753
2024/9/8 06:00,80756
2024/9/8 07:00,80761
2024/9/8 08:00,80767
2024/9/8 09:00,80795
2024/9/8 10:00,80826
2024/9/8 11:00,80858
2024/9/8 12:00,80891
2024/9/8 13:00,80923
2024/9/8 14:00,80957
2024/9/8 15:00,80991
2024/9/8 16:00,81025
2024/9/8 17:00,81060
2024/9/8 18:00,81093
2024/9/8 19:00,81124
2024/9/8 20:00,81156
2024/9/8 21:00,81187
2024/9/8 22:00,81214
2024/9/8 23:00,81231
2024/9/9 00:00,81235
2024/9/9 01:00,81238
2024/9/9 02:00,81242
2024/9/9 03:00,81245
2024/9/9 04:00,81249
2024/9/9 05:00,81253
2024/9/9 06:00,81257
2024/9/9 07:00,81261
2024/9/9 08:00,81275
2024/9/9 09:00,81315
2024/9/9 10:00,81357
2024/9/9 11:00,81395
2024/9/9 12:00,81433
2024/9/9 13:00,
2024/9/9 14:00,81507
2024/9/9 15:00,81545
2024/9/9 16:00,81582
2024/9/9 17:00,81614
2024/9/9 18:00,81644
2024/9/9 19:00,81671
2024/9/9 20:00,81697
2024/9/9 21:00,81723
2024/9/9 22:00,81749
2024/9/9 23:00,81762
2024/9/10 00:00,81766
2024/9/10 01:00,81770
2024/9/10 02:00,81773
2024/9/10 03:00,81777
2024/9/10 04:00,81780
2024/9/10 05:00,81784
2024/9/10 06:00,81788
2024/9/10 07:00,81792
2024/9/10 08:00,81802
2024/9/10 09:00,81831
2024/9/10 10:00,81861
2024/9/10 11:00,81897
2024/9/10 12:00,81928
2024/9/10 13:00,81957
2024/9/10 14:00,81985
2024/9/10 15:00,82014
2024/9/10 16:00,82044
2024/9/10 17:00,82073
2024/9/10 18:00,82099
2024/9/10 19:00,82125
2024/9/10 20:00,82150
2024/9/10 21:00,82172
2024/9/10 22:00,82194
2024/9/10 23:00,82203
2024/9/11 00:00,82206
2024/9/11 01:00,82210
2024/9/11 02:00,82213
2024/9/11 03:00,82217
2024/9/11 04:00,82220
2024/9/11 05:00,82223
2024/9/11 06:00,82227
2024/9/11 07:00,82231
2024/9/11 08:00,82238
2024/9/11 09:00,82260
2024/9/11 10:00,82289
2024/9/11 11:00,
2024/9/11 12:00,
2024/9/11 13:00,82381
2024/9/11 14:00,82408
2024/9/11 15:00,82441
2024/9/11 16:00,
2024/9/11 17:00,82509
2024/9/11 18:00,82541
2024/9/11 19:00,82569
2024/9/11 20:00,82597
2024/9/11 21:00,82623
2024/9/11 22:00,82647
2024/9/11 23:00,82656
2024/9/12 00:00,82660
2024/9/12 01:00,82663
2024/9/12 02:00,
2024/9/12 03:00,82670
2024/9/12 04:00,82673
2024/9/12 05:00,82676
2024/9/12 06:00,82680
2024/9/12 07:00,82684
2024/9/12 08:00,82696
2024/9/12 09:00,82725
2024/9/12 10:00,82756
2024/9/12 11:00,82785
2024/9/12 12:00,82813
2024/9/12 13:00,82843
2024/9/12 14:00,82871
2024/9/12 15:00,82901
2024/9/12 16:00,82934
2024/9/12 17:00,82968
2024/9/12 18:00,82997
2024/9/12 19:00,83025
2024/9/12 20:00,83050
2024/9/12 21:00,83075
2024/9/12 22:00,83097
2024/9/12 23:00,83106
2024/9/13 00:00,83110
2024/9/13 01:00,83113
2024/9/13 02:00,83116
2024/9/13 03:00,83120
2024/9/13 04:00,83123
2024/9/13 05:00,83127
2024/9/13 06:00,83131
2024/9/13 07:00,83135
2024/9/13 08:00,83140
2024/9/13 09:00,83158
2024/9/13 10:00,83184
2024/9/13 11:00,83217
2024/9/13 12:00,83249
2024/9/13 13:00,83278
2024/9/13 14:00,83305
2024/9/13 15:00,83338
2024/9/13 16:00,83375
2024/9/13 17:00,83408
2024/9/13 18:00,83435
2024/9/13 19:00,83460
2024/9/13 20:00,83483
2024/9/13 21:00,83505
2024/9/13 22:00,83528
2024/9/13 23:00,83536
2024/9/14 00:00,83539
2024/9/14 01:00,83542
2024/9/14 02:00,83546
2024/9/14 03:00,83549
2024/9/14 04:00,83553
2024/9/14 05:00,83556
2024/9/14 06:00,83560
2024/9/14 07:00,83564
2024/9/14 08:00,83572
2024/9/14 09:00,83600
2024/9/14 10:00,83631
2024/9/14 11:00,83666
2024/9/14 12:00,83699
2024/9/14 13:00,83728
2024/9/14 14:00,83755
2024/9/14 15:00,83784
2024/9/14 16:00,83813
2024/9/14 17:00,83844
2024/9/14 18:00,83872
2024/9/14 19:00,83896
2024/9/14 20:00,83920
2024/9/14 21:00,83946
2024/9/14 22:00,83970
2024/9/14 23:00,83978
2024/9/15 00:00,83982
2024/9/15 01:00,83986
2024/9/15 02:00,83990
2024/9/15 03:00,83994
2024/9/15 04:00,83998
2024/9/15 05:00,84002
2024/9/15 06:00,84006
2024/9/15 07:00,84010
2024/9/15 08:00,84016
2024/9/15 09:00,84035
2024/9/15 10:00,84058
2024/9/15 11:00,84084
2024/9/15 12:00,84110
2024/9/15 13:00,84135
2024/9/15 14:00,84162
2024/9/15 15:00,84191
2024/9/15 16:00,84218
2024/9/15 17:00,84246
2024/9/15 18:00,84267
2024/9/15 19:00,84287
2024/9/15 20:00,84308
2024/9/15 21:00,84329
2024/9/15 22:00,84348
2024/9/15 23:00,84355
2024/9/16 00:00,84359
2024/9/16 01:00,84362
2024/9/16 02:00,84365
2024/9/16 03:00,84368
2024/9/16 04:00,84372
2024/9/16 05:00,84375
2024/9/16 06:00,84378
2024/9/16 07:00,84382
2024/9/16 08:00,84388
2024/9/16 09:00,84402
2024/9/16 10:00,84422
2024/9/16 11:00,84443
2024/9/16 12:00,84466
2024/9/16 13:00,84490
2024/9/16 14:00,84516
2024/9/16 15:00,84541
2024/9/16 16:00,84564
2024/9/16 17:00,84588
2024/9/16 18:00,84612
2024/9/16 19:00,84634
2024/9/16 20:00,84657
2024/9/16 21:00,84677
2024/9/16 22:00,84695
2024/9/16 23:00,84704
2024/9/17 00:00,84709
2024/9/17 01:00,84713
2024/9/17 02:00,84717
2024/9/17 03:00,84721
2024/9/17 04:00,84726
2024/9/17 05:00,84731
2024/9/17 06:00,84735
2024/9/17 07:00,84739
2024/9/17 08:00,84746
2024/9/17 09:00,84764
2024/9/17 10:00,84789
2024/9/17 11:00,84815
2024/9/17 12:00,84842
2024/9/17 13:00,84868
2024/9/17 14:00,84895
2024/9/17 15:00,84923
2024/9/17 16:00,84952
2024/9/17 17:00,84980
2024/9/17 18:00,85007
2024/9/17 19:00,85031
2024/9/17 20:00,85055
2024/9/17 21:00,85079
2024/9/17 22:00,85103
2024/9/17 23:00,85111
2024/9/18 00:00,85114
2024/9/18 01:00,85118
2024/9/18 02:00,85121
2024/9/18 03:00,85124
2024/9/18 04:00,85128
2024/9/18 05:00,85132
2024/9/18 06:00,85135
2024/9/18 07:00,85139
2024/9/18 08:00,85151
2024/9/18 09:00,85183
2024/9/18 10:00,85218
2024/9/18 11:00,85253
2024/9/18 12:00,85289
2024/9/18 13:00,85320
2024/9/18 14:00,85355
2024/9/18 15:00,85390
2024/9/18 16:00,85430
2024/9/18 17:00,85468
2024/9/18 18:00,85501
2024/9/18 19:00,
2024/9/18 20:00,85560
2024/9/18 21:00,85591
2024/9/18 22:00,85622
2024/9/18 23:00,85630
2024/9/19 00:00,85634
2024/9/19 01:00,85637
2024/9/19 02:00,85641
2024/9/19 03:00,85644
2024/9/19 04:00,85648
2024/9/19 05:00,85651
2024/9/19 06:00,85655
2024/9/19 07:00,85659
2024/9/19 08:00,85668
2024/9/19 09:00,85700
2024/9/19 10:00,85731
2024/9/19 11:00,85773
2024/9/19 12:00,85813
2024/9/19 13:00,85848
2024/9/19 14:00,85878
2024/9/19 15:00,85908
2024/9/19 16:00,85942
2024/9/19 17:00,85976
2024/9/19 18:00,86008
2024/9/19 19:00,86038
2024/9/19 20:00,86064
2024/9/19 21:00,86092
2024/9/19 22:00,86119
2024/9/19 23:00,86127
2024/9/20 00:00,86131
2024/9/20 01:00,86134
2024/9/20 02:00,86138
2024/9/20 03:00,86142
2024/9/20 04:00,86146
2024/9/20 05:00,86150
2024/9/20 06:00,86153
2024/9/20 07:00,86157
2024/9/20 08:00,86167
2024/9/20 09:00,86195
2024/9/20 10:00,86224
2024/9/20 11:00,86254
2024/9/20 12:00,86281
2024/9/20 13:00,86302
2024/9/20 14:00,86323
2024/9/20 15:00,86349
2024/9/20 16:00,86377
2024/9/20 17:00,86401
2024/9/20 18:00,86420
2024/9/20 19:00,86439
2024/9/20 20:00,86459
2024/9/20 21:00,86479
2024/9/20 22:00,86497
2024/9/20 23:00,86505
2024/9/21 00:00,86508
2024/9/21 01:00,86511
2024/9/21 02:00,86515
2024/9/21 03:00,86518
2024/9/21 04:00,86522
2024/9/21 05:00,86525
2024/9/21 06:00,86528
2024/9/21 07:00,86532
2024/9/21 08:00,86539
2024/9/21 09:00,86557
2024/9/21 10:00,86580
2024/9/21 11:00,86604
2024/9/21 12:00,86627
2024/9/21 13:00,86645
2024/9/21 14:00,86665
2024/9/21 15:00,86691
2024/9/21 16:00,86717
2024/9/21 17:00,86742
2024/9/21 18:00,86763
2024/9/21 19:00,86781
2024/9/21 20:00,86802
2024/9/21 21:00,86822
2024/9/21 22:00,86840
2024/9/21 23:00,86846
2024/9/22 00:00,86850
2024/9/22 01:00,86853
2024/9/22 02:00,86857
2024/9/22 03:00,86861
2024/9/22 04:00,86865
2024/9/22 05:00,86868
2024/9/22 06:00,86872
2024/9/22 07:00,86876
2024/9/22 08:00,86882
2024/9/22 09:00,86895
2024/9/22 10:00,86912
2024/9/22 11:00,86930
2024/9/22 12:00,86950
2024/9/22 13:00,86968
2024/9/22 14:00,86990
2024/9/22 15:00,87017
2024/9/22 16:00,87044
2024/9/22 17:00,87069
2024/9/22 18:00,87094
2024/9/22 19:00,87113
2024/9/22 20:00,87132
2024/9/22 21:00,87150
2024/9/22 22:00,87168
2024/9/22 23:00,87175
2024/9/23 00:00,87179
2024/9/23 01:00,87182
2024/9/23 02:00,87185
2024/9/23 03:00,87189
2024/9/23 04:00,87192
2024/9/23 05:00,87196
2024/9/23 06:00,87199
2024/9/23 07:00,87203
2024/9/23 08:00,87209
2024/9/23 09:00,87227
2024/9/23 10:00,87246
2024/9/23 11:00,87269
2024/9/23 12:00,87293
2024/9/23 13:00,87314
2024/9/23 14:00,87335
2024/9/23 15:00,87358
2024/9/23 16:00,87380
2024/9/23 17:00,87402
2024/9/23 18:00,87421
2024/9/23 19:00,87439
2024/9/23 20:00,87458
2024/9/23 21:00,87475
2024/9/23 22:00,87492
2024/9/23 23:00,87498
2024/9/24 00:00,87501
2024/9/24 01:00,87505
2024/9/24 02:00,87508
2024/9/24 03:00,87512
2024/9/24 04:00,87515
2024/9/24 05:00,87519
2024/9/24 06:00,87522
2024/9/24 07:00,87526
2024/9/24 08:00,87534
2024/9/24 09:00,87552
2024/9/24 10:00,87571
2024/9/24 11:00,87593
2024/9/24 12:00,87618
2024/9/24 13:00,87638
2024/9/24 14:00,87659
2024/9/24 15:00,87684
2024/9/24 16:00,87711
2024/9/24 17:00,87738
2024/9/24 18:00,87766
2024/9/24 19:00,87788
2024/9/24 20:00,87807
2024/9/24 21:00,87826
2024/9/24 22:00,87842
2024/9/24 23:00,87849
2024/9/25 00:00,87853
2024/9/25 01:00,87857
2024/9/25 02:00,87861
2024/9/25 03:00,87865
2024/9/25 04:00,87869
2024/9/25 05:00,87872
2024/9/25 06:00,87876
2024/9/25 07:00,87880
2024/9/25 08:00,87886
2024/9/25 09:00,87908
2024/9/25 10:00,87933
2024/9/25 11:00,87962
2024/9/25 12:00,87997
2024/9/25 13:00,88027
2024/9/25 14:00,88056
2024/9/25 15:00,88088
2024/9/25 16:00,
2024/9/25 17:00,88149
2024/9/25 18:00,88173
2024/9/25 19:00,88191
2024/9/25 20:00,88211
2024/9/25 21:00,88231
2024/9/25 22:00,88248
2024/9/25 23:00,88254
2024/9/26 00:00,88257
2024/9/26 01:00,88261
2024/9/26 02:00,88265
2024/9/26 03:00,88268
2024/9/26 04:00,88272
2024/9/26 05:00,88276
2024/9/26 06:00,88279
2024/9/26 07:00,88283
2024/9/26 08:00,88291
2024/9/26 09:00,88310
2024/9/26 10:00,88333
2024/9/26 11:00,88365
2024/9/26 12:00,88397
2024/9/26 13:00,88423
2024/9/26 14:00,88447
2024/9/26 15:00,88473
2024/9/26 16:00,88500
2024/9/26 17:00,88529
2024/9/26 18:00,88555
2024/9/26 19:00,88579
2024/9/26 20:00,88598
2024/9/26 21:00,88618
2024/9/26 22:00,88637
2024/9/26 23:00,88643
2024/9/27 00:00,88646
2024/9/27 01:00,88650
2024/9/27 02:00,88653
2024/9/27 03:00,88657
2024/9/27 04:00,88660
2024/9/27 05:00,88664
2024/9/27 06:00,88667
2024/9/27 07:00,88671
2024/9/27 08:00,88676
2024/9/27 09:00,88692
2024/9/27 10:00,88709
2024/9/27 11:00,88737
2024/9/27 12:00,88767
2024/9/27 13:00,88793
2024/9/27 14:00,88819
2024/9/27 15:00,88849
2024/9/27 16:00,88883
2024/9/27 17:00,88915
2024/9/27 18:00,88944
2024/9/27 19:00,88972
2024/9/27 20:00,88998
2024/9/27 21:00,89021
2024/9/27 22:00,89042
2024/9/27 23:00,89049
2024/9/28 00:00,89053
2024/9/28 01:00,89057
2024/9/28 02:00,89060
2024/9/28 03:00,89064
2024/9/28 04:00,89068
2024/9/28 05:00,89072
2024/9/28 06:00,89075
2024/9/28 07:00,89079
2024/9/28 08:00,89086
2024/9/28 09:00,89106
2024/9/28 10:00,89131
2024/9/28 11:00,89158
2024/9/28 12:00,89187
2024/9/28 13:00,89218
2024/9/28 14:00,89251
2024/9/28 15:00,89284
2024/9/28 16:00,89320
2024/9/28 17:00,89355
2024/9/28 18:00,89380
2024/9/28 19:00,89402
2024/9/28 20:00,89424
2024/9/28 21:00,89445
2024/9/28 22:00,89465
2024/9/28 23:00,89473
2024/9/29 00:00,89477
2024/9/29 01:00,89481
2024/9/29 02:00,89486
2024/9/29 03:00,89490
2024/9/29 04:00,89494
2024/9/29 05:00,89497
2024/9/29 06:00,89501
2024/9/29 07:00,89505
2024/9/29 08:00,89513
2024/9/29 09:00,89530
2024/9/29 10:00,89546
2024/9/29 11:00,89559
2024/9/29 12:00,89574
2024/9/29 13:00,89587
2024/9/29 14:00,89600
2024/9/29 15:00,89612
2024/9/29 16:00,89627
2024/9/29 17:00,89642
2024/9/29 18:00,
2024/9/29 19:00,89669
2024/9/29 20:00,89680
2024/9/29 21:00,89692
2024/9/29 22:00,89702
2024/9/29 23:00,89706
2024/9/30 00:00,89710
2024/9/30 01:00,89713
2024/9/30 02:00,89716
2024/9/30 03:00,89719
2024/9/30 04:00,89721
2024/9/30 05:00,89724
2024/9/30 06:00,89727
2024/9/30 07:00,89730
2024/9/30 08:00,89735
2024/9/30 09:00,89750
2024/9/30 10:00,89765
2024/9/30 11:00,
2024/9/30 12:00,89795
2024/9/30 13:00,89806
2024/9/30 14:00,89816
2024/9/30 15:00,89828
2024/9/30 16:00,89840
2024/9/30 17:00,89852
2024/9/30 18:00,89863
2024/9/30 19:00,89873
2024/9/30 20:00,89882
2024/9/30 21:00,89892
2024/9/30 22:00,89901
2024/9/30 23:00,89905
2024/10/1 00:00,89908
2024/10/1 01:00,89910
2024/10/1 02:00,89913
2024/10/1 03:00,89916
2024/10/1 04:00,89919
2024/10/1 05:00,89922
2024/10/1 06:00,89924
2024/10/1 07:00,89927
2024/10/1 08:00,89931
2024/10/1 09:00,89937
2024/10/1 10:00,89946
2024/10/1 11:00,89955
2024/10/1 12:00,89965
2024/10/1 13:00,89973
2024/10/1 14:00,89984
2024/10/1 15:00,89995
2024/10/1 16:00,90005
2024/10/1 17:00,90014
2024/10/1 18:00,90024
2024/10/1 19:00,90033
2024/10/1 20:00,90042
2024/10/1 21:00,90051
2024/10/1 22:00,90059
2024/10/1 23:00,90063
2024/10/2 00:00,90066
2024/10/2 01:00,90068
2024/10/2 02:00,90071
2024/10/2 03:00,90074
2024/10/2 04:00,90076
2024/10/2 05:00,90079
2024/10/2 06:00,90082
2024/10/2 07:00,90085
2024/10/2 08:00,90088
2024/10/2 09:00,90094
2024/10/2 10:00,90102
2024/10/2 11:00,90110
2024/10/2 12:00,90120
2024/10/2 13:00,90129
2024/10/2 14:00,90137
2024/10/2 15:00,90147
2024/10/2 16:00,90157
2024/10/2 17:00,90167
2024/10/2 18:00,90177
2024/10/2 19:00,90186
2024/10/2 20:00,90197
2024/10/2 21:00,90207
2024/10/2 22:00,90216
2024/10/2 23:00,90220
2024/10/3 00:00,90223
2024/10/3 01:00,90226
2024/10/3 02:00,90229
2024/10/3 03:00,90232
2024/10/3 04:00,90235
2024/10/3 05:00,90237
2024/10/3 06:00,90240
2024/10/3 07:00,90243
2024/10/3 08:00,90247
2024/10/3 09:00,90253
2024/10/3 10:00,90263
2024/10/3 11:00,90273
2024/10/3 12:00,90284
2024/10/3 13:00,90293
2024/10/3 14:00,90302
2024/10/3 15:00,90313
2024/10/3 16:00,90324
2024/10/3 17:00,90334
2024/10/3 18:00,90345
2024/10/3 19:00,90355
2024/10/3 20:00,90367
2024/10/3 21:00,90379
2024/10/3 22:00,90389
2024/10/3 23:00,90393
2024/10/4 00:00,90396
2024/10/4 01:00,90398
2024/10/4 02:00,90401
2024/10/4 03:00,90404
2024/10/4 04:00,90406
2024/10/4 05:00,90409
2024/10/4 06:00,90412
2024/10/4 07:00,90414
2024/10/4 08:00,90419
2024/10/4 09:00,90424
2024/10/4 10:00,90433
2024/10/4 11:00,90442
2024/10/4 12:00,90451
2024/10/4 13:00,90461
2024/10/4 14:00,90472
2024/10/4 15:00,90483
2024/10/4 16:00,90494
2024/10/4 17:00,90504
2024/10/4 18:00,90515
2024/10/4 19:00,90524
2024/10/4 20:00,90534
2024/10/4 21:00,90544
2024/10/4 22:00,90554
2024/10/4 23:00,90558
2024/10/5 00:00,90560
2024/10/5 01:00,90563
2024/10/5 02:00,90566
2024/10/5 03:00,90569
2024/10/5 04:00,90572
2024/10/5 05:00,90574
2024/10/5 06:00,90577
2024/10/5 07:00,90580
2024/10/5 08:00,90585
2024/10/5 09:00,90591
2024/10/5 10:00,90600
2024/10/5 11:00,90610
2024/10/5 12:00,90620
2024/10/5 13:00,90630
2024/10/5 14:00,90639
2024/10/5 15:00,90649
2024/10/5 16:00,90660
2024/10/5 17:00,90671
2024/10/5 18:00,90681
2024/10/5 19:00,90691
2024/10/5 20:00,90701
2024/10/5 21:00,90712
2024/10/5 22:00,90723
2024/10/5 23:00,90728
2024/10/6 00:00,90730
2024/10/6 01:00,90733
2024/10/6 02:00,90736
2024/10/6 03:00,90739
2024/10/6 04:00,90741
2024/10/6 05:00,90744
2024/10/6 06:00,90747
2024/10/6 07:00,90751
2024/10/6 08:00,90756
2024/10/6 09:00,90762
2024/10/6 10:00,90772
2024/10/6 11:00,90782
2024/10/6 12:00,90793
2024/10/6 13:00,90804
2024/10/6 14:00,90814
2024/10/6 15:00,90826
2024/10/6 16:00,90837
2024/10/6 17:00,90849
2024/10/6 18:00,90859
2024/10/6 19:00,90869
2024/10/6 20:00,90880
2024/10/6 21:00,90890
2024/10/6 22:00,90900
2024/10/6 23:00,90904
2024/10/7 00:00,90907
2024/10/7 01:00,90910
2024/10/7 02:00,90912
2024/10/7 03:00,90915
2024/10/7 04:00,90918
2024/10/7 05:00,90920
2024/10/7 06:00,90923
2024/10/7 07:00,90926
2024/10/7 08:00,90930
2024/10/7 09:00,90936
2024/10/7 10:00,90945
2024/10/7 11:00,90955
2024/10/7 12:00,90967
2024/10/7 13:00,90978
2024/10/7 14:00,90990
2024/10/7 15:00,91004
2024/10/7 16:00,91016
2024/10/7 17:00,91027
2024/10/7 18:00,91039
2024/10/7 19:00,91050
2024/10/7 20:00,91061
2024/10/7 21:00,91072
2024/10/7 22:00,
2024/10/7 23:00,91087
2024/10/8 00:00,91090
2024/10/8 01:00,91092
2024/10/8 02:00,91095
2024/10/8 03:00,91098
2024/10/8 04:00,91101
2024/10/8 05:00,91103
2024/10/8 06:00,91106
2024/10/8 07:00,91109
2024/10/8 08:00,91113
2024/10/8 09:00,91128
2024/10/8 10:00,91144
2024/10/8 11:00,91162
2024/10/8 12:00,91180
2024/10/8 13:00,
2024/10/8 14:00,91204
2024/10/8 15:00,91220
2024/10/8 16:00,91236
2024/10/8 17:00,91254
2024/10/8 18:00,91271
2024/10/8 19:00,91284
2024/10/8 20:00,91296
2024/10/8 21:00,91308
2024/10/8 22:00,
2024/10/8 23:00,91325
2024/10/9 00:00,91328
2024/10/9 01:00,91331
2024/10/9 02:00,91334
2024/10/9 03:00,91337
2024/10/9 04:00,91340
2024/10/9 05:00,91343
2024/10/9 06:00,91345
2024/10/9 07:00,91349
2024/10/9 08:00,91353
2024/10/9 09:00,91367
2024/10/9 10:00,91382
2024/10/9 11:00,91397
2024/10/9 12:00,91414
2024/10/9 13:00,91427
2024/10/9 14:00,91441
2024/10/9 15:00,91464
2024/10/9 16:00,91484
2024/10/9 17:00,91504
2024/10/9 18:00,91522
2024/10/9 19:00,91537
2024/10/9 20:00,91552
2024/10/9 21:00,91570
2024/10/9 22:00,
2024/10/9 23:00,91592
2024/10/10 00:00,91595
2024/10/10 01:00,91599
2024/10/10 02:00,91602
2024/10/10 03:00,
2024/10/10 04:00,91608
2024/10/10 05:00,91610
2024/10/10 06:00,91613
2024/10/10 07:00,91616
2024/10/10 08:00,91622
2024/10/10 09:00,91636
2024/10/10 10:00,91651
2024/10/10 11:00,91668
2024/10/10 12:00,91685
2024/10/10 13:00,91699
2024/10/10 14:00,91716
2024/10/10 15:00,91740
2024/10/10 16:00,
2024/10/10 17:00,91785
2024/10/10 18:00,91804
2024/10/10 19:00,91820
2024/10/10 20:00,91835
2024/10/10 21:00,91848
2024/10/10 22:00,
2024/10/10 23:00,91865
2024/10/11 00:00,91867
2024/10/11 01:00,91870
2024/10/11 02:00,91872
2024/10/11 03:00,91875
2024/10/11 04:00,91878
2024/10/11 05:00,91881
2024/10/11 06:00,91884
2024/10/11 07:00,91887
2024/10/11 08:00,91892
2024/10/11 09:00,91902
2024/10/11 10:00,91914
2024/10/11 11:00,91928
2024/10/11 12:00,91940
2024/10/11 13:00,91951
2024/10/11 14:00,91962
2024/10/11 15:00,91980
2024/10/11 16:00,91998
2024/10/11 17:00,92016
2024/10/11 18:00,92033
2024/10/11 19:00,92046
2024/10/11 20:00,92059
2024/10/11 21:00,92072
2024/10/11 22:00,92084
2024/10/11 23:00,92091
2024/10/12 00:00,92094
2024/10/12 01:00,92096
2024/10/12 02:00,92099
2024/10/12 03:00,92102
2024/10/12 04:00,92105
2024/10/12 05:00,92108
2024/10/12 06:00,92111
2024/10/12 07:00,92114
2024/10/12 08:00,92119
2024/10/12 09:00,92128
2024/10/12 10:00,92139
2024/10/12 11:00,92152
2024/10/12 12:00,92164
2024/10/12 13:00,92176
2024/10/12 14:00,92188
2024/10/12 15:00,92202
2024/10/12 16:00,92217
2024/10/12 17:00,92230
2024/10/12 18:00,92243
2024/10/12 19:00,92253
2024/10/12 20:00,92264
2024/10/12 21:00,92274
2024/10/12 22:00,92285
2024/10/12 23:00,92290
2024/10/13 00:00,92292
2024/10/13 01:00,92295
2024/10/13 02:00,92298
2024/10/13 03:00,92301
2024/10/13 04:00,92304
2024/10/13 05:00,92307
2024/10/13 06:00,92310
2024/10/13 07:00,92312
2024/10/13 08:00,92317
2024/10/13 09:00,92326
2024/10/13 10:00,92337
2024/10/13 11:00,92349
2024/10/13 12:00,92362
2024/10/13 13:00,92372
2024/10/13 14:00,92383
2024/10/13 15:00,92398
2024/10/13 16:00,92413
2024/10/13 17:00,92427
2024/10/13 18:00,92438
2024/10/13 19:00,92448
2024/10/13 20:00,92457
2024/10/13 21:00,92467
2024/10/13 22:00,92477
2024/10/13 23:00,92481
2024/10/14 00:00,92484
2024/10/14 01:00,92487
2024/10/14 02:00,92490
2024/10/14 03:00,92493
2024/10/14 04:00,92493
2024/10/14 05:00,92493
2024/10/14 06:00,92493
2024/10/14 07:00,92493
2024/10/14 08:00,92493
2024/10/14 09:00,92493
2024/10/14 10:00,92493
2024/10/14 11:00,92493
2024/10/14 12:00,92493
2024/10/14 13:00,92493
2024/10/14 14:00,92493
2024/10/14 15:00,92493
2024/10/14 16:00,92493
2024/10/14 17:00,92493
2024/10/14 18:00,92493
2024/10/14 19:00,92493
2024/10/14 20:00,92493
2024/10/14 21:00,92493
2024/10/14 22:00,92493
2024/10/14 23:00,92493
2024/10/15 00:00,92493
2024/10/15 01:00,92493
2024/10/15 02:00,92493
2024/10/15 03:00,92493
2024/10/15 04:00,92493
2024/10/15 05:00,92493
2024/10/15 06:00,92493
2024/10/15 07:00,92493
2024/10/15 08:00,92493
2024/10/15 09:00,92493
2024/10/15 10:00,92493
2024/10/15 11:00,92493
2024/10/15 12:00,92493
2024/10/15 13:00,92493
2024/10/15 14:00,92493
2024/10/15 15:00,92493
2024/10/15 16:00,92493
2024/10/15 17:00,92493
2024/10/15 18:00,92493
2024/10/15 19:00,92493
2024/10/15 20:00,92493
2024/10/15 21:00,92493
2024/10/15 22:00,92493
2024/10/15 23:00,92493
2024/10/16 00:00,92493
2024/10/16 01:00,92493
2024/10/16 02:00,92493
2024/10/16 03:00,92493
2024/10/16 04:00,92493
2024/10/16 05:00,92493
2024/10/16 06:00,92493
2024/10/16 07:00,92493
2024/10/16 08:00,92493
2024/10/16 09:00,92493
2024/10/16 10:00,92493
2024/10/16 11:00,92493
2024/10/16 12:00,92493
2024/10/16 13:00,92493
2024/10/16 14:00,92493
2024/10/16 15:00,92493
2024/10/16 16:00,92493
2024/10/16 17:00,92493
2024/10/16 18:00,92493
2024/10/16 19:00,92493
2024/10/16 20:00,92493
2024/10/16 21:00,92493
2024/10/16 22:00,92493
2024/10/16 23:00,92493
2024/10/17 00:00,92493
2024/10/17 01:00,92493
2024/10/17 02:00,92493
2024/10/17 03:00,92493
2024/10/17 04:00,92493
2024/10/17 05:00,92493
2024/10/17 06:00,92493
2024/10/17 07:00,92493
2024/10/17 08:00,92493
2024/10/17 09:00,92493
2024/10/17 10:00,92493
2024/10/17 11:00,92493
2024/10/17 12:00,92493
2024/10/17 13:00,92493
2024/10/17 14:00,92493
2024/10/17 15:00,92493
2024/10/17 16:00,92493
2024/10/17 17:00,92493
2024/10/17 18:00,92493
2024/10/17 19:00,92493
2024/10/17 20:00,92493
2024/10/17 21:00,92493
2024/10/17 22:00,92493
2024/10/17 23:00,92493
2024/10/18 00:00,92493
2024/10/18 01:00,92493
2024/10/18 02:00,92493
2024/10/18 03:00,92493
2024/10/18 04:00,92493
2024/10/18 05:00,92493
2024/10/18 06:00,92493
2024/10/18 07:00,92493
2024/10/18 08:00,92493
2024/10/18 09:00,92493
2024/10/18 10:00,92493
2024/10/18 11:00,92493
2024/10/18 12:00,92493
2024/10/18 13:00,92493
2024/10/18 14:00,92493
2024/10/18 15:00,92493
2024/10/18 16:00,92493
2024/10/18 17:00,92493
2024/10/18 18:00,92493
2024/10/18 19:00,92493
2024/10/18 20:00,92493
2024/10/18 21:00,92493
2024/10/18 22:00,92493
2024/10/18 23:00,92493
2024/10/19 00:00,92493
2024/10/19 01:00,92493
2024/10/19 02:00,92493
2024/10/19 03:00,92493
2024/10/19 04:00,92493
2024/10/19 05:00,92493
2024/10/19 06:00,92493
2024/10/19 07:00,92493
2024/10/19 08:00,92493
2024/10/19 09:00,92493
2024/10/19 10:00,92493
2024/10/19 11:00,92493
2024/10/19 12:00,92493
2024/10/19 13:00,92493
2024/10/19 14:00,92493
2024/10/19 15:00,92493
2024/10/19 16:00,92493
2024/10/19 17:00,92493
2024/10/19 18:00,92493
2024/10/19 19:00,92493
2024/10/19 20:00,92493
2024/10/19 21:00,92493
2024/10/19 22:00,92493
2024/10/19 23:00,92493
2024/10/20 00:00,92493
2024/10/20 01:00,92493
2024/10/20 02:00,92493
2024/10/20 03:00,92493
2024/10/20 04:00,92493
2024/10/20 05:00,92493
2024/10/20 06:00,92493
2024/10/20 07:00,92493
2024/10/20 08:00,92493
2024/10/20 09:00,92493
2024/10/20 10:00,92493
2024/10/20 11:00,92493
2024/10/20 12:00,92493
2024/10/20 13:00,92493
2024/10/20 14:00,92493
2024/10/20 15:00,92493
2024/10/20 16:00,92493
2024/10/20 17:00,92493
2024/10/20 18:00,92493
2024/10/20 19:00,92493
2024/10/20 20:00,92493
2024/10/20 21:00,92493
2024/10/20 22:00,92493
2024/10/20 23:00,92493
2024/10/21 00:00,92493
2024/10/21 01:00,92493
2024/10/21 02:00,92493
2024/10/21 03:00,92493
2024/10/21 04:00,92493
2024/10/21 05:00,92493
2024/10/21 06:00,92493
2024/10/21 07:00,92493
2024/10/21 08:00,92493
2024/10/21 09:00,92493
2024/10/21 10:00,92493
2024/10/21 11:00,92493
2024/10/21 12:00,92493
2024/10/21 13:00,92493
2024/10/21 14:00,92493
2024/10/21 15:00,92493
2024/10/21 16:00,92493
2024/10/21 17:00,92493
2024/10/21 18:00,92493
2024/10/21 19:00,92493
2024/10/21 20:00,92493
2024/10/21 21:00,92493
2024/10/21 22:00,92493
2024/10/21 23:00,92493
2024/10/22 00:00,92493
2024/10/22 01:00,92493
2024/10/22 02:00,92493
2024/10/22 03:00,92493
2024/10/22 04:00,92493
2024/10/22 05:00,92493
2024/10/22 06:00,92493
2024/10/22 07:00,92493
2024/10/22 08:00,92493
2024/10/22 09:00,92493
2024/10/22 10:00,92493
2024/10/22 11:00,92493
2024/10/22 12:00,92493
2024/10/22 13:00,92493
2024/10/22 14:00,92493
2024/10/22 15:00,92493
2024/10/22 16:00,92493
2024/10/22 17:00,92493
2024/10/22 18:00,92493
2024/10/22 19:00,92493
2024/10/22 20:00,92493
2024/10/22 21:00,92493
2024/10/22 22:00,92493
2024/10/22 23:00,92493
2024/10/23 00:00,92493
2024/10/23 01:00,92493
2024/10/23 02:00,92493
2024/10/23 03:00,92493
2024/10/23 04:00,92493
2024/10/23 05:00,92493
2024/10/23 06:00,92493
2024/10/23 07:00,92493
2024/10/23 08:00,92493
2024/10/23 09:00,92493
2024/10/23 10:00,92493
2024/10/23 11:00,92493
2024/10/23 12:00,92493
2024/10/23 13:00,92493
2024/10/23 14:00,92493
2024/10/23 15:00,92493
2024/10/23 16:00,92493
2024/10/23 17:00,92493
2024/10/23 18:00,92493
2024/10/23 19:00,92493
2024/10/23 20:00,92493
2024/10/23 21:00,92493
2024/10/23 22:00,92493
2024/10/23 23:00,92493
2024/10/24 00:00,92493
2024/10/24 01:00,92493
2024/10/24 02:00,92493
2024/10/24 03:00,92493
2024/10/24 04:00,92493
2024/10/24 05:00,92493
2024/10/24 06:00,92493
2024/10/24 07:00,92493
2024/10/24 08:00,92493
2024/10/24 09:00,92493
2024/10/24 10:00,92493
2024/10/24 11:00,92493
2024/10/24 12:00,92493
2024/10/24 13:00,92493
2024/10/24 14:00,92493
2024/10/24 15:00,92493
2024/10/24 16:00,92493
2024/10/24 17:00,92493
2024/10/24 18:00,92493
2024/10/24 19:00,92493
2024/10/24 20:00,92493
2024/10/24 21:00,92493
2024/10/24 22:00,92493
2024/10/24 23:00,92493
2024/10/25 00:00,92493
2024/10/25 01:00,92493
2024/10/25 02:00,92493
2024/10/25 03:00,92493
2024/10/25 04:00,92493
2024/10/25 05:00,92493
2024/10/25 06:00,92493
2024/10/25 07:00,92493
2024/10/25 08:00,92493
2024/10/25 09:00,92493
2024/10/25 10:00,92493
2024/10/25 11:00,92493
2024/10/25 12:00,92493
2024/10/25 13:00,92493
2024/10/25 14:00,92493
2024/10/25 15:00,92493
2024/10/25 16:00,92493
2024/10/25 17:00,92493
2024/10/25 18:00,92493
2024/10/25 19:00,92493
2024/10/25 20:00,92493
2024/10/25 21:00,92493
2024/10/25 22:00,92493
2024/10/25 23:00,92493
2024/10/26 00:00,92493
2024/10/26 01:00,92493
2024/10/26 02:00,92493
2024/10/26 03:00,92493
2024/10/26 04:00,92493
2024/10/26 05:00,92493
2024/10/26 06:00,92493
2024/10/26 07:00,92493
2024/10/26 08:00,92493
2024/10/26 09:00,92493
2024/10/26 10:00,92493
2024/10/26 11:00,92493
2024/10/26 12:00,92493
2024/10/26 13:00,92493
2024/10/26 14:00,92493
2024/10/26 15:00,92493
2024/10/26 16:00,92493
2024/10/26 17:00,92493
2024/10/26 18:00,92493
2024/10/26 19:00,92493
2024/10/26 20:00,92493
2024/10/26 21:00,92493
2024/10/26 22:00,92493
2024/10/26 23:00,92493
2024/10/27 00:00,92493
2024/10/27 01:00,92493
2024/10/27 02:00,92493
2024/10/27 03:00,92493
2024/10/27 04:00,92493
2024/10/27 05:00,92493
2024/10/27 06:00,92493
2024/10/27 07:00,92493
2024/10/27 08:00,92493
2024/10/27 09:00,92493
2024/10/27 10:00,92493
2024/10/27 11:00,92493
2024/10/27 12:00,92493
2024/10/27 13:00,92493
2024/10/27 14:00,92493
2024/10/27 15:00,92493
2024/10/27 16:00,92493
2024/10/27 17:00,92493
2024/10/27 18:00,92493
2024/10/27 19:00,92493
2024/10/27 20:00,92493
2024/10/27 21:00,92493
2024/10/27 22:00,92493
2024/10/27 23:00,92493
2024/10/28 00:00,92493
2024/10/28 01:00,92493
2024/10/28 02:00,92493
2024/10/28 03:00,92493
2024/10/28 04:00,92493
2024/10/28 05:00,92493
2024/10/28 06:00,92493
2024/10/28 07:00,92493
2024/10/28 08:00,92493
2024/10/28 09:00,92493
2024/10/28 10:00,92493
2024/10/28 11:00,92493
2024/10/28 12:00,92493
2024/10/28 13:00,92493
2024/10/28 14:00,92493
2024/10/28 15:00,92493
2024/10/28 16:00,92493
2024/10/28 17:00,92493
2024/10/28 18:00,92493
2024/10/28 19:00,92493
2024/10/28 20:00,92493
2024/10/28 21:00,92493
2024/10/28 22:00,92493
2024/10/28 23:00,92493
2024/10/29 00:00,92493
2024/10/29 01:00,92493
2024/10/29 02:00,92493
2024/10/29 03:00,92493
2024/10/29 04:00,92493
2024/10/29 05:00,92493
2024/10/29 06:00,92493
2024/10/29 07:00,92493
2024/10/29 08:00,92493
2024/10/29 09:00,92493
2024/10/29 10:00,92493
2024/10/29 11:00,92493
2024/10/29 12:00,92493
2024/10/29 13:00,92493
2024/10/29 14:00,92493
2024/10/29 15:00,92493
2024/10/29 16:00,92493
2024/10/29 17:00,92493
2024/10/29 18:00,92493
2024/10/29 19:00,
2024/10/29 20:00,92493
2024/10/29 21:00,92493
2024/10/29 22:00,92493
2024/10/29 23:00,92493
2024/10/30 00:00,92493
2024/10/30 01:00,92493
2024/10/30 02:00,92493
2024/10/30 03:00,92493
2024/10/30 04:00,92493
2024/10/30 05:00,92493
2024/10/30 06:00,92493
2024/10/30 07:00,92493
2024/10/30 08:00,92493
2024/10/30 09:00,92493
2024/10/30 10:00,92493
2024/10/30 11:00,92493
2024/10/30 12:00,92493
2024/10/30 13:00,92493
2024/10/30 14:00,92493
2024/10/30 15:00,92493
2024/10/30 16:00,92493
2024/10/30 17:00,92493
2024/10/30 18:00,92493
2024/10/30 19:00,92493
2024/10/30 20:00,92493
2024/10/30 21:00,92493
2024/10/30 22:00,92493
2024/10/30 23:00,92493
2024/10/31 00:00,92493
2024/10/31 01:00,92493
2024/10/31 02:00,92493
2024/10/31 03:00,92493
2024/10/31 04:00,92493
2024/10/31 05:00,92493
2024/10/31 06:00,92493
2024/10/31 07:00,92493
2024/10/31 08:00,92493
2024/10/31 09:00,92493
2024/10/31 10:00,92493
2024/10/31 11:00,92493
2024/10/31 12:00,92493
2024/10/31 13:00,92493
2024/10/31 14:00,92493
2024/10/31 15:00,92493
2024/10/31 16:00,92493
2024/10/31 17:00,92493
2024/10/31 18:00,92493
2024/10/31 19:00,92493
2024/10/31 20:00,92493
2024/10/31 21:00,92493
2024/10/31 22:00,92493
2024/10/31 23:00,92493
2024/11/1 00:00,92493
2024/11/1 01:00,92493
2024/11/1 02:00,92493
2024/11/1 03:00,92493
2024/11/1 04:00,92493
2024/11/1 05:00,92493
2024/11/1 06:00,92493
2024/11/1 07:00,92493
2024/11/1 08:00,92493
2024/11/1 09:00,92493
2024/11/1 10:00,92493
2024/11/1 11:00,92493
2024/11/1 12:00,
2024/11/1 13:00,92493
2024/11/1 14:00,
2024/11/1 15:00,
2024/11/1 16:00,
2024/11/1 17:00,
2024/11/1 18:00,
2024/11/1 19:00,92493
2024/11/1 20:00,92493
2024/11/1 21:00,
2024/11/1 22:00,
2024/11/1 23:00,
2024/11/2 00:00,
2024/11/2 01:00,92493
2024/11/2 02:00,
2024/11/2 03:00,
2024/11/2 04:00,
2024/11/2 05:00,
2024/11/2 06:00,
2024/11/2 07:00,
2024/11/2 08:00,
2024/11/2 09:00,92493
2024/11/2 10:00,
2024/11/2 11:00,
2024/11/2 12:00,92493
2024/11/2 13:00,92493
2024/11/2 14:00,92493
2024/11/2 15:00,92493
2024/11/2 16:00,
2024/11/2 17:00,92493
2024/11/2 18:00,92493
2024/11/2 19:00,92493
2024/11/2 20:00,92493
2024/11/2 21:00,92493
2024/11/2 22:00,92493
2024/11/2 23:00,92493
2024/11/3 00:00,92493
2024/11/3 01:00,92493
2024/11/3 02:00,92493
2024/11/3 03:00,92493
2024/11/3 04:00,92493
2024/11/3 05:00,92493
2024/11/3 06:00,92493
2024/11/3 07:00,92493
2024/11/3 08:00,92493
2024/11/3 09:00,92493
2024/11/3 10:00,92493
2024/11/3 11:00,92493
2024/11/3 12:00,92493
2024/11/3 13:00,92493
2024/11/3 14:00,92493
2024/11/3 15:00,92493
2024/11/3 16:00,92493
2024/11/3 17:00,92493
2024/11/3 18:00,92493
2024/11/3 19:00,92493
2024/11/3 20:00,92493
2024/11/3 21:00,92493
2024/11/3 22:00,92493
2024/11/3 23:00,92493
2024/11/4 00:00,92493
2024/11/4 01:00,92493
2024/11/4 02:00,92493
2024/11/4 03:00,92493
2024/11/4 04:00,92493
2024/11/4 05:00,92493
2024/11/4 06:00,92493
2024/11/4 07:00,92493
2024/11/4 08:00,92493
2024/11/4 09:00,92493
2024/11/4 10:00,92493
2024/11/4 11:00,92493
2024/11/4 12:00,92493
2024/11/4 13:00,92493
2024/11/4 14:00,
2024/11/4 15:00,92493
2024/11/4 16:00,
2024/11/4 17:00,92493
2024/11/4 18:00,92493
2024/11/4 19:00,
2024/11/4 20:00,92493
2024/11/4 21:00,92493
2024/11/4 22:00,92493
2024/11/4 23:00,92493
2024/11/5 00:00,92493
2024/11/5 01:00,92493
2024/11/5 02:00,92493
2024/11/5 03:00,
2024/11/5 04:00,92493
2024/11/5 05:00,92493
2024/11/5 06:00,92493
2024/11/5 07:00,92493
2024/11/5 08:00,92493
2024/11/5 09:00,92493
2024/11/5 10:00,92493
2024/11/5 11:00,92493
2024/11/5 12:00,92493
2024/11/5 13:00,92493
2024/11/5 14:00,92493
2024/11/5 15:00,92493
2024/11/5 16:00,92493
2024/11/5 17:00,92493
2024/11/5 18:00,92493
2024/11/5 19:00,92493
2024/11/5 20:00,92493
2024/11/5 21:00,92493
2024/11/5 22:00,92493
2024/11/5 23:00,92493
2024/11/6 00:00,92493
2024/11/6 01:00,92493
2024/11/6 02:00,
2024/11/6 03:00,
2024/11/6 04:00,92493
2024/11/6 05:00,92493
2024/11/6 06:00,92493
2024/11/6 07:00,92493
2024/11/6 08:00,92493
2024/11/6 09:00,92493
2024/11/6 10:00,92493
2024/11/6 11:00,92493
2024/11/6 12:00,92493
2024/11/6 13:00,92493
2024/11/6 14:00,92493
2024/11/6 15:00,92493
2024/11/6 16:00,
2024/11/6 17:00,92493
2024/11/6 18:00,92493
2024/11/6 19:00,92493
2024/11/6 20:00,92493
2024/11/6 21:00,92493
2024/11/6 22:00,92493
2024/11/6 23:00,92493
2024/11/7 00:00,92493
2024/11/7 01:00,92493
2024/11/7 02:00,92493
2024/11/7 03:00,92493
2024/11/7 04:00,92493
2024/11/7 05:00,92493
2024/11/7 06:00,92493
2024/11/7 07:00,92493
2024/11/7 08:00,92493
2024/11/7 09:00,92493
2024/11/7 10:00,92493
2024/11/7 11:00,92493
2024/11/7 12:00,92493
2024/11/7 13:00,92493
2024/11/7 14:00,92493
2024/11/7 15:00,92493
2024/11/7 16:00,92493
2024/11/7 17:00,92493
2024/11/7 18:00,92493
2024/11/7 19:00,92493
2024/11/7 20:00,92493
2024/11/7 21:00,92493
2024/11/7 22:00,92493
2024/11/7 23:00,92493
2024/11/8 00:00,92493
2024/11/8 01:00,92493
2024/11/8 02:00,92493
2024/11/8 03:00,92493
2024/11/8 04:00,92493
2024/11/8 05:00,92493
2024/11/8 06:00,92493
2024/11/8 07:00,92493
2024/11/8 08:00,92493
2024/11/8 09:00,92493
2024/11/8 10:00,92493
2024/11/8 11:00,92493
2024/11/8 12:00,92493
2024/11/8 13:00,92493
2024/11/8 14:00,92493
2024/11/8 15:00,92493
2024/11/8 16:00,92493
2024/11/8 17:00,92493
2024/11/8 18:00,92493
2024/11/8 19:00,92493
2024/11/8 20:00,92493
2024/11/8 21:00,92493
2024/11/8 22:00,92493
2024/11/8 23:00,92493
2024/11/9 00:00,92493
2024/11/9 01:00,92493
2024/11/9 02:00,92493
2024/11/9 03:00,92493
2024/11/9 04:00,92493
2024/11/9 05:00,92493
2024/11/9 06:00,92493
2024/11/9 07:00,92493
2024/11/9 08:00,92493
2024/11/9 09:00,92493
2024/11/9 10:00,92493
2024/11/9 11:00,92493
2024/11/9 12:00,92493
2024/11/9 13:00,92493
2024/11/9 14:00,92493
2024/11/9 15:00,92493
2024/11/9 16:00,92493
2024/11/9 17:00,92493
2024/11/9 18:00,92493
2024/11/9 19:00,92493
2024/11/9 20:00,92493
2024/11/9 21:00,92493
2024/11/9 22:00,92493
2024/11/9 23:00,92493
2024/11/10 00:00,92493
2024/11/10 01:00,92493
2024/11/10 02:00,92493
2024/11/10 03:00,92493
2024/11/10 04:00,92493
2024/11/10 05:00,92493
2024/11/10 06:00,92493
2024/11/10 07:00,92493
2024/11/10 08:00,92493
2024/11/10 09:00,92493
2024/11/10 10:00,92493
2024/11/10 11:00,92493
2024/11/10 12:00,92493
2024/11/10 13:00,92493
2024/11/10 14:00,92493
2024/11/10 15:00,92493
2024/11/10 16:00,92493
2024/11/10 17:00,92493
2024/11/10 18:00,92493
2024/11/10 19:00,92493
2024/11/10 20:00,92493
2024/11/10 21:00,92493
2024/11/10 22:00,92493
2024/11/10 23:00,92493
2024/11/11 00:00,92493
2024/11/11 01:00,92493
2024/11/11 02:00,92493
2024/11/11 03:00,92493
2024/11/11 04:00,92493
2024/11/11 05:00,92493
2024/11/11 06:00,92493
2024/11/11 07:00,92493
2024/11/11 08:00,92493
2024/11/11 09:00,92493
2024/11/11 10:00,92493
2024/11/11 11:00,92493
2024/11/11 12:00,92493
2024/11/11 13:00,92493
2024/11/11 14:00,92493
2024/11/11 15:00,92493
2024/11/11 16:00,92493
2024/11/11 17:00,92493
2024/11/11 18:00,92493
2024/11/11 19:00,92493
2024/11/11 20:00,92493
2024/11/11 21:00,92493
2024/11/11 22:00,92493
2024/11/11 23:00,92493
2024/11/12 00:00,92493
2024/11/12 01:00,92493
2024/11/12 02:00,92493
2024/11/12 03:00,92493
2024/11/12 04:00,92493
2024/11/12 05:00,92493
2024/11/12 06:00,92493
2024/11/12 07:00,92493
2024/11/12 08:00,92493
2024/11/12 09:00,92493
2024/11/12 10:00,92493
2024/11/12 11:00,92493
2024/11/12 12:00,92493
2024/11/12 13:00,92493
2024/11/12 14:00,92493
2024/11/12 15:00,92493
2024/11/12 16:00,92493
2024/11/12 17:00,92493
2024/11/12 18:00,92493
2024/11/12 19:00,92493
2024/11/12 20:00,92493
2024/11/12 21:00,92493
2024/11/12 22:00,92493
2024/11/12 23:00,92493
2024/11/13 00:00,92493
2024/11/13 01:00,92493
2024/11/13 02:00,92493
2024/11/13 03:00,92493
2024/11/13 04:00,92493
2024/11/13 05:00,92493
2024/11/13 06:00,92493
2024/11/13 07:00,92493
2024/11/13 08:00,92493
2024/11/13 09:00,92493
2024/11/13 10:00,92493
2024/11/13 11:00,92493
2024/11/13 12:00,92493
2024/11/13 13:00,92493
2024/11/13 14:00,92493
2024/11/13 15:00,92493
2024/11/13 16:00,92493
2024/11/13 17:00,92493
2024/11/13 18:00,92493
2024/11/13 19:00,92493
2024/11/13 20:00,92493
2024/11/13 21:00,92493
2024/11/13 22:00,92493
2024/11/13 23:00,92493
2024/11/14 00:00,92493
2024/11/14 01:00,92493
2024/11/14 02:00,92493
2024/11/14 03:00,92493
2024/11/14 04:00,92493
2024/11/14 05:00,92493
2024/11/14 06:00,92493
2024/11/14 07:00,92493
2024/11/14 08:00,92493
2024/11/14 09:00,92493
2024/11/14 10:00,92493
2024/11/14 11:00,92493
2024/11/14 12:00,92493
2024/11/14 13:00,92493
2024/11/14 14:00,92493
2024/11/14 15:00,92493
2024/11/14 16:00,92493
2024/11/14 17:00,92493
2024/11/14 18:00,92493
2024/11/14 19:00,92493
2024/11/14 20:00,92493
2024/11/14 21:00,92493
2024/11/14 22:00,92493
2024/11/14 23:00,92493
2024/11/15 00:00,92493
2024/11/15 01:00,92493
2024/11/15 02:00,92493
2024/11/15 03:00,92493
2024/11/15 04:00,92493
2024/11/15 05:00,92493
2024/11/15 06:00,92493
2024/11/15 07:00,92493
2024/11/15 08:00,92493
2024/11/15 09:00,92493
2024/11/15 10:00,92493
2024/11/15 11:00,92493
2024/11/15 12:00,92493
2024/11/15 13:00,92493
2024/11/15 14:00,92493
2024/11/15 15:00,
2024/11/15 16:00,
2024/11/15 17:00,
2024/11/15 18:00,
2024/11/15 19:00,
2024/11/15 20:00,
2024/11/15 21:00,
2024/11/15 22:00,
2024/11/15 23:00,
2024/11/16 00:00,
2024/11/16 01:00,
2024/11/16 02:00,
2024/11/16 03:00,
2024/11/16 04:00,
2024/11/16 05:00,
2024/11/16 06:00,
2024/11/16 07:00,
2024/11/16 08:00,
2024/11/16 09:00,
2024/11/16 10:00,
2024/11/16 11:00,
2024/11/16 12:00,
2024/11/16 13:00,
2024/11/16 14:00,
2024/11/16 15:00,
2024/11/16 16:00,
2024/11/16 17:00,
2024/11/16 18:00,
2024/11/16 19:00,
2024/11/16 20:00,
2024/11/16 21:00,
2024/11/16 22:00,
2024/11/16 23:00,
2024/11/17 00:00,
2024/11/17 01:00,
2024/11/17 02:00,
2024/11/17 03:00,
2024/11/17 04:00,
2024/11/17 05:00,
2024/11/17 06:00,
2024/11/17 07:00,
2024/11/17 08:00,
2024/11/17 09:00,
2024/11/17 10:00,
2024/11/17 11:00,
2024/11/17 12:00,
2024/11/17 13:00,
2024/11/17 14:00,
2024/11/17 15:00,
2024/11/17 16:00,
2024/11/17 17:00,
2024/11/17 18:00,
2024/11/17 19:00,
2024/11/17 20:00,
2024/11/17 21:00,
2024/11/17 22:00,
2024/11/17 23:00,
2024/11/18 00:00,
2024/11/18 01:00,
2024/11/18 02:00,
2024/11/18 03:00,
2024/11/18 04:00,
2024/11/18 05:00,
2024/11/18 06:00,
2024/11/18 07:00,
2024/11/18 08:00,
2024/11/18 09:00,
2024/11/18 10:00,
2024/11/18 11:00,
2024/11/18 12:00,
2024/11/18 13:00,
2024/11/18 14:00,
2024/11/18 15:00,
2024/11/18 16:00,
2024/11/18 17:00,
2024/11/18 18:00,
2024/11/18 19:00,
2024/11/18 20:00,
2024/11/18 21:00,
2024/11/18 22:00,
2024/11/18 23:00,
2024/11/19 00:00,
2024/11/19 01:00,
2024/11/19 02:00,
2024/11/19 03:00,
2024/11/19 04:00,
2024/11/19 05:00,
2024/11/19 06:00,
2024/11/19 07:00,
2024/11/19 08:00,
2024/11/19 09:00,
2024/11/19 10:00,
2024/11/19 11:00,
2024/11/19 12:00,
2024/11/19 13:00,
2024/11/19 14:00,
2024/11/19 15:00,
2024/11/19 16:00,
2024/11/19 17:00,
2024/11/19 18:00,
2024/11/19 19:00,
2024/11/19 20:00,
2024/11/19 21:00,
2024/11/19 22:00,
2024/11/19 23:00,
2024/11/20 00:00,
2024/11/20 01:00,
2024/11/20 02:00,
2024/11/20 03:00,
2024/11/20 04:00,
2024/11/20 05:00,
2024/11/20 06:00,
2024/11/20 07:00,
2024/11/20 08:00,
2024/11/20 09:00,
2024/11/20 10:00,
2024/11/20 11:00,
2024/11/20 12:00,
2024/11/20 13:00,
2024/11/20 14:00,
2024/11/20 15:00,
2024/11/20 16:00,
2024/11/20 17:00,
2024/11/20 18:00,
2024/11/20 19:00,
2024/11/20 20:00,
2024/11/20 21:00,
2024/11/20 22:00,
2024/11/20 23:00,
2024/11/21 00:00,
2024/11/21 01:00,
2024/11/21 02:00,
2024/11/21 03:00,
2024/11/21 04:00,
2024/11/21 05:00,
2024/11/21 06:00,
2024/11/21 07:00,
2024/11/21 08:00,
2024/11/21 09:00,
2024/11/21 10:00,
2024/11/21 11:00,
2024/11/21 12:00,
2024/11/21 13:00,
2024/11/21 14:00,
2024/11/21 15:00,
2024/11/21 16:00,
2024/11/21 17:00,
2024/11/21 18:00,
2024/11/21 19:00,
2024/11/21 20:00,
2024/11/21 21:00,
2024/11/21 22:00,
2024/11/21 23:00,
2024/11/22 00:00,
2024/11/22 01:00,
2024/11/22 02:00,
2024/11/22 03:00,
2024/11/22 04:00,
2024/11/22 05:00,
2024/11/22 06:00,
2024/11/22 07:00,
2024/11/22 08:00,
2024/11/22 09:00,
2024/11/22 10:00,
2024/11/22 11:00,
2024/11/22 12:00,
2024/11/22 13:00,
2024/11/22 14:00,
2024/11/22 15:00,
2024/11/22 16:00,
2024/11/22 17:00,
2024/11/22 18:00,
2024/11/22 19:00,
2024/11/22 20:00,
2024/11/22 21:00,
2024/11/22 22:00,
2024/11/22 23:00,
2024/11/23 00:00,
2024/11/23 01:00,
2024/11/23 02:00,
2024/11/23 03:00,
2024/11/23 04:00,
2024/11/23 05:00,
2024/11/23 06:00,
2024/11/23 07:00,
2024/11/23 08:00,
2024/11/23 09:00,
2024/11/23 10:00,
2024/11/23 11:00,
2024/11/23 12:00,
2024/11/23 13:00,
2024/11/23 14:00,
2024/11/23 15:00,
2024/11/23 16:00,
2024/11/23 17:00,
2024/11/23 18:00,
2024/11/23 19:00,
2024/11/23 20:00,
2024/11/23 21:00,
2024/11/23 22:00,
2024/11/23 23:00,
2024/11/24 00:00,
2024/11/24 01:00,
2024/11/24 02:00,
2024/11/24 03:00,
2024/11/24 04:00,
2024/11/24 05:00,
2024/11/24 06:00,
2024/11/24 07:00,
2024/11/24 08:00,
2024/11/24 09:00,
2024/11/24 10:00,
2024/11/24 11:00,
2024/11/24 12:00,
2024/11/24 13:00,
2024/11/24 14:00,
2024/11/24 15:00,
2024/11/24 16:00,
2024/11/24 17:00,
2024/11/24 18:00,
2024/11/24 19:00,
2024/11/24 20:00,
2024/11/24 21:00,
2024/11/24 22:00,
2024/11/24 23:00,
2024/11/25 00:00,
2024/11/25 01:00,
2024/11/25 02:00,
2024/11/25 03:00,
2024/11/25 04:00,
2024/11/25 05:00,
2024/11/25 06:00,
2024/11/25 07:00,
2024/11/25 08:00,
2024/11/25 09:00,
2024/11/25 10:00,
2024/11/25 11:00,
2024/11/25 12:00,
2024/11/25 13:00,
2024/11/25 14:00,
2024/11/25 15:00,
2024/11/25 16:00,
2024/11/25 17:00,
2024/11/25 18:00,
2024/11/25 19:00,
2024/11/25 20:00,
2024/11/25 21:00,
2024/11/25 22:00,
2024/11/25 23:00,
2024/11/26 00:00,
2024/11/26 01:00,
2024/11/26 02:00,
2024/11/26 03:00,
2024/11/26 04:00,
2024/11/26 05:00,
2024/11/26 06:00,
2024/11/26 07:00,
2024/11/26 08:00,
2024/11/26 09:00,
2024/11/26 10:00,
2024/11/26 11:00,
2024/11/26 12:00,
2024/11/26 13:00,
2024/11/26 14:00,
2024/11/26 15:00,
2024/11/26 16:00,
2024/11/26 17:00,
2024/11/26 18:00,
2024/11/26 19:00,
2024/11/26 20:00,
2024/11/26 21:00,
2024/11/26 22:00,
2024/11/26 23:00,
2024/11/27 00:00,
2024/11/27 01:00,
2024/11/27 02:00,
2024/11/27 03:00,
2024/11/27 04:00,
2024/11/27 05:00,
2024/11/27 06:00,
2024/11/27 07:00,
2024/11/27 08:00,
2024/11/27 09:00,
2024/11/27 10:00,
2024/11/27 11:00,
2024/11/27 12:00,
2024/11/27 13:00,
2024/11/27 14:00,
2024/11/27 15:00,
2024/11/27 16:00,
2024/11/27 17:00,
2024/11/27 18:00,
2024/11/27 19:00,
2024/11/27 20:00,
2024/11/27 21:00,
2024/11/27 22:00,
2024/11/27 23:00,
2024/11/28 00:00,
2024/11/28 01:00,
2024/11/28 02:00,
2024/11/28 03:00,
2024/11/28 04:00,
2024/11/28 05:00,
2024/11/28 06:00,
2024/11/28 07:00,
2024/11/28 08:00,
2024/11/28 09:00,
2024/11/28 10:00,
2024/11/28 11:00,
2024/11/28 12:00,
2024/11/28 13:00,
2024/11/28 14:00,
2024/11/28 15:00,
2024/11/28 16:00,
2024/11/28 17:00,
2024/11/28 18:00,
2024/11/28 19:00,
2024/11/28 20:00,
2024/11/28 21:00,
2024/11/28 22:00,
2024/11/28 23:00,
2024/11/29 00:00,
2024/11/29 01:00,
2024/11/29 02:00,
2024/11/29 03:00,
2024/11/29 04:00,
2024/11/29 05:00,
2024/11/29 06:00,
2024/11/29 07:00,
2024/11/29 08:00,
2024/11/29 09:00,
2024/11/29 10:00,
2024/11/29 11:00,102581
2024/11/29 12:00,102593
2024/11/29 13:00,102604
2024/11/29 14:00,102614
2024/11/29 15:00,102627
2024/11/29 16:00,102641
2024/11/29 17:00,102656
2024/11/29 18:00,102670
2024/11/29 19:00,102681
2024/11/29 20:00,102693
2024/11/29 21:00,102707
2024/11/29 22:00,102718
2024/11/29 23:00,102724
2024/11/30 00:00,102728
2024/11/30 01:00,102732
2024/11/30 02:00,102736
2024/11/30 03:00,102739
2024/11/30 04:00,102743
2024/11/30 05:00,102747
2024/11/30 06:00,102751
2024/11/30 07:00,102755
2024/11/30 08:00,102761
2024/11/30 09:00,102771
2024/11/30 10:00,102783
2024/11/30 11:00,102799
2024/11/30 12:00,102813
2024/11/30 13:00,102826
2024/11/30 14:00,102840
2024/11/30 15:00,102854
2024/11/30 16:00,102868
2024/11/30 17:00,102882
2024/11/30 18:00,102894
2024/11/30 19:00,102905
2024/11/30 20:00,102918
2024/11/30 21:00,102929
2024/11/30 22:00,102940
2024/11/30 23:00,102945
2024/12/1 00:00,102949
2024/12/1 01:00,102952
2024/12/1 02:00,102955
2024/12/1 03:00,102959
2024/12/1 04:00,102962
2024/12/1 05:00,102965
2024/12/1 06:00,102969
2024/12/1 07:00,102973
2024/12/1 08:00,102978
2024/12/1 09:00,102987
2024/12/1 10:00,102998
2024/12/1 11:00,103010
2024/12/1 12:00,103021
2024/12/1 13:00,103031
2024/12/1 14:00,103042
2024/12/1 15:00,103055
2024/12/1 16:00,103068
2024/12/1 17:00,103081
2024/12/1 18:00,103092
2024/12/1 19:00,103102
2024/12/1 20:00,103112
2024/12/1 21:00,103123
2024/12/1 22:00,103134
2024/12/1 23:00,103139
2024/12/2 00:00,103142
2024/12/2 01:00,103144
2024/12/2 02:00,103146
2024/12/2 03:00,103149
2024/12/2 04:00,103151
2024/12/2 05:00,103154
2024/12/2 06:00,103156
2024/12/2 07:00,103159
2024/12/2 08:00,103164
2024/12/2 09:00,103174
2024/12/2 10:00,103186
2024/12/2 11:00,103201
2024/12/2 12:00,103215
2024/12/2 13:00,103228
2024/12/2 14:00,103241
2024/12/2 15:00,103258
2024/12/2 16:00,103274
2024/12/2 17:00,103289
2024/12/2 18:00,103303
2024/12/2 19:00,103316
2024/12/2 20:00,103334
2024/12/2 21:00,103351
2024/12/2 22:00,103366
2024/12/2 23:00,103372
2024/12/3 00:00,103375
2024/12/3 01:00,103377
2024/12/3 02:00,103380
2024/12/3 03:00,103382
2024/12/3 04:00,103385
2024/12/3 05:00,103388
2024/12/3 06:00,103390
2024/12/3 07:00,103393
2024/12/3 08:00,103399
2024/12/3 09:00,103412
2024/12/3 10:00,103425
2024/12/3 11:00,103438
2024/12/3 12:00,103451
2024/12/3 13:00,103462
2024/12/3 14:00,103472
2024/12/3 15:00,103486
2024/12/3 16:00,103500
2024/12/3 17:00,103512
2024/12/3 18:00,103525
2024/12/3 19:00,103537
2024/12/3 20:00,103551
2024/12/3 21:00,103565
2024/12/3 22:00,103579
2024/12/3 23:00,103584
2024/12/4 00:00,103587
2024/12/4 01:00,103590
2024/12/4 02:00,103592
2024/12/4 03:00,103595
2024/12/4 04:00,103597
2024/12/4 05:00,103600
2024/12/4 06:00,103603
2024/12/4 07:00,103605
2024/12/4 08:00,103611
2024/12/4 09:00,103623
2024/12/4 10:00,103635
2024/12/4 11:00,103648
2024/12/4 12:00,103660
2024/12/4 13:00,103670
2024/12/4 14:00,103682
2024/12/4 15:00,103695
2024/12/4 16:00,103709
2024/12/4 17:00,103721
2024/12/4 18:00,103732
2024/12/4 19:00,103743
2024/12/4 20:00,103754
2024/12/4 21:00,103764
2024/12/4 22:00,103775
2024/12/4 23:00,103780
2024/12/5 00:00,103782
2024/12/5 01:00,103785
2024/12/5 02:00,103788
2024/12/5 03:00,103791
2024/12/5 04:00,103794
2024/12/5 05:00,103796
2024/12/5 06:00,103799
2024/12/5 07:00,103802
2024/12/5 08:00,103808
2024/12/5 09:00,103822
2024/12/5 10:00,103838
2024/12/5 11:00,103854
2024/12/5 12:00,103869
2024/12/5 13:00,103883
2024/12/5 14:00,103896
2024/12/5 15:00,103910
2024/12/5 16:00,103924
2024/12/5 17:00,103939
2024/12/5 18:00,103956
2024/12/5 19:00,103971
2024/12/5 20:00,103986
2024/12/5 21:00,104003
2024/12/5 22:00,104019
2024/12/5 23:00,104025
2024/12/6 00:00,104028
2024/12/6 01:00,104030
2024/12/6 02:00,104033
2024/12/6 03:00,104036
2024/12/6 04:00,104038
2024/12/6 05:00,104041
2024/12/6 06:00,104044
2024/12/6 07:00,104047
2024/12/6 08:00,104053
2024/12/6 09:00,104062
2024/12/6 10:00,104073
2024/12/6 11:00,104085
2024/12/6 12:00,104096
2024/12/6 13:00,104105
2024/12/6 14:00,104115
2024/12/6 15:00,104127
2024/12/6 16:00,104139
2024/12/6 17:00,104153
2024/12/6 18:00,104167
2024/12/6 19:00,104179
2024/12/6 20:00,104192
2024/12/6 21:00,104204
2024/12/6 22:00,104216
2024/12/6 23:00,104221
2024/12/7 00:00,104224
2024/12/7 01:00,104226
2024/12/7 02:00,104229
2024/12/7 03:00,104232
2024/12/7 04:00,104235
2024/12/7 05:00,104237
2024/12/7 06:00,104240
2024/12/7 07:00,104243
2024/12/7 08:00,104249
2024/12/7 09:00,104257
2024/12/7 10:00,104267
2024/12/7 11:00,104277
2024/12/7 12:00,104288
2024/12/7 13:00,104296
2024/12/7 14:00,104306
2024/12/7 15:00,104318
2024/12/7 16:00,104329
2024/12/7 17:00,104340
2024/12/7 18:00,104350
2024/12/7 19:00,104360
2024/12/7 20:00,104369
2024/12/7 21:00,104377
2024/12/7 22:00,104386
2024/12/7 23:00,104391
2024/12/8 00:00,104393
2024/12/8 01:00,104396
2024/12/8 02:00,104399
2024/12/8 03:00,104401
2024/12/8 04:00,104404
2024/12/8 05:00,104407
2024/12/8 06:00,104410
2024/12/8 07:00,104413
2024/12/8 08:00,104417
2024/12/8 09:00,104430
2024/12/8 10:00,104452
2024/12/8 11:00,104477
2024/12/8 12:00,104498
2024/12/8 13:00,104519
2024/12/8 14:00,104540
2024/12/8 15:00,104560
2024/12/8 16:00,104579
2024/12/8 17:00,104599
2024/12/8 18:00,104616
2024/12/8 19:00,104633
2024/12/8 20:00,104649
2024/12/8 21:00,104665
2024/12/8 22:00,104681
2024/12/8 23:00,104688
2024/12/9 00:00,104691
2024/12/9 01:00,104694
2024/12/9 02:00,104696
2024/12/9 03:00,104699
2024/12/9 04:00,104702
2024/12/9 05:00,104704
2024/12/9 06:00,104707
2024/12/9 07:00,104710
2024/12/9 08:00,104716
2024/12/9 09:00,104726
2024/12/9 10:00,104741
2024/12/9 11:00,104758
2024/12/9 12:00,104775
2024/12/9 13:00,104791
2024/12/9 14:00,104807
2024/12/9 15:00,104826
2024/12/9 16:00,104845
2024/12/9 17:00,104862
2024/12/9 18:00,104879
2024/12/9 19:00,104895
2024/12/9 20:00,104909
2024/12/9 21:00,104927
2024/12/9 22:00,104945
2024/12/9 23:00,104959
2024/12/10 00:00,104967
2024/12/10 01:00,104969
2024/12/10 02:00,104972
2024/12/10 03:00,104974
2024/12/10 04:00,104977
2024/12/10 05:00,104980
2024/12/10 06:00,104983
2024/12/10 07:00,104985
2024/12/10 08:00,104992
2024/12/10 09:00,105005
2024/12/10 10:00,105019
2024/12/10 11:00,105031
2024/12/10 12:00,105044
2024/12/10 13:00,105056
2024/12/10 14:00,105069
2024/12/10 15:00,105083
2024/12/10 16:00,105099
2024/12/10 17:00,105116
2024/12/10 18:00,105131
2024/12/10 19:00,105144
2024/12/10 20:00,105157
2024/12/10 21:00,105173
2024/12/10 22:00,105184
2024/12/10 23:00,105194
2024/12/11 00:00,105200
2024/12/11 01:00,105203
2024/12/11 02:00,105208
2024/12/11 03:00,105213
2024/12/11 04:00,105219
2024/12/11 05:00,105224
2024/12/11 06:00,105229
2024/12/11 07:00,105234
2024/12/11 08:00,105240
2024/12/11 09:00,105252
2024/12/11 10:00,105265
2024/12/11 11:00,105279
2024/12/11 12:00,105292
2024/12/11 13:00,105304
2024/12/11 14:00,105317
2024/12/11 15:00,105334
2024/12/11 16:00,105351
2024/12/11 17:00,105366
2024/12/11 18:00,105382
2024/12/11 19:00,105397
2024/12/11 20:00,105413
2024/12/11 21:00,105435
2024/12/11 22:00,105456
2024/12/11 23:00,105472
2024/12/12 00:00,105479
2024/12/12 01:00,105481
2024/12/12 02:00,105484
2024/12/12 03:00,105486
2024/12/12 04:00,105489
2024/12/12 05:00,105492
2024/12/12 06:00,105494
2024/12/12 07:00,105498
2024/12/12 08:00,105503
2024/12/12 09:00,105515
2024/12/12 10:00,105534
2024/12/12 11:00,105558
2024/12/12 12:00,105582
2024/12/12 13:00,105603
2024/12/12 14:00,105624
2024/12/12 15:00,105645
2024/12/12 16:00,105667
2024/12/12 17:00,105694
2024/12/12 18:00,105725
2024/12/12 19:00,105755
2024/12/12 20:00,105784
2024/12/12 21:00,105810
2024/12/12 22:00,105831
2024/12/12 23:00,105845
2024/12/13 00:00,105851
2024/12/13 01:00,105853
2024/12/13 02:00,105856
2024/12/13 03:00,105859
2024/12/13 04:00,105862
2024/12/13 05:00,105865
2024/12/13 06:00,105868
2024/12/13 07:00,105872
2024/12/13 08:00,105877
2024/12/13 09:00,105886
2024/12/13 10:00,105901
2024/12/13 11:00,105916
2024/12/13 12:00,105933
2024/12/13 13:00,105947
2024/12/13 14:00,105961
2024/12/13 15:00,105975
2024/12/13 16:00,105988
2024/12/13 17:00,106001
2024/12/13 18:00,106006
2024/12/13 19:00,106009
2024/12/13 20:00,106014
2024/12/13 21:00,106018
2024/12/13 22:00,106021
2024/12/13 23:00,106024
2024/12/14 00:00,106027
2024/12/14 01:00,106029
2024/12/14 02:00,106032
2024/12/14 03:00,106034
2024/12/14 04:00,106037
2024/12/14 05:00,106039
2024/12/14 06:00,106041
2024/12/14 07:00,106044
2024/12/14 08:00,106046
2024/12/14 09:00,106049
2024/12/14 10:00,106051
2024/12/14 11:00,106053
2024/12/14 12:00,106056
2024/12/14 13:00,106058
2024/12/14 14:00,106064
2024/12/14 15:00,106072
2024/12/14 16:00,106080
2024/12/14 17:00,106088
2024/12/14 18:00,106097
2024/12/14 19:00,106111
2024/12/14 20:00,106129
2024/12/14 21:00,106154
2024/12/14 22:00,106174
2024/12/14 23:00,106184
2024/12/15 00:00,106189
2024/12/15 01:00,106191
2024/12/15 02:00,106194
2024/12/15 03:00,106197
2024/12/15 04:00,106200
2024/12/15 05:00,106203
2024/12/15 06:00,106206
2024/12/15 07:00,106209
2024/12/15 08:00,106213
2024/12/15 09:00,106227
2024/12/15 10:00,106246
2024/12/15 11:00,106265
2024/12/15 12:00,106283
2024/12/15 13:00,106300
2024/12/15 14:00,106319
2024/12/15 15:00,106339
2024/12/15 16:00,106357
2024/12/15 17:00,106377
2024/12/15 18:00,106396
2024/12/15 19:00,106424
2024/12/15 20:00,106450
2024/12/15 21:00,106477
2024/12/15 22:00,106503
2024/12/15 23:00,106520
2024/12/16 00:00,106529
2024/12/16 01:00,106533
2024/12/16 02:00,106536
2024/12/16 03:00,106538
2024/12/16 04:00,106541
2024/12/16 05:00,106544
2024/12/16 06:00,106547
2024/12/16 07:00,106550
2024/12/16 08:00,106555
2024/12/16 09:00,106566
2024/12/16 10:00,106580
2024/12/16 11:00,106594
2024/12/16 12:00,106608
2024/12/16 13:00,106624
2024/12/16 14:00,106642
2024/12/16 15:00,106665
2024/12/16 16:00,106689
2024/12/16 17:00,106714
2024/12/16 18:00,106740
2024/12/16 19:00,106769
2024/12/16 20:00,106798
2024/12/16 21:00,106829
2024/12/16 22:00,106861
2024/12/16 23:00,106880
2024/12/17 00:00,106888
2024/12/17 01:00,106890
2024/12/17 02:00,106893
2024/12/17 03:00,106895
2024/12/17 04:00,106898
2024/12/17 05:00,106901
2024/12/17 06:00,106904
2024/12/17 07:00,106907
2024/12/17 08:00,106918
2024/12/17 09:00,106935
2024/12/17 10:00,106954
2024/12/17 11:00,106972
2024/12/17 12:00,106989
2024/12/17 13:00,107003
2024/12/17 14:00,107017
2024/12/17 15:00,107033
2024/12/17 16:00,107053
2024/12/17 17:00,107070
2024/12/17 18:00,107087
2024/12/17 19:00,107105
2024/12/17 20:00,107130
2024/12/17 21:00,107155
2024/12/17 22:00,107181
2024/12/17 23:00,107195
2024/12/18 00:00,107201
2024/12/18 01:00,107203
2024/12/18 02:00,107206
2024/12/18 03:00,107208
2024/12/18 04:00,107211
2024/12/18 05:00,107214
2024/12/18 06:00,107216
2024/12/18 07:00,107219
2024/12/18 08:00,107229
2024/12/18 09:00,107245
2024/12/18 10:00,107267
2024/12/18 11:00,107289
2024/12/18 12:00,107313
2024/12/18 13:00,107334
2024/12/18 14:00,107356
2024/12/18 15:00,107383
2024/12/18 16:00,107412
2024/12/18 17:00,107439
2024/12/18 18:00,107466
2024/12/18 19:00,107495
2024/12/18 20:00,107529
2024/12/18 21:00,107563
2024/12/18 22:00,107590
2024/12/18 23:00,107605
2024/12/19 00:00,107610
2024/12/19 01:00,107612
2024/12/19 02:00,107615
2024/12/19 03:00,107618
2024/12/19 04:00,107620
2024/12/19 05:00,107623
2024/12/19 06:00,107626
2024/12/19 07:00,107629
2024/12/19 08:00,107637
2024/12/19 09:00,107657
2024/12/19 10:00,107676
2024/12/19 11:00,107699
2024/12/19 12:00,107719
2024/12/19 13:00,107738
2024/12/19 14:00,107755
2024/12/19 15:00,107774
2024/12/19 16:00,107797
2024/12/19 17:00,107823
2024/12/19 18:00,107850
2024/12/19 19:00,107881
2024/12/19 20:00,107915
2024/12/19 21:00,107949
2024/12/19 22:00,107982
2024/12/19 23:00,107997
2024/12/20 00:00,108004
2024/12/20 01:00,108007
2024/12/20 02:00,108009
2024/12/20 03:00,108012
2024/12/20 04:00,108015
2024/12/20 05:00,108017
2024/12/20 06:00,108020
2024/12/20 07:00,108023
2024/12/20 08:00,108028
2024/12/20 09:00,108038
2024/12/20 10:00,108063
2024/12/20 11:00,108093
2024/12/20 12:00,108118
2024/12/20 13:00,108141
2024/12/20 14:00,108166
2024/12/20 15:00,108191
2024/12/20 16:00,108216
2024/12/20 17:00,108236
2024/12/20 18:00,108252
2024/12/20 19:00,108258
2024/12/20 20:00,108261
2024/12/20 21:00,108265
2024/12/20 22:00,108269
2024/12/20 23:00,108272
2024/12/21 00:00,108275
2024/12/21 01:00,108277
2024/12/21 02:00,108280
2024/12/21 03:00,108283
2024/12/21 04:00,108286
2024/12/21 05:00,108288
2024/12/21 06:00,108291
2024/12/21 07:00,108294
2024/12/21 08:00,108297
2024/12/21 09:00,108299
2024/12/21 10:00,108302
2024/12/21 11:00,108305
2024/12/21 12:00,108307
2024/12/21 13:00,108310
2024/12/21 14:00,108313
2024/12/21 15:00,108315
2024/12/21 16:00,108318
2024/12/21 17:00,108321
2024/12/21 18:00,108323
2024/12/21 19:00,108326
2024/12/21 20:00,108329
2024/12/21 21:00,108332
2024/12/21 22:00,108335
2024/12/21 23:00,108338
2024/12/22 00:00,108340
2024/12/22 01:00,108343
2024/12/22 02:00,108346
2024/12/22 03:00,108349
2024/12/22 04:00,108351
2024/12/22 05:00,108354
2024/12/22 06:00,108357
2024/12/22 07:00,108360
2024/12/22 08:00,108363
2024/12/22 09:00,108365
2024/12/22 10:00,108368
2024/12/22 11:00,108371
2024/12/22 12:00,108374
2024/12/22 13:00,108376
2024/12/22 14:00,108379
2024/12/22 15:00,108381
2024/12/22 16:00,108384
2024/12/22 17:00,108387
2024/12/22 18:00,108390
2024/12/22 19:00,108394
2024/12/22 20:00,108406
2024/12/22 21:00,108426
2024/12/22 22:00,108444
2024/12/22 23:00,108451
2024/12/23 00:00,108454
2024/12/23 01:00,108457
2024/12/23 02:00,108460
2024/12/23 03:00,108463
2024/12/23 04:00,108466
2024/12/23 05:00,108469
2024/12/23 06:00,108472
2024/12/23 07:00,108475
2024/12/23 08:00,108479
2024/12/23 09:00,108484
2024/12/23 10:00,108493
2024/12/23 11:00,108518
2024/12/23 12:00,108541
2024/12/23 13:00,108560
2024/12/23 14:00,108577
2024/12/23 15:00,108602
2024/12/23 16:00,108632
2024/12/23 17:00,108660
2024/12/23 18:00,108690
2024/12/23 19:00,108719
2024/12/23 20:00,108751
2024/12/23 21:00,108791
2024/12/23 22:00,108830
2024/12/23 23:00,108843
2024/12/24 00:00,108845
2024/12/24 01:00,108848
2024/12/24 02:00,108850
2024/12/24 03:00,108852
2024/12/24 04:00,108855
2024/12/24 05:00,108858
2024/12/24 06:00,108860
2024/12/24 07:00,108863
2024/12/24 08:00,108868
2024/12/24 09:00,108879
2024/12/24 10:00,108896
2024/12/24 11:00,108922
2024/12/24 12:00,108948
2024/12/24 13:00,108972
2024/12/24 14:00,108995
2024/12/24 15:00,109018
2024/12/24 16:00,109040
2024/12/24 17:00,109063
2024/12/24 18:00,109090
2024/12/24 19:00,109119
2024/12/24 20:00,109146
2024/12/24 21:00,109173
2024/12/24 22:00,109197
2024/12/24 23:00,109209
2024/12/25 00:00,109211
2024/12/25 01:00,109214
2024/12/25 02:00,109216
2024/12/25 03:00,109219
2024/12/25 04:00,109221
2024/12/25 05:00,109224
2024/12/25 06:00,109227
2024/12/25 07:00,109231
2024/12/25 08:00,109236
2024/12/25 09:00,109250
2024/12/25 10:00,109266
2024/12/25 11:00,109281
2024/12/25 12:00,109299
2024/12/25 13:00,109317
2024/12/25 14:00,109335
2024/12/25 15:00,109356
2024/12/25 16:00,109376
2024/12/25 17:00,109401
2024/12/25 18:00,109429
2024/12/25 19:00,109455
2024/12/25 20:00,109488
2024/12/25 21:00,109522
2024/12/25 22:00,109555
2024/12/25 23:00,109566
2024/12/26 00:00,109568
2024/12/26 01:00,109570
2024/12/26 02:00,109572
2024/12/26 03:00,109575
2024/12/26 04:00,109577
2024/12/26 05:00,109580
2024/12/26 06:00,109583
2024/12/26 07:00,109585
2024/12/26 08:00,109591
2024/12/26 09:00,109606
2024/12/26 10:00,109629
2024/12/26 11:00,109654
2024/12/26 12:00,109677
2024/12/26 13:00,109699
2024/12/26 14:00,109721
2024/12/26 15:00,109743
2024/12/26 16:00,109769
2024/12/26 17:00,109797
2024/12/26 18:00,109822
2024/12/26 19:00,109847
2024/12/26 20:00,109878
2024/12/26 21:00,109917
2024/12/26 22:00,109955
2024/12/26 23:00,109968
2024/12/27 00:00,109971
2024/12/27 01:00,109973
2024/12/27 02:00,109975
2024/12/27 03:00,109977
2024/12/27 04:00,109980
2024/12/27 05:00,109983
2024/12/27 06:00,109985
2024/12/27 07:00,109990
2024/12/27 08:00,110003
2024/12/27 09:00,110021
2024/12/27 10:00,110039
2024/12/27 11:00,110059
2024/12/27 12:00,110079
2024/12/27 13:00,110098
2024/12/27 14:00,110117
2024/12/27 15:00,110137
2024/12/27 16:00,110158
2024/12/27 17:00,110183
2024/12/27 18:00,110212
2024/12/27 19:00,110241
2024/12/27 20:00,110269
2024/12/27 21:00,110296
2024/12/27 22:00,110320
2024/12/27 23:00,110326
2024/12/28 00:00,110328
2024/12/28 01:00,110331
2024/12/28 02:00,110333
2024/12/28 03:00,110336
2024/12/28 04:00,110339
2024/12/28 05:00,110342
2024/12/28 06:00,110344
2024/12/28 07:00,110347
2024/12/28 08:00,110355
2024/12/28 09:00,110365
2024/12/28 10:00,110379
2024/12/28 11:00,110394
2024/12/28 12:00,110412
2024/12/28 13:00,110426
2024/12/28 14:00,110442
2024/12/28 15:00,110459
2024/12/28 16:00,110477
2024/12/28 17:00,110499
2024/12/28 18:00,110521
2024/12/28 19:00,110546
2024/12/28 20:00,110571
2024/12/28 21:00,110592
2024/12/28 22:00,110613
2024/12/28 23:00,110621
2024/12/29 00:00,110624
2024/12/29 01:00,110626
2024/12/29 02:00,110629
2024/12/29 03:00,110631
2024/12/29 04:00,110634
2024/12/29 05:00,110637
2024/12/29 06:00,110639
2024/12/29 07:00,110642
2024/12/29 08:00,110646
2024/12/29 09:00,110659
2024/12/29 10:00,110680
2024/12/29 11:00,110703
2024/12/29 12:00,110726
2024/12/29 13:00,110747
2024/12/29 14:00,110768
2024/12/29 15:00,110792
2024/12/29 16:00,110816
2024/12/29 17:00,110843
2024/12/29 18:00,110871
2024/12/29 19:00,110899
2024/12/29 20:00,110928
2024/12/29 21:00,110957
2024/12/29 22:00,110985
2024/12/29 23:00,110995
2024/12/30 00:00,110998
2024/12/30 01:00,111000
2024/12/30 02:00,111002
2024/12/30 03:00,111005
2024/12/30 04:00,111007
2024/12/30 05:00,111010
2024/12/30 06:00,111012
2024/12/30 07:00,111015
2024/12/30 08:00,111021
2024/12/30 09:00,111030
2024/12/30 10:00,111039
2024/12/30 11:00,111049
2024/12/30 12:00,111059
2024/12/30 13:00,111068
2024/12/30 14:00,111082
2024/12/30 15:00,111101
2024/12/30 16:00,111116
2024/12/30 17:00,111129
2024/12/30 18:00,111142
2024/12/30 19:00,111155
2024/12/30 20:00,111171
2024/12/30 21:00,111187
2024/12/30 22:00,111202
2024/12/30 23:00,111207
2024/12/31 00:00,111210
2024/12/31 01:00,111213
2024/12/31 02:00,111215
2024/12/31 03:00,111218
2024/12/31 04:00,111220
2024/12/31 05:00,111223
2024/12/31 06:00,111225
2024/12/31 07:00,111229
2024/12/31 08:00,111238
2024/12/31 09:00,111250
2024/12/31 10:00,111266
2024/12/31 11:00,111284
2024/12/31 12:00,111301
2024/12/31 13:00,111317
2024/12/31 14:00,111334
2024/12/31 15:00,111354
2024/12/31 16:00,111374
2024/12/31 17:00,111392
2024/12/31 18:00,111408
2024/12/31 19:00,111422
2024/12/31 20:00,111436
2024/12/31 21:00,111448
2024/12/31 22:00,111458
2024/12/31 23:00,111462
