timestamp,load_kwh,hourly_kwh,is_outlier_mad,hourly_kwh_clean
2024-01-01 00:00:00,,,False,
2024-01-01 01:00:00,,,False,
2024-01-01 02:00:00,,,False,
2024-01-01 03:00:00,,,False,
2024-01-01 04:00:00,,,False,
2024-01-01 05:00:00,,,False,
2024-01-01 06:00:00,,,False,
2024-01-01 07:00:00,,,False,
2024-01-01 08:00:00,,,False,
2024-01-01 09:00:00,,,False,
2024-01-01 10:00:00,,,False,
2024-01-01 11:00:00,,,False,
2024-01-01 12:00:00,,,False,
2024-01-01 13:00:00,,,False,
2024-01-01 14:00:00,,,False,
2024-01-01 15:00:00,,,False,
2024-01-01 16:00:00,,,False,
2024-01-01 17:00:00,,,False,
2024-01-01 18:00:00,,,False,
2024-01-01 19:00:00,,,False,
2024-01-01 20:00:00,,,False,
2024-01-01 21:00:00,,,False,
2024-01-01 22:00:00,,,False,
2024-01-01 23:00:00,,,False,
2024-01-02 00:00:00,,,False,
2024-01-02 01:00:00,,,False,
2024-01-02 02:00:00,,,False,
2024-01-02 03:00:00,,,False,
2024-01-02 04:00:00,,,False,
2024-01-02 05:00:00,,,False,
2024-01-02 06:00:00,,,False,
2024-01-02 07:00:00,,,False,
2024-01-02 08:00:00,,,False,
2024-01-02 09:00:00,,,False,
2024-01-02 10:00:00,,,False,
2024-01-02 11:00:00,,,False,
2024-01-02 12:00:00,,,False,
2024-01-02 13:00:00,,,False,
2024-01-02 14:00:00,,,False,
2024-01-02 15:00:00,,,False,
2024-01-02 16:00:00,,,False,
2024-01-02 17:00:00,,,False,
2024-01-02 18:00:00,,,False,
2024-01-02 19:00:00,,,False,
2024-01-02 20:00:00,,,False,
2024-01-02 21:00:00,,,False,
2024-01-02 22:00:00,,,False,
2024-01-02 23:00:00,,,False,
2024-01-03 00:00:00,,,False,
2024-01-03 01:00:00,,,False,
2024-01-03 02:00:00,,,False,
2024-01-03 03:00:00,,,False,
2024-01-03 04:00:00,,,False,
2024-01-03 05:00:00,,,False,
2024-01-03 06:00:00,,,False,
2024-01-03 07:00:00,,,False,
2024-01-03 08:00:00,,,False,
2024-01-03 09:00:00,,,False,
2024-01-03 10:00:00,,,False,
2024-01-03 11:00:00,,,False,
2024-01-03 12:00:00,,,False,
2024-01-03 13:00:00,,,False,
2024-01-03 14:00:00,,,False,
2024-01-03 15:00:00,,,False,
2024-01-03 16:00:00,,,False,
2024-01-03 17:00:00,,,False,
2024-01-03 18:00:00,,,False,
2024-01-03 19:00:00,,,False,
2024-01-03 20:00:00,,,False,
2024-01-03 21:00:00,,,False,
2024-01-03 22:00:00,,,False,
2024-01-03 23:00:00,,,False,
2024-01-04 00:00:00,,,False,
2024-01-04 01:00:00,,,False,
2024-01-04 02:00:00,,,False,
2024-01-04 03:00:00,,,False,
2024-01-04 04:00:00,,,False,
2024-01-04 05:00:00,,,False,
2024-01-04 06:00:00,,,False,
2024-01-04 07:00:00,,,False,
2024-01-04 08:00:00,,,False,
2024-01-04 09:00:00,,,False,
2024-01-04 10:00:00,,,False,
2024-01-04 11:00:00,,,False,
2024-01-04 12:00:00,,,False,
2024-01-04 13:00:00,,,False,
2024-01-04 14:00:00,,,False,
2024-01-04 15:00:00,,,False,
2024-01-04 16:00:00,,,False,
2024-01-04 17:00:00,,,False,
2024-01-04 18:00:00,,,False,
2024-01-04 19:00:00,,,False,
2024-01-04 20:00:00,,,False,
2024-01-04 21:00:00,,,False,
2024-01-04 22:00:00,,,False,
2024-01-04 23:00:00,,,False,
2024-01-05 00:00:00,,,False,
2024-01-05 01:00:00,,,False,
2024-01-05 02:00:00,,,False,
2024-01-05 03:00:00,,,False,
2024-01-05 04:00:00,,,False,
2024-01-05 05:00:00,,,False,
2024-01-05 06:00:00,,,False,
2024-01-05 07:00:00,,,False,
2024-01-05 08:00:00,,,False,
2024-01-05 09:00:00,,,False,
2024-01-05 10:00:00,,,False,
2024-01-05 11:00:00,,,False,
2024-01-05 12:00:00,,,False,
2024-01-05 13:00:00,,,False,
2024-01-05 14:00:00,,,False,
2024-01-05 15:00:00,,,False,
2024-01-05 16:00:00,,,False,
2024-01-05 17:00:00,,,False,
2024-01-05 18:00:00,,,False,
2024-01-05 19:00:00,,,False,
2024-01-05 20:00:00,,,False,
2024-01-05 21:00:00,,,False,
2024-01-05 22:00:00,,,False,
2024-01-05 23:00:00,,,False,
2024-01-06 00:00:00,,,False,
2024-01-06 01:00:00,,,False,
2024-01-06 02:00:00,,,False,
2024-01-06 03:00:00,,,False,
2024-01-06 04:00:00,,,False,
2024-01-06 05:00:00,,,False,
2024-01-06 06:00:00,,,False,
2024-01-06 07:00:00,,,False,
2024-01-06 08:00:00,,,False,
2024-01-06 09:00:00,,,False,
2024-01-06 10:00:00,,,False,
2024-01-06 11:00:00,,,False,
2024-01-06 12:00:00,,,False,
2024-01-06 13:00:00,,,False,
2024-01-06 14:00:00,,,False,
2024-01-06 15:00:00,,,False,
2024-01-06 16:00:00,,,False,
2024-01-06 17:00:00,,,False,
2024-01-06 18:00:00,,,False,
2024-01-06 19:00:00,,,False,
2024-01-06 20:00:00,,,False,
2024-01-06 21:00:00,,,False,
2024-01-06 22:00:00,,,False,
2024-01-06 23:00:00,,,False,
2024-01-07 00:00:00,,,False,
2024-01-07 01:00:00,,,False,
2024-01-07 02:00:00,,,False,
2024-01-07 03:00:00,,,False,
2024-01-07 04:00:00,,,False,
2024-01-07 05:00:00,,,False,
2024-01-07 06:00:00,,,False,
2024-01-07 07:00:00,,,False,
2024-01-07 08:00:00,,,False,
2024-01-07 09:00:00,,,False,
2024-01-07 10:00:00,,,False,
2024-01-07 11:00:00,,,False,
2024-01-07 12:00:00,,,False,
2024-01-07 13:00:00,,,False,
2024-01-07 14:00:00,,,False,
2024-01-07 15:00:00,,,False,
2024-01-07 16:00:00,,,False,
2024-01-07 17:00:00,,,False,
2024-01-07 18:00:00,,,False,
2024-01-07 19:00:00,,,False,
2024-01-07 20:00:00,,,False,
2024-01-07 21:00:00,,,False,
2024-01-07 22:00:00,,,False,
2024-01-07 23:00:00,,,False,
2024-01-08 00:00:00,,,False,
2024-01-08 01:00:00,,,False,
2024-01-08 02:00:00,,,False,
2024-01-08 03:00:00,,,False,
2024-01-08 04:00:00,,,False,
2024-01-08 05:00:00,,,False,
2024-01-08 06:00:00,,,False,
2024-01-08 07:00:00,,,False,
2024-01-08 08:00:00,,,False,
2024-01-08 09:00:00,,,False,
2024-01-08 10:00:00,,,False,
2024-01-08 11:00:00,,,False,
2024-01-08 12:00:00,,,False,
2024-01-08 13:00:00,,,False,
2024-01-08 14:00:00,,,False,
2024-01-08 15:00:00,,,False,
2024-01-08 16:00:00,,,False,
2024-01-08 17:00:00,,,False,
2024-01-08 18:00:00,,,False,
2024-01-08 19:00:00,,,False,
2024-01-08 20:00:00,,,False,
2024-01-08 21:00:00,,,False,
2024-01-08 22:00:00,,,False,
2024-01-08 23:00:00,,,False,
2024-01-09 00:00:00,,,False,
2024-01-09 01:00:00,,,False,
2024-01-09 02:00:00,,,False,
2024-01-09 03:00:00,,,False,
2024-01-09 04:00:00,,,False,
2024-01-09 05:00:00,,,False,
2024-01-09 06:00:00,,,False,
2024-01-09 07:00:00,,,False,
2024-01-09 08:00:00,,,False,
2024-01-09 09:00:00,,,False,
2024-01-09 10:00:00,,,False,
2024-01-09 11:00:00,,,False,
2024-01-09 12:00:00,,,False,
2024-01-09 13:00:00,,,False,
2024-01-09 14:00:00,,,False,
2024-01-09 15:00:00,,,False,
2024-01-09 16:00:00,,,False,
2024-01-09 17:00:00,,,False,
2024-01-09 18:00:00,,,False,
2024-01-09 19:00:00,,,False,
2024-01-09 20:00:00,,,False,
2024-01-09 21:00:00,,,False,
2024-01-09 22:00:00,,,False,
2024-01-09 23:00:00,,,False,
2024-01-10 00:00:00,,,False,
2024-01-10 01:00:00,,,False,
2024-01-10 02:00:00,,,False,
2024-01-10 03:00:00,,,False,
2024-01-10 04:00:00,,,False,
2024-01-10 05:00:00,,,False,
2024-01-10 06:00:00,,,False,
2024-01-10 07:00:00,,,False,
2024-01-10 08:00:00,,,False,
2024-01-10 09:00:00,,,False,
2024-01-10 10:00:00,,,False,
2024-01-10 11:00:00,,,False,
2024-01-10 12:00:00,,,False,
2024-01-10 13:00:00,,,False,
2024-01-10 14:00:00,,,False,
2024-01-10 15:00:00,11211.0,,False,
2024-01-10 16:00:00,11230.0,19.0,False,19.0
2024-01-10 17:00:00,11247.0,17.0,False,17.0
2024-01-10 18:00:00,11266.0,19.0,False,19.0
2024-01-10 19:00:00,11286.0,20.0,False,20.0
2024-01-10 20:00:00,11307.0,21.0,False,21.0
2024-01-10 21:00:00,11330.0,23.0,False,23.0
2024-01-10 22:00:00,11352.0,22.0,False,22.0
2024-01-10 23:00:00,11357.0,5.0,False,5.0
2024-01-11 00:00:00,11361.0,4.0,False,4.0
2024-01-11 01:00:00,11367.0,6.0,False,6.0
2024-01-11 02:00:00,11373.0,6.0,False,6.0
2024-01-11 03:00:00,11380.0,7.0,False,7.0
2024-01-11 04:00:00,11386.0,6.0,False,6.0
2024-01-11 05:00:00,11393.0,7.0,False,7.0
2024-01-11 06:00:00,11399.0,6.0,False,6.0
2024-01-11 07:00:00,11406.0,7.0,False,7.0
2024-01-11 08:00:00,11412.0,6.0,False,6.0
2024-01-11 09:00:00,11423.0,11.0,False,11.0
2024-01-11 10:00:00,11440.0,17.0,False,17.0
2024-01-11 11:00:00,11455.0,15.0,False,15.0
2024-01-11 12:00:00,11470.0,15.0,False,15.0
2024-01-11 13:00:00,11483.0,13.0,False,13.0
2024-01-11 14:00:00,11496.0,13.0,False,13.0
2024-01-11 15:00:00,11509.0,13.0,False,13.0
2024-01-11 16:00:00,11523.0,14.0,False,14.0
2024-01-11 17:00:00,11537.0,14.0,False,14.0
2024-01-11 18:00:00,11550.0,13.0,False,13.0
2024-01-11 19:00:00,11563.0,13.0,False,13.0
2024-01-11 20:00:00,11580.0,17.0,False,17.0
2024-01-11 21:00:00,11603.0,23.0,False,23.0
2024-01-11 22:00:00,11621.0,18.0,False,18.0
2024-01-11 23:00:00,11627.0,6.0,False,6.0
2024-01-12 00:00:00,11629.0,2.0,False,2.0
2024-01-12 01:00:00,11632.0,3.0,False,3.0
2024-01-12 02:00:00,11635.0,3.0,False,3.0
2024-01-12 03:00:00,11638.0,3.0,False,3.0
2024-01-12 04:00:00,11641.0,3.0,False,3.0
2024-01-12 05:00:00,11644.0,3.0,False,3.0
2024-01-12 06:00:00,11647.0,3.0,False,3.0
2024-01-12 07:00:00,11651.0,4.0,False,4.0
2024-01-12 08:00:00,11654.0,3.0,False,3.0
2024-01-12 09:00:00,11661.0,7.0,False,7.0
2024-01-12 10:00:00,11678.0,17.0,False,17.0
2024-01-12 11:00:00,11694.0,16.0,False,16.0
2024-01-12 12:00:00,11713.0,19.0,False,19.0
2024-01-12 13:00:00,11730.0,17.0,False,17.0
2024-01-12 14:00:00,11745.0,15.0,False,15.0
2024-01-12 15:00:00,11760.0,15.0,False,15.0
2024-01-12 16:00:00,11778.0,18.0,False,18.0
2024-01-12 17:00:00,11795.0,17.0,False,17.0
2024-01-12 18:00:00,11813.0,18.0,False,18.0
2024-01-12 19:00:00,11834.0,21.0,False,21.0
2024-01-12 20:00:00,11855.0,21.0,False,21.0
2024-01-12 21:00:00,11874.0,19.0,False,19.0
2024-01-12 22:00:00,11892.0,18.0,False,18.0
2024-01-12 23:00:00,11897.0,5.0,False,5.0
2024-01-13 00:00:00,11900.0,3.0,False,3.0
2024-01-13 01:00:00,11903.0,3.0,False,3.0
2024-01-13 02:00:00,11905.0,2.0,False,2.0
2024-01-13 03:00:00,11908.0,3.0,False,3.0
2024-01-13 04:00:00,11911.0,3.0,False,3.0
2024-01-13 05:00:00,11913.0,2.0,False,2.0
2024-01-13 06:00:00,11917.0,4.0,False,4.0
2024-01-13 07:00:00,11920.0,3.0,False,3.0
2024-01-13 08:00:00,11925.0,5.0,False,5.0
2024-01-13 09:00:00,11941.0,16.0,False,16.0
2024-01-13 10:00:00,11958.0,17.0,False,17.0
2024-01-13 11:00:00,11977.0,19.0,False,19.0
2024-01-13 12:00:00,11993.0,16.0,False,16.0
2024-01-13 13:00:00,12008.0,15.0,False,15.0
2024-01-13 14:00:00,12024.0,16.0,False,16.0
2024-01-13 15:00:00,12041.0,17.0,False,17.0
2024-01-13 16:00:00,12058.0,17.0,False,17.0
2024-01-13 17:00:00,12081.0,23.0,False,23.0
2024-01-13 18:00:00,12100.0,19.0,False,19.0
2024-01-13 19:00:00,12119.0,19.0,False,19.0
2024-01-13 20:00:00,12139.0,20.0,False,20.0
2024-01-13 21:00:00,12159.0,20.0,False,20.0
2024-01-13 22:00:00,12177.0,18.0,False,18.0
2024-01-13 23:00:00,12184.0,7.0,False,7.0
2024-01-14 00:00:00,12186.0,2.0,False,2.0
2024-01-14 01:00:00,12189.0,3.0,False,3.0
2024-01-14 02:00:00,12191.0,2.0,False,2.0
2024-01-14 03:00:00,12194.0,3.0,False,3.0
2024-01-14 04:00:00,12196.0,2.0,False,2.0
2024-01-14 05:00:00,12199.0,3.0,False,3.0
2024-01-14 06:00:00,12201.0,2.0,False,2.0
2024-01-14 07:00:00,12205.0,4.0,False,4.0
2024-01-14 08:00:00,12208.0,3.0,False,3.0
2024-01-14 09:00:00,12214.0,6.0,False,6.0
2024-01-14 10:00:00,12223.0,9.0,False,9.0
2024-01-14 11:00:00,12235.0,12.0,False,12.0
2024-01-14 12:00:00,12246.0,11.0,False,11.0
2024-01-14 13:00:00,12254.0,8.0,False,8.0
2024-01-14 14:00:00,12263.0,9.0,False,9.0
2024-01-14 15:00:00,12276.0,13.0,False,13.0
2024-01-14 16:00:00,12295.0,19.0,False,19.0
2024-01-14 17:00:00,12314.0,19.0,False,19.0
2024-01-14 18:00:00,12332.0,18.0,False,18.0
2024-01-14 19:00:00,12350.0,18.0,False,18.0
2024-01-14 20:00:00,12366.0,16.0,False,16.0
2024-01-14 21:00:00,12383.0,17.0,False,17.0
2024-01-14 22:00:00,12401.0,18.0,False,18.0
2024-01-14 23:00:00,12406.0,5.0,False,5.0
2024-01-15 00:00:00,12409.0,3.0,False,3.0
2024-01-15 01:00:00,12411.0,2.0,False,2.0
2024-01-15 02:00:00,12414.0,3.0,False,3.0
2024-01-15 03:00:00,12417.0,3.0,False,3.0
2024-01-15 04:00:00,12419.0,2.0,False,2.0
2024-01-15 05:00:00,12422.0,3.0,False,3.0
2024-01-15 06:00:00,12425.0,3.0,False,3.0
2024-01-15 07:00:00,12428.0,3.0,False,3.0
2024-01-15 08:00:00,12433.0,5.0,False,5.0
2024-01-15 09:00:00,12447.0,14.0,False,14.0
2024-01-15 10:00:00,12471.0,24.0,False,24.0
2024-01-15 11:00:00,12497.0,26.0,False,26.0
2024-01-15 12:00:00,12522.0,25.0,False,25.0
2024-01-15 13:00:00,12543.0,21.0,False,21.0
2024-01-15 14:00:00,12568.0,25.0,False,25.0
2024-01-15 15:00:00,12595.0,27.0,False,27.0
2024-01-15 16:00:00,12625.0,30.0,False,30.0
2024-01-15 17:00:00,12654.0,29.0,False,29.0
2024-01-15 18:00:00,12677.0,23.0,False,23.0
2024-01-15 19:00:00,12698.0,21.0,False,21.0
2024-01-15 20:00:00,12721.0,23.0,False,23.0
2024-01-15 21:00:00,12742.0,21.0,False,21.0
2024-01-15 22:00:00,12762.0,20.0,False,20.0
2024-01-15 23:00:00,12769.0,7.0,False,7.0
2024-01-16 00:00:00,12776.0,7.0,False,7.0
2024-01-16 01:00:00,12786.0,10.0,False,10.0
2024-01-16 02:00:00,12795.0,9.0,False,9.0
2024-01-16 03:00:00,12805.0,10.0,False,10.0
2024-01-16 04:00:00,12809.0,4.0,False,4.0
2024-01-16 05:00:00,12811.0,2.0,False,2.0
2024-01-16 06:00:00,12814.0,3.0,False,3.0
2024-01-16 07:00:00,12817.0,3.0,False,3.0
2024-01-16 08:00:00,12820.0,3.0,False,3.0
2024-01-16 09:00:00,12828.0,8.0,False,8.0
2024-01-16 10:00:00,12847.0,19.0,False,19.0
2024-01-16 11:00:00,12869.0,22.0,False,22.0
2024-01-16 12:00:00,12893.0,24.0,False,24.0
2024-01-16 13:00:00,12916.0,23.0,False,23.0
2024-01-16 14:00:00,12946.0,30.0,False,30.0
2024-01-16 15:00:00,12979.0,33.0,False,33.0
2024-01-16 16:00:00,13012.0,33.0,False,33.0
2024-01-16 17:00:00,13043.0,31.0,False,31.0
2024-01-16 18:00:00,13073.0,30.0,False,30.0
2024-01-16 19:00:00,13098.0,25.0,False,25.0
2024-01-16 20:00:00,13125.0,27.0,False,27.0
2024-01-16 21:00:00,13149.0,24.0,False,24.0
2024-01-16 22:00:00,13171.0,22.0,False,22.0
2024-01-16 23:00:00,13179.0,8.0,False,8.0
2024-01-17 00:00:00,13182.0,3.0,False,3.0
2024-01-17 01:00:00,13191.0,9.0,False,9.0
2024-01-17 02:00:00,13201.0,10.0,False,10.0
2024-01-17 03:00:00,13211.0,10.0,False,10.0
2024-01-17 04:00:00,13220.0,9.0,False,9.0
2024-01-17 05:00:00,13230.0,10.0,False,10.0
2024-01-17 06:00:00,13236.0,6.0,False,6.0
2024-01-17 07:00:00,13243.0,7.0,False,7.0
2024-01-17 08:00:00,13250.0,7.0,False,7.0
2024-01-17 09:00:00,13259.0,9.0,False,9.0
2024-01-17 10:00:00,13267.0,8.0,False,8.0
2024-01-17 11:00:00,13283.0,16.0,False,16.0
2024-01-17 12:00:00,13298.0,15.0,False,15.0
2024-01-17 13:00:00,13320.0,22.0,False,22.0
2024-01-17 14:00:00,13348.0,28.0,False,28.0
2024-01-17 15:00:00,13374.0,26.0,False,26.0
2024-01-17 16:00:00,13400.0,26.0,False,26.0
2024-01-17 17:00:00,13428.0,28.0,False,28.0
2024-01-17 18:00:00,13453.0,25.0,False,25.0
2024-01-17 19:00:00,13476.0,23.0,False,23.0
2024-01-17 20:00:00,13499.0,23.0,False,23.0
2024-01-17 21:00:00,13521.0,22.0,False,22.0
2024-01-17 22:00:00,13537.0,16.0,False,16.0
2024-01-17 23:00:00,13543.0,6.0,False,6.0
2024-01-18 00:00:00,13546.0,3.0,False,3.0
2024-01-18 01:00:00,13548.0,2.0,False,2.0
2024-01-18 02:00:00,13551.0,3.0,False,3.0
2024-01-18 03:00:00,13554.0,3.0,False,3.0
2024-01-18 04:00:00,13557.0,3.0,False,3.0
2024-01-18 05:00:00,13559.0,2.0,False,2.0
2024-01-18 06:00:00,13562.0,3.0,False,3.0
2024-01-18 07:00:00,13565.0,3.0,False,3.0
2024-01-18 08:00:00,13568.0,3.0,False,3.0
2024-01-18 09:00:00,13572.0,4.0,False,4.0
2024-01-18 10:00:00,13587.0,15.0,False,15.0
2024-01-18 11:00:00,13610.0,23.0,False,23.0
2024-01-18 12:00:00,13634.0,24.0,False,24.0
2024-01-18 13:00:00,13660.0,26.0,False,26.0
2024-01-18 14:00:00,13692.0,32.0,False,32.0
2024-01-18 15:00:00,13726.0,34.0,True,20.57
2024-01-18 16:00:00,13761.0,35.0,True,22.43
2024-01-18 17:00:00,13796.0,35.0,True,23.0
2024-01-18 18:00:00,13829.0,33.0,False,33.0
2024-01-18 19:00:00,13859.0,30.0,False,30.0
2024-01-18 20:00:00,13893.0,34.0,True,21.0
2024-01-18 21:00:00,13924.0,31.0,False,31.0
2024-01-18 22:00:00,13952.0,28.0,False,28.0
2024-01-18 23:00:00,13963.0,11.0,False,11.0
2024-01-19 00:00:00,13966.0,3.0,False,3.0
2024-01-19 01:00:00,13969.0,3.0,False,3.0
2024-01-19 02:00:00,13972.0,3.0,False,3.0
2024-01-19 03:00:00,13975.0,3.0,False,3.0
2024-01-19 04:00:00,13979.0,4.0,False,4.0
2024-01-19 05:00:00,13982.0,3.0,False,3.0
2024-01-19 06:00:00,13985.0,3.0,False,3.0
2024-01-19 07:00:00,13988.0,3.0,False,3.0
2024-01-19 08:00:00,13994.0,6.0,False,6.0
2024-01-19 09:00:00,14006.0,12.0,False,12.0
2024-01-19 10:00:00,14030.0,24.0,False,24.0
2024-01-19 11:00:00,14060.0,30.0,False,30.0
2024-01-19 12:00:00,14092.0,32.0,True,19.14
2024-01-19 13:00:00,14125.0,33.0,True,18.86
2024-01-19 14:00:00,14163.0,38.0,True,22.14
2024-01-19 15:00:00,14200.0,37.0,True,21.83
2024-01-19 16:00:00,14240.0,40.0,True,23.83
2024-01-19 17:00:00,14276.0,36.0,True,24.5
2024-01-19 18:00:00,14309.0,33.0,True,23.71
2024-01-19 19:00:00,14342.0,33.0,True,22.43
2024-01-19 20:00:00,14375.0,33.0,True,21.67
2024-01-19 21:00:00,14405.0,30.0,True,22.0
2024-01-19 22:00:00,14422.0,17.0,False,17.0
2024-01-19 23:00:00,14431.0,9.0,False,9.0
2024-01-20 00:00:00,14433.0,2.0,False,2.0
2024-01-20 01:00:00,14436.0,3.0,False,3.0
2024-01-20 02:00:00,14438.0,2.0,False,2.0
2024-01-20 03:00:00,14441.0,3.0,False,3.0
2024-01-20 04:00:00,14444.0,3.0,False,3.0
2024-01-20 05:00:00,14446.0,2.0,False,2.0
2024-01-20 06:00:00,14449.0,3.0,False,3.0
2024-01-20 07:00:00,14452.0,3.0,False,3.0
2024-01-20 08:00:00,14455.0,3.0,False,3.0
2024-01-20 09:00:00,14459.0,4.0,False,4.0
2024-01-20 10:00:00,14466.0,7.0,False,7.0
2024-01-20 11:00:00,14475.0,9.0,False,9.0
2024-01-20 12:00:00,14482.0,7.0,False,7.0
2024-01-20 13:00:00,14489.0,7.0,False,7.0
2024-01-20 14:00:00,14497.0,8.0,False,8.0
2024-01-20 15:00:00,14505.0,8.0,False,8.0
2024-01-20 16:00:00,14514.0,9.0,False,9.0
2024-01-20 17:00:00,14526.0,12.0,False,12.0
2024-01-20 18:00:00,14541.0,15.0,False,15.0
2024-01-20 19:00:00,14556.0,15.0,False,15.0
2024-01-20 20:00:00,14568.0,12.0,False,12.0
2024-01-20 21:00:00,14576.0,8.0,False,8.0
2024-01-20 22:00:00,14582.0,6.0,False,6.0
2024-01-20 23:00:00,14585.0,3.0,False,3.0
2024-01-21 00:00:00,14588.0,3.0,False,3.0
2024-01-21 01:00:00,14592.0,4.0,False,4.0
2024-01-21 02:00:00,14595.0,3.0,False,3.0
2024-01-21 03:00:00,14599.0,4.0,False,4.0
2024-01-21 04:00:00,14602.0,3.0,False,3.0
2024-01-21 05:00:00,14606.0,4.0,False,4.0
2024-01-21 06:00:00,14609.0,3.0,False,3.0
2024-01-21 07:00:00,14613.0,4.0,False,4.0
2024-01-21 08:00:00,14617.0,4.0,False,4.0
2024-01-21 09:00:00,14629.0,12.0,False,12.0
2024-01-21 10:00:00,14642.0,13.0,False,13.0
2024-01-21 11:00:00,14660.0,18.0,False,18.0
2024-01-21 12:00:00,14675.0,15.0,False,15.0
2024-01-21 13:00:00,14690.0,15.0,False,15.0
2024-01-21 14:00:00,14704.0,14.0,False,14.0
2024-01-21 15:00:00,14718.0,14.0,False,14.0
2024-01-21 16:00:00,14734.0,16.0,False,16.0
2024-01-21 17:00:00,14751.0,17.0,False,17.0
2024-01-21 18:00:00,14767.0,16.0,False,16.0
2024-01-21 19:00:00,14783.0,16.0,False,16.0
2024-01-21 20:00:00,14800.0,17.0,False,17.0
2024-01-21 21:00:00,14811.0,11.0,False,11.0
2024-01-21 22:00:00,14815.0,4.0,False,4.0
2024-01-21 23:00:00,14818.0,3.0,False,3.0
2024-01-22 00:00:00,14821.0,3.0,False,3.0
2024-01-22 01:00:00,14823.0,2.0,False,2.0
2024-01-22 02:00:00,14826.0,3.0,False,3.0
2024-01-22 03:00:00,14829.0,3.0,False,3.0
2024-01-22 04:00:00,14832.0,3.0,False,3.0
2024-01-22 05:00:00,14835.0,3.0,False,3.0
2024-01-22 06:00:00,14838.0,3.0,False,3.0
2024-01-22 07:00:00,14841.0,3.0,False,3.0
2024-01-22 08:00:00,14844.0,3.0,False,3.0
2024-01-22 09:00:00,14847.0,3.0,False,3.0
2024-01-22 10:00:00,14853.0,6.0,False,6.0
2024-01-22 11:00:00,14869.0,16.0,False,16.0
2024-01-22 12:00:00,14881.0,12.0,False,12.0
2024-01-22 13:00:00,14893.0,12.0,False,12.0
2024-01-22 14:00:00,14905.0,12.0,False,12.0
2024-01-22 15:00:00,14927.0,22.0,True,21.6
2024-01-22 16:00:00,14946.0,19.0,False,19.0
2024-01-22 17:00:00,14970.0,24.0,True,23.4
2024-01-22 18:00:00,14990.0,20.0,False,20.0
2024-01-22 19:00:00,15008.0,18.0,False,18.0
2024-01-22 20:00:00,15031.0,23.0,True,20.4
2024-01-22 21:00:00,15054.0,23.0,True,19.5
2024-01-22 22:00:00,15061.0,7.0,False,7.0
2024-01-22 23:00:00,15065.0,4.0,False,4.0
2024-01-23 00:00:00,15069.0,4.0,False,4.0
2024-01-23 01:00:00,15073.0,4.0,False,4.0
2024-01-23 02:00:00,15077.0,4.0,False,4.0
2024-01-23 03:00:00,15081.0,4.0,False,4.0
2024-01-23 04:00:00,15085.0,4.0,False,4.0
2024-01-23 05:00:00,15089.0,4.0,False,4.0
2024-01-23 06:00:00,15093.0,4.0,False,4.0
2024-01-23 07:00:00,15097.0,4.0,False,4.0
2024-01-23 08:00:00,15101.0,4.0,False,4.0
2024-01-23 09:00:00,15106.0,5.0,False,5.0
2024-01-23 10:00:00,15115.0,9.0,False,9.0
2024-01-23 11:00:00,15132.0,17.0,False,17.0
2024-01-23 12:00:00,15149.0,17.0,True,16.17
2024-01-23 13:00:00,15163.0,14.0,False,14.0
2024-01-23 14:00:00,15176.0,13.0,False,13.0
2024-01-23 15:00:00,15189.0,13.0,False,13.0
2024-01-23 16:00:00,15204.0,15.0,False,15.0
2024-01-23 17:00:00,15223.0,19.0,True,22.0
2024-01-23 18:00:00,15242.0,19.0,True,23.17
2024-01-23 19:00:00,15260.0,18.0,True,21.17
2024-01-23 20:00:00,15278.0,18.0,True,19.75
2024-01-23 21:00:00,15292.0,14.0,False,14.0
2024-01-23 22:00:00,15295.0,3.0,False,3.0
2024-01-23 23:00:00,15298.0,3.0,False,3.0
2024-01-24 00:00:00,15301.0,3.0,False,3.0
2024-01-24 01:00:00,15304.0,3.0,False,3.0
2024-01-24 02:00:00,15306.0,2.0,False,2.0
2024-01-24 03:00:00,15309.0,3.0,False,3.0
2024-01-24 04:00:00,15311.0,2.0,False,2.0
2024-01-24 05:00:00,15314.0,3.0,False,3.0
2024-01-24 06:00:00,15316.0,2.0,False,2.0
2024-01-24 07:00:00,15319.0,3.0,False,3.0
2024-01-24 08:00:00,15322.0,3.0,False,3.0
2024-01-24 09:00:00,15325.0,3.0,False,3.0
2024-01-24 10:00:00,15329.0,4.0,False,4.0
2024-01-24 11:00:00,15333.0,4.0,False,4.0
2024-01-24 12:00:00,15338.0,5.0,False,5.0
2024-01-24 13:00:00,15342.0,4.0,False,4.0
2024-01-24 14:00:00,15347.0,5.0,False,5.0
2024-01-24 15:00:00,15362.0,15.0,True,15.25
2024-01-24 16:00:00,15380.0,18.0,True,17.0
2024-01-24 17:00:00,15397.0,17.0,True,19.0
2024-01-24 18:00:00,15412.0,15.0,True,21.8
2024-01-24 19:00:00,15427.0,15.0,True,20.4
2024-01-24 20:00:00,15442.0,15.0,True,17.33
2024-01-24 21:00:00,15457.0,15.0,True,17.2
2024-01-24 22:00:00,15461.0,4.0,False,4.0
2024-01-24 23:00:00,15463.0,2.0,False,2.0
2024-01-25 00:00:00,15465.0,2.0,False,2.0
2024-01-25 01:00:00,15468.0,3.0,False,3.0
2024-01-25 02:00:00,15470.0,2.0,False,2.0
2024-01-25 03:00:00,15473.0,3.0,False,3.0
2024-01-25 04:00:00,15475.0,2.0,False,2.0
2024-01-25 05:00:00,15477.0,2.0,False,2.0
2024-01-25 06:00:00,15480.0,3.0,False,3.0
2024-01-25 07:00:00,15482.0,2.0,False,2.0
2024-01-25 08:00:00,15485.0,3.0,False,3.0
2024-01-25 09:00:00,15492.0,7.0,False,7.0
2024-01-25 10:00:00,15506.0,14.0,False,14.0
2024-01-25 11:00:00,15518.0,12.0,False,12.0
2024-01-25 12:00:00,15529.0,11.0,False,11.0
2024-01-25 13:00:00,15541.0,12.0,False,12.0
2024-01-25 14:00:00,15552.0,11.0,False,11.0
2024-01-25 15:00:00,15563.0,11.0,False,11.0
2024-01-25 16:00:00,15574.0,11.0,False,11.0
2024-01-25 17:00:00,15587.0,13.0,False,13.0
2024-01-25 18:00:00,15603.0,16.0,True,21.0
2024-01-25 19:00:00,15618.0,15.0,True,19.75
2024-01-25 20:00:00,15632.0,14.0,False,14.0
2024-01-25 21:00:00,15645.0,13.0,False,13.0
2024-01-25 22:00:00,15648.0,3.0,False,3.0
2024-01-25 23:00:00,15650.0,2.0,False,2.0
2024-01-26 00:00:00,15652.0,2.0,False,2.0
2024-01-26 01:00:00,15654.0,2.0,False,2.0
2024-01-26 02:00:00,15656.0,2.0,False,2.0
2024-01-26 03:00:00,15659.0,3.0,False,3.0
2024-01-26 04:00:00,15661.0,2.0,False,2.0
2024-01-26 05:00:00,15663.0,2.0,False,2.0
2024-01-26 06:00:00,15665.0,2.0,False,2.0
2024-01-26 07:00:00,15667.0,2.0,False,2.0
2024-01-26 08:00:00,15669.0,2.0,False,2.0
2024-01-26 09:00:00,15676.0,7.0,False,7.0
2024-01-26 10:00:00,15688.0,12.0,False,12.0
2024-01-26 11:00:00,15699.0,11.0,False,11.0
2024-01-26 12:00:00,15712.0,13.0,False,13.0
2024-01-26 13:00:00,15725.0,13.0,False,13.0
2024-01-26 14:00:00,15738.0,13.0,False,13.0
2024-01-26 15:00:00,15753.0,15.0,True,11.5
2024-01-26 16:00:00,15767.0,14.0,False,14.0
2024-01-26 17:00:00,15782.0,15.0,True,14.0
2024-01-26 18:00:00,15795.0,13.0,False,13.0
2024-01-26 19:00:00,15810.0,15.0,True,16.33
2024-01-26 20:00:00,15825.0,15.0,True,14.33
2024-01-26 21:00:00,15841.0,16.0,True,11.5
2024-01-26 22:00:00,15846.0,5.0,False,5.0
2024-01-26 23:00:00,15848.0,2.0,False,2.0
2024-01-27 00:00:00,15850.0,2.0,False,2.0
2024-01-27 01:00:00,15852.0,2.0,False,2.0
2024-01-27 02:00:00,15854.0,2.0,False,2.0
2024-01-27 03:00:00,15856.0,2.0,False,2.0
2024-01-27 04:00:00,15858.0,2.0,False,2.0
2024-01-27 05:00:00,15860.0,2.0,False,2.0
2024-01-27 06:00:00,15862.0,2.0,False,2.0
2024-01-27 07:00:00,15864.0,2.0,False,2.0
2024-01-27 08:00:00,15867.0,3.0,False,3.0
2024-01-27 09:00:00,15870.0,3.0,False,3.0
2024-01-27 10:00:00,15882.0,12.0,True,9.29
2024-01-27 11:00:00,15892.0,10.0,False,10.0
2024-01-27 12:00:00,15903.0,11.0,True,10.5
2024-01-27 13:00:00,15913.0,10.0,False,10.0
2024-01-27 14:00:00,15926.0,13.0,True,10.86
2024-01-27 15:00:00,15940.0,14.0,True,11.5
2024-01-27 16:00:00,15956.0,16.0,True,14.0
2024-01-27 17:00:00,15972.0,16.0,True,14.0
2024-01-27 18:00:00,15986.0,14.0,True,16.0
2024-01-27 19:00:00,16000.0,14.0,True,16.33
2024-01-27 20:00:00,16014.0,14.0,True,14.33
2024-01-27 21:00:00,16028.0,14.0,True,11.5
2024-01-27 22:00:00,16031.0,3.0,False,3.0
2024-01-27 23:00:00,16033.0,2.0,False,2.0
2024-01-28 00:00:00,16035.0,2.0,False,2.0
2024-01-28 01:00:00,16037.0,2.0,False,2.0
2024-01-28 02:00:00,16039.0,2.0,False,2.0
2024-01-28 03:00:00,16041.0,2.0,False,2.0
2024-01-28 04:00:00,16043.0,2.0,False,2.0
2024-01-28 05:00:00,16045.0,2.0,False,2.0
2024-01-28 06:00:00,16047.0,2.0,False,2.0
2024-01-28 07:00:00,16049.0,2.0,False,2.0
2024-01-28 08:00:00,16051.0,2.0,False,2.0
2024-01-28 09:00:00,16053.0,2.0,False,2.0
2024-01-28 10:00:00,16064.0,11.0,False,11.0
2024-01-28 11:00:00,16078.0,14.0,False,14.0
2024-01-28 12:00:00,16091.0,13.0,False,13.0
2024-01-28 13:00:00,16103.0,12.0,False,12.0
2024-01-28 14:00:00,16117.0,14.0,False,14.0
2024-01-28 15:00:00,16130.0,13.0,False,13.0
2024-01-28 16:00:00,16143.0,13.0,False,13.0
2024-01-28 17:00:00,16156.0,13.0,False,13.0
2024-01-28 18:00:00,16169.0,13.0,False,13.0
2024-01-28 19:00:00,16182.0,13.0,False,13.0
2024-01-28 20:00:00,16195.0,13.0,False,13.0
2024-01-28 21:00:00,16208.0,13.0,False,13.0
2024-01-28 22:00:00,16212.0,4.0,False,4.0
2024-01-28 23:00:00,16214.0,2.0,False,2.0
2024-01-29 00:00:00,16217.0,3.0,False,3.0
2024-01-29 01:00:00,16219.0,2.0,False,2.0
2024-01-29 02:00:00,16222.0,3.0,False,3.0
2024-01-29 03:00:00,16224.0,2.0,False,2.0
2024-01-29 04:00:00,16227.0,3.0,False,3.0
2024-01-29 05:00:00,16229.0,2.0,False,2.0
2024-01-29 06:00:00,16232.0,3.0,False,3.0
2024-01-29 07:00:00,16235.0,3.0,False,3.0
2024-01-29 08:00:00,16237.0,2.0,False,2.0
2024-01-29 09:00:00,16240.0,3.0,False,3.0
2024-01-29 10:00:00,16249.0,9.0,False,9.0
2024-01-29 11:00:00,16262.0,13.0,True,12.0
2024-01-29 12:00:00,16281.0,19.0,True,10.8
2024-01-29 13:00:00,16290.0,9.0,False,9.0
2024-01-29 14:00:00,16302.0,12.0,False,12.0
2024-01-29 15:00:00,16315.0,13.0,True,12.33
2024-01-29 16:00:00,16328.0,13.0,True,14.4
2024-01-29 17:00:00,16342.0,14.0,True,13.0
2024-01-29 18:00:00,16355.0,13.0,True,15.33
2024-01-29 19:00:00,16369.0,14.0,True,15.5
2024-01-29 20:00:00,16383.0,14.0,True,13.5
2024-01-29 21:00:00,16396.0,13.0,True,13.33
2024-01-29 22:00:00,16400.0,4.0,False,4.0
2024-01-29 23:00:00,16402.0,2.0,False,2.0
2024-01-30 00:00:00,16404.0,2.0,False,2.0
2024-01-30 01:00:00,16406.0,2.0,False,2.0
2024-01-30 02:00:00,16408.0,2.0,False,2.0
2024-01-30 03:00:00,16411.0,3.0,False,3.0
2024-01-30 04:00:00,16413.0,2.0,False,2.0
2024-01-30 05:00:00,16415.0,2.0,False,2.0
2024-01-30 06:00:00,16417.0,2.0,False,2.0
2024-01-30 07:00:00,16419.0,2.0,False,2.0
2024-01-30 08:00:00,16421.0,2.0,False,2.0
2024-01-30 09:00:00,16424.0,3.0,False,3.0
2024-01-30 10:00:00,16428.0,4.0,False,4.0
2024-01-30 11:00:00,16440.0,12.0,True,11.33
2024-01-30 12:00:00,16451.0,11.0,True,10.5
2024-01-30 13:00:00,16462.0,11.0,True,10.57
2024-01-30 14:00:00,16473.0,11.0,True,11.33
2024-01-30 15:00:00,16483.0,10.0,True,12.33
2024-01-30 16:00:00,16494.0,11.0,True,13.25
2024-01-30 17:00:00,16505.0,11.0,True,13.0
2024-01-30 18:00:00,16516.0,11.0,True,13.0
2024-01-30 19:00:00,16527.0,11.0,True,19.42
2024-01-30 20:00:00,16538.0,11.0,True,13.5
2024-01-30 21:00:00,16547.0,9.0,True,13.33
2024-01-30 22:00:00,16549.0,2.0,False,2.0
2024-01-30 23:00:00,16551.0,2.0,False,2.0
2024-01-31 00:00:00,16553.0,2.0,False,2.0
2024-01-31 01:00:00,16555.0,2.0,False,2.0
2024-01-31 02:00:00,16557.0,2.0,False,2.0
2024-01-31 03:00:00,16559.0,2.0,False,2.0
2024-01-31 04:00:00,16561.0,2.0,False,2.0
2024-01-31 05:00:00,16563.0,2.0,False,2.0
2024-01-31 06:00:00,16565.0,2.0,False,2.0
2024-01-31 07:00:00,16567.0,2.0,False,2.0
2024-01-31 08:00:00,16569.0,2.0,False,2.0
2024-01-31 09:00:00,16571.0,2.0,False,2.0
2024-01-31 10:00:00,16577.0,6.0,False,6.0
2024-01-31 11:00:00,16592.0,15.0,True,10.2
2024-01-31 12:00:00,16607.0,15.0,True,10.5
2024-01-31 13:00:00,16621.0,14.0,True,10.0
2024-01-31 14:00:00,16633.0,12.0,True,11.0
2024-01-31 15:00:00,16647.0,14.0,True,12.0
2024-01-31 16:00:00,16662.0,15.0,True,12.67
2024-01-31 17:00:00,16675.0,13.0,True,13.0
2024-01-31 18:00:00,16689.0,14.0,True,13.0
2024-01-31 19:00:00,16701.0,12.0,True,18.99
2024-01-31 20:00:00,16715.0,14.0,True,13.5
2024-01-31 21:00:00,16727.0,12.0,True,13.0
2024-01-31 22:00:00,16730.0,3.0,False,3.0
2024-01-31 23:00:00,16732.0,2.0,False,2.0
2024-02-01 00:00:00,16734.0,2.0,False,2.0
2024-02-01 01:00:00,16736.0,2.0,False,2.0
2024-02-01 02:00:00,16738.0,2.0,False,2.0
2024-02-01 03:00:00,16740.0,2.0,False,2.0
2024-02-01 04:00:00,16742.0,2.0,False,2.0
2024-02-01 05:00:00,16744.0,2.0,False,2.0
2024-02-01 06:00:00,16746.0,2.0,False,2.0
2024-02-01 07:00:00,16748.0,2.0,False,2.0
2024-02-01 08:00:00,16751.0,3.0,False,3.0
2024-02-01 09:00:00,16754.0,3.0,False,3.0
2024-02-01 10:00:00,16756.0,2.0,False,2.0
2024-02-01 11:00:00,16761.0,5.0,False,5.0
2024-02-01 12:00:00,16773.0,12.0,True,12.33
2024-02-01 13:00:00,16784.0,11.0,True,11.2
2024-02-01 14:00:00,16796.0,12.0,True,12.5
2024-02-01 15:00:00,16809.0,13.0,True,12.0
2024-02-01 16:00:00,16825.0,16.0,True,12.67
2024-02-01 17:00:00,16842.0,17.0,True,13.0
2024-02-01 18:00:00,16858.0,16.0,True,13.0
2024-02-01 19:00:00,16873.0,15.0,True,18.66
2024-02-01 20:00:00,16886.0,13.0,True,13.5
2024-02-01 21:00:00,16897.0,11.0,True,13.0
2024-02-01 22:00:00,16899.0,2.0,False,2.0
2024-02-01 23:00:00,16901.0,2.0,False,2.0
2024-02-02 00:00:00,16903.0,2.0,False,2.0
2024-02-02 01:00:00,16905.0,2.0,False,2.0
2024-02-02 02:00:00,16907.0,2.0,False,2.0
2024-02-02 03:00:00,16909.0,2.0,False,2.0
2024-02-02 04:00:00,16912.0,3.0,False,3.0
2024-02-02 05:00:00,16914.0,2.0,False,2.0
2024-02-02 06:00:00,16916.0,2.0,False,2.0
2024-02-02 07:00:00,16918.0,2.0,False,2.0
2024-02-02 08:00:00,16920.0,2.0,False,2.0
2024-02-02 09:00:00,16922.0,2.0,False,2.0
2024-02-02 10:00:00,16925.0,3.0,False,3.0
2024-02-02 11:00:00,16927.0,2.0,False,2.0
2024-02-02 12:00:00,16934.0,7.0,False,7.0
2024-02-02 13:00:00,16946.0,12.0,True,11.0
2024-02-02 14:00:00,16952.0,6.0,False,6.0
2024-02-02 15:00:00,16964.0,12.0,True,13.53
2024-02-02 16:00:00,16983.0,19.0,True,13.5
2024-02-02 17:00:00,17001.0,18.0,True,15.99
2024-02-02 18:00:00,17019.0,18.0,True,13.0
2024-02-02 19:00:00,17035.0,16.0,True,17.63
2024-02-02 20:00:00,17050.0,15.0,True,15.56
2024-02-02 21:00:00,17062.0,12.0,True,13.81
2024-02-02 22:00:00,17064.0,2.0,False,2.0
2024-02-02 23:00:00,17066.0,2.0,False,2.0
2024-02-03 00:00:00,17068.0,2.0,False,2.0
2024-02-03 01:00:00,17070.0,2.0,False,2.0
2024-02-03 02:00:00,17072.0,2.0,False,2.0
2024-02-03 03:00:00,17074.0,2.0,False,2.0
2024-02-03 04:00:00,17076.0,2.0,False,2.0
2024-02-03 05:00:00,17078.0,2.0,False,2.0
2024-02-03 06:00:00,17080.0,2.0,False,2.0
2024-02-03 07:00:00,17082.0,2.0,False,2.0
2024-02-03 08:00:00,17085.0,3.0,False,3.0
2024-02-03 09:00:00,17087.0,2.0,False,2.0
2024-02-03 10:00:00,17096.0,9.0,False,9.0
2024-02-03 11:00:00,17109.0,13.0,True,7.75
2024-02-03 12:00:00,17121.0,12.0,True,10.0
2024-02-03 13:00:00,17128.0,7.0,False,7.0
2024-02-03 14:00:00,17134.0,6.0,False,6.0
2024-02-03 15:00:00,17149.0,15.0,True,12.89
2024-02-03 16:00:00,17166.0,17.0,True,13.89
2024-02-03 17:00:00,17182.0,16.0,True,15.34
2024-02-03 18:00:00,17197.0,15.0,True,16.16
2024-02-03 19:00:00,17214.0,17.0,True,17.15
2024-02-03 20:00:00,17229.0,15.0,True,15.09
2024-02-03 21:00:00,17242.0,13.0,True,13.18
2024-02-03 22:00:00,17244.0,2.0,False,2.0
2024-02-03 23:00:00,17246.0,2.0,False,2.0
2024-02-04 00:00:00,17247.0,1.0,False,1.0
2024-02-04 01:00:00,17251.0,4.0,False,4.0
2024-02-04 02:00:00,17254.0,3.0,False,3.0
2024-02-04 03:00:00,17258.0,4.0,False,4.0
2024-02-04 04:00:00,17262.0,4.0,False,4.0
2024-02-04 05:00:00,17265.0,3.0,False,3.0
2024-02-04 06:00:00,17269.0,4.0,False,4.0
2024-02-04 07:00:00,17273.0,4.0,False,4.0
2024-02-04 08:00:00,17277.0,4.0,False,4.0
2024-02-04 09:00:00,17280.0,3.0,False,3.0
2024-02-04 10:00:00,17290.0,10.0,False,10.0
2024-02-04 11:00:00,17303.0,13.0,True,7.0
2024-02-04 12:00:00,17316.0,13.0,True,10.0
2024-02-04 13:00:00,17328.0,12.0,True,9.33
2024-02-04 14:00:00,17340.0,12.0,True,9.5
2024-02-04 15:00:00,17354.0,14.0,True,13.29
2024-02-04 16:00:00,17367.0,13.0,True,14.27
2024-02-04 17:00:00,17381.0,14.0,True,15.62
2024-02-04 18:00:00,17395.0,14.0,True,16.25
2024-02-04 19:00:00,17409.0,14.0,True,17.39
2024-02-04 20:00:00,17423.0,14.0,True,15.35
2024-02-04 21:00:00,17436.0,13.0,True,13.61
2024-02-04 22:00:00,17438.0,2.0,False,2.0
2024-02-04 23:00:00,17440.0,2.0,False,2.0
2024-02-05 00:00:00,17443.0,3.0,False,3.0
2024-02-05 01:00:00,17446.0,3.0,False,3.0
2024-02-05 02:00:00,17450.0,4.0,False,4.0
2024-02-05 03:00:00,17454.0,4.0,False,4.0
2024-02-05 04:00:00,17458.0,4.0,False,4.0
2024-02-05 05:00:00,17461.0,3.0,False,3.0
2024-02-05 06:00:00,17465.0,4.0,False,4.0
2024-02-05 07:00:00,17469.0,4.0,False,4.0
2024-02-05 08:00:00,17471.0,2.0,False,2.0
2024-02-05 09:00:00,17473.0,2.0,False,2.0
2024-02-05 10:00:00,17484.0,11.0,True,6.14
2024-02-05 11:00:00,17497.0,13.0,True,3.5
2024-02-05 12:00:00,17511.0,14.0,True,10.84
2024-02-05 13:00:00,17524.0,13.0,True,8.0
2024-02-05 14:00:00,17537.0,13.0,True,8.0
2024-02-05 15:00:00,17549.0,12.0,False,12.0
2024-02-05 16:00:00,17562.0,13.0,False,13.0
2024-02-05 17:00:00,17575.0,13.0,False,13.0
2024-02-05 18:00:00,17587.0,12.0,False,12.0
2024-02-05 19:00:00,17599.0,12.0,False,12.0
2024-02-05 20:00:00,17611.0,12.0,False,12.0
2024-02-05 21:00:00,17619.0,8.0,False,8.0
2024-02-05 22:00:00,17621.0,2.0,False,2.0
2024-02-05 23:00:00,17623.0,2.0,False,2.0
2024-02-06 00:00:00,17626.0,3.0,False,3.0
2024-02-06 01:00:00,17630.0,4.0,False,4.0
2024-02-06 02:00:00,17634.0,4.0,False,4.0
2024-02-06 03:00:00,17637.0,3.0,False,3.0
2024-02-06 04:00:00,17641.0,4.0,False,4.0
2024-02-06 05:00:00,17645.0,4.0,False,4.0
2024-02-06 06:00:00,17648.0,3.0,False,3.0
2024-02-06 07:00:00,17652.0,4.0,False,4.0
2024-02-06 08:00:00,17655.0,3.0,False,3.0
2024-02-06 09:00:00,17657.0,2.0,False,2.0
2024-02-06 10:00:00,17671.0,14.0,False,14.0
2024-02-06 11:00:00,17684.0,13.0,False,13.0
2024-02-06 12:00:00,17700.0,16.0,False,16.0
2024-02-06 13:00:00,17715.0,15.0,False,15.0
2024-02-06 14:00:00,17726.0,11.0,False,11.0
2024-02-06 15:00:00,17737.0,11.0,False,11.0
2024-02-06 16:00:00,17748.0,11.0,False,11.0
2024-02-06 17:00:00,17761.0,13.0,False,13.0
2024-02-06 18:00:00,17774.0,13.0,False,13.0
2024-02-06 19:00:00,17784.0,10.0,False,10.0
2024-02-06 20:00:00,17789.0,5.0,False,5.0
2024-02-06 21:00:00,17791.0,2.0,False,2.0
2024-02-06 22:00:00,17793.0,2.0,False,2.0
2024-02-06 23:00:00,17795.0,2.0,False,2.0
2024-02-07 00:00:00,17798.0,3.0,False,3.0
2024-02-07 01:00:00,17800.0,2.0,False,2.0
2024-02-07 02:00:00,17802.0,2.0,False,2.0
2024-02-07 03:00:00,17804.0,2.0,False,2.0
2024-02-07 04:00:00,17806.0,2.0,False,2.0
2024-02-07 05:00:00,17808.0,2.0,False,2.0
2024-02-07 06:00:00,17810.0,2.0,False,2.0
2024-02-07 07:00:00,17812.0,2.0,False,2.0
2024-02-07 08:00:00,17815.0,3.0,False,3.0
2024-02-07 09:00:00,17817.0,2.0,False,2.0
2024-02-07 10:00:00,17829.0,12.0,True,7.33
2024-02-07 11:00:00,17843.0,14.0,True,6.67
2024-02-07 12:00:00,17858.0,15.0,True,11.5
2024-02-07 13:00:00,17871.0,13.0,True,11.0
2024-02-07 14:00:00,17882.0,11.0,True,7.67
2024-02-07 15:00:00,17893.0,11.0,True,11.5
2024-02-07 16:00:00,17905.0,12.0,True,12.0
2024-02-07 17:00:00,17917.0,12.0,True,13.0
2024-02-07 18:00:00,17928.0,11.0,True,12.5
2024-02-07 19:00:00,17938.0,10.0,False,10.0
2024-02-07 20:00:00,17943.0,5.0,False,5.0
2024-02-07 21:00:00,17946.0,3.0,False,3.0
2024-02-07 22:00:00,17949.0,3.0,False,3.0
2024-02-07 23:00:00,17951.0,2.0,False,2.0
2024-02-08 00:00:00,17952.0,1.0,False,1.0
2024-02-08 01:00:00,17955.0,3.0,False,3.0
2024-02-08 02:00:00,17956.0,1.0,False,1.0
2024-02-08 03:00:00,17958.0,2.0,False,2.0
2024-02-08 04:00:00,17960.0,2.0,False,2.0
2024-02-08 05:00:00,17962.0,2.0,False,2.0
2024-02-08 06:00:00,17964.0,2.0,False,2.0
2024-02-08 07:00:00,17966.0,2.0,False,2.0
2024-02-08 08:00:00,17968.0,2.0,False,2.0
2024-02-08 09:00:00,17971.0,3.0,False,3.0
2024-02-08 10:00:00,17983.0,12.0,True,7.6
2024-02-08 11:00:00,17996.0,13.0,True,6.67
2024-02-08 12:00:00,18007.0,11.0,True,11.5
2024-02-08 13:00:00,18017.0,10.0,True,11.0
2024-02-08 14:00:00,18028.0,11.0,True,7.67
2024-02-08 15:00:00,18038.0,10.0,True,11.5
2024-02-08 16:00:00,18048.0,10.0,True,12.0
2024-02-08 17:00:00,18058.0,10.0,True,13.0
2024-02-08 18:00:00,18068.0,10.0,True,12.5
2024-02-08 19:00:00,18077.0,9.0,True,10.67
2024-02-08 20:00:00,18086.0,9.0,True,7.33
2024-02-08 21:00:00,18094.0,8.0,True,4.33
2024-02-08 22:00:00,18102.0,8.0,True,2.14
2024-02-08 23:00:00,18110.0,8.0,True,2.0
2024-02-09 00:00:00,18118.0,8.0,True,2.14
2024-02-09 01:00:00,18126.0,8.0,True,2.86
2024-02-09 02:00:00,18134.0,8.0,True,2.57
2024-02-09 03:00:00,18142.0,8.0,True,2.71
2024-02-09 04:00:00,18150.0,8.0,True,3.0
2024-02-09 05:00:00,18158.0,8.0,True,2.57
2024-02-09 06:00:00,18167.0,9.0,True,2.71
2024-02-09 07:00:00,18174.0,7.0,True,2.86
2024-02-09 08:00:00,18176.0,2.0,False,2.0
2024-02-09 09:00:00,18178.0,2.0,False,2.0
2024-02-09 10:00:00,18190.0,12.0,True,9.0
2024-02-09 11:00:00,18201.0,11.0,True,7.5
2024-02-09 12:00:00,18210.0,9.0,True,11.5
2024-02-09 13:00:00,18220.0,10.0,True,11.0
2024-02-09 14:00:00,18229.0,9.0,True,7.67
2024-02-09 15:00:00,18238.0,9.0,True,11.5
2024-02-09 16:00:00,18244.0,6.0,True,12.0
2024-02-09 17:00:00,18246.0,2.0,False,2.0
2024-02-09 18:00:00,18248.0,2.0,False,2.0
2024-02-09 19:00:00,18249.0,1.0,True,10.67
2024-02-09 20:00:00,18251.0,2.0,False,2.0
2024-02-09 21:00:00,18253.0,2.0,False,2.0
2024-02-09 22:00:00,18255.0,2.0,False,2.0
2024-02-09 23:00:00,18257.0,2.0,False,2.0
2024-02-10 00:00:00,18260.0,3.0,True,2.17
2024-02-10 01:00:00,18262.0,2.0,False,2.0
2024-02-10 02:00:00,18264.0,2.0,False,2.0
2024-02-10 03:00:00,18266.0,2.0,False,2.0
2024-02-10 04:00:00,18268.0,2.0,False,2.0
2024-02-10 05:00:00,18270.0,2.0,False,2.0
2024-02-10 06:00:00,18272.0,2.0,False,2.0
2024-02-10 07:00:00,18274.0,2.0,False,2.0
2024-02-10 08:00:00,18276.0,2.0,False,2.0
2024-02-10 09:00:00,18277.0,1.0,True,2.29
2024-02-10 10:00:00,18279.0,2.0,False,2.0
2024-02-10 11:00:00,18281.0,2.0,False,2.0
2024-02-10 12:00:00,18283.0,2.0,False,2.0
2024-02-10 13:00:00,18285.0,2.0,False,2.0
2024-02-10 14:00:00,18287.0,2.0,False,2.0
2024-02-10 15:00:00,18289.0,2.0,False,2.0
2024-02-10 16:00:00,18290.0,1.0,True,12.0
2024-02-10 17:00:00,18292.0,2.0,False,2.0
2024-02-10 18:00:00,18294.0,2.0,False,2.0
2024-02-10 19:00:00,18296.0,2.0,False,2.0
2024-02-10 20:00:00,18298.0,2.0,False,2.0
2024-02-10 21:00:00,18300.0,2.0,False,2.0
2024-02-10 22:00:00,18301.0,1.0,True,2.17
2024-02-10 23:00:00,18303.0,2.0,False,2.0
2024-02-11 00:00:00,18305.0,2.0,False,2.0
2024-02-11 01:00:00,18307.0,2.0,False,2.0
2024-02-11 02:00:00,18309.0,2.0,False,2.0
2024-02-11 03:00:00,18311.0,2.0,False,2.0
2024-02-11 04:00:00,18313.0,2.0,False,2.0
2024-02-11 05:00:00,18315.0,2.0,False,2.0
2024-02-11 06:00:00,18317.0,2.0,False,2.0
2024-02-11 07:00:00,18319.0,2.0,False,2.0
2024-02-11 08:00:00,18321.0,2.0,False,2.0
2024-02-11 09:00:00,18323.0,2.0,False,2.0
2024-02-11 10:00:00,18325.0,2.0,False,2.0
2024-02-11 11:00:00,18327.0,2.0,False,2.0
2024-02-11 12:00:00,18329.0,2.0,False,2.0
2024-02-11 13:00:00,18331.0,2.0,False,2.0
2024-02-11 14:00:00,18332.0,1.0,True,6.5
2024-02-11 15:00:00,18334.0,2.0,False,2.0
2024-02-11 16:00:00,18336.0,2.0,False,2.0
2024-02-11 17:00:00,18338.0,2.0,False,2.0
2024-02-11 18:00:00,18340.0,2.0,False,2.0
2024-02-11 19:00:00,18341.0,1.0,True,8.5
2024-02-11 20:00:00,18343.0,2.0,False,2.0
2024-02-11 21:00:00,18345.0,2.0,False,2.0
2024-02-11 22:00:00,18347.0,2.0,False,2.0
2024-02-11 23:00:00,18349.0,2.0,False,2.0
2024-02-12 00:00:00,18351.0,2.0,False,2.0
2024-02-12 01:00:00,18353.0,2.0,False,2.0
2024-02-12 02:00:00,18355.0,2.0,False,2.0
2024-02-12 03:00:00,18357.0,2.0,False,2.0
2024-02-12 04:00:00,18359.0,2.0,False,2.0
2024-02-12 05:00:00,18361.0,2.0,False,2.0
2024-02-12 06:00:00,18363.0,2.0,False,2.0
2024-02-12 07:00:00,18365.0,2.0,False,2.0
2024-02-12 08:00:00,18366.0,1.0,True,2.29
2024-02-12 09:00:00,18368.0,2.0,False,2.0
2024-02-12 10:00:00,18370.0,2.0,False,2.0
2024-02-12 11:00:00,18372.0,2.0,False,2.0
2024-02-12 12:00:00,18374.0,2.0,False,2.0
2024-02-12 13:00:00,18376.0,2.0,False,2.0
2024-02-12 14:00:00,18378.0,2.0,False,2.0
2024-02-12 15:00:00,18380.0,2.0,False,2.0
2024-02-12 16:00:00,18382.0,2.0,False,2.0
2024-02-12 17:00:00,18384.0,2.0,False,2.0
2024-02-12 18:00:00,18387.0,3.0,True,6.2
2024-02-12 19:00:00,18389.0,2.0,False,2.0
2024-02-12 20:00:00,18390.0,1.0,True,4.67
2024-02-12 21:00:00,18392.0,2.0,False,2.0
2024-02-12 22:00:00,18394.0,2.0,False,2.0
2024-02-12 23:00:00,18396.0,2.0,False,2.0
2024-02-13 00:00:00,18398.0,2.0,False,2.0
2024-02-13 01:00:00,18400.0,2.0,False,2.0
2024-02-13 02:00:00,18402.0,2.0,False,2.0
2024-02-13 03:00:00,18404.0,2.0,False,2.0
2024-02-13 04:00:00,18406.0,2.0,False,2.0
2024-02-13 05:00:00,18408.0,2.0,False,2.0
2024-02-13 06:00:00,18410.0,2.0,False,2.0
2024-02-13 07:00:00,18412.0,2.0,False,2.0
2024-02-13 08:00:00,18413.0,1.0,True,2.33
2024-02-13 09:00:00,18416.0,3.0,True,2.17
2024-02-13 10:00:00,18422.0,6.0,True,5.0
2024-02-13 11:00:00,18430.0,8.0,True,4.75
2024-02-13 12:00:00,18438.0,8.0,True,5.5
2024-02-13 13:00:00,18445.0,7.0,True,5.25
2024-02-13 14:00:00,18452.0,7.0,True,5.0
2024-02-13 15:00:00,18458.0,6.0,True,4.25
2024-02-13 16:00:00,18464.0,6.0,True,5.0
2024-02-13 17:00:00,18467.0,3.0,True,4.2
2024-02-13 18:00:00,18474.0,7.0,True,4.75
2024-02-13 19:00:00,18483.0,9.0,True,6.0
2024-02-13 20:00:00,18493.0,10.0,True,3.2
2024-02-13 21:00:00,18496.0,3.0,True,2.17
2024-02-13 22:00:00,18497.0,1.0,True,2.2
2024-02-13 23:00:00,18499.0,2.0,False,2.0
2024-02-14 00:00:00,18501.0,2.0,False,2.0
2024-02-14 01:00:00,18503.0,2.0,False,2.0
2024-02-14 02:00:00,18505.0,2.0,False,2.0
2024-02-14 03:00:00,18507.0,2.0,False,2.0
2024-02-14 04:00:00,18509.0,2.0,False,2.0
2024-02-14 05:00:00,18510.0,1.0,True,2.0
2024-02-14 06:00:00,18512.0,2.0,False,2.0
2024-02-14 07:00:00,18514.0,2.0,False,2.0
2024-02-14 08:00:00,18516.0,2.0,False,2.0
2024-02-14 09:00:00,18518.0,2.0,False,2.0
2024-02-14 10:00:00,18521.0,3.0,True,2.0
2024-02-14 11:00:00,18523.0,2.0,False,2.0
2024-02-14 12:00:00,18526.0,3.0,True,2.0
2024-02-14 13:00:00,18533.0,7.0,True,2.0
2024-02-14 14:00:00,18541.0,8.0,True,2.0
2024-02-14 15:00:00,18547.0,6.0,True,2.0
2024-02-14 16:00:00,18556.0,9.0,True,2.0
2024-02-14 17:00:00,18564.0,8.0,True,2.0
2024-02-14 18:00:00,18570.0,6.0,True,2.0
2024-02-14 19:00:00,18578.0,8.0,True,4.67
2024-02-14 20:00:00,18583.0,5.0,True,2.75
2024-02-14 21:00:00,18586.0,3.0,True,2.2
2024-02-14 22:00:00,18588.0,2.0,False,2.0
2024-02-14 23:00:00,18590.0,2.0,False,2.0
2024-02-15 00:00:00,18592.0,2.0,False,2.0
2024-02-15 01:00:00,18594.0,2.0,False,2.0
2024-02-15 02:00:00,18596.0,2.0,False,2.0
2024-02-15 03:00:00,18598.0,2.0,False,2.0
2024-02-15 04:00:00,18600.0,2.0,False,2.0
2024-02-15 05:00:00,18601.0,1.0,True,2.0
2024-02-15 06:00:00,18603.0,2.0,False,2.0
2024-02-15 07:00:00,18605.0,2.0,False,2.0
2024-02-15 08:00:00,18607.0,2.0,False,2.0
2024-02-15 09:00:00,18609.0,2.0,False,2.0
2024-02-15 10:00:00,18611.0,2.0,False,2.0
2024-02-15 11:00:00,18613.0,2.0,False,2.0
2024-02-15 12:00:00,18615.0,2.0,False,2.0
2024-02-15 13:00:00,18617.0,2.0,False,2.0
2024-02-15 14:00:00,18619.0,2.0,False,2.0
2024-02-15 15:00:00,18620.0,1.0,True,2.0
2024-02-15 16:00:00,18624.0,4.0,True,2.0
2024-02-15 17:00:00,18628.0,4.0,True,2.0
2024-02-15 18:00:00,18630.0,2.0,False,2.0
2024-02-15 19:00:00,18632.0,2.0,False,2.0
2024-02-15 20:00:00,18634.0,2.0,False,2.0
2024-02-15 21:00:00,18636.0,2.0,False,2.0
2024-02-15 22:00:00,18638.0,2.0,False,2.0
2024-02-15 23:00:00,18640.0,2.0,False,2.0
2024-02-16 00:00:00,18641.0,1.0,False,1.0
2024-02-16 01:00:00,18643.0,2.0,False,2.0
2024-02-16 02:00:00,18645.0,2.0,False,2.0
2024-02-16 03:00:00,18647.0,2.0,False,2.0
2024-02-16 04:00:00,18649.0,2.0,False,2.0
2024-02-16 05:00:00,18651.0,2.0,False,2.0
2024-02-16 06:00:00,18653.0,2.0,False,2.0
2024-02-16 07:00:00,18655.0,2.0,False,2.0
2024-02-16 08:00:00,18657.0,2.0,False,2.0
2024-02-16 09:00:00,18659.0,2.0,False,2.0
2024-02-16 10:00:00,18661.0,2.0,False,2.0
2024-02-16 11:00:00,18663.0,2.0,False,2.0
2024-02-16 12:00:00,18665.0,2.0,False,2.0
2024-02-16 13:00:00,18667.0,2.0,False,2.0
2024-02-16 14:00:00,18669.0,2.0,False,2.0
2024-02-16 15:00:00,18672.0,3.0,False,3.0
2024-02-16 16:00:00,18675.0,3.0,False,3.0
2024-02-16 17:00:00,18678.0,3.0,False,3.0
2024-02-16 18:00:00,18681.0,3.0,False,3.0
2024-02-16 19:00:00,18683.0,2.0,False,2.0
2024-02-16 20:00:00,18685.0,2.0,False,2.0
2024-02-16 21:00:00,18687.0,2.0,False,2.0
2024-02-16 22:00:00,18689.0,2.0,False,2.0
2024-02-16 23:00:00,18691.0,2.0,False,2.0
2024-02-17 00:00:00,18693.0,2.0,False,2.0
2024-02-17 01:00:00,18695.0,2.0,False,2.0
2024-02-17 02:00:00,18697.0,2.0,False,2.0
2024-02-17 03:00:00,18699.0,2.0,False,2.0
2024-02-17 04:00:00,18701.0,2.0,False,2.0
2024-02-17 05:00:00,18703.0,2.0,False,2.0
2024-02-17 06:00:00,18705.0,2.0,False,2.0
2024-02-17 07:00:00,18707.0,2.0,False,2.0
2024-02-17 08:00:00,18709.0,2.0,False,2.0
2024-02-17 09:00:00,18711.0,2.0,False,2.0
2024-02-17 10:00:00,18713.0,2.0,False,2.0
2024-02-17 11:00:00,18716.0,3.0,False,3.0
2024-02-17 12:00:00,18720.0,4.0,False,4.0
2024-02-17 13:00:00,18724.0,4.0,False,4.0
2024-02-17 14:00:00,18726.0,2.0,False,2.0
2024-02-17 15:00:00,18730.0,4.0,False,4.0
2024-02-17 16:00:00,18734.0,4.0,False,4.0
2024-02-17 17:00:00,18738.0,4.0,False,4.0
2024-02-17 18:00:00,18744.0,6.0,False,6.0
2024-02-17 19:00:00,18756.0,12.0,False,12.0
2024-02-17 20:00:00,18768.0,12.0,False,12.0
2024-02-17 21:00:00,18778.0,10.0,False,10.0
2024-02-17 22:00:00,18780.0,2.0,False,2.0
2024-02-17 23:00:00,18782.0,2.0,False,2.0
2024-02-18 00:00:00,18784.0,2.0,False,2.0
2024-02-18 01:00:00,18786.0,2.0,False,2.0
2024-02-18 02:00:00,18788.0,2.0,False,2.0
2024-02-18 03:00:00,18790.0,2.0,False,2.0
2024-02-18 04:00:00,18792.0,2.0,False,2.0
2024-02-18 05:00:00,18794.0,2.0,False,2.0
2024-02-18 06:00:00,18796.0,2.0,False,2.0
2024-02-18 07:00:00,18799.0,3.0,False,3.0
2024-02-18 08:00:00,18801.0,2.0,False,2.0
2024-02-18 09:00:00,18803.0,2.0,False,2.0
2024-02-18 10:00:00,18805.0,2.0,False,2.0
2024-02-18 11:00:00,18809.0,4.0,False,4.0
2024-02-18 12:00:00,18817.0,8.0,False,8.0
2024-02-18 13:00:00,18824.0,7.0,False,7.0
2024-02-18 14:00:00,18831.0,7.0,False,7.0
2024-02-18 15:00:00,18838.0,7.0,False,7.0
2024-02-18 16:00:00,18846.0,8.0,False,8.0
2024-02-18 17:00:00,18854.0,8.0,False,8.0
2024-02-18 18:00:00,18862.0,8.0,False,8.0
2024-02-18 19:00:00,18868.0,6.0,False,6.0
2024-02-18 20:00:00,18874.0,6.0,False,6.0
2024-02-18 21:00:00,18876.0,2.0,False,2.0
2024-02-18 22:00:00,18878.0,2.0,False,2.0
2024-02-18 23:00:00,18880.0,2.0,False,2.0
2024-02-19 00:00:00,18882.0,2.0,False,2.0
2024-02-19 01:00:00,18884.0,2.0,False,2.0
2024-02-19 02:00:00,18886.0,2.0,False,2.0
2024-02-19 03:00:00,18888.0,2.0,False,2.0
2024-02-19 04:00:00,18890.0,2.0,False,2.0
2024-02-19 05:00:00,18892.0,2.0,False,2.0
2024-02-19 06:00:00,18894.0,2.0,False,2.0
2024-02-19 07:00:00,18895.0,1.0,False,1.0
2024-02-19 08:00:00,18897.0,2.0,False,2.0
2024-02-19 09:00:00,18897.0,,False,2.0
2024-02-19 10:00:00,18897.0,,False,2.0
2024-02-19 11:00:00,18897.0,,False,2.5
2024-02-19 12:00:00,18897.0,,False,3.6
2024-02-19 13:00:00,18897.0,,False,3.4
2024-02-19 14:00:00,18897.0,,False,3.0
2024-02-19 15:00:00,18897.0,,False,4.0
2024-02-19 16:00:00,18897.0,,False,4.25
2024-02-19 17:00:00,18897.0,,False,4.25
2024-02-19 18:00:00,18897.0,,False,4.75
2024-02-19 19:00:00,18897.0,,False,4.8
2024-02-19 20:00:00,18897.0,,False,5.5
2024-02-19 21:00:00,18897.0,,False,3.6
2024-02-19 22:00:00,18897.0,,False,2.0
2024-02-19 23:00:00,18897.0,,False,2.0
2024-02-20 00:00:00,18897.0,,False,1.86
2024-02-20 01:00:00,18897.0,,False,2.0
2024-02-20 02:00:00,18897.0,,False,2.0
2024-02-20 03:00:00,18897.0,,False,2.0
2024-02-20 04:00:00,18897.0,,False,2.0
2024-02-20 05:00:00,18897.0,,False,2.0
2024-02-20 06:00:00,18897.0,,False,2.0
2024-02-20 07:00:00,18897.0,,False,2.0
2024-02-20 08:00:00,18897.0,,False,2.0
2024-02-20 09:00:00,18897.0,,False,2.0
2024-02-20 10:00:00,18897.0,,False,2.0
2024-02-20 11:00:00,18897.0,,False,2.6
2024-02-20 12:00:00,18897.0,,False,4.0
2024-02-20 13:00:00,18897.0,,False,3.75
2024-02-20 14:00:00,18897.0,,False,3.25
2024-02-20 15:00:00,18897.0,,False,4.67
2024-02-20 16:00:00,18897.0,,False,5.0
2024-02-20 17:00:00,18897.0,,False,5.0
2024-02-20 18:00:00,18897.0,,False,4.75
2024-02-20 19:00:00,18897.0,,False,5.5
2024-02-20 20:00:00,18897.0,,False,5.5
2024-02-20 21:00:00,18897.0,,False,4.0
2024-02-20 22:00:00,18897.0,,False,2.0
2024-02-20 23:00:00,18897.0,,False,2.0
2024-02-21 00:00:00,18897.0,,False,1.83
2024-02-21 01:00:00,18897.0,,False,2.0
2024-02-21 02:00:00,18897.0,,False,2.0
2024-02-21 03:00:00,18897.0,,False,2.0
2024-02-21 04:00:00,18897.0,,False,2.0
2024-02-21 05:00:00,18897.0,,False,2.0
2024-02-21 06:00:00,18897.0,,False,2.0
2024-02-21 07:00:00,18897.0,,False,2.0
2024-02-21 08:00:00,18897.0,,False,2.0
2024-02-21 09:00:00,18897.0,,False,2.0
2024-02-21 10:00:00,18897.0,,False,2.0
2024-02-21 11:00:00,18897.0,,False,2.6
2024-02-21 12:00:00,18897.0,,False,4.0
2024-02-21 13:00:00,18897.0,,False,3.75
2024-02-21 14:00:00,18897.0,,False,3.25
2024-02-21 15:00:00,18897.0,,False,4.67
2024-02-21 16:00:00,18897.0,,False,5.0
2024-02-21 17:00:00,18897.0,,False,5.0
2024-02-21 18:00:00,18897.0,,False,4.75
2024-02-21 19:00:00,,,False,5.5
2024-02-21 20:00:00,,,False,5.5
2024-02-21 21:00:00,,,False,4.0
2024-02-21 22:00:00,,,False,2.0
2024-02-21 23:00:00,,,False,2.0
2024-02-22 00:00:00,,,False,1.8
2024-02-22 01:00:00,,,False,2.0
2024-02-22 02:00:00,,,False,2.0
2024-02-22 03:00:00,,,False,2.0
2024-02-22 04:00:00,,,False,2.0
2024-02-22 05:00:00,,,False,2.0
2024-02-22 06:00:00,,,False,2.0
2024-02-22 07:00:00,,,False,2.0
2024-02-22 08:00:00,,,False,2.0
2024-02-22 09:00:00,,,False,2.0
2024-02-22 10:00:00,,,False,2.0
2024-02-22 11:00:00,,,False,2.75
2024-02-22 12:00:00,,,False,4.0
2024-02-22 13:00:00,,,False,3.75
2024-02-22 14:00:00,,,False,3.25
2024-02-22 15:00:00,,,False,4.67
2024-02-22 16:00:00,,,False,5.0
2024-02-22 17:00:00,,,False,5.0
2024-02-22 18:00:00,,,False,4.75
2024-02-22 19:00:00,,,False,5.5
2024-02-22 20:00:00,,,False,5.5
2024-02-22 21:00:00,,,False,4.0
2024-02-22 22:00:00,,,False,2.0
2024-02-22 23:00:00,,,False,2.0
2024-02-23 00:00:00,,,False,1.75
2024-02-23 01:00:00,,,False,2.0
2024-02-23 02:00:00,,,False,2.0
2024-02-23 03:00:00,,,False,2.0
2024-02-23 04:00:00,,,False,2.0
2024-02-23 05:00:00,,,False,2.0
2024-02-23 06:00:00,,,False,2.0
2024-02-23 07:00:00,,,False,2.0
2024-02-23 08:00:00,,,False,2.0
2024-02-23 09:00:00,,,False,2.0
2024-02-23 10:00:00,,,False,2.0
2024-02-23 11:00:00,,,False,3.0
2024-02-23 12:00:00,,,False,4.67
2024-02-23 13:00:00,,,False,4.33
2024-02-23 14:00:00,,,False,3.67
2024-02-23 15:00:00,,,False,4.67
2024-02-23 16:00:00,,,False,5.0
2024-02-23 17:00:00,,,False,5.0
2024-02-23 18:00:00,,,False,5.67
2024-02-23 19:00:00,,,False,6.67
2024-02-23 20:00:00,,,False,6.67
2024-02-23 21:00:00,,,False,4.67
2024-02-23 22:00:00,,,False,2.0
2024-02-23 23:00:00,,,False,2.0
2024-02-24 00:00:00,,,False,2.0
2024-02-24 01:00:00,,,False,2.0
2024-02-24 02:00:00,,,False,2.0
2024-02-24 03:00:00,,,False,2.0
2024-02-24 04:00:00,,,False,2.0
2024-02-24 05:00:00,,,False,2.0
2024-02-24 06:00:00,,,False,2.0
2024-02-24 07:00:00,,,False,2.0
2024-02-24 08:00:00,,,False,2.0
2024-02-24 09:00:00,,,False,2.0
2024-02-24 10:00:00,,,False,2.0
2024-02-24 11:00:00,,,False,3.5
2024-02-24 12:00:00,,,False,6.0
2024-02-24 13:00:00,,,False,5.5
2024-02-24 14:00:00,,,False,4.5
2024-02-24 15:00:00,,,False,5.5
2024-02-24 16:00:00,,,False,6.0
2024-02-24 17:00:00,,,False,6.0
2024-02-24 18:00:00,,,False,7.0
2024-02-24 19:00:00,,,False,9.0
2024-02-24 20:00:00,,,False,9.0
2024-02-24 21:00:00,,,False,6.0
2024-02-24 22:00:00,,,False,2.0
2024-02-24 23:00:00,,,False,2.0
2024-02-25 00:00:00,,,False,2.0
2024-02-25 01:00:00,,,False,2.0
2024-02-25 02:00:00,,,False,2.0
2024-02-25 03:00:00,,,False,2.0
2024-02-25 04:00:00,,,False,2.0
2024-02-25 05:00:00,,,False,2.0
2024-02-25 06:00:00,,,False,2.0
2024-02-25 07:00:00,,,False,2.0
2024-02-25 08:00:00,,,False,2.0
2024-02-25 09:00:00,,,False,2.01
2024-02-25 10:00:00,,,False,2.21
2024-02-25 11:00:00,,,False,2.76
2024-02-25 12:00:00,,,False,3.84
2024-02-25 13:00:00,,,False,3.62
2024-02-25 14:00:00,,,False,3.53
2024-02-25 15:00:00,,,False,3.89
2024-02-25 16:00:00,,,False,4.16
2024-02-25 17:00:00,,,False,4.1
2024-02-25 18:00:00,,,False,4.69
2024-02-25 19:00:00,,,False,5.72
2024-02-25 20:00:00,,,False,5.16
2024-02-25 21:00:00,,,False,3.62
2024-02-25 22:00:00,,,False,2.01
2024-02-25 23:00:00,,,False,2.0
2024-02-26 00:00:00,,,False,1.87
2024-02-26 01:00:00,,,False,2.0
2024-02-26 02:00:00,,,False,2.0
2024-02-26 03:00:00,,,False,2.0
2024-02-26 04:00:00,,,False,2.0
2024-02-26 05:00:00,,,False,2.0
2024-02-26 06:00:00,,,False,2.0
2024-02-26 07:00:00,,,False,2.0
2024-02-26 08:00:00,,,False,2.04
2024-02-26 09:00:00,,,False,2.01
2024-02-26 10:00:00,,,False,2.23
2024-02-26 11:00:00,,,False,2.82
2024-02-26 12:00:00,,,False,3.98
2024-02-26 13:00:00,,,False,3.75
2024-02-26 14:00:00,,,False,3.3
2024-02-26 15:00:00,,,False,4.03
2024-02-26 16:00:00,,,False,4.33
2024-02-26 17:00:00,,,False,4.27
2024-02-26 18:00:00,,,False,4.89
2024-02-26 19:00:00,,,False,5.51
2024-02-26 20:00:00,,,False,5.41
2024-02-26 21:00:00,,,False,3.74
2024-02-26 22:00:00,,,False,2.02
2024-02-26 23:00:00,,,False,2.0
2024-02-27 00:00:00,,,False,1.86
2024-02-27 01:00:00,,,False,2.0
2024-02-27 02:00:00,,,False,2.0
2024-02-27 03:00:00,,,False,2.0
2024-02-27 04:00:00,,,False,2.0
2024-02-27 05:00:00,,,False,2.0
2024-02-27 06:00:00,,,False,2.0
2024-02-27 07:00:00,,,False,2.0
2024-02-27 08:00:00,,,False,2.03
2024-02-27 09:00:00,,,False,2.01
2024-02-27 10:00:00,,,False,2.25
2024-02-27 11:00:00,,,False,2.89
2024-02-27 12:00:00,,,False,4.15
2024-02-27 13:00:00,,,False,3.89
2024-02-27 14:00:00,,,False,3.41
2024-02-27 15:00:00,,,False,4.2
2024-02-27 16:00:00,,,False,4.52
2024-02-27 17:00:00,,,False,4.45
2024-02-27 18:00:00,,,False,4.78
2024-02-27 19:00:00,,,False,5.8
2024-02-27 20:00:00,,,False,5.47
2024-02-27 21:00:00,,,False,3.89
2024-02-27 22:00:00,,,False,2.02
2024-02-27 23:00:00,,,False,2.0
2024-02-28 00:00:00,,,False,1.85
2024-02-28 01:00:00,,,False,2.0
2024-02-28 02:00:00,,,False,2.0
2024-02-28 03:00:00,,,False,2.0
2024-02-28 04:00:00,,,False,2.0
2024-02-28 05:00:00,,,False,2.0
2024-02-28 06:00:00,,,False,2.0
2024-02-28 07:00:00,,,False,2.0
2024-02-28 08:00:00,,,False,2.0
2024-02-28 09:00:00,,,False,2.0
2024-02-28 10:00:00,,,False,2.0
2024-02-28 11:00:00,,,False,2.72
2024-02-28 12:00:00,,,False,4.02
2024-02-28 13:00:00,,,False,3.77
2024-02-28 14:00:00,,,False,3.27
2024-02-28 15:00:00,,,False,4.2
2024-02-28 16:00:00,,,False,4.48
2024-02-28 17:00:00,,,False,4.48
2024-02-28 18:00:00,,,False,4.79
2024-02-28 19:00:00,,,False,5.78
2024-02-28 20:00:00,,,False,5.67
2024-02-28 21:00:00,,,False,4.04
2024-02-28 22:00:00,,,False,2.0
2024-02-28 23:00:00,,,False,2.0
2024-02-29 00:00:00,,,False,1.84
2024-02-29 01:00:00,,,False,2.0
2024-02-29 02:00:00,,,False,2.0
2024-02-29 03:00:00,,,False,2.0
2024-02-29 04:00:00,,,False,2.0
2024-02-29 05:00:00,,,False,2.0
2024-02-29 06:00:00,,,False,2.0
2024-02-29 07:00:00,,,False,2.0
2024-02-29 08:00:00,,,False,2.0
2024-02-29 09:00:00,,,False,2.0
2024-02-29 10:00:00,,,False,2.0
2024-02-29 11:00:00,,,False,2.8
2024-02-29 12:00:00,,,False,4.23
2024-02-29 13:00:00,,,False,3.95
2024-02-29 14:00:00,,,False,3.39
2024-02-29 15:00:00,,,False,4.42
2024-02-29 16:00:00,,,False,4.72
2024-02-29 17:00:00,,,False,4.72
2024-02-29 18:00:00,,,False,5.07
2024-02-29 19:00:00,,,False,5.9
2024-02-29 20:00:00,,,False,5.97
2024-02-29 21:00:00,,,False,4.23
2024-02-29 22:00:00,,,False,2.0
2024-02-29 23:00:00,,,False,2.0
2024-03-01 00:00:00,,,False,1.82
2024-03-01 01:00:00,,,False,2.0
2024-03-01 02:00:00,,,False,2.0
2024-03-01 03:00:00,,,False,2.0
2024-03-01 04:00:00,,,False,2.0
2024-03-01 05:00:00,,,False,2.0
2024-03-01 06:00:00,,,False,2.0
2024-03-01 07:00:00,,,False,2.0
2024-03-01 08:00:00,,,False,2.0
2024-03-01 09:00:00,,,False,2.0
2024-03-01 10:00:00,,,False,2.0
2024-03-01 11:00:00,,,False,2.88
2024-03-01 12:00:00,,,False,4.47
2024-03-01 13:00:00,,,False,4.16
2024-03-01 14:00:00,,,False,3.55
2024-03-01 15:00:00,,,False,4.69
2024-03-01 16:00:00,,,False,5.03
2024-03-01 17:00:00,,,False,5.03
2024-03-01 18:00:00,,,False,5.41
2024-03-01 19:00:00,,,False,6.33
2024-03-01 20:00:00,,,False,6.41
2024-03-01 21:00:00,,,False,4.47
2024-03-01 22:00:00,,,False,2.0
2024-03-01 23:00:00,,,False,2.0
2024-03-02 00:00:00,,,False,1.92
2024-03-02 01:00:00,,,False,2.0
2024-03-02 02:00:00,,,False,2.0
2024-03-02 03:00:00,,,False,2.0
2024-03-02 04:00:00,,,False,2.0
2024-03-02 05:00:00,,,False,2.0
2024-03-02 06:00:00,,,False,2.0
2024-03-02 07:00:00,,,False,2.0
2024-03-02 08:00:00,,,False,2.0
2024-03-02 09:00:00,,,False,2.0
2024-03-02 10:00:00,,,False,2.0
2024-03-02 11:00:00,,,False,2.99
2024-03-02 12:00:00,,,False,4.78
2024-03-02 13:00:00,,,False,4.44
2024-03-02 14:00:00,,,False,3.74
2024-03-02 15:00:00,,,False,4.9
2024-03-02 16:00:00,,,False,5.28
2024-03-02 17:00:00,,,False,5.28
2024-03-02 18:00:00,,,False,5.71
2024-03-02 19:00:00,,,False,6.87
2024-03-02 20:00:00,,,False,6.96
2024-03-02 21:00:00,,,False,4.78
2024-03-02 22:00:00,,,False,2.0
2024-03-02 23:00:00,,,False,2.0
2024-03-03 00:00:00,,,False,1.91
2024-03-03 01:00:00,,,False,2.0
2024-03-03 02:00:00,,,False,2.0
2024-03-03 03:00:00,,,False,2.0
2024-03-03 04:00:00,,,False,2.0
2024-03-03 05:00:00,,,False,2.0
2024-03-03 06:00:00,,,False,2.0
2024-03-03 07:00:00,,,False,2.0
2024-03-03 08:00:00,,,False,2.0
2024-03-03 09:00:00,,,False,2.0
2024-03-03 10:00:00,,,False,2.0
2024-03-03 11:00:00,,,False,2.99
2024-03-03 12:00:00,,,False,4.9
2024-03-03 13:00:00,,,False,4.5
2024-03-03 14:00:00,,,False,3.99
2024-03-03 15:00:00,,,False,5.02
2024-03-03 16:00:00,,,False,5.46
2024-03-03 17:00:00,,,False,5.46
2024-03-03 18:00:00,,,False,5.67
2024-03-03 19:00:00,,,False,6.14
2024-03-03 20:00:00,,,False,6.24
2024-03-03 21:00:00,,,False,4.04
2024-03-03 22:00:00,,,False,2.0
2024-03-03 23:00:00,,,False,2.0
2024-03-04 00:00:00,,,False,1.89
2024-03-04 01:00:00,,,False,2.0
2024-03-04 02:00:00,,,False,2.0
2024-03-04 03:00:00,,,False,2.0
2024-03-04 04:00:00,,,False,2.0
2024-03-04 05:00:00,,,False,2.0
2024-03-04 06:00:00,,,False,2.0
2024-03-04 07:00:00,,,False,1.86
2024-03-04 08:00:00,,,False,2.0
2024-03-04 09:00:00,,,False,2.0
2024-03-04 10:00:00,,,False,2.0
2024-03-04 11:00:00,,,False,2.82
2024-03-04 12:00:00,,,False,4.38
2024-03-04 13:00:00,,,False,4.08
2024-03-04 14:00:00,,,False,3.49
2024-03-04 15:00:00,,,False,4.69
2024-03-04 16:00:00,,,False,5.04
2024-03-04 17:00:00,,,False,5.04
2024-03-04 18:00:00,,,False,5.28
2024-03-04 19:00:00,,,False,6.16
2024-03-04 20:00:00,,,False,6.28
2024-03-04 21:00:00,,,False,4.38
2024-03-04 22:00:00,,,False,2.0
2024-03-04 23:00:00,,,False,2.0
2024-03-05 00:00:00,,,False,1.87
2024-03-05 01:00:00,,,False,2.0
2024-03-05 02:00:00,,,False,2.0
2024-03-05 03:00:00,,,False,2.0
2024-03-05 04:00:00,,,False,2.0
2024-03-05 05:00:00,,,False,2.0
2024-03-05 06:00:00,,,False,2.0
2024-03-05 07:00:00,,,False,2.0
2024-03-05 08:00:00,,,False,2.0
2024-03-05 09:00:00,,,False,2.0
2024-03-05 10:00:00,,,False,2.0
2024-03-05 11:00:00,,,False,2.89
2024-03-05 12:00:00,,,False,4.53
2024-03-05 13:00:00,,,False,4.22
2024-03-05 14:00:00,,,False,3.58
2024-03-05 15:00:00,,,False,4.83
2024-03-05 16:00:00,,,False,5.2
2024-03-05 17:00:00,,,False,5.2
2024-03-05 18:00:00,23014.0,,False,5.38
2024-03-05 19:00:00,23037.0,23.0,False,23.0
2024-03-05 20:00:00,23060.0,23.0,False,23.0
2024-03-05 21:00:00,23083.0,23.0,False,23.0
2024-03-05 22:00:00,23105.0,22.0,False,22.0
2024-03-05 23:00:00,23113.0,8.0,False,8.0
2024-03-06 00:00:00,23116.0,3.0,False,3.0
2024-03-06 01:00:00,23119.0,3.0,False,3.0
2024-03-06 02:00:00,23121.0,2.0,False,2.0
2024-03-06 03:00:00,23124.0,3.0,False,3.0
2024-03-06 04:00:00,23127.0,3.0,False,3.0
2024-03-06 05:00:00,23129.0,2.0,False,2.0
2024-03-06 06:00:00,23132.0,3.0,False,3.0
2024-03-06 07:00:00,23135.0,3.0,False,3.0
2024-03-06 08:00:00,23139.0,4.0,False,4.0
2024-03-06 09:00:00,23152.0,13.0,False,13.0
2024-03-06 10:00:00,23172.0,20.0,False,20.0
2024-03-06 11:00:00,23189.0,17.0,False,17.0
2024-03-06 12:00:00,23206.0,17.0,False,17.0
2024-03-06 13:00:00,23216.0,10.0,False,10.0
2024-03-06 14:00:00,23226.0,10.0,False,10.0
2024-03-06 15:00:00,23242.0,16.0,False,16.0
2024-03-06 16:00:00,23256.0,14.0,False,14.0
2024-03-06 17:00:00,23270.0,14.0,False,14.0
2024-03-06 18:00:00,23285.0,15.0,False,15.0
2024-03-06 19:00:00,23295.0,10.0,False,10.0
2024-03-06 20:00:00,23306.0,11.0,False,11.0
2024-03-06 21:00:00,23320.0,14.0,False,14.0
2024-03-06 22:00:00,23333.0,13.0,False,13.0
2024-03-06 23:00:00,23337.0,4.0,False,4.0
2024-03-07 00:00:00,23340.0,3.0,False,3.0
2024-03-07 01:00:00,23344.0,4.0,False,4.0
2024-03-07 02:00:00,23347.0,3.0,False,3.0
2024-03-07 03:00:00,23350.0,3.0,False,3.0
2024-03-07 04:00:00,23353.0,3.0,False,3.0
2024-03-07 05:00:00,23357.0,4.0,False,4.0
2024-03-07 06:00:00,23360.0,3.0,False,3.0
2024-03-07 07:00:00,23363.0,3.0,False,3.0
2024-03-07 08:00:00,23370.0,7.0,False,7.0
2024-03-07 09:00:00,23385.0,15.0,False,15.0
2024-03-07 10:00:00,23401.0,16.0,False,16.0
2024-03-07 11:00:00,23416.0,15.0,False,15.0
2024-03-07 12:00:00,23429.0,13.0,False,13.0
2024-03-07 13:00:00,23438.0,9.0,False,9.0
2024-03-07 14:00:00,23446.0,8.0,False,8.0
2024-03-07 15:00:00,23458.0,12.0,False,12.0
2024-03-07 16:00:00,23470.0,12.0,False,12.0
2024-03-07 17:00:00,23482.0,12.0,False,12.0
2024-03-07 18:00:00,23501.0,19.0,False,19.0
2024-03-07 19:00:00,23517.0,16.0,False,16.0
2024-03-07 20:00:00,23539.0,22.0,False,22.0
2024-03-07 21:00:00,23559.0,20.0,False,20.0
2024-03-07 22:00:00,23579.0,20.0,False,20.0
2024-03-07 23:00:00,23585.0,6.0,False,6.0
2024-03-08 00:00:00,23588.0,3.0,False,3.0
2024-03-08 01:00:00,23590.0,2.0,False,2.0
2024-03-08 02:00:00,23593.0,3.0,False,3.0
2024-03-08 03:00:00,23596.0,3.0,False,3.0
2024-03-08 04:00:00,23599.0,3.0,False,3.0
2024-03-08 05:00:00,23601.0,2.0,False,2.0
2024-03-08 06:00:00,23604.0,3.0,False,3.0
2024-03-08 07:00:00,23607.0,3.0,False,3.0
2024-03-08 08:00:00,23611.0,4.0,False,4.0
2024-03-08 09:00:00,23617.0,6.0,False,6.0
2024-03-08 10:00:00,23626.0,9.0,False,9.0
2024-03-08 11:00:00,23637.0,11.0,False,11.0
2024-03-08 12:00:00,23648.0,11.0,False,11.0
2024-03-08 13:00:00,23661.0,13.0,False,13.0
2024-03-08 14:00:00,23677.0,16.0,False,16.0
2024-03-08 15:00:00,23696.0,19.0,False,19.0
2024-03-08 16:00:00,23715.0,19.0,False,19.0
2024-03-08 17:00:00,23734.0,19.0,False,19.0
2024-03-08 18:00:00,23753.0,19.0,False,19.0
2024-03-08 19:00:00,23770.0,17.0,False,17.0
2024-03-08 20:00:00,23788.0,18.0,False,18.0
2024-03-08 21:00:00,23806.0,18.0,False,18.0
2024-03-08 22:00:00,23824.0,18.0,False,18.0
2024-03-08 23:00:00,23829.0,5.0,False,5.0
2024-03-09 00:00:00,23832.0,3.0,False,3.0
2024-03-09 01:00:00,23835.0,3.0,False,3.0
2024-03-09 02:00:00,23838.0,3.0,False,3.0
2024-03-09 03:00:00,23840.0,2.0,False,2.0
2024-03-09 04:00:00,23843.0,3.0,False,3.0
2024-03-09 05:00:00,23846.0,3.0,False,3.0
2024-03-09 06:00:00,23848.0,2.0,False,2.0
2024-03-09 07:00:00,23852.0,4.0,False,4.0
2024-03-09 08:00:00,23855.0,3.0,False,3.0
2024-03-09 09:00:00,23861.0,6.0,False,6.0
2024-03-09 10:00:00,23869.0,8.0,False,8.0
2024-03-09 11:00:00,23878.0,9.0,False,9.0
2024-03-09 12:00:00,23887.0,9.0,False,9.0
2024-03-09 13:00:00,23895.0,8.0,False,8.0
2024-03-09 14:00:00,23904.0,9.0,False,9.0
2024-03-09 15:00:00,23914.0,10.0,False,10.0
2024-03-09 16:00:00,23925.0,11.0,False,11.0
2024-03-09 17:00:00,23935.0,10.0,False,10.0
2024-03-09 18:00:00,23945.0,10.0,False,10.0
2024-03-09 19:00:00,23954.0,9.0,False,9.0
2024-03-09 20:00:00,23964.0,10.0,False,10.0
2024-03-09 21:00:00,23976.0,12.0,False,12.0
2024-03-09 22:00:00,23988.0,12.0,False,12.0
2024-03-09 23:00:00,23992.0,4.0,False,4.0
2024-03-10 00:00:00,23995.0,3.0,False,3.0
2024-03-10 01:00:00,23997.0,2.0,False,2.0
2024-03-10 02:00:00,24000.0,3.0,False,3.0
2024-03-10 03:00:00,24005.0,5.0,False,5.0
2024-03-10 04:00:00,24010.0,5.0,False,5.0
2024-03-10 05:00:00,24015.0,5.0,False,5.0
2024-03-10 06:00:00,24019.0,4.0,False,4.0
2024-03-10 07:00:00,24025.0,6.0,False,6.0
2024-03-10 08:00:00,24027.0,2.0,False,2.0
2024-03-10 09:00:00,24032.0,5.0,False,5.0
2024-03-10 10:00:00,24038.0,6.0,False,6.0
2024-03-10 11:00:00,24046.0,8.0,False,8.0
2024-03-10 12:00:00,24056.0,10.0,False,10.0
2024-03-10 13:00:00,24069.0,13.0,False,13.0
2024-03-10 14:00:00,24081.0,12.0,False,12.0
2024-03-10 15:00:00,24094.0,13.0,False,13.0
2024-03-10 16:00:00,24111.0,17.0,False,17.0
2024-03-10 17:00:00,24127.0,16.0,False,16.0
2024-03-10 18:00:00,24143.0,16.0,False,16.0
2024-03-10 19:00:00,24159.0,16.0,False,16.0
2024-03-10 20:00:00,24175.0,16.0,False,16.0
2024-03-10 21:00:00,24188.0,13.0,False,13.0
2024-03-10 22:00:00,24203.0,15.0,False,15.0
2024-03-10 23:00:00,24210.0,7.0,False,7.0
2024-03-11 00:00:00,24213.0,3.0,False,3.0
2024-03-11 01:00:00,24216.0,3.0,False,3.0
2024-03-11 02:00:00,24218.0,2.0,False,2.0
2024-03-11 03:00:00,24221.0,3.0,False,3.0
2024-03-11 04:00:00,24223.0,2.0,False,2.0
2024-03-11 05:00:00,24226.0,3.0,False,3.0
2024-03-11 06:00:00,24229.0,3.0,False,3.0
2024-03-11 07:00:00,24232.0,3.0,False,3.0
2024-03-11 08:00:00,24237.0,5.0,False,5.0
2024-03-11 09:00:00,24248.0,11.0,False,11.0
2024-03-11 10:00:00,24261.0,13.0,False,13.0
2024-03-11 11:00:00,24276.0,15.0,False,15.0
2024-03-11 12:00:00,24291.0,15.0,False,15.0
2024-03-11 13:00:00,24302.0,11.0,False,11.0
2024-03-11 14:00:00,24313.0,11.0,False,11.0
2024-03-11 15:00:00,24326.0,13.0,False,13.0
2024-03-11 16:00:00,24339.0,13.0,False,13.0
2024-03-11 17:00:00,24353.0,14.0,False,14.0
2024-03-11 18:00:00,24368.0,15.0,False,15.0
2024-03-11 19:00:00,24376.0,8.0,False,8.0
2024-03-11 20:00:00,24387.0,11.0,False,11.0
2024-03-11 21:00:00,24397.0,10.0,False,10.0
2024-03-11 22:00:00,24407.0,10.0,False,10.0
2024-03-11 23:00:00,24411.0,4.0,False,4.0
2024-03-12 00:00:00,24414.0,3.0,False,3.0
2024-03-12 01:00:00,24417.0,3.0,False,3.0
2024-03-12 02:00:00,24419.0,2.0,False,2.0
2024-03-12 03:00:00,24422.0,3.0,False,3.0
2024-03-12 04:00:00,24425.0,3.0,False,3.0
2024-03-12 05:00:00,24428.0,3.0,False,3.0
2024-03-12 06:00:00,24430.0,2.0,False,2.0
2024-03-12 07:00:00,24433.0,3.0,False,3.0
2024-03-12 08:00:00,24439.0,6.0,False,6.0
2024-03-12 09:00:00,24453.0,14.0,False,14.0
2024-03-12 10:00:00,24469.0,16.0,False,16.0
2024-03-12 11:00:00,24484.0,15.0,False,15.0
2024-03-12 12:00:00,24499.0,15.0,False,15.0
2024-03-12 13:00:00,24507.0,8.0,False,8.0
2024-03-12 14:00:00,24515.0,8.0,False,8.0
2024-03-12 15:00:00,24525.0,10.0,False,10.0
2024-03-12 16:00:00,24535.0,10.0,False,10.0
2024-03-12 17:00:00,24547.0,12.0,False,12.0
2024-03-12 18:00:00,24561.0,14.0,False,14.0
2024-03-12 19:00:00,24573.0,12.0,False,12.0
2024-03-12 20:00:00,24587.0,14.0,False,14.0
2024-03-12 21:00:00,24600.0,13.0,False,13.0
2024-03-12 22:00:00,24613.0,13.0,False,13.0
2024-03-12 23:00:00,24617.0,4.0,False,4.0
2024-03-13 00:00:00,24620.0,3.0,False,3.0
2024-03-13 01:00:00,24622.0,2.0,False,2.0
2024-03-13 02:00:00,24625.0,3.0,False,3.0
2024-03-13 03:00:00,24628.0,3.0,False,3.0
2024-03-13 04:00:00,24631.0,3.0,False,3.0
2024-03-13 05:00:00,24633.0,2.0,False,2.0
2024-03-13 06:00:00,24636.0,3.0,False,3.0
2024-03-13 07:00:00,24639.0,3.0,False,3.0
2024-03-13 08:00:00,24644.0,5.0,False,5.0
2024-03-13 09:00:00,24657.0,13.0,False,13.0
2024-03-13 10:00:00,24671.0,14.0,False,14.0
2024-03-13 11:00:00,24685.0,14.0,False,14.0
2024-03-13 12:00:00,24699.0,14.0,False,14.0
2024-03-13 13:00:00,24707.0,8.0,False,8.0
2024-03-13 14:00:00,24717.0,10.0,False,10.0
2024-03-13 15:00:00,24731.0,14.0,False,14.0
2024-03-13 16:00:00,24744.0,13.0,False,13.0
2024-03-13 17:00:00,24758.0,14.0,False,14.0
2024-03-13 18:00:00,24772.0,14.0,False,14.0
2024-03-13 19:00:00,24781.0,9.0,False,9.0
2024-03-13 20:00:00,24792.0,11.0,False,11.0
2024-03-13 21:00:00,24802.0,10.0,False,10.0
2024-03-13 22:00:00,24812.0,10.0,False,10.0
2024-03-13 23:00:00,24816.0,4.0,False,4.0
2024-03-14 00:00:00,24819.0,3.0,False,3.0
2024-03-14 01:00:00,24822.0,3.0,False,3.0
2024-03-14 02:00:00,24825.0,3.0,False,3.0
2024-03-14 03:00:00,24827.0,2.0,False,2.0
2024-03-14 04:00:00,24830.0,3.0,False,3.0
2024-03-14 05:00:00,24833.0,3.0,False,3.0
2024-03-14 06:00:00,24836.0,3.0,False,3.0
2024-03-14 07:00:00,24839.0,3.0,False,3.0
2024-03-14 08:00:00,24845.0,6.0,False,6.0
2024-03-14 09:00:00,24857.0,12.0,False,12.0
2024-03-14 10:00:00,24871.0,14.0,False,14.0
2024-03-14 11:00:00,24883.0,12.0,False,12.0
2024-03-14 12:00:00,24895.0,12.0,False,12.0
2024-03-14 13:00:00,24905.0,10.0,False,10.0
2024-03-14 14:00:00,24915.0,10.0,False,10.0
2024-03-14 15:00:00,24928.0,13.0,False,13.0
2024-03-14 16:00:00,24942.0,14.0,False,14.0
2024-03-14 17:00:00,24956.0,14.0,False,14.0
2024-03-14 18:00:00,24969.0,13.0,False,13.0
2024-03-14 19:00:00,24979.0,10.0,False,10.0
2024-03-14 20:00:00,24990.0,11.0,False,11.0
2024-03-14 21:00:00,25001.0,11.0,False,11.0
2024-03-14 22:00:00,25011.0,10.0,False,10.0
2024-03-14 23:00:00,25015.0,4.0,False,4.0
2024-03-15 00:00:00,25018.0,3.0,False,3.0
2024-03-15 01:00:00,25021.0,3.0,False,3.0
2024-03-15 02:00:00,25024.0,3.0,False,3.0
2024-03-15 03:00:00,25026.0,2.0,False,2.0
2024-03-15 04:00:00,25029.0,3.0,False,3.0
2024-03-15 05:00:00,25032.0,3.0,False,3.0
2024-03-15 06:00:00,25034.0,2.0,False,2.0
2024-03-15 07:00:00,25037.0,3.0,False,3.0
2024-03-15 08:00:00,25042.0,5.0,False,5.0
2024-03-15 09:00:00,25050.0,8.0,False,8.0
2024-03-15 10:00:00,25060.0,10.0,False,10.0
2024-03-15 11:00:00,25071.0,11.0,False,11.0
2024-03-15 12:00:00,25083.0,12.0,False,12.0
2024-03-15 13:00:00,25091.0,8.0,False,8.0
2024-03-15 14:00:00,25100.0,9.0,False,9.0
2024-03-15 15:00:00,25113.0,13.0,False,13.0
2024-03-15 16:00:00,25127.0,14.0,False,14.0
2024-03-15 17:00:00,25139.0,12.0,False,12.0
2024-03-15 18:00:00,25152.0,13.0,False,13.0
2024-03-15 19:00:00,25160.0,8.0,False,8.0
2024-03-15 20:00:00,25169.0,9.0,False,9.0
2024-03-15 21:00:00,25178.0,9.0,False,9.0
2024-03-15 22:00:00,25187.0,9.0,False,9.0
2024-03-15 23:00:00,25191.0,4.0,False,4.0
2024-03-16 00:00:00,25195.0,4.0,False,4.0
2024-03-16 01:00:00,25198.0,3.0,False,3.0
2024-03-16 02:00:00,25201.0,3.0,False,3.0
2024-03-16 03:00:00,25204.0,3.0,False,3.0
2024-03-16 04:00:00,25207.0,3.0,False,3.0
2024-03-16 05:00:00,25210.0,3.0,False,3.0
2024-03-16 06:00:00,25213.0,3.0,False,3.0
2024-03-16 07:00:00,25217.0,4.0,False,4.0
2024-03-16 08:00:00,25223.0,6.0,False,6.0
2024-03-16 09:00:00,25233.0,10.0,False,10.0
2024-03-16 10:00:00,25246.0,13.0,False,13.0
2024-03-16 11:00:00,25261.0,15.0,False,15.0
2024-03-16 12:00:00,25273.0,12.0,False,12.0
2024-03-16 13:00:00,25283.0,10.0,False,10.0
2024-03-16 14:00:00,25293.0,10.0,False,10.0
2024-03-16 15:00:00,25304.0,11.0,False,11.0
2024-03-16 16:00:00,25314.0,10.0,False,10.0
2024-03-16 17:00:00,25324.0,10.0,False,10.0
2024-03-16 18:00:00,25334.0,10.0,False,10.0
2024-03-16 19:00:00,25344.0,10.0,False,10.0
2024-03-16 20:00:00,25353.0,9.0,False,9.0
2024-03-16 21:00:00,25363.0,10.0,False,10.0
2024-03-16 22:00:00,25372.0,9.0,False,9.0
2024-03-16 23:00:00,25375.0,3.0,False,3.0
2024-03-17 00:00:00,25378.0,3.0,False,3.0
2024-03-17 01:00:00,25381.0,3.0,False,3.0
2024-03-17 02:00:00,25384.0,3.0,False,3.0
2024-03-17 03:00:00,25386.0,2.0,False,2.0
2024-03-17 04:00:00,25389.0,3.0,False,3.0
2024-03-17 05:00:00,25392.0,3.0,False,3.0
2024-03-17 06:00:00,25394.0,2.0,False,2.0
2024-03-17 07:00:00,25397.0,3.0,False,3.0
2024-03-17 08:00:00,25401.0,4.0,False,4.0
2024-03-17 09:00:00,25409.0,8.0,False,8.0
2024-03-17 10:00:00,25419.0,10.0,False,10.0
2024-03-17 11:00:00,25430.0,11.0,False,11.0
2024-03-17 12:00:00,25441.0,11.0,False,11.0
2024-03-17 13:00:00,25452.0,11.0,False,11.0
2024-03-17 14:00:00,25464.0,12.0,False,12.0
2024-03-17 15:00:00,25477.0,13.0,False,13.0
2024-03-17 16:00:00,25491.0,14.0,False,14.0
2024-03-17 17:00:00,25507.0,16.0,False,16.0
2024-03-17 18:00:00,25523.0,16.0,False,16.0
2024-03-17 19:00:00,25539.0,16.0,False,16.0
2024-03-17 20:00:00,25554.0,15.0,False,15.0
2024-03-17 21:00:00,25570.0,16.0,False,16.0
2024-03-17 22:00:00,25585.0,15.0,False,15.0
2024-03-17 23:00:00,25589.0,4.0,False,4.0
2024-03-18 00:00:00,25592.0,3.0,False,3.0
2024-03-18 01:00:00,25594.0,2.0,False,2.0
2024-03-18 02:00:00,25597.0,3.0,False,3.0
2024-03-18 03:00:00,25600.0,3.0,False,3.0
2024-03-18 04:00:00,25603.0,3.0,False,3.0
2024-03-18 05:00:00,25605.0,2.0,False,2.0
2024-03-18 06:00:00,25608.0,3.0,False,3.0
2024-03-18 07:00:00,25611.0,3.0,False,3.0
2024-03-18 08:00:00,25616.0,5.0,False,5.0
2024-03-18 09:00:00,25626.0,10.0,False,10.0
2024-03-18 10:00:00,25636.0,10.0,False,10.0
2024-03-18 11:00:00,25647.0,11.0,False,11.0
2024-03-18 12:00:00,25657.0,10.0,False,10.0
2024-03-18 13:00:00,25667.0,10.0,False,10.0
2024-03-18 14:00:00,25677.0,10.0,False,10.0
2024-03-18 15:00:00,25689.0,12.0,False,12.0
2024-03-18 16:00:00,25701.0,12.0,False,12.0
2024-03-18 17:00:00,25714.0,13.0,False,13.0
2024-03-18 18:00:00,25727.0,13.0,False,13.0
2024-03-18 19:00:00,25736.0,9.0,False,9.0
2024-03-18 20:00:00,25747.0,11.0,False,11.0
2024-03-18 21:00:00,25757.0,10.0,False,10.0
2024-03-18 22:00:00,25767.0,10.0,False,10.0
2024-03-18 23:00:00,25771.0,4.0,False,4.0
2024-03-19 00:00:00,25774.0,3.0,False,3.0
2024-03-19 01:00:00,25776.0,2.0,False,2.0
2024-03-19 02:00:00,25779.0,3.0,False,3.0
2024-03-19 03:00:00,25782.0,3.0,False,3.0
2024-03-19 04:00:00,25784.0,2.0,False,2.0
2024-03-19 05:00:00,25787.0,3.0,False,3.0
2024-03-19 06:00:00,25790.0,3.0,False,3.0
2024-03-19 07:00:00,25793.0,3.0,False,3.0
2024-03-19 08:00:00,25798.0,5.0,False,5.0
2024-03-19 09:00:00,25811.0,13.0,False,13.0
2024-03-19 10:00:00,25825.0,14.0,False,14.0
2024-03-19 11:00:00,25839.0,14.0,False,14.0
2024-03-19 12:00:00,25853.0,14.0,False,14.0
2024-03-19 13:00:00,25862.0,9.0,False,9.0
2024-03-19 14:00:00,25871.0,9.0,False,9.0
2024-03-19 15:00:00,25881.0,10.0,False,10.0
2024-03-19 16:00:00,25891.0,10.0,False,10.0
2024-03-19 17:00:00,25903.0,12.0,False,12.0
2024-03-19 18:00:00,25914.0,11.0,False,11.0
2024-03-19 19:00:00,25923.0,9.0,False,9.0
2024-03-19 20:00:00,25933.0,10.0,False,10.0
2024-03-19 21:00:00,25943.0,10.0,False,10.0
2024-03-19 22:00:00,25953.0,10.0,False,10.0
2024-03-19 23:00:00,25957.0,4.0,False,4.0
2024-03-20 00:00:00,25960.0,3.0,False,3.0
2024-03-20 01:00:00,25962.0,2.0,False,2.0
2024-03-20 02:00:00,25965.0,3.0,False,3.0
2024-03-20 03:00:00,25967.0,2.0,False,2.0
2024-03-20 04:00:00,25970.0,3.0,False,3.0
2024-03-20 05:00:00,25973.0,3.0,False,3.0
2024-03-20 06:00:00,25975.0,2.0,False,2.0
2024-03-20 07:00:00,25978.0,3.0,False,3.0
2024-03-20 08:00:00,25984.0,6.0,False,6.0
2024-03-20 09:00:00,26001.0,17.0,False,17.0
2024-03-20 10:00:00,26017.0,16.0,False,16.0
2024-03-20 11:00:00,26032.0,15.0,False,15.0
2024-03-20 12:00:00,26046.0,14.0,False,14.0
2024-03-20 13:00:00,26055.0,9.0,False,9.0
2024-03-20 14:00:00,26063.0,8.0,False,8.0
2024-03-20 15:00:00,26076.0,13.0,False,13.0
2024-03-20 16:00:00,26090.0,14.0,False,14.0
2024-03-20 17:00:00,26104.0,14.0,False,14.0
2024-03-20 18:00:00,26119.0,15.0,False,15.0
2024-03-20 19:00:00,26129.0,10.0,False,10.0
2024-03-20 20:00:00,26141.0,12.0,False,12.0
2024-03-20 21:00:00,26152.0,11.0,False,11.0
2024-03-20 22:00:00,26162.0,10.0,False,10.0
2024-03-20 23:00:00,26166.0,4.0,False,4.0
2024-03-21 00:00:00,26169.0,3.0,False,3.0
2024-03-21 01:00:00,26172.0,3.0,False,3.0
2024-03-21 02:00:00,26175.0,3.0,False,3.0
2024-03-21 03:00:00,26177.0,2.0,False,2.0
2024-03-21 04:00:00,26180.0,3.0,False,3.0
2024-03-21 05:00:00,26182.0,2.0,False,2.0
2024-03-21 06:00:00,26185.0,3.0,False,3.0
2024-03-21 07:00:00,26188.0,3.0,False,3.0
2024-03-21 08:00:00,26193.0,5.0,False,5.0
2024-03-21 09:00:00,26207.0,14.0,False,14.0
2024-03-21 10:00:00,26220.0,13.0,False,13.0
2024-03-21 11:00:00,26232.0,12.0,False,12.0
2024-03-21 12:00:00,26243.0,11.0,False,11.0
2024-03-21 13:00:00,26250.0,7.0,False,7.0
2024-03-21 14:00:00,26256.0,6.0,False,6.0
2024-03-21 15:00:00,26267.0,11.0,False,11.0
2024-03-21 16:00:00,26278.0,11.0,False,11.0
2024-03-21 17:00:00,26288.0,10.0,False,10.0
2024-03-21 18:00:00,26299.0,11.0,False,11.0
2024-03-21 19:00:00,26308.0,9.0,False,9.0
2024-03-21 20:00:00,26317.0,9.0,False,9.0
2024-03-21 21:00:00,26327.0,10.0,False,10.0
2024-03-21 22:00:00,26336.0,9.0,False,9.0
2024-03-21 23:00:00,26340.0,4.0,False,4.0
2024-03-22 00:00:00,26343.0,3.0,False,3.0
2024-03-22 01:00:00,26346.0,3.0,False,3.0
2024-03-22 02:00:00,26349.0,3.0,False,3.0
2024-03-22 03:00:00,26352.0,3.0,False,3.0
2024-03-22 04:00:00,26355.0,3.0,False,3.0
2024-03-22 05:00:00,26358.0,3.0,False,3.0
2024-03-22 06:00:00,26361.0,3.0,False,3.0
2024-03-22 07:00:00,26364.0,3.0,False,3.0
2024-03-22 08:00:00,26369.0,5.0,False,5.0
2024-03-22 09:00:00,26376.0,7.0,False,7.0
2024-03-22 10:00:00,26385.0,9.0,False,9.0
2024-03-22 11:00:00,26396.0,11.0,False,11.0
2024-03-22 12:00:00,26406.0,10.0,False,10.0
2024-03-22 13:00:00,26416.0,10.0,False,10.0
2024-03-22 14:00:00,26425.0,9.0,False,9.0
2024-03-22 15:00:00,26437.0,12.0,False,12.0
2024-03-22 16:00:00,26449.0,12.0,False,12.0
2024-03-22 17:00:00,26460.0,11.0,False,11.0
2024-03-22 18:00:00,26471.0,11.0,False,11.0
2024-03-22 19:00:00,26480.0,9.0,False,9.0
2024-03-22 20:00:00,26490.0,10.0,False,10.0
2024-03-22 21:00:00,26500.0,10.0,False,10.0
2024-03-22 22:00:00,26509.0,9.0,False,9.0
2024-03-22 23:00:00,26513.0,4.0,False,4.0
2024-03-23 00:00:00,26516.0,3.0,False,3.0
2024-03-23 01:00:00,26518.0,2.0,False,2.0
2024-03-23 02:00:00,26521.0,3.0,False,3.0
2024-03-23 03:00:00,26523.0,2.0,False,2.0
2024-03-23 04:00:00,26526.0,3.0,False,3.0
2024-03-23 05:00:00,26529.0,3.0,False,3.0
2024-03-23 06:00:00,26531.0,2.0,False,2.0
2024-03-23 07:00:00,26534.0,3.0,False,3.0
2024-03-23 08:00:00,26538.0,4.0,False,4.0
2024-03-23 09:00:00,26543.0,5.0,False,5.0
2024-03-23 10:00:00,26549.0,6.0,False,6.0
2024-03-23 11:00:00,26557.0,8.0,False,8.0
2024-03-23 12:00:00,26566.0,9.0,False,9.0
2024-03-23 13:00:00,26574.0,8.0,False,8.0
2024-03-23 14:00:00,26584.0,10.0,False,10.0
2024-03-23 15:00:00,26595.0,11.0,False,11.0
2024-03-23 16:00:00,26606.0,11.0,False,11.0
2024-03-23 17:00:00,26616.0,10.0,False,10.0
2024-03-23 18:00:00,26626.0,10.0,False,10.0
2024-03-23 19:00:00,26637.0,11.0,False,11.0
2024-03-23 20:00:00,26647.0,10.0,False,10.0
2024-03-23 21:00:00,26656.0,9.0,False,9.0
2024-03-23 22:00:00,26664.0,8.0,False,8.0
2024-03-23 23:00:00,26668.0,4.0,False,4.0
2024-03-24 00:00:00,26670.0,2.0,False,2.0
2024-03-24 01:00:00,26673.0,3.0,False,3.0
2024-03-24 02:00:00,26676.0,3.0,False,3.0
2024-03-24 03:00:00,26678.0,2.0,False,2.0
2024-03-24 04:00:00,26681.0,3.0,False,3.0
2024-03-24 05:00:00,26683.0,2.0,False,2.0
2024-03-24 06:00:00,26686.0,3.0,False,3.0
2024-03-24 07:00:00,26688.0,2.0,False,2.0
2024-03-24 08:00:00,26692.0,4.0,False,4.0
2024-03-24 09:00:00,26696.0,4.0,False,4.0
2024-03-24 10:00:00,26703.0,7.0,False,7.0
2024-03-24 11:00:00,26712.0,9.0,False,9.0
2024-03-24 12:00:00,26722.0,10.0,False,10.0
2024-03-24 13:00:00,26732.0,10.0,False,10.0
2024-03-24 14:00:00,26742.0,10.0,False,10.0
2024-03-24 15:00:00,26752.0,10.0,False,10.0
2024-03-24 16:00:00,26763.0,11.0,False,11.0
2024-03-24 17:00:00,26772.0,9.0,False,9.0
2024-03-24 18:00:00,26781.0,9.0,False,9.0
2024-03-24 19:00:00,26792.0,11.0,False,11.0
2024-03-24 20:00:00,26803.0,11.0,False,11.0
2024-03-24 21:00:00,26816.0,13.0,False,13.0
2024-03-24 22:00:00,26827.0,11.0,False,11.0
2024-03-24 23:00:00,26831.0,4.0,False,4.0
2024-03-25 00:00:00,26834.0,3.0,False,3.0
2024-03-25 01:00:00,26836.0,2.0,False,2.0
2024-03-25 02:00:00,26839.0,3.0,False,3.0
2024-03-25 03:00:00,26842.0,3.0,False,3.0
2024-03-25 04:00:00,26844.0,2.0,False,2.0
2024-03-25 05:00:00,26847.0,3.0,False,3.0
2024-03-25 06:00:00,26850.0,3.0,False,3.0
2024-03-25 07:00:00,26853.0,3.0,False,3.0
2024-03-25 08:00:00,26859.0,6.0,False,6.0
2024-03-25 09:00:00,26868.0,9.0,False,9.0
2024-03-25 10:00:00,26878.0,10.0,False,10.0
2024-03-25 11:00:00,26890.0,12.0,False,12.0
2024-03-25 12:00:00,26901.0,11.0,False,11.0
2024-03-25 13:00:00,26909.0,8.0,False,8.0
2024-03-25 14:00:00,26918.0,9.0,False,9.0
2024-03-25 15:00:00,26928.0,10.0,False,10.0
2024-03-25 16:00:00,26940.0,12.0,False,12.0
2024-03-25 17:00:00,26953.0,13.0,False,13.0
2024-03-25 18:00:00,26965.0,12.0,False,12.0
2024-03-25 19:00:00,26974.0,9.0,False,9.0
2024-03-25 20:00:00,26984.0,10.0,False,10.0
2024-03-25 21:00:00,26995.0,11.0,False,11.0
2024-03-25 22:00:00,27004.0,9.0,False,9.0
2024-03-25 23:00:00,27009.0,5.0,False,5.0
2024-03-26 00:00:00,27011.0,2.0,False,2.0
2024-03-26 01:00:00,27014.0,3.0,False,3.0
2024-03-26 02:00:00,27016.0,2.0,False,2.0
2024-03-26 03:00:00,27019.0,3.0,False,3.0
2024-03-26 04:00:00,27022.0,3.0,False,3.0
2024-03-26 05:00:00,27025.0,3.0,False,3.0
2024-03-26 06:00:00,27027.0,2.0,False,2.0
2024-03-26 07:00:00,27030.0,3.0,False,3.0
2024-03-26 08:00:00,27035.0,5.0,False,5.0
2024-03-26 09:00:00,27048.0,13.0,False,13.0
2024-03-26 10:00:00,27063.0,15.0,False,15.0
2024-03-26 11:00:00,27078.0,15.0,False,15.0
2024-03-26 12:00:00,27090.0,12.0,False,12.0
2024-03-26 13:00:00,27099.0,9.0,False,9.0
2024-03-26 14:00:00,27108.0,9.0,False,9.0
2024-03-26 15:00:00,27118.0,10.0,False,10.0
2024-03-26 16:00:00,27127.0,9.0,False,9.0
2024-03-26 17:00:00,27138.0,11.0,False,11.0
2024-03-26 18:00:00,27149.0,11.0,False,11.0
2024-03-26 19:00:00,27158.0,9.0,False,9.0
2024-03-26 20:00:00,27168.0,10.0,False,10.0
2024-03-26 21:00:00,27178.0,10.0,False,10.0
2024-03-26 22:00:00,27188.0,10.0,False,10.0
2024-03-26 23:00:00,27193.0,5.0,False,5.0
2024-03-27 00:00:00,27196.0,3.0,False,3.0
2024-03-27 01:00:00,27198.0,2.0,False,2.0
2024-03-27 02:00:00,27201.0,3.0,False,3.0
2024-03-27 03:00:00,27204.0,3.0,False,3.0
2024-03-27 04:00:00,27207.0,3.0,False,3.0
2024-03-27 05:00:00,27209.0,2.0,False,2.0
2024-03-27 06:00:00,27212.0,3.0,False,3.0
2024-03-27 07:00:00,27215.0,3.0,False,3.0
2024-03-27 08:00:00,27221.0,6.0,False,6.0
2024-03-27 09:00:00,27235.0,14.0,False,14.0
2024-03-27 10:00:00,27250.0,15.0,False,15.0
2024-03-27 11:00:00,27265.0,15.0,False,15.0
2024-03-27 12:00:00,27279.0,14.0,False,14.0
2024-03-27 13:00:00,27287.0,8.0,False,8.0
2024-03-27 14:00:00,27295.0,8.0,False,8.0
2024-03-27 15:00:00,27307.0,12.0,False,12.0
2024-03-27 16:00:00,27320.0,13.0,False,13.0
2024-03-27 17:00:00,27334.0,14.0,False,14.0
2024-03-27 18:00:00,27347.0,13.0,False,13.0
2024-03-27 19:00:00,27357.0,10.0,False,10.0
2024-03-27 20:00:00,27368.0,11.0,False,11.0
2024-03-27 21:00:00,27379.0,11.0,False,11.0
2024-03-27 22:00:00,27388.0,9.0,False,9.0
2024-03-27 23:00:00,27392.0,4.0,False,4.0
2024-03-28 00:00:00,27395.0,3.0,False,3.0
2024-03-28 01:00:00,27398.0,3.0,False,3.0
2024-03-28 02:00:00,27401.0,3.0,False,3.0
2024-03-28 03:00:00,27404.0,3.0,False,3.0
2024-03-28 04:00:00,27406.0,2.0,False,2.0
2024-03-28 05:00:00,27409.0,3.0,False,3.0
2024-03-28 06:00:00,27412.0,3.0,False,3.0
2024-03-28 07:00:00,27415.0,3.0,False,3.0
2024-03-28 08:00:00,27420.0,5.0,False,5.0
2024-03-28 09:00:00,27430.0,10.0,False,10.0
2024-03-28 10:00:00,27441.0,11.0,False,11.0
2024-03-28 11:00:00,27449.0,8.0,False,8.0
2024-03-28 12:00:00,27458.0,9.0,False,9.0
2024-03-28 13:00:00,27466.0,8.0,False,8.0
2024-03-28 14:00:00,27475.0,9.0,False,9.0
2024-03-28 15:00:00,27486.0,11.0,False,11.0
2024-03-28 16:00:00,27497.0,11.0,False,11.0
2024-03-28 17:00:00,27509.0,12.0,False,12.0
2024-03-28 18:00:00,27522.0,13.0,False,13.0
2024-03-28 19:00:00,27533.0,11.0,False,11.0
2024-03-28 20:00:00,27545.0,12.0,False,12.0
2024-03-28 21:00:00,27557.0,12.0,False,12.0
2024-03-28 22:00:00,27565.0,8.0,False,8.0
2024-03-28 23:00:00,27568.0,3.0,False,3.0
2024-03-29 00:00:00,27571.0,3.0,False,3.0
2024-03-29 01:00:00,27574.0,3.0,False,3.0
2024-03-29 02:00:00,27576.0,2.0,False,2.0
2024-03-29 03:00:00,27579.0,3.0,False,3.0
2024-03-29 04:00:00,27581.0,2.0,False,2.0
2024-03-29 05:00:00,27584.0,3.0,False,3.0
2024-03-29 06:00:00,27587.0,3.0,False,3.0
2024-03-29 07:00:00,27589.0,2.0,False,2.0
2024-03-29 08:00:00,27593.0,4.0,False,4.0
2024-03-29 09:00:00,27599.0,6.0,False,6.0
2024-03-29 10:00:00,27606.0,7.0,False,7.0
2024-03-29 11:00:00,27618.0,12.0,False,12.0
2024-03-29 12:00:00,27631.0,13.0,False,13.0
2024-03-29 13:00:00,27639.0,8.0,False,8.0
2024-03-29 14:00:00,27648.0,9.0,False,9.0
2024-03-29 15:00:00,27661.0,13.0,False,13.0
2024-03-29 16:00:00,27675.0,14.0,False,14.0
2024-03-29 17:00:00,27686.0,11.0,False,11.0
2024-03-29 18:00:00,27696.0,10.0,False,10.0
2024-03-29 19:00:00,27706.0,10.0,False,10.0
2024-03-29 20:00:00,27715.0,9.0,False,9.0
2024-03-29 21:00:00,27724.0,9.0,False,9.0
2024-03-29 22:00:00,27733.0,9.0,False,9.0
2024-03-29 23:00:00,27736.0,3.0,False,3.0
2024-03-30 00:00:00,27739.0,3.0,False,3.0
2024-03-30 01:00:00,27741.0,2.0,False,2.0
2024-03-30 02:00:00,27744.0,3.0,False,3.0
2024-03-30 03:00:00,27747.0,3.0,False,3.0
2024-03-30 04:00:00,27749.0,2.0,False,2.0
2024-03-30 05:00:00,27752.0,3.0,False,3.0
2024-03-30 06:00:00,27754.0,2.0,False,2.0
2024-03-30 07:00:00,27757.0,3.0,False,3.0
2024-03-30 08:00:00,27761.0,4.0,False,4.0
2024-03-30 09:00:00,27767.0,6.0,False,6.0
2024-03-30 10:00:00,27775.0,8.0,False,8.0
2024-03-30 11:00:00,27784.0,9.0,False,9.0
2024-03-30 12:00:00,27792.0,8.0,False,8.0
2024-03-30 13:00:00,27801.0,9.0,False,9.0
2024-03-30 14:00:00,27810.0,9.0,False,9.0
2024-03-30 15:00:00,27820.0,10.0,False,10.0
2024-03-30 16:00:00,27830.0,10.0,False,10.0
2024-03-30 17:00:00,27839.0,9.0,False,9.0
2024-03-30 18:00:00,27848.0,9.0,False,9.0
2024-03-30 19:00:00,27856.0,8.0,False,8.0
2024-03-30 20:00:00,27864.0,8.0,False,8.0
2024-03-30 21:00:00,27871.0,7.0,False,7.0
2024-03-30 22:00:00,27878.0,7.0,False,7.0
2024-03-30 23:00:00,27881.0,3.0,False,3.0
2024-03-31 00:00:00,27884.0,3.0,False,3.0
2024-03-31 01:00:00,27887.0,3.0,False,3.0
2024-03-31 02:00:00,27889.0,2.0,False,2.0
2024-03-31 03:00:00,27892.0,3.0,False,3.0
2024-03-31 04:00:00,27894.0,2.0,False,2.0
2024-03-31 05:00:00,27897.0,3.0,False,3.0
2024-03-31 06:00:00,27899.0,2.0,False,2.0
2024-03-31 07:00:00,27902.0,3.0,False,3.0
2024-03-31 08:00:00,27905.0,3.0,False,3.0
2024-03-31 09:00:00,27910.0,5.0,False,5.0
2024-03-31 10:00:00,27918.0,8.0,False,8.0
2024-03-31 11:00:00,27926.0,8.0,False,8.0
2024-03-31 12:00:00,27935.0,9.0,False,9.0
2024-03-31 13:00:00,27943.0,8.0,False,8.0
2024-03-31 14:00:00,27952.0,9.0,False,9.0
2024-03-31 15:00:00,27961.0,9.0,False,9.0
2024-03-31 16:00:00,27970.0,9.0,False,9.0
2024-03-31 17:00:00,27979.0,9.0,False,9.0
2024-03-31 18:00:00,27988.0,9.0,False,9.0
2024-03-31 19:00:00,27997.0,9.0,False,9.0
2024-03-31 20:00:00,28006.0,9.0,False,9.0
2024-03-31 21:00:00,28014.0,8.0,False,8.0
2024-03-31 22:00:00,28023.0,9.0,False,9.0
2024-03-31 23:00:00,28026.0,3.0,False,3.0
2024-04-01 00:00:00,28029.0,3.0,False,3.0
2024-04-01 01:00:00,28031.0,2.0,False,2.0
2024-04-01 02:00:00,28034.0,3.0,False,3.0
2024-04-01 03:00:00,28037.0,3.0,False,3.0
2024-04-01 04:00:00,28039.0,2.0,False,2.0
2024-04-01 05:00:00,28042.0,3.0,False,3.0
2024-04-01 06:00:00,28044.0,2.0,False,2.0
2024-04-01 07:00:00,28047.0,3.0,False,3.0
2024-04-01 08:00:00,28050.0,3.0,False,3.0
2024-04-01 09:00:00,28057.0,7.0,False,7.0
2024-04-01 10:00:00,28065.0,8.0,False,8.0
2024-04-01 11:00:00,28076.0,11.0,False,11.0
2024-04-01 12:00:00,28087.0,11.0,False,11.0
2024-04-01 13:00:00,28095.0,8.0,False,8.0
2024-04-01 14:00:00,28102.0,7.0,False,7.0
2024-04-01 15:00:00,28112.0,10.0,False,10.0
2024-04-01 16:00:00,28122.0,10.0,False,10.0
2024-04-01 17:00:00,28135.0,13.0,False,13.0
2024-04-01 18:00:00,28148.0,13.0,False,13.0
2024-04-01 19:00:00,28157.0,9.0,False,9.0
2024-04-01 20:00:00,28167.0,10.0,False,10.0
2024-04-01 21:00:00,28177.0,10.0,False,10.0
2024-04-01 22:00:00,28186.0,9.0,False,9.0
2024-04-01 23:00:00,28190.0,4.0,False,4.0
2024-04-02 00:00:00,28193.0,3.0,False,3.0
2024-04-02 01:00:00,28195.0,2.0,False,2.0
2024-04-02 02:00:00,28198.0,3.0,False,3.0
2024-04-02 03:00:00,28200.0,2.0,False,2.0
2024-04-02 04:00:00,28203.0,3.0,False,3.0
2024-04-02 05:00:00,28205.0,2.0,False,2.0
2024-04-02 06:00:00,28208.0,3.0,False,3.0
2024-04-02 07:00:00,28211.0,3.0,False,3.0
2024-04-02 08:00:00,28215.0,4.0,False,4.0
2024-04-02 09:00:00,28226.0,11.0,False,11.0
2024-04-02 10:00:00,28239.0,13.0,False,13.0
2024-04-02 11:00:00,28253.0,14.0,False,14.0
2024-04-02 12:00:00,28267.0,14.0,False,14.0
2024-04-02 13:00:00,28276.0,9.0,False,9.0
2024-04-02 14:00:00,28284.0,8.0,False,8.0
2024-04-02 15:00:00,28293.0,9.0,False,9.0
2024-04-02 16:00:00,28303.0,10.0,False,10.0
2024-04-02 17:00:00,28314.0,11.0,False,11.0
2024-04-02 18:00:00,28326.0,12.0,False,12.0
2024-04-02 19:00:00,28336.0,10.0,False,10.0
2024-04-02 20:00:00,28347.0,11.0,False,11.0
2024-04-02 21:00:00,28358.0,11.0,False,11.0
2024-04-02 22:00:00,28367.0,9.0,False,9.0
2024-04-02 23:00:00,28371.0,4.0,False,4.0
2024-04-03 00:00:00,28374.0,3.0,False,3.0
2024-04-03 01:00:00,28376.0,2.0,False,2.0
2024-04-03 02:00:00,28379.0,3.0,False,3.0
2024-04-03 03:00:00,28382.0,3.0,False,3.0
2024-04-03 04:00:00,28384.0,2.0,False,2.0
2024-04-03 05:00:00,28387.0,3.0,False,3.0
2024-04-03 06:00:00,28389.0,2.0,False,2.0
2024-04-03 07:00:00,28392.0,3.0,False,3.0
2024-04-03 08:00:00,28398.0,6.0,False,6.0
2024-04-03 09:00:00,28412.0,14.0,False,14.0
2024-04-03 10:00:00,28427.0,15.0,False,15.0
2024-04-03 11:00:00,28440.0,13.0,False,13.0
2024-04-03 12:00:00,28452.0,12.0,False,12.0
2024-04-03 13:00:00,28462.0,10.0,False,10.0
2024-04-03 14:00:00,28471.0,9.0,False,9.0
2024-04-03 15:00:00,28483.0,12.0,False,12.0
2024-04-03 16:00:00,28495.0,12.0,False,12.0
2024-04-03 17:00:00,28506.0,11.0,False,11.0
2024-04-03 18:00:00,28518.0,12.0,False,12.0
2024-04-03 19:00:00,28528.0,10.0,False,10.0
2024-04-03 20:00:00,28538.0,10.0,False,10.0
2024-04-03 21:00:00,28548.0,10.0,False,10.0
2024-04-03 22:00:00,28557.0,9.0,False,9.0
2024-04-03 23:00:00,28561.0,4.0,False,4.0
2024-04-04 00:00:00,28564.0,3.0,False,3.0
2024-04-04 01:00:00,28567.0,3.0,False,3.0
2024-04-04 02:00:00,28569.0,2.0,False,2.0
2024-04-04 03:00:00,28572.0,3.0,False,3.0
2024-04-04 04:00:00,28575.0,3.0,False,3.0
2024-04-04 05:00:00,28578.0,3.0,False,3.0
2024-04-04 06:00:00,28580.0,2.0,False,2.0
2024-04-04 07:00:00,28584.0,4.0,False,4.0
2024-04-04 08:00:00,28589.0,5.0,False,5.0
2024-04-04 09:00:00,28595.0,6.0,False,6.0
2024-04-04 10:00:00,28602.0,7.0,False,7.0
2024-04-04 11:00:00,28609.0,7.0,False,7.0
2024-04-04 12:00:00,28617.0,8.0,False,8.0
2024-04-04 13:00:00,28625.0,8.0,False,8.0
2024-04-04 14:00:00,28633.0,8.0,False,8.0
2024-04-04 15:00:00,28643.0,10.0,False,10.0
2024-04-04 16:00:00,28653.0,10.0,False,10.0
2024-04-04 17:00:00,28664.0,11.0,False,11.0
2024-04-04 18:00:00,28676.0,12.0,False,12.0
2024-04-04 19:00:00,28686.0,10.0,False,10.0
2024-04-04 20:00:00,28695.0,9.0,False,9.0
2024-04-04 21:00:00,28706.0,11.0,False,11.0
2024-04-04 22:00:00,28716.0,10.0,False,10.0
2024-04-04 23:00:00,28720.0,4.0,False,4.0
2024-04-05 00:00:00,28722.0,2.0,False,2.0
2024-04-05 01:00:00,28725.0,3.0,False,3.0
2024-04-05 02:00:00,28728.0,3.0,False,3.0
2024-04-05 03:00:00,28730.0,2.0,False,2.0
2024-04-05 04:00:00,28733.0,3.0,False,3.0
2024-04-05 05:00:00,28736.0,3.0,False,3.0
2024-04-05 06:00:00,28738.0,2.0,False,2.0
2024-04-05 07:00:00,28741.0,3.0,False,3.0
2024-04-05 08:00:00,28744.0,3.0,False,3.0
2024-04-05 09:00:00,28749.0,5.0,False,5.0
2024-04-05 10:00:00,28758.0,9.0,False,9.0
2024-04-05 11:00:00,28767.0,9.0,False,9.0
2024-04-05 12:00:00,28776.0,9.0,False,9.0
2024-04-05 13:00:00,28785.0,9.0,False,9.0
2024-04-05 14:00:00,28794.0,9.0,False,9.0
2024-04-05 15:00:00,28803.0,9.0,False,9.0
2024-04-05 16:00:00,28813.0,10.0,False,10.0
2024-04-05 17:00:00,28823.0,10.0,False,10.0
2024-04-05 18:00:00,28832.0,9.0,False,9.0
2024-04-05 19:00:00,28840.0,8.0,False,8.0
2024-04-05 20:00:00,28848.0,8.0,False,8.0
2024-04-05 21:00:00,28856.0,8.0,False,8.0
2024-04-05 22:00:00,28864.0,8.0,False,8.0
2024-04-05 23:00:00,28868.0,4.0,False,4.0
2024-04-06 00:00:00,28870.0,2.0,False,2.0
2024-04-06 01:00:00,28873.0,3.0,False,3.0
2024-04-06 02:00:00,28876.0,3.0,False,3.0
2024-04-06 03:00:00,28879.0,3.0,False,3.0
2024-04-06 04:00:00,28881.0,2.0,False,2.0
2024-04-06 05:00:00,28884.0,3.0,False,3.0
2024-04-06 06:00:00,28887.0,3.0,False,3.0
2024-04-06 07:00:00,28889.0,2.0,False,2.0
2024-04-06 08:00:00,28893.0,4.0,False,4.0
2024-04-06 09:00:00,28898.0,5.0,False,5.0
2024-04-06 10:00:00,28906.0,8.0,False,8.0
2024-04-06 11:00:00,28915.0,9.0,False,9.0
2024-04-06 12:00:00,28924.0,9.0,False,9.0
2024-04-06 13:00:00,28932.0,8.0,False,8.0
2024-04-06 14:00:00,28941.0,9.0,False,9.0
2024-04-06 15:00:00,28951.0,10.0,False,10.0
2024-04-06 16:00:00,28960.0,9.0,False,9.0
2024-04-06 17:00:00,28970.0,10.0,False,10.0
2024-04-06 18:00:00,28979.0,9.0,False,9.0
2024-04-06 19:00:00,28988.0,9.0,False,9.0
2024-04-06 20:00:00,28996.0,8.0,False,8.0
2024-04-06 21:00:00,29005.0,9.0,False,9.0
2024-04-06 22:00:00,29014.0,9.0,False,9.0
2024-04-06 23:00:00,29018.0,4.0,False,4.0
2024-04-07 00:00:00,29020.0,2.0,False,2.0
2024-04-07 01:00:00,29023.0,3.0,False,3.0
2024-04-07 02:00:00,29026.0,3.0,False,3.0
2024-04-07 03:00:00,29028.0,2.0,False,2.0
2024-04-07 04:00:00,29031.0,3.0,False,3.0
2024-04-07 05:00:00,29034.0,3.0,False,3.0
2024-04-07 06:00:00,29036.0,2.0,False,2.0
2024-04-07 07:00:00,29039.0,3.0,False,3.0
2024-04-07 08:00:00,29043.0,4.0,False,4.0
2024-04-07 09:00:00,29051.0,8.0,False,8.0
2024-04-07 10:00:00,29061.0,10.0,False,10.0
2024-04-07 11:00:00,29072.0,11.0,False,11.0
2024-04-07 12:00:00,29083.0,11.0,False,11.0
2024-04-07 13:00:00,29090.0,7.0,False,7.0
2024-04-07 14:00:00,29098.0,8.0,False,8.0
2024-04-07 15:00:00,29106.0,8.0,False,8.0
2024-04-07 16:00:00,29114.0,8.0,False,8.0
2024-04-07 17:00:00,29124.0,10.0,False,10.0
2024-04-07 18:00:00,29134.0,10.0,False,10.0
2024-04-07 19:00:00,29142.0,8.0,False,8.0
2024-04-07 20:00:00,29151.0,9.0,False,9.0
2024-04-07 21:00:00,29161.0,10.0,False,10.0
2024-04-07 22:00:00,29170.0,9.0,False,9.0
2024-04-07 23:00:00,29174.0,4.0,False,4.0
2024-04-08 00:00:00,29176.0,2.0,False,2.0
2024-04-08 01:00:00,29179.0,3.0,False,3.0
2024-04-08 02:00:00,29181.0,2.0,False,2.0
2024-04-08 03:00:00,29184.0,3.0,False,3.0
2024-04-08 04:00:00,29187.0,3.0,False,3.0
2024-04-08 05:00:00,29189.0,2.0,False,2.0
2024-04-08 06:00:00,29192.0,3.0,False,3.0
2024-04-08 07:00:00,29195.0,3.0,False,3.0
2024-04-08 08:00:00,29198.0,3.0,False,3.0
2024-04-08 09:00:00,29204.0,6.0,False,6.0
2024-04-08 10:00:00,29213.0,9.0,False,9.0
2024-04-08 11:00:00,29224.0,11.0,False,11.0
2024-04-08 12:00:00,29235.0,11.0,False,11.0
2024-04-08 13:00:00,29243.0,8.0,False,8.0
2024-04-08 14:00:00,29251.0,8.0,False,8.0
2024-04-08 15:00:00,29260.0,9.0,False,9.0
2024-04-08 16:00:00,29270.0,10.0,False,10.0
2024-04-08 17:00:00,29285.0,15.0,False,15.0
2024-04-08 18:00:00,29298.0,13.0,False,13.0
2024-04-08 19:00:00,29307.0,9.0,False,9.0
2024-04-08 20:00:00,29317.0,10.0,False,10.0
2024-04-08 21:00:00,29329.0,12.0,False,12.0
2024-04-08 22:00:00,29339.0,10.0,False,10.0
2024-04-08 23:00:00,29343.0,4.0,False,4.0
2024-04-09 00:00:00,29346.0,3.0,False,3.0
2024-04-09 01:00:00,29349.0,3.0,False,3.0
2024-04-09 02:00:00,29352.0,3.0,False,3.0
2024-04-09 03:00:00,29354.0,2.0,False,2.0
2024-04-09 04:00:00,29357.0,3.0,False,3.0
2024-04-09 05:00:00,29360.0,3.0,False,3.0
2024-04-09 06:00:00,29363.0,3.0,False,3.0
2024-04-09 07:00:00,29366.0,3.0,False,3.0
2024-04-09 08:00:00,29370.0,4.0,False,4.0
2024-04-09 09:00:00,29382.0,12.0,False,12.0
2024-04-09 10:00:00,29395.0,13.0,False,13.0
2024-04-09 11:00:00,29410.0,15.0,False,15.0
2024-04-09 12:00:00,29425.0,15.0,False,15.0
2024-04-09 13:00:00,29434.0,9.0,False,9.0
2024-04-09 14:00:00,29442.0,8.0,False,8.0
2024-04-09 15:00:00,29450.0,8.0,False,8.0
2024-04-09 16:00:00,29461.0,11.0,False,11.0
2024-04-09 17:00:00,29474.0,13.0,False,13.0
2024-04-09 18:00:00,29485.0,11.0,False,11.0
2024-04-09 19:00:00,29496.0,11.0,False,11.0
2024-04-09 20:00:00,29510.0,14.0,False,14.0
2024-04-09 21:00:00,29522.0,12.0,False,12.0
2024-04-09 22:00:00,29533.0,11.0,False,11.0
2024-04-09 23:00:00,29537.0,4.0,False,4.0
2024-04-10 00:00:00,29539.0,2.0,False,2.0
2024-04-10 01:00:00,29542.0,3.0,False,3.0
2024-04-10 02:00:00,29544.0,2.0,False,2.0
2024-04-10 03:00:00,29547.0,3.0,False,3.0
2024-04-10 04:00:00,29550.0,3.0,False,3.0
2024-04-10 05:00:00,29552.0,2.0,False,2.0
2024-04-10 06:00:00,29555.0,3.0,False,3.0
2024-04-10 07:00:00,29558.0,3.0,False,3.0
2024-04-10 08:00:00,29562.0,4.0,False,4.0
2024-04-10 09:00:00,29575.0,13.0,False,13.0
2024-04-10 10:00:00,29588.0,13.0,False,13.0
2024-04-10 11:00:00,29600.0,12.0,False,12.0
2024-04-10 12:00:00,29612.0,12.0,False,12.0
2024-04-10 13:00:00,29620.0,8.0,False,8.0
2024-04-10 14:00:00,29629.0,9.0,False,9.0
2024-04-10 15:00:00,29640.0,11.0,False,11.0
2024-04-10 16:00:00,29652.0,12.0,False,12.0
2024-04-10 17:00:00,29667.0,15.0,False,15.0
2024-04-10 18:00:00,29681.0,14.0,False,14.0
2024-04-10 19:00:00,29691.0,10.0,False,10.0
2024-04-10 20:00:00,29702.0,11.0,False,11.0
2024-04-10 21:00:00,29712.0,10.0,False,10.0
2024-04-10 22:00:00,29722.0,10.0,False,10.0
2024-04-10 23:00:00,29725.0,3.0,False,3.0
2024-04-11 00:00:00,29728.0,3.0,False,3.0
2024-04-11 01:00:00,29731.0,3.0,False,3.0
2024-04-11 02:00:00,29733.0,2.0,False,2.0
2024-04-11 03:00:00,29736.0,3.0,False,3.0
2024-04-11 04:00:00,29739.0,3.0,False,3.0
2024-04-11 05:00:00,29742.0,3.0,False,3.0
2024-04-11 06:00:00,29744.0,2.0,False,2.0
2024-04-11 07:00:00,29746.0,2.0,False,2.0
2024-04-11 08:00:00,29753.0,7.0,False,7.0
2024-04-11 09:00:00,29768.0,15.0,False,15.0
2024-04-11 10:00:00,29782.0,14.0,False,14.0
2024-04-11 11:00:00,29794.0,12.0,False,12.0
2024-04-11 12:00:00,29807.0,13.0,False,13.0
2024-04-11 13:00:00,29815.0,8.0,False,8.0
2024-04-11 14:00:00,29823.0,8.0,False,8.0
2024-04-11 15:00:00,29834.0,11.0,False,11.0
2024-04-11 16:00:00,29846.0,12.0,False,12.0
2024-04-11 17:00:00,29859.0,13.0,False,13.0
2024-04-11 18:00:00,29872.0,13.0,False,13.0
2024-04-11 19:00:00,29882.0,10.0,False,10.0
2024-04-11 20:00:00,29892.0,10.0,False,10.0
2024-04-11 21:00:00,29903.0,11.0,False,11.0
2024-04-11 22:00:00,29913.0,10.0,False,10.0
2024-04-11 23:00:00,29918.0,5.0,False,5.0
2024-04-12 00:00:00,29920.0,2.0,False,2.0
2024-04-12 01:00:00,29923.0,3.0,False,3.0
2024-04-12 02:00:00,29926.0,3.0,False,3.0
2024-04-12 03:00:00,29929.0,3.0,False,3.0
2024-04-12 04:00:00,29931.0,2.0,False,2.0
2024-04-12 05:00:00,29934.0,3.0,False,3.0
2024-04-12 06:00:00,29937.0,3.0,False,3.0
2024-04-12 07:00:00,29940.0,3.0,False,3.0
2024-04-12 08:00:00,29944.0,4.0,False,4.0
2024-04-12 09:00:00,29952.0,8.0,False,8.0
2024-04-12 10:00:00,29961.0,9.0,False,9.0
2024-04-12 11:00:00,29973.0,12.0,False,12.0
2024-04-12 12:00:00,29984.0,11.0,False,11.0
2024-04-12 13:00:00,29993.0,9.0,False,9.0
2024-04-12 14:00:00,30001.0,8.0,False,8.0
2024-04-12 15:00:00,30017.0,16.0,False,16.0
2024-04-12 16:00:00,30033.0,16.0,False,16.0
2024-04-12 17:00:00,30049.0,16.0,False,16.0
2024-04-12 18:00:00,30063.0,14.0,False,14.0
2024-04-12 19:00:00,30071.0,8.0,False,8.0
2024-04-12 20:00:00,30080.0,9.0,False,9.0
2024-04-12 21:00:00,30090.0,10.0,False,10.0
2024-04-12 22:00:00,30099.0,9.0,False,9.0
2024-04-12 23:00:00,30103.0,4.0,False,4.0
2024-04-13 00:00:00,30106.0,3.0,False,3.0
2024-04-13 01:00:00,30108.0,2.0,False,2.0
2024-04-13 02:00:00,30111.0,3.0,False,3.0
2024-04-13 03:00:00,30114.0,3.0,False,3.0
2024-04-13 04:00:00,30117.0,3.0,False,3.0
2024-04-13 05:00:00,30119.0,2.0,False,2.0
2024-04-13 06:00:00,30122.0,3.0,False,3.0
2024-04-13 07:00:00,30126.0,4.0,False,4.0
2024-04-13 08:00:00,30129.0,3.0,False,3.0
2024-04-13 09:00:00,30134.0,5.0,False,5.0
2024-04-13 10:00:00,30142.0,8.0,False,8.0
2024-04-13 11:00:00,30152.0,10.0,False,10.0
2024-04-13 12:00:00,30164.0,12.0,False,12.0
2024-04-13 13:00:00,30176.0,12.0,False,12.0
2024-04-13 14:00:00,30185.0,9.0,False,9.0
2024-04-13 15:00:00,30197.0,12.0,False,12.0
2024-04-13 16:00:00,30208.0,11.0,False,11.0
2024-04-13 17:00:00,30219.0,11.0,False,11.0
2024-04-13 18:00:00,30230.0,11.0,False,11.0
2024-04-13 19:00:00,30241.0,11.0,False,11.0
2024-04-13 20:00:00,30251.0,10.0,False,10.0
2024-04-13 21:00:00,30260.0,9.0,False,9.0
2024-04-13 22:00:00,30269.0,9.0,False,9.0
2024-04-13 23:00:00,30273.0,4.0,False,4.0
2024-04-14 00:00:00,30277.0,4.0,False,4.0
2024-04-14 01:00:00,30280.0,3.0,False,3.0
2024-04-14 02:00:00,30283.0,3.0,False,3.0
2024-04-14 03:00:00,30286.0,3.0,False,3.0
2024-04-14 04:00:00,30288.0,2.0,False,2.0
2024-04-14 05:00:00,30291.0,3.0,False,3.0
2024-04-14 06:00:00,30294.0,3.0,False,3.0
2024-04-14 07:00:00,30297.0,3.0,False,3.0
2024-04-14 08:00:00,30301.0,4.0,False,4.0
2024-04-14 09:00:00,30307.0,6.0,False,6.0
2024-04-14 10:00:00,30317.0,10.0,False,10.0
2024-04-14 11:00:00,30328.0,11.0,False,11.0
2024-04-14 12:00:00,30339.0,11.0,False,11.0
2024-04-14 13:00:00,30350.0,11.0,False,11.0
2024-04-14 14:00:00,30360.0,10.0,False,10.0
2024-04-14 15:00:00,30370.0,10.0,False,10.0
2024-04-14 16:00:00,30382.0,12.0,False,12.0
2024-04-14 17:00:00,30394.0,12.0,False,12.0
2024-04-14 18:00:00,30406.0,12.0,False,12.0
2024-04-14 19:00:00,30418.0,12.0,False,12.0
2024-04-14 20:00:00,30431.0,13.0,False,13.0
2024-04-14 21:00:00,30443.0,12.0,False,12.0
2024-04-14 22:00:00,30452.0,9.0,False,9.0
2024-04-14 23:00:00,30457.0,5.0,False,5.0
2024-04-15 00:00:00,30459.0,2.0,False,2.0
2024-04-15 01:00:00,30462.0,3.0,False,3.0
2024-04-15 02:00:00,30465.0,3.0,False,3.0
2024-04-15 03:00:00,30467.0,2.0,False,2.0
2024-04-15 04:00:00,30470.0,3.0,False,3.0
2024-04-15 05:00:00,30473.0,3.0,False,3.0
2024-04-15 06:00:00,30475.0,2.0,False,2.0
2024-04-15 07:00:00,30478.0,3.0,False,3.0
2024-04-15 08:00:00,30482.0,4.0,False,4.0
2024-04-15 09:00:00,30490.0,8.0,False,8.0
2024-04-15 10:00:00,30498.0,8.0,False,8.0
2024-04-15 11:00:00,30508.0,10.0,False,10.0
2024-04-15 12:00:00,30517.0,9.0,False,9.0
2024-04-15 13:00:00,30524.0,7.0,False,7.0
2024-04-15 14:00:00,30531.0,7.0,False,7.0
2024-04-15 15:00:00,30542.0,11.0,False,11.0
2024-04-15 16:00:00,30552.0,10.0,False,10.0
2024-04-15 17:00:00,30565.0,13.0,False,13.0
2024-04-15 18:00:00,30578.0,13.0,False,13.0
2024-04-15 19:00:00,30588.0,10.0,False,10.0
2024-04-15 20:00:00,30599.0,11.0,False,11.0
2024-04-15 21:00:00,30611.0,12.0,False,12.0
2024-04-15 22:00:00,30621.0,10.0,False,10.0
2024-04-15 23:00:00,30624.0,3.0,False,3.0
2024-04-16 00:00:00,30627.0,3.0,False,3.0
2024-04-16 01:00:00,30630.0,3.0,False,3.0
2024-04-16 02:00:00,30632.0,2.0,False,2.0
2024-04-16 03:00:00,30635.0,3.0,False,3.0
2024-04-16 04:00:00,30638.0,3.0,False,3.0
2024-04-16 05:00:00,30641.0,3.0,False,3.0
2024-04-16 06:00:00,30644.0,3.0,False,3.0
2024-04-16 07:00:00,30646.0,2.0,False,2.0
2024-04-16 08:00:00,30651.0,5.0,False,5.0
2024-04-16 09:00:00,30663.0,12.0,False,12.0
2024-04-16 10:00:00,30676.0,13.0,False,13.0
2024-04-16 11:00:00,30691.0,15.0,False,15.0
2024-04-16 12:00:00,30705.0,14.0,False,14.0
2024-04-16 13:00:00,30713.0,8.0,False,8.0
2024-04-16 14:00:00,30720.0,7.0,False,7.0
2024-04-16 15:00:00,30728.0,8.0,False,8.0
2024-04-16 16:00:00,30737.0,9.0,False,9.0
2024-04-16 17:00:00,30751.0,14.0,False,14.0
2024-04-16 18:00:00,30764.0,13.0,False,13.0
2024-04-16 19:00:00,30775.0,11.0,False,11.0
2024-04-16 20:00:00,30788.0,13.0,False,13.0
2024-04-16 21:00:00,30800.0,12.0,False,12.0
2024-04-16 22:00:00,30811.0,11.0,False,11.0
2024-04-16 23:00:00,30815.0,4.0,False,4.0
2024-04-17 00:00:00,30818.0,3.0,False,3.0
2024-04-17 01:00:00,30820.0,2.0,False,2.0
2024-04-17 02:00:00,30823.0,3.0,False,3.0
2024-04-17 03:00:00,30826.0,3.0,False,3.0
2024-04-17 04:00:00,30830.0,4.0,False,4.0
2024-04-17 05:00:00,30832.0,2.0,False,2.0
2024-04-17 06:00:00,30835.0,3.0,False,3.0
2024-04-17 07:00:00,30838.0,3.0,False,3.0
2024-04-17 08:00:00,30842.0,4.0,False,4.0
2024-04-17 09:00:00,30853.0,11.0,False,11.0
2024-04-17 10:00:00,30864.0,11.0,False,11.0
2024-04-17 11:00:00,30879.0,15.0,False,15.0
2024-04-17 12:00:00,30894.0,15.0,False,15.0
2024-04-17 13:00:00,30904.0,10.0,False,10.0
2024-04-17 14:00:00,30914.0,10.0,False,10.0
2024-04-17 15:00:00,30930.0,16.0,False,16.0
2024-04-17 16:00:00,30945.0,15.0,False,15.0
2024-04-17 17:00:00,30959.0,14.0,False,14.0
2024-04-17 18:00:00,30974.0,15.0,False,15.0
2024-04-17 19:00:00,30986.0,12.0,False,12.0
2024-04-17 20:00:00,30997.0,11.0,False,11.0
2024-04-17 21:00:00,31008.0,11.0,False,11.0
2024-04-17 22:00:00,31018.0,10.0,False,10.0
2024-04-17 23:00:00,31022.0,4.0,False,4.0
2024-04-18 00:00:00,31025.0,3.0,False,3.0
2024-04-18 01:00:00,31028.0,3.0,False,3.0
2024-04-18 02:00:00,31030.0,2.0,False,2.0
2024-04-18 03:00:00,31033.0,3.0,False,3.0
2024-04-18 04:00:00,31036.0,3.0,False,3.0
2024-04-18 05:00:00,31038.0,2.0,False,2.0
2024-04-18 06:00:00,31041.0,3.0,False,3.0
2024-04-18 07:00:00,31044.0,3.0,False,3.0
2024-04-18 08:00:00,31049.0,5.0,False,5.0
2024-04-18 09:00:00,31062.0,13.0,False,13.0
2024-04-18 10:00:00,31076.0,14.0,False,14.0
2024-04-18 11:00:00,31093.0,17.0,False,17.0
2024-04-18 12:00:00,31110.0,17.0,False,17.0
2024-04-18 13:00:00,31121.0,11.0,False,11.0
2024-04-18 14:00:00,31134.0,13.0,False,13.0
2024-04-18 15:00:00,31157.0,23.0,False,23.0
2024-04-18 16:00:00,31178.0,21.0,False,21.0
2024-04-18 17:00:00,31201.0,23.0,False,23.0
2024-04-18 18:00:00,31221.0,20.0,False,20.0
2024-04-18 19:00:00,31236.0,15.0,False,15.0
2024-04-18 20:00:00,31250.0,14.0,False,14.0
2024-04-18 21:00:00,31264.0,14.0,False,14.0
2024-04-18 22:00:00,31274.0,10.0,False,10.0
2024-04-18 23:00:00,31278.0,4.0,False,4.0
2024-04-19 00:00:00,31281.0,3.0,False,3.0
2024-04-19 01:00:00,31284.0,3.0,False,3.0
2024-04-19 02:00:00,31287.0,3.0,False,3.0
2024-04-19 03:00:00,31290.0,3.0,False,3.0
2024-04-19 04:00:00,31293.0,3.0,False,3.0
2024-04-19 05:00:00,31296.0,3.0,False,3.0
2024-04-19 06:00:00,31299.0,3.0,False,3.0
2024-04-19 07:00:00,31301.0,2.0,False,2.0
2024-04-19 08:00:00,31305.0,4.0,False,4.0
2024-04-19 09:00:00,31317.0,12.0,False,12.0
2024-04-19 10:00:00,31329.0,12.0,False,12.0
2024-04-19 11:00:00,31341.0,12.0,False,12.0
2024-04-19 12:00:00,31353.0,12.0,False,12.0
2024-04-19 13:00:00,31362.0,9.0,False,9.0
2024-04-19 14:00:00,31372.0,10.0,False,10.0
2024-04-19 15:00:00,31386.0,14.0,False,14.0
2024-04-19 16:00:00,31401.0,15.0,False,15.0
2024-04-19 17:00:00,31416.0,15.0,False,15.0
2024-04-19 18:00:00,31431.0,15.0,False,15.0
2024-04-19 19:00:00,31443.0,12.0,False,12.0
2024-04-19 20:00:00,31456.0,13.0,False,13.0
2024-04-19 21:00:00,31469.0,13.0,False,13.0
2024-04-19 22:00:00,31479.0,10.0,False,10.0
2024-04-19 23:00:00,31483.0,4.0,False,4.0
2024-04-20 00:00:00,31485.0,2.0,False,2.0
2024-04-20 01:00:00,31488.0,3.0,False,3.0
2024-04-20 02:00:00,31490.0,2.0,False,2.0
2024-04-20 03:00:00,31493.0,3.0,False,3.0
2024-04-20 04:00:00,31496.0,3.0,False,3.0
2024-04-20 05:00:00,31498.0,2.0,False,2.0
2024-04-20 06:00:00,31501.0,3.0,False,3.0
2024-04-20 07:00:00,31504.0,3.0,False,3.0
2024-04-20 08:00:00,31507.0,3.0,False,3.0
2024-04-20 09:00:00,31514.0,7.0,False,7.0
2024-04-20 10:00:00,31524.0,10.0,False,10.0
2024-04-20 11:00:00,31535.0,11.0,False,11.0
2024-04-20 12:00:00,31547.0,12.0,False,12.0
2024-04-20 13:00:00,31556.0,9.0,False,9.0
2024-04-20 14:00:00,31567.0,11.0,False,11.0
2024-04-20 15:00:00,31580.0,13.0,False,13.0
2024-04-20 16:00:00,31593.0,13.0,False,13.0
2024-04-20 17:00:00,31605.0,12.0,False,12.0
2024-04-20 18:00:00,31617.0,12.0,False,12.0
2024-04-20 19:00:00,31628.0,11.0,False,11.0
2024-04-20 20:00:00,31640.0,12.0,False,12.0
2024-04-20 21:00:00,31650.0,10.0,False,10.0
2024-04-20 22:00:00,31660.0,10.0,False,10.0
2024-04-20 23:00:00,31667.0,7.0,False,7.0
2024-04-21 00:00:00,31669.0,2.0,False,2.0
2024-04-21 01:00:00,31672.0,3.0,False,3.0
2024-04-21 02:00:00,31675.0,3.0,False,3.0
2024-04-21 03:00:00,31677.0,2.0,False,2.0
2024-04-21 04:00:00,31680.0,3.0,False,3.0
2024-04-21 05:00:00,31683.0,3.0,False,3.0
2024-04-21 06:00:00,31685.0,2.0,False,2.0
2024-04-21 07:00:00,31688.0,3.0,False,3.0
2024-04-21 08:00:00,31692.0,4.0,False,4.0
2024-04-21 09:00:00,31700.0,8.0,False,8.0
2024-04-21 10:00:00,31710.0,10.0,False,10.0
2024-04-21 11:00:00,31721.0,11.0,False,11.0
2024-04-21 12:00:00,31733.0,12.0,False,12.0
2024-04-21 13:00:00,31744.0,11.0,False,11.0
2024-04-21 14:00:00,31754.0,10.0,False,10.0
2024-04-21 15:00:00,31764.0,10.0,False,10.0
2024-04-21 16:00:00,31775.0,11.0,False,11.0
2024-04-21 17:00:00,31785.0,10.0,False,10.0
2024-04-21 18:00:00,31795.0,10.0,False,10.0
2024-04-21 19:00:00,31805.0,10.0,False,10.0
2024-04-21 20:00:00,31815.0,10.0,False,10.0
2024-04-21 21:00:00,31825.0,10.0,False,10.0
2024-04-21 22:00:00,31835.0,10.0,False,10.0
2024-04-21 23:00:00,31838.0,3.0,False,3.0
2024-04-22 00:00:00,31841.0,3.0,False,3.0
2024-04-22 01:00:00,31843.0,2.0,False,2.0
2024-04-22 02:00:00,31846.0,3.0,False,3.0
2024-04-22 03:00:00,31849.0,3.0,False,3.0
2024-04-22 04:00:00,31851.0,2.0,False,2.0
2024-04-22 05:00:00,31854.0,3.0,False,3.0
2024-04-22 06:00:00,31856.0,2.0,False,2.0
2024-04-22 07:00:00,31859.0,3.0,False,3.0
2024-04-22 08:00:00,31865.0,6.0,False,6.0
2024-04-22 09:00:00,31873.0,8.0,False,8.0
2024-04-22 10:00:00,31882.0,9.0,False,9.0
2024-04-22 11:00:00,31894.0,12.0,False,12.0
2024-04-22 12:00:00,31906.0,12.0,False,12.0
2024-04-22 13:00:00,31914.0,8.0,False,8.0
2024-04-22 14:00:00,31923.0,9.0,False,9.0
2024-04-22 15:00:00,31934.0,11.0,False,11.0
2024-04-22 16:00:00,31948.0,14.0,False,14.0
2024-04-22 17:00:00,31967.0,19.0,False,19.0
2024-04-22 18:00:00,31984.0,17.0,False,17.0
2024-04-22 19:00:00,31994.0,10.0,False,10.0
2024-04-22 20:00:00,32007.0,13.0,False,13.0
2024-04-22 21:00:00,32018.0,11.0,False,11.0
2024-04-22 22:00:00,32029.0,11.0,False,11.0
2024-04-22 23:00:00,32032.0,3.0,False,3.0
2024-04-23 00:00:00,32035.0,3.0,False,3.0
2024-04-23 01:00:00,32038.0,3.0,False,3.0
2024-04-23 02:00:00,32040.0,2.0,False,2.0
2024-04-23 03:00:00,32043.0,3.0,False,3.0
2024-04-23 04:00:00,32045.0,2.0,False,2.0
2024-04-23 05:00:00,32048.0,3.0,False,3.0
2024-04-23 06:00:00,32051.0,3.0,False,3.0
2024-04-23 07:00:00,32053.0,2.0,False,2.0
2024-04-23 08:00:00,32059.0,6.0,False,6.0
2024-04-23 09:00:00,32072.0,13.0,False,13.0
2024-04-23 10:00:00,32087.0,15.0,False,15.0
2024-04-23 11:00:00,32100.0,13.0,False,13.0
2024-04-23 12:00:00,32114.0,14.0,False,14.0
2024-04-23 13:00:00,32125.0,11.0,False,11.0
2024-04-23 14:00:00,32134.0,9.0,False,9.0
2024-04-23 15:00:00,32143.0,9.0,False,9.0
2024-04-23 16:00:00,32154.0,11.0,False,11.0
2024-04-23 17:00:00,32167.0,13.0,False,13.0
2024-04-23 18:00:00,32180.0,13.0,False,13.0
2024-04-23 19:00:00,32191.0,11.0,False,11.0
2024-04-23 20:00:00,32203.0,12.0,False,12.0
2024-04-23 21:00:00,32214.0,11.0,False,11.0
2024-04-23 22:00:00,32223.0,9.0,False,9.0
2024-04-23 23:00:00,32228.0,5.0,False,5.0
2024-04-24 00:00:00,32230.0,2.0,False,2.0
2024-04-24 01:00:00,32233.0,3.0,False,3.0
2024-04-24 02:00:00,32235.0,2.0,False,2.0
2024-04-24 03:00:00,32238.0,3.0,False,3.0
2024-04-24 04:00:00,32241.0,3.0,False,3.0
2024-04-24 05:00:00,32243.0,2.0,False,2.0
2024-04-24 06:00:00,32246.0,3.0,False,3.0
2024-04-24 07:00:00,32249.0,3.0,False,3.0
2024-04-24 08:00:00,32253.0,4.0,False,4.0
2024-04-24 09:00:00,32262.0,9.0,False,9.0
2024-04-24 10:00:00,32272.0,10.0,False,10.0
2024-04-24 11:00:00,32285.0,13.0,False,13.0
2024-04-24 12:00:00,32297.0,12.0,False,12.0
2024-04-24 13:00:00,32305.0,8.0,False,8.0
2024-04-24 14:00:00,32314.0,9.0,False,9.0
2024-04-24 15:00:00,32327.0,13.0,False,13.0
2024-04-24 16:00:00,32341.0,14.0,False,14.0
2024-04-24 17:00:00,32352.0,11.0,False,11.0
2024-04-24 18:00:00,32364.0,12.0,False,12.0
2024-04-24 19:00:00,32373.0,9.0,False,9.0
2024-04-24 20:00:00,32383.0,10.0,False,10.0
2024-04-24 21:00:00,32394.0,11.0,False,11.0
2024-04-24 22:00:00,32404.0,10.0,False,10.0
2024-04-24 23:00:00,32408.0,4.0,False,4.0
2024-04-25 00:00:00,32411.0,3.0,False,3.0
2024-04-25 01:00:00,32414.0,3.0,False,3.0
2024-04-25 02:00:00,32416.0,2.0,False,2.0
2024-04-25 03:00:00,32419.0,3.0,False,3.0
2024-04-25 04:00:00,32422.0,3.0,False,3.0
2024-04-25 05:00:00,32424.0,2.0,False,2.0
2024-04-25 06:00:00,32427.0,3.0,False,3.0
2024-04-25 07:00:00,32430.0,3.0,False,3.0
2024-04-25 08:00:00,32434.0,4.0,False,4.0
2024-04-25 09:00:00,32441.0,7.0,False,7.0
2024-04-25 10:00:00,32448.0,7.0,False,7.0
2024-04-25 11:00:00,32459.0,11.0,False,11.0
2024-04-25 12:00:00,32471.0,12.0,False,12.0
2024-04-25 13:00:00,32483.0,12.0,False,12.0
2024-04-25 14:00:00,32496.0,13.0,False,13.0
2024-04-25 15:00:00,32518.0,22.0,False,22.0
2024-04-25 16:00:00,32538.0,20.0,False,20.0
2024-04-25 17:00:00,32556.0,18.0,False,18.0
2024-04-25 18:00:00,32572.0,16.0,False,16.0
2024-04-25 19:00:00,32586.0,14.0,False,14.0
2024-04-25 20:00:00,32601.0,15.0,False,15.0
2024-04-25 21:00:00,32615.0,14.0,False,14.0
2024-04-25 22:00:00,32627.0,12.0,False,12.0
2024-04-25 23:00:00,32630.0,3.0,False,3.0
2024-04-26 00:00:00,32633.0,3.0,False,3.0
2024-04-26 01:00:00,32636.0,3.0,False,3.0
2024-04-26 02:00:00,32638.0,2.0,False,2.0
2024-04-26 03:00:00,32641.0,3.0,False,3.0
2024-04-26 04:00:00,32644.0,3.0,False,3.0
2024-04-26 05:00:00,32646.0,2.0,False,2.0
2024-04-26 06:00:00,32649.0,3.0,False,3.0
2024-04-26 07:00:00,32652.0,3.0,False,3.0
2024-04-26 08:00:00,32656.0,4.0,False,4.0
2024-04-26 09:00:00,32663.0,7.0,False,7.0
2024-04-26 10:00:00,32671.0,8.0,False,8.0
2024-04-26 11:00:00,32681.0,10.0,False,10.0
2024-04-26 12:00:00,32694.0,13.0,False,13.0
2024-04-26 13:00:00,32707.0,13.0,False,13.0
2024-04-26 14:00:00,32724.0,17.0,False,17.0
2024-04-26 15:00:00,32741.0,17.0,False,17.0
2024-04-26 16:00:00,32758.0,17.0,False,17.0
2024-04-26 17:00:00,32779.0,21.0,False,21.0
2024-04-26 18:00:00,32797.0,18.0,False,18.0
2024-04-26 19:00:00,32812.0,15.0,False,15.0
2024-04-26 20:00:00,32826.0,14.0,False,14.0
2024-04-26 21:00:00,32839.0,13.0,False,13.0
2024-04-26 22:00:00,32850.0,11.0,False,11.0
2024-04-26 23:00:00,32854.0,4.0,False,4.0
2024-04-27 00:00:00,32857.0,3.0,False,3.0
2024-04-27 01:00:00,32860.0,3.0,False,3.0
2024-04-27 02:00:00,32862.0,2.0,False,2.0
2024-04-27 03:00:00,32865.0,3.0,False,3.0
2024-04-27 04:00:00,32867.0,2.0,False,2.0
2024-04-27 05:00:00,32870.0,3.0,False,3.0
2024-04-27 06:00:00,32873.0,3.0,False,3.0
2024-04-27 07:00:00,32875.0,2.0,False,2.0
2024-04-27 08:00:00,32879.0,4.0,False,4.0
2024-04-27 09:00:00,32886.0,7.0,False,7.0
2024-04-27 10:00:00,32900.0,14.0,False,14.0
2024-04-27 11:00:00,32916.0,16.0,False,16.0
2024-04-27 12:00:00,32931.0,15.0,False,15.0
2024-04-27 13:00:00,32947.0,16.0,False,16.0
2024-04-27 14:00:00,32967.0,20.0,False,20.0
2024-04-27 15:00:00,32989.0,22.0,False,22.0
2024-04-27 16:00:00,33008.0,19.0,False,19.0
2024-04-27 17:00:00,33026.0,18.0,False,18.0
2024-04-27 18:00:00,33044.0,18.0,False,18.0
2024-04-27 19:00:00,33061.0,17.0,False,17.0
2024-04-27 20:00:00,33078.0,17.0,False,17.0
2024-04-27 21:00:00,33094.0,16.0,False,16.0
2024-04-27 22:00:00,33107.0,13.0,False,13.0
2024-04-27 23:00:00,33111.0,4.0,False,4.0
2024-04-28 00:00:00,33114.0,3.0,False,3.0
2024-04-28 01:00:00,33116.0,2.0,False,2.0
2024-04-28 02:00:00,33119.0,3.0,False,3.0
2024-04-28 03:00:00,33121.0,2.0,False,2.0
2024-04-28 04:00:00,33124.0,3.0,False,3.0
2024-04-28 05:00:00,33126.0,2.0,False,2.0
2024-04-28 06:00:00,33129.0,3.0,False,3.0
2024-04-28 07:00:00,33132.0,3.0,False,3.0
2024-04-28 08:00:00,33136.0,4.0,False,4.0
2024-04-28 09:00:00,33144.0,8.0,False,8.0
2024-04-28 10:00:00,33156.0,12.0,False,12.0
2024-04-28 11:00:00,33167.0,11.0,False,11.0
2024-04-28 12:00:00,33180.0,13.0,False,13.0
2024-04-28 13:00:00,33192.0,12.0,False,12.0
2024-04-28 14:00:00,33208.0,16.0,False,16.0
2024-04-28 15:00:00,33230.0,22.0,False,22.0
2024-04-28 16:00:00,33256.0,26.0,False,26.0
2024-04-28 17:00:00,33283.0,27.0,False,27.0
2024-04-28 18:00:00,33308.0,25.0,False,25.0
2024-04-28 19:00:00,33330.0,22.0,False,22.0
2024-04-28 20:00:00,33352.0,22.0,False,22.0
2024-04-28 21:00:00,33372.0,20.0,False,20.0
2024-04-28 22:00:00,33388.0,16.0,False,16.0
2024-04-28 23:00:00,33393.0,5.0,False,5.0
2024-04-29 00:00:00,33395.0,2.0,False,2.0
2024-04-29 01:00:00,33398.0,3.0,False,3.0
2024-04-29 02:00:00,33400.0,2.0,False,2.0
2024-04-29 03:00:00,33403.0,3.0,False,3.0
2024-04-29 04:00:00,33406.0,3.0,False,3.0
2024-04-29 05:00:00,33408.0,2.0,False,2.0
2024-04-29 06:00:00,33411.0,3.0,False,3.0
2024-04-29 07:00:00,33413.0,2.0,False,2.0
2024-04-29 08:00:00,33417.0,4.0,False,4.0
2024-04-29 09:00:00,33428.0,11.0,False,11.0
2024-04-29 10:00:00,33441.0,13.0,False,13.0
2024-04-29 11:00:00,33453.0,12.0,False,12.0
2024-04-29 12:00:00,33465.0,12.0,False,12.0
2024-04-29 13:00:00,33472.0,7.0,False,7.0
2024-04-29 14:00:00,33481.0,9.0,False,9.0
2024-04-29 15:00:00,33492.0,11.0,False,11.0
2024-04-29 16:00:00,33504.0,12.0,False,12.0
2024-04-29 17:00:00,33516.0,12.0,False,12.0
2024-04-29 18:00:00,33527.0,11.0,False,11.0
2024-04-29 19:00:00,33534.0,7.0,False,7.0
2024-04-29 20:00:00,33544.0,10.0,False,10.0
2024-04-29 21:00:00,33554.0,10.0,False,10.0
2024-04-29 22:00:00,33563.0,9.0,False,9.0
2024-04-29 23:00:00,33566.0,3.0,False,3.0
2024-04-30 00:00:00,33569.0,3.0,False,3.0
2024-04-30 01:00:00,33573.0,4.0,False,4.0
2024-04-30 02:00:00,33576.0,3.0,False,3.0
2024-04-30 03:00:00,33579.0,3.0,False,3.0
2024-04-30 04:00:00,33581.0,2.0,False,2.0
2024-04-30 05:00:00,33584.0,3.0,False,3.0
2024-04-30 06:00:00,33587.0,3.0,False,3.0
2024-04-30 07:00:00,33590.0,3.0,False,3.0
2024-04-30 08:00:00,33594.0,4.0,False,4.0
2024-04-30 09:00:00,33605.0,11.0,False,11.0
2024-04-30 10:00:00,33615.0,10.0,False,10.0
2024-04-30 11:00:00,33626.0,11.0,False,11.0
2024-04-30 12:00:00,33638.0,12.0,False,12.0
2024-04-30 13:00:00,,,False,11.29
2024-04-30 14:00:00,33654.0,,False,13.29
2024-04-30 15:00:00,33663.0,9.0,False,9.0
2024-04-30 16:00:00,33673.0,10.0,False,10.0
2024-04-30 17:00:00,33685.0,12.0,False,12.0
2024-04-30 18:00:00,33696.0,11.0,False,11.0
2024-04-30 19:00:00,33705.0,9.0,False,9.0
2024-04-30 20:00:00,33713.0,8.0,False,8.0
2024-04-30 21:00:00,33721.0,8.0,False,8.0
2024-04-30 22:00:00,33729.0,8.0,False,8.0
2024-04-30 23:00:00,33732.0,3.0,False,3.0
2024-05-01 00:00:00,33735.0,3.0,False,3.0
2024-05-01 01:00:00,33737.0,2.0,False,2.0
2024-05-01 02:00:00,33739.0,2.0,False,2.0
2024-05-01 03:00:00,33742.0,3.0,False,3.0
2024-05-01 04:00:00,33744.0,2.0,False,2.0
2024-05-01 05:00:00,33747.0,3.0,False,3.0
2024-05-01 06:00:00,33749.0,2.0,False,2.0
2024-05-01 07:00:00,33751.0,2.0,False,2.0
2024-05-01 08:00:00,33755.0,4.0,False,4.0
2024-05-01 09:00:00,33762.0,7.0,False,7.0
2024-05-01 10:00:00,33768.0,6.0,False,6.0
2024-05-01 11:00:00,33775.0,7.0,False,7.0
2024-05-01 12:00:00,33781.0,6.0,False,6.0
2024-05-01 13:00:00,33787.0,6.0,False,6.0
2024-05-01 14:00:00,33794.0,7.0,False,7.0
2024-05-01 15:00:00,33800.0,6.0,False,6.0
2024-05-01 16:00:00,33807.0,7.0,False,7.0
2024-05-01 17:00:00,33814.0,7.0,False,7.0
2024-05-01 18:00:00,33821.0,7.0,False,7.0
2024-05-01 19:00:00,33828.0,7.0,False,7.0
2024-05-01 20:00:00,33836.0,8.0,False,8.0
2024-05-01 21:00:00,33845.0,9.0,False,9.0
2024-05-01 22:00:00,33853.0,8.0,False,8.0
2024-05-01 23:00:00,33859.0,6.0,False,6.0
2024-05-02 00:00:00,33862.0,3.0,False,3.0
2024-05-02 01:00:00,33864.0,2.0,False,2.0
2024-05-02 02:00:00,33867.0,3.0,False,3.0
2024-05-02 03:00:00,33869.0,2.0,False,2.0
2024-05-02 04:00:00,33872.0,3.0,False,3.0
2024-05-02 05:00:00,33874.0,2.0,False,2.0
2024-05-02 06:00:00,33876.0,2.0,False,2.0
2024-05-02 07:00:00,33880.0,4.0,False,4.0
2024-05-02 08:00:00,33883.0,3.0,False,3.0
2024-05-02 09:00:00,33887.0,4.0,False,4.0
2024-05-02 10:00:00,33893.0,6.0,False,6.0
2024-05-02 11:00:00,33899.0,6.0,False,6.0
2024-05-02 12:00:00,33906.0,7.0,False,7.0
2024-05-02 13:00:00,33913.0,7.0,False,7.0
2024-05-02 14:00:00,33920.0,7.0,False,7.0
2024-05-02 15:00:00,33928.0,8.0,False,8.0
2024-05-02 16:00:00,33936.0,8.0,False,8.0
2024-05-02 17:00:00,33944.0,8.0,False,8.0
2024-05-02 18:00:00,33952.0,8.0,False,8.0
2024-05-02 19:00:00,33960.0,8.0,False,8.0
2024-05-02 20:00:00,33968.0,8.0,False,8.0
2024-05-02 21:00:00,33977.0,9.0,False,9.0
2024-05-02 22:00:00,33985.0,8.0,False,8.0
2024-05-02 23:00:00,33988.0,3.0,False,3.0
2024-05-03 00:00:00,33991.0,3.0,False,3.0
2024-05-03 01:00:00,33994.0,3.0,False,3.0
2024-05-03 02:00:00,33997.0,3.0,False,3.0
2024-05-03 03:00:00,33999.0,2.0,False,2.0
2024-05-03 04:00:00,34002.0,3.0,False,3.0
2024-05-03 05:00:00,34004.0,2.0,False,2.0
2024-05-03 06:00:00,34007.0,3.0,False,3.0
2024-05-03 07:00:00,34009.0,2.0,False,2.0
2024-05-03 08:00:00,34012.0,3.0,False,3.0
2024-05-03 09:00:00,34017.0,5.0,False,5.0
2024-05-03 10:00:00,34023.0,6.0,False,6.0
2024-05-03 11:00:00,34032.0,9.0,False,9.0
2024-05-03 12:00:00,34039.0,7.0,False,7.0
2024-05-03 13:00:00,34046.0,7.0,False,7.0
2024-05-03 14:00:00,34055.0,9.0,False,9.0
2024-05-03 15:00:00,34064.0,9.0,False,9.0
2024-05-03 16:00:00,34073.0,9.0,False,9.0
2024-05-03 17:00:00,34082.0,9.0,False,9.0
2024-05-03 18:00:00,34091.0,9.0,False,9.0
2024-05-03 19:00:00,34099.0,8.0,False,8.0
2024-05-03 20:00:00,34107.0,8.0,False,8.0
2024-05-03 21:00:00,34116.0,9.0,False,9.0
2024-05-03 22:00:00,34124.0,8.0,False,8.0
2024-05-03 23:00:00,34127.0,3.0,False,3.0
2024-05-04 00:00:00,34130.0,3.0,False,3.0
2024-05-04 01:00:00,34133.0,3.0,False,3.0
2024-05-04 02:00:00,34136.0,3.0,False,3.0
2024-05-04 03:00:00,34138.0,2.0,False,2.0
2024-05-04 04:00:00,34141.0,3.0,False,3.0
2024-05-04 05:00:00,34144.0,3.0,False,3.0
2024-05-04 06:00:00,34147.0,3.0,False,3.0
2024-05-04 07:00:00,34149.0,2.0,False,2.0
2024-05-04 08:00:00,34152.0,3.0,False,3.0
2024-05-04 09:00:00,34156.0,4.0,False,4.0
2024-05-04 10:00:00,34162.0,6.0,False,6.0
2024-05-04 11:00:00,34169.0,7.0,False,7.0
2024-05-04 12:00:00,34176.0,7.0,False,7.0
2024-05-04 13:00:00,34183.0,7.0,False,7.0
2024-05-04 14:00:00,34192.0,9.0,False,9.0
2024-05-04 15:00:00,34202.0,10.0,False,10.0
2024-05-04 16:00:00,34211.0,9.0,False,9.0
2024-05-04 17:00:00,34224.0,13.0,False,13.0
2024-05-04 18:00:00,34237.0,13.0,False,13.0
2024-05-04 19:00:00,34249.0,12.0,False,12.0
2024-05-04 20:00:00,34262.0,13.0,False,13.0
2024-05-04 21:00:00,34272.0,10.0,False,10.0
2024-05-04 22:00:00,34280.0,8.0,False,8.0
2024-05-04 23:00:00,34284.0,4.0,False,4.0
2024-05-05 00:00:00,34287.0,3.0,False,3.0
2024-05-05 01:00:00,34289.0,2.0,False,2.0
2024-05-05 02:00:00,34292.0,3.0,False,3.0
2024-05-05 03:00:00,34295.0,3.0,False,3.0
2024-05-05 04:00:00,34298.0,3.0,False,3.0
2024-05-05 05:00:00,34300.0,2.0,False,2.0
2024-05-05 06:00:00,34303.0,3.0,False,3.0
2024-05-05 07:00:00,34306.0,3.0,False,3.0
2024-05-05 08:00:00,34308.0,2.0,False,2.0
2024-05-05 09:00:00,34312.0,4.0,False,4.0
2024-05-05 10:00:00,34320.0,8.0,False,8.0
2024-05-05 11:00:00,34330.0,10.0,False,10.0
2024-05-05 12:00:00,34340.0,10.0,False,10.0
2024-05-05 13:00:00,34349.0,9.0,False,9.0
2024-05-05 14:00:00,34358.0,9.0,False,9.0
2024-05-05 15:00:00,34367.0,9.0,False,9.0
2024-05-05 16:00:00,34376.0,9.0,False,9.0
2024-05-05 17:00:00,34385.0,9.0,False,9.0
2024-05-05 18:00:00,34395.0,10.0,False,10.0
2024-05-05 19:00:00,34404.0,9.0,False,9.0
2024-05-05 20:00:00,34413.0,9.0,False,9.0
2024-05-05 21:00:00,34422.0,9.0,False,9.0
2024-05-05 22:00:00,34431.0,9.0,False,9.0
2024-05-05 23:00:00,34435.0,4.0,False,4.0
2024-05-06 00:00:00,34437.0,2.0,False,2.0
2024-05-06 01:00:00,34440.0,3.0,False,3.0
2024-05-06 02:00:00,34442.0,2.0,False,2.0
2024-05-06 03:00:00,34445.0,3.0,False,3.0
2024-05-06 04:00:00,34448.0,3.0,False,3.0
2024-05-06 05:00:00,34450.0,2.0,False,2.0
2024-05-06 06:00:00,34453.0,3.0,False,3.0
2024-05-06 07:00:00,34456.0,3.0,False,3.0
2024-05-06 08:00:00,34460.0,4.0,False,4.0
2024-05-06 09:00:00,34467.0,7.0,False,7.0
2024-05-06 10:00:00,34477.0,10.0,False,10.0
2024-05-06 11:00:00,34489.0,12.0,False,12.0
2024-05-06 12:00:00,34500.0,11.0,False,11.0
2024-05-06 13:00:00,34508.0,8.0,False,8.0
2024-05-06 14:00:00,34518.0,10.0,False,10.0
2024-05-06 15:00:00,34531.0,13.0,False,13.0
2024-05-06 16:00:00,34543.0,12.0,False,12.0
2024-05-06 17:00:00,34556.0,13.0,False,13.0
2024-05-06 18:00:00,34570.0,14.0,False,14.0
2024-05-06 19:00:00,34581.0,11.0,False,11.0
2024-05-06 20:00:00,34590.0,9.0,False,9.0
2024-05-06 21:00:00,34601.0,11.0,False,11.0
2024-05-06 22:00:00,34612.0,11.0,False,11.0
2024-05-06 23:00:00,34616.0,4.0,False,4.0
2024-05-07 00:00:00,34618.0,2.0,False,2.0
2024-05-07 01:00:00,34621.0,3.0,False,3.0
2024-05-07 02:00:00,34624.0,3.0,False,3.0
2024-05-07 03:00:00,34626.0,2.0,False,2.0
2024-05-07 04:00:00,34629.0,3.0,False,3.0
2024-05-07 05:00:00,34631.0,2.0,False,2.0
2024-05-07 06:00:00,34634.0,3.0,False,3.0
2024-05-07 07:00:00,34637.0,3.0,False,3.0
2024-05-07 08:00:00,34641.0,4.0,False,4.0
2024-05-07 09:00:00,34652.0,11.0,False,11.0
2024-05-07 10:00:00,34663.0,11.0,False,11.0
2024-05-07 11:00:00,34677.0,14.0,False,14.0
2024-05-07 12:00:00,34690.0,13.0,False,13.0
2024-05-07 13:00:00,34700.0,10.0,False,10.0
2024-05-07 14:00:00,34711.0,11.0,False,11.0
2024-05-07 15:00:00,34724.0,13.0,False,13.0
2024-05-07 16:00:00,34738.0,14.0,False,14.0
2024-05-07 17:00:00,34758.0,20.0,False,20.0
2024-05-07 18:00:00,34779.0,21.0,False,21.0
2024-05-07 19:00:00,34796.0,17.0,False,17.0
2024-05-07 20:00:00,34809.0,13.0,False,13.0
2024-05-07 21:00:00,34822.0,13.0,False,13.0
2024-05-07 22:00:00,34832.0,10.0,False,10.0
2024-05-07 23:00:00,34837.0,5.0,False,5.0
2024-05-08 00:00:00,34839.0,2.0,False,2.0
2024-05-08 01:00:00,34842.0,3.0,False,3.0
2024-05-08 02:00:00,34845.0,3.0,False,3.0
2024-05-08 03:00:00,34848.0,3.0,False,3.0
2024-05-08 04:00:00,34851.0,3.0,False,3.0
2024-05-08 05:00:00,34854.0,3.0,False,3.0
2024-05-08 06:00:00,34856.0,2.0,False,2.0
2024-05-08 07:00:00,34860.0,4.0,False,4.0
2024-05-08 08:00:00,34865.0,5.0,False,5.0
2024-05-08 09:00:00,34875.0,10.0,False,10.0
2024-05-08 10:00:00,34888.0,13.0,False,13.0
2024-05-08 11:00:00,34902.0,14.0,False,14.0
2024-05-08 12:00:00,34915.0,13.0,False,13.0
2024-05-08 13:00:00,34925.0,10.0,False,10.0
2024-05-08 14:00:00,34938.0,13.0,False,13.0
2024-05-08 15:00:00,34959.0,21.0,False,21.0
2024-05-08 16:00:00,34982.0,23.0,False,23.0
2024-05-08 17:00:00,35007.0,25.0,False,25.0
2024-05-08 18:00:00,35026.0,19.0,False,19.0
2024-05-08 19:00:00,35040.0,14.0,False,14.0
2024-05-08 20:00:00,35054.0,14.0,False,14.0
2024-05-08 21:00:00,35066.0,12.0,False,12.0
2024-05-08 22:00:00,35077.0,11.0,False,11.0
2024-05-08 23:00:00,35084.0,7.0,False,7.0
2024-05-09 00:00:00,35086.0,2.0,False,2.0
2024-05-09 01:00:00,35089.0,3.0,False,3.0
2024-05-09 02:00:00,35091.0,2.0,False,2.0
2024-05-09 03:00:00,35094.0,3.0,False,3.0
2024-05-09 04:00:00,35097.0,3.0,False,3.0
2024-05-09 05:00:00,35099.0,2.0,False,2.0
2024-05-09 06:00:00,35102.0,3.0,False,3.0
2024-05-09 07:00:00,35105.0,3.0,False,3.0
2024-05-09 08:00:00,35110.0,5.0,False,5.0
2024-05-09 09:00:00,35120.0,10.0,False,10.0
2024-05-09 10:00:00,35131.0,11.0,False,11.0
2024-05-09 11:00:00,35145.0,14.0,False,14.0
2024-05-09 12:00:00,35160.0,15.0,False,15.0
2024-05-09 13:00:00,35171.0,11.0,False,11.0
2024-05-09 14:00:00,35183.0,12.0,False,12.0
2024-05-09 15:00:00,35206.0,23.0,False,23.0
2024-05-09 16:00:00,35235.0,29.0,True,12.0
2024-05-09 17:00:00,35257.0,22.0,False,22.0
2024-05-09 18:00:00,35277.0,20.0,False,20.0
2024-05-09 19:00:00,35294.0,17.0,False,17.0
2024-05-09 20:00:00,35308.0,14.0,False,14.0
2024-05-09 21:00:00,35322.0,14.0,False,14.0
2024-05-09 22:00:00,35334.0,12.0,False,12.0
2024-05-09 23:00:00,35339.0,5.0,False,5.0
2024-05-10 00:00:00,35341.0,2.0,False,2.0
2024-05-10 01:00:00,35344.0,3.0,False,3.0
2024-05-10 02:00:00,35346.0,2.0,False,2.0
2024-05-10 03:00:00,35349.0,3.0,False,3.0
2024-05-10 04:00:00,35352.0,3.0,False,3.0
2024-05-10 05:00:00,35354.0,2.0,False,2.0
2024-05-10 06:00:00,35357.0,3.0,False,3.0
2024-05-10 07:00:00,35360.0,3.0,False,3.0
2024-05-10 08:00:00,35366.0,6.0,False,6.0
2024-05-10 09:00:00,35376.0,10.0,False,10.0
2024-05-10 10:00:00,35391.0,15.0,False,15.0
2024-05-10 11:00:00,35415.0,24.0,False,24.0
2024-05-10 12:00:00,35437.0,22.0,False,22.0
2024-05-10 13:00:00,35449.0,12.0,False,12.0
2024-05-10 14:00:00,35463.0,14.0,False,14.0
2024-05-10 15:00:00,35483.0,20.0,False,20.0
2024-05-10 16:00:00,35505.0,22.0,False,22.0
2024-05-10 17:00:00,35531.0,26.0,False,26.0
2024-05-10 18:00:00,35556.0,25.0,False,25.0
2024-05-10 19:00:00,35577.0,21.0,False,21.0
2024-05-10 20:00:00,35593.0,16.0,False,16.0
2024-05-10 21:00:00,35605.0,12.0,False,12.0
2024-05-10 22:00:00,35614.0,9.0,False,9.0
2024-05-10 23:00:00,35621.0,7.0,False,7.0
2024-05-11 00:00:00,35624.0,3.0,False,3.0
2024-05-11 01:00:00,35626.0,2.0,False,2.0
2024-05-11 02:00:00,35629.0,3.0,False,3.0
2024-05-11 03:00:00,35632.0,3.0,False,3.0
2024-05-11 04:00:00,35635.0,3.0,False,3.0
2024-05-11 05:00:00,35637.0,2.0,False,2.0
2024-05-11 06:00:00,35640.0,3.0,False,3.0
2024-05-11 07:00:00,35643.0,3.0,False,3.0
2024-05-11 08:00:00,35647.0,4.0,False,4.0
2024-05-11 09:00:00,35652.0,5.0,False,5.0
2024-05-11 10:00:00,35661.0,9.0,False,9.0
2024-05-11 11:00:00,35671.0,10.0,False,10.0
2024-05-11 12:00:00,35684.0,13.0,False,13.0
2024-05-11 13:00:00,35698.0,14.0,False,14.0
2024-05-11 14:00:00,35711.0,13.0,False,13.0
2024-05-11 15:00:00,35726.0,15.0,False,15.0
2024-05-11 16:00:00,35741.0,15.0,False,15.0
2024-05-11 17:00:00,35757.0,16.0,False,16.0
2024-05-11 18:00:00,35774.0,17.0,False,17.0
2024-05-11 19:00:00,35789.0,15.0,False,15.0
2024-05-11 20:00:00,35804.0,15.0,False,15.0
2024-05-11 21:00:00,35817.0,13.0,False,13.0
2024-05-11 22:00:00,35830.0,13.0,False,13.0
2024-05-11 23:00:00,35834.0,4.0,False,4.0
2024-05-12 00:00:00,35837.0,3.0,False,3.0
2024-05-12 01:00:00,35840.0,3.0,False,3.0
2024-05-12 02:00:00,35842.0,2.0,False,2.0
2024-05-12 03:00:00,35845.0,3.0,False,3.0
2024-05-12 04:00:00,35848.0,3.0,False,3.0
2024-05-12 05:00:00,35851.0,3.0,False,3.0
2024-05-12 06:00:00,35853.0,2.0,False,2.0
2024-05-12 07:00:00,35857.0,4.0,False,4.0
2024-05-12 08:00:00,35860.0,3.0,False,3.0
2024-05-12 09:00:00,35864.0,4.0,False,4.0
2024-05-12 10:00:00,35872.0,8.0,False,8.0
2024-05-12 11:00:00,35881.0,9.0,False,9.0
2024-05-12 12:00:00,35891.0,10.0,False,10.0
2024-05-12 13:00:00,35903.0,12.0,False,12.0
2024-05-12 14:00:00,35917.0,14.0,False,14.0
2024-05-12 15:00:00,35933.0,16.0,False,16.0
2024-05-12 16:00:00,35951.0,18.0,False,18.0
2024-05-12 17:00:00,35969.0,18.0,False,18.0
2024-05-12 18:00:00,35985.0,16.0,False,16.0
2024-05-12 19:00:00,36000.0,15.0,False,15.0
2024-05-12 20:00:00,36014.0,14.0,False,14.0
2024-05-12 21:00:00,36026.0,12.0,False,12.0
2024-05-12 22:00:00,36038.0,12.0,False,12.0
2024-05-12 23:00:00,36041.0,3.0,False,3.0
2024-05-13 00:00:00,36044.0,3.0,False,3.0
2024-05-13 01:00:00,36047.0,3.0,False,3.0
2024-05-13 02:00:00,36049.0,2.0,False,2.0
2024-05-13 03:00:00,36052.0,3.0,False,3.0
2024-05-13 04:00:00,36055.0,3.0,False,3.0
2024-05-13 05:00:00,36057.0,2.0,False,2.0
2024-05-13 06:00:00,36060.0,3.0,False,3.0
2024-05-13 07:00:00,36063.0,3.0,False,3.0
2024-05-13 08:00:00,36067.0,4.0,False,4.0
2024-05-13 09:00:00,36074.0,7.0,False,7.0
2024-05-13 10:00:00,36085.0,11.0,False,11.0
2024-05-13 11:00:00,36105.0,20.0,False,20.0
2024-05-13 12:00:00,36125.0,20.0,False,20.0
2024-05-13 13:00:00,36139.0,14.0,False,14.0
2024-05-13 14:00:00,36157.0,18.0,False,18.0
2024-05-13 15:00:00,36179.0,22.0,False,22.0
2024-05-13 16:00:00,36202.0,23.0,False,23.0
2024-05-13 17:00:00,36226.0,24.0,False,24.0
2024-05-13 18:00:00,36249.0,23.0,False,23.0
2024-05-13 19:00:00,36270.0,21.0,False,21.0
2024-05-13 20:00:00,36288.0,18.0,False,18.0
2024-05-13 21:00:00,36305.0,17.0,False,17.0
2024-05-13 22:00:00,36320.0,15.0,False,15.0
2024-05-13 23:00:00,36324.0,4.0,False,4.0
2024-05-14 00:00:00,36327.0,3.0,False,3.0
2024-05-14 01:00:00,36329.0,2.0,False,2.0
2024-05-14 02:00:00,36332.0,3.0,False,3.0
2024-05-14 03:00:00,36334.0,2.0,False,2.0
2024-05-14 04:00:00,36337.0,3.0,False,3.0
2024-05-14 05:00:00,36340.0,3.0,False,3.0
2024-05-14 06:00:00,36343.0,3.0,False,3.0
2024-05-14 07:00:00,36345.0,2.0,False,2.0
2024-05-14 08:00:00,36352.0,7.0,False,7.0
2024-05-14 09:00:00,36370.0,18.0,False,18.0
2024-05-14 10:00:00,36391.0,21.0,False,21.0
2024-05-14 11:00:00,36417.0,26.0,False,26.0
2024-05-14 12:00:00,36442.0,25.0,False,25.0
2024-05-14 13:00:00,36464.0,22.0,False,22.0
2024-05-14 14:00:00,36487.0,23.0,False,23.0
2024-05-14 15:00:00,36512.0,25.0,False,25.0
2024-05-14 16:00:00,36541.0,29.0,False,29.0
2024-05-14 17:00:00,36574.0,33.0,False,33.0
2024-05-14 18:00:00,36609.0,35.0,False,35.0
2024-05-14 19:00:00,36641.0,32.0,False,32.0
2024-05-14 20:00:00,36663.0,22.0,False,22.0
2024-05-14 21:00:00,36680.0,17.0,False,17.0
2024-05-14 22:00:00,36699.0,19.0,False,19.0
2024-05-14 23:00:00,36706.0,7.0,False,7.0
2024-05-15 00:00:00,36708.0,2.0,False,2.0
2024-05-15 01:00:00,36711.0,3.0,False,3.0
2024-05-15 02:00:00,36713.0,2.0,False,2.0
2024-05-15 03:00:00,36716.0,3.0,False,3.0
2024-05-15 04:00:00,36719.0,3.0,False,3.0
2024-05-15 05:00:00,36722.0,3.0,False,3.0
2024-05-15 06:00:00,36724.0,2.0,False,2.0
2024-05-15 07:00:00,36727.0,3.0,False,3.0
2024-05-15 08:00:00,36734.0,7.0,False,7.0
2024-05-15 09:00:00,36752.0,18.0,False,18.0
2024-05-15 10:00:00,36773.0,21.0,False,21.0
2024-05-15 11:00:00,36796.0,23.0,False,23.0
2024-05-15 12:00:00,36822.0,26.0,False,26.0
2024-05-15 13:00:00,36842.0,20.0,False,20.0
2024-05-15 14:00:00,36863.0,21.0,False,21.0
2024-05-15 15:00:00,36887.0,24.0,False,24.0
2024-05-15 16:00:00,36912.0,25.0,False,25.0
2024-05-15 17:00:00,36939.0,27.0,False,27.0
2024-05-15 18:00:00,36967.0,28.0,False,28.0
2024-05-15 19:00:00,36990.0,23.0,False,23.0
2024-05-15 20:00:00,37011.0,21.0,False,21.0
2024-05-15 21:00:00,37032.0,21.0,False,21.0
2024-05-15 22:00:00,37048.0,16.0,False,16.0
2024-05-15 23:00:00,37053.0,5.0,False,5.0
2024-05-16 00:00:00,37055.0,2.0,False,2.0
2024-05-16 01:00:00,37058.0,3.0,False,3.0
2024-05-16 02:00:00,37061.0,3.0,False,3.0
2024-05-16 03:00:00,37063.0,2.0,False,2.0
2024-05-16 04:00:00,37066.0,3.0,False,3.0
2024-05-16 05:00:00,37069.0,3.0,False,3.0
2024-05-16 06:00:00,37071.0,2.0,False,2.0
2024-05-16 07:00:00,37074.0,3.0,False,3.0
2024-05-16 08:00:00,37079.0,5.0,False,5.0
2024-05-16 09:00:00,37094.0,15.0,False,15.0
2024-05-16 10:00:00,37112.0,18.0,False,18.0
2024-05-16 11:00:00,37137.0,25.0,False,25.0
2024-05-16 12:00:00,37164.0,27.0,False,27.0
2024-05-16 13:00:00,37189.0,25.0,False,25.0
2024-05-16 14:00:00,37213.0,24.0,False,24.0
2024-05-16 15:00:00,37239.0,26.0,False,26.0
2024-05-16 16:00:00,37267.0,28.0,False,28.0
2024-05-16 17:00:00,37295.0,28.0,False,28.0
2024-05-16 18:00:00,37320.0,25.0,False,25.0
2024-05-16 19:00:00,37343.0,23.0,False,23.0
2024-05-16 20:00:00,37364.0,21.0,False,21.0
2024-05-16 21:00:00,37389.0,25.0,False,25.0
2024-05-16 22:00:00,37409.0,20.0,False,20.0
2024-05-16 23:00:00,37413.0,4.0,False,4.0
2024-05-17 00:00:00,37416.0,3.0,False,3.0
2024-05-17 01:00:00,37419.0,3.0,False,3.0
2024-05-17 02:00:00,37422.0,3.0,False,3.0
2024-05-17 03:00:00,37425.0,3.0,False,3.0
2024-05-17 04:00:00,37428.0,3.0,False,3.0
2024-05-17 05:00:00,37431.0,3.0,False,3.0
2024-05-17 06:00:00,37433.0,2.0,False,2.0
2024-05-17 07:00:00,37436.0,3.0,False,3.0
2024-05-17 08:00:00,37443.0,7.0,False,7.0
2024-05-17 09:00:00,37464.0,21.0,False,21.0
2024-05-17 10:00:00,37490.0,26.0,False,26.0
2024-05-17 11:00:00,37519.0,29.0,False,29.0
2024-05-17 12:00:00,37550.0,31.0,False,31.0
2024-05-17 13:00:00,37581.0,31.0,False,31.0
2024-05-17 14:00:00,37617.0,36.0,False,36.0
2024-05-17 15:00:00,37653.0,36.0,False,36.0
2024-05-17 16:00:00,37688.0,35.0,False,35.0
2024-05-17 17:00:00,37725.0,37.0,False,37.0
2024-05-17 18:00:00,37756.0,31.0,False,31.0
2024-05-17 19:00:00,37781.0,25.0,False,25.0
2024-05-17 20:00:00,37801.0,20.0,False,20.0
2024-05-17 21:00:00,37821.0,20.0,False,20.0
2024-05-17 22:00:00,37836.0,15.0,False,15.0
2024-05-17 23:00:00,37841.0,5.0,False,5.0
2024-05-18 00:00:00,37843.0,2.0,False,2.0
2024-05-18 01:00:00,37846.0,3.0,False,3.0
2024-05-18 02:00:00,37849.0,3.0,False,3.0
2024-05-18 03:00:00,37851.0,2.0,False,2.0
2024-05-18 04:00:00,37854.0,3.0,False,3.0
2024-05-18 05:00:00,37856.0,2.0,False,2.0
2024-05-18 06:00:00,37859.0,3.0,False,3.0
2024-05-18 07:00:00,37862.0,3.0,False,3.0
2024-05-18 08:00:00,37866.0,4.0,False,4.0
2024-05-18 09:00:00,37876.0,10.0,False,10.0
2024-05-18 10:00:00,37893.0,17.0,False,17.0
2024-05-18 11:00:00,37913.0,20.0,False,20.0
2024-05-18 12:00:00,37934.0,21.0,False,21.0
2024-05-18 13:00:00,37955.0,21.0,False,21.0
2024-05-18 14:00:00,37983.0,28.0,False,28.0
2024-05-18 15:00:00,38011.0,28.0,False,28.0
2024-05-18 16:00:00,38041.0,30.0,False,30.0
2024-05-18 17:00:00,38070.0,29.0,False,29.0
2024-05-18 18:00:00,38099.0,29.0,False,29.0
2024-05-18 19:00:00,38124.0,25.0,False,25.0
2024-05-18 20:00:00,38149.0,25.0,False,25.0
2024-05-18 21:00:00,38172.0,23.0,False,23.0
2024-05-18 22:00:00,38193.0,21.0,False,21.0
2024-05-18 23:00:00,38199.0,6.0,False,6.0
2024-05-19 00:00:00,38202.0,3.0,False,3.0
2024-05-19 01:00:00,38205.0,3.0,False,3.0
2024-05-19 02:00:00,38208.0,3.0,False,3.0
2024-05-19 03:00:00,38211.0,3.0,False,3.0
2024-05-19 04:00:00,38214.0,3.0,False,3.0
2024-05-19 05:00:00,38217.0,3.0,False,3.0
2024-05-19 06:00:00,38220.0,3.0,False,3.0
2024-05-19 07:00:00,38223.0,3.0,False,3.0
2024-05-19 08:00:00,38226.0,3.0,False,3.0
2024-05-19 09:00:00,38238.0,12.0,False,12.0
2024-05-19 10:00:00,38260.0,22.0,False,22.0
2024-05-19 11:00:00,38285.0,25.0,False,25.0
2024-05-19 12:00:00,38307.0,22.0,False,22.0
2024-05-19 13:00:00,38331.0,24.0,False,24.0
2024-05-19 14:00:00,38354.0,23.0,False,23.0
2024-05-19 15:00:00,38380.0,26.0,False,26.0
2024-05-19 16:00:00,38407.0,27.0,False,27.0
2024-05-19 17:00:00,38433.0,26.0,False,26.0
2024-05-19 18:00:00,38457.0,24.0,False,24.0
2024-05-19 19:00:00,38481.0,24.0,False,24.0
2024-05-19 20:00:00,38504.0,23.0,False,23.0
2024-05-19 21:00:00,38527.0,23.0,False,23.0
2024-05-19 22:00:00,38547.0,20.0,False,20.0
2024-05-19 23:00:00,38554.0,7.0,False,7.0
2024-05-20 00:00:00,38557.0,3.0,False,3.0
2024-05-20 01:00:00,38561.0,4.0,False,4.0
2024-05-20 02:00:00,38565.0,4.0,False,4.0
2024-05-20 03:00:00,38569.0,4.0,False,4.0
2024-05-20 04:00:00,38572.0,3.0,False,3.0
2024-05-20 05:00:00,38576.0,4.0,False,4.0
2024-05-20 06:00:00,38580.0,4.0,False,4.0
2024-05-20 07:00:00,38584.0,4.0,False,4.0
2024-05-20 08:00:00,38590.0,6.0,False,6.0
2024-05-20 09:00:00,38613.0,23.0,False,23.0
2024-05-20 10:00:00,38637.0,24.0,False,24.0
2024-05-20 11:00:00,38663.0,26.0,False,26.0
2024-05-20 12:00:00,38688.0,25.0,False,25.0
2024-05-20 13:00:00,38710.0,22.0,False,22.0
2024-05-20 14:00:00,38735.0,25.0,False,25.0
2024-05-20 15:00:00,38759.0,24.0,False,24.0
2024-05-20 16:00:00,38785.0,26.0,False,26.0
2024-05-20 17:00:00,38813.0,28.0,False,28.0
2024-05-20 18:00:00,38839.0,26.0,False,26.0
2024-05-20 19:00:00,38864.0,25.0,False,25.0
2024-05-20 20:00:00,38888.0,24.0,False,24.0
2024-05-20 21:00:00,38911.0,23.0,False,23.0
2024-05-20 22:00:00,38933.0,22.0,False,22.0
2024-05-20 23:00:00,38940.0,7.0,False,7.0
2024-05-21 00:00:00,38943.0,3.0,False,3.0
2024-05-21 01:00:00,38945.0,2.0,False,2.0
2024-05-21 02:00:00,38948.0,3.0,False,3.0
2024-05-21 03:00:00,38951.0,3.0,False,3.0
2024-05-21 04:00:00,38955.0,4.0,False,4.0
2024-05-21 05:00:00,38959.0,4.0,False,4.0
2024-05-21 06:00:00,38962.0,3.0,False,3.0
2024-05-21 07:00:00,38966.0,4.0,False,4.0
2024-05-21 08:00:00,38972.0,6.0,False,6.0
2024-05-21 09:00:00,38984.0,12.0,False,12.0
2024-05-21 10:00:00,39002.0,18.0,False,18.0
2024-05-21 11:00:00,39026.0,24.0,False,24.0
2024-05-21 12:00:00,39050.0,24.0,False,24.0
2024-05-21 13:00:00,39074.0,24.0,False,24.0
2024-05-21 14:00:00,39098.0,24.0,False,24.0
2024-05-21 15:00:00,39126.0,28.0,False,28.0
2024-05-21 16:00:00,39157.0,31.0,False,31.0
2024-05-21 17:00:00,39191.0,34.0,False,34.0
2024-05-21 18:00:00,39224.0,33.0,False,33.0
2024-05-21 19:00:00,39249.0,25.0,False,25.0
2024-05-21 20:00:00,39275.0,26.0,False,26.0
2024-05-21 21:00:00,39301.0,26.0,False,26.0
2024-05-21 22:00:00,39319.0,18.0,False,18.0
2024-05-21 23:00:00,39323.0,4.0,False,4.0
2024-05-22 00:00:00,39326.0,3.0,False,3.0
2024-05-22 01:00:00,39328.0,2.0,False,2.0
2024-05-22 02:00:00,39331.0,3.0,False,3.0
2024-05-22 03:00:00,39334.0,3.0,False,3.0
2024-05-22 04:00:00,39336.0,2.0,False,2.0
2024-05-22 05:00:00,39339.0,3.0,False,3.0
2024-05-22 06:00:00,39342.0,3.0,False,3.0
2024-05-22 07:00:00,39344.0,2.0,False,2.0
2024-05-22 08:00:00,39351.0,7.0,False,7.0
2024-05-22 09:00:00,39371.0,20.0,False,20.0
2024-05-22 10:00:00,39395.0,24.0,False,24.0
2024-05-22 11:00:00,39421.0,26.0,False,26.0
2024-05-22 12:00:00,39448.0,27.0,False,27.0
2024-05-22 13:00:00,39472.0,24.0,False,24.0
2024-05-22 14:00:00,39499.0,27.0,False,27.0
2024-05-22 15:00:00,39528.0,29.0,False,29.0
2024-05-22 16:00:00,39556.0,28.0,False,28.0
2024-05-22 17:00:00,39588.0,32.0,False,32.0
2024-05-22 18:00:00,39618.0,30.0,False,30.0
2024-05-22 19:00:00,39645.0,27.0,False,27.0
2024-05-22 20:00:00,39669.0,24.0,False,24.0
2024-05-22 21:00:00,39696.0,27.0,False,27.0
2024-05-22 22:00:00,39720.0,24.0,False,24.0
2024-05-22 23:00:00,39727.0,7.0,False,7.0
2024-05-23 00:00:00,39729.0,2.0,False,2.0
2024-05-23 01:00:00,39732.0,3.0,False,3.0
2024-05-23 02:00:00,39734.0,2.0,False,2.0
2024-05-23 03:00:00,39737.0,3.0,False,3.0
2024-05-23 04:00:00,39739.0,2.0,False,2.0
2024-05-23 05:00:00,39742.0,3.0,False,3.0
2024-05-23 06:00:00,39745.0,3.0,False,3.0
2024-05-23 07:00:00,39748.0,3.0,False,3.0
2024-05-23 08:00:00,39759.0,11.0,False,11.0
2024-05-23 09:00:00,39782.0,23.0,False,23.0
2024-05-23 10:00:00,39808.0,26.0,False,26.0
2024-05-23 11:00:00,39832.0,24.0,False,24.0
2024-05-23 12:00:00,39862.0,30.0,False,30.0
2024-05-23 13:00:00,39890.0,28.0,False,28.0
2024-05-23 14:00:00,39915.0,25.0,False,25.0
2024-05-23 15:00:00,39943.0,28.0,False,28.0
2024-05-23 16:00:00,39974.0,31.0,False,31.0
2024-05-23 17:00:00,40008.0,34.0,False,34.0
2024-05-23 18:00:00,40037.0,29.0,False,29.0
2024-05-23 19:00:00,40062.0,25.0,False,25.0
2024-05-23 20:00:00,40085.0,23.0,False,23.0
2024-05-23 21:00:00,40107.0,22.0,False,22.0
2024-05-23 22:00:00,40128.0,21.0,False,21.0
2024-05-23 23:00:00,40136.0,8.0,False,8.0
2024-05-24 00:00:00,40138.0,2.0,False,2.0
2024-05-24 01:00:00,40141.0,3.0,False,3.0
2024-05-24 02:00:00,40143.0,2.0,False,2.0
2024-05-24 03:00:00,40146.0,3.0,False,3.0
2024-05-24 04:00:00,40149.0,3.0,False,3.0
2024-05-24 05:00:00,40151.0,2.0,False,2.0
2024-05-24 06:00:00,40154.0,3.0,False,3.0
2024-05-24 07:00:00,40157.0,3.0,False,3.0
2024-05-24 08:00:00,40166.0,9.0,False,9.0
2024-05-24 09:00:00,40197.0,31.0,False,31.0
2024-05-24 10:00:00,40226.0,29.0,False,29.0
2024-05-24 11:00:00,40256.0,30.0,False,30.0
2024-05-24 12:00:00,40291.0,35.0,False,35.0
2024-05-24 13:00:00,40318.0,27.0,False,27.0
2024-05-24 14:00:00,40350.0,32.0,False,32.0
2024-05-24 15:00:00,40383.0,33.0,False,33.0
2024-05-24 16:00:00,40416.0,33.0,False,33.0
2024-05-24 17:00:00,40448.0,32.0,False,32.0
2024-05-24 18:00:00,40478.0,30.0,False,30.0
2024-05-24 19:00:00,40503.0,25.0,False,25.0
2024-05-24 20:00:00,40528.0,25.0,False,25.0
2024-05-24 21:00:00,40555.0,27.0,False,27.0
2024-05-24 22:00:00,40580.0,25.0,False,25.0
2024-05-24 23:00:00,40589.0,9.0,False,9.0
2024-05-25 00:00:00,40592.0,3.0,False,3.0
2024-05-25 01:00:00,40595.0,3.0,False,3.0
2024-05-25 02:00:00,40600.0,5.0,False,5.0
2024-05-25 03:00:00,40605.0,5.0,False,5.0
2024-05-25 04:00:00,40609.0,4.0,False,4.0
2024-05-25 05:00:00,40614.0,5.0,False,5.0
2024-05-25 06:00:00,40618.0,4.0,False,4.0
2024-05-25 07:00:00,40625.0,7.0,False,7.0
2024-05-25 08:00:00,40639.0,14.0,False,14.0
2024-05-25 09:00:00,40661.0,22.0,False,22.0
2024-05-25 10:00:00,40685.0,24.0,False,24.0
2024-05-25 11:00:00,40710.0,25.0,False,25.0
2024-05-25 12:00:00,40737.0,27.0,False,27.0
2024-05-25 13:00:00,40759.0,22.0,False,22.0
2024-05-25 14:00:00,40786.0,27.0,False,27.0
2024-05-25 15:00:00,40814.0,28.0,False,28.0
2024-05-25 16:00:00,40839.0,25.0,False,25.0
2024-05-25 17:00:00,40863.0,24.0,False,24.0
2024-05-25 18:00:00,40891.0,28.0,False,28.0
2024-05-25 19:00:00,40915.0,24.0,False,24.0
2024-05-25 20:00:00,40937.0,22.0,False,22.0
2024-05-25 21:00:00,40950.0,13.0,False,13.0
2024-05-25 22:00:00,40960.0,10.0,False,10.0
2024-05-25 23:00:00,40967.0,7.0,False,7.0
2024-05-26 00:00:00,40970.0,3.0,False,3.0
2024-05-26 01:00:00,40973.0,3.0,False,3.0
2024-05-26 02:00:00,40975.0,2.0,False,2.0
2024-05-26 03:00:00,40978.0,3.0,False,3.0
2024-05-26 04:00:00,40981.0,3.0,False,3.0
2024-05-26 05:00:00,40984.0,3.0,False,3.0
2024-05-26 06:00:00,40987.0,3.0,False,3.0
2024-05-26 07:00:00,40990.0,3.0,False,3.0
2024-05-26 08:00:00,40994.0,4.0,False,4.0
2024-05-26 09:00:00,41008.0,14.0,False,14.0
2024-05-26 10:00:00,41030.0,22.0,False,22.0
2024-05-26 11:00:00,41055.0,25.0,False,25.0
2024-05-26 12:00:00,41080.0,25.0,False,25.0
2024-05-26 13:00:00,41104.0,24.0,False,24.0
2024-05-26 14:00:00,41129.0,25.0,False,25.0
2024-05-26 15:00:00,41154.0,25.0,False,25.0
2024-05-26 16:00:00,41180.0,26.0,False,26.0
2024-05-26 17:00:00,41205.0,25.0,False,25.0
2024-05-26 18:00:00,41227.0,22.0,False,22.0
2024-05-26 19:00:00,41248.0,21.0,False,21.0
2024-05-26 20:00:00,41270.0,22.0,False,22.0
2024-05-26 21:00:00,41293.0,23.0,False,23.0
2024-05-26 22:00:00,41314.0,21.0,False,21.0
2024-05-26 23:00:00,41320.0,6.0,False,6.0
2024-05-27 00:00:00,41322.0,2.0,False,2.0
2024-05-27 01:00:00,41325.0,3.0,False,3.0
2024-05-27 02:00:00,41328.0,3.0,False,3.0
2024-05-27 03:00:00,41330.0,2.0,False,2.0
2024-05-27 04:00:00,41333.0,3.0,False,3.0
2024-05-27 05:00:00,41336.0,3.0,False,3.0
2024-05-27 06:00:00,41339.0,3.0,False,3.0
2024-05-27 07:00:00,41342.0,3.0,False,3.0
2024-05-27 08:00:00,41352.0,10.0,False,10.0
2024-05-27 09:00:00,41375.0,23.0,False,23.0
2024-05-27 10:00:00,41400.0,25.0,False,25.0
2024-05-27 11:00:00,41420.0,20.0,False,20.0
2024-05-27 12:00:00,,,False,27.57
2024-05-27 13:00:00,41466.0,,False,24.43
2024-05-27 14:00:00,41489.0,23.0,False,23.0
2024-05-27 15:00:00,41517.0,28.0,False,28.0
2024-05-27 16:00:00,41545.0,28.0,False,28.0
2024-05-27 17:00:00,41575.0,30.0,False,30.0
2024-05-27 18:00:00,41604.0,29.0,False,29.0
2024-05-27 19:00:00,41631.0,27.0,False,27.0
2024-05-27 20:00:00,41656.0,25.0,False,25.0
2024-05-27 21:00:00,,,False,23.0
2024-05-27 22:00:00,,,False,20.14
2024-05-27 23:00:00,,,False,6.86
2024-05-28 00:00:00,,,False,2.57
2024-05-28 01:00:00,,,False,2.71
2024-05-28 02:00:00,,,False,2.86
2024-05-28 03:00:00,,,False,3.14
2024-05-28 04:00:00,,,False,3.0
2024-05-28 05:00:00,,,False,3.29
2024-05-28 06:00:00,,,False,3.14
2024-05-28 07:00:00,,,False,3.57
2024-05-28 08:00:00,,,False,8.71
2024-05-28 09:00:00,,,False,20.71
2024-05-28 10:00:00,,,False,24.0
2024-05-28 11:00:00,,,False,24.86
2024-05-28 12:00:00,,,False,28.0
2024-05-28 13:00:00,,,False,24.83
2024-05-28 14:00:00,,,False,26.14
2024-05-28 15:00:00,,,False,28.43
2024-05-28 16:00:00,,,False,28.86
2024-05-28 17:00:00,,,False,30.14
2024-05-28 18:00:00,,,False,28.71
2024-05-28 19:00:00,,,False,24.86
2024-05-28 20:00:00,,,False,23.86
2024-05-28 21:00:00,,,False,23.0
2024-05-28 22:00:00,42100.0,,False,19.83
2024-05-28 23:00:00,42105.0,5.0,False,5.0
2024-05-29 00:00:00,42108.0,3.0,False,3.0
2024-05-29 01:00:00,42110.0,2.0,False,2.0
2024-05-29 02:00:00,42113.0,3.0,False,3.0
2024-05-29 03:00:00,42116.0,3.0,False,3.0
2024-05-29 04:00:00,42120.0,4.0,False,4.0
2024-05-29 05:00:00,42123.0,3.0,False,3.0
2024-05-29 06:00:00,42126.0,3.0,False,3.0
2024-05-29 07:00:00,42128.0,2.0,False,2.0
2024-05-29 08:00:00,42133.0,5.0,False,5.0
2024-05-29 09:00:00,42145.0,12.0,False,12.0
2024-05-29 10:00:00,42161.0,16.0,False,16.0
2024-05-29 11:00:00,42177.0,16.0,False,16.0
2024-05-29 12:00:00,42192.0,15.0,False,15.0
2024-05-29 13:00:00,42203.0,11.0,False,11.0
2024-05-29 14:00:00,42216.0,13.0,False,13.0
2024-05-29 15:00:00,42230.0,14.0,False,14.0
2024-05-29 16:00:00,42247.0,17.0,False,17.0
2024-05-29 17:00:00,42263.0,16.0,False,16.0
2024-05-29 18:00:00,42279.0,16.0,False,16.0
2024-05-29 19:00:00,42293.0,14.0,False,14.0
2024-05-29 20:00:00,42307.0,14.0,False,14.0
2024-05-29 21:00:00,42324.0,17.0,False,17.0
2024-05-29 22:00:00,42340.0,16.0,False,16.0
2024-05-29 23:00:00,42345.0,5.0,False,5.0
2024-05-30 00:00:00,42348.0,3.0,False,3.0
2024-05-30 01:00:00,42351.0,3.0,False,3.0
2024-05-30 02:00:00,42354.0,3.0,False,3.0
2024-05-30 03:00:00,42358.0,4.0,False,4.0
2024-05-30 04:00:00,42361.0,3.0,False,3.0
2024-05-30 05:00:00,42364.0,3.0,False,3.0
2024-05-30 06:00:00,42367.0,3.0,False,3.0
2024-05-30 07:00:00,42370.0,3.0,False,3.0
2024-05-30 08:00:00,42375.0,5.0,False,5.0
2024-05-30 09:00:00,42384.0,9.0,False,9.0
2024-05-30 10:00:00,42399.0,15.0,False,15.0
2024-05-30 11:00:00,,,False,23.33
2024-05-30 12:00:00,42434.0,,False,26.4
2024-05-30 13:00:00,42452.0,18.0,False,18.0
2024-05-30 14:00:00,42471.0,19.0,False,19.0
2024-05-30 15:00:00,42493.0,22.0,False,22.0
2024-05-30 16:00:00,,,False,26.67
2024-05-30 17:00:00,42544.0,,False,26.83
2024-05-30 18:00:00,42571.0,27.0,False,27.0
2024-05-30 19:00:00,42593.0,22.0,False,22.0
2024-05-30 20:00:00,42614.0,21.0,False,21.0
2024-05-30 21:00:00,42634.0,20.0,False,20.0
2024-05-30 22:00:00,42651.0,17.0,False,17.0
2024-05-30 23:00:00,42661.0,10.0,False,10.0
2024-05-31 00:00:00,42664.0,3.0,False,3.0
2024-05-31 01:00:00,42666.0,2.0,False,2.0
2024-05-31 02:00:00,42669.0,3.0,False,3.0
2024-05-31 03:00:00,42672.0,3.0,False,3.0
2024-05-31 04:00:00,42675.0,3.0,False,3.0
2024-05-31 05:00:00,42677.0,2.0,False,2.0
2024-05-31 06:00:00,42680.0,3.0,False,3.0
2024-05-31 07:00:00,42683.0,3.0,False,3.0
2024-05-31 08:00:00,42689.0,6.0,False,6.0
2024-05-31 09:00:00,42704.0,15.0,False,15.0
2024-05-31 10:00:00,42724.0,20.0,False,20.0
2024-05-31 11:00:00,42749.0,25.0,False,25.0
2024-05-31 12:00:00,42775.0,26.0,False,26.0
2024-05-31 13:00:00,42799.0,24.0,False,24.0
2024-05-31 14:00:00,,,False,23.17
2024-05-31 15:00:00,42849.0,,False,25.0
2024-05-31 16:00:00,,,False,25.8
2024-05-31 17:00:00,,,False,25.4
2024-05-31 18:00:00,42928.0,,False,25.33
2024-05-31 19:00:00,42951.0,23.0,False,23.0
2024-05-31 20:00:00,42972.0,21.0,False,21.0
2024-05-31 21:00:00,42992.0,20.0,False,20.0
2024-05-31 22:00:00,43011.0,19.0,False,19.0
2024-05-31 23:00:00,43020.0,9.0,False,9.0
2024-06-01 00:00:00,43023.0,3.0,False,3.0
2024-06-01 01:00:00,43026.0,3.0,False,3.0
2024-06-01 02:00:00,43028.0,2.0,False,2.0
2024-06-01 03:00:00,43031.0,3.0,False,3.0
2024-06-01 04:00:00,43034.0,3.0,False,3.0
2024-06-01 05:00:00,43037.0,3.0,False,3.0
2024-06-01 06:00:00,43040.0,3.0,False,3.0
2024-06-01 07:00:00,43043.0,3.0,False,3.0
2024-06-01 08:00:00,43049.0,6.0,False,6.0
2024-06-01 09:00:00,43058.0,9.0,False,9.0
2024-06-01 10:00:00,43074.0,16.0,False,16.0
2024-06-01 11:00:00,43091.0,17.0,False,17.0
2024-06-01 12:00:00,43109.0,18.0,False,18.0
2024-06-01 13:00:00,43126.0,17.0,False,17.0
2024-06-01 14:00:00,43145.0,19.0,False,19.0
2024-06-01 15:00:00,43166.0,21.0,False,21.0
2024-06-01 16:00:00,43186.0,20.0,False,20.0
2024-06-01 17:00:00,43203.0,17.0,False,17.0
2024-06-01 18:00:00,43217.0,14.0,False,14.0
2024-06-01 19:00:00,43230.0,13.0,False,13.0
2024-06-01 20:00:00,43243.0,13.0,False,13.0
2024-06-01 21:00:00,43256.0,13.0,False,13.0
2024-06-01 22:00:00,43269.0,13.0,False,13.0
2024-06-01 23:00:00,43277.0,8.0,False,8.0
2024-06-02 00:00:00,43280.0,3.0,False,3.0
2024-06-02 01:00:00,43283.0,3.0,False,3.0
2024-06-02 02:00:00,,,False,2.67
2024-06-02 03:00:00,43289.0,,False,3.0
2024-06-02 04:00:00,43292.0,3.0,False,3.0
2024-06-02 05:00:00,43295.0,3.0,False,3.0
2024-06-02 06:00:00,43298.0,3.0,False,3.0
2024-06-02 07:00:00,,,False,2.83
2024-06-02 08:00:00,43304.0,,False,6.0
2024-06-02 09:00:00,43312.0,8.0,False,8.0
2024-06-02 10:00:00,43322.0,10.0,False,10.0
2024-06-02 11:00:00,43333.0,11.0,False,11.0
2024-06-02 12:00:00,43345.0,12.0,False,12.0
2024-06-02 13:00:00,43356.0,11.0,False,11.0
2024-06-02 14:00:00,43367.0,11.0,False,11.0
2024-06-02 15:00:00,43380.0,13.0,False,13.0
2024-06-02 16:00:00,43395.0,15.0,False,15.0
2024-06-02 17:00:00,43410.0,15.0,False,15.0
2024-06-02 18:00:00,43424.0,14.0,False,14.0
2024-06-02 19:00:00,43437.0,13.0,False,13.0
2024-06-02 20:00:00,43449.0,12.0,False,12.0
2024-06-02 21:00:00,43459.0,10.0,False,10.0
2024-06-02 22:00:00,43469.0,10.0,False,10.0
2024-06-02 23:00:00,43475.0,6.0,False,6.0
2024-06-03 00:00:00,43478.0,3.0,False,3.0
2024-06-03 01:00:00,43482.0,4.0,False,4.0
2024-06-03 02:00:00,43485.0,3.0,False,3.0
2024-06-03 03:00:00,43488.0,3.0,False,3.0
2024-06-03 04:00:00,43490.0,2.0,False,2.0
2024-06-03 05:00:00,43493.0,3.0,False,3.0
2024-06-03 06:00:00,43496.0,3.0,False,3.0
2024-06-03 07:00:00,43498.0,2.0,False,2.0
2024-06-03 08:00:00,,,False,6.4
2024-06-03 09:00:00,43513.0,,False,12.67
2024-06-03 10:00:00,,,False,17.0
2024-06-03 11:00:00,,,False,17.8
2024-06-03 12:00:00,,,False,17.75
2024-06-03 13:00:00,43567.0,,False,16.2
2024-06-03 14:00:00,43582.0,15.0,False,15.0
2024-06-03 15:00:00,43601.0,19.0,False,19.0
2024-06-03 16:00:00,43625.0,24.0,False,24.0
2024-06-03 17:00:00,43647.0,22.0,False,22.0
2024-06-03 18:00:00,,,False,20.0
2024-06-03 19:00:00,43685.0,,False,18.67
2024-06-03 20:00:00,43703.0,18.0,False,18.0
2024-06-03 21:00:00,43723.0,20.0,False,20.0
2024-06-03 22:00:00,43741.0,18.0,False,18.0
2024-06-03 23:00:00,43749.0,8.0,False,8.0
2024-06-04 00:00:00,43752.0,3.0,False,3.0
2024-06-04 01:00:00,43755.0,3.0,False,3.0
2024-06-04 02:00:00,43757.0,2.0,False,2.0
2024-06-04 03:00:00,43761.0,4.0,False,4.0
2024-06-04 04:00:00,43764.0,3.0,False,3.0
2024-06-04 05:00:00,43767.0,3.0,False,3.0
2024-06-04 06:00:00,43769.0,2.0,False,2.0
2024-06-04 07:00:00,43772.0,3.0,False,3.0
2024-06-04 08:00:00,43776.0,4.0,False,4.0
2024-06-04 09:00:00,43785.0,9.0,False,9.0
2024-06-04 10:00:00,43798.0,13.0,False,13.0
2024-06-04 11:00:00,43811.0,13.0,False,13.0
2024-06-04 12:00:00,43824.0,13.0,False,13.0
2024-06-04 13:00:00,43835.0,11.0,False,11.0
2024-06-04 14:00:00,43845.0,10.0,False,10.0
2024-06-04 15:00:00,43858.0,13.0,False,13.0
2024-06-04 16:00:00,43874.0,16.0,False,16.0
2024-06-04 17:00:00,43893.0,19.0,False,19.0
2024-06-04 18:00:00,43915.0,22.0,False,22.0
2024-06-04 19:00:00,,,False,17.0
2024-06-04 20:00:00,,,False,16.5
2024-06-04 21:00:00,,,False,16.67
2024-06-04 22:00:00,,,False,15.5
2024-06-04 23:00:00,,,False,7.29
2024-06-05 00:00:00,,,False,3.0
2024-06-05 01:00:00,,,False,2.86
2024-06-05 02:00:00,,,False,2.67
2024-06-05 03:00:00,,,False,3.33
2024-06-05 04:00:00,,,False,3.0
2024-06-05 05:00:00,,,False,2.86
2024-06-05 06:00:00,,,False,2.86
2024-06-05 07:00:00,,,False,2.67
2024-06-05 08:00:00,,,False,5.2
2024-06-05 09:00:00,,,False,10.33
2024-06-05 10:00:00,,,False,15.0
2024-06-05 11:00:00,,,False,16.4
2024-06-05 12:00:00,,,False,16.8
2024-06-05 13:00:00,,,False,15.33
2024-06-05 14:00:00,,,False,14.5
2024-06-05 15:00:00,,,False,17.0
2024-06-05 16:00:00,,,False,18.4
2024-06-05 17:00:00,,,False,17.8
2024-06-05 18:00:00,,,False,18.6
2024-06-05 19:00:00,,,False,17.0
2024-06-05 20:00:00,44239.0,,False,16.5
2024-06-05 21:00:00,44259.0,20.0,False,20.0
2024-06-05 22:00:00,44278.0,19.0,False,19.0
2024-06-05 23:00:00,44286.0,8.0,False,8.0
2024-06-06 00:00:00,44289.0,3.0,False,3.0
2024-06-06 01:00:00,44291.0,2.0,False,2.0
2024-06-06 02:00:00,44294.0,3.0,False,3.0
2024-06-06 03:00:00,44297.0,3.0,False,3.0
2024-06-06 04:00:00,44299.0,2.0,False,2.0
2024-06-06 05:00:00,44302.0,3.0,False,3.0
2024-06-06 06:00:00,44305.0,3.0,False,3.0
2024-06-06 07:00:00,44307.0,2.0,False,2.0
2024-06-06 08:00:00,44313.0,6.0,False,6.0
2024-06-06 09:00:00,44326.0,13.0,False,13.0
2024-06-06 10:00:00,44343.0,17.0,False,17.0
2024-06-06 11:00:00,44359.0,16.0,False,16.0
2024-06-06 12:00:00,44375.0,16.0,False,16.0
2024-06-06 13:00:00,44393.0,18.0,False,18.0
2024-06-06 14:00:00,44411.0,18.0,False,18.0
2024-06-06 15:00:00,44431.0,20.0,False,20.0
2024-06-06 16:00:00,44453.0,22.0,False,22.0
2024-06-06 17:00:00,44475.0,22.0,False,22.0
2024-06-06 18:00:00,44495.0,20.0,False,20.0
2024-06-06 19:00:00,44510.0,15.0,False,15.0
2024-06-06 20:00:00,44525.0,15.0,False,15.0
2024-06-06 21:00:00,44540.0,15.0,False,15.0
2024-06-06 22:00:00,44552.0,12.0,False,12.0
2024-06-06 23:00:00,44558.0,6.0,False,6.0
2024-06-07 00:00:00,44561.0,3.0,False,3.0
2024-06-07 01:00:00,44564.0,3.0,False,3.0
2024-06-07 02:00:00,44567.0,3.0,False,3.0
2024-06-07 03:00:00,44570.0,3.0,False,3.0
2024-06-07 04:00:00,44573.0,3.0,False,3.0
2024-06-07 05:00:00,44576.0,3.0,False,3.0
2024-06-07 06:00:00,44579.0,3.0,False,3.0
2024-06-07 07:00:00,44582.0,3.0,False,3.0
2024-06-07 08:00:00,44587.0,5.0,False,5.0
2024-06-07 09:00:00,44604.0,17.0,False,17.0
2024-06-07 10:00:00,44625.0,21.0,False,21.0
2024-06-07 11:00:00,44648.0,23.0,False,23.0
2024-06-07 12:00:00,44674.0,26.0,False,26.0
2024-06-07 13:00:00,44692.0,18.0,False,18.0
2024-06-07 14:00:00,44710.0,18.0,False,18.0
2024-06-07 15:00:00,44729.0,19.0,False,19.0
2024-06-07 16:00:00,44751.0,22.0,False,22.0
2024-06-07 17:00:00,44772.0,21.0,False,21.0
2024-06-07 18:00:00,44791.0,19.0,False,19.0
2024-06-07 19:00:00,44807.0,16.0,False,16.0
2024-06-07 20:00:00,44823.0,16.0,False,16.0
2024-06-07 21:00:00,44838.0,15.0,False,15.0
2024-06-07 22:00:00,44852.0,14.0,False,14.0
2024-06-07 23:00:00,44859.0,7.0,False,7.0
2024-06-08 00:00:00,44861.0,2.0,False,2.0
2024-06-08 01:00:00,44864.0,3.0,False,3.0
2024-06-08 02:00:00,44867.0,3.0,False,3.0
2024-06-08 03:00:00,44869.0,2.0,False,2.0
2024-06-08 04:00:00,44872.0,3.0,False,3.0
2024-06-08 05:00:00,44875.0,3.0,False,3.0
2024-06-08 06:00:00,44878.0,3.0,False,3.0
2024-06-08 07:00:00,44881.0,3.0,False,3.0
2024-06-08 08:00:00,44886.0,5.0,False,5.0
2024-06-08 09:00:00,44898.0,12.0,False,12.0
2024-06-08 10:00:00,44914.0,16.0,False,16.0
2024-06-08 11:00:00,44929.0,15.0,False,15.0
2024-06-08 12:00:00,44944.0,15.0,False,15.0
2024-06-08 13:00:00,44957.0,13.0,False,13.0
2024-06-08 14:00:00,44970.0,13.0,False,13.0
2024-06-08 15:00:00,44984.0,14.0,False,14.0
2024-06-08 16:00:00,45001.0,17.0,False,17.0
2024-06-08 17:00:00,45019.0,18.0,False,18.0
2024-06-08 18:00:00,45033.0,14.0,False,14.0
2024-06-08 19:00:00,45047.0,14.0,False,14.0
2024-06-08 20:00:00,45063.0,16.0,False,16.0
2024-06-08 21:00:00,45079.0,16.0,False,16.0
2024-06-08 22:00:00,45095.0,16.0,False,16.0
2024-06-08 23:00:00,45102.0,7.0,False,7.0
2024-06-09 00:00:00,45105.0,3.0,False,3.0
2024-06-09 01:00:00,45108.0,3.0,False,3.0
2024-06-09 02:00:00,45110.0,2.0,False,2.0
2024-06-09 03:00:00,45113.0,3.0,False,3.0
2024-06-09 04:00:00,45116.0,3.0,False,3.0
2024-06-09 05:00:00,45118.0,2.0,False,2.0
2024-06-09 06:00:00,45121.0,3.0,False,3.0
2024-06-09 07:00:00,45124.0,3.0,False,3.0
2024-06-09 08:00:00,45127.0,3.0,False,3.0
2024-06-09 09:00:00,45137.0,10.0,False,10.0
2024-06-09 10:00:00,45150.0,13.0,False,13.0
2024-06-09 11:00:00,45166.0,16.0,False,16.0
2024-06-09 12:00:00,45183.0,17.0,False,17.0
2024-06-09 13:00:00,45198.0,15.0,False,15.0
2024-06-09 14:00:00,45215.0,17.0,False,17.0
2024-06-09 15:00:00,45235.0,20.0,False,20.0
2024-06-09 16:00:00,45255.0,20.0,False,20.0
2024-06-09 17:00:00,45275.0,20.0,False,20.0
2024-06-09 18:00:00,45292.0,17.0,False,17.0
2024-06-09 19:00:00,45308.0,16.0,False,16.0
2024-06-09 20:00:00,45325.0,17.0,False,17.0
2024-06-09 21:00:00,45341.0,16.0,False,16.0
2024-06-09 22:00:00,45356.0,15.0,False,15.0
2024-06-09 23:00:00,45364.0,8.0,False,8.0
2024-06-10 00:00:00,45366.0,2.0,False,2.0
2024-06-10 01:00:00,45369.0,3.0,False,3.0
2024-06-10 02:00:00,45372.0,3.0,False,3.0
2024-06-10 03:00:00,45374.0,2.0,False,2.0
2024-06-10 04:00:00,45377.0,3.0,False,3.0
2024-06-10 05:00:00,45380.0,3.0,False,3.0
2024-06-10 06:00:00,45382.0,2.0,False,2.0
2024-06-10 07:00:00,45385.0,3.0,False,3.0
2024-06-10 08:00:00,45390.0,5.0,False,5.0
2024-06-10 09:00:00,45399.0,9.0,False,9.0
2024-06-10 10:00:00,45413.0,14.0,False,14.0
2024-06-10 11:00:00,45433.0,20.0,False,20.0
2024-06-10 12:00:00,45453.0,20.0,False,20.0
2024-06-10 13:00:00,45473.0,20.0,False,20.0
2024-06-10 14:00:00,45494.0,21.0,False,21.0
2024-06-10 15:00:00,45517.0,23.0,False,23.0
2024-06-10 16:00:00,45541.0,24.0,False,24.0
2024-06-10 17:00:00,45565.0,24.0,False,24.0
2024-06-10 18:00:00,45585.0,20.0,False,20.0
2024-06-10 19:00:00,45604.0,19.0,False,19.0
2024-06-10 20:00:00,45624.0,20.0,False,20.0
2024-06-10 21:00:00,45643.0,19.0,False,19.0
2024-06-10 22:00:00,45660.0,17.0,False,17.0
2024-06-10 23:00:00,45667.0,7.0,False,7.0
2024-06-11 00:00:00,45670.0,3.0,False,3.0
2024-06-11 01:00:00,45672.0,2.0,False,2.0
2024-06-11 02:00:00,45675.0,3.0,False,3.0
2024-06-11 03:00:00,45678.0,3.0,False,3.0
2024-06-11 04:00:00,45681.0,3.0,False,3.0
2024-06-11 05:00:00,45683.0,2.0,False,2.0
2024-06-11 06:00:00,45686.0,3.0,False,3.0
2024-06-11 07:00:00,45690.0,4.0,False,4.0
2024-06-11 08:00:00,45696.0,6.0,False,6.0
2024-06-11 09:00:00,45715.0,19.0,False,19.0
2024-06-11 10:00:00,45739.0,24.0,False,24.0
2024-06-11 11:00:00,45761.0,22.0,False,22.0
2024-06-11 12:00:00,45784.0,23.0,False,23.0
2024-06-11 13:00:00,45812.0,28.0,False,28.0
2024-06-11 14:00:00,45840.0,28.0,False,28.0
2024-06-11 15:00:00,45871.0,31.0,False,31.0
2024-06-11 16:00:00,45903.0,32.0,False,32.0
2024-06-11 17:00:00,,,False,20.67
2024-06-11 18:00:00,,,False,18.67
2024-06-11 19:00:00,,,False,16.0
2024-06-11 20:00:00,,,False,16.8
2024-06-11 21:00:00,46049.0,,False,16.83
2024-06-11 22:00:00,46069.0,20.0,False,20.0
2024-06-11 23:00:00,46077.0,8.0,False,8.0
2024-06-12 00:00:00,46080.0,3.0,False,3.0
2024-06-12 01:00:00,46083.0,3.0,False,3.0
2024-06-12 02:00:00,46085.0,2.0,False,2.0
2024-06-12 03:00:00,46088.0,3.0,False,3.0
2024-06-12 04:00:00,46091.0,3.0,False,3.0
2024-06-12 05:00:00,46093.0,2.0,False,2.0
2024-06-12 06:00:00,46096.0,3.0,False,3.0
2024-06-12 07:00:00,46099.0,3.0,False,3.0
2024-06-12 08:00:00,46109.0,10.0,False,10.0
2024-06-12 09:00:00,46138.0,29.0,False,29.0
2024-06-12 10:00:00,46167.0,29.0,False,29.0
2024-06-12 11:00:00,,,False,18.67
2024-06-12 12:00:00,46228.0,,False,19.5
2024-06-12 13:00:00,46252.0,24.0,False,24.0
2024-06-12 14:00:00,46281.0,29.0,False,29.0
2024-06-12 15:00:00,46316.0,35.0,False,35.0
2024-06-12 16:00:00,46354.0,38.0,False,38.0
2024-06-12 17:00:00,46391.0,37.0,False,37.0
2024-06-12 18:00:00,46424.0,33.0,False,33.0
2024-06-12 19:00:00,46452.0,28.0,False,28.0
2024-06-12 20:00:00,46475.0,23.0,False,23.0
2024-06-12 21:00:00,46501.0,26.0,False,26.0
2024-06-12 22:00:00,46524.0,23.0,False,23.0
2024-06-12 23:00:00,46534.0,10.0,False,10.0
2024-06-13 00:00:00,46537.0,3.0,False,3.0
2024-06-13 01:00:00,46541.0,4.0,False,4.0
2024-06-13 02:00:00,46544.0,3.0,False,3.0
2024-06-13 03:00:00,46548.0,4.0,False,4.0
2024-06-13 04:00:00,46551.0,3.0,False,3.0
2024-06-13 05:00:00,46554.0,3.0,False,3.0
2024-06-13 06:00:00,46558.0,4.0,False,4.0
2024-06-13 07:00:00,46561.0,3.0,False,3.0
2024-06-13 08:00:00,46572.0,11.0,False,11.0
2024-06-13 09:00:00,46605.0,33.0,False,33.0
2024-06-13 10:00:00,46638.0,33.0,False,33.0
2024-06-13 11:00:00,46672.0,34.0,False,34.0
2024-06-13 12:00:00,46709.0,37.0,False,37.0
2024-06-13 13:00:00,46738.0,29.0,False,29.0
2024-06-13 14:00:00,,,False,20.57
2024-06-13 15:00:00,,,False,23.14
2024-06-13 16:00:00,,,False,25.0
2024-06-13 17:00:00,46892.0,,False,23.67
2024-06-13 18:00:00,46927.0,35.0,False,35.0
2024-06-13 19:00:00,46958.0,31.0,False,31.0
2024-06-13 20:00:00,46986.0,28.0,False,28.0
2024-06-13 21:00:00,47014.0,28.0,False,28.0
2024-06-13 22:00:00,47040.0,26.0,False,26.0
2024-06-13 23:00:00,47050.0,10.0,False,10.0
2024-06-14 00:00:00,47054.0,4.0,False,4.0
2024-06-14 01:00:00,47056.0,2.0,False,2.0
2024-06-14 02:00:00,47059.0,3.0,False,3.0
2024-06-14 03:00:00,47062.0,3.0,False,3.0
2024-06-14 04:00:00,47065.0,3.0,False,3.0
2024-06-14 05:00:00,47068.0,3.0,False,3.0
2024-06-14 06:00:00,47071.0,3.0,False,3.0
2024-06-14 07:00:00,47074.0,3.0,False,3.0
2024-06-14 08:00:00,47080.0,6.0,False,6.0
2024-06-14 09:00:00,47098.0,18.0,False,18.0
2024-06-14 10:00:00,47132.0,34.0,False,34.0
2024-06-14 11:00:00,47168.0,36.0,False,36.0
2024-06-14 12:00:00,47203.0,35.0,False,35.0
2024-06-14 13:00:00,47229.0,26.0,False,26.0
2024-06-14 14:00:00,47257.0,28.0,False,28.0
2024-06-14 15:00:00,47287.0,30.0,False,30.0
2024-06-14 16:00:00,47321.0,34.0,False,34.0
2024-06-14 17:00:00,47354.0,33.0,False,33.0
2024-06-14 18:00:00,47364.0,10.0,False,10.0
2024-06-14 19:00:00,47374.0,10.0,False,10.0
2024-06-14 20:00:00,47376.0,2.0,False,2.0
2024-06-14 21:00:00,47379.0,3.0,False,3.0
2024-06-14 22:00:00,47382.0,3.0,False,3.0
2024-06-14 23:00:00,47384.0,2.0,False,2.0
2024-06-15 00:00:00,47387.0,3.0,False,3.0
2024-06-15 01:00:00,47389.0,2.0,False,2.0
2024-06-15 02:00:00,47392.0,3.0,False,3.0
2024-06-15 03:00:00,47395.0,3.0,False,3.0
2024-06-15 04:00:00,47397.0,2.0,False,2.0
2024-06-15 05:00:00,47400.0,3.0,False,3.0
2024-06-15 06:00:00,47403.0,3.0,False,3.0
2024-06-15 07:00:00,47405.0,2.0,False,2.0
2024-06-15 08:00:00,47408.0,3.0,False,3.0
2024-06-15 09:00:00,47411.0,3.0,False,3.0
2024-06-15 10:00:00,47414.0,3.0,False,3.0
2024-06-15 11:00:00,47417.0,3.0,False,3.0
2024-06-15 12:00:00,47420.0,3.0,False,3.0
2024-06-15 13:00:00,47422.0,2.0,False,2.0
2024-06-15 14:00:00,47436.0,14.0,False,14.0
2024-06-15 15:00:00,47477.0,41.0,False,41.0
2024-06-15 16:00:00,47523.0,46.0,False,46.0
2024-06-15 17:00:00,47564.0,41.0,False,41.0
2024-06-15 18:00:00,47599.0,35.0,False,35.0
2024-06-15 19:00:00,47625.0,26.0,False,26.0
2024-06-15 20:00:00,47654.0,29.0,False,29.0
2024-06-15 21:00:00,47685.0,31.0,False,31.0
2024-06-15 22:00:00,47712.0,27.0,False,27.0
2024-06-15 23:00:00,47722.0,10.0,False,10.0
2024-06-16 00:00:00,47725.0,3.0,False,3.0
2024-06-16 01:00:00,47728.0,3.0,False,3.0
2024-06-16 02:00:00,47731.0,3.0,False,3.0
2024-06-16 03:00:00,47734.0,3.0,False,3.0
2024-06-16 04:00:00,47737.0,3.0,False,3.0
2024-06-16 05:00:00,47740.0,3.0,False,3.0
2024-06-16 06:00:00,47742.0,2.0,False,2.0
2024-06-16 07:00:00,47745.0,3.0,False,3.0
2024-06-16 08:00:00,47750.0,5.0,False,5.0
2024-06-16 09:00:00,47778.0,28.0,False,28.0
2024-06-16 10:00:00,47813.0,35.0,False,35.0
2024-06-16 11:00:00,47847.0,34.0,False,34.0
2024-06-16 12:00:00,47875.0,28.0,False,28.0
2024-06-16 13:00:00,47901.0,26.0,False,26.0
2024-06-16 14:00:00,47927.0,26.0,False,26.0
2024-06-16 15:00:00,47952.0,25.0,False,25.0
2024-06-16 16:00:00,47976.0,24.0,False,24.0
2024-06-16 17:00:00,48000.0,24.0,False,24.0
2024-06-16 18:00:00,48020.0,20.0,False,20.0
2024-06-16 19:00:00,48041.0,21.0,False,21.0
2024-06-16 20:00:00,48061.0,20.0,False,20.0
2024-06-16 21:00:00,48080.0,19.0,False,19.0
2024-06-16 22:00:00,48099.0,19.0,False,19.0
2024-06-16 23:00:00,48109.0,10.0,False,10.0
2024-06-17 00:00:00,48112.0,3.0,False,3.0
2024-06-17 01:00:00,48116.0,4.0,False,4.0
2024-06-17 02:00:00,48119.0,3.0,False,3.0
2024-06-17 03:00:00,48122.0,3.0,False,3.0
2024-06-17 04:00:00,48126.0,4.0,False,4.0
2024-06-17 05:00:00,48129.0,3.0,False,3.0
2024-06-17 06:00:00,48132.0,3.0,False,3.0
2024-06-17 07:00:00,48136.0,4.0,False,4.0
2024-06-17 08:00:00,48141.0,5.0,False,5.0
2024-06-17 09:00:00,48155.0,14.0,False,14.0
2024-06-17 10:00:00,48178.0,23.0,False,23.0
2024-06-17 11:00:00,48208.0,30.0,False,30.0
2024-06-17 12:00:00,48235.0,27.0,False,27.0
2024-06-17 13:00:00,48251.0,16.0,False,16.0
2024-06-17 14:00:00,48268.0,17.0,False,17.0
2024-06-17 15:00:00,48294.0,26.0,False,26.0
2024-06-17 16:00:00,48327.0,33.0,False,33.0
2024-06-17 17:00:00,48360.0,33.0,False,33.0
2024-06-17 18:00:00,48392.0,32.0,False,32.0
2024-06-17 19:00:00,48419.0,27.0,False,27.0
2024-06-17 20:00:00,48443.0,24.0,False,24.0
2024-06-17 21:00:00,48466.0,23.0,False,23.0
2024-06-17 22:00:00,48490.0,24.0,False,24.0
2024-06-17 23:00:00,48500.0,10.0,False,10.0
2024-06-18 00:00:00,48503.0,3.0,False,3.0
2024-06-18 01:00:00,48505.0,2.0,False,2.0
2024-06-18 02:00:00,48508.0,3.0,False,3.0
2024-06-18 03:00:00,48511.0,3.0,False,3.0
2024-06-18 04:00:00,48513.0,2.0,False,2.0
2024-06-18 05:00:00,48516.0,3.0,False,3.0
2024-06-18 06:00:00,48519.0,3.0,False,3.0
2024-06-18 07:00:00,48522.0,3.0,False,3.0
2024-06-18 08:00:00,48528.0,6.0,False,6.0
2024-06-18 09:00:00,48550.0,22.0,False,22.0
2024-06-18 10:00:00,48576.0,26.0,False,26.0
2024-06-18 11:00:00,48606.0,30.0,False,30.0
2024-06-18 12:00:00,48635.0,29.0,False,29.0
2024-06-18 13:00:00,48663.0,28.0,False,28.0
2024-06-18 14:00:00,48693.0,30.0,False,30.0
2024-06-18 15:00:00,48724.0,31.0,False,31.0
2024-06-18 16:00:00,48755.0,31.0,False,31.0
2024-06-18 17:00:00,48788.0,33.0,False,33.0
2024-06-18 18:00:00,48817.0,29.0,False,29.0
2024-06-18 19:00:00,48844.0,27.0,False,27.0
2024-06-18 20:00:00,48871.0,27.0,False,27.0
2024-06-18 21:00:00,48896.0,25.0,False,25.0
2024-06-18 22:00:00,48917.0,21.0,False,21.0
2024-06-18 23:00:00,48925.0,8.0,False,8.0
2024-06-19 00:00:00,48928.0,3.0,False,3.0
2024-06-19 01:00:00,48930.0,2.0,False,2.0
2024-06-19 02:00:00,48933.0,3.0,False,3.0
2024-06-19 03:00:00,48936.0,3.0,False,3.0
2024-06-19 04:00:00,48939.0,3.0,False,3.0
2024-06-19 05:00:00,48942.0,3.0,False,3.0
2024-06-19 06:00:00,48944.0,2.0,False,2.0
2024-06-19 07:00:00,48948.0,4.0,False,4.0
2024-06-19 08:00:00,48955.0,7.0,False,7.0
2024-06-19 09:00:00,48969.0,14.0,False,14.0
2024-06-19 10:00:00,48991.0,22.0,False,22.0
2024-06-19 11:00:00,49017.0,26.0,False,26.0
2024-06-19 12:00:00,49043.0,26.0,False,26.0
2024-06-19 13:00:00,49068.0,25.0,False,25.0
2024-06-19 14:00:00,49094.0,26.0,False,26.0
2024-06-19 15:00:00,49125.0,31.0,False,31.0
2024-06-19 16:00:00,49154.0,29.0,False,29.0
2024-06-19 17:00:00,49186.0,32.0,False,32.0
2024-06-19 18:00:00,49217.0,31.0,False,31.0
2024-06-19 19:00:00,49244.0,27.0,False,27.0
2024-06-19 20:00:00,49271.0,27.0,False,27.0
2024-06-19 21:00:00,49299.0,28.0,False,28.0
2024-06-19 22:00:00,49326.0,27.0,False,27.0
2024-06-19 23:00:00,49335.0,9.0,False,9.0
2024-06-20 00:00:00,49339.0,4.0,False,4.0
2024-06-20 01:00:00,49343.0,4.0,False,4.0
2024-06-20 02:00:00,49347.0,4.0,False,4.0
2024-06-20 03:00:00,49351.0,4.0,False,4.0
2024-06-20 04:00:00,49355.0,4.0,False,4.0
2024-06-20 05:00:00,49359.0,4.0,False,4.0
2024-06-20 06:00:00,49363.0,4.0,False,4.0
2024-06-20 07:00:00,49368.0,5.0,False,5.0
2024-06-20 08:00:00,49379.0,11.0,False,11.0
2024-06-20 09:00:00,49397.0,18.0,False,18.0
2024-06-20 10:00:00,49419.0,22.0,False,22.0
2024-06-20 11:00:00,49443.0,24.0,False,24.0
2024-06-20 12:00:00,49465.0,22.0,False,22.0
2024-06-20 13:00:00,49489.0,24.0,False,24.0
2024-06-20 14:00:00,49515.0,26.0,False,26.0
2024-06-20 15:00:00,49547.0,32.0,False,32.0
2024-06-20 16:00:00,49580.0,33.0,False,33.0
2024-06-20 17:00:00,49612.0,32.0,False,32.0
2024-06-20 18:00:00,49642.0,30.0,False,30.0
2024-06-20 19:00:00,49667.0,25.0,False,25.0
2024-06-20 20:00:00,49692.0,25.0,False,25.0
2024-06-20 21:00:00,49716.0,24.0,False,24.0
2024-06-20 22:00:00,49740.0,24.0,False,24.0
2024-06-20 23:00:00,49748.0,8.0,False,8.0
2024-06-21 00:00:00,49751.0,3.0,False,3.0
2024-06-21 01:00:00,49755.0,4.0,False,4.0
2024-06-21 02:00:00,49758.0,3.0,False,3.0
2024-06-21 03:00:00,49762.0,4.0,False,4.0
2024-06-21 04:00:00,49766.0,4.0,False,4.0
2024-06-21 05:00:00,49769.0,3.0,False,3.0
2024-06-21 06:00:00,49773.0,4.0,False,4.0
2024-06-21 07:00:00,49776.0,3.0,False,3.0
2024-06-21 08:00:00,49781.0,5.0,False,5.0
2024-06-21 09:00:00,49794.0,13.0,False,13.0
2024-06-21 10:00:00,49814.0,20.0,False,20.0
2024-06-21 11:00:00,49840.0,26.0,False,26.0
2024-06-21 12:00:00,49866.0,26.0,False,26.0
2024-06-21 13:00:00,49888.0,22.0,False,22.0
2024-06-21 14:00:00,49909.0,21.0,False,21.0
2024-06-21 15:00:00,49936.0,27.0,False,27.0
2024-06-21 16:00:00,49963.0,27.0,False,27.0
2024-06-21 17:00:00,49991.0,28.0,False,28.0
2024-06-21 18:00:00,50015.0,24.0,False,24.0
2024-06-21 19:00:00,50039.0,24.0,False,24.0
2024-06-21 20:00:00,50062.0,23.0,False,23.0
2024-06-21 21:00:00,50084.0,22.0,False,22.0
2024-06-21 22:00:00,50105.0,21.0,False,21.0
2024-06-21 23:00:00,50112.0,7.0,False,7.0
2024-06-22 00:00:00,50115.0,3.0,False,3.0
2024-06-22 01:00:00,50119.0,4.0,False,4.0
2024-06-22 02:00:00,50122.0,3.0,False,3.0
2024-06-22 03:00:00,50125.0,3.0,False,3.0
2024-06-22 04:00:00,50128.0,3.0,False,3.0
2024-06-22 05:00:00,50132.0,4.0,False,4.0
2024-06-22 06:00:00,50136.0,4.0,False,4.0
2024-06-22 07:00:00,50141.0,5.0,False,5.0
2024-06-22 08:00:00,50150.0,9.0,False,9.0
2024-06-22 09:00:00,50166.0,16.0,False,16.0
2024-06-22 10:00:00,50187.0,21.0,False,21.0
2024-06-22 11:00:00,50208.0,21.0,False,21.0
2024-06-22 12:00:00,50231.0,23.0,False,23.0
2024-06-22 13:00:00,50253.0,22.0,False,22.0
2024-06-22 14:00:00,50279.0,26.0,False,26.0
2024-06-22 15:00:00,50306.0,27.0,False,27.0
2024-06-22 16:00:00,50333.0,27.0,False,27.0
2024-06-22 17:00:00,50361.0,28.0,False,28.0
2024-06-22 18:00:00,50388.0,27.0,False,27.0
2024-06-22 19:00:00,50413.0,25.0,False,25.0
2024-06-22 20:00:00,50436.0,23.0,False,23.0
2024-06-22 21:00:00,50458.0,22.0,False,22.0
2024-06-22 22:00:00,50479.0,21.0,False,21.0
2024-06-22 23:00:00,50485.0,6.0,False,6.0
2024-06-23 00:00:00,50489.0,4.0,False,4.0
2024-06-23 01:00:00,50493.0,4.0,False,4.0
2024-06-23 02:00:00,50496.0,3.0,False,3.0
2024-06-23 03:00:00,50500.0,4.0,False,4.0
2024-06-23 04:00:00,50504.0,4.0,False,4.0
2024-06-23 05:00:00,50508.0,4.0,False,4.0
2024-06-23 06:00:00,50512.0,4.0,False,4.0
2024-06-23 07:00:00,50515.0,3.0,False,3.0
2024-06-23 08:00:00,50520.0,5.0,False,5.0
2024-06-23 09:00:00,50531.0,11.0,False,11.0
2024-06-23 10:00:00,50554.0,23.0,False,23.0
2024-06-23 11:00:00,50581.0,27.0,False,27.0
2024-06-23 12:00:00,50607.0,26.0,False,26.0
2024-06-23 13:00:00,50633.0,26.0,False,26.0
2024-06-23 14:00:00,50662.0,29.0,False,29.0
2024-06-23 15:00:00,50691.0,29.0,False,29.0
2024-06-23 16:00:00,50721.0,30.0,False,30.0
2024-06-23 17:00:00,50752.0,31.0,False,31.0
2024-06-23 18:00:00,50781.0,29.0,False,29.0
2024-06-23 19:00:00,50808.0,27.0,False,27.0
2024-06-23 20:00:00,50834.0,26.0,False,26.0
2024-06-23 21:00:00,50859.0,25.0,False,25.0
2024-06-23 22:00:00,50883.0,24.0,False,24.0
2024-06-23 23:00:00,50891.0,8.0,False,8.0
2024-06-24 00:00:00,50895.0,4.0,False,4.0
2024-06-24 01:00:00,50899.0,4.0,False,4.0
2024-06-24 02:00:00,50904.0,5.0,False,5.0
2024-06-24 03:00:00,50908.0,4.0,False,4.0
2024-06-24 04:00:00,50912.0,4.0,False,4.0
2024-06-24 05:00:00,50916.0,4.0,False,4.0
2024-06-24 06:00:00,50920.0,4.0,False,4.0
2024-06-24 07:00:00,50924.0,4.0,False,4.0
2024-06-24 08:00:00,50934.0,10.0,False,10.0
2024-06-24 09:00:00,50945.0,11.0,False,11.0
2024-06-24 10:00:00,50967.0,22.0,False,22.0
2024-06-24 11:00:00,50994.0,27.0,False,27.0
2024-06-24 12:00:00,51022.0,28.0,False,28.0
2024-06-24 13:00:00,51050.0,28.0,False,28.0
2024-06-24 14:00:00,51080.0,30.0,False,30.0
2024-06-24 15:00:00,51110.0,30.0,False,30.0
2024-06-24 16:00:00,51140.0,30.0,False,30.0
2024-06-24 17:00:00,51170.0,30.0,False,30.0
2024-06-24 18:00:00,51199.0,29.0,False,29.0
2024-06-24 19:00:00,51227.0,28.0,False,28.0
2024-06-24 20:00:00,51254.0,27.0,False,27.0
2024-06-24 21:00:00,51281.0,27.0,False,27.0
2024-06-24 22:00:00,51306.0,25.0,False,25.0
2024-06-24 23:00:00,51317.0,11.0,False,11.0
2024-06-25 00:00:00,51321.0,4.0,False,4.0
2024-06-25 01:00:00,51325.0,4.0,False,4.0
2024-06-25 02:00:00,51328.0,3.0,False,3.0
2024-06-25 03:00:00,51332.0,4.0,False,4.0
2024-06-25 04:00:00,51336.0,4.0,False,4.0
2024-06-25 05:00:00,51340.0,4.0,False,4.0
2024-06-25 06:00:00,51344.0,4.0,False,4.0
2024-06-25 07:00:00,51348.0,4.0,False,4.0
2024-06-25 08:00:00,51356.0,8.0,False,8.0
2024-06-25 09:00:00,51372.0,16.0,False,16.0
2024-06-25 10:00:00,51396.0,24.0,False,24.0
2024-06-25 11:00:00,51421.0,25.0,False,25.0
2024-06-25 12:00:00,51445.0,24.0,False,24.0
2024-06-25 13:00:00,51471.0,26.0,False,26.0
2024-06-25 14:00:00,51498.0,27.0,False,27.0
2024-06-25 15:00:00,51526.0,28.0,False,28.0
2024-06-25 16:00:00,51559.0,33.0,False,33.0
2024-06-25 17:00:00,51592.0,33.0,False,33.0
2024-06-25 18:00:00,51623.0,31.0,False,31.0
2024-06-25 19:00:00,51653.0,30.0,False,30.0
2024-06-25 20:00:00,51682.0,29.0,False,29.0
2024-06-25 21:00:00,51710.0,28.0,False,28.0
2024-06-25 22:00:00,51737.0,27.0,False,27.0
2024-06-25 23:00:00,51746.0,9.0,False,9.0
2024-06-26 00:00:00,51749.0,3.0,False,3.0
2024-06-26 01:00:00,51753.0,4.0,False,4.0
2024-06-26 02:00:00,51756.0,3.0,False,3.0
2024-06-26 03:00:00,51760.0,4.0,False,4.0
2024-06-26 04:00:00,51763.0,3.0,False,3.0
2024-06-26 05:00:00,51767.0,4.0,False,4.0
2024-06-26 06:00:00,51770.0,3.0,False,3.0
2024-06-26 07:00:00,51774.0,4.0,False,4.0
2024-06-26 08:00:00,51779.0,5.0,False,5.0
2024-06-26 09:00:00,51803.0,24.0,False,24.0
2024-06-26 10:00:00,51828.0,25.0,False,25.0
2024-06-26 11:00:00,51861.0,33.0,False,33.0
2024-06-26 12:00:00,51893.0,32.0,False,32.0
2024-06-26 13:00:00,51923.0,30.0,False,30.0
2024-06-26 14:00:00,51953.0,30.0,False,30.0
2024-06-26 15:00:00,51990.0,37.0,False,37.0
2024-06-26 16:00:00,52031.0,41.0,False,41.0
2024-06-26 17:00:00,52069.0,38.0,False,38.0
2024-06-26 18:00:00,52100.0,31.0,False,31.0
2024-06-26 19:00:00,52130.0,30.0,False,30.0
2024-06-26 20:00:00,52159.0,29.0,False,29.0
2024-06-26 21:00:00,52187.0,28.0,False,28.0
2024-06-26 22:00:00,52214.0,27.0,False,27.0
2024-06-26 23:00:00,52223.0,9.0,False,9.0
2024-06-27 00:00:00,52227.0,4.0,False,4.0
2024-06-27 01:00:00,52230.0,3.0,False,3.0
2024-06-27 02:00:00,52233.0,3.0,False,3.0
2024-06-27 03:00:00,52237.0,4.0,False,4.0
2024-06-27 04:00:00,52241.0,4.0,False,4.0
2024-06-27 05:00:00,52244.0,3.0,False,3.0
2024-06-27 06:00:00,52248.0,4.0,False,4.0
2024-06-27 07:00:00,52251.0,3.0,False,3.0
2024-06-27 08:00:00,52257.0,6.0,False,6.0
2024-06-27 09:00:00,52272.0,15.0,False,15.0
2024-06-27 10:00:00,52296.0,24.0,False,24.0
2024-06-27 11:00:00,52324.0,28.0,False,28.0
2024-06-27 12:00:00,52349.0,25.0,False,25.0
2024-06-27 13:00:00,52375.0,26.0,False,26.0
2024-06-27 14:00:00,52402.0,27.0,False,27.0
2024-06-27 15:00:00,52434.0,32.0,False,32.0
2024-06-27 16:00:00,52470.0,36.0,False,36.0
2024-06-27 17:00:00,52510.0,40.0,False,40.0
2024-06-27 18:00:00,52545.0,35.0,False,35.0
2024-06-27 19:00:00,52577.0,32.0,False,32.0
2024-06-27 20:00:00,52608.0,31.0,False,31.0
2024-06-27 21:00:00,52637.0,29.0,False,29.0
2024-06-27 22:00:00,52665.0,28.0,False,28.0
2024-06-27 23:00:00,52675.0,10.0,False,10.0
2024-06-28 00:00:00,52679.0,4.0,False,4.0
2024-06-28 01:00:00,52683.0,4.0,False,4.0
2024-06-28 02:00:00,52687.0,4.0,False,4.0
2024-06-28 03:00:00,52690.0,3.0,False,3.0
2024-06-28 04:00:00,52694.0,4.0,False,4.0
2024-06-28 05:00:00,52698.0,4.0,False,4.0
2024-06-28 06:00:00,52702.0,4.0,False,4.0
2024-06-28 07:00:00,52705.0,3.0,False,3.0
2024-06-28 08:00:00,52709.0,4.0,False,4.0
2024-06-28 09:00:00,52730.0,21.0,False,21.0
2024-06-28 10:00:00,52761.0,31.0,False,31.0
2024-06-28 11:00:00,52790.0,29.0,False,29.0
2024-06-28 12:00:00,52819.0,29.0,False,29.0
2024-06-28 13:00:00,52854.0,35.0,False,35.0
2024-06-28 14:00:00,52890.0,36.0,False,36.0
2024-06-28 15:00:00,52924.0,34.0,False,34.0
2024-06-28 16:00:00,52959.0,35.0,False,35.0
2024-06-28 17:00:00,52994.0,35.0,False,35.0
2024-06-28 18:00:00,53027.0,33.0,False,33.0
2024-06-28 19:00:00,53055.0,28.0,False,28.0
2024-06-28 20:00:00,53081.0,26.0,False,26.0
2024-06-28 21:00:00,53109.0,28.0,False,28.0
2024-06-28 22:00:00,53135.0,26.0,False,26.0
2024-06-28 23:00:00,53142.0,7.0,False,7.0
2024-06-29 00:00:00,53145.0,3.0,False,3.0
2024-06-29 01:00:00,53149.0,4.0,False,4.0
2024-06-29 02:00:00,53152.0,3.0,False,3.0
2024-06-29 03:00:00,53155.0,3.0,False,3.0
2024-06-29 04:00:00,53159.0,4.0,False,4.0
2024-06-29 05:00:00,53162.0,3.0,False,3.0
2024-06-29 06:00:00,53166.0,4.0,False,4.0
2024-06-29 07:00:00,53169.0,3.0,False,3.0
2024-06-29 08:00:00,53174.0,5.0,False,5.0
2024-06-29 09:00:00,53196.0,22.0,False,22.0
2024-06-29 10:00:00,53226.0,30.0,False,30.0
2024-06-29 11:00:00,53257.0,31.0,False,31.0
2024-06-29 12:00:00,53288.0,31.0,False,31.0
2024-06-29 13:00:00,53316.0,28.0,False,28.0
2024-06-29 14:00:00,,,False,29.29
2024-06-29 15:00:00,53376.0,,False,31.0
2024-06-29 16:00:00,53410.0,34.0,False,34.0
2024-06-29 17:00:00,53444.0,34.0,False,34.0
2024-06-29 18:00:00,53476.0,32.0,False,32.0
2024-06-29 19:00:00,53507.0,31.0,False,31.0
2024-06-29 20:00:00,53536.0,29.0,False,29.0
2024-06-29 21:00:00,53564.0,28.0,False,28.0
2024-06-29 22:00:00,53589.0,25.0,False,25.0
2024-06-29 23:00:00,53599.0,10.0,False,10.0
2024-06-30 00:00:00,53602.0,3.0,False,3.0
2024-06-30 01:00:00,53605.0,3.0,False,3.0
2024-06-30 02:00:00,53609.0,4.0,False,4.0
2024-06-30 03:00:00,53612.0,3.0,False,3.0
2024-06-30 04:00:00,53615.0,3.0,False,3.0
2024-06-30 05:00:00,53619.0,4.0,False,4.0
2024-06-30 06:00:00,53622.0,3.0,False,3.0
2024-06-30 07:00:00,53627.0,5.0,False,5.0
2024-06-30 08:00:00,53634.0,7.0,False,7.0
2024-06-30 09:00:00,53653.0,19.0,False,19.0
2024-06-30 10:00:00,53679.0,26.0,False,26.0
2024-06-30 11:00:00,53708.0,29.0,False,29.0
2024-06-30 12:00:00,53739.0,31.0,False,31.0
2024-06-30 13:00:00,53769.0,30.0,False,30.0
2024-06-30 14:00:00,,,False,29.83
2024-06-30 15:00:00,53841.0,,False,31.67
2024-06-30 16:00:00,53870.0,29.0,False,29.0
2024-06-30 17:00:00,53898.0,28.0,False,28.0
2024-06-30 18:00:00,53923.0,25.0,False,25.0
2024-06-30 19:00:00,53947.0,24.0,False,24.0
2024-06-30 20:00:00,53971.0,24.0,False,24.0
2024-06-30 21:00:00,53994.0,23.0,False,23.0
2024-06-30 22:00:00,54015.0,21.0,False,21.0
2024-06-30 23:00:00,54022.0,7.0,False,7.0
2024-07-01 00:00:00,54026.0,4.0,False,4.0
2024-07-01 01:00:00,54029.0,3.0,False,3.0
2024-07-01 02:00:00,54033.0,4.0,False,4.0
2024-07-01 03:00:00,54037.0,4.0,False,4.0
2024-07-01 04:00:00,54040.0,3.0,False,3.0
2024-07-01 05:00:00,54043.0,3.0,False,3.0
2024-07-01 06:00:00,54047.0,4.0,False,4.0
2024-07-01 07:00:00,54050.0,3.0,False,3.0
2024-07-01 08:00:00,54055.0,5.0,False,5.0
2024-07-01 09:00:00,54069.0,14.0,False,14.0
2024-07-01 10:00:00,54090.0,21.0,False,21.0
2024-07-01 11:00:00,54110.0,20.0,False,20.0
2024-07-01 12:00:00,54129.0,19.0,False,19.0
2024-07-01 13:00:00,54150.0,21.0,False,21.0
2024-07-01 14:00:00,,,False,30.0
2024-07-01 15:00:00,54194.0,,False,32.2
2024-07-01 16:00:00,54219.0,25.0,False,25.0
2024-07-01 17:00:00,54244.0,25.0,False,25.0
2024-07-01 18:00:00,54267.0,23.0,False,23.0
2024-07-01 19:00:00,54289.0,22.0,False,22.0
2024-07-01 20:00:00,54313.0,24.0,False,24.0
2024-07-01 21:00:00,54335.0,22.0,False,22.0
2024-07-01 22:00:00,54356.0,21.0,False,21.0
2024-07-01 23:00:00,54361.0,5.0,False,5.0
2024-07-02 00:00:00,54365.0,4.0,False,4.0
2024-07-02 01:00:00,54368.0,3.0,False,3.0
2024-07-02 02:00:00,54371.0,3.0,False,3.0
2024-07-02 03:00:00,54374.0,3.0,False,3.0
2024-07-02 04:00:00,54378.0,4.0,False,4.0
2024-07-02 05:00:00,54381.0,3.0,False,3.0
2024-07-02 06:00:00,54384.0,3.0,False,3.0
2024-07-02 07:00:00,54388.0,4.0,False,4.0
2024-07-02 08:00:00,54392.0,4.0,False,4.0
2024-07-02 09:00:00,54409.0,17.0,False,17.0
2024-07-02 10:00:00,54431.0,22.0,False,22.0
2024-07-02 11:00:00,54455.0,24.0,False,24.0
2024-07-02 12:00:00,54480.0,25.0,False,25.0
2024-07-02 13:00:00,54505.0,25.0,False,25.0
2024-07-02 14:00:00,,,False,30.0
2024-07-02 15:00:00,54558.0,,False,32.75
2024-07-02 16:00:00,54586.0,28.0,False,28.0
2024-07-02 17:00:00,54615.0,29.0,False,29.0
2024-07-02 18:00:00,54642.0,27.0,False,27.0
2024-07-02 19:00:00,54666.0,24.0,False,24.0
2024-07-02 20:00:00,54690.0,24.0,False,24.0
2024-07-02 21:00:00,54713.0,23.0,False,23.0
2024-07-02 22:00:00,54732.0,19.0,False,19.0
2024-07-02 23:00:00,54737.0,5.0,False,5.0
2024-07-03 00:00:00,54740.0,3.0,False,3.0
2024-07-03 01:00:00,54743.0,3.0,False,3.0
2024-07-03 02:00:00,54746.0,3.0,False,3.0
2024-07-03 03:00:00,54749.0,3.0,False,3.0
2024-07-03 04:00:00,54752.0,3.0,False,3.0
2024-07-03 05:00:00,54754.0,2.0,False,2.0
2024-07-03 06:00:00,54757.0,3.0,False,3.0
2024-07-03 07:00:00,54760.0,3.0,False,3.0
2024-07-03 08:00:00,54766.0,6.0,False,6.0
2024-07-03 09:00:00,54781.0,15.0,False,15.0
2024-07-03 10:00:00,54798.0,17.0,False,17.0
2024-07-03 11:00:00,54818.0,20.0,False,20.0
2024-07-03 12:00:00,54838.0,20.0,False,20.0
2024-07-03 13:00:00,54857.0,19.0,False,19.0
2024-07-03 14:00:00,54876.0,19.0,False,19.0
2024-07-03 15:00:00,54893.0,17.0,False,17.0
2024-07-03 16:00:00,54914.0,21.0,False,21.0
2024-07-03 17:00:00,54934.0,20.0,False,20.0
2024-07-03 18:00:00,54953.0,19.0,False,19.0
2024-07-03 19:00:00,54971.0,18.0,False,18.0
2024-07-03 20:00:00,54989.0,18.0,False,18.0
2024-07-03 21:00:00,55007.0,18.0,False,18.0
2024-07-03 22:00:00,55023.0,16.0,False,16.0
2024-07-03 23:00:00,55028.0,5.0,False,5.0
2024-07-04 00:00:00,55031.0,3.0,False,3.0
2024-07-04 01:00:00,55034.0,3.0,False,3.0
2024-07-04 02:00:00,55037.0,3.0,False,3.0
2024-07-04 03:00:00,55040.0,3.0,False,3.0
2024-07-04 04:00:00,55042.0,2.0,False,2.0
2024-07-04 05:00:00,55045.0,3.0,False,3.0
2024-07-04 06:00:00,55048.0,3.0,False,3.0
2024-07-04 07:00:00,55051.0,3.0,False,3.0
2024-07-04 08:00:00,55055.0,4.0,False,4.0
2024-07-04 09:00:00,55067.0,12.0,False,12.0
2024-07-04 10:00:00,55085.0,18.0,False,18.0
2024-07-04 11:00:00,55108.0,23.0,False,23.0
2024-07-04 12:00:00,55130.0,22.0,False,22.0
2024-07-04 13:00:00,55152.0,22.0,False,22.0
2024-07-04 14:00:00,55175.0,23.0,False,23.0
2024-07-04 15:00:00,55202.0,27.0,False,27.0
2024-07-04 16:00:00,55229.0,27.0,False,27.0
2024-07-04 17:00:00,55257.0,28.0,False,28.0
2024-07-04 18:00:00,55284.0,27.0,False,27.0
2024-07-04 19:00:00,55307.0,23.0,False,23.0
2024-07-04 20:00:00,55330.0,23.0,False,23.0
2024-07-04 21:00:00,55353.0,23.0,False,23.0
2024-07-04 22:00:00,55374.0,21.0,False,21.0
2024-07-04 23:00:00,55381.0,7.0,False,7.0
2024-07-05 00:00:00,55385.0,4.0,False,4.0
2024-07-05 01:00:00,55389.0,4.0,False,4.0
2024-07-05 02:00:00,55393.0,4.0,False,4.0
2024-07-05 03:00:00,55397.0,4.0,False,4.0
2024-07-05 04:00:00,55400.0,3.0,False,3.0
2024-07-05 05:00:00,55404.0,4.0,False,4.0
2024-07-05 06:00:00,55407.0,3.0,False,3.0
2024-07-05 07:00:00,55411.0,4.0,False,4.0
2024-07-05 08:00:00,55415.0,4.0,False,4.0
2024-07-05 09:00:00,55427.0,12.0,False,12.0
2024-07-05 10:00:00,55442.0,15.0,False,15.0
2024-07-05 11:00:00,55456.0,14.0,False,14.0
2024-07-05 12:00:00,55472.0,16.0,False,16.0
2024-07-05 13:00:00,55487.0,15.0,False,15.0
2024-07-05 14:00:00,55500.0,13.0,False,13.0
2024-07-05 15:00:00,55519.0,19.0,False,19.0
2024-07-05 16:00:00,55540.0,21.0,False,21.0
2024-07-05 17:00:00,55562.0,22.0,False,22.0
2024-07-05 18:00:00,55583.0,21.0,False,21.0
2024-07-05 19:00:00,55604.0,21.0,False,21.0
2024-07-05 20:00:00,55624.0,20.0,False,20.0
2024-07-05 21:00:00,55644.0,20.0,False,20.0
2024-07-05 22:00:00,55663.0,19.0,False,19.0
2024-07-05 23:00:00,55668.0,5.0,False,5.0
2024-07-06 00:00:00,55672.0,4.0,False,4.0
2024-07-06 01:00:00,55675.0,3.0,False,3.0
2024-07-06 02:00:00,55679.0,4.0,False,4.0
2024-07-06 03:00:00,55682.0,3.0,False,3.0
2024-07-06 04:00:00,55686.0,4.0,False,4.0
2024-07-06 05:00:00,55690.0,4.0,False,4.0
2024-07-06 06:00:00,55693.0,3.0,False,3.0
2024-07-06 07:00:00,55697.0,4.0,False,4.0
2024-07-06 08:00:00,55706.0,9.0,False,9.0
2024-07-06 09:00:00,55726.0,20.0,False,20.0
2024-07-06 10:00:00,55748.0,22.0,False,22.0
2024-07-06 11:00:00,55773.0,25.0,False,25.0
2024-07-06 12:00:00,55801.0,28.0,False,28.0
2024-07-06 13:00:00,55830.0,29.0,False,29.0
2024-07-06 14:00:00,55857.0,27.0,False,27.0
2024-07-06 15:00:00,55889.0,32.0,False,32.0
2024-07-06 16:00:00,55923.0,34.0,False,34.0
2024-07-06 17:00:00,55954.0,31.0,False,31.0
2024-07-06 18:00:00,55986.0,32.0,False,32.0
2024-07-06 19:00:00,56011.0,25.0,False,25.0
2024-07-06 20:00:00,56034.0,23.0,False,23.0
2024-07-06 21:00:00,56056.0,22.0,False,22.0
2024-07-06 22:00:00,56075.0,19.0,False,19.0
2024-07-06 23:00:00,56084.0,9.0,False,9.0
2024-07-07 00:00:00,56090.0,6.0,False,6.0
2024-07-07 01:00:00,56095.0,5.0,False,5.0
2024-07-07 02:00:00,,,False,3.57
2024-07-07 03:00:00,56105.0,,False,3.29
2024-07-07 04:00:00,56111.0,6.0,False,6.0
2024-07-07 05:00:00,56116.0,5.0,False,5.0
2024-07-07 06:00:00,56121.0,5.0,False,5.0
2024-07-07 07:00:00,56127.0,6.0,False,6.0
2024-07-07 08:00:00,56134.0,7.0,False,7.0
2024-07-07 09:00:00,56149.0,15.0,False,15.0
2024-07-07 10:00:00,56168.0,19.0,False,19.0
2024-07-07 11:00:00,56190.0,22.0,False,22.0
2024-07-07 12:00:00,56211.0,21.0,False,21.0
2024-07-07 13:00:00,56232.0,21.0,False,21.0
2024-07-07 14:00:00,56255.0,23.0,False,23.0
2024-07-07 15:00:00,56277.0,22.0,False,22.0
2024-07-07 16:00:00,56303.0,26.0,False,26.0
2024-07-07 17:00:00,56328.0,25.0,False,25.0
2024-07-07 18:00:00,56353.0,25.0,False,25.0
2024-07-07 19:00:00,56373.0,20.0,False,20.0
2024-07-07 20:00:00,56394.0,21.0,False,21.0
2024-07-07 21:00:00,56414.0,20.0,False,20.0
2024-07-07 22:00:00,56429.0,15.0,False,15.0
2024-07-07 23:00:00,56434.0,5.0,False,5.0
2024-07-08 00:00:00,56438.0,4.0,False,4.0
2024-07-08 01:00:00,56442.0,4.0,False,4.0
2024-07-08 02:00:00,56446.0,4.0,False,4.0
2024-07-08 03:00:00,56450.0,4.0,False,4.0
2024-07-08 04:00:00,56454.0,4.0,False,4.0
2024-07-08 05:00:00,56458.0,4.0,False,4.0
2024-07-08 06:00:00,56462.0,4.0,False,4.0
2024-07-08 07:00:00,56466.0,4.0,False,4.0
2024-07-08 08:00:00,56473.0,7.0,False,7.0
2024-07-08 09:00:00,56488.0,15.0,False,15.0
2024-07-08 10:00:00,56510.0,22.0,False,22.0
2024-07-08 11:00:00,56532.0,22.0,False,22.0
2024-07-08 12:00:00,56554.0,22.0,False,22.0
2024-07-08 13:00:00,56575.0,21.0,False,21.0
2024-07-08 14:00:00,56594.0,19.0,False,19.0
2024-07-08 15:00:00,56618.0,24.0,False,24.0
2024-07-08 16:00:00,56641.0,23.0,False,23.0
2024-07-08 17:00:00,56662.0,21.0,False,21.0
2024-07-08 18:00:00,56681.0,19.0,False,19.0
2024-07-08 19:00:00,56701.0,20.0,False,20.0
2024-07-08 20:00:00,56720.0,19.0,False,19.0
2024-07-08 21:00:00,56739.0,19.0,False,19.0
2024-07-08 22:00:00,56756.0,17.0,False,17.0
2024-07-08 23:00:00,56761.0,5.0,False,5.0
2024-07-09 00:00:00,56765.0,4.0,False,4.0
2024-07-09 01:00:00,56769.0,4.0,False,4.0
2024-07-09 02:00:00,56773.0,4.0,False,4.0
2024-07-09 03:00:00,56777.0,4.0,False,4.0
2024-07-09 04:00:00,56780.0,3.0,False,3.0
2024-07-09 05:00:00,56784.0,4.0,False,4.0
2024-07-09 06:00:00,56787.0,3.0,False,3.0
2024-07-09 07:00:00,56791.0,4.0,False,4.0
2024-07-09 08:00:00,56795.0,4.0,False,4.0
2024-07-09 09:00:00,56810.0,15.0,False,15.0
2024-07-09 10:00:00,56831.0,21.0,False,21.0
2024-07-09 11:00:00,56854.0,23.0,False,23.0
2024-07-09 12:00:00,56878.0,24.0,False,24.0
2024-07-09 13:00:00,56900.0,22.0,False,22.0
2024-07-09 14:00:00,56920.0,20.0,False,20.0
2024-07-09 15:00:00,56942.0,22.0,False,22.0
2024-07-09 16:00:00,56968.0,26.0,False,26.0
2024-07-09 17:00:00,56995.0,27.0,False,27.0
2024-07-09 18:00:00,57022.0,27.0,False,27.0
2024-07-09 19:00:00,57046.0,24.0,False,24.0
2024-07-09 20:00:00,57067.0,21.0,False,21.0
2024-07-09 21:00:00,57086.0,19.0,False,19.0
2024-07-09 22:00:00,57104.0,18.0,False,18.0
2024-07-09 23:00:00,57110.0,6.0,False,6.0
2024-07-10 00:00:00,57114.0,4.0,False,4.0
2024-07-10 01:00:00,57118.0,4.0,False,4.0
2024-07-10 02:00:00,57122.0,4.0,False,4.0
2024-07-10 03:00:00,57126.0,4.0,False,4.0
2024-07-10 04:00:00,57129.0,3.0,False,3.0
2024-07-10 05:00:00,57133.0,4.0,False,4.0
2024-07-10 06:00:00,57137.0,4.0,False,4.0
2024-07-10 07:00:00,57141.0,4.0,False,4.0
2024-07-10 08:00:00,57147.0,6.0,False,6.0
2024-07-10 09:00:00,57160.0,13.0,False,13.0
2024-07-10 10:00:00,57180.0,20.0,False,20.0
2024-07-10 11:00:00,57201.0,21.0,False,21.0
2024-07-10 12:00:00,57225.0,24.0,False,24.0
2024-07-10 13:00:00,57246.0,21.0,False,21.0
2024-07-10 14:00:00,57269.0,23.0,False,23.0
2024-07-10 15:00:00,57293.0,24.0,False,24.0
2024-07-10 16:00:00,57320.0,27.0,False,27.0
2024-07-10 17:00:00,57347.0,27.0,False,27.0
2024-07-10 18:00:00,57373.0,26.0,False,26.0
2024-07-10 19:00:00,57395.0,22.0,False,22.0
2024-07-10 20:00:00,57417.0,22.0,False,22.0
2024-07-10 21:00:00,57436.0,19.0,False,19.0
2024-07-10 22:00:00,57453.0,17.0,False,17.0
2024-07-10 23:00:00,57460.0,7.0,False,7.0
2024-07-11 00:00:00,57463.0,3.0,False,3.0
2024-07-11 01:00:00,57467.0,4.0,False,4.0
2024-07-11 02:00:00,57471.0,4.0,False,4.0
2024-07-11 03:00:00,57475.0,4.0,False,4.0
2024-07-11 04:00:00,57479.0,4.0,False,4.0
2024-07-11 05:00:00,57483.0,4.0,False,4.0
2024-07-11 06:00:00,57486.0,3.0,False,3.0
2024-07-11 07:00:00,57490.0,4.0,False,4.0
2024-07-11 08:00:00,57499.0,9.0,False,9.0
2024-07-11 09:00:00,57513.0,14.0,False,14.0
2024-07-11 10:00:00,57538.0,25.0,False,25.0
2024-07-11 11:00:00,57562.0,24.0,False,24.0
2024-07-11 12:00:00,57588.0,26.0,False,26.0
2024-07-11 13:00:00,57612.0,24.0,False,24.0
2024-07-11 14:00:00,57637.0,25.0,False,25.0
2024-07-11 15:00:00,57663.0,26.0,False,26.0
2024-07-11 16:00:00,57690.0,27.0,False,27.0
2024-07-11 17:00:00,57718.0,28.0,False,28.0
2024-07-11 18:00:00,57744.0,26.0,False,26.0
2024-07-11 19:00:00,57768.0,24.0,False,24.0
2024-07-11 20:00:00,57782.0,14.0,False,14.0
2024-07-11 21:00:00,57798.0,16.0,False,16.0
2024-07-11 22:00:00,57813.0,15.0,False,15.0
2024-07-11 23:00:00,57821.0,8.0,False,8.0
2024-07-12 00:00:00,57824.0,3.0,False,3.0
2024-07-12 01:00:00,57828.0,4.0,False,4.0
2024-07-12 02:00:00,57831.0,3.0,False,3.0
2024-07-12 03:00:00,57835.0,4.0,False,4.0
2024-07-12 04:00:00,57838.0,3.0,False,3.0
2024-07-12 05:00:00,57842.0,4.0,False,4.0
2024-07-12 06:00:00,57846.0,4.0,False,4.0
2024-07-12 07:00:00,57849.0,3.0,False,3.0
2024-07-12 08:00:00,57855.0,6.0,False,6.0
2024-07-12 09:00:00,57885.0,30.0,False,30.0
2024-07-12 10:00:00,57920.0,35.0,False,35.0
2024-07-12 11:00:00,57951.0,31.0,False,31.0
2024-07-12 12:00:00,57978.0,27.0,False,27.0
2024-07-12 13:00:00,58012.0,34.0,False,34.0
2024-07-12 14:00:00,58040.0,28.0,False,28.0
2024-07-12 15:00:00,58071.0,31.0,False,31.0
2024-07-12 16:00:00,58103.0,32.0,False,32.0
2024-07-12 17:00:00,58135.0,32.0,False,32.0
2024-07-12 18:00:00,58166.0,31.0,False,31.0
2024-07-12 19:00:00,58193.0,27.0,False,27.0
2024-07-12 20:00:00,58221.0,28.0,False,28.0
2024-07-12 21:00:00,58249.0,28.0,False,28.0
2024-07-12 22:00:00,58273.0,24.0,False,24.0
2024-07-12 23:00:00,58280.0,7.0,False,7.0
2024-07-13 00:00:00,58284.0,4.0,False,4.0
2024-07-13 01:00:00,58287.0,3.0,False,3.0
2024-07-13 02:00:00,58291.0,4.0,False,4.0
2024-07-13 03:00:00,58295.0,4.0,False,4.0
2024-07-13 04:00:00,58298.0,3.0,False,3.0
2024-07-13 05:00:00,58302.0,4.0,False,4.0
2024-07-13 06:00:00,58305.0,3.0,False,3.0
2024-07-13 07:00:00,58309.0,4.0,False,4.0
2024-07-13 08:00:00,58315.0,6.0,False,6.0
2024-07-13 09:00:00,58332.0,17.0,False,17.0
2024-07-13 10:00:00,58355.0,23.0,False,23.0
2024-07-13 11:00:00,58377.0,22.0,False,22.0
2024-07-13 12:00:00,58400.0,23.0,False,23.0
2024-07-13 13:00:00,58423.0,23.0,False,23.0
2024-07-13 14:00:00,58444.0,21.0,False,21.0
2024-07-13 15:00:00,58468.0,24.0,False,24.0
2024-07-13 16:00:00,58492.0,24.0,False,24.0
2024-07-13 17:00:00,58517.0,25.0,False,25.0
2024-07-13 18:00:00,58540.0,23.0,False,23.0
2024-07-13 19:00:00,58563.0,23.0,False,23.0
2024-07-13 20:00:00,58582.0,19.0,False,19.0
2024-07-13 21:00:00,58602.0,20.0,False,20.0
2024-07-13 22:00:00,58622.0,20.0,False,20.0
2024-07-13 23:00:00,58628.0,6.0,False,6.0
2024-07-14 00:00:00,58632.0,4.0,False,4.0
2024-07-14 01:00:00,58636.0,4.0,False,4.0
2024-07-14 02:00:00,58640.0,4.0,False,4.0
2024-07-14 03:00:00,58645.0,5.0,False,5.0
2024-07-14 04:00:00,58649.0,4.0,False,4.0
2024-07-14 05:00:00,58653.0,4.0,False,4.0
2024-07-14 06:00:00,58657.0,4.0,False,4.0
2024-07-14 07:00:00,58661.0,4.0,False,4.0
2024-07-14 08:00:00,58665.0,4.0,False,4.0
2024-07-14 09:00:00,58687.0,22.0,False,22.0
2024-07-14 10:00:00,58716.0,29.0,False,29.0
2024-07-14 11:00:00,58744.0,28.0,False,28.0
2024-07-14 12:00:00,58771.0,27.0,False,27.0
2024-07-14 13:00:00,58797.0,26.0,False,26.0
2024-07-14 14:00:00,58819.0,22.0,False,22.0
2024-07-14 15:00:00,58845.0,26.0,False,26.0
2024-07-14 16:00:00,58872.0,27.0,False,27.0
2024-07-14 17:00:00,58898.0,26.0,False,26.0
2024-07-14 18:00:00,58923.0,25.0,False,25.0
2024-07-14 19:00:00,58943.0,20.0,False,20.0
2024-07-14 20:00:00,58965.0,22.0,False,22.0
2024-07-14 21:00:00,58990.0,25.0,False,25.0
2024-07-14 22:00:00,59012.0,22.0,False,22.0
2024-07-14 23:00:00,59017.0,5.0,False,5.0
2024-07-15 00:00:00,59021.0,4.0,False,4.0
2024-07-15 01:00:00,59025.0,4.0,False,4.0
2024-07-15 02:00:00,59029.0,4.0,False,4.0
2024-07-15 03:00:00,59033.0,4.0,False,4.0
2024-07-15 04:00:00,59037.0,4.0,False,4.0
2024-07-15 05:00:00,59040.0,3.0,False,3.0
2024-07-15 06:00:00,59044.0,4.0,False,4.0
2024-07-15 07:00:00,59048.0,4.0,False,4.0
2024-07-15 08:00:00,59054.0,6.0,False,6.0
2024-07-15 09:00:00,59071.0,17.0,False,17.0
2024-07-15 10:00:00,59092.0,21.0,False,21.0
2024-07-15 11:00:00,59113.0,21.0,False,21.0
2024-07-15 12:00:00,59135.0,22.0,False,22.0
2024-07-15 13:00:00,59154.0,19.0,False,19.0
2024-07-15 14:00:00,59174.0,20.0,False,20.0
2024-07-15 15:00:00,59199.0,25.0,False,25.0
2024-07-15 16:00:00,59223.0,24.0,False,24.0
2024-07-15 17:00:00,59248.0,25.0,False,25.0
2024-07-15 18:00:00,59274.0,26.0,False,26.0
2024-07-15 19:00:00,59299.0,25.0,False,25.0
2024-07-15 20:00:00,59322.0,23.0,False,23.0
2024-07-15 21:00:00,59343.0,21.0,False,21.0
2024-07-15 22:00:00,59361.0,18.0,False,18.0
2024-07-15 23:00:00,59366.0,5.0,False,5.0
2024-07-16 00:00:00,59370.0,4.0,False,4.0
2024-07-16 01:00:00,59374.0,4.0,False,4.0
2024-07-16 02:00:00,59378.0,4.0,False,4.0
2024-07-16 03:00:00,59382.0,4.0,False,4.0
2024-07-16 04:00:00,59386.0,4.0,False,4.0
2024-07-16 05:00:00,59389.0,3.0,False,3.0
2024-07-16 06:00:00,59393.0,4.0,False,4.0
2024-07-16 07:00:00,59396.0,3.0,False,3.0
2024-07-16 08:00:00,59402.0,6.0,False,6.0
2024-07-16 09:00:00,59419.0,17.0,False,17.0
2024-07-16 10:00:00,59441.0,22.0,False,22.0
2024-07-16 11:00:00,59463.0,22.0,False,22.0
2024-07-16 12:00:00,59485.0,22.0,False,22.0
2024-07-16 13:00:00,59503.0,18.0,False,18.0
2024-07-16 14:00:00,59522.0,19.0,False,19.0
2024-07-16 15:00:00,59547.0,25.0,False,25.0
2024-07-16 16:00:00,59573.0,26.0,False,26.0
2024-07-16 17:00:00,59602.0,29.0,False,29.0
2024-07-16 18:00:00,59628.0,26.0,False,26.0
2024-07-16 19:00:00,59647.0,19.0,False,19.0
2024-07-16 20:00:00,59668.0,21.0,False,21.0
2024-07-16 21:00:00,59687.0,19.0,False,19.0
2024-07-16 22:00:00,59706.0,19.0,False,19.0
2024-07-16 23:00:00,59709.0,3.0,False,3.0
2024-07-17 00:00:00,59714.0,5.0,False,5.0
2024-07-17 01:00:00,59718.0,4.0,False,4.0
2024-07-17 02:00:00,59722.0,4.0,False,4.0
2024-07-17 03:00:00,59726.0,4.0,False,4.0
2024-07-17 04:00:00,59730.0,4.0,False,4.0
2024-07-17 05:00:00,59734.0,4.0,False,4.0
2024-07-17 06:00:00,59738.0,4.0,False,4.0
2024-07-17 07:00:00,59742.0,4.0,False,4.0
2024-07-17 08:00:00,59748.0,6.0,False,6.0
2024-07-17 09:00:00,59766.0,18.0,False,18.0
2024-07-17 10:00:00,59789.0,23.0,False,23.0
2024-07-17 11:00:00,59810.0,21.0,False,21.0
2024-07-17 12:00:00,59831.0,21.0,False,21.0
2024-07-17 13:00:00,59847.0,16.0,False,16.0
2024-07-17 14:00:00,59865.0,18.0,False,18.0
2024-07-17 15:00:00,59889.0,24.0,False,24.0
2024-07-17 16:00:00,59913.0,24.0,False,24.0
2024-07-17 17:00:00,59937.0,24.0,False,24.0
2024-07-17 18:00:00,59959.0,22.0,False,22.0
2024-07-17 19:00:00,59979.0,20.0,False,20.0
2024-07-17 20:00:00,59999.0,20.0,False,20.0
2024-07-17 21:00:00,60020.0,21.0,False,21.0
2024-07-17 22:00:00,60037.0,17.0,False,17.0
2024-07-17 23:00:00,60040.0,3.0,False,3.0
2024-07-18 00:00:00,60043.0,3.0,False,3.0
2024-07-18 01:00:00,60046.0,3.0,False,3.0
2024-07-18 02:00:00,60049.0,3.0,False,3.0
2024-07-18 03:00:00,60052.0,3.0,False,3.0
2024-07-18 04:00:00,60056.0,4.0,False,4.0
2024-07-18 05:00:00,60059.0,3.0,False,3.0
2024-07-18 06:00:00,60062.0,3.0,False,3.0
2024-07-18 07:00:00,60065.0,3.0,False,3.0
2024-07-18 08:00:00,60071.0,6.0,False,6.0
2024-07-18 09:00:00,60085.0,14.0,False,14.0
2024-07-18 10:00:00,60103.0,18.0,False,18.0
2024-07-18 11:00:00,60123.0,20.0,False,20.0
2024-07-18 12:00:00,60143.0,20.0,False,20.0
2024-07-18 13:00:00,60166.0,23.0,False,23.0
2024-07-18 14:00:00,60194.0,28.0,False,28.0
2024-07-18 15:00:00,60225.0,31.0,False,31.0
2024-07-18 16:00:00,60254.0,29.0,False,29.0
2024-07-18 17:00:00,60284.0,30.0,False,30.0
2024-07-18 18:00:00,60312.0,28.0,False,28.0
2024-07-18 19:00:00,60334.0,22.0,False,22.0
2024-07-18 20:00:00,60358.0,24.0,False,24.0
2024-07-18 21:00:00,60383.0,25.0,False,25.0
2024-07-18 22:00:00,60402.0,19.0,False,19.0
2024-07-18 23:00:00,60407.0,5.0,False,5.0
2024-07-19 00:00:00,60412.0,5.0,False,5.0
2024-07-19 01:00:00,60415.0,3.0,False,3.0
2024-07-19 02:00:00,60418.0,3.0,False,3.0
2024-07-19 03:00:00,60421.0,3.0,False,3.0
2024-07-19 04:00:00,60424.0,3.0,False,3.0
2024-07-19 05:00:00,60427.0,3.0,False,3.0
2024-07-19 06:00:00,60431.0,4.0,False,4.0
2024-07-19 07:00:00,60434.0,3.0,False,3.0
2024-07-19 08:00:00,60441.0,7.0,False,7.0
2024-07-19 09:00:00,60455.0,14.0,False,14.0
2024-07-19 10:00:00,60473.0,18.0,False,18.0
2024-07-19 11:00:00,60493.0,20.0,False,20.0
2024-07-19 12:00:00,60514.0,21.0,False,21.0
2024-07-19 13:00:00,60531.0,17.0,False,17.0
2024-07-19 14:00:00,60550.0,19.0,False,19.0
2024-07-19 15:00:00,60574.0,24.0,False,24.0
2024-07-19 16:00:00,60599.0,25.0,False,25.0
2024-07-19 17:00:00,60624.0,25.0,False,25.0
2024-07-19 18:00:00,60644.0,20.0,False,20.0
2024-07-19 19:00:00,60661.0,17.0,False,17.0
2024-07-19 20:00:00,60679.0,18.0,False,18.0
2024-07-19 21:00:00,60697.0,18.0,False,18.0
2024-07-19 22:00:00,60712.0,15.0,False,15.0
2024-07-19 23:00:00,60715.0,3.0,False,3.0
2024-07-20 00:00:00,60718.0,3.0,False,3.0
2024-07-20 01:00:00,60722.0,4.0,False,4.0
2024-07-20 02:00:00,60726.0,4.0,False,4.0
2024-07-20 03:00:00,60729.0,3.0,False,3.0
2024-07-20 04:00:00,60733.0,4.0,False,4.0
2024-07-20 05:00:00,60736.0,3.0,False,3.0
2024-07-20 06:00:00,60739.0,3.0,False,3.0
2024-07-20 07:00:00,60742.0,3.0,False,3.0
2024-07-20 08:00:00,60749.0,7.0,False,7.0
2024-07-20 09:00:00,60765.0,16.0,False,16.0
2024-07-20 10:00:00,60788.0,23.0,False,23.0
2024-07-20 11:00:00,60810.0,22.0,False,22.0
2024-07-20 12:00:00,60833.0,23.0,False,23.0
2024-07-20 13:00:00,60854.0,21.0,False,21.0
2024-07-20 14:00:00,60876.0,22.0,False,22.0
2024-07-20 15:00:00,60896.0,20.0,False,20.0
2024-07-20 16:00:00,60919.0,23.0,False,23.0
2024-07-20 17:00:00,60943.0,24.0,False,24.0
2024-07-20 18:00:00,60965.0,22.0,False,22.0
2024-07-20 19:00:00,60984.0,19.0,False,19.0
2024-07-20 20:00:00,61001.0,17.0,False,17.0
2024-07-20 21:00:00,61018.0,17.0,False,17.0
2024-07-20 22:00:00,61033.0,15.0,False,15.0
2024-07-20 23:00:00,61037.0,4.0,False,4.0
2024-07-21 00:00:00,61041.0,4.0,False,4.0
2024-07-21 01:00:00,61044.0,3.0,False,3.0
2024-07-21 02:00:00,61048.0,4.0,False,4.0
2024-07-21 03:00:00,61051.0,3.0,False,3.0
2024-07-21 04:00:00,61054.0,3.0,False,3.0
2024-07-21 05:00:00,61057.0,3.0,False,3.0
2024-07-21 06:00:00,61060.0,3.0,False,3.0
2024-07-21 07:00:00,61064.0,4.0,False,4.0
2024-07-21 08:00:00,61072.0,8.0,False,8.0
2024-07-21 09:00:00,61087.0,15.0,False,15.0
2024-07-21 10:00:00,61107.0,20.0,False,20.0
2024-07-21 11:00:00,61127.0,20.0,False,20.0
2024-07-21 12:00:00,61149.0,22.0,False,22.0
2024-07-21 13:00:00,61173.0,24.0,False,24.0
2024-07-21 14:00:00,61200.0,27.0,False,27.0
2024-07-21 15:00:00,61229.0,29.0,False,29.0
2024-07-21 16:00:00,61258.0,29.0,False,29.0
2024-07-21 17:00:00,61285.0,27.0,False,27.0
2024-07-21 18:00:00,61308.0,23.0,False,23.0
2024-07-21 19:00:00,61329.0,21.0,False,21.0
2024-07-21 20:00:00,61347.0,18.0,False,18.0
2024-07-21 21:00:00,61348.0,1.0,False,1.0
2024-07-21 22:00:00,61348.0,,False,17.86
2024-07-21 23:00:00,61348.0,,False,4.0
2024-07-22 00:00:00,61348.0,,False,4.0
2024-07-22 01:00:00,61348.0,,False,3.57
2024-07-22 02:00:00,61348.0,,False,3.71
2024-07-22 03:00:00,61348.0,,False,3.43
2024-07-22 04:00:00,61348.0,,False,3.71
2024-07-22 05:00:00,61348.0,,False,3.14
2024-07-22 06:00:00,61348.0,,False,3.57
2024-07-22 07:00:00,61348.0,,False,3.43
2024-07-22 08:00:00,61348.0,,False,6.57
2024-07-22 09:00:00,61372.0,24.0,False,24.0
2024-07-22 10:00:00,61402.0,30.0,False,30.0
2024-07-22 11:00:00,61430.0,28.0,False,28.0
2024-07-22 12:00:00,61459.0,29.0,False,29.0
2024-07-22 13:00:00,61485.0,26.0,False,26.0
2024-07-22 14:00:00,61517.0,32.0,False,32.0
2024-07-22 15:00:00,61551.0,34.0,False,34.0
2024-07-22 16:00:00,61581.0,30.0,False,30.0
2024-07-22 17:00:00,61611.0,30.0,False,30.0
2024-07-22 18:00:00,61641.0,30.0,False,30.0
2024-07-22 19:00:00,61668.0,27.0,False,27.0
2024-07-22 20:00:00,61693.0,25.0,False,25.0
2024-07-22 21:00:00,61717.0,24.0,False,24.0
2024-07-22 22:00:00,61737.0,20.0,False,20.0
2024-07-22 23:00:00,61741.0,4.0,False,4.0
2024-07-23 00:00:00,61747.0,6.0,False,6.0
2024-07-23 01:00:00,61751.0,4.0,False,4.0
2024-07-23 02:00:00,61755.0,4.0,False,4.0
2024-07-23 03:00:00,61760.0,5.0,False,5.0
2024-07-23 04:00:00,61764.0,4.0,False,4.0
2024-07-23 05:00:00,61768.0,4.0,False,4.0
2024-07-23 06:00:00,61772.0,4.0,False,4.0
2024-07-23 07:00:00,61776.0,4.0,False,4.0
2024-07-23 08:00:00,61786.0,10.0,False,10.0
2024-07-23 09:00:00,61810.0,24.0,False,24.0
2024-07-23 10:00:00,61834.0,24.0,False,24.0
2024-07-23 11:00:00,61857.0,23.0,False,23.0
2024-07-23 12:00:00,61879.0,22.0,False,22.0
2024-07-23 13:00:00,61900.0,21.0,False,21.0
2024-07-23 14:00:00,61927.0,27.0,False,27.0
2024-07-23 15:00:00,61956.0,29.0,False,29.0
2024-07-23 16:00:00,61983.0,27.0,False,27.0
2024-07-23 17:00:00,62011.0,28.0,False,28.0
2024-07-23 18:00:00,62037.0,26.0,False,26.0
2024-07-23 19:00:00,62057.0,20.0,False,20.0
2024-07-23 20:00:00,62076.0,19.0,False,19.0
2024-07-23 21:00:00,62094.0,18.0,False,18.0
2024-07-23 22:00:00,62110.0,16.0,False,16.0
2024-07-23 23:00:00,62114.0,4.0,False,4.0
2024-07-24 00:00:00,62118.0,4.0,False,4.0
2024-07-24 01:00:00,62122.0,4.0,False,4.0
2024-07-24 02:00:00,62126.0,4.0,False,4.0
2024-07-24 03:00:00,62131.0,5.0,False,5.0
2024-07-24 04:00:00,62135.0,4.0,False,4.0
2024-07-24 05:00:00,62138.0,3.0,False,3.0
2024-07-24 06:00:00,62142.0,4.0,False,4.0
2024-07-24 07:00:00,62146.0,4.0,False,4.0
2024-07-24 08:00:00,62158.0,12.0,False,12.0
2024-07-24 09:00:00,62181.0,23.0,False,23.0
2024-07-24 10:00:00,62208.0,27.0,False,27.0
2024-07-24 11:00:00,62229.0,21.0,False,21.0
2024-07-24 12:00:00,62251.0,22.0,False,22.0
2024-07-24 13:00:00,62271.0,20.0,False,20.0
2024-07-24 14:00:00,62293.0,22.0,False,22.0
2024-07-24 15:00:00,62318.0,25.0,False,25.0
2024-07-24 16:00:00,62343.0,25.0,False,25.0
2024-07-24 17:00:00,62367.0,24.0,False,24.0
2024-07-24 18:00:00,62389.0,22.0,False,22.0
2024-07-24 19:00:00,62409.0,20.0,False,20.0
2024-07-24 20:00:00,62429.0,20.0,False,20.0
2024-07-24 21:00:00,62449.0,20.0,False,20.0
2024-07-24 22:00:00,62464.0,15.0,False,15.0
2024-07-24 23:00:00,62468.0,4.0,False,4.0
2024-07-25 00:00:00,62472.0,4.0,False,4.0
2024-07-25 01:00:00,62475.0,3.0,False,3.0
2024-07-25 02:00:00,62479.0,4.0,False,4.0
2024-07-25 03:00:00,62483.0,4.0,False,4.0
2024-07-25 04:00:00,62487.0,4.0,False,4.0
2024-07-25 05:00:00,62491.0,4.0,False,4.0
2024-07-25 06:00:00,62494.0,3.0,False,3.0
2024-07-25 07:00:00,62497.0,3.0,False,3.0
2024-07-25 08:00:00,62504.0,7.0,False,7.0
2024-07-25 09:00:00,62522.0,18.0,False,18.0
2024-07-25 10:00:00,62543.0,21.0,False,21.0
2024-07-25 11:00:00,62568.0,25.0,False,25.0
2024-07-25 12:00:00,62592.0,24.0,False,24.0
2024-07-25 13:00:00,62615.0,23.0,False,23.0
2024-07-25 14:00:00,62643.0,28.0,False,28.0
2024-07-25 15:00:00,62673.0,30.0,False,30.0
2024-07-25 16:00:00,62702.0,29.0,False,29.0
2024-07-25 17:00:00,62731.0,29.0,False,29.0
2024-07-25 18:00:00,62757.0,26.0,False,26.0
2024-07-25 19:00:00,62779.0,22.0,False,22.0
2024-07-25 20:00:00,62800.0,21.0,False,21.0
2024-07-25 21:00:00,62820.0,20.0,False,20.0
2024-07-25 22:00:00,62839.0,19.0,False,19.0
2024-07-25 23:00:00,62844.0,5.0,False,5.0
2024-07-26 00:00:00,62848.0,4.0,False,4.0
2024-07-26 01:00:00,62851.0,3.0,False,3.0
2024-07-26 02:00:00,62854.0,3.0,False,3.0
2024-07-26 03:00:00,62858.0,4.0,False,4.0
2024-07-26 04:00:00,62861.0,3.0,False,3.0
2024-07-26 05:00:00,62865.0,4.0,False,4.0
2024-07-26 06:00:00,62868.0,3.0,False,3.0
2024-07-26 07:00:00,62871.0,3.0,False,3.0
2024-07-26 08:00:00,62878.0,7.0,False,7.0
2024-07-26 09:00:00,62896.0,18.0,False,18.0
2024-07-26 10:00:00,62918.0,22.0,False,22.0
2024-07-26 11:00:00,62942.0,24.0,False,24.0
2024-07-26 12:00:00,62966.0,24.0,False,24.0
2024-07-26 13:00:00,62990.0,24.0,False,24.0
2024-07-26 14:00:00,63018.0,28.0,False,28.0
2024-07-26 15:00:00,63050.0,32.0,False,32.0
2024-07-26 16:00:00,63081.0,31.0,False,31.0
2024-07-26 17:00:00,63111.0,30.0,False,30.0
2024-07-26 18:00:00,63139.0,28.0,False,28.0
2024-07-26 19:00:00,63161.0,22.0,False,22.0
2024-07-26 20:00:00,63183.0,22.0,False,22.0
2024-07-26 21:00:00,63205.0,22.0,False,22.0
2024-07-26 22:00:00,63223.0,18.0,False,18.0
2024-07-26 23:00:00,63227.0,4.0,False,4.0
2024-07-27 00:00:00,63230.0,3.0,False,3.0
2024-07-27 01:00:00,63234.0,4.0,False,4.0
2024-07-27 02:00:00,63237.0,3.0,False,3.0
2024-07-27 03:00:00,63241.0,4.0,False,4.0
2024-07-27 04:00:00,63244.0,3.0,False,3.0
2024-07-27 05:00:00,63247.0,3.0,False,3.0
2024-07-27 06:00:00,63250.0,3.0,False,3.0
2024-07-27 07:00:00,63253.0,3.0,False,3.0
2024-07-27 08:00:00,63263.0,10.0,False,10.0
2024-07-27 09:00:00,63286.0,23.0,False,23.0
2024-07-27 10:00:00,63313.0,27.0,False,27.0
2024-07-27 11:00:00,63341.0,28.0,False,28.0
2024-07-27 12:00:00,63371.0,30.0,False,30.0
2024-07-27 13:00:00,63402.0,31.0,False,31.0
2024-07-27 14:00:00,63435.0,33.0,False,33.0
2024-07-27 15:00:00,63469.0,34.0,False,34.0
2024-07-27 16:00:00,63505.0,36.0,False,36.0
2024-07-27 17:00:00,63538.0,33.0,False,33.0
2024-07-27 18:00:00,63568.0,30.0,False,30.0
2024-07-27 19:00:00,63594.0,26.0,False,26.0
2024-07-27 20:00:00,63620.0,26.0,False,26.0
2024-07-27 21:00:00,63645.0,25.0,False,25.0
2024-07-27 22:00:00,63663.0,18.0,False,18.0
2024-07-27 23:00:00,63666.0,3.0,False,3.0
2024-07-28 00:00:00,63670.0,4.0,False,4.0
2024-07-28 01:00:00,63674.0,4.0,False,4.0
2024-07-28 02:00:00,63678.0,4.0,False,4.0
2024-07-28 03:00:00,63682.0,4.0,False,4.0
2024-07-28 04:00:00,63686.0,4.0,False,4.0
2024-07-28 05:00:00,63690.0,4.0,False,4.0
2024-07-28 06:00:00,63694.0,4.0,False,4.0
2024-07-28 07:00:00,63698.0,4.0,False,4.0
2024-07-28 08:00:00,63706.0,8.0,False,8.0
2024-07-28 09:00:00,63722.0,16.0,False,16.0
2024-07-28 10:00:00,63747.0,25.0,False,25.0
2024-07-28 11:00:00,63773.0,26.0,False,26.0
2024-07-28 12:00:00,63799.0,26.0,False,26.0
2024-07-28 13:00:00,63824.0,25.0,False,25.0
2024-07-28 14:00:00,63850.0,26.0,False,26.0
2024-07-28 15:00:00,63877.0,27.0,False,27.0
2024-07-28 16:00:00,63905.0,28.0,False,28.0
2024-07-28 17:00:00,63933.0,28.0,False,28.0
2024-07-28 18:00:00,63959.0,26.0,False,26.0
2024-07-28 19:00:00,63982.0,23.0,False,23.0
2024-07-28 20:00:00,64003.0,21.0,False,21.0
2024-07-28 21:00:00,64026.0,23.0,False,23.0
2024-07-28 22:00:00,64045.0,19.0,False,19.0
2024-07-28 23:00:00,64049.0,4.0,False,4.0
2024-07-29 00:00:00,64053.0,4.0,False,4.0
2024-07-29 01:00:00,64056.0,3.0,False,3.0
2024-07-29 02:00:00,64060.0,4.0,False,4.0
2024-07-29 03:00:00,64063.0,3.0,False,3.0
2024-07-29 04:00:00,64067.0,4.0,False,4.0
2024-07-29 05:00:00,64070.0,3.0,False,3.0
2024-07-29 06:00:00,64074.0,4.0,False,4.0
2024-07-29 07:00:00,64077.0,3.0,False,3.0
2024-07-29 08:00:00,64084.0,7.0,False,7.0
2024-07-29 09:00:00,64105.0,21.0,False,21.0
2024-07-29 10:00:00,64129.0,24.0,False,24.0
2024-07-29 11:00:00,64153.0,24.0,False,24.0
2024-07-29 12:00:00,64175.0,22.0,False,22.0
2024-07-29 13:00:00,64196.0,21.0,False,21.0
2024-07-29 14:00:00,64220.0,24.0,False,24.0
2024-07-29 15:00:00,64244.0,24.0,False,24.0
2024-07-29 16:00:00,64270.0,26.0,False,26.0
2024-07-29 17:00:00,64295.0,25.0,False,25.0
2024-07-29 18:00:00,64317.0,22.0,False,22.0
2024-07-29 19:00:00,64335.0,18.0,False,18.0
2024-07-29 20:00:00,64354.0,19.0,False,19.0
2024-07-29 21:00:00,64372.0,18.0,False,18.0
2024-07-29 22:00:00,64386.0,14.0,False,14.0
2024-07-29 23:00:00,64391.0,5.0,False,5.0
2024-07-30 00:00:00,64395.0,4.0,False,4.0
2024-07-30 01:00:00,64398.0,3.0,False,3.0
2024-07-30 02:00:00,64402.0,4.0,False,4.0
2024-07-30 03:00:00,64406.0,4.0,False,4.0
2024-07-30 04:00:00,64410.0,4.0,False,4.0
2024-07-30 05:00:00,64413.0,3.0,False,3.0
2024-07-30 06:00:00,64417.0,4.0,False,4.0
2024-07-30 07:00:00,64420.0,3.0,False,3.0
2024-07-30 08:00:00,64426.0,6.0,False,6.0
2024-07-30 09:00:00,64443.0,17.0,False,17.0
2024-07-30 10:00:00,64459.0,16.0,False,16.0
2024-07-30 11:00:00,64479.0,20.0,False,20.0
2024-07-30 12:00:00,64499.0,20.0,False,20.0
2024-07-30 13:00:00,64517.0,18.0,False,18.0
2024-07-30 14:00:00,64542.0,25.0,False,25.0
2024-07-30 15:00:00,64568.0,26.0,False,26.0
2024-07-30 16:00:00,64594.0,26.0,False,26.0
2024-07-30 17:00:00,64619.0,25.0,False,25.0
2024-07-30 18:00:00,64645.0,26.0,False,26.0
2024-07-30 19:00:00,64666.0,21.0,False,21.0
2024-07-30 20:00:00,64685.0,19.0,False,19.0
2024-07-30 21:00:00,64706.0,21.0,False,21.0
2024-07-30 22:00:00,64725.0,19.0,False,19.0
2024-07-30 23:00:00,64730.0,5.0,False,5.0
2024-07-31 00:00:00,64734.0,4.0,False,4.0
2024-07-31 01:00:00,64738.0,4.0,False,4.0
2024-07-31 02:00:00,64742.0,4.0,False,4.0
2024-07-31 03:00:00,64746.0,4.0,False,4.0
2024-07-31 04:00:00,64750.0,4.0,False,4.0
2024-07-31 05:00:00,64754.0,4.0,False,4.0
2024-07-31 06:00:00,64757.0,3.0,False,3.0
2024-07-31 07:00:00,64761.0,4.0,False,4.0
2024-07-31 08:00:00,64768.0,7.0,False,7.0
2024-07-31 09:00:00,64789.0,21.0,False,21.0
2024-07-31 10:00:00,64813.0,24.0,False,24.0
2024-07-31 11:00:00,64837.0,24.0,False,24.0
2024-07-31 12:00:00,64861.0,24.0,False,24.0
2024-07-31 13:00:00,64887.0,26.0,False,26.0
2024-07-31 14:00:00,64919.0,32.0,False,32.0
2024-07-31 15:00:00,64949.0,30.0,False,30.0
2024-07-31 16:00:00,64980.0,31.0,False,31.0
2024-07-31 17:00:00,65010.0,30.0,False,30.0
2024-07-31 18:00:00,65040.0,30.0,False,30.0
2024-07-31 19:00:00,65064.0,24.0,False,24.0
2024-07-31 20:00:00,65086.0,22.0,False,22.0
2024-07-31 21:00:00,65108.0,22.0,False,22.0
2024-07-31 22:00:00,65127.0,19.0,False,19.0
2024-07-31 23:00:00,65132.0,5.0,False,5.0
2024-08-01 00:00:00,65136.0,4.0,False,4.0
2024-08-01 01:00:00,65140.0,4.0,False,4.0
2024-08-01 02:00:00,65144.0,4.0,False,4.0
2024-08-01 03:00:00,65148.0,4.0,False,4.0
2024-08-01 04:00:00,65152.0,4.0,False,4.0
2024-08-01 05:00:00,65157.0,5.0,False,5.0
2024-08-01 06:00:00,65161.0,4.0,False,4.0
2024-08-01 07:00:00,65164.0,3.0,False,3.0
2024-08-01 08:00:00,65177.0,13.0,False,13.0
2024-08-01 09:00:00,65200.0,23.0,False,23.0
2024-08-01 10:00:00,65227.0,27.0,False,27.0
2024-08-01 11:00:00,65255.0,28.0,False,28.0
2024-08-01 12:00:00,65286.0,31.0,False,31.0
2024-08-01 13:00:00,65315.0,29.0,False,29.0
2024-08-01 14:00:00,65349.0,34.0,False,34.0
2024-08-01 15:00:00,65387.0,38.0,False,38.0
2024-08-01 16:00:00,65424.0,37.0,False,37.0
2024-08-01 17:00:00,65458.0,34.0,False,34.0
2024-08-01 18:00:00,65489.0,31.0,False,31.0
2024-08-01 19:00:00,,,False,22.29
2024-08-01 20:00:00,65535.0,,False,21.43
2024-08-01 21:00:00,65556.0,21.0,False,21.0
2024-08-01 22:00:00,65573.0,17.0,False,17.0
2024-08-01 23:00:00,65577.0,4.0,False,4.0
2024-08-02 00:00:00,65581.0,4.0,False,4.0
2024-08-02 01:00:00,65585.0,4.0,False,4.0
2024-08-02 02:00:00,65589.0,4.0,False,4.0
2024-08-02 03:00:00,65594.0,5.0,False,5.0
2024-08-02 04:00:00,65598.0,4.0,False,4.0
2024-08-02 05:00:00,65602.0,4.0,False,4.0
2024-08-02 06:00:00,65606.0,4.0,False,4.0
2024-08-02 07:00:00,65610.0,4.0,False,4.0
2024-08-02 08:00:00,65619.0,9.0,False,9.0
2024-08-02 09:00:00,65654.0,35.0,False,35.0
2024-08-02 10:00:00,65688.0,34.0,False,34.0
2024-08-02 11:00:00,65720.0,32.0,False,32.0
2024-08-02 12:00:00,65753.0,33.0,False,33.0
2024-08-02 13:00:00,65787.0,34.0,False,34.0
2024-08-02 14:00:00,65819.0,32.0,False,32.0
2024-08-02 15:00:00,65855.0,36.0,False,36.0
2024-08-02 16:00:00,65890.0,35.0,False,35.0
2024-08-02 17:00:00,65923.0,33.0,False,33.0
2024-08-02 18:00:00,65953.0,30.0,False,30.0
2024-08-02 19:00:00,65979.0,26.0,False,26.0
2024-08-02 20:00:00,66003.0,24.0,False,24.0
2024-08-02 21:00:00,66027.0,24.0,False,24.0
2024-08-02 22:00:00,66048.0,21.0,False,21.0
2024-08-02 23:00:00,66053.0,5.0,False,5.0
2024-08-03 00:00:00,66057.0,4.0,False,4.0
2024-08-03 01:00:00,66061.0,4.0,False,4.0
2024-08-03 02:00:00,66065.0,4.0,False,4.0
2024-08-03 03:00:00,66068.0,3.0,False,3.0
2024-08-03 04:00:00,66072.0,4.0,False,4.0
2024-08-03 05:00:00,66076.0,4.0,False,4.0
2024-08-03 06:00:00,66079.0,3.0,False,3.0
2024-08-03 07:00:00,66083.0,4.0,False,4.0
2024-08-03 08:00:00,66092.0,9.0,False,9.0
2024-08-03 09:00:00,66118.0,26.0,False,26.0
2024-08-03 10:00:00,66146.0,28.0,False,28.0
2024-08-03 11:00:00,66179.0,33.0,False,33.0
2024-08-03 12:00:00,66213.0,34.0,False,34.0
2024-08-03 13:00:00,66241.0,28.0,False,28.0
2024-08-03 14:00:00,66271.0,30.0,False,30.0
2024-08-03 15:00:00,66302.0,31.0,False,31.0
2024-08-03 16:00:00,66332.0,30.0,False,30.0
2024-08-03 17:00:00,66362.0,30.0,False,30.0
2024-08-03 18:00:00,66391.0,29.0,False,29.0
2024-08-03 19:00:00,66415.0,24.0,False,24.0
2024-08-03 20:00:00,66437.0,22.0,False,22.0
2024-08-03 21:00:00,66460.0,23.0,False,23.0
2024-08-03 22:00:00,66478.0,18.0,False,18.0
2024-08-03 23:00:00,66483.0,5.0,False,5.0
2024-08-04 00:00:00,66488.0,5.0,False,5.0
2024-08-04 01:00:00,66493.0,5.0,False,5.0
2024-08-04 02:00:00,66497.0,4.0,False,4.0
2024-08-04 03:00:00,66502.0,5.0,False,5.0
2024-08-04 04:00:00,66506.0,4.0,False,4.0
2024-08-04 05:00:00,66511.0,5.0,False,5.0
2024-08-04 06:00:00,66515.0,4.0,False,4.0
2024-08-04 07:00:00,66519.0,4.0,False,4.0
2024-08-04 08:00:00,66525.0,6.0,False,6.0
2024-08-04 09:00:00,66550.0,25.0,False,25.0
2024-08-04 10:00:00,66575.0,25.0,False,25.0
2024-08-04 11:00:00,66598.0,23.0,False,23.0
2024-08-04 12:00:00,66619.0,21.0,False,21.0
2024-08-04 13:00:00,66643.0,24.0,False,24.0
2024-08-04 14:00:00,66667.0,24.0,False,24.0
2024-08-04 15:00:00,66693.0,26.0,False,26.0
2024-08-04 16:00:00,66719.0,26.0,False,26.0
2024-08-04 17:00:00,66744.0,25.0,False,25.0
2024-08-04 18:00:00,66769.0,25.0,False,25.0
2024-08-04 19:00:00,66792.0,23.0,False,23.0
2024-08-04 20:00:00,66814.0,22.0,False,22.0
2024-08-04 21:00:00,66836.0,22.0,False,22.0
2024-08-04 22:00:00,66853.0,17.0,False,17.0
2024-08-04 23:00:00,66856.0,3.0,False,3.0
2024-08-05 00:00:00,66860.0,4.0,False,4.0
2024-08-05 01:00:00,66864.0,4.0,False,4.0
2024-08-05 02:00:00,66868.0,4.0,False,4.0
2024-08-05 03:00:00,66872.0,4.0,False,4.0
2024-08-05 04:00:00,66876.0,4.0,False,4.0
2024-08-05 05:00:00,66880.0,4.0,False,4.0
2024-08-05 06:00:00,66884.0,4.0,False,4.0
2024-08-05 07:00:00,66887.0,3.0,False,3.0
2024-08-05 08:00:00,66897.0,10.0,False,10.0
2024-08-05 09:00:00,66925.0,28.0,False,28.0
2024-08-05 10:00:00,66958.0,33.0,False,33.0
2024-08-05 11:00:00,66988.0,30.0,False,30.0
2024-08-05 12:00:00,67016.0,28.0,False,28.0
2024-08-05 13:00:00,67044.0,28.0,False,28.0
2024-08-05 14:00:00,67077.0,33.0,False,33.0
2024-08-05 15:00:00,67110.0,33.0,False,33.0
2024-08-05 16:00:00,67141.0,31.0,False,31.0
2024-08-05 17:00:00,67173.0,32.0,False,32.0
2024-08-05 18:00:00,67204.0,31.0,False,31.0
2024-08-05 19:00:00,67229.0,25.0,False,25.0
2024-08-05 20:00:00,67255.0,26.0,False,26.0
2024-08-05 21:00:00,67278.0,23.0,False,23.0
2024-08-05 22:00:00,67298.0,20.0,False,20.0
2024-08-05 23:00:00,67301.0,3.0,False,3.0
2024-08-06 00:00:00,67305.0,4.0,False,4.0
2024-08-06 01:00:00,67309.0,4.0,False,4.0
2024-08-06 02:00:00,67312.0,3.0,False,3.0
2024-08-06 03:00:00,67316.0,4.0,False,4.0
2024-08-06 04:00:00,67319.0,3.0,False,3.0
2024-08-06 05:00:00,67323.0,4.0,False,4.0
2024-08-06 06:00:00,67326.0,3.0,False,3.0
2024-08-06 07:00:00,67330.0,4.0,False,4.0
2024-08-06 08:00:00,67340.0,10.0,False,10.0
2024-08-06 09:00:00,67367.0,27.0,False,27.0
2024-08-06 10:00:00,67396.0,29.0,False,29.0
2024-08-06 11:00:00,67424.0,28.0,False,28.0
2024-08-06 12:00:00,67453.0,29.0,False,29.0
2024-08-06 13:00:00,67478.0,25.0,False,25.0
2024-08-06 14:00:00,67506.0,28.0,False,28.0
2024-08-06 15:00:00,67535.0,29.0,False,29.0
2024-08-06 16:00:00,67564.0,29.0,False,29.0
2024-08-06 17:00:00,67595.0,31.0,False,31.0
2024-08-06 18:00:00,67626.0,31.0,False,31.0
2024-08-06 19:00:00,67653.0,27.0,False,27.0
2024-08-06 20:00:00,67676.0,23.0,False,23.0
2024-08-06 21:00:00,67700.0,24.0,False,24.0
2024-08-06 22:00:00,67721.0,21.0,False,21.0
2024-08-06 23:00:00,67728.0,7.0,False,7.0
2024-08-07 00:00:00,67732.0,4.0,False,4.0
2024-08-07 01:00:00,67736.0,4.0,False,4.0
2024-08-07 02:00:00,67741.0,5.0,False,5.0
2024-08-07 03:00:00,67745.0,4.0,False,4.0
2024-08-07 04:00:00,67750.0,5.0,False,5.0
2024-08-07 05:00:00,67754.0,4.0,False,4.0
2024-08-07 06:00:00,67758.0,4.0,False,4.0
2024-08-07 07:00:00,67762.0,4.0,False,4.0
2024-08-07 08:00:00,67772.0,10.0,False,10.0
2024-08-07 09:00:00,67804.0,32.0,False,32.0
2024-08-07 10:00:00,67841.0,37.0,False,37.0
2024-08-07 11:00:00,67874.0,33.0,False,33.0
2024-08-07 12:00:00,67909.0,35.0,False,35.0
2024-08-07 13:00:00,67937.0,28.0,False,28.0
2024-08-07 14:00:00,67965.0,28.0,False,28.0
2024-08-07 15:00:00,67997.0,32.0,False,32.0
2024-08-07 16:00:00,68031.0,34.0,False,34.0
2024-08-07 17:00:00,68064.0,33.0,False,33.0
2024-08-07 18:00:00,68092.0,28.0,False,28.0
2024-08-07 19:00:00,68115.0,23.0,False,23.0
2024-08-07 20:00:00,68138.0,23.0,False,23.0
2024-08-07 21:00:00,68161.0,23.0,False,23.0
2024-08-07 22:00:00,68180.0,19.0,False,19.0
2024-08-07 23:00:00,68184.0,4.0,False,4.0
2024-08-08 00:00:00,68189.0,5.0,False,5.0
2024-08-08 01:00:00,68193.0,4.0,False,4.0
2024-08-08 02:00:00,68197.0,4.0,False,4.0
2024-08-08 03:00:00,68200.0,3.0,False,3.0
2024-08-08 04:00:00,68204.0,4.0,False,4.0
2024-08-08 05:00:00,68208.0,4.0,False,4.0
2024-08-08 06:00:00,68212.0,4.0,False,4.0
2024-08-08 07:00:00,68216.0,4.0,False,4.0
2024-08-08 08:00:00,68227.0,11.0,False,11.0
2024-08-08 09:00:00,68256.0,29.0,False,29.0
2024-08-08 10:00:00,68284.0,28.0,False,28.0
2024-08-08 11:00:00,68312.0,28.0,False,28.0
2024-08-08 12:00:00,68342.0,30.0,False,30.0
2024-08-08 13:00:00,68372.0,30.0,False,30.0
2024-08-08 14:00:00,68402.0,30.0,False,30.0
2024-08-08 15:00:00,68436.0,34.0,False,34.0
2024-08-08 16:00:00,68469.0,33.0,False,33.0
2024-08-08 17:00:00,68502.0,33.0,False,33.0
2024-08-08 18:00:00,68534.0,32.0,False,32.0
2024-08-08 19:00:00,68559.0,25.0,False,25.0
2024-08-08 20:00:00,68583.0,24.0,False,24.0
2024-08-08 21:00:00,68606.0,23.0,False,23.0
2024-08-08 22:00:00,68624.0,18.0,False,18.0
2024-08-08 23:00:00,68628.0,4.0,False,4.0
2024-08-09 00:00:00,68632.0,4.0,False,4.0
2024-08-09 01:00:00,68636.0,4.0,False,4.0
2024-08-09 02:00:00,68641.0,5.0,False,5.0
2024-08-09 03:00:00,68645.0,4.0,False,4.0
2024-08-09 04:00:00,68649.0,4.0,False,4.0
2024-08-09 05:00:00,68653.0,4.0,False,4.0
2024-08-09 06:00:00,68657.0,4.0,False,4.0
2024-08-09 07:00:00,68660.0,3.0,False,3.0
2024-08-09 08:00:00,68672.0,12.0,False,12.0
2024-08-09 09:00:00,68696.0,24.0,False,24.0
2024-08-09 10:00:00,68722.0,26.0,False,26.0
2024-08-09 11:00:00,68746.0,24.0,False,24.0
2024-08-09 12:00:00,68770.0,24.0,False,24.0
2024-08-09 13:00:00,68792.0,22.0,False,22.0
2024-08-09 14:00:00,68815.0,23.0,False,23.0
2024-08-09 15:00:00,68842.0,27.0,False,27.0
2024-08-09 16:00:00,68869.0,27.0,False,27.0
2024-08-09 17:00:00,68896.0,27.0,False,27.0
2024-08-09 18:00:00,68921.0,25.0,False,25.0
2024-08-09 19:00:00,68942.0,21.0,False,21.0
2024-08-09 20:00:00,68962.0,20.0,False,20.0
2024-08-09 21:00:00,68985.0,23.0,False,23.0
2024-08-09 22:00:00,69003.0,18.0,False,18.0
2024-08-09 23:00:00,69007.0,4.0,False,4.0
2024-08-10 00:00:00,69011.0,4.0,False,4.0
2024-08-10 01:00:00,69015.0,4.0,False,4.0
2024-08-10 02:00:00,69019.0,4.0,False,4.0
2024-08-10 03:00:00,69023.0,4.0,False,4.0
2024-08-10 04:00:00,69027.0,4.0,False,4.0
2024-08-10 05:00:00,69031.0,4.0,False,4.0
2024-08-10 06:00:00,69035.0,4.0,False,4.0
2024-08-10 07:00:00,69038.0,3.0,False,3.0
2024-08-10 08:00:00,69050.0,12.0,False,12.0
2024-08-10 09:00:00,69072.0,22.0,False,22.0
2024-08-10 10:00:00,69100.0,28.0,False,28.0
2024-08-10 11:00:00,69127.0,27.0,False,27.0
2024-08-10 12:00:00,69153.0,26.0,False,26.0
2024-08-10 13:00:00,69176.0,23.0,False,23.0
2024-08-10 14:00:00,69198.0,22.0,False,22.0
2024-08-10 15:00:00,69219.0,21.0,False,21.0
2024-08-10 16:00:00,69241.0,22.0,False,22.0
2024-08-10 17:00:00,69263.0,22.0,False,22.0
2024-08-10 18:00:00,69284.0,21.0,False,21.0
2024-08-10 19:00:00,69304.0,20.0,False,20.0
2024-08-10 20:00:00,69325.0,21.0,False,21.0
2024-08-10 21:00:00,69344.0,19.0,False,19.0
2024-08-10 22:00:00,69360.0,16.0,False,16.0
2024-08-10 23:00:00,69364.0,4.0,False,4.0
2024-08-11 00:00:00,69368.0,4.0,False,4.0
2024-08-11 01:00:00,69371.0,3.0,False,3.0
2024-08-11 02:00:00,69375.0,4.0,False,4.0
2024-08-11 03:00:00,69379.0,4.0,False,4.0
2024-08-11 04:00:00,69382.0,3.0,False,3.0
2024-08-11 05:00:00,69386.0,4.0,False,4.0
2024-08-11 06:00:00,69389.0,3.0,False,3.0
2024-08-11 07:00:00,69393.0,4.0,False,4.0
2024-08-11 08:00:00,69402.0,9.0,False,9.0
2024-08-11 09:00:00,69424.0,22.0,False,22.0
2024-08-11 10:00:00,69448.0,24.0,False,24.0
2024-08-11 11:00:00,69473.0,25.0,False,25.0
2024-08-11 12:00:00,69498.0,25.0,False,25.0
2024-08-11 13:00:00,69523.0,25.0,False,25.0
2024-08-11 14:00:00,69550.0,27.0,False,27.0
2024-08-11 15:00:00,69576.0,26.0,False,26.0
2024-08-11 16:00:00,69603.0,27.0,False,27.0
2024-08-11 17:00:00,69626.0,23.0,False,23.0
2024-08-11 18:00:00,69650.0,24.0,False,24.0
2024-08-11 19:00:00,69673.0,23.0,False,23.0
2024-08-11 20:00:00,69695.0,22.0,False,22.0
2024-08-11 21:00:00,69718.0,23.0,False,23.0
2024-08-11 22:00:00,69736.0,18.0,False,18.0
2024-08-11 23:00:00,69741.0,5.0,False,5.0
2024-08-12 00:00:00,69745.0,4.0,False,4.0
2024-08-12 01:00:00,69749.0,4.0,False,4.0
2024-08-12 02:00:00,69753.0,4.0,False,4.0
2024-08-12 03:00:00,69757.0,4.0,False,4.0
2024-08-12 04:00:00,69760.0,3.0,False,3.0
2024-08-12 05:00:00,69764.0,4.0,False,4.0
2024-08-12 06:00:00,69768.0,4.0,False,4.0
2024-08-12 07:00:00,69771.0,3.0,False,3.0
2024-08-12 08:00:00,69782.0,11.0,False,11.0
2024-08-12 09:00:00,69808.0,26.0,False,26.0
2024-08-12 10:00:00,69837.0,29.0,False,29.0
2024-08-12 11:00:00,69866.0,29.0,False,29.0
2024-08-12 12:00:00,69896.0,30.0,False,30.0
2024-08-12 13:00:00,69923.0,27.0,False,27.0
2024-08-12 14:00:00,69955.0,32.0,False,32.0
2024-08-12 15:00:00,69989.0,34.0,False,34.0
2024-08-12 16:00:00,70022.0,33.0,False,33.0
2024-08-12 17:00:00,70054.0,32.0,False,32.0
2024-08-12 18:00:00,70083.0,29.0,False,29.0
2024-08-12 19:00:00,70107.0,24.0,False,24.0
2024-08-12 20:00:00,70130.0,23.0,False,23.0
2024-08-12 21:00:00,70153.0,23.0,False,23.0
2024-08-12 22:00:00,70170.0,17.0,False,17.0
2024-08-12 23:00:00,70174.0,4.0,False,4.0
2024-08-13 00:00:00,70178.0,4.0,False,4.0
2024-08-13 01:00:00,70182.0,4.0,False,4.0
2024-08-13 02:00:00,70186.0,4.0,False,4.0
2024-08-13 03:00:00,70191.0,5.0,False,5.0
2024-08-13 04:00:00,70195.0,4.0,False,4.0
2024-08-13 05:00:00,70199.0,4.0,False,4.0
2024-08-13 06:00:00,70203.0,4.0,False,4.0
2024-08-13 07:00:00,70206.0,3.0,False,3.0
2024-08-13 08:00:00,70219.0,13.0,False,13.0
2024-08-13 09:00:00,70247.0,28.0,False,28.0
2024-08-13 10:00:00,70277.0,30.0,False,30.0
2024-08-13 11:00:00,70308.0,31.0,False,31.0
2024-08-13 12:00:00,70340.0,32.0,False,32.0
2024-08-13 13:00:00,70368.0,28.0,False,28.0
2024-08-13 14:00:00,70394.0,26.0,False,26.0
2024-08-13 15:00:00,70428.0,34.0,False,34.0
2024-08-13 16:00:00,70463.0,35.0,False,35.0
2024-08-13 17:00:00,70496.0,33.0,False,33.0
2024-08-13 18:00:00,70526.0,30.0,False,30.0
2024-08-13 19:00:00,70550.0,24.0,False,24.0
2024-08-13 20:00:00,70575.0,25.0,False,25.0
2024-08-13 21:00:00,70600.0,25.0,False,25.0
2024-08-13 22:00:00,70621.0,21.0,False,21.0
2024-08-13 23:00:00,70625.0,4.0,False,4.0
2024-08-14 00:00:00,70629.0,4.0,False,4.0
2024-08-14 01:00:00,70633.0,4.0,False,4.0
2024-08-14 02:00:00,70637.0,4.0,False,4.0
2024-08-14 03:00:00,70642.0,5.0,False,5.0
2024-08-14 04:00:00,70646.0,4.0,False,4.0
2024-08-14 05:00:00,70650.0,4.0,False,4.0
2024-08-14 06:00:00,70653.0,3.0,False,3.0
2024-08-14 07:00:00,70657.0,4.0,False,4.0
2024-08-14 08:00:00,70668.0,11.0,False,11.0
2024-08-14 09:00:00,70686.0,18.0,False,18.0
2024-08-14 10:00:00,70708.0,22.0,False,22.0
2024-08-14 11:00:00,70741.0,33.0,False,33.0
2024-08-14 12:00:00,70768.0,27.0,False,27.0
2024-08-14 13:00:00,70798.0,30.0,False,30.0
2024-08-14 14:00:00,70829.0,31.0,False,31.0
2024-08-14 15:00:00,70864.0,35.0,False,35.0
2024-08-14 16:00:00,70902.0,38.0,False,38.0
2024-08-14 17:00:00,70936.0,34.0,False,34.0
2024-08-14 18:00:00,70970.0,34.0,False,34.0
2024-08-14 19:00:00,70998.0,28.0,False,28.0
2024-08-14 20:00:00,71022.0,24.0,False,24.0
2024-08-14 21:00:00,71048.0,26.0,False,26.0
2024-08-14 22:00:00,71067.0,19.0,False,19.0
2024-08-14 23:00:00,71070.0,3.0,False,3.0
2024-08-15 00:00:00,71074.0,4.0,False,4.0
2024-08-15 01:00:00,71078.0,4.0,False,4.0
2024-08-15 02:00:00,71081.0,3.0,False,3.0
2024-08-15 03:00:00,71085.0,4.0,False,4.0
2024-08-15 04:00:00,71089.0,4.0,False,4.0
2024-08-15 05:00:00,71093.0,4.0,False,4.0
2024-08-15 06:00:00,71096.0,3.0,False,3.0
2024-08-15 07:00:00,71100.0,4.0,False,4.0
2024-08-15 08:00:00,71110.0,10.0,False,10.0
2024-08-15 09:00:00,71131.0,21.0,False,21.0
2024-08-15 10:00:00,71158.0,27.0,False,27.0
2024-08-15 11:00:00,71185.0,27.0,False,27.0
2024-08-15 12:00:00,71209.0,24.0,False,24.0
2024-08-15 13:00:00,71233.0,24.0,False,24.0
2024-08-15 14:00:00,71258.0,25.0,False,25.0
2024-08-15 15:00:00,71282.0,24.0,False,24.0
2024-08-15 16:00:00,71306.0,24.0,False,24.0
2024-08-15 17:00:00,71329.0,23.0,False,23.0
2024-08-15 18:00:00,71350.0,21.0,False,21.0
2024-08-15 19:00:00,71365.0,15.0,False,15.0
2024-08-15 20:00:00,71380.0,15.0,False,15.0
2024-08-15 21:00:00,71396.0,16.0,False,16.0
2024-08-15 22:00:00,71410.0,14.0,False,14.0
2024-08-15 23:00:00,71413.0,3.0,False,3.0
2024-08-16 00:00:00,71416.0,3.0,False,3.0
2024-08-16 01:00:00,71419.0,3.0,False,3.0
2024-08-16 02:00:00,71422.0,3.0,False,3.0
2024-08-16 03:00:00,71425.0,3.0,False,3.0
2024-08-16 04:00:00,71429.0,4.0,False,4.0
2024-08-16 05:00:00,71432.0,3.0,False,3.0
2024-08-16 06:00:00,71435.0,3.0,False,3.0
2024-08-16 07:00:00,71438.0,3.0,False,3.0
2024-08-16 08:00:00,71446.0,8.0,False,8.0
2024-08-16 09:00:00,71469.0,23.0,False,23.0
2024-08-16 10:00:00,71495.0,26.0,False,26.0
2024-08-16 11:00:00,71519.0,24.0,False,24.0
2024-08-16 12:00:00,71542.0,23.0,False,23.0
2024-08-16 13:00:00,71564.0,22.0,False,22.0
2024-08-16 14:00:00,71587.0,23.0,False,23.0
2024-08-16 15:00:00,71611.0,24.0,False,24.0
2024-08-16 16:00:00,71636.0,25.0,False,25.0
2024-08-16 17:00:00,71661.0,25.0,False,25.0
2024-08-16 18:00:00,71685.0,24.0,False,24.0
2024-08-16 19:00:00,71705.0,20.0,False,20.0
2024-08-16 20:00:00,71724.0,19.0,False,19.0
2024-08-16 21:00:00,71743.0,19.0,False,19.0
2024-08-16 22:00:00,71757.0,14.0,False,14.0
2024-08-16 23:00:00,71760.0,3.0,False,3.0
2024-08-17 00:00:00,71763.0,3.0,False,3.0
2024-08-17 01:00:00,71766.0,3.0,False,3.0
2024-08-17 02:00:00,71770.0,4.0,False,4.0
2024-08-17 03:00:00,71773.0,3.0,False,3.0
2024-08-17 04:00:00,71776.0,3.0,False,3.0
2024-08-17 05:00:00,71780.0,4.0,False,4.0
2024-08-17 06:00:00,71783.0,3.0,False,3.0
2024-08-17 07:00:00,71786.0,3.0,False,3.0
2024-08-17 08:00:00,71796.0,10.0,False,10.0
2024-08-17 09:00:00,71816.0,20.0,False,20.0
2024-08-17 10:00:00,71837.0,21.0,False,21.0
2024-08-17 11:00:00,71858.0,21.0,False,21.0
2024-08-17 12:00:00,71881.0,23.0,False,23.0
2024-08-17 13:00:00,71901.0,20.0,False,20.0
2024-08-17 14:00:00,71922.0,21.0,False,21.0
2024-08-17 15:00:00,71946.0,24.0,False,24.0
2024-08-17 16:00:00,71970.0,24.0,False,24.0
2024-08-17 17:00:00,71993.0,23.0,False,23.0
2024-08-17 18:00:00,72015.0,22.0,False,22.0
2024-08-17 19:00:00,72032.0,17.0,False,17.0
2024-08-17 20:00:00,72049.0,17.0,False,17.0
2024-08-17 21:00:00,72065.0,16.0,False,16.0
2024-08-17 22:00:00,72079.0,14.0,False,14.0
2024-08-17 23:00:00,72084.0,5.0,False,5.0
2024-08-18 00:00:00,72087.0,3.0,False,3.0
2024-08-18 01:00:00,72091.0,4.0,False,4.0
2024-08-18 02:00:00,72094.0,3.0,False,3.0
2024-08-18 03:00:00,72098.0,4.0,False,4.0
2024-08-18 04:00:00,72101.0,3.0,False,3.0
2024-08-18 05:00:00,72104.0,3.0,False,3.0
2024-08-18 06:00:00,72107.0,3.0,False,3.0
2024-08-18 07:00:00,72110.0,3.0,False,3.0
2024-08-18 08:00:00,72115.0,5.0,False,5.0
2024-08-18 09:00:00,72128.0,13.0,False,13.0
2024-08-18 10:00:00,72147.0,19.0,False,19.0
2024-08-18 11:00:00,72166.0,19.0,False,19.0
2024-08-18 12:00:00,72187.0,21.0,False,21.0
2024-08-18 13:00:00,72208.0,21.0,False,21.0
2024-08-18 14:00:00,72230.0,22.0,False,22.0
2024-08-18 15:00:00,72250.0,20.0,False,20.0
2024-08-18 16:00:00,72271.0,21.0,False,21.0
2024-08-18 17:00:00,72292.0,21.0,False,21.0
2024-08-18 18:00:00,72313.0,21.0,False,21.0
2024-08-18 19:00:00,72332.0,19.0,False,19.0
2024-08-18 20:00:00,72352.0,20.0,False,20.0
2024-08-18 21:00:00,72371.0,19.0,False,19.0
2024-08-18 22:00:00,72387.0,16.0,False,16.0
2024-08-18 23:00:00,72390.0,3.0,False,3.0
2024-08-19 00:00:00,72393.0,3.0,False,3.0
2024-08-19 01:00:00,72396.0,3.0,False,3.0
2024-08-19 02:00:00,72399.0,3.0,False,3.0
2024-08-19 03:00:00,72402.0,3.0,False,3.0
2024-08-19 04:00:00,72406.0,4.0,False,4.0
2024-08-19 05:00:00,72409.0,3.0,False,3.0
2024-08-19 06:00:00,72412.0,3.0,False,3.0
2024-08-19 07:00:00,72415.0,3.0,False,3.0
2024-08-19 08:00:00,72424.0,9.0,False,9.0
2024-08-19 09:00:00,72446.0,22.0,False,22.0
2024-08-19 10:00:00,72471.0,25.0,False,25.0
2024-08-19 11:00:00,72495.0,24.0,False,24.0
2024-08-19 12:00:00,72522.0,27.0,False,27.0
2024-08-19 13:00:00,72545.0,23.0,False,23.0
2024-08-19 14:00:00,72570.0,25.0,False,25.0
2024-08-19 15:00:00,72599.0,29.0,False,29.0
2024-08-19 16:00:00,72626.0,27.0,False,27.0
2024-08-19 17:00:00,72653.0,27.0,False,27.0
2024-08-19 18:00:00,72680.0,27.0,False,27.0
2024-08-19 19:00:00,72702.0,22.0,False,22.0
2024-08-19 20:00:00,72724.0,22.0,False,22.0
2024-08-19 21:00:00,72742.0,18.0,False,18.0
2024-08-19 22:00:00,72758.0,16.0,False,16.0
2024-08-19 23:00:00,72761.0,3.0,False,3.0
2024-08-20 00:00:00,72764.0,3.0,False,3.0
2024-08-20 01:00:00,72769.0,5.0,False,5.0
2024-08-20 02:00:00,72773.0,4.0,False,4.0
2024-08-20 03:00:00,72776.0,3.0,False,3.0
2024-08-20 04:00:00,72779.0,3.0,False,3.0
2024-08-20 05:00:00,72782.0,3.0,False,3.0
2024-08-20 06:00:00,72785.0,3.0,False,3.0
2024-08-20 07:00:00,72788.0,3.0,False,3.0
2024-08-20 08:00:00,72793.0,5.0,False,5.0
2024-08-20 09:00:00,72794.0,1.0,False,1.0
2024-08-20 10:00:00,72794.0,,False,24.29
2024-08-20 11:00:00,72794.0,,False,25.57
2024-08-20 12:00:00,72794.0,,False,25.29
2024-08-20 13:00:00,72794.0,,False,24.0
2024-08-20 14:00:00,72794.0,,False,24.71
2024-08-20 15:00:00,72794.0,,False,27.14
2024-08-20 16:00:00,72794.0,,False,27.71
2024-08-20 17:00:00,72794.0,,False,26.57
2024-08-20 18:00:00,72794.0,,False,25.57
2024-08-20 19:00:00,72794.0,,False,20.71
2024-08-20 20:00:00,72794.0,,False,20.29
2024-08-20 21:00:00,,,False,19.86
2024-08-20 22:00:00,72801.0,,False,16.29
2024-08-20 23:00:00,72804.0,3.0,False,3.0
2024-08-21 00:00:00,72807.0,3.0,False,3.0
2024-08-21 01:00:00,72809.0,2.0,False,2.0
2024-08-21 02:00:00,72812.0,3.0,False,3.0
2024-08-21 03:00:00,72815.0,3.0,False,3.0
2024-08-21 04:00:00,72817.0,2.0,False,2.0
2024-08-21 05:00:00,72819.0,2.0,False,2.0
2024-08-21 06:00:00,72821.0,2.0,False,2.0
2024-08-21 07:00:00,72824.0,3.0,False,3.0
2024-08-21 08:00:00,72831.0,7.0,False,7.0
2024-08-21 09:00:00,72854.0,23.0,False,23.0
2024-08-21 10:00:00,72879.0,25.0,False,25.0
2024-08-21 11:00:00,72904.0,25.0,False,25.0
2024-08-21 12:00:00,72929.0,25.0,False,25.0
2024-08-21 13:00:00,72954.0,25.0,False,25.0
2024-08-21 14:00:00,72977.0,23.0,False,23.0
2024-08-21 15:00:00,73004.0,27.0,False,27.0
2024-08-21 16:00:00,73030.0,26.0,False,26.0
2024-08-21 17:00:00,73057.0,27.0,False,27.0
2024-08-21 18:00:00,73083.0,26.0,False,26.0
2024-08-21 19:00:00,73106.0,23.0,False,23.0
2024-08-21 20:00:00,73127.0,21.0,False,21.0
2024-08-21 21:00:00,73149.0,22.0,False,22.0
2024-08-21 22:00:00,73166.0,17.0,False,17.0
2024-08-21 23:00:00,73169.0,3.0,False,3.0
2024-08-22 00:00:00,73172.0,3.0,False,3.0
2024-08-22 01:00:00,73175.0,3.0,False,3.0
2024-08-22 02:00:00,73179.0,4.0,False,4.0
2024-08-22 03:00:00,73182.0,3.0,False,3.0
2024-08-22 04:00:00,73185.0,3.0,False,3.0
2024-08-22 05:00:00,73188.0,3.0,False,3.0
2024-08-22 06:00:00,73191.0,3.0,False,3.0
2024-08-22 07:00:00,73194.0,3.0,False,3.0
2024-08-22 08:00:00,73203.0,9.0,False,9.0
2024-08-22 09:00:00,73225.0,22.0,False,22.0
2024-08-22 10:00:00,73251.0,26.0,False,26.0
2024-08-22 11:00:00,73280.0,29.0,False,29.0
2024-08-22 12:00:00,73308.0,28.0,False,28.0
2024-08-22 13:00:00,73333.0,25.0,False,25.0
2024-08-22 14:00:00,73360.0,27.0,False,27.0
2024-08-22 15:00:00,73390.0,30.0,False,30.0
2024-08-22 16:00:00,73421.0,31.0,False,31.0
2024-08-22 17:00:00,73453.0,32.0,False,32.0
2024-08-22 18:00:00,73482.0,29.0,False,29.0
2024-08-22 19:00:00,73508.0,26.0,False,26.0
2024-08-22 20:00:00,73532.0,24.0,False,24.0
2024-08-22 21:00:00,73554.0,22.0,False,22.0
2024-08-22 22:00:00,73572.0,18.0,False,18.0
2024-08-22 23:00:00,73576.0,4.0,False,4.0
2024-08-23 00:00:00,73580.0,4.0,False,4.0
2024-08-23 01:00:00,73583.0,3.0,False,3.0
2024-08-23 02:00:00,73586.0,3.0,False,3.0
2024-08-23 03:00:00,73590.0,4.0,False,4.0
2024-08-23 04:00:00,73593.0,3.0,False,3.0
2024-08-23 05:00:00,73597.0,4.0,False,4.0
2024-08-23 06:00:00,73600.0,3.0,False,3.0
2024-08-23 07:00:00,73605.0,5.0,False,5.0
2024-08-23 08:00:00,73614.0,9.0,False,9.0
2024-08-23 09:00:00,73638.0,24.0,False,24.0
2024-08-23 10:00:00,73665.0,27.0,False,27.0
2024-08-23 11:00:00,73692.0,27.0,False,27.0
2024-08-23 12:00:00,73721.0,29.0,False,29.0
2024-08-23 13:00:00,73747.0,26.0,False,26.0
2024-08-23 14:00:00,73772.0,25.0,False,25.0
2024-08-23 15:00:00,73798.0,26.0,False,26.0
2024-08-23 16:00:00,73824.0,26.0,False,26.0
2024-08-23 17:00:00,73850.0,26.0,False,26.0
2024-08-23 18:00:00,73876.0,26.0,False,26.0
2024-08-23 19:00:00,73901.0,25.0,False,25.0
2024-08-23 20:00:00,73927.0,26.0,False,26.0
2024-08-23 21:00:00,73948.0,21.0,False,21.0
2024-08-23 22:00:00,73963.0,15.0,False,15.0
2024-08-23 23:00:00,73967.0,4.0,False,4.0
2024-08-24 00:00:00,73970.0,3.0,False,3.0
2024-08-24 01:00:00,73974.0,4.0,False,4.0
2024-08-24 02:00:00,73977.0,3.0,False,3.0
2024-08-24 03:00:00,73980.0,3.0,False,3.0
2024-08-24 04:00:00,73984.0,4.0,False,4.0
2024-08-24 05:00:00,73987.0,3.0,False,3.0
2024-08-24 06:00:00,73990.0,3.0,False,3.0
2024-08-24 07:00:00,73996.0,6.0,False,6.0
2024-08-24 08:00:00,74007.0,11.0,False,11.0
2024-08-24 09:00:00,74034.0,27.0,False,27.0
2024-08-24 10:00:00,74066.0,32.0,False,32.0
2024-08-24 11:00:00,74097.0,31.0,False,31.0
2024-08-24 12:00:00,74128.0,31.0,False,31.0
2024-08-24 13:00:00,74156.0,28.0,False,28.0
2024-08-24 14:00:00,74183.0,27.0,False,27.0
2024-08-24 15:00:00,74211.0,28.0,False,28.0
2024-08-24 16:00:00,74239.0,28.0,False,28.0
2024-08-24 17:00:00,74269.0,30.0,False,30.0
2024-08-24 18:00:00,74297.0,28.0,False,28.0
2024-08-24 19:00:00,74324.0,27.0,False,27.0
2024-08-24 20:00:00,74350.0,26.0,False,26.0
2024-08-24 21:00:00,74372.0,22.0,False,22.0
2024-08-24 22:00:00,74390.0,18.0,False,18.0
2024-08-24 23:00:00,74393.0,3.0,False,3.0
2024-08-25 00:00:00,74396.0,3.0,False,3.0
2024-08-25 01:00:00,74401.0,5.0,False,5.0
2024-08-25 02:00:00,74404.0,3.0,False,3.0
2024-08-25 03:00:00,74407.0,3.0,False,3.0
2024-08-25 04:00:00,74411.0,4.0,False,4.0
2024-08-25 05:00:00,74414.0,3.0,False,3.0
2024-08-25 06:00:00,74417.0,3.0,False,3.0
2024-08-25 07:00:00,74420.0,3.0,False,3.0
2024-08-25 08:00:00,74427.0,7.0,False,7.0
2024-08-25 09:00:00,74452.0,25.0,False,25.0
2024-08-25 10:00:00,74483.0,31.0,False,31.0
2024-08-25 11:00:00,74513.0,30.0,False,30.0
2024-08-25 12:00:00,74544.0,31.0,False,31.0
2024-08-25 13:00:00,74577.0,33.0,False,33.0
2024-08-25 14:00:00,74608.0,31.0,False,31.0
2024-08-25 15:00:00,74640.0,32.0,False,32.0
2024-08-25 16:00:00,74670.0,30.0,False,30.0
2024-08-25 17:00:00,74702.0,32.0,False,32.0
2024-08-25 18:00:00,74729.0,27.0,False,27.0
2024-08-25 19:00:00,74753.0,24.0,False,24.0
2024-08-25 20:00:00,74777.0,24.0,False,24.0
2024-08-25 21:00:00,74801.0,24.0,False,24.0
2024-08-25 22:00:00,74823.0,22.0,False,22.0
2024-08-25 23:00:00,74827.0,4.0,False,4.0
2024-08-26 00:00:00,74831.0,4.0,False,4.0
2024-08-26 01:00:00,74835.0,4.0,False,4.0
2024-08-26 02:00:00,74839.0,4.0,False,4.0
2024-08-26 03:00:00,74842.0,3.0,False,3.0
2024-08-26 04:00:00,74846.0,4.0,False,4.0
2024-08-26 05:00:00,74850.0,4.0,False,4.0
2024-08-26 06:00:00,74854.0,4.0,False,4.0
2024-08-26 07:00:00,74857.0,3.0,False,3.0
2024-08-26 08:00:00,74864.0,7.0,False,7.0
2024-08-26 09:00:00,74895.0,31.0,False,31.0
2024-08-26 10:00:00,74926.0,31.0,False,31.0
2024-08-26 11:00:00,74955.0,29.0,False,29.0
2024-08-26 12:00:00,74985.0,30.0,False,30.0
2024-08-26 13:00:00,75011.0,26.0,False,26.0
2024-08-26 14:00:00,75037.0,26.0,False,26.0
2024-08-26 15:00:00,75065.0,28.0,False,28.0
2024-08-26 16:00:00,75089.0,24.0,False,24.0
2024-08-26 17:00:00,75113.0,24.0,False,24.0
2024-08-26 18:00:00,75138.0,25.0,False,25.0
2024-08-26 19:00:00,75162.0,24.0,False,24.0
2024-08-26 20:00:00,75186.0,24.0,False,24.0
2024-08-26 21:00:00,75210.0,24.0,False,24.0
2024-08-26 22:00:00,75229.0,19.0,False,19.0
2024-08-26 23:00:00,75233.0,4.0,False,4.0
2024-08-27 00:00:00,75237.0,4.0,False,4.0
2024-08-27 01:00:00,75241.0,4.0,False,4.0
2024-08-27 02:00:00,75245.0,4.0,False,4.0
2024-08-27 03:00:00,75248.0,3.0,False,3.0
2024-08-27 04:00:00,75252.0,4.0,False,4.0
2024-08-27 05:00:00,75255.0,3.0,False,3.0
2024-08-27 06:00:00,75260.0,5.0,False,5.0
2024-08-27 07:00:00,75267.0,7.0,False,7.0
2024-08-27 08:00:00,75276.0,9.0,False,9.0
2024-08-27 09:00:00,75301.0,25.0,False,25.0
2024-08-27 10:00:00,75327.0,26.0,False,26.0
2024-08-27 11:00:00,75355.0,28.0,False,28.0
2024-08-27 12:00:00,75380.0,25.0,False,25.0
2024-08-27 13:00:00,75403.0,23.0,False,23.0
2024-08-27 14:00:00,75422.0,19.0,False,19.0
2024-08-27 15:00:00,75443.0,21.0,False,21.0
2024-08-27 16:00:00,75463.0,20.0,False,20.0
2024-08-27 17:00:00,75484.0,21.0,False,21.0
2024-08-27 18:00:00,75506.0,22.0,False,22.0
2024-08-27 19:00:00,75528.0,22.0,False,22.0
2024-08-27 20:00:00,75550.0,22.0,False,22.0
2024-08-27 21:00:00,75572.0,22.0,False,22.0
2024-08-27 22:00:00,75591.0,19.0,False,19.0
2024-08-27 23:00:00,75594.0,3.0,False,3.0
2024-08-28 00:00:00,75597.0,3.0,False,3.0
2024-08-28 01:00:00,75600.0,3.0,False,3.0
2024-08-28 02:00:00,75604.0,4.0,False,4.0
2024-08-28 03:00:00,75607.0,3.0,False,3.0
2024-08-28 04:00:00,75610.0,3.0,False,3.0
2024-08-28 05:00:00,75614.0,4.0,False,4.0
2024-08-28 06:00:00,75617.0,3.0,False,3.0
2024-08-28 07:00:00,75620.0,3.0,False,3.0
2024-08-28 08:00:00,75629.0,9.0,False,9.0
2024-08-28 09:00:00,75653.0,24.0,False,24.0
2024-08-28 10:00:00,75678.0,25.0,False,25.0
2024-08-28 11:00:00,75705.0,27.0,False,27.0
2024-08-28 12:00:00,75736.0,31.0,False,31.0
2024-08-28 13:00:00,75762.0,26.0,False,26.0
2024-08-28 14:00:00,75789.0,27.0,False,27.0
2024-08-28 15:00:00,75814.0,25.0,False,25.0
2024-08-28 16:00:00,75841.0,27.0,False,27.0
2024-08-28 17:00:00,75867.0,26.0,False,26.0
2024-08-28 18:00:00,75893.0,26.0,False,26.0
2024-08-28 19:00:00,75917.0,24.0,False,24.0
2024-08-28 20:00:00,75941.0,24.0,False,24.0
2024-08-28 21:00:00,75965.0,24.0,False,24.0
2024-08-28 22:00:00,75986.0,21.0,False,21.0
2024-08-28 23:00:00,75990.0,4.0,False,4.0
2024-08-29 00:00:00,75993.0,3.0,False,3.0
2024-08-29 01:00:00,75997.0,4.0,False,4.0
2024-08-29 02:00:00,76000.0,3.0,False,3.0
2024-08-29 03:00:00,76003.0,3.0,False,3.0
2024-08-29 04:00:00,76007.0,4.0,False,4.0
2024-08-29 05:00:00,76010.0,3.0,False,3.0
2024-08-29 06:00:00,76014.0,4.0,False,4.0
2024-08-29 07:00:00,76017.0,3.0,False,3.0
2024-08-29 08:00:00,76024.0,7.0,False,7.0
2024-08-29 09:00:00,76041.0,17.0,False,17.0
2024-08-29 10:00:00,76062.0,21.0,False,21.0
2024-08-29 11:00:00,76085.0,23.0,False,23.0
2024-08-29 12:00:00,76112.0,27.0,False,27.0
2024-08-29 13:00:00,76138.0,26.0,False,26.0
2024-08-29 14:00:00,76164.0,26.0,False,26.0
2024-08-29 15:00:00,76189.0,25.0,False,25.0
2024-08-29 16:00:00,76219.0,30.0,False,30.0
2024-08-29 17:00:00,76245.0,26.0,False,26.0
2024-08-29 18:00:00,76275.0,30.0,False,30.0
2024-08-29 19:00:00,76303.0,28.0,False,28.0
2024-08-29 20:00:00,76330.0,27.0,False,27.0
2024-08-29 21:00:00,76357.0,27.0,False,27.0
2024-08-29 22:00:00,76377.0,20.0,False,20.0
2024-08-29 23:00:00,76381.0,4.0,False,4.0
2024-08-30 00:00:00,76385.0,4.0,False,4.0
2024-08-30 01:00:00,76389.0,4.0,False,4.0
2024-08-30 02:00:00,76394.0,5.0,False,5.0
2024-08-30 03:00:00,76398.0,4.0,False,4.0
2024-08-30 04:00:00,76402.0,4.0,False,4.0
2024-08-30 05:00:00,76406.0,4.0,False,4.0
2024-08-30 06:00:00,76410.0,4.0,False,4.0
2024-08-30 07:00:00,76414.0,4.0,False,4.0
2024-08-30 08:00:00,76426.0,12.0,False,12.0
2024-08-30 09:00:00,76443.0,17.0,False,17.0
2024-08-30 10:00:00,76467.0,24.0,False,24.0
2024-08-30 11:00:00,76493.0,26.0,False,26.0
2024-08-30 12:00:00,76518.0,25.0,False,25.0
2024-08-30 13:00:00,76545.0,27.0,False,27.0
2024-08-30 14:00:00,76573.0,28.0,False,28.0
2024-08-30 15:00:00,76603.0,30.0,False,30.0
2024-08-30 16:00:00,76636.0,33.0,False,33.0
2024-08-30 17:00:00,76668.0,32.0,False,32.0
2024-08-30 18:00:00,76699.0,31.0,False,31.0
2024-08-30 19:00:00,76725.0,26.0,False,26.0
2024-08-30 20:00:00,76751.0,26.0,False,26.0
2024-08-30 21:00:00,76776.0,25.0,False,25.0
2024-08-30 22:00:00,76794.0,18.0,False,18.0
2024-08-30 23:00:00,76799.0,5.0,False,5.0
2024-08-31 00:00:00,76802.0,3.0,False,3.0
2024-08-31 01:00:00,76805.0,3.0,False,3.0
2024-08-31 02:00:00,76808.0,3.0,False,3.0
2024-08-31 03:00:00,76812.0,4.0,False,4.0
2024-08-31 04:00:00,76815.0,3.0,False,3.0
2024-08-31 05:00:00,76818.0,3.0,False,3.0
2024-08-31 06:00:00,76822.0,4.0,False,4.0
2024-08-31 07:00:00,76825.0,3.0,False,3.0
2024-08-31 08:00:00,76837.0,12.0,False,12.0
2024-08-31 09:00:00,76857.0,20.0,False,20.0
2024-08-31 10:00:00,76878.0,21.0,False,21.0
2024-08-31 11:00:00,76902.0,24.0,False,24.0
2024-08-31 12:00:00,76931.0,29.0,False,29.0
2024-08-31 13:00:00,76960.0,29.0,False,29.0
2024-08-31 14:00:00,76989.0,29.0,False,29.0
2024-08-31 15:00:00,77018.0,29.0,False,29.0
2024-08-31 16:00:00,77044.0,26.0,False,26.0
2024-08-31 17:00:00,77073.0,29.0,False,29.0
2024-08-31 18:00:00,77100.0,27.0,False,27.0
2024-08-31 19:00:00,77126.0,26.0,False,26.0
2024-08-31 20:00:00,77155.0,29.0,False,29.0
2024-08-31 21:00:00,77183.0,28.0,False,28.0
2024-08-31 22:00:00,77207.0,24.0,False,24.0
2024-08-31 23:00:00,77211.0,4.0,False,4.0
2024-09-01 00:00:00,77215.0,4.0,False,4.0
2024-09-01 01:00:00,77218.0,3.0,False,3.0
2024-09-01 02:00:00,77221.0,3.0,False,3.0
2024-09-01 03:00:00,77224.0,3.0,False,3.0
2024-09-01 04:00:00,77228.0,4.0,False,4.0
2024-09-01 05:00:00,77231.0,3.0,False,3.0
2024-09-01 06:00:00,77235.0,4.0,False,4.0
2024-09-01 07:00:00,77238.0,3.0,False,3.0
2024-09-01 08:00:00,77251.0,13.0,False,13.0
2024-09-01 09:00:00,77272.0,21.0,False,21.0
2024-09-01 10:00:00,77306.0,34.0,False,34.0
2024-09-01 11:00:00,77338.0,32.0,False,32.0
2024-09-01 12:00:00,77374.0,36.0,False,36.0
2024-09-01 13:00:00,77407.0,33.0,False,33.0
2024-09-01 14:00:00,77441.0,34.0,False,34.0
2024-09-01 15:00:00,77475.0,34.0,False,34.0
2024-09-01 16:00:00,77508.0,33.0,False,33.0
2024-09-01 17:00:00,77541.0,33.0,False,33.0
2024-09-01 18:00:00,77574.0,33.0,False,33.0
2024-09-01 19:00:00,77606.0,32.0,False,32.0
2024-09-01 20:00:00,77637.0,31.0,False,31.0
2024-09-01 21:00:00,77668.0,31.0,False,31.0
2024-09-01 22:00:00,77698.0,30.0,False,30.0
2024-09-01 23:00:00,77704.0,6.0,False,6.0
2024-09-02 00:00:00,77708.0,4.0,False,4.0
2024-09-02 01:00:00,77712.0,4.0,False,4.0
2024-09-02 02:00:00,77715.0,3.0,False,3.0
2024-09-02 03:00:00,77719.0,4.0,False,4.0
2024-09-02 04:00:00,77722.0,3.0,False,3.0
2024-09-02 05:00:00,77726.0,4.0,False,4.0
2024-09-02 06:00:00,77730.0,4.0,False,4.0
2024-09-02 07:00:00,77733.0,3.0,False,3.0
2024-09-02 08:00:00,77745.0,12.0,False,12.0
2024-09-02 09:00:00,77781.0,36.0,False,36.0
2024-09-02 10:00:00,77821.0,40.0,False,40.0
2024-09-02 11:00:00,77861.0,40.0,False,40.0
2024-09-02 12:00:00,77903.0,42.0,False,42.0
2024-09-02 13:00:00,77938.0,35.0,False,35.0
2024-09-02 14:00:00,77969.0,31.0,False,31.0
2024-09-02 15:00:00,78009.0,40.0,False,40.0
2024-09-02 16:00:00,78047.0,38.0,False,38.0
2024-09-02 17:00:00,78084.0,37.0,False,37.0
2024-09-02 18:00:00,78119.0,35.0,False,35.0
2024-09-02 19:00:00,78148.0,29.0,False,29.0
2024-09-02 20:00:00,78178.0,30.0,False,30.0
2024-09-02 21:00:00,78207.0,29.0,False,29.0
2024-09-02 22:00:00,78234.0,27.0,False,27.0
2024-09-02 23:00:00,78242.0,8.0,False,8.0
2024-09-03 00:00:00,78246.0,4.0,False,4.0
2024-09-03 01:00:00,78251.0,5.0,False,5.0
2024-09-03 02:00:00,78255.0,4.0,False,4.0
2024-09-03 03:00:00,78259.0,4.0,False,4.0
2024-09-03 04:00:00,78263.0,4.0,False,4.0
2024-09-03 05:00:00,78268.0,5.0,False,5.0
2024-09-03 06:00:00,78272.0,4.0,False,4.0
2024-09-03 07:00:00,78277.0,5.0,False,5.0
2024-09-03 08:00:00,78288.0,11.0,False,11.0
2024-09-03 09:00:00,78331.0,43.0,False,43.0
2024-09-03 10:00:00,78372.0,41.0,False,41.0
2024-09-03 11:00:00,78413.0,41.0,False,41.0
2024-09-03 12:00:00,78455.0,42.0,False,42.0
2024-09-03 13:00:00,78491.0,36.0,False,36.0
2024-09-03 14:00:00,78525.0,34.0,False,34.0
2024-09-03 15:00:00,78568.0,43.0,False,43.0
2024-09-03 16:00:00,78614.0,46.0,False,46.0
2024-09-03 17:00:00,78660.0,46.0,False,46.0
2024-09-03 18:00:00,78703.0,43.0,False,43.0
2024-09-03 19:00:00,78737.0,34.0,False,34.0
2024-09-03 20:00:00,78767.0,30.0,False,30.0
2024-09-03 21:00:00,78795.0,28.0,False,28.0
2024-09-03 22:00:00,78823.0,28.0,False,28.0
2024-09-03 23:00:00,78832.0,9.0,False,9.0
2024-09-04 00:00:00,78838.0,6.0,False,6.0
2024-09-04 01:00:00,78843.0,5.0,False,5.0
2024-09-04 02:00:00,78849.0,6.0,False,6.0
2024-09-04 03:00:00,78853.0,4.0,False,4.0
2024-09-04 04:00:00,78857.0,4.0,False,4.0
2024-09-04 05:00:00,78861.0,4.0,False,4.0
2024-09-04 06:00:00,78865.0,4.0,False,4.0
2024-09-04 07:00:00,78870.0,5.0,False,5.0
2024-09-04 08:00:00,78884.0,14.0,False,14.0
2024-09-04 09:00:00,78913.0,29.0,False,29.0
2024-09-04 10:00:00,78952.0,39.0,False,39.0
2024-09-04 11:00:00,78991.0,39.0,False,39.0
2024-09-04 12:00:00,79029.0,38.0,False,38.0
2024-09-04 13:00:00,,,False,30.29
2024-09-04 14:00:00,,,False,29.86
2024-09-04 15:00:00,79141.0,,False,32.29
2024-09-04 16:00:00,79184.0,43.0,False,43.0
2024-09-04 17:00:00,79230.0,46.0,False,46.0
2024-09-04 18:00:00,79269.0,39.0,False,39.0
2024-09-04 19:00:00,79301.0,32.0,False,32.0
2024-09-04 20:00:00,79329.0,28.0,False,28.0
2024-09-04 21:00:00,79357.0,28.0,False,28.0
2024-09-04 22:00:00,79380.0,23.0,False,23.0
2024-09-04 23:00:00,79387.0,7.0,False,7.0
2024-09-05 00:00:00,79391.0,4.0,False,4.0
2024-09-05 01:00:00,79395.0,4.0,False,4.0
2024-09-05 02:00:00,79399.0,4.0,False,4.0
2024-09-05 03:00:00,79403.0,4.0,False,4.0
2024-09-05 04:00:00,79407.0,4.0,False,4.0
2024-09-05 05:00:00,79411.0,4.0,False,4.0
2024-09-05 06:00:00,79414.0,3.0,False,3.0
2024-09-05 07:00:00,79418.0,4.0,False,4.0
2024-09-05 08:00:00,79427.0,9.0,False,9.0
2024-09-05 09:00:00,79454.0,27.0,False,27.0
2024-09-05 10:00:00,79479.0,25.0,False,25.0
2024-09-05 11:00:00,79502.0,23.0,False,23.0
2024-09-05 12:00:00,79526.0,24.0,False,24.0
2024-09-05 13:00:00,79551.0,25.0,False,25.0
2024-09-05 14:00:00,79577.0,26.0,False,26.0
2024-09-05 15:00:00,79605.0,28.0,False,28.0
2024-09-05 16:00:00,79634.0,29.0,False,29.0
2024-09-05 17:00:00,,,False,35.57
2024-09-05 18:00:00,79690.0,,False,34.0
2024-09-05 19:00:00,79716.0,26.0,False,26.0
2024-09-05 20:00:00,79741.0,25.0,False,25.0
2024-09-05 21:00:00,79767.0,26.0,False,26.0
2024-09-05 22:00:00,79792.0,25.0,False,25.0
2024-09-05 23:00:00,79799.0,7.0,False,7.0
2024-09-06 00:00:00,79803.0,4.0,False,4.0
2024-09-06 01:00:00,79806.0,3.0,False,3.0
2024-09-06 02:00:00,79809.0,3.0,False,3.0
2024-09-06 03:00:00,79812.0,3.0,False,3.0
2024-09-06 04:00:00,79815.0,3.0,False,3.0
2024-09-06 05:00:00,79819.0,4.0,False,4.0
2024-09-06 06:00:00,79822.0,3.0,False,3.0
2024-09-06 07:00:00,79825.0,3.0,False,3.0
2024-09-06 08:00:00,79831.0,6.0,False,6.0
2024-09-06 09:00:00,79854.0,23.0,False,23.0
2024-09-06 10:00:00,79883.0,29.0,False,29.0
2024-09-06 11:00:00,79916.0,33.0,False,33.0
2024-09-06 12:00:00,79952.0,36.0,False,36.0
2024-09-06 13:00:00,79985.0,33.0,False,33.0
2024-09-06 14:00:00,80014.0,29.0,False,29.0
2024-09-06 15:00:00,80055.0,41.0,False,41.0
2024-09-06 16:00:00,80103.0,48.0,False,48.0
2024-09-06 17:00:00,80150.0,47.0,False,47.0
2024-09-06 18:00:00,80191.0,41.0,False,41.0
2024-09-06 19:00:00,80223.0,32.0,False,32.0
2024-09-06 20:00:00,80249.0,26.0,False,26.0
2024-09-06 21:00:00,80273.0,24.0,False,24.0
2024-09-06 22:00:00,80297.0,24.0,False,24.0
2024-09-06 23:00:00,80304.0,7.0,False,7.0
2024-09-07 00:00:00,80307.0,3.0,False,3.0
2024-09-07 01:00:00,80311.0,4.0,False,4.0
2024-09-07 02:00:00,80315.0,4.0,False,4.0
2024-09-07 03:00:00,80318.0,3.0,False,3.0
2024-09-07 04:00:00,80322.0,4.0,False,4.0
2024-09-07 05:00:00,80325.0,3.0,False,3.0
2024-09-07 06:00:00,80329.0,4.0,False,4.0
2024-09-07 07:00:00,80333.0,4.0,False,4.0
2024-09-07 08:00:00,80341.0,8.0,False,8.0
2024-09-07 09:00:00,80364.0,23.0,False,23.0
2024-09-07 10:00:00,80392.0,28.0,False,28.0
2024-09-07 11:00:00,80420.0,28.0,False,28.0
2024-09-07 12:00:00,80448.0,28.0,False,28.0
2024-09-07 13:00:00,80477.0,29.0,False,29.0
2024-09-07 14:00:00,80504.0,27.0,False,27.0
2024-09-07 15:00:00,80534.0,30.0,False,30.0
2024-09-07 16:00:00,80565.0,31.0,False,31.0
2024-09-07 17:00:00,80595.0,30.0,False,30.0
2024-09-07 18:00:00,80619.0,24.0,False,24.0
2024-09-07 19:00:00,80647.0,28.0,False,28.0
2024-09-07 20:00:00,80674.0,27.0,False,27.0
2024-09-07 21:00:00,80698.0,24.0,False,24.0
2024-09-07 22:00:00,80724.0,26.0,False,26.0
2024-09-07 23:00:00,80731.0,7.0,False,7.0
2024-09-08 00:00:00,80734.0,3.0,False,3.0
2024-09-08 01:00:00,80738.0,4.0,False,4.0
2024-09-08 02:00:00,80741.0,3.0,False,3.0
2024-09-08 03:00:00,80745.0,4.0,False,4.0
2024-09-08 04:00:00,80749.0,4.0,False,4.0
2024-09-08 05:00:00,80753.0,4.0,False,4.0
2024-09-08 06:00:00,80756.0,3.0,False,3.0
2024-09-08 07:00:00,80761.0,5.0,False,5.0
2024-09-08 08:00:00,80767.0,6.0,False,6.0
2024-09-08 09:00:00,80795.0,28.0,False,28.0
2024-09-08 10:00:00,80826.0,31.0,False,31.0
2024-09-08 11:00:00,80858.0,32.0,False,32.0
2024-09-08 12:00:00,80891.0,33.0,False,33.0
2024-09-08 13:00:00,80923.0,32.0,False,32.0
2024-09-08 14:00:00,80957.0,34.0,False,34.0
2024-09-08 15:00:00,80991.0,34.0,False,34.0
2024-09-08 16:00:00,81025.0,34.0,False,34.0
2024-09-08 17:00:00,81060.0,35.0,False,35.0
2024-09-08 18:00:00,81093.0,33.0,False,33.0
2024-09-08 19:00:00,81124.0,31.0,False,31.0
2024-09-08 20:00:00,81156.0,32.0,False,32.0
2024-09-08 21:00:00,81187.0,31.0,False,31.0
2024-09-08 22:00:00,81214.0,27.0,False,27.0
2024-09-08 23:00:00,81231.0,17.0,False,17.0
2024-09-09 00:00:00,81235.0,4.0,False,4.0
2024-09-09 01:00:00,81238.0,3.0,False,3.0
2024-09-09 02:00:00,81242.0,4.0,False,4.0
2024-09-09 03:00:00,81245.0,3.0,False,3.0
2024-09-09 04:00:00,81249.0,4.0,False,4.0
2024-09-09 05:00:00,81253.0,4.0,False,4.0
2024-09-09 06:00:00,81257.0,4.0,False,4.0
2024-09-09 07:00:00,81261.0,4.0,False,4.0
2024-09-09 08:00:00,81275.0,14.0,False,14.0
2024-09-09 09:00:00,81315.0,40.0,False,40.0
2024-09-09 10:00:00,81357.0,42.0,False,42.0
2024-09-09 11:00:00,81395.0,38.0,False,38.0
2024-09-09 12:00:00,81433.0,38.0,False,38.0
2024-09-09 13:00:00,,,False,31.67
2024-09-09 14:00:00,81507.0,,False,30.17
2024-09-09 15:00:00,81545.0,38.0,False,38.0
2024-09-09 16:00:00,81582.0,37.0,False,37.0
2024-09-09 17:00:00,81614.0,32.0,False,32.0
2024-09-09 18:00:00,81644.0,30.0,False,30.0
2024-09-09 19:00:00,81671.0,27.0,False,27.0
2024-09-09 20:00:00,81697.0,26.0,False,26.0
2024-09-09 21:00:00,81723.0,26.0,False,26.0
2024-09-09 22:00:00,81749.0,26.0,False,26.0
2024-09-09 23:00:00,81762.0,13.0,False,13.0
2024-09-10 00:00:00,81766.0,4.0,False,4.0
2024-09-10 01:00:00,81770.0,4.0,False,4.0
2024-09-10 02:00:00,81773.0,3.0,False,3.0
2024-09-10 03:00:00,81777.0,4.0,False,4.0
2024-09-10 04:00:00,81780.0,3.0,False,3.0
2024-09-10 05:00:00,81784.0,4.0,False,4.0
2024-09-10 06:00:00,81788.0,4.0,False,4.0
2024-09-10 07:00:00,81792.0,4.0,False,4.0
2024-09-10 08:00:00,81802.0,10.0,False,10.0
2024-09-10 09:00:00,81831.0,29.0,False,29.0
2024-09-10 10:00:00,81861.0,30.0,False,30.0
2024-09-10 11:00:00,81897.0,36.0,False,36.0
2024-09-10 12:00:00,81928.0,31.0,False,31.0
2024-09-10 13:00:00,81957.0,29.0,False,29.0
2024-09-10 14:00:00,81985.0,28.0,False,28.0
2024-09-10 15:00:00,82014.0,29.0,False,29.0
2024-09-10 16:00:00,82044.0,30.0,False,30.0
2024-09-10 17:00:00,82073.0,29.0,False,29.0
2024-09-10 18:00:00,82099.0,26.0,False,26.0
2024-09-10 19:00:00,82125.0,26.0,False,26.0
2024-09-10 20:00:00,82150.0,25.0,False,25.0
2024-09-10 21:00:00,82172.0,22.0,False,22.0
2024-09-10 22:00:00,82194.0,22.0,False,22.0
2024-09-10 23:00:00,82203.0,9.0,False,9.0
2024-09-11 00:00:00,82206.0,3.0,False,3.0
2024-09-11 01:00:00,82210.0,4.0,False,4.0
2024-09-11 02:00:00,82213.0,3.0,False,3.0
2024-09-11 03:00:00,82217.0,4.0,False,4.0
2024-09-11 04:00:00,82220.0,3.0,False,3.0
2024-09-11 05:00:00,82223.0,3.0,False,3.0
2024-09-11 06:00:00,82227.0,4.0,False,4.0
2024-09-11 07:00:00,82231.0,4.0,False,4.0
2024-09-11 08:00:00,82238.0,7.0,False,7.0
2024-09-11 09:00:00,82260.0,22.0,False,22.0
2024-09-11 10:00:00,82289.0,29.0,False,29.0
2024-09-11 11:00:00,,,False,32.71
2024-09-11 12:00:00,,,False,32.57
2024-09-11 13:00:00,82381.0,,False,29.6
2024-09-11 14:00:00,82408.0,27.0,False,27.0
2024-09-11 15:00:00,82441.0,33.0,False,33.0
2024-09-11 16:00:00,,,False,36.0
2024-09-11 17:00:00,82509.0,,False,36.5
2024-09-11 18:00:00,82541.0,32.0,False,32.0
2024-09-11 19:00:00,82569.0,28.0,False,28.0
2024-09-11 20:00:00,82597.0,28.0,False,28.0
2024-09-11 21:00:00,82623.0,26.0,False,26.0
2024-09-11 22:00:00,82647.0,24.0,False,24.0
2024-09-11 23:00:00,82656.0,9.0,False,9.0
2024-09-12 00:00:00,82660.0,4.0,False,4.0
2024-09-12 01:00:00,82663.0,3.0,False,3.0
2024-09-12 02:00:00,,,False,3.43
2024-09-12 03:00:00,82670.0,,False,3.57
2024-09-12 04:00:00,82673.0,3.0,False,3.0
2024-09-12 05:00:00,82676.0,3.0,False,3.0
2024-09-12 06:00:00,82680.0,4.0,False,4.0
2024-09-12 07:00:00,82684.0,4.0,False,4.0
2024-09-12 08:00:00,82696.0,12.0,False,12.0
2024-09-12 09:00:00,82725.0,29.0,False,29.0
2024-09-12 10:00:00,82756.0,31.0,False,31.0
2024-09-12 11:00:00,82785.0,29.0,False,29.0
2024-09-12 12:00:00,82813.0,28.0,False,28.0
2024-09-12 13:00:00,82843.0,30.0,False,30.0
2024-09-12 14:00:00,82871.0,28.0,False,28.0
2024-09-12 15:00:00,82901.0,30.0,False,30.0
2024-09-12 16:00:00,82934.0,33.0,False,33.0
2024-09-12 17:00:00,82968.0,34.0,False,34.0
2024-09-12 18:00:00,82997.0,29.0,False,29.0
2024-09-12 19:00:00,83025.0,28.0,False,28.0
2024-09-12 20:00:00,83050.0,25.0,False,25.0
2024-09-12 21:00:00,83075.0,25.0,False,25.0
2024-09-12 22:00:00,83097.0,22.0,False,22.0
2024-09-12 23:00:00,83106.0,9.0,False,9.0
2024-09-13 00:00:00,83110.0,4.0,False,4.0
2024-09-13 01:00:00,83113.0,3.0,False,3.0
2024-09-13 02:00:00,83116.0,3.0,False,3.0
2024-09-13 03:00:00,83120.0,4.0,False,4.0
2024-09-13 04:00:00,83123.0,3.0,False,3.0
2024-09-13 05:00:00,83127.0,4.0,False,4.0
2024-09-13 06:00:00,83131.0,4.0,False,4.0
2024-09-13 07:00:00,83135.0,4.0,False,4.0
2024-09-13 08:00:00,83140.0,5.0,False,5.0
2024-09-13 09:00:00,83158.0,18.0,False,18.0
2024-09-13 10:00:00,83184.0,26.0,False,26.0
2024-09-13 11:00:00,83217.0,33.0,False,33.0
2024-09-13 12:00:00,83249.0,32.0,False,32.0
2024-09-13 13:00:00,83278.0,29.0,False,29.0
2024-09-13 14:00:00,83305.0,27.0,False,27.0
2024-09-13 15:00:00,83338.0,33.0,False,33.0
2024-09-13 16:00:00,83375.0,37.0,False,37.0
2024-09-13 17:00:00,83408.0,33.0,False,33.0
2024-09-13 18:00:00,83435.0,27.0,False,27.0
2024-09-13 19:00:00,83460.0,25.0,False,25.0
2024-09-13 20:00:00,83483.0,23.0,False,23.0
2024-09-13 21:00:00,83505.0,22.0,False,22.0
2024-09-13 22:00:00,83528.0,23.0,False,23.0
2024-09-13 23:00:00,83536.0,8.0,False,8.0
2024-09-14 00:00:00,83539.0,3.0,False,3.0
2024-09-14 01:00:00,83542.0,3.0,False,3.0
2024-09-14 02:00:00,83546.0,4.0,False,4.0
2024-09-14 03:00:00,83549.0,3.0,False,3.0
2024-09-14 04:00:00,83553.0,4.0,False,4.0
2024-09-14 05:00:00,83556.0,3.0,False,3.0
2024-09-14 06:00:00,83560.0,4.0,False,4.0
2024-09-14 07:00:00,83564.0,4.0,False,4.0
2024-09-14 08:00:00,83572.0,8.0,False,8.0
2024-09-14 09:00:00,83600.0,28.0,False,28.0
2024-09-14 10:00:00,83631.0,31.0,False,31.0
2024-09-14 11:00:00,83666.0,35.0,False,35.0
2024-09-14 12:00:00,83699.0,33.0,False,33.0
2024-09-14 13:00:00,83728.0,29.0,False,29.0
2024-09-14 14:00:00,83755.0,27.0,False,27.0
2024-09-14 15:00:00,83784.0,29.0,False,29.0
2024-09-14 16:00:00,83813.0,29.0,False,29.0
2024-09-14 17:00:00,83844.0,31.0,False,31.0
2024-09-14 18:00:00,83872.0,28.0,False,28.0
2024-09-14 19:00:00,83896.0,24.0,False,24.0
2024-09-14 20:00:00,83920.0,24.0,False,24.0
2024-09-14 21:00:00,83946.0,26.0,False,26.0
2024-09-14 22:00:00,83970.0,24.0,False,24.0
2024-09-14 23:00:00,83978.0,8.0,False,8.0
2024-09-15 00:00:00,83982.0,4.0,False,4.0
2024-09-15 01:00:00,83986.0,4.0,False,4.0
2024-09-15 02:00:00,83990.0,4.0,False,4.0
2024-09-15 03:00:00,83994.0,4.0,False,4.0
2024-09-15 04:00:00,83998.0,4.0,False,4.0
2024-09-15 05:00:00,84002.0,4.0,False,4.0
2024-09-15 06:00:00,84006.0,4.0,False,4.0
2024-09-15 07:00:00,84010.0,4.0,False,4.0
2024-09-15 08:00:00,84016.0,6.0,False,6.0
2024-09-15 09:00:00,84035.0,19.0,False,19.0
2024-09-15 10:00:00,84058.0,23.0,False,23.0
2024-09-15 11:00:00,84084.0,26.0,False,26.0
2024-09-15 12:00:00,84110.0,26.0,False,26.0
2024-09-15 13:00:00,84135.0,25.0,False,25.0
2024-09-15 14:00:00,84162.0,27.0,False,27.0
2024-09-15 15:00:00,84191.0,29.0,False,29.0
2024-09-15 16:00:00,84218.0,27.0,False,27.0
2024-09-15 17:00:00,84246.0,28.0,False,28.0
2024-09-15 18:00:00,84267.0,21.0,False,21.0
2024-09-15 19:00:00,84287.0,20.0,False,20.0
2024-09-15 20:00:00,84308.0,21.0,False,21.0
2024-09-15 21:00:00,84329.0,21.0,False,21.0
2024-09-15 22:00:00,84348.0,19.0,False,19.0
2024-09-15 23:00:00,84355.0,7.0,False,7.0
2024-09-16 00:00:00,84359.0,4.0,False,4.0
2024-09-16 01:00:00,84362.0,3.0,False,3.0
2024-09-16 02:00:00,84365.0,3.0,False,3.0
2024-09-16 03:00:00,84368.0,3.0,False,3.0
2024-09-16 04:00:00,84372.0,4.0,False,4.0
2024-09-16 05:00:00,84375.0,3.0,False,3.0
2024-09-16 06:00:00,84378.0,3.0,False,3.0
2024-09-16 07:00:00,84382.0,4.0,False,4.0
2024-09-16 08:00:00,84388.0,6.0,False,6.0
2024-09-16 09:00:00,84402.0,14.0,False,14.0
2024-09-16 10:00:00,84422.0,20.0,False,20.0
2024-09-16 11:00:00,84443.0,21.0,False,21.0
2024-09-16 12:00:00,84466.0,23.0,False,23.0
2024-09-16 13:00:00,84490.0,24.0,False,24.0
2024-09-16 14:00:00,84516.0,26.0,False,26.0
2024-09-16 15:00:00,84541.0,25.0,False,25.0
2024-09-16 16:00:00,84564.0,23.0,False,23.0
2024-09-16 17:00:00,84588.0,24.0,False,24.0
2024-09-16 18:00:00,84612.0,24.0,False,24.0
2024-09-16 19:00:00,84634.0,22.0,False,22.0
2024-09-16 20:00:00,84657.0,23.0,False,23.0
2024-09-16 21:00:00,84677.0,20.0,False,20.0
2024-09-16 22:00:00,84695.0,18.0,False,18.0
2024-09-16 23:00:00,84704.0,9.0,False,9.0
2024-09-17 00:00:00,84709.0,5.0,False,5.0
2024-09-17 01:00:00,84713.0,4.0,False,4.0
2024-09-17 02:00:00,84717.0,4.0,False,4.0
2024-09-17 03:00:00,84721.0,4.0,False,4.0
2024-09-17 04:00:00,84726.0,5.0,False,5.0
2024-09-17 05:00:00,84731.0,5.0,False,5.0
2024-09-17 06:00:00,84735.0,4.0,False,4.0
2024-09-17 07:00:00,84739.0,4.0,False,4.0
2024-09-17 08:00:00,84746.0,7.0,False,7.0
2024-09-17 09:00:00,84764.0,18.0,False,18.0
2024-09-17 10:00:00,84789.0,25.0,False,25.0
2024-09-17 11:00:00,84815.0,26.0,False,26.0
2024-09-17 12:00:00,84842.0,27.0,False,27.0
2024-09-17 13:00:00,84868.0,26.0,False,26.0
2024-09-17 14:00:00,84895.0,27.0,False,27.0
2024-09-17 15:00:00,84923.0,28.0,False,28.0
2024-09-17 16:00:00,84952.0,29.0,False,29.0
2024-09-17 17:00:00,84980.0,28.0,False,28.0
2024-09-17 18:00:00,85007.0,27.0,False,27.0
2024-09-17 19:00:00,85031.0,24.0,False,24.0
2024-09-17 20:00:00,85055.0,24.0,False,24.0
2024-09-17 21:00:00,85079.0,24.0,False,24.0
2024-09-17 22:00:00,85103.0,24.0,False,24.0
2024-09-17 23:00:00,85111.0,8.0,False,8.0
2024-09-18 00:00:00,85114.0,3.0,False,3.0
2024-09-18 01:00:00,85118.0,4.0,False,4.0
2024-09-18 02:00:00,85121.0,3.0,False,3.0
2024-09-18 03:00:00,85124.0,3.0,False,3.0
2024-09-18 04:00:00,85128.0,4.0,False,4.0
2024-09-18 05:00:00,85132.0,4.0,False,4.0
2024-09-18 06:00:00,85135.0,3.0,False,3.0
2024-09-18 07:00:00,85139.0,4.0,False,4.0
2024-09-18 08:00:00,85151.0,12.0,False,12.0
2024-09-18 09:00:00,85183.0,32.0,False,32.0
2024-09-18 10:00:00,85218.0,35.0,False,35.0
2024-09-18 11:00:00,85253.0,35.0,False,35.0
2024-09-18 12:00:00,85289.0,36.0,False,36.0
2024-09-18 13:00:00,85320.0,31.0,False,31.0
2024-09-18 14:00:00,85355.0,35.0,False,35.0
2024-09-18 15:00:00,85390.0,35.0,False,35.0
2024-09-18 16:00:00,85430.0,40.0,False,40.0
2024-09-18 17:00:00,85468.0,38.0,False,38.0
2024-09-18 18:00:00,85501.0,33.0,False,33.0
2024-09-18 19:00:00,,,False,24.43
2024-09-18 20:00:00,85560.0,,False,24.0
2024-09-18 21:00:00,85591.0,31.0,False,31.0
2024-09-18 22:00:00,85622.0,31.0,False,31.0
2024-09-18 23:00:00,85630.0,8.0,False,8.0
2024-09-19 00:00:00,85634.0,4.0,False,4.0
2024-09-19 01:00:00,85637.0,3.0,False,3.0
2024-09-19 02:00:00,85641.0,4.0,False,4.0
2024-09-19 03:00:00,85644.0,3.0,False,3.0
2024-09-19 04:00:00,85648.0,4.0,False,4.0
2024-09-19 05:00:00,85651.0,3.0,False,3.0
2024-09-19 06:00:00,85655.0,4.0,False,4.0
2024-09-19 07:00:00,85659.0,4.0,False,4.0
2024-09-19 08:00:00,85668.0,9.0,False,9.0
2024-09-19 09:00:00,85700.0,32.0,False,32.0
2024-09-19 10:00:00,85731.0,31.0,False,31.0
2024-09-19 11:00:00,85773.0,42.0,False,42.0
2024-09-19 12:00:00,85813.0,40.0,False,40.0
2024-09-19 13:00:00,85848.0,35.0,False,35.0
2024-09-19 14:00:00,85878.0,30.0,False,30.0
2024-09-19 15:00:00,85908.0,30.0,False,30.0
2024-09-19 16:00:00,85942.0,34.0,False,34.0
2024-09-19 17:00:00,85976.0,34.0,False,34.0
2024-09-19 18:00:00,86008.0,32.0,False,32.0
2024-09-19 19:00:00,86038.0,30.0,False,30.0
2024-09-19 20:00:00,86064.0,26.0,False,26.0
2024-09-19 21:00:00,86092.0,28.0,False,28.0
2024-09-19 22:00:00,86119.0,27.0,False,27.0
2024-09-19 23:00:00,86127.0,8.0,False,8.0
2024-09-20 00:00:00,86131.0,4.0,False,4.0
2024-09-20 01:00:00,86134.0,3.0,False,3.0
2024-09-20 02:00:00,86138.0,4.0,False,4.0
2024-09-20 03:00:00,86142.0,4.0,False,4.0
2024-09-20 04:00:00,86146.0,4.0,False,4.0
2024-09-20 05:00:00,86150.0,4.0,False,4.0
2024-09-20 06:00:00,86153.0,3.0,False,3.0
2024-09-20 07:00:00,86157.0,4.0,False,4.0
2024-09-20 08:00:00,86167.0,10.0,False,10.0
2024-09-20 09:00:00,86195.0,28.0,False,28.0
2024-09-20 10:00:00,86224.0,29.0,False,29.0
2024-09-20 11:00:00,86254.0,30.0,False,30.0
2024-09-20 12:00:00,86281.0,27.0,False,27.0
2024-09-20 13:00:00,86302.0,21.0,False,21.0
2024-09-20 14:00:00,86323.0,21.0,False,21.0
2024-09-20 15:00:00,86349.0,26.0,False,26.0
2024-09-20 16:00:00,86377.0,28.0,False,28.0
2024-09-20 17:00:00,86401.0,24.0,False,24.0
2024-09-20 18:00:00,86420.0,19.0,False,19.0
2024-09-20 19:00:00,86439.0,19.0,False,19.0
2024-09-20 20:00:00,86459.0,20.0,False,20.0
2024-09-20 21:00:00,86479.0,20.0,False,20.0
2024-09-20 22:00:00,86497.0,18.0,False,18.0
2024-09-20 23:00:00,86505.0,8.0,False,8.0
2024-09-21 00:00:00,86508.0,3.0,False,3.0
2024-09-21 01:00:00,86511.0,3.0,False,3.0
2024-09-21 02:00:00,86515.0,4.0,False,4.0
2024-09-21 03:00:00,86518.0,3.0,False,3.0
2024-09-21 04:00:00,86522.0,4.0,False,4.0
2024-09-21 05:00:00,86525.0,3.0,False,3.0
2024-09-21 06:00:00,86528.0,3.0,False,3.0
2024-09-21 07:00:00,86532.0,4.0,False,4.0
2024-09-21 08:00:00,86539.0,7.0,False,7.0
2024-09-21 09:00:00,86557.0,18.0,False,18.0
2024-09-21 10:00:00,86580.0,23.0,False,23.0
2024-09-21 11:00:00,86604.0,24.0,False,24.0
2024-09-21 12:00:00,86627.0,23.0,False,23.0
2024-09-21 13:00:00,86645.0,18.0,False,18.0
2024-09-21 14:00:00,86665.0,20.0,False,20.0
2024-09-21 15:00:00,86691.0,26.0,False,26.0
2024-09-21 16:00:00,86717.0,26.0,False,26.0
2024-09-21 17:00:00,86742.0,25.0,False,25.0
2024-09-21 18:00:00,86763.0,21.0,False,21.0
2024-09-21 19:00:00,86781.0,18.0,False,18.0
2024-09-21 20:00:00,86802.0,21.0,False,21.0
2024-09-21 21:00:00,86822.0,20.0,False,20.0
2024-09-21 22:00:00,86840.0,18.0,False,18.0
2024-09-21 23:00:00,86846.0,6.0,False,6.0
2024-09-22 00:00:00,86850.0,4.0,False,4.0
2024-09-22 01:00:00,86853.0,3.0,False,3.0
2024-09-22 02:00:00,86857.0,4.0,False,4.0
2024-09-22 03:00:00,86861.0,4.0,False,4.0
2024-09-22 04:00:00,86865.0,4.0,False,4.0
2024-09-22 05:00:00,86868.0,3.0,False,3.0
2024-09-22 06:00:00,86872.0,4.0,False,4.0
2024-09-22 07:00:00,86876.0,4.0,False,4.0
2024-09-22 08:00:00,86882.0,6.0,False,6.0
2024-09-22 09:00:00,86895.0,13.0,False,13.0
2024-09-22 10:00:00,86912.0,17.0,False,17.0
2024-09-22 11:00:00,86930.0,18.0,False,18.0
2024-09-22 12:00:00,86950.0,20.0,False,20.0
2024-09-22 13:00:00,86968.0,18.0,False,18.0
2024-09-22 14:00:00,86990.0,22.0,False,22.0
2024-09-22 15:00:00,87017.0,27.0,False,27.0
2024-09-22 16:00:00,87044.0,27.0,False,27.0
2024-09-22 17:00:00,87069.0,25.0,False,25.0
2024-09-22 18:00:00,87094.0,25.0,False,25.0
2024-09-22 19:00:00,87113.0,19.0,False,19.0
2024-09-22 20:00:00,87132.0,19.0,False,19.0
2024-09-22 21:00:00,87150.0,18.0,False,18.0
2024-09-22 22:00:00,87168.0,18.0,False,18.0
2024-09-22 23:00:00,87175.0,7.0,False,7.0
2024-09-23 00:00:00,87179.0,4.0,False,4.0
2024-09-23 01:00:00,87182.0,3.0,False,3.0
2024-09-23 02:00:00,87185.0,3.0,False,3.0
2024-09-23 03:00:00,87189.0,4.0,False,4.0
2024-09-23 04:00:00,87192.0,3.0,False,3.0
2024-09-23 05:00:00,87196.0,4.0,False,4.0
2024-09-23 06:00:00,87199.0,3.0,False,3.0
2024-09-23 07:00:00,87203.0,4.0,False,4.0
2024-09-23 08:00:00,87209.0,6.0,False,6.0
2024-09-23 09:00:00,87227.0,18.0,False,18.0
2024-09-23 10:00:00,87246.0,19.0,False,19.0
2024-09-23 11:00:00,87269.0,23.0,False,23.0
2024-09-23 12:00:00,87293.0,24.0,False,24.0
2024-09-23 13:00:00,87314.0,21.0,False,21.0
2024-09-23 14:00:00,87335.0,21.0,False,21.0
2024-09-23 15:00:00,87358.0,23.0,False,23.0
2024-09-23 16:00:00,87380.0,22.0,False,22.0
2024-09-23 17:00:00,87402.0,22.0,False,22.0
2024-09-23 18:00:00,87421.0,19.0,False,19.0
2024-09-23 19:00:00,87439.0,18.0,False,18.0
2024-09-23 20:00:00,87458.0,19.0,False,19.0
2024-09-23 21:00:00,87475.0,17.0,False,17.0
2024-09-23 22:00:00,87492.0,17.0,False,17.0
2024-09-23 23:00:00,87498.0,6.0,False,6.0
2024-09-24 00:00:00,87501.0,3.0,False,3.0
2024-09-24 01:00:00,87505.0,4.0,False,4.0
2024-09-24 02:00:00,87508.0,3.0,False,3.0
2024-09-24 03:00:00,87512.0,4.0,False,4.0
2024-09-24 04:00:00,87515.0,3.0,False,3.0
2024-09-24 05:00:00,87519.0,4.0,False,4.0
2024-09-24 06:00:00,87522.0,3.0,False,3.0
2024-09-24 07:00:00,87526.0,4.0,False,4.0
2024-09-24 08:00:00,87534.0,8.0,False,8.0
2024-09-24 09:00:00,87552.0,18.0,False,18.0
2024-09-24 10:00:00,87571.0,19.0,False,19.0
2024-09-24 11:00:00,87593.0,22.0,False,22.0
2024-09-24 12:00:00,87618.0,25.0,False,25.0
2024-09-24 13:00:00,87638.0,20.0,False,20.0
2024-09-24 14:00:00,87659.0,21.0,False,21.0
2024-09-24 15:00:00,87684.0,25.0,False,25.0
2024-09-24 16:00:00,87711.0,27.0,False,27.0
2024-09-24 17:00:00,87738.0,27.0,False,27.0
2024-09-24 18:00:00,87766.0,28.0,False,28.0
2024-09-24 19:00:00,87788.0,22.0,False,22.0
2024-09-24 20:00:00,87807.0,19.0,False,19.0
2024-09-24 21:00:00,87826.0,19.0,False,19.0
2024-09-24 22:00:00,87842.0,16.0,False,16.0
2024-09-24 23:00:00,87849.0,7.0,False,7.0
2024-09-25 00:00:00,87853.0,4.0,False,4.0
2024-09-25 01:00:00,87857.0,4.0,False,4.0
2024-09-25 02:00:00,87861.0,4.0,False,4.0
2024-09-25 03:00:00,87865.0,4.0,False,4.0
2024-09-25 04:00:00,87869.0,4.0,False,4.0
2024-09-25 05:00:00,87872.0,3.0,False,3.0
2024-09-25 06:00:00,87876.0,4.0,False,4.0
2024-09-25 07:00:00,87880.0,4.0,False,4.0
2024-09-25 08:00:00,87886.0,6.0,False,6.0
2024-09-25 09:00:00,87908.0,22.0,False,22.0
2024-09-25 10:00:00,87933.0,25.0,False,25.0
2024-09-25 11:00:00,87962.0,29.0,False,29.0
2024-09-25 12:00:00,87997.0,35.0,False,35.0
2024-09-25 13:00:00,88027.0,30.0,False,30.0
2024-09-25 14:00:00,88056.0,29.0,False,29.0
2024-09-25 15:00:00,88088.0,32.0,False,32.0
2024-09-25 16:00:00,,,False,29.14
2024-09-25 17:00:00,88149.0,,False,27.86
2024-09-25 18:00:00,88173.0,24.0,False,24.0
2024-09-25 19:00:00,88191.0,18.0,False,18.0
2024-09-25 20:00:00,88211.0,20.0,False,20.0
2024-09-25 21:00:00,88231.0,20.0,False,20.0
2024-09-25 22:00:00,88248.0,17.0,False,17.0
2024-09-25 23:00:00,88254.0,6.0,False,6.0
2024-09-26 00:00:00,88257.0,3.0,False,3.0
2024-09-26 01:00:00,88261.0,4.0,False,4.0
2024-09-26 02:00:00,88265.0,4.0,False,4.0
2024-09-26 03:00:00,88268.0,3.0,False,3.0
2024-09-26 04:00:00,88272.0,4.0,False,4.0
2024-09-26 05:00:00,88276.0,4.0,False,4.0
2024-09-26 06:00:00,88279.0,3.0,False,3.0
2024-09-26 07:00:00,88283.0,4.0,False,4.0
2024-09-26 08:00:00,88291.0,8.0,False,8.0
2024-09-26 09:00:00,88310.0,19.0,False,19.0
2024-09-26 10:00:00,88333.0,23.0,False,23.0
2024-09-26 11:00:00,88365.0,32.0,False,32.0
2024-09-26 12:00:00,88397.0,32.0,False,32.0
2024-09-26 13:00:00,88423.0,26.0,False,26.0
2024-09-26 14:00:00,88447.0,24.0,False,24.0
2024-09-26 15:00:00,88473.0,26.0,False,26.0
2024-09-26 16:00:00,88500.0,27.0,False,27.0
2024-09-26 17:00:00,88529.0,29.0,False,29.0
2024-09-26 18:00:00,88555.0,26.0,False,26.0
2024-09-26 19:00:00,88579.0,24.0,False,24.0
2024-09-26 20:00:00,88598.0,19.0,False,19.0
2024-09-26 21:00:00,88618.0,20.0,False,20.0
2024-09-26 22:00:00,88637.0,19.0,False,19.0
2024-09-26 23:00:00,88643.0,6.0,False,6.0
2024-09-27 00:00:00,88646.0,3.0,False,3.0
2024-09-27 01:00:00,88650.0,4.0,False,4.0
2024-09-27 02:00:00,88653.0,3.0,False,3.0
2024-09-27 03:00:00,88657.0,4.0,False,4.0
2024-09-27 04:00:00,88660.0,3.0,False,3.0
2024-09-27 05:00:00,88664.0,4.0,False,4.0
2024-09-27 06:00:00,88667.0,3.0,False,3.0
2024-09-27 07:00:00,88671.0,4.0,False,4.0
2024-09-27 08:00:00,88676.0,5.0,False,5.0
2024-09-27 09:00:00,88692.0,16.0,False,16.0
2024-09-27 10:00:00,88709.0,17.0,False,17.0
2024-09-27 11:00:00,88737.0,28.0,False,28.0
2024-09-27 12:00:00,88767.0,30.0,False,30.0
2024-09-27 13:00:00,88793.0,26.0,False,26.0
2024-09-27 14:00:00,88819.0,26.0,False,26.0
2024-09-27 15:00:00,88849.0,30.0,False,30.0
2024-09-27 16:00:00,88883.0,34.0,False,34.0
2024-09-27 17:00:00,88915.0,32.0,False,32.0
2024-09-27 18:00:00,88944.0,29.0,False,29.0
2024-09-27 19:00:00,88972.0,28.0,False,28.0
2024-09-27 20:00:00,88998.0,26.0,False,26.0
2024-09-27 21:00:00,89021.0,23.0,False,23.0
2024-09-27 22:00:00,89042.0,21.0,False,21.0
2024-09-27 23:00:00,89049.0,7.0,False,7.0
2024-09-28 00:00:00,89053.0,4.0,False,4.0
2024-09-28 01:00:00,89057.0,4.0,False,4.0
2024-09-28 02:00:00,89060.0,3.0,False,3.0
2024-09-28 03:00:00,89064.0,4.0,False,4.0
2024-09-28 04:00:00,89068.0,4.0,False,4.0
2024-09-28 05:00:00,89072.0,4.0,False,4.0
2024-09-28 06:00:00,89075.0,3.0,False,3.0
2024-09-28 07:00:00,89079.0,4.0,False,4.0
2024-09-28 08:00:00,89086.0,7.0,False,7.0
2024-09-28 09:00:00,89106.0,20.0,False,20.0
2024-09-28 10:00:00,89131.0,25.0,False,25.0
2024-09-28 11:00:00,89158.0,27.0,False,27.0
2024-09-28 12:00:00,89187.0,29.0,False,29.0
2024-09-28 13:00:00,89218.0,31.0,False,31.0
2024-09-28 14:00:00,89251.0,33.0,False,33.0
2024-09-28 15:00:00,89284.0,33.0,False,33.0
2024-09-28 16:00:00,89320.0,36.0,False,36.0
2024-09-28 17:00:00,89355.0,35.0,False,35.0
2024-09-28 18:00:00,89380.0,25.0,False,25.0
2024-09-28 19:00:00,89402.0,22.0,False,22.0
2024-09-28 20:00:00,89424.0,22.0,False,22.0
2024-09-28 21:00:00,89445.0,21.0,False,21.0
2024-09-28 22:00:00,89465.0,20.0,False,20.0
2024-09-28 23:00:00,89473.0,8.0,False,8.0
2024-09-29 00:00:00,89477.0,4.0,False,4.0
2024-09-29 01:00:00,89481.0,4.0,False,4.0
2024-09-29 02:00:00,89486.0,5.0,False,5.0
2024-09-29 03:00:00,89490.0,4.0,False,4.0
2024-09-29 04:00:00,89494.0,4.0,False,4.0
2024-09-29 05:00:00,89497.0,3.0,False,3.0
2024-09-29 06:00:00,89501.0,4.0,False,4.0
2024-09-29 07:00:00,89505.0,4.0,False,4.0
2024-09-29 08:00:00,89513.0,8.0,False,8.0
2024-09-29 09:00:00,89530.0,17.0,False,17.0
2024-09-29 10:00:00,89546.0,16.0,False,16.0
2024-09-29 11:00:00,89559.0,13.0,False,13.0
2024-09-29 12:00:00,89574.0,15.0,False,15.0
2024-09-29 13:00:00,89587.0,13.0,False,13.0
2024-09-29 14:00:00,89600.0,13.0,False,13.0
2024-09-29 15:00:00,89612.0,12.0,False,12.0
2024-09-29 16:00:00,89627.0,15.0,False,15.0
2024-09-29 17:00:00,89642.0,15.0,False,15.0
2024-09-29 18:00:00,,,False,25.14
2024-09-29 19:00:00,89669.0,,False,21.57
2024-09-29 20:00:00,89680.0,11.0,False,11.0
2024-09-29 21:00:00,89692.0,12.0,False,12.0
2024-09-29 22:00:00,89702.0,10.0,False,10.0
2024-09-29 23:00:00,89706.0,4.0,False,4.0
2024-09-30 00:00:00,89710.0,4.0,False,4.0
2024-09-30 01:00:00,89713.0,3.0,False,3.0
2024-09-30 02:00:00,89716.0,3.0,False,3.0
2024-09-30 03:00:00,89719.0,3.0,False,3.0
2024-09-30 04:00:00,89721.0,2.0,False,2.0
2024-09-30 05:00:00,89724.0,3.0,False,3.0
2024-09-30 06:00:00,89727.0,3.0,False,3.0
2024-09-30 07:00:00,89730.0,3.0,False,3.0
2024-09-30 08:00:00,89735.0,5.0,False,5.0
2024-09-30 09:00:00,89750.0,15.0,False,15.0
2024-09-30 10:00:00,89765.0,15.0,False,15.0
2024-09-30 11:00:00,,,False,24.86
2024-09-30 12:00:00,89795.0,,False,27.14
2024-09-30 13:00:00,89806.0,11.0,False,11.0
2024-09-30 14:00:00,89816.0,10.0,False,10.0
2024-09-30 15:00:00,89828.0,12.0,False,12.0
2024-09-30 16:00:00,89840.0,12.0,False,12.0
2024-09-30 17:00:00,89852.0,12.0,False,12.0
2024-09-30 18:00:00,89863.0,11.0,False,11.0
2024-09-30 19:00:00,89873.0,10.0,False,10.0
2024-09-30 20:00:00,89882.0,9.0,False,9.0
2024-09-30 21:00:00,89892.0,10.0,False,10.0
2024-09-30 22:00:00,89901.0,9.0,False,9.0
2024-09-30 23:00:00,89905.0,4.0,False,4.0
2024-10-01 00:00:00,89908.0,3.0,False,3.0
2024-10-01 01:00:00,89910.0,2.0,False,2.0
2024-10-01 02:00:00,89913.0,3.0,False,3.0
2024-10-01 03:00:00,89916.0,3.0,False,3.0
2024-10-01 04:00:00,89919.0,3.0,False,3.0
2024-10-01 05:00:00,89922.0,3.0,False,3.0
2024-10-01 06:00:00,89924.0,2.0,False,2.0
2024-10-01 07:00:00,89927.0,3.0,False,3.0
2024-10-01 08:00:00,89931.0,4.0,False,4.0
2024-10-01 09:00:00,89937.0,6.0,False,6.0
2024-10-01 10:00:00,89946.0,9.0,False,9.0
2024-10-01 11:00:00,89955.0,9.0,False,9.0
2024-10-01 12:00:00,89965.0,10.0,False,10.0
2024-10-01 13:00:00,89973.0,8.0,False,8.0
2024-10-01 14:00:00,89984.0,11.0,False,11.0
2024-10-01 15:00:00,89995.0,11.0,False,11.0
2024-10-01 16:00:00,90005.0,10.0,False,10.0
2024-10-01 17:00:00,90014.0,9.0,False,9.0
2024-10-01 18:00:00,90024.0,10.0,False,10.0
2024-10-01 19:00:00,90033.0,9.0,False,9.0
2024-10-01 20:00:00,90042.0,9.0,False,9.0
2024-10-01 21:00:00,90051.0,9.0,False,9.0
2024-10-01 22:00:00,90059.0,8.0,False,8.0
2024-10-01 23:00:00,90063.0,4.0,False,4.0
2024-10-02 00:00:00,90066.0,3.0,False,3.0
2024-10-02 01:00:00,90068.0,2.0,False,2.0
2024-10-02 02:00:00,90071.0,3.0,False,3.0
2024-10-02 03:00:00,90074.0,3.0,False,3.0
2024-10-02 04:00:00,90076.0,2.0,False,2.0
2024-10-02 05:00:00,90079.0,3.0,False,3.0
2024-10-02 06:00:00,90082.0,3.0,False,3.0
2024-10-02 07:00:00,90085.0,3.0,False,3.0
2024-10-02 08:00:00,90088.0,3.0,False,3.0
2024-10-02 09:00:00,90094.0,6.0,False,6.0
2024-10-02 10:00:00,90102.0,8.0,False,8.0
2024-10-02 11:00:00,90110.0,8.0,False,8.0
2024-10-02 12:00:00,90120.0,10.0,False,10.0
2024-10-02 13:00:00,90129.0,9.0,False,9.0
2024-10-02 14:00:00,90137.0,8.0,False,8.0
2024-10-02 15:00:00,90147.0,10.0,False,10.0
2024-10-02 16:00:00,90157.0,10.0,False,10.0
2024-10-02 17:00:00,90167.0,10.0,False,10.0
2024-10-02 18:00:00,90177.0,10.0,False,10.0
2024-10-02 19:00:00,90186.0,9.0,False,9.0
2024-10-02 20:00:00,90197.0,11.0,False,11.0
2024-10-02 21:00:00,90207.0,10.0,False,10.0
2024-10-02 22:00:00,90216.0,9.0,False,9.0
2024-10-02 23:00:00,90220.0,4.0,False,4.0
2024-10-03 00:00:00,90223.0,3.0,False,3.0
2024-10-03 01:00:00,90226.0,3.0,False,3.0
2024-10-03 02:00:00,90229.0,3.0,False,3.0
2024-10-03 03:00:00,90232.0,3.0,False,3.0
2024-10-03 04:00:00,90235.0,3.0,False,3.0
2024-10-03 05:00:00,90237.0,2.0,False,2.0
2024-10-03 06:00:00,90240.0,3.0,False,3.0
2024-10-03 07:00:00,90243.0,3.0,False,3.0
2024-10-03 08:00:00,90247.0,4.0,False,4.0
2024-10-03 09:00:00,90253.0,6.0,False,6.0
2024-10-03 10:00:00,90263.0,10.0,False,10.0
2024-10-03 11:00:00,90273.0,10.0,False,10.0
2024-10-03 12:00:00,90284.0,11.0,False,11.0
2024-10-03 13:00:00,90293.0,9.0,False,9.0
2024-10-03 14:00:00,90302.0,9.0,False,9.0
2024-10-03 15:00:00,90313.0,11.0,False,11.0
2024-10-03 16:00:00,90324.0,11.0,False,11.0
2024-10-03 17:00:00,90334.0,10.0,False,10.0
2024-10-03 18:00:00,90345.0,11.0,False,11.0
2024-10-03 19:00:00,90355.0,10.0,False,10.0
2024-10-03 20:00:00,90367.0,12.0,False,12.0
2024-10-03 21:00:00,90379.0,12.0,False,12.0
2024-10-03 22:00:00,90389.0,10.0,False,10.0
2024-10-03 23:00:00,90393.0,4.0,False,4.0
2024-10-04 00:00:00,90396.0,3.0,False,3.0
2024-10-04 01:00:00,90398.0,2.0,False,2.0
2024-10-04 02:00:00,90401.0,3.0,False,3.0
2024-10-04 03:00:00,90404.0,3.0,False,3.0
2024-10-04 04:00:00,90406.0,2.0,False,2.0
2024-10-04 05:00:00,90409.0,3.0,False,3.0
2024-10-04 06:00:00,90412.0,3.0,False,3.0
2024-10-04 07:00:00,90414.0,2.0,False,2.0
2024-10-04 08:00:00,90419.0,5.0,False,5.0
2024-10-04 09:00:00,90424.0,5.0,False,5.0
2024-10-04 10:00:00,90433.0,9.0,False,9.0
2024-10-04 11:00:00,90442.0,9.0,False,9.0
2024-10-04 12:00:00,90451.0,9.0,False,9.0
2024-10-04 13:00:00,90461.0,10.0,False,10.0
2024-10-04 14:00:00,90472.0,11.0,False,11.0
2024-10-04 15:00:00,90483.0,11.0,False,11.0
2024-10-04 16:00:00,90494.0,11.0,False,11.0
2024-10-04 17:00:00,90504.0,10.0,False,10.0
2024-10-04 18:00:00,90515.0,11.0,False,11.0
2024-10-04 19:00:00,90524.0,9.0,False,9.0
2024-10-04 20:00:00,90534.0,10.0,False,10.0
2024-10-04 21:00:00,90544.0,10.0,False,10.0
2024-10-04 22:00:00,90554.0,10.0,False,10.0
2024-10-04 23:00:00,90558.0,4.0,False,4.0
2024-10-05 00:00:00,90560.0,2.0,False,2.0
2024-10-05 01:00:00,90563.0,3.0,False,3.0
2024-10-05 02:00:00,90566.0,3.0,False,3.0
2024-10-05 03:00:00,90569.0,3.0,False,3.0
2024-10-05 04:00:00,90572.0,3.0,False,3.0
2024-10-05 05:00:00,90574.0,2.0,False,2.0
2024-10-05 06:00:00,90577.0,3.0,False,3.0
2024-10-05 07:00:00,90580.0,3.0,False,3.0
2024-10-05 08:00:00,90585.0,5.0,False,5.0
2024-10-05 09:00:00,90591.0,6.0,False,6.0
2024-10-05 10:00:00,90600.0,9.0,False,9.0
2024-10-05 11:00:00,90610.0,10.0,False,10.0
2024-10-05 12:00:00,90620.0,10.0,False,10.0
2024-10-05 13:00:00,90630.0,10.0,False,10.0
2024-10-05 14:00:00,90639.0,9.0,False,9.0
2024-10-05 15:00:00,90649.0,10.0,False,10.0
2024-10-05 16:00:00,90660.0,11.0,False,11.0
2024-10-05 17:00:00,90671.0,11.0,False,11.0
2024-10-05 18:00:00,90681.0,10.0,False,10.0
2024-10-05 19:00:00,90691.0,10.0,False,10.0
2024-10-05 20:00:00,90701.0,10.0,False,10.0
2024-10-05 21:00:00,90712.0,11.0,False,11.0
2024-10-05 22:00:00,90723.0,11.0,False,11.0
2024-10-05 23:00:00,90728.0,5.0,False,5.0
2024-10-06 00:00:00,90730.0,2.0,False,2.0
2024-10-06 01:00:00,90733.0,3.0,False,3.0
2024-10-06 02:00:00,90736.0,3.0,False,3.0
2024-10-06 03:00:00,90739.0,3.0,False,3.0
2024-10-06 04:00:00,90741.0,2.0,False,2.0
2024-10-06 05:00:00,90744.0,3.0,False,3.0
2024-10-06 06:00:00,90747.0,3.0,False,3.0
2024-10-06 07:00:00,90751.0,4.0,False,4.0
2024-10-06 08:00:00,90756.0,5.0,False,5.0
2024-10-06 09:00:00,90762.0,6.0,False,6.0
2024-10-06 10:00:00,90772.0,10.0,False,10.0
2024-10-06 11:00:00,90782.0,10.0,False,10.0
2024-10-06 12:00:00,90793.0,11.0,False,11.0
2024-10-06 13:00:00,90804.0,11.0,False,11.0
2024-10-06 14:00:00,90814.0,10.0,False,10.0
2024-10-06 15:00:00,90826.0,12.0,False,12.0
2024-10-06 16:00:00,90837.0,11.0,False,11.0
2024-10-06 17:00:00,90849.0,12.0,False,12.0
2024-10-06 18:00:00,90859.0,10.0,False,10.0
2024-10-06 19:00:00,90869.0,10.0,False,10.0
2024-10-06 20:00:00,90880.0,11.0,False,11.0
2024-10-06 21:00:00,90890.0,10.0,False,10.0
2024-10-06 22:00:00,90900.0,10.0,False,10.0
2024-10-06 23:00:00,90904.0,4.0,False,4.0
2024-10-07 00:00:00,90907.0,3.0,False,3.0
2024-10-07 01:00:00,90910.0,3.0,False,3.0
2024-10-07 02:00:00,90912.0,2.0,False,2.0
2024-10-07 03:00:00,90915.0,3.0,False,3.0
2024-10-07 04:00:00,90918.0,3.0,False,3.0
2024-10-07 05:00:00,90920.0,2.0,False,2.0
2024-10-07 06:00:00,90923.0,3.0,False,3.0
2024-10-07 07:00:00,90926.0,3.0,False,3.0
2024-10-07 08:00:00,90930.0,4.0,False,4.0
2024-10-07 09:00:00,90936.0,6.0,False,6.0
2024-10-07 10:00:00,90945.0,9.0,False,9.0
2024-10-07 11:00:00,90955.0,10.0,False,10.0
2024-10-07 12:00:00,90967.0,12.0,False,12.0
2024-10-07 13:00:00,90978.0,11.0,False,11.0
2024-10-07 14:00:00,90990.0,12.0,False,12.0
2024-10-07 15:00:00,91004.0,14.0,False,14.0
2024-10-07 16:00:00,91016.0,12.0,False,12.0
2024-10-07 17:00:00,91027.0,11.0,False,11.0
2024-10-07 18:00:00,91039.0,12.0,False,12.0
2024-10-07 19:00:00,91050.0,11.0,False,11.0
2024-10-07 20:00:00,91061.0,11.0,False,11.0
2024-10-07 21:00:00,91072.0,11.0,False,11.0
2024-10-07 22:00:00,,,False,9.57
2024-10-07 23:00:00,91087.0,,False,4.14
2024-10-08 00:00:00,91090.0,3.0,False,3.0
2024-10-08 01:00:00,91092.0,2.0,False,2.0
2024-10-08 02:00:00,91095.0,3.0,False,3.0
2024-10-08 03:00:00,91098.0,3.0,False,3.0
2024-10-08 04:00:00,91101.0,3.0,False,3.0
2024-10-08 05:00:00,91103.0,2.0,False,2.0
2024-10-08 06:00:00,91106.0,3.0,False,3.0
2024-10-08 07:00:00,91109.0,3.0,False,3.0
2024-10-08 08:00:00,91113.0,4.0,False,4.0
2024-10-08 09:00:00,91128.0,15.0,False,15.0
2024-10-08 10:00:00,91144.0,16.0,False,16.0
2024-10-08 11:00:00,91162.0,18.0,False,18.0
2024-10-08 12:00:00,91180.0,18.0,False,18.0
2024-10-08 13:00:00,,,False,9.71
2024-10-08 14:00:00,91204.0,,False,10.0
2024-10-08 15:00:00,91220.0,16.0,False,16.0
2024-10-08 16:00:00,91236.0,16.0,False,16.0
2024-10-08 17:00:00,91254.0,18.0,False,18.0
2024-10-08 18:00:00,91271.0,17.0,False,17.0
2024-10-08 19:00:00,91284.0,13.0,False,13.0
2024-10-08 20:00:00,91296.0,12.0,False,12.0
2024-10-08 21:00:00,91308.0,12.0,False,12.0
2024-10-08 22:00:00,,,False,9.67
2024-10-08 23:00:00,91325.0,,False,4.17
2024-10-09 00:00:00,91328.0,3.0,False,3.0
2024-10-09 01:00:00,91331.0,3.0,False,3.0
2024-10-09 02:00:00,91334.0,3.0,False,3.0
2024-10-09 03:00:00,91337.0,3.0,False,3.0
2024-10-09 04:00:00,91340.0,3.0,False,3.0
2024-10-09 05:00:00,91343.0,3.0,False,3.0
2024-10-09 06:00:00,91345.0,2.0,False,2.0
2024-10-09 07:00:00,91349.0,4.0,False,4.0
2024-10-09 08:00:00,91353.0,4.0,False,4.0
2024-10-09 09:00:00,91367.0,14.0,False,14.0
2024-10-09 10:00:00,91382.0,15.0,False,15.0
2024-10-09 11:00:00,91397.0,15.0,False,15.0
2024-10-09 12:00:00,91414.0,17.0,False,17.0
2024-10-09 13:00:00,91427.0,13.0,False,13.0
2024-10-09 14:00:00,91441.0,14.0,False,14.0
2024-10-09 15:00:00,91464.0,23.0,False,23.0
2024-10-09 16:00:00,91484.0,20.0,False,20.0
2024-10-09 17:00:00,91504.0,20.0,False,20.0
2024-10-09 18:00:00,91522.0,18.0,False,18.0
2024-10-09 19:00:00,91537.0,15.0,False,15.0
2024-10-09 20:00:00,91552.0,15.0,False,15.0
2024-10-09 21:00:00,91570.0,18.0,False,18.0
2024-10-09 22:00:00,,,False,10.0
2024-10-09 23:00:00,91592.0,,False,4.2
2024-10-10 00:00:00,91595.0,3.0,False,3.0
2024-10-10 01:00:00,91599.0,4.0,False,4.0
2024-10-10 02:00:00,91602.0,3.0,False,3.0
2024-10-10 03:00:00,,,False,3.0
2024-10-10 04:00:00,91608.0,,False,2.71
2024-10-10 05:00:00,91610.0,2.0,False,2.0
2024-10-10 06:00:00,91613.0,3.0,False,3.0
2024-10-10 07:00:00,91616.0,3.0,False,3.0
2024-10-10 08:00:00,91622.0,6.0,False,6.0
2024-10-10 09:00:00,91636.0,14.0,False,14.0
2024-10-10 10:00:00,91651.0,15.0,False,15.0
2024-10-10 11:00:00,91668.0,17.0,False,17.0
2024-10-10 12:00:00,91685.0,17.0,False,17.0
2024-10-10 13:00:00,91699.0,14.0,False,14.0
2024-10-10 14:00:00,91716.0,17.0,False,17.0
2024-10-10 15:00:00,91740.0,24.0,False,24.0
2024-10-10 16:00:00,,,False,13.14
2024-10-10 17:00:00,91785.0,,False,13.14
2024-10-10 18:00:00,91804.0,19.0,False,19.0
2024-10-10 19:00:00,91820.0,16.0,False,16.0
2024-10-10 20:00:00,91835.0,15.0,False,15.0
2024-10-10 21:00:00,91848.0,13.0,False,13.0
2024-10-10 22:00:00,,,False,10.25
2024-10-10 23:00:00,91865.0,,False,4.25
2024-10-11 00:00:00,91867.0,2.0,False,2.0
2024-10-11 01:00:00,91870.0,3.0,False,3.0
2024-10-11 02:00:00,91872.0,2.0,False,2.0
2024-10-11 03:00:00,91875.0,3.0,False,3.0
2024-10-11 04:00:00,91878.0,3.0,False,3.0
2024-10-11 05:00:00,91881.0,3.0,False,3.0
2024-10-11 06:00:00,91884.0,3.0,False,3.0
2024-10-11 07:00:00,91887.0,3.0,False,3.0
2024-10-11 08:00:00,91892.0,5.0,False,5.0
2024-10-11 09:00:00,91902.0,10.0,False,10.0
2024-10-11 10:00:00,91914.0,12.0,False,12.0
2024-10-11 11:00:00,91928.0,14.0,False,14.0
2024-10-11 12:00:00,91940.0,12.0,False,12.0
2024-10-11 13:00:00,91951.0,11.0,False,11.0
2024-10-11 14:00:00,91962.0,11.0,False,11.0
2024-10-11 15:00:00,91980.0,18.0,False,18.0
2024-10-11 16:00:00,91998.0,18.0,False,18.0
2024-10-11 17:00:00,92016.0,18.0,False,18.0
2024-10-11 18:00:00,92033.0,17.0,False,17.0
2024-10-11 19:00:00,92046.0,13.0,False,13.0
2024-10-11 20:00:00,92059.0,13.0,False,13.0
2024-10-11 21:00:00,92072.0,13.0,False,13.0
2024-10-11 22:00:00,92084.0,12.0,False,12.0
2024-10-11 23:00:00,92091.0,7.0,False,7.0
2024-10-12 00:00:00,92094.0,3.0,False,3.0
2024-10-12 01:00:00,92096.0,2.0,False,2.0
2024-10-12 02:00:00,92099.0,3.0,False,3.0
2024-10-12 03:00:00,92102.0,3.0,False,3.0
2024-10-12 04:00:00,92105.0,3.0,False,3.0
2024-10-12 05:00:00,92108.0,3.0,False,3.0
2024-10-12 06:00:00,92111.0,3.0,False,3.0
2024-10-12 07:00:00,92114.0,3.0,False,3.0
2024-10-12 08:00:00,92119.0,5.0,False,5.0
2024-10-12 09:00:00,92128.0,9.0,False,9.0
2024-10-12 10:00:00,92139.0,11.0,False,11.0
2024-10-12 11:00:00,92152.0,13.0,False,13.0
2024-10-12 12:00:00,92164.0,12.0,False,12.0
2024-10-12 13:00:00,92176.0,12.0,False,12.0
2024-10-12 14:00:00,92188.0,12.0,False,12.0
2024-10-12 15:00:00,92202.0,14.0,False,14.0
2024-10-12 16:00:00,92217.0,15.0,False,15.0
2024-10-12 17:00:00,92230.0,13.0,False,13.0
2024-10-12 18:00:00,92243.0,13.0,False,13.0
2024-10-12 19:00:00,92253.0,10.0,False,10.0
2024-10-12 20:00:00,92264.0,11.0,False,11.0
2024-10-12 21:00:00,92274.0,10.0,False,10.0
2024-10-12 22:00:00,92285.0,11.0,False,11.0
2024-10-12 23:00:00,92290.0,5.0,False,5.0
2024-10-13 00:00:00,92292.0,2.0,False,2.0
2024-10-13 01:00:00,92295.0,3.0,False,3.0
2024-10-13 02:00:00,92298.0,3.0,False,3.0
2024-10-13 03:00:00,92301.0,3.0,False,3.0
2024-10-13 04:00:00,92304.0,3.0,False,3.0
2024-10-13 05:00:00,92307.0,3.0,False,3.0
2024-10-13 06:00:00,92310.0,3.0,False,3.0
2024-10-13 07:00:00,92312.0,2.0,False,2.0
2024-10-13 08:00:00,92317.0,5.0,False,5.0
2024-10-13 09:00:00,92326.0,9.0,False,9.0
2024-10-13 10:00:00,92337.0,11.0,False,11.0
2024-10-13 11:00:00,92349.0,12.0,False,12.0
2024-10-13 12:00:00,92362.0,13.0,False,13.0
2024-10-13 13:00:00,92372.0,10.0,False,10.0
2024-10-13 14:00:00,92383.0,11.0,False,11.0
2024-10-13 15:00:00,92398.0,15.0,False,15.0
2024-10-13 16:00:00,92413.0,15.0,False,15.0
2024-10-13 17:00:00,92427.0,14.0,False,14.0
2024-10-13 18:00:00,92438.0,11.0,False,11.0
2024-10-13 19:00:00,92448.0,10.0,False,10.0
2024-10-13 20:00:00,92457.0,9.0,False,9.0
2024-10-13 21:00:00,92467.0,10.0,False,10.0
2024-10-13 22:00:00,92477.0,10.0,False,10.0
2024-10-13 23:00:00,92481.0,4.0,False,4.0
2024-10-14 00:00:00,92484.0,3.0,False,3.0
2024-10-14 01:00:00,92487.0,3.0,False,3.0
2024-10-14 02:00:00,92490.0,3.0,False,3.0
2024-10-14 03:00:00,92493.0,3.0,False,3.0
2024-10-14 04:00:00,92493.0,,False,3.0
2024-10-14 05:00:00,92493.0,,False,2.57
2024-10-14 06:00:00,92493.0,,False,2.86
2024-10-14 07:00:00,92493.0,,False,3.0
2024-10-14 08:00:00,92493.0,,False,4.71
2024-10-14 09:00:00,92493.0,,False,11.0
2024-10-14 10:00:00,92493.0,,False,12.71
2024-10-14 11:00:00,92493.0,,False,14.14
2024-10-14 12:00:00,92493.0,,False,14.43
2024-10-14 13:00:00,92493.0,,False,11.83
2024-10-14 14:00:00,92493.0,,False,12.83
2024-10-14 15:00:00,92493.0,,False,17.71
2024-10-14 16:00:00,92493.0,,False,16.0
2024-10-14 17:00:00,92493.0,,False,15.67
2024-10-14 18:00:00,92493.0,,False,15.29
2024-10-14 19:00:00,92493.0,,False,12.57
2024-10-14 20:00:00,92493.0,,False,12.29
2024-10-14 21:00:00,92493.0,,False,12.43
2024-10-14 22:00:00,92493.0,,False,11.0
2024-10-14 23:00:00,92493.0,,False,5.33
2024-10-15 00:00:00,92493.0,,False,2.71
2024-10-15 01:00:00,92493.0,,False,2.86
2024-10-15 02:00:00,92493.0,,False,2.86
2024-10-15 03:00:00,92493.0,,False,3.0
2024-10-15 04:00:00,92493.0,,False,3.0
2024-10-15 05:00:00,92493.0,,False,2.67
2024-10-15 06:00:00,92493.0,,False,2.83
2024-10-15 07:00:00,92493.0,,False,3.0
2024-10-15 08:00:00,92493.0,,False,4.83
2024-10-15 09:00:00,92493.0,,False,11.83
2024-10-15 10:00:00,92493.0,,False,13.33
2024-10-15 11:00:00,92493.0,,False,14.83
2024-10-15 12:00:00,92493.0,,False,14.83
2024-10-15 13:00:00,92493.0,,False,12.0
2024-10-15 14:00:00,92493.0,,False,13.0
2024-10-15 15:00:00,92493.0,,False,18.33
2024-10-15 16:00:00,92493.0,,False,16.8
2024-10-15 17:00:00,92493.0,,False,16.6
2024-10-15 18:00:00,92493.0,,False,15.83
2024-10-15 19:00:00,92493.0,,False,12.83
2024-10-15 20:00:00,92493.0,,False,12.5
2024-10-15 21:00:00,92493.0,,False,12.67
2024-10-15 22:00:00,92493.0,,False,11.0
2024-10-15 23:00:00,92493.0,,False,5.33
2024-10-16 00:00:00,92493.0,,False,2.67
2024-10-16 01:00:00,92493.0,,False,3.0
2024-10-16 02:00:00,92493.0,,False,2.83
2024-10-16 03:00:00,92493.0,,False,3.0
2024-10-16 04:00:00,92493.0,,False,3.0
2024-10-16 05:00:00,92493.0,,False,2.8
2024-10-16 06:00:00,92493.0,,False,2.8
2024-10-16 07:00:00,92493.0,,False,3.0
2024-10-16 08:00:00,92493.0,,False,5.0
2024-10-16 09:00:00,92493.0,,False,11.2
2024-10-16 10:00:00,92493.0,,False,12.8
2024-10-16 11:00:00,92493.0,,False,14.2
2024-10-16 12:00:00,92493.0,,False,14.2
2024-10-16 13:00:00,92493.0,,False,12.0
2024-10-16 14:00:00,92493.0,,False,13.0
2024-10-16 15:00:00,92493.0,,False,18.8
2024-10-16 16:00:00,92493.0,,False,17.0
2024-10-16 17:00:00,92493.0,,False,16.25
2024-10-16 18:00:00,92493.0,,False,15.6
2024-10-16 19:00:00,92493.0,,False,12.8
2024-10-16 20:00:00,92493.0,,False,12.6
2024-10-16 21:00:00,92493.0,,False,12.8
2024-10-16 22:00:00,92493.0,,False,11.0
2024-10-16 23:00:00,92493.0,,False,5.33
2024-10-17 00:00:00,92493.0,,False,2.6
2024-10-17 01:00:00,92493.0,,False,3.0
2024-10-17 02:00:00,92493.0,,False,2.8
2024-10-17 03:00:00,92493.0,,False,3.0
2024-10-17 04:00:00,92493.0,,False,3.0
2024-10-17 05:00:00,92493.0,,False,2.75
2024-10-17 06:00:00,92493.0,,False,3.0
2024-10-17 07:00:00,92493.0,,False,2.75
2024-10-17 08:00:00,92493.0,,False,5.25
2024-10-17 09:00:00,92493.0,,False,10.5
2024-10-17 10:00:00,92493.0,,False,12.25
2024-10-17 11:00:00,92493.0,,False,14.0
2024-10-17 12:00:00,92493.0,,False,13.5
2024-10-17 13:00:00,92493.0,,False,11.75
2024-10-17 14:00:00,92493.0,,False,12.75
2024-10-17 15:00:00,92493.0,,False,17.75
2024-10-17 16:00:00,92493.0,,False,16.0
2024-10-17 17:00:00,92493.0,,False,15.0
2024-10-17 18:00:00,92493.0,,False,15.0
2024-10-17 19:00:00,92493.0,,False,12.25
2024-10-17 20:00:00,92493.0,,False,12.0
2024-10-17 21:00:00,92493.0,,False,11.5
2024-10-17 22:00:00,92493.0,,False,11.0
2024-10-17 23:00:00,92493.0,,False,5.33
2024-10-18 00:00:00,92493.0,,False,2.5
2024-10-18 01:00:00,92493.0,,False,2.75
2024-10-18 02:00:00,92493.0,,False,2.75
2024-10-18 03:00:00,92493.0,,False,3.0
2024-10-18 04:00:00,92493.0,,False,3.0
2024-10-18 05:00:00,92493.0,,False,3.0
2024-10-18 06:00:00,92493.0,,False,3.0
2024-10-18 07:00:00,92493.0,,False,2.67
2024-10-18 08:00:00,92493.0,,False,5.0
2024-10-18 09:00:00,92493.0,,False,9.33
2024-10-18 10:00:00,92493.0,,False,11.33
2024-10-18 11:00:00,92493.0,,False,13.0
2024-10-18 12:00:00,92493.0,,False,12.33
2024-10-18 13:00:00,92493.0,,False,11.0
2024-10-18 14:00:00,92493.0,,False,11.33
2024-10-18 15:00:00,92493.0,,False,15.67
2024-10-18 16:00:00,92493.0,,False,16.0
2024-10-18 17:00:00,92493.0,,False,15.0
2024-10-18 18:00:00,92493.0,,False,13.67
2024-10-18 19:00:00,92493.0,,False,11.0
2024-10-18 20:00:00,92493.0,,False,11.0
2024-10-18 21:00:00,92493.0,,False,11.0
2024-10-18 22:00:00,92493.0,,False,11.0
2024-10-18 23:00:00,92493.0,,False,5.33
2024-10-19 00:00:00,92493.0,,False,2.67
2024-10-19 01:00:00,92493.0,,False,2.67
2024-10-19 02:00:00,92493.0,,False,3.0
2024-10-19 03:00:00,92493.0,,False,3.0
2024-10-19 04:00:00,92493.0,,False,3.0
2024-10-19 05:00:00,92493.0,,False,3.0
2024-10-19 06:00:00,92493.0,,False,3.0
2024-10-19 07:00:00,92493.0,,False,2.5
2024-10-19 08:00:00,92493.0,,False,5.0
2024-10-19 09:00:00,92493.0,,False,9.0
2024-10-19 10:00:00,92493.0,,False,11.0
2024-10-19 11:00:00,92493.0,,False,12.5
2024-10-19 12:00:00,92493.0,,False,12.5
2024-10-19 13:00:00,92493.0,,False,11.0
2024-10-19 14:00:00,92493.0,,False,11.5
2024-10-19 15:00:00,92493.0,,False,14.5
2024-10-19 16:00:00,92493.0,,False,15.0
2024-10-19 17:00:00,92493.0,,False,13.5
2024-10-19 18:00:00,92493.0,,False,12.0
2024-10-19 19:00:00,92493.0,,False,10.0
2024-10-19 20:00:00,92493.0,,False,10.0
2024-10-19 21:00:00,92493.0,,False,10.0
2024-10-19 22:00:00,92493.0,,False,10.5
2024-10-19 23:00:00,92493.0,,False,4.5
2024-10-20 00:00:00,92493.0,,False,2.5
2024-10-20 01:00:00,92493.0,,False,3.0
2024-10-20 02:00:00,92493.0,,False,3.0
2024-10-20 03:00:00,92493.0,,False,3.0
2024-10-20 04:00:00,92493.0,,False,2.91
2024-10-20 05:00:00,92493.0,,False,2.7
2024-10-20 06:00:00,92493.0,,False,2.89
2024-10-20 07:00:00,92493.0,,False,2.99
2024-10-20 08:00:00,92493.0,,False,4.84
2024-10-20 09:00:00,92493.0,,False,10.42
2024-10-20 10:00:00,92493.0,,False,12.32
2024-10-20 11:00:00,92493.0,,False,13.69
2024-10-20 12:00:00,92493.0,,False,13.84
2024-10-20 13:00:00,92493.0,,False,11.52
2024-10-20 14:00:00,92493.0,,False,12.24
2024-10-20 15:00:00,92493.0,,False,17.05
2024-10-20 16:00:00,92493.0,,False,15.5
2024-10-20 17:00:00,92493.0,,False,15.08
2024-10-20 18:00:00,92493.0,,False,14.6
2024-10-20 19:00:00,92493.0,,False,12.1
2024-10-20 20:00:00,92493.0,,False,11.96
2024-10-20 21:00:00,92493.0,,False,11.96
2024-10-20 22:00:00,92493.0,,False,10.57
2024-10-20 23:00:00,92493.0,,False,4.85
2024-10-21 00:00:00,92493.0,,False,2.69
2024-10-21 01:00:00,92493.0,,False,2.88
2024-10-21 02:00:00,92493.0,,False,2.8
2024-10-21 03:00:00,92493.0,,False,3.0
2024-10-21 04:00:00,92493.0,,False,2.98
2024-10-21 05:00:00,92493.0,,False,2.68
2024-10-21 06:00:00,92493.0,,False,2.88
2024-10-21 07:00:00,92493.0,,False,2.92
2024-10-21 08:00:00,92493.0,,False,4.83
2024-10-21 09:00:00,92493.0,,False,10.76
2024-10-21 10:00:00,92493.0,,False,12.49
2024-10-21 11:00:00,92493.0,,False,13.98
2024-10-21 12:00:00,92493.0,,False,14.06
2024-10-21 13:00:00,92493.0,,False,11.56
2024-10-21 14:00:00,92493.0,,False,12.42
2024-10-21 15:00:00,92493.0,,False,17.44
2024-10-21 16:00:00,92493.0,,False,15.84
2024-10-21 17:00:00,92493.0,,False,15.32
2024-10-21 18:00:00,92493.0,,False,14.95
2024-10-21 19:00:00,92493.0,,False,12.27
2024-10-21 20:00:00,92493.0,,False,12.03
2024-10-21 21:00:00,92493.0,,False,12.11
2024-10-21 22:00:00,92493.0,,False,10.61
2024-10-21 23:00:00,92493.0,,False,4.92
2024-10-22 00:00:00,92493.0,,False,2.67
2024-10-22 01:00:00,92493.0,,False,2.87
2024-10-22 02:00:00,92493.0,,False,2.86
2024-10-22 03:00:00,92493.0,,False,3.0
2024-10-22 04:00:00,92493.0,,False,2.98
2024-10-22 05:00:00,92493.0,,False,2.73
2024-10-22 06:00:00,92493.0,,False,2.87
2024-10-22 07:00:00,92493.0,,False,2.91
2024-10-22 08:00:00,92493.0,,False,4.9
2024-10-22 09:00:00,92493.0,,False,11.16
2024-10-22 10:00:00,92493.0,,False,12.79
2024-10-22 11:00:00,92493.0,,False,14.31
2024-10-22 12:00:00,92493.0,,False,14.23
2024-10-22 13:00:00,92493.0,,False,11.61
2024-10-22 14:00:00,92493.0,,False,12.45
2024-10-22 15:00:00,92493.0,,False,17.73
2024-10-22 16:00:00,92493.0,,False,16.16
2024-10-22 17:00:00,92493.0,,False,15.68
2024-10-22 18:00:00,92493.0,,False,15.2
2024-10-22 19:00:00,92493.0,,False,12.37
2024-10-22 20:00:00,92493.0,,False,12.12
2024-10-22 21:00:00,92493.0,,False,12.2
2024-10-22 22:00:00,92493.0,,False,10.7
2024-10-22 23:00:00,92493.0,,False,4.98
2024-10-23 00:00:00,92493.0,,False,2.64
2024-10-23 01:00:00,92493.0,,False,2.94
2024-10-23 02:00:00,92493.0,,False,2.85
2024-10-23 03:00:00,92493.0,,False,3.0
2024-10-23 04:00:00,92493.0,,False,2.97
2024-10-23 05:00:00,92493.0,,False,2.8
2024-10-23 06:00:00,92493.0,,False,2.86
2024-10-23 07:00:00,92493.0,,False,2.9
2024-10-23 08:00:00,92493.0,,False,4.98
2024-10-23 09:00:00,92493.0,,False,10.81
2024-10-23 10:00:00,92493.0,,False,12.49
2024-10-23 11:00:00,92493.0,,False,13.97
2024-10-23 12:00:00,92493.0,,False,13.89
2024-10-23 13:00:00,92493.0,,False,11.78
2024-10-23 14:00:00,92493.0,,False,12.67
2024-10-23 15:00:00,92493.0,,False,17.89
2024-10-23 16:00:00,92493.0,,False,16.18
2024-10-23 17:00:00,92493.0,,False,15.47
2024-10-23 18:00:00,92493.0,,False,15.04
2024-10-23 19:00:00,92493.0,,False,12.31
2024-10-23 20:00:00,92493.0,,False,12.13
2024-10-23 21:00:00,92493.0,,False,12.22
2024-10-23 22:00:00,92493.0,,False,10.8
2024-10-23 23:00:00,92493.0,,False,5.06
2024-10-24 00:00:00,92493.0,,False,2.6
2024-10-24 01:00:00,92493.0,,False,2.93
2024-10-24 02:00:00,92493.0,,False,2.84
2024-10-24 03:00:00,92493.0,,False,3.0
2024-10-24 04:00:00,92493.0,,False,2.97
2024-10-24 05:00:00,92493.0,,False,2.78
2024-10-24 06:00:00,92493.0,,False,2.95
2024-10-24 07:00:00,92493.0,,False,2.79
2024-10-24 08:00:00,92493.0,,False,5.08
2024-10-24 09:00:00,92493.0,,False,10.49
2024-10-24 10:00:00,92493.0,,False,12.24
2024-10-24 11:00:00,92493.0,,False,13.87
2024-10-24 12:00:00,92493.0,,False,13.58
2024-10-24 13:00:00,92493.0,,False,11.66
2024-10-24 14:00:00,92493.0,,False,12.54
2024-10-24 15:00:00,92493.0,,False,17.38
2024-10-24 16:00:00,92493.0,,False,15.79
2024-10-24 17:00:00,92493.0,,False,15.02
2024-10-24 18:00:00,92493.0,,False,14.74
2024-10-24 19:00:00,92493.0,,False,12.05
2024-10-24 20:00:00,92493.0,,False,11.84
2024-10-24 21:00:00,92493.0,,False,11.64
2024-10-24 22:00:00,92493.0,,False,10.88
2024-10-24 23:00:00,92493.0,,False,5.14
2024-10-25 00:00:00,92493.0,,False,2.56
2024-10-25 01:00:00,92493.0,,False,2.83
2024-10-25 02:00:00,92493.0,,False,2.82
2024-10-25 03:00:00,92493.0,,False,3.0
2024-10-25 04:00:00,92493.0,,False,3.0
2024-10-25 05:00:00,92493.0,,False,2.87
2024-10-25 06:00:00,92493.0,,False,2.94
2024-10-25 07:00:00,92493.0,,False,2.77
2024-10-25 08:00:00,92493.0,,False,4.98
2024-10-25 09:00:00,92493.0,,False,10.1
2024-10-25 10:00:00,92493.0,,False,11.94
2024-10-25 11:00:00,92493.0,,False,13.52
2024-10-25 12:00:00,92493.0,,False,13.2
2024-10-25 13:00:00,92493.0,,False,11.4
2024-10-25 14:00:00,92493.0,,False,12.05
2024-10-25 15:00:00,92493.0,,False,16.64
2024-10-25 16:00:00,92493.0,,False,16.09
2024-10-25 17:00:00,92493.0,,False,15.22
2024-10-25 18:00:00,92493.0,,False,14.27
2024-10-25 19:00:00,92493.0,,False,11.61
2024-10-25 20:00:00,92493.0,,False,11.49
2024-10-25 21:00:00,92493.0,,False,11.49
2024-10-25 22:00:00,92493.0,,False,10.94
2024-10-25 23:00:00,92493.0,,False,5.24
2024-10-26 00:00:00,92493.0,,False,2.63
2024-10-26 01:00:00,92493.0,,False,2.81
2024-10-26 02:00:00,92493.0,,False,2.92
2024-10-26 03:00:00,92493.0,,False,3.0
2024-10-26 04:00:00,92493.0,,False,3.0
2024-10-26 05:00:00,92493.0,,False,2.85
2024-10-26 06:00:00,92493.0,,False,2.94
2024-10-26 07:00:00,92493.0,,False,2.74
2024-10-26 08:00:00,92493.0,,False,4.97
2024-10-26 09:00:00,92493.0,,False,10.11
2024-10-26 10:00:00,92493.0,,False,11.93
2024-10-26 11:00:00,92493.0,,False,13.46
2024-10-26 12:00:00,92493.0,,False,13.35
2024-10-26 13:00:00,92493.0,,False,11.45
2024-10-26 14:00:00,92493.0,,False,12.18
2024-10-26 15:00:00,92493.0,,False,16.47
2024-10-26 16:00:00,92493.0,,False,15.85
2024-10-26 17:00:00,92493.0,,False,14.88
2024-10-26 18:00:00,92493.0,,False,13.92
2024-10-26 19:00:00,92493.0,,False,11.43
2024-10-26 20:00:00,92493.0,,False,11.3
2024-10-26 21:00:00,92493.0,,False,11.3
2024-10-26 22:00:00,92493.0,,False,10.81
2024-10-26 23:00:00,92493.0,,False,5.02
2024-10-27 00:00:00,92493.0,,False,2.58
2024-10-27 01:00:00,92493.0,,False,2.91
2024-10-27 02:00:00,92493.0,,False,2.91
2024-10-27 03:00:00,92493.0,,False,3.0
2024-10-27 04:00:00,92493.0,,False,3.0
2024-10-27 05:00:00,92493.0,,False,2.83
2024-10-27 06:00:00,92493.0,,False,2.93
2024-10-27 07:00:00,92493.0,,False,2.7
2024-10-27 08:00:00,92493.0,,False,4.97
2024-10-27 09:00:00,92493.0,,False,10.27
2024-10-27 10:00:00,92493.0,,False,12.06
2024-10-27 11:00:00,92493.0,,False,13.53
2024-10-27 12:00:00,92493.0,,False,13.54
2024-10-27 13:00:00,92493.0,,False,11.37
2024-10-27 14:00:00,92493.0,,False,12.2
2024-10-27 15:00:00,92493.0,,False,16.82
2024-10-27 16:00:00,92493.0,,False,15.97
2024-10-27 17:00:00,92493.0,,False,15.15
2024-10-27 18:00:00,92493.0,,False,14.06
2024-10-27 19:00:00,92493.0,,False,11.64
2024-10-27 20:00:00,92493.0,,False,11.34
2024-10-27 21:00:00,92493.0,,False,11.49
2024-10-27 22:00:00,92493.0,,False,10.79
2024-10-27 23:00:00,92493.0,,False,5.02
2024-10-28 00:00:00,92493.0,,False,2.66
2024-10-28 01:00:00,92493.0,,False,2.9
2024-10-28 02:00:00,92493.0,,False,2.89
2024-10-28 03:00:00,92493.0,,False,3.0
2024-10-28 04:00:00,92493.0,,False,3.0
2024-10-28 05:00:00,92493.0,,False,2.8
2024-10-28 06:00:00,92493.0,,False,2.92
2024-10-28 07:00:00,92493.0,,False,2.82
2024-10-28 08:00:00,92493.0,,False,4.97
2024-10-28 09:00:00,92493.0,,False,10.48
2024-10-28 10:00:00,92493.0,,False,12.24
2024-10-28 11:00:00,92493.0,,False,13.78
2024-10-28 12:00:00,92493.0,,False,13.63
2024-10-28 13:00:00,92493.0,,False,11.6
2024-10-28 14:00:00,92493.0,,False,12.4
2024-10-28 15:00:00,92493.0,,False,17.13
2024-10-28 16:00:00,92493.0,,False,16.13
2024-10-28 17:00:00,92493.0,,False,15.34
2024-10-28 18:00:00,92493.0,,False,14.56
2024-10-28 19:00:00,92493.0,,False,11.91
2024-10-28 20:00:00,92493.0,,False,11.73
2024-10-28 21:00:00,92493.0,,False,11.73
2024-10-28 22:00:00,92493.0,,False,10.92
2024-10-28 23:00:00,92493.0,,False,5.19
2024-10-29 00:00:00,92493.0,,False,2.61
2024-10-29 01:00:00,92493.0,,False,2.88
2024-10-29 02:00:00,92493.0,,False,2.87
2024-10-29 03:00:00,92493.0,,False,3.0
2024-10-29 04:00:00,92493.0,,False,3.0
2024-10-29 05:00:00,92493.0,,False,2.84
2024-10-29 06:00:00,92493.0,,False,2.93
2024-10-29 07:00:00,92493.0,,False,2.78
2024-10-29 08:00:00,92493.0,,False,5.02
2024-10-29 09:00:00,92493.0,,False,10.37
2024-10-29 10:00:00,92493.0,,False,12.14
2024-10-29 11:00:00,92493.0,,False,13.71
2024-10-29 12:00:00,92493.0,,False,13.47
2024-10-29 13:00:00,92493.0,,False,11.55
2024-10-29 14:00:00,92493.0,,False,12.32
2024-10-29 15:00:00,92493.0,,False,17.01
2024-10-29 16:00:00,92493.0,,False,16.16
2024-10-29 17:00:00,92493.0,,False,15.27
2024-10-29 18:00:00,92493.0,,False,14.42
2024-10-29 19:00:00,,,False,11.78
2024-10-29 20:00:00,92493.0,,False,11.62
2024-10-29 21:00:00,92493.0,,False,11.59
2024-10-29 22:00:00,92493.0,,False,10.9
2024-10-29 23:00:00,92493.0,,False,5.17
2024-10-30 00:00:00,92493.0,,False,2.59
2024-10-30 01:00:00,92493.0,,False,2.88
2024-10-30 02:00:00,92493.0,,False,2.88
2024-10-30 03:00:00,92493.0,,False,3.0
2024-10-30 04:00:00,92493.0,,False,3.0
2024-10-30 05:00:00,92493.0,,False,2.89
2024-10-30 06:00:00,92493.0,,False,2.95
2024-10-30 07:00:00,92493.0,,False,2.73
2024-10-30 08:00:00,92493.0,,False,5.06
2024-10-30 09:00:00,92493.0,,False,10.01
2024-10-30 10:00:00,92493.0,,False,11.85
2024-10-30 11:00:00,92493.0,,False,13.42
2024-10-30 12:00:00,92493.0,,False,13.13
2024-10-30 13:00:00,92493.0,,False,11.44
2024-10-30 14:00:00,92493.0,,False,12.15
2024-10-30 15:00:00,92493.0,,False,16.68
2024-10-30 16:00:00,92493.0,,False,16.0
2024-10-30 17:00:00,92493.0,,False,14.94
2024-10-30 18:00:00,92493.0,,False,14.07
2024-10-30 19:00:00,92493.0,,False,11.51
2024-10-30 20:00:00,92493.0,,False,11.4
2024-10-30 21:00:00,92493.0,,False,11.32
2024-10-30 22:00:00,92493.0,,False,10.88
2024-10-30 23:00:00,92493.0,,False,5.12
2024-10-31 00:00:00,92493.0,,False,2.57
2024-10-31 01:00:00,92493.0,,False,2.85
2024-10-31 02:00:00,92493.0,,False,2.89
2024-10-31 03:00:00,92493.0,,False,3.0
2024-10-31 04:00:00,92493.0,,False,3.0
2024-10-31 05:00:00,92493.0,,False,2.92
2024-10-31 06:00:00,92493.0,,False,3.0
2024-10-31 07:00:00,92493.0,,False,2.64
2024-10-31 08:00:00,92493.0,,False,5.08
2024-10-31 09:00:00,92493.0,,False,9.61
2024-10-31 10:00:00,92493.0,,False,11.53
2024-10-31 11:00:00,92493.0,,False,13.17
2024-10-31 12:00:00,92493.0,,False,12.78
2024-10-31 13:00:00,92493.0,,False,11.25
2024-10-31 14:00:00,92493.0,,False,11.86
2024-10-31 15:00:00,92493.0,,False,15.97
2024-10-31 16:00:00,92493.0,,False,15.67
2024-10-31 17:00:00,92493.0,,False,14.5
2024-10-31 18:00:00,92493.0,,False,13.56
2024-10-31 19:00:00,92493.0,,False,11.08
2024-10-31 20:00:00,92493.0,,False,11.0
2024-10-31 21:00:00,92493.0,,False,10.83
2024-10-31 22:00:00,92493.0,,False,10.83
2024-10-31 23:00:00,92493.0,,False,5.06
2024-11-01 00:00:00,92493.0,,False,2.56
2024-11-01 01:00:00,92493.0,,False,2.81
2024-11-01 02:00:00,92493.0,,False,2.92
2024-11-01 03:00:00,92493.0,,False,3.0
2024-11-01 04:00:00,92493.0,,False,3.0
2024-11-01 05:00:00,92493.0,,False,3.0
2024-11-01 06:00:00,92493.0,,False,3.0
2024-11-01 07:00:00,92493.0,,False,2.58
2024-11-01 08:00:00,92493.0,,False,5.0
2024-11-01 09:00:00,92493.0,,False,9.17
2024-11-01 10:00:00,92493.0,,False,11.17
2024-11-01 11:00:00,92493.0,,False,12.75
2024-11-01 12:00:00,,,False,12.42
2024-11-01 13:00:00,92493.0,,False,11.0
2024-11-01 14:00:00,,,False,11.42
2024-11-01 15:00:00,,,False,15.08
2024-11-01 16:00:00,,,False,15.5
2024-11-01 17:00:00,,,False,14.25
2024-11-01 18:00:00,,,False,12.83
2024-11-01 19:00:00,92493.0,,False,10.5
2024-11-01 20:00:00,92493.0,,False,10.5
2024-11-01 21:00:00,,,False,10.5
2024-11-01 22:00:00,,,False,10.75
2024-11-01 23:00:00,,,False,4.92
2024-11-02 00:00:00,,,False,2.58
2024-11-02 01:00:00,92493.0,,False,2.83
2024-11-02 02:00:00,,,False,3.0
2024-11-02 03:00:00,,,False,3.0
2024-11-02 04:00:00,,,False,3.01
2024-11-02 05:00:00,,,False,3.03
2024-11-02 06:00:00,,,False,3.04
2024-11-02 07:00:00,,,False,3.05
2024-11-02 08:00:00,,,False,3.07
2024-11-02 09:00:00,92493.0,,False,3.08
2024-11-02 10:00:00,,,False,3.1
2024-11-02 11:00:00,,,False,3.11
2024-11-02 12:00:00,92493.0,,False,3.12
2024-11-02 13:00:00,92493.0,,False,3.14
2024-11-02 14:00:00,92493.0,,False,3.15
2024-11-02 15:00:00,92493.0,,False,3.16
2024-11-02 16:00:00,,,False,3.18
2024-11-02 17:00:00,92493.0,,False,3.19
2024-11-02 18:00:00,92493.0,,False,3.21
2024-11-02 19:00:00,92493.0,,False,3.22
2024-11-02 20:00:00,92493.0,,False,3.23
2024-11-02 21:00:00,92493.0,,False,3.25
2024-11-02 22:00:00,92493.0,,False,3.26
2024-11-02 23:00:00,92493.0,,False,3.27
2024-11-03 00:00:00,92493.0,,False,3.29
2024-11-03 01:00:00,92493.0,,False,3.3
2024-11-03 02:00:00,92493.0,,False,3.32
2024-11-03 03:00:00,92493.0,,False,3.33
2024-11-03 04:00:00,92493.0,,False,3.34
2024-11-03 05:00:00,92493.0,,False,3.36
2024-11-03 06:00:00,92493.0,,False,3.37
2024-11-03 07:00:00,92493.0,,False,3.38
2024-11-03 08:00:00,92493.0,,False,3.4
2024-11-03 09:00:00,92493.0,,False,3.41
2024-11-03 10:00:00,92493.0,,False,3.42
2024-11-03 11:00:00,92493.0,,False,3.44
2024-11-03 12:00:00,92493.0,,False,3.45
2024-11-03 13:00:00,92493.0,,False,3.47
2024-11-03 14:00:00,92493.0,,False,3.48
2024-11-03 15:00:00,92493.0,,False,3.49
2024-11-03 16:00:00,92493.0,,False,3.51
2024-11-03 17:00:00,92493.0,,False,3.52
2024-11-03 18:00:00,92493.0,,False,3.53
2024-11-03 19:00:00,92493.0,,False,3.55
2024-11-03 20:00:00,92493.0,,False,3.56
2024-11-03 21:00:00,92493.0,,False,3.58
2024-11-03 22:00:00,92493.0,,False,3.59
2024-11-03 23:00:00,92493.0,,False,3.6
2024-11-04 00:00:00,92493.0,,False,3.62
2024-11-04 01:00:00,92493.0,,False,3.63
2024-11-04 02:00:00,92493.0,,False,3.64
2024-11-04 03:00:00,92493.0,,False,3.66
2024-11-04 04:00:00,92493.0,,False,3.67
2024-11-04 05:00:00,92493.0,,False,3.68
2024-11-04 06:00:00,92493.0,,False,3.7
2024-11-04 07:00:00,92493.0,,False,3.71
2024-11-04 08:00:00,92493.0,,False,3.73
2024-11-04 09:00:00,92493.0,,False,3.74
2024-11-04 10:00:00,92493.0,,False,3.75
2024-11-04 11:00:00,92493.0,,False,3.77
2024-11-04 12:00:00,92493.0,,False,3.78
2024-11-04 13:00:00,92493.0,,False,3.79
2024-11-04 14:00:00,,,False,3.81
2024-11-04 15:00:00,92493.0,,False,3.82
2024-11-04 16:00:00,,,False,3.84
2024-11-04 17:00:00,92493.0,,False,3.85
2024-11-04 18:00:00,92493.0,,False,3.86
2024-11-04 19:00:00,,,False,3.88
2024-11-04 20:00:00,92493.0,,False,3.89
2024-11-04 21:00:00,92493.0,,False,3.9
2024-11-04 22:00:00,92493.0,,False,3.92
2024-11-04 23:00:00,92493.0,,False,3.93
2024-11-05 00:00:00,92493.0,,False,3.95
2024-11-05 01:00:00,92493.0,,False,3.96
2024-11-05 02:00:00,92493.0,,False,3.97
2024-11-05 03:00:00,,,False,3.99
2024-11-05 04:00:00,92493.0,,False,4.0
2024-11-05 05:00:00,92493.0,,False,4.01
2024-11-05 06:00:00,92493.0,,False,4.03
2024-11-05 07:00:00,92493.0,,False,4.04
2024-11-05 08:00:00,92493.0,,False,4.05
2024-11-05 09:00:00,92493.0,,False,4.07
2024-11-05 10:00:00,92493.0,,False,4.08
2024-11-05 11:00:00,92493.0,,False,4.1
2024-11-05 12:00:00,92493.0,,False,4.11
2024-11-05 13:00:00,92493.0,,False,4.12
2024-11-05 14:00:00,92493.0,,False,4.14
2024-11-05 15:00:00,92493.0,,False,4.15
2024-11-05 16:00:00,92493.0,,False,4.16
2024-11-05 17:00:00,92493.0,,False,4.18
2024-11-05 18:00:00,92493.0,,False,4.19
2024-11-05 19:00:00,92493.0,,False,4.21
2024-11-05 20:00:00,92493.0,,False,4.22
2024-11-05 21:00:00,92493.0,,False,4.23
2024-11-05 22:00:00,92493.0,,False,4.25
2024-11-05 23:00:00,92493.0,,False,4.26
2024-11-06 00:00:00,92493.0,,False,4.27
2024-11-06 01:00:00,92493.0,,False,4.29
2024-11-06 02:00:00,,,False,4.3
2024-11-06 03:00:00,,,False,4.32
2024-11-06 04:00:00,92493.0,,False,4.33
2024-11-06 05:00:00,92493.0,,False,4.34
2024-11-06 06:00:00,92493.0,,False,4.36
2024-11-06 07:00:00,92493.0,,False,4.37
2024-11-06 08:00:00,92493.0,,False,4.38
2024-11-06 09:00:00,92493.0,,False,4.4
2024-11-06 10:00:00,92493.0,,False,4.41
2024-11-06 11:00:00,92493.0,,False,4.42
2024-11-06 12:00:00,92493.0,,False,4.44
2024-11-06 13:00:00,92493.0,,False,4.45
2024-11-06 14:00:00,92493.0,,False,4.47
2024-11-06 15:00:00,92493.0,,False,4.48
2024-11-06 16:00:00,,,False,4.49
2024-11-06 17:00:00,92493.0,,False,4.51
2024-11-06 18:00:00,92493.0,,False,4.52
2024-11-06 19:00:00,92493.0,,False,4.53
2024-11-06 20:00:00,92493.0,,False,4.55
2024-11-06 21:00:00,92493.0,,False,4.56
2024-11-06 22:00:00,92493.0,,False,4.58
2024-11-06 23:00:00,92493.0,,False,4.59
2024-11-07 00:00:00,92493.0,,False,4.6
2024-11-07 01:00:00,92493.0,,False,4.62
2024-11-07 02:00:00,92493.0,,False,4.63
2024-11-07 03:00:00,92493.0,,False,4.64
2024-11-07 04:00:00,92493.0,,False,4.66
2024-11-07 05:00:00,92493.0,,False,4.67
2024-11-07 06:00:00,92493.0,,False,4.68
2024-11-07 07:00:00,92493.0,,False,4.7
2024-11-07 08:00:00,92493.0,,False,4.71
2024-11-07 09:00:00,92493.0,,False,4.73
2024-11-07 10:00:00,92493.0,,False,4.74
2024-11-07 11:00:00,92493.0,,False,4.75
2024-11-07 12:00:00,92493.0,,False,4.77
2024-11-07 13:00:00,92493.0,,False,4.78
2024-11-07 14:00:00,92493.0,,False,4.79
2024-11-07 15:00:00,92493.0,,False,4.81
2024-11-07 16:00:00,92493.0,,False,4.82
2024-11-07 17:00:00,92493.0,,False,4.84
2024-11-07 18:00:00,92493.0,,False,4.85
2024-11-07 19:00:00,92493.0,,False,4.86
2024-11-07 20:00:00,92493.0,,False,4.88
2024-11-07 21:00:00,92493.0,,False,4.89
2024-11-07 22:00:00,92493.0,,False,4.9
2024-11-07 23:00:00,92493.0,,False,4.92
2024-11-08 00:00:00,92493.0,,False,4.93
2024-11-08 01:00:00,92493.0,,False,4.95
2024-11-08 02:00:00,92493.0,,False,4.96
2024-11-08 03:00:00,92493.0,,False,4.97
2024-11-08 04:00:00,92493.0,,False,4.99
2024-11-08 05:00:00,92493.0,,False,5.0
2024-11-08 06:00:00,92493.0,,False,5.01
2024-11-08 07:00:00,92493.0,,False,5.03
2024-11-08 08:00:00,92493.0,,False,5.04
2024-11-08 09:00:00,92493.0,,False,5.05
2024-11-08 10:00:00,92493.0,,False,5.07
2024-11-08 11:00:00,92493.0,,False,5.08
2024-11-08 12:00:00,92493.0,,False,5.1
2024-11-08 13:00:00,92493.0,,False,5.11
2024-11-08 14:00:00,92493.0,,False,5.12
2024-11-08 15:00:00,92493.0,,False,5.14
2024-11-08 16:00:00,92493.0,,False,5.15
2024-11-08 17:00:00,92493.0,,False,5.16
2024-11-08 18:00:00,92493.0,,False,5.18
2024-11-08 19:00:00,92493.0,,False,5.19
2024-11-08 20:00:00,92493.0,,False,5.21
2024-11-08 21:00:00,92493.0,,False,5.22
2024-11-08 22:00:00,92493.0,,False,5.23
2024-11-08 23:00:00,92493.0,,False,5.25
2024-11-09 00:00:00,92493.0,,False,5.26
2024-11-09 01:00:00,92493.0,,False,5.27
2024-11-09 02:00:00,92493.0,,False,5.29
2024-11-09 03:00:00,92493.0,,False,5.3
2024-11-09 04:00:00,92493.0,,False,5.32
2024-11-09 05:00:00,92493.0,,False,5.33
2024-11-09 06:00:00,92493.0,,False,5.34
2024-11-09 07:00:00,92493.0,,False,5.36
2024-11-09 08:00:00,92493.0,,False,5.37
2024-11-09 09:00:00,92493.0,,False,5.38
2024-11-09 10:00:00,92493.0,,False,5.4
2024-11-09 11:00:00,92493.0,,False,5.41
2024-11-09 12:00:00,92493.0,,False,5.42
2024-11-09 13:00:00,92493.0,,False,5.44
2024-11-09 14:00:00,92493.0,,False,5.45
2024-11-09 15:00:00,92493.0,,False,5.47
2024-11-09 16:00:00,92493.0,,False,5.48
2024-11-09 17:00:00,92493.0,,False,5.49
2024-11-09 18:00:00,92493.0,,False,5.51
2024-11-09 19:00:00,92493.0,,False,5.52
2024-11-09 20:00:00,92493.0,,False,5.53
2024-11-09 21:00:00,92493.0,,False,5.55
2024-11-09 22:00:00,92493.0,,False,5.56
2024-11-09 23:00:00,92493.0,,False,5.58
2024-11-10 00:00:00,92493.0,,False,5.59
2024-11-10 01:00:00,92493.0,,False,5.6
2024-11-10 02:00:00,92493.0,,False,5.62
2024-11-10 03:00:00,92493.0,,False,5.63
2024-11-10 04:00:00,92493.0,,False,5.64
2024-11-10 05:00:00,92493.0,,False,5.66
2024-11-10 06:00:00,92493.0,,False,5.67
2024-11-10 07:00:00,92493.0,,False,5.68
2024-11-10 08:00:00,92493.0,,False,5.7
2024-11-10 09:00:00,92493.0,,False,5.71
2024-11-10 10:00:00,92493.0,,False,5.73
2024-11-10 11:00:00,92493.0,,False,5.74
2024-11-10 12:00:00,92493.0,,False,5.75
2024-11-10 13:00:00,92493.0,,False,5.77
2024-11-10 14:00:00,92493.0,,False,5.78
2024-11-10 15:00:00,92493.0,,False,5.79
2024-11-10 16:00:00,92493.0,,False,5.81
2024-11-10 17:00:00,92493.0,,False,5.82
2024-11-10 18:00:00,92493.0,,False,5.84
2024-11-10 19:00:00,92493.0,,False,5.85
2024-11-10 20:00:00,92493.0,,False,5.86
2024-11-10 21:00:00,92493.0,,False,5.88
2024-11-10 22:00:00,92493.0,,False,5.89
2024-11-10 23:00:00,92493.0,,False,5.9
2024-11-11 00:00:00,92493.0,,False,5.92
2024-11-11 01:00:00,92493.0,,False,5.93
2024-11-11 02:00:00,92493.0,,False,5.95
2024-11-11 03:00:00,92493.0,,False,5.96
2024-11-11 04:00:00,92493.0,,False,5.97
2024-11-11 05:00:00,92493.0,,False,5.99
2024-11-11 06:00:00,92493.0,,False,6.0
2024-11-11 07:00:00,92493.0,,False,6.01
2024-11-11 08:00:00,92493.0,,False,6.03
2024-11-11 09:00:00,92493.0,,False,6.04
2024-11-11 10:00:00,92493.0,,False,6.05
2024-11-11 11:00:00,92493.0,,False,6.07
2024-11-11 12:00:00,92493.0,,False,6.08
2024-11-11 13:00:00,92493.0,,False,6.1
2024-11-11 14:00:00,92493.0,,False,6.11
2024-11-11 15:00:00,92493.0,,False,6.12
2024-11-11 16:00:00,92493.0,,False,6.14
2024-11-11 17:00:00,92493.0,,False,6.15
2024-11-11 18:00:00,92493.0,,False,6.16
2024-11-11 19:00:00,92493.0,,False,6.18
2024-11-11 20:00:00,92493.0,,False,6.19
2024-11-11 21:00:00,92493.0,,False,6.21
2024-11-11 22:00:00,92493.0,,False,6.22
2024-11-11 23:00:00,92493.0,,False,6.23
2024-11-12 00:00:00,92493.0,,False,6.25
2024-11-12 01:00:00,92493.0,,False,6.26
2024-11-12 02:00:00,92493.0,,False,6.27
2024-11-12 03:00:00,92493.0,,False,6.29
2024-11-12 04:00:00,92493.0,,False,6.3
2024-11-12 05:00:00,92493.0,,False,6.32
2024-11-12 06:00:00,92493.0,,False,6.33
2024-11-12 07:00:00,92493.0,,False,6.34
2024-11-12 08:00:00,92493.0,,False,6.36
2024-11-12 09:00:00,92493.0,,False,6.37
2024-11-12 10:00:00,92493.0,,False,6.38
2024-11-12 11:00:00,92493.0,,False,6.4
2024-11-12 12:00:00,92493.0,,False,6.41
2024-11-12 13:00:00,92493.0,,False,6.42
2024-11-12 14:00:00,92493.0,,False,6.44
2024-11-12 15:00:00,92493.0,,False,6.45
2024-11-12 16:00:00,92493.0,,False,6.47
2024-11-12 17:00:00,92493.0,,False,6.48
2024-11-12 18:00:00,92493.0,,False,6.49
2024-11-12 19:00:00,92493.0,,False,6.51
2024-11-12 20:00:00,92493.0,,False,6.52
2024-11-12 21:00:00,92493.0,,False,6.53
2024-11-12 22:00:00,92493.0,,False,6.55
2024-11-12 23:00:00,92493.0,,False,6.56
2024-11-13 00:00:00,92493.0,,False,6.58
2024-11-13 01:00:00,92493.0,,False,6.59
2024-11-13 02:00:00,92493.0,,False,6.6
2024-11-13 03:00:00,92493.0,,False,6.62
2024-11-13 04:00:00,92493.0,,False,6.63
2024-11-13 05:00:00,92493.0,,False,6.64
2024-11-13 06:00:00,92493.0,,False,6.66
2024-11-13 07:00:00,92493.0,,False,6.67
2024-11-13 08:00:00,92493.0,,False,6.68
2024-11-13 09:00:00,92493.0,,False,6.7
2024-11-13 10:00:00,92493.0,,False,6.71
2024-11-13 11:00:00,92493.0,,False,6.73
2024-11-13 12:00:00,92493.0,,False,6.74
2024-11-13 13:00:00,92493.0,,False,6.75
2024-11-13 14:00:00,92493.0,,False,6.77
2024-11-13 15:00:00,92493.0,,False,6.78
2024-11-13 16:00:00,92493.0,,False,6.79
2024-11-13 17:00:00,92493.0,,False,6.81
2024-11-13 18:00:00,92493.0,,False,6.82
2024-11-13 19:00:00,92493.0,,False,6.84
2024-11-13 20:00:00,92493.0,,False,6.85
2024-11-13 21:00:00,92493.0,,False,6.86
2024-11-13 22:00:00,92493.0,,False,6.88
2024-11-13 23:00:00,92493.0,,False,6.89
2024-11-14 00:00:00,92493.0,,False,6.9
2024-11-14 01:00:00,92493.0,,False,6.92
2024-11-14 02:00:00,92493.0,,False,6.93
2024-11-14 03:00:00,92493.0,,False,6.95
2024-11-14 04:00:00,92493.0,,False,6.96
2024-11-14 05:00:00,92493.0,,False,6.97
2024-11-14 06:00:00,92493.0,,False,6.99
2024-11-14 07:00:00,92493.0,,False,7.0
2024-11-14 08:00:00,92493.0,,False,7.01
2024-11-14 09:00:00,92493.0,,False,7.03
2024-11-14 10:00:00,92493.0,,False,7.04
2024-11-14 11:00:00,92493.0,,False,7.05
2024-11-14 12:00:00,92493.0,,False,7.07
2024-11-14 13:00:00,92493.0,,False,7.08
2024-11-14 14:00:00,92493.0,,False,7.1
2024-11-14 15:00:00,92493.0,,False,7.11
2024-11-14 16:00:00,92493.0,,False,7.12
2024-11-14 17:00:00,92493.0,,False,7.14
2024-11-14 18:00:00,92493.0,,False,7.15
2024-11-14 19:00:00,92493.0,,False,7.16
2024-11-14 20:00:00,92493.0,,False,7.18
2024-11-14 21:00:00,92493.0,,False,7.19
2024-11-14 22:00:00,92493.0,,False,7.21
2024-11-14 23:00:00,92493.0,,False,7.22
2024-11-15 00:00:00,92493.0,,False,7.23
2024-11-15 01:00:00,92493.0,,False,7.25
2024-11-15 02:00:00,92493.0,,False,7.26
2024-11-15 03:00:00,92493.0,,False,7.27
2024-11-15 04:00:00,92493.0,,False,7.29
2024-11-15 05:00:00,92493.0,,False,7.3
2024-11-15 06:00:00,92493.0,,False,7.32
2024-11-15 07:00:00,92493.0,,False,7.33
2024-11-15 08:00:00,92493.0,,False,7.34
2024-11-15 09:00:00,92493.0,,False,7.36
2024-11-15 10:00:00,92493.0,,False,7.37
2024-11-15 11:00:00,92493.0,,False,7.38
2024-11-15 12:00:00,92493.0,,False,7.4
2024-11-15 13:00:00,92493.0,,False,7.41
2024-11-15 14:00:00,92493.0,,False,7.42
2024-11-15 15:00:00,,,False,7.44
2024-11-15 16:00:00,,,False,7.45
2024-11-15 17:00:00,,,False,7.47
2024-11-15 18:00:00,,,False,7.48
2024-11-15 19:00:00,,,False,7.49
2024-11-15 20:00:00,,,False,7.51
2024-11-15 21:00:00,,,False,7.52
2024-11-15 22:00:00,,,False,7.53
2024-11-15 23:00:00,,,False,7.55
2024-11-16 00:00:00,,,False,7.56
2024-11-16 01:00:00,,,False,7.58
2024-11-16 02:00:00,,,False,7.59
2024-11-16 03:00:00,,,False,7.6
2024-11-16 04:00:00,,,False,7.62
2024-11-16 05:00:00,,,False,7.63
2024-11-16 06:00:00,,,False,7.64
2024-11-16 07:00:00,,,False,7.66
2024-11-16 08:00:00,,,False,7.67
2024-11-16 09:00:00,,,False,7.68
2024-11-16 10:00:00,,,False,7.7
2024-11-16 11:00:00,,,False,7.71
2024-11-16 12:00:00,,,False,7.73
2024-11-16 13:00:00,,,False,7.74
2024-11-16 14:00:00,,,False,7.75
2024-11-16 15:00:00,,,False,7.77
2024-11-16 16:00:00,,,False,7.78
2024-11-16 17:00:00,,,False,7.79
2024-11-16 18:00:00,,,False,7.81
2024-11-16 19:00:00,,,False,7.82
2024-11-16 20:00:00,,,False,7.84
2024-11-16 21:00:00,,,False,7.85
2024-11-16 22:00:00,,,False,7.86
2024-11-16 23:00:00,,,False,7.88
2024-11-17 00:00:00,,,False,7.89
2024-11-17 01:00:00,,,False,7.9
2024-11-17 02:00:00,,,False,7.92
2024-11-17 03:00:00,,,False,7.93
2024-11-17 04:00:00,,,False,7.95
2024-11-17 05:00:00,,,False,7.96
2024-11-17 06:00:00,,,False,7.97
2024-11-17 07:00:00,,,False,7.99
2024-11-17 08:00:00,,,False,8.0
2024-11-17 09:00:00,,,False,8.01
2024-11-17 10:00:00,,,False,8.03
2024-11-17 11:00:00,,,False,8.04
2024-11-17 12:00:00,,,False,8.05
2024-11-17 13:00:00,,,False,8.07
2024-11-17 14:00:00,,,False,8.08
2024-11-17 15:00:00,,,False,8.1
2024-11-17 16:00:00,,,False,8.11
2024-11-17 17:00:00,,,False,8.12
2024-11-17 18:00:00,,,False,8.14
2024-11-17 19:00:00,,,False,8.15
2024-11-17 20:00:00,,,False,8.16
2024-11-17 21:00:00,,,False,8.18
2024-11-17 22:00:00,,,False,8.19
2024-11-17 23:00:00,,,False,8.21
2024-11-18 00:00:00,,,False,8.22
2024-11-18 01:00:00,,,False,8.23
2024-11-18 02:00:00,,,False,8.25
2024-11-18 03:00:00,,,False,8.26
2024-11-18 04:00:00,,,False,8.27
2024-11-18 05:00:00,,,False,8.29
2024-11-18 06:00:00,,,False,8.3
2024-11-18 07:00:00,,,False,8.32
2024-11-18 08:00:00,,,False,8.33
2024-11-18 09:00:00,,,False,8.34
2024-11-18 10:00:00,,,False,8.36
2024-11-18 11:00:00,,,False,8.37
2024-11-18 12:00:00,,,False,8.38
2024-11-18 13:00:00,,,False,8.4
2024-11-18 14:00:00,,,False,8.41
2024-11-18 15:00:00,,,False,8.42
2024-11-18 16:00:00,,,False,8.44
2024-11-18 17:00:00,,,False,8.45
2024-11-18 18:00:00,,,False,8.47
2024-11-18 19:00:00,,,False,8.48
2024-11-18 20:00:00,,,False,8.49
2024-11-18 21:00:00,,,False,8.51
2024-11-18 22:00:00,,,False,8.52
2024-11-18 23:00:00,,,False,8.53
2024-11-19 00:00:00,,,False,8.55
2024-11-19 01:00:00,,,False,8.56
2024-11-19 02:00:00,,,False,8.58
2024-11-19 03:00:00,,,False,8.59
2024-11-19 04:00:00,,,False,8.6
2024-11-19 05:00:00,,,False,8.62
2024-11-19 06:00:00,,,False,8.63
2024-11-19 07:00:00,,,False,8.64
2024-11-19 08:00:00,,,False,8.66
2024-11-19 09:00:00,,,False,8.67
2024-11-19 10:00:00,,,False,8.68
2024-11-19 11:00:00,,,False,8.7
2024-11-19 12:00:00,,,False,8.71
2024-11-19 13:00:00,,,False,8.73
2024-11-19 14:00:00,,,False,8.74
2024-11-19 15:00:00,,,False,8.75
2024-11-19 16:00:00,,,False,8.77
2024-11-19 17:00:00,,,False,8.78
2024-11-19 18:00:00,,,False,8.79
2024-11-19 19:00:00,,,False,8.81
2024-11-19 20:00:00,,,False,8.82
2024-11-19 21:00:00,,,False,8.84
2024-11-19 22:00:00,,,False,8.85
2024-11-19 23:00:00,,,False,8.86
2024-11-20 00:00:00,,,False,8.88
2024-11-20 01:00:00,,,False,8.89
2024-11-20 02:00:00,,,False,8.9
2024-11-20 03:00:00,,,False,8.92
2024-11-20 04:00:00,,,False,8.93
2024-11-20 05:00:00,,,False,8.95
2024-11-20 06:00:00,,,False,8.96
2024-11-20 07:00:00,,,False,8.97
2024-11-20 08:00:00,,,False,8.99
2024-11-20 09:00:00,,,False,9.0
2024-11-20 10:00:00,,,False,9.01
2024-11-20 11:00:00,,,False,9.03
2024-11-20 12:00:00,,,False,9.04
2024-11-20 13:00:00,,,False,9.05
2024-11-20 14:00:00,,,False,9.07
2024-11-20 15:00:00,,,False,9.08
2024-11-20 16:00:00,,,False,9.1
2024-11-20 17:00:00,,,False,9.11
2024-11-20 18:00:00,,,False,9.12
2024-11-20 19:00:00,,,False,9.14
2024-11-20 20:00:00,,,False,9.15
2024-11-20 21:00:00,,,False,9.16
2024-11-20 22:00:00,,,False,9.18
2024-11-20 23:00:00,,,False,9.19
2024-11-21 00:00:00,,,False,9.21
2024-11-21 01:00:00,,,False,9.22
2024-11-21 02:00:00,,,False,9.23
2024-11-21 03:00:00,,,False,9.25
2024-11-21 04:00:00,,,False,9.26
2024-11-21 05:00:00,,,False,9.27
2024-11-21 06:00:00,,,False,9.29
2024-11-21 07:00:00,,,False,9.3
2024-11-21 08:00:00,,,False,9.32
2024-11-21 09:00:00,,,False,9.33
2024-11-21 10:00:00,,,False,9.34
2024-11-21 11:00:00,,,False,9.36
2024-11-21 12:00:00,,,False,9.37
2024-11-21 13:00:00,,,False,9.38
2024-11-21 14:00:00,,,False,9.4
2024-11-21 15:00:00,,,False,9.41
2024-11-21 16:00:00,,,False,9.42
2024-11-21 17:00:00,,,False,9.44
2024-11-21 18:00:00,,,False,9.45
2024-11-21 19:00:00,,,False,9.47
2024-11-21 20:00:00,,,False,9.48
2024-11-21 21:00:00,,,False,9.49
2024-11-21 22:00:00,,,False,9.51
2024-11-21 23:00:00,,,False,9.52
2024-11-22 00:00:00,,,False,9.53
2024-11-22 01:00:00,,,False,9.55
2024-11-22 02:00:00,,,False,9.56
2024-11-22 03:00:00,,,False,9.58
2024-11-22 04:00:00,,,False,9.59
2024-11-22 05:00:00,,,False,9.6
2024-11-22 06:00:00,,,False,9.62
2024-11-22 07:00:00,,,False,9.63
2024-11-22 08:00:00,,,False,9.64
2024-11-22 09:00:00,,,False,9.66
2024-11-22 10:00:00,,,False,9.67
2024-11-22 11:00:00,,,False,9.68
2024-11-22 12:00:00,,,False,9.7
2024-11-22 13:00:00,,,False,9.71
2024-11-22 14:00:00,,,False,9.73
2024-11-22 15:00:00,,,False,9.74
2024-11-22 16:00:00,,,False,9.75
2024-11-22 17:00:00,,,False,9.77
2024-11-22 18:00:00,,,False,9.78
2024-11-22 19:00:00,,,False,9.79
2024-11-22 20:00:00,,,False,9.81
2024-11-22 21:00:00,,,False,9.82
2024-11-22 22:00:00,,,False,9.84
2024-11-22 23:00:00,,,False,9.85
2024-11-23 00:00:00,,,False,9.86
2024-11-23 01:00:00,,,False,9.88
2024-11-23 02:00:00,,,False,9.89
2024-11-23 03:00:00,,,False,9.9
2024-11-23 04:00:00,,,False,9.92
2024-11-23 05:00:00,,,False,9.93
2024-11-23 06:00:00,,,False,9.95
2024-11-23 07:00:00,,,False,9.96
2024-11-23 08:00:00,,,False,9.97
2024-11-23 09:00:00,,,False,9.99
2024-11-23 10:00:00,,,False,10.0
2024-11-23 11:00:00,,,False,10.01
2024-11-23 12:00:00,,,False,10.03
2024-11-23 13:00:00,,,False,10.04
2024-11-23 14:00:00,,,False,10.05
2024-11-23 15:00:00,,,False,10.07
2024-11-23 16:00:00,,,False,10.08
2024-11-23 17:00:00,,,False,10.1
2024-11-23 18:00:00,,,False,10.11
2024-11-23 19:00:00,,,False,10.12
2024-11-23 20:00:00,,,False,10.14
2024-11-23 21:00:00,,,False,10.15
2024-11-23 22:00:00,,,False,10.16
2024-11-23 23:00:00,,,False,10.18
2024-11-24 00:00:00,,,False,10.19
2024-11-24 01:00:00,,,False,10.21
2024-11-24 02:00:00,,,False,10.22
2024-11-24 03:00:00,,,False,10.23
2024-11-24 04:00:00,,,False,10.25
2024-11-24 05:00:00,,,False,10.26
2024-11-24 06:00:00,,,False,10.27
2024-11-24 07:00:00,,,False,10.29
2024-11-24 08:00:00,,,False,10.3
2024-11-24 09:00:00,,,False,10.32
2024-11-24 10:00:00,,,False,10.33
2024-11-24 11:00:00,,,False,10.34
2024-11-24 12:00:00,,,False,10.36
2024-11-24 13:00:00,,,False,10.37
2024-11-24 14:00:00,,,False,10.38
2024-11-24 15:00:00,,,False,10.4
2024-11-24 16:00:00,,,False,10.41
2024-11-24 17:00:00,,,False,10.42
2024-11-24 18:00:00,,,False,10.44
2024-11-24 19:00:00,,,False,10.45
2024-11-24 20:00:00,,,False,10.47
2024-11-24 21:00:00,,,False,10.48
2024-11-24 22:00:00,,,False,10.49
2024-11-24 23:00:00,,,False,10.51
2024-11-25 00:00:00,,,False,10.52
2024-11-25 01:00:00,,,False,10.53
2024-11-25 02:00:00,,,False,10.55
2024-11-25 03:00:00,,,False,10.56
2024-11-25 04:00:00,,,False,10.58
2024-11-25 05:00:00,,,False,10.59
2024-11-25 06:00:00,,,False,10.6
2024-11-25 07:00:00,,,False,10.62
2024-11-25 08:00:00,,,False,10.63
2024-11-25 09:00:00,,,False,10.64
2024-11-25 10:00:00,,,False,10.66
2024-11-25 11:00:00,,,False,10.67
2024-11-25 12:00:00,,,False,10.68
2024-11-25 13:00:00,,,False,10.7
2024-11-25 14:00:00,,,False,10.71
2024-11-25 15:00:00,,,False,10.73
2024-11-25 16:00:00,,,False,10.74
2024-11-25 17:00:00,,,False,10.75
2024-11-25 18:00:00,,,False,10.77
2024-11-25 19:00:00,,,False,10.78
2024-11-25 20:00:00,,,False,10.79
2024-11-25 21:00:00,,,False,10.81
2024-11-25 22:00:00,,,False,10.82
2024-11-25 23:00:00,,,False,10.84
2024-11-26 00:00:00,,,False,10.85
2024-11-26 01:00:00,,,False,10.86
2024-11-26 02:00:00,,,False,10.88
2024-11-26 03:00:00,,,False,10.89
2024-11-26 04:00:00,,,False,10.9
2024-11-26 05:00:00,,,False,10.92
2024-11-26 06:00:00,,,False,10.93
2024-11-26 07:00:00,,,False,10.95
2024-11-26 08:00:00,,,False,10.96
2024-11-26 09:00:00,,,False,10.97
2024-11-26 10:00:00,,,False,10.99
2024-11-26 11:00:00,,,False,11.0
2024-11-26 12:00:00,,,False,11.01
2024-11-26 13:00:00,,,False,11.03
2024-11-26 14:00:00,,,False,11.04
2024-11-26 15:00:00,,,False,11.05
2024-11-26 16:00:00,,,False,11.07
2024-11-26 17:00:00,,,False,11.08
2024-11-26 18:00:00,,,False,11.1
2024-11-26 19:00:00,,,False,11.11
2024-11-26 20:00:00,,,False,11.12
2024-11-26 21:00:00,,,False,11.14
2024-11-26 22:00:00,,,False,11.15
2024-11-26 23:00:00,,,False,11.16
2024-11-27 00:00:00,,,False,11.18
2024-11-27 01:00:00,,,False,11.19
2024-11-27 02:00:00,,,False,11.21
2024-11-27 03:00:00,,,False,11.22
2024-11-27 04:00:00,,,False,11.23
2024-11-27 05:00:00,,,False,11.25
2024-11-27 06:00:00,,,False,11.26
2024-11-27 07:00:00,,,False,11.27
2024-11-27 08:00:00,,,False,11.29
2024-11-27 09:00:00,,,False,11.3
2024-11-27 10:00:00,,,False,11.32
2024-11-27 11:00:00,,,False,11.33
2024-11-27 12:00:00,,,False,11.34
2024-11-27 13:00:00,,,False,11.36
2024-11-27 14:00:00,,,False,11.37
2024-11-27 15:00:00,,,False,11.38
2024-11-27 16:00:00,,,False,11.4
2024-11-27 17:00:00,,,False,11.41
2024-11-27 18:00:00,,,False,11.42
2024-11-27 19:00:00,,,False,11.44
2024-11-27 20:00:00,,,False,11.45
2024-11-27 21:00:00,,,False,11.47
2024-11-27 22:00:00,,,False,11.48
2024-11-27 23:00:00,,,False,11.49
2024-11-28 00:00:00,,,False,11.51
2024-11-28 01:00:00,,,False,11.52
2024-11-28 02:00:00,,,False,11.53
2024-11-28 03:00:00,,,False,11.55
2024-11-28 04:00:00,,,False,11.56
2024-11-28 05:00:00,,,False,11.58
2024-11-28 06:00:00,,,False,11.59
2024-11-28 07:00:00,,,False,11.6
2024-11-28 08:00:00,,,False,11.62
2024-11-28 09:00:00,,,False,11.63
2024-11-28 10:00:00,,,False,11.64
2024-11-28 11:00:00,,,False,11.66
2024-11-28 12:00:00,,,False,11.67
2024-11-28 13:00:00,,,False,11.68
2024-11-28 14:00:00,,,False,11.7
2024-11-28 15:00:00,,,False,11.71
2024-11-28 16:00:00,,,False,11.73
2024-11-28 17:00:00,,,False,11.74
2024-11-28 18:00:00,,,False,11.75
2024-11-28 19:00:00,,,False,11.77
2024-11-28 20:00:00,,,False,11.78
2024-11-28 21:00:00,,,False,11.79
2024-11-28 22:00:00,,,False,11.81
2024-11-28 23:00:00,,,False,11.82
2024-11-29 00:00:00,,,False,11.84
2024-11-29 01:00:00,,,False,11.85
2024-11-29 02:00:00,,,False,11.86
2024-11-29 03:00:00,,,False,11.88
2024-11-29 04:00:00,,,False,11.89
2024-11-29 05:00:00,,,False,11.9
2024-11-29 06:00:00,,,False,11.92
2024-11-29 07:00:00,,,False,11.93
2024-11-29 08:00:00,,,False,11.95
2024-11-29 09:00:00,,,False,11.96
2024-11-29 10:00:00,,,False,11.97
2024-11-29 11:00:00,102581.0,,False,11.99
2024-11-29 12:00:00,102593.0,12.0,False,12.0
2024-11-29 13:00:00,102604.0,11.0,False,11.0
2024-11-29 14:00:00,102614.0,10.0,False,10.0
2024-11-29 15:00:00,102627.0,13.0,False,13.0
2024-11-29 16:00:00,102641.0,14.0,False,14.0
2024-11-29 17:00:00,102656.0,15.0,False,15.0
2024-11-29 18:00:00,102670.0,14.0,False,14.0
2024-11-29 19:00:00,102681.0,11.0,False,11.0
2024-11-29 20:00:00,102693.0,12.0,False,12.0
2024-11-29 21:00:00,102707.0,14.0,False,14.0
2024-11-29 22:00:00,102718.0,11.0,False,11.0
2024-11-29 23:00:00,102724.0,6.0,False,6.0
2024-11-30 00:00:00,102728.0,4.0,False,4.0
2024-11-30 01:00:00,102732.0,4.0,False,4.0
2024-11-30 02:00:00,102736.0,4.0,False,4.0
2024-11-30 03:00:00,102739.0,3.0,False,3.0
2024-11-30 04:00:00,102743.0,4.0,False,4.0
2024-11-30 05:00:00,102747.0,4.0,False,4.0
2024-11-30 06:00:00,102751.0,4.0,False,4.0
2024-11-30 07:00:00,102755.0,4.0,False,4.0
2024-11-30 08:00:00,102761.0,6.0,False,6.0
2024-11-30 09:00:00,102771.0,10.0,False,10.0
2024-11-30 10:00:00,102783.0,12.0,False,12.0
2024-11-30 11:00:00,102799.0,16.0,False,16.0
2024-11-30 12:00:00,102813.0,14.0,False,14.0
2024-11-30 13:00:00,102826.0,13.0,False,13.0
2024-11-30 14:00:00,102840.0,14.0,False,14.0
2024-11-30 15:00:00,102854.0,14.0,False,14.0
2024-11-30 16:00:00,102868.0,14.0,False,14.0
2024-11-30 17:00:00,102882.0,14.0,False,14.0
2024-11-30 18:00:00,102894.0,12.0,False,12.0
2024-11-30 19:00:00,102905.0,11.0,False,11.0
2024-11-30 20:00:00,102918.0,13.0,False,13.0
2024-11-30 21:00:00,102929.0,11.0,False,11.0
2024-11-30 22:00:00,102940.0,11.0,False,11.0
2024-11-30 23:00:00,102945.0,5.0,False,5.0
2024-12-01 00:00:00,102949.0,4.0,False,4.0
2024-12-01 01:00:00,102952.0,3.0,False,3.0
2024-12-01 02:00:00,102955.0,3.0,False,3.0
2024-12-01 03:00:00,102959.0,4.0,False,4.0
2024-12-01 04:00:00,102962.0,3.0,False,3.0
2024-12-01 05:00:00,102965.0,3.0,False,3.0
2024-12-01 06:00:00,102969.0,4.0,False,4.0
2024-12-01 07:00:00,102973.0,4.0,False,4.0
2024-12-01 08:00:00,102978.0,5.0,False,5.0
2024-12-01 09:00:00,102987.0,9.0,False,9.0
2024-12-01 10:00:00,102998.0,11.0,False,11.0
2024-12-01 11:00:00,103010.0,12.0,False,12.0
2024-12-01 12:00:00,103021.0,11.0,False,11.0
2024-12-01 13:00:00,103031.0,10.0,False,10.0
2024-12-01 14:00:00,103042.0,11.0,False,11.0
2024-12-01 15:00:00,103055.0,13.0,False,13.0
2024-12-01 16:00:00,103068.0,13.0,False,13.0
2024-12-01 17:00:00,103081.0,13.0,False,13.0
2024-12-01 18:00:00,103092.0,11.0,False,11.0
2024-12-01 19:00:00,103102.0,10.0,False,10.0
2024-12-01 20:00:00,103112.0,10.0,False,10.0
2024-12-01 21:00:00,103123.0,11.0,False,11.0
2024-12-01 22:00:00,103134.0,11.0,False,11.0
2024-12-01 23:00:00,103139.0,5.0,False,5.0
2024-12-02 00:00:00,103142.0,3.0,False,3.0
2024-12-02 01:00:00,103144.0,2.0,False,2.0
2024-12-02 02:00:00,103146.0,2.0,False,2.0
2024-12-02 03:00:00,103149.0,3.0,False,3.0
2024-12-02 04:00:00,103151.0,2.0,False,2.0
2024-12-02 05:00:00,103154.0,3.0,False,3.0
2024-12-02 06:00:00,103156.0,2.0,False,2.0
2024-12-02 07:00:00,103159.0,3.0,False,3.0
2024-12-02 08:00:00,103164.0,5.0,False,5.0
2024-12-02 09:00:00,103174.0,10.0,False,10.0
2024-12-02 10:00:00,103186.0,12.0,False,12.0
2024-12-02 11:00:00,103201.0,15.0,False,15.0
2024-12-02 12:00:00,103215.0,14.0,False,14.0
2024-12-02 13:00:00,103228.0,13.0,False,13.0
2024-12-02 14:00:00,103241.0,13.0,False,13.0
2024-12-02 15:00:00,103258.0,17.0,False,17.0
2024-12-02 16:00:00,103274.0,16.0,False,16.0
2024-12-02 17:00:00,103289.0,15.0,False,15.0
2024-12-02 18:00:00,103303.0,14.0,False,14.0
2024-12-02 19:00:00,103316.0,13.0,False,13.0
2024-12-02 20:00:00,103334.0,18.0,False,18.0
2024-12-02 21:00:00,103351.0,17.0,False,17.0
2024-12-02 22:00:00,103366.0,15.0,False,15.0
2024-12-02 23:00:00,103372.0,6.0,False,6.0
2024-12-03 00:00:00,103375.0,3.0,False,3.0
2024-12-03 01:00:00,103377.0,2.0,False,2.0
2024-12-03 02:00:00,103380.0,3.0,False,3.0
2024-12-03 03:00:00,103382.0,2.0,False,2.0
2024-12-03 04:00:00,103385.0,3.0,False,3.0
2024-12-03 05:00:00,103388.0,3.0,False,3.0
2024-12-03 06:00:00,103390.0,2.0,False,2.0
2024-12-03 07:00:00,103393.0,3.0,False,3.0
2024-12-03 08:00:00,103399.0,6.0,False,6.0
2024-12-03 09:00:00,103412.0,13.0,False,13.0
2024-12-03 10:00:00,103425.0,13.0,False,13.0
2024-12-03 11:00:00,103438.0,13.0,False,13.0
2024-12-03 12:00:00,103451.0,13.0,False,13.0
2024-12-03 13:00:00,103462.0,11.0,False,11.0
2024-12-03 14:00:00,103472.0,10.0,False,10.0
2024-12-03 15:00:00,103486.0,14.0,False,14.0
2024-12-03 16:00:00,103500.0,14.0,False,14.0
2024-12-03 17:00:00,103512.0,12.0,False,12.0
2024-12-03 18:00:00,103525.0,13.0,False,13.0
2024-12-03 19:00:00,103537.0,12.0,False,12.0
2024-12-03 20:00:00,103551.0,14.0,False,14.0
2024-12-03 21:00:00,103565.0,14.0,False,14.0
2024-12-03 22:00:00,103579.0,14.0,False,14.0
2024-12-03 23:00:00,103584.0,5.0,False,5.0
2024-12-04 00:00:00,103587.0,3.0,False,3.0
2024-12-04 01:00:00,103590.0,3.0,False,3.0
2024-12-04 02:00:00,103592.0,2.0,False,2.0
2024-12-04 03:00:00,103595.0,3.0,False,3.0
2024-12-04 04:00:00,103597.0,2.0,False,2.0
2024-12-04 05:00:00,103600.0,3.0,False,3.0
2024-12-04 06:00:00,103603.0,3.0,False,3.0
2024-12-04 07:00:00,103605.0,2.0,False,2.0
2024-12-04 08:00:00,103611.0,6.0,False,6.0
2024-12-04 09:00:00,103623.0,12.0,False,12.0
2024-12-04 10:00:00,103635.0,12.0,False,12.0
2024-12-04 11:00:00,103648.0,13.0,False,13.0
2024-12-04 12:00:00,103660.0,12.0,False,12.0
2024-12-04 13:00:00,103670.0,10.0,False,10.0
2024-12-04 14:00:00,103682.0,12.0,False,12.0
2024-12-04 15:00:00,103695.0,13.0,False,13.0
2024-12-04 16:00:00,103709.0,14.0,False,14.0
2024-12-04 17:00:00,103721.0,12.0,False,12.0
2024-12-04 18:00:00,103732.0,11.0,False,11.0
2024-12-04 19:00:00,103743.0,11.0,False,11.0
2024-12-04 20:00:00,103754.0,11.0,False,11.0
2024-12-04 21:00:00,103764.0,10.0,False,10.0
2024-12-04 22:00:00,103775.0,11.0,False,11.0
2024-12-04 23:00:00,103780.0,5.0,False,5.0
2024-12-05 00:00:00,103782.0,2.0,False,2.0
2024-12-05 01:00:00,103785.0,3.0,False,3.0
2024-12-05 02:00:00,103788.0,3.0,False,3.0
2024-12-05 03:00:00,103791.0,3.0,False,3.0
2024-12-05 04:00:00,103794.0,3.0,False,3.0
2024-12-05 05:00:00,103796.0,2.0,False,2.0
2024-12-05 06:00:00,103799.0,3.0,False,3.0
2024-12-05 07:00:00,103802.0,3.0,False,3.0
2024-12-05 08:00:00,103808.0,6.0,False,6.0
2024-12-05 09:00:00,103822.0,14.0,False,14.0
2024-12-05 10:00:00,103838.0,16.0,False,16.0
2024-12-05 11:00:00,103854.0,16.0,False,16.0
2024-12-05 12:00:00,103869.0,15.0,False,15.0
2024-12-05 13:00:00,103883.0,14.0,False,14.0
2024-12-05 14:00:00,103896.0,13.0,False,13.0
2024-12-05 15:00:00,103910.0,14.0,False,14.0
2024-12-05 16:00:00,103924.0,14.0,False,14.0
2024-12-05 17:00:00,103939.0,15.0,False,15.0
2024-12-05 18:00:00,103956.0,17.0,False,17.0
2024-12-05 19:00:00,103971.0,15.0,False,15.0
2024-12-05 20:00:00,103986.0,15.0,False,15.0
2024-12-05 21:00:00,104003.0,17.0,False,17.0
2024-12-05 22:00:00,104019.0,16.0,False,16.0
2024-12-05 23:00:00,104025.0,6.0,False,6.0
2024-12-06 00:00:00,104028.0,3.0,False,3.0
2024-12-06 01:00:00,104030.0,2.0,False,2.0
2024-12-06 02:00:00,104033.0,3.0,False,3.0
2024-12-06 03:00:00,104036.0,3.0,False,3.0
2024-12-06 04:00:00,104038.0,2.0,False,2.0
2024-12-06 05:00:00,104041.0,3.0,False,3.0
2024-12-06 06:00:00,104044.0,3.0,False,3.0
2024-12-06 07:00:00,104047.0,3.0,False,3.0
2024-12-06 08:00:00,104053.0,6.0,False,6.0
2024-12-06 09:00:00,104062.0,9.0,False,9.0
2024-12-06 10:00:00,104073.0,11.0,False,11.0
2024-12-06 11:00:00,104085.0,12.0,False,12.0
2024-12-06 12:00:00,104096.0,11.0,False,11.0
2024-12-06 13:00:00,104105.0,9.0,False,9.0
2024-12-06 14:00:00,104115.0,10.0,False,10.0
2024-12-06 15:00:00,104127.0,12.0,False,12.0
2024-12-06 16:00:00,104139.0,12.0,False,12.0
2024-12-06 17:00:00,104153.0,14.0,False,14.0
2024-12-06 18:00:00,104167.0,14.0,False,14.0
2024-12-06 19:00:00,104179.0,12.0,False,12.0
2024-12-06 20:00:00,104192.0,13.0,False,13.0
2024-12-06 21:00:00,104204.0,12.0,False,12.0
2024-12-06 22:00:00,104216.0,12.0,False,12.0
2024-12-06 23:00:00,104221.0,5.0,False,5.0
2024-12-07 00:00:00,104224.0,3.0,False,3.0
2024-12-07 01:00:00,104226.0,2.0,False,2.0
2024-12-07 02:00:00,104229.0,3.0,False,3.0
2024-12-07 03:00:00,104232.0,3.0,False,3.0
2024-12-07 04:00:00,104235.0,3.0,False,3.0
2024-12-07 05:00:00,104237.0,2.0,False,2.0
2024-12-07 06:00:00,104240.0,3.0,False,3.0
2024-12-07 07:00:00,104243.0,3.0,False,3.0
2024-12-07 08:00:00,104249.0,6.0,False,6.0
2024-12-07 09:00:00,104257.0,8.0,False,8.0
2024-12-07 10:00:00,104267.0,10.0,False,10.0
2024-12-07 11:00:00,104277.0,10.0,False,10.0
2024-12-07 12:00:00,104288.0,11.0,False,11.0
2024-12-07 13:00:00,104296.0,8.0,False,8.0
2024-12-07 14:00:00,104306.0,10.0,False,10.0
2024-12-07 15:00:00,104318.0,12.0,False,12.0
2024-12-07 16:00:00,104329.0,11.0,False,11.0
2024-12-07 17:00:00,104340.0,11.0,False,11.0
2024-12-07 18:00:00,104350.0,10.0,False,10.0
2024-12-07 19:00:00,104360.0,10.0,False,10.0
2024-12-07 20:00:00,104369.0,9.0,False,9.0
2024-12-07 21:00:00,104377.0,8.0,False,8.0
2024-12-07 22:00:00,104386.0,9.0,False,9.0
2024-12-07 23:00:00,104391.0,5.0,False,5.0
2024-12-08 00:00:00,104393.0,2.0,False,2.0
2024-12-08 01:00:00,104396.0,3.0,False,3.0
2024-12-08 02:00:00,104399.0,3.0,False,3.0
2024-12-08 03:00:00,104401.0,2.0,False,2.0
2024-12-08 04:00:00,104404.0,3.0,False,3.0
2024-12-08 05:00:00,104407.0,3.0,False,3.0
2024-12-08 06:00:00,104410.0,3.0,False,3.0
2024-12-08 07:00:00,104413.0,3.0,False,3.0
2024-12-08 08:00:00,104417.0,4.0,False,4.0
2024-12-08 09:00:00,104430.0,13.0,False,13.0
2024-12-08 10:00:00,104452.0,22.0,False,22.0
2024-12-08 11:00:00,104477.0,25.0,False,25.0
2024-12-08 12:00:00,104498.0,21.0,False,21.0
2024-12-08 13:00:00,104519.0,21.0,False,21.0
2024-12-08 14:00:00,104540.0,21.0,False,21.0
2024-12-08 15:00:00,104560.0,20.0,False,20.0
2024-12-08 16:00:00,104579.0,19.0,False,19.0
2024-12-08 17:00:00,104599.0,20.0,False,20.0
2024-12-08 18:00:00,104616.0,17.0,False,17.0
2024-12-08 19:00:00,104633.0,17.0,False,17.0
2024-12-08 20:00:00,104649.0,16.0,False,16.0
2024-12-08 21:00:00,104665.0,16.0,False,16.0
2024-12-08 22:00:00,104681.0,16.0,False,16.0
2024-12-08 23:00:00,104688.0,7.0,False,7.0
2024-12-09 00:00:00,104691.0,3.0,False,3.0
2024-12-09 01:00:00,104694.0,3.0,False,3.0
2024-12-09 02:00:00,104696.0,2.0,False,2.0
2024-12-09 03:00:00,104699.0,3.0,False,3.0
2024-12-09 04:00:00,104702.0,3.0,False,3.0
2024-12-09 05:00:00,104704.0,2.0,False,2.0
2024-12-09 06:00:00,104707.0,3.0,False,3.0
2024-12-09 07:00:00,104710.0,3.0,False,3.0
2024-12-09 08:00:00,104716.0,6.0,False,6.0
2024-12-09 09:00:00,104726.0,10.0,False,10.0
2024-12-09 10:00:00,104741.0,15.0,False,15.0
2024-12-09 11:00:00,104758.0,17.0,False,17.0
2024-12-09 12:00:00,104775.0,17.0,False,17.0
2024-12-09 13:00:00,104791.0,16.0,False,16.0
2024-12-09 14:00:00,104807.0,16.0,False,16.0
2024-12-09 15:00:00,104826.0,19.0,False,19.0
2024-12-09 16:00:00,104845.0,19.0,False,19.0
2024-12-09 17:00:00,104862.0,17.0,False,17.0
2024-12-09 18:00:00,104879.0,17.0,False,17.0
2024-12-09 19:00:00,104895.0,16.0,False,16.0
2024-12-09 20:00:00,104909.0,14.0,False,14.0
2024-12-09 21:00:00,104927.0,18.0,False,18.0
2024-12-09 22:00:00,104945.0,18.0,False,18.0
2024-12-09 23:00:00,104959.0,14.0,False,14.0
2024-12-10 00:00:00,104967.0,8.0,False,8.0
2024-12-10 01:00:00,104969.0,2.0,False,2.0
2024-12-10 02:00:00,104972.0,3.0,False,3.0
2024-12-10 03:00:00,104974.0,2.0,False,2.0
2024-12-10 04:00:00,104977.0,3.0,False,3.0
2024-12-10 05:00:00,104980.0,3.0,False,3.0
2024-12-10 06:00:00,104983.0,3.0,False,3.0
2024-12-10 07:00:00,104985.0,2.0,False,2.0
2024-12-10 08:00:00,104992.0,7.0,False,7.0
2024-12-10 09:00:00,105005.0,13.0,False,13.0
2024-12-10 10:00:00,105019.0,14.0,False,14.0
2024-12-10 11:00:00,105031.0,12.0,False,12.0
2024-12-10 12:00:00,105044.0,13.0,False,13.0
2024-12-10 13:00:00,105056.0,12.0,False,12.0
2024-12-10 14:00:00,105069.0,13.0,False,13.0
2024-12-10 15:00:00,105083.0,14.0,False,14.0
2024-12-10 16:00:00,105099.0,16.0,False,16.0
2024-12-10 17:00:00,105116.0,17.0,False,17.0
2024-12-10 18:00:00,105131.0,15.0,False,15.0
2024-12-10 19:00:00,105144.0,13.0,False,13.0
2024-12-10 20:00:00,105157.0,13.0,False,13.0
2024-12-10 21:00:00,105173.0,16.0,False,16.0
2024-12-10 22:00:00,105184.0,11.0,False,11.0
2024-12-10 23:00:00,105194.0,10.0,False,10.0
2024-12-11 00:00:00,105200.0,6.0,False,6.0
2024-12-11 01:00:00,105203.0,3.0,False,3.0
2024-12-11 02:00:00,105208.0,5.0,False,5.0
2024-12-11 03:00:00,105213.0,5.0,False,5.0
2024-12-11 04:00:00,105219.0,6.0,False,6.0
2024-12-11 05:00:00,105224.0,5.0,False,5.0
2024-12-11 06:00:00,105229.0,5.0,False,5.0
2024-12-11 07:00:00,105234.0,5.0,False,5.0
2024-12-11 08:00:00,105240.0,6.0,False,6.0
2024-12-11 09:00:00,105252.0,12.0,False,12.0
2024-12-11 10:00:00,105265.0,13.0,False,13.0
2024-12-11 11:00:00,105279.0,14.0,False,14.0
2024-12-11 12:00:00,105292.0,13.0,False,13.0
2024-12-11 13:00:00,105304.0,12.0,False,12.0
2024-12-11 14:00:00,105317.0,13.0,False,13.0
2024-12-11 15:00:00,105334.0,17.0,False,17.0
2024-12-11 16:00:00,105351.0,17.0,False,17.0
2024-12-11 17:00:00,105366.0,15.0,False,15.0
2024-12-11 18:00:00,105382.0,16.0,False,16.0
2024-12-11 19:00:00,105397.0,15.0,False,15.0
2024-12-11 20:00:00,105413.0,16.0,False,16.0
2024-12-11 21:00:00,105435.0,22.0,False,22.0
2024-12-11 22:00:00,105456.0,21.0,False,21.0
2024-12-11 23:00:00,105472.0,16.0,False,16.0
2024-12-12 00:00:00,105479.0,7.0,False,7.0
2024-12-12 01:00:00,105481.0,2.0,False,2.0
2024-12-12 02:00:00,105484.0,3.0,False,3.0
2024-12-12 03:00:00,105486.0,2.0,False,2.0
2024-12-12 04:00:00,105489.0,3.0,False,3.0
2024-12-12 05:00:00,105492.0,3.0,False,3.0
2024-12-12 06:00:00,105494.0,2.0,False,2.0
2024-12-12 07:00:00,105498.0,4.0,False,4.0
2024-12-12 08:00:00,105503.0,5.0,False,5.0
2024-12-12 09:00:00,105515.0,12.0,False,12.0
2024-12-12 10:00:00,105534.0,19.0,False,19.0
2024-12-12 11:00:00,105558.0,24.0,False,24.0
2024-12-12 12:00:00,105582.0,24.0,False,24.0
2024-12-12 13:00:00,105603.0,21.0,False,21.0
2024-12-12 14:00:00,105624.0,21.0,False,21.0
2024-12-12 15:00:00,105645.0,21.0,False,21.0
2024-12-12 16:00:00,105667.0,22.0,False,22.0
2024-12-12 17:00:00,105694.0,27.0,False,27.0
2024-12-12 18:00:00,105725.0,31.0,False,31.0
2024-12-12 19:00:00,105755.0,30.0,False,30.0
2024-12-12 20:00:00,105784.0,29.0,False,29.0
2024-12-12 21:00:00,105810.0,26.0,False,26.0
2024-12-12 22:00:00,105831.0,21.0,False,21.0
2024-12-12 23:00:00,105845.0,14.0,False,14.0
2024-12-13 00:00:00,105851.0,6.0,False,6.0
2024-12-13 01:00:00,105853.0,2.0,False,2.0
2024-12-13 02:00:00,105856.0,3.0,False,3.0
2024-12-13 03:00:00,105859.0,3.0,False,3.0
2024-12-13 04:00:00,105862.0,3.0,False,3.0
2024-12-13 05:00:00,105865.0,3.0,False,3.0
2024-12-13 06:00:00,105868.0,3.0,False,3.0
2024-12-13 07:00:00,105872.0,4.0,False,4.0
2024-12-13 08:00:00,105877.0,5.0,False,5.0
2024-12-13 09:00:00,105886.0,9.0,False,9.0
2024-12-13 10:00:00,105901.0,15.0,False,15.0
2024-12-13 11:00:00,105916.0,15.0,False,15.0
2024-12-13 12:00:00,105933.0,17.0,False,17.0
2024-12-13 13:00:00,105947.0,14.0,False,14.0
2024-12-13 14:00:00,105961.0,14.0,False,14.0
2024-12-13 15:00:00,105975.0,14.0,False,14.0
2024-12-13 16:00:00,105988.0,13.0,False,13.0
2024-12-13 17:00:00,106001.0,13.0,False,13.0
2024-12-13 18:00:00,106006.0,5.0,False,5.0
2024-12-13 19:00:00,106009.0,3.0,False,3.0
2024-12-13 20:00:00,106014.0,5.0,False,5.0
2024-12-13 21:00:00,106018.0,4.0,False,4.0
2024-12-13 22:00:00,106021.0,3.0,False,3.0
2024-12-13 23:00:00,106024.0,3.0,False,3.0
2024-12-14 00:00:00,106027.0,3.0,False,3.0
2024-12-14 01:00:00,106029.0,2.0,False,2.0
2024-12-14 02:00:00,106032.0,3.0,False,3.0
2024-12-14 03:00:00,106034.0,2.0,False,2.0
2024-12-14 04:00:00,106037.0,3.0,False,3.0
2024-12-14 05:00:00,106039.0,2.0,False,2.0
2024-12-14 06:00:00,106041.0,2.0,False,2.0
2024-12-14 07:00:00,106044.0,3.0,False,3.0
2024-12-14 08:00:00,106046.0,2.0,False,2.0
2024-12-14 09:00:00,106049.0,3.0,False,3.0
2024-12-14 10:00:00,106051.0,2.0,False,2.0
2024-12-14 11:00:00,106053.0,2.0,False,2.0
2024-12-14 12:00:00,106056.0,3.0,False,3.0
2024-12-14 13:00:00,106058.0,2.0,False,2.0
2024-12-14 14:00:00,106064.0,6.0,False,6.0
2024-12-14 15:00:00,106072.0,8.0,False,8.0
2024-12-14 16:00:00,106080.0,8.0,False,8.0
2024-12-14 17:00:00,106088.0,8.0,False,8.0
2024-12-14 18:00:00,106097.0,9.0,False,9.0
2024-12-14 19:00:00,106111.0,14.0,False,14.0
2024-12-14 20:00:00,106129.0,18.0,False,18.0
2024-12-14 21:00:00,106154.0,25.0,False,25.0
2024-12-14 22:00:00,106174.0,20.0,False,20.0
2024-12-14 23:00:00,106184.0,10.0,False,10.0
2024-12-15 00:00:00,106189.0,5.0,False,5.0
2024-12-15 01:00:00,106191.0,2.0,False,2.0
2024-12-15 02:00:00,106194.0,3.0,False,3.0
2024-12-15 03:00:00,106197.0,3.0,False,3.0
2024-12-15 04:00:00,106200.0,3.0,False,3.0
2024-12-15 05:00:00,106203.0,3.0,False,3.0
2024-12-15 06:00:00,106206.0,3.0,False,3.0
2024-12-15 07:00:00,106209.0,3.0,False,3.0
2024-12-15 08:00:00,106213.0,4.0,False,4.0
2024-12-15 09:00:00,106227.0,14.0,False,14.0
2024-12-15 10:00:00,106246.0,19.0,False,19.0
2024-12-15 11:00:00,106265.0,19.0,False,19.0
2024-12-15 12:00:00,106283.0,18.0,False,18.0
2024-12-15 13:00:00,106300.0,17.0,False,17.0
2024-12-15 14:00:00,106319.0,19.0,False,19.0
2024-12-15 15:00:00,106339.0,20.0,False,20.0
2024-12-15 16:00:00,106357.0,18.0,False,18.0
2024-12-15 17:00:00,106377.0,20.0,False,20.0
2024-12-15 18:00:00,106396.0,19.0,False,19.0
2024-12-15 19:00:00,106424.0,28.0,False,28.0
2024-12-15 20:00:00,106450.0,26.0,False,26.0
2024-12-15 21:00:00,106477.0,27.0,False,27.0
2024-12-15 22:00:00,106503.0,26.0,False,26.0
2024-12-15 23:00:00,106520.0,17.0,False,17.0
2024-12-16 00:00:00,106529.0,9.0,False,9.0
2024-12-16 01:00:00,106533.0,4.0,False,4.0
2024-12-16 02:00:00,106536.0,3.0,False,3.0
2024-12-16 03:00:00,106538.0,2.0,False,2.0
2024-12-16 04:00:00,106541.0,3.0,False,3.0
2024-12-16 05:00:00,106544.0,3.0,False,3.0
2024-12-16 06:00:00,106547.0,3.0,False,3.0
2024-12-16 07:00:00,106550.0,3.0,False,3.0
2024-12-16 08:00:00,106555.0,5.0,False,5.0
2024-12-16 09:00:00,106566.0,11.0,False,11.0
2024-12-16 10:00:00,106580.0,14.0,False,14.0
2024-12-16 11:00:00,106594.0,14.0,False,14.0
2024-12-16 12:00:00,106608.0,14.0,False,14.0
2024-12-16 13:00:00,106624.0,16.0,False,16.0
2024-12-16 14:00:00,106642.0,18.0,False,18.0
2024-12-16 15:00:00,106665.0,23.0,False,23.0
2024-12-16 16:00:00,106689.0,24.0,False,24.0
2024-12-16 17:00:00,106714.0,25.0,False,25.0
2024-12-16 18:00:00,106740.0,26.0,False,26.0
2024-12-16 19:00:00,106769.0,29.0,False,29.0
2024-12-16 20:00:00,106798.0,29.0,False,29.0
2024-12-16 21:00:00,106829.0,31.0,False,31.0
2024-12-16 22:00:00,106861.0,32.0,False,32.0
2024-12-16 23:00:00,106880.0,19.0,False,19.0
2024-12-17 00:00:00,106888.0,8.0,False,8.0
2024-12-17 01:00:00,106890.0,2.0,False,2.0
2024-12-17 02:00:00,106893.0,3.0,False,3.0
2024-12-17 03:00:00,106895.0,2.0,False,2.0
2024-12-17 04:00:00,106898.0,3.0,False,3.0
2024-12-17 05:00:00,106901.0,3.0,False,3.0
2024-12-17 06:00:00,106904.0,3.0,False,3.0
2024-12-17 07:00:00,106907.0,3.0,False,3.0
2024-12-17 08:00:00,106918.0,11.0,False,11.0
2024-12-17 09:00:00,106935.0,17.0,False,17.0
2024-12-17 10:00:00,106954.0,19.0,False,19.0
2024-12-17 11:00:00,106972.0,18.0,False,18.0
2024-12-17 12:00:00,106989.0,17.0,False,17.0
2024-12-17 13:00:00,107003.0,14.0,False,14.0
2024-12-17 14:00:00,107017.0,14.0,False,14.0
2024-12-17 15:00:00,107033.0,16.0,False,16.0
2024-12-17 16:00:00,107053.0,20.0,False,20.0
2024-12-17 17:00:00,107070.0,17.0,False,17.0
2024-12-17 18:00:00,107087.0,17.0,False,17.0
2024-12-17 19:00:00,107105.0,18.0,False,18.0
2024-12-17 20:00:00,107130.0,25.0,False,25.0
2024-12-17 21:00:00,107155.0,25.0,False,25.0
2024-12-17 22:00:00,107181.0,26.0,False,26.0
2024-12-17 23:00:00,107195.0,14.0,False,14.0
2024-12-18 00:00:00,107201.0,6.0,False,6.0
2024-12-18 01:00:00,107203.0,2.0,False,2.0
2024-12-18 02:00:00,107206.0,3.0,False,3.0
2024-12-18 03:00:00,107208.0,2.0,False,2.0
2024-12-18 04:00:00,107211.0,3.0,False,3.0
2024-12-18 05:00:00,107214.0,3.0,False,3.0
2024-12-18 06:00:00,107216.0,2.0,False,2.0
2024-12-18 07:00:00,107219.0,3.0,False,3.0
2024-12-18 08:00:00,107229.0,10.0,False,10.0
2024-12-18 09:00:00,107245.0,16.0,False,16.0
2024-12-18 10:00:00,107267.0,22.0,False,22.0
2024-12-18 11:00:00,107289.0,22.0,False,22.0
2024-12-18 12:00:00,107313.0,24.0,False,24.0
2024-12-18 13:00:00,107334.0,21.0,False,21.0
2024-12-18 14:00:00,107356.0,22.0,False,22.0
2024-12-18 15:00:00,107383.0,27.0,False,27.0
2024-12-18 16:00:00,107412.0,29.0,False,29.0
2024-12-18 17:00:00,107439.0,27.0,False,27.0
2024-12-18 18:00:00,107466.0,27.0,False,27.0
2024-12-18 19:00:00,107495.0,29.0,False,29.0
2024-12-18 20:00:00,107529.0,34.0,False,34.0
2024-12-18 21:00:00,107563.0,34.0,False,34.0
2024-12-18 22:00:00,107590.0,27.0,False,27.0
2024-12-18 23:00:00,107605.0,15.0,False,15.0
2024-12-19 00:00:00,107610.0,5.0,False,5.0
2024-12-19 01:00:00,107612.0,2.0,False,2.0
2024-12-19 02:00:00,107615.0,3.0,False,3.0
2024-12-19 03:00:00,107618.0,3.0,False,3.0
2024-12-19 04:00:00,107620.0,2.0,False,2.0
2024-12-19 05:00:00,107623.0,3.0,False,3.0
2024-12-19 06:00:00,107626.0,3.0,False,3.0
2024-12-19 07:00:00,107629.0,3.0,False,3.0
2024-12-19 08:00:00,107637.0,8.0,False,8.0
2024-12-19 09:00:00,107657.0,20.0,True,11.71
2024-12-19 10:00:00,107676.0,19.0,True,15.71
2024-12-19 11:00:00,107699.0,23.0,True,16.29
2024-12-19 12:00:00,107719.0,20.0,True,16.71
2024-12-19 13:00:00,107738.0,19.0,True,15.0
2024-12-19 14:00:00,107755.0,17.0,True,16.29
2024-12-19 15:00:00,107774.0,19.0,True,18.43
2024-12-19 16:00:00,107797.0,23.0,True,19.14
2024-12-19 17:00:00,107823.0,26.0,True,19.57
2024-12-19 18:00:00,107850.0,27.0,True,19.14
2024-12-19 19:00:00,107881.0,31.0,True,21.57
2024-12-19 20:00:00,107915.0,34.0,True,23.71
2024-12-19 21:00:00,107949.0,34.0,True,24.57
2024-12-19 22:00:00,107982.0,33.0,True,22.14
2024-12-19 23:00:00,107997.0,15.0,True,13.14
2024-12-20 00:00:00,108004.0,7.0,False,7.0
2024-12-20 01:00:00,108007.0,3.0,False,3.0
2024-12-20 02:00:00,108009.0,2.0,False,2.0
2024-12-20 03:00:00,108012.0,3.0,False,3.0
2024-12-20 04:00:00,108015.0,3.0,False,3.0
2024-12-20 05:00:00,108017.0,2.0,False,2.0
2024-12-20 06:00:00,108020.0,3.0,False,3.0
2024-12-20 07:00:00,108023.0,3.0,False,3.0
2024-12-20 08:00:00,108028.0,5.0,False,5.0
2024-12-20 09:00:00,108038.0,10.0,False,10.0
2024-12-20 10:00:00,108063.0,25.0,True,15.17
2024-12-20 11:00:00,108093.0,30.0,True,15.0
2024-12-20 12:00:00,108118.0,25.0,True,15.5
2024-12-20 13:00:00,108141.0,23.0,True,14.0
2024-12-20 14:00:00,108166.0,25.0,True,15.5
2024-12-20 15:00:00,108191.0,25.0,True,18.0
2024-12-20 16:00:00,108216.0,25.0,True,18.67
2024-12-20 17:00:00,108236.0,20.0,True,18.33
2024-12-20 18:00:00,108252.0,16.0,True,17.17
2024-12-20 19:00:00,108258.0,6.0,False,6.0
2024-12-20 20:00:00,108261.0,3.0,False,3.0
2024-12-20 21:00:00,108265.0,4.0,False,4.0
2024-12-20 22:00:00,108269.0,4.0,False,4.0
2024-12-20 23:00:00,108272.0,3.0,False,3.0
2024-12-21 00:00:00,108275.0,3.0,False,3.0
2024-12-21 01:00:00,108277.0,2.0,False,2.0
2024-12-21 02:00:00,108280.0,3.0,False,3.0
2024-12-21 03:00:00,108283.0,3.0,False,3.0
2024-12-21 04:00:00,108286.0,3.0,False,3.0
2024-12-21 05:00:00,108288.0,2.0,False,2.0
2024-12-21 06:00:00,108291.0,3.0,False,3.0
2024-12-21 07:00:00,108294.0,3.0,False,3.0
2024-12-21 08:00:00,108297.0,3.0,False,3.0
2024-12-21 09:00:00,108299.0,2.0,False,2.0
2024-12-21 10:00:00,108302.0,3.0,False,3.0
2024-12-21 11:00:00,108305.0,3.0,False,3.0
2024-12-21 12:00:00,108307.0,2.0,False,2.0
2024-12-21 13:00:00,108310.0,3.0,False,3.0
2024-12-21 14:00:00,108313.0,3.0,False,3.0
2024-12-21 15:00:00,108315.0,2.0,False,2.0
2024-12-21 16:00:00,108318.0,3.0,False,3.0
2024-12-21 17:00:00,108321.0,3.0,False,3.0
2024-12-21 18:00:00,108323.0,2.0,False,2.0
2024-12-21 19:00:00,108326.0,3.0,False,3.0
2024-12-21 20:00:00,108329.0,3.0,False,3.0
2024-12-21 21:00:00,108332.0,3.0,False,3.0
2024-12-21 22:00:00,108335.0,3.0,False,3.0
2024-12-21 23:00:00,108338.0,3.0,False,3.0
2024-12-22 00:00:00,108340.0,2.0,False,2.0
2024-12-22 01:00:00,108343.0,3.0,False,3.0
2024-12-22 02:00:00,108346.0,3.0,False,3.0
2024-12-22 03:00:00,108349.0,3.0,False,3.0
2024-12-22 04:00:00,108351.0,2.0,False,2.0
2024-12-22 05:00:00,108354.0,3.0,False,3.0
2024-12-22 06:00:00,108357.0,3.0,False,3.0
2024-12-22 07:00:00,108360.0,3.0,False,3.0
2024-12-22 08:00:00,108363.0,3.0,False,3.0
2024-12-22 09:00:00,108365.0,2.0,False,2.0
2024-12-22 10:00:00,108368.0,3.0,False,3.0
2024-12-22 11:00:00,108371.0,3.0,False,3.0
2024-12-22 12:00:00,108374.0,3.0,False,3.0
2024-12-22 13:00:00,108376.0,2.0,False,2.0
2024-12-22 14:00:00,108379.0,3.0,False,3.0
2024-12-22 15:00:00,108381.0,2.0,False,2.0
2024-12-22 16:00:00,108384.0,3.0,False,3.0
2024-12-22 17:00:00,108387.0,3.0,False,3.0
2024-12-22 18:00:00,108390.0,3.0,False,3.0
2024-12-22 19:00:00,108394.0,4.0,False,4.0
2024-12-22 20:00:00,108406.0,12.0,True,20.0
2024-12-22 21:00:00,108426.0,20.0,True,20.67
2024-12-22 22:00:00,108444.0,18.0,True,19.67
2024-12-22 23:00:00,108451.0,7.0,False,7.0
2024-12-23 00:00:00,108454.0,3.0,False,3.0
2024-12-23 01:00:00,108457.0,3.0,False,3.0
2024-12-23 02:00:00,108460.0,3.0,False,3.0
2024-12-23 03:00:00,108463.0,3.0,False,3.0
2024-12-23 04:00:00,108466.0,3.0,False,3.0
2024-12-23 05:00:00,108469.0,3.0,False,3.0
2024-12-23 06:00:00,108472.0,3.0,False,3.0
2024-12-23 07:00:00,108475.0,3.0,False,3.0
2024-12-23 08:00:00,108479.0,4.0,False,4.0
2024-12-23 09:00:00,108484.0,5.0,False,5.0
2024-12-23 10:00:00,108493.0,9.0,False,9.0
2024-12-23 11:00:00,108518.0,25.0,True,12.0
2024-12-23 12:00:00,108541.0,23.0,True,12.0
2024-12-23 13:00:00,108560.0,19.0,True,11.2
2024-12-23 14:00:00,108577.0,17.0,True,12.0
2024-12-23 15:00:00,108602.0,25.0,True,14.0
2024-12-23 16:00:00,108632.0,30.0,True,15.8
2024-12-23 17:00:00,108660.0,28.0,True,15.0
2024-12-23 18:00:00,108690.0,30.0,True,15.0
2024-12-23 19:00:00,108719.0,29.0,True,14.83
2024-12-23 20:00:00,108751.0,32.0,True,18.8
2024-12-23 21:00:00,108791.0,40.0,True,19.4
2024-12-23 22:00:00,108830.0,39.0,True,18.4
2024-12-23 23:00:00,108843.0,13.0,True,10.17
2024-12-24 00:00:00,108845.0,2.0,False,2.0
2024-12-24 01:00:00,108848.0,3.0,False,3.0
2024-12-24 02:00:00,108850.0,2.0,False,2.0
2024-12-24 03:00:00,108852.0,2.0,False,2.0
2024-12-24 04:00:00,108855.0,3.0,False,3.0
2024-12-24 05:00:00,108858.0,3.0,False,3.0
2024-12-24 06:00:00,108860.0,2.0,False,2.0
2024-12-24 07:00:00,108863.0,3.0,False,3.0
2024-12-24 08:00:00,108868.0,5.0,False,5.0
2024-12-24 09:00:00,108879.0,11.0,True,8.67
2024-12-24 10:00:00,108896.0,17.0,True,11.2
2024-12-24 11:00:00,108922.0,26.0,True,11.5
2024-12-24 12:00:00,108948.0,26.0,True,11.5
2024-12-24 13:00:00,108972.0,24.0,True,10.0
2024-12-24 14:00:00,108995.0,23.0,True,10.5
2024-12-24 15:00:00,109018.0,23.0,True,11.75
2024-12-24 16:00:00,109040.0,22.0,True,13.75
2024-12-24 17:00:00,109063.0,23.0,True,12.5
2024-12-24 18:00:00,109090.0,27.0,True,12.25
2024-12-24 19:00:00,109119.0,29.0,True,12.0
2024-12-24 20:00:00,109146.0,27.0,True,16.25
2024-12-24 21:00:00,109173.0,27.0,True,16.5
2024-12-24 22:00:00,109197.0,24.0,True,15.0
2024-12-24 23:00:00,109209.0,12.0,False,12.0
2024-12-25 00:00:00,109211.0,2.0,False,2.0
2024-12-25 01:00:00,109214.0,3.0,False,3.0
2024-12-25 02:00:00,109216.0,2.0,False,2.0
2024-12-25 03:00:00,109219.0,3.0,False,3.0
2024-12-25 04:00:00,109221.0,2.0,False,2.0
2024-12-25 05:00:00,109224.0,3.0,False,3.0
2024-12-25 06:00:00,109227.0,3.0,False,3.0
2024-12-25 07:00:00,109231.0,4.0,False,4.0
2024-12-25 08:00:00,109236.0,5.0,False,5.0
2024-12-25 09:00:00,109250.0,14.0,False,14.0
2024-12-25 10:00:00,109266.0,16.0,False,16.0
2024-12-25 11:00:00,109281.0,15.0,False,15.0
2024-12-25 12:00:00,109299.0,18.0,False,18.0
2024-12-25 13:00:00,109317.0,18.0,False,18.0
2024-12-25 14:00:00,109335.0,18.0,False,18.0
2024-12-25 15:00:00,109356.0,21.0,False,21.0
2024-12-25 16:00:00,109376.0,20.0,False,20.0
2024-12-25 17:00:00,109401.0,25.0,False,25.0
2024-12-25 18:00:00,109429.0,28.0,False,28.0
2024-12-25 19:00:00,109455.0,26.0,False,26.0
2024-12-25 20:00:00,109488.0,33.0,False,33.0
2024-12-25 21:00:00,109522.0,34.0,False,34.0
2024-12-25 22:00:00,109555.0,33.0,False,33.0
2024-12-25 23:00:00,109566.0,11.0,False,11.0
2024-12-26 00:00:00,109568.0,2.0,False,2.0
2024-12-26 01:00:00,109570.0,2.0,False,2.0
2024-12-26 02:00:00,109572.0,2.0,False,2.0
2024-12-26 03:00:00,109575.0,3.0,False,3.0
2024-12-26 04:00:00,109577.0,2.0,False,2.0
2024-12-26 05:00:00,109580.0,3.0,False,3.0
2024-12-26 06:00:00,109583.0,3.0,False,3.0
2024-12-26 07:00:00,109585.0,2.0,False,2.0
2024-12-26 08:00:00,109591.0,6.0,False,6.0
2024-12-26 09:00:00,109606.0,15.0,False,15.0
2024-12-26 10:00:00,109629.0,23.0,False,23.0
2024-12-26 11:00:00,109654.0,25.0,False,25.0
2024-12-26 12:00:00,109677.0,23.0,False,23.0
2024-12-26 13:00:00,109699.0,22.0,False,22.0
2024-12-26 14:00:00,109721.0,22.0,False,22.0
2024-12-26 15:00:00,109743.0,22.0,False,22.0
2024-12-26 16:00:00,109769.0,26.0,False,26.0
2024-12-26 17:00:00,109797.0,28.0,False,28.0
2024-12-26 18:00:00,109822.0,25.0,False,25.0
2024-12-26 19:00:00,109847.0,25.0,False,25.0
2024-12-26 20:00:00,109878.0,31.0,False,31.0
2024-12-26 21:00:00,109917.0,39.0,False,39.0
2024-12-26 22:00:00,109955.0,38.0,False,38.0
2024-12-26 23:00:00,109968.0,13.0,False,13.0
2024-12-27 00:00:00,109971.0,3.0,False,3.0
2024-12-27 01:00:00,109973.0,2.0,False,2.0
2024-12-27 02:00:00,109975.0,2.0,False,2.0
2024-12-27 03:00:00,109977.0,2.0,False,2.0
2024-12-27 04:00:00,109980.0,3.0,False,3.0
2024-12-27 05:00:00,109983.0,3.0,False,3.0
2024-12-27 06:00:00,109985.0,2.0,False,2.0
2024-12-27 07:00:00,109990.0,5.0,False,5.0
2024-12-27 08:00:00,110003.0,13.0,False,13.0
2024-12-27 09:00:00,110021.0,18.0,False,18.0
2024-12-27 10:00:00,110039.0,18.0,False,18.0
2024-12-27 11:00:00,110059.0,20.0,False,20.0
2024-12-27 12:00:00,110079.0,20.0,False,20.0
2024-12-27 13:00:00,110098.0,19.0,False,19.0
2024-12-27 14:00:00,110117.0,19.0,False,19.0
2024-12-27 15:00:00,110137.0,20.0,False,20.0
2024-12-27 16:00:00,110158.0,21.0,False,21.0
2024-12-27 17:00:00,110183.0,25.0,False,25.0
2024-12-27 18:00:00,110212.0,29.0,False,29.0
2024-12-27 19:00:00,110241.0,29.0,False,29.0
2024-12-27 20:00:00,110269.0,28.0,False,28.0
2024-12-27 21:00:00,110296.0,27.0,False,27.0
2024-12-27 22:00:00,110320.0,24.0,False,24.0
2024-12-27 23:00:00,110326.0,6.0,False,6.0
2024-12-28 00:00:00,110328.0,2.0,False,2.0
2024-12-28 01:00:00,110331.0,3.0,False,3.0
2024-12-28 02:00:00,110333.0,2.0,False,2.0
2024-12-28 03:00:00,110336.0,3.0,False,3.0
2024-12-28 04:00:00,110339.0,3.0,False,3.0
2024-12-28 05:00:00,110342.0,3.0,False,3.0
2024-12-28 06:00:00,110344.0,2.0,False,2.0
2024-12-28 07:00:00,110347.0,3.0,False,3.0
2024-12-28 08:00:00,110355.0,8.0,False,8.0
2024-12-28 09:00:00,110365.0,10.0,False,10.0
2024-12-28 10:00:00,110379.0,14.0,False,14.0
2024-12-28 11:00:00,110394.0,15.0,False,15.0
2024-12-28 12:00:00,110412.0,18.0,False,18.0
2024-12-28 13:00:00,110426.0,14.0,False,14.0
2024-12-28 14:00:00,110442.0,16.0,False,16.0
2024-12-28 15:00:00,110459.0,17.0,False,17.0
2024-12-28 16:00:00,110477.0,18.0,False,18.0
2024-12-28 17:00:00,110499.0,22.0,False,22.0
2024-12-28 18:00:00,110521.0,22.0,False,22.0
2024-12-28 19:00:00,110546.0,25.0,False,25.0
2024-12-28 20:00:00,110571.0,25.0,False,25.0
2024-12-28 21:00:00,110592.0,21.0,False,21.0
2024-12-28 22:00:00,110613.0,21.0,False,21.0
2024-12-28 23:00:00,110621.0,8.0,False,8.0
2024-12-29 00:00:00,110624.0,3.0,False,3.0
2024-12-29 01:00:00,110626.0,2.0,False,2.0
2024-12-29 02:00:00,110629.0,3.0,False,3.0
2024-12-29 03:00:00,110631.0,2.0,False,2.0
2024-12-29 04:00:00,110634.0,3.0,False,3.0
2024-12-29 05:00:00,110637.0,3.0,False,3.0
2024-12-29 06:00:00,110639.0,2.0,False,2.0
2024-12-29 07:00:00,110642.0,3.0,False,3.0
2024-12-29 08:00:00,110646.0,4.0,False,4.0
2024-12-29 09:00:00,110659.0,13.0,False,13.0
2024-12-29 10:00:00,110680.0,21.0,False,21.0
2024-12-29 11:00:00,110703.0,23.0,False,23.0
2024-12-29 12:00:00,110726.0,23.0,False,23.0
2024-12-29 13:00:00,110747.0,21.0,False,21.0
2024-12-29 14:00:00,110768.0,21.0,False,21.0
2024-12-29 15:00:00,110792.0,24.0,False,24.0
2024-12-29 16:00:00,110816.0,24.0,False,24.0
2024-12-29 17:00:00,110843.0,27.0,False,27.0
2024-12-29 18:00:00,110871.0,28.0,False,28.0
2024-12-29 19:00:00,110899.0,28.0,False,28.0
2024-12-29 20:00:00,110928.0,29.0,False,29.0
2024-12-29 21:00:00,110957.0,29.0,False,29.0
2024-12-29 22:00:00,110985.0,28.0,False,28.0
2024-12-29 23:00:00,110995.0,10.0,False,10.0
2024-12-30 00:00:00,110998.0,3.0,False,3.0
2024-12-30 01:00:00,111000.0,2.0,False,2.0
2024-12-30 02:00:00,111002.0,2.0,False,2.0
2024-12-30 03:00:00,111005.0,3.0,False,3.0
2024-12-30 04:00:00,111007.0,2.0,False,2.0
2024-12-30 05:00:00,111010.0,3.0,False,3.0
2024-12-30 06:00:00,111012.0,2.0,False,2.0
2024-12-30 07:00:00,111015.0,3.0,False,3.0
2024-12-30 08:00:00,111021.0,6.0,False,6.0
2024-12-30 09:00:00,111030.0,9.0,False,9.0
2024-12-30 10:00:00,111039.0,9.0,False,9.0
2024-12-30 11:00:00,111049.0,10.0,False,10.0
2024-12-30 12:00:00,111059.0,10.0,False,10.0
2024-12-30 13:00:00,111068.0,9.0,False,9.0
2024-12-30 14:00:00,111082.0,14.0,False,14.0
2024-12-30 15:00:00,111101.0,19.0,False,19.0
2024-12-30 16:00:00,111116.0,15.0,False,15.0
2024-12-30 17:00:00,111129.0,13.0,False,13.0
2024-12-30 18:00:00,111142.0,13.0,False,13.0
2024-12-30 19:00:00,111155.0,13.0,False,13.0
2024-12-30 20:00:00,111171.0,16.0,False,16.0
2024-12-30 21:00:00,111187.0,16.0,False,16.0
2024-12-30 22:00:00,111202.0,15.0,False,15.0
2024-12-30 23:00:00,111207.0,5.0,False,5.0
2024-12-31 00:00:00,111210.0,3.0,False,3.0
2024-12-31 01:00:00,111213.0,3.0,False,3.0
2024-12-31 02:00:00,111215.0,2.0,False,2.0
2024-12-31 03:00:00,111218.0,3.0,False,3.0
2024-12-31 04:00:00,111220.0,2.0,False,2.0
2024-12-31 05:00:00,111223.0,3.0,False,3.0
2024-12-31 06:00:00,111225.0,2.0,False,2.0
2024-12-31 07:00:00,111229.0,4.0,False,4.0
2024-12-31 08:00:00,111238.0,9.0,False,9.0
2024-12-31 09:00:00,111250.0,12.0,False,12.0
2024-12-31 10:00:00,111266.0,16.0,False,16.0
2024-12-31 11:00:00,111284.0,18.0,False,18.0
2024-12-31 12:00:00,111301.0,17.0,False,17.0
2024-12-31 13:00:00,111317.0,16.0,False,16.0
2024-12-31 14:00:00,111334.0,17.0,False,17.0
2024-12-31 15:00:00,111354.0,20.0,False,20.0
2024-12-31 16:00:00,111374.0,20.0,False,20.0
2024-12-31 17:00:00,111392.0,18.0,False,18.0
2024-12-31 18:00:00,111408.0,16.0,False,16.0
2024-12-31 19:00:00,111422.0,14.0,False,14.0
2024-12-31 20:00:00,111436.0,14.0,False,14.0
2024-12-31 21:00:00,111448.0,12.0,False,12.0
2024-12-31 22:00:00,111458.0,10.0,False,10.0
2024-12-31 23:00:00,111462.0,4.0,False,4.0
